# https://github.com/mikedh/trimesh

o sample_collision.obj
v -0.00192278 -0.01961546 0.00575840
v -0.00357823 -0.01951722 0.00575840
v -0.00313543 -0.01851223 0.01558582
v -0.00192278 -0.01845555 0.01676477
v -0.00015664 -0.01855379 0.01595797
v -0.00015664 -0.01961546 0.00575840
v -0.00369899 -0.01950967 0.00575840
v -0.00371408 -0.01839132 0.01617043
v -0.00431789 -0.01846311 0.01509840
v -0.00192278 -0.01829687 0.01790901
v -0.00015664 -0.01845933 0.01682032
v -0.00369899 -0.01816085 0.01790901
v 0.00115161 -0.01851978 0.01565941
v -0.00006607 -0.01961168 0.00575840
v -0.00546513 -0.01932831 0.00575840
v -0.00485126 -0.01851978 0.01394861
v -0.00545507 -0.01837621 0.01449851
v -0.00547016 -0.01816085 0.01618571
v -0.00547016 -0.01792661 0.01790901
v -0.00192278 -0.01803617 0.01963370
v -0.00015664 -0.01805129 0.01963370
v -0.00015664 -0.01830820 0.01790901
v 0.00161957 -0.01820619 0.01790901
v -0.00369899 -0.01790016 0.01963370
v 0.00169504 -0.01841399 0.01621487
v 0.00169504 -0.01859535 0.01455683
v 0.00161957 -0.01878803 0.01273910
v 0.00162460 -0.01950211 0.00575840
v -0.00603372 -0.01844044 0.01317236
v -0.00724637 -0.01907518 0.00575840
v -0.00724637 -0.01806262 0.01446102
v -0.00724637 -0.01783971 0.01618571
v -0.00547016 -0.01766213 0.01963370
v -0.00724637 -0.01759790 0.01790901
v -0.00192278 -0.01797950 0.01994476
v -0.00015664 -0.01799839 0.01994476
v 0.00161957 -0.01795305 0.01963370
v 0.00339577 -0.01800595 0.01790901
v -0.00369899 -0.01784349 0.01994476
v 0.00233407 -0.01847067 0.01519422
v 0.00170511 -0.01949455 0.00575840
v -0.00644129 -0.01850089 0.01202395
v -0.00898735 -0.01873514 0.00575840
v -0.00711554 -0.01830065 0.01265439
v -0.00910811 -0.01870869 0.00575840
v -0.00902257 -0.01786616 0.01273910
v -0.00902257 -0.01765080 0.01446102
v -0.00917856 -0.01736744 0.01631485
v -0.00871564 -0.01725787 0.01790901
v -0.00578716 -0.01754879 0.01994476
v -0.00548526 -0.01760168 0.01994476
v -0.00731681 -0.01730321 0.01966981
v -0.00835335 -0.01715964 0.01911991
v 0.00161957 -0.01790016 0.01994476
v 0.00339577 -0.01775281 0.01963370
v 0.00339577 -0.01822130 0.01618571
v 0.00516694 -0.01769614 0.01790901
v 0.00516694 -0.01792661 0.01618571
v 0.00286241 -0.01853489 0.01404581
v 0.00339577 -0.01931320 0.00575840
v -0.00933454 -0.01865580 0.00575840
v -0.00977230 -0.01845177 0.00648327
v -0.01012956 -0.01717475 0.01582605
v -0.00987294 -0.01709163 0.01697446
v -0.00960122 -0.01701984 0.01790901
v -0.00720108 -0.01727676 0.01994476
v -0.00760865 -0.01719364 0.01994476
v -0.00897729 -0.01689894 0.01966981
v -0.00850933 -0.01697451 0.01994476
v 0.00339577 -0.01769992 0.01994476
v 0.00534306 -0.01737121 0.01980590
v 0.00516694 -0.01813063 0.01446102
v 0.00343099 -0.01840266 0.01455683
v 0.00642991 -0.01720120 0.01934626
v 0.00698844 -0.01728432 0.01782569
v 0.00694315 -0.01751856 0.01618571
v 0.00694315 -0.01773014 0.01446102
v 0.00404487 -0.01845177 0.01324873
v 0.00348131 -0.01930187 0.00575840
v -0.01058241 -0.01831954 0.00575840
v -0.01070821 -0.01828554 0.00575840
v -0.01041133 -0.01726543 0.01446102
v -0.01129692 -0.01697451 0.01446102
v -0.01075349 -0.01689894 0.01631485
v -0.01079375 -0.01664580 0.01790901
v -0.01079375 -0.01634733 0.01963370
v -0.00898232 -0.01684605 0.01994476
v 0.00529274 -0.01735610 0.01994476
v 0.00548898 -0.01731454 0.01994476
v 0.00623367 -0.01715208 0.01994476
v 0.00525248 -0.01901472 0.00575840
v 0.00516694 -0.01903361 0.00575840
v 0.00694315 -0.01791527 0.01273910
v 0.00692805 -0.01864446 0.00575840
v 0.00680226 -0.01699717 0.01994476
v 0.00761237 -0.01704251 0.01834366
v 0.00789415 -0.01712563 0.01719386
v 0.00810548 -0.01719364 0.01618571
v 0.00842751 -0.01729943 0.01446102
v 0.00769288 -0.01845177 0.00575840
v -0.01076859 -0.01826664 0.00575840
v -0.01153844 -0.01705385 0.01320291
v -0.01256995 -0.01625287 0.01618571
v -0.01264040 -0.01598462 0.01781459
v -0.01209194 -0.01588261 0.01963370
v -0.01108559 -0.01618487 0.01994476
v -0.01080381 -0.01628310 0.01994476
v 0.00698340 -0.01694428 0.01994476
v 0.00857847 -0.01679693 0.01782569
v 0.00871935 -0.01644934 0.01963370
v 0.00899107 -0.01689516 0.01618571
v 0.00931310 -0.01700473 0.01446102
v 0.00856840 -0.01818730 0.00575840
v -0.01250957 -0.01766969 0.00575840
v -0.01256995 -0.01764702 0.00575840
v -0.01363165 -0.01723898 0.00575840
v -0.01256995 -0.01648712 0.01446102
v -0.01350082 -0.01574282 0.01717720
v -0.01327440 -0.01564458 0.01832699
v -0.01297752 -0.01552368 0.01963370
v -0.01201143 -0.01585238 0.01994476
v 0.00873948 -0.01638133 0.01994476
v 0.01006283 -0.01592795 0.01963370
v 0.00999742 -0.01589772 0.01994476
v 0.01056600 -0.01601107 0.01779237
v 0.01049053 -0.01629065 0.01618571
v 0.01049053 -0.01652490 0.01446102
v 0.00950431 -0.01706896 0.01324873
v 0.01061632 -0.01746567 0.00575840
v -0.01369706 -0.01721253 0.00575840
v -0.01458768 -0.01679315 0.00575840
v -0.01364171 -0.01581082 0.01618571
v -0.01476882 -0.01548590 0.01446102
v -0.01452730 -0.01536122 0.01618571
v -0.01419521 -0.01527810 0.01781459
v -0.01447698 -0.01478316 0.01969758
v -0.01441660 -0.01476049 0.01994476
v -0.01316873 -0.01536500 0.01994476
v -0.01288695 -0.01549346 0.01994476
v 0.01094842 -0.01551990 0.01963370
v 0.01121007 -0.01564081 0.01828950
v 0.01066664 -0.01558791 0.01994476
v 0.01140631 -0.01573904 0.01714109
v 0.01155223 -0.01581082 0.01618571
v 0.01178872 -0.01593173 0.01446102
v 0.01144153 -0.01713319 0.00575840
v 0.01072199 -0.01742411 0.00575840
v -0.01590600 -0.01609797 0.00575840
v -0.01577014 -0.01466981 0.01618571
v -0.01554874 -0.01453380 0.01790901
v -0.01536760 -0.01442045 0.01916573
v -0.01474870 -0.01459047 0.01994476
v 0.01085785 -0.01549724 0.01994476
v 0.01228183 -0.01473782 0.01994476
v 0.01237240 -0.01476049 0.01960038
v 0.01210572 -0.01523654 0.01779237
v 0.01243781 -0.01532344 0.01618571
v 0.01267430 -0.01545945 0.01446102
v 0.01231705 -0.01671381 0.00575840
v 0.01220635 -0.01677048 0.00575840
v 0.01288061 -0.01557280 0.01273910
v 0.01367562 -0.01601107 0.00575840
v -0.01678655 -0.01558791 0.00575840
v -0.01686203 -0.01424288 0.01446102
v -0.01666076 -0.01411064 0.01618571
v -0.01643433 -0.01396329 0.01790901
v -0.01602173 -0.01388017 0.01969758
v -0.01567957 -0.01404641 0.01994476
v 0.01278500 -0.01445068 0.01994476
v 0.01306678 -0.01428822 0.01994476
v 0.01322780 -0.01439023 0.01900326
v 0.01338378 -0.01448468 0.01790901
v 0.01362027 -0.01463203 0.01618571
v 0.01384167 -0.01476805 0.01446102
v 0.01455618 -0.01549724 0.00575840
v -0.01798914 -0.01480583 0.00575840
v -0.01764195 -0.01341924 0.01618571
v -0.01743565 -0.01327189 0.01790901
v -0.01720419 -0.01310565 0.01963370
v -0.01715890 -0.01307164 0.01994476
v -0.01628841 -0.01364970 0.01994476
v -0.01605192 -0.01380461 0.01994476
v 0.01430962 -0.01347591 0.01994476
v 0.01427440 -0.01390284 0.01790901
v 0.01450586 -0.01406153 0.01618571
v 0.01472726 -0.01420510 0.01446102
v 0.01486312 -0.01429955 0.01325706
v 0.01560781 -0.01480961 0.00575840
v -0.01865333 -0.01425044 0.00629025
v -0.01956408 -0.01366860 0.00575840
v -0.01867849 -0.01287896 0.01481929
v -0.01853257 -0.01276183 0.01618571
v -0.01832627 -0.01259559 0.01790901
v -0.01808977 -0.01240668 0.01963370
v -0.01804449 -0.01237268 0.01994476
v 0.01499897 -0.01301119 0.01994476
v 0.01508451 -0.01307164 0.01933237
v 0.01527572 -0.01321521 0.01790901
v 0.01549208 -0.01337012 0.01618571
v 0.01567826 -0.01351369 0.01446102
v 0.01667454 -0.01293563 0.01344592
v 0.01649843 -0.01418998 0.00575840
v -0.01962949 -0.01361948 0.00575840
v -0.01969490 -0.01356658 0.00575840
v -0.02044463 -0.01286384 0.00629441
v -0.01934268 -0.01207042 0.01618571
v -0.01915147 -0.01190418 0.01790901
v -0.01894014 -0.01171527 0.01963370
v -0.01889989 -0.01168127 0.01994476
v -0.01832123 -0.01214977 0.01994476
v 0.01555749 -0.01258048 0.01994476
v 0.01573361 -0.01247847 0.01979757
v 0.01616634 -0.01254270 0.01790901
v 0.01637767 -0.01270516 0.01618571
v 0.01656888 -0.01285251 0.01446102
v 0.01721294 -0.01201375 0.01618571
v 0.01737899 -0.01216110 0.01446102
v 0.01826457 -0.01276939 0.00575840
v 0.01744440 -0.01344568 0.00575840
v 0.01737899 -0.01349858 0.00575840
v 0.01654372 -0.01415598 0.00575840
v -0.02114907 -0.01235001 0.00575840
v -0.02039934 -0.01141680 0.01446102
v -0.02022827 -0.01124678 0.01618571
v -0.02003706 -0.01105409 0.01790901
v -0.02601980 -0.00483898 0.01994476
v 0.01677518 -0.01163971 0.01994476
v 0.01702676 -0.01185129 0.01790901
v 0.01809853 -0.01121655 0.01618571
v 0.01826457 -0.01137524 0.01446102
v 0.01829476 -0.01274294 0.00575840
v -0.02216045 -0.01139035 0.00575840
v -0.02624623 -0.00457829 0.01994476
v -0.02275923 -0.01070272 0.00575840
v 0.01736389 -0.01109565 0.01994476
v 0.01852622 -0.01024556 0.01897132
v 0.01791235 -0.01105031 0.01790901
v 0.01863189 -0.01035891 0.01790901
v 0.01879290 -0.01052893 0.01618571
v 0.01838533 -0.01148858 0.01305571
v 0.01893883 -0.01068383 0.01446102
v 0.01848094 -0.01158304 0.01190730
v 0.01899418 -0.01208554 0.00575840
v -0.02651291 -0.00399645 0.01994476
v -0.02370520 -0.00947103 0.00575840
v -0.02380080 -0.00933502 0.00575840
v -0.02449015 -0.00827335 0.00575840
v -0.02453041 -0.00820156 0.00575840
v -0.02529523 -0.00680742 0.00575840
v -0.02577325 -0.00581375 0.00575840
v 0.01840043 -0.01011333 0.01994476
v 0.01856145 -0.00992064 0.01994476
v 0.01893380 -0.00957682 0.01958094
v 0.01934137 -0.00950504 0.01790901
v 0.01975397 -0.00939547 0.01613572
v 0.01982441 -0.00966372 0.01446102
v 0.02048860 -0.01047981 0.00575840
v 0.01988479 -0.01117122 0.00575840
v 0.01903946 -0.01204020 0.00575840
v -0.02685004 -0.00259474 0.01963370
v -0.02685004 -0.00259474 0.01994476
v -0.02603993 -0.00519035 0.00575840
v -0.02606509 -0.00512235 0.00575840
v -0.02641228 -0.00397756 0.00575840
v 0.01890360 -0.00950126 0.01994476
v 0.01969862 -0.00846226 0.01994476
v 0.01989486 -0.00829602 0.01963370
v 0.02007600 -0.00854916 0.01790901
v 0.02018670 -0.00871918 0.01667729
v 0.02028733 -0.00886275 0.01552749
v 0.02036784 -0.00897231 0.01446102
v 0.02053892 -0.01041936 0.00575840
v -0.02667896 -0.00259474 0.00575840
v -0.02681985 -0.00127993 0.00575840
v -0.02682488 -0.00121570 0.00575840
v -0.02685507 0.00016333 0.00575840
v -0.02675947 0.00154615 0.00575840
v -0.02653807 0.00292518 0.00575840
v -0.02617579 0.00436089 0.00575840
v -0.02592923 0.00510897 0.00575840
v -0.02574306 0.00555858 0.00575840
v -0.02568771 0.00569081 0.00575840
v -0.02566255 0.00574371 0.00575840
v -0.02350896 0.00569081 0.01618571
v -0.02314165 0.00569081 0.01790901
v -0.02268879 0.00575882 0.01967120
v -0.02265860 0.00568704 0.01994476
v 0.01986467 -0.00823935 0.01994476
v 0.02032759 -0.00755927 0.01994476
v 0.02035778 -0.00760461 0.01963370
v 0.02051879 -0.00785775 0.01790901
v 0.02059930 -0.00820534 0.01613572
v 0.02090624 -0.00812222 0.01446102
v 0.02231513 -0.00789931 0.00575840
v 0.02189749 -0.00855671 0.00575840
v 0.02126852 -0.00944459 0.00575840
v 0.02122827 -0.00950126 0.00575840
v -0.02502352 0.00700940 0.00575840
v -0.02399704 0.00615553 0.01273910
v -0.02314165 0.00706985 0.01446102
v -0.02256299 0.00677515 0.01790901
v -0.02242211 0.00653335 0.01912130
v -0.02249758 0.00599307 0.01994476
v 0.02062949 -0.00698121 0.01994476
v 0.02113267 -0.00674319 0.01790901
v 0.02141948 -0.00674319 0.01618571
v 0.02235538 -0.00782752 0.00575840
v -0.02499333 0.00706607 0.00575840
v -0.02240701 0.00787083 0.01567191
v -0.02271395 0.00715675 0.01622181
v -0.02227618 0.00767436 0.01682032
v -0.02214033 0.00746656 0.01790901
v -0.02194912 0.00702451 0.01967120
v -0.02209504 0.00668070 0.01994476
v -0.02231141 0.00634444 0.01994476
v 0.02074522 -0.00673941 0.01994476
v 0.02081064 -0.00674319 0.01963370
v 0.02175660 -0.00526969 0.01783125
v 0.02189246 -0.00568152 0.01618571
v 0.02198303 -0.00593843 0.01502619
v 0.02206354 -0.00612734 0.01387640
v 0.02172138 -0.00664873 0.01445546
v 0.02294912 -0.00673563 0.00575840
v -0.02438952 0.00805596 0.00575840
v -0.02253783 0.00805596 0.01446102
v -0.02202963 0.00874736 0.01446102
v -0.02188874 0.00838088 0.01622181
v -0.02434423 0.00812774 0.00575840
v -0.02387125 0.00881537 0.00575840
v -0.02141576 0.00845267 0.01790901
v -0.02094277 0.00848667 0.01953095
v -0.02175792 0.00718320 0.01994476
v -0.02186358 0.00703207 0.01994476
v 0.02120311 -0.00562484 0.01994476
v 0.02137922 -0.00536037 0.01963370
v 0.02205347 -0.00474831 0.01720358
v 0.02213901 -0.00499011 0.01618571
v 0.02381962 -0.00470297 0.00575840
v 0.02358816 -0.00531503 0.00575840
v 0.02357306 -0.00534904 0.00575840
v -0.02232147 0.00913274 0.01183371
v -0.02222083 0.00900050 0.01273910
v -0.02106857 0.00992993 0.01446935
v -0.02093271 0.00959745 0.01618571
v -0.02071635 0.00933676 0.01790901
v -0.02298566 0.00993371 0.00575840
v -0.02059055 0.00918563 0.01888939
v -0.02051507 0.00887960 0.01994476
v -0.02089749 0.00838088 0.01994476
v 0.02130878 -0.00536037 0.01994476
v 0.02162075 -0.00423825 0.01994476
v 0.02180189 -0.00391333 0.01953650
v 0.02194781 -0.00432893 0.01835338
v 0.02214405 -0.00391333 0.01783125
v 0.02242582 -0.00397756 0.01618571
v 0.02270257 -0.00397756 0.01446102
v 0.02296925 -0.00397756 0.01273910
v 0.02401082 -0.00402289 0.00575840
v -0.02153652 0.00983548 0.01273910
v -0.02062577 0.01059867 0.01390000
v -0.02048991 0.01045132 0.01504980
v -0.02034400 0.01028886 0.01618571
v -0.02240701 0.01061756 0.00575840
v -0.02042953 0.00898539 0.01994476
v -0.02010750 0.01002817 0.01790901
v -0.01990623 0.00972214 0.01953095
v -0.01974522 0.00975614 0.01994476
v 0.02170125 -0.00392844 0.01994476
v 0.02205347 -0.00341083 0.01889773
v 0.02268748 -0.00259474 0.01618571
v 0.02297932 -0.00259474 0.01446102
v 0.02325103 -0.00259474 0.01273910
v 0.02379446 -0.00325970 0.00839821
v 0.02403095 -0.00393600 0.00575840
v -0.02075660 0.01073847 0.01273910
v -0.02006725 0.01142987 0.01273910
v -0.01996158 0.01112384 0.01446935
v -0.01935274 0.01129764 0.01613572
v -0.01922192 0.01095760 0.01790901
v -0.02187364 0.01120318 0.00575840
v -0.01896530 0.01070446 0.01963370
v -0.01947854 0.01004706 0.01994476
v 0.02191762 -0.00262874 0.01994476
v 0.02210379 -0.00259474 0.01912408
v 0.02236041 -0.00259474 0.01790901
v 0.02192265 -0.00259474 0.01994476
v 0.02280824 -0.00121570 0.01618571
v 0.02312020 -0.00121570 0.01446102
v 0.02340198 -0.00121570 0.01273910
v 0.02377936 -0.00169931 0.01003958
v 0.02431273 -0.00259474 0.00575840
v -0.02087736 0.01222329 0.00575840
v -0.01897536 0.01206839 0.01446102
v -0.01883447 0.01195504 0.01552888
v -0.01867346 0.01181147 0.01667868
v -0.01848225 0.01164901 0.01790901
v -0.01891498 0.01065535 0.01994476
v -0.01819544 0.01139587 0.01963370
v 0.02215411 -0.00121570 0.01932820
v 0.02246608 -0.00121570 0.01790901
v 0.02200819 -0.00121570 0.01994476
v 0.02247614 0.00016333 0.01790901
v 0.02281327 0.00016333 0.01618571
v 0.02314033 0.00016333 0.01446102
v 0.02344224 0.00016333 0.01273910
v 0.02381962 -0.00077744 0.01028676
v 0.02368376 -0.00123082 0.01092276
v 0.02392025 -0.00123082 0.00939525
v 0.02447374 -0.00121570 0.00575840
v -0.02011757 0.01290714 0.00575840
v -0.01928230 0.01358344 0.00575840
v -0.01830614 0.01293359 0.01273910
v -0.01807971 0.01275979 0.01446102
v -0.01786335 0.01257844 0.01608295
v -0.01759666 0.01236308 0.01790901
v -0.01730985 0.01214017 0.01963370
v -0.01725450 0.01209861 0.01994476
v -0.01790863 0.01155077 0.01994476
v -0.01813506 0.01135431 0.01994476
v 0.02201825 0.00016333 0.01994476
v 0.02215914 0.00016333 0.01934626
v 0.02212392 0.00154615 0.01918656
v 0.02239060 0.00154615 0.01790901
v 0.02272270 0.00154615 0.01618571
v 0.02304473 0.00154615 0.01446102
v 0.02334664 0.00154615 0.01273910
v 0.02381459 0.00100587 0.01025482
v 0.02369382 0.00016333 0.01119354
v 0.02454922 0.00016333 0.00575840
v 0.02447878 -0.00114770 0.00575840
v -0.01923701 0.01361744 0.00575840
v -0.01705323 0.01331896 0.01548722
v -0.01687713 0.01320184 0.01663702
v -0.01665069 0.01305449 0.01790901
v -0.01627331 0.01278246 0.01994476
v 0.02194278 0.00154615 0.01994476
v 0.02206857 0.00245669 0.01895883
v 0.02251640 0.00292518 0.01618571
v 0.02282333 0.00292518 0.01446102
v 0.02365860 0.00149703 0.01090332
v 0.02312020 0.00292518 0.01273910
v 0.02376427 0.00192397 0.00994515
v 0.02449890 0.00154615 0.00575840
v -0.01823066 0.01431263 0.00575840
v -0.01626325 0.01425595 0.01273910
v -0.01594625 0.01415772 0.01429993
v -0.01621797 0.01367789 0.01611211
v -0.01738533 0.01484157 0.00575840
v -0.01734004 0.01486802 0.00575840
v -0.01576008 0.01358722 0.01790901
v -0.01537263 0.01336808 0.01994476
v -0.01595632 0.01299026 0.01994476
v 0.02190252 0.00184840 0.01994476
v 0.02197800 0.00337857 0.01853668
v 0.02218430 0.00292141 0.01794095
v 0.02174654 0.00292141 0.01994476
v 0.02183711 0.00292141 0.01957261
v 0.02209373 0.00382817 0.01738688
v 0.02386993 0.00383573 0.00708177
v 0.02429763 0.00299319 0.00575840
v 0.02431273 0.00292518 0.00575840
v -0.01523678 0.01467155 0.01361672
v -0.01597141 0.01559343 0.00575840
v -0.01537766 0.01474334 0.01273910
v -0.01502544 0.01456954 0.01476652
v -0.01474870 0.01444486 0.01618571
v -0.01426062 0.01433152 0.01794928
v -0.01434616 0.01394236 0.01963370
v -0.01435119 0.01387058 0.01994476
v 0.02144967 0.00405864 0.01994476
v 0.02145470 0.00430800 0.01963370
v 0.02182705 0.00429666 0.01794095
v 0.02193775 0.00474627 0.01654537
v 0.02217424 0.00429666 0.01605656
v 0.02397560 0.00430044 0.00575840
v -0.01514117 0.01601281 0.00575840
v -0.01439647 0.01493603 0.01429993
v -0.01386311 0.01484913 0.01618571
v -0.01361152 0.01473956 0.01739938
v -0.01334987 0.01462622 0.01854918
v -0.01308822 0.01451665 0.01963370
v -0.01298759 0.01449398 0.01994476
v -0.01402916 0.01401793 0.01994476
v 0.02137419 0.00430800 0.01994476
v 0.02088611 0.00544145 0.01994476
v 0.02085592 0.00569081 0.01963370
v 0.02124840 0.00569081 0.01790901
v 0.02203838 0.00502585 0.01539557
v 0.02371898 0.00475760 0.00631941
v 0.02396554 0.00433067 0.00575840
v -0.01440151 0.01633018 0.00575840
v -0.01434616 0.01521561 0.01273910
v -0.01286682 0.01583146 0.01273910
v -0.01256995 0.01536674 0.01618571
v -0.01268568 0.01500026 0.01794928
v -0.01219760 0.01487180 0.01963370
v -0.01212213 0.01484157 0.01994476
v -0.01279135 0.01457332 0.01994476
v 0.02077541 0.00567948 0.01994476
v 0.02032759 0.00650690 0.01994476
v 0.02037287 0.00657113 0.01963370
v 0.02194278 0.00620465 0.01273910
v 0.02179183 0.00588728 0.01446102
v 0.02166100 0.00556613 0.01605656
v 0.02057414 0.00689983 0.01790901
v 0.02071000 0.00720209 0.01633013
v 0.02113770 0.00706985 0.01446102
v 0.02348752 0.00561147 0.00575840
v 0.02349759 0.00558502 0.00575840
v -0.01249448 0.01709715 0.00575840
v -0.01322408 0.01596369 0.01101441
v -0.01246428 0.01710848 0.00575840
v -0.01175984 0.01607704 0.01377086
v -0.01243913 0.01572189 0.01439158
v -0.01147806 0.01598636 0.01492066
v -0.01112584 0.01587679 0.01618571
v -0.01081387 0.01529118 0.01994476
v 0.02003575 0.00695273 0.01994476
v 0.01991499 0.00726254 0.01963370
v 0.02013638 0.00759124 0.01790901
v 0.02276798 0.00706985 0.00575840
v 0.02024205 0.00774992 0.01700223
v 0.02219940 0.00803706 0.00575840
v -0.01162398 0.01741829 0.00575840
v -0.01084909 0.01626973 0.01439158
v -0.01024025 0.01615260 0.01618571
v -0.01079375 0.01535541 0.01963370
v -0.00996351 0.01606948 0.01714248
v -0.01065286 0.01573700 0.01779376
v -0.00959116 0.01596747 0.01829228
v -0.00900748 0.01586924 0.01969897
v -0.00900748 0.01582012 0.01994476
v 0.01986970 0.00719831 0.01994476
v 0.01893883 0.00847533 0.01994476
v 0.01896902 0.00853956 0.01964898
v 0.01948729 0.00845267 0.01790901
v 0.01988983 0.00839977 0.01633013
v 0.01999046 0.00878892 0.01446102
v 0.02013638 0.00898539 0.01303210
v 0.02025211 0.00914407 0.01188370
v 0.02170629 0.00875114 0.00575840
v -0.01083903 0.01765632 0.00575840
v -0.00997860 0.01745608 0.00856901
v -0.00964651 0.01736540 0.00971880
v -0.00902257 0.01705559 0.01273910
v -0.00902257 0.01677600 0.01446102
v -0.00902257 0.01648508 0.01618571
v -0.00840367 0.01612238 0.01916712
v -0.00859487 0.01592969 0.01994476
v 0.01868221 0.00880026 0.01994476
v 0.01856145 0.00923475 0.01908519
v 0.01871743 0.00940099 0.01790901
v 0.01891870 0.00963524 0.01618571
v 0.01902437 0.00993749 0.01449157
v 0.01963321 0.00969569 0.01257107
v 0.02019676 0.01046266 0.00646799
v 0.02074522 0.00999039 0.00575840
v 0.02080057 0.00992238 0.00575840
v -0.00910811 0.01812103 0.00575840
v -0.00904270 0.01729739 0.01117132
v -0.00811183 0.01742963 0.01185037
v -0.00724637 0.01687801 0.01618571
v -0.00811183 0.01605059 0.01994476
v 0.01815387 0.00940099 0.01994476
v 0.01778656 0.00978259 0.01994476
v 0.01804318 0.01009240 0.01790901
v 0.01827464 0.01032664 0.01618571
v 0.01842056 0.01046644 0.01508591
v 0.01855138 0.01060245 0.01393611
v 0.01980429 0.01102183 0.00575840
v 0.02066974 0.01007351 0.00575840
v -0.00901251 0.01814370 0.00575840
v -0.00772438 0.01735784 0.01273910
v -0.00724637 0.01850263 0.00575840
v -0.00683880 0.01751653 0.01273910
v -0.00643122 0.01744474 0.01367782
v -0.00724637 0.01657954 0.01790901
v -0.00758349 0.01616016 0.01994476
v -0.00711051 0.01721049 0.01433604
v -0.00547016 0.01687423 0.01790901
v 0.01687581 0.01067424 0.01994476
v 0.01691606 0.01071580 0.01963370
v 0.01715759 0.01092360 0.01790901
v 0.01725822 0.01127875 0.01603574
v 0.01783687 0.01112384 0.01449157
v 0.01792745 0.01141098 0.01273910
v 0.01869227 0.01209106 0.00575840
v 0.01962314 0.01120318 0.00575840
v 0.01967849 0.01115029 0.00575840
v -0.00567143 0.01873310 0.00575840
v -0.00547016 0.01772055 0.01273910
v -0.00530411 0.01749764 0.01433604
v -0.00578213 0.01735029 0.01482762
v -0.00708535 0.01625083 0.01994476
v -0.00722121 0.01622817 0.01994476
v -0.00530411 0.01722183 0.01601907
v -0.00459464 0.01743341 0.01533308
v -0.00549029 0.01651531 0.01994476
v 0.01626697 0.01117296 0.01994476
v 0.01633741 0.01161123 0.01790901
v 0.01671480 0.01191726 0.01536224
v 0.01683556 0.01201171 0.01446102
v 0.01704186 0.01218173 0.01273910
v 0.01783687 0.01278246 0.00575840
v -0.00547016 0.01875577 0.00575840
v -0.00547016 0.01797746 0.01101441
v -0.00458457 0.01884267 0.00575840
v -0.00369899 0.01790190 0.01273910
v -0.00369899 0.01763365 0.01446102
v -0.00369899 0.01746741 0.01552749
v -0.00369899 0.01732762 0.01638984
v -0.00369899 0.01706692 0.01790901
v -0.00369899 0.01670044 0.01994476
v 0.01602545 0.01136942 0.01994476
v 0.01513986 0.01206083 0.01994476
v 0.01544680 0.01228752 0.01790901
v 0.01589462 0.01236308 0.01603574
v 0.01570845 0.01280513 0.01454572
v 0.01611099 0.01287314 0.01273910
v 0.01690600 0.01351165 0.00575840
v 0.01695129 0.01347765 0.00575840
v -0.00369899 0.01890690 0.00575840
v -0.00369899 0.01815504 0.01101441
v -0.00192278 0.01798124 0.01273910
v -0.00192278 0.01771677 0.01446102
v -0.00192278 0.01750897 0.01579828
v -0.00192278 0.01737295 0.01666062
v -0.00192278 0.01715382 0.01790901
v -0.00192278 0.01684023 0.01963370
v -0.00192278 0.01678356 0.01994476
v 0.01416370 0.01269934 0.01994476
v 0.01443038 0.01297893 0.01790901
v 0.01471719 0.01316028 0.01618571
v 0.01488324 0.01326229 0.01517755
v 0.01504929 0.01336808 0.01402776
v 0.01522540 0.01348143 0.01273910
v 0.01579902 0.01426351 0.00575840
v -0.00361345 0.01891068 0.00575840
v -0.00326626 0.01892579 0.00575840
v -0.00192278 0.01823060 0.01101441
v -0.00059943 0.01883133 0.00681099
v -0.00015664 0.01821927 0.01101441
v -0.00015664 0.01796613 0.01273910
v -0.00015664 0.01770166 0.01446102
v -0.00015664 0.01750141 0.01574690
v -0.00015664 0.01736162 0.01660925
v -0.00015664 0.01713871 0.01790901
v -0.00015664 0.01683267 0.01963370
v -0.00015664 0.01677222 0.01994476
v 0.01398256 0.01281647 0.01994476
v 0.01396243 0.01287314 0.01974896
v 0.01370581 0.01299404 0.01994476
v 0.01331837 0.01338319 0.01925044
v 0.01354480 0.01351165 0.01790901
v 0.01383161 0.01367034 0.01618571
v 0.01418886 0.01376479 0.01454572
v 0.01390708 0.01423706 0.01271133
v 0.01428446 0.01431263 0.01101441
v 0.01460146 0.01500026 0.00575840
v 0.01545686 0.01448642 0.00575840
v -0.00228004 0.01896735 0.00575840
v -0.00156553 0.01883133 0.00681099
v -0.00204858 0.01897490 0.00575840
v -0.00007613 0.01897113 0.00575840
v 0.00161957 0.01889934 0.00575840
v 0.00161957 0.01812103 0.01101441
v 0.00161957 0.01786412 0.01273910
v 0.00113652 0.01746363 0.01551777
v 0.00161957 0.01702158 0.01790901
v 0.00161957 0.01666643 0.01994476
v 0.00016539 0.01675333 0.01994476
v 0.01262902 0.01360611 0.01994476
v 0.01242272 0.01375346 0.01974896
v 0.01251329 0.01436174 0.01618571
v 0.01282526 0.01451287 0.01446102
v 0.01304162 0.01461488 0.01326678
v 0.01322780 0.01470934 0.01211838
v 0.01417377 0.01524206 0.00575840
v 0.00337061 0.01874443 0.00575840
v 0.00231898 0.01741829 0.01522755
v 0.00168498 0.01732006 0.01613016
v 0.00339577 0.01645486 0.01994476
v 0.01248310 0.01368167 0.01994476
v 0.01237240 0.01373834 0.01994476
v 0.01111447 0.01433530 0.01994476
v 0.01120001 0.01459977 0.01836171
v 0.01212585 0.01425218 0.01783680
v 0.01143650 0.01469800 0.01721330
v 0.01290074 0.01592969 0.00575840
v 0.01193967 0.01638685 0.00575840
v 0.01202018 0.01634907 0.00575840
v 0.01398759 0.01534407 0.00575840
v 0.00339577 0.01793590 0.01101441
v 0.00354672 0.01872177 0.00575840
v 0.00300329 0.01750897 0.01407775
v 0.00339577 0.01709715 0.01618571
v 0.00339577 0.01680623 0.01790901
v 0.00369768 0.01640574 0.01994476
v 0.01082262 0.01446375 0.01994476
v 0.01091320 0.01449020 0.01963370
v 0.01002761 0.01482646 0.01963370
v 0.01056097 0.01493225 0.01783680
v 0.01034964 0.01705559 0.00575840
v 0.00508140 0.01850263 0.00575840
v 0.00473925 0.01751653 0.01236556
v 0.00351653 0.01762609 0.01285852
v 0.00418575 0.01741829 0.01351396
v 0.00351653 0.01734651 0.01457627
v 0.00500090 0.01617905 0.01994476
v 0.00995213 0.01479623 0.01994476
v 0.00900113 0.01512116 0.01994476
v 0.00871935 0.01527229 0.01963370
v 0.00871935 0.01557454 0.01790901
v 0.00955966 0.01603548 0.01350841
v 0.01030939 0.01707070 0.00575840
v 0.00517701 0.01848752 0.00575840
v 0.00526758 0.01762609 0.01109495
v 0.00592171 0.01740696 0.01172400
v 0.00526758 0.01733895 0.01285852
v 0.00553929 0.01606948 0.01994476
v 0.00872942 0.01520806 0.01994476
v 0.00687774 0.01575212 0.01994476
v 0.00746645 0.01595614 0.01790901
v 0.00777842 0.01603548 0.01696196
v 0.00872439 0.01763365 0.00575840
v 0.00931813 0.01595614 0.01446102
v 0.00808536 0.01613371 0.01581355
v 0.00933323 0.01734273 0.00624442
v 0.00685761 0.01815126 0.00575840
v 0.00631418 0.01750141 0.01057421
v 0.00694315 0.01668155 0.01446102
v 0.00708907 0.01633018 0.01630652
v 0.00657583 0.01618660 0.01790901
v 0.00621355 0.01609215 0.01899771
v 0.00694315 0.01813237 0.00575840
v 0.00616323 0.01592591 0.01994476
v 0.00686264 0.01582012 0.01959621
v 0.00694315 0.01697247 0.01273910
v 0.00784886 0.01744096 0.00846486
v 0.02345954 0.00566676 0.00575300
v 0.02276593 0.00707301 0.00575300
v 0.02731774 0.00769391 -0.00891874
v 0.02347192 0.00566676 0.00571525
v -0.02569382 0.00566676 0.00575300
v 0.02220237 0.00803762 0.00575300
v 0.02549701 0.00900592 -0.00558524
v 0.02659317 0.00845524 -0.00795321
v 0.02710099 0.00848481 -0.00956603
v 0.02749114 0.00804316 -0.01006767
v 0.02774505 0.00716910 -0.00956603
v 0.02751591 0.00677365 -0.00829304
v 0.02733013 0.00633385 -0.00714411
v 0.02777602 0.00566676 -0.00782376
v -0.02570002 0.00566676 0.00573682
v -0.02568763 0.00569263 0.00575300
v 0.02217760 0.00807458 0.00575300
v 0.02569519 0.00933115 -0.00673416
v 0.02724962 0.00896527 -0.01086599
v 0.02767074 0.00848481 -0.01142696
v 0.02832100 0.00707301 -0.01140539
v 0.02834577 0.00569263 -0.00967930
v 0.02772647 0.00579981 -0.00781297
v 0.02835196 0.00566676 -0.00967930
v -0.03104452 0.00566676 -0.00926396
v -0.02566286 0.00574622 0.00575300
v -0.03121173 0.00641146 -0.01049919
v 0.02172551 0.00872319 0.00575300
v 0.02538554 0.01025140 -0.00762957
v 0.02558372 0.01054522 -0.00877850
v 0.02584382 0.00980976 -0.00810425
v 0.02742302 0.00926463 -0.01201491
v 0.02633306 0.00983747 -0.00967930
v 0.02811043 0.00845524 -0.01312608
v 0.02880405 0.00696584 -0.01323936
v 0.02902699 0.00608993 -0.01274311
v 0.02885978 0.00566676 -0.01149709
v 0.02867399 0.00566676 -0.01082283
v -0.03132940 0.00566676 -0.01010003
v -0.03133559 0.00569263 -0.01013779
v -0.02502499 0.00701203 0.00575300
v -0.03071630 0.00695290 -0.00982494
v -0.03170717 0.00569263 -0.01140539
v -0.03214687 0.00569263 -0.01312608
v -0.03133559 0.00667756 -0.01140539
v -0.03115600 0.00766804 -0.01244104
v -0.03100736 0.00736868 -0.01140539
v 0.02080277 0.00992433 0.00575300
v 0.02419030 0.01122894 -0.00632422
v 0.02493346 0.01109220 -0.00810425
v 0.02521214 0.01143591 -0.00967930
v 0.02573235 0.01074479 -0.00967930
v 0.02754688 0.00946974 -0.01312608
v 0.02692139 0.00977095 -0.01142696
v 0.02711337 0.01016086 -0.01312608
v 0.02842008 0.00845524 -0.01485217
v 0.02905796 0.00759412 -0.01613055
v 0.02895268 0.00732802 -0.01485217
v 0.02913846 0.00643179 -0.01389203
v 0.02909511 0.00566676 -0.01243025
v 0.02926232 0.00566676 -0.01326093
v -0.03134798 0.00566676 -0.01015937
v -0.03171336 0.00566676 -0.01140539
v -0.02499402 0.00707117 0.00575300
v -0.03041904 0.00845524 -0.01140539
v -0.02982451 0.00849590 -0.00966851
v -0.02960157 0.00806349 -0.00837934
v -0.03215306 0.00566676 -0.01312608
v -0.03250606 0.00566676 -0.01485217
v -0.03197966 0.00707301 -0.01485217
v -0.03154615 0.00715432 -0.01306135
v -0.03089589 0.00842937 -0.01306135
v -0.03130463 0.00795262 -0.01358997
v 0.02067272 0.01007585 0.00575300
v 0.02384969 0.01196811 -0.00696071
v 0.02542889 0.01171864 -0.01099005
v 0.02402929 0.01217877 -0.00795321
v 0.02561468 0.01195887 -0.01213898
v 0.02593671 0.01124188 -0.01149709
v 0.02725581 0.01038076 -0.01450695
v 0.02763977 0.00988552 -0.01498702
v 0.02638880 0.01121786 -0.01312608
v 0.02876069 0.00834437 -0.01665377
v 0.02914466 0.00781033 -0.01727948
v 0.02931806 0.00710997 -0.01665377
v 0.02921897 0.00663691 -0.01485217
v 0.02979492 0.00569263 -0.01657286
v 0.02952862 0.00569263 -0.01485217
v 0.02953481 0.00566676 -0.01485217
v -0.02438711 0.00805979 0.00575300
v -0.02932908 0.00898374 -0.00908596
v -0.02972543 0.00959725 -0.01140539
v -0.02953344 0.00931637 -0.01023488
v -0.03251225 0.00566676 -0.01488453
v -0.03144087 0.00820393 -0.01485217
v -0.03223976 0.00707301 -0.01657286
v -0.03105691 0.00889505 -0.01485217
v -0.02994837 0.00995759 -0.01299662
v 0.01980570 0.01102383 0.00575300
v 0.02341619 0.01286803 -0.00795321
v 0.02425223 0.01264074 -0.00976021
v 0.02365152 0.01312859 -0.00923699
v 0.02573235 0.01211224 -0.01312608
v 0.02384969 0.01334479 -0.01039131
v 0.02494584 0.01249106 -0.01149709
v 0.02401071 0.01350925 -0.01140539
v 0.02514402 0.01280336 -0.01312608
v 0.02735490 0.01054337 -0.01565588
v 0.02685946 0.01109035 -0.01498702
v 0.02789988 0.00983747 -0.01657286
v 0.02591814 0.01234138 -0.01485217
v 0.02882882 0.00862525 -0.01829895
v 0.02921278 0.00793414 -0.01829895
v 0.02955958 0.00707301 -0.01829895
v 0.03003644 0.00566676 -0.01826659
v 0.02980111 0.00566676 -0.01657286
v -0.02434376 0.00813001 0.00575300
v -0.02900705 0.00980052 -0.00966851
v -0.02940340 0.01049718 -0.01233855
v -0.02926096 0.01028836 -0.01140539
v -0.03257418 0.00566676 -0.01532684
v -0.03152757 0.00855503 -0.01656747
v -0.03116219 0.00908353 -0.01598492
v -0.03274758 0.00566676 -0.01659983
v -0.03278474 0.00566676 -0.01695584
v -0.03282809 0.00591253 -0.01829895
v -0.03240078 0.00707301 -0.01829895
v -0.03175671 0.00845524 -0.01829895
v -0.03048097 0.00983747 -0.01485217
v -0.02957060 0.01072631 -0.01348748
v 0.01967565 0.01115318 0.00575300
v 0.02225191 0.01351110 -0.00655616
v 0.02253060 0.01378274 -0.00795321
v 0.02292695 0.01399710 -0.00964154
v 0.02535458 0.01303250 -0.01485217
v 0.02332329 0.01420037 -0.01140539
v 0.02358340 0.01446277 -0.01312608
v 0.02425843 0.01377166 -0.01312608
v 0.02741683 0.01063577 -0.01657286
v 0.02812282 0.00983747 -0.01829895
v 0.02695236 0.01132504 -0.01657286
v 0.02548463 0.01318587 -0.01625462
v 0.02596768 0.01267585 -0.01672929
v 0.02891552 0.00877308 -0.02002504
v 0.02929329 0.00808197 -0.02002504
v 0.02972679 0.00707301 -0.02002504
v 0.03019127 0.00569263 -0.02002504
v 0.03019746 0.00566676 -0.02002504
v -0.02389168 0.00878787 0.00575300
v -0.02801618 0.01122340 -0.00979797
v -0.02783658 0.01076512 -0.00839552
v -0.02908136 0.01119938 -0.01299662
v -0.02857354 0.01121786 -0.01140539
v -0.03123651 0.00921104 -0.01713384
v -0.03084016 0.00973769 -0.01656747
v -0.03290240 0.00566676 -0.01829895
v -0.03298911 0.00566676 -0.02002504
v -0.03287144 0.00605112 -0.02002504
v -0.03248748 0.00707301 -0.02002504
v -0.03184961 0.00845524 -0.02002504
v -0.03134798 0.00940507 -0.02002504
v -0.03129224 0.00930898 -0.01829895
v -0.02973781 0.01095730 -0.01485217
v -0.02922999 0.01164842 -0.01485217
v 0.01961992 0.01120677 0.00575300
v 0.01869097 0.01209191 0.00575300
v 0.02199800 0.01464756 -0.00889177
v 0.02437609 0.01408580 -0.01483599
v 0.02220237 0.01483051 -0.01004070
v 0.02243151 0.01503377 -0.01140539
v 0.02373822 0.01461615 -0.01424804
v 0.02256776 0.01541814 -0.01328251
v 0.02752211 0.01079284 -0.01829895
v 0.02828384 0.00983747 -0.02002504
v 0.02622778 0.01260009 -0.01829895
v 0.02705764 0.01148211 -0.01829895
v 0.02557752 0.01329675 -0.01740894
v 0.02495823 0.01384742 -0.01672929
v 0.02894029 0.00881189 -0.02174573
v 0.02835196 0.00983747 -0.02174573
v 0.02931187 0.00812077 -0.02174573
v 0.02976395 0.00707301 -0.02174573
v 0.03024081 0.00566676 -0.02174573
v -0.02308040 0.00981345 0.00575300
v -0.02747120 0.01168722 -0.00929632
v -0.02768176 0.01194963 -0.01045065
v -0.02802856 0.01262226 -0.01329869
v -0.02784897 0.01213811 -0.01140539
v -0.03088351 0.01000009 -0.01829895
v -0.02981213 0.01130471 -0.01664838
v -0.03302626 0.00566676 -0.02174573
v -0.03289002 0.00611026 -0.02174573
v -0.03252464 0.00707301 -0.02174573
v -0.03188676 0.00845524 -0.02174573
v -0.03137275 0.00944202 -0.02174573
v -0.03093924 0.01009618 -0.02002504
v -0.02936004 0.01182397 -0.01611977
v -0.02845587 0.01260009 -0.01485217
v 0.01779919 0.01281629 0.00575300
v 0.02024540 0.01605197 -0.00882165
v 0.02090805 0.01520009 -0.00795321
v 0.02123627 0.01544031 -0.00943117
v 0.02162643 0.01572304 -0.01140539
v 0.02386827 0.01474181 -0.01539697
v 0.02186176 0.01591707 -0.01281323
v 0.02202897 0.01605936 -0.01396216
v 0.02215283 0.01615915 -0.01485217
v 0.02315608 0.01526476 -0.01483599
v 0.02760262 0.01091111 -0.02002504
v 0.02764597 0.01097578 -0.02174573
v 0.02638880 0.01260009 -0.02002504
v 0.02713195 0.01160037 -0.02002504
v 0.02563326 0.01335958 -0.01829895
v 0.02500777 0.01404884 -0.01829895
v 0.02397975 0.01485638 -0.01657286
v 0.02412218 0.01499312 -0.01829895
v 0.02831480 0.00983747 -0.02346643
v 0.02890933 0.00874721 -0.02346643
v 0.02763358 0.01097024 -0.02346643
v 0.02927471 0.00805610 -0.02346643
v 0.02970202 0.00707301 -0.02346643
v 0.03018507 0.00569263 -0.02346643
v 0.03019127 0.00566676 -0.02346643
v -0.02298132 0.00993541 0.00575300
v -0.02677759 0.01260748 -0.00966312
v -0.02187278 0.01120677 0.00575300
v -0.02240537 0.01061914 0.00575300
v -0.02723587 0.01282923 -0.01140539
v -0.02765079 0.01329305 -0.01398373
v -0.02747739 0.01309717 -0.01283480
v -0.03020228 0.01121786 -0.02002504
v -0.03007223 0.01121786 -0.01829895
v -0.02945294 0.01194223 -0.01726869
v -0.03301388 0.00566676 -0.02279757
v -0.03287764 0.00607884 -0.02346643
v -0.03248748 0.00707301 -0.02346643
v -0.03185580 0.00845524 -0.02346643
v -0.03136036 0.00942354 -0.02346643
v -0.03096402 0.01013314 -0.02174573
v -0.03025802 0.01121786 -0.02174573
v -0.02890796 0.01248182 -0.01664838
v -0.02776227 0.01340947 -0.01485217
v 0.01695076 0.01347969 0.00575300
v 0.01978712 0.01711451 -0.01140539
v 0.02047454 0.01622198 -0.00997058
v 0.01690741 0.01351295 0.00575300
v 0.01579887 0.01426689 0.00575300
v 0.01837513 0.01737137 -0.00901584
v 0.01864762 0.01754692 -0.01016476
v 0.02073464 0.01642340 -0.01140539
v 0.02324898 0.01554564 -0.01657286
v 0.02121769 0.01652503 -0.01328251
v 0.02105668 0.01696298 -0.01469035
v 0.02235720 0.01632546 -0.01657286
v 0.02041261 0.01755062 -0.01515963
v 0.02147160 0.01701657 -0.01657286
v 0.02717530 0.01166690 -0.02174573
v 0.02718150 0.01166135 -0.02346643
v 0.02571377 0.01345382 -0.02002504
v 0.02576331 0.01351110 -0.02174573
v 0.02648169 0.01260009 -0.02174573
v 0.02510067 0.01414493 -0.02002504
v 0.02339142 0.01568239 -0.01829895
v 0.02421508 0.01508182 -0.02002504
v 0.02757165 0.01089263 -0.02519252
v 0.02817856 0.00983747 -0.02519252
v 0.02884120 0.00860308 -0.02519252
v 0.02714434 0.01158374 -0.02519252
v 0.02919420 0.00791196 -0.02519252
v 0.02955339 0.00707301 -0.02519252
v 0.03007360 0.00569263 -0.02519252
v 0.03008598 0.00566676 -0.02516015
v -0.02609017 0.01350371 -0.01002452
v -0.02585484 0.01326718 -0.00887559
v -0.02092526 0.01217877 0.00575300
v -0.02635028 0.01376796 -0.01140539
v -0.02707485 0.01410058 -0.01485217
v -0.02600966 0.01479355 -0.01354682
v -0.02583626 0.01463648 -0.01239789
v -0.02960157 0.01213626 -0.02174573
v -0.02957060 0.01209746 -0.02002504
v -0.02950248 0.01201246 -0.01829895
v -0.02893892 0.01270172 -0.01829895
v -0.03300149 0.00566676 -0.02346643
v -0.03282809 0.00595134 -0.02519252
v -0.03238839 0.00707301 -0.02519252
v -0.03297053 0.00566676 -0.02432947
v -0.03174433 0.00845524 -0.02519252
v -0.03129843 0.00932006 -0.02519252
v -0.03095163 0.01011466 -0.02346643
v -0.03023325 0.01121786 -0.02346643
v -0.02959538 0.01212518 -0.02346643
v -0.02793567 0.01359426 -0.01657286
v -0.02726683 0.01428537 -0.01657286
v 0.02009677 0.01732887 -0.01312608
v 0.01890154 0.01771323 -0.01140539
v 0.01545207 0.01448864 0.00575300
v 0.01720467 0.01772247 -0.00795321
v 0.01770630 0.01793498 -0.00962536
v 0.01460363 0.01500421 0.00575300
v 0.01755147 0.01847457 -0.01128133
v 0.02023921 0.01742865 -0.01401070
v 0.02162643 0.01713484 -0.01829895
v 0.02249963 0.01644372 -0.01829895
v 0.02058602 0.01766704 -0.01657286
v 0.01938458 0.01814379 -0.01478205
v 0.01852377 0.01884415 -0.01555339
v 0.01952702 0.01835815 -0.01657286
v 0.02649408 0.01260009 -0.02346643
v 0.02642596 0.01260009 -0.02519252
v 0.02515021 0.01420037 -0.02174573
v 0.02515640 0.01421515 -0.02346643
v 0.02576950 0.01352404 -0.02346643
v 0.02348431 0.01577109 -0.02002504
v 0.02353385 0.01581728 -0.02174573
v 0.02425843 0.01512617 -0.02174573
v 0.02744160 0.01068751 -0.02691321
v 0.02702048 0.01137678 -0.02691321
v 0.02791226 0.00983747 -0.02691321
v 0.02913846 0.00780478 -0.02616344
v 0.02621540 0.01260009 -0.02691321
v 0.02989400 0.00569263 -0.02691321
v 0.02990020 0.00566676 -0.02691321
v -0.02565667 0.01445908 -0.01140539
v -0.02540895 0.01397123 -0.00953906
v -0.02087572 0.01222681 0.00575300
v -0.02618926 0.01495616 -0.01485217
v -0.02540895 0.01564358 -0.01485217
v -0.02528509 0.01529618 -0.01303438
v -0.02412701 0.01607230 -0.01219831
v -0.02464722 0.01540151 -0.01153484
v -0.02903801 0.01282738 -0.02174573
v -0.02901324 0.01278857 -0.02002504
v -0.02805333 0.01371437 -0.01829895
v -0.03289621 0.00566676 -0.02568337
v -0.03280951 0.00566676 -0.02685387
v -0.03223357 0.00707301 -0.02691321
v -0.03279093 0.00566676 -0.02708042
v -0.03150900 0.00855134 -0.02691321
v -0.03123651 0.00921104 -0.02634144
v -0.03088970 0.01001118 -0.02519252
v -0.03011558 0.01121786 -0.02519252
v -0.02953964 0.01205311 -0.02519252
v -0.02903182 0.01281629 -0.02346643
v -0.02738450 0.01440364 -0.01829895
v -0.02637505 0.01512432 -0.01657286
v 0.01921118 0.01791650 -0.01312608
v 0.01810884 0.01860762 -0.01312608
v 0.01639959 0.01866675 -0.00967930
v 0.01417632 0.01524444 0.00575300
v 0.01290058 0.01593001 0.00575300
v 0.01665350 0.01879426 -0.01062865
v 0.01693837 0.01893839 -0.01177758
v 0.02073464 0.01777052 -0.01829895
v 0.02083992 0.01784443 -0.02002504
v 0.02172551 0.01721060 -0.02002504
v 0.02259872 0.01651949 -0.02002504
v 0.01969423 0.01845978 -0.01829895
v 0.01834417 0.01873882 -0.01440447
v 0.01863524 0.01891437 -0.01657286
v 0.01768772 0.01918047 -0.01492769
v 0.01644294 0.02007300 -0.01657286
v 0.01758863 0.01947983 -0.01657286
v 0.01880864 0.01901600 -0.01829895
v 0.02574473 0.01349447 -0.02519252
v 0.02565184 0.01338729 -0.02691321
v 0.02427081 0.01513726 -0.02346643
v 0.02513782 0.01418559 -0.02519252
v 0.02354624 0.01582837 -0.02346643
v 0.02264826 0.01655645 -0.02174573
v 0.02734870 0.01053044 -0.02778165
v 0.02557752 0.01329860 -0.02780322
v 0.02586859 0.01262966 -0.02848287
v 0.02903318 0.00758488 -0.02731237
v 0.02873592 0.00834067 -0.02680533
v 0.02933664 0.00710443 -0.02680533
v 0.02925613 0.00666463 -0.02831565
v 0.02951623 0.00581829 -0.02879033
v 0.02957816 0.00566676 -0.02877415
v -0.02442427 0.01495801 -0.00967930
v -0.02420133 0.01475844 -0.00861668
v -0.02011398 0.01291238 0.00575300
v -0.02560093 0.01581544 -0.01657286
v -0.02452336 0.01639198 -0.01485217
v -0.02427564 0.01619426 -0.01312608
v -0.02315472 0.01699070 -0.01296966
v -0.02231867 0.01742865 -0.01229001
v -0.02327239 0.01651394 -0.01153484
v -0.02273360 0.01635318 -0.00967930
v -0.02390406 0.01588751 -0.01104938
v -0.02815242 0.01382709 -0.02174573
v -0.02812146 0.01379383 -0.02002504
v -0.02745881 0.01448310 -0.02002504
v -0.03261753 0.00569263 -0.02863930
v -0.03202301 0.00707301 -0.02863930
v -0.03262372 0.00566676 -0.02863930
v -0.03144087 0.00821686 -0.02863930
v -0.03116219 0.00907614 -0.02749037
v -0.03084635 0.00973769 -0.02691321
v -0.02983690 0.01132504 -0.02693478
v -0.02947152 0.01196995 -0.02637381
v -0.02897608 0.01274238 -0.02519252
v -0.02809049 0.01375872 -0.02519252
v -0.02814004 0.01381601 -0.02346643
v -0.02649891 0.01523335 -0.01829895
v 0.01722325 0.01908807 -0.01312608
v 0.01516100 0.01892915 -0.00843328
v 0.01551400 0.01909731 -0.00967930
v 0.01201499 0.01635133 0.00575300
v 0.01596608 0.01928764 -0.01128133
v 0.01571836 0.01982723 -0.01312069
v 0.01981809 0.01853555 -0.02002504
v 0.01988621 0.01857620 -0.02174573
v 0.02088947 0.01788509 -0.02174573
v 0.02177506 0.01724756 -0.02174573
v 0.01893250 0.01909362 -0.02002504
v 0.01743381 0.01977734 -0.01836368
v 0.01617045 0.01994180 -0.01485217
v 0.01555735 0.02049248 -0.01657286
v 0.01593512 0.02053498 -0.01836368
v 0.01660395 0.02015246 -0.01783506
v 0.01771249 0.01978473 -0.02002504
v 0.02506351 0.01407841 -0.02691321
v 0.02406645 0.01493953 -0.02863930
v 0.02500777 0.01384742 -0.02848287
v 0.02424604 0.01511323 -0.02519252
v 0.02417792 0.01504671 -0.02691321
v 0.02266065 0.01656199 -0.02346643
v 0.02351527 0.01580435 -0.02519252
v 0.02755927 0.00980421 -0.02847208
v 0.02824049 0.00845524 -0.02863930
v 0.02683469 0.01108296 -0.02847208
v 0.02718769 0.01024217 -0.02893597
v 0.02393640 0.01481018 -0.03004174
v 0.02378776 0.01466235 -0.03119606
v 0.02545367 0.01311011 -0.02895215
v 0.02890933 0.00710443 -0.02879033
v 0.02911369 0.00636342 -0.02946458
v 0.02944192 0.00566676 -0.02930815
v -0.02361919 0.01564728 -0.00967930
v -0.01923459 0.01362013 0.00575300
v -0.02572479 0.01592446 -0.01829895
v -0.02471534 0.01653797 -0.01657286
v -0.02381736 0.01722723 -0.01657286
v -0.02361919 0.01708310 -0.01485217
v -0.02252304 0.01756725 -0.01343894
v -0.02212669 0.01730485 -0.01140539
v -0.02145785 0.01814195 -0.01308293
v -0.02037409 0.01871664 -0.01272153
v -0.02124110 0.01785922 -0.01140539
v -0.02172415 0.01704429 -0.00967930
v -0.02246730 0.01615730 -0.00853037
v -0.02749597 0.01451821 -0.02174573
v -0.02661038 0.01534237 -0.02174573
v -0.02657322 0.01530357 -0.02002504
v -0.03236362 0.00569263 -0.03036538
v -0.03175052 0.00707301 -0.03036538
v -0.03236981 0.00566676 -0.03036538
v -0.03130463 0.00794707 -0.03036538
v -0.03106930 0.00890798 -0.02863930
v -0.03051813 0.00983747 -0.02863930
v -0.02976259 0.01102752 -0.02863930
v -0.02939101 0.01185723 -0.02752273
v -0.02895750 0.01249845 -0.02693478
v -0.02798521 0.01364970 -0.02691321
v -0.02733495 0.01434081 -0.02691321
v -0.02743404 0.01444984 -0.02519252
v -0.02748358 0.01450712 -0.02346643
v -0.02581149 0.01599468 -0.02002504
v 0.01194067 0.01638644 0.00575300
v 0.01413916 0.01921373 -0.00789388
v 0.01392241 0.01980691 -0.00975482
v 0.01444881 0.02000278 -0.01140539
v 0.01478323 0.02013768 -0.01254353
v 0.01506191 0.02025964 -0.01369245
v 0.01900062 0.01913796 -0.02174573
v 0.01989860 0.01857990 -0.02346643
v 0.01901301 0.01915460 -0.02346643
v 0.02089566 0.01788878 -0.02346643
v 0.02178125 0.01725311 -0.02346643
v 0.01780539 0.01982723 -0.02174573
v 0.01674020 0.02021714 -0.01898399
v 0.01528486 0.02036127 -0.01485217
v 0.01389145 0.02122794 -0.01665377
v 0.01424444 0.02129447 -0.01829895
v 0.01445500 0.02137762 -0.02002504
v 0.01581126 0.02075118 -0.02002504
v 0.01682690 0.02026149 -0.02002504
v 0.01691979 0.02031138 -0.02174573
v 0.02344096 0.01573598 -0.02691321
v 0.02331710 0.01562880 -0.02863930
v 0.02262969 0.01653242 -0.02519252
v 0.02255537 0.01646775 -0.02691321
v 0.02744160 0.00932191 -0.02979901
v 0.02575092 0.01218801 -0.03002017
v 0.02608534 0.01133612 -0.03050024
v 0.02226430 0.01623861 -0.03036538
v 0.02212186 0.01613143 -0.03153050
v 0.02363294 0.01441103 -0.03208608
v 0.02408503 0.01371992 -0.03208608
v 0.02531742 0.01262966 -0.03050024
v 0.02434513 0.01411352 -0.03051642
v 0.02192369 0.01597066 -0.03267942
v 0.02236958 0.01502823 -0.03381217
v 0.02914466 0.00566676 -0.03036538
v 0.02725581 0.00896711 -0.03094794
v -0.01822514 0.01431494 0.00575300
v -0.02483920 0.01663960 -0.01829895
v -0.02395980 0.01733072 -0.01829895
v -0.02293177 0.01783889 -0.01657286
v -0.02273360 0.01770769 -0.01485217
v -0.02163745 0.01839696 -0.01485217
v -0.02059704 0.01884045 -0.01387046
v -0.02083856 0.01760605 -0.00967930
v -0.01973622 0.01916568 -0.01322857
v -0.01917885 0.01902524 -0.01140539
v -0.02006444 0.01854848 -0.01140539
v -0.02059704 0.01746007 -0.00874074
v -0.02659799 0.01533314 -0.02346643
v -0.02585484 0.01603349 -0.02174573
v -0.03202301 0.00566676 -0.03208608
v -0.03142229 0.00705823 -0.03195662
v -0.03121793 0.00779739 -0.03129855
v -0.03090208 0.00863819 -0.03036538
v -0.03018990 0.00983747 -0.03036538
v -0.02960157 0.01078730 -0.03036538
v -0.02929192 0.01171864 -0.02863930
v -0.02859831 0.01260009 -0.02863930
v -0.02784277 0.01350002 -0.02863930
v -0.02719871 0.01419113 -0.02863930
v -0.02631312 0.01508921 -0.02863930
v -0.02644317 0.01520563 -0.02691321
v -0.02654845 0.01528694 -0.02519252
v -0.02408366 0.01741941 -0.02128185
v -0.02491971 0.01670243 -0.02002504
v 0.01036766 0.01704984 0.00575300
v 0.01286961 0.02009333 -0.00923160
v 0.01325357 0.02023746 -0.01038052
v 0.01356322 0.02035943 -0.01140539
v 0.01219458 0.02127599 -0.01311529
v 0.01413297 0.02052020 -0.01312069
v 0.01272717 0.02141273 -0.01485217
v 0.01404008 0.02088793 -0.01485217
v 0.01786112 0.01984571 -0.02346643
v 0.01898204 0.01914351 -0.02519252
v 0.01986763 0.01855587 -0.02519252
v 0.01786731 0.01983462 -0.02519252
v 0.02085850 0.01786476 -0.02519252
v 0.02174409 0.01722354 -0.02519252
v 0.01697553 0.02034834 -0.02346643
v 0.01300586 0.02152176 -0.01613595
v 0.01320403 0.02159937 -0.01728488
v 0.01335885 0.02166220 -0.01829895
v 0.01356322 0.02174720 -0.02002504
v 0.01371185 0.02180818 -0.02174573
v 0.01459744 0.02143675 -0.02174573
v 0.01581126 0.02086206 -0.02174573
v 0.01581126 0.02093228 -0.02346643
v 0.02243151 0.01636611 -0.02863930
v 0.02165120 0.01715886 -0.02691321
v 0.02698951 0.00980421 -0.03037078
v 0.02555275 0.01187386 -0.03116909
v 0.02150876 0.01705723 -0.02863930
v 0.02132297 0.01692972 -0.03036538
v 0.01849899 0.01883306 -0.03132013
v 0.01834417 0.01871664 -0.03246905
v 0.01812742 0.01855587 -0.03381217
v 0.01903778 0.01786476 -0.03381217
v 0.02323659 0.01391764 -0.03373125
v 0.02387447 0.01341501 -0.03310015
v 0.02210948 0.01476768 -0.03481546
v 0.02476625 0.01260009 -0.03208608
v 0.01992337 0.01717549 -0.03381217
v 0.01874671 0.01764671 -0.03524158
v 0.02080277 0.01648438 -0.03381217
v 0.02049312 0.01625709 -0.03510673
v 0.02169455 0.01571750 -0.03381217
v 0.02861826 0.00566676 -0.03164377
v 0.02749114 0.00804686 -0.03156286
v 0.02633926 0.00983747 -0.03208608
v -0.01738290 0.01484344 0.00575300
v -0.02404650 0.01739355 -0.02002504
v -0.02307421 0.01793498 -0.01829895
v -0.02201522 0.01862610 -0.01829895
v -0.02186039 0.01852816 -0.01657286
v -0.02075186 0.01893285 -0.01485217
v -0.01966809 0.01951309 -0.01485217
v -0.01956281 0.01833413 -0.00972785
v -0.01854717 0.02008779 -0.01485217
v -0.01818798 0.01992517 -0.01312608
v -0.01774828 0.01974038 -0.01151327
v -0.01890017 0.01887741 -0.01033198
v -0.01733955 0.01486931 0.00575300
v -0.02579291 0.01597805 -0.02519252
v -0.02584245 0.01602240 -0.02346643
v -0.02410843 0.01743974 -0.02280296
v -0.02410843 0.01743974 -0.02243077
v -0.03154615 0.00566676 -0.03383374
v -0.03152138 0.00572589 -0.03383374
v -0.03131082 0.00658702 -0.03327816
v -0.03106310 0.00750912 -0.03244748
v -0.03072249 0.00833698 -0.03195662
v -0.02977497 0.00988182 -0.03204832
v -0.02948390 0.01061544 -0.03144419
v -0.02912471 0.01147841 -0.03036538
v -0.02816481 0.01271281 -0.03042472
v -0.02773130 0.01337805 -0.02989610
v -0.02615829 0.01495062 -0.03036538
v -0.02557616 0.01577848 -0.02863930
v -0.02570002 0.01589490 -0.02691321
v -0.02337766 0.01790911 -0.02181046
v -0.02316091 0.01799227 -0.02002504
v 0.01030573 0.01707201 0.00575300
v 0.01034909 0.01706092 0.00573682
v 0.01227509 0.02044258 -0.00975482
v 0.01168676 0.02030769 -0.00842789
v 0.01226270 0.02085651 -0.01140539
v 0.01120371 0.02151991 -0.01252735
v 0.01155052 0.02164557 -0.01367627
v 0.01184158 0.02175644 -0.01485217
v 0.01698172 0.02035758 -0.02519252
v 0.01781158 0.01978658 -0.02691321
v 0.01890154 0.01909546 -0.02691321
v 0.01978712 0.01849674 -0.02691321
v 0.01692599 0.02032801 -0.02691321
v 0.02076561 0.01780563 -0.02691321
v 0.01581126 0.02095076 -0.02519252
v 0.01235560 0.02184329 -0.01665377
v 0.01226270 0.02208352 -0.01829895
v 0.01226270 0.02224983 -0.02002504
v 0.01226270 0.02236810 -0.02174573
v 0.01226270 0.02244017 -0.02346643
v 0.01379236 0.02184884 -0.02346643
v 0.01467795 0.02147186 -0.02346643
v 0.01470272 0.02148110 -0.02519252
v 0.02062317 0.01770584 -0.02863930
v 0.02576331 0.01086121 -0.03208608
v 0.01860427 0.01890698 -0.03036538
v 0.01662873 0.02015246 -0.03087782
v 0.01768772 0.01926917 -0.03197280
v 0.01724183 0.01919525 -0.03381217
v 0.01690122 0.01895872 -0.03553825
v 0.02358340 0.01289760 -0.03424908
v 0.02558372 0.01054707 -0.03297070
v 0.02017109 0.01596327 -0.03625566
v 0.02057363 0.01504486 -0.03688136
v 0.02018967 0.01457365 -0.03803029
v 0.02175648 0.01425396 -0.03596438
v 0.02231384 0.01386960 -0.03544656
v 0.01670923 0.01882013 -0.03641208
v 0.01847422 0.01743235 -0.03639051
v 0.02848820 0.00566676 -0.03195123
v 0.02703286 0.00848666 -0.03211844
v -0.02211430 0.01868338 -0.02002504
v -0.02112963 0.01914720 -0.01829895
v -0.02097480 0.01906220 -0.01657286
v -0.01953804 0.01982538 -0.01653511
v -0.01872057 0.02017279 -0.01593637
v -0.01765539 0.02048324 -0.01485217
v -0.01730239 0.02032801 -0.01312608
v -0.01706706 0.02022268 -0.01216055
v -0.01672026 0.02007855 -0.01101162
v -0.01793407 0.01915829 -0.00972785
v -0.01514106 0.01601316 0.00575300
v -0.01595852 0.01560108 0.00575300
v -0.02481443 0.01662851 -0.02691321
v -0.02490113 0.01669689 -0.02519252
v -0.02408366 0.01742126 -0.02395189
v -0.02478965 0.01687428 -0.02341249
v -0.02338386 0.01791096 -0.02341249
v -0.02217004 0.01871479 -0.02346643
v -0.02216385 0.01871295 -0.02174573
v -0.03149661 0.00566676 -0.03399556
v -0.03111884 0.00621004 -0.03442708
v -0.03086493 0.00705823 -0.03383374
v -0.02960776 0.00945126 -0.03342919
v -0.02932908 0.01037152 -0.03259311
v -0.02896370 0.01113285 -0.03204832
v -0.02803476 0.01239682 -0.03208608
v -0.02761363 0.01324685 -0.03104503
v -0.02714297 0.01389547 -0.03042472
v -0.02597870 0.01477322 -0.03208608
v -0.02542133 0.01563989 -0.03036538
v -0.02452955 0.01640861 -0.03036538
v -0.02468438 0.01653612 -0.02863930
v 0.00875750 0.01762453 0.00575300
v 0.01049152 0.02103761 -0.00967930
v 0.01055965 0.02141643 -0.01125436
v 0.01002086 0.02171024 -0.01173442
v 0.01055965 0.02184699 -0.01311529
v 0.01049152 0.02220363 -0.01485217
v 0.01049152 0.02248082 -0.01657286
v 0.01581126 0.02091749 -0.02691321
v 0.01682690 0.02027258 -0.02863930
v 0.01771249 0.01970712 -0.02863930
v 0.01877148 0.01901600 -0.02863930
v 0.01965707 0.01839696 -0.02863930
v 0.01581126 0.02082695 -0.02863930
v 0.01469653 0.02147741 -0.02691321
v 0.01039244 0.02273029 -0.01826119
v 0.01079498 0.02277279 -0.02002504
v 0.01096219 0.02282822 -0.02174573
v 0.01106127 0.02286149 -0.02346643
v 0.01226270 0.02246973 -0.02519252
v 0.01381713 0.02186547 -0.02519252
v 0.01744000 0.01969049 -0.03032763
v 0.01647390 0.02005822 -0.03208608
v 0.01674639 0.02022453 -0.02972350
v 0.01594750 0.02059781 -0.03032763
v 0.01558831 0.02056824 -0.03208608
v 0.01620761 0.01988636 -0.03381217
v 0.01573075 0.01971636 -0.03555983
v 0.02383731 0.01197735 -0.03473455
v 0.02577570 0.00983747 -0.03332131
v 0.02724342 0.00752760 -0.03271179
v 0.01989860 0.01544586 -0.03737761
v 0.01822031 0.01719582 -0.03725895
v 0.01896346 0.01650470 -0.03725895
v 0.01861666 0.01619611 -0.03831618
v 0.02046216 0.01365339 -0.03839709
v 0.02204755 0.01333370 -0.03643366
v 0.01819554 0.01569717 -0.03946510
v 0.01855473 0.01477876 -0.03993978
v 0.01976235 0.01406178 -0.03897964
v 0.01636243 0.01856327 -0.03756101
v 0.01721086 0.01811053 -0.03709713
v 0.01479562 0.02012474 -0.03615317
v 0.01579268 0.01915644 -0.03709713
v 0.01517958 0.01898829 -0.03847260
v 0.01695695 0.01764116 -0.03848878
v 0.02844485 0.00566676 -0.03204832
v -0.02127826 0.01923590 -0.02174573
v -0.02122871 0.01920449 -0.02002504
v -0.01997155 0.01989560 -0.02002504
v -0.01986007 0.01983647 -0.01829895
v -0.01886301 0.02023746 -0.01708530
v -0.01803316 0.02054052 -0.01653511
v -0.01627436 0.02128892 -0.01657286
v -0.01525872 0.02158828 -0.01565048
v -0.01595852 0.02120392 -0.01498702
v -0.01611954 0.02080847 -0.01312608
v -0.01612573 0.02044443 -0.01151327
v -0.01553740 0.02031877 -0.01013240
v -0.01442887 0.01631991 0.00575300
v -0.02382356 0.01722723 -0.02863930
v -0.02394741 0.01731963 -0.02691321
v -0.02404031 0.01738800 -0.02519252
v -0.02315472 0.01799596 -0.02519252
v -0.02212669 0.01868708 -0.02519252
v -0.02123491 0.01922112 -0.02519252
v -0.02127826 0.01924145 -0.02346643
v -0.03124270 0.00566676 -0.03478849
v -0.03090828 0.00572589 -0.03558680
v -0.03004127 0.00718204 -0.03566771
v -0.02967588 0.00816328 -0.03518225
v -0.02996076 0.00855688 -0.03392544
v -0.02915568 0.00988182 -0.03392544
v -0.02822054 0.01133797 -0.03394702
v -0.02763221 0.01187756 -0.03461588
v -0.02783039 0.01214366 -0.03346695
v -0.02748978 0.01308793 -0.03208608
v -0.02587961 0.01467528 -0.03295452
v -0.02521697 0.01546249 -0.03208608
v -0.02432519 0.01623491 -0.03208608
v -0.02365015 0.01709973 -0.03036538
v 0.00873273 0.01763192 0.00575300
v 0.00956258 0.02156796 -0.01058550
v 0.00886897 0.02190797 -0.01125436
v 0.00871415 0.02237179 -0.01312608
v 0.00863364 0.02273029 -0.01488993
v 0.00919720 0.02285779 -0.01657286
v 0.00950065 0.02293540 -0.01766246
v 0.01462221 0.02144230 -0.02863930
v 0.01447978 0.02136654 -0.03036538
v 0.01381094 0.02185807 -0.02691321
v 0.01373662 0.02182851 -0.02863930
v 0.00972979 0.02300008 -0.01881138
v 0.00990319 0.02305552 -0.02002504
v 0.01007659 0.02310541 -0.02174573
v 0.01109224 0.02287442 -0.02519252
v 0.01016949 0.02313313 -0.02346643
v 0.01226270 0.02245310 -0.02691321
v 0.01531582 0.02042041 -0.03381217
v 0.01427541 0.02125935 -0.03208608
v 0.01508668 0.02028736 -0.03499885
v 0.02551559 0.00902809 -0.03457272
v 0.02529884 0.00983747 -0.03418435
v 0.02612250 0.00852362 -0.03392544
v 0.02759642 0.00566676 -0.03368810
v 0.01654822 0.01729006 -0.03963771
v 0.01701269 0.01636981 -0.04022566
v 0.02161404 0.01260009 -0.03755562
v 0.02223953 0.01260009 -0.03669258
v 0.01879626 0.01398232 -0.04020948
v 0.02001626 0.01260009 -0.03956219
v 0.02419030 0.00566676 -0.03865600
v 0.02522453 0.00566676 -0.03740458
v 0.01652964 0.01583207 -0.04137459
v 0.01687644 0.01491181 -0.04175756
v 0.01413916 0.02062368 -0.03555983
v 0.01355083 0.02040193 -0.03725895
v 0.01443643 0.01992887 -0.03725895
v 0.01586699 0.01816782 -0.03905516
v 0.01322880 0.02023562 -0.03821369
v 0.01398434 0.01948167 -0.03891491
v 0.01473988 0.01869447 -0.03962153
v -0.02004586 0.01993256 -0.02346643
v -0.02002728 0.01992702 -0.02174573
v -0.01908596 0.02034649 -0.02002504
v -0.01896829 0.02029106 -0.01829895
v -0.01789072 0.02077151 -0.01829895
v -0.01646634 0.02136838 -0.01829895
v -0.01538877 0.02163818 -0.01657286
v -0.01434217 0.02199297 -0.01657286
v -0.01437932 0.02178231 -0.01498702
v -0.01499862 0.02149589 -0.01450156
v -0.01461465 0.02136838 -0.01312608
v -0.01416876 0.02117250 -0.01157260
v -0.01162346 0.01741757 0.00575300
v -0.01246570 0.01710897 0.00575300
v -0.02293797 0.01784998 -0.02863930
v -0.02306182 0.01794052 -0.02691321
v -0.02203380 0.01863164 -0.02691321
v -0.02114821 0.01916568 -0.02691321
v -0.02001490 0.01991224 -0.02519252
v -0.03090828 0.00566676 -0.03565692
v -0.03003507 0.00577394 -0.03736683
v -0.02969446 0.00679398 -0.03686518
v -0.02939101 0.00771424 -0.03633117
v -0.02792328 0.01095546 -0.03522001
v -0.02938482 0.00908538 -0.03457812
v -0.02608398 0.01352404 -0.03509594
v -0.02729779 0.01260194 -0.03394702
v -0.02744023 0.01133797 -0.03568929
v -0.02579910 0.01318957 -0.03624487
v -0.02625119 0.01398417 -0.03364495
v -0.02565047 0.01444429 -0.03410344
v -0.02491351 0.01529618 -0.03361798
v -0.02417655 0.01610925 -0.03312712
v -0.02340244 0.01692603 -0.03208608
v -0.02251065 0.01755801 -0.03208608
v -0.02275837 0.01772617 -0.03036538
v 0.00694297 0.01813455 0.00575300
v 0.00837973 0.02171579 -0.01000294
v 0.00694297 0.02236810 -0.01140539
v 0.00693058 0.02277094 -0.01315305
v 0.00750653 0.02289844 -0.01433974
v 0.00798338 0.02300008 -0.01548866
v 0.00831161 0.02307769 -0.01657286
v 0.00883181 0.02316454 -0.01826119
v 0.01358799 0.02177307 -0.03036538
v 0.01338982 0.02168807 -0.03208608
v 0.01226270 0.02239212 -0.02863930
v 0.01226270 0.02228864 -0.03036538
v 0.00871415 0.02336042 -0.02002504
v 0.00871415 0.02346021 -0.02174573
v 0.00871415 0.02351934 -0.02346643
v 0.01105508 0.02286518 -0.02691321
v 0.01020665 0.02314052 -0.02519252
v 0.00871415 0.02353782 -0.02519252
v 0.01391003 0.02115957 -0.03375283
v 0.01322880 0.02161600 -0.03313791
v 0.01296251 0.02150328 -0.03429224
v 0.02545986 0.00566676 -0.03708095
v 0.02573854 0.00810784 -0.03491255
v 0.02747876 0.00566676 -0.03389308
v 0.01536537 0.01777237 -0.04038209
v 0.01488851 0.01740278 -0.04153102
v 0.01803452 0.01398232 -0.04107252
v 0.02342238 0.00566676 -0.03948668
v 0.01534679 0.01648068 -0.04201648
v 0.01479562 0.01588935 -0.04316540
v 0.01514242 0.01497095 -0.04350523
v 0.01631289 0.01398232 -0.04289570
v 0.01714274 0.01398232 -0.04203266
v 0.01259712 0.02135360 -0.03553825
v 0.01211407 0.02109120 -0.03711870
v 0.01270860 0.01997506 -0.03936262
v 0.01093122 0.02141643 -0.03759877
v 0.01217600 0.02043889 -0.03886637
v 0.01152574 0.02026518 -0.03998293
v 0.01355703 0.01905296 -0.04026881
v 0.01421967 0.01824728 -0.04089991
v 0.01298728 0.01872219 -0.04141774
v -0.01912312 0.02036867 -0.02519252
v -0.01915408 0.02038160 -0.02346643
v -0.01914169 0.02037421 -0.02174573
v -0.01789072 0.02087314 -0.02002504
v -0.01658401 0.02141458 -0.02002504
v -0.01558075 0.02171024 -0.01829895
v -0.01434217 0.02214265 -0.01829895
v -0.01244713 0.02273953 -0.01829356
v -0.01257098 0.02254180 -0.01657286
v -0.01257098 0.02232005 -0.01485217
v -0.01372906 0.02167328 -0.01312608
v -0.01346277 0.02158089 -0.01225764
v -0.01296733 0.02143675 -0.01110872
v -0.01089270 0.01763932 0.00575300
v -0.02189136 0.01854109 -0.02863930
v -0.02099958 0.01907883 -0.02863930
v -0.01990962 0.01985680 -0.02691321
v -0.01902403 0.02031693 -0.02691321
v -0.03009700 0.00566676 -0.03736143
v -0.03003507 0.00566676 -0.03749089
v -0.02994218 0.00566676 -0.03766350
v -0.02955822 0.00566676 -0.03834315
v -0.02763841 0.01050087 -0.03636894
v -0.02538418 0.01398417 -0.03561916
v -0.02614591 0.01226747 -0.03682203
v -0.02548946 0.01267770 -0.03734525
v -0.02422610 0.01342425 -0.03827842
v -0.02452955 0.01392318 -0.03715107
v -0.02417036 0.01473626 -0.03650378
v -0.02443046 0.01496540 -0.03553825
v -0.02393503 0.01591707 -0.03427605
v -0.02314853 0.01669689 -0.03364495
v -0.02235583 0.01745268 -0.03301385
v -0.02130922 0.01831565 -0.03204292
v -0.02168080 0.01841728 -0.03036538
v 0.00686246 0.01815119 0.00575300
v 0.00777282 0.02156796 -0.00885402
v 0.00517798 0.01848750 0.00575300
v 0.00554956 0.02288920 -0.01259747
v 0.00632367 0.02301117 -0.01374639
v 0.00693058 0.02310171 -0.01488993
v 0.00694297 0.02335672 -0.01657286
v 0.00694297 0.02357663 -0.01829895
v 0.01226270 0.02212048 -0.03208608
v 0.01094361 0.02283377 -0.02863930
v 0.01076401 0.02278388 -0.03036538
v 0.00694297 0.02373924 -0.02002504
v 0.00694297 0.02384457 -0.02174573
v 0.00694297 0.02390740 -0.02346643
v 0.01016949 0.02312389 -0.02691321
v 0.00871415 0.02350086 -0.02691321
v 0.00694297 0.02391849 -0.02519252
v 0.01233083 0.02184329 -0.03375283
v 0.01171153 0.02170285 -0.03553825
v 0.02639499 0.00566676 -0.03568929
v 0.02648788 0.00566676 -0.03554904
v 0.01370566 0.01780008 -0.04209739
v 0.01309256 0.01739170 -0.04324631
v 0.01425064 0.01693711 -0.04263140
v 0.01542730 0.01398232 -0.04376414
v 0.02250583 0.00566676 -0.04035512
v 0.01361276 0.01647144 -0.04371020
v 0.01294393 0.01581913 -0.04485913
v 0.01405866 0.01539411 -0.04417948
v 0.01332170 0.01489888 -0.04515580
v 0.01447358 0.01398232 -0.04462719
v 0.01141427 0.02159383 -0.03644985
v 0.01039863 0.02114479 -0.03889873
v 0.00974837 0.02162894 -0.03826224
v 0.01180443 0.01903448 -0.04190860
v 0.01225651 0.01950385 -0.04070033
v 0.00909811 0.02141273 -0.03941116
v 0.01033051 0.02042041 -0.04061942
v 0.00963070 0.02020790 -0.04159035
v 0.01081356 0.01995474 -0.04113186
v 0.01244849 0.01822695 -0.04257745
v -0.01789072 0.02091565 -0.02519252
v -0.01789072 0.02094152 -0.02346643
v -0.01789072 0.02092489 -0.02174573
v -0.01665213 0.02143860 -0.02174573
v -0.01569842 0.02175644 -0.02002504
v -0.01434217 0.02223690 -0.02002504
v -0.01275058 0.02274876 -0.02002504
v -0.01177210 0.02298714 -0.01885993
v -0.01158631 0.02293725 -0.01771100
v -0.01134478 0.02287996 -0.01657286
v -0.01076265 0.02277833 -0.01482520
v -0.01257098 0.02201330 -0.01312608
v -0.01245332 0.02169916 -0.01157260
v -0.01178448 0.02160676 -0.01043986
v -0.01083696 0.01765595 0.00575300
v -0.02079521 0.01895687 -0.03036538
v -0.01955662 0.01984941 -0.02876336
v -0.01889398 0.02025410 -0.02827250
v -0.01789072 0.02081771 -0.02691321
v -0.02882126 0.00566676 -0.03925474
v -0.02577433 0.01175190 -0.03797096
v -0.02376782 0.01434635 -0.03765271
v -0.02448001 0.01246889 -0.03890412
v -0.02374305 0.01284216 -0.03942735
v -0.02256020 0.01353143 -0.04008541
v -0.02210811 0.01445353 -0.03958916
v -0.02258497 0.01489333 -0.03843484
v -0.02309898 0.01527215 -0.03710252
v -0.02243014 0.01612958 -0.03655233
v -0.02361300 0.01565282 -0.03553825
v -0.02272741 0.01634209 -0.03553825
v -0.02209573 0.01728452 -0.03416817
v -0.02147643 0.01780932 -0.03367731
v -0.02041744 0.01873882 -0.03258772
v -0.02062800 0.01885893 -0.03143879
v 0.00507889 0.01850229 0.00575300
v 0.00504174 0.02271181 -0.01154563
v 0.00436671 0.02297236 -0.01221449
v 0.00504174 0.02307584 -0.01315305
v 0.00516559 0.02337520 -0.01485217
v 0.00516559 0.02364130 -0.01657286
v 0.00516559 0.02386120 -0.01829895
v 0.00516559 0.02402566 -0.02002504
v 0.01038005 0.02273029 -0.03206450
v 0.01049152 0.02244940 -0.03381217
v 0.01005802 0.02309063 -0.02863930
v 0.00987223 0.02303519 -0.03036538
v 0.00971121 0.02299084 -0.03147116
v 0.00516559 0.02413469 -0.02174573
v 0.00516559 0.02419198 -0.02346643
v 0.00871415 0.02342694 -0.02863930
v 0.00694297 0.02387968 -0.02691321
v 0.00516559 0.02420122 -0.02519252
v 0.01049152 0.02211309 -0.03553825
v 0.01190971 0.01773171 -0.04368323
v 0.01104889 0.01725865 -0.04483216
v 0.01242991 0.01686504 -0.04427118
v 0.02139729 0.00566676 -0.04128829
v 0.01473369 0.01260009 -0.04485913
v 0.01176108 0.01633839 -0.04527447
v 0.01231844 0.01535901 -0.04556035
v 0.01358180 0.01398232 -0.04535538
v 0.01124706 0.01448125 -0.04668231
v 0.01218219 0.01400634 -0.04628315
v 0.01039863 0.02174535 -0.03711870
v 0.00871415 0.02222766 -0.03725895
v 0.00859029 0.02176383 -0.03889873
v 0.01033670 0.01944102 -0.04232393
v 0.01104269 0.01865197 -0.04305752
v 0.00791526 0.02160676 -0.03990741
v 0.00859029 0.02105978 -0.04057088
v 0.00985984 0.01892730 -0.04344589
v 0.00871415 0.02036312 -0.04184926
v 0.00871415 0.01982538 -0.04271231
v -0.01662117 0.02143491 -0.02519252
v -0.01666452 0.02144784 -0.02346643
v -0.01576035 0.02178046 -0.02174573
v -0.01434217 0.02228309 -0.02174573
v -0.01282489 0.02277094 -0.02174573
v -0.01193931 0.02303704 -0.02174573
v -0.01186499 0.02301301 -0.02002504
v -0.01079361 0.02328096 -0.02002504
v -0.01091747 0.02314791 -0.01829356
v -0.01045919 0.02309247 -0.01657286
v -0.01014335 0.02301486 -0.01538079
v -0.00967888 0.02292062 -0.01423186
v -0.01079361 0.02246234 -0.01312608
v -0.01079361 0.02207982 -0.01140539
v -0.00901624 0.01814564 0.00575300
v -0.01966809 0.01956483 -0.03036538
v -0.01875773 0.02018757 -0.02942143
v -0.01805793 0.02057009 -0.02876336
v -0.01629913 0.02131294 -0.02863930
v -0.01649731 0.02138686 -0.02691321
v -0.02870979 0.00566676 -0.03938419
v -0.02410843 0.01192006 -0.03985347
v -0.02199045 0.01289206 -0.04123974
v -0.02080759 0.01355915 -0.04181151
v -0.02036170 0.01447940 -0.04137998
v -0.02306182 0.01240606 -0.04054391
v -0.02147643 0.01539596 -0.03902819
v -0.02092526 0.01498203 -0.04023106
v -0.02202141 0.01581174 -0.03770126
v -0.02083856 0.01625709 -0.03846721
v -0.02016972 0.01717734 -0.03757720
v -0.02057226 0.01744529 -0.03642288
v -0.02172415 0.01703320 -0.03553825
v -0.02083856 0.01760975 -0.03553825
v -0.02013876 0.01857990 -0.03381217
v -0.01925317 0.01906590 -0.03381217
v -0.01976099 0.01920264 -0.03204292
v 0.00354924 0.01872219 0.00575300
v 0.00347492 0.01873143 0.00575300
v 0.00336964 0.01874436 0.00575300
v 0.00339441 0.02301671 -0.01203110
v 0.00339441 0.02324955 -0.01312608
v 0.00339441 0.02357478 -0.01485217
v 0.00339441 0.02384272 -0.01657286
v 0.00339441 0.02405708 -0.01829895
v 0.00324578 0.02424002 -0.02016528
v 0.00371645 0.02429546 -0.02174573
v 0.00943253 0.02292062 -0.03262008
v 0.00909192 0.02283562 -0.03381217
v 0.00858410 0.02268224 -0.03542498
v 0.00871415 0.02331053 -0.03036538
v 0.00879466 0.02313128 -0.03206450
v 0.00406325 0.02432318 -0.02346643
v 0.00413137 0.02433057 -0.02519252
v 0.00694297 0.02379837 -0.02863930
v 0.00516559 0.02416241 -0.02691321
v 0.01045437 0.01810129 -0.04414172
v 0.00986604 0.01755062 -0.04515041
v 0.01047294 0.01677635 -0.04558192
v 0.02109383 0.00566676 -0.04152023
v 0.01384810 0.01260009 -0.04554956
v 0.00953781 0.01601316 -0.04672007
v 0.01059061 0.01547542 -0.04649891
v 0.01260331 0.01260009 -0.04640721
v 0.01006421 0.01509291 -0.04694662
v 0.01059061 0.01400634 -0.04711383
v 0.01153194 0.01356100 -0.04682795
v 0.00737028 0.02287072 -0.03592123
v 0.00684388 0.02270257 -0.03715646
v 0.00694297 0.02215559 -0.03898503
v 0.00694297 0.02171948 -0.04016632
v 0.00694297 0.02131849 -0.04102937
v 0.00871415 0.01913427 -0.04371559
v 0.00871415 0.01845239 -0.04457864
v 0.00680672 0.02055161 -0.04246958
v 0.00730216 0.02005083 -0.04307371
v -0.01561172 0.02171764 -0.02691321
v -0.01573558 0.02176199 -0.02519252
v -0.01577893 0.02178231 -0.02346643
v -0.01434217 0.02228864 -0.02346643
v -0.01283728 0.02277464 -0.02346643
v -0.01195169 0.02303889 -0.02346643
v -0.01079361 0.02333825 -0.02346643
v -0.01079361 0.02333270 -0.02174573
v -0.00902243 0.02372815 -0.02174573
v -0.00902243 0.02366717 -0.02002504
v -0.00902243 0.02355075 -0.01829895
v -0.00902243 0.02337336 -0.01657286
v -0.00905959 0.02312019 -0.01482520
v -0.00849603 0.02302225 -0.01368167
v -0.00905959 0.02280974 -0.01311529
v -0.00902243 0.02243462 -0.01140539
v -0.00731937 0.01849120 0.00575300
v -0.01860291 0.02011551 -0.03036538
v -0.01771732 0.02051465 -0.03036538
v -0.01597091 0.02124272 -0.03026829
v -0.01527730 0.02159567 -0.02962640
v -0.01541354 0.02164741 -0.02863930
v -0.02843730 0.00566676 -0.03969165
v -0.02238060 0.01197180 -0.04161732
v -0.02797283 0.00566676 -0.04020409
v -0.02018830 0.01284771 -0.04296043
v -0.01900545 0.01352034 -0.04348365
v -0.01968048 0.01400080 -0.04244800
v -0.01854098 0.01444245 -0.04308449
v -0.01917885 0.01500051 -0.04193557
v -0.02035551 0.01590229 -0.03961614
v -0.01976718 0.01544955 -0.04081900
v -0.01966809 0.01675232 -0.03899043
v -0.01898687 0.01755616 -0.03836472
v -0.01961236 0.01772986 -0.03710252
v -0.01858433 0.01871295 -0.03610463
v -0.01959378 0.01834152 -0.03553286
v -0.01895591 0.01890882 -0.03495570
v -0.01779163 0.01979027 -0.03377980
v -0.01713518 0.02025594 -0.03318646
v -0.01827468 0.01995658 -0.03208608
v 0.00161704 0.01889774 0.00575300
v 0.00161704 0.02308508 -0.01175061
v 0.00161704 0.02338260 -0.01312608
v 0.00161704 0.02370413 -0.01485217
v 0.00161704 0.02397023 -0.01657286
v 0.00161704 0.02417904 -0.01829895
v 0.00161704 0.02430654 -0.01965285
v 0.00255217 0.02434535 -0.02083414
v 0.00283086 0.02437122 -0.02174573
v 0.00820633 0.02304812 -0.03381217
v 0.00790287 0.02297791 -0.03477230
v 0.00694297 0.02367087 -0.03036538
v 0.00694297 0.02350640 -0.03208608
v 0.00317766 0.02439709 -0.02346643
v 0.00386508 0.02431024 -0.02691321
v 0.00323959 0.02439894 -0.02519252
v 0.00297949 0.02437861 -0.02691321
v 0.00516559 0.02407741 -0.02863930
v 0.00516559 0.02395175 -0.03036538
v 0.00871415 0.01776128 -0.04537695
v 0.00885659 0.01673200 -0.04632630
v 0.01961372 0.00566676 -0.04264758
v 0.01752670 0.00566676 -0.04411475
v 0.00835496 0.01626263 -0.04690346
v 0.00885659 0.01547542 -0.04720553
v 0.01171153 0.01260009 -0.04692504
v 0.01185397 0.01121786 -0.04701134
v 0.01273956 0.01121786 -0.04648273
v 0.01565024 0.00566676 -0.04534998
v 0.00871415 0.01398232 -0.04784202
v 0.01049152 0.01260009 -0.04749141
v 0.00684388 0.02306291 -0.03542498
v 0.00618743 0.02298530 -0.03650918
v 0.00516559 0.02285594 -0.03768508
v 0.00516559 0.02246973 -0.03898503
v 0.00516559 0.02188210 -0.04054930
v 0.00516559 0.02150328 -0.04141235
v 0.00673860 0.01945026 -0.04408239
v 0.00735789 0.01867599 -0.04484834
v 0.00516559 0.02092858 -0.04243182
v 0.00611931 0.02021529 -0.04331644
v -0.01434217 0.02216483 -0.02691321
v -0.01434217 0.02224983 -0.02519252
v -0.01277535 0.02275800 -0.02519252
v -0.01188976 0.02302041 -0.02519252
v -0.01079361 0.02330683 -0.02519252
v -0.00902243 0.02370967 -0.02519252
v -0.00902243 0.02373924 -0.02346643
v -0.00724506 0.02405338 -0.02346643
v -0.00724506 0.02403306 -0.02174573
v -0.00724506 0.02396284 -0.02002504
v -0.00724506 0.02383533 -0.01829895
v -0.00724506 0.02364500 -0.01657286
v -0.00724506 0.02339553 -0.01485217
v -0.00718313 0.02309617 -0.01311529
v -0.00773430 0.02290584 -0.01253274
v -0.00718313 0.02274322 -0.01150788
v -0.00724506 0.01850413 0.00575300
v -0.01738909 0.02036867 -0.03208608
v -0.01611954 0.02088793 -0.03208608
v -0.01505435 0.02151437 -0.03077533
v -0.01441648 0.02181003 -0.03026829
v -0.01434217 0.02202069 -0.02863930
v -0.02168699 0.01121786 -0.04270691
v -0.02056607 0.01192745 -0.04330565
v -0.02709962 0.00566676 -0.04099701
v -0.01833042 0.01260009 -0.04467034
v -0.01710422 0.01339099 -0.04509107
v -0.01782260 0.01391764 -0.04410936
v -0.01962474 0.01247258 -0.04371020
v -0.01735813 0.01495986 -0.04358614
v -0.01798361 0.01543846 -0.04251812
v -0.01860910 0.01592077 -0.04140156
v -0.01917266 0.01632546 -0.04025263
v -0.01848524 0.01724571 -0.03951365
v -0.01730239 0.01760051 -0.04013396
v -0.01789072 0.01786661 -0.03895806
v -0.01694320 0.01878686 -0.03805187
v -0.01795265 0.01853370 -0.03738840
v -0.01740148 0.01901415 -0.03690294
v -0.01795265 0.01921373 -0.03553286
v -0.01680696 0.02010811 -0.03433539
v -0.01617528 0.02051280 -0.03377980
v 0.00104729 0.01892361 0.00575300
v -0.00007983 0.01897350 0.00575300
v -0.00015414 0.02312389 -0.01159418
v -0.00015414 0.02345836 -0.01312608
v -0.00015414 0.02377250 -0.01485217
v -0.00015414 0.02403490 -0.01657286
v -0.00022226 0.02426220 -0.01844459
v 0.00032891 0.02433242 -0.01929145
v 0.00161704 0.02437122 -0.02051590
v 0.00161704 0.02443959 -0.02174573
v 0.00161704 0.02449133 -0.02346643
v 0.00694297 0.02329759 -0.03381217
v 0.00516559 0.02378729 -0.03208608
v 0.00266365 0.02435459 -0.02798122
v 0.00331391 0.02426959 -0.02859075
v 0.00161704 0.02449503 -0.02519252
v 0.00161704 0.02445253 -0.02691321
v 0.00339441 0.02414023 -0.03036538
v 0.00339441 0.02397762 -0.03208608
v 0.00683769 0.01817890 -0.04556575
v 0.00694297 0.01720321 -0.04653667
v 0.00694297 0.01651394 -0.04709225
v 0.00694297 0.01536085 -0.04778808
v 0.01049152 0.01121786 -0.04766402
v 0.01230605 0.00566676 -0.04713001
v 0.01403389 0.00566676 -0.04625618
v 0.00858410 0.01254650 -0.04819803
v 0.00697393 0.01400449 -0.04830052
v 0.00758084 0.01297336 -0.04841379
v 0.00890613 0.01121786 -0.04825736
v 0.00516559 0.02357663 -0.03381217
v 0.00516559 0.02330683 -0.03553825
v 0.00516559 0.02305736 -0.03682203
v 0.00389604 0.02293171 -0.03799793
v 0.00333868 0.02271181 -0.03883940
v 0.00356162 0.02193569 -0.04087834
v 0.00426762 0.02157719 -0.04156877
v 0.00617504 0.01884969 -0.04505871
v 0.00356162 0.02122979 -0.04232933
v 0.00516559 0.02031323 -0.04346208
v 0.00516559 0.01965168 -0.04432512
v -0.01257098 0.02259908 -0.02863930
v -0.01245951 0.02276170 -0.02703727
v -0.01179687 0.02299453 -0.02654641
v -0.00902243 0.02364315 -0.02691321
v -0.01096082 0.02318118 -0.02703727
v -0.00724506 0.02396653 -0.02691321
v -0.00724506 0.02402936 -0.02519252
v -0.00566586 0.02426774 -0.02346643
v -0.00537479 0.02426589 -0.02170797
v -0.00547388 0.02417719 -0.02002504
v -0.00547388 0.02404414 -0.01829895
v -0.00547388 0.02384827 -0.01657286
v -0.00547388 0.02359695 -0.01485217
v -0.00547388 0.02328096 -0.01312608
v -0.00655145 0.02298714 -0.01215516
v -0.00574017 0.01872403 0.00575300
v -0.01424927 0.02126120 -0.03377980
v -0.01476329 0.02140719 -0.03208608
v -0.01387769 0.02172872 -0.03208608
v -0.01257098 0.02240690 -0.03036538
v -0.02080140 0.01121786 -0.04351062
v -0.01961236 0.01126590 -0.04445457
v -0.01867103 0.01175744 -0.04494004
v -0.02698815 0.00566676 -0.04109410
v -0.01602045 0.01255943 -0.04621303
v -0.01490572 0.01299369 -0.04660679
v -0.01605142 0.01390471 -0.04539314
v -0.01659640 0.01431309 -0.04473506
v -0.01744483 0.01260009 -0.04531762
v -0.01541354 0.01480463 -0.04513422
v -0.01608857 0.01534053 -0.04413633
v -0.01675741 0.01587827 -0.04310068
v -0.01742625 0.01633285 -0.04195175
v -0.01795265 0.01678928 -0.04077045
v -0.01669548 0.01725495 -0.04128829
v -0.01610715 0.01789987 -0.04071112
v -0.01522776 0.01881458 -0.03984268
v -0.01626198 0.01862055 -0.03915765
v -0.01576035 0.01906959 -0.03869376
v -0.01626198 0.01936341 -0.03738840
v -0.01522776 0.02019681 -0.03639591
v -0.01617528 0.01998615 -0.03570547
v -0.01562410 0.02036682 -0.03524698
v -0.00204299 0.01897720 0.00575300
v -0.00192532 0.02312389 -0.01158339
v -0.00192532 0.02345836 -0.01312608
v -0.00192532 0.02377435 -0.01485217
v -0.00085394 0.02434720 -0.01911884
v -0.00192532 0.02403675 -0.01657286
v -0.00022226 0.02439155 -0.01992795
v -0.00015414 0.02449318 -0.02174573
v -0.00015414 0.02454308 -0.02346643
v 0.00144983 0.02437307 -0.02859075
v 0.00192669 0.02432133 -0.02913555
v -0.00015414 0.02454493 -0.02519252
v -0.00015414 0.02449873 -0.02691321
v 0.00144983 0.02426035 -0.03019277
v 0.00161704 0.02407741 -0.03208608
v 0.00339441 0.02376511 -0.03381217
v 0.00584063 0.01737691 -0.04669310
v 0.00521514 0.01684657 -0.04720553
v 0.00506031 0.01524259 -0.04816027
v 0.00558052 0.01448125 -0.04841379
v 0.01049152 0.00566676 -0.04785821
v 0.00899283 0.00983747 -0.04828433
v 0.00790287 0.01205126 -0.04848931
v 0.00639799 0.01355915 -0.04853785
v 0.00697393 0.01254650 -0.04860797
v 0.00801435 0.01121786 -0.04852167
v 0.00810724 0.00983747 -0.04854864
v 0.00339441 0.02349716 -0.03553825
v 0.00333868 0.02312574 -0.03736143
v 0.00271319 0.02297606 -0.03817054
v 0.00161704 0.02271550 -0.03907673
v 0.00161704 0.02211863 -0.04070573
v 0.00308477 0.02164002 -0.04168744
v 0.00516559 0.01896241 -0.04518816
v 0.00521514 0.01803846 -0.04615909
v 0.00161704 0.02120577 -0.04262061
v 0.00339441 0.02045182 -0.04367244
v 0.00339441 0.01981614 -0.04453549
v -0.01118377 0.02282268 -0.03036538
v -0.01151199 0.02291508 -0.02863930
v -0.01166062 0.02295388 -0.02769534
v -0.01062640 0.02314791 -0.02863930
v -0.00902243 0.02352119 -0.02863930
v -0.00724506 0.02385566 -0.02863930
v -0.00547388 0.02410512 -0.02863930
v -0.00547388 0.02420861 -0.02691321
v -0.00536860 0.02427328 -0.02535434
v -0.00470595 0.02435459 -0.02488506
v -0.00478027 0.02436198 -0.02346643
v -0.00471834 0.02435644 -0.02224738
v -0.00443346 0.02433242 -0.02110384
v -0.00378320 0.02430470 -0.01994952
v -0.00369650 0.02417535 -0.01829895
v -0.00369650 0.02397577 -0.01657286
v -0.00369650 0.02371891 -0.01485217
v -0.00547388 0.02303334 -0.01195019
v -0.00369650 0.02339922 -0.01312608
v -0.00547388 0.02283007 -0.01108714
v -0.00458829 0.01884230 0.00575300
v -0.00546768 0.01875730 0.00575300
v -0.00567205 0.01873327 0.00575300
v -0.01324602 0.02150513 -0.03433539
v -0.01359901 0.02162894 -0.03318646
v -0.01257098 0.02215559 -0.03208608
v -0.02015734 0.00983747 -0.04470809
v -0.01898687 0.01083719 -0.04516659
v -0.01800219 0.01126590 -0.04560890
v -0.02612114 0.00566676 -0.04178454
v -0.01655924 0.01121786 -0.04650970
v -0.01536400 0.01207159 -0.04680637
v -0.01432359 0.01255943 -0.04698977
v -0.01372287 0.01347969 -0.04683873
v -0.01432359 0.01395645 -0.04629394
v -0.01420592 0.01530172 -0.04536077
v -0.01351850 0.01608708 -0.04505331
v -0.01470136 0.01572304 -0.04469191
v -0.01557456 0.01626078 -0.04354299
v -0.01613193 0.01675787 -0.04245339
v -0.01551263 0.01758388 -0.04180071
v -0.01452176 0.01860207 -0.04083519
v -0.01404490 0.01907698 -0.04033894
v -0.01294256 0.01999724 -0.03936262
v -0.01438552 0.01953342 -0.03902819
v -0.01354947 0.02023192 -0.03821369
v -0.01485618 0.02004159 -0.03725895
v -0.01396440 0.02039823 -0.03725895
v -0.01257098 0.02091749 -0.03725895
v -0.01161727 0.02155872 -0.03632578
v -0.01452176 0.02066987 -0.03570547
v -0.00227832 0.01896980 0.00575300
v -0.00369650 0.02288920 -0.01084441
v -0.00369650 0.02309247 -0.01170745
v -0.00122552 0.02434720 -0.01911884
v -0.00185720 0.02426035 -0.01844459
v -0.00192532 0.02448025 -0.02174573
v -0.00192532 0.02452460 -0.02346643
v 0.00074384 0.02434350 -0.02950773
v -0.00192532 0.02452090 -0.02519252
v -0.00004886 0.02439340 -0.02879573
v -0.00192532 0.02446916 -0.02691321
v -0.00192532 0.02438785 -0.02835881
v -0.00015414 0.02409958 -0.03208608
v 0.00161704 0.02386305 -0.03381217
v 0.00465777 0.01751920 -0.04681716
v 0.00339441 0.01674308 -0.04754535
v 0.00439767 0.01470485 -0.04847852
v 0.00339441 0.01551053 -0.04824118
v 0.00506031 0.01400449 -0.04859718
v 0.00909192 0.00566676 -0.04831670
v 0.00694297 0.01121786 -0.04875362
v 0.00516559 0.01260009 -0.04887768
v 0.00516559 0.01121786 -0.04903950
v 0.00694297 0.00983747 -0.04881835
v 0.00694297 0.00845524 -0.04883453
v 0.00812582 0.00845524 -0.04855943
v 0.00161704 0.02359511 -0.03553825
v 0.00161704 0.02323291 -0.03725895
v 0.00161704 0.02298899 -0.03821908
v -0.00015414 0.02299084 -0.03821908
v -0.00015414 0.02271365 -0.03908213
v 0.00161704 0.02167328 -0.04175756
v -0.00015414 0.02210754 -0.04070573
v 0.00339441 0.01912503 -0.04537156
v 0.00339441 0.01831565 -0.04623460
v -0.00015414 0.02120577 -0.04259903
v -0.00015414 0.02051650 -0.04378032
v 0.00161704 0.02051465 -0.04377493
v 0.00161704 0.01989930 -0.04463797
v -0.01069452 0.02271550 -0.03204832
v -0.01003188 0.02299453 -0.03144419
v -0.01029198 0.02306106 -0.03036538
v -0.00724506 0.02369489 -0.03036538
v -0.00902243 0.02335303 -0.03036538
v -0.00547388 0.02395175 -0.03036538
v -0.00369650 0.02412360 -0.03036538
v -0.00366554 0.02427328 -0.02860154
v -0.00431580 0.02432502 -0.02691321
v -0.00458209 0.02434166 -0.02603398
v -0.00386990 0.02441003 -0.02535434
v -0.00369650 0.02443959 -0.02346643
v -0.00378320 0.02439525 -0.02170797
v -0.00325061 0.02436753 -0.02047814
v -0.00240218 0.02433242 -0.01932921
v -0.00369650 0.01890882 0.00575300
v -0.01262053 0.02138501 -0.03566232
v -0.01206316 0.02170840 -0.03517685
v -0.01262053 0.02182851 -0.03377980
v -0.01079361 0.02238103 -0.03381217
v -0.01926555 0.00983747 -0.04536077
v -0.01777925 0.00983008 -0.04628854
v -0.01686889 0.01028836 -0.04667692
v -0.02510549 0.00566676 -0.04252352
v -0.01567365 0.01121786 -0.04694122
v -0.01434217 0.01121786 -0.04739971
v -0.01257098 0.01260009 -0.04748602
v -0.01304784 0.01440179 -0.04658521
v -0.01079361 0.01398232 -0.04744826
v -0.01250286 0.01395645 -0.04698977
v -0.01186499 0.01476768 -0.04680637
v -0.01250286 0.01527955 -0.04615909
v -0.01356186 0.01748594 -0.04335959
v -0.01413161 0.01663406 -0.04402845
v -0.01257098 0.01630513 -0.04526907
v -0.01132620 0.01727713 -0.04483755
v -0.01257098 0.01699625 -0.04450312
v -0.01474471 0.01718104 -0.04294964
v -0.01423069 0.01780378 -0.04239945
v -0.01334510 0.01877023 -0.04149326
v -0.01255241 0.01950200 -0.04070033
v -0.01175971 0.02022638 -0.03990741
v -0.01244093 0.02038715 -0.03886637
v -0.00988325 0.02157165 -0.03810042
v -0.01093605 0.02143860 -0.03741537
v -0.01043442 0.02173796 -0.03694610
v -0.01093605 0.02193199 -0.03566232
v -0.00361599 0.01891252 0.00575300
v -0.00185720 0.02438601 -0.01994952
v 0.00060759 0.02434350 -0.02950773
v -0.00004886 0.02428437 -0.03019277
v -0.00343021 0.02438785 -0.02691321
v -0.00057526 0.02433981 -0.02947537
v -0.00305244 0.02435829 -0.02800280
v -0.00192532 0.02432133 -0.02922185
v -0.00015414 0.02387968 -0.03381217
v -0.00192532 0.02422524 -0.03036538
v -0.00192532 0.02404784 -0.03208608
v 0.00339441 0.01762453 -0.04690886
v 0.00161704 0.01771138 -0.04698437
v 0.00161704 0.01674308 -0.04768020
v 0.00339441 0.01482127 -0.04852167
v 0.00339441 0.01398232 -0.04874822
v 0.00161704 0.01562141 -0.04830052
v 0.00820633 0.00566676 -0.04856482
v 0.00516559 0.00983747 -0.04910962
v 0.00339441 0.01260009 -0.04901253
v 0.00339441 0.01121786 -0.04917974
v 0.00339441 0.00983747 -0.04925526
v 0.00691200 0.00566676 -0.04883991
v 0.00694297 0.00566676 -0.04883453
v 0.00516559 0.00845524 -0.04912580
v -0.00015414 0.02360989 -0.03553825
v -0.00015414 0.02324031 -0.03725895
v -0.00126887 0.02297791 -0.03817593
v -0.00188197 0.02270996 -0.03884479
v -0.00192532 0.02201330 -0.04070573
v -0.00015414 0.02166220 -0.04173599
v -0.00192532 0.02161415 -0.04164429
v 0.00161704 0.01920818 -0.04546865
v 0.00161704 0.01840250 -0.04632630
v -0.00192532 0.02115403 -0.04250194
v -0.00192532 0.02046291 -0.04369941
v -0.00015414 0.01991039 -0.04464337
v -0.00015414 0.01921927 -0.04549023
v -0.00967269 0.02290399 -0.03259311
v -0.00905339 0.02313128 -0.03204832
v -0.00724506 0.02348608 -0.03208608
v -0.00547388 0.02374848 -0.03208608
v -0.00369650 0.02393142 -0.03208608
v -0.00902243 0.02248821 -0.03553825
v -0.00905339 0.02281714 -0.03391465
v -0.01953804 0.00845524 -0.04554956
v -0.01819417 0.00845524 -0.04641261
v -0.01711660 0.00936626 -0.04679558
v -0.01621243 0.00983008 -0.04706528
v -0.02402792 0.00566676 -0.04325171
v -0.01434217 0.00983747 -0.04770178
v -0.01257098 0.01121786 -0.04784742
v -0.01079361 0.01260009 -0.04789596
v -0.00902243 0.01398232 -0.04784742
v -0.00724506 0.01536085 -0.04762087
v -0.00909055 0.01545325 -0.04716237
v -0.01079361 0.01503008 -0.04695740
v -0.00972843 0.01597436 -0.04668770
v -0.01079361 0.01571935 -0.04649891
v -0.01257098 0.01769475 -0.04364008
v -0.01126427 0.01865197 -0.04303595
v -0.01268246 0.01844500 -0.04245339
v -0.01075645 0.01678743 -0.04557653
v -0.01014335 0.01752844 -0.04512344
v -0.01070072 0.01809020 -0.04411475
v -0.01216225 0.01900492 -0.04188702
v -0.01079361 0.01995474 -0.04111028
v -0.00974700 0.02014692 -0.04147168
v -0.01079361 0.02039269 -0.04024724
v -0.01079361 0.02092119 -0.03898503
v -0.00918345 0.02140164 -0.03906594
v -0.00870040 0.02173057 -0.03854272
v -0.00918345 0.02195417 -0.03741537
v -0.00192532 0.02382055 -0.03381217
v -0.00015414 0.01842652 -0.04635327
v -0.00015414 0.01773541 -0.04700056
v -0.00015414 0.01674308 -0.04770178
v 0.00161704 0.01493214 -0.04855943
v 0.00161704 0.01398232 -0.04880756
v -0.00015414 0.01560662 -0.04830052
v 0.00339441 0.00845524 -0.04927684
v 0.00161704 0.01260009 -0.04906107
v 0.00161704 0.01121786 -0.04922829
v 0.00161704 0.00983747 -0.04931459
v 0.00516559 0.00707301 -0.04912580
v 0.00516559 0.00569263 -0.04909883
v 0.00513463 0.00566676 -0.04909883
v -0.00192532 0.02353782 -0.03553825
v -0.00188197 0.02314052 -0.03736683
v -0.00244553 0.02293171 -0.03801411
v -0.00369650 0.02250115 -0.03898503
v -0.00352310 0.02183405 -0.04077585
v -0.00281091 0.02157904 -0.04156877
v -0.00352310 0.02110968 -0.04225921
v -0.00369650 0.02036127 -0.04353759
v -0.00192532 0.01984941 -0.04456246
v -0.00192532 0.01915829 -0.04542550
v -0.00848984 0.02304258 -0.03341301
v -0.00735653 0.02317563 -0.03391465
v -0.00547388 0.02349347 -0.03381217
v -0.00369650 0.02369119 -0.03381217
v -0.00724506 0.02246419 -0.03725895
v -0.00735653 0.02284670 -0.03563535
v -0.00801917 0.02293910 -0.03456194
v -0.02192852 0.00566676 -0.04465415
v -0.02101815 0.00566676 -0.04524210
v -0.01748818 0.00707301 -0.04699516
v -0.01730858 0.00845524 -0.04689807
v -0.01611954 0.00845524 -0.04737814
v -0.01434217 0.00845524 -0.04793372
v -0.01257098 0.00983747 -0.04812251
v -0.01066975 0.01113285 -0.04825197
v -0.00950548 0.01153754 -0.04839761
v -0.00895431 0.01254465 -0.04826815
v -0.00761044 0.01296782 -0.04839221
v -0.00710881 0.01386590 -0.04822500
v -0.00547388 0.01536085 -0.04791214
v -0.00531905 0.01679298 -0.04708686
v -0.00724506 0.01639568 -0.04700595
v -0.00854557 0.01619795 -0.04685492
v -0.00909055 0.01669319 -0.04626157
v -0.01008142 0.01888111 -0.04339195
v -0.01072549 0.01921558 -0.04245339
v -0.00902243 0.01770769 -0.04531762
v -0.00902243 0.01839880 -0.04448694
v -0.00910294 0.01980136 -0.04239945
v -0.00856415 0.02032801 -0.04180071
v -0.00910294 0.02065509 -0.04081900
v -0.00789531 0.02151991 -0.03969165
v -0.00728221 0.02188395 -0.03906594
v -0.00192532 0.01835815 -0.04628854
v -0.00192532 0.01766704 -0.04694122
v -0.00192532 0.01674308 -0.04759390
v -0.00192532 0.01549760 -0.04825197
v -0.00015414 0.01491736 -0.04855403
v -0.00015414 0.01398232 -0.04879138
v -0.00015414 0.01260009 -0.04905029
v -0.00192532 0.01480833 -0.04851627
v 0.00339441 0.00707301 -0.04927684
v 0.00161704 0.00845524 -0.04933617
v -0.00015414 0.01121786 -0.04921750
v -0.00015414 0.00983747 -0.04930920
v -0.00015414 0.00845524 -0.04934156
v 0.00339441 0.00566676 -0.04922829
v -0.00369650 0.02339553 -0.03553825
v -0.00369650 0.02309617 -0.03692452
v -0.00369650 0.02287442 -0.03778756
v -0.00547388 0.02226092 -0.03898503
v -0.00547388 0.02177307 -0.04029039
v -0.00399376 0.02149958 -0.04140156
v -0.00492890 0.02026518 -0.04339735
v -0.00369650 0.01972190 -0.04440063
v -0.00369650 0.01903079 -0.04527447
v -0.00683632 0.02304628 -0.03512831
v -0.00554819 0.02315346 -0.03563535
v -0.00554819 0.02278388 -0.03723198
v -0.00619226 0.02293725 -0.03627723
v -0.01754392 0.00566676 -0.04704371
v -0.01615050 0.00566676 -0.04768560
v -0.01611954 0.00707301 -0.04757232
v -0.01434217 0.00707301 -0.04811712
v -0.01311596 0.00707301 -0.04839761
v -0.01252763 0.00851622 -0.04833288
v -0.01158631 0.00901701 -0.04844615
v -0.01123331 0.00983747 -0.04838143
v -0.00999472 0.01061544 -0.04848391
v -0.00895431 0.01113285 -0.04856482
v -0.00832263 0.01204757 -0.04850009
v -0.00642759 0.01332816 -0.04847852
v -0.00547388 0.01423733 -0.04834906
v -0.00413001 0.01451451 -0.04842458
v -0.00360361 0.01524259 -0.04819263
v -0.00369650 0.01674308 -0.04737274
v -0.00461925 0.01744159 -0.04675243
v -0.00724506 0.01708679 -0.04643958
v -0.00580210 0.01728637 -0.04661758
v -0.00902243 0.01905111 -0.04362390
v -0.00724506 0.01999539 -0.04297122
v -0.00724506 0.01795531 -0.04557653
v -0.00621084 0.01878132 -0.04497779
v -0.00724506 0.01864642 -0.04481058
v -0.00724506 0.01930427 -0.04395293
v -0.00724506 0.02050356 -0.04210818
v -0.00728221 0.02123533 -0.04064639
v -0.00671246 0.02166035 -0.04003148
v -0.00369650 0.01821401 -0.04613751
v -0.00369650 0.01752475 -0.04682255
v -0.00294716 0.01470670 -0.04847852
v -0.00192532 0.01398232 -0.04871585
v -0.00192532 0.01260009 -0.04898016
v -0.00192532 0.01121786 -0.04915817
v 0.00161704 0.00707301 -0.04933617
v -0.00369650 0.00983747 -0.04921211
v -0.00192532 0.00983747 -0.04926604
v -0.00369650 0.00845524 -0.04929841
v -0.00192532 0.00845524 -0.04932538
v -0.00015414 0.00707301 -0.04934156
v -0.00369650 0.00707301 -0.04932538
v -0.00192532 0.00707301 -0.04933617
v 0.00161704 0.00566676 -0.04928762
v -0.00500941 0.02302041 -0.03663324
v -0.00547388 0.02138132 -0.04115343
v -0.00549865 0.02063291 -0.04255048
v -0.00611175 0.02014137 -0.04320856
v -0.00556677 0.01952602 -0.04418488
v -0.00502798 0.01891067 -0.04512883
v -0.01611954 0.00566676 -0.04769639
v -0.01426785 0.00566676 -0.04827894
v -0.01421831 0.00570372 -0.04828973
v -0.01336987 0.00617309 -0.04845155
v -0.01223037 0.00707301 -0.04857561
v -0.01190834 0.00809490 -0.04851627
v -0.01091128 0.00851622 -0.04864034
v -0.01034153 0.00983747 -0.04854864
v -0.00902243 0.00983747 -0.04876441
v -0.00724506 0.01121786 -0.04879676
v -0.00710881 0.01254465 -0.04855943
v -0.00547388 0.01260009 -0.04873203
v -0.00547388 0.01354621 -0.04853246
v -0.00360361 0.01402482 -0.04858640
v -0.00541195 0.01811238 -0.04587320
v -0.00369650 0.01260009 -0.04887228
v -0.00547388 0.01121786 -0.04896938
v -0.00369650 0.01121786 -0.04907186
v -0.00547388 0.00983747 -0.04914198
v -0.00015414 0.00566676 -0.04929841
v -0.00547388 0.00845524 -0.04924986
v -0.00547388 0.00707301 -0.04929841
v -0.00018511 0.00566676 -0.04929841
v -0.00550484 0.00566676 -0.04927144
v -0.00372747 0.00566676 -0.04928762
v -0.01420592 0.00566676 -0.04829512
v -0.01416257 0.00566676 -0.04830591
v -0.01346277 0.00566676 -0.04846773
v -0.01271962 0.00566676 -0.04861337
v -0.01268865 0.00566676 -0.04861876
v -0.01079361 0.00707301 -0.04882374
v -0.00902243 0.00845524 -0.04894241
v -0.00724506 0.00983747 -0.04899635
v -0.00724506 0.00845524 -0.04913659
v -0.00724506 0.00707301 -0.04921750
v -0.00724506 0.00569263 -0.04922829
v -0.00724506 0.00566676 -0.04922829
v -0.01079361 0.00566676 -0.04893162
v -0.00902243 0.00707301 -0.04906107
v -0.00905339 0.00566676 -0.04912041
v 0.02321507 -0.00615133 0.00575840
v 0.02738530 -0.00615133 -0.00703893
v 0.02752594 -0.00665427 -0.00805105
v 0.02739142 -0.00752431 -0.00868695
v 0.02295214 -0.00674054 0.00575840
v -0.02561088 -0.00615133 0.00575840
v 0.02769715 -0.00615133 -0.00801396
v 0.02801512 -0.00674421 -0.00967788
v 0.02754428 -0.00782717 -0.00967788
v 0.02733638 -0.00879082 -0.01059462
v 0.02718963 -0.00851916 -0.00967788
v 0.02690224 -0.00804193 -0.00805105
v 0.02235290 -0.00782900 0.00575840
v -0.02532960 -0.00674604 0.00575840
v -0.03080838 -0.00667262 -0.00976266
v -0.03124864 -0.00616602 -0.01039855
v -0.03124864 -0.00615133 -0.01038796
v 0.02822302 -0.00615133 -0.00967788
v 0.02842480 -0.00615133 -0.01041445
v 0.02868773 -0.00615133 -0.01137889
v 0.02848595 -0.00674421 -0.01140538
v 0.02777053 -0.00824934 -0.01126231
v 0.02747702 -0.00906248 -0.01174452
v 0.02709180 -0.00951585 -0.01126231
v 0.02662096 -0.00950667 -0.00967788
v 0.02600338 -0.00956908 -0.00792388
v 0.02577713 -0.00914875 -0.00654611
v 0.02231009 -0.00790243 0.00575840
v -0.02452857 -0.00820529 0.00575840
v -0.02940811 -0.00878715 -0.00887241
v -0.02993398 -0.00824567 -0.00954010
v -0.03107742 -0.00716087 -0.01140538
v -0.03138316 -0.00647071 -0.01140538
v -0.03149322 -0.00615133 -0.01140538
v 0.02888952 -0.00615133 -0.01221085
v 0.02823525 -0.00812636 -0.01312759
v 0.02886506 -0.00667997 -0.01313819
v 0.02762377 -0.00933597 -0.01312759
v 0.02725078 -0.01002613 -0.01312759
v 0.02613179 -0.01102098 -0.01124641
v 0.02588720 -0.01066489 -0.00967788
v 0.02569153 -0.01036937 -0.00847498
v 0.02548974 -0.01007018 -0.00732508
v 0.02187595 -0.00859075 0.00575840
v -0.02448577 -0.00827687 0.00575840
v -0.02761650 -0.01153310 -0.00891481
v -0.02959155 -0.00907716 -0.01001702
v -0.02443074 -0.00836681 0.00575840
v -0.02380092 -0.00933964 0.00575840
v -0.03056379 -0.00812636 -0.01140538
v -0.03119360 -0.00741785 -0.01230093
v -0.03156660 -0.00687269 -0.01297392
v -0.03185399 -0.00615133 -0.01304810
v 0.02899959 -0.00615133 -0.01276195
v 0.02896901 -0.00706359 -0.01484980
v 0.02850429 -0.00812636 -0.01484980
v 0.02773384 -0.00963700 -0.01470672
v 0.02917079 -0.00617519 -0.01372109
v 0.02733638 -0.01018398 -0.01403903
v 0.02668823 -0.01088883 -0.01312759
v 0.02572822 -0.01177722 -0.01171803
v 0.02556312 -0.01156981 -0.01056813
v 0.02541025 -0.01135505 -0.00967788
v 0.02127059 -0.00944610 0.00575840
v -0.02650974 -0.01237193 -0.00786559
v -0.02604502 -0.01314469 -0.00837960
v -0.02724962 -0.01224895 -0.00956660
v -0.02779994 -0.01177355 -0.01006471
v -0.02891282 -0.01078604 -0.01149547
v -0.02929193 -0.00999860 -0.01098146
v -0.02370920 -0.00947547 0.00575840
v -0.02275531 -0.01070527 0.00575840
v -0.02975053 -0.00952687 -0.01149547
v -0.03017245 -0.00950667 -0.01312759
v -0.03095513 -0.00811718 -0.01297392
v -0.03130978 -0.00764912 -0.01345083
v -0.03195183 -0.00674421 -0.01484980
v -0.03217807 -0.00615133 -0.01484980
v 0.02917691 -0.00615133 -0.01370519
v 0.02905461 -0.00727835 -0.01626995
v 0.02925029 -0.00637343 -0.01484980
v 0.02803958 -0.00950667 -0.01657730
v 0.02879780 -0.00799053 -0.01673628
v 0.02742811 -0.01032348 -0.01518894
v 0.02701231 -0.01082642 -0.01470672
v 0.02589943 -0.01199198 -0.01312759
v 0.02534299 -0.01268397 -0.01312759
v 0.02520235 -0.01225079 -0.01124641
v 0.02399775 -0.01317956 -0.00999582
v 0.02449304 -0.01240130 -0.00952420
v 0.02421177 -0.01206723 -0.00795567
v 0.02048791 -0.01048317 0.00575840
v 0.02053683 -0.01042077 0.00575840
v 0.02122779 -0.00950484 0.00575840
v -0.02581878 -0.01289873 -0.00722969
v -0.02628349 -0.01340717 -0.00967788
v -0.02270639 -0.01076217 0.00575840
v -0.02215607 -0.01139360 0.00575840
v -0.02563533 -0.01409916 -0.00967788
v -0.02743917 -0.01270600 -0.01140538
v -0.02799561 -0.01201400 -0.01140538
v -0.02909626 -0.01112010 -0.01312759
v -0.02946314 -0.01025557 -0.01213136
v -0.03050264 -0.00950667 -0.01484980
v -0.03105908 -0.00856321 -0.01484980
v -0.02958543 -0.01042811 -0.01312759
v -0.03142596 -0.00787306 -0.01484980
v -0.03214750 -0.00674421 -0.01657730
v -0.03237986 -0.00615133 -0.01660910
v 0.02932366 -0.00615133 -0.01484980
v 0.02912188 -0.00743987 -0.01741986
v 0.02930532 -0.00678826 -0.01673628
v 0.02936647 -0.00615133 -0.01522603
v 0.02952545 -0.00615133 -0.01666209
v 0.02885283 -0.00821997 -0.01829951
v 0.02819856 -0.00950667 -0.01829951
v 0.02750760 -0.01044830 -0.01657730
v 0.02704288 -0.01114029 -0.01657730
v 0.02605229 -0.01217553 -0.01484980
v 0.02549586 -0.01286752 -0.01484980
v 0.02388769 -0.01444241 -0.01356742
v 0.02437687 -0.01376693 -0.01304810
v 0.02376539 -0.01430474 -0.01241751
v 0.02422400 -0.01344204 -0.01140538
v 0.02360030 -0.01413404 -0.01140538
v 0.02338017 -0.01364579 -0.00952420
v 0.02378374 -0.01294829 -0.00884592
v 0.02361864 -0.01275739 -0.00795567
v 0.01991313 -0.01114029 0.00575840
v -0.02583101 -0.01429373 -0.01069530
v -0.02212549 -0.01142296 0.00575840
v -0.02114714 -0.01235174 0.00575840
v -0.02463864 -0.01506281 -0.00980506
v -0.02759204 -0.01288771 -0.01253409
v -0.02649139 -0.01376142 -0.01132060
v -0.02813625 -0.01236459 -0.01311699
v -0.02926136 -0.01135688 -0.01484980
v -0.02975665 -0.01066673 -0.01484980
v -0.03081450 -0.00937452 -0.01672038
v -0.03115080 -0.00872474 -0.01623816
v -0.03146265 -0.00820896 -0.01672038
v -0.03225145 -0.00674421 -0.01829951
v -0.03248992 -0.00615133 -0.01829951
v -0.03159717 -0.00812636 -0.01829951
v 0.02945818 -0.00674421 -0.01829951
v 0.02915857 -0.00752981 -0.01829951
v 0.02966609 -0.00615133 -0.01829951
v 0.02922583 -0.00767482 -0.02002172
v 0.02891398 -0.00836498 -0.02002172
v 0.02831474 -0.00950667 -0.02002172
v 0.02758097 -0.01055660 -0.01829951
v 0.02632746 -0.01227098 -0.01829951
v 0.02606453 -0.01239763 -0.01649252
v 0.02711625 -0.01124859 -0.01829951
v 0.02555700 -0.01294278 -0.01586192
v 0.02480489 -0.01365313 -0.01484980
v 0.02399164 -0.01455988 -0.01484980
v 0.02334959 -0.01525004 -0.01484980
v 0.02328233 -0.01495635 -0.01304810
v 0.02213277 -0.01582272 -0.01196179
v 0.02264640 -0.01511421 -0.01139479
v 0.02239570 -0.01471590 -0.00967788
v 0.01903872 -0.01204154 0.00575840
v 0.01988255 -0.01117333 0.00575840
v -0.02600222 -0.01447177 -0.01184521
v -0.02413723 -0.01574930 -0.01046214
v -0.02529903 -0.01497287 -0.01132060
v -0.02114102 -0.01235725 0.00575840
v -0.02772045 -0.01304190 -0.01368399
v -0.02713344 -0.01356135 -0.01311699
v -0.02937142 -0.01151107 -0.01657730
v -0.02854594 -0.01227098 -0.01484980
v -0.02986671 -0.01082091 -0.01657730
v -0.03081450 -0.00954706 -0.01829951
v -0.03120583 -0.00882386 -0.01738806
v -0.03228814 -0.00674421 -0.02002172
v -0.03253273 -0.00615133 -0.02002172
v -0.03122418 -0.00885690 -0.01829951
v -0.03163386 -0.00812636 -0.02002172
v 0.02959271 -0.00674421 -0.02002172
v 0.02978838 -0.00615133 -0.02002172
v 0.02969666 -0.00674421 -0.02174392
v 0.02927474 -0.00776843 -0.02174392
v 0.02895067 -0.00845859 -0.02174392
v 0.02837589 -0.00950667 -0.02174392
v 0.02763601 -0.01063002 -0.02002172
v 0.02641306 -0.01227098 -0.02002172
v 0.02566707 -0.01307310 -0.01829951
v 0.02561815 -0.01301436 -0.01700653
v 0.02716517 -0.01132201 -0.02002172
v 0.02509229 -0.01354667 -0.01649252
v 0.02409559 -0.01467001 -0.01657730
v 0.02345966 -0.01536200 -0.01657730
v 0.02257303 -0.01625407 -0.01657730
v 0.02246296 -0.01614027 -0.01484980
v 0.02229175 -0.01597140 -0.01312759
v 0.02191875 -0.01562448 -0.01081718
v 0.02150295 -0.01666156 -0.01312759
v 0.02040842 -0.01722690 -0.01185580
v 0.02116664 -0.01643762 -0.01133649
v 0.01826216 -0.01277391 0.00575840
v -0.02616120 -0.01464248 -0.01312759
v -0.02546412 -0.01533263 -0.01312759
v -0.02317722 -0.01668542 -0.01123051
v -0.02430844 -0.01588880 -0.01140538
v -0.01969184 -0.01357053 0.00575840
v -0.01964904 -0.01360541 0.00575840
v -0.01963069 -0.01362009 0.00575840
v -0.01956343 -0.01367148 0.00575840
v -0.02232728 -0.01710392 -0.01054163
v -0.02782440 -0.01316671 -0.01484980
v -0.02722516 -0.01385687 -0.01484980
v -0.02942034 -0.01157348 -0.01754704
v -0.02877218 -0.01227098 -0.01657730
v -0.02983614 -0.01102465 -0.01819353
v -0.03082672 -0.00957826 -0.02002172
v -0.03124252 -0.00888810 -0.02002172
v -0.03226368 -0.00674421 -0.02174392
v -0.03252049 -0.00615133 -0.02091196
v -0.03160940 -0.00812636 -0.02174392
v -0.03123029 -0.00886791 -0.02174392
v 0.02988622 -0.00615133 -0.02174392
v 0.02991068 -0.00615133 -0.02248050
v 0.02993513 -0.00615133 -0.02346613
v 0.02973335 -0.00674421 -0.02346613
v 0.02928698 -0.00778312 -0.02346613
v 0.02895067 -0.00847327 -0.02346613
v 0.02836365 -0.00950667 -0.02346613
v 0.02766046 -0.01065755 -0.02174392
v 0.02644975 -0.01227098 -0.02174392
v 0.02570987 -0.01312083 -0.02002172
v 0.02505560 -0.01376510 -0.01829951
v 0.02717740 -0.01134771 -0.02174392
v 0.02416897 -0.01474160 -0.01829951
v 0.02352081 -0.01543359 -0.01829951
v 0.02263417 -0.01632198 -0.01829951
v 0.02192487 -0.01701398 -0.01829951
v 0.02184537 -0.01694423 -0.01657730
v 0.02171085 -0.01683042 -0.01484980
v 0.02018218 -0.01705252 -0.01070590
v 0.02079365 -0.01618248 -0.00967788
v 0.02082422 -0.01756096 -0.01484980
v 0.02061020 -0.01739026 -0.01312759
v 0.01968077 -0.01808042 -0.01312759
v 0.01858624 -0.01856132 -0.01199888
v 0.01938726 -0.01781243 -0.01135239
v 0.01744279 -0.01344938 0.00575840
v -0.02633853 -0.01482052 -0.01484980
v -0.02565368 -0.01551252 -0.01484980
v -0.02457138 -0.01611640 -0.01312759
v -0.02256575 -0.01726911 -0.01169153
v -0.02370920 -0.01680656 -0.01312759
v -0.01821819 -0.01464248 0.00575840
v -0.02043172 -0.01840714 -0.01079599
v -0.02070076 -0.01858152 -0.01194589
v -0.01800418 -0.01479666 0.00575840
v -0.01678735 -0.01558961 0.00575840
v -0.01897642 -0.01860905 -0.00843259
v -0.02734745 -0.01399270 -0.01657730
v -0.02793446 -0.01330071 -0.01657730
v -0.02799561 -0.01336862 -0.01829951
v -0.02898619 -0.01214616 -0.01819353
v -0.02944480 -0.01160285 -0.01869694
v -0.02995843 -0.01088883 -0.02002172
v -0.03080838 -0.00955991 -0.02174392
v -0.03148100 -0.00823833 -0.02341314
v -0.03218419 -0.00674421 -0.02346613
v -0.03243489 -0.00615133 -0.02346613
v -0.03250827 -0.00615133 -0.02174392
v -0.03121195 -0.00883671 -0.02280374
v 0.02992902 -0.00615133 -0.02420800
v 0.02991679 -0.00615133 -0.02518834
v 0.02970278 -0.00674421 -0.02518834
v 0.02926863 -0.00772621 -0.02518834
v 0.02891398 -0.00841821 -0.02518834
v 0.02829639 -0.00950667 -0.02518834
v 0.02761766 -0.01060248 -0.02518834
v 0.02764824 -0.01064103 -0.02346613
v 0.02643141 -0.01227098 -0.02346613
v 0.02572210 -0.01312633 -0.02346613
v 0.02572822 -0.01313918 -0.02174392
v 0.02509229 -0.01381282 -0.02002172
v 0.02716517 -0.01133119 -0.02346613
v 0.02356361 -0.01547581 -0.02002172
v 0.02420565 -0.01478565 -0.02002172
v 0.02267698 -0.01634952 -0.02002172
v 0.02194933 -0.01703967 -0.02002172
v 0.02103823 -0.01774452 -0.01829951
v 0.02095874 -0.01767660 -0.01657730
v 0.01906318 -0.01752425 -0.00967788
v 0.01654392 -0.01415973 0.00575840
v 0.01737552 -0.01350262 0.00575840
v 0.02009045 -0.01836676 -0.01657730
v 0.01992536 -0.01825112 -0.01484980
v 0.01879414 -0.01869715 -0.01312759
v 0.01833553 -0.01839796 -0.01084898
v 0.01751616 -0.01946807 -0.01302691
v 0.01665399 -0.01984069 -0.01238572
v 0.01768126 -0.01895229 -0.01141598
v -0.02646082 -0.01494350 -0.01657730
v -0.02578209 -0.01563366 -0.01657730
v -0.02476705 -0.01628894 -0.01484980
v -0.02394156 -0.01697910 -0.01484980
v -0.02282257 -0.01745450 -0.01312759
v -0.02181976 -0.01814466 -0.01312759
v -0.01927604 -0.01879811 -0.00967788
v -0.02093312 -0.01872836 -0.01312759
v -0.01977133 -0.01898533 -0.01138419
v -0.01875017 -0.01985170 -0.01234332
v -0.01590683 -0.01609805 0.00575840
v -0.01788800 -0.01955802 -0.00952950
v -0.02740249 -0.01405878 -0.01829951
v -0.02800784 -0.01337596 -0.02002172
v -0.02889447 -0.01229667 -0.02002172
v -0.02944480 -0.01160652 -0.02002172
v -0.02943257 -0.01159367 -0.02118752
v -0.02983002 -0.01101915 -0.02175452
v -0.02987894 -0.01083009 -0.02346613
v -0.03083895 -0.00938186 -0.02341314
v -0.03147488 -0.00798135 -0.02518834
v -0.03117526 -0.00877430 -0.02395365
v -0.03205578 -0.00674421 -0.02518834
v -0.03236152 -0.00615133 -0.02441997
v 0.02987399 -0.00615133 -0.02593021
v 0.02958660 -0.00674421 -0.02691584
v 0.02981284 -0.00615133 -0.02691584
v 0.02920137 -0.00760140 -0.02691584
v 0.02885283 -0.00829156 -0.02691584
v 0.02819244 -0.00950667 -0.02691584
v 0.02756875 -0.01053457 -0.02691584
v 0.02709791 -0.01122473 -0.02691584
v 0.02714071 -0.01129264 -0.02518834
v 0.02637026 -0.01227098 -0.02518834
v 0.02569153 -0.01309329 -0.02518834
v 0.02508006 -0.01381833 -0.02346613
v 0.02510452 -0.01382934 -0.02174392
v 0.02355749 -0.01547581 -0.02174392
v 0.02421177 -0.01478565 -0.02174392
v 0.02267086 -0.01633116 -0.02174392
v 0.02193098 -0.01702132 -0.02174392
v 0.02106269 -0.01776104 -0.02002172
v 0.02018218 -0.01843467 -0.01829951
v 0.01804203 -0.01821441 -0.00967788
v 0.01560837 -0.01481134 0.00575840
v 0.01920382 -0.01898166 -0.01657730
v 0.01903872 -0.01886602 -0.01484980
v 0.01796254 -0.01955802 -0.01484980
v 0.01687412 -0.01996917 -0.01353562
v 0.01715539 -0.01875773 -0.00967788
v 0.01596303 -0.02034729 -0.01302691
v 0.01457499 -0.02108150 -0.01312759
v 0.01551054 -0.02017659 -0.01140538
v 0.01640329 -0.01970486 -0.01140538
v -0.02651585 -0.01499490 -0.01829951
v -0.02583712 -0.01568322 -0.01829951
v -0.02405774 -0.01706904 -0.01615338
v -0.02474259 -0.01653123 -0.01666739
v -0.02411277 -0.01711493 -0.01730328
v -0.02305493 -0.01762154 -0.01484980
v -0.02206435 -0.01831169 -0.01484980
v -0.01853004 -0.01973055 -0.01140538
v -0.02117771 -0.01888438 -0.01484980
v -0.01960012 -0.01949928 -0.01300041
v -0.02004649 -0.01957637 -0.01484980
v -0.01764341 -0.02019494 -0.01140538
v -0.01805310 -0.02033077 -0.01300041
v -0.01895807 -0.01996183 -0.01349323
v -0.01583957 -0.01613476 0.00575840
v -0.01698302 -0.01985721 -0.00885652
v -0.01729487 -0.02001873 -0.01000642
v -0.02740249 -0.01406612 -0.02002172
v -0.02797727 -0.01333925 -0.02174392
v -0.02897397 -0.01214065 -0.02175452
v -0.02941423 -0.01156797 -0.02233212
v -0.02937754 -0.01152025 -0.02346613
v -0.02931639 -0.01143031 -0.02518834
v -0.02981168 -0.01073831 -0.02518834
v -0.03062494 -0.00950667 -0.02518834
v -0.03112634 -0.00867151 -0.02518834
v -0.03138927 -0.00781248 -0.02691584
v -0.03214138 -0.00615133 -0.02691584
v -0.03230648 -0.00615133 -0.02513005
v -0.03189068 -0.00674421 -0.02691584
v 0.02973335 -0.00615133 -0.02765242
v 0.02936035 -0.00679560 -0.02856386
v 0.02914634 -0.00748576 -0.02793857
v 0.02800900 -0.00950667 -0.02863805
v 0.02748925 -0.01041342 -0.02863805
v 0.02703065 -0.01110358 -0.02863805
v 0.02605229 -0.01240314 -0.02875993
v 0.02629077 -0.01227098 -0.02691584
v 0.02565484 -0.01305108 -0.02691584
v 0.02504948 -0.01378345 -0.02518834
v 0.02419342 -0.01475261 -0.02346613
v 0.02352081 -0.01544277 -0.02346613
v 0.02263417 -0.01628527 -0.02346613
v 0.02186983 -0.01697543 -0.02346613
v 0.02104435 -0.01772800 -0.02174392
v 0.02020052 -0.01845303 -0.02002172
v 0.02258526 -0.01622837 -0.02518834
v 0.01929554 -0.01903856 -0.01829951
v 0.01455053 -0.01549967 0.00575840
v 0.01459945 -0.01546846 0.00575840
v 0.01824993 -0.01973055 -0.01829951
v 0.01815209 -0.01967182 -0.01657730
v 0.01707590 -0.02008481 -0.01484980
v 0.01567564 -0.02084105 -0.01487629
v 0.01482569 -0.02120081 -0.01431989
v 0.01367613 -0.01601361 0.00575840
v 0.01368835 -0.02149082 -0.01312759
v 0.01337650 -0.02135132 -0.01187170
v 0.01399409 -0.02091447 -0.01133649
v 0.01516811 -0.01999487 -0.01012830
v -0.02651585 -0.01498388 -0.02002172
v -0.02497495 -0.01641376 -0.01829951
v -0.02412500 -0.01712411 -0.01969317
v -0.02582489 -0.01567404 -0.02002172
v -0.02221110 -0.01841081 -0.01657730
v -0.02336678 -0.01760318 -0.01666739
v -0.02227224 -0.01845119 -0.01829951
v -0.02321391 -0.01778306 -0.01829951
v -0.02413112 -0.01712594 -0.01829951
v -0.02132446 -0.01897248 -0.01657730
v -0.02019936 -0.01966264 -0.01657730
v -0.01915374 -0.02007196 -0.01484980
v -0.01605970 -0.02093099 -0.01134709
v -0.01659780 -0.02106682 -0.01312759
v -0.01685461 -0.02118246 -0.01451595
v -0.01772290 -0.02081902 -0.01499287
v -0.01458606 -0.01679188 0.00575840
v -0.01627983 -0.02036748 -0.00952950
v -0.01369942 -0.01721221 0.00575840
v -0.02736580 -0.01402941 -0.02174392
v -0.02792835 -0.01327684 -0.02346613
v -0.02877218 -0.01227098 -0.02346613
v -0.02923079 -0.01130733 -0.02691584
v -0.02863766 -0.01227098 -0.02518834
v -0.02846645 -0.01227098 -0.02691584
v -0.02971996 -0.01061717 -0.02691584
v -0.03044150 -0.00950667 -0.02691584
v -0.03103462 -0.00850264 -0.02691584
v -0.03129756 -0.00762342 -0.02863805
v -0.03195183 -0.00615133 -0.02863805
v -0.03170113 -0.00674421 -0.02863805
v 0.02961105 -0.00615133 -0.02859565
v 0.02926252 -0.00636976 -0.03000522
v 0.02905461 -0.00729120 -0.02908847
v 0.02879168 -0.00801806 -0.02856386
v 0.02730581 -0.01011056 -0.03099085
v 0.02740364 -0.01029044 -0.02984094
v 0.02698785 -0.01080623 -0.03039205
v 0.02604006 -0.01218838 -0.03036556
v 0.02556312 -0.01295196 -0.02941172
v 0.02561204 -0.01300702 -0.02826181
v 0.02500668 -0.01374307 -0.02691584
v 0.02416285 -0.01471223 -0.02518834
v 0.02347189 -0.01540422 -0.02518834
v 0.02252411 -0.01617147 -0.02691584
v 0.02246296 -0.01611273 -0.02863805
v 0.02180257 -0.01691853 -0.02518834
v 0.02098320 -0.01767110 -0.02346613
v 0.02015772 -0.01841815 -0.02174392
v 0.01931389 -0.01904590 -0.02002172
v 0.02341074 -0.01535283 -0.02691584
v 0.02334959 -0.01529960 -0.02863805
v 0.01825604 -0.01973606 -0.02002172
v 0.01736329 -0.02024450 -0.01829951
v 0.01726546 -0.02019127 -0.01657730
v 0.01599360 -0.02088143 -0.01657730
v 0.01499690 -0.02128341 -0.01546979
v 0.01415307 -0.02158260 -0.01487629
v 0.01220248 -0.01677169 0.00575840
v 0.01218414 -0.02238473 -0.01472792
v 0.01134642 -0.02262151 -0.01406553
v 0.01226363 -0.02208003 -0.01312759
v 0.01237369 -0.02162849 -0.01133649
v 0.01304020 -0.02120081 -0.01072180
v -0.02647916 -0.01494534 -0.02174392
v -0.02226613 -0.01844569 -0.02002172
v -0.02339124 -0.01763622 -0.02017009
v -0.02410054 -0.01710208 -0.02084308
v -0.02478539 -0.01655142 -0.02017009
v -0.02578209 -0.01563366 -0.02174392
v -0.02138561 -0.01900552 -0.01829951
v -0.01931273 -0.02015456 -0.01657730
v -0.02024828 -0.01969568 -0.01829951
v -0.01701971 -0.02125588 -0.01566586
v -0.01511804 -0.02120448 -0.01073240
v -0.01542989 -0.02133480 -0.01188230
v -0.01571116 -0.02145228 -0.01312759
v -0.01620645 -0.02151652 -0.01499287
v -0.01476950 -0.02107049 -0.00967788
v -0.01251317 -0.01767110 0.00575840
v -0.01354656 -0.02128157 -0.00870284
v -0.02729854 -0.01396884 -0.02346613
v -0.02786720 -0.01319792 -0.02518834
v -0.02912072 -0.01115498 -0.02863805
v -0.02814848 -0.01239212 -0.02869634
v -0.02777548 -0.01309880 -0.02691584
v -0.02762873 -0.01293177 -0.02930574
v -0.02960989 -0.01046482 -0.02863805
v -0.03022748 -0.00950667 -0.02863805
v -0.03093067 -0.00831358 -0.02863805
v -0.03123029 -0.00749127 -0.02970847
v -0.03173781 -0.00615133 -0.03033906
v -0.03145653 -0.00681579 -0.03031786
v 0.02931755 -0.00615133 -0.03012710
v 0.02907296 -0.00615133 -0.03103324
v 0.02893844 -0.00679560 -0.03049273
v 0.02837589 -0.00812636 -0.03036556
v 0.02751371 -0.00919096 -0.03172742
v 0.02718963 -0.00959294 -0.03221494
v 0.02600338 -0.01097877 -0.03391065
v 0.02659039 -0.01088883 -0.03208776
v 0.02588720 -0.01200299 -0.03208776
v 0.02536133 -0.01269315 -0.03208776
v 0.02550809 -0.01287854 -0.03036556
v 0.02480489 -0.01365313 -0.03036556
v 0.02397941 -0.01452867 -0.03036556
v 0.02507394 -0.01354116 -0.02875993
v 0.02406502 -0.01460944 -0.02863805
v 0.02412005 -0.01466267 -0.02691584
v 0.02238347 -0.01604298 -0.03036556
v 0.02165582 -0.01680289 -0.02863805
v 0.02172920 -0.01686163 -0.02691584
v 0.02091594 -0.01761236 -0.02518834
v 0.02007211 -0.01836125 -0.02346613
v 0.01918548 -0.01895229 -0.02346613
v 0.01926497 -0.01901103 -0.02174392
v 0.02084256 -0.01755362 -0.02691584
v 0.02076919 -0.01749488 -0.02863805
v 0.02327010 -0.01521883 -0.03036556
v 0.01819490 -0.01970119 -0.02174392
v 0.01736941 -0.02024450 -0.02002172
v 0.01608532 -0.02093466 -0.01829951
v 0.01510085 -0.02133664 -0.01657730
v 0.01403689 -0.02181938 -0.01657730
v 0.01259382 -0.02242144 -0.01657730
v 0.01143814 -0.01713329 0.00575840
v 0.01154209 -0.02268942 -0.01521543
v 0.01064934 -0.02291519 -0.01472792
v 0.01017851 -0.02280873 -0.01312759
v 0.01106514 -0.02252973 -0.01312759
v 0.01043533 -0.02235169 -0.01141598
v 0.01176222 -0.02140455 -0.00967788
v 0.01061877 -0.01746735 0.00575840
v -0.02641190 -0.01487559 -0.02346613
v -0.02137950 -0.01899634 -0.02002172
v -0.02221110 -0.01840898 -0.02174392
v -0.02318334 -0.01771882 -0.02174392
v -0.02406997 -0.01707822 -0.02174392
v -0.02489546 -0.01638623 -0.02174392
v -0.02481596 -0.01633116 -0.02346613
v -0.02570260 -0.01556391 -0.02346613
v -0.01796749 -0.02084656 -0.01657730
v -0.01802252 -0.02087592 -0.01829951
v -0.01936164 -0.02018393 -0.01829951
v -0.02023605 -0.01968834 -0.02002172
v -0.01612085 -0.02169457 -0.01657730
v -0.01708086 -0.02128525 -0.01657730
v -0.01388286 -0.02141006 -0.00967788
v -0.01445153 -0.02159178 -0.01134709
v -0.01434147 -0.02198825 -0.01312759
v -0.01417026 -0.02231131 -0.01500347
v -0.01445153 -0.02234985 -0.01657730
v -0.01076436 -0.01826581 0.00575840
v -0.01256820 -0.02186527 -0.00967788
v -0.02722516 -0.01388991 -0.02518834
v -0.02907180 -0.01082458 -0.03051393
v -0.02951206 -0.01032165 -0.03004231
v -0.02809956 -0.01213331 -0.03036556
v -0.02713344 -0.01379079 -0.02691584
v -0.02753701 -0.01282347 -0.03036556
v -0.02713344 -0.01354667 -0.02869634
v -0.02599610 -0.01445892 -0.03036556
v -0.02676656 -0.01365313 -0.03036556
v -0.02987283 -0.00964067 -0.03051393
v -0.03085730 -0.00802173 -0.03031786
v -0.03114469 -0.00732423 -0.03085837
v -0.03154826 -0.00615133 -0.03165854
v -0.03137093 -0.00641565 -0.03208776
v 0.02732415 -0.00872841 -0.03287733
v 0.02855321 -0.00615133 -0.03209306
v 0.02575267 -0.01057679 -0.03501816
v 0.02553254 -0.01149822 -0.03454654
v 0.02571598 -0.01178273 -0.03339664
v 0.02521458 -0.01225446 -0.03391065
v 0.02426680 -0.01348977 -0.03380997
v 0.02377762 -0.01432309 -0.03284553
v 0.02439521 -0.01377794 -0.03219904
v 0.02388157 -0.01443139 -0.03169563
v 0.02224895 -0.01592735 -0.03208776
v 0.02144180 -0.01661750 -0.03208776
v 0.02157021 -0.01673314 -0.03036556
v 0.01998650 -0.01830252 -0.02518834
v 0.01980918 -0.01818504 -0.02863805
v 0.01892255 -0.01877058 -0.02863805
v 0.02068358 -0.01742330 -0.03036556
v 0.02325787 -0.01494901 -0.03219904
v 0.01809094 -0.01964245 -0.02346613
v 0.01699641 -0.02003158 -0.02691584
v 0.01730826 -0.02020596 -0.02174392
v 0.01607921 -0.02093650 -0.02002172
v 0.01519257 -0.02138069 -0.01829951
v 0.01403689 -0.02189648 -0.01829951
v 0.01268554 -0.02245631 -0.01829951
v 0.01170719 -0.02275000 -0.01657730
v 0.01049036 -0.02314280 -0.01657730
v 0.00871710 -0.02346952 -0.01484980
v 0.00871710 -0.02320337 -0.01312759
v 0.00980551 -0.02269493 -0.01199888
v 0.00931634 -0.02255543 -0.01084898
v 0.01049036 -0.02185426 -0.00967788
v 0.00856423 -0.01818871 0.00575840
v -0.02633853 -0.01479115 -0.02518834
v -0.02132446 -0.01895963 -0.02174392
v -0.02123886 -0.01891008 -0.02346613
v -0.02212549 -0.01835391 -0.02346613
v -0.02310996 -0.01766375 -0.02346613
v -0.02399659 -0.01702315 -0.02346613
v -0.02472424 -0.01625407 -0.02518834
v -0.02561088 -0.01548315 -0.02518834
v -0.01713589 -0.02130911 -0.01829951
v -0.01799195 -0.02086491 -0.02002172
v -0.01934330 -0.02017475 -0.02002172
v -0.02016879 -0.01965163 -0.02174392
v -0.01612085 -0.02174596 -0.01829951
v -0.01454937 -0.02237738 -0.01829951
v -0.01246425 -0.02231865 -0.01146367
v -0.01298400 -0.02247467 -0.01312759
v -0.01329585 -0.02257929 -0.01452655
v -0.01346706 -0.02263436 -0.01567646
v -0.01356490 -0.02266923 -0.01657730
v -0.01366274 -0.02270411 -0.01829951
v -0.01058092 -0.01832087 0.00575840
v -0.01136361 -0.02254809 -0.01092846
v -0.01078271 -0.02239758 -0.00968318
v -0.02624681 -0.01470121 -0.02691584
v -0.02942034 -0.01018949 -0.03119221
v -0.02793446 -0.01193140 -0.03208776
v -0.02872327 -0.01088883 -0.03208776
v -0.02613063 -0.01459108 -0.02863805
v -0.02736580 -0.01262156 -0.03208776
v -0.02638133 -0.01372839 -0.03199768
v -0.02590438 -0.01437266 -0.03136179
v -0.02538463 -0.01528124 -0.02863805
v -0.02523788 -0.01515092 -0.03036556
v -0.02976888 -0.00936534 -0.03208776
v -0.03049652 -0.00812636 -0.03208776
v -0.03104074 -0.00710581 -0.03208776
v -0.03148100 -0.00615133 -0.03208776
v -0.03127309 -0.00615133 -0.03324827
v 0.02769104 -0.00615133 -0.03360860
v 0.02380208 -0.01159183 -0.03813403
v 0.02446859 -0.01088883 -0.03725968
v 0.02592389 -0.00950667 -0.03527782
v 0.02399164 -0.01214065 -0.03711131
v 0.02381431 -0.01298316 -0.03643832
v 0.02398552 -0.01317589 -0.03553747
v 0.02337405 -0.01386789 -0.03553747
v 0.02364921 -0.01418176 -0.03380997
v 0.02267086 -0.01513623 -0.03384706
v 0.02211442 -0.01580804 -0.03329596
v 0.02037173 -0.01719569 -0.03380997
v 0.02055517 -0.01733152 -0.03208776
v 0.01970523 -0.01811529 -0.03036556
v 0.01881248 -0.01870266 -0.03036556
v 0.01777909 -0.01946073 -0.02863805
v 0.01689246 -0.01997285 -0.02863805
v 0.01599360 -0.02089611 -0.02174392
v 0.01510697 -0.02133664 -0.02174392
v 0.01519257 -0.02137519 -0.02002172
v 0.01403689 -0.02188363 -0.02002172
v 0.01266108 -0.02244713 -0.02002172
v 0.01179891 -0.02278304 -0.01829951
v 0.01049036 -0.02320704 -0.01829951
v 0.00871710 -0.02369713 -0.01829951
v 0.00871710 -0.02362738 -0.01657730
v 0.00737186 -0.02392473 -0.01657730
v 0.00687657 -0.02386049 -0.01484980
v 0.00694383 -0.02359250 -0.01312759
v 0.00872321 -0.02284177 -0.01141598
v 0.00694383 -0.02323457 -0.01140538
v 0.00813009 -0.02270778 -0.01027138
v 0.00768983 -0.01845119 0.00575840
v -0.02114102 -0.01885134 -0.02518834
v -0.02007706 -0.01960207 -0.02346613
v -0.02202766 -0.01828600 -0.02518834
v -0.02301213 -0.01759584 -0.02518834
v -0.02389876 -0.01694606 -0.02518834
v -0.02462029 -0.01615862 -0.02691584
v -0.02550693 -0.01539137 -0.02691584
v -0.01710532 -0.02129442 -0.02002172
v -0.01705028 -0.02127056 -0.02121931
v -0.01774125 -0.02089979 -0.02177042
v -0.01928215 -0.02013254 -0.02174392
v -0.01919043 -0.02008481 -0.02346613
v -0.01612085 -0.02170742 -0.02002172
v -0.01360770 -0.02268575 -0.02002172
v -0.01449434 -0.02235352 -0.02002172
v -0.01180386 -0.02266923 -0.01207837
v -0.01209737 -0.02275734 -0.01312759
v -0.01079494 -0.02335939 -0.01484980
v -0.01264769 -0.02282892 -0.01500347
v -0.01256820 -0.02298861 -0.01657730
v -0.01256820 -0.02305102 -0.01829951
v -0.01256820 -0.02302716 -0.02002172
v -0.00933352 -0.01865494 0.00575840
v -0.01017735 -0.02270044 -0.01026078
v -0.01078271 -0.02281057 -0.01146367
v -0.00955365 -0.02255543 -0.00911087
v -0.02932862 -0.01005550 -0.03208776
v -0.02778160 -0.01174234 -0.03341254
v -0.02820351 -0.01100263 -0.03391595
v -0.02913295 -0.00975998 -0.03380997
v -0.02625903 -0.01336495 -0.03380997
v -0.02723127 -0.01223060 -0.03391595
v -0.02576986 -0.01424050 -0.03251169
v -0.02421672 -0.01582088 -0.03167973
v -0.02499329 -0.01503528 -0.03209306
v -0.02449800 -0.01605216 -0.02863805
v -0.02435125 -0.01593285 -0.03036556
v -0.02958543 -0.00906798 -0.03380997
v -0.03012964 -0.00812636 -0.03380997
v -0.03088787 -0.00668547 -0.03380467
v -0.03124864 -0.00615133 -0.03335425
v 0.02737919 -0.00615133 -0.03412262
v 0.02389380 -0.01088883 -0.03826651
v 0.02355749 -0.01251327 -0.03758823
v 0.02334348 -0.01088883 -0.03913026
v 0.02245685 -0.01088883 -0.04044444
v 0.02223060 -0.01227098 -0.04013709
v 0.02205328 -0.01299417 -0.03988803
v 0.02231009 -0.01328786 -0.03898189
v 0.02289711 -0.01363477 -0.03722259
v 0.02223060 -0.01454152 -0.03685165
v 0.02248742 -0.01479299 -0.03553747
v 0.02196156 -0.01566303 -0.03444586
v 0.02025555 -0.01710942 -0.03468962
v 0.01842725 -0.01845486 -0.03447236
v 0.01923440 -0.01798681 -0.03386296
v 0.01856178 -0.01854113 -0.03332245
v 0.01956459 -0.01802168 -0.03208776
v 0.01867796 -0.01861639 -0.03208776
v 0.01765680 -0.01939282 -0.03036556
v 0.01677017 -0.01990493 -0.03036556
v 0.01581627 -0.02051983 -0.02863805
v 0.01581627 -0.02063731 -0.02691584
v 0.01499079 -0.02128157 -0.02346613
v 0.01403689 -0.02180470 -0.02174392
v 0.01255102 -0.02240859 -0.02174392
v 0.01177445 -0.02277202 -0.02002172
v 0.01049036 -0.02318685 -0.02002172
v 0.00871710 -0.02369162 -0.02002172
v 0.00760422 -0.02396695 -0.02002172
v 0.00759199 -0.02396511 -0.01829951
v 0.00648523 -0.02409727 -0.01657730
v 0.00623453 -0.02404771 -0.01542210
v 0.00582484 -0.02397796 -0.01427220
v 0.00520725 -0.02388435 -0.01311169
v 0.00517057 -0.02354478 -0.01140538
v 0.00687657 -0.02281607 -0.00968847
v 0.00517057 -0.02312261 -0.00967788
v 0.00517057 -0.01903489 0.00575840
v 0.00692549 -0.01864392 0.00575840
v 0.00694995 -0.01863842 0.00575840
v 0.00701109 -0.01862373 0.00575840
v -0.02102485 -0.01878159 -0.02691584
v -0.01997311 -0.01954333 -0.02518834
v -0.01908648 -0.02002791 -0.02518834
v -0.02191148 -0.01820707 -0.02691584
v -0.02288983 -0.01751691 -0.02691584
v -0.02377646 -0.01685061 -0.02691584
v -0.01627372 -0.02155507 -0.02177042
v -0.01696468 -0.02123385 -0.02235862
v -0.01789411 -0.02072174 -0.02346613
v -0.01352210 -0.02265455 -0.02128820
v -0.01420695 -0.02236637 -0.02181281
v -0.01079494 -0.02312077 -0.01312759
v -0.00930906 -0.02387701 -0.01657730
v -0.01079494 -0.02350440 -0.01657730
v -0.00891161 -0.02381644 -0.01490809
v -0.00825122 -0.02403854 -0.01552278
v -0.01079494 -0.02356864 -0.01829951
v -0.01079494 -0.02355946 -0.02002172
v -0.01272719 -0.02288950 -0.02181281
v -0.01079494 -0.02348788 -0.02174392
v -0.00910728 -0.01871000 0.00575840
v -0.00898498 -0.02281607 -0.00968318
v -0.00902167 -0.02320888 -0.01140538
v -0.00902167 -0.02353927 -0.01312759
v -0.00837351 -0.02268025 -0.00863396
v -0.02761650 -0.01153860 -0.03456244
v -0.02946314 -0.00887342 -0.03478500
v -0.02797115 -0.01062451 -0.03553747
v -0.02888224 -0.00940389 -0.03543149
v -0.02558642 -0.01405511 -0.03380997
v -0.02604502 -0.01314102 -0.03511355
v -0.02406997 -0.01569607 -0.03282964
v -0.02469978 -0.01487742 -0.03380997
v -0.02349519 -0.01662301 -0.03036556
v -0.02246792 -0.01720671 -0.03179631
v -0.02232728 -0.01710392 -0.03294622
v -0.02364194 -0.01674415 -0.02863805
v -0.02970162 -0.00811168 -0.03543149
v -0.03039869 -0.00674421 -0.03553747
v -0.03090621 -0.00615133 -0.03473201
v -0.03104685 -0.00615133 -0.03418620
v 0.02641918 -0.00615133 -0.03555867
v 0.02180869 -0.01088883 -0.04130289
v 0.02158856 -0.01227098 -0.04100084
v 0.02599115 -0.00615133 -0.03618397
v 0.02473763 -0.00615133 -0.03799626
v 0.02418731 -0.00615133 -0.03875933
v 0.02381431 -0.00615133 -0.03926274
v 0.02043899 -0.01319241 -0.04177981
v 0.01850063 -0.01438550 -0.04332715
v 0.01820101 -0.01530694 -0.04288202
v 0.01857401 -0.01583373 -0.04173212
v 0.02196767 -0.01428455 -0.03800156
v 0.02032893 -0.01580437 -0.03828241
v 0.02054906 -0.01601361 -0.03725968
v 0.02177811 -0.01548498 -0.03553747
v 0.02007211 -0.01694973 -0.03583952
v 0.01893477 -0.01745450 -0.03725968
v 0.01943618 -0.01755179 -0.03537321
v 0.01826827 -0.01835207 -0.03553747
v 0.01738164 -0.01890090 -0.03553747
v 0.01773629 -0.01896147 -0.03386296
v 0.01659895 -0.01981499 -0.03238451
v 0.01741221 -0.01938731 -0.03192349
v 0.01670291 -0.01986822 -0.03123461
v 0.01581627 -0.02038400 -0.03036556
v 0.01460556 -0.02110536 -0.02863805
v 0.01474009 -0.02116410 -0.02691584
v 0.01492964 -0.02125037 -0.02435638
v 0.01385345 -0.02155507 -0.02691584
v 0.01403689 -0.02169824 -0.02346613
v 0.01241649 -0.02235719 -0.02346613
v 0.01134031 -0.02261784 -0.02582423
v 0.01143203 -0.02265088 -0.02467432
v 0.01166439 -0.02273348 -0.02174392
v 0.01049036 -0.02311710 -0.02174392
v 0.00871710 -0.02363105 -0.02174392
v 0.00748193 -0.02393758 -0.02174392
v 0.00659529 -0.02412480 -0.02174392
v 0.00671759 -0.02414316 -0.02002172
v 0.00670536 -0.02413765 -0.01829951
v 0.00517057 -0.02439463 -0.01829951
v 0.00517057 -0.02431386 -0.01657730
v 0.00520725 -0.02414132 -0.01484980
v 0.00464470 -0.02406607 -0.01367870
v 0.00387425 -0.02396511 -0.01252879
v 0.00333004 -0.02381827 -0.01151666
v 0.00339119 -0.02337224 -0.00967788
v 0.00624676 -0.02267290 -0.00868695
v 0.00339119 -0.01931573 0.00575840
v -0.02089644 -0.01870266 -0.02863805
v -0.01985082 -0.01947175 -0.02691584
v -0.01896419 -0.01996550 -0.02691584
v -0.01789411 -0.02060427 -0.02518834
v -0.02178307 -0.01811529 -0.02863805
v -0.02275531 -0.01742330 -0.02863805
v -0.01599244 -0.02156057 -0.02346613
v -0.01687907 -0.02119531 -0.02346613
v -0.01342426 -0.02261967 -0.02243281
v -0.01434147 -0.02220118 -0.02346613
v -0.01584569 -0.02150000 -0.02518834
v -0.00946193 -0.02391372 -0.01829951
v -0.00842243 -0.02407708 -0.01657730
v -0.00785988 -0.02396144 -0.01437288
v -0.00726064 -0.02413582 -0.01490809
v -0.00724841 -0.02428633 -0.01657730
v -0.00943136 -0.02391005 -0.02002172
v -0.00929072 -0.02387517 -0.02174392
v -0.01079494 -0.02337040 -0.02346613
v -0.01241534 -0.02287114 -0.02346613
v -0.00724841 -0.01907711 0.00575840
v -0.00724841 -0.02314647 -0.00967788
v -0.00724841 -0.02354661 -0.01140538
v -0.00726064 -0.02386967 -0.01310639
v -0.00724841 -0.02278120 -0.00828421
v -0.02744529 -0.01131650 -0.03553747
v -0.02652197 -0.01237377 -0.03562756
v -0.02926747 -0.00856505 -0.03593491
v -0.02776325 -0.01034918 -0.03663969
v -0.02438793 -0.01460210 -0.03553747
v -0.02536629 -0.01362192 -0.03562756
v -0.02581878 -0.01290240 -0.03626345
v -0.02303658 -0.01630546 -0.03380997
v -0.02392322 -0.01556575 -0.03380997
v -0.02361137 -0.01529409 -0.03553747
v -0.02260855 -0.01731684 -0.03036556
v -0.02162409 -0.01800700 -0.03036556
v -0.02047452 -0.01843651 -0.03262827
v -0.02130001 -0.01762521 -0.03380997
v -0.02218664 -0.01699562 -0.03380997
v -0.02954875 -0.00764362 -0.03671388
v -0.03011130 -0.00615133 -0.03727028
v -0.03066774 -0.00615133 -0.03558517
v 0.02158244 -0.00615133 -0.04195998
v 0.02092205 -0.01088883 -0.04225673
v 0.02070193 -0.01227098 -0.04203947
v 0.02325176 -0.00615133 -0.04000461
v 0.02275035 -0.00615133 -0.04063521
v 0.02235290 -0.00615133 -0.04111743
v 0.01867796 -0.01365313 -0.04349142
v 0.01670291 -0.01434145 -0.04501756
v 0.01760177 -0.01492148 -0.04385706
v 0.01701476 -0.01600994 -0.04362390
v 0.01755285 -0.01638256 -0.04236801
v 0.01691081 -0.01725443 -0.04185400
v 0.01814598 -0.01680473 -0.04070939
v 0.01884305 -0.01611273 -0.04070939
v 0.01841502 -0.01705436 -0.03972376
v 0.01982141 -0.01670377 -0.03725968
v 0.01867184 -0.01725994 -0.03857386
v 0.01796865 -0.01814466 -0.03725968
v 0.01708202 -0.01872285 -0.03725968
v 0.01618316 -0.01959289 -0.03553747
v 0.01643386 -0.01972872 -0.03380997
v 0.01554723 -0.02017659 -0.03380997
v 0.01593245 -0.02018944 -0.03192349
v 0.01444658 -0.02103745 -0.03036556
v 0.01371893 -0.02149633 -0.02863805
v 0.01484403 -0.02121182 -0.02550628
v 0.01226363 -0.02220118 -0.02691584
v 0.01212299 -0.02236086 -0.02522543
v 0.01124247 -0.02258663 -0.02691584
v 0.01035584 -0.02287298 -0.02691584
v 0.01064323 -0.02287481 -0.02522543
v 0.01049036 -0.02302165 -0.02346613
v 0.00871710 -0.02345300 -0.02518834
v 0.00871710 -0.02354478 -0.02346613
v 0.00729848 -0.02389720 -0.02346613
v 0.00641185 -0.02408809 -0.02346613
v 0.00517057 -0.02437260 -0.02174392
v 0.00517057 -0.02440931 -0.02002172
v 0.00339119 -0.02462223 -0.01829951
v 0.00339119 -0.02454881 -0.01657730
v 0.00339119 -0.02438912 -0.01484980
v 0.00333004 -0.02413398 -0.01311169
v 0.00269411 -0.02403486 -0.01216315
v 0.00161792 -0.02390271 -0.01104504
v 0.00161792 -0.02356864 -0.00967788
v 0.00162403 -0.01950479 0.00575840
v -0.01953897 -0.01948643 -0.02878642
v -0.01877463 -0.01986455 -0.02945411
v -0.02073745 -0.01859987 -0.03036556
v -0.01886024 -0.01991044 -0.02830421
v -0.01789411 -0.02048128 -0.02691584
v -0.01673232 -0.02113473 -0.02518834
v -0.01330808 -0.02258113 -0.02346613
v -0.01434147 -0.02207269 -0.02518834
v -0.01553384 -0.02136784 -0.02863805
v -0.01569282 -0.02143576 -0.02691584
v -0.01657945 -0.02107416 -0.02691584
v -0.00857530 -0.02410645 -0.01829951
v -0.00724841 -0.02435608 -0.01829951
v -0.00667362 -0.02406974 -0.01366280
v -0.00546903 -0.02439096 -0.01484980
v -0.00546903 -0.02454514 -0.01657730
v -0.00546903 -0.02462040 -0.01829951
v -0.00854472 -0.02409911 -0.02002172
v -0.00839797 -0.02406974 -0.02174392
v -0.00825733 -0.02404037 -0.02296271
v -0.00891772 -0.02384764 -0.02350852
v -0.00902167 -0.02342914 -0.02863805
v -0.01079494 -0.02297026 -0.02863805
v -0.01170603 -0.02263803 -0.02958129
v -0.00546291 -0.01932857 0.00575840
v -0.00546903 -0.02340528 -0.00967788
v -0.00546291 -0.02382928 -0.01147427
v -0.00604381 -0.02396695 -0.01251289
v -0.02618566 -0.01193324 -0.03725968
v -0.02901677 -0.00811168 -0.03727558
v -0.02709064 -0.01084110 -0.03723319
v -0.02748809 -0.00997657 -0.03778429
v -0.02808122 -0.00951218 -0.03723319
v -0.02418003 -0.01441120 -0.03654430
v -0.02461418 -0.01365864 -0.03717490
v -0.02557419 -0.01262340 -0.03725968
v -0.02272473 -0.01605033 -0.03553747
v -0.02247403 -0.01584291 -0.03668738
v -0.02060904 -0.01852094 -0.03147837
v -0.01979579 -0.01891375 -0.03206657
v -0.01939222 -0.01884216 -0.03380997
v -0.02028496 -0.01831720 -0.03380997
v -0.02097593 -0.01740311 -0.03553747
v -0.02186256 -0.01674232 -0.03553747
v -0.02931639 -0.00724164 -0.03785848
v -0.02979945 -0.00676623 -0.03727558
v -0.02961601 -0.00615133 -0.03854207
v -0.02957321 -0.00632020 -0.03844668
v 0.02112384 -0.00615133 -0.04243690
v 0.02005988 -0.01088883 -0.04312048
v 0.01987033 -0.01227098 -0.04290322
v 0.01897758 -0.01227098 -0.04372458
v 0.01643997 -0.01503344 -0.04483209
v 0.01788916 -0.01227098 -0.04458833
v 0.01685577 -0.01342185 -0.04512354
v 0.01599360 -0.01378896 -0.04549448
v 0.01555334 -0.01503344 -0.04535140
v 0.01516811 -0.01592000 -0.04515004
v 0.01581627 -0.01642477 -0.04419620
v 0.01527818 -0.01732418 -0.04361860
v 0.01646443 -0.01693138 -0.04300390
v 0.01572455 -0.01775002 -0.04232562
v 0.01499079 -0.01852094 -0.04164733
v 0.01620150 -0.01818871 -0.04070939
v 0.01725934 -0.01749856 -0.04070939
v 0.01656227 -0.01840163 -0.03957539
v 0.01763234 -0.01783079 -0.03907197
v 0.01684354 -0.01857601 -0.03842548
v 0.01572455 -0.01947725 -0.03730207
v 0.01507639 -0.01994164 -0.03675627
v 0.01529652 -0.02005177 -0.03553747
v 0.01309523 -0.02122834 -0.03445116
v 0.01390848 -0.02093099 -0.03385236
v 0.01425702 -0.02095852 -0.03208776
v 0.01355995 -0.02142291 -0.03036556
v 0.01226363 -0.02208186 -0.02863805
v 0.01105903 -0.02252606 -0.02863805
v 0.01017240 -0.02281424 -0.02863805
v 0.00871710 -0.02335388 -0.02691584
v 0.00708447 -0.02385315 -0.02518834
v 0.00619784 -0.02404221 -0.02518834
v 0.00517057 -0.02429918 -0.02346613
v 0.00339119 -0.02453046 -0.02346613
v 0.00339119 -0.02460020 -0.02174392
v 0.00339119 -0.02463508 -0.02002172
v 0.00161792 -0.02479110 -0.01829951
v 0.00161792 -0.02472686 -0.01657730
v 0.00161792 -0.02456900 -0.01484980
v 0.00161792 -0.02431570 -0.01312759
v 0.00161792 -0.02408809 -0.01190880
v -0.00015534 -0.02415050 -0.01164384
v -0.00015534 -0.02395961 -0.01078009
v -0.00015534 -0.02368428 -0.00967788
v -0.00006362 -0.01961125 0.00575840
v -0.01806533 -0.02025552 -0.02878642
v -0.01776571 -0.02023165 -0.03036556
v -0.01865234 -0.01980398 -0.03036556
v -0.01966738 -0.01922762 -0.03036556
v -0.01642047 -0.02101175 -0.02863805
v -0.01434147 -0.02180103 -0.02863805
v -0.01434147 -0.02193686 -0.02691584
v -0.01269661 -0.02237371 -0.02863805
v -0.01538097 -0.02130727 -0.03003701
v -0.00724841 -0.02435608 -0.02002172
v -0.00546903 -0.02463141 -0.02002172
v -0.00546291 -0.02414683 -0.01310639
v -0.00369576 -0.02433772 -0.01312759
v -0.00369576 -0.02457818 -0.01484980
v -0.00369576 -0.02473420 -0.01657730
v -0.00369576 -0.02480578 -0.01829951
v -0.00724841 -0.02429734 -0.02174392
v -0.00737070 -0.02416702 -0.02350852
v -0.00804332 -0.02399632 -0.02411262
v -0.00902167 -0.02328964 -0.03036556
v -0.01088054 -0.02281791 -0.03023838
v -0.01152870 -0.02258480 -0.03073119
v -0.01240311 -0.02233700 -0.03023838
v -0.00537731 -0.01933775 0.00575840
v -0.00369576 -0.01951029 0.00575840
v -0.00369576 -0.02357965 -0.00967788
v -0.00369576 -0.02390638 -0.01099205
v -0.00486367 -0.02405138 -0.01209426
v -0.02593495 -0.01165057 -0.03821352
v -0.02782440 -0.00905514 -0.03842548
v -0.02218052 -0.01559328 -0.03783728
v -0.02388041 -0.01412486 -0.03769421
v -0.02434513 -0.01320342 -0.03847318
v -0.02071300 -0.01721772 -0.03671388
v -0.02144676 -0.01642294 -0.03727558
v -0.01841386 -0.01968283 -0.03208776
v -0.01810813 -0.01953232 -0.03380997
v -0.01903756 -0.01863658 -0.03553747
v -0.01993031 -0.01809327 -0.03553747
v -0.02814848 -0.00813187 -0.03899249
v -0.02903511 -0.00676623 -0.03900308
v -0.02921244 -0.00615133 -0.03939522
v -0.02947537 -0.00615133 -0.03884411
v 0.02067747 -0.00615133 -0.04288202
v 0.02011491 -0.00950667 -0.04317347
v 0.01982141 -0.00615133 -0.04368219
v 0.01935057 -0.00615133 -0.04409022
v 0.01879414 -0.00615133 -0.04455124
v 0.01917325 -0.01088883 -0.04384646
v 0.01801145 -0.01088883 -0.04471021
v 0.01700253 -0.01227098 -0.04520833
v 0.01581627 -0.01227098 -0.04583362
v 0.01387180 -0.01353566 -0.04642182
v 0.01403689 -0.01503344 -0.04598730
v 0.01445269 -0.01684144 -0.04476850
v 0.01393294 -0.01639357 -0.04533551
v 0.01326644 -0.01714981 -0.04506525
v 0.01382288 -0.01769679 -0.04404253
v 0.01319306 -0.01850259 -0.04332185
v 0.01437320 -0.01824561 -0.04279724
v 0.01531487 -0.01870266 -0.04070939
v 0.01388403 -0.01870633 -0.04230443
v 0.01280172 -0.01972138 -0.04118631
v 0.01395740 -0.01940016 -0.04065110
v 0.01590799 -0.01894128 -0.03899249
v 0.01483181 -0.01982233 -0.03790617
v 0.01415919 -0.02025552 -0.03730207
v 0.01403689 -0.02063731 -0.03553747
v 0.01289344 -0.02114391 -0.03553747
v 0.01200681 -0.02149266 -0.03553747
v 0.01241038 -0.02154956 -0.03385236
v 0.01226363 -0.02177350 -0.03208776
v 0.01226363 -0.02193502 -0.03036556
v 0.01322975 -0.02128341 -0.03330126
v 0.01337039 -0.02134031 -0.03208776
v 0.01083890 -0.02245264 -0.03036556
v 0.00995227 -0.02274449 -0.03036556
v 0.00871710 -0.02323825 -0.02863805
v 0.00694383 -0.02366225 -0.02863805
v 0.00677873 -0.02382378 -0.02677807
v 0.00607554 -0.02401651 -0.02611038
v 0.00517057 -0.02420557 -0.02518834
v 0.00339119 -0.02443684 -0.02518834
v 0.00161792 -0.02469015 -0.02346613
v 0.00161792 -0.02475990 -0.02174392
v 0.00161792 -0.02479110 -0.02002172
v -0.00015534 -0.02489022 -0.01829951
v -0.00015534 -0.02483515 -0.01657730
v -0.00015534 -0.02467913 -0.01484980
v -0.00015534 -0.02442767 -0.01312759
v -0.00192250 -0.02443684 -0.01312759
v -0.00192250 -0.02415417 -0.01164384
v -0.00192250 -0.02395594 -0.01078009
v -0.00192250 -0.01961859 0.00575840
v -0.00180632 -0.01961859 0.00575840
v -0.00015534 -0.01961675 0.00575840
v -0.00192250 -0.02368061 -0.00967788
v -0.01752723 -0.02011601 -0.03208776
v -0.01602913 -0.02098606 -0.03051393
v -0.01612085 -0.02074376 -0.03208776
v -0.01451268 -0.02156975 -0.03051393
v -0.01522199 -0.02124486 -0.03118692
v -0.00546903 -0.02457634 -0.02174392
v -0.00369576 -0.02481129 -0.02002172
v -0.00369576 -0.02476540 -0.02174392
v -0.00369576 -0.02410461 -0.01185580
v -0.00192250 -0.02468464 -0.01484980
v -0.00192250 -0.02483699 -0.01657730
v -0.00192250 -0.02489756 -0.01829951
v -0.00546903 -0.02447539 -0.02346613
v -0.00693656 -0.02411930 -0.02518834
v -0.00782319 -0.02395410 -0.02518834
v -0.00902167 -0.02313178 -0.03208776
v -0.01041583 -0.02277753 -0.03208776
v -0.00745631 -0.02388802 -0.02691584
v -0.00724841 -0.02364940 -0.03036556
v -0.00724841 -0.02349705 -0.03208776
v -0.01130246 -0.02251872 -0.03208776
v -0.01256820 -0.02209838 -0.03208776
v -0.02592884 -0.01026291 -0.03991453
v -0.02619789 -0.01078971 -0.03886531
v -0.02748198 -0.00859625 -0.03957539
v -0.02712732 -0.00951218 -0.03899249
v -0.02494437 -0.01221958 -0.03891830
v -0.02554361 -0.01118435 -0.03936343
v -0.02041337 -0.01700296 -0.03786378
v -0.02094535 -0.01604115 -0.03898189
v -0.02063350 -0.01578968 -0.03995162
v -0.02269416 -0.01467368 -0.03865334
v -0.02394156 -0.01278860 -0.03962308
v -0.02229670 -0.01431208 -0.03980325
v -0.01881743 -0.01850993 -0.03647542
v -0.01961846 -0.01777388 -0.03716960
v -0.01722150 -0.01997101 -0.03380997
v -0.01702583 -0.01987923 -0.03472141
v -0.01772902 -0.01936345 -0.03539440
v -0.02782440 -0.00767482 -0.04010530
v -0.02886390 -0.00615133 -0.03999401
v -0.02810567 -0.00670199 -0.04069350
v 0.01798699 -0.00615133 -0.04517124
v 0.01748559 -0.00615133 -0.04553157
v 0.01712482 -0.01088883 -0.04527722
v 0.01606086 -0.00615133 -0.04640063
v 0.01517423 -0.00615133 -0.04685105
v 0.01418976 -0.01227098 -0.04650131
v 0.01317472 -0.01299785 -0.04675037
v 0.01274058 -0.01391928 -0.04666558
v 0.01219637 -0.01496369 -0.04650131
v 0.01226363 -0.01641376 -0.04580713
v 0.00871710 -0.01866962 -0.04518184
v 0.00964653 -0.01850809 -0.04503876
v 0.00871710 -0.01936161 -0.04442936
v 0.00969545 -0.01989942 -0.04334835
v 0.01087559 -0.01965897 -0.04292442
v 0.01161547 -0.01996734 -0.04177452
v 0.01330924 -0.01993797 -0.04003641
v 0.01452607 -0.01967916 -0.03898189
v 0.01223305 -0.02015823 -0.04065110
v 0.01363944 -0.02009215 -0.03898189
v 0.01250210 -0.02098606 -0.03725968
v 0.01161547 -0.02134398 -0.03725968
v 0.01049036 -0.02175698 -0.03725968
v 0.01049036 -0.02203965 -0.03553747
v 0.01049036 -0.02224523 -0.03380997
v 0.01040476 -0.02242327 -0.03224674
v 0.00959762 -0.02262885 -0.03293032
v 0.00871710 -0.02310242 -0.03036556
v 0.00694383 -0.02353010 -0.03036556
v 0.00581873 -0.02397796 -0.02726028
v 0.00520725 -0.02410278 -0.02677807
v 0.00339119 -0.02432671 -0.02691584
v 0.00161792 -0.02459286 -0.02518834
v -0.00015534 -0.02478376 -0.02346613
v -0.00015534 -0.02485535 -0.02174392
v -0.00015534 -0.02488838 -0.02002172
v -0.00192250 -0.02490307 -0.02002172
v -0.01612085 -0.02047027 -0.03380997
v -0.01507523 -0.02118613 -0.03208776
v -0.01475115 -0.02105764 -0.03380997
v -0.01418860 -0.02152019 -0.03208776
v -0.00369576 -0.02467546 -0.02346613
v -0.00192250 -0.02486452 -0.02174392
v -0.00192250 -0.02478560 -0.02346613
v -0.00546903 -0.02434874 -0.02518834
v -0.00656967 -0.02405138 -0.02691584
v -0.00369576 -0.02455615 -0.02518834
v -0.00707720 -0.02383479 -0.02848967
v -0.00918677 -0.02288215 -0.03396364
v -0.01014678 -0.02269860 -0.03349203
v -0.00724841 -0.02331901 -0.03380997
v -0.00637400 -0.02401467 -0.02781139
v -0.00604381 -0.02396879 -0.02896130
v -0.00546291 -0.02392657 -0.03047154
v -0.00546903 -0.02377973 -0.03208776
v -0.00546903 -0.02360719 -0.03380997
v -0.01256820 -0.02187812 -0.03380997
v -0.01075825 -0.02245448 -0.03396364
v -0.02436347 -0.01186716 -0.04015299
v -0.02584935 -0.00878715 -0.04154135
v -0.02742083 -0.00713334 -0.04125520
v -0.01850558 -0.01832821 -0.03762532
v -0.01917209 -0.01736823 -0.03898189
v -0.01885412 -0.01715348 -0.03994102
v -0.02005872 -0.01673314 -0.03898189
v -0.01950228 -0.01629629 -0.04051863
v -0.01897642 -0.01588146 -0.04174802
v -0.02015656 -0.01534365 -0.04110153
v -0.02062739 -0.01442221 -0.04164204
v -0.01675066 -0.01974891 -0.03587132
v -0.01790634 -0.01880912 -0.03713780
v -0.01614531 -0.02013804 -0.03539440
v -0.02776325 -0.00621191 -0.04172152
v -0.02845422 -0.00615133 -0.04068820
v -0.02784886 -0.00615133 -0.04164733
v 0.01669068 -0.00615133 -0.04601909
v 0.01403689 -0.00615133 -0.04722199
v 0.01302797 -0.00615133 -0.04743925
v 0.01226363 -0.01227098 -0.04699942
v 0.01219637 -0.01353566 -0.04683515
v 0.01156044 -0.01445525 -0.04677686
v 0.01049036 -0.01537669 -0.04663378
v 0.00595325 -0.01706721 -0.04672917
v 0.00694383 -0.01684144 -0.04664438
v 0.00694383 -0.01779591 -0.04617276
v 0.00694383 -0.01893761 -0.04540969
v 0.00694383 -0.01962960 -0.04475791
v 0.00871710 -0.02005728 -0.04357091
v 0.00694383 -0.02099890 -0.04281314
v 0.00863149 -0.02076763 -0.04232032
v 0.01036807 -0.02014171 -0.04238391
v 0.00916347 -0.02111454 -0.04119691
v 0.01042922 -0.02086491 -0.04065640
v 0.01097954 -0.02110353 -0.03929984
v 0.01209853 -0.02078965 -0.03882822
v 0.00979940 -0.02131829 -0.04004701
v 0.01139534 -0.02125588 -0.03814993
v 0.01042922 -0.02142842 -0.03882822
v 0.00871710 -0.02195705 -0.03898189
v 0.00861315 -0.02236821 -0.03720139
v 0.00909009 -0.02248568 -0.03553747
v 0.00943863 -0.02258480 -0.03380997
v 0.00855200 -0.02283076 -0.03380997
v 0.00888831 -0.02288766 -0.03224674
v 0.00694383 -0.02338509 -0.03208776
v 0.00517057 -0.02370263 -0.03208776
v 0.00547630 -0.02392840 -0.02863805
v 0.00458967 -0.02405689 -0.02863805
v 0.00433897 -0.02402018 -0.02960778
v 0.00339119 -0.02419639 -0.02863805
v 0.00274914 -0.02403670 -0.03151546
v 0.00161792 -0.02448090 -0.02691584
v -0.00015534 -0.02467913 -0.02518834
v -0.01425586 -0.02092548 -0.03553747
v -0.01386452 -0.02140455 -0.03380997
v -0.01360770 -0.02130727 -0.03495987
v -0.00192250 -0.02467363 -0.02518834
v -0.00486367 -0.02405138 -0.02997342
v -0.00546291 -0.02408809 -0.02848967
v -0.00369576 -0.02441849 -0.02691584
v -0.00449679 -0.02400366 -0.03112333
v -0.00192250 -0.02454514 -0.02691584
v -0.00192250 -0.02440931 -0.02863805
v -0.00331665 -0.02406056 -0.03175392
v -0.00988996 -0.02262702 -0.03464193
v -0.00724841 -0.02310425 -0.03553747
v -0.00873428 -0.02277936 -0.03553747
v -0.00546903 -0.02340344 -0.03553747
v -0.00369576 -0.02382011 -0.03380997
v -0.00369576 -0.02361820 -0.03553747
v -0.01079494 -0.02219199 -0.03553747
v -0.01265381 -0.02154956 -0.03553747
v -0.02384373 -0.01129815 -0.04130289
v -0.02623458 -0.00786571 -0.04197058
v -0.02569648 -0.00724347 -0.04312048
v -0.01732544 -0.01865677 -0.03856326
v -0.01790634 -0.01811162 -0.03907727
v -0.01690353 -0.01843100 -0.03971316
v -0.01780239 -0.01742881 -0.04059281
v -0.01833437 -0.01680289 -0.04109093
v -0.01715423 -0.01719019 -0.04167913
v -0.01768010 -0.01626875 -0.04228853
v -0.01701971 -0.01573462 -0.04330595
v -0.01832826 -0.01503344 -0.04298801
v -0.01875017 -0.01431392 -0.04327946
v -0.01960623 -0.01494350 -0.04206066
v -0.02498106 -0.00672952 -0.04415381
v -0.02610617 -0.00632204 -0.04351792
v -0.01548492 -0.01998569 -0.03725968
v -0.01637155 -0.01956169 -0.03725968
v -0.02676044 -0.00672769 -0.04242100
v -0.02701726 -0.00615133 -0.04264887
v -0.02773268 -0.00615133 -0.04181161
v -0.02778160 -0.00615133 -0.04174802
v 0.01226363 -0.00615133 -0.04758763
v 0.01049036 -0.01227098 -0.04723788
v 0.01049036 -0.01365313 -0.04706831
v 0.01049036 -0.01468653 -0.04684575
v 0.00694383 -0.01614944 -0.04688284
v 0.00528063 -0.01652940 -0.04696763
v 0.00476700 -0.01722506 -0.04679806
v 0.00528063 -0.01772983 -0.04648541
v 0.00509108 -0.01926617 -0.04547858
v 0.00562917 -0.01978562 -0.04493278
v 0.00694383 -0.02030875 -0.04389945
v 0.00559860 -0.02115676 -0.04312579
v 0.00694383 -0.02143576 -0.04194938
v 0.00798333 -0.02129442 -0.04166853
v 0.00863149 -0.02147063 -0.04065640
v 0.00694383 -0.02192585 -0.04070939
v 0.00694995 -0.02243245 -0.03900308
v 0.00754919 -0.02256461 -0.03774190
v 0.00794664 -0.02266373 -0.03659200
v 0.00820346 -0.02273348 -0.03553747
v 0.00694383 -0.02322540 -0.03380997
v 0.00517057 -0.02354661 -0.03380997
v 0.00392928 -0.02397613 -0.03075769
v 0.00502381 -0.02387150 -0.03025427
v 0.00336061 -0.02407524 -0.03025427
v 0.00336061 -0.02392473 -0.03208776
v 0.00339119 -0.02376321 -0.03380997
v 0.00213156 -0.02398714 -0.03266006
v 0.00161792 -0.02421107 -0.03036556
v 0.00161792 -0.02434874 -0.02863805
v -0.00015534 -0.02456350 -0.02691584
v -0.01330197 -0.02118980 -0.03610978
v -0.01434147 -0.02047394 -0.03725968
v -0.00369576 -0.02428082 -0.02863805
v -0.00382417 -0.02412113 -0.03047154
v -0.00382417 -0.02396695 -0.03223084
v -0.00192250 -0.02426797 -0.03036556
v -0.00271741 -0.02400733 -0.03290382
v -0.00015534 -0.02442767 -0.02863805
v -0.00015534 -0.02428817 -0.03036556
v -0.00836128 -0.02269126 -0.03670328
v -0.00962091 -0.02255176 -0.03553747
v -0.00727287 -0.02281791 -0.03727028
v -0.00546903 -0.02313546 -0.03725968
v -0.00369576 -0.02336123 -0.03725968
v -0.00192250 -0.02376137 -0.03553747
v -0.00192250 -0.02351174 -0.03725968
v -0.00897887 -0.02240125 -0.03727028
v -0.01079494 -0.02184141 -0.03725968
v -0.01206680 -0.02139538 -0.03725968
v -0.01523422 -0.01987006 -0.03812873
v -0.01607193 -0.01915971 -0.03891830
v -0.01478173 -0.01966080 -0.03927334
v -0.01360159 -0.01993063 -0.03999401
v -0.01572339 -0.01873937 -0.04033846
v -0.01623703 -0.01819973 -0.04083127
v -0.01612085 -0.01669276 -0.04288202
v -0.01514250 -0.01843834 -0.04148836
v -0.01395624 -0.01874121 -0.04193349
v -0.01311853 -0.01828600 -0.04307809
v -0.01508135 -0.01700480 -0.04321057
v -0.01390121 -0.01736456 -0.04350202
v -0.00840409 -0.01862924 -0.04513414
v -0.01612085 -0.01503344 -0.04405312
v -0.02175861 -0.00615133 -0.04648011
v -0.02238842 -0.00615133 -0.04619396
v -0.02318945 -0.00615133 -0.04579123
v -0.02419226 -0.00615133 -0.04522953
v -0.02427175 -0.00621558 -0.04513944
v -0.02521953 -0.00615133 -0.04440287
v -0.02600833 -0.00615133 -0.04373518
v -0.02617343 -0.00615133 -0.04358681
v -0.02633241 -0.00615133 -0.04341724
v 0.01124859 -0.00615133 -0.04766711
v 0.00871710 -0.01227098 -0.04738096
v 0.00871710 -0.01365313 -0.04723258
v 0.00517057 -0.01503344 -0.04732267
v 0.00694383 -0.01503344 -0.04715310
v 0.00339119 -0.01641376 -0.04715310
v 0.00339119 -0.01734988 -0.04685635
v 0.00339119 -0.01804187 -0.04652251
v 0.00444903 -0.01989759 -0.04504936
v 0.00339119 -0.01917623 -0.04574354
v 0.00441234 -0.02127423 -0.04333245
v 0.00507273 -0.02156975 -0.04250579
v 0.00510942 -0.02234618 -0.04059281
v 0.00565974 -0.02257011 -0.03958599
v 0.00636905 -0.02270227 -0.03843608
v 0.00694995 -0.02279221 -0.03720139
v 0.00694383 -0.02303267 -0.03553747
v 0.00517057 -0.02335388 -0.03553747
v 0.00339119 -0.02357231 -0.03553747
v 0.00161792 -0.02372466 -0.03553747
v 0.00156900 -0.02392106 -0.03372518
v 0.00095142 -0.02402752 -0.03308929
v 0.00156900 -0.02407341 -0.03208776
v -0.01295343 -0.02104846 -0.03725968
v -0.00204479 -0.02410094 -0.03223084
v -0.00153727 -0.02403670 -0.03320587
v -0.00204479 -0.02395226 -0.03379407
v -0.00015534 -0.02414316 -0.03208776
v -0.00788434 -0.02257562 -0.03785318
v -0.00669808 -0.02270227 -0.03840959
v -0.00369576 -0.02300330 -0.03898189
v -0.00536508 -0.02278120 -0.03898719
v -0.00192250 -0.02316115 -0.03898189
v -0.00015534 -0.02379808 -0.03553747
v -0.00015534 -0.02355946 -0.03725968
v -0.00015534 -0.02321438 -0.03898189
v -0.00902167 -0.02196806 -0.03898189
v -0.01073379 -0.02144677 -0.03887061
v -0.01175495 -0.02127790 -0.03822412
v -0.01243368 -0.02079883 -0.03887061
v -0.01425586 -0.02005728 -0.03881232
v -0.01128411 -0.02110353 -0.03936872
v -0.01073379 -0.02083554 -0.04064581
v -0.01248871 -0.02013621 -0.04062461
v -0.01184055 -0.01993797 -0.04169503
v -0.01302681 -0.01966264 -0.04114392
v -0.00985939 -0.01984436 -0.04326356
v -0.01193839 -0.01862190 -0.04342783
v -0.00913174 -0.01923680 -0.04422270
v -0.00867925 -0.02007380 -0.04357091
v -0.00724841 -0.01953782 -0.04469962
v -0.00724841 -0.01884767 -0.04533021
v -0.00724841 -0.01779591 -0.04597670
v -0.00900333 -0.01778306 -0.04535140
v -0.01079494 -0.01891742 -0.04371398
v -0.02084140 -0.00615133 -0.04680866
v -0.02429621 -0.00615133 -0.04516064
v -0.02436347 -0.00615133 -0.04511294
v 0.01049036 -0.00615133 -0.04772010
v 0.00517057 -0.01227098 -0.04763002
v 0.00517057 -0.01365313 -0.04750814
v 0.00694383 -0.01365313 -0.04737566
v 0.00339119 -0.01503344 -0.04744455
v 0.00161792 -0.01503344 -0.04753463
v 0.00161792 -0.01641376 -0.04722728
v 0.00161792 -0.01744165 -0.04689344
v 0.00161792 -0.01813181 -0.04657020
v 0.00339119 -0.01994715 -0.04510235
v 0.00339119 -0.02063914 -0.04427039
v 0.00161792 -0.01917623 -0.04584952
v 0.00161792 -0.02000955 -0.04516064
v 0.00339119 -0.02132379 -0.04340664
v 0.00339119 -0.02182673 -0.04243160
v 0.00339119 -0.02244346 -0.04100084
v 0.00447960 -0.02266005 -0.03994633
v 0.00510942 -0.02279221 -0.03900308
v 0.00517057 -0.02311527 -0.03725968
v 0.00339119 -0.02333920 -0.03725968
v 0.00161792 -0.02349155 -0.03725968
v -0.00015534 -0.02395594 -0.03410672
v -0.00015534 -0.02404037 -0.03324827
v -0.00727287 -0.02242878 -0.03898719
v -0.00588483 -0.02255727 -0.03955949
v -0.00369576 -0.02270961 -0.04008410
v -0.00470469 -0.02264904 -0.03989863
v -0.00192250 -0.02279221 -0.04033316
v 0.00161792 -0.02315565 -0.03898189
v 0.00161792 -0.02279221 -0.04035436
v -0.00015534 -0.02281791 -0.04042854
v -0.01009786 -0.02131645 -0.04002581
v -0.00724841 -0.02189648 -0.04070939
v -0.00891772 -0.02146329 -0.04064581
v -0.00943747 -0.02109435 -0.04117572
v -0.01079494 -0.02015089 -0.04207126
v -0.00905836 -0.02058407 -0.04245810
v -0.00825733 -0.02128708 -0.04165263
v -0.00724841 -0.02096586 -0.04276545
v -0.00724841 -0.02027387 -0.04384116
v -0.00546903 -0.01975442 -0.04490098
v -0.00546903 -0.01906426 -0.04551568
v -0.00543234 -0.01769496 -0.04642182
v -0.00600101 -0.01691669 -0.04669737
v -0.02076191 -0.00615133 -0.04683515
v -0.00021038 -0.00615133 -0.04835070
v -0.00015534 -0.00674421 -0.04831890
v -0.00015534 -0.00812636 -0.04824471
v -0.00015534 -0.00950667 -0.04816523
v 0.00161792 -0.01088883 -0.04796916
v 0.00339119 -0.01227098 -0.04775189
v 0.00161792 -0.01227098 -0.04786848
v 0.00339119 -0.01365313 -0.04762472
v 0.00161792 -0.01365313 -0.04773070
v -0.00015534 -0.01365313 -0.04781019
v -0.00015534 -0.01503344 -0.04758763
v -0.00015534 -0.01641376 -0.04726438
v -0.00015534 -0.01747836 -0.04690934
v -0.00015534 -0.01816852 -0.04658610
v -0.00015534 -0.01917623 -0.04589191
v 0.00161792 -0.02070155 -0.04435517
v 0.00161792 -0.02138253 -0.04349672
v -0.00015534 -0.02003892 -0.04518713
v -0.00015534 -0.02073092 -0.04439227
v 0.00161792 -0.02195338 -0.04243160
v 0.00161792 -0.02250954 -0.04121281
v 0.00339119 -0.02272063 -0.04013709
v 0.00339119 -0.02301248 -0.03898189
v -0.00536508 -0.02231131 -0.04056632
v -0.00369576 -0.02240675 -0.04094256
v -0.00192250 -0.02249669 -0.04119691
v -0.00015534 -0.02253157 -0.04128700
v -0.00724841 -0.02141557 -0.04190169
v -0.00546903 -0.02159362 -0.04222494
v -0.00546903 -0.02112739 -0.04308339
v -0.00546903 -0.02043723 -0.04404253
v -0.00439284 -0.01983885 -0.04499107
v -0.00321270 -0.01992145 -0.04507585
v -0.00376302 -0.01929737 -0.04552628
v -0.00192250 -0.01917623 -0.04581773
v -0.00369576 -0.01797212 -0.04646951
v -0.00481475 -0.01716633 -0.04677156
v -0.00369576 -0.01641376 -0.04712660
v -0.00543234 -0.01643946 -0.04690404
v -0.00546903 -0.01503344 -0.04723788
v -0.01966738 -0.00615133 -0.04706302
v -0.00187969 -0.00615133 -0.04837719
v -0.00192250 -0.00812636 -0.04827121
v -0.00015534 -0.01088883 -0.04806454
v -0.00192250 -0.00950667 -0.04818642
v -0.00015534 -0.01227098 -0.04795326
v -0.00192250 -0.01227098 -0.04796916
v -0.00192250 -0.01365313 -0.04782078
v -0.00192250 -0.01503344 -0.04758233
v -0.00192250 -0.01641376 -0.04724318
v -0.00192250 -0.01742881 -0.04689344
v -0.00192250 -0.01811896 -0.04655430
v -0.00192250 -0.01999487 -0.04515004
v -0.00015534 -0.02140639 -0.04353381
v -0.00015534 -0.02199926 -0.04243160
v -0.00192250 -0.02068686 -0.04432868
v -0.00372022 -0.02165052 -0.04256408
v -0.00192250 -0.02192034 -0.04243160
v -0.00432558 -0.02120999 -0.04323177
v -0.00313932 -0.02129626 -0.04336425
v -0.00369576 -0.01728196 -0.04682985
v -0.00369576 -0.01503344 -0.04747104
v -0.01789411 -0.00615133 -0.04732797
v -0.00369576 -0.00615133 -0.04827121
v -0.00369576 -0.00950667 -0.04808044
v -0.00192250 -0.01088883 -0.04808044
v -0.00369576 -0.01088883 -0.04798506
v -0.00369576 -0.01227098 -0.04787378
v -0.00369576 -0.01365313 -0.04770950
v -0.00192250 -0.02136417 -0.04346492
v -0.01610250 -0.00615133 -0.04747634
v 0.02454328 0.00023085 0.00575840
v 0.02454328 0.00016376 0.00575840
v 0.02449883 0.00154616 0.00575840
v 0.02830283 0.00016376 -0.00623279
v 0.02447978 -0.00115039 0.00575840
v 0.02827108 -0.00121633 -0.00623279
v 0.02431466 0.00292741 0.00575840
v 0.02856955 0.00292741 -0.00795736
v 0.02874102 0.00154616 -0.00795736
v 0.02883628 0.00016376 -0.00795736
v 0.02881088 -0.00121633 -0.00795736
v 0.02447343 -0.00121633 0.00575840
v 0.02811866 -0.00259758 -0.00623279
v 0.02397808 0.00430171 0.00575840
v 0.02825202 0.00430865 -0.00795736
v 0.02914746 0.00372330 -0.01043644
v 0.02897599 0.00292741 -0.00933702
v 0.02906490 0.00154616 -0.00903522
v 0.02910935 0.00016376 -0.00886815
v 0.02864576 -0.00259758 -0.00795736
v 0.02909030 -0.00121633 -0.00891666
v 0.02901410 -0.00259758 -0.00919151
v 0.02432101 -0.00253164 0.00575840
v 0.02837904 -0.00397998 -0.00795736
v 0.02783924 -0.00397998 -0.00623279
v 0.02430831 -0.00259758 0.00575840
v 0.02349544 0.00558694 0.00575840
v 0.02777573 0.00566676 -0.00782802
v 0.02835363 0.00566676 -0.00968194
v 0.02882358 0.00423462 -0.00978972
v 0.02902044 0.00464529 -0.01091609
v 0.02917286 0.00516701 -0.01206401
v 0.02926812 0.00423462 -0.01145502
v 0.02950309 0.00292741 -0.01140112
v 0.02921096 0.00292741 -0.01019931
v 0.02929352 0.00154616 -0.00989751
v 0.02935067 0.00016376 -0.00973044
v 0.02933797 -0.00121633 -0.00977895
v 0.02917921 -0.00352419 -0.01033943
v 0.02925542 -0.00259758 -0.01005380
v 0.02849970 -0.00536122 -0.00967655
v 0.02797260 -0.00536122 -0.00795736
v 0.02735659 -0.00469721 -0.00533817
v 0.02889343 -0.00398345 -0.00973044
v 0.02906490 -0.00444618 -0.01074363
v 0.02400983 -0.00402394 0.00575840
v 0.02402888 -0.00393833 0.00575840
v 0.02347638 0.00562859 0.00575840
v 0.02345733 0.00566676 0.00575840
v 0.02886168 0.00566676 -0.01149813
v 0.02885533 0.00565288 -0.01145502
v 0.02909665 0.00566676 -0.01243048
v 0.02925542 0.00566676 -0.01322271
v 0.02960470 0.00430865 -0.01312570
v 0.02986507 0.00292741 -0.01312570
v 0.02966820 0.00154616 -0.01140112
v 0.02976981 0.00016376 -0.01140112
v 0.02975076 -0.00121633 -0.01140112
v 0.02959835 -0.00259758 -0.01140112
v 0.02932527 -0.00398345 -0.01135262
v 0.02894424 -0.00539940 -0.01135262
v 0.02822662 -0.00615133 -0.00967655
v 0.02769952 -0.00615133 -0.00801126
v 0.02381931 -0.00470415 0.00575840
v 0.02921731 -0.00496559 -0.01189155
v -0.02569620 0.00566676 0.00575840
v 0.02953484 0.00566676 -0.01485027
v 0.02991588 0.00430865 -0.01485027
v 0.03016990 0.00292741 -0.01485027
v 0.03003019 0.00154616 -0.01312570
v 0.03011909 0.00016376 -0.01312570
v 0.02995398 -0.00259758 -0.01312570
v 0.03009369 -0.00121633 -0.01312570
v 0.02971266 -0.00397998 -0.01312570
v 0.02869022 -0.00615133 -0.01137957
v 0.02906490 -0.00588642 -0.01257060
v 0.02736294 -0.00615133 -0.00697651
v 0.02357164 -0.00534966 0.00575840
v 0.02362245 -0.00521893 0.00575840
v 0.02932527 -0.00539940 -0.01313648
v -0.02574065 0.00555918 0.00575840
v -0.03104339 0.00566676 -0.00926696
v 0.02980157 0.00566676 -0.01657485
v 0.03018260 0.00430865 -0.01657485
v 0.03044298 0.00292741 -0.01657485
v 0.03032231 0.00154616 -0.01485027
v 0.03041757 0.00016376 -0.01485027
v 0.03039217 -0.00121633 -0.01485027
v 0.03024611 -0.00259758 -0.01485027
v 0.02999208 -0.00397998 -0.01485027
v 0.02888708 -0.00615133 -0.01220952
v 0.02916016 -0.00615133 -0.01362690
v 0.02900139 -0.00615133 -0.01275923
v 0.02320966 -0.00615133 0.00575840
v 0.02917286 -0.00615133 -0.01370235
v 0.02960470 -0.00536122 -0.01485027
v -0.02592482 0.00510917 0.00575840
v -0.03117040 0.00490094 -0.00889510
v -0.03132917 0.00566676 -0.01010230
v 0.03003654 0.00566676 -0.01826709
v 0.03041122 0.00430865 -0.01829942
v 0.03057634 0.00154616 -0.01657485
v 0.03066525 0.00292741 -0.01829942
v 0.03065254 0.00016376 -0.01657485
v 0.03062079 -0.00121633 -0.01657485
v 0.03046838 -0.00259758 -0.01657485
v 0.03020165 -0.00397998 -0.01657485
v -0.02561364 -0.00615133 0.00575840
v 0.02932527 -0.00615133 -0.01485027
v 0.02980157 -0.00536122 -0.01657485
v 0.02936973 -0.00615133 -0.01522752
v -0.02608993 0.00461174 0.00575840
v -0.03129741 0.00397896 -0.00858252
v -0.03153238 0.00438732 -0.00955260
v -0.03134822 0.00566676 -0.01016159
v -0.02617249 0.00436187 0.00575840
v -0.02620424 0.00424503 0.00575840
v 0.03019530 0.00566676 -0.01999166
v 0.03056999 0.00430865 -0.02002400
v 0.03080496 0.00146171 -0.01844493
v 0.03082401 0.00287072 -0.02005094
v 0.03088117 0.00186660 -0.01949046
v 0.03090022 0.00094577 -0.01911860
v 0.03082401 0.00016376 -0.01814313
v 0.03091292 -0.00069113 -0.01900003
v 0.03061444 -0.00259758 -0.01829942
v 0.03033501 -0.00397998 -0.01829942
v 0.02994128 -0.00536122 -0.01829942
v -0.03125296 -0.00615133 -0.01038794
v -0.02575970 -0.00584593 0.00575840
v 0.02966186 -0.00615133 -0.01829942
v 0.02952214 -0.00615133 -0.01666647
v -0.03191977 0.00292741 -0.00967655
v -0.02654082 0.00292741 0.00575840
v -0.03212299 0.00430865 -0.01140112
v -0.03171655 0.00566676 -0.01140112
v 0.03023976 0.00566676 -0.02171624
v 0.03061444 0.00430865 -0.02174857
v 0.03084942 0.00312869 -0.02174857
v 0.03090657 0.00237329 -0.02063838
v 0.03093197 0.00146171 -0.02005094
v 0.03096372 0.00016376 -0.02002400
v 0.03091292 0.00016376 -0.01900542
v 0.03100818 0.00016376 -0.02174857
v 0.03093197 -0.00087044 -0.02002400
v 0.03085576 -0.00156106 -0.02002400
v 0.03069700 -0.00259758 -0.02002400
v 0.03013815 -0.00536122 -0.02174857
v 0.03004924 -0.00536122 -0.02002400
v 0.03047473 -0.00397998 -0.02174857
v 0.02978887 -0.00615133 -0.02002400
v -0.03149428 -0.00615133 -0.01140112
v -0.03178006 -0.00536122 -0.01140112
v -0.03137997 -0.00536122 -0.01000530
v -0.03108784 -0.00536122 -0.00914301
v -0.02606453 -0.00512292 0.00575840
v -0.02603913 -0.00519001 0.00575840
v -0.03209759 0.00154616 -0.00967655
v -0.03242782 0.00292741 -0.01140112
v -0.02675674 0.00154616 0.00575840
v -0.03215474 0.00566676 -0.01312570
v -0.03254848 0.00430865 -0.01312570
v 0.03023976 0.00566676 -0.02174857
v 0.03058269 0.00430865 -0.02346776
v 0.03084306 0.00286841 -0.02358632
v 0.03090657 0.00236866 -0.02309051
v 0.03091292 0.00243807 -0.02174857
v 0.03097007 0.00154616 -0.02174857
v 0.03100183 0.00016376 -0.02346776
v 0.03095102 -0.00110296 -0.02346776
v 0.03095102 -0.00104281 -0.02174857
v 0.03087482 -0.00173343 -0.02174857
v 0.03074145 -0.00259758 -0.02174857
v 0.03053189 -0.00397998 -0.02346776
v 0.03020165 -0.00536122 -0.02346776
v 0.02988412 -0.00615133 -0.02174857
v -0.03185627 -0.00615133 -0.01305025
v -0.03217379 -0.00536122 -0.01312570
v -0.03256753 -0.00397998 -0.01312570
v -0.03216109 -0.00397998 -0.01140112
v -0.03119580 -0.00466713 -0.00881965
v -0.03155779 -0.00411648 -0.00950948
v -0.02641381 -0.00397998 0.00575840
v -0.03211664 0.00016376 -0.00967655
v -0.03262469 0.00016376 -0.01140112
v -0.03259928 0.00154616 -0.01140112
v -0.02676309 0.00147907 0.00575840
v -0.02685200 0.00016376 0.00575840
v -0.03289141 0.00154616 -0.01264066
v -0.03302477 0.00255838 -0.01374547
v -0.03282790 0.00298293 -0.01315264
v -0.03250402 0.00566676 -0.01485027
v -0.03294856 0.00348037 -0.01414428
v -0.03285966 0.00434914 -0.01476943
v 0.03019530 0.00566676 -0.02346776
v 0.03049378 0.00430865 -0.02519233
v 0.03077321 0.00292741 -0.02519233
v 0.03088117 0.00204359 -0.02519233
v 0.03089387 0.00219976 -0.02423843
v 0.03093197 0.00135297 -0.02519233
v 0.03094467 0.00166184 -0.02358632
v 0.03097643 0.00016376 -0.02519233
v 0.03094467 -0.00101967 -0.02519233
v 0.03088117 -0.00179358 -0.02346776
v 0.03076686 -0.00259758 -0.02346776
v 0.03054459 -0.00397998 -0.02519233
v 0.03020165 -0.00536122 -0.02519233
v 0.02993493 -0.00615133 -0.02346776
v 0.02990953 -0.00615133 -0.02248152
v -0.03218014 -0.00615133 -0.01485027
v -0.03247862 -0.00536122 -0.01485027
v -0.03285966 -0.00402162 -0.01474249
v -0.03295492 -0.00316789 -0.01409577
v -0.03283425 -0.00266351 -0.01316881
v -0.03241512 -0.00259758 -0.01140112
v -0.03191342 -0.00259758 -0.00967655
v -0.03131646 -0.00374630 -0.00851785
v -0.02667419 -0.00259758 0.00575840
v -0.03205313 -0.00121633 -0.00967655
v -0.02685200 0.00009782 0.00575840
v -0.02682660 -0.00121633 0.00575840
v -0.03256118 -0.00121633 -0.01140112
v -0.03291046 0.00016376 -0.01256521
v -0.03307558 0.00154616 -0.01350295
v -0.03330420 0.00154616 -0.01485027
v -0.03312638 0.00298293 -0.01476943
v -0.03251037 0.00566676 -0.01488800
v -0.03294222 0.00483732 -0.01604131
v -0.03303747 0.00391649 -0.01529220
v 0.03008099 0.00566676 -0.02519233
v 0.03034772 0.00430865 -0.02691691
v 0.03053823 0.00292741 -0.02864148
v 0.03067160 0.00292741 -0.02691691
v 0.03079861 0.00140966 -0.02846903
v 0.03084306 0.00172778 -0.02691691
v 0.03091292 0.00103716 -0.02691691
v 0.03093832 0.00016376 -0.02691691
v 0.03090657 -0.00062519 -0.02787620
v 0.03091927 -0.00081376 -0.02691691
v 0.03085576 -0.00150438 -0.02691691
v 0.03087482 -0.00171029 -0.02519233
v 0.03076686 -0.00259758 -0.02519233
v 0.03048108 -0.00397998 -0.02691691
v 0.03072240 -0.00259758 -0.02691691
v 0.03010640 -0.00536122 -0.02691691
v 0.02987777 -0.00615133 -0.02593067
v 0.02991588 -0.00615133 -0.02519233
v 0.02992858 -0.00615133 -0.02420609
v -0.03238336 -0.00615133 -0.01661257
v -0.03273900 -0.00524323 -0.01666647
v -0.03293586 -0.00451096 -0.01614909
v -0.03304383 -0.00359013 -0.01524908
v -0.03312638 -0.00266351 -0.01474249
v -0.03301842 -0.00224706 -0.01377780
v -0.03287236 -0.00121633 -0.01271072
v -0.02682025 -0.00128227 0.00575840
v -0.03306287 -0.00121633 -0.01357301
v -0.03309463 0.00016376 -0.01342750
v -0.03334865 0.00016376 -0.01485027
v -0.03357092 0.00016376 -0.01657485
v -0.03352012 0.00154616 -0.01657485
v -0.03336135 0.00292741 -0.01657485
v -0.03257388 0.00566676 -0.01532992
v -0.03310098 0.00434914 -0.01660179
v -0.03299937 0.00508025 -0.01719462
v -0.03277075 0.00560082 -0.01660179
v -0.03273900 0.00566676 -0.01652095
v 0.02990318 0.00566676 -0.02691691
v 0.03014450 0.00430865 -0.02864148
v 0.03033501 0.00292741 -0.03036067
v 0.03064620 0.00154616 -0.03036067
v 0.03089387 0.00085785 -0.02778459
v 0.03090022 0.00016376 -0.02785464
v 0.03083671 0.00016376 -0.02871694
v 0.03068430 0.00016376 -0.03036067
v 0.03079226 -0.00113767 -0.02852831
v 0.03060174 -0.00259758 -0.02864148
v 0.03032867 -0.00397998 -0.02864148
v 0.02992858 -0.00536122 -0.02864148
v 0.02980792 -0.00615133 -0.02691691
v -0.03249132 -0.00615133 -0.01829942
v -0.03276440 -0.00546649 -0.01829942
v -0.03298667 -0.00470531 -0.01729701
v -0.03310098 -0.00402162 -0.01666647
v -0.03337405 -0.00259758 -0.01657485
v -0.03329785 -0.00121633 -0.01485027
v -0.03372334 0.00016376 -0.01829942
v -0.03352012 -0.00121633 -0.01657485
v -0.03366618 0.00154616 -0.01829942
v -0.03350742 0.00292741 -0.01829942
v -0.03325975 0.00430865 -0.01829942
v -0.03304383 0.00522023 -0.01829942
v -0.03290411 0.00566676 -0.01829942
v -0.03278345 0.00566676 -0.01695749
v 0.02957930 0.00566676 -0.02877622
v 0.02979522 0.00430865 -0.03036067
v 0.02992858 0.00292741 -0.03208524
v 0.03039217 0.00154616 -0.03208524
v 0.03037947 0.00016376 -0.03208524
v 0.03051283 -0.00121633 -0.03036067
v 0.03026516 -0.00259758 -0.03036067
v 0.02999844 -0.00397998 -0.03036067
v 0.02949674 -0.00547112 -0.03049540
v 0.02931892 -0.00615133 -0.03012354
v 0.02961105 -0.00615133 -0.02859837
v 0.02973171 -0.00615133 -0.02765524
v -0.03252942 -0.00615133 -0.02002400
v -0.03278345 -0.00552434 -0.02002400
v -0.03301207 -0.00477587 -0.01829942
v -0.03322164 -0.00397998 -0.01829942
v -0.03350742 -0.00259758 -0.01829942
v -0.03366618 -0.00121633 -0.01829942
v -0.03383130 0.00016376 -0.02002400
v -0.03376144 0.00154616 -0.02002400
v -0.03359632 0.00292741 -0.02002400
v -0.03334230 0.00430865 -0.02002400
v -0.03308193 0.00535789 -0.02002400
v -0.03298667 0.00566676 -0.02002400
v 0.02944594 0.00566676 -0.02930976
v 0.02929987 0.00536020 -0.03036067
v 0.02940148 0.00287882 -0.03369125
v 0.02923002 0.00238486 -0.03487151
v 0.02991588 0.00154616 -0.03380982
v 0.02987142 0.00016376 -0.03380982
v 0.02743280 -0.00076054 -0.04015841
v 0.02929352 -0.00508359 -0.03152476
v 0.02910300 -0.00600442 -0.03115290
v 0.02907125 -0.00615133 -0.03103433
v -0.03251037 -0.00615133 -0.02174857
v -0.03277075 -0.00550004 -0.02174857
v -0.03302477 -0.00480826 -0.02174857
v -0.03303112 -0.00483371 -0.02002400
v -0.03327245 -0.00397998 -0.02002400
v -0.03357092 -0.00259758 -0.02002400
v -0.03376144 -0.00121633 -0.02002400
v -0.03386940 0.00016376 -0.02174857
v -0.03380589 0.00154616 -0.02174857
v -0.03362808 0.00292741 -0.02174857
v -0.03337405 0.00430865 -0.02174857
v -0.03309463 0.00541804 -0.02174857
v -0.03302477 0.00566676 -0.02174857
v 0.02914111 0.00566676 -0.03036067
v 0.02914111 0.00503976 -0.03127146
v 0.02936973 0.00154616 -0.03520565
v 0.02848700 0.00566676 -0.03195590
v 0.02844254 0.00566676 -0.03204752
v 0.02759791 0.00566676 -0.03368586
v 0.02747725 0.00566676 -0.03389605
v 0.02583880 -0.00016825 -0.04374768
v 0.02743280 -0.00013701 -0.04015841
v 0.02935067 0.00016376 -0.03522720
v 0.02648021 -0.00121633 -0.04243269
v 0.02567369 -0.00199371 -0.04346744
v 0.02855685 -0.00615133 -0.03209063
v -0.03243417 -0.00615133 -0.02346776
v -0.03273264 -0.00542254 -0.02346776
v -0.03299302 -0.00473191 -0.02346776
v -0.03321529 -0.00397998 -0.02346776
v -0.03326609 -0.00397998 -0.02174857
v -0.03358362 -0.00259758 -0.02174857
v -0.03378049 -0.00121633 -0.02174857
v -0.03383130 0.00016376 -0.02346776
v -0.03379319 0.00154616 -0.02346776
v -0.03362173 0.00292741 -0.02346776
v -0.03336135 0.00430865 -0.02346776
v -0.03309463 0.00538565 -0.02346776
v -0.03300572 0.00566676 -0.02346776
v 0.02648656 0.00566676 -0.03555056
v 0.02584515 -0.00121633 -0.04376924
v 0.02639765 0.00566676 -0.03568529
v 0.02545777 0.00566676 -0.03708112
v 0.02513389 0.00024127 -0.04425967
v 0.02385742 -0.00044704 -0.04681958
v 0.02531170 -0.00121633 -0.04463152
v 0.02599122 -0.00615133 -0.03618111
v 0.02641670 -0.00615133 -0.03555595
v 0.02718513 -0.00615133 -0.03441342
v 0.02737564 -0.00615133 -0.03412240
v 0.02768682 -0.00615133 -0.03361041
v 0.02367960 -0.00162932 -0.04660401
v 0.02411779 -0.00213369 -0.04545609
v 0.02474015 -0.00615133 -0.03799730
v -0.03230716 -0.00615133 -0.02513305
v -0.03270089 -0.00522819 -0.02504143
v -0.03297397 -0.00467870 -0.02436238
v -0.03311368 -0.00402625 -0.02504143
v -0.03345661 -0.00259758 -0.02519233
v -0.03353917 -0.00259758 -0.02346776
v -0.03373604 -0.00121633 -0.02346776
v -0.03377414 0.00016376 -0.02519233
v -0.03374239 0.00154616 -0.02519233
v -0.03357092 0.00292741 -0.02519233
v -0.03330420 0.00430865 -0.02519233
v -0.03305653 0.00525956 -0.02519233
v -0.03296762 0.00566676 -0.02433005
v 0.02522280 0.00566676 -0.03740448
v 0.02385742 -0.00070849 -0.04681958
v 0.02340653 0.00047263 -0.04623215
v 0.02222532 0.00097469 -0.04694892
v 0.02275877 0.00002378 -0.04746090
v 0.02211736 -0.00042391 -0.04853338
v 0.02433371 -0.00118741 -0.04596807
v 0.02289848 -0.00116427 -0.04756869
v 0.02172362 -0.00161890 -0.04831780
v 0.02249204 -0.00217187 -0.04716989
v 0.02158391 -0.00615133 -0.04196383
v 0.02235233 -0.00615133 -0.04111770
v 0.02275242 -0.00615133 -0.04063267
v 0.02324776 -0.00615133 -0.04000212
v 0.02381931 -0.00615133 -0.03926379
v -0.03221190 -0.00615133 -0.02618396
v -0.03292951 -0.00451790 -0.02551569
v -0.03247227 -0.00536122 -0.02691691
v -0.03308193 -0.00363062 -0.02691691
v -0.03333595 -0.00259758 -0.02691691
v -0.03357092 -0.00121633 -0.02691691
v -0.03366618 -0.00121633 -0.02519233
v -0.03367888 0.00016376 -0.02691691
v -0.03364713 0.00154616 -0.02691691
v -0.03348201 0.00292741 -0.02691691
v -0.03315814 0.00444747 -0.02708936
v -0.03301207 0.00512305 -0.02662589
v -0.03292316 0.00566676 -0.02519233
v 0.02423845 0.00566676 -0.03859551
v 0.02211736 -0.00069807 -0.04853338
v 0.02418765 0.00566676 -0.03865480
v 0.02342558 0.00566676 -0.03948475
v 0.02256825 0.00566676 -0.04029853
v 0.02250474 0.00566676 -0.04035242
v 0.02139974 0.00566676 -0.04128477
v 0.02109492 0.00566676 -0.04152190
v 0.01960888 0.00566676 -0.04264826
v 0.02032014 0.00088677 -0.04850104
v 0.02150135 0.00049577 -0.04810223
v 0.02099966 0.00008741 -0.04868966
v 0.01936120 0.00016376 -0.04906691
v 0.01936120 -0.00121633 -0.04908847
v 0.02113302 -0.00118163 -0.04873278
v 0.02054241 -0.00201107 -0.04857110
v 0.01669396 -0.00615133 -0.04601658
v 0.01748778 -0.00615133 -0.04553154
v 0.01982480 -0.00615133 -0.04368301
v 0.02068213 -0.00615133 -0.04288000
v 0.02112667 -0.00615133 -0.04243269
v 0.01798948 -0.00615133 -0.04517584
v 0.01879600 -0.00615133 -0.04455068
v 0.01934850 -0.00615133 -0.04409260
v -0.03214204 -0.00615133 -0.02691691
v -0.03285966 -0.00432124 -0.02691691
v -0.03301842 -0.00343627 -0.02824806
v -0.03228810 -0.00536122 -0.02864148
v -0.03342486 -0.00121633 -0.02864148
v -0.03314543 -0.00270632 -0.02874927
v -0.03353282 0.00016376 -0.02864148
v -0.03349472 0.00154616 -0.02864148
v -0.03333595 0.00292741 -0.02864148
v -0.03309463 0.00411083 -0.02864148
v -0.03297397 0.00499927 -0.02777920
v -0.03289141 0.00566676 -0.02568276
v 0.01752589 0.00566676 -0.04411415
v 0.01936120 0.00105798 -0.04863038
v 0.01565246 0.00566676 -0.04534830
v 0.01419818 0.00566676 -0.04616747
v 0.01403306 0.00566676 -0.04625370
v 0.01228665 0.00566676 -0.04713755
v 0.01048944 0.00566676 -0.04785971
v 0.00909231 0.00566676 -0.04831780
v 0.00820958 0.00566676 -0.04856571
v 0.00693946 0.00566676 -0.04883518
v 0.00690771 0.00566676 -0.04884057
v 0.00513589 0.00566676 -0.04909925
v 0.01758939 0.00016376 -0.04922860
v 0.01758939 -0.00121633 -0.04913159
v -0.00021130 -0.00615133 -0.04835553
v 0.01048944 -0.00615133 -0.04771959
v 0.01125151 -0.00615133 -0.04766570
v 0.01226760 -0.00615133 -0.04759025
v 0.01302332 -0.00615133 -0.04743935
v 0.01403941 -0.00615133 -0.04722378
v 0.01517617 -0.00615133 -0.04685191
v 0.01605890 -0.00615133 -0.04639922
v -0.03203408 -0.00615133 -0.02789776
v -0.03280250 -0.00393023 -0.02874927
v -0.03296127 -0.00323961 -0.02939598
v -0.03195152 -0.00615133 -0.02864148
v -0.03207853 -0.00536122 -0.03036067
v -0.03305017 -0.00224243 -0.03036067
v -0.03320894 -0.00121633 -0.03036067
v -0.03331690 0.00016376 -0.03036067
v -0.03327879 0.00154616 -0.03036067
v -0.03310733 0.00293435 -0.03039301
v -0.03302477 0.00381469 -0.02983791
v -0.03292316 0.00480146 -0.02864148
v -0.03262469 0.00566676 -0.02864148
v -0.03268819 0.00566676 -0.02804866
v -0.03279615 0.00566676 -0.02703547
v 0.00339583 0.00566676 -0.04922860
v 0.00161767 0.00566676 -0.04928788
v 0.01581123 0.00016376 -0.04924477
v -0.01434135 -0.00121633 -0.04918549
v -0.00188150 -0.00615133 -0.04837709
v -0.03258023 -0.00397998 -0.03036067
v -0.03231351 -0.00397998 -0.03208524
v -0.03289141 -0.00293421 -0.03036067
v -0.03174195 -0.00615133 -0.03033911
v -0.03154508 -0.00615133 -0.03165949
v -0.03148158 -0.00615133 -0.03208524
v -0.03181181 -0.00536122 -0.03208524
v -0.03298032 -0.00194397 -0.03127146
v -0.03302477 -0.00121633 -0.03154631
v -0.03308193 0.00016376 -0.03183195
v -0.03306287 0.00154616 -0.03171338
v -0.03301207 0.00247856 -0.03144392
v -0.03293586 0.00339939 -0.03098583
v -0.03281520 0.00428899 -0.03039301
v -0.03237066 0.00566676 -0.03036606
v -0.00015414 0.00566676 -0.04929866
v -0.01434135 0.00016376 -0.04920165
v -0.01611951 -0.00121633 -0.04916931
v -0.01611951 -0.00259758 -0.04894835
v -0.01434135 -0.00259758 -0.04895913
v -0.01611951 -0.00374861 -0.04863038
v -0.01611951 -0.00443924 -0.04837709
v -0.00369777 -0.00615133 -0.04826930
v -0.03197692 -0.00397998 -0.03380982
v -0.03235796 -0.00259758 -0.03380982
v -0.03274535 -0.00248189 -0.03194512
v -0.03128471 -0.00615133 -0.03317927
v -0.03127201 -0.00615133 -0.03324933
v -0.03145618 -0.00539940 -0.03380443
v -0.03259928 -0.00121633 -0.03380982
v -0.03287871 -0.00121633 -0.03240860
v -0.03292951 0.00016376 -0.03269423
v -0.03290411 0.00154616 -0.03257567
v -0.03282155 0.00293435 -0.03204752
v -0.03249132 0.00430865 -0.03208524
v -0.03201503 0.00566676 -0.03211758
v -0.00372952 0.00566676 -0.04928788
v -0.00550134 0.00566676 -0.04927171
v -0.01611951 0.00016376 -0.04917471
v -0.01789133 0.00016376 -0.04908309
v -0.01789133 -0.00121633 -0.04907230
v -0.01789133 -0.00259758 -0.04885674
v -0.01789133 -0.00361558 -0.04858727
v -0.01789133 -0.00430620 -0.04832858
v -0.01611951 -0.00536122 -0.04791899
v -0.01610046 -0.00615133 -0.04747707
v -0.03195787 -0.00259758 -0.03553439
v -0.03132282 -0.00496443 -0.03515714
v -0.03151333 -0.00407484 -0.03565296
v -0.03220555 -0.00121633 -0.03553439
v -0.03104974 -0.00615133 -0.03418168
v -0.03113230 -0.00588526 -0.03437030
v -0.03270089 0.00016376 -0.03380982
v -0.03264374 0.00154616 -0.03380982
v -0.03243417 0.00292741 -0.03380982
v -0.03207219 0.00430865 -0.03380982
v -0.03152603 0.00566676 -0.03391222
v -0.00724775 0.00566676 -0.04922860
v -0.01966949 0.00016376 -0.04889985
v -0.00905131 0.00566676 -0.04912081
v -0.01966949 -0.00121633 -0.04887829
v -0.01969489 -0.00263228 -0.04863038
v -0.01912334 -0.00343974 -0.04852260
v -0.01969489 -0.00393139 -0.04823697
v -0.01966949 -0.00536122 -0.04754175
v -0.01789133 -0.00536122 -0.04779504
v -0.01789133 -0.00615133 -0.04733156
v -0.03132917 -0.00367920 -0.03685477
v -0.03146888 -0.00266236 -0.03736137
v -0.03178006 -0.00121633 -0.03725897
v -0.03117675 -0.00460003 -0.03630506
v -0.03230081 0.00016376 -0.03553439
v -0.03090368 -0.00615133 -0.03473139
v -0.03066235 -0.00615133 -0.03558829
v -0.03099894 -0.00539940 -0.03565296
v -0.03221825 0.00154616 -0.03553439
v -0.03196422 0.00292741 -0.03553439
v -0.03151968 0.00433410 -0.03558290
v -0.03133552 0.00528732 -0.03504397
v -0.03150063 0.00566676 -0.03399844
v -0.01965679 0.00158549 -0.04864116
v -0.02093326 0.00115168 -0.04854954
v -0.02122539 0.00016376 -0.04862499
v -0.01082313 0.00566676 -0.04892679
v -0.02113648 -0.00121633 -0.04860882
v -0.02081260 -0.00219384 -0.04853338
v -0.02031090 -0.00311467 -0.04842559
v -0.02144130 -0.00397998 -0.04777887
v -0.02140320 -0.00537742 -0.04708904
v -0.02079354 -0.00615133 -0.04682497
v -0.01966949 -0.00615133 -0.04706210
v -0.03116405 -0.00316442 -0.03800269
v -0.03128471 -0.00224359 -0.03837994
v -0.03137362 -0.00121633 -0.03867096
v -0.03141807 0.00016376 -0.03881108
v -0.03186261 0.00016376 -0.03725897
v -0.03050359 -0.00536122 -0.03725897
v -0.03103704 -0.00407484 -0.03736137
v -0.03010985 -0.00615133 -0.03726974
v -0.03174195 0.00154616 -0.03725897
v -0.03134822 0.00154616 -0.03856318
v -0.03125296 0.00239180 -0.03826677
v -0.03143077 0.00288229 -0.03726436
v -0.03131011 0.00389104 -0.03669309
v -0.03111960 0.00481187 -0.03619189
v -0.03096718 0.00566676 -0.03551284
v -0.03124661 0.00566676 -0.03479067
v -0.02024739 0.00207251 -0.04841481
v -0.02149211 0.00158549 -0.04827469
v -0.02211447 0.00016376 -0.04842020
v -0.01271560 0.00566676 -0.04861421
v -0.02202556 -0.00121633 -0.04838786
v -0.02142225 -0.00263228 -0.04825313
v -0.02321312 -0.00259758 -0.04759564
v -0.02321947 -0.00393486 -0.04708904
v -0.02263522 -0.00492742 -0.04689503
v -0.02196840 -0.00584825 -0.04661479
v -0.02175883 -0.00615133 -0.04648005
v -0.03047184 -0.00397998 -0.03898354
v -0.03096083 -0.00266236 -0.03896737
v -0.03064965 -0.00121633 -0.04070812
v -0.03109419 -0.00121633 -0.03953325
v -0.03114500 0.00016376 -0.03967337
v -0.02973517 -0.00615133 -0.03823443
v -0.02961451 -0.00615133 -0.03854162
v -0.02981138 -0.00536816 -0.03900510
v -0.03104339 0.00154616 -0.03942547
v -0.03050994 0.00154616 -0.04070812
v -0.03080207 0.00288229 -0.03889732
v -0.03108784 0.00331263 -0.03784101
v -0.03087192 0.00433410 -0.03726436
v -0.03092273 0.00566676 -0.03562601
v -0.01346497 0.00566676 -0.04846870
v -0.01416353 0.00566676 -0.04830702
v -0.01422704 0.00566676 -0.04829086
v -0.01426514 0.00566676 -0.04828008
v -0.01611951 0.00566676 -0.04769265
v -0.02321312 0.00154616 -0.04775193
v -0.02321312 0.00016376 -0.04805912
v -0.02321312 -0.00121633 -0.04794055
v -0.02504209 -0.00109602 -0.04707826
v -0.02448324 -0.00259758 -0.04697048
v -0.02422286 -0.00344553 -0.04681958
v -0.02381642 -0.00436636 -0.04658245
v -0.02321947 -0.00537742 -0.04629682
v -0.02318772 -0.00615133 -0.04579023
v -0.02238754 -0.00615133 -0.04619442
v -0.03026227 -0.00259758 -0.04070812
v -0.02955100 -0.00491238 -0.04008296
v -0.02973517 -0.00390247 -0.04068117
v -0.02980503 -0.00116659 -0.04250275
v -0.02947479 -0.00067262 -0.04335965
v -0.02998919 0.00016376 -0.04243269
v -0.03075761 0.00016376 -0.04070812
v -0.02947479 -0.00615133 -0.03884342
v -0.02930333 -0.00583321 -0.03959253
v -0.02946209 0.00093073 -0.04335426
v -0.02972882 0.00145361 -0.04241113
v -0.02957006 0.00246005 -0.04181831
v -0.02989393 0.00292278 -0.04072428
v -0.02997649 0.00434104 -0.03904282
v -0.03003365 0.00566676 -0.03749071
v -0.03009715 0.00566676 -0.03736137
v -0.01615127 0.00566676 -0.04768187
v -0.02321312 0.00266944 -0.04709982
v -0.02433717 0.00238370 -0.04686269
v -0.02495318 0.00147675 -0.04705671
v -0.02595657 0.00097006 -0.04679802
v -0.02499128 0.00016376 -0.04729923
v -0.02588671 -0.00055463 -0.04674952
v -0.02567079 -0.00147546 -0.04660401
v -0.02536597 -0.00259758 -0.04639922
v -0.02617249 -0.00372663 -0.04527285
v -0.02504209 -0.00404592 -0.04593034
v -0.02465470 -0.00536122 -0.04542375
v -0.02429907 -0.00615133 -0.04516507
v -0.02419111 -0.00615133 -0.04522974
v -0.02947479 -0.00339000 -0.04165124
v -0.02964626 -0.00259758 -0.04193688
v -0.02894770 -0.00536816 -0.04068117
v -0.02923347 -0.00431199 -0.04123627
v -0.02930968 -0.00159345 -0.04312791
v -0.02854761 -0.00122327 -0.04416266
v -0.02777919 -0.00085309 -0.04513812
v -0.02789350 0.00016376 -0.04524052
v -0.02878258 0.00016376 -0.04424888
v -0.02948750 0.00016376 -0.04338660
v -0.02921442 -0.00615133 -0.03939313
v -0.02886514 -0.00615133 -0.03999673
v -0.02784269 0.00112971 -0.04519740
v -0.02851586 0.00149063 -0.04410876
v -0.02918902 0.00185156 -0.04296623
v -0.02922712 0.00338088 -0.04131172
v -0.02956370 0.00566676 -0.03834222
v -0.02962721 0.00390261 -0.04016380
v -0.02966531 0.00536599 -0.03850390
v -0.01754840 0.00566676 -0.04704054
v -0.02321312 0.00336121 -0.04648544
v -0.02450229 0.00383435 -0.04527824
v -0.02501033 0.00294244 -0.04589801
v -0.02629950 0.00257920 -0.04536986
v -0.02551838 0.00189089 -0.04652317
v -0.02595022 0.00016376 -0.04679263
v -0.02672499 0.00151030 -0.04586028
v -0.02683295 0.00016376 -0.04610280
v -0.02674404 -0.00116427 -0.04587106
v -0.02650272 -0.00259758 -0.04553693
v -0.02586131 -0.00464746 -0.04500339
v -0.02739180 -0.00259758 -0.04476626
v -0.02690281 -0.00417895 -0.04429200
v -0.02554378 -0.00536122 -0.04474470
v -0.02521990 -0.00615133 -0.04440518
v -0.02857301 -0.00401121 -0.04245964
v -0.02908741 -0.00259758 -0.04279916
v -0.02845235 -0.00615133 -0.04068656
v -0.02778554 -0.00615133 -0.04174825
v -0.02803321 -0.00536122 -0.04209317
v -0.02819833 -0.00259758 -0.04390397
v -0.02759502 -0.00177392 -0.04496566
v -0.02748706 0.00205053 -0.04486327
v -0.02800781 0.00260581 -0.04371535
v -0.02927157 0.00482344 -0.03965182
v -0.02882703 0.00566676 -0.03925301
v -0.02101582 0.00566676 -0.04524052
v -0.02402599 0.00566676 -0.04325187
v -0.02507384 0.00566676 -0.04254587
v -0.02568350 0.00350003 -0.04487943
v -0.02193030 0.00566676 -0.04465308
v -0.02692186 0.00305350 -0.04429739
v -0.02762678 -0.00463243 -0.04326264
v -0.02647097 -0.00536122 -0.04388241
v -0.02617249 -0.00615133 -0.04358600
v -0.02600738 -0.00615133 -0.04373690
v -0.02790620 -0.00371160 -0.04358600
v -0.02701712 -0.00615133 -0.04264826
v -0.02736005 -0.00536122 -0.04295545
v -0.02753787 0.00352664 -0.04318719
v -0.02871272 0.00566676 -0.03938235
v -0.02612169 0.00566676 -0.04178059
v -0.02677580 0.00566676 -0.04126322
v -0.02698537 0.00566676 -0.04109615
v -0.02709968 0.00566676 -0.04099914
v -0.02633125 -0.00615133 -0.04341893
v -0.02796970 0.00566676 -0.04020152
v -0.02843330 0.00566676 -0.03969493
v -0.00370061 0.00016457 0.05565844
v -0.00357226 0.00157858 0.05531433
v -0.00206915 0.00146031 0.05520074
v -0.00192600 0.00016457 0.05541372
v -0.00192600 -0.00073447 0.05515563
v -0.00370061 -0.00082749 0.05525836
v -0.00477179 -0.00069726 0.05515146
v -0.00491617 0.00016457 0.05528927
v -0.00484089 0.00114003 0.05521994
v -0.00289599 0.00225768 0.05500445
v -0.00275653 0.00225768 0.05500445
v -0.00157305 0.00186431 0.05473801
v -0.00095478 0.00094268 0.05503201
v -0.00093380 0.00016457 0.05504538
v -0.00098316 -0.00057366 0.05501448
v -0.00074375 -0.00202289 0.05343003
v -0.00192600 -0.00142552 0.05442480
v -0.00374380 -0.00154580 0.05408569
v -0.00192600 -0.00207605 0.05356284
v -0.00318229 -0.00201691 0.05349017
v -0.00501367 -0.00093713 0.05411660
v -0.00538636 0.00016457 0.05411660
v -0.00496060 0.00134934 0.05411660
v -0.00415105 0.00203973 0.05411660
v -0.00326374 0.00247497 0.05411660
v -0.00206792 0.00288163 0.05366975
v -0.00206915 0.00265770 0.05414500
v -0.00015139 0.00288163 0.05337073
v 0.00029041 0.00288163 0.05318197
v 0.00081859 0.00236599 0.05331728
v 0.00086425 0.00154603 0.05338410
v -0.00004650 0.00016457 0.05433376
v 0.00090498 -0.00077168 0.05343421
v 0.00043850 -0.00169265 0.05303748
v 0.00100370 -0.00210994 0.05188819
v -0.00015263 -0.00229201 0.05243444
v -0.00015139 -0.00288472 0.05066959
v -0.00192600 -0.00246876 0.05239267
v -0.00182727 -0.00375519 0.04712569
v -0.00345379 -0.00213984 0.05239267
v -0.00434109 -0.00167138 0.05239267
v -0.00382648 -0.00284950 0.04712569
v -0.00391780 -0.00277907 0.04712569
v -0.00412019 -0.00261295 0.04712569
v -0.00511610 -0.00122884 0.04712569
v -0.00520618 -0.00013511 0.04712569
v -0.00511486 0.00128422 0.04712569
v -0.00481745 0.00241583 0.04712569
v -0.00467059 0.00288163 0.04712569
v -0.00339209 0.00274142 0.05239267
v -0.00311935 0.00288163 0.05241857
v 0.00149610 0.00288163 0.05249457
v 0.00174292 0.00288163 0.05228576
v 0.00255124 0.00288163 0.05157749
v 0.00092719 0.00016457 0.05347180
v 0.00721853 0.00016457 0.04712569
v 0.00715559 0.00001507 0.04712569
v 0.00694456 -0.00045871 0.04712569
v 0.00632752 -0.00121621 0.04712569
v 0.00443321 -0.00255514 0.04712569
v 0.00391613 -0.00286346 0.04712569
v 0.00261295 -0.00338441 0.04712569
v 0.00136652 -0.00370203 0.04712569
v 0.00017934 -0.00390470 0.04712569
v -0.00017484 -0.00390669 0.04712569
v -0.00210617 -0.00365020 0.04712569
v 0.00655706 0.00288163 0.04712569
v 0.00712968 0.00154071 0.04712569
v 0.00714695 0.00138854 0.04712569
v -0.00015199 -0.01497820 0.03829651
v -0.00192488 -0.01497820 0.03829493
v 0.00162178 -0.01497820 0.03820174
v -0.00015199 -0.01795226 0.03551184
v -0.00192488 -0.01796456 0.03552605
v -0.00192488 -0.01727335 0.03616733
v -0.00299340 -0.01794405 0.03550867
v -0.00299340 -0.01725284 0.03614680
v -0.00299340 -0.01497820 0.03823807
v 0.00339644 -0.01497820 0.03801536
v 0.00270984 -0.01714208 0.03604571
v 0.00162178 -0.01788867 0.03545023
v -0.00015199 -0.01801276 0.03545497
v -0.00192488 -0.01886909 0.03466206
v -0.00299340 -0.01885268 0.03464626
v -0.00299340 -0.01497820 0.03410291
v 0.00517021 -0.01497820 0.03766155
v 0.00459020 -0.01858091 0.03437301
v 0.00339644 -0.01869167 0.03448199
v 0.00162178 -0.01801276 0.03533177
v 0.00339644 -0.01938185 0.03382492
v 0.00162178 -0.01879320 0.03458624
v -0.00015199 -0.01885370 0.03465100
v -0.00192488 -0.01955927 0.03397181
v -0.00299340 -0.01954286 0.03395918
v 0.00608063 -0.01497820 0.03305886
v -0.00299340 -0.02117859 0.02730312
v 0.00063941 -0.02395061 0.02216024
v 0.00573156 -0.01497820 0.03746885
v 0.00608063 -0.01981463 0.03281561
v 0.00608063 -0.01997154 0.03266714
v 0.00517021 -0.02009460 0.03279982
v 0.00162178 -0.01948338 0.03389916
v 0.00339644 -0.02024330 0.03296409
v -0.00015199 -0.01954389 0.03395286
v -0.00192488 -0.02037765 0.03310940
v -0.00299340 -0.02037355 0.03309677
v 0.00608063 -0.01497820 0.03734880
v 0.00219468 -0.02256307 0.02383768
v 0.00269119 -0.02256307 0.02383768
v 0.00608063 -0.01956850 0.02804549
v -0.00299340 -0.02195390 0.02691773
v -0.00105620 -0.02398241 0.02391508
v 0.00063941 -0.02429007 0.02216024
v 0.00112526 -0.02395061 0.02216024
v 0.00517021 -0.02078479 0.03203849
v 0.00608063 -0.02119808 0.03128665
v 0.00162178 -0.02030996 0.03303832
v 0.00339644 -0.02093452 0.03219802
v 0.00162178 -0.02100015 0.03227858
v -0.00015199 -0.02034996 0.03309203
v -0.00192488 -0.02106783 0.03236072
v -0.00299340 -0.02106476 0.03235913
v 0.00291680 -0.02332196 0.02346808
v 0.00608063 -0.02081042 0.02710411
v -0.00299340 -0.02306045 0.02693984
v -0.00105620 -0.02404496 0.02391508
v 0.00112526 -0.02429007 0.02216024
v 0.00001943 -0.02462747 0.02316165
v 0.00058256 -0.02545507 0.02355811
v 0.00287061 -0.02442749 0.02341753
v 0.00608063 -0.02140318 0.03104340
v 0.00517021 -0.02150882 0.03117608
v 0.00339644 -0.02164418 0.03133561
v 0.00162178 -0.02171700 0.03141775
v -0.00015199 -0.02104220 0.03232597
v -0.00015199 -0.02176212 0.03146355
v -0.00192488 -0.02179699 0.03149988
v -0.00299340 -0.02135498 0.03201638
v 0.00608063 -0.02163393 0.02702197
v 0.00608063 -0.02105348 0.02702197
v -0.00123207 -0.02419572 0.02480750
v -0.00299340 -0.02321736 0.02736946
v 0.00113770 -0.02545507 0.02355811
v 0.00172214 -0.02481924 0.02291209
v -0.00149764 -0.02427161 0.02653232
v 0.00058256 -0.02545507 0.02418201
v 0.00321613 -0.02453312 0.02480750
v 0.00608063 -0.02235898 0.02828084
v 0.00608063 -0.02208209 0.02777224
v 0.00608063 -0.02195082 0.02992037
v 0.00528123 -0.02226669 0.02994248
v 0.00476340 -0.02276304 0.02934227
v 0.00339644 -0.02289944 0.02954287
v 0.00339644 -0.02233335 0.03040212
v 0.00162178 -0.02240616 0.03053480
v -0.00015199 -0.02245333 0.03060272
v -0.00192488 -0.02248820 0.03063905
v -0.00299340 -0.02177956 0.03149830
v -0.00299340 -0.02332812 0.02826347
v 0.00113770 -0.02545507 0.02418201
v -0.00299340 -0.02322659 0.02906428
v -0.00141060 -0.02414547 0.02766799
v -0.00015199 -0.02464695 0.02653232
v 0.00168573 -0.02520177 0.02477749
v 0.00406704 -0.02395267 0.02653232
v 0.00590299 -0.02249743 0.02825715
v 0.00501566 -0.02302866 0.02825715
v 0.00282176 -0.02407983 0.02753373
v 0.00340621 -0.02363680 0.02816870
v 0.00162178 -0.02369423 0.02854936
v 0.00162178 -0.02300302 0.02967397
v -0.00015199 -0.02305122 0.02974189
v -0.00192488 -0.02303994 0.02977821
v -0.00299340 -0.02269023 0.03020784
v -0.00299340 -0.02246974 0.03054902
v -0.00299340 -0.02205440 0.03115555
v 0.00162178 -0.02464695 0.02653232
v -0.00299340 -0.02294969 0.02968818
v -0.00015199 -0.02421213 0.02778803
v 0.00318060 -0.02427161 0.02653232
v 0.00162178 -0.02416290 0.02768695
v -0.00015199 -0.02374243 0.02864887
v -0.00563853 0.01805077 0.02833622
v -0.00526483 0.01805077 0.02986370
v -0.00485185 0.01805077 0.02714485
v -0.00486325 0.01812643 0.02712857
v -0.00479991 0.01907949 0.02713182
v -0.00282624 0.02159401 0.02564799
v -0.00282624 0.02159401 0.02570726
v -0.00478344 0.01903220 0.02825415
v -0.00463523 0.01884149 0.02914914
v -0.00109706 0.02299891 0.02572615
v -0.00015076 0.02316966 0.02594762
v -0.00369906 0.01805077 0.03030859
v -0.00380674 0.01805077 0.02659900
v -0.00283384 0.01880629 0.02566037
v -0.00302259 0.01950821 0.02549231
v -0.00301626 0.02088841 0.02548319
v -0.00109706 0.02299891 0.02536008
v -0.00091971 0.02263744 0.02421105
v -0.00025717 0.02323480 0.02479403
v -0.00025717 0.02216511 0.02692078
v -0.00091844 0.02156722 0.02738260
v 0.00162149 0.02341764 0.02480771
v 0.00162149 0.02321694 0.02600494
v -0.00192554 0.01805077 0.03037112
v 0.00026349 0.02163499 0.02742494
v -0.00198255 0.01805077 0.02628894
v 0.00339501 0.01805077 0.02558806
v 0.00522554 0.01805077 0.02537506
v -0.00015076 0.01950821 0.02500052
v -0.00015076 0.02079226 0.02424167
v -0.00106539 0.02154672 0.02393161
v -0.00106539 0.02171642 0.02393161
v 0.00026349 0.02313866 0.02381762
v 0.00162149 0.02316073 0.02379352
v 0.00262353 0.02304934 0.02387103
v 0.00270461 0.02310293 0.02480771
v 0.00265520 0.02306143 0.02580302
v 0.00156195 0.02216511 0.02692990
v 0.00093109 0.02163499 0.02742494
v -0.00014062 0.01805077 0.03023433
v 0.00524834 0.01805077 0.02537506
v 0.00339501 0.01950821 0.02468460
v 0.00162149 0.02071135 0.02418565
v -0.00015076 0.02148263 0.02390035
v 0.00130226 0.02212833 0.02374988
v 0.00162149 0.02227019 0.02371731
v 0.00108437 0.02225390 0.02374988
v -0.00025717 0.02221397 0.02383260
v 0.00108437 0.02225443 0.02374988
v 0.00162149 0.02265582 0.02374988
v 0.00183685 0.02243726 0.02374988
v 0.00279202 0.02226966 0.02384758
v 0.00634159 0.01927388 0.02544281
v 0.00438312 0.02167492 0.02537311
v 0.00438312 0.02167492 0.02579715
v 0.00630485 0.01900856 0.02760603
v 0.00699779 0.01805077 0.02822744
v 0.00696739 0.01805077 0.02825805
v 0.00694205 0.01805077 0.02827825
v 0.00572592 0.01805077 0.02898955
v 0.00516980 0.01805077 0.02917845
v 0.00162149 0.01805077 0.02998811
v 0.00473402 0.01805077 0.02931263
v 0.00343428 0.01805077 0.02963897
v 0.00325187 0.01805077 0.02968261
v 0.00530155 0.01805077 0.02538092
v 0.00277175 0.02143797 0.02388992
v 0.00162149 0.02140119 0.02386908
v 0.00162149 0.02208157 0.02374988
v 0.00191666 0.02226966 0.02374988
v 0.00191666 0.02227019 0.02374988
v 0.00634032 0.01812643 0.02548124
v 0.00730309 0.01805077 0.02657620
v 0.00645687 0.01930331 0.02653126
v 0.00730309 0.01805077 0.02668368
v 0.00632132 0.01805077 0.02549882
v 0.00636946 0.01805077 0.02552032
v -0.02447003 -0.01641408 0.02308409
v -0.02427467 -0.01641408 0.02434589
v -0.02422527 -0.01723067 0.02308409
v -0.02425333 -0.01725638 0.02202184
v -0.02429937 -0.01641408 0.02197232
v -0.02435776 -0.01509468 0.02316061
v -0.02424323 -0.01370874 0.02490402
v -0.02416463 -0.01277873 0.02585975
v -0.02433530 -0.01509695 0.02494303
v -0.02411748 -0.01712104 0.02396780
v -0.02417698 -0.01467882 0.02581924
v -0.02407032 -0.01559976 0.02560769
v -0.02235918 -0.01849866 0.02399180
v -0.02321699 -0.01744238 0.02179378
v -0.02321699 -0.01641408 0.02149671
v -0.02235918 -0.01849866 0.02389728
v -0.02421516 -0.01559598 0.02208935
v -0.02420281 -0.01420777 0.02378475
v -0.02416463 -0.01277873 0.02554317
v -0.02399734 -0.01253224 0.02617332
v -0.02338429 -0.01253224 0.02797525
v -0.02420393 -0.01365203 0.02592276
v -0.02378513 -0.01641408 0.02520859
v -0.02252984 -0.01730780 0.02591376
v -0.02202234 -0.01822873 0.02514108
v -0.02263426 -0.01253224 0.02929106
v -0.02253995 -0.01253224 0.02944410
v -0.02245012 -0.01321047 0.02927156
v -0.02221097 -0.01413140 0.02898499
v -0.02266233 -0.01503343 0.02780271
v -0.02242206 -0.01583944 0.02749814
v -0.02283973 -0.01634528 0.02650640
v -0.02084004 -0.01862115 0.02604429
v -0.01516094 -0.01983545 0.03066539
v -0.01550114 -0.01991560 0.02951611
v -0.02185167 -0.01740307 0.02185230
v -0.02144298 -0.01850849 0.02388228
v -0.02050320 -0.01850395 0.02390928
v -0.02177645 -0.01641408 0.02174577
v -0.02207062 -0.01546668 0.02195732
v -0.02321699 -0.01543493 0.02192281
v -0.01550114 -0.01991560 0.02901650
v -0.01299955 -0.02025660 0.02999473
v -0.01434691 -0.01996323 0.02895648
v -0.02325966 -0.01253224 0.02497754
v -0.02370878 -0.01253224 0.02535713
v -0.02399734 -0.01253224 0.02602028
v -0.02204929 -0.01675962 0.02706303
v -0.02086698 -0.01743029 0.02774569
v -0.01874715 -0.01845027 0.02907351
v -0.02041225 -0.01835046 0.02719356
v -0.02184606 -0.01253224 0.03030680
v -0.02112186 -0.01253224 0.03108849
v -0.02096691 -0.01253224 0.03125503
v -0.02075695 -0.01328078 0.03103898
v -0.02192241 -0.01503343 0.02866541
v -0.02046614 -0.01420248 0.03075091
v -0.02103540 -0.01503343 0.02961064
v -0.02072326 -0.01593547 0.02928956
v -0.02035723 -0.01685640 0.02889497
v -0.01922882 -0.01873230 0.02792424
v -0.01743572 -0.01878371 0.02997972
v -0.01702253 -0.01849790 0.03085443
v -0.01612093 -0.01881547 0.03116200
v -0.01444235 -0.01922755 0.03174564
v -0.01397863 -0.02002448 0.03108249
v -0.01448164 -0.02003885 0.03004574
v -0.01299955 -0.01997987 0.02897149
v -0.01299955 -0.01909447 0.02865941
v -0.01299955 -0.01821890 0.02884245
v -0.02172704 -0.01253224 0.02507806
v -0.02218627 -0.01253224 0.02493853
v -0.01299955 -0.01321651 0.03277039
v -0.01299955 -0.02014697 0.03127453
v -0.01917493 -0.01752933 0.02951461
v -0.02008103 -0.01253224 0.03211173
v -0.01897395 -0.01324600 0.03273588
v -0.01971948 -0.01372386 0.03174865
v -0.02018208 -0.01503343 0.03047334
v -0.01866181 -0.01416694 0.03245681
v -0.01929507 -0.01503343 0.03131804
v -0.01896609 -0.01595588 0.03101047
v -0.01860343 -0.01687682 0.03066389
v -0.01732681 -0.01779548 0.03113500
v -0.01671039 -0.01681633 0.03236829
v -0.01611980 -0.01780229 0.03201421
v -0.01490831 -0.01826654 0.03240580
v -0.01372600 -0.01861964 0.03268787
v -0.01299955 -0.01919655 0.03239380
v -0.01299955 -0.01946496 0.03211023
v -0.02086811 -0.01253224 0.02606380
v -0.01299955 -0.01321651 0.03682285
v -0.01784666 -0.01253224 0.02954312
v -0.01919289 -0.01253224 0.03293543
v -0.01784666 -0.01361120 0.03348006
v -0.01821045 -0.01253224 0.03378463
v -0.01726730 -0.01321651 0.03419722
v -0.01784666 -0.01378813 0.03337353
v -0.01746154 -0.01503343 0.03294293
v -0.01784666 -0.01503343 0.03261285
v -0.01834967 -0.01503343 0.03218075
v -0.01714267 -0.01589766 0.03267136
v -0.01784554 -0.01637098 0.03172464
v -0.01787361 -0.01638686 0.03168863
v -0.01784666 -0.01645491 0.03166313
v -0.01613777 -0.01507880 0.03384164
v -0.01555616 -0.01464782 0.03448379
v -0.01611980 -0.01638081 0.03301194
v -0.01552697 -0.01734560 0.03272988
v -0.01440866 -0.01645794 0.03391816
v -0.01432894 -0.01780229 0.03301794
v -0.01318706 -0.01694638 0.03418072
v -0.01299955 -0.01719589 0.03406369
v -0.01299955 -0.01776297 0.03361809
v -0.01299955 -0.01876179 0.03282290
v -0.01299955 -0.01399077 0.03629322
v -0.01385849 -0.01602696 0.03448979
v -0.01396067 -0.01321651 0.03632473
v -0.01784666 -0.01253224 0.03408320
v -0.01707979 -0.01321651 0.03434726
v -0.01673959 -0.01403840 0.03411020
v -0.01784666 -0.01639669 0.03170513
v -0.01482522 -0.01321651 0.03583861
v -0.01504192 -0.01556876 0.03418522
v -0.01299955 -0.01679213 0.03436527
v -0.01439744 -0.01321651 0.03608317
v -0.01612654 -0.01321651 0.03499541
v -0.01613777 -0.01360742 0.03475986
v 0.01918130 -0.00544527 0.03180592
v 0.02123991 -0.00544527 0.03046975
v 0.02308447 0.00288163 0.02877787
v 0.02283650 0.00288163 0.02897189
v 0.02204581 0.00288163 0.02960182
v 0.02170427 0.00288163 0.02987474
v 0.02134752 0.00288163 0.03018259
v 0.01918130 0.00288163 0.03213576
v 0.01918130 -0.00544527 0.03726571
v 0.02204581 -0.00544527 0.03004160
v 0.02908135 -0.00082293 0.02563988
v 0.02908135 -0.00028497 0.02563988
v 0.02468808 0.00288163 0.02805481
v 0.01918130 0.00288163 0.03711179
v 0.01918130 -0.00531568 0.03735626
v 0.01937663 -0.00544527 0.03710015
v 0.02277685 -0.00544527 0.02965485
v 0.02927317 -0.00174235 0.02569032
v 0.02992351 -0.00125737 0.02550277
v 0.03001006 -0.00011788 0.02549889
v 0.02679465 0.00249120 0.02717524
v 0.02629053 0.00288163 0.02807421
v 0.02789765 0.00249120 0.02717524
v 0.01918130 0.00282294 0.03715448
v 0.02627766 0.00288163 0.02980748
v 0.02748125 0.00236242 0.02924740
v 0.02780758 0.00154570 0.02956172
v 0.01918130 -0.00527085 0.03738213
v 0.02054279 -0.00508012 0.03628396
v 0.01963162 -0.00544527 0.03686991
v 0.02465065 -0.00544527 0.02973117
v 0.02510331 -0.00500513 0.02889040
v 0.02720637 -0.00341571 0.02730200
v 0.03045570 -0.00195508 0.02561918
v 0.03111656 -0.00121825 0.02548336
v 0.03113060 -0.00022303 0.02547172
v 0.02631041 0.00288163 0.02809232
v 0.02953401 0.00129140 0.02686222
v 0.02786022 0.00252218 0.02825660
v 0.01918130 0.00154570 0.03798748
v 0.02953401 0.00129140 0.02785303
v 0.02901117 0.00056434 0.02900294
v 0.01918130 -0.00462041 0.03775336
v 0.01991351 -0.00397975 0.03743257
v 0.02084807 -0.00397975 0.03656982
v 0.02173468 -0.00397975 0.03572906
v 0.02204581 -0.00397975 0.03542767
v 0.02262479 -0.00397975 0.03486630
v 0.02230898 -0.00506707 0.03456880
v 0.02111944 -0.00544527 0.03547165
v 0.02466235 -0.00544527 0.02973764
v 0.02646247 -0.00495133 0.02888005
v 0.02823568 -0.00346706 0.02718559
v 0.03095749 -0.00195508 0.02561918
v 0.03095749 -0.00195508 0.02596583
v 0.03108966 -0.00117505 0.02653755
v 0.03109317 -0.00024911 0.02653238
v 0.01918130 0.00022038 0.03850746
v 0.02722860 0.00055130 0.03072844
v 0.03092591 -0.00046022 0.02742747
v 0.02918662 -0.00035670 0.02918273
v 0.02820995 0.00009649 0.02995623
v 0.01918130 -0.00397975 0.03808966
v 0.01918130 -0.00259818 0.03855014
v 0.01927020 -0.00259818 0.03846865
v 0.02015797 -0.00259818 0.03764859
v 0.02372545 -0.00288020 0.03421309
v 0.02549281 -0.00295764 0.03248370
v 0.02726603 -0.00299839 0.03075432
v 0.02351140 -0.00397975 0.03399837
v 0.02438163 -0.00397975 0.03313691
v 0.02406465 -0.00502061 0.03282777
v 0.02291721 -0.00544527 0.03367371
v 0.02204581 -0.00544527 0.03455069
v 0.02146098 -0.00544527 0.03513793
v 0.02473604 -0.00544527 0.03176840
v 0.02641685 -0.00505403 0.02985405
v 0.02740522 -0.00471007 0.02902881
v 0.02929657 -0.00340104 0.02720887
v 0.03084286 -0.00160704 0.02711574
v 0.02929657 -0.00340104 0.02770686
v 0.03092591 -0.00068681 0.02742747
v 0.01918130 0.00016332 0.03852816
v 0.02740989 -0.00036974 0.03089789
v 0.02919247 -0.00121825 0.02918791
v 0.02831756 -0.00121825 0.03005066
v 0.02742978 -0.00121825 0.03091729
v 0.01918130 -0.00245310 0.03856696
v 0.01918130 -0.00121825 0.03868467
v 0.02381201 -0.00195916 0.03429717
v 0.02560744 -0.00203578 0.03259494
v 0.02195692 -0.00259818 0.03594636
v 0.02739703 -0.00207735 0.03088754
v 0.02700636 -0.00397975 0.03040378
v 0.02611975 -0.00397975 0.03138424
v 0.02526707 -0.00397975 0.03224441
v 0.02915153 -0.00198361 0.02914780
v 0.02898309 -0.00290547 0.02885548
v 0.02314062 -0.00544527 0.03344735
v 0.02579342 -0.00493585 0.03107122
v 0.02472668 -0.00544527 0.03178005
v 0.02740522 -0.00471007 0.02919437
v 0.01918130 -0.00101040 0.03866526
v 0.02773038 -0.00397975 0.02954103
v -0.00369794 0.01636710 0.03243042
v -0.00369794 0.01804972 0.03030843
v -0.00192463 0.01804972 0.03037131
v -0.00192463 0.01636710 0.03237518
v -0.00545416 0.01636710 0.03227830
v -0.00478811 0.01747441 0.03089055
v -0.00526630 0.01804972 0.02986397
v -0.00013994 0.01804972 0.03023364
v -0.00018264 0.01636710 0.03219417
v -0.00699691 0.01636710 0.03186189
v -0.00541716 0.01688279 0.03156020
v -0.00713638 0.01636710 0.03181175
v -0.00756050 0.01636710 0.03160440
v -0.00656426 0.01761013 0.02951300
v -0.00563918 0.01804972 0.02833601
v 0.00162483 0.01804972 0.02998890
v 0.00325296 0.01804972 0.02968212
v 0.00162483 0.01636710 0.03178966
v -0.00859374 0.01636710 0.03028803
v -0.00656426 0.01761013 0.02887649
v -0.00485357 0.01804972 0.02714627
v 0.00343513 0.01804972 0.02963878
v 0.00339813 0.01636710 0.03136730
v -0.00698552 0.01636710 0.02879576
v -0.00380610 0.01804972 0.02659899
v -0.00599498 0.01636710 0.02825188
v -0.00474256 0.01733392 0.02730179
v 0.00473594 0.01804972 0.02931330
v 0.00517144 0.01636710 0.03089905
v -0.00198156 0.01804972 0.02628881
v -0.00541716 0.01636710 0.02800883
v 0.01403511 0.01636710 0.02374956
v 0.00517144 0.01804972 0.02917903
v 0.00585172 0.01636710 0.03069849
v 0.01408066 0.01656936 0.02374956
v 0.01424005 0.01670705 0.02374956
v 0.01532738 0.01750587 0.02374956
v 0.00339813 0.01804972 0.02558771
v 0.02048505 0.01636710 0.02374956
v 0.00572933 0.01804972 0.02898952
v 0.00648362 0.01636710 0.03047669
v 0.01581411 0.01755298 0.02374956
v 0.00522836 0.01804972 0.02537526
v 0.02021749 0.01636710 0.02393397
v 0.02004101 0.01705129 0.02385834
v 0.02023172 0.01697075 0.02374956
v 0.00689351 0.01804972 0.02830712
v 0.01907324 0.01764356 0.02374956
v 0.01885976 0.01755561 0.02409204
v 0.00635554 0.01757356 0.02925636
v 0.00682519 0.01636710 0.03035262
v 0.01755611 0.01764883 0.02374956
v 0.00525113 0.01804972 0.02537441
v 0.01708360 0.01636710 0.02547724
v 0.01993854 0.01717218 0.02374956
v 0.01237282 0.01636710 0.02777598
v 0.00883475 0.01636710 0.02949006
v 0.00694189 0.01804972 0.02827822
v 0.00696751 0.01804972 0.02825783
v 0.00699882 0.01804972 0.02822723
v 0.00730339 0.01804972 0.02668312
v 0.00730339 0.01804972 0.02657605
v 0.00636977 0.01804972 0.02551973
v 0.00632138 0.01804972 0.02549848
v 0.00530522 0.01804972 0.02538036
v 0.00871805 0.01636710 0.02954360
v 0.00706714 0.01636710 0.03025914
v -0.00299340 -0.01347518 0.03967447
v -0.00299340 -0.01794510 0.03550672
v -0.00370155 -0.01793160 0.03549548
v -0.00547535 -0.01718790 0.03608374
v -0.00370155 -0.01347518 0.03963201
v -0.00299340 -0.01347518 0.03492721
v -0.00299340 -0.01885085 0.03464494
v -0.00370155 -0.01884024 0.03463495
v -0.00547535 -0.01878912 0.03458125
v -0.00547535 -0.01787758 0.03544303
v -0.00649203 -0.01713870 0.03604127
v -0.00547535 -0.01347518 0.03940220
v -0.01299955 -0.01347518 0.03259292
v -0.00299438 -0.02117841 0.02730236
v -0.00299340 -0.02027845 0.02864373
v -0.00299340 -0.01954150 0.03396052
v -0.00370155 -0.01953089 0.03395178
v -0.00547535 -0.01947977 0.03390182
v -0.00725013 -0.01868494 0.03447634
v -0.00725013 -0.01937463 0.03380190
v -0.00714925 -0.01647988 0.03646342
v -0.00844801 -0.01857112 0.03436518
v -0.00602483 -0.01347518 0.03928230
v -0.01299955 -0.01822097 0.02884106
v -0.01299955 -0.01347518 0.03664077
v -0.00299438 -0.02195395 0.02691643
v -0.00299340 -0.02328026 0.02864373
v -0.00299340 -0.02037201 0.03309999
v -0.00370155 -0.02037009 0.03309125
v -0.00547535 -0.02031028 0.03304129
v -0.00725013 -0.02020611 0.03294262
v -0.00902099 -0.02004888 0.03276902
v -0.00725013 -0.01533877 0.03741637
v -0.00903372 -0.01909007 0.03371822
v -0.00963217 -0.01840328 0.03421655
v -0.00711105 -0.01347518 0.03902377
v -0.01299955 -0.01909489 0.02865997
v -0.01264891 -0.01347518 0.03683311
v -0.01299955 -0.01362855 0.03653835
v -0.00299438 -0.02306130 0.02693891
v -0.00299340 -0.02322624 0.02906463
v -0.00299438 -0.02321660 0.02736855
v -0.00299438 -0.02332753 0.02826155
v -0.00477504 -0.02272176 0.02935313
v -0.00299340 -0.02106363 0.03236311
v -0.00370155 -0.02106073 0.03236186
v -0.00547535 -0.02099996 0.03227318
v -0.00725013 -0.02089772 0.03207585
v -0.01011309 -0.01992251 0.03262789
v -0.01074288 -0.01924634 0.03310374
v -0.01079773 -0.01819879 0.03405294
v -0.00729225 -0.01347518 0.03896632
v -0.01079773 -0.01750814 0.03461872
v -0.00841569 -0.01445328 0.03782727
v -0.01299955 -0.01997846 0.02897095
v -0.01299955 -0.01399124 0.03629356
v -0.01116111 -0.01347518 0.03753502
v -0.01299955 -0.01679531 0.03436518
v -0.00299340 -0.02294941 0.02969035
v -0.00370155 -0.02289057 0.02963165
v -0.01299955 -0.02025530 0.02999634
v -0.01299955 -0.02014823 0.03127652
v -0.00849208 -0.02132696 0.03100550
v -0.00299340 -0.02135300 0.03201965
v -0.00299340 -0.02177839 0.03150133
v -0.00370155 -0.02176681 0.03150008
v -0.00547535 -0.02164431 0.03141141
v -0.00905919 -0.02080801 0.03162997
v -0.00725013 -0.02146779 0.03121282
v -0.01257153 -0.02020128 0.03136145
v -0.01129725 -0.01975275 0.03244304
v -0.01257153 -0.01884603 0.03290640
v -0.01200344 -0.01726410 0.03441264
v -0.01258524 -0.01775411 0.03380690
v -0.00901414 -0.01371344 0.03822569
v -0.00901512 -0.01347518 0.03841178
v -0.01081144 -0.01636028 0.03553170
v -0.01022866 -0.01586255 0.03612246
v -0.01092604 -0.01347518 0.03764493
v -0.01299955 -0.01719947 0.03406543
v -0.01067138 -0.01347518 0.03776108
v -0.01141185 -0.01558957 0.03591763
v -0.00299340 -0.02268993 0.03020867
v -0.00370155 -0.02245746 0.03049467
v -0.01299955 -0.01946530 0.03211457
v -0.01257153 -0.01953571 0.03222448
v -0.00299340 -0.02205426 0.03115787
v -0.01299955 -0.01876211 0.03282647
v -0.00959887 -0.01421502 0.03763619
v -0.01299955 -0.01776569 0.03362080
v -0.01028939 -0.01347518 0.03792344
v -0.00299340 -0.02247000 0.03055213
v -0.01299955 -0.01919618 0.03239683
v 0.01310010 0.01334752 0.02589183
v 0.01310010 0.01601094 0.02397315
v 0.01310010 0.01334752 0.02596534
v 0.01404836 0.01334752 0.02505277
v 0.01475801 0.01334752 0.02458550
v 0.01313633 0.01603917 0.02393449
v 0.01313633 0.01607435 0.02393449
v 0.01310010 0.01609649 0.02397983
v 0.01310010 0.01636662 0.02596534
v 0.01878613 0.01334752 0.02596534
v 0.01857756 0.01334752 0.02238999
v 0.01870836 0.01343437 0.02226924
v 0.01829388 0.01435548 0.02212080
v 0.01789708 0.01536257 0.02194707
v 0.01936498 0.01536257 0.02129223
v 0.01936498 0.01636662 0.02114475
v 0.01936498 0.01674400 0.02108939
v 0.01424278 0.01670666 0.02374930
v 0.01771326 0.01674400 0.02186164
v 0.01804908 0.01759519 0.02200673
v 0.01310010 0.01636662 0.02431870
v 0.01532891 0.01750573 0.02374930
v 0.01581762 0.01755263 0.02374930
v 0.01755948 0.01764860 0.02374930
v 0.01604916 0.01636662 0.02596534
v 0.01855989 0.01367062 0.02596534
v 0.02023194 0.01697070 0.02374930
v 0.01919530 0.01334752 0.02568612
v 0.01877906 0.01334752 0.02231410
v 0.01913962 0.01334752 0.02222580
v 0.01977416 0.01334752 0.02209980
v 0.01932610 0.01392945 0.02190793
v 0.02040780 0.01334752 0.02210267
v 0.02067027 0.01398113 0.02190507
v 0.02123941 0.01536691 0.02155522
v 0.02116694 0.01636662 0.02126407
v 0.02113866 0.01674400 0.02115430
v 0.01936498 0.01778062 0.02168027
v 0.01581762 0.01755263 0.02359895
v 0.01751176 0.01768291 0.02300712
v 0.01941624 0.01778410 0.02320281
v 0.01907423 0.01764339 0.02374930
v 0.01608805 0.01636662 0.02594863
v 0.01682156 0.01616381 0.02574101
v 0.01709110 0.01551456 0.02596534
v 0.01994030 0.01717177 0.02374930
v 0.01783522 0.01470290 0.02596534
v 0.01717329 0.01543553 0.02596534
v 0.02207190 0.01748445 0.02228260
v 0.02061548 0.01398113 0.02430868
v 0.02056334 0.01334752 0.02435736
v 0.02059162 0.01334752 0.02252268
v 0.02211609 0.01582985 0.02198430
v 0.02212846 0.01674400 0.02192702
v 0.02207190 0.01748445 0.02206544
v 0.02113866 0.01769724 0.02172418
v 0.02113866 0.01769724 0.02263245
v 0.02212846 0.01674400 0.02237138
v 0.02211609 0.01582985 0.02235992
v 0.02079047 0.01334752 0.02369298
v 0.02077809 0.01334752 0.02312644
v -0.00299340 -0.00544747 0.02864170
v -0.01299849 -0.00544747 0.02864170
v -0.00299340 -0.00544747 0.01994476
v -0.00299340 -0.01525058 0.02864170
v -0.01784547 -0.00544747 0.02720541
v -0.01299849 -0.01240180 0.02864170
v -0.01784547 -0.00544747 0.01994476
v -0.00299340 -0.01789822 0.01994476
v -0.00299340 -0.01541758 0.02828923
v -0.00324346 -0.01576987 0.02749744
v -0.00375665 -0.01517500 0.02864170
v -0.01784547 -0.00963104 0.02720541
v -0.01297087 -0.01241887 0.02864170
v -0.01363526 -0.01287477 0.02720541
v -0.01501201 -0.01196906 0.02720541
v -0.01540017 -0.01170332 0.02720541
v -0.01691213 -0.01045995 0.02720541
v -0.01740061 -0.01004550 0.02720541
v -0.01784547 -0.01252980 0.01994476
v -0.00370286 -0.01784337 0.01994476
v -0.00299340 -0.01763858 0.02135977
v -0.00299340 -0.01577962 0.02752128
v -0.00442540 -0.01570404 0.02734504
v -0.00377991 -0.01540783 0.02814449
v -0.00299340 -0.01586251 0.02731524
v -0.00299340 -0.01613191 0.02661284
v -0.00377991 -0.01603561 0.02667414
v -0.00547650 -0.01491292 0.02864170
v -0.01784547 -0.00999308 0.02658986
v -0.01268737 -0.01258709 0.02864170
v -0.01299849 -0.01280041 0.02798018
v -0.01509197 -0.01287111 0.02544899
v -0.01443921 -0.01264682 0.02667585
v -0.01326744 -0.01308078 0.02720541
v -0.01390857 -0.01320512 0.02619907
v -0.01565314 -0.01189470 0.02653026
v -0.01653996 -0.01119013 0.02653026
v -0.01690777 -0.01149609 0.02550008
v -0.01733810 -0.01049896 0.02653026
v -0.01784547 -0.01223114 0.02120312
v -0.01705606 -0.01299423 0.02065142
v -0.01715928 -0.01307103 0.01994476
v -0.00548668 -0.01760323 0.01994476
v -0.00370286 -0.01758250 0.02135977
v -0.00299340 -0.01727044 0.02299955
v -0.00547650 -0.01561262 0.02711942
v -0.00547650 -0.01509942 0.02825347
v -0.00547650 -0.01594784 0.02625696
v -0.00299340 -0.01678528 0.02475767
v -0.00370286 -0.01670483 0.02480620
v -0.00594463 -0.01482637 0.02864170
v -0.01784547 -0.01094145 0.02488282
v -0.01231520 -0.01279188 0.02864170
v -0.01223379 -0.01323559 0.02791377
v -0.01616778 -0.01231160 0.02489900
v -0.01312061 -0.01416812 0.02480620
v -0.01443921 -0.01344891 0.02484621
v -0.01542634 -0.01308322 0.02429962
v -0.01263795 -0.01368052 0.02660348
v -0.01185725 -0.01442045 0.02585936
v -0.01722034 -0.01175208 0.02435070
v -0.01784547 -0.01168138 0.02308298
v -0.01750092 -0.01197637 0.02308298
v -0.01686270 -0.01285649 0.02180079
v -0.01621140 -0.01340503 0.02127974
v -0.01629136 -0.01365127 0.01994476
v -0.00579198 -0.01754959 0.01994476
v -0.00553902 -0.01731189 0.02143980
v -0.00499093 -0.01717049 0.02249723
v -0.00370286 -0.01725094 0.02283097
v -0.00299340 -0.01707662 0.02383987
v -0.00681546 -0.01582107 0.02592577
v -0.00734464 -0.01547609 0.02651238
v -0.00725741 -0.01470447 0.02835223
v -0.00547650 -0.01645006 0.02480620
v -0.00299340 -0.01697301 0.02418894
v -0.00370286 -0.01704005 0.02369258
v -0.00706406 -0.01460695 0.02864170
v -0.01784547 -0.01098412 0.02479002
v -0.01119722 -0.01332092 0.02864170
v -0.01120595 -0.01415715 0.02700874
v -0.01342591 -0.01432537 0.02388925
v -0.01433163 -0.01402672 0.02322261
v -0.01571274 -0.01326728 0.02308298
v -0.01660102 -0.01266754 0.02308298
v -0.01002400 -0.01438144 0.02747530
v -0.01068694 -0.01457648 0.02647237
v -0.01079743 -0.01512502 0.02480620
v -0.01223233 -0.01458013 0.02480620
v -0.01494077 -0.01418031 0.02135977
v -0.01516175 -0.01430099 0.02031597
v -0.01567930 -0.01404866 0.01994476
v -0.00720362 -0.01727776 0.01994476
v -0.00677911 -0.01719121 0.02091875
v -0.00617287 -0.01707053 0.02206813
v -0.00553902 -0.01693278 0.02307702
v -0.00799885 -0.01569063 0.02557245
v -0.00734464 -0.01604170 0.02492113
v -0.00902379 -0.01505554 0.02653026
v -0.00902379 -0.01452894 0.02779372
v -0.00752637 -0.01451187 0.02864170
v -0.00725014 -0.01659269 0.02308384
v -0.01071020 -0.01352449 0.02864170
v -0.01373121 -0.01447896 0.02274073
v -0.01299849 -0.01461670 0.02348058
v -0.00902379 -0.01412058 0.02864170
v -0.00918952 -0.01558702 0.02492113
v -0.00989171 -0.01571623 0.02392501
v -0.01085413 -0.01554192 0.02324390
v -0.01272808 -0.01479955 0.02322261
v -0.01405395 -0.01464718 0.02135977
v -0.01475323 -0.01458989 0.01994476
v -0.00761359 -0.01719487 0.01994476
v -0.00796251 -0.01706565 0.02027170
v -0.00732283 -0.01696326 0.02143980
v -0.00870831 -0.01587348 0.02442307
v -0.00918952 -0.01607461 0.02324390
v -0.01299849 -0.01499947 0.02191743
v -0.00902379 -0.01655977 0.02135977
v -0.01030313 -0.01586129 0.02277563
v -0.01148508 -0.01564797 0.02188252
v -0.01247367 -0.01537126 0.02132827
v -0.01299849 -0.01513112 0.02133849
v -0.01317295 -0.01536516 0.01994476
v -0.01441740 -0.01476176 0.01994476
v -0.00851495 -0.01697545 0.01994476
v -0.00898599 -0.01684502 0.01994476
v -0.01080760 -0.01628306 0.01994476
v -0.01085413 -0.01599050 0.02132827
v -0.01181655 -0.01577231 0.02073315
v -0.01288655 -0.01549438 0.01994476
v -0.01108528 -0.01618554 0.01994476
v -0.01201426 -0.01585276 0.01994476
v 0.00161805 0.00611204 0.04768799
v -0.00014690 0.00611204 0.04758733
v -0.00370044 0.00880854 0.04407667
v -0.00200647 0.00880854 0.04416260
v -0.00193076 0.00880854 0.04416506
v -0.00031724 0.00880854 0.04405703
v -0.00015636 0.00880854 0.04404476
v 0.00121112 0.00880854 0.04379680
v 0.00161805 0.00880854 0.04371579
v 0.00258332 0.00880854 0.04346783
v 0.00299972 0.00880854 0.04335981
v 0.00404543 0.00771278 0.04456767
v 0.00516686 0.00752906 0.04432463
v 0.00651067 0.00658086 0.04485982
v 0.00769361 0.00631266 0.04455785
v 0.00745229 0.00611204 0.04485982
v -0.00471776 0.00611204 0.04626899
v -0.00427771 0.00628098 0.04630827
v -0.00547484 0.00707291 0.04541220
v -0.00637387 0.00776901 0.04463887
v -0.00547484 0.00788489 0.04475671
v -0.00370044 0.00804037 0.04492119
v -0.00370044 0.00873120 0.04416751
v -0.00392283 0.00880854 0.04403985
v 0.00365270 0.00880854 0.04312413
v 0.00417319 0.00880854 0.04292037
v 0.00516686 0.00814068 0.04346292
v 0.00644916 0.00791551 0.04313641
v 0.00707375 0.00712966 0.04384590
v 0.00833239 0.00611204 0.04433445
v 0.00789707 0.00611204 0.04462905
v 0.00763210 0.00767820 0.04277798
v 0.00871566 0.00670625 0.04334017
v 0.00969514 0.00643911 0.04298420
v -0.00558367 0.00611204 0.04598176
v -0.00707890 0.00700850 0.04489910
v -0.00588177 0.00880854 0.04364950
v -0.00547484 0.00857571 0.04402021
v -0.00755681 0.00742584 0.04436391
v -0.00863565 0.00808287 0.04321251
v -0.00755681 0.00880854 0.04304312
v -0.00682812 0.00880854 0.04333526
v -0.00547484 0.00880854 0.04375752
v 0.00516686 0.00880854 0.04243182
v 0.00519998 0.00880854 0.04241464
v 0.00652487 0.00880854 0.04162904
v 0.00689394 0.00843264 0.04201202
v 0.00871566 0.00611204 0.04405703
v 0.00721570 0.00880854 0.04116995
v 0.00749961 0.00880854 0.04097109
v 0.00840337 0.00802823 0.04162904
v 0.00958631 0.00775343 0.04116995
v 0.00888128 0.00746412 0.04213968
v 0.01036704 0.00674927 0.04196291
v 0.01153579 0.00648688 0.04132953
v 0.01082129 0.00611204 0.04241955
v 0.00989387 0.00611204 0.04319778
v -0.00602372 0.00611204 0.04582955
v -0.00719246 0.00611204 0.04538519
v -0.00778866 0.00611204 0.04515197
v -0.00829023 0.00650483 0.04471989
v -0.00905204 0.00709904 0.04378698
v -0.00981858 0.00769298 0.04284917
v -0.00914668 0.00850761 0.04244655
v -0.00831389 0.00880854 0.04262822
v 0.00859737 0.00880854 0.04016094
v 0.00913206 0.00880854 0.03975341
v 0.00957684 0.00880854 0.03939007
v 0.01032919 0.00880854 0.03876650
v 0.01068407 0.00880854 0.03847190
v 0.01144115 0.00880854 0.03781641
v 0.01141276 0.00778379 0.03949318
v 0.01049007 0.00748893 0.04076487
v 0.01177711 0.00611204 0.04156766
v 0.01321556 0.00780333 0.03779923
v 0.01330546 0.00649586 0.03961839
v 0.01267140 0.00611204 0.04072068
v -0.00847950 0.00611204 0.04482054
v -0.00890536 0.00611204 0.04457504
v -0.00986117 0.00611204 0.04394901
v -0.01032488 0.00677224 0.04321006
v -0.01086903 0.00716873 0.04249811
v -0.01178699 0.00784503 0.04126815
v -0.01063718 0.00836506 0.04156030
v -0.01025390 0.00880854 0.04136635
v -0.00951102 0.00880854 0.04188190
v 0.01238277 0.00880854 0.03697189
v 0.01328180 0.00880854 0.03613719
v 0.01416191 0.00880854 0.03527303
v 0.01498050 0.00880854 0.03446042
v 0.01495684 0.00778511 0.03604636
v 0.01503728 0.00646629 0.03785079
v 0.01354678 0.00611204 0.03984179
v -0.01066083 0.00611204 0.04339664
v -0.01150782 0.00616616 0.04277552
v -0.01215607 0.00707291 0.04157748
v -0.01112455 0.00876630 0.04075505
v -0.01100152 0.00880854 0.04080415
v -0.01304090 0.00707291 0.04082379
v -0.01362291 0.00791815 0.03961348
v -0.01484370 0.00880854 0.03769366
v -0.01301724 0.00880854 0.03922068
v 0.01601675 0.00880854 0.03337531
v 0.01667446 0.00774208 0.03425911
v 0.01675017 0.00642247 0.03606845
v 0.01525494 0.00611204 0.03805455
v -0.01143211 0.00611204 0.04286145
v -0.01166396 0.00611204 0.04268223
v -0.01339105 0.00629656 0.04112821
v -0.01118606 0.00880854 0.04065931
v -0.01401091 0.00707291 0.03996209
v -0.02544281 0.00880854 0.02827627
v 0.01672178 0.00880854 0.03259462
v 0.01716656 0.00812405 0.03311017
v 0.01834950 0.00766342 0.03241295
v 0.01780062 0.00724238 0.03367728
v 0.01843467 0.00634592 0.03424193
v 0.01715237 0.00674162 0.03515028
v 0.01687320 0.00611204 0.03631150
v 0.01829272 0.00611204 0.03470347
v -0.01312134 0.00611204 0.04146946
v -0.01385003 0.00611204 0.04082625
v -0.01521278 0.00635279 0.03944408
v -0.02613838 0.00880854 0.02763551
v 0.01768706 0.00880854 0.03146777
v 0.01879428 0.00802982 0.03126401
v 0.01943780 0.00713415 0.03180166
v 0.02008132 0.00623004 0.03233930
v 0.01889838 0.00674268 0.03309299
v 0.02014756 0.00611204 0.03242277
v 0.01991571 0.00611204 0.03271246
v 0.01891731 0.00611204 0.03395715
v 0.01856243 0.00611204 0.03438923
v -0.01484370 0.00611204 0.03992526
v -0.02228673 0.00611204 0.03198578
v -0.02611945 0.00845429 0.02763551
v -0.02666833 0.00880854 0.02652831
v -0.01573327 0.00611204 0.03906356
v -0.01661337 0.00611204 0.03819203
v -0.01738938 0.00611204 0.03738188
v -0.01852500 0.00611204 0.03616420
v -0.02047921 0.00611204 0.03402589
v 0.01832111 0.00880854 0.03064535
v 0.01924380 0.00880854 0.02941785
v 0.02049771 0.00660435 0.03119036
v 0.02031791 0.00611204 0.03220182
v -0.02274571 0.00611204 0.03138676
v -0.02599642 0.00749975 0.02751767
v -0.02645540 0.00705285 0.02664615
v -0.02385767 0.00611204 0.02992849
v -0.02668726 0.00611204 0.02537691
v -0.02672038 0.00611204 0.02478525
v -0.02642228 0.00880854 0.02528116
v 0.01987312 0.00880854 0.02825663
v 0.02032264 0.00783896 0.02925336
v 0.02084786 0.00611204 0.03148005
v -0.02636550 0.00611204 0.02634909
v -0.02640809 0.00611204 0.02397756
v -0.02655950 0.00707766 0.02473615
v -0.02626140 0.00611204 0.02372224
v -0.02616677 0.00662019 0.02381062
v -0.01968427 0.00880854 0.02261257
v 0.01990151 0.00880854 0.02819034
v 0.02161441 0.00611204 0.02997513
v 0.02100874 0.00611204 0.03116826
v -0.02162429 0.00611204 0.02261257
v -0.02116058 0.00685671 0.02261257
v -0.02101863 0.00707581 0.02261257
v -0.02072526 0.00750239 0.02261257
v -0.02054545 0.00775159 0.02261257
v -0.02031360 0.00804381 0.02261257
v -0.01999657 0.00843106 0.02261257
v 0.01795203 0.00880854 0.02261257
v 0.01989205 0.00880854 0.02657495
v 0.02037942 0.00810610 0.02719852
v 0.02040308 0.00807707 0.02825663
v 0.02161914 0.00611204 0.02989411
v 0.01972171 0.00611204 0.02261257
v 0.01818862 0.00855407 0.02261257
v 0.01975956 0.00880854 0.02621652
v 0.01954663 0.00642036 0.02261257
v 0.01860501 0.00794006 0.02261257
v 0.01914443 0.00711145 0.02261257
v -0.00192343 0.01102451 0.04107803
v -0.00192343 0.01143717 0.04041969
v -0.00084333 0.01193926 0.03951281
v -0.00096188 0.01102451 0.04095820
v -0.00369834 0.01102451 0.04102477
v -0.00369834 0.01142095 0.04039158
v -0.00369834 0.01636658 0.03243233
v -0.00192343 0.01196646 0.03955719
v -0.00018144 0.01636658 0.03219562
v -0.00017815 0.01102451 0.04084872
v -0.00192343 0.01636658 0.03237611
v -0.00443926 0.01102451 0.04088719
v -0.00463684 0.01191677 0.03947434
v -0.00545350 0.01636658 0.03227847
v 0.00162311 0.01636658 0.03179027
v 0.00038824 0.01102451 0.04070966
v 0.00339473 0.01636658 0.03136863
v -0.00539422 0.01102451 0.04070522
v -0.00639200 0.01606009 0.03257584
v -0.00699790 0.01636658 0.03186276
v 0.00153749 0.01102451 0.04036495
v 0.00516964 0.01636658 0.03089966
v 0.00584799 0.01636658 0.03069994
v -0.00711316 0.01102451 0.04009570
v -0.00757417 0.01592934 0.03236132
v -0.00713621 0.01636658 0.03181246
v 0.00162311 0.01102451 0.04033832
v 0.00648354 0.01636658 0.03047802
v -0.00895064 0.01102451 0.03918882
v -0.00902308 0.01446438 0.03397536
v -0.00794628 0.01462965 0.03422686
v -0.00902308 0.01502871 0.03311434
v -0.00902308 0.01571961 0.03201218
v -0.00902308 0.01622171 0.03114968
v -0.00756100 0.01636658 0.03160534
v 0.00300945 0.01102451 0.03979982
v 0.00682601 0.01636658 0.03035375
v 0.00706969 0.01636658 0.03026055
v -0.00940507 0.01102451 0.03893140
v -0.01079471 0.01218979 0.03642971
v -0.01079471 0.01346176 0.03454346
v -0.01029088 0.01481114 0.03278591
v -0.01403829 0.01509827 0.03023392
v -0.00997146 0.01607369 0.03088190
v -0.00859170 0.01636658 0.03028866
v 0.00344083 0.01102451 0.03962672
v 0.00871947 0.01636658 0.02954451
v -0.01079471 0.01102451 0.03808666
v -0.01184846 0.01198424 0.03612347
v -0.01169039 0.01329282 0.03429195
v -0.01084739 0.01420862 0.03338803
v -0.01403829 0.01468038 0.03086859
v -0.01403829 0.01517777 0.03004160
v -0.01403829 0.01524315 0.02840980
v -0.00698473 0.01636658 0.02879741
v 0.00883472 0.01636658 0.02949126
v 0.01237138 0.01636658 0.02777661
v 0.00421797 0.01102451 0.03924800
v -0.01158831 0.01102451 0.03757034
v -0.01230947 0.01102451 0.03709692
v -0.01303063 0.01169135 0.03573143
v -0.01403829 0.01226248 0.03429639
v -0.01403829 0.01340318 0.03273561
v -0.01403829 0.01365998 0.03236428
v -0.01403829 0.01393195 0.03196780
v -0.01403829 0.01520549 0.02819529
v -0.00599355 0.01636658 0.02825299
v 0.01581583 0.01636658 0.02608564
v 0.00520586 0.01102451 0.03868878
v 0.01604634 0.01636658 0.02596581
v -0.01403829 0.01102451 0.03588233
v -0.01403829 0.01103497 0.03586901
v -0.01403829 0.01208466 0.03453162
v -0.01389010 0.01212232 0.03458192
v -0.01403829 0.01470915 0.02740972
v -0.00547655 0.01514691 0.02596581
v -0.00428120 0.01532735 0.02596581
v -0.00541728 0.01636658 0.02800888
v 0.00695443 0.01102451 0.03756738
v 0.01609902 0.01632422 0.02596581
v 0.01229235 0.01102451 0.03368983
v 0.00860751 0.01102451 0.03642527
v 0.00739240 0.01102451 0.03727297
v 0.01056024 0.01636658 0.02596581
v -0.01403829 0.01102451 0.02596581
v -0.01403829 0.01280538 0.02596581
v -0.01245766 0.01355172 0.02596581
v -0.00798250 0.01463174 0.02596581
v -0.00732720 0.01478760 0.02596581
v -0.00724817 0.01480434 0.02596581
v -0.00609892 0.01504022 0.02596581
v -0.00369834 0.01537756 0.02596581
v 0.00447811 0.01636658 0.02616701
v 0.00339473 0.01636658 0.02634602
v 0.00265051 0.01636658 0.02647621
v 0.01709021 0.01551407 0.02596581
v 0.01421215 0.01102451 0.03220598
v 0.00092170 0.01575936 0.02596581
v 0.01960275 0.01102451 0.02596581
v 0.01714619 0.01545967 0.02596581
v 0.01716924 0.01543509 0.02596581
v 0.01783442 0.01470183 0.02596581
v 0.01599694 0.01102451 0.03058454
v 0.01936895 0.01102451 0.02663598
v 0.01959946 0.01194972 0.02596581
v 0.01910880 0.01293247 0.02596581
v 0.01770270 0.01102451 0.02877374
v 0.01923394 0.01102451 0.02695406
v 0.01868072 0.01102451 0.02763015
v -0.02856161 0.01259940 0.02480830
v -0.02844550 0.01398946 0.02489960
v -0.02811686 0.01259940 0.02600517
v -0.02806963 0.01121822 0.02609246
v -0.02802338 0.01102450 0.02605834
v -0.02785414 0.01033169 0.02593394
v -0.02785414 0.01033169 0.02542530
v -0.02809718 0.01259940 0.02373483
v -0.02844452 0.01398058 0.02342884
v -0.02810210 0.01536177 0.02353518
v -0.02810210 0.01536177 0.02434179
v -0.02791711 0.01353621 0.02581757
v -0.01969900 0.00880928 0.03329676
v -0.02014474 0.00880928 0.03292556
v -0.02544440 0.00880928 0.02827552
v -0.02613908 0.00880928 0.02763545
v -0.02666747 0.00880928 0.02652786
v -0.02642345 0.00880928 0.02528183
v -0.02771146 0.01186519 0.02392043
v -0.02648740 0.00880928 0.02559585
v -0.02676587 0.01398058 0.02308272
v -0.02676587 0.01536177 0.02304761
v -0.02772917 0.01610486 0.02382913
v -0.02772917 0.01610486 0.02403380
v -0.02731295 0.01445675 0.02553465
v -0.02564709 0.01583498 0.02553967
v -0.01850938 0.01102450 0.03247009
v -0.01969900 0.00880928 0.02685793
v -0.02593343 0.00880928 0.02530190
v -0.02747826 0.01186519 0.02392043
v -0.02490125 0.01390960 0.02359137
v -0.02499177 0.01536177 0.02326130
v -0.02488255 0.00880928 0.02535306
v -0.02499177 0.01633850 0.02360842
v -0.02676587 0.01626604 0.02362347
v -0.02676587 0.01626604 0.02434581
v -0.02446436 0.01618693 0.02580954
v -0.02674028 0.01536916 0.02521863
v -0.01850938 0.01169660 0.03185710
v -0.01850938 0.01102450 0.02719703
v -0.01850938 0.01124262 0.02696728
v -0.01850938 0.01388594 0.02596103
v -0.01850938 0.01442718 0.02577443
v -0.01871503 0.01458245 0.02563999
v -0.02144554 0.01398058 0.02476215
v -0.02372835 0.01432292 0.02381709
v -0.02349318 0.01536177 0.02374687
v -0.02366341 0.01620172 0.02380907
v -0.02144554 0.01630227 0.02515542
v -0.02313207 0.01634664 0.02468791
v -0.02503015 0.01636217 0.02490261
v -0.02321964 0.01630819 0.02600016
v -0.01894626 0.01607602 0.02743480
v -0.01850938 0.01461868 0.02907410
v -0.01850938 0.01450407 0.02919148
v -0.01850938 0.01456914 0.02577443
v -0.02260663 0.01536177 0.02406791
v -0.01871503 0.01478504 0.02563999
v -0.02144554 0.01536177 0.02457154
v -0.01962028 0.01529226 0.02536510
v -0.02017819 0.01617806 0.02547145
v -0.01855661 0.01607602 0.02724619
v -0.02144554 0.01630227 0.02617974
v -0.01855661 0.01607602 0.02743480
v -0.01850938 0.01577213 0.02780499
v -0.01850938 0.01496989 0.02592391
v -0.01850938 0.01554514 0.02633825
v -0.01850938 0.01601391 0.02718499
v -0.01850938 0.01602130 0.02732845
v -0.01850938 0.01602130 0.02750101
v 0.00608159 -0.02163349 0.02702101
v 0.01467875 -0.01739475 0.02561853
v 0.01320575 -0.01780319 0.02561853
v 0.01230371 -0.01762944 0.02561853
v 0.01170395 -0.01751039 0.02561853
v 0.01132203 -0.01717543 0.02561853
v 0.00608159 -0.02105302 0.02702101
v 0.00608159 -0.02208180 0.02777113
v 0.01506164 -0.01718968 0.02561853
v 0.00608159 -0.02236036 0.02828084
v 0.01132203 -0.01697891 0.02561853
v 0.00608159 -0.02081092 0.02710281
v 0.01132875 -0.01696410 0.02561853
v 0.01153794 -0.01654085 0.02561853
v 0.01519406 -0.01710195 0.02561853
v 0.00786263 -0.02127404 0.02926637
v 0.00608159 -0.02195135 0.02992072
v 0.00699706 -0.02158906 0.02989679
v 0.00608159 -0.01956738 0.02804444
v 0.01588403 -0.01654085 0.02561853
v 0.01143047 -0.01654085 0.02572826
v 0.00762272 -0.02116068 0.03041548
v 0.00608159 -0.02140335 0.03104390
v 0.00644048 -0.02136120 0.03099203
v 0.01061000 -0.01654085 0.02661902
v 0.00608159 -0.01654085 0.03153866
v 0.00819369 -0.02024013 0.03121747
v 0.01133738 -0.01654085 0.03177606
v 0.00608159 -0.02119828 0.03128829
v 0.00624952 -0.01994677 0.03264288
v 0.00693660 -0.02055401 0.03167930
v 0.00608159 -0.01654085 0.03580793
v 0.00743272 -0.01964998 0.03236658
v 0.00847006 -0.01654085 0.03467178
v 0.00885103 -0.01654085 0.03437054
v 0.00913891 -0.01677269 0.03389673
v 0.00973291 -0.01654085 0.03360446
v 0.01021656 -0.01654085 0.03315260
v 0.01070116 -0.01654085 0.03256807
v 0.00608159 -0.01997012 0.03266782
v 0.00608159 -0.01981290 0.03281545
v 0.00658059 -0.01654085 0.03563337
v 0.00692797 -0.01654085 0.03551167
v 0.00707575 -0.01654085 0.03545980
v 0.00723024 -0.01654085 0.03538399
v 0.00795667 -0.01719993 0.03437852
v -0.02243652 0.00611226 0.01994502
v -0.02231032 0.00634546 0.01994502
v -0.02226825 0.00627045 0.02027167
v -0.02217570 0.00611226 0.02092940
v 0.02053984 0.00611226 0.01994502
v -0.02209577 0.00668253 0.01994502
v -0.02142269 0.00707297 0.02135832
v -0.02204529 0.00611226 0.02135832
v 0.02032950 0.00611226 0.02076295
v 0.02025378 0.00639018 0.02051144
v 0.02032950 0.00650798 0.01994502
v -0.02186440 0.00703402 0.01994502
v -0.02116187 0.00685707 0.02261012
v -0.02075381 0.00801877 0.02135832
v -0.02059816 0.00781826 0.02233617
v -0.02101884 0.00707585 0.02261012
v -0.02199481 0.00611226 0.02151538
v 0.01972372 0.00611226 0.02261012
v 0.01754462 0.00995701 0.02261012
v 0.02003503 0.00695420 0.01994502
v -0.02090105 0.00838180 0.01994502
v -0.02162461 0.00611226 0.02261012
v -0.02041727 0.00897034 0.02003895
v -0.02021114 0.00870925 0.02135832
v -0.02031631 0.00804425 0.02261012
v -0.02054768 0.00775190 0.02261012
v -0.02072436 0.00750283 0.02261012
v 0.01868465 0.00880109 0.01994502
v 0.01893706 0.00847604 0.01994502
v 0.01987096 0.00719894 0.01994502
v 0.01687995 0.01071240 0.02261012
v -0.02051403 0.00888042 0.01994502
v -0.02042989 0.00898813 0.01994502
v -0.01974419 0.00975891 0.01994502
v -0.01923096 0.00987191 0.02123961
v -0.01907531 0.00952426 0.02261012
v -0.01934454 0.00921412 0.02261012
v -0.01999659 0.00843132 0.02261012
v 0.01815039 0.00940261 0.01994502
v 0.01604701 0.01102399 0.02261012
v 0.01645086 0.01102399 0.01994502
v 0.01687574 0.01067779 0.01994502
v 0.01778440 0.00978247 0.01994502
v -0.01947916 0.01004933 0.01994502
v -0.01881028 0.01055613 0.02058553
v -0.01861257 0.01035659 0.02173454
v -0.01844850 0.01018685 0.02261012
v -0.01756087 0.01102399 0.02261012
v -0.01850319 0.01102399 0.01994502
v -0.01891545 0.01065663 0.01994502
v -0.01811196 0.01102399 0.02108463
v -0.01759032 0.01102399 0.02253133
v -0.01757349 0.01101341 0.02261012
v -0.01787217 0.01074222 0.02261012
v 0.02039314 0.00289269 0.02479057
v 0.02039314 0.00288163 0.02479057
v 0.02038839 0.00292811 0.02479057
v 0.02093480 0.00288163 0.02308249
v -0.02578092 0.00288163 0.02479057
v 0.02034087 0.00383777 0.02423797
v 0.02045491 0.00292811 0.02457996
v 0.02006529 0.00418368 0.02479057
v 0.02092529 0.00292811 0.02308249
v 0.02140994 0.00292811 0.02135875
v 0.02140043 0.00288163 0.02141662
v -0.02364754 0.00288163 0.01994476
v -0.02603274 0.00332777 0.02377170
v -0.02601374 0.00333156 0.02479057
v 0.02003678 0.00428676 0.02479057
v 0.01959015 0.00569062 0.02479057
v 0.02101557 0.00430984 0.02135875
v 0.02141469 0.00288163 0.02135875
v 0.02144795 0.00406100 0.01994476
v 0.02174729 0.00292336 0.01994476
v 0.02174253 0.00288163 0.01998793
v -0.02363804 0.00292811 0.01994476
v -0.02634158 0.00569093 0.02364600
v -0.02624180 0.00430984 0.02361706
v 0.02175204 0.00288163 0.01994476
v -0.02677871 0.00567228 0.02479057
v -0.02638910 0.00430984 0.02479057
v -0.02638435 0.00429434 0.02479057
v 0.01942385 0.00611178 0.02479057
v 0.02137668 0.00430984 0.01994476
v -0.02357152 0.00317695 0.01994476
v -0.02325318 0.00430984 0.01994476
v -0.02626081 0.00611178 0.02371999
v -0.02640810 0.00611178 0.02397613
v -0.02673595 0.00600174 0.02479057
v -0.02677871 0.00569916 0.02479057
v 0.02053568 0.00611178 0.01994476
v 0.02077325 0.00567987 0.01994476
v 0.02088253 0.00544241 0.01994476
v -0.02671694 0.00611178 0.02479057
v -0.02317716 0.00449133 0.01994476
v -0.02265925 0.00569030 0.01994476
v -0.02243594 0.00611178 0.01994476
v -0.02671694 0.00611178 0.02478440
v 0.00881986 -0.01654085 0.02901913
v 0.00928014 -0.01654085 0.02834134
v 0.00608223 -0.01575343 0.02561853
v 0.00608223 -0.01572953 0.02570043
v 0.00608223 -0.01537872 0.02657663
v 0.00608223 -0.01470534 0.02821450
v 0.00608223 -0.01436648 0.02901913
v 0.01323983 -0.01654085 0.02901913
v 0.00978692 -0.01654085 0.02765722
v 0.00608223 -0.00544527 0.02561853
v 0.01060966 -0.01654085 0.02661890
v 0.01143239 -0.01654085 0.02572839
v 0.01153824 -0.01654085 0.02561853
v 0.00608223 -0.00544527 0.02901913
v 0.01976715 -0.01120811 0.02901913
v 0.02034931 -0.01305665 0.02580229
v 0.01954583 -0.01380931 0.02561853
v 0.01587642 -0.01654085 0.02562752
v 0.01957309 -0.00544527 0.02561853
v 0.01588283 -0.01654085 0.02561853
v 0.01805914 -0.00544527 0.02901913
v 0.02057865 -0.01054450 0.02901913
v 0.02220487 -0.00900550 0.02901913
v 0.02037497 -0.01314028 0.02561853
v 0.02067809 -0.01088879 0.02561853
v 0.02243421 -0.00714719 0.02901913
v 0.01916093 -0.00544527 0.02663522
v 0.01820508 -0.00544527 0.02874182
v 0.02246468 -0.00814314 0.02901913
v 0.02220487 -0.00900550 0.02883070
v 0.02063639 -0.01219972 0.02561853
v 0.02241496 -0.00812576 0.02876712
v 0.01865253 -0.00544527 0.02776575
v 0.01960219 0.01102399 0.02596522
v 0.01959993 0.01194978 0.02596522
v 0.02056354 0.01334722 0.02435741
v 0.02050256 0.01259927 0.02441516
v 0.01989804 0.01102399 0.02511888
v 0.01310085 0.01102399 0.02596522
v 0.01910834 0.01293220 0.02596522
v 0.01919567 0.01334722 0.02568645
v 0.02079089 0.01334722 0.02369377
v 0.02033393 0.01177081 0.02425839
v 0.02033393 0.01177081 0.02380516
v 0.01977835 0.01102399 0.02481653
v 0.01310085 0.01102399 0.01994476
v 0.01310085 0.01334722 0.02596522
v 0.01878689 0.01334722 0.02596522
v 0.02077809 0.01334722 0.02312562
v 0.01925363 0.01102399 0.02383522
v 0.02059214 0.01334722 0.02252269
v 0.02040846 0.01334722 0.02210246
v 0.02034597 0.01319554 0.02214961
v 0.01645390 0.01102399 0.01994476
v 0.01310085 0.01334313 0.01994476
v 0.01310085 0.01334722 0.02589214
v 0.01977458 0.01334722 0.02209951
v 0.01371063 0.01299451 0.01994476
v 0.01398767 0.01281713 0.01994476
v 0.01416684 0.01270115 0.01994476
v 0.01514099 0.01206212 0.01994476
v 0.01602705 0.01137011 0.01994476
v 0.01627172 0.01117340 0.01994476
v 0.01475780 0.01334722 0.02458549
v 0.01404789 0.01334722 0.02505287
v 0.01913920 0.01334722 0.02222564
v 0.01878011 0.01334722 0.02231405
v 0.01857835 0.01334722 0.02239007
v 0.01957212 -0.00544569 0.02561853
v 0.01999461 -0.00544569 0.02458719
v 0.01889078 -0.00970983 0.02561853
v 0.00608212 -0.00544569 0.02561853
v 0.02045430 -0.00544569 0.02321873
v 0.02093183 -0.00544569 0.02147039
v 0.02127846 -0.00544569 0.01994532
v 0.02120407 -0.00562853 0.01994532
v 0.02074439 -0.00674184 0.01994532
v 0.02063133 -0.00698187 0.01994532
v 0.02033082 -0.00756002 0.01994532
v 0.01986519 -0.00824128 0.01994532
v 0.01970155 -0.00846211 0.01994532
v 0.01890714 -0.00950404 0.01994532
v 0.01873160 -0.00970983 0.01994532
v 0.00608212 -0.00970983 0.02561853
v 0.00608212 -0.00544569 0.01994532
v 0.00608212 -0.00970983 0.01994532
v -0.00015199 -0.01799843 0.01994604
v 0.00162178 -0.01790012 0.01994604
v -0.00192488 -0.01798122 0.01994604
v -0.00015199 -0.01775021 0.02135987
v 0.00162178 -0.01765560 0.02135987
v 0.00307668 -0.01773670 0.01994604
v -0.00299340 -0.01789890 0.01994604
v -0.00192488 -0.01772441 0.02135987
v -0.00015199 -0.01737790 0.02308390
v 0.00095828 -0.01712477 0.02401706
v 0.00157648 -0.01727345 0.02317235
v 0.00339644 -0.01745162 0.02135987
v 0.00339644 -0.01719727 0.02259297
v 0.00339644 -0.01769983 0.01994604
v -0.00299340 -0.01763962 0.02135987
v -0.00299340 -0.00544650 0.01994604
v -0.00201725 -0.01729803 0.02323387
v -0.00148876 -0.01713460 0.02404269
v -0.00015199 -0.01714197 0.02407217
v -0.00015199 -0.01687778 0.02493355
v 0.00157648 -0.01686304 0.02467847
v 0.00213872 -0.01706947 0.02380684
v 0.00434860 -0.01711862 0.02228021
v 0.00477584 -0.01720955 0.02135987
v 0.00339644 -0.01698100 0.02345434
v 0.00529633 -0.01735578 0.01994604
v -0.00299340 -0.01727222 0.02299930
v -0.00267187 -0.01709528 0.02390682
v 0.00608063 -0.00544650 0.01994604
v -0.00299340 -0.00544650 0.03303968
v -0.00201725 -0.01689499 0.02469385
v -0.00192488 -0.01626340 0.02652939
v -0.00015199 -0.01631624 0.02652939
v 0.00162178 -0.01621916 0.02652939
v 0.00339644 -0.01658902 0.02480665
v 0.00605753 -0.01710511 0.02049722
v 0.00503164 -0.01679914 0.02294675
v 0.00566317 -0.01701541 0.02135987
v 0.00548996 -0.01731769 0.01994604
v 0.00517021 -0.01624005 0.02480665
v -0.00299340 -0.01707807 0.02384017
v -0.00299340 -0.01697363 0.02418882
v 0.00608063 -0.00544650 0.03303968
v 0.00608063 -0.01718621 0.01994604
v -0.00299340 -0.01300469 0.03303968
v -0.00299340 -0.01678563 0.02475922
v -0.00299340 -0.01613315 0.02661271
v -0.00299340 -0.01586405 0.02731514
v -0.00299340 -0.01578172 0.02752151
v -0.00192488 -0.01582595 0.02762277
v -0.00015199 -0.01585299 0.02768046
v 0.00162178 -0.01580261 0.02756766
v 0.00265388 -0.01574608 0.02744332
v 0.00330495 -0.01597586 0.02659348
v 0.00517021 -0.01584316 0.02597950
v 0.00608063 -0.01690727 0.02135987
v 0.00608063 -0.01710142 0.02048056
v 0.00608063 -0.01711125 0.02042544
v 0.00608063 -0.01626586 0.02392348
v 0.00608063 -0.01652021 0.02302109
v 0.00608063 -0.01573257 0.02569238
v 0.00608063 -0.01602993 0.02474640
v 0.00608063 -0.01266678 0.03303968
v -0.00218690 -0.01308825 0.03303968
v -0.00299340 -0.01311897 0.03284100
v -0.00299340 -0.01497810 0.02922118
v -0.00228016 -0.01431333 0.03078242
v -0.00192488 -0.01543029 0.02848543
v -0.00015199 -0.01545486 0.02854183
v 0.00162178 -0.01540817 0.02842903
v 0.00383610 -0.01565024 0.02721003
v 0.00339644 -0.01460947 0.02965443
v 0.00608063 -0.01333031 0.03160791
v 0.00330495 -0.01534182 0.02811242
v 0.00517021 -0.01550893 0.02683959
v 0.00608063 -0.01537868 0.02657554
v 0.00162178 -0.01471637 0.02988131
v 0.00162178 -0.01429122 0.03074141
v 0.00162178 -0.01378496 0.03170148
v 0.00162178 -0.01314354 0.03288843
v 0.00162178 -0.01305630 0.03303968
v -0.00192488 -0.01311282 0.03303968
v -0.00192488 -0.01317426 0.03293586
v -0.00299340 -0.01398525 0.03124387
v -0.00299340 -0.01427156 0.03070167
v -0.00178365 -0.01394224 0.03153356
v -0.00109706 -0.01434405 0.03084523
v -0.00178365 -0.01466108 0.03011460
v -0.00184227 -0.01497810 0.02944550
v -0.00083237 -0.01434405 0.03084523
v -0.00018486 -0.01497810 0.02952882
v 0.00035074 -0.01433545 0.03082729
v 0.00162178 -0.01497810 0.02933270
v -0.00015199 -0.01318901 0.03296021
v -0.00015199 -0.01314231 0.03303968
v -0.00020529 -0.01468074 0.03014280
v -0.00020529 -0.01396805 0.03153356
v -0.00299340 -0.00544527 0.04537124
v -0.00299340 -0.00641038 0.04484476
v -0.00370155 -0.00634043 0.04480089
v -0.00370155 -0.00544527 0.04527704
v -0.00299340 -0.00544527 0.03218872
v -0.00299340 -0.00710120 0.04443700
v -0.00370155 -0.00703126 0.04439958
v -0.00485731 -0.00616989 0.04469895
v -0.00543127 -0.00544527 0.04493380
v -0.01299955 -0.00544527 0.03218872
v -0.00299340 -0.01347107 0.03218872
v -0.00299340 -0.00812526 0.04380988
v -0.00370155 -0.00812526 0.04373632
v -0.00495134 -0.00895519 0.04300726
v -0.00551551 -0.00820699 0.04333631
v -0.00545968 -0.00667524 0.04426409
v -0.00603952 -0.00590189 0.04455313
v -0.00550180 -0.00544527 0.04491702
v -0.01299955 -0.01030539 0.03218872
v -0.01299955 -0.00544527 0.04128331
v -0.01299955 -0.01347422 0.03259132
v -0.00299340 -0.01347422 0.03492819
v -0.00333425 -0.01343728 0.03218872
v -0.00299340 -0.00914695 0.04314404
v -0.00370155 -0.00909901 0.04310920
v -0.00468787 -0.01160766 0.04120976
v -0.00587007 -0.01140254 0.04106137
v -0.00613355 -0.00872177 0.04284726
v -0.00725013 -0.00775352 0.04311436
v -0.00642934 -0.00544527 0.04467314
v -0.00725013 -0.00674361 0.04370407
v -0.01255194 -0.01085239 0.03218872
v -0.01284578 -0.00544527 0.04139300
v -0.01299955 -0.00554823 0.04123428
v -0.00370155 -0.01340034 0.03218872
v -0.00427062 -0.01331232 0.03218872
v -0.00512079 -0.01317007 0.03218872
v -0.00948428 -0.01243838 0.03218872
v -0.01062828 -0.01200219 0.03218872
v -0.01299955 -0.01347422 0.03664311
v -0.00299340 -0.01347422 0.03967679
v -0.00299340 -0.00983698 0.04265241
v -0.00370155 -0.00978904 0.04262015
v -0.00370155 -0.01088776 0.04183689
v -0.00370155 -0.01167368 0.04126396
v -0.00370155 -0.01236450 0.04065361
v -0.00547535 -0.01347422 0.03940323
v -0.00547535 -0.01318264 0.03966647
v -0.00660858 -0.01304903 0.03954001
v -0.00691613 -0.01048144 0.04138009
v -0.00721977 -0.01232599 0.03993100
v -0.00740390 -0.01091998 0.04091039
v -0.00725013 -0.00844434 0.04265628
v -0.00822273 -0.00749416 0.04294920
v -0.00725503 -0.00544527 0.04439958
v -0.00734710 -0.00544527 0.04436861
v -0.01252648 -0.00544527 0.04161365
v -0.01299955 -0.00610623 0.04094007
v -0.01203479 -0.00646775 0.04142397
v -0.01299955 -0.01178213 0.03788704
v -0.01264891 -0.01347422 0.03683408
v -0.00370155 -0.01347422 0.03963292
v -0.00299340 -0.01333039 0.03981615
v -0.00299340 -0.01088776 0.04189624
v -0.00299340 -0.01170511 0.04129106
v -0.00299340 -0.01239594 0.04067813
v -0.00370155 -0.01330681 0.03979163
v -0.00602483 -0.01347422 0.03928193
v -0.00711105 -0.01347422 0.03902515
v -0.00779177 -0.01282505 0.03935290
v -0.00902295 -0.01185208 0.03967421
v -0.00809736 -0.01017650 0.04117234
v -0.00997890 -0.00887659 0.04122396
v -0.00940494 -0.00703204 0.04266144
v -0.00996715 -0.00611095 0.04294403
v -0.00889758 -0.00664066 0.04312856
v -0.00901512 -0.00544527 0.04371052
v -0.00997205 -0.01161788 0.03948969
v -0.01115034 -0.00544527 0.04255176
v -0.01299955 -0.01081310 0.03841867
v -0.01257153 -0.01192831 0.03799285
v -0.01164202 -0.01293193 0.03771800
v -0.01116111 -0.01347422 0.03753734
v -0.00901609 -0.01347422 0.03841351
v -0.00902295 -0.01254290 0.03914258
v -0.01024923 -0.00544527 0.04311436
v -0.01028939 -0.01347422 0.03792575
v -0.01045884 -0.01329188 0.03799672
v -0.01067138 -0.01347422 0.03776316
v -0.01092604 -0.01347422 0.03764703
v -0.00192586 0.01636715 0.02210780
v -0.00192586 0.01652072 0.02135849
v -0.00108466 0.01636715 0.02208409
v -0.00370017 0.01636715 0.02174130
v -0.00192586 0.01678427 0.01994476
v -0.00015256 0.01677463 0.01994476
v -0.00015256 0.01650851 0.02135849
v -0.00370017 0.01644314 0.02135849
v -0.00015256 0.01636715 0.02205254
v -0.00438283 0.01636715 0.02140126
v -0.00370017 0.01670052 0.01994476
v 0.00016655 0.01675703 0.01994476
v 0.00162174 0.01641084 0.02135849
v 0.00055130 0.01636715 0.02189480
v -0.00553608 0.01636715 0.02075315
v -0.00549165 0.01651550 0.01994476
v 0.00162174 0.01666663 0.01994476
v 0.00179241 0.01636715 0.02151347
v 0.00162174 0.01636715 0.02158673
v -0.00638940 0.01636715 0.01994476
v 0.00193783 0.01663126 0.01994476
v 0.00284972 0.01636715 0.02084038
v 0.00392723 0.01636715 0.01994476
v 0.00339908 0.01645518 0.01994476
v 0.00340514 0.01636715 0.02045186
v 0.00381615 0.01636715 0.02006672
v 0.00369800 0.01640716 0.01994476
v 0.00370002 0.01636715 0.02017555
v 0.02067817 -0.01088827 0.02561853
v 0.02051242 -0.01259185 0.02351086
v 0.02054242 -0.01363986 0.02287384
v 0.02067245 -0.01218673 0.02468882
v 0.02063673 -0.01219981 0.02561853
v 0.02031237 -0.01014573 0.02561853
v 0.02031237 -0.01014535 0.02561798
v 0.01873202 -0.00970983 0.01994532
v 0.02054957 -0.01363986 0.02299880
v 0.02055528 -0.01359523 0.02299491
v 0.01927928 -0.01363986 0.02168588
v 0.02049956 -0.01357099 0.02467716
v 0.02037382 -0.01314048 0.02561853
v 0.01889063 -0.00970983 0.02561853
v 0.01856055 -0.00992298 0.01994532
v 0.00608206 -0.00970983 0.01994532
v 0.02048241 -0.01363986 0.02462107
v 0.01840195 -0.01011419 0.01994532
v 0.01818904 -0.01031617 0.01994532
v 0.01736600 -0.01109640 0.01994532
v 0.01677587 -0.01164003 0.01994532
v 0.01555988 -0.01258339 0.01994532
v 0.01499976 -0.01301236 0.01994532
v 0.01430961 -0.01347635 0.01994532
v 0.01405669 -0.01363986 0.01994532
v 0.01969509 -0.01363986 0.02561853
v 0.00608206 -0.00970983 0.02561853
v 0.00608206 -0.01363986 0.01994532
v 0.00608206 -0.01363986 0.02561853
v 0.01969497 -0.01364024 0.02561853
v 0.02048337 -0.01364024 0.02462107
v 0.02030628 -0.01438998 0.02401570
v 0.01954614 -0.01380975 0.02561853
v 0.01092749 -0.01364024 0.02561853
v 0.02054930 -0.01364024 0.02299880
v 0.02043533 -0.01461654 0.02308266
v 0.01975620 -0.01397804 0.02516534
v 0.01922871 -0.01627697 0.02135876
v 0.01892070 -0.01600967 0.02275554
v 0.01664218 -0.01705808 0.02385242
v 0.01519443 -0.01710168 0.02561853
v 0.01092749 -0.01424370 0.02561853
v 0.01092749 -0.01364024 0.01994532
v 0.02054271 -0.01364024 0.02287384
v 0.02044286 -0.01466014 0.02185027
v 0.01903656 -0.01617510 0.02002585
v 0.01703684 -0.01726385 0.02176974
v 0.01703684 -0.01726385 0.02270334
v 0.01538376 -0.01734616 0.02480656
v 0.01468014 -0.01739465 0.02561853
v 0.01506256 -0.01718929 0.02561853
v 0.01132310 -0.01717503 0.02561853
v 0.01092749 -0.01462224 0.02467550
v 0.01405752 -0.01364024 0.01994532
v 0.01092749 -0.01546407 0.01994532
v 0.02044286 -0.01401919 0.02185027
v 0.01927958 -0.01364024 0.02168588
v 0.01895650 -0.01503338 0.02012470
v 0.01405376 -0.01364310 0.01994532
v 0.01356489 -0.01396581 0.01994532
v 0.01307038 -0.01429056 0.01994532
v 0.01278592 -0.01445436 0.01994532
v 0.01228670 -0.01474041 0.01994532
v 0.01759070 -0.01621748 0.02009694
v 0.01581610 -0.01724796 0.02185416
v 0.01320696 -0.01780293 0.02561853
v 0.01170458 -0.01750996 0.02561853
v 0.01855712 -0.01432601 0.02047237
v 0.01419599 -0.01731886 0.02321651
v 0.01923531 -0.01390999 0.02130878
v 0.01230459 -0.01762895 0.02561853
v -0.01784595 -0.00544527 0.03687155
v -0.01784595 -0.00548828 0.03685988
v -0.01788269 -0.00544527 0.03683653
v -0.01784595 -0.00544527 0.02494719
v -0.01784595 -0.00567073 0.03680734
v -0.01923859 -0.00812508 0.03474913
v -0.01796207 -0.00544527 0.03675831
v -0.02535296 -0.00544527 0.02494719
v -0.01784595 -0.01090548 0.02494719
v -0.01784595 -0.00710463 0.03638823
v -0.01834054 -0.00812508 0.03561070
v -0.01991470 -0.00950627 0.03367273
v -0.02078923 -0.00950627 0.03280999
v -0.01818180 -0.00544527 0.03652949
v -0.02529858 -0.00664609 0.02494719
v -0.02243761 -0.00544527 0.03104130
v -0.02232885 -0.01014934 0.03083933
v -0.02215835 -0.01253224 0.02494719
v -0.02172696 -0.01253224 0.02507678
v -0.02086860 -0.01253224 0.02606328
v -0.01784595 -0.01253224 0.02954579
v -0.01784595 -0.00812508 0.03606134
v -0.01902767 -0.00950627 0.03452030
v -0.02065842 -0.01040740 0.03266289
v -0.02090167 -0.00812508 0.03296175
v -0.01872563 -0.00544527 0.03595277
v -0.02481649 -0.00812508 0.02494719
v -0.02449533 -0.00812508 0.02644853
v -0.02338490 -0.01253224 0.02797673
v -0.02399781 -0.01253224 0.02617302
v -0.02399781 -0.01253224 0.02601891
v -0.02370899 -0.01253224 0.02535697
v -0.02192171 -0.00544527 0.03190287
v -0.02103542 -0.00544527 0.03316723
v -0.02222008 -0.01088814 0.03068639
v -0.02257651 -0.01226932 0.02951193
v -0.02342165 -0.01088814 0.02825575
v -0.02242585 -0.01253224 0.02494719
v -0.01784595 -0.01253224 0.03408368
v -0.01784595 -0.00960200 0.03549746
v -0.01885056 -0.01032832 0.03434869
v -0.01963984 -0.01082848 0.03339838
v -0.02042913 -0.01132865 0.03244340
v -0.02104130 -0.01226932 0.03133082
v -0.02192759 -0.01226932 0.03037351
v -0.02123899 -0.01087566 0.03180247
v -0.02034314 -0.00544527 0.03402881
v -0.01944142 -0.00544527 0.03511687
v -0.02325997 -0.01253224 0.02497638
v -0.02428074 -0.00915247 0.02494719
v -0.02263457 -0.01253224 0.02929245
v -0.02254123 -0.01253224 0.02944539
v -0.01785477 -0.01253224 0.03407667
v -0.01784595 -0.01226932 0.03423077
v -0.01784595 -0.00960755 0.03549513
v -0.01784815 -0.00960894 0.03549279
v -0.01859849 -0.01124957 0.03413388
v -0.01796207 -0.01082848 0.03484836
v -0.01927460 -0.01226932 0.03300845
v -0.02016162 -0.01226932 0.03219357
v -0.02096707 -0.01253224 0.03125610
v -0.02112214 -0.01253224 0.03109033
v -0.02184602 -0.01253224 0.03030813
v -0.01820973 -0.01253224 0.03378481
v -0.01828542 -0.01226932 0.03387120
v -0.01784595 -0.01112470 0.03479699
v -0.01784595 -0.01083403 0.03493825
v -0.01919376 -0.01253224 0.03293490
v -0.02008225 -0.01253224 0.03211302
v 0.00608063 -0.01718746 0.01994532
v 0.00608063 -0.01364024 0.01994532
v 0.00608063 -0.01711142 0.02042517
v 0.00623672 -0.01715274 0.01994532
v 0.01092749 -0.01364024 0.01994532
v 0.00608063 -0.01364024 0.02561853
v 0.00608063 -0.01710170 0.02047904
v 0.00680415 -0.01699718 0.01994532
v 0.01092749 -0.01546350 0.01994532
v 0.01092749 -0.01364024 0.02561853
v 0.00608063 -0.01575378 0.02561853
v 0.00608063 -0.01690795 0.02135876
v 0.00694553 -0.01668295 0.02135876
v 0.00698728 -0.01694440 0.01994532
v 0.01086107 -0.01549927 0.01994532
v 0.01092749 -0.01462219 0.02467550
v 0.01092749 -0.01424372 0.02561853
v 0.00613946 -0.01574163 0.02561853
v 0.00608063 -0.01603052 0.02474659
v 0.00608063 -0.01652079 0.02302046
v 0.00694553 -0.01629093 0.02308266
v 0.00884233 -0.01606003 0.02143207
v 0.00874033 -0.01638329 0.01994532
v 0.00840016 -0.01649232 0.01994532
v 0.01044594 -0.01468260 0.02561853
v 0.01066892 -0.01559024 0.01994532
v 0.01079797 -0.01438816 0.02561853
v 0.00678612 -0.01586802 0.02469993
v 0.00608063 -0.01626593 0.02392240
v 0.00979501 -0.01580760 0.02090613
v 0.00999854 -0.01589927 0.01994532
v -0.01784595 -0.00544527 0.02494554
v -0.02535355 -0.00544527 0.02494554
v -0.01784595 -0.00544527 0.01994476
v -0.01784595 -0.01090548 0.02494554
v -0.02529797 -0.00664609 0.02494554
v -0.02588812 -0.00608835 0.02396203
v -0.02572464 -0.00544527 0.02426506
v -0.02486558 -0.00544527 0.01994476
v -0.01784595 -0.01253016 0.01994476
v -0.01784595 -0.01094086 0.02488385
v -0.02215843 -0.01253224 0.02494554
v -0.02544837 -0.00662667 0.02464446
v -0.02481654 -0.00812508 0.02494554
v -0.02594533 -0.00614731 0.02308230
v -0.02619627 -0.00544527 0.02149371
v -0.02604587 -0.00544527 0.02321497
v -0.02597149 -0.00544527 0.02364773
v -0.02588812 -0.00561246 0.02396203
v -0.02484596 -0.00812508 0.02480650
v -0.02497184 -0.00544527 0.02002015
v -0.02030462 -0.01025409 0.01994476
v -0.01804539 -0.01237407 0.01994476
v -0.02242571 -0.01253224 0.02494554
v -0.02218622 -0.01253224 0.02493721
v -0.01784677 -0.01223186 0.02120389
v -0.01784595 -0.01223186 0.02120291
v -0.01784595 -0.01098387 0.02479133
v -0.01784595 -0.01168106 0.02308230
v -0.02428116 -0.00915247 0.02494554
v -0.02595841 -0.00614384 0.02205963
v -0.02608511 -0.00544527 0.02135222
v -0.02535437 -0.00583930 0.02091016
v -0.01976760 -0.01081530 0.01994476
v -0.01832412 -0.01215278 0.01994476
v -0.01890118 -0.01168314 0.01994476
v 0.00494765 0.00306913 0.04780657
v 0.00492166 0.00295688 0.04780657
v 0.00486968 0.00415206 0.04780657
v 0.00831578 0.00288163 0.04654944
v 0.00477612 0.00288163 0.04780657
v 0.00435511 0.00466491 0.04780657
v 0.00795194 0.00373533 0.04641426
v 0.00918900 0.00292811 0.04614391
v 0.00920459 0.00288163 0.04615292
v 0.00830019 0.00292811 0.04654718
v -0.00207449 0.00288163 0.04780657
v 0.00323759 0.00558944 0.04780657
v 0.00861205 0.00424154 0.04574514
v 0.01133046 0.00356269 0.04459839
v 0.01063917 0.00303276 0.04527653
v 0.01103939 0.00288163 0.04510755
v -0.00541143 0.00288163 0.04694370
v -0.00249550 0.00288258 0.04780657
v 0.00162110 0.00607257 0.04780657
v 0.00745296 0.00611178 0.04485973
v 0.00789996 0.00611178 0.04462768
v 0.00871600 0.00530045 0.04491606
v 0.00961521 0.00500924 0.04464120
v 0.01002064 0.00430984 0.04488451
v 0.01090945 0.00430984 0.04426721
v 0.01151238 0.00510726 0.04303035
v 0.01216730 0.00417261 0.04330746
v 0.01315487 0.00362055 0.04291094
v 0.01226606 0.00303276 0.04411626
v 0.01158515 0.00288163 0.04477637
v -0.00547380 0.00288163 0.04692567
v -0.00240194 0.00430984 0.04780657
v -0.00547380 0.00292811 0.04692567
v 0.00013455 0.00604411 0.04780657
v 0.00162110 0.00611178 0.04768942
v 0.00833657 0.00611178 0.04433480
v 0.00989069 0.00611178 0.04319706
v 0.01024934 0.00551893 0.04358231
v 0.00871600 0.00599131 0.04420187
v 0.01177747 0.00611178 0.04156594
v 0.01211532 0.00557616 0.04190388
v 0.01329001 0.00512370 0.04132713
v 0.01269747 0.00454128 0.04247838
v 0.01087826 0.00602830 0.04248063
v 0.01358108 0.00417261 0.04196020
v 0.01490650 0.00358894 0.04116491
v 0.01338357 0.00292811 0.04314975
v 0.01232323 0.00288163 0.04414105
v 0.01203736 0.00288163 0.04439563
v -0.00679923 0.00288163 0.04651564
v -0.00173664 0.00554075 0.04780657
v -0.00679923 0.00292811 0.04651564
v -0.00660691 0.00401800 0.04644354
v -0.00015652 0.00603621 0.04780657
v -0.00015133 0.00611178 0.04758804
v 0.00871600 0.00611178 0.04405769
v 0.01082109 0.00611178 0.04241980
v 0.01267148 0.00611178 0.04072109
v 0.01271826 0.00604475 0.04076840
v 0.01354470 0.00611178 0.03984244
v 0.01448549 0.00600491 0.03900209
v 0.01501566 0.00508386 0.03955632
v 0.01457385 0.00430984 0.04081120
v 0.01513001 0.00288163 0.04139246
v 0.01439193 0.00304826 0.04204131
v 0.02627395 0.00288163 0.02980786
v 0.01339396 0.00288163 0.04316327
v -0.00683041 0.00288163 0.04650438
v -0.00602476 0.00611178 0.04582849
v -0.00558296 0.00611178 0.04598170
v -0.00139878 0.00566438 0.04780657
v -0.00631584 0.00493905 0.04634442
v -0.00724623 0.00569093 0.04561221
v -0.00719425 0.00611178 0.04538467
v -0.00768804 0.00288163 0.04618896
v -0.00768284 0.00292811 0.04618896
v -0.00721504 0.00441102 0.04611011
v -0.00472013 0.00611178 0.04626782
v 0.01525475 0.00611178 0.03805361
v 0.01561859 0.00552178 0.03839155
v 0.01674130 0.00503864 0.03778100
v 0.01708955 0.00557584 0.03673564
v 0.01687644 0.00611178 0.03631209
v 0.02576457 0.00373944 0.02930095
v 0.02631033 0.00288163 0.02809112
v -0.00918499 0.00443157 0.04517740
v -0.00868081 0.00569093 0.04492732
v -0.00847809 0.00611178 0.04482143
v -0.00778680 0.00611178 0.04515036
v -0.00901866 0.00288163 0.04560545
v -0.00901866 0.00292811 0.04560320
v 0.01621633 0.00595969 0.03721777
v 0.01829023 0.00611178 0.03470349
v 0.02014582 0.00611178 0.03242127
v 0.02031734 0.00611178 0.03220273
v 0.02084751 0.00611178 0.03147954
v 0.02383621 0.00501967 0.02916802
v 0.02576457 0.00373944 0.02876475
v 0.01856051 0.00611178 0.03439033
v 0.01891915 0.00611178 0.03395777
v 0.02628954 0.00288163 0.02807310
v 0.01942333 0.00611178 0.02479282
v -0.01016216 0.00405246 0.04478989
v -0.00989188 0.00497319 0.04462317
v -0.00890951 0.00611178 0.04457586
v -0.01038046 0.00288163 0.04491380
v -0.01038046 0.00292811 0.04491155
v 0.02100864 0.00611178 0.03116863
v 0.02383621 0.00501967 0.02908241
v 0.02161158 0.00611178 0.02997683
v 0.02161678 0.00611178 0.02989572
v 0.02003667 0.00428676 0.02479282
v 0.02038491 0.00292811 0.02479282
v 0.02039531 0.00288163 0.02479282
v 0.01958966 0.00569062 0.02479282
v 0.02093068 0.00611178 0.02801227
v -0.02671694 0.00611178 0.02479282
v -0.01126408 0.00292811 0.04434831
v -0.01213730 0.00430984 0.04326690
v -0.01077029 0.00443157 0.04422215
v -0.00956962 0.00569093 0.04442041
v -0.01186182 0.00524480 0.04305287
v -0.01086905 0.00569979 0.04351473
v -0.00986069 0.00611178 0.04394955
v -0.01041165 0.00288163 0.04489578
v -0.01126928 0.00288163 0.04435057
v -0.02578135 0.00288163 0.02479282
v -0.02668575 0.00611178 0.02537633
v -0.02673773 0.00600174 0.02479282
v -0.01242837 0.00292811 0.04348544
v -0.01247515 0.00288163 0.04346066
v -0.01331718 0.00292811 0.04279154
v -0.01302611 0.00430984 0.04255272
v -0.01143560 0.00611178 0.04286138
v -0.01066114 0.00611178 0.04339757
v -0.01166430 0.00611178 0.04268340
v -0.01372261 0.00537538 0.04142400
v -0.01262588 0.00577061 0.04209988
v -0.02601524 0.00333156 0.02479282
v -0.02579174 0.00288163 0.02480859
v -0.02678971 0.00569093 0.02480859
v -0.02636349 0.00611178 0.02634960
v -0.02677931 0.00569916 0.02479282
v -0.01332238 0.00288163 0.04279604
v -0.01425277 0.00292811 0.04193091
v -0.01400848 0.00430984 0.04169210
v -0.01311967 0.00611178 0.04146906
v -0.01385255 0.00611178 0.04082472
v -0.01489729 0.00430984 0.04085401
v -0.01547944 0.00543135 0.03971628
v -0.01484532 0.00611178 0.03992580
v -0.02590089 0.00352696 0.02571427
v -0.02638428 0.00429434 0.02479282
v -0.02638948 0.00430984 0.02480859
v -0.02573457 0.00288163 0.02505416
v -0.02677931 0.00567228 0.02479282
v -0.02632191 0.00569093 0.02621893
v -0.02638948 0.00430984 0.02479282
v -0.02385818 0.00611178 0.02992952
v -0.02233005 0.00361771 0.03256545
v -0.02253276 0.00288163 0.03223427
v -0.02273028 0.00288163 0.03185578
v -0.02377502 0.00288163 0.02981912
v -0.01431515 0.00288163 0.04188135
v -0.01514678 0.00288163 0.04109958
v -0.01514159 0.00292811 0.04109282
v -0.01573933 0.00430984 0.03999113
v -0.01721028 0.00541048 0.03795673
v -0.01661254 0.00611178 0.03819329
v -0.01573413 0.00611178 0.03906292
v -0.02539671 0.00288163 0.02639916
v -0.02410768 0.00288163 0.02912747
v -0.02274587 0.00611178 0.03138717
v -0.02228327 0.00611178 0.03198645
v -0.02226248 0.00430984 0.03247534
v -0.02149322 0.00430984 0.03342833
v -0.02067717 0.00430984 0.03443765
v -0.02079152 0.00292811 0.03457958
v -0.02082271 0.00288163 0.03454353
v -0.02180508 0.00306565 0.03327288
v -0.02207536 0.00288163 0.03293493
v -0.01588486 0.00288163 0.04029528
v -0.01593164 0.00292811 0.04023220
v -0.01742339 0.00430984 0.03820230
v -0.01662814 0.00430984 0.03906518
v -0.01890475 0.00528432 0.03615663
v -0.02047966 0.00611178 0.03402536
v -0.01852011 0.00611178 0.03616565
v -0.01738701 0.00611178 0.03738223
v -0.01831220 0.00430984 0.03720200
v -0.02057841 0.00507722 0.03432049
v -0.01994429 0.00430984 0.03530052
v -0.01846814 0.00292811 0.03736646
v -0.01919062 0.00292811 0.03650584
v -0.02007943 0.00292811 0.03544245
v -0.02079152 0.00288163 0.03458183
v -0.02179468 0.00288163 0.03329540
v -0.01682565 0.00288163 0.03926118
v -0.01682045 0.00292811 0.03925893
v -0.01757932 0.00292811 0.03839605
v -0.01906068 0.00430984 0.03633912
v -0.01846814 0.00288163 0.03736871
v -0.01919582 0.00288163 0.03650809
v -0.01761051 0.00288163 0.03836451
v -0.02007943 0.00288163 0.03544245
v -0.01299955 -0.00544527 0.04128293
v -0.01299955 -0.00554796 0.04123470
v -0.01329890 -0.00544527 0.04106933
v -0.01299955 -0.00544527 0.02720610
v -0.01321777 -0.00569324 0.04100869
v -0.01299955 -0.00610626 0.04093979
v -0.01349719 -0.01161242 0.03776062
v -0.01466135 -0.01088755 0.03734307
v -0.01437719 -0.00544527 0.04018737
v -0.01533309 -0.00897001 0.03781161
v -0.01697354 -0.01013757 0.03598706
v -0.01722450 -0.00921721 0.03619790
v -0.01784547 -0.00544527 0.02720610
v -0.01299955 -0.01320365 0.02720610
v -0.01502426 -0.00989037 0.03758836
v -0.01584923 -0.01088755 0.03648041
v -0.01299955 -0.01081301 0.03841795
v -0.01299955 -0.01178204 0.03788602
v -0.01299955 -0.01215399 0.03761179
v -0.01299955 -0.01321582 0.03682354
v -0.01395925 -0.01321582 0.03632469
v -0.01439617 -0.01321582 0.03608490
v -0.01482502 -0.01321582 0.03583961
v -0.01510349 -0.01283475 0.03594021
v -0.01549723 -0.01191363 0.03621031
v -0.01452473 -0.00544527 0.04006472
v -0.01673634 -0.01088755 0.03580516
v -0.01739717 -0.01226960 0.03459798
v -0.01784547 -0.01112410 0.03479642
v -0.01784547 -0.01083430 0.03493836
v -0.01784547 -0.00960741 0.03549510
v -0.01522967 -0.00544527 0.03946252
v -0.01513337 -0.00585221 0.03937708
v -0.01784547 -0.00963023 0.02720610
v -0.01784547 -0.00544527 0.03687177
v -0.01326853 -0.01308119 0.02720610
v -0.01784547 -0.01321582 0.02917120
v -0.01299955 -0.01321582 0.03277206
v -0.01712060 -0.01311618 0.03437887
v -0.01612580 -0.01321582 0.03499624
v -0.01707933 -0.01321582 0.03434993
v -0.01784547 -0.01226960 0.03423142
v -0.01784547 -0.00812496 0.03606148
v -0.01616660 -0.00544527 0.03857505
v -0.01769841 -0.00976715 0.02720610
v -0.01701908 -0.00544527 0.03775235
v -0.01784547 -0.00548863 0.03685937
v -0.01363571 -0.01287658 0.02720610
v -0.01501335 -0.01196916 0.02720610
v -0.01540093 -0.01170370 0.02720610
v -0.01691235 -0.01045932 0.02720610
v -0.01740097 -0.01004401 0.02720610
v -0.01784547 -0.01321582 0.03370087
v -0.01726624 -0.01321582 0.03419972
v -0.01784547 -0.00710496 0.03638808
v -0.01621831 -0.00544527 0.03852544
v -0.01784547 -0.00567042 0.03680700
v -0.00192436 0.00880854 0.04416588
v -0.00192436 0.00947409 0.04333876
v -0.00031553 0.00880854 0.04405827
v -0.00369989 0.00880854 0.04407515
v -0.00369989 0.00945478 0.04330500
v -0.00192436 0.01016457 0.04238293
v -0.00014884 0.00941358 0.04326913
v -0.00014884 0.00880854 0.04404561
v -0.00369989 0.01014527 0.04235550
v -0.00392473 0.00880854 0.04403928
v -0.00547153 0.00934093 0.04315730
v -0.00192436 0.01074619 0.04152205
v -0.00014884 0.01010407 0.04227532
v -0.00369989 0.01072949 0.04149462
v 0.00161894 0.00927826 0.04309400
v 0.00121188 0.00880854 0.04379874
v -0.00547153 0.01003142 0.04219092
v -0.00547153 0.01062063 0.04132793
v -0.00547153 0.00880854 0.04375654
v -0.00588246 0.00880854 0.04364893
v -0.00659577 0.00921646 0.04299905
v -0.00192436 0.01102399 0.04107895
v -0.00014884 0.01067463 0.04141444
v 0.00102580 0.01058311 0.04127307
v -0.00539400 0.01102399 0.04070548
v -0.00444033 0.01102399 0.04088694
v -0.00369989 0.01102399 0.04102409
v 0.00265401 0.00918024 0.04296107
v 0.00161894 0.00880854 0.04371645
v -0.00638255 0.01053301 0.04119500
v -0.00683225 0.00880854 0.04333454
v -0.00755719 0.00880854 0.04304336
v -0.00777816 0.00900415 0.04274585
v -0.00708036 0.00978355 0.04197148
v -0.00096294 0.01102399 0.04095868
v -0.00017985 0.01102399 0.04084896
v 0.00038615 0.01102399 0.04070970
v 0.00153365 0.01102399 0.04036577
v 0.00161894 0.01096587 0.04043751
v 0.00220819 0.01046796 0.04108739
v -0.00711525 0.01102399 0.04009569
v 0.00299904 0.00880854 0.04335986
v 0.00258423 0.00880854 0.04346747
v 0.00330530 0.00955519 0.04211496
v 0.00383640 0.00903538 0.04273530
v 0.00365420 0.00880854 0.04312354
v -0.00756495 0.01035042 0.04092703
v -0.00708424 0.01087652 0.04034045
v -0.00831702 0.00880854 0.04262769
v -0.00994136 0.00916571 0.04121188
v -0.00902258 0.00937368 0.04151361
v -0.00987545 0.01051263 0.03944159
v -0.00869306 0.01073253 0.03977708
v 0.00161894 0.01102399 0.04033834
v 0.00301067 0.01102399 0.03979818
v 0.00344098 0.01102399 0.03962727
v 0.00339446 0.01082925 0.03998175
v 0.00339446 0.01032201 0.04084263
v -0.00894893 0.01102399 0.03918839
v 0.00463888 0.01065229 0.03967791
v 0.00516999 0.00935850 0.04153260
v 0.00516999 0.00883174 0.04239559
v 0.00516999 0.00880854 0.04243146
v 0.00417367 0.00880854 0.04291887
v -0.00951105 0.00880854 0.04188075
v -0.01025537 0.00880854 0.04136591
v -0.01099970 0.00880854 0.04080465
v -0.01118965 0.00880854 0.04065906
v -0.01505471 0.01040355 0.03588202
v -0.01593472 0.01102399 0.03447465
v -0.01465154 0.01102399 0.03543048
v -0.01416308 0.01102399 0.03579340
v -0.01189521 0.01064361 0.03789496
v -0.00940637 0.01102399 0.03893097
v -0.01231002 0.01102399 0.03709738
v -0.01158895 0.01102399 0.03757002
v -0.01079423 0.01102399 0.03808697
v 0.00421632 0.01102399 0.03924747
v 0.00521263 0.01102399 0.03868410
v 0.00582127 0.01044085 0.03931288
v 0.00615466 0.00918306 0.04124775
v 0.00520100 0.00880854 0.04241458
v -0.01301557 0.00880854 0.03922004
v -0.01305434 0.00883955 0.03915674
v -0.01377928 0.00937671 0.03800679
v -0.01943537 0.01102399 0.03176330
v 0.00695326 0.01102399 0.03756791
v 0.00682533 0.00947734 0.04029614
v 0.00733706 0.00894972 0.04085318
v 0.00721688 0.00880854 0.04116968
v 0.00652295 0.00880854 0.04162966
v -0.01484537 0.00880854 0.03769451
v -0.01969899 0.01102399 0.03155019
v 0.00739133 0.01102399 0.03727251
v 0.00860473 0.01102399 0.03642429
v 0.00814728 0.00928628 0.03970323
v 0.00749988 0.00880854 0.04097134
v -0.01839642 0.00880854 0.03449364
v -0.01863290 0.00896923 0.03416026
v -0.01969899 0.00983624 0.03253134
v -0.01969899 0.01102399 0.02687021
v 0.01032211 0.01102399 0.03515196
v 0.00859698 0.00880854 0.04016110
v 0.01229147 0.01102399 0.03368973
v -0.01903995 0.00880854 0.03390284
v -0.01969899 0.00880854 0.03329727
v -0.01969899 0.00952331 0.03276977
v -0.01969899 0.00880854 0.02685755
v -0.01968348 0.00880854 0.02261223
v -0.01934621 0.00921429 0.02261223
v -0.01907484 0.00952461 0.02261223
v -0.01844682 0.01018712 0.02261223
v -0.01786919 0.01074250 0.02261223
v -0.01762108 0.01097064 0.02261223
v -0.01755906 0.01102399 0.02261223
v 0.00913584 0.00880854 0.03975387
v 0.01421043 0.01102399 0.03220640
v 0.01795531 0.00880854 0.02261223
v 0.01604798 0.01102399 0.02261223
v 0.00957778 0.00880854 0.03939095
v 0.01599758 0.01102399 0.03058592
v 0.01238451 0.00881071 0.03696867
v 0.01144247 0.00880854 0.03781689
v 0.01068264 0.00880854 0.03847099
v 0.01032986 0.00880854 0.03876639
v 0.01975797 0.00880854 0.02621611
v 0.01977736 0.01102399 0.02481718
v 0.01925401 0.01102399 0.02383603
v 0.01896325 0.01102399 0.02351742
v 0.01754438 0.00995703 0.02261223
v 0.01688147 0.01071258 0.02261223
v 0.01770333 0.01102399 0.02877343
v 0.01601697 0.00880854 0.03337534
v 0.01498189 0.00880854 0.03445777
v 0.01416003 0.00880854 0.03527434
v 0.01328002 0.00880854 0.03613733
v 0.01238451 0.00880854 0.03697078
v 0.01988978 0.00880854 0.02657481
v 0.01989754 0.01102399 0.02511891
v 0.01769170 0.00880854 0.03146579
v 0.01672252 0.00880854 0.03259464
v 0.01868025 0.01102399 0.02763192
v 0.01990529 0.00880854 0.02819107
v 0.01936643 0.01102399 0.02663600
v 0.01923074 0.01102399 0.02695461
v 0.01832360 0.00880854 0.03064711
v 0.01987428 0.00880854 0.02825648
v 0.01924625 0.00880854 0.02941698
v -0.01403829 0.01102451 0.01994476
v -0.01403829 0.01401511 0.01994476
v -0.01403829 0.01102451 0.02596522
v 0.01310009 0.01102451 0.01994476
v -0.01298898 0.01449628 0.01994476
v -0.01245769 0.01355172 0.02596522
v -0.01403829 0.01280538 0.02596522
v 0.01310009 0.01102451 0.02596522
v 0.01310009 0.01334356 0.01994476
v -0.01279241 0.01457683 0.01994476
v -0.01212298 0.01484199 0.01994476
v -0.01188655 0.01474994 0.02089483
v -0.01157575 0.01463540 0.02204470
v -0.01090898 0.01497536 0.02142527
v -0.01034049 0.01480957 0.02308259
v -0.00999781 0.01470026 0.02404445
v -0.00887944 0.01481532 0.02469394
v -0.00724838 0.01518928 0.02480651
v -0.00819408 0.01468718 0.02570825
v -0.00798156 0.01463174 0.02596522
v 0.01310009 0.01636658 0.02596522
v 0.01310009 0.01636658 0.02431851
v 0.01263256 0.01360977 0.01994476
v -0.01081600 0.01529126 0.01994476
v -0.00902289 0.01555277 0.02135867
v -0.00902289 0.01519503 0.02308259
v -0.00724838 0.01563750 0.02308259
v -0.00724838 0.01480434 0.02596522
v -0.00547386 0.01549367 0.02480651
v -0.00547652 0.01514691 0.02596522
v -0.00609813 0.01504022 0.02596522
v -0.00732541 0.01478760 0.02596522
v 0.01056052 0.01636658 0.02596522
v 0.00392469 0.01636658 0.01994476
v 0.00500055 0.01617882 0.01994476
v 0.00553981 0.01607056 0.01994476
v 0.00616408 0.01592830 0.01994476
v 0.00687867 0.01575256 0.01994476
v 0.00873022 0.01521072 0.01994476
v 0.00900118 0.01512233 0.01994476
v 0.00995219 0.01479911 0.01994476
v 0.01082351 0.01446647 0.01994476
v 0.01111572 0.01433624 0.01994476
v 0.01237488 0.01374000 0.01994476
v -0.01047597 0.01539273 0.01994476
v -0.00900961 0.01582265 0.01994476
v -0.00859786 0.01592934 0.01994476
v -0.00797359 0.01602087 0.02031725
v -0.00732807 0.01593928 0.02147655
v -0.00623361 0.01603708 0.02212957
v -0.00557481 0.01592568 0.02307198
v -0.00428111 0.01532735 0.02596522
v 0.00092023 0.01575936 0.02596522
v -0.00369935 0.01616888 0.02273957
v -0.00369935 0.01636658 0.02174177
v -0.00638768 0.01636658 0.01994476
v -0.00811438 0.01605382 0.01994476
v -0.00758309 0.01616156 0.01994476
v -0.00722447 0.01623164 0.01994476
v -0.00678881 0.01613593 0.02097970
v -0.00553496 0.01636658 0.02075339
v -0.00557481 0.01623426 0.02147655
v -0.00505149 0.01611030 0.02249086
v -0.00369935 0.01597746 0.02360124
v -0.00369935 0.01537756 0.02596522
v -0.00438206 0.01636658 0.02140169
v -0.00206761 0.00288163 0.05367045
v -0.00311992 0.00288163 0.05241858
v -0.00156278 0.00396401 0.05202597
v -0.00015180 0.00485710 0.05121206
v -0.00015180 0.00416675 0.05220678
v -0.00015180 0.00331302 0.05306891
v -0.00015180 0.00288163 0.05337083
v -0.00247605 0.00288163 0.04781518
v -0.00249738 0.00288257 0.04780657
v -0.00240337 0.00430982 0.04780657
v -0.00173659 0.00554089 0.04780657
v -0.00117883 0.00509763 0.05008072
v -0.00015180 0.00522977 0.05035050
v 0.00162180 0.00521602 0.05025406
v 0.00162180 0.00463719 0.05111562
v 0.00162180 0.00394652 0.05186640
v 0.00029061 0.00288163 0.05318199
v -0.00207551 0.00288163 0.04780657
v -0.00140004 0.00566428 0.04780657
v -0.00015575 0.00603632 0.04780657
v 0.00013813 0.00604413 0.04780657
v 0.00162180 0.00607287 0.04780657
v 0.00162180 0.00569146 0.04894537
v 0.00262908 0.00507951 0.04995272
v 0.00255007 0.00367069 0.05157195
v 0.00149618 0.00288163 0.05249435
v 0.00477794 0.00288163 0.04780657
v 0.00323897 0.00558931 0.04780657
v 0.00289294 0.00420267 0.05058411
v 0.00435843 0.00466499 0.04780657
v 0.00487274 0.00415207 0.04780657
v 0.00255244 0.00292817 0.05157883
v 0.00174267 0.00288163 0.05228599
v 0.00495095 0.00306937 0.04780657
v 0.00255086 0.00288163 0.05157711
v 0.00479374 0.00288975 0.04780657
v 0.00492330 0.00295691 0.04780657
v 0.00721692 0.00016414 0.04712569
v 0.00871774 0.00016414 0.04670338
v 0.00715369 0.00001498 0.04712569
v 0.00714526 0.00138839 0.04712569
v 0.00884421 0.00149109 0.04662270
v 0.00963678 0.00099389 0.04637206
v 0.00963678 0.00016414 0.04637378
v 0.00961570 -0.00054743 0.04636348
v 0.00871353 -0.00109191 0.04655231
v 0.00712839 0.00154081 0.04712569
v 0.00694290 -0.00045859 0.04712569
v 0.00831724 0.00288163 0.04655060
v 0.00951874 0.00191494 0.04632056
v 0.00655505 0.00288163 0.04712569
v 0.01033238 0.00149109 0.04593946
v 0.01207772 0.00016414 0.04506567
v 0.01052209 0.00016414 0.04592744
v 0.00930373 -0.00146766 0.04624159
v 0.01197232 -0.00121743 0.04498670
v 0.01031974 -0.00109191 0.04588109
v 0.00812332 -0.00221509 0.04646648
v 0.00694290 -0.00121743 0.04703127
v 0.00632740 -0.00121743 0.04712569
v 0.00920256 0.00288163 0.04615233
v 0.01167722 0.00264118 0.04483907
v 0.01193438 0.00154570 0.04500043
v -0.00466735 0.00288163 0.04712569
v 0.01296303 0.00016414 0.04449573
v 0.01285763 -0.00121743 0.04444251
v 0.00871353 -0.00264464 0.04608023
v 0.01064857 -0.00271230 0.04518755
v 0.01168143 -0.00232839 0.04481332
v 0.00757948 -0.00313614 0.04630168
v 0.00697241 -0.00264464 0.04661068
v 0.00443030 -0.00255498 0.04712569
v 0.01104063 0.00288163 0.04510687
v 0.01158447 0.00288163 0.04477727
v 0.01203977 0.00288163 0.04439616
v 0.01281969 0.00154570 0.04435668
v -0.00481490 0.00241540 0.04712569
v -0.00541354 0.00288163 0.04694372
v 0.01395374 0.00016414 0.04363396
v 0.01482640 -0.00121743 0.04282025
v 0.01394109 -0.00121743 0.04358074
v 0.01226743 -0.00271230 0.04428458
v 0.01370079 -0.00259818 0.04334727
v 0.00871774 -0.00397975 0.04540901
v 0.01134839 -0.00324944 0.04461590
v 0.01002463 -0.00397975 0.04484765
v 0.00697241 -0.00392025 0.04599954
v 0.00639906 -0.00342060 0.04643043
v 0.00391597 -0.00286390 0.04712569
v 0.01241919 0.00288163 0.04405283
v 0.01339725 0.00288163 0.04316187
v 0.01375138 0.00154570 0.04349491
v 0.01483905 0.00016414 0.04282540
v -0.00511422 0.00128406 0.04712569
v -0.00547257 0.00288163 0.04692655
v 0.01558524 -0.00259818 0.04176621
v 0.01458610 -0.00259818 0.04262798
v 0.01574544 -0.00121743 0.04195847
v 0.01917708 -0.00259818 0.03855086
v 0.01832971 -0.00259818 0.03933195
v 0.01744019 -0.00259818 0.04012506
v 0.01647056 -0.00259818 0.04098855
v 0.01340568 -0.00361052 0.04310350
v 0.00871774 -0.00490080 0.04480817
v 0.00960727 -0.00467094 0.04463478
v 0.01090995 -0.00397975 0.04440303
v 0.01236017 -0.00403436 0.04353096
v 0.00687123 -0.00540696 0.04502962
v 0.00516806 -0.00536132 0.04542617
v 0.00516806 -0.00427318 0.04612658
v 0.00261330 -0.00338393 0.04712569
v 0.01512994 0.00288163 0.04139369
v 0.01519739 0.00266726 0.04146235
v 0.01464091 0.00154570 0.04261596
v 0.01571593 0.00016414 0.04196362
v 0.01917708 -0.00101040 0.03866588
v 0.01917708 -0.00121743 0.03868304
v 0.01753293 -0.00121743 0.04025724
v 0.01663076 -0.00121743 0.04111902
v -0.00520276 -0.00013500 0.04712569
v -0.00685112 0.00154570 0.04653515
v -0.00680053 0.00288163 0.04651626
v 0.01902532 -0.00397975 0.03823156
v 0.01803882 -0.00397975 0.03909162
v 0.01714930 -0.00397975 0.03984180
v 0.01611222 -0.00397975 0.04070358
v 0.01522269 -0.00397975 0.04143489
v 0.01917708 -0.00245310 0.03856803
v 0.01917708 -0.00397975 0.03809251
v 0.01301783 -0.00453156 0.04282196
v 0.01496974 -0.00471577 0.04121858
v 0.00871774 -0.00544527 0.04438243
v 0.00691339 -0.00544527 0.04499013
v 0.00958619 -0.00544527 0.04399102
v 0.01183320 -0.00502061 0.04319449
v 0.01040405 -0.00530671 0.04373009
v 0.01034925 -0.00544527 0.04364426
v 0.00683751 -0.00544527 0.04501073
v 0.00516806 -0.00544527 0.04536952
v 0.00136543 -0.00370181 0.04712569
v 0.01633144 0.00288163 0.04013021
v 0.01866698 0.00251158 0.03793629
v 0.01693429 0.00258738 0.03970104
v 0.01549250 0.00154570 0.04175419
v 0.01917708 0.00154570 0.03798951
v 0.01894943 0.00154570 0.03822469
v 0.01811471 0.00154570 0.03908475
v 0.01722518 0.00154570 0.03999287
v 0.01637781 0.00154570 0.04085465
v 0.01917708 0.00016414 0.03852683
v 0.01835922 0.00016414 0.03934397
v 0.01747391 0.00016414 0.04022463
v -0.00511422 -0.00122966 0.04712569
v -0.00773644 0.00154570 0.04620726
v -0.00768585 0.00288163 0.04618838
v 0.01917708 -0.00462041 0.03775604
v 0.01872600 -0.00501572 0.03795517
v 0.01686262 -0.00487227 0.03959460
v 0.01423198 -0.00544527 0.04122030
v 0.01382726 -0.00544527 0.04151042
v 0.01237704 -0.00544527 0.04250610
v 0.01511308 -0.00544527 0.04055595
v 0.01762568 -0.00540452 0.03861953
v 0.01768048 -0.00544527 0.03854743
v 0.01598153 -0.00544527 0.03990017
v 0.01057690 -0.00544527 0.04353096
v 0.01233488 -0.00544527 0.04253185
v 0.00339321 -0.00544527 0.04558239
v 0.00017658 -0.00390476 0.04712569
v 0.01683733 0.00288163 0.03959804
v 0.01853629 0.00288163 0.03780067
v 0.01917708 0.00288163 0.03711400
v 0.01917708 0.00282294 0.03715691
v 0.01790392 0.00288163 0.03847189
v 0.01917708 0.00022038 0.03850623
v 0.01917708 0.00039318 0.03843928
v -0.00411930 -0.00261286 0.04712569
v -0.01001717 -0.00208142 0.04469658
v -0.00902225 -0.00121743 0.04535235
v -0.00902225 0.00016414 0.04558926
v -0.00902225 0.00154570 0.04566994
v -0.00898009 0.00288163 0.04562530
v 0.01917708 -0.00527085 0.03738352
v 0.01833815 -0.00544527 0.03798607
v 0.01917708 -0.00531568 0.03735777
v 0.01917708 -0.00544527 0.03726678
v 0.00161837 -0.00544527 0.04565106
v -0.00017755 -0.00390639 0.04712569
v 0.01917708 0.00288163 0.03213734
v -0.00391694 -0.00277913 0.04712569
v -0.00800625 -0.00456580 0.04458671
v -0.00848685 -0.00364475 0.04478757
v -0.00967148 -0.00300247 0.04452320
v -0.01088562 -0.00398953 0.04341422
v -0.01068327 -0.00256395 0.04410433
v -0.01207026 -0.00259818 0.04319277
v -0.01109220 -0.00121743 0.04426226
v -0.01020688 -0.00121743 0.04480302
v -0.01041346 0.00016414 0.04491975
v -0.01047669 0.00154570 0.04495752
v -0.00902225 0.00288163 0.04560642
v 0.01917708 -0.00544527 0.03180430
v -0.00015225 -0.00544527 0.04563046
v -0.00192710 -0.00544527 0.04551544
v -0.00183013 -0.00375479 0.04712569
v 0.01915179 0.00288163 0.02980608
v -0.00382420 -0.00284923 0.04712569
v -0.00734859 -0.00540860 0.04438758
v -0.00901382 -0.00544527 0.04370949
v -0.00902225 -0.00536132 0.04375069
v -0.00905598 -0.00405474 0.04435496
v -0.01028277 -0.00536132 0.04313612
v -0.01153485 -0.00445658 0.04281166
v -0.01183417 -0.00353553 0.04301938
v -0.01295979 -0.00259818 0.04251811
v -0.01234850 -0.00121743 0.04340049
v -0.01130298 0.00016414 0.04439445
v -0.01136201 0.00154570 0.04443049
v -0.01041346 0.00288163 0.04489572
v -0.01038395 0.00288163 0.04491288
v 0.01914336 0.00288163 0.02958978
v 0.01835501 -0.00316956 0.02958978
v 0.01824540 -0.00379554 0.02958978
v 0.01816108 -0.00414358 0.02958978
v 0.01775637 -0.00544527 0.02958978
v -0.00369772 -0.00544527 0.04527682
v -0.00542619 -0.00544527 0.04493348
v -0.00545570 -0.00544527 0.04492662
v -0.00549786 -0.00544527 0.04491632
v -0.00642533 -0.00544527 0.04467255
v -0.00210838 -0.00365046 0.04712569
v -0.00725162 -0.00544527 0.04439960
v -0.00734437 -0.00544527 0.04436870
v -0.01024904 -0.00544527 0.04311380
v -0.01117230 -0.00536132 0.04258335
v -0.01252556 -0.00544527 0.04161342
v -0.01284596 -0.00544527 0.04139369
v -0.01329705 -0.00544527 0.04106923
v -0.01351627 -0.00477201 0.04123232
v -0.01370598 -0.00397975 0.04139712
v -0.01398844 -0.00259818 0.04165634
v -0.01323381 -0.00121743 0.04272755
v -0.01338558 -0.00008854 0.04284943
v -0.01270684 0.00028884 0.04340907
v -0.01346146 0.00083251 0.04291295
v -0.01126926 0.00288163 0.04435153
v -0.01273635 0.00145115 0.04343825
v -0.01343617 0.00184892 0.04289235
v -0.02388286 0.00288163 0.02958978
v -0.02308608 -0.00544527 0.02958978
v -0.01114700 -0.00544527 0.04255073
v -0.01437629 -0.00544527 0.04018686
v -0.01452384 -0.00544527 0.04006497
v -0.01522787 -0.00544527 0.03946242
v -0.01535013 -0.00493096 0.03957057
v -0.01459551 -0.00397975 0.04061603
v -0.01419501 -0.00121743 0.04186577
v -0.01487796 -0.00259818 0.04084950
v -0.01508032 -0.00121743 0.04103833
v -0.01518993 -0.00012685 0.04114133
v -0.01346146 0.00092787 0.04291295
v -0.01523630 0.00079420 0.04119112
v -0.01247497 0.00288163 0.04346057
v -0.01332234 0.00288163 0.04279622
v -0.01523209 0.00223201 0.04118597
v -0.02377325 0.00288163 0.02981982
v -0.02232303 -0.00037219 0.03255278
v -0.02387022 0.00273573 0.02958978
v -0.02320834 -0.00425525 0.02958978
v -0.02295961 -0.00544527 0.02987647
v -0.01613848 -0.00544527 0.03860064
v -0.01701536 -0.00544527 0.03775260
v -0.01553141 -0.00397975 0.03975254
v -0.01573798 -0.00259818 0.03998772
v -0.01590240 -0.00121743 0.04017656
v -0.01678771 -0.00121743 0.03921865
v -0.01688046 0.00016414 0.03932165
v -0.01584759 0.00026602 0.04047011
v -0.01523630 0.00131096 0.04119112
v -0.01688889 0.00154570 0.03932852
v -0.01431727 0.00288163 0.04188122
v -0.01585181 0.00168101 0.04049586
v -0.01763508 0.00154570 0.03846674
v -0.01846981 0.00288163 0.03737150
v -0.01758028 0.00288163 0.03839808
v -0.01755498 0.00288163 0.03842726
v -0.01682565 0.00288163 0.03925985
v -0.01588553 0.00288163 0.04029501
v -0.01514777 0.00288163 0.04110013
v -0.02273196 0.00288163 0.03185580
v -0.02235254 0.00154570 0.03260256
v -0.02233989 0.00054886 0.03258539
v -0.02182135 0.00011849 0.03326691
v -0.02081378 0.00016414 0.03461966
v -0.02073368 -0.00121743 0.03451666
v -0.02155154 -0.00121743 0.03342828
v -0.02226401 -0.00121743 0.03244291
v -0.02243685 -0.00544527 0.03104209
v -0.02334324 -0.00293237 0.02958978
v -0.01817892 -0.00544527 0.03653033
v -0.01710389 -0.00495296 0.03784359
v -0.01641672 -0.00397975 0.03885815
v -0.01724301 -0.00397975 0.03799809
v -0.01662751 -0.00259818 0.03904870
v -0.01740743 -0.00259818 0.03818864
v -0.01755498 -0.00121743 0.03835688
v -0.01763508 0.00016414 0.03845988
v -0.01852040 0.00016414 0.03743674
v -0.01852040 0.00154570 0.03743330
v -0.01919492 0.00288163 0.03650973
v -0.02253382 0.00288163 0.03223519
v -0.02234832 0.00269579 0.03259398
v -0.02171174 0.00154570 0.03346433
v -0.02082221 0.00154570 0.03462481
v -0.02012661 0.00016414 0.03548143
v -0.02005072 -0.00121743 0.03537843
v -0.02103300 -0.00544527 0.03316906
v -0.02108780 -0.00544527 0.03309181
v -0.02191831 -0.00544527 0.03190387
v -0.01872275 -0.00544527 0.03595524
v -0.01829274 -0.00259818 0.03717408
v -0.01844030 -0.00121743 0.03734232
v -0.01916541 -0.00121743 0.03648054
v -0.01924129 0.00016414 0.03657324
v -0.01924129 0.00154570 0.03657153
v -0.02008023 0.00288163 0.03544367
v -0.02207851 0.00288163 0.03293559
v -0.02079270 0.00288163 0.03458189
v -0.02012661 0.00154570 0.03548658
v -0.02034161 -0.00544527 0.03403084
v -0.01943944 -0.00544527 0.03511922
v -0.00299340 -0.00544527 0.03218837
v -0.01299955 -0.00544527 0.03218837
v -0.00299340 -0.00544527 0.02864341
v -0.00299340 -0.01347118 0.03218837
v -0.01299955 -0.00544527 0.02864341
v -0.01299955 -0.01525418 0.03218837
v -0.00299340 -0.01525130 0.02864341
v -0.00299340 -0.01398582 0.03124478
v -0.01128256 -0.01525418 0.03218837
v -0.01299955 -0.01240253 0.02864341
v -0.01299955 -0.01525418 0.03140512
v -0.00316383 -0.01523498 0.02864341
v -0.00299340 -0.01496325 0.02925245
v -0.00299340 -0.01427098 0.03070202
v -0.01297115 -0.01241981 0.02864341
v -0.00375640 -0.01517641 0.02864341
v -0.00547535 -0.01491429 0.02864341
v -0.00594451 -0.01482691 0.02864341
v -0.00706403 -0.01460800 0.02864341
v -0.00752536 -0.01451390 0.02864341
v -0.00894655 -0.01414137 0.02864341
v -0.00902295 -0.01412120 0.02864341
v -0.00908466 -0.01410008 0.02864341
v -0.01071056 -0.01352591 0.02864341
v -0.01119833 -0.01332236 0.02864341
v -0.01231589 -0.01279331 0.02864341
v -0.01268809 -0.01258784 0.02864341
v 0.00162178 -0.00544527 0.04565147
v -0.00015199 -0.00544527 0.04562925
v 0.00339644 -0.00544527 0.04558357
v 0.00162178 -0.00656690 0.04496014
v -0.00015199 -0.00727702 0.04453547
v -0.00015199 -0.00658650 0.04495891
v -0.00192576 -0.00544527 0.04551568
v -0.00192576 -0.00651558 0.04491077
v 0.00517021 -0.00544527 0.04536877
v 0.00339644 -0.00648106 0.04491817
v 0.00162178 -0.00725743 0.04451819
v -0.00192576 -0.00720704 0.04449473
v -0.00015199 -0.00812524 0.04398982
v -0.00192576 -0.00812524 0.04391945
v -0.00299340 -0.00544527 0.04537000
v -0.00299340 -0.00641014 0.04484533
v -0.00299340 -0.00710066 0.04443795
v 0.00528745 -0.00544527 0.04534408
v 0.00517021 -0.00628696 0.04479595
v 0.00339644 -0.00717158 0.04445646
v 0.00162178 -0.00812524 0.04394044
v -0.00299340 -0.00812524 0.04380958
v -0.00015199 -0.00925341 0.04322565
v -0.00192576 -0.00921888 0.04319726
v -0.00299340 -0.00914703 0.04314417
v -0.00299340 -0.00544527 0.03304092
v 0.00608063 -0.00544527 0.04517372
v 0.00608063 -0.00600982 0.04479101
v 0.00608063 -0.00614419 0.04469966
v 0.00461951 -0.00895480 0.04301208
v 0.00339644 -0.00812524 0.04380094
v 0.00162178 -0.00920582 0.04319356
v -0.00015199 -0.00994486 0.04272321
v -0.00192576 -0.00990940 0.04269975
v -0.00299340 -0.01088733 0.04189608
v -0.00299340 -0.00983755 0.04265160
v -0.00299340 -0.01300555 0.03304092
v 0.00608063 -0.00544527 0.03304092
v 0.00608063 -0.01046835 0.04138993
v 0.00517021 -0.01136883 0.04102205
v 0.00421182 -0.01156759 0.04117636
v 0.00339644 -0.00909571 0.04311578
v 0.00162178 -0.00989634 0.04268494
v -0.00015199 -0.01088733 0.04202077
v -0.00192576 -0.01088733 0.04198497
v -0.00299340 -0.01170476 0.04129117
v 0.00608063 -0.01497820 0.03306067
v -0.00218690 -0.01308860 0.03304092
v -0.00299340 -0.01497820 0.03410507
v 0.00608063 -0.01266682 0.03304092
v 0.00608063 -0.01111595 0.04087637
v 0.00608063 -0.01169916 0.04040849
v 0.00599003 -0.01293743 0.03944187
v 0.00480692 -0.01311006 0.03960606
v 0.00339644 -0.01324070 0.03973321
v 0.00353056 -0.01217412 0.04070725
v 0.00302871 -0.01164970 0.04124549
v 0.00353056 -0.01101890 0.04166523
v 0.00339644 -0.00978716 0.04260346
v 0.00162178 -0.01088733 0.04194299
v 0.00162178 -0.01171969 0.04130598
v -0.00015199 -0.01176821 0.04134549
v -0.00192576 -0.01175328 0.04133191
v -0.00299340 -0.01239621 0.04067885
v 0.00608063 -0.01497820 0.03735060
v 0.00162178 -0.01305687 0.03304092
v -0.00015199 -0.01314272 0.03304092
v -0.00192576 -0.01311379 0.03304092
v -0.00299340 -0.01497820 0.03824069
v 0.00608063 -0.01291597 0.03942212
v 0.00608063 -0.01301115 0.03933323
v 0.00608063 -0.01425502 0.03811353
v 0.00530699 -0.01360276 0.03898510
v 0.00517021 -0.01462081 0.03801847
v 0.00517021 -0.01497820 0.03766417
v 0.00339644 -0.01497820 0.03801724
v 0.00339644 -0.01393216 0.03905670
v 0.00162178 -0.01401801 0.03914558
v 0.00162178 -0.01332748 0.03981963
v 0.00162178 -0.01241114 0.04068255
v -0.00015199 -0.01245967 0.04072823
v -0.00192576 -0.01244380 0.04071589
v -0.00299340 -0.01333028 0.03981593
v 0.00608063 -0.01448830 0.03788268
v -0.00299340 -0.01492408 0.03829254
v -0.00192576 -0.01336481 0.03985296
v -0.00192576 -0.01497820 0.03829624
v 0.00162178 -0.01497820 0.03820365
v -0.00015199 -0.01497820 0.03829748
v -0.00015199 -0.01337227 0.03986531
v -0.02619404 -0.00544527 0.02149377
v -0.02608398 -0.00544527 0.02135218
v -0.02612704 -0.00491791 0.02014771
v -0.02621796 -0.00537110 0.02143430
v -0.02680174 -0.00397975 0.02135879
v -0.02604570 -0.00544527 0.02321552
v -0.02496905 -0.00544527 0.02002028
v -0.02624189 -0.00457965 0.01994571
v -0.02551455 -0.00510620 0.01994571
v -0.02601699 -0.00483967 0.01994571
v -0.02651464 -0.00399687 0.01994571
v -0.02684960 -0.00259818 0.01994571
v -0.02686395 -0.00259818 0.02135879
v -0.02620361 -0.00411180 0.02325516
v -0.02596914 -0.00544527 0.02364879
v -0.02486378 -0.00544527 0.01994571
v -0.02493555 -0.00541185 0.01994571
v -0.02632323 -0.00167469 0.01994571
v -0.02578730 0.00288163 0.02480606
v -0.02573467 0.00288163 0.02505337
v -0.02539493 0.00288163 0.02639849
v -0.02572510 -0.00544527 0.02426518
v 0.02127414 -0.00544527 0.01994571
v -0.02364836 0.00288163 0.01994571
v -0.02410773 0.00288163 0.02912554
v -0.02388283 0.00288163 0.02958807
v -0.02334212 -0.00293237 0.02958807
v -0.02308851 -0.00544527 0.02958807
v 0.02125978 -0.00544527 0.02002311
v 0.02130763 -0.00536132 0.01994571
v 0.02175264 0.00288163 0.01994571
v 0.01914477 0.00288163 0.02958807
v 0.01775709 -0.00544527 0.02958807
v 0.02095832 -0.00544527 0.02135123
v 0.02098703 -0.00536132 0.02135879
v 0.02161866 -0.00423813 0.01994571
v 0.02190098 0.00184973 0.01994571
v 0.02174308 0.00288163 0.01998818
v 0.02141769 0.00288163 0.02135879
v 0.02158995 0.00154570 0.02135879
v 0.02110666 0.00154570 0.02308337
v 0.02115451 0.00016414 0.02308337
v 0.02115451 -0.00121743 0.02308337
v 0.02058987 -0.00121743 0.02480606
v 0.02025491 -0.00197709 0.02568204
v 0.02022141 -0.00289814 0.02558481
v 0.01993909 -0.00250200 0.02636639
v 0.01910170 -0.00259818 0.02825428
v 0.01853227 -0.00353716 0.02921710
v 0.01835523 -0.00316956 0.02958807
v 0.01815904 -0.00414358 0.02958807
v 0.01842700 -0.00445821 0.02901321
v 0.01820210 -0.00544527 0.02874135
v 0.02092961 -0.00544527 0.02147111
v 0.02050852 -0.00536784 0.02312018
v 0.02136027 -0.00397975 0.02135879
v 0.02170001 -0.00392922 0.01994571
v 0.02192012 0.00154570 0.02005048
v 0.02194405 0.00154570 0.01994571
v 0.02202061 0.00016414 0.01994571
v 0.02195362 0.00016414 0.02020907
v 0.02165216 0.00016414 0.02135879
v 0.02164737 -0.00121743 0.02135879
v 0.02107795 -0.00259818 0.02308337
v 0.02047981 -0.00250200 0.02492877
v 0.02013050 -0.00397975 0.02533278
v 0.01965677 -0.00397975 0.02653064
v 0.02043196 -0.00397975 0.02447190
v 0.01824517 -0.00379554 0.02958807
v 0.01883852 -0.00399035 0.02836472
v 0.01924047 -0.00536132 0.02653064
v 0.01866626 -0.00536132 0.02780307
v 0.01865190 -0.00544527 0.02776532
v 0.02049416 -0.00544527 0.02307204
v 0.02087697 -0.00397975 0.02308337
v 0.02045110 -0.00544527 0.02321929
v 0.02032190 -0.00491139 0.02415663
v 0.02157081 -0.00259818 0.02135879
v 0.02191055 -0.00259818 0.01998724
v 0.02190098 -0.00272208 0.01994571
v 0.02201104 -0.00121743 0.01994571
v 0.02195362 -0.00121743 0.02019207
v 0.01995345 -0.00536784 0.02476169
v 0.01999173 -0.00544527 0.02458801
v 0.01991995 -0.00544527 0.02476453
v 0.01915912 -0.00544527 0.02663447
v 0.02192012 -0.00259818 0.01994571
v 0.02191534 -0.00262997 0.01994571
v -0.01850938 0.01602150 0.02750142
v -0.01850938 0.01577248 0.02780606
v -0.01850938 0.01602150 0.02732826
v -0.01403872 0.01524313 0.02840999
v -0.01403872 0.01517807 0.03004114
v -0.01403872 0.01509832 0.03023462
v -0.01403872 0.01468003 0.03086634
v -0.01403872 0.01393199 0.03196625
v -0.01403872 0.01365949 0.03236281
v -0.01403872 0.01340313 0.03273372
v -0.01403872 0.01263063 0.03379301
v -0.01403872 0.01226272 0.03429647
v -0.01403872 0.01208465 0.03453269
v -0.01403872 0.01102399 0.03588273
v -0.01850938 0.01461887 0.02907592
v -0.01850938 0.01601465 0.02718396
v -0.01403872 0.01520546 0.02819514
v -0.01416520 0.01102399 0.03579401
v -0.01403872 0.01102399 0.02496383
v -0.01850938 0.01450439 0.02919243
v -0.01850938 0.01554548 0.02633845
v -0.01403872 0.01470938 0.02740949
v -0.01593727 0.01102399 0.03447497
v -0.01403872 0.01273875 0.02496383
v -0.01653161 0.01102399 0.02496383
v -0.01850938 0.01169570 0.03185722
v -0.01850938 0.01497014 0.02592371
v -0.01764676 0.01102399 0.03314739
v -0.01850938 0.01456995 0.02577513
v -0.01436609 0.01261057 0.02496383
v -0.01622044 0.01128230 0.02496383
v -0.01850938 0.01442758 0.02577513
v -0.01850938 0.01388649 0.02596006
v -0.01850938 0.01124170 0.02696697
v -0.01850938 0.01118152 0.02703003
v -0.01850938 0.01102399 0.02719571
v -0.01850938 0.01102399 0.03247077
v -0.01621387 0.01128768 0.02496383
v -0.01620162 0.01129747 0.02496383
v -0.01533418 0.01197603 0.02496383
v -0.01850523 0.01102399 0.01994476
v -0.01813572 0.01135780 0.01994476
v -0.01811429 0.01102399 0.02108482
v -0.01403829 0.01102399 0.01994476
v -0.01786241 0.01119265 0.02126459
v -0.01790876 0.01155457 0.01994476
v -0.01690605 0.01182894 0.02194391
v -0.01759085 0.01102399 0.02253137
v -0.01403829 0.01401509 0.01994476
v -0.01403829 0.01102399 0.02496277
v -0.01725894 0.01210096 0.01994476
v -0.01711158 0.01198764 0.02079452
v -0.01578877 0.01228602 0.02308249
v -0.01667560 0.01164153 0.02308249
v -0.01738838 0.01102399 0.02308249
v -0.01627373 0.01278351 0.01994476
v -0.01608088 0.01257561 0.02124838
v -0.01403829 0.01396034 0.02019969
v -0.01435445 0.01387249 0.01994476
v -0.01653173 0.01102399 0.02496277
v -0.01403829 0.01273842 0.02496277
v -0.01525527 0.01330238 0.02055237
v -0.01500252 0.01316417 0.02170175
v -0.01466799 0.01297648 0.02308249
v -0.01436582 0.01261046 0.02496277
v -0.01548397 0.01207724 0.02441362
v -0.01620157 0.01129748 0.02496277
v -0.01622037 0.01128225 0.02496277
v -0.01666510 0.01102399 0.02469654
v -0.01596019 0.01299170 0.01994476
v -0.01403829 0.01373223 0.02125821
v -0.01438549 0.01358377 0.02121989
v -0.01537290 0.01336914 0.01994476
v -0.01403829 0.01316827 0.02361887
v -0.01403829 0.01338700 0.02279121
v -0.01533442 0.01197593 0.02496277
v -0.01403829 0.01350501 0.02228872
v 0.00608245 -0.00544527 0.04517477
v 0.00684026 -0.00544527 0.04501189
v 0.00608245 -0.00602199 0.04478259
v 0.00608245 -0.00544527 0.02902104
v 0.00691696 -0.00544527 0.04498975
v 0.00741912 -0.00589926 0.04451217
v 0.00623584 -0.00611974 0.04468296
v 0.00608245 -0.00614363 0.04469878
v 0.01805949 -0.00544527 0.02902104
v 0.00608245 -0.01436648 0.02902104
v 0.00872109 -0.00544527 0.04438250
v 0.00872109 -0.00559298 0.04426706
v 0.00642758 -0.01038919 0.04133045
v 0.00608245 -0.01046956 0.04139054
v 0.02243469 -0.00714719 0.02902104
v 0.02464969 -0.00544527 0.02973107
v 0.00608245 -0.01654085 0.03154017
v 0.00881970 -0.01654085 0.02902104
v 0.00958846 -0.00544527 0.04399032
v 0.00806554 -0.01172075 0.03957987
v 0.00694617 -0.01201399 0.03982498
v 0.00699000 -0.01086599 0.04073111
v 0.01035175 -0.00544527 0.04364400
v 0.01002123 -0.00629243 0.04311582
v 0.00608245 -0.01169902 0.04040851
v 0.00608245 -0.01111579 0.04087660
v 0.02246391 -0.00814314 0.02902104
v 0.02220461 -0.00900550 0.02902104
v 0.02466064 -0.00544527 0.02973740
v 0.00608245 -0.01654085 0.03580987
v 0.01323873 -0.01654085 0.02902104
v 0.00880691 -0.01232244 0.03864686
v 0.00836684 -0.01326735 0.03803170
v 0.00694617 -0.01270475 0.03923671
v 0.01120269 -0.00594271 0.04281694
v 0.00924882 -0.01135256 0.03926360
v 0.00608245 -0.01291545 0.03942173
v 0.01058000 -0.00544527 0.04353172
v 0.02220461 -0.00900550 0.02951917
v 0.02422970 -0.00647489 0.03027349
v 0.02057760 -0.01054450 0.02902104
v 0.02473551 -0.00544527 0.03176946
v 0.00608245 -0.01604233 0.03632698
v 0.00660105 -0.01595653 0.03624475
v 0.00692791 -0.01654085 0.03551257
v 0.02246026 -0.00774128 0.03170463
v 0.02191244 -0.00873832 0.03066883
v 0.01976684 -0.01120811 0.02902104
v 0.01164824 -0.01654085 0.03135198
v 0.00955011 -0.01292306 0.03770120
v 0.00778250 -0.01570021 0.03599173
v 0.00749946 -0.01418836 0.03758734
v 0.00692426 -0.01369744 0.03831319
v 0.01233849 -0.00544527 0.04253229
v 0.01238048 -0.00544527 0.04250699
v 0.01331907 -0.00617948 0.04130040
v 0.01215588 -0.00668125 0.04158347
v 0.00992811 -0.01043263 0.03965577
v 0.00608245 -0.01301103 0.03933160
v 0.02422970 -0.00647489 0.03132352
v 0.02371293 -0.00594271 0.03247160
v 0.02313955 -0.00544527 0.03344888
v 0.00608245 -0.01448812 0.03788147
v 0.00631619 -0.01445337 0.03784669
v 0.00707582 -0.01654085 0.03546039
v 0.02206035 -0.00746216 0.03260285
v 0.01133964 -0.01654085 0.03177737
v 0.01070052 -0.01654085 0.03256964
v 0.01021662 -0.01654085 0.03315475
v 0.01136155 -0.01156326 0.03772175
v 0.01066035 -0.01238544 0.03742130
v 0.01149850 -0.01305230 0.03611350
v 0.01036088 -0.01356820 0.03642977
v 0.00967976 -0.01439255 0.03606764
v 0.00847092 -0.01654085 0.03467287
v 0.00723104 -0.01654085 0.03538607
v 0.01382854 -0.00544527 0.04151073
v 0.01450235 -0.00563751 0.04087818
v 0.01528755 -0.00635217 0.03972852
v 0.01670821 -0.00743826 0.03774073
v 0.01472513 -0.00727318 0.03931578
v 0.01354368 -0.00773042 0.03973010
v 0.00608245 -0.01425461 0.03811235
v 0.02242922 -0.00674425 0.03298870
v 0.02034752 -0.00751538 0.03438980
v 0.02161845 -0.00674425 0.03385055
v 0.02197818 -0.00598941 0.03424115
v 0.02291494 -0.00544527 0.03367660
v 0.00973272 -0.01654085 0.03360544
v 0.00977107 -0.01585009 0.03442775
v 0.01153137 -0.01446857 0.03443724
v 0.01859087 -0.00753167 0.03611982
v 0.01801201 -0.00845268 0.03554104
v 0.01682873 -0.00891318 0.03612299
v 0.00885074 -0.01654085 0.03437241
v 0.01423392 -0.00544527 0.04121976
v 0.01646718 -0.00579391 0.03928573
v 0.01708073 -0.00674425 0.03803961
v 0.01796819 -0.00674425 0.03732799
v 0.01736011 -0.00794547 0.03669544
v 0.02073282 -0.00674425 0.03476933
v 0.01986545 -0.00674425 0.03563118
v 0.02021422 -0.00600244 0.03597908
v 0.02126055 -0.00553542 0.03527379
v 0.02145958 -0.00544527 0.03513937
v 0.01897799 -0.00674425 0.03646773
v 0.01598327 -0.00544527 0.03990089
v 0.01750620 -0.00544527 0.03868797
v 0.01838452 -0.00593836 0.03766166
v 0.01947102 -0.00550935 0.03697535
v 0.01962989 -0.00544527 0.03687256
v 0.02111811 -0.00544527 0.03547304
v 0.01768150 -0.00544527 0.03854723
v 0.01937424 -0.00544527 0.03710028
f 2 1 3
f 3 1 4
f 4 1 5
f 5 1 6
f 14 1 6
f 28 1 14
f 41 1 28
f 60 1 41
f 79 1 60
f 92 1 79
f 91 1 92
f 94 1 91
f 100 1 94
f 113 1 100
f 129 1 113
f 147 1 129
f 146 1 147
f 160 1 146
f 159 1 160
f 162 1 159
f 175 1 162
f 188 1 175
f 202 1 188
f 221 1 202
f 220 1 221
f 219 1 220
f 218 1 219
f 231 1 218
f 243 1 231
f 259 1 243
f 258 1 259
f 257 1 258
f 272 1 257
f 297 1 272
f 296 1 297
f 295 1 296
f 294 1 295
f 307 1 294
f 323 1 307
f 340 1 323
f 339 1 340
f 338 1 339
f 358 1 338
f 374 1 358
f 391 1 374
f 409 1 391
f 430 1 409
f 429 1 430
f 443 1 429
f 461 1 443
f 460 1 461
f 475 1 460
f 490 1 475
f 509 1 490
f 508 1 509
f 521 1 508
f 523 1 521
f 541 1 523
f 558 1 541
f 557 1 558
f 571 1 557
f 570 1 571
f 589 1 570
f 588 1 589
f 587 1 588
f 604 1 587
f 621 1 604
f 620 1 621
f 637 1 620
f 660 1 637
f 659 1 660
f 678 1 659
f 692 1 678
f 689 1 692
f 691 1 689
f 690 1 691
f 703 1 690
f 715 1 703
f 725 1 715
f 735 1 725
f 729 1 735
f 716 1 729
f 704 1 716
f 694 1 704
f 679 1 694
f 665 1 679
f 664 1 665
f 663 1 664
f 661 1 663
f 639 1 661
f 638 1 639
f 622 1 638
f 607 1 622
f 605 1 607
f 590 1 605
f 574 1 590
f 572 1 574
f 559 1 572
f 542 1 559
f 524 1 542
f 512 1 524
f 510 1 512
f 491 1 510
f 476 1 491
f 463 1 476
f 449 1 463
f 448 1 449
f 444 1 448
f 431 1 444
f 411 1 431
f 410 1 411
f 392 1 410
f 380 1 392
f 363 1 380
f 346 1 363
f 329 1 346
f 328 1 329
f 324 1 328
f 308 1 324
f 298 1 308
f 283 1 298
f 282 1 283
f 281 1 282
f 280 1 281
f 279 1 280
f 278 1 279
f 277 1 278
f 276 1 277
f 275 1 276
f 274 1 275
f 273 1 274
f 264 1 273
f 263 1 264
f 262 1 263
f 250 1 262
f 249 1 250
f 248 1 249
f 247 1 248
f 246 1 247
f 245 1 246
f 234 1 245
f 232 1 234
f 222 1 232
f 204 1 222
f 203 1 204
f 190 1 203
f 176 1 190
f 163 1 176
f 148 1 163
f 131 1 148
f 130 1 131
f 116 1 130
f 115 1 116
f 114 1 115
f 101 1 114
f 81 1 101
f 80 1 81
f 61 1 80
f 45 1 61
f 43 1 45
f 30 1 43
f 15 1 30
f 7 1 15
f 2 1 7
f 7 2 3
f 8 3 4
f 7 3 9
f 9 3 8
f 10 4 11
f 11 4 5
f 8 4 12
f 12 4 10
f 11 5 13
f 13 5 14
f 14 5 6
f 15 7 9
f 9 8 12
f 15 9 16
f 16 9 17
f 17 9 18
f 18 9 19
f 19 9 12
f 20 10 21
f 21 10 22
f 22 10 11
f 12 10 24
f 24 10 20
f 22 11 23
f 23 11 13
f 19 12 24
f 23 13 25
f 25 13 26
f 26 13 27
f 27 13 28
f 28 13 14
f 29 15 17
f 17 15 16
f 30 15 29
f 29 17 31
f 31 17 18
f 31 18 32
f 32 18 19
f 33 19 24
f 32 19 34
f 34 19 33
f 35 20 36
f 36 20 21
f 24 20 39
f 39 20 35
f 36 21 54
f 54 21 37
f 37 21 22
f 37 22 23
f 37 23 55
f 55 23 38
f 38 23 25
f 33 24 39
f 38 25 40
f 40 25 26
f 28 26 27
f 40 26 28
f 40 28 41
f 30 29 42
f 42 29 31
f 43 30 44
f 44 30 42
f 43 31 45
f 45 31 46
f 46 31 47
f 47 31 32
f 42 31 44
f 44 31 43
f 47 32 48
f 48 32 49
f 49 32 34
f 50 33 51
f 51 33 39
f 34 33 52
f 52 33 50
f 49 34 53
f 53 34 52
f 39 35 51
f 51 35 50
f 50 35 66
f 66 35 67
f 67 35 69
f 69 35 87
f 87 35 107
f 107 35 106
f 106 35 121
f 121 35 139
f 139 35 138
f 138 35 137
f 137 35 152
f 152 35 168
f 168 35 182
f 182 35 181
f 181 35 180
f 180 35 195
f 195 35 210
f 210 35 209
f 209 35 226
f 226 35 233
f 233 35 244
f 244 35 261
f 261 35 287
f 287 35 303
f 303 35 315
f 315 35 314
f 314 35 333
f 333 35 332
f 332 35 349
f 349 35 348
f 348 35 364
f 364 35 367
f 367 35 382
f 382 35 397
f 397 35 419
f 419 35 418
f 418 35 417
f 417 35 435
f 435 35 452
f 452 35 451
f 451 35 469
f 469 35 483
f 483 35 482
f 482 35 498
f 498 35 497
f 497 35 517
f 517 35 532
f 532 35 549
f 549 35 563
f 563 35 578
f 578 35 595
f 595 35 594
f 594 35 598
f 598 35 613
f 613 35 630
f 630 35 649
f 649 35 671
f 671 35 670
f 670 35 682
f 682 35 698
f 698 35 709
f 709 35 720
f 720 35 736
f 736 35 722
f 722 35 721
f 721 35 711
f 711 35 710
f 710 35 699
f 699 35 685
f 685 35 684
f 684 35 683
f 683 35 672
f 672 35 652
f 652 35 650
f 650 35 631
f 631 35 615
f 615 35 614
f 614 35 599
f 599 35 581
f 581 35 565
f 565 35 564
f 564 35 550
f 550 35 534
f 534 35 533
f 533 35 518
f 518 35 500
f 500 35 499
f 499 35 485
f 485 35 484
f 484 35 470
f 470 35 456
f 456 35 453
f 453 35 436
f 436 35 420
f 420 35 401
f 401 35 386
f 386 35 383
f 383 35 368
f 368 35 351
f 351 35 350
f 350 35 334
f 334 35 316
f 316 35 304
f 304 35 289
f 289 35 288
f 288 35 266
f 266 35 265
f 265 35 252
f 252 35 251
f 251 35 235
f 235 35 227
f 227 35 211
f 211 35 196
f 196 35 183
f 183 35 170
f 170 35 169
f 169 35 154
f 154 35 153
f 153 35 142
f 142 35 124
f 124 35 122
f 122 35 108
f 108 35 95
f 95 35 90
f 90 35 89
f 89 35 88
f 88 35 70
f 70 35 54
f 54 35 36
f 54 37 70
f 70 37 55
f 56 38 40
f 55 38 57
f 57 38 58
f 58 38 56
f 56 40 59
f 59 40 41
f 59 41 60
f 61 45 46
f 61 46 62
f 62 46 47
f 62 47 63
f 63 47 48
f 63 48 64
f 64 48 49
f 64 49 65
f 65 49 53
f 52 50 66
f 53 52 67
f 67 52 66
f 65 53 68
f 68 53 69
f 69 53 67
f 70 55 71
f 71 55 57
f 58 56 72
f 72 56 73
f 73 56 59
f 71 57 74
f 74 57 75
f 75 57 76
f 76 57 58
f 76 58 77
f 77 58 72
f 73 59 78
f 78 59 79
f 79 59 60
f 80 61 62
f 80 62 81
f 81 62 63
f 81 63 82
f 82 63 83
f 83 63 84
f 84 63 64
f 84 64 85
f 85 64 65
f 85 65 86
f 86 65 68
f 87 68 69
f 86 68 87
f 88 70 71
f 88 71 89
f 89 71 90
f 90 71 74
f 91 72 92
f 92 72 78
f 78 72 73
f 77 72 93
f 93 72 94
f 94 72 91
f 90 74 95
f 95 74 96
f 96 74 75
f 96 75 97
f 97 75 76
f 97 76 98
f 98 76 77
f 98 77 99
f 99 77 100
f 100 77 93
f 92 78 79
f 101 81 82
f 101 82 83
f 101 83 102
f 102 83 103
f 103 83 84
f 103 84 104
f 104 84 85
f 104 85 105
f 105 85 86
f 105 86 106
f 106 86 107
f 107 86 87
f 100 93 94
f 108 95 96
f 109 96 97
f 108 96 110
f 110 96 109
f 109 97 111
f 111 97 98
f 111 98 112
f 112 98 99
f 113 99 100
f 112 99 113
f 114 101 102
f 114 102 115
f 115 102 116
f 116 102 117
f 117 102 103
f 117 103 118
f 118 103 104
f 118 104 119
f 119 104 105
f 119 105 120
f 120 105 121
f 121 105 106
f 122 108 110
f 110 109 123
f 123 109 111
f 122 110 124
f 124 110 123
f 123 111 125
f 125 111 126
f 126 111 112
f 126 112 127
f 127 112 128
f 128 112 113
f 128 113 129
f 130 116 118
f 118 116 117
f 130 118 131
f 131 118 132
f 132 118 133
f 133 118 134
f 134 118 135
f 135 118 119
f 135 119 136
f 136 119 120
f 136 120 137
f 137 120 138
f 138 120 139
f 139 120 121
f 124 123 140
f 140 123 141
f 141 123 125
f 142 124 140
f 141 125 143
f 143 125 126
f 143 126 144
f 144 126 127
f 144 127 145
f 145 127 146
f 146 127 128
f 146 128 147
f 147 128 129
f 133 131 132
f 148 131 133
f 148 133 149
f 149 133 134
f 149 134 150
f 150 134 135
f 150 135 151
f 151 135 136
f 151 136 152
f 152 136 137
f 142 140 153
f 153 140 154
f 154 140 155
f 155 140 141
f 155 141 156
f 156 141 143
f 156 143 157
f 157 143 144
f 157 144 158
f 158 144 145
f 159 145 160
f 160 145 146
f 158 145 161
f 161 145 162
f 162 145 159
f 163 148 149
f 163 149 164
f 164 149 165
f 165 149 150
f 165 150 166
f 166 150 151
f 166 151 167
f 167 151 168
f 168 151 152
f 169 154 155
f 169 155 170
f 170 155 171
f 171 155 156
f 171 156 157
f 171 157 172
f 172 157 173
f 173 157 158
f 173 158 174
f 174 158 161
f 174 161 175
f 175 161 162
f 176 163 164
f 176 164 177
f 177 164 165
f 177 165 178
f 178 165 166
f 178 166 179
f 179 166 167
f 179 167 180
f 180 167 181
f 181 167 182
f 182 167 168
f 183 170 171
f 183 171 184
f 184 171 185
f 185 171 172
f 185 172 173
f 185 173 186
f 186 173 174
f 186 174 187
f 187 174 175
f 187 175 188
f 189 176 177
f 190 176 189
f 189 177 191
f 191 177 192
f 192 177 178
f 192 178 193
f 193 178 179
f 193 179 194
f 194 179 195
f 195 179 180
f 196 183 184
f 196 184 197
f 197 184 198
f 198 184 185
f 198 185 199
f 199 185 186
f 199 186 200
f 200 186 187
f 200 187 201
f 201 187 202
f 202 187 188
f 190 189 191
f 203 190 191
f 203 191 204
f 204 191 205
f 205 191 206
f 206 191 192
f 206 192 207
f 207 192 193
f 207 193 208
f 208 193 209
f 209 193 194
f 209 194 210
f 210 194 195
f 211 196 212
f 212 196 213
f 213 196 197
f 213 197 198
f 213 198 214
f 214 198 199
f 214 199 215
f 215 199 200
f 215 200 201
f 215 201 216
f 216 201 217
f 217 201 218
f 218 201 219
f 219 201 220
f 220 201 221
f 221 201 202
f 222 204 205
f 222 205 206
f 222 206 223
f 223 206 224
f 224 206 207
f 224 207 225
f 225 207 208
f 225 208 226
f 226 208 209
f 227 211 212
f 227 212 213
f 227 213 228
f 228 213 214
f 228 214 216
f 216 214 215
f 228 216 229
f 229 216 230
f 230 216 217
f 230 217 231
f 231 217 218
f 232 222 223
f 232 223 226
f 226 223 224
f 226 224 225
f 232 226 234
f 234 226 233
f 235 227 236
f 236 227 237
f 237 227 228
f 237 228 229
f 237 229 238
f 238 229 239
f 239 229 230
f 240 230 231
f 239 230 241
f 241 230 240
f 240 231 242
f 242 231 243
f 234 233 245
f 245 233 246
f 246 233 247
f 247 233 248
f 248 233 249
f 249 233 250
f 250 233 244
f 251 235 236
f 238 236 237
f 251 236 252
f 252 236 253
f 253 236 254
f 254 236 238
f 254 238 255
f 255 238 256
f 256 238 239
f 256 239 241
f 241 240 242
f 256 241 257
f 257 241 258
f 258 241 242
f 258 242 259
f 259 242 243
f 260 244 261
f 250 244 262
f 262 244 263
f 263 244 264
f 264 244 260
f 265 252 253
f 265 253 266
f 266 253 267
f 267 253 268
f 268 253 254
f 268 254 269
f 269 254 270
f 270 254 255
f 270 255 256
f 270 256 271
f 271 256 272
f 272 256 257
f 273 260 274
f 274 260 275
f 275 260 276
f 276 260 261
f 264 260 273
f 276 261 277
f 277 261 278
f 278 261 279
f 279 261 280
f 280 261 281
f 281 261 282
f 282 261 283
f 283 261 284
f 284 261 285
f 285 261 286
f 286 261 287
f 288 266 267
f 288 267 289
f 289 267 268
f 289 268 290
f 290 268 291
f 291 268 269
f 291 269 292
f 292 269 270
f 292 270 293
f 293 270 294
f 294 270 295
f 295 270 271
f 295 271 296
f 296 271 297
f 297 271 272
f 298 283 299
f 299 283 284
f 299 284 285
f 299 285 300
f 300 285 301
f 301 285 302
f 302 285 286
f 302 286 287
f 302 287 303
f 304 289 305
f 305 289 290
f 305 290 291
f 305 291 306
f 306 291 292
f 306 292 293
f 306 293 307
f 307 293 294
f 308 298 299
f 308 299 300
f 309 300 310
f 310 300 301
f 308 300 309
f 310 301 311
f 311 301 302
f 311 302 312
f 312 302 313
f 313 302 314
f 314 302 315
f 315 302 303
f 316 304 317
f 317 304 305
f 317 305 318
f 318 305 319
f 319 305 320
f 320 305 306
f 320 306 321
f 321 306 322
f 322 306 323
f 323 306 307
f 324 308 309
f 325 309 326
f 326 309 327
f 327 309 311
f 311 309 310
f 324 309 328
f 328 309 329
f 329 309 325
f 327 311 330
f 330 311 312
f 330 312 331
f 331 312 332
f 332 312 313
f 332 313 333
f 333 313 314
f 334 316 335
f 335 316 317
f 335 317 318
f 335 318 336
f 336 318 319
f 336 319 337
f 337 319 320
f 337 320 338
f 338 320 339
f 339 320 340
f 340 320 321
f 340 321 323
f 323 321 322
f 341 325 342
f 342 325 326
f 329 325 341
f 342 326 343
f 343 326 344
f 344 326 327
f 344 327 345
f 345 327 330
f 346 329 341
f 345 330 347
f 347 330 331
f 347 331 348
f 348 331 349
f 349 331 332
f 350 334 335
f 350 335 351
f 351 335 352
f 352 335 353
f 353 335 336
f 354 336 355
f 355 336 356
f 356 336 357
f 357 336 337
f 353 336 354
f 357 337 338
f 357 338 358
f 346 341 359
f 359 341 343
f 343 341 342
f 360 343 361
f 361 343 344
f 359 343 360
f 361 344 362
f 362 344 345
f 362 345 347
f 363 346 359
f 364 347 348
f 362 347 365
f 365 347 366
f 366 347 367
f 367 347 364
f 368 351 352
f 368 352 369
f 369 352 353
f 369 353 354
f 369 354 355
f 369 355 370
f 370 355 371
f 371 355 356
f 371 356 372
f 372 356 373
f 373 356 357
f 373 357 358
f 373 358 374
f 363 359 360
f 363 360 375
f 375 360 376
f 376 360 377
f 377 360 361
f 377 361 378
f 378 361 379
f 379 361 362
f 379 362 365
f 380 363 375
f 379 365 381
f 381 365 366
f 381 366 382
f 382 366 367
f 383 368 369
f 384 369 385
f 385 369 370
f 383 369 386
f 386 369 384
f 387 370 388
f 388 370 371
f 385 370 387
f 388 371 389
f 389 371 390
f 390 371 372
f 390 372 391
f 391 372 373
f 391 373 374
f 392 375 376
f 380 375 392
f 393 376 394
f 394 376 377
f 392 376 393
f 394 377 378
f 394 378 395
f 395 378 379
f 395 379 396
f 396 379 381
f 397 381 382
f 396 381 398
f 398 381 397
f 399 384 400
f 400 384 385
f 386 384 399
f 400 385 387
f 401 386 399
f 400 387 402
f 402 387 403
f 403 387 404
f 404 387 388
f 404 388 405
f 405 388 406
f 406 388 389
f 407 389 390
f 406 389 407
f 408 390 409
f 409 390 391
f 407 390 408
f 410 392 393
f 410 393 411
f 411 393 412
f 412 393 413
f 413 393 394
f 413 394 414
f 414 394 415
f 415 394 395
f 415 395 396
f 415 396 416
f 416 396 417
f 417 396 418
f 418 396 398
f 398 397 419
f 418 398 419
f 401 399 420
f 420 399 421
f 421 399 402
f 402 399 400
f 421 402 422
f 422 402 423
f 423 402 403
f 423 403 424
f 424 403 404
f 424 404 425
f 425 404 426
f 426 404 405
f 426 405 427
f 427 405 428
f 428 405 406
f 428 406 429
f 429 406 430
f 430 406 409
f 409 406 408
f 408 406 407
f 431 411 412
f 432 412 413
f 431 412 432
f 432 413 414
f 432 414 433
f 433 414 415
f 433 415 434
f 434 415 416
f 434 416 417
f 434 417 435
f 422 420 421
f 436 420 422
f 436 422 437
f 437 422 423
f 437 423 424
f 438 424 425
f 437 424 438
f 438 425 439
f 439 425 426
f 440 426 427
f 439 426 441
f 441 426 442
f 442 426 440
f 443 427 429
f 429 427 428
f 440 427 443
f 444 431 432
f 445 432 446
f 446 432 447
f 447 432 433
f 444 432 448
f 448 432 449
f 449 432 445
f 447 433 450
f 450 433 451
f 451 433 434
f 452 434 435
f 451 434 452
f 453 436 437
f 454 437 455
f 455 437 438
f 453 437 456
f 456 437 457
f 457 437 454
f 455 438 454
f 454 438 458
f 458 438 439
f 459 439 441
f 458 439 459
f 442 440 443
f 459 441 460
f 460 441 461
f 461 441 442
f 461 442 443
f 449 445 462
f 462 445 446
f 462 446 447
f 462 447 450
f 463 449 464
f 464 449 462
f 462 450 465
f 465 450 466
f 466 450 451
f 466 451 467
f 467 451 468
f 468 451 469
f 457 454 456
f 456 454 470
f 470 454 471
f 471 454 458
f 471 458 472
f 472 458 473
f 473 458 474
f 474 458 475
f 475 458 459
f 475 459 460
f 464 462 463
f 463 462 476
f 476 462 477
f 477 462 465
f 477 465 478
f 478 465 466
f 478 466 479
f 479 466 467
f 479 467 480
f 480 467 468
f 480 468 481
f 481 468 482
f 482 468 483
f 483 468 469
f 484 470 471
f 484 471 485
f 485 471 486
f 486 471 487
f 487 471 472
f 487 472 473
f 487 473 488
f 488 473 489
f 489 473 490
f 490 473 474
f 490 474 475
f 491 476 492
f 492 476 477
f 492 477 478
f 492 478 493
f 493 478 494
f 494 478 479
f 494 479 495
f 495 479 480
f 495 480 496
f 496 480 497
f 497 480 481
f 497 481 498
f 498 481 482
f 499 485 486
f 499 486 500
f 500 486 501
f 501 486 487
f 502 487 503
f 503 487 504
f 504 487 488
f 501 487 505
f 505 487 506
f 506 487 507
f 507 487 502
f 504 488 508
f 508 488 489
f 508 489 509
f 509 489 490
f 510 491 511
f 511 491 493
f 493 491 492
f 511 493 510
f 510 493 512
f 512 493 513
f 513 493 514
f 514 493 494
f 496 494 495
f 514 494 515
f 515 494 496
f 515 496 497
f 515 497 516
f 516 497 517
f 518 500 501
f 518 501 519
f 519 501 520
f 520 501 505
f 521 502 503
f 507 502 521
f 521 503 508
f 508 503 504
f 520 505 522
f 522 505 506
f 522 506 523
f 523 506 521
f 521 506 507
f 524 512 513
f 524 513 515
f 515 513 514
f 525 515 526
f 526 515 516
f 524 515 525
f 527 516 517
f 526 516 528
f 528 516 529
f 529 516 527
f 527 517 530
f 530 517 531
f 531 517 532
f 533 518 519
f 533 519 534
f 534 519 520
f 534 520 535
f 535 520 536
f 536 520 522
f 536 522 537
f 537 522 538
f 538 522 539
f 539 522 540
f 540 522 541
f 541 522 523
f 542 524 525
f 542 525 543
f 543 525 544
f 544 525 545
f 545 525 526
f 545 526 546
f 546 526 528
f 529 527 528
f 528 527 530
f 546 528 547
f 547 528 530
f 547 530 548
f 548 530 531
f 548 531 549
f 549 531 532
f 550 534 535
f 550 535 551
f 551 535 536
f 551 536 552
f 552 536 537
f 552 537 553
f 553 537 538
f 553 538 539
f 553 539 540
f 553 540 554
f 554 540 555
f 555 540 556
f 556 540 557
f 557 540 558
f 558 540 541
f 559 542 543
f 559 543 544
f 559 544 560
f 560 544 545
f 560 545 561
f 561 545 546
f 561 546 547
f 561 547 548
f 561 548 562
f 562 548 563
f 563 548 549
f 564 550 551
f 564 551 565
f 565 551 566
f 566 551 552
f 566 552 567
f 567 552 568
f 568 552 553
f 568 553 554
f 568 554 569
f 569 554 555
f 569 555 556
f 570 556 571
f 571 556 557
f 569 556 570
f 572 559 561
f 561 559 560
f 573 561 562
f 572 561 574
f 574 561 575
f 575 561 576
f 576 561 573
f 577 562 578
f 578 562 563
f 573 562 579
f 579 562 576
f 576 562 580
f 580 562 577
f 581 565 566
f 581 566 567
f 581 567 582
f 582 567 583
f 583 567 568
f 583 568 584
f 584 568 585
f 585 568 569
f 585 569 586
f 586 569 587
f 587 569 588
f 588 569 589
f 589 569 570
f 576 573 579
f 590 574 576
f 576 574 575
f 590 576 591
f 591 576 592
f 592 576 593
f 593 576 580
f 580 577 594
f 594 577 595
f 595 577 578
f 593 580 596
f 596 580 597
f 597 580 598
f 598 580 594
f 599 581 600
f 600 581 601
f 601 581 582
f 601 582 583
f 601 583 584
f 601 584 585
f 601 585 602
f 602 585 586
f 602 586 603
f 603 586 587
f 603 587 604
f 605 590 606
f 606 590 591
f 606 591 597
f 597 591 592
f 597 592 593
f 597 593 596
f 606 597 605
f 605 597 607
f 607 597 608
f 608 597 609
f 609 597 610
f 610 597 611
f 611 597 612
f 612 597 598
f 612 598 613
f 614 599 600
f 614 600 615
f 615 600 601
f 615 601 616
f 616 601 617
f 617 601 618
f 618 601 602
f 618 602 619
f 619 602 603
f 619 603 620
f 620 603 621
f 621 603 604
f 622 607 623
f 623 607 608
f 623 608 624
f 624 608 625
f 625 608 626
f 626 608 609
f 626 609 610
f 626 610 627
f 627 610 611
f 627 611 612
f 627 612 628
f 628 612 613
f 628 613 629
f 629 613 630
f 631 615 632
f 632 615 633
f 633 615 616
f 633 616 634
f 634 616 617
f 634 617 618
f 634 618 619
f 634 619 635
f 635 619 636
f 636 619 620
f 636 620 637
f 638 622 623
f 638 623 639
f 639 623 640
f 640 623 624
f 640 624 641
f 641 624 642
f 642 624 643
f 643 624 644
f 644 624 625
f 644 625 626
f 644 626 645
f 645 626 627
f 645 627 646
f 646 627 647
f 647 627 628
f 647 628 648
f 648 628 629
f 648 629 630
f 648 630 649
f 650 631 651
f 651 631 632
f 651 632 652
f 652 632 653
f 653 632 633
f 653 633 634
f 653 634 654
f 654 634 655
f 655 634 656
f 656 634 635
f 656 635 657
f 657 635 658
f 658 635 636
f 658 636 659
f 659 636 660
f 660 636 637
f 661 639 640
f 662 640 641
f 661 640 663
f 663 640 662
f 662 641 663
f 663 641 664
f 664 641 642
f 664 642 665
f 665 642 643
f 665 643 666
f 666 643 667
f 667 643 644
f 667 644 668
f 668 644 645
f 668 645 646
f 668 646 647
f 668 647 669
f 669 647 670
f 670 647 648
f 670 648 671
f 671 648 649
f 652 650 651
f 672 652 653
f 672 653 673
f 673 653 674
f 674 653 654
f 674 654 675
f 675 654 676
f 676 654 655
f 676 655 656
f 676 656 657
f 676 657 677
f 677 657 658
f 677 658 678
f 678 658 659
f 679 665 666
f 679 666 667
f 679 667 680
f 680 667 668
f 680 668 681
f 681 668 669
f 681 669 680
f 680 669 670
f 680 670 682
f 683 672 673
f 683 673 684
f 684 673 685
f 685 673 686
f 686 673 687
f 687 673 674
f 687 674 688
f 688 674 675
f 688 675 676
f 689 676 677
f 688 676 690
f 690 676 691
f 691 676 689
f 689 677 692
f 692 677 678
f 693 679 680
f 694 679 693
f 693 680 695
f 695 680 696
f 696 680 697
f 697 680 682
f 697 682 698
f 699 685 700
f 700 685 686
f 700 686 701
f 701 686 702
f 702 686 703
f 703 686 688
f 688 686 687
f 703 688 690
f 694 693 704
f 704 693 705
f 705 693 706
f 706 693 695
f 706 695 707
f 707 695 708
f 708 695 696
f 708 696 707
f 707 696 697
f 707 697 709
f 709 697 698
f 710 699 700
f 710 700 701
f 710 701 711
f 711 701 712
f 712 701 713
f 713 701 714
f 714 701 715
f 715 701 702
f 715 702 703
f 716 704 705
f 709 705 707
f 707 705 706
f 716 705 717
f 717 705 718
f 718 705 719
f 719 705 709
f 719 709 718
f 718 709 720
f 721 711 712
f 721 712 722
f 722 712 723
f 723 712 724
f 724 712 713
f 725 713 726
f 726 713 714
f 724 713 727
f 727 713 725
f 726 714 725
f 725 714 728
f 728 714 715
f 728 715 725
f 718 716 717
f 729 716 718
f 730 718 731
f 731 718 732
f 732 718 733
f 733 718 734
f 734 718 720
f 729 718 735
f 735 718 730
f 734 720 736
f 736 722 734
f 734 722 737
f 737 722 723
f 737 723 734
f 734 723 733
f 733 723 732
f 732 723 724
f 732 724 731
f 731 724 738
f 738 724 739
f 739 724 725
f 725 724 727
f 739 725 735
f 735 730 739
f 739 730 738
f 738 730 731
f 741 740 742
f 742 740 743
f 753 740 743
f 763 740 753
f 777 740 763
f 776 740 777
f 799 740 776
f 800 740 799
f 828 740 800
f 855 740 828
f 854 740 855
f 887 740 854
f 922 740 887
f 962 740 922
f 1011 740 962
f 1062 740 1011
f 1118 740 1062
f 1178 740 1118
f 1244 740 1178
f 1317 740 1244
f 1391 740 1317
f 1470 740 1391
f 1528 740 1470
f 1605 740 1528
f 1679 740 1605
f 1678 740 1679
f 1603 740 1678
f 1536 740 1603
f 1535 740 1536
f 1609 740 1535
f 1684 740 1609
f 1757 740 1684
f 1833 740 1757
f 1912 740 1833
f 1913 740 1912
f 1919 740 1913
f 1999 740 1919
f 1998 740 1999
f 2078 740 1998
f 2166 740 2078
f 2250 740 2166
f 2256 740 2250
f 2255 740 2256
f 2319 740 2255
f 2376 740 2319
f 2432 740 2376
f 2458 740 2432
f 2461 740 2458
f 2463 740 2461
f 2462 740 2463
f 2475 740 2462
f 2478 740 2475
f 2476 740 2478
f 2468 740 2476
f 2467 740 2468
f 2466 740 2467
f 2465 740 2466
f 2464 740 2465
f 2440 740 2464
f 2439 740 2440
f 2391 740 2439
f 2390 740 2391
f 2338 740 2390
f 2337 740 2338
f 2282 740 2337
f 2209 740 2282
f 2125 740 2209
f 2038 740 2125
f 1956 740 2038
f 1874 740 1956
f 1872 740 1874
f 1794 740 1872
f 1719 740 1794
f 1645 740 1719
f 1644 740 1645
f 1643 740 1644
f 1642 740 1643
f 1565 740 1642
f 1491 740 1565
f 1412 740 1491
f 1337 740 1412
f 1260 740 1337
f 1197 740 1260
f 1135 740 1197
f 1077 740 1135
f 1075 740 1077
f 1074 740 1075
f 1026 740 1074
f 1023 740 1026
f 973 740 1023
f 930 740 973
f 896 740 930
f 895 740 896
f 864 740 895
f 863 740 864
f 860 740 863
f 833 740 860
f 808 740 833
f 807 740 808
f 802 740 807
f 801 740 802
f 778 740 801
f 764 740 778
f 754 740 764
f 744 740 754
f 744 740 755
f 755 740 765
f 765 740 780
f 780 740 803
f 803 740 829
f 829 740 856
f 856 740 888
f 888 740 923
f 923 740 963
f 963 740 966
f 966 740 965
f 965 740 1014
f 1014 740 1065
f 1065 740 1121
f 1121 740 1180
f 1180 740 1246
f 1246 740 1320
f 1320 740 1332
f 1332 740 1404
f 1404 740 1403
f 1403 740 1483
f 1483 740 1559
f 1559 740 1558
f 1558 740 1637
f 1637 740 1714
f 1714 740 1788
f 1788 740 1866
f 1866 740 1948
f 1948 740 2030
f 2030 740 2118
f 2118 740 2117
f 2117 740 2116
f 2116 740 2201
f 2201 740 2233
f 2233 740 2147
f 2147 740 2058
f 2058 740 1975
f 1975 740 1974
f 1974 740 1891
f 1891 740 1813
f 1813 740 1812
f 1812 740 1811
f 1811 740 1735
f 1735 740 1661
f 1661 740 1659
f 1659 740 1582
f 1582 740 1505
f 1505 740 1425
f 1425 740 1352
f 1352 740 1275
f 1275 740 1209
f 1209 740 1148
f 1148 740 1090
f 1090 740 1089
f 1089 740 1039
f 1039 740 1036
f 1036 740 986
f 986 740 985
f 985 740 982
f 982 740 938
f 938 740 905
f 905 740 904
f 904 740 870
f 870 740 838
f 838 740 813
f 813 740 787
f 787 740 767
f 767 740 756
f 756 740 745
f 745 740 741
f 745 741 746
f 746 741 747
f 747 741 742
f 747 742 748
f 748 742 749
f 749 742 750
f 750 742 751
f 751 742 743
f 751 743 752
f 752 743 753
f 754 744 755
f 756 745 757
f 757 745 746
f 757 746 747
f 757 747 758
f 758 747 748
f 758 748 749
f 758 749 759
f 759 749 760
f 760 749 750
f 760 750 761
f 761 750 751
f 761 751 752
f 761 752 762
f 762 752 753
f 762 753 761
f 761 753 763
f 764 754 755
f 764 755 766
f 766 755 765
f 767 756 768
f 768 756 757
f 768 757 769
f 769 757 770
f 770 757 758
f 771 758 759
f 770 758 772
f 772 758 771
f 771 759 773
f 773 759 760
f 774 760 775
f 775 760 776
f 776 760 777
f 777 760 761
f 773 760 774
f 777 761 763
f 778 764 779
f 779 764 766
f 766 765 781
f 781 765 780
f 779 766 782
f 782 766 783
f 783 766 784
f 784 766 785
f 785 766 786
f 786 766 781
f 787 767 788
f 788 767 789
f 789 767 769
f 769 767 768
f 789 769 790
f 790 769 791
f 791 769 772
f 772 769 770
f 792 771 773
f 772 771 793
f 793 771 794
f 794 771 792
f 791 772 793
f 792 773 795
f 795 773 796
f 796 773 797
f 797 773 774
f 797 774 798
f 798 774 775
f 799 775 776
f 798 775 800
f 800 775 799
f 801 778 779
f 801 779 802
f 802 779 782
f 781 780 803
f 786 781 804
f 804 781 805
f 805 781 806
f 806 781 803
f 802 782 807
f 807 782 783
f 807 783 808
f 808 783 809
f 809 783 810
f 810 783 784
f 810 784 785
f 811 785 804
f 804 785 786
f 810 785 812
f 812 785 811
f 813 787 814
f 814 787 788
f 814 788 789
f 814 789 790
f 815 790 791
f 814 790 816
f 816 790 815
f 815 791 817
f 817 791 818
f 818 791 793
f 794 792 819
f 819 792 820
f 820 792 795
f 818 793 794
f 818 794 821
f 821 794 819
f 822 795 823
f 823 795 796
f 820 795 822
f 823 796 824
f 824 796 825
f 825 796 797
f 825 797 798
f 825 798 826
f 826 798 827
f 827 798 800
f 827 800 828
f 806 803 805
f 805 803 830
f 830 803 829
f 811 804 831
f 831 804 832
f 832 804 805
f 832 805 830
f 833 808 809
f 834 809 812
f 812 809 810
f 833 809 835
f 835 809 834
f 812 811 836
f 836 811 837
f 837 811 831
f 834 812 836
f 838 813 839
f 839 813 814
f 839 814 816
f 816 815 840
f 840 815 817
f 839 816 841
f 841 816 840
f 842 817 821
f 821 817 818
f 840 817 843
f 843 817 844
f 844 817 845
f 845 817 846
f 846 817 842
f 847 819 820
f 821 819 848
f 848 819 847
f 847 820 849
f 849 820 822
f 842 821 850
f 850 821 848
f 849 822 851
f 851 822 823
f 851 823 852
f 852 823 853
f 853 823 824
f 853 824 826
f 826 824 825
f 853 826 854
f 854 826 855
f 855 826 828
f 828 826 827
f 830 829 856
f 832 830 857
f 857 830 856
f 837 831 858
f 858 831 859
f 859 831 832
f 859 832 857
f 860 833 835
f 835 834 861
f 861 834 862
f 862 834 836
f 860 835 863
f 863 835 864
f 864 835 865
f 865 835 866
f 866 835 867
f 867 835 861
f 862 836 868
f 868 836 837
f 869 837 858
f 868 837 869
f 870 838 871
f 871 838 839
f 871 839 872
f 872 839 841
f 841 840 843
f 872 841 873
f 873 841 843
f 846 842 874
f 874 842 850
f 845 843 844
f 873 843 875
f 875 843 845
f 875 845 876
f 876 845 877
f 877 845 846
f 877 846 874
f 878 847 879
f 879 847 849
f 848 847 880
f 880 847 878
f 850 848 880
f 879 849 851
f 874 850 881
f 881 850 882
f 882 850 880
f 883 851 852
f 879 851 883
f 883 852 884
f 884 852 885
f 885 852 853
f 885 853 854
f 886 854 887
f 885 854 886
f 857 856 888
f 859 857 889
f 889 857 890
f 890 857 888
f 869 858 891
f 891 858 892
f 892 858 859
f 892 859 889
f 867 861 893
f 893 861 862
f 894 862 868
f 893 862 894
f 895 864 865
f 895 865 896
f 896 865 897
f 897 865 866
f 898 866 899
f 899 866 867
f 897 866 898
f 899 867 900
f 900 867 901
f 901 867 893
f 894 868 902
f 902 868 869
f 902 869 903
f 903 869 891
f 904 870 871
f 904 871 905
f 905 871 906
f 906 871 872
f 906 872 873
f 906 873 875
f 877 874 907
f 907 874 881
f 906 875 908
f 908 875 909
f 909 875 876
f 910 876 877
f 909 876 911
f 911 876 910
f 910 877 907
f 912 878 879
f 880 878 915
f 915 878 912
f 912 879 913
f 913 879 883
f 882 880 914
f 914 880 915
f 916 881 882
f 907 881 917
f 917 881 916
f 916 882 914
f 918 883 884
f 913 883 919
f 919 883 918
f 920 884 921
f 921 884 885
f 918 884 920
f 921 885 922
f 922 885 886
f 922 886 887
f 890 888 924
f 924 888 923
f 925 889 924
f 924 889 890
f 892 889 925
f 903 891 926
f 926 891 927
f 927 891 892
f 927 892 925
f 901 893 928
f 928 893 894
f 928 894 929
f 929 894 902
f 930 896 897
f 930 897 931
f 931 897 898
f 932 898 933
f 933 898 899
f 931 898 932
f 933 899 934
f 934 899 900
f 934 900 978
f 978 900 935
f 935 900 928
f 928 900 901
f 929 902 936
f 936 902 903
f 937 903 926
f 936 903 937
f 938 905 939
f 939 905 940
f 940 905 906
f 940 906 939
f 939 906 941
f 941 906 942
f 942 906 908
f 910 907 943
f 943 907 917
f 942 908 909
f 942 909 944
f 944 909 911
f 911 910 945
f 945 910 946
f 946 910 947
f 947 910 943
f 944 911 945
f 948 912 913
f 915 912 948
f 948 913 949
f 949 913 919
f 950 914 951
f 951 914 915
f 916 914 952
f 952 914 950
f 951 915 948
f 917 916 953
f 953 916 952
f 943 917 954
f 954 917 955
f 955 917 953
f 919 918 956
f 956 918 957
f 957 918 920
f 949 919 958
f 958 919 956
f 957 920 959
f 959 920 960
f 960 920 921
f 960 921 961
f 961 921 922
f 961 922 962
f 924 923 963
f 925 924 964
f 964 924 965
f 965 924 966
f 966 924 963
f 927 925 967
f 967 925 964
f 968 926 969
f 969 926 927
f 937 926 968
f 969 927 967
f 935 928 970
f 970 928 971
f 971 928 929
f 972 929 936
f 971 929 972
f 973 930 931
f 973 931 974
f 974 931 932
f 975 932 976
f 976 932 933
f 974 932 975
f 976 933 977
f 977 933 934
f 977 934 1029
f 1029 934 978
f 978 935 979
f 979 935 970
f 972 936 980
f 980 936 937
f 980 937 981
f 981 937 968
f 982 938 939
f 983 939 984
f 984 939 941
f 982 939 985
f 985 939 986
f 986 939 987
f 987 939 988
f 988 939 983
f 984 941 942
f 984 942 989
f 989 942 944
f 947 943 990
f 990 943 954
f 989 944 991
f 991 944 945
f 991 945 992
f 992 945 946
f 993 946 990
f 990 946 947
f 992 946 994
f 994 946 995
f 995 946 993
f 951 948 996
f 996 948 949
f 996 949 997
f 997 949 958
f 952 950 998
f 998 950 999
f 999 950 1000
f 1000 950 951
f 1000 951 996
f 953 952 1001
f 1001 952 998
f 955 953 1001
f 990 954 1002
f 1002 954 955
f 1002 955 1053
f 1053 955 1003
f 1003 955 1001
f 958 956 1004
f 1004 956 1005
f 1005 956 957
f 1005 957 1006
f 1006 957 959
f 997 958 1007
f 1007 958 1004
f 1006 959 1008
f 1008 959 960
f 1008 960 1009
f 1009 960 1010
f 1010 960 1011
f 1011 960 961
f 1011 961 962
f 967 964 1012
f 1012 964 1013
f 1013 964 965
f 1013 965 1014
f 1015 967 1012
f 969 967 1015
f 981 968 1016
f 1016 968 1017
f 1017 968 1018
f 1018 968 969
f 1018 969 1015
f 979 970 1019
f 1019 970 1020
f 1020 970 1021
f 1021 970 971
f 1021 971 972
f 1021 972 1022
f 1022 972 980
f 1023 973 974
f 1024 974 1025
f 1025 974 975
f 1023 974 1026
f 1026 974 1024
f 1025 975 976
f 1027 976 977
f 1025 976 1027
f 1027 977 1028
f 1028 977 1080
f 1080 977 1029
f 1029 978 979
f 1030 979 1031
f 1031 979 1019
f 1029 979 1030
f 1022 980 1032
f 1032 980 981
f 1032 981 1033
f 1033 981 1016
f 1034 983 989
f 989 983 984
f 988 983 1035
f 1035 983 1034
f 1036 986 987
f 1037 987 1038
f 1038 987 988
f 1036 987 1039
f 1039 987 1037
f 1038 988 1040
f 1040 988 1035
f 1034 989 991
f 993 990 1002
f 1034 991 1041
f 1041 991 992
f 1041 992 994
f 995 993 1042
f 1042 993 1043
f 1043 993 1002
f 1044 994 995
f 1041 994 1045
f 1045 994 1046
f 1046 994 1047
f 1047 994 1044
f 1044 995 1042
f 1000 996 1048
f 1048 996 997
f 1048 997 1049
f 1049 997 1007
f 1001 998 999
f 1001 999 1050
f 1050 999 1051
f 1051 999 1052
f 1052 999 1000
f 1052 1000 1048
f 1003 1001 1050
f 1043 1002 1053
f 1053 1003 1054
f 1054 1003 1055
f 1055 1003 1050
f 1056 1004 1005
f 1007 1004 1057
f 1057 1004 1056
f 1056 1005 1058
f 1058 1005 1059
f 1059 1005 1006
f 1059 1006 1008
f 1049 1007 1060
f 1060 1007 1057
f 1059 1008 1009
f 1061 1009 1010
f 1059 1009 1061
f 1061 1010 1011
f 1061 1011 1062
f 1015 1012 1063
f 1063 1012 1064
f 1064 1012 1014
f 1014 1012 1013
f 1064 1014 1065
f 1018 1015 1063
f 1033 1016 1066
f 1066 1016 1017
f 1066 1017 1067
f 1067 1017 1068
f 1068 1017 1018
f 1068 1018 1069
f 1069 1018 1070
f 1070 1018 1063
f 1031 1019 1083
f 1083 1019 1071
f 1071 1019 1072
f 1072 1019 1020
f 1072 1020 1021
f 1072 1021 1022
f 1072 1022 1073
f 1073 1022 1032
f 1026 1024 1074
f 1074 1024 1075
f 1075 1024 1025
f 1076 1025 1027
f 1075 1025 1077
f 1077 1025 1076
f 1078 1027 1079
f 1079 1027 1028
f 1076 1027 1078
f 1079 1028 1080
f 1080 1029 1081
f 1081 1029 1030
f 1081 1030 1082
f 1082 1030 1031
f 1082 1031 1083
f 1073 1032 1033
f 1084 1033 1085
f 1085 1033 1066
f 1073 1033 1084
f 1035 1034 1086
f 1086 1034 1041
f 1040 1035 1087
f 1087 1035 1086
f 1088 1037 1038
f 1039 1037 1089
f 1089 1037 1090
f 1090 1037 1088
f 1088 1038 1091
f 1091 1038 1040
f 1091 1040 1092
f 1092 1040 1087
f 1086 1041 1045
f 1044 1042 1093
f 1093 1042 1094
f 1094 1042 1095
f 1095 1042 1096
f 1096 1042 1043
f 1096 1043 1053
f 1047 1044 1097
f 1097 1044 1093
f 1086 1045 1098
f 1098 1045 1046
f 1099 1046 1047
f 1098 1046 1100
f 1100 1046 1101
f 1101 1046 1102
f 1102 1046 1099
f 1099 1047 1103
f 1103 1047 1097
f 1052 1048 1104
f 1104 1048 1049
f 1104 1049 1105
f 1105 1049 1060
f 1055 1050 1106
f 1106 1050 1051
f 1107 1051 1052
f 1106 1051 1107
f 1107 1052 1104
f 1096 1053 1054
f 1108 1054 1106
f 1106 1054 1055
f 1096 1054 1109
f 1109 1054 1108
f 1110 1056 1058
f 1057 1056 1110
f 1060 1057 1111
f 1111 1057 1112
f 1112 1057 1110
f 1110 1058 1113
f 1113 1058 1114
f 1114 1058 1059
f 1114 1059 1113
f 1113 1059 1115
f 1115 1059 1061
f 1105 1060 1111
f 1115 1061 1116
f 1116 1061 1117
f 1117 1061 1118
f 1118 1061 1062
f 1070 1063 1119
f 1119 1063 1120
f 1120 1063 1064
f 1120 1064 1065
f 1120 1065 1121
f 1085 1066 1122
f 1122 1066 1067
f 1122 1067 1123
f 1123 1067 1124
f 1124 1067 1068
f 1124 1068 1069
f 1124 1069 1125
f 1125 1069 1126
f 1126 1069 1127
f 1127 1069 1128
f 1128 1069 1129
f 1129 1069 1070
f 1129 1070 1119
f 1083 1071 1130
f 1130 1071 1072
f 1130 1072 1131
f 1131 1072 1073
f 1131 1073 1132
f 1132 1073 1084
f 1077 1076 1133
f 1133 1076 1134
f 1134 1076 1078
f 1135 1077 1133
f 1134 1078 1136
f 1136 1078 1137
f 1137 1078 1079
f 1137 1079 1138
f 1138 1079 1080
f 1138 1080 1139
f 1139 1080 1081
f 1139 1081 1140
f 1140 1081 1082
f 1140 1082 1141
f 1141 1082 1083
f 1141 1083 1142
f 1142 1083 1143
f 1143 1083 1130
f 1132 1084 1144
f 1144 1084 1085
f 1144 1085 1181
f 1181 1085 1122
f 1087 1086 1098
f 1092 1087 1145
f 1145 1087 1098
f 1090 1088 1146
f 1146 1088 1147
f 1147 1088 1091
f 1148 1090 1146
f 1147 1091 1149
f 1149 1091 1092
f 1149 1092 1150
f 1150 1092 1145
f 1097 1093 1151
f 1151 1093 1094
f 1151 1094 1152
f 1152 1094 1153
f 1153 1094 1095
f 1154 1095 1109
f 1109 1095 1096
f 1153 1095 1154
f 1103 1097 1155
f 1155 1097 1151
f 1145 1098 1100
f 1102 1099 1156
f 1156 1099 1103
f 1145 1100 1157
f 1157 1100 1101
f 1157 1101 1222
f 1222 1101 1158
f 1158 1101 1159
f 1159 1101 1160
f 1160 1101 1102
f 1160 1102 1156
f 1156 1103 1161
f 1161 1103 1155
f 1107 1104 1162
f 1162 1104 1105
f 1162 1105 1163
f 1163 1105 1164
f 1164 1105 1111
f 1108 1106 1165
f 1165 1106 1107
f 1165 1107 1166
f 1166 1107 1162
f 1109 1108 1167
f 1167 1108 1168
f 1168 1108 1165
f 1154 1109 1167
f 1169 1110 1170
f 1170 1110 1113
f 1112 1110 1171
f 1171 1110 1172
f 1172 1110 1169
f 1164 1111 1173
f 1173 1111 1174
f 1174 1111 1175
f 1175 1111 1112
f 1175 1112 1171
f 1176 1113 1116
f 1116 1113 1115
f 1170 1113 1176
f 1176 1116 1177
f 1177 1116 1117
f 1178 1117 1118
f 1177 1117 1178
f 1129 1119 1179
f 1179 1119 1120
f 1179 1120 1121
f 1179 1121 1180
f 1181 1122 1182
f 1182 1122 1123
f 1182 1123 1183
f 1183 1123 1184
f 1184 1123 1124
f 1184 1124 1125
f 1184 1125 1185
f 1185 1125 1126
f 1186 1126 1128
f 1128 1126 1127
f 1185 1126 1187
f 1187 1126 1188
f 1188 1126 1189
f 1189 1126 1186
f 1186 1128 1190
f 1190 1128 1191
f 1191 1128 1179
f 1179 1128 1129
f 1143 1130 1207
f 1207 1130 1192
f 1192 1130 1131
f 1192 1131 1132
f 1193 1132 1194
f 1194 1132 1144
f 1192 1132 1193
f 1135 1133 1197
f 1197 1133 1195
f 1195 1133 1134
f 1196 1134 1136
f 1195 1134 1196
f 1196 1136 1198
f 1198 1136 1199
f 1199 1136 1137
f 1199 1137 1200
f 1200 1137 1138
f 1200 1138 1139
f 1201 1139 1202
f 1202 1139 1140
f 1200 1139 1201
f 1202 1140 1203
f 1203 1140 1141
f 1203 1141 1204
f 1204 1141 1142
f 1204 1142 1205
f 1205 1142 1206
f 1206 1142 1207
f 1207 1142 1143
f 1194 1144 1208
f 1208 1144 1181
f 1150 1145 1157
f 1148 1146 1209
f 1209 1146 1210
f 1210 1146 1211
f 1211 1146 1147
f 1211 1147 1212
f 1212 1147 1213
f 1213 1147 1149
f 1213 1149 1150
f 1213 1150 1214
f 1214 1150 1157
f 1155 1151 1215
f 1215 1151 1152
f 1216 1152 1153
f 1215 1152 1217
f 1217 1152 1216
f 1216 1153 1218
f 1218 1153 1219
f 1219 1153 1154
f 1219 1154 1167
f 1161 1155 1220
f 1220 1155 1215
f 1160 1156 1221
f 1221 1156 1161
f 1214 1157 1222
f 1222 1158 1223
f 1223 1158 1224
f 1224 1158 1159
f 1224 1159 1225
f 1225 1159 1226
f 1226 1159 1221
f 1221 1159 1160
f 1221 1161 1227
f 1227 1161 1228
f 1228 1161 1220
f 1166 1162 1163
f 1166 1163 1229
f 1229 1163 1230
f 1230 1163 1173
f 1173 1163 1164
f 1168 1165 1166
f 1168 1166 1229
f 1219 1167 1231
f 1231 1167 1168
f 1231 1168 1232
f 1232 1168 1229
f 1172 1169 1233
f 1233 1169 1170
f 1233 1170 1177
f 1177 1170 1176
f 1175 1171 1234
f 1234 1171 1172
f 1234 1172 1235
f 1235 1172 1233
f 1230 1173 1236
f 1236 1173 1237
f 1237 1173 1174
f 1238 1174 1239
f 1239 1174 1240
f 1240 1174 1234
f 1234 1174 1241
f 1241 1174 1175
f 1237 1174 1242
f 1242 1174 1243
f 1243 1174 1238
f 1241 1175 1234
f 1244 1177 1178
f 1233 1177 1245
f 1245 1177 1244
f 1191 1179 1180
f 1191 1180 1246
f 1208 1181 1247
f 1247 1181 1182
f 1247 1182 1248
f 1248 1182 1183
f 1248 1183 1249
f 1249 1183 1250
f 1250 1183 1184
f 1250 1184 1185
f 1250 1185 1251
f 1251 1185 1252
f 1252 1185 1187
f 1189 1186 1253
f 1253 1186 1190
f 1252 1187 1188
f 1252 1188 1254
f 1254 1188 1255
f 1255 1188 1256
f 1256 1188 1189
f 1256 1189 1253
f 1253 1190 1257
f 1257 1190 1246
f 1246 1190 1191
f 1207 1192 1258
f 1258 1192 1193
f 1258 1193 1259
f 1259 1193 1194
f 1259 1194 1208
f 1197 1195 1260
f 1260 1195 1196
f 1260 1196 1261
f 1261 1196 1262
f 1262 1196 1198
f 1262 1198 1199
f 1263 1199 1200
f 1262 1199 1263
f 1263 1200 1264
f 1264 1200 1265
f 1265 1200 1201
f 1265 1201 1266
f 1266 1201 1202
f 1266 1202 1267
f 1267 1202 1203
f 1267 1203 1268
f 1268 1203 1204
f 1268 1204 1269
f 1269 1204 1205
f 1269 1205 1270
f 1270 1205 1271
f 1271 1205 1206
f 1271 1206 1272
f 1272 1206 1207
f 1272 1207 1258
f 1273 1208 1274
f 1274 1208 1247
f 1259 1208 1273
f 1275 1209 1210
f 1275 1210 1211
f 1276 1211 1277
f 1277 1211 1212
f 1275 1211 1276
f 1277 1212 1278
f 1278 1212 1213
f 1278 1213 1279
f 1279 1213 1280
f 1280 1213 1214
f 1280 1214 1281
f 1281 1214 1282
f 1282 1214 1222
f 1220 1215 1283
f 1283 1215 1217
f 1217 1216 1284
f 1284 1216 1285
f 1285 1216 1218
f 1283 1217 1286
f 1286 1217 1284
f 1285 1218 1287
f 1287 1218 1219
f 1288 1219 1231
f 1287 1219 1288
f 1228 1220 1289
f 1289 1220 1283
f 1226 1221 1227
f 1282 1222 1223
f 1282 1223 1290
f 1290 1223 1291
f 1291 1223 1224
f 1291 1224 1292
f 1292 1224 1225
f 1292 1225 1293
f 1293 1225 1294
f 1294 1225 1295
f 1295 1225 1226
f 1296 1226 1227
f 1295 1226 1296
f 1296 1227 1228
f 1296 1228 1297
f 1297 1228 1289
f 1232 1229 1298
f 1298 1229 1230
f 1298 1230 1236
f 1288 1231 1232
f 1288 1232 1299
f 1299 1232 1298
f 1235 1233 1300
f 1300 1233 1245
f 1240 1234 1301
f 1301 1234 1235
f 1301 1235 1300
f 1298 1236 1302
f 1302 1236 1303
f 1303 1236 1304
f 1304 1236 1237
f 1304 1237 1305
f 1305 1237 1306
f 1306 1237 1307
f 1307 1237 1242
f 1308 1238 1309
f 1309 1238 1239
f 1243 1238 1310
f 1310 1238 1308
f 1309 1239 1311
f 1311 1239 1301
f 1301 1239 1240
f 1307 1242 1312
f 1312 1242 1313
f 1313 1242 1314
f 1314 1242 1315
f 1315 1242 1316
f 1316 1242 1243
f 1316 1243 1310
f 1245 1244 1318
f 1318 1244 1317
f 1300 1245 1301
f 1301 1245 1319
f 1319 1245 1318
f 1257 1246 1320
f 1274 1247 1321
f 1321 1247 1248
f 1321 1248 1322
f 1322 1248 1249
f 1322 1249 1323
f 1323 1249 1324
f 1324 1249 1250
f 1324 1250 1251
f 1324 1251 1325
f 1325 1251 1252
f 1325 1252 1326
f 1326 1252 1254
f 1256 1253 1327
f 1327 1253 1257
f 1326 1254 1328
f 1328 1254 1329
f 1329 1254 1255
f 1329 1255 1330
f 1330 1255 1331
f 1331 1255 1256
f 1331 1256 1327
f 1327 1257 1332
f 1332 1257 1320
f 1272 1258 1333
f 1333 1258 1334
f 1334 1258 1259
f 1334 1259 1335
f 1335 1259 1336
f 1336 1259 1273
f 1337 1260 1338
f 1338 1260 1339
f 1339 1260 1261
f 1339 1261 1340
f 1340 1261 1262
f 1340 1262 1341
f 1341 1262 1342
f 1342 1262 1343
f 1343 1262 1264
f 1264 1262 1263
f 1343 1264 1265
f 1343 1265 1344
f 1344 1265 1266
f 1344 1266 1345
f 1345 1266 1267
f 1345 1267 1346
f 1346 1267 1268
f 1346 1268 1269
f 1347 1269 1270
f 1346 1269 1347
f 1347 1270 1422
f 1422 1270 1348
f 1348 1270 1271
f 1348 1271 1349
f 1349 1271 1272
f 1349 1272 1333
f 1336 1273 1350
f 1350 1273 1351
f 1351 1273 1321
f 1321 1273 1274
f 1352 1275 1353
f 1353 1275 1276
f 1354 1276 1277
f 1353 1276 1355
f 1355 1276 1354
f 1354 1277 1356
f 1356 1277 1278
f 1356 1278 1357
f 1357 1278 1279
f 1357 1279 1358
f 1358 1279 1280
f 1358 1280 1281
f 1290 1281 1282
f 1358 1281 1359
f 1359 1281 1290
f 1289 1283 1360
f 1360 1283 1286
f 1286 1284 1361
f 1361 1284 1362
f 1362 1284 1285
f 1363 1285 1287
f 1362 1285 1363
f 1360 1286 1364
f 1364 1286 1361
f 1363 1287 1365
f 1365 1287 1288
f 1365 1288 1299
f 1297 1289 1366
f 1366 1289 1360
f 1359 1290 1367
f 1367 1290 1291
f 1367 1291 1368
f 1368 1291 1292
f 1368 1292 1369
f 1369 1292 1293
f 1369 1293 1294
f 1369 1294 1370
f 1370 1294 1371
f 1371 1294 1372
f 1372 1294 1295
f 1373 1295 1296
f 1372 1295 1373
f 1373 1296 1297
f 1373 1297 1374
f 1374 1297 1366
f 1299 1298 1302
f 1365 1299 1375
f 1375 1299 1302
f 1376 1301 1319
f 1311 1301 1376
f 1375 1302 1303
f 1375 1303 1377
f 1377 1303 1304
f 1377 1304 1378
f 1378 1304 1379
f 1379 1304 1305
f 1379 1305 1380
f 1380 1305 1306
f 1380 1306 1381
f 1381 1306 1307
f 1381 1307 1313
f 1313 1307 1312
f 1382 1308 1309
f 1310 1308 1382
f 1382 1309 1383
f 1383 1309 1311
f 1316 1310 1315
f 1315 1310 1384
f 1384 1310 1385
f 1385 1310 1386
f 1386 1310 1387
f 1387 1310 1388
f 1388 1310 1382
f 1383 1311 1376
f 1381 1313 1389
f 1389 1313 1390
f 1390 1313 1315
f 1315 1313 1314
f 1390 1315 1384
f 1318 1317 1391
f 1319 1318 1392
f 1392 1318 1391
f 1376 1319 1383
f 1383 1319 1392
f 1351 1321 1322
f 1351 1322 1393
f 1393 1322 1323
f 1393 1323 1472
f 1472 1323 1394
f 1394 1323 1395
f 1395 1323 1324
f 1395 1324 1325
f 1395 1325 1326
f 1395 1326 1396
f 1396 1326 1397
f 1397 1326 1328
f 1331 1327 1332
f 1397 1328 1398
f 1398 1328 1399
f 1399 1328 1329
f 1399 1329 1400
f 1400 1329 1330
f 1400 1330 1401
f 1401 1330 1331
f 1401 1331 1402
f 1402 1331 1403
f 1403 1331 1404
f 1404 1331 1332
f 1349 1333 1405
f 1405 1333 1406
f 1406 1333 1407
f 1407 1333 1334
f 1407 1334 1408
f 1408 1334 1335
f 1407 1335 1409
f 1409 1335 1410
f 1410 1335 1336
f 1408 1335 1407
f 1410 1336 1411
f 1411 1336 1350
f 1412 1337 1338
f 1412 1338 1413
f 1413 1338 1339
f 1413 1339 1414
f 1414 1339 1340
f 1414 1340 1415
f 1415 1340 1416
f 1416 1340 1341
f 1416 1341 1342
f 1416 1342 1343
f 1416 1343 1417
f 1417 1343 1344
f 1417 1344 1418
f 1418 1344 1345
f 1418 1345 1419
f 1419 1345 1346
f 1419 1346 1420
f 1420 1346 1347
f 1420 1347 1421
f 1421 1347 1422
f 1422 1348 1423
f 1423 1348 1424
f 1424 1348 1349
f 1424 1349 1405
f 1411 1350 1351
f 1411 1351 1393
f 1425 1352 1353
f 1425 1353 1355
f 1355 1354 1357
f 1357 1354 1356
f 1425 1355 1426
f 1426 1355 1427
f 1427 1355 1357
f 1427 1357 1428
f 1428 1357 1429
f 1429 1357 1358
f 1429 1358 1430
f 1430 1358 1359
f 1430 1359 1431
f 1431 1359 1367
f 1366 1360 1432
f 1432 1360 1364
f 1364 1361 1433
f 1433 1361 1362
f 1433 1362 1434
f 1434 1362 1435
f 1435 1362 1363
f 1435 1363 1436
f 1436 1363 1365
f 1432 1364 1437
f 1437 1364 1433
f 1436 1365 1375
f 1374 1366 1438
f 1438 1366 1432
f 1431 1367 1439
f 1439 1367 1368
f 1439 1368 1440
f 1440 1368 1369
f 1440 1369 1370
f 1440 1370 1441
f 1441 1370 1371
f 1441 1371 1442
f 1442 1371 1443
f 1443 1371 1372
f 1444 1372 1373
f 1443 1372 1444
f 1444 1373 1374
f 1444 1374 1438
f 1436 1375 1377
f 1436 1377 1435
f 1435 1377 1445
f 1445 1377 1378
f 1446 1378 1379
f 1445 1378 1447
f 1447 1378 1448
f 1448 1378 1449
f 1449 1378 1446
f 1446 1379 1380
f 1446 1380 1450
f 1450 1380 1381
f 1450 1381 1451
f 1451 1381 1389
f 1452 1382 1383
f 1388 1382 1452
f 1453 1383 1454
f 1454 1383 1392
f 1452 1383 1453
f 1455 1384 1385
f 1390 1384 1456
f 1456 1384 1457
f 1457 1384 1458
f 1458 1384 1455
f 1455 1385 1386
f 1459 1386 1460
f 1460 1386 1387
f 1455 1386 1458
f 1458 1386 1461
f 1461 1386 1462
f 1462 1386 1463
f 1463 1386 1459
f 1460 1387 1388
f 1460 1388 1452
f 1464 1389 1465
f 1465 1389 1390
f 1451 1389 1466
f 1466 1389 1467
f 1467 1389 1468
f 1468 1389 1464
f 1465 1390 1469
f 1469 1390 1456
f 1392 1391 1454
f 1454 1391 1470
f 1411 1393 1471
f 1471 1393 1472
f 1472 1394 1473
f 1473 1394 1474
f 1474 1394 1395
f 1474 1395 1396
f 1474 1396 1475
f 1475 1396 1397
f 1475 1397 1476
f 1476 1397 1477
f 1477 1397 1398
f 1477 1398 1478
f 1478 1398 1479
f 1479 1398 1399
f 1479 1399 1480
f 1480 1399 1400
f 1480 1400 1481
f 1481 1400 1401
f 1481 1401 1482
f 1482 1401 1483
f 1483 1401 1403
f 1403 1401 1402
f 1424 1405 1484
f 1484 1405 1485
f 1485 1405 1486
f 1486 1405 1406
f 1486 1406 1407
f 1486 1407 1487
f 1487 1407 1488
f 1488 1407 1409
f 1488 1409 1410
f 1488 1410 1489
f 1489 1410 1490
f 1490 1410 1411
f 1490 1411 1471
f 1491 1412 1413
f 1492 1413 1493
f 1493 1413 1494
f 1494 1413 1495
f 1495 1413 1414
f 1491 1413 1492
f 1495 1414 1415
f 1495 1415 1496
f 1496 1415 1416
f 1496 1416 1497
f 1497 1416 1498
f 1498 1416 1499
f 1499 1416 1417
f 1499 1417 1418
f 1499 1418 1500
f 1500 1418 1419
f 1500 1419 1501
f 1501 1419 1421
f 1421 1419 1420
f 1501 1421 1502
f 1502 1421 1422
f 1502 1422 1503
f 1503 1422 1423
f 1503 1423 1504
f 1504 1423 1484
f 1484 1423 1424
f 1505 1425 1506
f 1506 1425 1426
f 1506 1426 1427
f 1506 1427 1428
f 1506 1428 1507
f 1507 1428 1508
f 1508 1428 1429
f 1508 1429 1430
f 1508 1430 1509
f 1509 1430 1510
f 1510 1430 1431
f 1510 1431 1511
f 1511 1431 1439
f 1438 1432 1512
f 1512 1432 1437
f 1447 1433 1434
f 1437 1433 1447
f 1447 1434 1435
f 1447 1435 1445
f 1448 1437 1447
f 1512 1437 1513
f 1513 1437 1448
f 1444 1438 1514
f 1514 1438 1515
f 1515 1438 1512
f 1511 1439 1516
f 1516 1439 1440
f 1516 1440 1517
f 1517 1440 1441
f 1517 1441 1518
f 1518 1441 1442
f 1519 1442 1443
f 1518 1442 1520
f 1520 1442 1519
f 1521 1443 1514
f 1514 1443 1444
f 1519 1443 1521
f 1449 1446 1522
f 1522 1446 1450
f 1513 1448 1449
f 1513 1449 1523
f 1523 1449 1522
f 1522 1450 1524
f 1524 1450 1451
f 1524 1451 1466
f 1525 1452 1526
f 1526 1452 1453
f 1460 1452 1525
f 1526 1453 1525
f 1525 1453 1527
f 1527 1453 1454
f 1527 1454 1528
f 1528 1454 1470
f 1469 1456 1457
f 1469 1457 1458
f 1469 1458 1529
f 1529 1458 1530
f 1530 1458 1461
f 1531 1459 1532
f 1532 1459 1460
f 1463 1459 1533
f 1533 1459 1534
f 1534 1459 1535
f 1535 1459 1536
f 1536 1459 1531
f 1532 1460 1525
f 1530 1461 1537
f 1537 1461 1462
f 1537 1462 1538
f 1538 1462 1533
f 1533 1462 1463
f 1469 1464 1465
f 1468 1464 1469
f 1524 1466 1539
f 1539 1466 1540
f 1540 1466 1541
f 1541 1466 1467
f 1541 1467 1468
f 1542 1468 1469
f 1541 1468 1543
f 1543 1468 1544
f 1544 1468 1545
f 1545 1468 1542
f 1542 1469 1529
f 1490 1471 1546
f 1546 1471 1547
f 1547 1471 1472
f 1547 1472 1473
f 1547 1473 1548
f 1548 1473 1549
f 1549 1473 1474
f 1549 1474 1475
f 1549 1475 1550
f 1550 1475 1476
f 1550 1476 1477
f 1550 1477 1551
f 1551 1477 1552
f 1552 1477 1478
f 1553 1478 1554
f 1554 1478 1555
f 1555 1478 1479
f 1552 1478 1553
f 1555 1479 1480
f 1555 1480 1556
f 1556 1480 1481
f 1556 1481 1557
f 1557 1481 1482
f 1557 1482 1558
f 1558 1482 1559
f 1559 1482 1483
f 1504 1484 1560
f 1560 1484 1485
f 1560 1485 1561
f 1561 1485 1486
f 1561 1486 1487
f 1561 1487 1562
f 1562 1487 1488
f 1562 1488 1563
f 1563 1488 1489
f 1563 1489 1564
f 1564 1489 1490
f 1564 1490 1546
f 1565 1491 1492
f 1565 1492 1566
f 1566 1492 1567
f 1567 1492 1493
f 1567 1493 1568
f 1568 1493 1494
f 1568 1494 1569
f 1569 1494 1498
f 1498 1494 1570
f 1570 1494 1495
f 1570 1495 1496
f 1498 1496 1497
f 1570 1496 1498
f 1571 1498 1572
f 1572 1498 1499
f 1569 1498 1573
f 1573 1498 1574
f 1574 1498 1571
f 1572 1499 1575
f 1575 1499 1500
f 1575 1500 1501
f 1575 1501 1576
f 1576 1501 1577
f 1577 1501 1578
f 1578 1501 1502
f 1578 1502 1503
f 1578 1503 1579
f 1579 1503 1504
f 1579 1504 1580
f 1580 1504 1581
f 1581 1504 1560
f 1582 1505 1506
f 1582 1506 1507
f 1582 1507 1583
f 1583 1507 1584
f 1584 1507 1508
f 1584 1508 1585
f 1585 1508 1586
f 1586 1508 1509
f 1586 1509 1587
f 1587 1509 1510
f 1587 1510 1588
f 1588 1510 1511
f 1588 1511 1589
f 1589 1511 1516
f 1515 1512 1590
f 1590 1512 1513
f 1590 1513 1591
f 1591 1513 1523
f 1521 1514 1515
f 1521 1515 1592
f 1592 1515 1593
f 1593 1515 1590
f 1589 1516 1594
f 1594 1516 1517
f 1594 1517 1595
f 1595 1517 1518
f 1595 1518 1596
f 1596 1518 1520
f 1597 1519 1521
f 1520 1519 1598
f 1598 1519 1597
f 1596 1520 1599
f 1599 1520 1598
f 1597 1521 1592
f 1523 1522 1600
f 1600 1522 1524
f 1591 1523 1601
f 1601 1523 1600
f 1600 1524 1602
f 1602 1524 1539
f 1603 1525 1604
f 1604 1525 1605
f 1605 1525 1528
f 1528 1525 1527
f 1532 1525 1603
f 1542 1529 1606
f 1606 1529 1607
f 1607 1529 1530
f 1607 1530 1537
f 1536 1531 1603
f 1603 1531 1532
f 1538 1533 1608
f 1608 1533 1535
f 1535 1533 1534
f 1608 1535 1609
f 1607 1537 1610
f 1610 1537 1611
f 1611 1537 1538
f 1611 1538 1612
f 1612 1538 1613
f 1613 1538 1614
f 1614 1538 1608
f 1602 1539 1615
f 1615 1539 1540
f 1615 1540 1616
f 1616 1540 1543
f 1543 1540 1541
f 1545 1542 1606
f 1617 1543 1544
f 1616 1543 1618
f 1618 1543 1619
f 1619 1543 1620
f 1620 1543 1617
f 1617 1544 1621
f 1621 1544 1545
f 1622 1545 1607
f 1607 1545 1606
f 1621 1545 1623
f 1623 1545 1622
f 1564 1546 1624
f 1624 1546 1625
f 1625 1546 1626
f 1626 1546 1547
f 1626 1547 1548
f 1626 1548 1627
f 1627 1548 1550
f 1550 1548 1549
f 1627 1550 1551
f 1628 1551 1704
f 1704 1551 1629
f 1629 1551 1552
f 1627 1551 1628
f 1629 1552 1630
f 1630 1552 1553
f 1630 1553 1631
f 1631 1553 1632
f 1632 1553 1554
f 1632 1554 1633
f 1633 1554 1634
f 1634 1554 1555
f 1634 1555 1556
f 1634 1556 1635
f 1635 1556 1557
f 1635 1557 1558
f 1635 1558 1636
f 1636 1558 1637
f 1581 1560 1638
f 1638 1560 1562
f 1562 1560 1561
f 1638 1562 1563
f 1638 1563 1639
f 1639 1563 1640
f 1640 1563 1564
f 1640 1564 1641
f 1641 1564 1624
f 1642 1565 1566
f 1642 1566 1643
f 1643 1566 1567
f 1643 1567 1644
f 1644 1567 1645
f 1645 1567 1646
f 1646 1567 1568
f 1646 1568 1569
f 1646 1569 1573
f 1575 1571 1572
f 1574 1571 1647
f 1647 1571 1576
f 1576 1571 1575
f 1646 1573 1648
f 1648 1573 1574
f 1649 1574 1650
f 1650 1574 1651
f 1651 1574 1652
f 1652 1574 1647
f 1648 1574 1649
f 1647 1576 1653
f 1653 1576 1654
f 1654 1576 1577
f 1654 1577 1578
f 1654 1578 1655
f 1655 1578 1656
f 1656 1578 1579
f 1656 1579 1580
f 1656 1580 1657
f 1657 1580 1658
f 1658 1580 1581
f 1658 1581 1638
f 1659 1582 1660
f 1660 1582 1583
f 1660 1583 1584
f 1660 1584 1659
f 1659 1584 1661
f 1661 1584 1662
f 1662 1584 1585
f 1662 1585 1663
f 1663 1585 1586
f 1663 1586 1664
f 1664 1586 1587
f 1664 1587 1665
f 1665 1587 1588
f 1665 1588 1666
f 1666 1588 1589
f 1666 1589 1594
f 1593 1590 1591
f 1593 1591 1667
f 1667 1591 1601
f 1597 1592 1668
f 1668 1592 1593
f 1668 1593 1669
f 1669 1593 1667
f 1666 1594 1670
f 1670 1594 1671
f 1671 1594 1595
f 1671 1595 1672
f 1672 1595 1596
f 1672 1596 1599
f 1598 1597 1673
f 1673 1597 1668
f 1599 1598 1673
f 1674 1599 1673
f 1672 1599 1675
f 1675 1599 1674
f 1601 1600 1602
f 1667 1601 1676
f 1676 1601 1602
f 1676 1602 1677
f 1677 1602 1615
f 1678 1603 1604
f 1678 1604 1679
f 1679 1604 1605
f 1622 1607 1623
f 1623 1607 1680
f 1680 1607 1681
f 1681 1607 1682
f 1682 1607 1611
f 1611 1607 1610
f 1614 1608 1609
f 1614 1609 1613
f 1613 1609 1683
f 1683 1609 1684
f 1682 1611 1685
f 1685 1611 1686
f 1686 1611 1687
f 1687 1611 1612
f 1687 1612 1688
f 1688 1612 1689
f 1689 1612 1683
f 1683 1612 1613
f 1677 1615 1690
f 1690 1615 1616
f 1690 1616 1618
f 1620 1617 1621
f 1691 1618 1619
f 1690 1618 1692
f 1692 1618 1691
f 1691 1619 1620
f 1693 1620 1694
f 1694 1620 1621
f 1691 1620 1695
f 1695 1620 1696
f 1696 1620 1697
f 1697 1620 1698
f 1698 1620 1693
f 1694 1621 1623
f 1699 1623 1681
f 1681 1623 1680
f 1694 1623 1693
f 1693 1623 1699
f 1641 1624 1700
f 1700 1624 1625
f 1700 1625 1701
f 1701 1625 1626
f 1701 1626 1702
f 1702 1626 1627
f 1702 1627 1703
f 1703 1627 1628
f 1703 1628 1704
f 1704 1629 1705
f 1705 1629 1630
f 1705 1630 1706
f 1706 1630 1707
f 1707 1630 1631
f 1707 1631 1708
f 1708 1631 1632
f 1708 1632 1709
f 1709 1632 1633
f 1709 1633 1710
f 1710 1633 1711
f 1711 1633 1634
f 1711 1634 1635
f 1711 1635 1712
f 1712 1635 1636
f 1712 1636 1713
f 1713 1636 1714
f 1714 1636 1637
f 1658 1638 1715
f 1715 1638 1639
f 1715 1639 1716
f 1716 1639 1640
f 1716 1640 1717
f 1717 1640 1641
f 1717 1641 1718
f 1718 1641 1700
f 1719 1645 1720
f 1720 1645 1646
f 1720 1646 1648
f 1652 1647 1653
f 1720 1648 1649
f 1720 1649 1650
f 1721 1650 1651
f 1720 1650 1722
f 1722 1650 1723
f 1723 1650 1724
f 1724 1650 1725
f 1725 1650 1726
f 1726 1650 1721
f 1721 1651 1652
f 1721 1652 1726
f 1726 1652 1727
f 1727 1652 1728
f 1728 1652 1729
f 1729 1652 1653
f 1729 1653 1654
f 1729 1654 1730
f 1730 1654 1731
f 1731 1654 1655
f 1731 1655 1656
f 1731 1656 1732
f 1732 1656 1733
f 1733 1656 1657
f 1733 1657 1734
f 1734 1657 1658
f 1734 1658 1715
f 1735 1661 1736
f 1736 1661 1662
f 1736 1662 1737
f 1737 1662 1738
f 1738 1662 1663
f 1738 1663 1739
f 1739 1663 1664
f 1739 1664 1740
f 1740 1664 1665
f 1740 1665 1741
f 1741 1665 1666
f 1741 1666 1742
f 1742 1666 1670
f 1669 1667 1743
f 1743 1667 1744
f 1744 1667 1676
f 1673 1668 1745
f 1745 1668 1669
f 1745 1669 1746
f 1746 1669 1747
f 1747 1669 1743
f 1742 1670 1748
f 1748 1670 1671
f 1748 1671 1672
f 1748 1672 1749
f 1749 1672 1675
f 1674 1673 1745
f 1750 1674 1745
f 1675 1674 1751
f 1751 1674 1750
f 1749 1675 1752
f 1752 1675 1829
f 1829 1675 1751
f 1744 1676 1753
f 1753 1676 1677
f 1753 1677 1690
f 1699 1681 1754
f 1754 1681 1755
f 1755 1681 1756
f 1756 1681 1685
f 1685 1681 1682
f 1689 1683 1684
f 1689 1684 1758
f 1758 1684 1757
f 1756 1685 1686
f 1756 1686 1759
f 1759 1686 1760
f 1760 1686 1688
f 1688 1686 1687
f 1761 1688 1689
f 1760 1688 1762
f 1762 1688 1763
f 1763 1688 1761
f 1761 1689 1758
f 1753 1690 1764
f 1764 1690 1692
f 1692 1691 1695
f 1765 1692 1766
f 1766 1692 1695
f 1764 1692 1765
f 1698 1693 1697
f 1697 1693 1767
f 1767 1693 1768
f 1768 1693 1699
f 1766 1695 1769
f 1769 1695 1696
f 1769 1696 1770
f 1770 1696 1697
f 1771 1697 1767
f 1770 1697 1772
f 1772 1697 1773
f 1773 1697 1771
f 1768 1699 1754
f 1718 1700 1774
f 1774 1700 1775
f 1775 1700 1701
f 1775 1701 1703
f 1703 1701 1702
f 1775 1703 1776
f 1776 1703 1704
f 1776 1704 1777
f 1777 1704 1705
f 1777 1705 1706
f 1778 1706 1779
f 1779 1706 1780
f 1780 1706 1707
f 1777 1706 1778
f 1780 1707 1781
f 1781 1707 1782
f 1782 1707 1708
f 1782 1708 1783
f 1783 1708 1709
f 1783 1709 1784
f 1784 1709 1710
f 1784 1710 1785
f 1785 1710 1786
f 1786 1710 1711
f 1786 1711 1712
f 1786 1712 1787
f 1787 1712 1713
f 1787 1713 1788
f 1788 1713 1714
f 1734 1715 1789
f 1789 1715 1716
f 1789 1716 1790
f 1790 1716 1717
f 1790 1717 1791
f 1791 1717 1718
f 1791 1718 1792
f 1792 1718 1793
f 1793 1718 1774
f 1794 1719 1795
f 1795 1719 1720
f 1795 1720 1722
f 1795 1722 1723
f 1795 1723 1724
f 1796 1724 1797
f 1797 1724 1798
f 1798 1724 1725
f 1795 1724 1799
f 1799 1724 1796
f 1800 1725 1726
f 1798 1725 1801
f 1801 1725 1800
f 1800 1726 1802
f 1802 1726 1727
f 1802 1727 1728
f 1802 1728 1803
f 1803 1728 1804
f 1804 1728 1805
f 1805 1728 1806
f 1806 1728 1730
f 1730 1728 1729
f 1806 1730 1731
f 1806 1731 1807
f 1807 1731 1808
f 1808 1731 1732
f 1808 1732 1733
f 1808 1733 1809
f 1809 1733 1810
f 1810 1733 1734
f 1810 1734 1789
f 1811 1735 1737
f 1737 1735 1736
f 1811 1737 1812
f 1812 1737 1813
f 1813 1737 1814
f 1814 1737 1815
f 1815 1737 1816
f 1816 1737 1738
f 1816 1738 1739
f 1816 1739 1817
f 1817 1739 1740
f 1817 1740 1741
f 1817 1741 1818
f 1818 1741 1742
f 1818 1742 1819
f 1819 1742 1820
f 1820 1742 1748
f 1747 1743 1821
f 1821 1743 1744
f 1821 1744 1822
f 1822 1744 1823
f 1823 1744 1753
f 1750 1745 1746
f 1750 1746 1824
f 1824 1746 1747
f 1824 1747 1825
f 1825 1747 1821
f 1820 1748 1826
f 1826 1748 1749
f 1826 1749 1827
f 1827 1749 1752
f 1751 1750 1828
f 1828 1750 1824
f 1829 1751 1828
f 1827 1752 1829
f 1823 1753 1765
f 1765 1753 1764
f 1768 1754 1830
f 1830 1754 1755
f 1830 1755 1831
f 1831 1755 1832
f 1832 1755 1759
f 1759 1755 1756
f 1758 1757 1834
f 1834 1757 1833
f 1761 1758 1834
f 1832 1759 1835
f 1835 1759 1836
f 1836 1759 1760
f 1836 1760 1762
f 1837 1761 1834
f 1763 1761 1837
f 1836 1762 1838
f 1838 1762 1839
f 1839 1762 1840
f 1840 1762 1763
f 1840 1763 1837
f 1823 1765 1841
f 1841 1765 1842
f 1842 1765 1843
f 1843 1765 1766
f 1843 1766 1769
f 1771 1767 1768
f 1771 1768 1830
f 1843 1769 1844
f 1844 1769 1845
f 1845 1769 1772
f 1772 1769 1770
f 1831 1771 1830
f 1773 1771 1846
f 1846 1771 1847
f 1847 1771 1831
f 1845 1772 1848
f 1848 1772 1849
f 1849 1772 1773
f 1849 1773 1846
f 1793 1774 1850
f 1850 1774 1851
f 1851 1774 1852
f 1852 1774 1775
f 1852 1775 1776
f 1852 1776 1777
f 1853 1777 1854
f 1854 1777 1778
f 1852 1777 1853
f 1854 1778 1779
f 1854 1779 1855
f 1855 1779 1856
f 1856 1779 1857
f 1857 1779 1780
f 1857 1780 1781
f 1857 1781 1858
f 1858 1781 1859
f 1859 1781 1782
f 1859 1782 1860
f 1860 1782 1783
f 1860 1783 1861
f 1861 1783 1784
f 1862 1784 1785
f 1861 1784 1862
f 1862 1785 1863
f 1863 1785 1864
f 1864 1785 1786
f 1864 1786 1787
f 1864 1787 1865
f 1865 1787 1866
f 1866 1787 1788
f 1810 1789 1867
f 1867 1789 1790
f 1867 1790 1868
f 1868 1790 1791
f 1868 1791 1792
f 1869 1792 1870
f 1870 1792 1871
f 1871 1792 1793
f 1868 1792 1869
f 1871 1793 1850
f 1872 1794 1795
f 1873 1795 1799
f 1872 1795 1874
f 1874 1795 1873
f 1799 1796 1873
f 1873 1796 1797
f 1875 1797 1876
f 1876 1797 1877
f 1877 1797 1798
f 1873 1797 1875
f 1877 1798 1878
f 1878 1798 1879
f 1879 1798 1801
f 1801 1800 1880
f 1880 1800 1803
f 1803 1800 1802
f 1879 1801 1881
f 1881 1801 1880
f 1880 1803 1882
f 1882 1803 1883
f 1883 1803 1804
f 1883 1804 1805
f 1883 1805 1884
f 1884 1805 1885
f 1885 1805 1886
f 1886 1805 1807
f 1807 1805 1806
f 1886 1807 1887
f 1887 1807 1808
f 1887 1808 1809
f 1887 1809 1888
f 1888 1809 1889
f 1889 1809 1890
f 1890 1809 1810
f 1890 1810 1867
f 1891 1813 1814
f 1891 1814 1892
f 1892 1814 1893
f 1893 1814 1815
f 1893 1815 1816
f 1893 1816 1894
f 1894 1816 1817
f 1894 1817 1895
f 1895 1817 1818
f 1895 1818 1896
f 1896 1818 1897
f 1897 1818 1819
f 1897 1819 1898
f 1898 1819 1820
f 1898 1820 1899
f 1899 1820 1826
f 1825 1821 1900
f 1900 1821 1822
f 1900 1822 1901
f 1901 1822 1823
f 1901 1823 1841
f 1828 1824 1902
f 1902 1824 1903
f 1903 1824 1825
f 1903 1825 1900
f 1899 1826 1904
f 1904 1826 1827
f 1905 1827 1829
f 1904 1827 1906
f 1906 1827 1907
f 1907 1827 1905
f 1829 1828 1908
f 1908 1828 1909
f 1909 1828 1902
f 1905 1829 1908
f 1847 1831 1910
f 1910 1831 1911
f 1911 1831 1835
f 1835 1831 1832
f 1834 1833 1912
f 1837 1834 1913
f 1913 1834 1912
f 1838 1835 1836
f 1911 1835 1914
f 1914 1835 1915
f 1915 1835 1838
f 1840 1837 1916
f 1916 1837 1917
f 1917 1837 1918
f 1918 1837 1919
f 1919 1837 1913
f 1915 1838 1920
f 1920 1838 1839
f 1921 1839 1840
f 1920 1839 1921
f 1921 1840 1916
f 1901 1841 1922
f 1922 1841 1923
f 1923 1841 1842
f 1923 1842 1924
f 1924 1842 1843
f 1924 1843 1925
f 1925 1843 1844
f 1925 1844 1926
f 1926 1844 1927
f 1927 1844 1845
f 1927 1845 1848
f 1849 1846 1928
f 1928 1846 1929
f 1929 1846 1847
f 1929 1847 1910
f 1927 1848 1930
f 1930 1848 1931
f 1931 1848 1849
f 1931 1849 1928
f 1871 1850 1932
f 1932 1850 1851
f 1932 1851 1933
f 1933 1851 1853
f 1853 1851 1852
f 1933 1853 1934
f 1934 1853 1854
f 1934 1854 1855
f 1934 1855 1935
f 1935 1855 1936
f 1936 1855 1856
f 1936 1856 1937
f 1937 1856 1938
f 1938 1856 1857
f 1938 1857 1858
f 1938 1858 1939
f 1939 1858 1940
f 1940 1858 1859
f 1940 1859 1941
f 1941 1859 1860
f 1941 1860 1942
f 1942 1860 1861
f 1942 1861 1943
f 1943 1861 1862
f 1943 1862 1944
f 1944 1862 1863
f 1944 1863 1945
f 1945 1863 1946
f 1946 1863 1864
f 1946 1864 1865
f 1946 1865 1947
f 1947 1865 1948
f 1948 1865 1866
f 1890 1867 1949
f 1949 1867 1868
f 1949 1868 1950
f 1950 1868 1869
f 1950 1869 1951
f 1951 1869 1870
f 1951 1870 1952
f 1952 1870 1953
f 1953 1870 1871
f 1953 1871 1932
f 1954 1873 1955
f 1955 1873 1875
f 1874 1873 1954
f 1956 1874 1954
f 1955 1875 1876
f 1957 1876 1958
f 1958 1876 1959
f 1959 1876 1878
f 1878 1876 1877
f 1955 1876 1960
f 1960 1876 1957
f 1959 1878 1961
f 1961 1878 1879
f 1961 1879 1962
f 1962 1879 1963
f 1963 1879 1881
f 1881 1880 1963
f 1963 1880 1964
f 1964 1880 1965
f 1965 1880 1882
f 1965 1882 1883
f 1965 1883 1966
f 1966 1883 1967
f 1967 1883 1968
f 1968 1883 1969
f 1969 1883 1885
f 1885 1883 1884
f 1887 1885 1886
f 1969 1885 1970
f 1970 1885 1971
f 1971 1885 1887
f 1971 1887 1972
f 1972 1887 1888
f 1972 1888 1889
f 1972 1889 1973
f 1973 1889 1950
f 1950 1889 1949
f 1949 1889 1890
f 1974 1891 1892
f 1974 1892 1975
f 1975 1892 1976
f 1976 1892 1977
f 1977 1892 1893
f 1977 1893 1894
f 1977 1894 1978
f 1978 1894 1895
f 1978 1895 1979
f 1979 1895 1896
f 1979 1896 1980
f 1980 1896 1981
f 1981 1896 1897
f 1981 1897 1982
f 1982 1897 1898
f 1982 1898 1983
f 1983 1898 1899
f 1983 1899 1984
f 1984 1899 1904
f 1903 1900 1985
f 1985 1900 1901
f 1985 1901 1922
f 1909 1902 1986
f 1986 1902 1903
f 1986 1903 1985
f 1984 1904 1906
f 1907 1905 1987
f 1987 1905 1988
f 1988 1905 1908
f 1984 1906 1989
f 1989 1906 1907
f 1989 1907 1990
f 1990 1907 1987
f 1988 1908 1991
f 1991 1908 1909
f 1991 1909 1992
f 1992 1909 1986
f 1929 1910 1993
f 1993 1910 1994
f 1994 1910 1911
f 1994 1911 1914
f 1994 1914 1995
f 1995 1914 1996
f 1996 1914 1915
f 1996 1915 1920
f 1921 1916 1997
f 1997 1916 1917
f 1997 1917 1998
f 1998 1917 1999
f 1999 1917 1919
f 1919 1917 1918
f 2000 1920 1921
f 1996 1920 2001
f 2001 1920 2002
f 2002 1920 2000
f 2000 1921 2003
f 2003 1921 1997
f 1985 1922 2004
f 2004 1922 2005
f 2005 1922 1923
f 2005 1923 2006
f 2006 1923 1924
f 2006 1924 2007
f 2007 1924 1925
f 2007 1925 2008
f 2008 1925 2009
f 2009 1925 1926
f 2009 1926 2010
f 2010 1926 1927
f 2010 1927 1930
f 1931 1928 2011
f 2011 1928 1929
f 2011 1929 1993
f 2010 1930 2012
f 2012 1930 2013
f 2013 1930 1931
f 2013 1931 2014
f 2014 1931 2011
f 1953 1932 2015
f 2015 1932 2016
f 2016 1932 1934
f 1934 1932 1933
f 2016 1934 2017
f 2017 1934 1935
f 2017 1935 1936
f 2018 1936 1937
f 2017 1936 2019
f 2019 1936 2018
f 2018 1937 2020
f 2020 1937 2021
f 2021 1937 1938
f 2021 1938 1939
f 2021 1939 2022
f 2022 1939 1940
f 2022 1940 2023
f 2023 1940 1941
f 2023 1941 2024
f 2024 1941 1942
f 2024 1942 2025
f 2025 1942 1943
f 2025 1943 2026
f 2026 1943 1944
f 2026 1944 2027
f 2027 1944 1945
f 2027 1945 2028
f 2028 1945 2029
f 2029 1945 1946
f 2029 1946 1947
f 2029 1947 2030
f 2030 1947 1948
f 1973 1950 2031
f 2031 1950 2032
f 2032 1950 1951
f 2032 1951 2033
f 2033 1951 1952
f 2033 1952 2034
f 2034 1952 1953
f 2034 1953 2015
f 2035 1954 1955
f 1956 1954 2035
f 2035 1955 2036
f 2036 1955 2037
f 2037 1955 1957
f 1957 1955 1960
f 2038 1956 2035
f 2037 1957 1958
f 2039 1958 2040
f 2040 1958 2041
f 2041 1958 2042
f 2042 1958 1959
f 2037 1958 2043
f 2043 1958 2039
f 2042 1959 1961
f 2042 1961 2044
f 2044 1961 2045
f 2045 1961 2046
f 2046 1961 1962
f 2046 1962 1963
f 2046 1963 2047
f 2047 1963 2048
f 2048 1963 1964
f 2048 1964 1965
f 2048 1965 1966
f 2049 1966 2050
f 2050 1966 2051
f 2051 1966 2052
f 2052 1966 1967
f 2048 1966 2049
f 2052 1967 1968
f 2052 1968 2051
f 2051 1968 2053
f 2053 1968 2054
f 2054 1968 1970
f 1970 1968 1969
f 2054 1970 2055
f 2055 1970 2056
f 2056 1970 1971
f 2056 1971 1972
f 2056 1972 2057
f 2057 1972 1973
f 2057 1973 2031
f 2058 1975 1976
f 2058 1976 2059
f 2059 1976 1977
f 2059 1977 2060
f 2060 1977 2061
f 2061 1977 1978
f 2061 1978 2063
f 2063 1978 1979
f 2062 1979 1980
f 2063 1979 2062
f 2062 1980 1981
f 2062 1981 2064
f 2064 1981 1982
f 2064 1982 2065
f 2065 1982 1983
f 2065 1983 1984
f 2065 1984 2066
f 2066 1984 1989
f 1986 1985 2004
f 1992 1986 2004
f 1990 1987 2067
f 2067 1987 2068
f 2068 1987 1991
f 1991 1987 1988
f 2066 1989 2069
f 2069 1989 1990
f 2069 1990 2070
f 2070 1990 2067
f 2068 1991 2071
f 2071 1991 2072
f 2072 1991 1992
f 2072 1992 2073
f 2073 1992 2004
f 2011 1993 2074
f 2074 1993 1994
f 2074 1994 1995
f 2074 1995 2075
f 2075 1995 1996
f 2075 1996 2076
f 2076 1996 2077
f 2077 1996 2001
f 2078 1997 1998
f 2003 1997 2079
f 2079 1997 2078
f 2002 2000 2080
f 2080 2000 2003
f 2077 2001 2081
f 2081 2001 2002
f 2081 2002 2082
f 2082 2002 2080
f 2080 2003 2083
f 2083 2003 2084
f 2084 2003 2079
f 2073 2004 2085
f 2085 2004 2005
f 2085 2005 2006
f 2085 2006 2086
f 2086 2006 2007
f 2086 2007 2087
f 2087 2007 2008
f 2087 2008 2088
f 2088 2008 2089
f 2089 2008 2009
f 2089 2009 2090
f 2090 2009 2010
f 2090 2010 2012
f 2014 2011 2091
f 2091 2011 2092
f 2092 2011 2074
f 2090 2012 2093
f 2093 2012 2094
f 2094 2012 2013
f 2094 2013 2095
f 2095 2013 2014
f 2095 2014 2091
f 2034 2015 2096
f 2096 2015 2097
f 2097 2015 2098
f 2098 2015 2016
f 2098 2016 2017
f 2098 2017 2019
f 2019 2018 2099
f 2099 2018 2100
f 2100 2018 2101
f 2101 2018 2020
f 2098 2019 2099
f 2101 2020 2102
f 2102 2020 2103
f 2103 2020 2021
f 2103 2021 2104
f 2104 2021 2022
f 2104 2022 2105
f 2105 2022 2106
f 2106 2022 2107
f 2107 2022 2023
f 2107 2023 2108
f 2108 2023 2024
f 2108 2024 2109
f 2109 2024 2025
f 2109 2025 2110
f 2110 2025 2026
f 2110 2026 2111
f 2111 2026 2027
f 2111 2027 2112
f 2112 2027 2028
f 2113 2028 2029
f 2112 2028 2114
f 2114 2028 2113
f 2113 2029 2115
f 2115 2029 2116
f 2116 2029 2117
f 2117 2029 2118
f 2118 2029 2030
f 2119 2031 2120
f 2120 2031 2032
f 2057 2031 2119
f 2120 2032 2033
f 2120 2033 2121
f 2121 2033 2034
f 2121 2034 2096
f 2122 2035 2036
f 2038 2035 2122
f 2122 2036 2123
f 2123 2036 2037
f 2123 2037 2124
f 2124 2037 2043
f 2125 2038 2122
f 2043 2039 2124
f 2124 2039 2126
f 2126 2039 2127
f 2127 2039 2040
f 2128 2040 2129
f 2129 2040 2130
f 2130 2040 2041
f 2127 2040 2128
f 2044 2041 2042
f 2130 2041 2044
f 2130 2044 2131
f 2131 2044 2132
f 2132 2044 2133
f 2133 2044 2045
f 2133 2045 2134
f 2134 2045 2046
f 2134 2046 2135
f 2135 2046 2047
f 2135 2047 2049
f 2049 2047 2048
f 2135 2049 2136
f 2136 2049 2050
f 2136 2050 2051
f 2137 2051 2138
f 2138 2051 2139
f 2139 2051 2140
f 2140 2051 2053
f 2136 2051 2137
f 2140 2053 2141
f 2141 2053 2142
f 2142 2053 2054
f 2142 2054 2055
f 2142 2055 2141
f 2141 2055 2143
f 2143 2055 2144
f 2144 2055 2145
f 2145 2055 2146
f 2146 2055 2057
f 2057 2055 2056
f 2146 2057 2119
f 2147 2058 2059
f 2147 2059 2148
f 2148 2059 2149
f 2149 2059 2060
f 2149 2060 2114
f 2114 2060 2112
f 2112 2060 2061
f 2112 2061 2063
f 2150 2062 2065
f 2065 2062 2064
f 2063 2062 2150
f 2112 2063 2111
f 2111 2063 2151
f 2151 2063 2150
f 2150 2065 2152
f 2152 2065 2066
f 2152 2066 2153
f 2153 2066 2069
f 2070 2067 2154
f 2154 2067 2068
f 2154 2068 2071
f 2153 2069 2155
f 2155 2069 2070
f 2156 2070 2154
f 2155 2070 2157
f 2157 2070 2158
f 2158 2070 2156
f 2154 2071 2072
f 2154 2072 2159
f 2159 2072 2160
f 2160 2072 2073
f 2160 2073 2173
f 2173 2073 2085
f 2092 2074 2161
f 2161 2074 2075
f 2161 2075 2162
f 2162 2075 2076
f 2163 2076 2077
f 2162 2076 2164
f 2164 2076 2163
f 2163 2077 2165
f 2165 2077 2081
f 2079 2078 2166
f 2084 2079 2166
f 2082 2080 2167
f 2167 2080 2083
f 2165 2081 2168
f 2168 2081 2082
f 2168 2082 2169
f 2169 2082 2167
f 2167 2083 2170
f 2170 2083 2084
f 2170 2084 2171
f 2171 2084 2172
f 2172 2084 2166
f 2173 2085 2086
f 2173 2086 2174
f 2174 2086 2087
f 2174 2087 2175
f 2175 2087 2088
f 2175 2088 2176
f 2176 2088 2177
f 2177 2088 2089
f 2178 2089 2090
f 2177 2089 2179
f 2179 2089 2178
f 2178 2090 2093
f 2095 2091 2180
f 2180 2091 2181
f 2181 2091 2092
f 2181 2092 2161
f 2178 2093 2182
f 2182 2093 2183
f 2183 2093 2184
f 2184 2093 2094
f 2184 2094 2185
f 2185 2094 2095
f 2185 2095 2180
f 2121 2096 2186
f 2186 2096 2187
f 2187 2096 2188
f 2188 2096 2097
f 2188 2097 2099
f 2099 2097 2098
f 2188 2099 2100
f 2189 2100 2101
f 2188 2100 2190
f 2190 2100 2189
f 2189 2101 2191
f 2191 2101 2102
f 2191 2102 2192
f 2192 2102 2193
f 2193 2102 2194
f 2194 2102 2103
f 2194 2103 2195
f 2195 2103 2104
f 2195 2104 2105
f 2195 2105 2196
f 2196 2105 2197
f 2197 2105 2106
f 2197 2106 2107
f 2197 2107 2198
f 2198 2107 2108
f 2198 2108 2199
f 2199 2108 2109
f 2199 2109 2200
f 2200 2109 2110
f 2200 2110 2151
f 2151 2110 2111
f 2114 2113 2149
f 2149 2113 2148
f 2148 2113 2115
f 2148 2115 2201
f 2201 2115 2116
f 2146 2119 2202
f 2202 2119 2203
f 2203 2119 2204
f 2204 2119 2120
f 2204 2120 2121
f 2204 2121 2205
f 2205 2121 2186
f 2206 2122 2123
f 2125 2122 2206
f 2207 2123 2208
f 2208 2123 2124
f 2206 2123 2207
f 2208 2124 2126
f 2209 2125 2206
f 2208 2126 2127
f 2208 2127 2210
f 2210 2127 2211
f 2211 2127 2128
f 2211 2128 2212
f 2212 2128 2129
f 2213 2129 2130
f 2212 2129 2214
f 2214 2129 2215
f 2215 2129 2216
f 2216 2129 2213
f 2213 2130 2131
f 2213 2131 2217
f 2217 2131 2132
f 2218 2132 2219
f 2219 2132 2134
f 2134 2132 2133
f 2217 2132 2220
f 2220 2132 2221
f 2221 2132 2222
f 2222 2132 2218
f 2219 2134 2218
f 2218 2134 2223
f 2223 2134 2135
f 2223 2135 2136
f 2223 2136 2218
f 2218 2136 2224
f 2224 2136 2225
f 2225 2136 2137
f 2225 2137 2138
f 2225 2138 2226
f 2226 2138 2227
f 2227 2138 2139
f 2227 2139 2141
f 2141 2139 2140
f 2144 2141 2143
f 2227 2141 2228
f 2228 2141 2229
f 2229 2141 2144
f 2230 2144 2145
f 2229 2144 2230
f 2230 2145 2229
f 2229 2145 2231
f 2231 2145 2232
f 2232 2145 2203
f 2203 2145 2202
f 2202 2145 2146
f 2233 2147 2148
f 2233 2148 2201
f 2151 2150 2200
f 2200 2150 2234
f 2234 2150 2152
f 2199 2152 2198
f 2198 2152 2153
f 2234 2152 2199
f 2198 2153 2197
f 2197 2153 2155
f 2235 2154 2236
f 2236 2154 2159
f 2156 2154 2235
f 2197 2155 2196
f 2196 2155 2237
f 2237 2155 2157
f 2158 2156 2238
f 2238 2156 2235
f 2237 2157 2239
f 2239 2157 2158
f 2239 2158 2240
f 2240 2158 2238
f 2241 2159 2160
f 2236 2159 2242
f 2242 2159 2243
f 2243 2159 2241
f 2241 2160 2173
f 2181 2161 2244
f 2244 2161 2162
f 2244 2162 2245
f 2245 2162 2246
f 2246 2162 2164
f 2164 2163 2247
f 2247 2163 2248
f 2248 2163 2165
f 2246 2164 2249
f 2249 2164 2247
f 2248 2165 2168
f 2172 2166 2250
f 2169 2167 2251
f 2251 2167 2170
f 2248 2168 2252
f 2252 2168 2253
f 2253 2168 2169
f 2253 2169 2254
f 2254 2169 2251
f 2251 2170 2257
f 2257 2170 2171
f 2255 2171 2256
f 2256 2171 2250
f 2250 2171 2172
f 2257 2171 2255
f 2241 2173 2258
f 2258 2173 2174
f 2258 2174 2259
f 2259 2174 2175
f 2259 2175 2176
f 2259 2176 2260
f 2260 2176 2177
f 2260 2177 2261
f 2261 2177 2262
f 2262 2177 2179
f 2179 2178 2263
f 2263 2178 2182
f 2262 2179 2264
f 2264 2179 2263
f 2185 2180 2265
f 2265 2180 2181
f 2265 2181 2266
f 2266 2181 2244
f 2263 2182 2264
f 2264 2182 2267
f 2267 2182 2268
f 2268 2182 2183
f 2269 2183 2184
f 2268 2183 2269
f 2269 2184 2185
f 2269 2185 2270
f 2270 2185 2265
f 2205 2186 2271
f 2271 2186 2187
f 2271 2187 2272
f 2272 2187 2190
f 2190 2187 2188
f 2190 2189 2273
f 2273 2189 2274
f 2274 2189 2191
f 2272 2190 2273
f 2274 2191 2275
f 2275 2191 2192
f 2275 2192 2243
f 2243 2192 2242
f 2242 2192 2240
f 2240 2192 2193
f 2240 2193 2239
f 2239 2193 2194
f 2239 2194 2237
f 2237 2194 2195
f 2237 2195 2196
f 2234 2199 2200
f 2232 2203 2205
f 2205 2203 2204
f 2276 2205 2277
f 2277 2205 2271
f 2232 2205 2276
f 2209 2206 2278
f 2278 2206 2279
f 2279 2206 2207
f 2279 2207 2280
f 2280 2207 2208
f 2280 2208 2281
f 2281 2208 2210
f 2282 2209 2278
f 2281 2210 2211
f 2283 2211 2284
f 2284 2211 2212
f 2281 2211 2283
f 2284 2212 2285
f 2285 2212 2214
f 2216 2213 2217
f 2285 2214 2286
f 2286 2214 2287
f 2287 2214 2288
f 2288 2214 2289
f 2289 2214 2216
f 2216 2214 2215
f 2289 2216 2290
f 2290 2216 2291
f 2291 2216 2217
f 2291 2217 2220
f 2222 2218 2221
f 2221 2218 2292
f 2292 2218 2293
f 2293 2218 2294
f 2294 2218 2225
f 2225 2218 2224
f 2291 2220 2295
f 2295 2220 2296
f 2296 2220 2221
f 2296 2221 2297
f 2297 2221 2292
f 2294 2225 2298
f 2298 2225 2299
f 2299 2225 2226
f 2299 2226 2227
f 2299 2227 2300
f 2300 2227 2301
f 2301 2227 2303
f 2303 2227 2302
f 2302 2227 2228
f 2302 2228 2229
f 2303 2229 2304
f 2304 2229 2305
f 2305 2229 2231
f 2302 2229 2303
f 2305 2231 2276
f 2276 2231 2232
f 2238 2235 2236
f 2238 2236 2242
f 2240 2238 2242
f 2243 2241 2306
f 2306 2241 2258
f 2275 2243 2306
f 2266 2244 2245
f 2266 2245 2307
f 2307 2245 2308
f 2308 2245 2246
f 2308 2246 2309
f 2309 2246 2249
f 2249 2247 2310
f 2310 2247 2248
f 2310 2248 2311
f 2311 2248 2252
f 2309 2249 2312
f 2312 2249 2310
f 2254 2251 2313
f 2313 2251 2257
f 2311 2252 2314
f 2314 2252 2315
f 2315 2252 2253
f 2315 2253 2316
f 2316 2253 2254
f 2316 2254 2372
f 2372 2254 2313
f 2257 2255 2317
f 2317 2255 2318
f 2318 2255 2319
f 2313 2257 2371
f 2371 2257 2317
f 2306 2258 2320
f 2320 2258 2259
f 2320 2259 2321
f 2321 2259 2260
f 2321 2260 2322
f 2322 2260 2261
f 2322 2261 2323
f 2323 2261 2262
f 2323 2262 2324
f 2324 2262 2325
f 2325 2262 2264
f 2325 2264 2267
f 2270 2265 2307
f 2307 2265 2266
f 2325 2267 2326
f 2326 2267 2327
f 2327 2267 2268
f 2328 2268 2269
f 2327 2268 2328
f 2328 2269 2329
f 2329 2269 2270
f 2329 2270 2307
f 2277 2271 2330
f 2330 2271 2272
f 2330 2272 2273
f 2330 2273 2331
f 2331 2273 2332
f 2332 2273 2274
f 2332 2274 2333
f 2333 2274 2275
f 2333 2275 2306
f 2305 2276 2334
f 2334 2276 2335
f 2335 2276 2336
f 2336 2276 2277
f 2336 2277 2330
f 2282 2278 2337
f 2337 2278 2338
f 2338 2278 2279
f 2339 2279 2340
f 2340 2279 2280
f 2338 2279 2339
f 2340 2280 2341
f 2341 2280 2281
f 2341 2281 2283
f 2342 2283 2343
f 2343 2283 2284
f 2341 2283 2342
f 2343 2284 2344
f 2344 2284 2345
f 2345 2284 2285
f 2345 2285 2346
f 2346 2285 2286
f 2346 2286 2347
f 2347 2286 2348
f 2348 2286 2287
f 2348 2287 2349
f 2349 2287 2350
f 2350 2287 2351
f 2351 2287 2352
f 2352 2287 2288
f 2290 2288 2289
f 2352 2288 2290
f 2352 2290 2353
f 2353 2290 2296
f 2296 2290 2295
f 2295 2290 2291
f 2297 2292 2354
f 2354 2292 2293
f 2298 2293 2294
f 2354 2293 2355
f 2355 2293 2298
f 2353 2296 2356
f 2356 2296 2357
f 2357 2296 2354
f 2354 2296 2297
f 2355 2298 2300
f 2300 2298 2299
f 2354 2300 2358
f 2358 2300 2359
f 2359 2300 2360
f 2360 2300 2301
f 2355 2300 2354
f 2360 2301 2361
f 2361 2301 2303
f 2361 2303 2304
f 2361 2304 2362
f 2362 2304 2334
f 2334 2304 2305
f 2333 2306 2320
f 2329 2307 2363
f 2363 2307 2364
f 2364 2307 2308
f 2364 2308 2309
f 2364 2309 2365
f 2365 2309 2366
f 2366 2309 2312
f 2312 2310 2367
f 2367 2310 2311
f 2367 2311 2368
f 2368 2311 2369
f 2369 2311 2314
f 2366 2312 2370
f 2370 2312 2367
f 2372 2313 2424
f 2424 2313 2371
f 2369 2314 2373
f 2373 2314 2315
f 2373 2315 2374
f 2374 2315 2316
f 2374 2316 2375
f 2375 2316 2372
f 2371 2317 2318
f 2371 2318 2376
f 2376 2318 2319
f 2333 2320 2377
f 2377 2320 2378
f 2378 2320 2321
f 2378 2321 2322
f 2378 2322 2379
f 2379 2322 2323
f 2379 2323 2380
f 2380 2323 2381
f 2381 2323 2324
f 2381 2324 2382
f 2382 2324 2325
f 2382 2325 2326
f 2382 2326 2383
f 2383 2326 2327
f 2384 2327 2328
f 2383 2327 2384
f 2384 2328 2385
f 2385 2328 2329
f 2385 2329 2363
f 2336 2330 2331
f 2336 2331 2386
f 2386 2331 2332
f 2387 2332 2377
f 2377 2332 2333
f 2386 2332 2387
f 2362 2334 2380
f 2380 2334 2388
f 2388 2334 2389
f 2389 2334 2335
f 2389 2335 2336
f 2389 2336 2386
f 2390 2338 2339
f 2390 2339 2391
f 2391 2339 2392
f 2392 2339 2340
f 2392 2340 2341
f 2392 2341 2342
f 2393 2342 2394
f 2394 2342 2395
f 2395 2342 2343
f 2392 2342 2393
f 2395 2343 2396
f 2396 2343 2397
f 2397 2343 2398
f 2398 2343 2344
f 2398 2344 2345
f 2398 2345 2399
f 2399 2345 2400
f 2400 2345 2346
f 2400 2346 2347
f 2400 2347 2401
f 2401 2347 2348
f 2401 2348 2402
f 2402 2348 2349
f 2402 2349 2403
f 2403 2349 2404
f 2404 2349 2365
f 2365 2349 2405
f 2405 2349 2350
f 2405 2350 2406
f 2406 2350 2351
f 2407 2351 2352
f 2406 2351 2408
f 2408 2351 2407
f 2407 2352 2353
f 2407 2353 2356
f 2357 2354 2409
f 2409 2354 2410
f 2410 2354 2358
f 2407 2356 2411
f 2411 2356 2412
f 2412 2356 2413
f 2413 2356 2357
f 2413 2357 2414
f 2414 2357 2409
f 2410 2358 2359
f 2410 2359 2415
f 2415 2359 2416
f 2416 2359 2360
f 2416 2360 2361
f 2416 2361 2417
f 2417 2361 2362
f 2417 2362 2380
f 2385 2363 2418
f 2418 2363 2406
f 2406 2363 2419
f 2419 2363 2364
f 2419 2364 2365
f 2419 2365 2405
f 2404 2365 2366
f 2404 2366 2420
f 2420 2366 2370
f 2370 2367 2368
f 2370 2368 2421
f 2421 2368 2422
f 2422 2368 2369
f 2422 2369 2423
f 2423 2369 2373
f 2420 2370 2421
f 2424 2371 2432
f 2432 2371 2376
f 2375 2372 2429
f 2429 2372 2424
f 2423 2373 2425
f 2425 2373 2426
f 2426 2373 2374
f 2426 2374 2427
f 2427 2374 2428
f 2428 2374 2375
f 2428 2375 2430
f 2430 2375 2431
f 2431 2375 2429
f 2387 2377 2433
f 2433 2377 2378
f 2433 2378 2379
f 2433 2379 2388
f 2388 2379 2380
f 2417 2380 2381
f 2434 2381 2382
f 2417 2381 2434
f 2434 2382 2435
f 2435 2382 2383
f 2435 2383 2436
f 2436 2383 2437
f 2437 2383 2438
f 2438 2383 2384
f 2438 2384 2385
f 2438 2385 2418
f 2389 2386 2387
f 2389 2387 2433
f 2433 2388 2389
f 2439 2391 2392
f 2439 2392 2440
f 2440 2392 2393
f 2440 2393 2441
f 2441 2393 2442
f 2442 2393 2394
f 2442 2394 2443
f 2443 2394 2444
f 2444 2394 2395
f 2444 2395 2396
f 2444 2396 2445
f 2445 2396 2446
f 2446 2396 2397
f 2446 2397 2398
f 2447 2398 2399
f 2446 2398 2447
f 2448 2399 2400
f 2447 2399 2448
f 2448 2400 2449
f 2449 2400 2401
f 2450 2401 2451
f 2451 2401 2402
f 2449 2401 2450
f 2451 2402 2403
f 2451 2403 2452
f 2452 2403 2420
f 2420 2403 2404
f 2419 2405 2406
f 2418 2406 2438
f 2438 2406 2453
f 2453 2406 2408
f 2408 2407 2411
f 2453 2408 2411
f 2414 2409 2436
f 2436 2409 2410
f 2436 2410 2415
f 2453 2411 2412
f 2453 2412 2438
f 2438 2412 2437
f 2437 2412 2436
f 2436 2412 2414
f 2414 2412 2413
f 2436 2415 2435
f 2435 2415 2434
f 2434 2415 2416
f 2434 2416 2417
f 2452 2420 2421
f 2452 2421 2454
f 2454 2421 2422
f 2454 2422 2455
f 2455 2422 2456
f 2456 2422 2423
f 2456 2423 2457
f 2457 2423 2425
f 2429 2424 2458
f 2458 2424 2432
f 2457 2425 2459
f 2459 2425 2426
f 2459 2426 2427
f 2459 2427 2460
f 2460 2427 2428
f 2460 2428 2430
f 2461 2429 2458
f 2431 2429 2463
f 2463 2429 2461
f 2460 2430 2462
f 2462 2430 2463
f 2463 2430 2431
f 2464 2440 2441
f 2464 2441 2465
f 2465 2441 2442
f 2466 2442 2467
f 2467 2442 2443
f 2465 2442 2466
f 2467 2443 2468
f 2468 2443 2469
f 2469 2443 2444
f 2469 2444 2445
f 2469 2445 2470
f 2470 2445 2447
f 2447 2445 2446
f 2470 2447 2471
f 2471 2447 2448
f 2471 2448 2455
f 2455 2448 2450
f 2450 2448 2449
f 2455 2450 2454
f 2454 2450 2452
f 2452 2450 2451
f 2457 2455 2456
f 2471 2455 2457
f 2471 2457 2472
f 2472 2457 2459
f 2472 2459 2473
f 2473 2459 2460
f 2473 2460 2474
f 2474 2460 2475
f 2475 2460 2462
f 2476 2468 2469
f 2476 2469 2477
f 2477 2469 2470
f 2477 2470 2472
f 2472 2470 2471
f 2477 2472 2473
f 2477 2473 2478
f 2478 2473 2474
f 2478 2474 2475
f 2478 2476 2477
f 2480 2479 2481
f 2481 2479 2482
f 2482 2479 2483
f 2483 2479 2491
f 2491 2479 2506
f 2506 2479 2522
f 2522 2479 2542
f 2542 2479 2572
f 2572 2479 2571
f 2571 2479 2570
f 2570 2479 2607
f 2607 2479 2642
f 2642 2479 2641
f 2641 2479 2679
f 2679 2479 2725
f 2725 2479 2770
f 2770 2479 2769
f 2769 2479 2822
f 2822 2479 2881
f 2881 2479 2880
f 2880 2479 2887
f 2887 2479 2950
f 2950 2479 3017
f 3017 2479 3024
f 3024 2479 3092
f 3092 2479 3163
f 3163 2479 3245
f 3245 2479 3244
f 3244 2479 3243
f 3243 2479 3242
f 3242 2479 3335
f 3335 2479 3424
f 3424 2479 3518
f 3518 2479 3614
f 3614 2479 3613
f 3613 2479 3612
f 3612 2479 3543
f 3543 2479 3542
f 3542 2479 3449
f 3449 2479 3356
f 3356 2479 3266
f 3266 2479 3186
f 3186 2479 3113
f 3113 2479 3044
f 3044 2479 2971
f 2971 2479 2910
f 2910 2479 2908
f 2908 2479 2846
f 2846 2479 2788
f 2788 2479 2735
f 2735 2479 2734
f 2734 2479 2731
f 2731 2479 2687
f 2687 2479 2686
f 2686 2479 2685
f 2685 2479 2684
f 2684 2479 2646
f 2646 2479 2610
f 2610 2479 2609
f 2609 2479 2576
f 2576 2479 2575
f 2575 2479 2550
f 2550 2479 2549
f 2549 2479 2527
f 2527 2479 2526
f 2526 2479 2523
f 2523 2479 2507
f 2507 2479 2492
f 2492 2479 2484
f 2495 2479 2484
f 2512 2479 2495
f 2531 2479 2512
f 2556 2479 2531
f 2587 2479 2556
f 2621 2479 2587
f 2655 2479 2621
f 2697 2479 2655
f 2747 2479 2697
f 2746 2479 2747
f 2801 2479 2746
f 2860 2479 2801
f 2859 2479 2860
f 2921 2479 2859
f 2983 2479 2921
f 3058 2479 2983
f 3129 2479 3058
f 3130 2479 3129
f 3204 2479 3130
f 3286 2479 3204
f 3285 2479 3286
f 3378 2479 3285
f 3377 2479 3378
f 3471 2479 3377
f 3561 2479 3471
f 3560 2479 3561
f 3656 2479 3560
f 3731 2479 3656
f 3732 2479 3731
f 3811 2479 3732
f 3810 2479 3811
f 3809 2479 3810
f 3884 2479 3809
f 3883 2479 3884
f 3882 2479 3883
f 3881 2479 3882
f 3942 2479 3881
f 3941 2479 3942
f 3879 2479 3941
f 3878 2479 3879
f 3877 2479 3878
f 3876 2479 3877
f 3940 2479 3876
f 3987 2479 3940
f 4028 2479 3987
f 4050 2479 4028
f 4058 2479 4050
f 4051 2479 4058
f 4029 2479 4051
f 3988 2479 4029
f 3943 2479 3988
f 3885 2479 3943
f 3812 2479 3885
f 3735 2479 3812
f 3734 2479 3735
f 3662 2479 3734
f 3661 2479 3662
f 3733 2479 3661
f 3659 2479 3733
f 3658 2479 3659
f 3566 2479 3658
f 3565 2479 3566
f 3564 2479 3565
f 3562 2479 3564
f 3473 2479 3562
f 3379 2479 3473
f 3384 2479 3379
f 3383 2479 3384
f 3382 2479 3383
f 3293 2479 3382
f 3292 2479 3293
f 3291 2479 3292
f 3290 2479 3291
f 3287 2479 3290
f 3205 2479 3287
f 3131 2479 3205
f 3061 2479 3131
f 2986 2479 3061
f 2985 2479 2986
f 2923 2479 2985
f 2862 2479 2923
f 2804 2479 2862
f 2802 2479 2804
f 2750 2479 2802
f 2749 2479 2750
f 2702 2479 2749
f 2701 2479 2702
f 2700 2479 2701
f 2659 2479 2700
f 2625 2479 2659
f 2592 2479 2625
f 2591 2479 2592
f 2588 2479 2591
f 2557 2479 2588
f 2532 2479 2557
f 2513 2479 2532
f 2498 2479 2513
f 2497 2479 2498
f 2496 2479 2497
f 2485 2479 2496
f 2480 2479 2485
f 2485 2480 2486
f 2486 2480 2481
f 2486 2481 2482
f 2486 2482 2487
f 2487 2482 2488
f 2488 2482 2489
f 2489 2482 2490
f 2490 2482 2483
f 2490 2483 2489
f 2489 2483 2491
f 2492 2484 2493
f 2493 2484 2494
f 2494 2484 2495
f 2496 2485 2486
f 2496 2486 2497
f 2497 2486 2498
f 2498 2486 2499
f 2499 2486 2487
f 2499 2487 2500
f 2500 2487 2488
f 2500 2488 2501
f 2501 2488 2502
f 2502 2488 2503
f 2503 2488 2489
f 2503 2489 2504
f 2504 2489 2505
f 2505 2489 2491
f 2505 2491 2504
f 2504 2491 2506
f 2507 2492 2508
f 2508 2492 2509
f 2509 2492 2493
f 2509 2493 2510
f 2510 2493 2494
f 2510 2494 2511
f 2511 2494 2512
f 2512 2494 2495
f 2513 2498 2499
f 2514 2499 2500
f 2513 2499 2515
f 2515 2499 2514
f 2514 2500 2501
f 2516 2501 2517
f 2517 2501 2502
f 2514 2501 2516
f 2518 2502 2519
f 2519 2502 2503
f 2517 2502 2518
f 2519 2503 2520
f 2520 2503 2504
f 2520 2504 2521
f 2521 2504 2506
f 2521 2506 2522
f 2523 2507 2508
f 2524 2508 2525
f 2525 2508 2509
f 2523 2508 2526
f 2526 2508 2527
f 2527 2508 2524
f 2525 2509 2528
f 2528 2509 2510
f 2529 2510 2511
f 2528 2510 2529
f 2529 2511 2530
f 2530 2511 2531
f 2531 2511 2512
f 2532 2513 2515
f 2515 2514 2533
f 2533 2514 2534
f 2534 2514 2535
f 2535 2514 2516
f 2532 2515 2536
f 2536 2515 2533
f 2535 2516 2537
f 2537 2516 2517
f 2537 2517 2538
f 2538 2517 2518
f 2538 2518 2539
f 2539 2518 2540
f 2540 2518 2519
f 2540 2519 2520
f 2540 2520 2541
f 2541 2520 2542
f 2542 2520 2522
f 2522 2520 2521
f 2543 2524 2544
f 2544 2524 2545
f 2545 2524 2546
f 2546 2524 2547
f 2547 2524 2548
f 2548 2524 2525
f 2527 2524 2549
f 2549 2524 2550
f 2550 2524 2543
f 2548 2525 2551
f 2551 2525 2528
f 2551 2528 2552
f 2552 2528 2553
f 2553 2528 2529
f 2553 2529 2554
f 2554 2529 2530
f 2555 2530 2556
f 2556 2530 2531
f 2554 2530 2555
f 2557 2532 2536
f 2558 2533 2534
f 2536 2533 2559
f 2559 2533 2558
f 2560 2534 2535
f 2558 2534 2561
f 2561 2534 2560
f 2562 2535 2537
f 2560 2535 2562
f 2557 2536 2559
f 2562 2537 2563
f 2563 2537 2538
f 2563 2538 2564
f 2564 2538 2539
f 2565 2539 2566
f 2566 2539 2540
f 2564 2539 2565
f 2566 2540 2567
f 2567 2540 2568
f 2568 2540 2569
f 2569 2540 2570
f 2570 2540 2541
f 2570 2541 2571
f 2571 2541 2572
f 2572 2541 2542
f 2573 2543 2544
f 2550 2543 2573
f 2574 2544 2545
f 2573 2544 2575
f 2575 2544 2576
f 2576 2544 2577
f 2577 2544 2574
f 2574 2545 2578
f 2578 2545 2546
f 2578 2546 2579
f 2579 2546 2547
f 2580 2547 2581
f 2581 2547 2548
f 2579 2547 2580
f 2581 2548 2551
f 2575 2550 2573
f 2581 2551 2552
f 2582 2552 2583
f 2583 2552 2553
f 2581 2552 2584
f 2584 2552 2582
f 2583 2553 2554
f 2583 2554 2585
f 2585 2554 2555
f 2586 2555 2587
f 2587 2555 2556
f 2585 2555 2586
f 2588 2557 2559
f 2589 2558 2561
f 2559 2558 2590
f 2590 2558 2589
f 2588 2559 2591
f 2591 2559 2592
f 2592 2559 2590
f 2561 2560 2593
f 2593 2560 2594
f 2594 2560 2595
f 2595 2560 2562
f 2589 2561 2593
f 2595 2562 2596
f 2596 2562 2563
f 2596 2563 2597
f 2597 2563 2564
f 2597 2564 2598
f 2598 2564 2565
f 2598 2565 2599
f 2599 2565 2600
f 2600 2565 2601
f 2601 2565 2566
f 2601 2566 2602
f 2602 2566 2567
f 2603 2567 2604
f 2604 2567 2605
f 2605 2567 2568
f 2602 2567 2603
f 2605 2568 2569
f 2605 2569 2606
f 2606 2569 2570
f 2606 2570 2607
f 2577 2574 2608
f 2608 2574 2578
f 2609 2576 2577
f 2609 2577 2610
f 2610 2577 2611
f 2611 2577 2608
f 2612 2578 2579
f 2608 2578 2613
f 2613 2578 2612
f 2612 2579 2614
f 2614 2579 2580
f 2615 2580 2616
f 2616 2580 2584
f 2584 2580 2581
f 2614 2580 2615
f 2584 2582 2616
f 2616 2582 2617
f 2617 2582 2618
f 2618 2582 2583
f 2618 2583 2585
f 2618 2585 2619
f 2619 2585 2586
f 2620 2586 2621
f 2621 2586 2587
f 2619 2586 2622
f 2622 2586 2620
f 2590 2589 2623
f 2623 2589 2624
f 2624 2589 2593
f 2592 2590 2623
f 2625 2592 2623
f 2624 2593 2626
f 2626 2593 2627
f 2627 2593 2594
f 2628 2594 2629
f 2629 2594 2595
f 2627 2594 2628
f 2629 2595 2632
f 2632 2595 2596
f 2630 2596 2631
f 2631 2596 2597
f 2632 2596 2630
f 2631 2597 2633
f 2633 2597 2598
f 2633 2598 2634
f 2634 2598 2599
f 2635 2599 2636
f 2636 2599 2637
f 2637 2599 2601
f 2601 2599 2600
f 2634 2599 2635
f 2637 2601 2638
f 2638 2601 2639
f 2639 2601 2603
f 2603 2601 2602
f 2639 2603 2604
f 2639 2604 2640
f 2640 2604 2641
f 2641 2604 2642
f 2642 2604 2605
f 2642 2605 2607
f 2607 2605 2606
f 2643 2608 2613
f 2611 2608 2644
f 2644 2608 2645
f 2645 2608 2643
f 2646 2610 2611
f 2646 2611 2644
f 2647 2612 2614
f 2613 2612 2643
f 2643 2612 2648
f 2648 2612 2647
f 2647 2614 2615
f 2649 2615 2651
f 2651 2615 2616
f 2647 2615 2650
f 2650 2615 2649
f 2651 2616 2617
f 2651 2617 2652
f 2652 2617 2653
f 2653 2617 2618
f 2653 2618 2619
f 2653 2619 2622
f 2622 2620 2657
f 2657 2620 2654
f 2654 2620 2655
f 2655 2620 2621
f 2653 2622 2656
f 2656 2622 2657
f 2625 2623 2658
f 2658 2623 2624
f 2658 2624 2626
f 2659 2625 2658
f 2658 2626 2660
f 2660 2626 2661
f 2661 2626 2627
f 2662 2627 2628
f 2661 2627 2662
f 2663 2628 2664
f 2664 2628 2629
f 2662 2628 2663
f 2664 2629 2632
f 2665 2630 2666
f 2666 2630 2667
f 2667 2630 2631
f 2632 2630 2668
f 2668 2630 2665
f 2667 2631 2633
f 2664 2632 2668
f 2667 2633 2669
f 2669 2633 2634
f 2669 2634 2670
f 2670 2634 2635
f 2670 2635 2671
f 2671 2635 2636
f 2671 2636 2672
f 2672 2636 2673
f 2673 2636 2674
f 2674 2636 2637
f 2674 2637 2638
f 2675 2638 2639
f 2674 2638 2676
f 2676 2638 2677
f 2677 2638 2678
f 2678 2638 2675
f 2675 2639 2640
f 2675 2640 2641
f 2675 2641 2679
f 2680 2643 2648
f 2645 2643 2681
f 2681 2643 2680
f 2682 2644 2683
f 2683 2644 2645
f 2646 2644 2684
f 2684 2644 2685
f 2685 2644 2686
f 2686 2644 2687
f 2687 2644 2688
f 2688 2644 2682
f 2683 2645 2681
f 2689 2647 2650
f 2648 2647 2680
f 2680 2647 2690
f 2690 2647 2689
f 2691 2649 2651
f 2650 2649 2692
f 2692 2649 2691
f 2689 2650 2692
f 2691 2651 2693
f 2693 2651 2652
f 2694 2652 2695
f 2695 2652 2656
f 2656 2652 2653
f 2693 2652 2694
f 2657 2654 2698
f 2698 2654 2696
f 2696 2654 2697
f 2697 2654 2655
f 2695 2656 2657
f 2695 2657 2699
f 2699 2657 2698
f 2659 2658 2660
f 2700 2659 2660
f 2700 2660 2701
f 2701 2660 2702
f 2702 2660 2703
f 2703 2660 2661
f 2703 2661 2704
f 2704 2661 2662
f 2705 2662 2663
f 2704 2662 2705
f 2706 2663 2707
f 2707 2663 2664
f 2705 2663 2706
f 2707 2664 2668
f 2668 2665 2708
f 2708 2665 2709
f 2709 2665 2666
f 2709 2666 2710
f 2710 2666 2667
f 2710 2667 2670
f 2670 2667 2669
f 2711 2668 2708
f 2707 2668 2711
f 2712 2670 2671
f 2710 2670 2712
f 2713 2671 2672
f 2712 2671 2713
f 2714 2672 2715
f 2715 2672 2716
f 2716 2672 2673
f 2713 2672 2714
f 2716 2673 2717
f 2717 2673 2674
f 2717 2674 2676
f 2678 2675 2718
f 2718 2675 2719
f 2719 2675 2679
f 2720 2676 2721
f 2721 2676 2677
f 2717 2676 2720
f 2718 2677 2678
f 2721 2677 2722
f 2722 2677 2723
f 2723 2677 2724
f 2724 2677 2718
f 2719 2679 2725
f 2726 2680 2690
f 2681 2680 2727
f 2727 2680 2726
f 2683 2681 2728
f 2728 2681 2727
f 2729 2682 2683
f 2688 2682 2729
f 2729 2683 2730
f 2730 2683 2728
f 2731 2687 2688
f 2732 2688 2733
f 2733 2688 2729
f 2731 2688 2734
f 2734 2688 2735
f 2735 2688 2736
f 2736 2688 2732
f 2690 2689 2737
f 2737 2689 2738
f 2738 2689 2692
f 2726 2690 2737
f 2692 2691 2738
f 2738 2691 2739
f 2739 2691 2740
f 2740 2691 2741
f 2741 2691 2693
f 2741 2693 2742
f 2742 2693 2694
f 2699 2694 2695
f 2742 2694 2743
f 2743 2694 2699
f 2698 2696 2744
f 2744 2696 2745
f 2745 2696 2746
f 2746 2696 2747
f 2747 2696 2697
f 2699 2698 2748
f 2748 2698 2744
f 2743 2699 2748
f 2749 2702 2703
f 2749 2703 2750
f 2750 2703 2751
f 2751 2703 2704
f 2751 2704 2752
f 2752 2704 2705
f 2753 2705 2754
f 2754 2705 2706
f 2752 2705 2753
f 2754 2706 2755
f 2755 2706 2756
f 2756 2706 2707
f 2756 2707 2761
f 2761 2707 2711
f 2711 2708 2757
f 2757 2708 2758
f 2758 2708 2759
f 2759 2708 2709
f 2759 2709 2760
f 2760 2709 2710
f 2760 2710 2712
f 2761 2711 2757
f 2762 2712 2713
f 2760 2712 2763
f 2763 2712 2762
f 2762 2713 2714
f 2764 2714 2715
f 2762 2714 2764
f 2764 2715 2765
f 2765 2715 2766
f 2766 2715 2767
f 2767 2715 2716
f 2767 2716 2717
f 2767 2717 2720
f 2724 2718 2768
f 2768 2718 2769
f 2769 2718 2770
f 2770 2718 2725
f 2725 2718 2719
f 2767 2720 2771
f 2771 2720 2772
f 2772 2720 2721
f 2772 2721 2722
f 2773 2722 2723
f 2772 2722 2773
f 2774 2723 2724
f 2773 2723 2775
f 2775 2723 2776
f 2776 2723 2777
f 2777 2723 2774
f 2774 2724 2768
f 2778 2726 2737
f 2727 2726 2779
f 2779 2726 2778
f 2728 2727 2780
f 2780 2727 2779
f 2730 2728 2781
f 2781 2728 2780
f 2782 2729 2730
f 2733 2729 2783
f 2783 2729 2782
f 2782 2730 2781
f 2784 2732 2733
f 2736 2732 2784
f 2785 2733 2783
f 2784 2733 2786
f 2786 2733 2787
f 2787 2733 2785
f 2788 2735 2736
f 2788 2736 2789
f 2789 2736 2784
f 2790 2737 2739
f 2739 2737 2738
f 2778 2737 2790
f 2790 2739 2791
f 2791 2739 2792
f 2792 2739 2741
f 2741 2739 2740
f 2792 2741 2793
f 2793 2741 2742
f 2793 2742 2794
f 2794 2742 2795
f 2795 2742 2743
f 2795 2743 2796
f 2796 2743 2797
f 2797 2743 2748
f 2798 2744 2745
f 2748 2744 2799
f 2799 2744 2798
f 2798 2745 2800
f 2800 2745 2746
f 2800 2746 2801
f 2797 2748 2799
f 2802 2750 2751
f 2803 2751 2752
f 2802 2751 2804
f 2804 2751 2803
f 2805 2752 2806
f 2806 2752 2753
f 2803 2752 2805
f 2806 2753 2807
f 2807 2753 2754
f 2807 2754 2808
f 2808 2754 2755
f 2808 2755 2809
f 2809 2755 2810
f 2810 2755 2756
f 2810 2756 2761
f 2761 2757 2810
f 2810 2757 2811
f 2811 2757 2812
f 2812 2757 2758
f 2812 2758 2813
f 2813 2758 2814
f 2814 2758 2759
f 2814 2759 2760
f 2814 2760 2763
f 2815 2762 2764
f 2763 2762 2814
f 2814 2762 2816
f 2816 2762 2815
f 2817 2764 2765
f 2815 2764 2817
f 2817 2765 2818
f 2818 2765 2819
f 2819 2765 2766
f 2819 2766 2820
f 2820 2766 2767
f 2820 2767 2771
f 2774 2768 2821
f 2821 2768 2822
f 2822 2768 2769
f 2820 2771 2823
f 2823 2771 2824
f 2824 2771 2772
f 2824 2772 2773
f 2824 2773 2825
f 2825 2773 2826
f 2826 2773 2775
f 2777 2774 2827
f 2827 2774 2821
f 2826 2775 2776
f 2826 2776 2828
f 2828 2776 2829
f 2829 2776 2830
f 2830 2776 2831
f 2831 2776 2777
f 2831 2777 2827
f 2779 2778 2832
f 2832 2778 2790
f 2833 2779 2832
f 2780 2779 2834
f 2834 2779 2835
f 2835 2779 2836
f 2836 2779 2833
f 2781 2780 2834
f 2782 2781 2837
f 2837 2781 2834
f 2783 2782 2838
f 2838 2782 2837
f 2785 2783 2838
f 2789 2784 2839
f 2839 2784 2786
f 2840 2785 2838
f 2787 2785 2841
f 2841 2785 2842
f 2842 2785 2840
f 2839 2786 2787
f 2839 2787 2843
f 2843 2787 2844
f 2844 2787 2845
f 2845 2787 2841
f 2846 2788 2847
f 2847 2788 2789
f 2848 2789 2839
f 2847 2789 2848
f 2832 2790 2849
f 2849 2790 2791
f 2849 2791 2850
f 2850 2791 2851
f 2851 2791 2792
f 2851 2792 2794
f 2794 2792 2793
f 2851 2794 2852
f 2852 2794 2795
f 2852 2795 2796
f 2852 2796 2853
f 2853 2796 2854
f 2854 2796 2855
f 2855 2796 2856
f 2856 2796 2797
f 2856 2797 2799
f 2799 2798 2857
f 2857 2798 2858
f 2858 2798 2800
f 2856 2799 2857
f 2859 2800 2860
f 2860 2800 2801
f 2858 2800 2861
f 2861 2800 2859
f 2804 2803 2862
f 2862 2803 2863
f 2863 2803 2864
f 2864 2803 2805
f 2864 2805 2806
f 2864 2806 2865
f 2865 2806 2807
f 2865 2807 2866
f 2866 2807 2808
f 2866 2808 2867
f 2867 2808 2809
f 2867 2809 2868
f 2868 2809 2869
f 2869 2809 2810
f 2869 2810 2811
f 2869 2811 2870
f 2870 2811 2812
f 2870 2812 2871
f 2871 2812 2813
f 2871 2813 2872
f 2872 2813 2815
f 2815 2813 2816
f 2816 2813 2814
f 2872 2815 2873
f 2873 2815 2817
f 2874 2817 2818
f 2873 2817 2874
f 2875 2818 2876
f 2876 2818 2877
f 2877 2818 2819
f 2874 2818 2878
f 2878 2818 2875
f 2877 2819 2820
f 2877 2820 2879
f 2879 2820 2823
f 2827 2821 2880
f 2880 2821 2881
f 2881 2821 2822
f 2879 2823 2882
f 2882 2823 2883
f 2883 2823 2824
f 2883 2824 2825
f 2884 2825 2826
f 2883 2825 2884
f 2884 2826 2885
f 2885 2826 2886
f 2886 2826 2828
f 2831 2827 2887
f 2887 2827 2880
f 2886 2828 2829
f 2886 2829 2888
f 2888 2829 2889
f 2889 2829 2890
f 2890 2829 2830
f 2890 2830 2891
f 2891 2830 2831
f 2891 2831 2887
f 2833 2832 2892
f 2892 2832 2849
f 2836 2833 2893
f 2893 2833 2894
f 2894 2833 2895
f 2895 2833 2892
f 2837 2834 2896
f 2896 2834 2897
f 2897 2834 2836
f 2836 2834 2835
f 2897 2836 2896
f 2896 2836 2898
f 2898 2836 2899
f 2899 2836 2900
f 2900 2836 2893
f 2838 2837 2896
f 2840 2838 2896
f 2848 2839 2843
f 2901 2840 2896
f 2842 2840 2902
f 2902 2840 2901
f 2845 2841 2842
f 2845 2842 2903
f 2903 2842 2902
f 2848 2843 2904
f 2904 2843 2905
f 2905 2843 2844
f 2905 2844 2906
f 2906 2844 2845
f 2906 2845 2907
f 2907 2845 2903
f 2908 2846 2847
f 2909 2847 2848
f 2908 2847 2910
f 2910 2847 2909
f 2909 2848 2904
f 2911 2849 2850
f 2892 2849 2911
f 2911 2850 2912
f 2912 2850 2913
f 2913 2850 2851
f 2913 2851 2852
f 2913 2852 2853
f 2913 2853 2854
f 2914 2854 2855
f 2913 2854 2915
f 2915 2854 2916
f 2916 2854 2914
f 2917 2855 2856
f 2914 2855 2917
f 2917 2856 2918
f 2918 2856 2857
f 2919 2857 2858
f 2918 2857 2919
f 2919 2858 2920
f 2920 2858 2861
f 2861 2859 2922
f 2922 2859 2921
f 2920 2861 2922
f 2923 2862 2863
f 2923 2863 2924
f 2924 2863 2925
f 2925 2863 2864
f 2925 2864 2926
f 2926 2864 2865
f 2926 2865 2927
f 2927 2865 2928
f 2928 2865 2866
f 2928 2866 2929
f 2929 2866 2867
f 2929 2867 2930
f 2930 2867 2868
f 2930 2868 2931
f 2931 2868 2932
f 2932 2868 2869
f 2932 2869 2870
f 2932 2870 2933
f 2933 2870 2871
f 2933 2871 2934
f 2934 2871 2872
f 2934 2872 2873
f 2935 2873 2874
f 2934 2873 2935
f 2935 2874 2878
f 2878 2875 2936
f 2936 2875 2937
f 2937 2875 2938
f 2938 2875 2939
f 2939 2875 2876
f 2939 2876 2940
f 2940 2876 2877
f 2940 2877 2941
f 2941 2877 2879
f 2935 2878 2942
f 2942 2878 2943
f 2943 2878 2936
f 2941 2879 2882
f 2944 2882 2945
f 2945 2882 2946
f 2946 2882 2883
f 2941 2882 2944
f 2946 2883 2884
f 2946 2884 2947
f 2947 2884 2948
f 2948 2884 2885
f 2948 2885 2886
f 2948 2886 2949
f 2949 2886 2888
f 2891 2887 2950
f 2949 2888 2951
f 2951 2888 2952
f 2952 2888 2953
f 2953 2888 2889
f 2953 2889 2954
f 2954 2889 2955
f 2955 2889 2890
f 2955 2890 2891
f 2955 2891 2950
f 2895 2892 2956
f 2956 2892 2911
f 2900 2893 2894
f 2900 2894 2899
f 2899 2894 2957
f 2957 2894 2958
f 2958 2894 2959
f 2959 2894 2960
f 2960 2894 2895
f 2961 2895 2956
f 2960 2895 2961
f 2901 2896 2898
f 2901 2898 2962
f 2962 2898 2957
f 2957 2898 2899
f 2902 2901 2962
f 2903 2902 2963
f 2963 2902 2964
f 2964 2902 2962
f 2907 2903 2965
f 2965 2903 2963
f 2909 2904 2966
f 2966 2904 2967
f 2967 2904 2905
f 2967 2905 2968
f 2968 2905 2906
f 2968 2906 2969
f 2969 2906 2965
f 2965 2906 2907
f 2910 2909 2970
f 2970 2909 2966
f 2971 2910 2972
f 2972 2910 2970
f 2956 2911 2973
f 2973 2911 2912
f 2974 2912 2913
f 2973 2912 2974
f 2974 2913 2915
f 2975 2914 2979
f 2979 2914 2917
f 2916 2914 2976
f 2976 2914 2975
f 2974 2915 2916
f 2974 2916 2977
f 2977 2916 2978
f 2978 2916 2976
f 2979 2917 2918
f 2979 2918 2980
f 2980 2918 2919
f 2981 2919 2920
f 2980 2919 2981
f 2981 2920 2982
f 2982 2920 2922
f 2922 2921 2983
f 2982 2922 2984
f 2984 2922 2983
f 2985 2923 2924
f 2985 2924 2986
f 2986 2924 2987
f 2987 2924 2988
f 2988 2924 2925
f 2988 2925 2927
f 2927 2925 2926
f 2989 2927 2990
f 2990 2927 2991
f 2991 2927 2992
f 2992 2927 2993
f 2993 2927 2929
f 2929 2927 2928
f 2988 2927 2989
f 2993 2929 2930
f 2993 2930 2994
f 2994 2930 2995
f 2995 2930 2931
f 2995 2931 2996
f 2996 2931 2997
f 2997 2931 2998
f 2998 2931 2932
f 2998 2932 2933
f 2998 2933 2999
f 2999 2933 3000
f 3000 2933 2934
f 3000 2934 2935
f 3000 2935 2999
f 2999 2935 2942
f 2943 2936 2937
f 3001 2937 3002
f 3002 2937 3003
f 3003 2937 2938
f 2943 2937 3001
f 3003 2938 3004
f 3004 2938 2939
f 3004 2939 2940
f 3005 2940 3006
f 3006 2940 3007
f 3007 2940 2941
f 3004 2940 3008
f 3008 2940 3009
f 3009 2940 3005
f 3007 2941 2944
f 2999 2942 2943
f 2999 2943 3010
f 3010 2943 3001
f 3007 2944 3011
f 3011 2944 3012
f 3012 2944 2945
f 3012 2945 3013
f 3013 2945 2947
f 2947 2945 2946
f 3013 2947 3014
f 3014 2947 2948
f 3014 2948 3015
f 3015 2948 2949
f 3015 2949 3016
f 3016 2949 2951
f 2955 2950 3017
f 3018 2951 2952
f 3016 2951 3018
f 3018 2952 3019
f 3019 2952 3020
f 3020 2952 3021
f 3021 2952 2953
f 3021 2953 2954
f 3021 2954 3022
f 3022 2954 3023
f 3023 2954 2955
f 3023 2955 3024
f 3024 2955 3017
f 2961 2956 3025
f 3025 2956 2973
f 2962 2957 3026
f 3026 2957 3094
f 3094 2957 3027
f 3027 2957 3028
f 3028 2957 2959
f 2959 2957 2958
f 3028 2959 3029
f 3029 2959 3030
f 3030 2959 2961
f 2961 2959 2960
f 3030 2961 3031
f 3031 2961 3032
f 3032 2961 3025
f 2964 2962 3026
f 2965 2963 3033
f 3033 2963 3034
f 3034 2963 3035
f 3035 2963 2964
f 3035 2964 3036
f 3036 2964 3026
f 2969 2965 3037
f 3037 2965 3038
f 3038 2965 3033
f 2970 2966 3039
f 3039 2966 3040
f 3040 2966 2967
f 3040 2967 3041
f 3041 2967 2968
f 3041 2968 2969
f 3041 2969 3042
f 3042 2969 3043
f 3043 2969 3037
f 2972 2970 3039
f 3044 2971 2972
f 3045 2972 3039
f 3044 2972 3045
f 3025 2973 3046
f 3046 2973 2974
f 3046 2974 3050
f 3050 2974 2977
f 3047 2975 3048
f 3048 2975 2979
f 2976 2975 3049
f 3049 2975 3047
f 2978 2976 3049
f 3050 2977 2978
f 3051 2978 3049
f 3050 2978 3052
f 3052 2978 3053
f 3053 2978 3054
f 3054 2978 3051
f 3048 2979 2980
f 3048 2980 3055
f 3055 2980 3056
f 3056 2980 2981
f 3056 2981 2982
f 3056 2982 3057
f 3057 2982 2984
f 2984 2983 3058
f 3057 2984 3059
f 3059 2984 3058
f 3060 2986 2991
f 2991 2986 2990
f 2990 2986 2989
f 2989 2986 2987
f 3061 2986 3062
f 3062 2986 3060
f 2989 2987 2988
f 3060 2991 3062
f 3062 2991 3063
f 3063 2991 2992
f 3063 2992 3064
f 3064 2992 2993
f 3064 2993 2994
f 3064 2994 3065
f 3065 2994 3066
f 3066 2994 3067
f 3067 2994 3068
f 3068 2994 2995
f 3068 2995 2996
f 3068 2996 3069
f 3069 2996 2997
f 3069 2997 3010
f 3010 2997 2999
f 2999 2997 2998
f 3070 3001 3071
f 3071 3001 3072
f 3072 3001 3002
f 3010 3001 3070
f 3072 3002 3009
f 3009 3002 3008
f 3008 3002 3003
f 3008 3003 3004
f 3009 3005 3073
f 3073 3005 3006
f 3073 3006 3074
f 3074 3006 3075
f 3075 3006 3011
f 3011 3006 3007
f 3072 3009 3076
f 3076 3009 3074
f 3074 3009 3073
f 3069 3010 3077
f 3077 3010 3070
f 3075 3011 3078
f 3078 3011 3147
f 3147 3011 3079
f 3079 3011 3080
f 3080 3011 3012
f 3080 3012 3081
f 3081 3012 3013
f 3081 3013 3082
f 3082 3013 3014
f 3082 3014 3015
f 3082 3015 3083
f 3083 3015 3016
f 3083 3016 3084
f 3084 3016 3085
f 3085 3016 3018
f 3085 3018 3086
f 3086 3018 3019
f 3086 3019 3087
f 3087 3019 3020
f 3087 3020 3088
f 3088 3020 3089
f 3089 3020 3021
f 3089 3021 3022
f 3089 3022 3090
f 3090 3022 3091
f 3091 3022 3023
f 3091 3023 3024
f 3091 3024 3092
f 3093 3025 3046
f 3032 3025 3093
f 3036 3026 3094
f 3094 3027 3095
f 3095 3027 3096
f 3096 3027 3097
f 3097 3027 3028
f 3097 3028 3098
f 3098 3028 3029
f 3098 3029 3030
f 3098 3030 3031
f 3099 3031 3032
f 3098 3031 3099
f 3099 3032 3100
f 3100 3032 3093
f 3038 3033 3034
f 3038 3034 3101
f 3101 3034 3102
f 3102 3034 3103
f 3103 3034 3035
f 3103 3035 3036
f 3103 3036 3104
f 3104 3036 3094
f 3105 3037 3038
f 3043 3037 3106
f 3106 3037 3105
f 3105 3038 3101
f 3045 3039 3107
f 3107 3039 3040
f 3107 3040 3108
f 3108 3040 3041
f 3108 3041 3109
f 3109 3041 3042
f 3109 3042 3110
f 3110 3042 3043
f 3110 3043 3111
f 3111 3043 3112
f 3112 3043 3106
f 3113 3044 3045
f 3114 3045 3107
f 3113 3045 3115
f 3115 3045 3114
f 3093 3046 3116
f 3116 3046 3050
f 3117 3047 3048
f 3049 3047 3118
f 3118 3047 3119
f 3119 3047 3117
f 3117 3048 3055
f 3051 3049 3118
f 3116 3050 3120
f 3120 3050 3052
f 3121 3051 3118
f 3054 3051 3122
f 3122 3051 3121
f 3120 3052 3053
f 3123 3053 3054
f 3120 3053 3124
f 3124 3053 3125
f 3125 3053 3123
f 3123 3054 3122
f 3117 3055 3126
f 3126 3055 3056
f 3126 3056 3127
f 3127 3056 3057
f 3127 3057 3128
f 3128 3057 3059
f 3059 3058 3129
f 3128 3059 3130
f 3130 3059 3129
f 3131 3061 3132
f 3132 3061 3133
f 3133 3061 3134
f 3134 3061 3062
f 3132 3062 3063
f 3134 3062 3132
f 3065 3063 3064
f 3132 3063 3135
f 3135 3063 3136
f 3136 3063 3065
f 3136 3065 3137
f 3137 3065 3066
f 3137 3066 3138
f 3138 3066 3139
f 3139 3066 3067
f 3139 3067 3140
f 3140 3067 3141
f 3141 3067 3077
f 3077 3067 3069
f 3069 3067 3068
f 3141 3070 3071
f 3077 3070 3141
f 3142 3071 3143
f 3143 3071 3072
f 3141 3071 3142
f 3143 3072 3076
f 3144 3074 3075
f 3076 3074 3144
f 3145 3075 3146
f 3146 3075 3078
f 3144 3075 3145
f 3143 3076 3144
f 3146 3078 3147
f 3147 3079 3148
f 3148 3079 3080
f 3148 3080 3081
f 3148 3081 3149
f 3149 3081 3150
f 3150 3081 3082
f 3150 3082 3083
f 3151 3083 3084
f 3150 3083 3151
f 3151 3084 3152
f 3152 3084 3153
f 3153 3084 3085
f 3153 3085 3154
f 3154 3085 3086
f 3154 3086 3155
f 3155 3086 3156
f 3156 3086 3087
f 3156 3087 3157
f 3157 3087 3158
f 3158 3087 3159
f 3159 3087 3088
f 3160 3088 3089
f 3159 3088 3161
f 3161 3088 3160
f 3160 3089 3090
f 3092 3090 3091
f 3160 3090 3162
f 3162 3090 3163
f 3163 3090 3092
f 3100 3093 3116
f 3104 3094 3095
f 3164 3095 3096
f 3104 3095 3165
f 3165 3095 3164
f 3164 3096 3166
f 3166 3096 3167
f 3167 3096 3097
f 3167 3097 3098
f 3167 3098 3168
f 3168 3098 3099
f 3169 3099 3170
f 3170 3099 3100
f 3168 3099 3169
f 3170 3100 3116
f 3105 3101 3171
f 3171 3101 3102
f 3171 3102 3172
f 3172 3102 3173
f 3173 3102 3174
f 3174 3102 3103
f 3174 3103 3104
f 3174 3104 3175
f 3175 3104 3165
f 3176 3105 3171
f 3106 3105 3176
f 3112 3106 3177
f 3177 3106 3178
f 3178 3106 3176
f 3114 3107 3179
f 3179 3107 3108
f 3179 3108 3180
f 3180 3108 3109
f 3180 3109 3181
f 3181 3109 3182
f 3182 3109 3110
f 3182 3110 3183
f 3183 3110 3111
f 3183 3111 3112
f 3183 3112 3184
f 3184 3112 3185
f 3185 3112 3177
f 3186 3113 3115
f 3115 3114 3187
f 3187 3114 3188
f 3188 3114 3179
f 3186 3115 3189
f 3189 3115 3187
f 3170 3116 3120
f 3119 3117 3190
f 3190 3117 3126
f 3121 3118 3191
f 3191 3118 3119
f 3191 3119 3192
f 3192 3119 3193
f 3193 3119 3190
f 3170 3120 3124
f 3122 3121 3194
f 3194 3121 3195
f 3195 3121 3191
f 3123 3122 3196
f 3196 3122 3194
f 3125 3123 3197
f 3197 3123 3198
f 3198 3123 3196
f 3170 3124 3199
f 3199 3124 3200
f 3200 3124 3125
f 3200 3125 3197
f 3201 3126 3127
f 3190 3126 3201
f 3201 3127 3202
f 3202 3127 3128
f 3203 3128 3130
f 3202 3128 3203
f 3203 3130 3204
f 3205 3131 3206
f 3206 3131 3132
f 3207 3132 3135
f 3134 3132 3133
f 3206 3132 3208
f 3208 3132 3209
f 3209 3132 3210
f 3210 3132 3211
f 3211 3132 3207
f 3207 3135 3136
f 3207 3136 3212
f 3212 3136 3213
f 3213 3136 3214
f 3214 3136 3138
f 3138 3136 3137
f 3214 3138 3215
f 3215 3138 3139
f 3215 3139 3216
f 3216 3139 3140
f 3216 3140 3141
f 3216 3141 3217
f 3217 3141 3142
f 3217 3142 3218
f 3218 3142 3219
f 3219 3142 3143
f 3219 3143 3220
f 3220 3143 3221
f 3221 3143 3144
f 3221 3144 3222
f 3222 3144 3145
f 3222 3145 3223
f 3223 3145 3146
f 3223 3146 3224
f 3224 3146 3147
f 3224 3147 3225
f 3225 3147 3226
f 3226 3147 3148
f 3226 3148 3227
f 3227 3148 3149
f 3227 3149 3228
f 3228 3149 3151
f 3151 3149 3150
f 3228 3151 3152
f 3229 3152 3320
f 3320 3152 3230
f 3230 3152 3153
f 3228 3152 3229
f 3230 3153 3154
f 3231 3154 3232
f 3232 3154 3155
f 3230 3154 3231
f 3232 3155 3233
f 3233 3155 3234
f 3234 3155 3156
f 3234 3156 3157
f 3234 3157 3326
f 3326 3157 3235
f 3235 3157 3236
f 3236 3157 3158
f 3236 3158 3237
f 3237 3158 3159
f 3237 3159 3238
f 3238 3159 3239
f 3239 3159 3161
f 3161 3160 3162
f 3240 3161 3162
f 3239 3161 3241
f 3241 3161 3240
f 3240 3162 3242
f 3242 3162 3243
f 3243 3162 3244
f 3244 3162 3245
f 3245 3162 3163
f 3246 3164 3166
f 3165 3164 3247
f 3247 3164 3246
f 3175 3165 3248
f 3248 3165 3247
f 3246 3166 3249
f 3249 3166 3167
f 3250 3167 3168
f 3249 3167 3250
f 3250 3168 3251
f 3251 3168 3169
f 3199 3169 3170
f 3251 3169 3199
f 3176 3171 3172
f 3176 3172 3252
f 3252 3172 3253
f 3253 3172 3254
f 3254 3172 3173
f 3254 3173 3175
f 3175 3173 3174
f 3254 3175 3248
f 3178 3176 3252
f 3255 3177 3178
f 3185 3177 3255
f 3255 3178 3256
f 3256 3178 3252
f 3188 3179 3257
f 3257 3179 3180
f 3257 3180 3181
f 3258 3181 3259
f 3259 3181 3183
f 3183 3181 3182
f 3257 3181 3260
f 3260 3181 3261
f 3261 3181 3258
f 3259 3183 3262
f 3262 3183 3184
f 3262 3184 3263
f 3263 3184 3185
f 3264 3185 3255
f 3263 3185 3265
f 3265 3185 3264
f 3266 3186 3189
f 3189 3187 3267
f 3267 3187 3268
f 3268 3187 3188
f 3268 3188 3269
f 3269 3188 3257
f 3266 3189 3270
f 3270 3189 3267
f 3193 3190 3201
f 3195 3191 3271
f 3271 3191 3192
f 3271 3192 3193
f 3272 3193 3201
f 3271 3193 3273
f 3273 3193 3274
f 3274 3193 3272
f 3196 3194 3275
f 3275 3194 3276
f 3276 3194 3195
f 3276 3195 3271
f 3198 3196 3277
f 3277 3196 3278
f 3278 3196 3275
f 3277 3197 3198
f 3200 3197 3279
f 3279 3197 3280
f 3280 3197 3281
f 3281 3197 3277
f 3251 3199 3282
f 3282 3199 3200
f 3282 3200 3279
f 3272 3201 3202
f 3272 3202 3283
f 3283 3202 3284
f 3284 3202 3203
f 3285 3203 3286
f 3286 3203 3204
f 3284 3203 3285
f 3287 3205 3208
f 3208 3205 3206
f 3211 3207 3212
f 3287 3208 3209
f 3288 3209 3289
f 3289 3209 3210
f 3287 3209 3290
f 3290 3209 3291
f 3291 3209 3292
f 3292 3209 3293
f 3293 3209 3288
f 3289 3210 3211
f 3289 3211 3294
f 3294 3211 3295
f 3295 3211 3296
f 3296 3211 3297
f 3297 3211 3212
f 3297 3212 3298
f 3298 3212 3213
f 3298 3213 3214
f 3298 3214 3299
f 3299 3214 3300
f 3300 3214 3301
f 3301 3214 3215
f 3301 3215 3216
f 3301 3216 3302
f 3302 3216 3217
f 3302 3217 3303
f 3303 3217 3304
f 3304 3217 3305
f 3305 3217 3218
f 3305 3218 3306
f 3306 3218 3307
f 3307 3218 3220
f 3220 3218 3219
f 3222 3220 3221
f 3307 3220 3308
f 3308 3220 3309
f 3309 3220 3222
f 3309 3222 3223
f 3309 3223 3310
f 3310 3223 3224
f 3310 3224 3311
f 3311 3224 3225
f 3311 3225 3312
f 3312 3225 3313
f 3313 3225 3314
f 3314 3225 3227
f 3227 3225 3226
f 3314 3227 3315
f 3315 3227 3316
f 3316 3227 3228
f 3316 3228 3317
f 3317 3228 3229
f 3317 3229 3318
f 3318 3229 3319
f 3319 3229 3320
f 3320 3230 3321
f 3321 3230 3231
f 3321 3231 3322
f 3322 3231 3232
f 3322 3232 3323
f 3323 3232 3233
f 3323 3233 3324
f 3324 3233 3325
f 3325 3233 3234
f 3325 3234 3326
f 3326 3235 3327
f 3327 3235 3328
f 3328 3235 3236
f 3328 3236 3329
f 3329 3236 3237
f 3329 3237 3330
f 3330 3237 3238
f 3330 3238 3331
f 3331 3238 3239
f 3331 3239 3332
f 3332 3239 3333
f 3333 3239 3241
f 3241 3240 3334
f 3334 3240 3242
f 3333 3241 3335
f 3335 3241 3242
f 3242 3241 3334
f 3336 3246 3249
f 3247 3246 3337
f 3337 3246 3336
f 3248 3247 3338
f 3338 3247 3337
f 3254 3248 3339
f 3339 3248 3338
f 3336 3249 3340
f 3340 3249 3250
f 3341 3250 3251
f 3340 3250 3341
f 3341 3251 3282
f 3256 3252 3342
f 3342 3252 3253
f 3342 3253 3343
f 3343 3253 3339
f 3339 3253 3254
f 3344 3255 3256
f 3264 3255 3344
f 3344 3256 3345
f 3345 3256 3346
f 3346 3256 3342
f 3269 3257 3260
f 3347 3258 3259
f 3261 3258 3348
f 3348 3258 3347
f 3347 3259 3262
f 3349 3260 3261
f 3269 3260 3349
f 3349 3261 3350
f 3350 3261 3351
f 3351 3261 3348
f 3347 3262 3263
f 3347 3263 3352
f 3352 3263 3353
f 3353 3263 3265
f 3265 3264 3354
f 3354 3264 3355
f 3355 3264 3344
f 3353 3265 3354
f 3356 3266 3270
f 3270 3267 3357
f 3357 3267 3268
f 3357 3268 3358
f 3358 3268 3269
f 3358 3269 3359
f 3359 3269 3349
f 3356 3270 3360
f 3360 3270 3357
f 3361 3271 3273
f 3276 3271 3362
f 3362 3271 3361
f 3274 3272 3363
f 3363 3272 3283
f 3361 3273 3364
f 3364 3273 3274
f 3364 3274 3363
f 3278 3275 3365
f 3365 3275 3366
f 3366 3275 3276
f 3367 3276 3362
f 3366 3276 3367
f 3368 3277 3369
f 3369 3277 3278
f 3281 3277 3368
f 3369 3278 3370
f 3370 3278 3365
f 3282 3279 3371
f 3371 3279 3280
f 3372 3280 3373
f 3373 3280 3281
f 3371 3280 3372
f 3373 3281 3374
f 3374 3281 3375
f 3375 3281 3368
f 3341 3282 3371
f 3363 3283 3376
f 3376 3283 3284
f 3377 3284 3378
f 3378 3284 3285
f 3376 3284 3377
f 3379 3288 3380
f 3380 3288 3381
f 3381 3288 3289
f 3293 3288 3382
f 3382 3288 3383
f 3383 3288 3384
f 3384 3288 3379
f 3381 3289 3295
f 3295 3289 3294
f 3385 3295 3386
f 3386 3295 3387
f 3387 3295 3388
f 3388 3295 3296
f 3381 3295 3385
f 3388 3296 3297
f 3388 3297 3389
f 3389 3297 3390
f 3390 3297 3391
f 3391 3297 3392
f 3392 3297 3298
f 3392 3298 3393
f 3393 3298 3299
f 3393 3299 3300
f 3393 3300 3394
f 3394 3300 3301
f 3394 3301 3302
f 3394 3302 3395
f 3395 3302 3303
f 3395 3303 3396
f 3396 3303 3305
f 3305 3303 3304
f 3396 3305 3397
f 3397 3305 3306
f 3397 3306 3398
f 3398 3306 3399
f 3399 3306 3307
f 3399 3307 3308
f 3310 3308 3309
f 3399 3308 3400
f 3400 3308 3401
f 3401 3308 3310
f 3401 3310 3311
f 3401 3311 3402
f 3402 3311 3312
f 3402 3312 3403
f 3403 3312 3315
f 3315 3312 3313
f 3404 3313 3314
f 3315 3313 3404
f 3404 3314 3315
f 3403 3315 3405
f 3405 3315 3317
f 3317 3315 3316
f 3405 3317 3406
f 3406 3317 3318
f 3407 3318 3408
f 3408 3318 3409
f 3409 3318 3410
f 3410 3318 3321
f 3321 3318 3319
f 3406 3318 3407
f 3321 3319 3320
f 3410 3321 3408
f 3408 3321 3411
f 3411 3321 3412
f 3412 3321 3322
f 3412 3322 3413
f 3413 3322 3323
f 3413 3323 3414
f 3414 3323 3324
f 3414 3324 3415
f 3415 3324 3325
f 3415 3325 3416
f 3416 3325 3326
f 3416 3326 3327
f 3416 3327 3417
f 3417 3327 3418
f 3418 3327 3328
f 3418 3328 3419
f 3419 3328 3329
f 3419 3329 3330
f 3419 3330 3420
f 3420 3330 3331
f 3420 3331 3421
f 3421 3331 3332
f 3421 3332 3422
f 3422 3332 3333
f 3422 3333 3423
f 3423 3333 3335
f 3423 3335 3424
f 3337 3336 3425
f 3425 3336 3426
f 3426 3336 3427
f 3427 3336 3340
f 3338 3337 3428
f 3428 3337 3426
f 3426 3337 3425
f 3339 3338 3429
f 3429 3338 3428
f 3343 3339 3429
f 3427 3340 3372
f 3372 3340 3371
f 3371 3340 3341
f 3346 3342 3430
f 3430 3342 3343
f 3430 3343 3429
f 3355 3344 3431
f 3431 3344 3432
f 3432 3344 3345
f 3432 3345 3433
f 3433 3345 3434
f 3434 3345 3346
f 3434 3346 3435
f 3435 3346 3430
f 3348 3347 3436
f 3436 3347 3352
f 3351 3348 3437
f 3437 3348 3436
f 3359 3349 3438
f 3438 3349 3350
f 3438 3350 3439
f 3439 3350 3440
f 3440 3350 3351
f 3440 3351 3441
f 3441 3351 3437
f 3436 3352 3442
f 3442 3352 3443
f 3443 3352 3353
f 3443 3353 3444
f 3444 3353 3445
f 3445 3353 3354
f 3446 3354 3447
f 3447 3354 3448
f 3448 3354 3355
f 3445 3354 3446
f 3448 3355 3431
f 3449 3356 3450
f 3450 3356 3360
f 3360 3357 3450
f 3450 3357 3451
f 3451 3357 3358
f 3451 3358 3452
f 3452 3358 3359
f 3452 3359 3438
f 3362 3361 3367
f 3367 3361 3453
f 3453 3361 3364
f 3454 3363 3376
f 3364 3363 3454
f 3453 3364 3455
f 3455 3364 3456
f 3456 3364 3457
f 3457 3364 3454
f 3370 3365 3458
f 3458 3365 3366
f 3458 3366 3367
f 3458 3367 3459
f 3459 3367 3460
f 3460 3367 3453
f 3461 3368 3369
f 3375 3368 3461
f 3461 3369 3370
f 3461 3370 3462
f 3462 3370 3458
f 3427 3372 3463
f 3463 3372 3373
f 3463 3373 3464
f 3464 3373 3465
f 3465 3373 3466
f 3466 3373 3374
f 3467 3374 3375
f 3466 3374 3467
f 3467 3375 3468
f 3468 3375 3461
f 3454 3376 3469
f 3469 3376 3470
f 3470 3376 3377
f 3470 3377 3472
f 3472 3377 3471
f 3473 3379 3380
f 3473 3380 3474
f 3474 3380 3475
f 3475 3380 3381
f 3475 3381 3385
f 3475 3385 3476
f 3476 3385 3386
f 3477 3386 3387
f 3476 3386 3478
f 3478 3386 3479
f 3479 3386 3480
f 3480 3386 3481
f 3481 3386 3482
f 3482 3386 3477
f 3477 3387 3388
f 3477 3388 3482
f 3482 3388 3483
f 3483 3388 3484
f 3484 3388 3485
f 3485 3388 3389
f 3485 3389 3390
f 3485 3390 3486
f 3486 3390 3487
f 3487 3390 3488
f 3488 3390 3489
f 3489 3390 3393
f 3393 3390 3391
f 3393 3391 3392
f 3489 3393 3490
f 3490 3393 3491
f 3491 3393 3395
f 3395 3393 3394
f 3491 3395 3492
f 3492 3395 3396
f 3492 3396 3397
f 3492 3397 3493
f 3493 3397 3398
f 3493 3398 3494
f 3494 3398 3495
f 3495 3398 3399
f 3495 3399 3400
f 3495 3400 3496
f 3496 3400 3497
f 3497 3400 3498
f 3498 3400 3401
f 3498 3401 3402
f 3498 3402 3499
f 3499 3402 3403
f 3499 3403 3500
f 3500 3403 3405
f 3500 3405 3407
f 3407 3405 3406
f 3500 3407 3501
f 3501 3407 3502
f 3502 3407 3408
f 3502 3408 3503
f 3503 3408 3411
f 3410 3408 3409
f 3503 3411 3504
f 3504 3411 3413
f 3413 3411 3412
f 3504 3413 3414
f 3504 3414 3505
f 3505 3414 3506
f 3506 3414 3415
f 3506 3415 3507
f 3507 3415 3508
f 3508 3415 3416
f 3508 3416 3509
f 3509 3416 3417
f 3509 3417 3510
f 3510 3417 3511
f 3511 3417 3418
f 3511 3418 3512
f 3512 3418 3419
f 3512 3419 3513
f 3513 3419 3420
f 3513 3420 3421
f 3513 3421 3514
f 3514 3421 3422
f 3514 3422 3515
f 3515 3422 3516
f 3516 3422 3423
f 3516 3423 3517
f 3517 3423 3424
f 3517 3424 3518
f 3428 3426 3429
f 3429 3426 3519
f 3519 3426 3520
f 3520 3426 3521
f 3521 3426 3464
f 3464 3426 3522
f 3522 3426 3427
f 3522 3427 3463
f 3430 3429 3435
f 3435 3429 3523
f 3523 3429 3519
f 3524 3431 3525
f 3525 3431 3432
f 3448 3431 3526
f 3526 3431 3524
f 3525 3432 3433
f 3527 3433 3523
f 3523 3433 3434
f 3525 3433 3524
f 3524 3433 3527
f 3523 3434 3435
f 3437 3436 3528
f 3528 3436 3442
f 3441 3437 3529
f 3529 3437 3528
f 3452 3438 3530
f 3530 3438 3439
f 3530 3439 3531
f 3531 3439 3532
f 3532 3439 3533
f 3533 3439 3440
f 3533 3440 3441
f 3533 3441 3534
f 3534 3441 3529
f 3528 3442 3443
f 3528 3443 3535
f 3535 3443 3444
f 3536 3444 3537
f 3537 3444 3446
f 3446 3444 3445
f 3535 3444 3536
f 3538 3446 3447
f 3537 3446 3538
f 3538 3447 3539
f 3539 3447 3448
f 3539 3448 3540
f 3540 3448 3541
f 3541 3448 3524
f 3524 3448 3526
f 3542 3449 3450
f 3542 3450 3543
f 3543 3450 3544
f 3544 3450 3545
f 3545 3450 3546
f 3546 3450 3451
f 3546 3451 3452
f 3546 3452 3530
f 3460 3453 3547
f 3547 3453 3455
f 3457 3454 3548
f 3548 3454 3469
f 3547 3455 3456
f 3548 3456 3457
f 3547 3456 3548
f 3462 3458 3549
f 3549 3458 3550
f 3550 3458 3459
f 3550 3459 3460
f 3550 3460 3551
f 3551 3460 3547
f 3468 3461 3462
f 3468 3462 3552
f 3552 3462 3553
f 3553 3462 3549
f 3522 3463 3464
f 3521 3464 3554
f 3554 3464 3465
f 3554 3465 3555
f 3555 3465 3556
f 3556 3465 3466
f 3556 3466 3557
f 3557 3466 3467
f 3557 3467 3552
f 3552 3467 3468
f 3548 3469 3558
f 3558 3469 3559
f 3559 3469 3560
f 3560 3469 3472
f 3472 3469 3470
f 3472 3471 3561
f 3560 3472 3561
f 3562 3473 3474
f 3562 3474 3563
f 3563 3474 3564
f 3564 3474 3565
f 3565 3474 3566
f 3566 3474 3567
f 3567 3474 3476
f 3476 3474 3475
f 3567 3476 3478
f 3568 3478 3569
f 3569 3478 3479
f 3567 3478 3568
f 3569 3479 3570
f 3570 3479 3480
f 3570 3480 3571
f 3571 3480 3572
f 3572 3480 3481
f 3572 3481 3482
f 3573 3482 3483
f 3572 3482 3574
f 3574 3482 3575
f 3575 3482 3573
f 3573 3483 3484
f 3486 3484 3485
f 3573 3484 3576
f 3576 3484 3577
f 3577 3484 3578
f 3578 3484 3487
f 3487 3484 3486
f 3579 3487 3488
f 3578 3487 3580
f 3580 3487 3581
f 3581 3487 3582
f 3582 3487 3579
f 3490 3488 3489
f 3579 3488 3490
f 3492 3490 3491
f 3579 3490 3583
f 3583 3490 3492
f 3583 3492 3584
f 3584 3492 3493
f 3584 3493 3494
f 3584 3494 3585
f 3585 3494 3586
f 3586 3494 3495
f 3586 3495 3496
f 3587 3496 3588
f 3588 3496 3589
f 3589 3496 3590
f 3590 3496 3591
f 3591 3496 3592
f 3592 3496 3498
f 3498 3496 3497
f 3586 3496 3587
f 3592 3498 3593
f 3593 3498 3499
f 3593 3499 3591
f 3591 3499 3500
f 3591 3500 3501
f 3591 3501 3594
f 3594 3501 3595
f 3595 3501 3502
f 3595 3502 3596
f 3596 3502 3503
f 3596 3503 3597
f 3597 3503 3598
f 3598 3503 3504
f 3598 3504 3599
f 3599 3504 3505
f 3599 3505 3506
f 3599 3506 3600
f 3600 3506 3601
f 3601 3506 3507
f 3601 3507 3602
f 3602 3507 3603
f 3603 3507 3508
f 3603 3508 3509
f 3603 3509 3604
f 3604 3509 3510
f 3604 3510 3605
f 3605 3510 3606
f 3606 3510 3511
f 3606 3511 3607
f 3607 3511 3512
f 3607 3512 3608
f 3608 3512 3513
f 3608 3513 3514
f 3608 3514 3515
f 3608 3515 3609
f 3609 3515 3610
f 3610 3515 3516
f 3610 3516 3611
f 3611 3516 3615
f 3615 3516 3517
f 3612 3517 3613
f 3613 3517 3614
f 3614 3517 3518
f 3615 3517 3612
f 3523 3519 3520
f 3616 3520 3521
f 3523 3520 3617
f 3617 3520 3618
f 3618 3520 3616
f 3616 3521 3554
f 3527 3523 3617
f 3541 3524 3619
f 3619 3524 3527
f 3620 3527 3617
f 3619 3527 3620
f 3529 3528 3621
f 3621 3528 3535
f 3534 3529 3622
f 3622 3529 3623
f 3623 3529 3621
f 3546 3530 3531
f 3546 3531 3624
f 3624 3531 3609
f 3609 3531 3625
f 3625 3531 3532
f 3625 3532 3533
f 3625 3533 3626
f 3626 3533 3534
f 3626 3534 3627
f 3627 3534 3694
f 3694 3534 3622
f 3621 3535 3628
f 3628 3535 3536
f 3628 3536 3629
f 3629 3536 3537
f 3629 3537 3630
f 3630 3537 3538
f 3631 3538 3632
f 3632 3538 3539
f 3630 3538 3633
f 3633 3538 3634
f 3634 3538 3635
f 3635 3538 3631
f 3632 3539 3540
f 3632 3540 3636
f 3636 3540 3637
f 3637 3540 3541
f 3637 3541 3619
f 3612 3543 3544
f 3612 3544 3615
f 3615 3544 3611
f 3611 3544 3545
f 3624 3545 3546
f 3611 3545 3610
f 3610 3545 3624
f 3638 3547 3639
f 3639 3547 3640
f 3640 3547 3641
f 3641 3547 3548
f 3551 3547 3642
f 3642 3547 3643
f 3643 3547 3638
f 3641 3548 3640
f 3640 3548 3558
f 3553 3549 3644
f 3644 3549 3645
f 3645 3549 3646
f 3646 3549 3647
f 3647 3549 3550
f 3647 3550 3551
f 3648 3551 3642
f 3647 3551 3649
f 3649 3551 3648
f 3557 3552 3650
f 3650 3552 3651
f 3651 3552 3644
f 3644 3552 3553
f 3616 3554 3652
f 3652 3554 3555
f 3652 3555 3653
f 3653 3555 3654
f 3654 3555 3556
f 3654 3556 3650
f 3650 3556 3557
f 3640 3558 3655
f 3655 3558 3559
f 3655 3559 3560
f 3655 3560 3657
f 3657 3560 3656
f 3564 3562 3563
f 3658 3566 3567
f 3658 3567 3568
f 3658 3568 3659
f 3659 3568 3660
f 3660 3568 3569
f 3660 3569 3661
f 3661 3569 3570
f 3661 3570 3662
f 3662 3570 3663
f 3663 3570 3571
f 3663 3571 3664
f 3664 3571 3665
f 3665 3571 3572
f 3665 3572 3666
f 3666 3572 3667
f 3667 3572 3574
f 3575 3573 3576
f 3667 3574 3575
f 3577 3575 3576
f 3667 3575 3668
f 3668 3575 3669
f 3669 3575 3670
f 3670 3575 3671
f 3671 3575 3577
f 3580 3577 3578
f 3671 3577 3672
f 3672 3577 3673
f 3673 3577 3580
f 3582 3579 3674
f 3674 3579 3675
f 3675 3579 3583
f 3673 3580 3581
f 3674 3581 3582
f 3673 3581 3676
f 3676 3581 3674
f 3675 3583 3584
f 3675 3584 3677
f 3677 3584 3585
f 3677 3585 3678
f 3678 3585 3587
f 3587 3585 3586
f 3678 3587 3679
f 3679 3587 3588
f 3679 3588 3680
f 3680 3588 3681
f 3681 3588 3589
f 3681 3589 3682
f 3682 3589 3590
f 3682 3590 3594
f 3594 3590 3591
f 3593 3591 3592
f 3682 3594 3683
f 3683 3594 3684
f 3684 3594 3595
f 3684 3595 3685
f 3685 3595 3596
f 3685 3596 3686
f 3686 3596 3597
f 3686 3597 3687
f 3687 3597 3599
f 3599 3597 3598
f 3687 3599 3688
f 3688 3599 3600
f 3688 3600 3601
f 3688 3601 3689
f 3689 3601 3690
f 3690 3601 3602
f 3690 3602 3691
f 3691 3602 3692
f 3692 3602 3603
f 3692 3603 3693
f 3693 3603 3604
f 3693 3604 3605
f 3693 3605 3694
f 3694 3605 3627
f 3627 3605 3606
f 3627 3606 3626
f 3626 3606 3625
f 3625 3606 3607
f 3625 3607 3609
f 3609 3607 3608
f 3624 3609 3610
f 3618 3616 3695
f 3695 3616 3652
f 3620 3617 3618
f 3620 3618 3696
f 3696 3618 3697
f 3697 3618 3695
f 3637 3619 3698
f 3698 3619 3620
f 3698 3620 3696
f 3623 3621 3699
f 3699 3621 3628
f 3694 3622 3700
f 3700 3622 3623
f 3700 3623 3701
f 3701 3623 3699
f 3702 3628 3703
f 3703 3628 3629
f 3699 3628 3704
f 3704 3628 3702
f 3705 3629 3633
f 3633 3629 3630
f 3703 3629 3705
f 3706 3631 3707
f 3707 3631 3632
f 3635 3631 3708
f 3708 3631 3706
f 3707 3632 3636
f 3705 3633 3634
f 3705 3634 3709
f 3709 3634 3710
f 3710 3634 3635
f 3710 3635 3711
f 3711 3635 3712
f 3712 3635 3713
f 3713 3635 3708
f 3714 3636 3637
f 3707 3636 3715
f 3715 3636 3714
f 3714 3637 3698
f 3643 3638 3716
f 3716 3638 3717
f 3717 3638 3718
f 3718 3638 3655
f 3655 3638 3640
f 3640 3638 3639
f 3648 3642 3643
f 3648 3643 3716
f 3651 3644 3719
f 3719 3644 3720
f 3720 3644 3721
f 3721 3644 3722
f 3722 3644 3645
f 3722 3645 3646
f 3722 3646 3721
f 3721 3646 3723
f 3723 3646 3724
f 3724 3646 3725
f 3725 3646 3649
f 3649 3646 3647
f 3649 3648 3726
f 3726 3648 3716
f 3725 3649 3726
f 3654 3650 3727
f 3727 3650 3728
f 3728 3650 3719
f 3719 3650 3651
f 3695 3652 3653
f 3695 3653 3729
f 3729 3653 3727
f 3727 3653 3654
f 3718 3655 3730
f 3730 3655 3657
f 3657 3656 3731
f 3730 3657 3732
f 3732 3657 3731
f 3733 3659 3660
f 3733 3660 3661
f 3734 3662 3663
f 3734 3663 3664
f 3735 3664 3736
f 3736 3664 3737
f 3737 3664 3665
f 3734 3664 3735
f 3737 3665 3738
f 3738 3665 3666
f 3738 3666 3739
f 3739 3666 3740
f 3740 3666 3741
f 3741 3666 3667
f 3741 3667 3740
f 3740 3667 3742
f 3742 3667 3668
f 3742 3668 3743
f 3743 3668 3744
f 3744 3668 3669
f 3744 3669 3670
f 3745 3670 3671
f 3744 3670 3745
f 3745 3671 3746
f 3746 3671 3747
f 3747 3671 3748
f 3748 3671 3672
f 3748 3672 3673
f 3748 3673 3749
f 3749 3673 3750
f 3750 3673 3676
f 3677 3674 3675
f 3676 3674 3751
f 3751 3674 3752
f 3752 3674 3677
f 3750 3676 3753
f 3753 3676 3751
f 3752 3677 3754
f 3754 3677 3678
f 3754 3678 3679
f 3754 3679 3680
f 3754 3680 3755
f 3755 3680 3756
f 3756 3680 3757
f 3757 3680 3681
f 3757 3681 3758
f 3758 3681 3759
f 3759 3681 3682
f 3759 3682 3684
f 3684 3682 3683
f 3759 3684 3760
f 3760 3684 3761
f 3761 3684 3685
f 3761 3685 3760
f 3760 3685 3762
f 3762 3685 3686
f 3762 3686 3763
f 3763 3686 3764
f 3764 3686 3687
f 3764 3687 3688
f 3764 3688 3765
f 3765 3688 3689
f 3765 3689 3766
f 3766 3689 3767
f 3767 3689 3768
f 3768 3689 3769
f 3769 3689 3690
f 3769 3690 3770
f 3770 3690 3691
f 3770 3691 3701
f 3701 3691 3700
f 3700 3691 3692
f 3700 3692 3694
f 3694 3692 3693
f 3697 3695 3771
f 3771 3695 3729
f 3698 3696 3772
f 3772 3696 3697
f 3772 3697 3773
f 3773 3697 3771
f 3714 3698 3772
f 3701 3699 3774
f 3774 3699 3704
f 3770 3701 3774
f 3775 3702 3776
f 3776 3702 3709
f 3709 3702 3703
f 3704 3702 3775
f 3709 3703 3705
f 3777 3704 3778
f 3778 3704 3775
f 3774 3704 3779
f 3779 3704 3780
f 3780 3704 3781
f 3781 3704 3777
f 3782 3706 3707
f 3708 3706 3783
f 3783 3706 3784
f 3784 3706 3782
f 3782 3707 3715
f 3713 3708 3785
f 3785 3708 3783
f 3776 3709 3710
f 3776 3710 3775
f 3775 3710 3711
f 3775 3711 3778
f 3778 3711 3712
f 3778 3712 3713
f 3778 3713 3786
f 3786 3713 3787
f 3787 3713 3785
f 3715 3714 3788
f 3788 3714 3789
f 3789 3714 3773
f 3773 3714 3772
f 3782 3715 3788
f 3726 3716 3790
f 3790 3716 3717
f 3791 3717 3718
f 3790 3717 3792
f 3792 3717 3791
f 3791 3718 3730
f 3728 3719 3793
f 3793 3719 3794
f 3794 3719 3720
f 3794 3720 3721
f 3794 3721 3795
f 3795 3721 3796
f 3796 3721 3797
f 3797 3721 3723
f 3797 3723 3724
f 3797 3724 3798
f 3798 3724 3799
f 3799 3724 3800
f 3800 3724 3801
f 3801 3724 3802
f 3802 3724 3803
f 3803 3724 3726
f 3726 3724 3725
f 3804 3726 3805
f 3805 3726 3792
f 3792 3726 3790
f 3803 3726 3802
f 3802 3726 3804
f 3729 3727 3806
f 3806 3727 3807
f 3807 3727 3728
f 3807 3728 3793
f 3771 3729 3806
f 3791 3730 3808
f 3808 3730 3809
f 3809 3730 3810
f 3810 3730 3811
f 3811 3730 3732
f 3812 3735 3736
f 3812 3736 3813
f 3813 3736 3814
f 3814 3736 3737
f 3814 3737 3738
f 3814 3738 3815
f 3815 3738 3816
f 3816 3738 3739
f 3816 3739 3740
f 3816 3740 3817
f 3817 3740 3818
f 3818 3740 3819
f 3819 3740 3742
f 3819 3742 3743
f 3819 3743 3820
f 3820 3743 3821
f 3821 3743 3744
f 3821 3744 3822
f 3822 3744 3745
f 3822 3745 3823
f 3823 3745 3746
f 3823 3746 3824
f 3824 3746 3825
f 3825 3746 3747
f 3749 3747 3748
f 3825 3747 3749
f 3753 3749 3750
f 3825 3749 3826
f 3826 3749 3753
f 3754 3751 3752
f 3753 3751 3755
f 3755 3751 3754
f 3826 3753 3756
f 3756 3753 3755
f 3826 3756 3827
f 3827 3756 3828
f 3828 3756 3829
f 3829 3756 3757
f 3829 3757 3830
f 3830 3757 3758
f 3830 3758 3831
f 3831 3758 3759
f 3831 3759 3760
f 3831 3760 3832
f 3832 3760 3762
f 3832 3762 3833
f 3833 3762 3763
f 3833 3763 3834
f 3834 3763 3766
f 3766 3763 3835
f 3835 3763 3764
f 3835 3764 3766
f 3766 3764 3765
f 3834 3766 3767
f 3836 3767 3768
f 3834 3767 3836
f 3836 3768 3834
f 3834 3768 3837
f 3837 3768 3838
f 3838 3768 3839
f 3839 3768 3840
f 3840 3768 3841
f 3841 3768 3769
f 3841 3769 3842
f 3842 3769 3770
f 3842 3770 3774
f 3773 3771 3843
f 3843 3771 3844
f 3844 3771 3806
f 3789 3773 3843
f 3842 3774 3779
f 3781 3777 3845
f 3845 3777 3778
f 3846 3778 3781
f 3781 3778 3847
f 3847 3778 3786
f 3845 3778 3846
f 3842 3779 3850
f 3850 3779 3780
f 3848 3780 3849
f 3849 3780 3781
f 3850 3780 3851
f 3851 3780 3848
f 3849 3781 3847
f 3846 3781 3845
f 3784 3782 3852
f 3852 3782 3853
f 3853 3782 3788
f 3854 3783 3852
f 3852 3783 3784
f 3785 3783 3855
f 3855 3783 3854
f 3787 3785 3856
f 3856 3785 3855
f 3849 3786 3787
f 3847 3786 3849
f 3849 3787 3857
f 3857 3787 3858
f 3858 3787 3856
f 3853 3788 3859
f 3859 3788 3860
f 3860 3788 3789
f 3861 3789 3843
f 3860 3789 3861
f 3792 3791 3805
f 3805 3791 3808
f 3807 3793 3862
f 3862 3793 3863
f 3863 3793 3795
f 3795 3793 3794
f 3863 3795 3864
f 3864 3795 3865
f 3865 3795 3866
f 3866 3795 3867
f 3867 3795 3796
f 3798 3796 3797
f 3867 3796 3798
f 3868 3798 3800
f 3800 3798 3799
f 3867 3798 3869
f 3869 3798 3870
f 3870 3798 3871
f 3871 3798 3872
f 3872 3798 3868
f 3802 3800 3801
f 3868 3800 3872
f 3872 3800 3873
f 3873 3800 3874
f 3874 3800 3875
f 3875 3800 3876
f 3876 3800 3877
f 3877 3800 3802
f 3877 3802 3878
f 3878 3802 3879
f 3879 3802 3880
f 3880 3802 3804
f 3880 3804 3881
f 3881 3804 3882
f 3882 3804 3805
f 3882 3805 3883
f 3883 3805 3884
f 3884 3805 3808
f 3862 3806 3807
f 3844 3806 3862
f 3884 3808 3809
f 3885 3812 3886
f 3886 3812 3813
f 3886 3813 3946
f 3946 3813 3887
f 3887 3813 3814
f 3887 3814 3888
f 3888 3814 3889
f 3889 3814 3815
f 3889 3815 3816
f 3889 3816 3817
f 3888 3817 3890
f 3890 3817 3818
f 3889 3817 3888
f 3890 3818 3891
f 3891 3818 3892
f 3892 3818 3819
f 3892 3819 3820
f 3893 3820 3821
f 3892 3820 3894
f 3894 3820 3893
f 3893 3821 3895
f 3895 3821 3822
f 3895 3822 3823
f 3895 3823 3896
f 3896 3823 3824
f 3827 3824 3825
f 3896 3824 3897
f 3897 3824 3827
f 3827 3825 3826
f 3897 3827 3898
f 3898 3827 3828
f 3898 3828 3899
f 3899 3828 3829
f 3899 3829 3900
f 3900 3829 3830
f 3900 3830 3901
f 3901 3830 3831
f 3901 3831 3832
f 3901 3832 3902
f 3902 3832 3833
f 3902 3833 3903
f 3903 3833 3838
f 3838 3833 3837
f 3837 3833 3834
f 3903 3838 3904
f 3904 3838 3905
f 3905 3838 3839
f 3905 3839 3906
f 3906 3839 3907
f 3907 3839 3840
f 3907 3840 3906
f 3906 3840 3841
f 3906 3841 3842
f 3906 3842 3850
f 3861 3843 3908
f 3908 3843 3844
f 3908 3844 3862
f 3909 3848 3849
f 3851 3848 3910
f 3910 3848 3909
f 3909 3849 3910
f 3910 3849 3911
f 3911 3849 3857
f 3906 3850 3851
f 3906 3851 3912
f 3912 3851 3910
f 3859 3852 3853
f 3854 3852 3913
f 3913 3852 3859
f 3855 3854 3914
f 3914 3854 3913
f 3856 3855 3915
f 3915 3855 3916
f 3916 3855 3914
f 3858 3856 3917
f 3917 3856 3915
f 3911 3857 3910
f 3910 3857 3918
f 3918 3857 3919
f 3919 3857 3858
f 3919 3858 3920
f 3920 3858 3917
f 3913 3859 3921
f 3921 3859 3860
f 3921 3860 3922
f 3922 3860 3923
f 3923 3860 3861
f 3923 3861 3908
f 3908 3862 3923
f 3923 3862 3924
f 3924 3862 3925
f 3925 3862 3865
f 3865 3862 3864
f 3864 3862 3863
f 3925 3865 3924
f 3924 3865 3926
f 3926 3865 3927
f 3927 3865 3928
f 3928 3865 3929
f 3929 3865 3930
f 3930 3865 3866
f 3930 3866 3869
f 3869 3866 3867
f 3930 3869 3929
f 3929 3869 3870
f 3929 3870 3931
f 3931 3870 3871
f 3932 3871 3872
f 3931 3871 3932
f 3932 3872 3873
f 3932 3873 3874
f 3933 3874 3934
f 3934 3874 3935
f 3935 3874 3936
f 3936 3874 3937
f 3937 3874 3938
f 3938 3874 3875
f 3932 3874 3939
f 3939 3874 3933
f 3938 3875 3876
f 3938 3876 3937
f 3937 3876 3940
f 3941 3879 3880
f 3941 3880 3942
f 3942 3880 3881
f 3943 3885 3944
f 3944 3885 3886
f 3944 3886 3945
f 3945 3886 3946
f 3946 3887 3888
f 3946 3888 3945
f 3945 3888 3947
f 3947 3888 3890
f 3947 3890 3948
f 3948 3890 3949
f 3949 3890 3891
f 3949 3891 3950
f 3950 3891 3951
f 3951 3891 3892
f 3951 3892 3894
f 3894 3893 3952
f 3952 3893 3953
f 3953 3893 3895
f 3951 3894 3954
f 3954 3894 3955
f 3955 3894 3952
f 3953 3895 3956
f 3956 3895 3957
f 3957 3895 3896
f 3957 3896 3958
f 3958 3896 3897
f 3958 3897 3959
f 3959 3897 3898
f 3959 3898 3960
f 3960 3898 3899
f 3960 3899 3961
f 3961 3899 3900
f 3961 3900 3901
f 3961 3901 3902
f 3961 3902 3962
f 3962 3902 3903
f 3962 3903 3963
f 3963 3903 3904
f 3963 3904 3918
f 3918 3904 3906
f 3906 3904 3905
f 3918 3906 3964
f 3964 3906 3965
f 3965 3906 3912
f 3912 3910 3965
f 3965 3910 3964
f 3964 3910 3918
f 3914 3913 3966
f 3966 3913 3921
f 3916 3914 3967
f 3967 3914 3966
f 3968 3915 3969
f 3969 3915 3916
f 3917 3915 3968
f 3969 3916 3967
f 3920 3917 3970
f 3970 3917 3968
f 3963 3918 3919
f 3963 3919 3971
f 3971 3919 3920
f 3971 3920 3972
f 3972 3920 3973
f 3973 3920 3970
f 3974 3921 3922
f 3966 3921 3975
f 3975 3921 3976
f 3976 3921 3974
f 3974 3922 3926
f 3926 3922 3923
f 3926 3923 3924
f 3974 3926 3927
f 3974 3927 3977
f 3977 3927 3929
f 3929 3927 3928
f 3977 3929 3978
f 3978 3929 3931
f 3978 3931 3979
f 3979 3931 3934
f 3934 3931 3933
f 3933 3931 3939
f 3939 3931 3932
f 3980 3934 3981
f 3981 3934 3982
f 3982 3934 3935
f 3979 3934 3980
f 3982 3935 3983
f 3983 3935 3936
f 3983 3936 3984
f 3984 3936 3985
f 3985 3936 3937
f 3985 3937 3986
f 3986 3937 3987
f 3987 3937 3940
f 3988 3943 3989
f 3989 3943 3990
f 3990 3943 3991
f 3991 3943 3992
f 3992 3943 3993
f 3993 3943 3944
f 3993 3944 3945
f 3993 3945 3994
f 3994 3945 3995
f 3995 3945 3947
f 3995 3947 3996
f 3996 3947 3948
f 3996 3948 3997
f 3997 3948 3998
f 3998 3948 3949
f 3998 3949 3999
f 3999 3949 3950
f 3999 3950 4000
f 4000 3950 4001
f 4001 3950 3951
f 4001 3951 4002
f 4002 3951 3954
f 3955 3952 4003
f 4003 3952 3953
f 4003 3953 4004
f 4004 3953 3956
f 4002 3954 4005
f 4005 3954 3955
f 4005 3955 4006
f 4006 3955 4003
f 4004 3956 4007
f 4007 3956 3957
f 4007 3957 4008
f 4008 3957 3958
f 4009 3958 3959
f 4008 3958 3972
f 3972 3958 4009
f 4009 3959 4010
f 4010 3959 3960
f 4010 3960 3961
f 4010 3961 3962
f 4010 3962 3963
f 4010 3963 3971
f 3967 3966 3975
f 3969 3967 4011
f 4011 3967 3975
f 4012 3968 3969
f 3970 3968 4013
f 4013 3968 4012
f 4012 3969 4011
f 3973 3970 4014
f 4014 3970 4013
f 4010 3971 4009
f 4009 3971 3972
f 4008 3972 3973
f 4008 3973 4014
f 3976 3974 3977
f 4015 3975 3980
f 3980 3975 3976
f 4011 3975 4015
f 3980 3976 3977
f 3980 3977 3978
f 3980 3978 3979
f 4015 3980 3981
f 4015 3981 4016
f 4016 3981 4017
f 4017 3981 3982
f 4017 3982 4018
f 4018 3982 3983
f 4018 3983 4019
f 4019 3983 3984
f 4019 3984 4020
f 4020 3984 4021
f 4021 3984 4022
f 4022 3984 4023
f 4023 3984 3985
f 4024 3985 3986
f 4023 3985 4024
f 4024 3986 4025
f 4025 3986 4026
f 4026 3986 4027
f 4027 3986 4028
f 4028 3986 3987
f 4029 3988 3989
f 4029 3989 3990
f 4029 3990 4030
f 4030 3990 3991
f 4031 3991 3994
f 3994 3991 3992
f 4030 3991 4032
f 4032 3991 4031
f 3994 3992 3993
f 4031 3994 4033
f 4033 3994 3996
f 3996 3994 3995
f 4033 3996 3997
f 4033 3997 4034
f 4034 3997 4035
f 4035 3997 3998
f 4035 3998 4036
f 4036 3998 3999
f 4036 3999 4037
f 4037 3999 4000
f 4037 4000 4038
f 4038 4000 4001
f 4038 4001 4039
f 4039 4001 4002
f 4039 4002 4022
f 4022 4002 4040
f 4040 4002 4005
f 4006 4003 4004
f 4006 4004 4041
f 4041 4004 4042
f 4042 4004 4007
f 4040 4005 4006
f 4040 4006 4043
f 4043 4006 4041
f 4042 4007 4014
f 4014 4007 4008
f 4016 4011 4015
f 4012 4011 4016
f 4013 4012 4044
f 4044 4012 4016
f 4014 4013 4042
f 4042 4013 4045
f 4045 4013 4044
f 4044 4016 4046
f 4046 4016 4017
f 4046 4017 4018
f 4046 4018 4047
f 4047 4018 4019
f 4047 4019 4043
f 4043 4019 4020
f 4043 4020 4040
f 4040 4020 4022
f 4022 4020 4021
f 4039 4022 4023
f 4039 4023 4048
f 4048 4023 4024
f 4048 4024 4025
f 4048 4025 4037
f 4037 4025 4049
f 4049 4025 4026
f 4049 4026 4027
f 4049 4027 4050
f 4050 4027 4028
f 4051 4029 4030
f 4051 4030 4052
f 4052 4030 4032
f 4032 4031 4053
f 4053 4031 4034
f 4034 4031 4033
f 4052 4032 4054
f 4054 4032 4053
f 4053 4034 4054
f 4054 4034 4055
f 4055 4034 4035
f 4055 4035 4056
f 4056 4035 4049
f 4049 4035 4036
f 4049 4036 4037
f 4048 4037 4038
f 4048 4038 4039
f 4043 4041 4057
f 4057 4041 4045
f 4045 4041 4042
f 4047 4043 4057
f 4045 4044 4047
f 4047 4044 4046
f 4057 4045 4047
f 4056 4049 4050
f 4056 4050 4055
f 4055 4050 4058
f 4058 4051 4052
f 4058 4052 4054
f 4058 4054 4055
f 4060 4059 4063
f 4063 4059 4070
f 4070 4059 4081
f 4081 4059 4084
f 4084 4059 4105
f 4105 4059 4104
f 4104 4059 4122
f 4122 4059 4137
f 4137 4059 4136
f 4136 4059 4152
f 4152 4059 4166
f 4166 4059 4188
f 4188 4059 4215
f 4215 4059 4214
f 4214 4059 4241
f 4241 4059 4276
f 4276 4059 4314
f 4314 4059 4279
f 4279 4059 4278
f 4278 4059 4246
f 4246 4059 4245
f 4245 4059 4218
f 4218 4059 4192
f 4192 4059 4175
f 4175 4059 4174
f 4174 4059 4170
f 4170 4059 4155
f 4155 4059 4139
f 4139 4059 4124
f 4124 4059 4107
f 4107 4059 4106
f 4106 4059 4085
f 4085 4059 4072
f 4072 4059 4065
f 4065 4059 4061
f 4061 4059 4062
f 4062 4059 4060
f 4062 4060 4064
f 4064 4060 4063
f 4065 4061 4066
f 4066 4061 4067
f 4067 4061 4068
f 4068 4061 4062
f 4068 4062 4069
f 4069 4062 4064
f 4064 4063 4070
f 4069 4064 4071
f 4071 4064 4070
f 4072 4065 4073
f 4073 4065 4066
f 4073 4066 4074
f 4074 4066 4075
f 4075 4066 4076
f 4076 4066 4067
f 4076 4067 4068
f 4076 4068 4077
f 4077 4068 4069
f 4078 4069 4071
f 4077 4069 4079
f 4079 4069 4080
f 4080 4069 4078
f 4071 4070 4081
f 4078 4071 4082
f 4082 4071 4083
f 4083 4071 4084
f 4084 4071 4081
f 4085 4072 4086
f 4086 4072 4073
f 4086 4073 4087
f 4087 4073 4088
f 4088 4073 4074
f 4089 4074 4090
f 4090 4074 4091
f 4091 4074 4092
f 4092 4074 4093
f 4093 4074 4075
f 4088 4074 4089
f 4093 4075 4076
f 4093 4076 4094
f 4094 4076 4095
f 4095 4076 4077
f 4095 4077 4096
f 4096 4077 4079
f 4080 4078 4097
f 4097 4078 4082
f 4096 4079 4080
f 4096 4080 4098
f 4098 4080 4097
f 4099 4082 4100
f 4100 4082 4101
f 4101 4082 4083
f 4097 4082 4102
f 4102 4082 4103
f 4103 4082 4099
f 4101 4083 4104
f 4104 4083 4105
f 4105 4083 4084
f 4106 4085 4086
f 4106 4086 4107
f 4107 4086 4124
f 4124 4086 4140
f 4140 4086 4157
f 4157 4086 4173
f 4173 4086 4194
f 4194 4086 4219
f 4219 4086 4250
f 4250 4086 4285
f 4285 4086 4321
f 4321 4086 4325
f 4325 4086 4352
f 4352 4086 4351
f 4351 4086 4376
f 4376 4086 4399
f 4399 4086 4425
f 4425 4086 4453
f 4453 4086 4481
f 4481 4086 4517
f 4517 4086 4554
f 4554 4086 4553
f 4553 4086 4552
f 4552 4086 4574
f 4574 4086 4595
f 4595 4086 4616
f 4616 4086 4639
f 4639 4086 4666
f 4666 4086 4665
f 4665 4086 4691
f 4691 4086 4722
f 4722 4086 4721
f 4721 4086 4753
f 4753 4086 4782
f 4782 4086 4797
f 4797 4086 4804
f 4804 4086 4803
f 4803 4086 4801
f 4801 4086 4800
f 4800 4086 4799
f 4799 4086 4798
f 4798 4086 4785
f 4785 4086 4784
f 4784 4086 4787
f 4787 4086 4783
f 4783 4086 4756
f 4756 4086 4723
f 4723 4086 4696
f 4696 4086 4695
f 4695 4086 4694
f 4694 4086 4693
f 4693 4086 4692
f 4692 4086 4670
f 4670 4086 4643
f 4643 4086 4619
f 4619 4086 4617
f 4617 4086 4597
f 4597 4086 4596
f 4596 4086 4575
f 4575 4086 4556
f 4556 4086 4555
f 4555 4086 4529
f 4529 4086 4528
f 4528 4086 4527
f 4527 4086 4526
f 4526 4086 4525
f 4525 4086 4524
f 4524 4086 4523
f 4523 4086 4522
f 4522 4086 4521
f 4521 4086 4520
f 4520 4086 4518
f 4518 4086 4490
f 4490 4086 4489
f 4489 4086 4488
f 4488 4086 4487
f 4487 4086 4486
f 4486 4086 4485
f 4485 4086 4484
f 4484 4086 4482
f 4482 4086 4454
f 4454 4086 4429
f 4429 4086 4428
f 4428 4086 4426
f 4426 4086 4406
f 4406 4086 4405
f 4405 4086 4404
f 4404 4086 4403
f 4403 4086 4400
f 4400 4086 4377
f 4377 4086 4353
f 4353 4086 4326
f 4326 4086 4288
f 4288 4086 4253
f 4253 4086 4221
f 4221 4086 4195
f 4195 4086 4176
f 4176 4086 4158
f 4158 4086 4141
f 4141 4086 4125
f 4125 4086 4111
f 4111 4086 4110
f 4110 4086 4108
f 4108 4086 4087
f 4108 4087 4109
f 4109 4087 4089
f 4089 4087 4088
f 4109 4089 4090
f 4109 4090 4108
f 4108 4090 4110
f 4110 4090 4111
f 4111 4090 4112
f 4112 4090 4091
f 4112 4091 4113
f 4113 4091 4092
f 4113 4092 4128
f 4128 4092 4114
f 4114 4092 4093
f 4114 4093 4094
f 4114 4094 4115
f 4115 4094 4095
f 4115 4095 4116
f 4116 4095 4096
f 4116 4096 4117
f 4117 4096 4098
f 4103 4097 4102
f 4098 4097 4117
f 4117 4097 4118
f 4118 4097 4103
f 4119 4099 4120
f 4120 4099 4100
f 4103 4099 4119
f 4120 4100 4121
f 4121 4100 4122
f 4122 4100 4101
f 4122 4101 4104
f 4118 4103 4123
f 4123 4103 4119
f 4125 4111 4126
f 4126 4111 4112
f 4126 4112 4113
f 4126 4113 4127
f 4127 4113 4128
f 4128 4114 4115
f 4128 4115 4129
f 4129 4115 4116
f 4130 4116 4117
f 4129 4116 4131
f 4131 4116 4130
f 4130 4117 4132
f 4132 4117 4118
f 4132 4118 4123
f 4133 4119 4120
f 4123 4119 4134
f 4134 4119 4133
f 4133 4120 4149
f 4149 4120 4151
f 4151 4120 4150
f 4150 4120 4153
f 4153 4120 4167
f 4167 4120 4169
f 4169 4120 4190
f 4190 4120 4189
f 4189 4120 4209
f 4209 4120 4234
f 4234 4120 4267
f 4267 4120 4266
f 4266 4120 4306
f 4306 4120 4305
f 4305 4120 4304
f 4304 4120 4338
f 4338 4120 4364
f 4364 4120 4363
f 4363 4120 4362
f 4362 4120 4386
f 4386 4120 4412
f 4412 4120 4437
f 4437 4120 4436
f 4436 4120 4435
f 4435 4120 4434
f 4434 4120 4433
f 4433 4120 4440
f 4440 4120 4468
f 4468 4120 4467
f 4467 4120 4466
f 4466 4120 4465
f 4465 4120 4464
f 4464 4120 4502
f 4502 4120 4501
f 4501 4120 4500
f 4500 4120 4505
f 4505 4120 4504
f 4504 4120 4503
f 4503 4120 4499
f 4499 4120 4498
f 4498 4120 4539
f 4539 4120 4538
f 4538 4120 4537
f 4537 4120 4536
f 4536 4120 4535
f 4535 4120 4534
f 4534 4120 4533
f 4533 4120 4532
f 4532 4120 4559
f 4559 4120 4582
f 4582 4120 4605
f 4605 4120 4626
f 4626 4120 4650
f 4650 4120 4649
f 4649 4120 4677
f 4677 4120 4706
f 4706 4120 4705
f 4705 4120 4736
f 4736 4120 4735
f 4735 4120 4771
f 4771 4120 4792
f 4792 4120 4791
f 4791 4120 4802
f 4802 4120 4794
f 4794 4120 4775
f 4775 4120 4774
f 4774 4120 4748
f 4748 4120 4747
f 4747 4120 4714
f 4714 4120 4684
f 4684 4120 4683
f 4683 4120 4658
f 4658 4120 4633
f 4633 4120 4632
f 4632 4120 4610
f 4610 4120 4587
f 4587 4120 4586
f 4586 4120 4565
f 4565 4120 4564
f 4564 4120 4563
f 4563 4120 4543
f 4543 4120 4540
f 4540 4120 4506
f 4506 4120 4469
f 4469 4120 4441
f 4441 4120 4413
f 4413 4120 4387
f 4387 4120 4365
f 4365 4120 4339
f 4339 4120 4307
f 4307 4120 4268
f 4268 4120 4235
f 4235 4120 4210
f 4210 4120 4187
f 4187 4120 4166
f 4166 4120 4152
f 4152 4120 4135
f 4135 4120 4121
f 4135 4121 4136
f 4136 4121 4137
f 4137 4121 4122
f 4132 4123 4138
f 4138 4123 4134
f 4139 4124 4140
f 4141 4125 4142
f 4142 4125 4126
f 4142 4126 4143
f 4143 4126 4127
f 4143 4127 4144
f 4144 4127 4128
f 4144 4128 4145
f 4145 4128 4129
f 4145 4129 4146
f 4146 4129 4131
f 4131 4130 4146
f 4146 4130 4147
f 4147 4130 4132
f 4147 4132 4148
f 4148 4132 4138
f 4134 4133 4149
f 4138 4134 4150
f 4150 4134 4151
f 4151 4134 4149
f 4152 4135 4136
f 4153 4138 4150
f 4148 4138 4154
f 4154 4138 4153
f 4155 4139 4140
f 4156 4140 4157
f 4155 4140 4156
f 4158 4141 4142
f 4158 4142 4159
f 4159 4142 4143
f 4160 4143 4144
f 4159 4143 4161
f 4161 4143 4160
f 4160 4144 4145
f 4160 4145 4162
f 4162 4145 4146
f 4162 4146 4163
f 4163 4146 4147
f 4163 4147 4164
f 4164 4147 4148
f 4164 4148 4165
f 4165 4148 4154
f 4154 4153 4167
f 4165 4154 4168
f 4168 4154 4169
f 4169 4154 4167
f 4170 4155 4156
f 4171 4156 4172
f 4172 4156 4173
f 4173 4156 4157
f 4170 4156 4174
f 4174 4156 4175
f 4175 4156 4171
f 4176 4158 4177
f 4177 4158 4159
f 4177 4159 4161
f 4161 4160 4178
f 4178 4160 4162
f 4179 4161 4180
f 4180 4161 4178
f 4177 4161 4179
f 4178 4162 4181
f 4181 4162 4182
f 4182 4162 4183
f 4183 4162 4163
f 4183 4163 4164
f 4183 4164 4184
f 4184 4164 4165
f 4184 4165 4185
f 4185 4165 4186
f 4186 4165 4168
f 4187 4166 4188
f 4186 4168 4189
f 4189 4168 4190
f 4190 4168 4169
f 4191 4171 4172
f 4175 4171 4192
f 4192 4171 4191
f 4191 4172 4193
f 4193 4172 4173
f 4193 4173 4194
f 4195 4176 4196
f 4196 4176 4177
f 4196 4177 4197
f 4197 4177 4179
f 4180 4178 4181
f 4197 4179 4198
f 4198 4179 4180
f 4198 4180 4199
f 4199 4180 4181
f 4199 4181 4200
f 4200 4181 4201
f 4201 4181 4182
f 4201 4182 4183
f 4201 4183 4200
f 4200 4183 4202
f 4202 4183 4203
f 4203 4183 4204
f 4204 4183 4184
f 4204 4184 4205
f 4205 4184 4185
f 4206 4185 4207
f 4207 4185 4186
f 4205 4185 4208
f 4208 4185 4206
f 4209 4186 4189
f 4207 4186 4209
f 4210 4187 4211
f 4211 4187 4212
f 4212 4187 4213
f 4213 4187 4214
f 4214 4187 4215
f 4215 4187 4188
f 4216 4191 4217
f 4217 4191 4193
f 4192 4191 4218
f 4218 4191 4216
f 4219 4193 4194
f 4217 4193 4220
f 4220 4193 4219
f 4221 4195 4196
f 4221 4196 4222
f 4222 4196 4197
f 4223 4197 4224
f 4224 4197 4225
f 4225 4197 4198
f 4222 4197 4223
f 4225 4198 4226
f 4226 4198 4199
f 4226 4199 4202
f 4202 4199 4200
f 4227 4202 4228
f 4228 4202 4229
f 4229 4202 4203
f 4226 4202 4227
f 4229 4203 4230
f 4230 4203 4204
f 4230 4204 4205
f 4230 4205 4231
f 4231 4205 4232
f 4232 4205 4208
f 4208 4206 4233
f 4233 4206 4234
f 4234 4206 4207
f 4234 4207 4209
f 4232 4208 4233
f 4235 4210 4236
f 4236 4210 4211
f 4236 4211 4237
f 4237 4211 4238
f 4238 4211 4212
f 4239 4212 4213
f 4238 4212 4240
f 4240 4212 4239
f 4239 4213 4214
f 4239 4214 4241
f 4242 4216 4243
f 4243 4216 4244
f 4244 4216 4217
f 4218 4216 4245
f 4245 4216 4246
f 4246 4216 4242
f 4244 4217 4247
f 4247 4217 4248
f 4248 4217 4249
f 4249 4217 4220
f 4220 4219 4250
f 4249 4220 4251
f 4251 4220 4252
f 4252 4220 4250
f 4253 4221 4222
f 4253 4222 4254
f 4254 4222 4255
f 4255 4222 4223
f 4256 4223 4257
f 4257 4223 4224
f 4255 4223 4256
f 4257 4224 4258
f 4258 4224 4259
f 4259 4224 4226
f 4226 4224 4225
f 4259 4226 4227
f 4259 4227 4260
f 4260 4227 4261
f 4261 4227 4228
f 4261 4228 4299
f 4299 4228 4262
f 4262 4228 4229
f 4262 4229 4230
f 4262 4230 4263
f 4263 4230 4231
f 4263 4231 4232
f 4264 4232 4233
f 4263 4232 4264
f 4265 4233 4266
f 4266 4233 4267
f 4267 4233 4234
f 4264 4233 4265
f 4268 4235 4236
f 4268 4236 4269
f 4269 4236 4270
f 4270 4236 4237
f 4270 4237 4271
f 4271 4237 4238
f 4271 4238 4272
f 4272 4238 4273
f 4273 4238 4274
f 4274 4238 4240
f 4240 4239 4275
f 4275 4239 4241
f 4274 4240 4275
f 4275 4241 4276
f 4277 4242 4280
f 4280 4242 4243
f 4246 4242 4278
f 4278 4242 4279
f 4279 4242 4277
f 4280 4243 4281
f 4281 4243 4244
f 4281 4244 4247
f 4281 4247 4316
f 4316 4247 4282
f 4282 4247 4248
f 4282 4248 4283
f 4283 4248 4284
f 4284 4248 4251
f 4251 4248 4249
f 4252 4250 4286
f 4286 4250 4285
f 4284 4251 4287
f 4287 4251 4252
f 4287 4252 4286
f 4288 4253 4254
f 4289 4254 4290
f 4290 4254 4291
f 4291 4254 4255
f 4288 4254 4289
f 4291 4255 4292
f 4292 4255 4293
f 4293 4255 4256
f 4293 4256 4294
f 4294 4256 4257
f 4294 4257 4258
f 4294 4258 4260
f 4260 4258 4259
f 4294 4260 4295
f 4295 4260 4296
f 4296 4260 4297
f 4297 4260 4261
f 4297 4261 4298
f 4298 4261 4299
f 4299 4262 4300
f 4300 4262 4263
f 4300 4263 4264
f 4301 4264 4265
f 4300 4264 4302
f 4302 4264 4301
f 4303 4265 4304
f 4304 4265 4305
f 4305 4265 4306
f 4306 4265 4266
f 4301 4265 4303
f 4307 4268 4308
f 4308 4268 4269
f 4308 4269 4309
f 4309 4269 4270
f 4309 4270 4310
f 4310 4270 4271
f 4310 4271 4311
f 4311 4271 4312
f 4312 4271 4272
f 4313 4272 4280
f 4280 4272 4273
f 4312 4272 4313
f 4280 4273 4274
f 4280 4274 4277
f 4277 4274 4314
f 4314 4274 4276
f 4276 4274 4275
f 4279 4277 4314
f 4313 4280 4281
f 4313 4281 4315
f 4315 4281 4316
f 4316 4282 4317
f 4317 4282 4283
f 4317 4283 4318
f 4318 4283 4319
f 4319 4283 4320
f 4320 4283 4284
f 4320 4284 4287
f 4286 4285 4321
f 4287 4286 4322
f 4322 4286 4323
f 4323 4286 4324
f 4324 4286 4325
f 4325 4286 4321
f 4320 4287 4322
f 4326 4288 4289
f 4326 4289 4327
f 4327 4289 4290
f 4327 4290 4328
f 4328 4290 4329
f 4329 4290 4291
f 4329 4291 4292
f 4330 4292 4293
f 4329 4292 4330
f 4330 4293 4294
f 4330 4294 4295
f 4330 4295 4331
f 4331 4295 4296
f 4331 4296 4332
f 4332 4296 4333
f 4333 4296 4334
f 4334 4296 4335
f 4335 4296 4302
f 4302 4296 4298
f 4298 4296 4297
f 4302 4298 4300
f 4300 4298 4299
f 4302 4301 4335
f 4335 4301 4336
f 4336 4301 4303
f 4336 4303 4337
f 4337 4303 4338
f 4338 4303 4304
f 4339 4307 4340
f 4340 4307 4308
f 4340 4308 4341
f 4341 4308 4309
f 4341 4309 4342
f 4342 4309 4310
f 4342 4310 4343
f 4343 4310 4311
f 4343 4311 4344
f 4344 4311 4312
f 4344 4312 4315
f 4315 4312 4313
f 4344 4315 4316
f 4344 4316 4317
f 4344 4317 4346
f 4346 4317 4318
f 4345 4318 4319
f 4346 4318 4345
f 4345 4319 4347
f 4347 4319 4348
f 4348 4319 4320
f 4348 4320 4349
f 4349 4320 4322
f 4349 4322 4323
f 4349 4323 4350
f 4350 4323 4351
f 4351 4323 4352
f 4352 4323 4324
f 4352 4324 4325
f 4353 4326 4327
f 4353 4327 4354
f 4354 4327 4328
f 4354 4328 4355
f 4355 4328 4356
f 4356 4328 4329
f 4356 4329 4333
f 4333 4329 4332
f 4332 4329 4330
f 4332 4330 4331
f 4356 4333 4357
f 4357 4333 4358
f 4358 4333 4335
f 4335 4333 4334
f 4358 4335 4359
f 4359 4335 4360
f 4360 4335 4336
f 4360 4336 4337
f 4360 4337 4361
f 4361 4337 4362
f 4362 4337 4363
f 4363 4337 4364
f 4364 4337 4338
f 4365 4339 4366
f 4366 4339 4340
f 4366 4340 4390
f 4390 4340 4367
f 4367 4340 4341
f 4367 4341 4368
f 4368 4341 4342
f 4368 4342 4369
f 4369 4342 4343
f 4369 4343 4370
f 4370 4343 4346
f 4346 4343 4344
f 4371 4345 4347
f 4346 4345 4370
f 4370 4345 4371
f 4371 4347 4372
f 4372 4347 4348
f 4372 4348 4373
f 4373 4348 4349
f 4373 4349 4374
f 4374 4349 4350
f 4375 4350 4376
f 4376 4350 4351
f 4374 4350 4375
f 4377 4353 4354
f 4377 4354 4378
f 4378 4354 4355
f 4378 4355 4379
f 4379 4355 4380
f 4380 4355 4381
f 4381 4355 4356
f 4381 4356 4357
f 4359 4357 4358
f 4381 4357 4382
f 4382 4357 4360
f 4360 4357 4359
f 4382 4360 4383
f 4383 4360 4384
f 4384 4360 4361
f 4384 4361 4385
f 4385 4361 4362
f 4385 4362 4386
f 4387 4365 4366
f 4387 4366 4388
f 4388 4366 4389
f 4389 4366 4390
f 4390 4367 4391
f 4391 4367 4368
f 4391 4368 4392
f 4392 4368 4369
f 4392 4369 4393
f 4393 4369 4370
f 4393 4370 4371
f 4394 4371 4395
f 4395 4371 4372
f 4393 4371 4394
f 4395 4372 4373
f 4395 4373 4396
f 4396 4373 4397
f 4397 4373 4374
f 4397 4374 4375
f 4398 4375 4399
f 4399 4375 4376
f 4397 4375 4398
f 4400 4377 4378
f 4400 4378 4379
f 4400 4379 4401
f 4401 4379 4380
f 4402 4380 4381
f 4401 4380 4403
f 4403 4380 4404
f 4404 4380 4405
f 4405 4380 4406
f 4406 4380 4407
f 4407 4380 4402
f 4402 4381 4408
f 4408 4381 4383
f 4383 4381 4409
f 4409 4381 4382
f 4409 4382 4383
f 4408 4383 4410
f 4410 4383 4384
f 4410 4384 4385
f 4410 4385 4411
f 4411 4385 4386
f 4411 4386 4412
f 4413 4387 4414
f 4414 4387 4388
f 4414 4388 4415
f 4415 4388 4389
f 4415 4389 4416
f 4416 4389 4417
f 4417 4389 4390
f 4417 4390 4391
f 4417 4391 4418
f 4418 4391 4392
f 4418 4392 4419
f 4419 4392 4393
f 4419 4393 4394
f 4420 4394 4421
f 4421 4394 4395
f 4419 4394 4420
f 4421 4395 4422
f 4422 4395 4396
f 4422 4396 4397
f 4423 4397 4424
f 4424 4397 4398
f 4422 4397 4423
f 4424 4398 4399
f 4424 4399 4425
f 4403 4400 4401
f 4407 4402 4408
f 4426 4406 4407
f 4427 4407 4410
f 4410 4407 4408
f 4426 4407 4428
f 4428 4407 4429
f 4429 4407 4430
f 4430 4407 4431
f 4431 4407 4432
f 4432 4407 4427
f 4427 4410 4411
f 4433 4411 4434
f 4434 4411 4435
f 4435 4411 4436
f 4436 4411 4437
f 4437 4411 4412
f 4427 4411 4432
f 4432 4411 4438
f 4438 4411 4439
f 4439 4411 4440
f 4440 4411 4433
f 4441 4413 4442
f 4442 4413 4414
f 4442 4414 4443
f 4443 4414 4415
f 4443 4415 4416
f 4443 4416 4444
f 4444 4416 4445
f 4445 4416 4446
f 4446 4416 4417
f 4446 4417 4418
f 4446 4418 4447
f 4447 4418 4419
f 4447 4419 4420
f 4448 4420 4449
f 4449 4420 4421
f 4447 4420 4448
f 4449 4421 4450
f 4450 4421 4422
f 4450 4422 4423
f 4451 4423 4424
f 4450 4423 4451
f 4452 4424 4453
f 4453 4424 4425
f 4451 4424 4452
f 4454 4429 4430
f 4454 4430 4431
f 4455 4431 4432
f 4454 4431 4456
f 4456 4431 4457
f 4457 4431 4458
f 4458 4431 4459
f 4459 4431 4483
f 4483 4431 4455
f 4455 4432 4460
f 4460 4432 4438
f 4460 4438 4455
f 4455 4438 4461
f 4461 4438 4462
f 4462 4438 4463
f 4463 4438 4439
f 4463 4439 4464
f 4464 4439 4465
f 4465 4439 4466
f 4466 4439 4467
f 4467 4439 4468
f 4468 4439 4440
f 4469 4441 4442
f 4470 4442 4443
f 4469 4442 4471
f 4471 4442 4470
f 4472 4443 4444
f 4470 4443 4472
f 4472 4444 4445
f 4473 4445 4474
f 4474 4445 4475
f 4475 4445 4446
f 4472 4445 4473
f 4475 4446 4447
f 4475 4447 4448
f 4476 4448 4477
f 4477 4448 4449
f 4475 4448 4474
f 4474 4448 4476
f 4477 4449 4478
f 4478 4449 4450
f 4478 4450 4451
f 4478 4451 4479
f 4479 4451 4480
f 4480 4451 4452
f 4480 4452 4481
f 4481 4452 4453
f 4482 4454 4456
f 4483 4455 4461
f 4482 4456 4484
f 4484 4456 4457
f 4459 4457 4458
f 4484 4457 4485
f 4485 4457 4486
f 4486 4457 4487
f 4487 4457 4488
f 4488 4457 4489
f 4489 4457 4490
f 4490 4457 4491
f 4491 4457 4492
f 4492 4457 4459
f 4492 4459 4491
f 4491 4459 4493
f 4493 4459 4494
f 4494 4459 4495
f 4495 4459 4496
f 4496 4459 4483
f 4483 4461 4462
f 4496 4462 4497
f 4497 4462 4498
f 4498 4462 4499
f 4499 4462 4463
f 4483 4462 4496
f 4500 4463 4501
f 4501 4463 4502
f 4502 4463 4464
f 4499 4463 4503
f 4503 4463 4504
f 4504 4463 4505
f 4505 4463 4500
f 4506 4469 4471
f 4471 4470 4507
f 4507 4470 4508
f 4508 4470 4472
f 4506 4471 4509
f 4509 4471 4507
f 4508 4472 4473
f 4510 4473 4474
f 4508 4473 4511
f 4511 4473 4510
f 4510 4474 4512
f 4512 4474 4476
f 4512 4476 4477
f 4512 4477 4513
f 4513 4477 4514
f 4514 4477 4478
f 4514 4478 4479
f 4515 4479 4516
f 4516 4479 4480
f 4514 4479 4515
f 4516 4480 4517
f 4517 4480 4481
f 4518 4490 4491
f 4519 4491 4494
f 4494 4491 4493
f 4518 4491 4520
f 4520 4491 4521
f 4521 4491 4522
f 4522 4491 4523
f 4523 4491 4524
f 4524 4491 4525
f 4525 4491 4526
f 4526 4491 4519
f 4519 4494 4527
f 4527 4494 4528
f 4528 4494 4529
f 4529 4494 4530
f 4530 4494 4495
f 4497 4495 4496
f 4530 4495 4531
f 4531 4495 4532
f 4532 4495 4533
f 4533 4495 4534
f 4534 4495 4535
f 4535 4495 4497
f 4535 4497 4536
f 4536 4497 4537
f 4537 4497 4538
f 4538 4497 4539
f 4539 4497 4498
f 4540 4506 4509
f 4541 4507 4508
f 4509 4507 4541
f 4542 4508 4511
f 4541 4508 4542
f 4540 4509 4543
f 4543 4509 4544
f 4544 4509 4541
f 4511 4510 4545
f 4545 4510 4546
f 4546 4510 4547
f 4547 4510 4512
f 4542 4511 4545
f 4547 4512 4548
f 4548 4512 4513
f 4548 4513 4514
f 4548 4514 4549
f 4549 4514 4550
f 4550 4514 4515
f 4550 4515 4551
f 4551 4515 4516
f 4551 4516 4552
f 4552 4516 4553
f 4553 4516 4554
f 4554 4516 4517
f 4526 4519 4527
f 4555 4529 4530
f 4555 4530 4556
f 4556 4530 4557
f 4557 4530 4531
f 4557 4531 4558
f 4558 4531 4559
f 4559 4531 4532
f 4544 4541 4560
f 4560 4541 4542
f 4560 4542 4561
f 4561 4542 4562
f 4562 4542 4545
f 4563 4543 4544
f 4563 4544 4564
f 4564 4544 4565
f 4565 4544 4566
f 4566 4544 4561
f 4561 4544 4560
f 4562 4545 4567
f 4567 4545 4546
f 4567 4546 4568
f 4568 4546 4547
f 4569 4547 4570
f 4570 4547 4548
f 4568 4547 4569
f 4570 4548 4571
f 4571 4548 4549
f 4571 4549 4572
f 4572 4549 4550
f 4572 4550 4573
f 4573 4550 4551
f 4573 4551 4574
f 4574 4551 4552
f 4575 4556 4557
f 4575 4557 4558
f 4576 4558 4577
f 4577 4558 4578
f 4578 4558 4579
f 4579 4558 4559
f 4575 4558 4576
f 4579 4559 4578
f 4578 4559 4580
f 4580 4559 4581
f 4581 4559 4582
f 4583 4561 4584
f 4584 4561 4585
f 4585 4561 4562
f 4566 4561 4583
f 4585 4562 4567
f 4586 4565 4566
f 4586 4566 4587
f 4587 4566 4588
f 4588 4566 4583
f 4585 4567 4584
f 4584 4567 4589
f 4589 4567 4590
f 4590 4567 4568
f 4590 4568 4569
f 4591 4569 4570
f 4590 4569 4591
f 4591 4570 4592
f 4592 4570 4571
f 4592 4571 4593
f 4593 4571 4572
f 4593 4572 4594
f 4594 4572 4573
f 4594 4573 4574
f 4594 4574 4595
f 4596 4575 4576
f 4596 4576 4597
f 4597 4576 4598
f 4598 4576 4577
f 4598 4577 4599
f 4599 4577 4600
f 4600 4577 4601
f 4601 4577 4578
f 4601 4578 4602
f 4602 4578 4580
f 4602 4580 4581
f 4602 4581 4603
f 4603 4581 4604
f 4604 4581 4582
f 4604 4582 4605
f 4606 4583 4584
f 4588 4583 4607
f 4607 4583 4608
f 4608 4583 4606
f 4606 4584 4609
f 4609 4584 4589
f 4610 4587 4611
f 4611 4587 4588
f 4611 4588 4607
f 4612 4589 4591
f 4591 4589 4590
f 4609 4589 4612
f 4612 4591 4592
f 4612 4592 4613
f 4613 4592 4593
f 4613 4593 4614
f 4614 4593 4594
f 4614 4594 4615
f 4615 4594 4595
f 4615 4595 4616
f 4617 4597 4598
f 4617 4598 4599
f 4618 4599 4600
f 4617 4599 4619
f 4619 4599 4618
f 4618 4600 4620
f 4620 4600 4601
f 4620 4601 4621
f 4621 4601 4622
f 4622 4601 4602
f 4622 4602 4603
f 4622 4603 4623
f 4623 4603 4624
f 4624 4603 4625
f 4625 4603 4604
f 4625 4604 4605
f 4625 4605 4626
f 4608 4606 4627
f 4627 4606 4628
f 4628 4606 4629
f 4629 4606 4609
f 4611 4607 4630
f 4630 4607 4608
f 4630 4608 4627
f 4629 4609 4631
f 4631 4609 4612
f 4632 4610 4611
f 4632 4611 4633
f 4633 4611 4634
f 4634 4611 4630
f 4631 4612 4613
f 4631 4613 4635
f 4635 4613 4614
f 4635 4614 4636
f 4636 4614 4615
f 4636 4615 4637
f 4637 4615 4638
f 4638 4615 4639
f 4639 4615 4616
f 4640 4618 4641
f 4641 4618 4642
f 4642 4618 4620
f 4619 4618 4643
f 4643 4618 4640
f 4642 4620 4644
f 4644 4620 4645
f 4645 4620 4621
f 4645 4621 4646
f 4646 4621 4622
f 4646 4622 4623
f 4646 4623 4647
f 4647 4623 4624
f 4647 4624 4648
f 4648 4624 4649
f 4649 4624 4650
f 4650 4624 4626
f 4626 4624 4625
f 4630 4627 4651
f 4651 4627 4628
f 4651 4628 4652
f 4652 4628 4629
f 4652 4629 4653
f 4653 4629 4654
f 4654 4629 4655
f 4655 4629 4631
f 4634 4630 4633
f 4633 4630 4656
f 4656 4630 4657
f 4657 4630 4651
f 4655 4631 4635
f 4658 4633 4656
f 4655 4635 4659
f 4659 4635 4636
f 4659 4636 4660
f 4660 4636 4661
f 4661 4636 4662
f 4662 4636 4663
f 4663 4636 4637
f 4663 4637 4638
f 4663 4638 4664
f 4664 4638 4665
f 4665 4638 4666
f 4666 4638 4639
f 4667 4640 4641
f 4643 4640 4667
f 4667 4641 4668
f 4668 4641 4669
f 4669 4641 4642
f 4669 4642 4644
f 4670 4643 4667
f 4669 4644 4671
f 4671 4644 4645
f 4671 4645 4672
f 4672 4645 4646
f 4672 4646 4647
f 4672 4647 4673
f 4673 4647 4674
f 4674 4647 4675
f 4675 4647 4648
f 4675 4648 4676
f 4676 4648 4649
f 4676 4649 4677
f 4657 4651 4678
f 4678 4651 4679
f 4679 4651 4652
f 4679 4652 4680
f 4680 4652 4681
f 4681 4652 4653
f 4681 4653 4682
f 4682 4653 4654
f 4682 4654 4660
f 4660 4654 4659
f 4659 4654 4655
f 4678 4656 4657
f 4658 4656 4683
f 4683 4656 4684
f 4684 4656 4685
f 4685 4656 4678
f 4682 4660 4686
f 4686 4660 4661
f 4686 4661 4687
f 4687 4661 4688
f 4688 4661 4689
f 4689 4661 4663
f 4663 4661 4662
f 4689 4663 4664
f 4689 4664 4690
f 4690 4664 4691
f 4691 4664 4665
f 4670 4667 4692
f 4692 4667 4693
f 4693 4667 4694
f 4694 4667 4695
f 4695 4667 4696
f 4696 4667 4697
f 4697 4667 4668
f 4697 4668 4669
f 4697 4669 4698
f 4698 4669 4671
f 4698 4671 4699
f 4699 4671 4673
f 4673 4671 4672
f 4699 4673 4700
f 4700 4673 4701
f 4701 4673 4702
f 4702 4673 4674
f 4702 4674 4703
f 4703 4674 4675
f 4703 4675 4704
f 4704 4675 4676
f 4704 4676 4705
f 4705 4676 4706
f 4706 4676 4677
f 4707 4678 4679
f 4685 4678 4708
f 4708 4678 4709
f 4709 4678 4707
f 4707 4679 4680
f 4707 4680 4710
f 4710 4680 4711
f 4711 4680 4712
f 4712 4680 4713
f 4713 4680 4681
f 4713 4681 4682
f 4713 4682 4686
f 4714 4684 4715
f 4715 4684 4685
f 4715 4685 4708
f 4713 4686 4687
f 4713 4687 4716
f 4716 4687 4717
f 4717 4687 4688
f 4717 4688 4718
f 4718 4688 4719
f 4719 4688 4690
f 4690 4688 4689
f 4719 4690 4720
f 4720 4690 4721
f 4721 4690 4722
f 4722 4690 4691
f 4723 4696 4724
f 4724 4696 4697
f 4724 4697 4725
f 4725 4697 4726
f 4726 4697 4727
f 4727 4697 4698
f 4728 4698 4699
f 4727 4698 4728
f 4728 4699 4700
f 4728 4700 4729
f 4729 4700 4701
f 4729 4701 4730
f 4730 4701 4731
f 4731 4701 4702
f 4731 4702 4732
f 4732 4702 4733
f 4733 4702 4703
f 4733 4703 4734
f 4734 4703 4735
f 4735 4703 4736
f 4736 4703 4704
f 4736 4704 4705
f 4709 4707 4737
f 4737 4707 4738
f 4738 4707 4710
f 4737 4708 4709
f 4715 4708 4739
f 4739 4708 4740
f 4740 4708 4737
f 4738 4710 4741
f 4741 4710 4711
f 4741 4711 4742
f 4742 4711 4743
f 4743 4711 4744
f 4744 4711 4745
f 4745 4711 4746
f 4746 4711 4712
f 4746 4712 4716
f 4716 4712 4713
f 4747 4714 4715
f 4747 4715 4748
f 4748 4715 4739
f 4718 4716 4717
f 4746 4716 4745
f 4745 4716 4749
f 4749 4716 4750
f 4750 4716 4751
f 4751 4716 4718
f 4751 4718 4752
f 4752 4718 4753
f 4753 4718 4754
f 4754 4718 4719
f 4754 4719 4720
f 4754 4720 4755
f 4755 4720 4721
f 4755 4721 4753
f 4756 4723 4725
f 4725 4723 4724
f 4757 4725 4758
f 4758 4725 4759
f 4759 4725 4760
f 4760 4725 4761
f 4761 4725 4726
f 4756 4725 4757
f 4761 4726 4727
f 4762 4727 4728
f 4761 4727 4763
f 4763 4727 4749
f 4749 4727 4744
f 4744 4727 4764
f 4764 4727 4762
f 4762 4728 4729
f 4762 4729 4764
f 4764 4729 4744
f 4744 4729 4743
f 4743 4729 4765
f 4765 4729 4730
f 4765 4730 4766
f 4766 4730 4731
f 4766 4731 4732
f 4767 4732 4733
f 4766 4732 4768
f 4768 4732 4769
f 4769 4732 4767
f 4767 4733 4734
f 4767 4734 4735
f 4767 4735 4770
f 4770 4735 4771
f 4740 4737 4772
f 4772 4737 4773
f 4773 4737 4738
f 4773 4738 4741
f 4748 4739 4774
f 4774 4739 4775
f 4775 4739 4740
f 4775 4740 4776
f 4776 4740 4772
f 4773 4741 4777
f 4777 4741 4742
f 4777 4742 4778
f 4778 4742 4743
f 4778 4743 4765
f 4749 4744 4745
f 4763 4749 4779
f 4779 4749 4750
f 4779 4750 4751
f 4779 4751 4780
f 4780 4751 4752
f 4781 4752 4753
f 4780 4752 4781
f 4755 4753 4754
f 4781 4753 4780
f 4780 4753 4782
f 4783 4756 4757
f 4783 4757 4758
f 4784 4758 4785
f 4785 4758 4786
f 4786 4758 4759
f 4783 4758 4787
f 4787 4758 4784
f 4786 4759 4760
f 4788 4760 4779
f 4779 4760 4761
f 4786 4760 4788
f 4779 4761 4763
f 4778 4765 4766
f 4778 4766 4768
f 4769 4767 4789
f 4789 4767 4790
f 4790 4767 4791
f 4791 4767 4792
f 4792 4767 4770
f 4778 4768 4777
f 4777 4768 4793
f 4793 4768 4769
f 4793 4769 4789
f 4792 4770 4771
f 4776 4772 4789
f 4789 4772 4793
f 4793 4772 4773
f 4793 4773 4777
f 4794 4775 4795
f 4795 4775 4789
f 4789 4775 4776
f 4796 4779 4780
f 4788 4779 4796
f 4796 4780 4782
f 4796 4782 4797
f 4798 4785 4786
f 4798 4786 4799
f 4799 4786 4800
f 4800 4786 4801
f 4801 4786 4796
f 4796 4786 4788
f 4795 4789 4802
f 4802 4789 4791
f 4791 4789 4790
f 4802 4794 4795
f 4801 4796 4803
f 4803 4796 4804
f 4804 4796 4797
f 4806 4805 4807
f 4807 4805 4808
f 4808 4805 4809
f 4809 4805 4810
f 4810 4805 4811
f 4811 4805 4812
f 4812 4805 4813
f 4813 4805 4806
f 4813 4806 4814
f 4814 4806 4815
f 4815 4806 4807
f 4815 4807 4816
f 4816 4807 4817
f 4817 4807 4808
f 4817 4808 4818
f 4818 4808 4819
f 4819 4808 4809
f 4819 4809 4820
f 4820 4809 4821
f 4821 4809 4810
f 4822 4810 4811
f 4821 4810 4823
f 4823 4810 4824
f 4824 4810 4822
f 4825 4811 4826
f 4826 4811 4812
f 4822 4811 4824
f 4824 4811 4825
f 4826 4812 4813
f 4826 4813 4827
f 4827 4813 4828
f 4828 4813 4814
f 4829 4814 4830
f 4830 4814 4815
f 4828 4814 4829
f 4830 4815 4831
f 4831 4815 4832
f 4832 4815 4833
f 4833 4815 4834
f 4834 4815 4816
f 4834 4816 4817
f 4834 4817 4835
f 4835 4817 4836
f 4836 4817 4818
f 4836 4818 4819
f 4836 4819 4837
f 4837 4819 4838
f 4838 4819 4820
f 4838 4820 4839
f 4839 4820 4840
f 4840 4820 4841
f 4841 4820 4842
f 4842 4820 4823
f 4823 4820 4821
f 4842 4823 4824
f 4842 4824 4843
f 4843 4824 4844
f 4844 4824 4825
f 4845 4825 4846
f 4846 4825 4847
f 4847 4825 4848
f 4848 4825 4849
f 4849 4825 4826
f 4844 4825 4845
f 4850 4826 4851
f 4851 4826 4852
f 4852 4826 4853
f 4853 4826 4827
f 4849 4826 4850
f 4853 4827 4828
f 4853 4828 4854
f 4854 4828 4855
f 4855 4828 4829
f 4855 4829 4830
f 4855 4830 4853
f 4853 4830 4871
f 4871 4830 4858
f 4858 4830 4857
f 4857 4830 4856
f 4856 4830 4833
f 4833 4830 4832
f 4832 4830 4831
f 4856 4833 4834
f 4856 4834 4857
f 4857 4834 4858
f 4858 4834 4835
f 4859 4835 4836
f 4858 4835 4859
f 4859 4836 4837
f 4859 4837 4860
f 4860 4837 4861
f 4861 4837 4862
f 4862 4837 4863
f 4863 4837 4838
f 4863 4838 4839
f 4863 4839 4864
f 4864 4839 4865
f 4865 4839 4866
f 4866 4839 4840
f 4866 4840 4867
f 4867 4840 4841
f 4867 4841 4868
f 4868 4841 4842
f 4868 4842 4869
f 4869 4842 4843
f 4870 4843 4844
f 4868 4843 4869
f 4867 4843 4868
f 4866 4843 4867
f 4865 4843 4866
f 4864 4843 4865
f 4863 4843 4864
f 4862 4843 4863
f 4861 4843 4862
f 4860 4843 4861
f 4873 4843 4860
f 4872 4843 4873
f 4871 4843 4872
f 4853 4843 4871
f 4852 4843 4853
f 4851 4843 4852
f 4850 4843 4851
f 4849 4843 4850
f 4848 4843 4849
f 4847 4843 4848
f 4846 4843 4847
f 4870 4843 4846
f 4870 4844 4846
f 4846 4844 4845
f 4855 4853 4854
f 4871 4858 4872
f 4872 4858 4873
f 4873 4858 4859
f 4873 4859 4860
f 4882 4874 4875
f 4889 4874 4882
f 4899 4874 4889
f 4911 4874 4899
f 4902 4874 4911
f 4890 4874 4902
f 4883 4874 4890
f 4876 4874 4883
f 4876 4874 4877
f 4877 4874 4878
f 4878 4874 4879
f 4879 4874 4875
f 4879 4875 4880
f 4880 4875 4881
f 4881 4875 4882
f 4883 4876 4884
f 4884 4876 4885
f 4885 4876 4886
f 4886 4876 4877
f 4886 4877 4878
f 4880 4878 4879
f 4886 4878 4887
f 4887 4878 4888
f 4888 4878 4880
f 4888 4880 4898
f 4898 4880 4910
f 4910 4880 4926
f 4926 4880 4942
f 4942 4880 4962
f 4962 4880 4980
f 4980 4880 4979
f 4979 4880 4978
f 4978 4880 4982
f 4982 4880 4965
f 4965 4880 4963
f 4963 4880 4946
f 4946 4880 4929
f 4929 4880 4915
f 4915 4880 4900
f 4900 4880 4889
f 4889 4880 4882
f 4882 4880 4881
f 4890 4883 4891
f 4891 4883 4892
f 4892 4883 4884
f 4893 4884 4885
f 4892 4884 4894
f 4894 4884 4895
f 4895 4884 4893
f 4893 4885 4886
f 4893 4886 4895
f 4895 4886 4896
f 4896 4886 4887
f 4896 4887 4897
f 4897 4887 4898
f 4898 4887 4888
f 4901 4889 4900
f 4899 4889 4901
f 4902 4890 4903
f 4903 4890 4904
f 4904 4890 4905
f 4905 4890 4891
f 4905 4891 4894
f 4894 4891 4892
f 4906 4894 4895
f 4905 4894 4907
f 4907 4894 4906
f 4906 4895 4896
f 4906 4896 4908
f 4908 4896 4897
f 4908 4897 4909
f 4909 4897 4910
f 4910 4897 4898
f 4912 4899 4901
f 4913 4899 4912
f 4914 4899 4913
f 4914 4899 4928
f 4928 4899 4944
f 4944 4899 4943
f 4943 4899 4953
f 4953 4899 4952
f 4952 4899 4954
f 4954 4899 4935
f 4935 4899 4920
f 4920 4899 4904
f 4904 4899 4903
f 4903 4899 4911
f 4901 4900 4915
f 4916 4901 4915
f 4930 4901 4916
f 4917 4901 4930
f 4931 4901 4917
f 4918 4901 4931
f 4913 4901 4918
f 4912 4901 4913
f 4911 4902 4903
f 4919 4904 4905
f 4920 4904 4919
f 4919 4905 4907
f 4907 4906 4921
f 4921 4906 4908
f 4919 4907 4922
f 4922 4907 4923
f 4923 4907 4921
f 4921 4908 4924
f 4924 4908 4909
f 4924 4909 4925
f 4925 4909 4926
f 4926 4909 4910
f 4927 4913 4918
f 4928 4913 4927
f 4914 4913 4928
f 4930 4915 4929
f 4916 4915 4930
f 4932 4917 4930
f 4933 4917 4932
f 4947 4917 4933
f 4931 4917 4947
f 4934 4918 4931
f 4927 4918 4934
f 4920 4919 4935
f 4935 4919 4936
f 4936 4919 4922
f 4923 4921 4924
f 4936 4922 4937
f 4937 4922 4938
f 4938 4922 4923
f 4939 4923 4924
f 4938 4923 4940
f 4940 4923 4939
f 4939 4924 4925
f 4939 4925 4941
f 4941 4925 4926
f 4941 4926 4942
f 4943 4927 4934
f 4944 4927 4943
f 4928 4927 4944
f 4945 4929 4930
f 4946 4929 4945
f 4933 4930 4932
f 4945 4930 4933
f 4948 4931 4947
f 4934 4931 4948
f 4945 4933 4946
f 4946 4933 4949
f 4949 4933 4950
f 4950 4933 4964
f 4964 4933 4947
f 4948 4934 4947
f 4947 4934 4951
f 4951 4934 4952
f 4952 4934 4953
f 4953 4934 4943
f 4954 4935 4955
f 4955 4935 4956
f 4956 4935 4936
f 4956 4936 4957
f 4957 4936 4958
f 4958 4936 4937
f 4958 4937 4959
f 4959 4937 4938
f 4959 4938 4960
f 4960 4938 4940
f 4940 4939 4941
f 4960 4940 4961
f 4961 4940 4941
f 4961 4941 4962
f 4962 4941 4942
f 4963 4946 4949
f 4964 4947 4951
f 4963 4949 4965
f 4965 4949 4966
f 4966 4949 4950
f 4966 4950 4967
f 4967 4950 4981
f 4981 4950 4964
f 4964 4951 4968
f 4968 4951 4969
f 4969 4951 4952
f 4970 4952 4954
f 4969 4952 4970
f 4970 4954 4971
f 4971 4954 4956
f 4956 4954 4955
f 4971 4956 4969
f 4969 4956 4972
f 4972 4956 4973
f 4973 4956 4957
f 4973 4957 4972
f 4972 4957 4974
f 4974 4957 4975
f 4975 4957 4958
f 4975 4958 4959
f 4975 4959 4976
f 4976 4959 4960
f 4976 4960 4961
f 4976 4961 4977
f 4977 4961 4978
f 4978 4961 4979
f 4979 4961 4980
f 4980 4961 4962
f 4981 4964 4968
f 4982 4965 4966
f 4983 4966 4967
f 4982 4966 4977
f 4977 4966 4983
f 4983 4967 4981
f 4981 4968 4972
f 4972 4968 4984
f 4984 4968 4969
f 4984 4969 4972
f 4971 4969 4970
f 4981 4972 4985
f 4985 4972 4974
f 4986 4974 4975
f 4985 4974 4983
f 4983 4974 4986
f 4986 4975 4976
f 4986 4976 4977
f 4982 4977 4978
f 4986 4977 4983
f 4983 4981 4985
f 4998 4987 4988
f 5010 4987 4998
f 5026 4987 5010
f 5048 4987 5026
f 5051 4987 5048
f 5050 4987 5051
f 5049 4987 5050
f 5047 4987 5049
f 5046 4987 5047
f 5045 4987 5046
f 5044 4987 5045
f 5043 4987 5044
f 5061 4987 5043
f 5059 4987 5061
f 5063 4987 5059
f 5062 4987 5063
f 5052 4987 5062
f 5027 4987 5052
f 5014 4987 5027
f 5013 4987 5014
f 5012 4987 5013
f 4999 4987 5012
f 4989 4987 4999
f 4990 4987 4989
f 4991 4987 4990
f 4991 4987 4992
f 4992 4987 4993
f 4993 4987 4994
f 4994 4987 4988
f 4994 4988 4995
f 4995 4988 4996
f 4996 4988 4997
f 4997 4988 4998
f 5000 4989 4999
f 5001 4989 5000
f 4990 4989 5001
f 5002 4990 5001
f 4991 4990 5002
f 4992 4991 5002
f 5003 4992 4996
f 4996 4992 4993
f 5004 4992 5002
f 5004 4992 5003
f 4996 4993 4995
f 4995 4993 4994
f 5003 4996 5005
f 5005 4996 4997
f 5006 4997 5007
f 5007 4997 4998
f 5005 4997 5008
f 5008 4997 5009
f 5009 4997 5006
f 5007 4998 5006
f 5006 4998 5011
f 5011 4998 5010
f 5000 4999 5012
f 5013 5000 5012
f 5014 5000 5013
f 5015 5000 5014
f 5016 5000 5015
f 5017 5000 5016
f 5001 5000 5017
f 5002 5001 5017
f 5018 5002 5017
f 5004 5002 5018
f 5004 5003 5019
f 5019 5003 5005
f 5019 5004 5018
f 5019 5005 5008
f 5009 5006 5011
f 5019 5008 5020
f 5020 5008 5021
f 5021 5008 5022
f 5022 5008 5023
f 5023 5008 5009
f 5023 5009 5024
f 5024 5009 5025
f 5025 5009 5011
f 5011 5010 5025
f 5025 5010 5026
f 5028 5014 5027
f 5016 5014 5028
f 5015 5014 5016
f 5029 5016 5028
f 5030 5016 5029
f 5017 5016 5030
f 5031 5017 5030
f 5032 5017 5031
f 5033 5017 5032
f 5034 5017 5033
f 5018 5017 5034
f 5019 5018 5034
f 5035 5019 5034
f 5032 5019 5035
f 5036 5019 5032
f 5020 5019 5036
f 5021 5020 5036
f 5038 5021 5037
f 5039 5021 5038
f 5039 5021 5040
f 5040 5021 5022
f 5037 5021 5036
f 5040 5022 5041
f 5041 5022 5023
f 5041 5023 5042
f 5042 5023 5043
f 5043 5023 5044
f 5044 5023 5045
f 5045 5023 5046
f 5046 5023 5047
f 5047 5023 5024
f 5048 5024 5025
f 5047 5024 5049
f 5049 5024 5050
f 5050 5024 5051
f 5051 5024 5048
f 5048 5025 5026
f 5053 5027 5052
f 5028 5027 5053
f 5054 5028 5053
f 5029 5028 5054
f 5030 5029 5054
f 5031 5030 5054
f 5055 5031 5054
f 5032 5031 5055
f 5033 5032 5035
f 5053 5032 5055
f 5056 5032 5053
f 5057 5032 5056
f 5037 5032 5057
f 5036 5032 5037
f 5034 5033 5035
f 5038 5037 5057
f 5056 5038 5057
f 5053 5038 5056
f 5058 5038 5053
f 5039 5038 5058
f 5059 5039 5058
f 5059 5039 5060
f 5060 5039 5040
f 5060 5040 5041
f 5060 5041 5042
f 5060 5042 5043
f 5060 5043 5061
f 5053 5052 5062
f 5054 5053 5055
f 5058 5053 5062
f 5063 5058 5062
f 5059 5058 5063
f 5061 5059 5060
f 5065 5064 5066
f 5066 5064 5067
f 5067 5064 5068
f 5068 5064 5069
f 5069 5064 5070
f 5070 5064 5071
f 5071 5064 5072
f 5072 5064 5065
f 5073 5065 5066
f 5072 5065 5074
f 5074 5065 5075
f 5075 5065 5073
f 5073 5066 5076
f 5076 5066 5067
f 5078 5067 5077
f 5068 5067 5078
f 5076 5067 5079
f 5079 5067 5077
f 5080 5068 5069
f 5080 5068 5078
f 5081 5069 5082
f 5082 5069 5070
f 5080 5069 5081
f 5082 5070 5071
f 5082 5071 5110
f 5110 5071 5083
f 5083 5071 5084
f 5084 5071 5085
f 5085 5071 5072
f 5085 5072 5074
f 5075 5073 5086
f 5086 5073 5087
f 5087 5073 5088
f 5088 5073 5076
f 5085 5074 5084
f 5084 5074 5089
f 5089 5074 5075
f 5089 5075 5090
f 5090 5075 5091
f 5091 5075 5092
f 5092 5075 5093
f 5093 5075 5094
f 5094 5075 5095
f 5095 5075 5086
f 5088 5076 5096
f 5096 5076 5097
f 5097 5076 5098
f 5098 5076 5105
f 5105 5076 5079
f 5078 5077 5099
f 5079 5077 5100
f 5100 5077 5101
f 5099 5077 5101
f 5103 5078 5102
f 5104 5078 5103
f 5080 5078 5104
f 5102 5078 5099
f 5105 5079 5106
f 5106 5079 5107
f 5107 5079 5100
f 5108 5080 5104
f 5109 5080 5108
f 5081 5080 5109
f 5082 5081 5109
f 5110 5082 5109
f 5109 5083 5110
f 5108 5083 5109
f 5135 5083 5108
f 5134 5083 5135
f 5154 5083 5134
f 5156 5083 5154
f 5182 5083 5156
f 5159 5083 5182
f 5157 5083 5159
f 5139 5083 5157
f 5117 5083 5139
f 5116 5083 5117
f 5115 5083 5116
f 5090 5083 5115
f 5089 5083 5090
f 5084 5083 5089
f 5095 5086 5087
f 5095 5087 5111
f 5111 5087 5112
f 5112 5087 5113
f 5113 5087 5114
f 5114 5087 5088
f 5114 5088 5096
f 5115 5090 5091
f 5115 5091 5116
f 5116 5091 5117
f 5117 5091 5118
f 5118 5091 5092
f 5119 5092 5094
f 5094 5092 5093
f 5118 5092 5120
f 5120 5092 5121
f 5121 5092 5119
f 5111 5094 5095
f 5119 5094 5122
f 5122 5094 5123
f 5123 5094 5111
f 5114 5096 5124
f 5124 5096 5097
f 5125 5097 5126
f 5126 5097 5127
f 5127 5097 5128
f 5128 5097 5129
f 5129 5097 5098
f 5124 5097 5113
f 5113 5097 5125
f 5129 5098 5130
f 5130 5098 5106
f 5106 5098 5105
f 5131 5099 5101
f 5132 5099 5131
f 5102 5099 5132
f 5107 5100 5131
f 5131 5100 5101
f 5133 5102 5132
f 5103 5102 5133
f 5135 5103 5134
f 5104 5103 5135
f 5136 5103 5133
f 5134 5103 5136
f 5108 5104 5135
f 5131 5106 5107
f 5130 5106 5129
f 5129 5106 5137
f 5153 5106 5137
f 5152 5106 5153
f 5178 5106 5152
f 5177 5106 5178
f 5176 5106 5177
f 5188 5106 5176
f 5179 5106 5188
f 5155 5106 5179
f 5136 5106 5155
f 5133 5106 5136
f 5132 5106 5133
f 5131 5106 5132
f 5123 5111 5112
f 5123 5112 5113
f 5124 5113 5114
f 5123 5113 5138
f 5138 5113 5126
f 5126 5113 5125
f 5139 5117 5118
f 5139 5118 5140
f 5140 5118 5141
f 5141 5118 5120
f 5121 5119 5122
f 5142 5120 5121
f 5141 5120 5143
f 5143 5120 5144
f 5144 5120 5142
f 5142 5121 5122
f 5142 5122 5145
f 5145 5122 5146
f 5146 5122 5123
f 5146 5123 5138
f 5146 5126 5147
f 5147 5126 5148
f 5148 5126 5149
f 5149 5126 5150
f 5150 5126 5127
f 5138 5126 5146
f 5150 5127 5128
f 5150 5128 5151
f 5151 5128 5152
f 5152 5128 5153
f 5153 5128 5129
f 5153 5129 5137
f 5154 5134 5136
f 5182 5136 5155
f 5156 5136 5182
f 5154 5136 5156
f 5157 5139 5140
f 5158 5140 5143
f 5143 5140 5141
f 5157 5140 5159
f 5159 5140 5160
f 5160 5140 5158
f 5144 5142 5145
f 5158 5143 5161
f 5161 5143 5162
f 5162 5143 5163
f 5163 5143 5164
f 5164 5143 5144
f 5164 5144 5145
f 5164 5145 5165
f 5165 5145 5166
f 5166 5145 5167
f 5167 5145 5146
f 5167 5146 5168
f 5168 5146 5147
f 5168 5147 5165
f 5165 5147 5148
f 5165 5148 5169
f 5169 5148 5170
f 5170 5148 5171
f 5171 5148 5172
f 5172 5148 5149
f 5172 5149 5150
f 5172 5150 5173
f 5173 5150 5174
f 5174 5150 5175
f 5175 5150 5151
f 5175 5151 5176
f 5176 5151 5177
f 5177 5151 5178
f 5178 5151 5152
f 5179 5155 5180
f 5180 5155 5173
f 5173 5155 5181
f 5181 5155 5182
f 5162 5158 5161
f 5160 5158 5162
f 5182 5159 5160
f 5182 5160 5183
f 5183 5160 5162
f 5165 5162 5163
f 5183 5162 5165
f 5165 5163 5164
f 5183 5165 5184
f 5184 5165 5169
f 5168 5165 5185
f 5185 5165 5166
f 5185 5166 5167
f 5185 5167 5168
f 5184 5169 5170
f 5186 5170 5187
f 5187 5170 5171
f 5184 5170 5186
f 5187 5171 5172
f 5187 5172 5173
f 5187 5173 5181
f 5180 5173 5175
f 5175 5173 5174
f 5180 5175 5179
f 5179 5175 5188
f 5188 5175 5176
f 5189 5181 5182
f 5187 5181 5189
f 5189 5182 5186
f 5186 5182 5190
f 5190 5182 5183
f 5190 5183 5184
f 5190 5184 5191
f 5191 5184 5186
f 5189 5186 5187
f 5191 5186 5190
f 5194 5192 5193
f 5195 5192 5194
f 5196 5192 5195
f 5197 5192 5196
f 5198 5192 5197
f 5199 5192 5198
f 5205 5192 5199
f 5215 5192 5205
f 5231 5192 5215
f 5249 5192 5231
f 5274 5192 5249
f 5294 5192 5274
f 5280 5192 5294
f 5279 5192 5280
f 5255 5192 5279
f 5254 5192 5255
f 5234 5192 5254
f 5219 5192 5234
f 5206 5192 5219
f 5200 5192 5206
f 5200 5192 5207
f 5207 5192 5221
f 5221 5192 5241
f 5241 5192 5266
f 5266 5192 5265
f 5265 5192 5264
f 5264 5192 5290
f 5290 5192 5292
f 5292 5192 5267
f 5267 5192 5242
f 5242 5192 5222
f 5222 5192 5208
f 5208 5192 5201
f 5201 5192 5193
f 5202 5193 5201
f 5194 5193 5202
f 5203 5194 5202
f 5204 5194 5203
f 5204 5194 5213
f 5213 5194 5228
f 5228 5194 5216
f 5216 5194 5205
f 5205 5194 5199
f 5199 5194 5198
f 5198 5194 5197
f 5197 5194 5196
f 5196 5194 5195
f 5206 5200 5207
f 5202 5201 5208
f 5210 5202 5209
f 5203 5202 5210
f 5209 5202 5208
f 5211 5203 5210
f 5212 5203 5211
f 5204 5203 5212
f 5214 5204 5212
f 5213 5204 5214
f 5216 5205 5217
f 5217 5205 5218
f 5218 5205 5215
f 5219 5206 5220
f 5220 5206 5207
f 5220 5207 5221
f 5223 5208 5222
f 5224 5208 5223
f 5209 5208 5224
f 5225 5209 5224
f 5210 5209 5225
f 5226 5210 5225
f 5227 5210 5226
f 5211 5210 5227
f 5214 5211 5227
f 5212 5211 5214
f 5214 5213 5228
f 5227 5214 5229
f 5229 5214 5230
f 5230 5214 5228
f 5218 5215 5231
f 5228 5216 5230
f 5230 5216 5217
f 5230 5217 5232
f 5232 5217 5218
f 5232 5218 5233
f 5233 5218 5231
f 5234 5219 5220
f 5234 5220 5235
f 5235 5220 5236
f 5236 5220 5237
f 5237 5220 5238
f 5238 5220 5239
f 5239 5220 5240
f 5240 5220 5241
f 5241 5220 5221
f 5243 5222 5242
f 5223 5222 5243
f 5244 5223 5243
f 5225 5223 5244
f 5224 5223 5225
f 5226 5225 5245
f 5245 5225 5244
f 5245 5226 5246
f 5246 5226 5247
f 5247 5226 5227
f 5247 5227 5248
f 5248 5227 5232
f 5232 5227 5229
f 5232 5229 5230
f 5233 5231 5250
f 5250 5231 5249
f 5251 5232 5233
f 5248 5232 5251
f 5251 5233 5252
f 5252 5233 5253
f 5253 5233 5250
f 5254 5234 5235
f 5254 5235 5255
f 5255 5235 5256
f 5256 5235 5236
f 5256 5236 5257
f 5257 5236 5258
f 5258 5236 5237
f 5258 5237 5259
f 5259 5237 5260
f 5260 5237 5238
f 5260 5238 5239
f 5261 5239 5240
f 5260 5239 5261
f 5261 5240 5262
f 5262 5240 5263
f 5263 5240 5264
f 5264 5240 5265
f 5265 5240 5266
f 5266 5240 5241
f 5267 5242 5268
f 5268 5242 5243
f 5268 5243 5269
f 5270 5243 5269
f 5244 5243 5270
f 5245 5244 5270
f 5270 5245 5272
f 5272 5245 5246
f 5271 5246 5247
f 5272 5246 5271
f 5271 5247 5273
f 5273 5247 5248
f 5273 5248 5251
f 5250 5249 5275
f 5275 5249 5274
f 5253 5250 5275
f 5273 5251 5276
f 5276 5251 5252
f 5276 5252 5277
f 5277 5252 5278
f 5278 5252 5275
f 5275 5252 5253
f 5279 5255 5256
f 5279 5256 5257
f 5279 5257 5280
f 5280 5257 5281
f 5281 5257 5282
f 5282 5257 5283
f 5283 5257 5258
f 5282 5258 5284
f 5284 5258 5259
f 5283 5258 5282
f 5284 5259 5260
f 5285 5260 5286
f 5286 5260 5287
f 5287 5260 5262
f 5262 5260 5261
f 5284 5260 5288
f 5288 5260 5289
f 5289 5260 5285
f 5287 5262 5263
f 5290 5263 5264
f 5287 5263 5286
f 5286 5263 5291
f 5291 5263 5292
f 5292 5263 5290
f 5292 5267 5291
f 5291 5267 5293
f 5293 5267 5268
f 5293 5268 5269
f 5293 5269 5272
f 5272 5269 5270
f 5272 5271 5289
f 5289 5271 5288
f 5288 5271 5273
f 5293 5272 5289
f 5288 5273 5276
f 5275 5274 5294
f 5278 5275 5280
f 5280 5275 5294
f 5288 5276 5284
f 5284 5276 5277
f 5284 5277 5278
f 5284 5278 5282
f 5282 5278 5281
f 5281 5278 5280
f 5291 5285 5286
f 5289 5285 5295
f 5295 5285 5291
f 5293 5289 5295
f 5295 5291 5293
f 5297 5296 5298
f 5298 5296 5299
f 5304 5296 5299
f 5313 5296 5304
f 5318 5296 5313
f 5324 5296 5318
f 5329 5296 5324
f 5336 5296 5329
f 5346 5296 5336
f 5362 5296 5346
f 5361 5296 5362
f 5352 5296 5361
f 5351 5296 5352
f 5349 5296 5351
f 5339 5296 5349
f 5334 5296 5339
f 5327 5296 5334
f 5326 5296 5327
f 5321 5296 5326
f 5319 5296 5321
f 5314 5296 5319
f 5308 5296 5314
f 5307 5296 5308
f 5305 5296 5307
f 5300 5296 5305
f 5300 5296 5297
f 5300 5297 5301
f 5301 5297 5302
f 5302 5297 5310
f 5310 5297 5316
f 5316 5297 5320
f 5320 5297 5325
f 5325 5297 5333
f 5333 5297 5338
f 5338 5297 5348
f 5348 5297 5360
f 5360 5297 5359
f 5359 5297 5358
f 5358 5297 5357
f 5357 5297 5356
f 5356 5297 5355
f 5355 5297 5354
f 5354 5297 5353
f 5353 5297 5342
f 5342 5297 5335
f 5335 5297 5328
f 5328 5297 5323
f 5323 5297 5317
f 5317 5297 5312
f 5312 5297 5311
f 5311 5297 5303
f 5303 5297 5298
f 5303 5298 5299
f 5303 5299 5304
f 5305 5300 5306
f 5306 5300 5301
f 5306 5301 5305
f 5305 5301 5302
f 5305 5302 5307
f 5307 5302 5308
f 5308 5302 5309
f 5309 5302 5310
f 5311 5303 5304
f 5311 5304 5312
f 5312 5304 5313
f 5314 5308 5309
f 5314 5309 5315
f 5315 5309 5310
f 5315 5310 5316
f 5317 5312 5313
f 5317 5313 5318
f 5316 5314 5319
f 5315 5314 5316
f 5321 5316 5319
f 5322 5316 5321
f 5320 5316 5322
f 5323 5317 5318
f 5323 5318 5324
f 5326 5320 5322
f 5327 5320 5326
f 5325 5320 5327
f 5322 5321 5326
f 5328 5323 5329
f 5329 5323 5324
f 5330 5325 5327
f 5331 5325 5330
f 5332 5325 5331
f 5333 5325 5332
f 5341 5327 5334
f 5350 5327 5341
f 5343 5327 5350
f 5347 5327 5343
f 5337 5327 5347
f 5332 5327 5337
f 5331 5327 5332
f 5330 5327 5331
f 5335 5328 5329
f 5335 5329 5336
f 5338 5332 5337
f 5333 5332 5338
f 5339 5334 5340
f 5340 5334 5341
f 5342 5335 5343
f 5343 5335 5344
f 5344 5335 5345
f 5345 5335 5346
f 5346 5335 5336
f 5338 5337 5347
f 5347 5338 5348
f 5349 5339 5340
f 5344 5340 5350
f 5350 5340 5341
f 5349 5340 5351
f 5351 5340 5352
f 5352 5340 5344
f 5353 5342 5343
f 5350 5343 5344
f 5353 5343 5354
f 5354 5343 5355
f 5355 5343 5356
f 5356 5343 5357
f 5357 5343 5358
f 5358 5343 5359
f 5359 5343 5360
f 5360 5343 5348
f 5348 5343 5347
f 5352 5344 5361
f 5361 5344 5362
f 5362 5344 5345
f 5362 5345 5346
f 5364 5363 5365
f 5365 5363 5366
f 5366 5363 5367
f 5374 5363 5367
f 5385 5363 5374
f 5398 5363 5385
f 5414 5363 5398
f 5438 5363 5414
f 5453 5363 5438
f 5443 5363 5453
f 5441 5363 5443
f 5419 5363 5441
f 5400 5363 5419
f 5387 5363 5400
f 5375 5363 5387
f 5368 5363 5375
f 5377 5363 5368
f 5389 5363 5377
f 5403 5363 5389
f 5421 5363 5403
f 5445 5363 5421
f 5454 5363 5445
f 5449 5363 5454
f 5427 5363 5449
f 5426 5363 5427
f 5407 5363 5426
f 5390 5363 5407
f 5378 5363 5390
f 5369 5363 5378
f 5364 5363 5369
f 5369 5364 5370
f 5370 5364 5365
f 5370 5365 5371
f 5371 5365 5372
f 5372 5365 5366
f 5372 5366 5373
f 5373 5366 5367
f 5373 5367 5374
f 5376 5368 5375
f 5377 5368 5376
f 5378 5369 5379
f 5379 5369 5370
f 5379 5370 5380
f 5380 5370 5371
f 5381 5371 5373
f 5373 5371 5372
f 5380 5371 5382
f 5382 5371 5381
f 5383 5373 5374
f 5381 5373 5384
f 5384 5373 5383
f 5383 5374 5385
f 5376 5375 5386
f 5387 5375 5401
f 5401 5375 5418
f 5418 5375 5420
f 5420 5375 5442
f 5442 5375 5452
f 5452 5375 5450
f 5450 5375 5455
f 5455 5375 5447
f 5447 5375 5424
f 5424 5375 5423
f 5423 5375 5417
f 5417 5375 5399
f 5399 5375 5386
f 5377 5376 5388
f 5388 5376 5386
f 5389 5377 5388
f 5390 5378 5391
f 5391 5378 5379
f 5391 5379 5380
f 5391 5380 5392
f 5392 5380 5393
f 5393 5380 5382
f 5382 5381 5384
f 5393 5382 5394
f 5394 5382 5384
f 5395 5383 5385
f 5384 5383 5395
f 5394 5384 5396
f 5396 5384 5397
f 5397 5384 5395
f 5395 5385 5398
f 5388 5386 5399
f 5400 5387 5401
f 5389 5388 5402
f 5402 5388 5399
f 5404 5389 5402
f 5405 5389 5404
f 5405 5389 5406
f 5406 5389 5403
f 5407 5390 5408
f 5408 5390 5391
f 5408 5391 5392
f 5408 5392 5409
f 5409 5392 5393
f 5409 5393 5410
f 5410 5393 5394
f 5410 5394 5411
f 5411 5394 5396
f 5397 5395 5398
f 5411 5396 5397
f 5411 5397 5412
f 5412 5397 5413
f 5413 5397 5398
f 5413 5398 5415
f 5415 5398 5416
f 5416 5398 5414
f 5402 5399 5417
f 5418 5400 5401
f 5419 5400 5420
f 5420 5400 5418
f 5417 5402 5404
f 5406 5403 5422
f 5422 5403 5421
f 5417 5404 5423
f 5423 5404 5405
f 5423 5405 5406
f 5423 5406 5424
f 5424 5406 5425
f 5425 5406 5422
f 5426 5407 5408
f 5426 5408 5427
f 5427 5408 5428
f 5428 5408 5409
f 5428 5409 5429
f 5429 5409 5410
f 5430 5410 5411
f 5429 5410 5431
f 5431 5410 5430
f 5430 5411 5432
f 5432 5411 5433
f 5433 5411 5412
f 5434 5412 5413
f 5433 5412 5434
f 5435 5413 5415
f 5434 5413 5436
f 5436 5413 5435
f 5416 5414 5437
f 5437 5414 5438
f 5435 5415 5439
f 5439 5415 5440
f 5440 5415 5416
f 5440 5416 5437
f 5441 5419 5420
f 5441 5420 5443
f 5443 5420 5444
f 5444 5420 5442
f 5422 5421 5445
f 5425 5422 5431
f 5431 5422 5446
f 5446 5422 5445
f 5447 5424 5448
f 5448 5424 5433
f 5433 5424 5432
f 5432 5424 5425
f 5432 5425 5430
f 5430 5425 5431
f 5449 5427 5428
f 5449 5428 5446
f 5446 5428 5429
f 5446 5429 5431
f 5448 5433 5434
f 5450 5434 5436
f 5448 5434 5450
f 5436 5435 5442
f 5442 5435 5444
f 5444 5435 5451
f 5451 5435 5439
f 5450 5436 5452
f 5452 5436 5442
f 5440 5437 5451
f 5451 5437 5438
f 5451 5438 5444
f 5444 5438 5453
f 5451 5439 5440
f 5453 5443 5444
f 5446 5445 5454
f 5449 5446 5454
f 5455 5447 5448
f 5455 5448 5450
f 5463 5456 5457
f 5476 5456 5463
f 5464 5456 5476
f 5458 5456 5464
f 5465 5456 5458
f 5483 5456 5465
f 5506 5456 5483
f 5515 5456 5506
f 5516 5456 5515
f 5507 5456 5516
f 5488 5456 5507
f 5486 5456 5488
f 5485 5456 5486
f 5484 5456 5485
f 5466 5456 5484
f 5460 5456 5466
f 5459 5456 5460
f 5457 5456 5459
f 5460 5457 5459
f 5461 5457 5460
f 5462 5457 5461
f 5463 5457 5462
f 5464 5458 5480
f 5480 5458 5500
f 5500 5458 5503
f 5503 5458 5502
f 5502 5458 5481
f 5481 5458 5465
f 5461 5460 5466
f 5467 5461 5466
f 5468 5461 5467
f 5469 5461 5468
f 5470 5461 5469
f 5471 5461 5470
f 5472 5461 5471
f 5462 5461 5472
f 5463 5462 5473
f 5474 5462 5472
f 5475 5462 5474
f 5473 5462 5475
f 5477 5463 5473
f 5476 5463 5477
f 5476 5464 5477
f 5477 5464 5478
f 5478 5464 5479
f 5479 5464 5480
f 5481 5465 5482
f 5482 5465 5483
f 5467 5466 5484
f 5485 5467 5484
f 5486 5467 5485
f 5487 5467 5486
f 5470 5467 5487
f 5468 5467 5470
f 5469 5468 5470
f 5486 5470 5487
f 5488 5470 5486
f 5489 5470 5488
f 5490 5470 5489
f 5491 5470 5490
f 5492 5470 5491
f 5471 5470 5492
f 5472 5471 5492
f 5493 5472 5492
f 5475 5472 5493
f 5474 5472 5475
f 5477 5473 5475
f 5493 5475 5477
f 5493 5477 5494
f 5494 5477 5478
f 5494 5478 5495
f 5495 5478 5496
f 5496 5478 5479
f 5497 5479 5480
f 5496 5479 5497
f 5498 5480 5499
f 5499 5480 5500
f 5497 5480 5501
f 5501 5480 5498
f 5502 5481 5482
f 5502 5482 5503
f 5503 5482 5500
f 5500 5482 5499
f 5499 5482 5498
f 5498 5482 5501
f 5501 5482 5504
f 5504 5482 5483
f 5504 5483 5505
f 5505 5483 5506
f 5508 5488 5507
f 5489 5488 5508
f 5490 5489 5508
f 5491 5490 5508
f 5492 5491 5508
f 5509 5492 5508
f 5510 5492 5509
f 5511 5492 5510
f 5493 5492 5511
f 5511 5493 5496
f 5496 5493 5495
f 5495 5493 5494
f 5511 5496 5512
f 5512 5496 5497
f 5512 5497 5501
f 5512 5501 5504
f 5512 5504 5511
f 5511 5504 5510
f 5510 5504 5509
f 5509 5504 5513
f 5513 5504 5505
f 5513 5505 5514
f 5514 5505 5506
f 5514 5506 5515
f 5516 5507 5508
f 5516 5508 5515
f 5515 5508 5514
f 5514 5508 5513
f 5513 5508 5509
f 5521 5517 5518
f 5523 5517 5521
f 5519 5517 5523
f 5524 5517 5519
f 5537 5517 5524
f 5561 5517 5537
f 5587 5517 5561
f 5592 5517 5587
f 5565 5517 5592
f 5542 5517 5565
f 5541 5517 5542
f 5538 5517 5541
f 5525 5517 5538
f 5520 5517 5525
f 5520 5517 5527
f 5527 5517 5544
f 5544 5517 5567
f 5567 5517 5594
f 5594 5517 5617
f 5617 5517 5622
f 5622 5517 5619
f 5619 5517 5596
f 5596 5517 5569
f 5569 5517 5546
f 5546 5517 5529
f 5529 5517 5522
f 5522 5517 5518
f 5522 5518 5528
f 5528 5518 5521
f 5535 5519 5523
f 5558 5519 5535
f 5582 5519 5558
f 5608 5519 5582
f 5628 5519 5608
f 5641 5519 5628
f 5640 5519 5641
f 5647 5519 5640
f 5649 5519 5647
f 5648 5519 5649
f 5644 5519 5648
f 5643 5519 5644
f 5642 5519 5643
f 5629 5519 5642
f 5609 5519 5629
f 5583 5519 5609
f 5559 5519 5583
f 5536 5519 5559
f 5524 5519 5536
f 5525 5520 5526
f 5526 5520 5527
f 5528 5521 5545
f 5545 5521 5568
f 5568 5521 5595
f 5595 5521 5578
f 5578 5521 5556
f 5556 5521 5535
f 5535 5521 5523
f 5529 5522 5530
f 5530 5522 5531
f 5531 5522 5532
f 5532 5522 5533
f 5533 5522 5534
f 5534 5522 5528
f 5536 5524 5537
f 5538 5525 5526
f 5539 5526 5540
f 5540 5526 5527
f 5538 5526 5541
f 5541 5526 5542
f 5542 5526 5543
f 5543 5526 5539
f 5540 5527 5539
f 5539 5527 5544
f 5534 5528 5545
f 5546 5529 5547
f 5547 5529 5530
f 5548 5530 5549
f 5549 5530 5531
f 5547 5530 5550
f 5550 5530 5551
f 5551 5530 5548
f 5549 5531 5548
f 5548 5531 5532
f 5548 5532 5552
f 5552 5532 5553
f 5553 5532 5533
f 5553 5533 5534
f 5553 5534 5554
f 5554 5534 5555
f 5555 5534 5545
f 5556 5535 5557
f 5557 5535 5558
f 5559 5536 5560
f 5560 5536 5537
f 5560 5537 5561
f 5562 5539 5563
f 5563 5539 5544
f 5543 5539 5564
f 5564 5539 5562
f 5565 5542 5566
f 5566 5542 5543
f 5566 5543 5564
f 5563 5544 5567
f 5555 5545 5554
f 5554 5545 5568
f 5569 5546 5547
f 5569 5547 5570
f 5570 5547 5550
f 5571 5548 5554
f 5554 5548 5552
f 5551 5548 5572
f 5572 5548 5573
f 5573 5548 5574
f 5574 5548 5571
f 5570 5550 5575
f 5575 5550 5551
f 5575 5551 5576
f 5576 5551 5572
f 5554 5552 5553
f 5571 5554 5577
f 5577 5554 5568
f 5578 5556 5579
f 5579 5556 5580
f 5580 5556 5557
f 5580 5557 5581
f 5581 5557 5582
f 5582 5557 5558
f 5583 5559 5584
f 5584 5559 5560
f 5584 5560 5585
f 5585 5560 5586
f 5586 5560 5561
f 5586 5561 5587
f 5564 5562 5588
f 5588 5562 5589
f 5589 5562 5590
f 5590 5562 5563
f 5590 5563 5567
f 5566 5564 5591
f 5591 5564 5588
f 5592 5565 5566
f 5592 5566 5593
f 5593 5566 5591
f 5590 5567 5594
f 5577 5568 5595
f 5596 5569 5570
f 5596 5570 5597
f 5597 5570 5576
f 5576 5570 5575
f 5574 5571 5577
f 5576 5572 5598
f 5598 5572 5573
f 5598 5573 5574
f 5598 5574 5599
f 5599 5574 5600
f 5600 5574 5601
f 5601 5574 5577
f 5602 5576 5603
f 5603 5576 5604
f 5604 5576 5605
f 5605 5576 5598
f 5597 5576 5602
f 5601 5577 5579
f 5579 5577 5578
f 5578 5577 5595
f 5601 5579 5580
f 5601 5580 5600
f 5600 5580 5581
f 5600 5581 5606
f 5606 5581 5607
f 5607 5581 5608
f 5608 5581 5582
f 5609 5583 5610
f 5610 5583 5584
f 5610 5584 5611
f 5611 5584 5585
f 5611 5585 5612
f 5612 5585 5593
f 5593 5585 5586
f 5593 5586 5587
f 5593 5587 5592
f 5613 5588 5589
f 5591 5588 5614
f 5614 5588 5613
f 5613 5589 5615
f 5615 5589 5616
f 5616 5589 5590
f 5616 5590 5617
f 5617 5590 5594
f 5593 5591 5612
f 5612 5591 5618
f 5618 5591 5614
f 5619 5596 5597
f 5619 5597 5602
f 5620 5598 5599
f 5605 5598 5621
f 5621 5598 5620
f 5620 5599 5606
f 5606 5599 5600
f 5616 5602 5615
f 5615 5602 5603
f 5619 5602 5622
f 5622 5602 5616
f 5615 5603 5623
f 5623 5603 5604
f 5623 5604 5624
f 5624 5604 5625
f 5625 5604 5605
f 5625 5605 5626
f 5626 5605 5621
f 5620 5606 5627
f 5627 5606 5607
f 5627 5607 5628
f 5628 5607 5608
f 5629 5609 5610
f 5629 5610 5630
f 5630 5610 5631
f 5631 5610 5611
f 5631 5611 5618
f 5618 5611 5612
f 5623 5613 5615
f 5614 5613 5632
f 5632 5613 5623
f 5618 5614 5632
f 5622 5616 5617
f 5633 5618 5632
f 5631 5618 5633
f 5621 5620 5626
f 5626 5620 5634
f 5634 5620 5627
f 5632 5623 5624
f 5632 5624 5633
f 5633 5624 5635
f 5635 5624 5636
f 5636 5624 5625
f 5636 5625 5637
f 5637 5625 5626
f 5637 5626 5638
f 5638 5626 5634
f 5634 5627 5639
f 5639 5627 5640
f 5640 5627 5641
f 5641 5627 5628
f 5642 5629 5630
f 5642 5630 5643
f 5643 5630 5635
f 5635 5630 5631
f 5635 5631 5633
f 5638 5634 5639
f 5643 5635 5644
f 5644 5635 5645
f 5645 5635 5636
f 5645 5636 5637
f 5646 5637 5638
f 5645 5637 5646
f 5646 5638 5647
f 5647 5638 5640
f 5640 5638 5639
f 5648 5644 5646
f 5646 5644 5645
f 5648 5646 5649
f 5649 5646 5647
f 5651 5650 5652
f 5652 5650 5653
f 5653 5650 5654
f 5654 5650 5655
f 5655 5650 5656
f 5656 5650 5657
f 5657 5650 5658
f 5658 5650 5659
f 5659 5650 5660
f 5660 5650 5661
f 5661 5650 5662
f 5662 5650 5663
f 5663 5650 5664
f 5664 5650 5665
f 5680 5650 5665
f 5679 5650 5680
f 5697 5650 5679
f 5706 5650 5697
f 5705 5650 5706
f 5723 5650 5705
f 5726 5650 5723
f 5742 5650 5726
f 5755 5650 5742
f 5768 5650 5755
f 5769 5650 5768
f 5782 5650 5769
f 5781 5650 5782
f 5780 5650 5781
f 5779 5650 5780
f 5795 5650 5779
f 5805 5650 5795
f 5814 5650 5805
f 5813 5650 5814
f 5826 5650 5813
f 5827 5650 5826
f 5815 5650 5827
f 5809 5650 5815
f 5807 5650 5809
f 5801 5650 5807
f 5800 5650 5801
f 5806 5650 5800
f 5799 5650 5806
f 5796 5650 5799
f 5784 5650 5796
f 5791 5650 5784
f 5790 5650 5791
f 5789 5650 5790
f 5788 5650 5789
f 5787 5650 5788
f 5783 5650 5787
f 5771 5650 5783
f 5770 5650 5771
f 5757 5650 5770
f 5756 5650 5757
f 5743 5650 5756
f 5729 5650 5743
f 5728 5650 5729
f 5727 5650 5728
f 5709 5650 5727
f 5708 5650 5709
f 5707 5650 5708
f 5684 5650 5707
f 5666 5650 5684
f 5651 5650 5666
f 5666 5651 5667
f 5667 5651 5668
f 5668 5651 5669
f 5669 5651 5670
f 5670 5651 5671
f 5671 5651 5672
f 5672 5651 5652
f 5672 5652 5673
f 5673 5652 5692
f 5692 5652 5686
f 5686 5652 5691
f 5691 5652 5690
f 5690 5652 5714
f 5714 5652 5735
f 5735 5652 5734
f 5734 5652 5747
f 5747 5652 5759
f 5759 5652 5751
f 5751 5652 5750
f 5750 5652 5761
f 5761 5652 5773
f 5773 5652 5786
f 5786 5652 5802
f 5802 5652 5811
f 5811 5652 5822
f 5822 5652 5829
f 5829 5652 5823
f 5823 5652 5812
f 5812 5652 5803
f 5803 5652 5793
f 5793 5652 5792
f 5792 5652 5774
f 5774 5652 5762
f 5762 5652 5752
f 5752 5652 5739
f 5739 5652 5738
f 5738 5652 5737
f 5737 5652 5736
f 5736 5652 5720
f 5720 5652 5719
f 5719 5652 5718
f 5718 5652 5717
f 5717 5652 5716
f 5716 5652 5715
f 5715 5652 5699
f 5699 5652 5698
f 5698 5652 5695
f 5695 5652 5694
f 5694 5652 5693
f 5693 5652 5675
f 5675 5652 5674
f 5674 5652 5660
f 5660 5652 5659
f 5659 5652 5658
f 5658 5652 5657
f 5657 5652 5656
f 5656 5652 5655
f 5655 5652 5654
f 5654 5652 5653
f 5674 5660 5661
f 5674 5661 5675
f 5675 5661 5676
f 5676 5661 5662
f 5676 5662 5677
f 5677 5662 5678
f 5678 5662 5663
f 5678 5663 5664
f 5679 5664 5680
f 5680 5664 5665
f 5678 5664 5681
f 5681 5664 5682
f 5682 5664 5683
f 5683 5664 5679
f 5684 5666 5668
f 5668 5666 5667
f 5684 5668 5685
f 5685 5668 5669
f 5686 5669 5687
f 5687 5669 5670
f 5685 5669 5688
f 5688 5669 5689
f 5689 5669 5690
f 5690 5669 5691
f 5691 5669 5686
f 5687 5670 5671
f 5687 5671 5672
f 5687 5672 5673
f 5687 5673 5692
f 5693 5675 5676
f 5693 5676 5694
f 5694 5676 5677
f 5695 5677 5696
f 5696 5677 5681
f 5681 5677 5678
f 5694 5677 5695
f 5683 5679 5697
f 5696 5681 5698
f 5698 5681 5699
f 5699 5681 5700
f 5700 5681 5701
f 5701 5681 5702
f 5702 5681 5683
f 5683 5681 5682
f 5703 5683 5704
f 5704 5683 5705
f 5705 5683 5706
f 5706 5683 5697
f 5702 5683 5701
f 5701 5683 5703
f 5707 5684 5685
f 5708 5685 5709
f 5709 5685 5710
f 5710 5685 5688
f 5707 5685 5708
f 5692 5686 5687
f 5710 5688 5689
f 5710 5689 5711
f 5711 5689 5712
f 5712 5689 5713
f 5713 5689 5714
f 5714 5689 5690
f 5698 5695 5696
f 5715 5699 5700
f 5715 5700 5716
f 5716 5700 5701
f 5716 5701 5717
f 5717 5701 5718
f 5718 5701 5719
f 5719 5701 5720
f 5720 5701 5721
f 5721 5701 5722
f 5722 5701 5704
f 5704 5701 5703
f 5723 5704 5705
f 5722 5704 5721
f 5721 5704 5724
f 5724 5704 5725
f 5725 5704 5726
f 5726 5704 5723
f 5727 5709 5710
f 5727 5710 5728
f 5728 5710 5729
f 5729 5710 5730
f 5730 5710 5711
f 5730 5711 5712
f 5730 5712 5731
f 5731 5712 5732
f 5732 5712 5733
f 5733 5712 5734
f 5734 5712 5735
f 5735 5712 5713
f 5735 5713 5714
f 5736 5720 5721
f 5736 5721 5724
f 5736 5724 5737
f 5737 5724 5738
f 5738 5724 5739
f 5739 5724 5740
f 5740 5724 5725
f 5740 5725 5741
f 5741 5725 5742
f 5742 5725 5726
f 5743 5729 5730
f 5743 5730 5744
f 5744 5730 5731
f 5744 5731 5745
f 5745 5731 5732
f 5746 5732 5747
f 5747 5732 5734
f 5734 5732 5733
f 5745 5732 5748
f 5748 5732 5749
f 5749 5732 5750
f 5750 5732 5751
f 5751 5732 5746
f 5752 5739 5740
f 5752 5740 5753
f 5753 5740 5741
f 5753 5741 5754
f 5754 5741 5755
f 5755 5741 5742
f 5756 5743 5744
f 5756 5744 5757
f 5757 5744 5758
f 5758 5744 5745
f 5758 5745 5748
f 5751 5746 5759
f 5759 5746 5747
f 5758 5748 5760
f 5760 5748 5749
f 5760 5749 5761
f 5761 5749 5750
f 5762 5752 5753
f 5762 5753 5763
f 5763 5753 5764
f 5764 5753 5765
f 5765 5753 5766
f 5766 5753 5767
f 5767 5753 5754
f 5768 5754 5755
f 5767 5754 5766
f 5766 5754 5769
f 5769 5754 5768
f 5770 5757 5758
f 5770 5758 5771
f 5771 5758 5772
f 5772 5758 5760
f 5772 5760 5761
f 5772 5761 5773
f 5774 5762 5763
f 5774 5763 5764
f 5775 5764 5776
f 5776 5764 5777
f 5777 5764 5778
f 5778 5764 5766
f 5766 5764 5765
f 5774 5764 5775
f 5778 5766 5777
f 5777 5766 5779
f 5779 5766 5780
f 5780 5766 5781
f 5781 5766 5782
f 5782 5766 5769
f 5783 5771 5772
f 5783 5772 5773
f 5784 5773 5785
f 5785 5773 5786
f 5783 5773 5787
f 5787 5773 5788
f 5788 5773 5789
f 5789 5773 5790
f 5790 5773 5791
f 5791 5773 5784
f 5792 5774 5775
f 5792 5775 5793
f 5793 5775 5776
f 5793 5776 5794
f 5794 5776 5777
f 5794 5777 5795
f 5795 5777 5779
f 5796 5784 5785
f 5797 5785 5798
f 5798 5785 5786
f 5796 5785 5799
f 5799 5785 5797
f 5798 5786 5800
f 5800 5786 5801
f 5801 5786 5802
f 5803 5793 5804
f 5804 5793 5805
f 5805 5793 5794
f 5805 5794 5795
f 5806 5797 5798
f 5799 5797 5806
f 5806 5798 5800
f 5807 5801 5808
f 5808 5801 5802
f 5808 5802 5807
f 5807 5802 5809
f 5809 5802 5810
f 5811 5802 5810
f 5812 5803 5813
f 5813 5803 5804
f 5813 5804 5814
f 5814 5804 5805
f 5816 5809 5815
f 5817 5809 5816
f 5818 5809 5817
f 5819 5809 5818
f 5820 5809 5819
f 5821 5809 5820
f 5811 5809 5821
f 5810 5809 5811
f 5820 5811 5821
f 5819 5811 5820
f 5818 5811 5819
f 5817 5811 5818
f 5816 5811 5817
f 5815 5811 5816
f 5827 5811 5815
f 5830 5811 5827
f 5832 5811 5830
f 5831 5811 5832
f 5828 5811 5831
f 5822 5811 5828
f 5823 5812 5824
f 5824 5812 5825
f 5825 5812 5813
f 5825 5813 5826
f 5828 5822 5829
f 5829 5823 5827
f 5827 5823 5824
f 5826 5824 5825
f 5827 5824 5826
f 5829 5827 5830
f 5831 5828 5829
f 5832 5829 5830
f 5831 5829 5832
f 5834 5833 5835
f 5835 5833 5836
f 5842 5833 5836
f 5848 5833 5842
f 5853 5833 5848
f 5859 5833 5853
f 5868 5833 5859
f 5878 5833 5868
f 5890 5833 5878
f 5901 5833 5890
f 5911 5833 5901
f 5915 5833 5911
f 5914 5833 5915
f 5913 5833 5914
f 5929 5833 5913
f 5935 5833 5929
f 5939 5833 5935
f 5941 5833 5939
f 5940 5833 5941
f 5936 5833 5940
f 5931 5833 5936
f 5917 5833 5931
f 5903 5833 5917
f 5892 5833 5903
f 5891 5833 5892
f 5880 5833 5891
f 5871 5833 5880
f 5861 5833 5871
f 5856 5833 5861
f 5850 5833 5856
f 5844 5833 5850
f 5837 5833 5844
f 5837 5833 5834
f 5837 5834 5838
f 5838 5834 5839
f 5839 5834 5840
f 5840 5834 5835
f 5841 5835 5842
f 5842 5835 5836
f 5840 5835 5843
f 5843 5835 5841
f 5844 5837 5845
f 5845 5837 5846
f 5846 5837 5838
f 5846 5838 5839
f 5846 5839 5852
f 5852 5839 5858
f 5858 5839 5867
f 5867 5839 5877
f 5877 5839 5887
f 5887 5839 5899
f 5899 5839 5910
f 5910 5839 5927
f 5927 5839 5926
f 5926 5839 5925
f 5925 5839 5916
f 5916 5839 5902
f 5902 5839 5900
f 5900 5839 5889
f 5889 5839 5888
f 5888 5839 5879
f 5879 5839 5870
f 5870 5839 5869
f 5869 5839 5860
f 5860 5839 5855
f 5855 5839 5854
f 5854 5839 5849
f 5849 5839 5847
f 5847 5839 5841
f 5841 5839 5843
f 5843 5839 5840
f 5847 5841 5842
f 5847 5842 5849
f 5849 5842 5848
f 5850 5844 5845
f 5850 5845 5851
f 5851 5845 5846
f 5851 5846 5852
f 5849 5848 5854
f 5854 5848 5855
f 5855 5848 5853
f 5856 5850 5857
f 5857 5850 5851
f 5857 5851 5852
f 5857 5852 5858
f 5855 5853 5859
f 5860 5855 5859
f 5861 5856 5862
f 5862 5856 5863
f 5863 5856 5857
f 5863 5857 5864
f 5864 5857 5865
f 5865 5857 5866
f 5866 5857 5858
f 5866 5858 5867
f 5860 5859 5869
f 5869 5859 5870
f 5870 5859 5868
f 5871 5861 5872
f 5872 5861 5873
f 5873 5861 5874
f 5874 5861 5862
f 5874 5862 5864
f 5864 5862 5863
f 5874 5864 5865
f 5874 5865 5875
f 5875 5865 5876
f 5876 5865 5866
f 5876 5866 5877
f 5877 5866 5867
f 5870 5868 5878
f 5879 5870 5878
f 5880 5871 5881
f 5881 5871 5872
f 5881 5872 5882
f 5882 5872 5873
f 5882 5873 5883
f 5883 5873 5874
f 5883 5874 5875
f 5883 5875 5884
f 5884 5875 5897
f 5897 5875 5896
f 5896 5875 5895
f 5895 5875 5894
f 5894 5875 5905
f 5905 5875 5904
f 5904 5875 5903
f 5903 5875 5917
f 5917 5875 5918
f 5918 5875 5907
f 5907 5875 5898
f 5898 5875 5886
f 5886 5875 5885
f 5885 5875 5876
f 5885 5876 5886
f 5886 5876 5877
f 5886 5877 5887
f 5879 5878 5888
f 5888 5878 5889
f 5889 5878 5890
f 5891 5880 5881
f 5891 5881 5892
f 5892 5881 5893
f 5893 5881 5894
f 5894 5881 5895
f 5895 5881 5896
f 5896 5881 5897
f 5897 5881 5884
f 5884 5881 5882
f 5884 5882 5883
f 5898 5886 5887
f 5898 5887 5899
f 5900 5889 5890
f 5900 5890 5902
f 5902 5890 5901
f 5903 5892 5904
f 5904 5892 5905
f 5905 5892 5893
f 5905 5893 5906
f 5906 5893 5894
f 5906 5894 5905
f 5908 5898 5907
f 5909 5898 5908
f 5910 5898 5909
f 5910 5898 5899
f 5902 5901 5911
f 5912 5902 5913
f 5913 5902 5914
f 5914 5902 5915
f 5915 5902 5911
f 5930 5902 5916
f 5924 5902 5930
f 5909 5902 5924
f 5908 5902 5909
f 5923 5902 5908
f 5922 5902 5923
f 5921 5902 5922
f 5920 5902 5921
f 5919 5902 5920
f 5918 5902 5919
f 5917 5902 5918
f 5931 5902 5917
f 5937 5902 5931
f 5938 5902 5937
f 5934 5902 5938
f 5933 5902 5934
f 5932 5902 5933
f 5928 5902 5932
f 5912 5902 5928
f 5919 5907 5918
f 5920 5907 5919
f 5921 5907 5920
f 5922 5907 5921
f 5923 5907 5922
f 5908 5907 5923
f 5925 5909 5924
f 5926 5909 5925
f 5927 5909 5926
f 5910 5909 5927
f 5928 5912 5913
f 5928 5913 5929
f 5930 5916 5925
f 5925 5924 5930
f 5932 5928 5929
f 5932 5929 5933
f 5933 5929 5934
f 5934 5929 5935
f 5936 5931 5937
f 5938 5934 5935
f 5938 5935 5939
f 5940 5936 5937
f 5940 5937 5941
f 5941 5937 5938
f 5941 5938 5939
f 5943 5942 5944
f 5944 5942 5945
f 5945 5942 5946
f 5946 5942 5947
f 5947 5942 5948
f 5948 5942 5949
f 5949 5942 5950
f 5950 5942 5943
f 5950 5943 5951
f 5951 5943 5952
f 5952 5943 5953
f 5953 5943 5944
f 5953 5944 5954
f 5954 5944 5955
f 5955 5944 5945
f 5955 5945 5956
f 5956 5945 5957
f 5957 5945 5946
f 5957 5946 5947
f 5957 5947 5958
f 5958 5947 5948
f 5960 5948 5959
f 5949 5948 5960
f 5958 5948 5961
f 5961 5948 5959
f 5962 5949 5960
f 5950 5949 5962
f 5963 5950 5962
f 5951 5950 5963
f 5964 5951 5963
f 5964 5951 5965
f 5965 5951 5952
f 5965 5952 5966
f 5966 5952 5953
f 5966 5953 5967
f 5967 5953 5954
f 5981 5954 5968
f 5969 5954 5981
f 5974 5954 5969
f 5970 5954 5974
f 5959 5954 5970
f 5961 5954 5959
f 5958 5954 5961
f 5957 5954 5958
f 5956 5954 5957
f 5955 5954 5956
f 5967 5954 5968
f 5971 5959 5970
f 5960 5959 5971
f 5962 5960 5971
f 5973 5962 5972
f 5963 5962 5973
f 5974 5962 5971
f 5972 5962 5974
f 5975 5963 5973
f 5976 5963 5975
f 5964 5963 5976
f 5976 5964 5977
f 5977 5964 5965
f 5977 5965 5978
f 5978 5965 5967
f 5967 5965 5979
f 5979 5965 5966
f 5979 5966 5967
f 5978 5967 5968
f 5996 5968 5980
f 5995 5968 5996
f 6006 5968 5995
f 6011 5968 6006
f 6010 5968 6011
f 6009 5968 6010
f 6008 5968 6009
f 6007 5968 6008
f 5997 5968 6007
f 5984 5968 5997
f 5983 5968 5984
f 5982 5968 5983
f 5981 5968 5982
f 5978 5968 5980
f 5982 5969 5981
f 5983 5969 5982
f 5984 5969 5983
f 5985 5969 5984
f 5986 5969 5985
f 5987 5969 5986
f 5972 5969 5987
f 5974 5969 5972
f 5971 5970 5974
f 5973 5972 5987
f 5988 5973 5987
f 5989 5973 5988
f 5975 5973 5989
f 5989 5975 5990
f 5990 5975 5991
f 5991 5975 5992
f 5992 5975 5976
f 5992 5976 5977
f 5992 5977 5978
f 5993 5978 5994
f 5994 5978 5995
f 5995 5978 5996
f 5996 5978 5980
f 5992 5978 5993
f 5999 5984 5997
f 5985 5984 5999
f 5987 5985 5998
f 5986 5985 5987
f 5998 5985 5999
f 5988 5987 5998
f 5989 5988 5998
f 6000 5989 5998
f 6001 5989 6000
f 6002 5989 6001
f 5990 5989 6002
f 6002 5990 6003
f 6003 5990 6005
f 6005 5990 6004
f 6004 5990 5991
f 6004 5991 5992
f 6004 5992 5993
f 6004 5993 5994
f 6005 5994 6006
f 6006 5994 5995
f 6004 5994 6005
f 5999 5997 6007
f 6000 5998 5999
f 6002 5999 6007
f 6001 5999 6002
f 6000 5999 6001
f 6008 6002 6007
f 6009 6002 6008
f 6003 6002 6009
f 6010 6003 6009
f 6011 6003 6010
f 6005 6003 6011
f 6011 6005 6006
f 6014 6012 6013
f 6015 6012 6014
f 6016 6012 6015
f 6017 6012 6016
f 6022 6012 6017
f 6018 6012 6022
f 6023 6012 6018
f 6030 6012 6023
f 6037 6012 6030
f 6043 6012 6037
f 6052 6012 6043
f 6051 6012 6052
f 6040 6012 6051
f 6034 6012 6040
f 6028 6012 6034
f 6021 6012 6028
f 6019 6012 6021
f 6019 6012 6013
f 6026 6013 6020
f 6031 6013 6026
f 6025 6013 6031
f 6024 6013 6025
f 6022 6013 6024
f 6017 6013 6022
f 6016 6013 6017
f 6015 6013 6016
f 6014 6013 6015
f 6019 6013 6021
f 6021 6013 6020
f 6024 6018 6022
f 6025 6018 6024
f 6023 6018 6025
f 6021 6020 6027
f 6027 6020 6026
f 6028 6021 6029
f 6029 6021 6027
f 6030 6023 6025
f 6039 6025 6031
f 6050 6025 6039
f 6049 6025 6050
f 6048 6025 6049
f 6046 6025 6048
f 6045 6025 6046
f 6056 6025 6045
f 6055 6025 6056
f 6054 6025 6055
f 6053 6025 6054
f 6043 6025 6053
f 6037 6025 6043
f 6036 6025 6037
f 6032 6025 6036
f 6030 6025 6032
f 6027 6026 6033
f 6033 6026 6031
f 6029 6027 6033
f 6034 6028 6035
f 6035 6028 6033
f 6033 6028 6029
f 6036 6030 6032
f 6037 6030 6036
f 6033 6031 6038
f 6038 6031 6039
f 6035 6033 6038
f 6040 6034 6035
f 6040 6035 6041
f 6041 6035 6042
f 6042 6035 6038
f 6042 6038 6044
f 6044 6038 6045
f 6045 6038 6046
f 6046 6038 6047
f 6047 6038 6048
f 6048 6038 6049
f 6049 6038 6050
f 6050 6038 6039
f 6051 6040 6041
f 6051 6041 6052
f 6052 6041 6043
f 6043 6041 6053
f 6053 6041 6054
f 6054 6041 6055
f 6055 6041 6044
f 6044 6041 6042
f 6055 6044 6056
f 6056 6044 6057
f 6057 6044 6045
f 6057 6045 6056
f 6048 6046 6047
f 6059 6058 6060
f 6060 6058 6061
f 6065 6058 6061
f 6074 6058 6065
f 6079 6058 6074
f 6075 6058 6079
f 6066 6058 6075
f 6062 6058 6066
f 6068 6058 6062
f 6077 6058 6068
f 6087 6058 6077
f 6086 6058 6087
f 6085 6058 6086
f 6096 6058 6085
f 6100 6058 6096
f 6099 6058 6100
f 6098 6058 6099
f 6106 6058 6098
f 6107 6058 6106
f 6101 6058 6107
f 6091 6058 6101
f 6090 6058 6091
f 6089 6058 6090
f 6078 6058 6089
f 6069 6058 6078
f 6063 6058 6069
f 6059 6058 6063
f 6063 6059 6060
f 6063 6060 6064
f 6064 6060 6061
f 6064 6061 6065
f 6066 6062 6067
f 6067 6062 6068
f 6069 6063 6064
f 6070 6064 6065
f 6069 6064 6071
f 6071 6064 6072
f 6072 6064 6073
f 6073 6064 6070
f 6070 6065 6074
f 6075 6066 6076
f 6076 6066 6067
f 6076 6067 6068
f 6076 6068 6077
f 6078 6069 6071
f 6079 6070 6074
f 6073 6070 6084
f 6084 6070 6083
f 6083 6070 6082
f 6082 6070 6095
f 6095 6070 6094
f 6094 6070 6093
f 6093 6070 6104
f 6104 6070 6111
f 6111 6070 6110
f 6110 6070 6105
f 6105 6070 6097
f 6097 6070 6088
f 6088 6070 6076
f 6076 6070 6075
f 6075 6070 6079
f 6078 6071 6080
f 6080 6071 6081
f 6081 6071 6072
f 6082 6072 6083
f 6083 6072 6084
f 6084 6072 6073
f 6081 6072 6082
f 6085 6076 6086
f 6086 6076 6087
f 6087 6076 6077
f 6088 6076 6085
f 6089 6078 6080
f 6089 6080 6090
f 6090 6080 6091
f 6091 6080 6092
f 6092 6080 6081
f 6092 6081 6093
f 6093 6081 6094
f 6094 6081 6095
f 6095 6081 6082
f 6088 6085 6096
f 6097 6088 6098
f 6098 6088 6099
f 6099 6088 6100
f 6100 6088 6096
f 6101 6091 6092
f 6101 6092 6102
f 6102 6092 6103
f 6103 6092 6093
f 6103 6093 6104
f 6105 6097 6109
f 6109 6097 6108
f 6108 6097 6106
f 6106 6097 6098
f 6107 6101 6102
f 6107 6102 6106
f 6106 6102 6108
f 6108 6102 6109
f 6109 6102 6110
f 6110 6102 6111
f 6111 6102 6103
f 6111 6103 6104
f 6110 6105 6109
f 6113 6112 6116
f 6116 6112 6125
f 6125 6112 6139
f 6139 6112 6138
f 6138 6112 6137
f 6137 6112 6147
f 6147 6112 6146
f 6146 6112 6151
f 6151 6112 6140
f 6140 6112 6127
f 6127 6112 6126
f 6126 6112 6119
f 6119 6112 6114
f 6114 6112 6115
f 6115 6112 6113
f 6122 6113 6115
f 6129 6113 6122
f 6132 6113 6129
f 6136 6113 6132
f 6123 6113 6136
f 6116 6113 6123
f 6117 6114 6118
f 6118 6114 6115
f 6119 6114 6117
f 6118 6115 6120
f 6120 6115 6121
f 6121 6115 6122
f 6123 6116 6124
f 6124 6116 6125
f 6119 6117 6126
f 6126 6117 6127
f 6127 6117 6128
f 6128 6117 6121
f 6121 6117 6120
f 6120 6117 6118
f 6129 6121 6122
f 6128 6121 6130
f 6130 6121 6131
f 6131 6121 6132
f 6132 6121 6129
f 6134 6123 6133
f 6134 6123 6135
f 6135 6123 6124
f 6131 6123 6136
f 6130 6123 6131
f 6141 6123 6130
f 6150 6123 6141
f 6149 6123 6150
f 6148 6123 6149
f 6154 6123 6148
f 6153 6123 6154
f 6152 6123 6153
f 6143 6123 6152
f 6142 6123 6143
f 6133 6123 6142
f 6135 6124 6137
f 6137 6124 6138
f 6138 6124 6139
f 6139 6124 6125
f 6140 6127 6128
f 6141 6128 6130
f 6140 6128 6141
f 6136 6131 6132
f 6134 6133 6142
f 6143 6134 6142
f 6144 6134 6143
f 6144 6134 6145
f 6145 6134 6146
f 6146 6134 6147
f 6147 6134 6137
f 6137 6134 6135
f 6148 6140 6149
f 6149 6140 6150
f 6150 6140 6141
f 6151 6140 6155
f 6155 6140 6145
f 6145 6140 6144
f 6144 6140 6154
f 6154 6140 6148
f 6144 6143 6152
f 6153 6144 6152
f 6154 6144 6153
f 6155 6145 6146
f 6155 6146 6151
f 6157 6156 6158
f 6158 6156 6159
f 6159 6156 6160
f 6160 6156 6161
f 6161 6156 6162
f 6162 6156 6169
f 6169 6156 6176
f 6176 6156 6181
f 6181 6156 6184
f 6184 6156 6178
f 6178 6156 6177
f 6177 6156 6170
f 6170 6156 6163
f 6163 6156 6173
f 6173 6156 6175
f 6175 6156 6168
f 6168 6156 6167
f 6167 6156 6166
f 6166 6156 6164
f 6164 6156 6157
f 6164 6157 6158
f 6169 6158 6165
f 6162 6158 6169
f 6161 6158 6162
f 6160 6158 6161
f 6159 6158 6160
f 6164 6158 6166
f 6166 6158 6167
f 6167 6158 6168
f 6175 6158 6168
f 6172 6158 6175
f 6179 6158 6172
f 6186 6158 6179
f 6180 6158 6186
f 6174 6158 6180
f 6165 6158 6174
f 6170 6163 6171
f 6171 6163 6172
f 6172 6163 6173
f 6182 6165 6174
f 6188 6165 6182
f 6183 6165 6188
f 6176 6165 6183
f 6169 6165 6176
f 6177 6170 6171
f 6177 6171 6178
f 6178 6171 6179
f 6179 6171 6172
f 6175 6172 6173
f 6181 6174 6180
f 6181 6174 6182
f 6183 6176 6181
f 6184 6178 6185
f 6185 6178 6179
f 6185 6179 6186
f 6186 6180 6187
f 6181 6180 6187
f 6187 6181 6184
f 6183 6181 6188
f 6188 6181 6182
f 6187 6184 6185
f 6187 6185 6186
f 6190 6189 6191
f 6191 6189 6192
f 6192 6189 6193
f 6200 6189 6193
f 6205 6189 6200
f 6209 6189 6205
f 6201 6189 6209
f 6194 6189 6201
f 6194 6189 6202
f 6202 6189 6203
f 6203 6189 6195
f 6195 6189 6190
f 6195 6190 6196
f 6196 6190 6191
f 6197 6191 6192
f 6196 6191 6203
f 6203 6191 6202
f 6202 6191 6211
f 6211 6191 6220
f 6220 6191 6219
f 6219 6191 6223
f 6223 6191 6222
f 6222 6191 6221
f 6221 6191 6212
f 6212 6191 6207
f 6207 6191 6206
f 6206 6191 6204
f 6204 6191 6197
f 6197 6192 6198
f 6198 6192 6193
f 6198 6193 6199
f 6200 6193 6199
f 6210 6194 6201
f 6211 6194 6210
f 6202 6194 6211
f 6203 6195 6196
f 6204 6197 6199
f 6199 6197 6198
f 6200 6199 6205
f 6204 6199 6206
f 6206 6199 6207
f 6208 6199 6207
f 6209 6199 6208
f 6205 6199 6209
f 6218 6201 6209
f 6217 6201 6218
f 6216 6201 6217
f 6215 6201 6216
f 6214 6201 6215
f 6213 6201 6214
f 6210 6201 6213
f 6212 6207 6210
f 6213 6207 6210
f 6214 6207 6213
f 6215 6207 6214
f 6216 6207 6215
f 6217 6207 6216
f 6218 6207 6217
f 6209 6207 6218
f 6208 6207 6209
f 6219 6210 6220
f 6220 6210 6211
f 6212 6210 6221
f 6221 6210 6222
f 6222 6210 6223
f 6223 6210 6219
f 6225 6224 6226
f 6226 6224 6239
f 6239 6224 6227
f 6240 6224 6227
f 6230 6224 6240
f 6229 6224 6230
f 6228 6224 6229
f 6225 6224 6228
f 6228 6225 6226
f 6228 6226 6229
f 6229 6226 6230
f 6230 6226 6231
f 6231 6226 6232
f 6232 6226 6233
f 6233 6226 6234
f 6234 6226 6235
f 6235 6226 6236
f 6236 6226 6237
f 6237 6226 6238
f 6238 6226 6241
f 6241 6226 6239
f 6241 6227 6239
f 6240 6227 6241
f 6241 6230 6240
f 6238 6230 6241
f 6237 6230 6238
f 6236 6230 6237
f 6235 6230 6236
f 6234 6230 6235
f 6233 6230 6234
f 6232 6230 6233
f 6231 6230 6232
f 6247 6242 6243
f 6255 6242 6247
f 6267 6242 6255
f 6280 6242 6267
f 6285 6242 6280
f 6270 6242 6285
f 6257 6242 6270
f 6248 6242 6257
f 6244 6242 6248
f 6244 6242 6245
f 6245 6242 6246
f 6246 6242 6243
f 6246 6243 6247
f 6248 6244 6249
f 6249 6244 6245
f 6249 6245 6250
f 6250 6245 6251
f 6251 6245 6252
f 6252 6245 6246
f 6253 6246 6247
f 6252 6246 6254
f 6254 6246 6253
f 6253 6247 6255
f 6256 6248 6249
f 6257 6248 6271
f 6271 6248 6286
f 6286 6248 6306
f 6306 6248 6325
f 6325 6248 6326
f 6326 6248 6307
f 6307 6248 6290
f 6290 6248 6289
f 6289 6248 6288
f 6288 6248 6287
f 6287 6248 6283
f 6283 6248 6282
f 6282 6248 6268
f 6268 6248 6256
f 6256 6249 6258
f 6258 6249 6259
f 6259 6249 6250
f 6259 6250 6260
f 6260 6250 6251
f 6260 6251 6261
f 6261 6251 6262
f 6262 6251 6263
f 6263 6251 6252
f 6263 6252 6254
f 6254 6253 6264
f 6264 6253 6265
f 6265 6253 6255
f 6263 6254 6266
f 6266 6254 6264
f 6265 6255 6267
f 6268 6256 6269
f 6269 6256 6258
f 6284 6257 6270
f 6271 6257 6284
f 6269 6258 6259
f 6269 6259 6272
f 6272 6259 6261
f 6261 6259 6260
f 6272 6261 6273
f 6273 6261 6274
f 6274 6261 6275
f 6275 6261 6262
f 6276 6262 6263
f 6275 6262 6276
f 6276 6263 6266
f 6277 6264 6265
f 6266 6264 6278
f 6278 6264 6279
f 6279 6264 6277
f 6277 6265 6280
f 6280 6265 6267
f 6276 6266 6281
f 6281 6266 6278
f 6282 6268 6269
f 6282 6269 6283
f 6283 6269 6272
f 6285 6270 6299
f 6299 6270 6298
f 6298 6270 6297
f 6297 6270 6301
f 6301 6270 6300
f 6300 6270 6303
f 6303 6270 6302
f 6302 6270 6317
f 6317 6270 6314
f 6314 6270 6304
f 6304 6270 6284
f 6284 6271 6304
f 6304 6271 6322
f 6322 6271 6336
f 6336 6271 6323
f 6323 6271 6305
f 6305 6271 6286
f 6283 6272 6287
f 6287 6272 6273
f 6287 6273 6288
f 6288 6273 6289
f 6289 6273 6290
f 6290 6273 6291
f 6291 6273 6274
f 6291 6274 6292
f 6292 6274 6293
f 6293 6274 6275
f 6293 6275 6294
f 6294 6275 6295
f 6295 6275 6276
f 6295 6276 6296
f 6296 6276 6281
f 6279 6277 6297
f 6297 6277 6298
f 6298 6277 6299
f 6299 6277 6280
f 6300 6278 6301
f 6301 6278 6279
f 6281 6278 6300
f 6301 6279 6297
f 6299 6280 6285
f 6296 6281 6302
f 6302 6281 6303
f 6303 6281 6300
f 6305 6286 6306
f 6307 6290 6308
f 6308 6290 6309
f 6309 6290 6291
f 6309 6291 6292
f 6309 6292 6310
f 6310 6292 6311
f 6311 6292 6293
f 6311 6293 6294
f 6312 6294 6295
f 6311 6294 6313
f 6313 6294 6304
f 6304 6294 6314
f 6314 6294 6315
f 6315 6294 6312
f 6312 6295 6296
f 6312 6296 6316
f 6316 6296 6302
f 6316 6302 6317
f 6313 6304 6318
f 6318 6304 6319
f 6319 6304 6320
f 6320 6304 6321
f 6321 6304 6322
f 6323 6305 6324
f 6324 6305 6306
f 6324 6306 6308
f 6308 6306 6325
f 6326 6307 6308
f 6326 6308 6325
f 6324 6308 6327
f 6327 6308 6328
f 6328 6308 6329
f 6329 6308 6330
f 6330 6308 6309
f 6330 6309 6328
f 6328 6309 6310
f 6328 6310 6331
f 6331 6310 6332
f 6332 6310 6333
f 6333 6310 6318
f 6318 6310 6334
f 6334 6310 6311
f 6334 6311 6313
f 6315 6312 6314
f 6314 6312 6316
f 6334 6313 6318
f 6317 6314 6316
f 6333 6318 6319
f 6333 6319 6320
f 6333 6320 6321
f 6335 6321 6322
f 6333 6321 6335
f 6335 6322 6336
f 6336 6323 6324
f 6336 6324 6335
f 6335 6324 6328
f 6328 6324 6327
f 6330 6328 6329
f 6335 6328 6331
f 6337 6331 6332
f 6335 6331 6338
f 6338 6331 6333
f 6333 6331 6337
f 6337 6332 6333
f 6338 6333 6335
f 6340 6339 6341
f 6341 6339 6342
f 6347 6339 6342
f 6356 6339 6347
f 6368 6339 6356
f 6393 6339 6368
f 6394 6339 6393
f 6415 6339 6394
f 6424 6339 6415
f 6417 6339 6424
f 6395 6339 6417
f 6371 6339 6395
f 6358 6339 6371
f 6348 6339 6358
f 6343 6339 6348
f 6349 6339 6343
f 6360 6339 6349
f 6379 6339 6360
f 6401 6339 6379
f 6404 6339 6401
f 6403 6339 6404
f 6402 6339 6403
f 6380 6339 6402
f 6362 6339 6380
f 6350 6339 6362
f 6344 6339 6350
f 6340 6339 6344
f 6344 6340 6345
f 6345 6340 6341
f 6345 6341 6346
f 6346 6341 6342
f 6346 6342 6347
f 6357 6343 6348
f 6370 6343 6357
f 6377 6343 6370
f 6376 6343 6377
f 6375 6343 6376
f 6374 6343 6375
f 6373 6343 6374
f 6361 6343 6373
f 6349 6343 6361
f 6350 6344 6351
f 6351 6344 6345
f 6351 6345 6352
f 6352 6345 6346
f 6352 6346 6353
f 6353 6346 6354
f 6354 6346 6355
f 6355 6346 6356
f 6356 6346 6347
f 6358 6348 6372
f 6372 6348 6396
f 6396 6348 6418
f 6418 6348 6398
f 6398 6348 6378
f 6378 6348 6359
f 6359 6348 6357
f 6359 6349 6360
f 6359 6349 6361
f 6362 6350 6363
f 6363 6350 6351
f 6363 6351 6352
f 6363 6352 6364
f 6364 6352 6365
f 6365 6352 6366
f 6366 6352 6353
f 6366 6353 6367
f 6367 6353 6354
f 6367 6354 6355
f 6368 6355 6356
f 6367 6355 6369
f 6369 6355 6368
f 6370 6357 6359
f 6371 6358 6372
f 6373 6359 6361
f 6374 6359 6373
f 6375 6359 6374
f 6376 6359 6375
f 6377 6359 6376
f 6370 6359 6377
f 6378 6359 6399
f 6399 6359 6421
f 6421 6359 6428
f 6428 6359 6427
f 6427 6359 6425
f 6425 6359 6422
f 6422 6359 6407
f 6407 6359 6406
f 6406 6359 6385
f 6385 6359 6400
f 6400 6359 6379
f 6379 6359 6360
f 6380 6362 6381
f 6381 6362 6363
f 6381 6363 6364
f 6381 6364 6382
f 6382 6364 6383
f 6383 6364 6384
f 6384 6364 6385
f 6385 6364 6386
f 6386 6364 6387
f 6387 6364 6365
f 6388 6365 6366
f 6387 6365 6389
f 6389 6365 6390
f 6390 6365 6388
f 6388 6366 6391
f 6391 6366 6367
f 6392 6367 6369
f 6391 6367 6392
f 6369 6368 6393
f 6392 6369 6394
f 6394 6369 6393
f 6395 6371 6372
f 6395 6372 6397
f 6397 6372 6396
f 6398 6378 6399
f 6400 6379 6401
f 6402 6380 6382
f 6382 6380 6381
f 6402 6382 6383
f 6402 6383 6403
f 6403 6383 6384
f 6404 6384 6405
f 6405 6384 6385
f 6403 6384 6404
f 6406 6385 6387
f 6387 6385 6386
f 6405 6385 6400
f 6406 6387 6407
f 6407 6387 6408
f 6408 6387 6389
f 6390 6388 6391
f 6408 6389 6409
f 6409 6389 6390
f 6409 6390 6410
f 6410 6390 6391
f 6410 6391 6392
f 6411 6392 6412
f 6412 6392 6413
f 6413 6392 6414
f 6414 6392 6415
f 6415 6392 6394
f 6410 6392 6416
f 6416 6392 6411
f 6417 6395 6397
f 6397 6396 6418
f 6417 6397 6413
f 6413 6397 6398
f 6398 6397 6418
f 6416 6398 6419
f 6419 6398 6399
f 6413 6398 6412
f 6412 6398 6411
f 6411 6398 6416
f 6419 6399 6416
f 6416 6399 6420
f 6420 6399 6421
f 6405 6400 6401
f 6405 6401 6404
f 6422 6407 6408
f 6423 6408 6409
f 6422 6408 6423
f 6423 6409 6416
f 6416 6409 6410
f 6417 6413 6424
f 6424 6413 6415
f 6415 6413 6414
f 6423 6416 6425
f 6425 6416 6426
f 6426 6416 6427
f 6427 6416 6428
f 6428 6416 6421
f 6421 6416 6420
f 6425 6422 6423
f 6427 6425 6426
f 6430 6429 6431
f 6437 6429 6431
f 6442 6429 6437
f 6447 6429 6442
f 6446 6429 6447
f 6450 6429 6446
f 6453 6429 6450
f 6456 6429 6453
f 6454 6429 6456
f 6451 6429 6454
f 6448 6429 6451
f 6443 6429 6448
f 6438 6429 6443
f 6432 6429 6438
f 6432 6429 6430
f 6433 6430 6434
f 6434 6430 6435
f 6435 6430 6431
f 6432 6430 6436
f 6436 6430 6433
f 6435 6431 6437
f 6438 6432 6436
f 6436 6433 6439
f 6444 6433 6439
f 6448 6433 6444
f 6451 6433 6448
f 6455 6433 6451
f 6452 6433 6455
f 6449 6433 6452
f 6445 6433 6449
f 6440 6433 6445
f 6434 6433 6440
f 6440 6434 6441
f 6441 6434 6435
f 6441 6435 6442
f 6442 6435 6437
f 6438 6436 6439
f 6443 6438 6439
f 6443 6439 6444
f 6445 6440 6441
f 6445 6441 6446
f 6446 6441 6447
f 6447 6441 6442
f 6448 6443 6444
f 6449 6445 6446
f 6449 6446 6450
f 6452 6449 6453
f 6453 6449 6450
f 6454 6451 6455
f 6455 6452 6453
f 6455 6453 6456
f 6456 6454 6455
f 6458 6457 6459
f 6459 6457 6460
f 6460 6457 6461
f 6461 6457 6469
f 6469 6457 6482
f 6482 6457 6485
f 6485 6457 6483
f 6483 6457 6470
f 6470 6457 6462
f 6462 6457 6463
f 6463 6457 6464
f 6464 6457 6458
f 6464 6458 6459
f 6465 6459 6466
f 6466 6459 6460
f 6467 6459 6464
f 6467 6459 6481
f 6481 6459 6484
f 6484 6459 6485
f 6485 6459 6482
f 6482 6459 6473
f 6473 6459 6465
f 6466 6460 6465
f 6465 6460 6468
f 6468 6460 6461
f 6468 6461 6469
f 6470 6462 6463
f 6464 6463 6470
f 6467 6464 6471
f 6483 6464 6470
f 6472 6464 6483
f 6484 6464 6472
f 6481 6464 6484
f 6480 6464 6481
f 6479 6464 6480
f 6478 6464 6479
f 6477 6464 6478
f 6476 6464 6477
f 6475 6464 6476
f 6474 6464 6475
f 6471 6464 6474
f 6473 6465 6468
f 6474 6467 6471
f 6475 6467 6474
f 6476 6467 6475
f 6477 6467 6476
f 6478 6467 6477
f 6479 6467 6478
f 6480 6467 6479
f 6481 6467 6480
f 6473 6468 6469
f 6473 6469 6482
f 6485 6472 6483
f 6484 6472 6485
f 6487 6486 6488
f 6488 6486 6489
f 6489 6486 6497
f 6497 6486 6507
f 6507 6486 6506
f 6506 6486 6522
f 6522 6486 6527
f 6527 6486 6523
f 6523 6486 6508
f 6508 6486 6498
f 6498 6486 6490
f 6499 6486 6490
f 6510 6486 6499
f 6513 6486 6510
f 6500 6486 6513
f 6491 6486 6500
f 6487 6486 6491
f 6491 6487 6492
f 6492 6487 6488
f 6493 6488 6489
f 6492 6488 6494
f 6494 6488 6495
f 6495 6488 6496
f 6496 6488 6497
f 6497 6488 6493
f 6493 6489 6497
f 6509 6490 6498
f 6511 6490 6509
f 6499 6490 6511
f 6500 6491 6501
f 6501 6491 6492
f 6501 6492 6494
f 6501 6494 6502
f 6502 6494 6503
f 6503 6494 6504
f 6504 6494 6495
f 6504 6495 6496
f 6504 6496 6505
f 6505 6496 6506
f 6506 6496 6507
f 6507 6496 6497
f 6509 6498 6508
f 6519 6499 6511
f 6518 6499 6519
f 6517 6499 6518
f 6516 6499 6517
f 6515 6499 6516
f 6510 6499 6515
f 6512 6500 6501
f 6512 6500 6513
f 6502 6501 6512
f 6514 6502 6512
f 6510 6502 6514
f 6515 6502 6510
f 6516 6502 6515
f 6517 6502 6516
f 6518 6502 6517
f 6519 6502 6518
f 6511 6502 6519
f 6520 6502 6511
f 6503 6502 6520
f 6521 6503 6520
f 6521 6503 6522
f 6522 6503 6504
f 6522 6504 6505
f 6522 6505 6506
f 6509 6508 6511
f 6511 6508 6523
f 6524 6510 6514
f 6513 6510 6524
f 6523 6511 6525
f 6525 6511 6521
f 6520 6511 6521
f 6526 6512 6513
f 6524 6512 6526
f 6514 6512 6524
f 6526 6513 6524
f 6525 6521 6522
f 6525 6522 6527
f 6527 6523 6525
f 6529 6528 6530
f 6534 6528 6530
f 6541 6528 6534
f 6553 6528 6541
f 6575 6528 6553
f 6574 6528 6575
f 6561 6528 6574
f 6560 6528 6561
f 6543 6528 6560
f 6535 6528 6543
f 6531 6528 6535
f 6536 6528 6531
f 6548 6528 6536
f 6566 6528 6548
f 6581 6528 6566
f 6593 6528 6581
f 6594 6528 6593
f 6582 6528 6594
f 6567 6528 6582
f 6549 6528 6567
f 6537 6528 6549
f 6532 6528 6537
f 6529 6528 6532
f 6532 6529 6533
f 6533 6529 6530
f 6533 6530 6534
f 6542 6531 6535
f 6554 6531 6542
f 6577 6531 6554
f 6565 6531 6577
f 6545 6531 6565
f 6536 6531 6545
f 6537 6532 6533
f 6537 6533 6538
f 6538 6533 6539
f 6539 6533 6540
f 6540 6533 6534
f 6540 6534 6541
f 6543 6535 6544
f 6544 6535 6542
f 6546 6536 6545
f 6547 6536 6546
f 6548 6536 6547
f 6549 6537 6538
f 6549 6538 6550
f 6550 6538 6539
f 6550 6539 6551
f 6551 6539 6540
f 6552 6540 6553
f 6553 6540 6541
f 6551 6540 6544
f 6544 6540 6552
f 6544 6542 6555
f 6555 6542 6556
f 6556 6542 6557
f 6557 6542 6558
f 6558 6542 6559
f 6554 6542 6559
f 6560 6543 6544
f 6560 6544 6561
f 6561 6544 6552
f 6551 6544 6562
f 6562 6544 6563
f 6563 6544 6556
f 6556 6544 6564
f 6564 6544 6555
f 6565 6545 6576
f 6576 6545 6559
f 6559 6545 6558
f 6558 6545 6557
f 6557 6545 6556
f 6556 6545 6578
f 6578 6545 6579
f 6579 6545 6590
f 6590 6545 6589
f 6589 6545 6588
f 6588 6545 6596
f 6596 6545 6595
f 6595 6545 6591
f 6591 6545 6580
f 6580 6545 6566
f 6566 6545 6548
f 6548 6545 6547
f 6547 6545 6546
f 6567 6549 6550
f 6568 6550 6551
f 6567 6550 6568
f 6568 6551 6569
f 6569 6551 6570
f 6570 6551 6571
f 6571 6551 6572
f 6572 6551 6573
f 6573 6551 6562
f 6561 6552 6574
f 6574 6552 6575
f 6575 6552 6553
f 6576 6554 6559
f 6577 6554 6576
f 6564 6555 6556
f 6563 6556 6578
f 6573 6562 6572
f 6572 6562 6579
f 6579 6562 6563
f 6579 6563 6578
f 6576 6565 6577
f 6580 6566 6581
f 6582 6567 6583
f 6583 6567 6568
f 6584 6568 6569
f 6583 6568 6585
f 6585 6568 6584
f 6584 6569 6570
f 6584 6570 6586
f 6586 6570 6587
f 6587 6570 6571
f 6587 6571 6588
f 6588 6571 6589
f 6589 6571 6572
f 6589 6572 6590
f 6590 6572 6579
f 6591 6580 6592
f 6592 6580 6581
f 6592 6581 6584
f 6584 6581 6593
f 6594 6582 6583
f 6594 6583 6585
f 6585 6584 6593
f 6592 6584 6586
f 6594 6585 6593
f 6595 6586 6587
f 6592 6586 6595
f 6596 6587 6588
f 6595 6587 6596
f 6595 6591 6592
f 6602 6597 6598
f 6607 6597 6602
f 6615 6597 6607
f 6625 6597 6615
f 6616 6597 6625
f 6608 6597 6616
f 6603 6597 6608
f 6599 6597 6603
f 6599 6597 6600
f 6604 6597 6600
f 6610 6597 6604
f 6620 6597 6610
f 6619 6597 6620
f 6627 6597 6619
f 6622 6597 6627
f 6611 6597 6622
f 6605 6597 6611
f 6601 6597 6605
f 6598 6597 6601
f 6606 6598 6601
f 6602 6598 6606
f 6603 6599 6604
f 6604 6599 6600
f 6605 6601 6612
f 6612 6601 6613
f 6613 6601 6606
f 6606 6602 6613
f 6613 6602 6623
f 6623 6602 6621
f 6621 6602 6614
f 6614 6602 6607
f 6608 6603 6609
f 6609 6603 6604
f 6609 6604 6610
f 6611 6605 6612
f 6614 6607 6615
f 6616 6608 6617
f 6617 6608 6609
f 6618 6609 6619
f 6619 6609 6620
f 6620 6609 6610
f 6617 6609 6621
f 6621 6609 6618
f 6622 6611 6621
f 6621 6611 6612
f 6621 6612 6623
f 6623 6612 6613
f 6621 6614 6615
f 6624 6615 6617
f 6617 6615 6625
f 6621 6615 6624
f 6625 6616 6617
f 6624 6617 6621
f 6621 6618 6619
f 6621 6619 6626
f 6626 6619 6627
f 6622 6621 6627
f 6627 6621 6626
f 6634 6628 6629
f 6644 6628 6634
f 6643 6628 6644
f 6642 6628 6643
f 6658 6628 6642
f 6647 6628 6658
f 6635 6628 6647
f 6630 6628 6635
f 6636 6628 6630
f 6653 6628 6636
f 6655 6628 6653
f 6654 6628 6655
f 6637 6628 6654
f 6631 6628 6637
f 6631 6628 6638
f 6638 6628 6650
f 6650 6628 6656
f 6656 6628 6640
f 6640 6628 6632
f 6632 6628 6629
f 6632 6629 6633
f 6633 6629 6634
f 6648 6630 6635
f 6660 6630 6648
f 6662 6630 6660
f 6661 6630 6662
f 6649 6630 6661
f 6636 6630 6649
f 6637 6631 6638
f 6639 6632 6633
f 6640 6632 6639
f 6641 6633 6642
f 6642 6633 6643
f 6643 6633 6644
f 6644 6633 6645
f 6645 6633 6634
f 6639 6633 6640
f 6640 6633 6646
f 6646 6633 6641
f 6645 6634 6644
f 6648 6635 6647
f 6649 6636 6650
f 6650 6636 6651
f 6651 6636 6638
f 6638 6636 6652
f 6652 6636 6653
f 6654 6637 6638
f 6654 6638 6655
f 6655 6638 6652
f 6651 6638 6650
f 6656 6640 6646
f 6657 6641 6642
f 6646 6641 6657
f 6657 6642 6650
f 6650 6642 6658
f 6656 6646 6657
f 6658 6647 6659
f 6659 6647 6650
f 6650 6647 6660
f 6660 6647 6648
f 6661 6649 6650
f 6657 6650 6656
f 6661 6650 6662
f 6662 6650 6660
f 6659 6650 6658
f 6655 6652 6653
f 6664 6663 6667
f 6667 6663 6673
f 6673 6663 6680
f 6680 6663 6694
f 6694 6663 6713
f 6713 6663 6733
f 6733 6663 6716
f 6716 6663 6696
f 6696 6663 6681
f 6681 6663 6674
f 6674 6663 6668
f 6668 6663 6665
f 6665 6663 6666
f 6666 6663 6664
f 6666 6664 6667
f 6668 6665 6669
f 6669 6665 6670
f 6670 6665 6671
f 6671 6665 6672
f 6672 6665 6666
f 6672 6666 6671
f 6678 6666 6671
f 6692 6666 6678
f 6711 6666 6692
f 6710 6666 6711
f 6729 6666 6710
f 6726 6666 6729
f 6728 6666 6726
f 6747 6666 6728
f 6763 6666 6747
f 6776 6666 6763
f 6789 6666 6776
f 6802 6666 6789
f 6817 6666 6802
f 6833 6666 6817
f 6834 6666 6833
f 6825 6666 6834
f 6824 6666 6825
f 6823 6666 6824
f 6843 6666 6823
f 6859 6666 6843
f 6841 6666 6859
f 6858 6666 6841
f 6867 6666 6858
f 6865 6666 6867
f 6864 6666 6865
f 6866 6666 6864
f 6860 6666 6866
f 6844 6666 6860
f 6827 6666 6844
f 6826 6666 6827
f 6806 6666 6826
f 6793 6666 6806
f 6788 6666 6793
f 6787 6666 6788
f 6768 6666 6787
f 6752 6666 6768
f 6737 6666 6752
f 6730 6666 6737
f 6712 6666 6730
f 6693 6666 6712
f 6679 6666 6693
f 6673 6666 6679
f 6667 6666 6673
f 6674 6668 6675
f 6675 6668 6669
f 6675 6669 6676
f 6676 6669 6677
f 6677 6669 6670
f 6677 6670 6678
f 6678 6670 6671
f 6680 6673 6679
f 6681 6674 6682
f 6682 6674 6683
f 6683 6674 6684
f 6684 6674 6685
f 6685 6674 6675
f 6685 6675 6686
f 6686 6675 6676
f 6678 6676 6677
f 6686 6676 6685
f 6685 6676 6687
f 6687 6676 6688
f 6688 6676 6689
f 6689 6676 6690
f 6690 6676 6691
f 6691 6676 6692
f 6692 6676 6678
f 6680 6679 6693
f 6693 6680 6695
f 6695 6680 6694
f 6696 6681 6717
f 6717 6681 6697
f 6697 6681 6682
f 6697 6682 6717
f 6717 6682 6740
f 6740 6682 6732
f 6732 6682 6731
f 6731 6682 6736
f 6736 6682 6751
f 6751 6682 6750
f 6750 6682 6767
f 6767 6682 6786
f 6786 6682 6797
f 6797 6682 6796
f 6796 6682 6798
f 6798 6682 6809
f 6809 6682 6810
f 6810 6682 6813
f 6813 6682 6832
f 6832 6682 6831
f 6831 6682 6851
f 6851 6682 6850
f 6850 6682 6849
f 6849 6682 6836
f 6836 6682 6835
f 6835 6682 6821
f 6821 6682 6804
f 6804 6682 6790
f 6790 6682 6779
f 6779 6682 6764
f 6764 6682 6778
f 6778 6682 6773
f 6773 6682 6772
f 6772 6682 6770
f 6770 6682 6758
f 6758 6682 6757
f 6757 6682 6756
f 6756 6682 6762
f 6762 6682 6761
f 6761 6682 6755
f 6755 6682 6745
f 6745 6682 6741
f 6741 6682 6722
f 6722 6682 6720
f 6720 6682 6702
f 6702 6682 6719
f 6719 6682 6699
f 6699 6682 6718
f 6718 6682 6698
f 6698 6682 6683
f 6698 6683 6685
f 6685 6683 6684
f 6699 6685 6700
f 6700 6685 6688
f 6688 6685 6687
f 6698 6685 6701
f 6701 6685 6699
f 6702 6688 6703
f 6703 6688 6704
f 6704 6688 6705
f 6705 6688 6689
f 6700 6688 6699
f 6699 6688 6706
f 6706 6688 6702
f 6705 6689 6690
f 6707 6690 6708
f 6708 6690 6709
f 6709 6690 6691
f 6705 6690 6707
f 6710 6691 6711
f 6711 6691 6692
f 6709 6691 6710
f 6712 6693 6714
f 6714 6693 6695
f 6695 6694 6714
f 6714 6694 6715
f 6715 6694 6713
f 6716 6696 6717
f 6718 6698 6701
f 6719 6699 6706
f 6701 6699 6718
f 6720 6702 6721
f 6721 6702 6703
f 6706 6702 6719
f 6721 6703 6704
f 6722 6704 6723
f 6723 6704 6724
f 6724 6704 6725
f 6725 6704 6707
f 6707 6704 6705
f 6721 6704 6722
f 6725 6707 6708
f 6726 6708 6727
f 6727 6708 6709
f 6725 6708 6728
f 6728 6708 6726
f 6729 6709 6710
f 6727 6709 6726
f 6726 6709 6729
f 6730 6712 6714
f 6731 6713 6732
f 6732 6713 6733
f 6715 6713 6734
f 6734 6713 6735
f 6735 6713 6736
f 6736 6713 6731
f 6730 6714 6737
f 6737 6714 6738
f 6738 6714 6715
f 6738 6715 6739
f 6739 6715 6734
f 6733 6716 6740
f 6740 6716 6717
f 6722 6720 6721
f 6741 6722 6723
f 6741 6723 6742
f 6742 6723 6724
f 6742 6724 6743
f 6743 6724 6725
f 6743 6725 6728
f 6743 6728 6744
f 6744 6728 6745
f 6745 6728 6746
f 6746 6728 6747
f 6740 6732 6733
f 6739 6734 6748
f 6748 6734 6735
f 6748 6735 6749
f 6749 6735 6750
f 6750 6735 6751
f 6751 6735 6736
f 6752 6737 6753
f 6753 6737 6738
f 6753 6738 6739
f 6753 6739 6748
f 6745 6741 6754
f 6754 6741 6742
f 6754 6742 6743
f 6754 6743 6745
f 6745 6743 6744
f 6755 6745 6746
f 6756 6746 6757
f 6757 6746 6758
f 6758 6746 6759
f 6759 6746 6771
f 6771 6746 6760
f 6760 6746 6747
f 6755 6746 6761
f 6761 6746 6762
f 6762 6746 6756
f 6760 6747 6764
f 6763 6747 6764
f 6753 6748 6765
f 6765 6748 6766
f 6766 6748 6749
f 6766 6749 6750
f 6766 6750 6767
f 6768 6752 6769
f 6769 6752 6753
f 6769 6753 6765
f 6770 6758 6759
f 6770 6759 6772
f 6772 6759 6773
f 6773 6759 6771
f 6771 6760 6764
f 6775 6763 6774
f 6776 6763 6775
f 6777 6763 6764
f 6774 6763 6777
f 6771 6764 6778
f 6791 6764 6779
f 6805 6764 6791
f 6818 6764 6805
f 6820 6764 6818
f 6815 6764 6820
f 6801 6764 6815
f 6789 6764 6801
f 6776 6764 6789
f 6775 6764 6776
f 6774 6764 6775
f 6777 6764 6774
f 6769 6765 6780
f 6780 6765 6781
f 6781 6765 6782
f 6782 6765 6766
f 6783 6766 6767
f 6782 6766 6784
f 6784 6766 6785
f 6785 6766 6783
f 6783 6767 6786
f 6787 6768 6769
f 6787 6769 6788
f 6788 6769 6780
f 6773 6771 6778
f 6790 6779 6791
f 6792 6780 6781
f 6788 6780 6793
f 6793 6780 6792
f 6784 6781 6782
f 6792 6781 6794
f 6794 6781 6795
f 6795 6781 6784
f 6785 6783 6796
f 6796 6783 6797
f 6797 6783 6786
f 6798 6784 6796
f 6796 6784 6785
f 6795 6784 6799
f 6799 6784 6800
f 6800 6784 6798
f 6801 6789 6802
f 6803 6790 6791
f 6804 6790 6803
f 6803 6791 6805
f 6793 6792 6794
f 6806 6793 6794
f 6806 6794 6807
f 6807 6794 6808
f 6808 6794 6795
f 6808 6795 6799
f 6800 6798 6809
f 6810 6799 6809
f 6809 6799 6800
f 6808 6799 6811
f 6811 6799 6812
f 6812 6799 6813
f 6813 6799 6810
f 6814 6801 6802
f 6815 6801 6816
f 6816 6801 6814
f 6814 6802 6817
f 6818 6803 6805
f 6804 6803 6819
f 6819 6803 6814
f 6814 6803 6816
f 6816 6803 6820
f 6820 6803 6818
f 6821 6804 6822
f 6822 6804 6823
f 6823 6804 6824
f 6824 6804 6825
f 6825 6804 6819
f 6826 6806 6807
f 6826 6807 6827
f 6827 6807 6828
f 6828 6807 6811
f 6811 6807 6808
f 6828 6811 6829
f 6829 6811 6830
f 6830 6811 6812
f 6830 6812 6831
f 6831 6812 6832
f 6832 6812 6813
f 6819 6814 6833
f 6833 6814 6817
f 6820 6815 6816
f 6825 6819 6834
f 6834 6819 6833
f 6835 6821 6822
f 6835 6822 6836
f 6836 6822 6837
f 6837 6822 6838
f 6838 6822 6839
f 6839 6822 6840
f 6840 6822 6841
f 6841 6822 6842
f 6842 6822 6843
f 6843 6822 6823
f 6844 6827 6845
f 6845 6827 6828
f 6845 6828 6846
f 6846 6828 6847
f 6847 6828 6829
f 6847 6829 6830
f 6847 6830 6846
f 6846 6830 6848
f 6848 6830 6849
f 6849 6830 6850
f 6850 6830 6851
f 6851 6830 6831
f 6849 6836 6848
f 6848 6836 6852
f 6852 6836 6853
f 6853 6836 6839
f 6839 6836 6838
f 6838 6836 6837
f 6853 6839 6854
f 6854 6839 6855
f 6855 6839 6856
f 6856 6839 6857
f 6857 6839 6840
f 6857 6840 6858
f 6858 6840 6841
f 6859 6841 6842
f 6859 6842 6843
f 6860 6844 6861
f 6861 6844 6845
f 6861 6845 6846
f 6852 6846 6848
f 6861 6846 6852
f 6861 6852 6862
f 6862 6852 6863
f 6863 6852 6853
f 6863 6853 6854
f 6863 6854 6855
f 6864 6855 6865
f 6865 6855 6856
f 6863 6855 6862
f 6862 6855 6866
f 6866 6855 6864
f 6865 6856 6857
f 6867 6857 6858
f 6865 6857 6867
f 6866 6860 6862
f 6862 6860 6861
f 6869 6868 6870
f 6876 6868 6870
f 6893 6868 6876
f 6899 6868 6893
f 6911 6868 6899
f 6923 6868 6911
f 6913 6868 6923
f 6902 6868 6913
f 6880 6868 6902
f 6871 6868 6880
f 6881 6868 6871
f 6905 6868 6881
f 6887 6868 6905
f 6886 6868 6887
f 6885 6868 6886
f 6884 6868 6885
f 6873 6868 6884
f 6869 6868 6873
f 6872 6869 6870
f 6873 6869 6874
f 6874 6869 6875
f 6875 6869 6872
f 6872 6870 6877
f 6877 6870 6878
f 6878 6870 6879
f 6879 6870 6876
f 6901 6871 6880
f 6912 6871 6901
f 6919 6871 6912
f 6918 6871 6919
f 6917 6871 6918
f 6916 6871 6917
f 6915 6871 6916
f 6903 6871 6915
f 6881 6871 6903
f 6875 6872 6882
f 6882 6872 6883
f 6883 6872 6877
f 6884 6873 6874
f 6884 6874 6885
f 6885 6874 6886
f 6886 6874 6887
f 6887 6874 6888
f 6888 6874 6889
f 6889 6874 6890
f 6890 6874 6891
f 6891 6874 6892
f 6892 6874 6875
f 6892 6875 6883
f 6883 6875 6882
f 6879 6876 6893
f 6883 6877 6894
f 6894 6877 6878
f 6894 6878 6895
f 6895 6878 6896
f 6896 6878 6897
f 6897 6878 6879
f 6897 6879 6898
f 6898 6879 6899
f 6899 6879 6900
f 6900 6879 6893
f 6902 6880 6914
f 6914 6880 6924
f 6924 6880 6922
f 6922 6880 6910
f 6910 6880 6898
f 6898 6880 6897
f 6897 6880 6896
f 6896 6880 6909
f 6909 6880 6920
f 6920 6880 6904
f 6904 6880 6901
f 6904 6881 6903
f 6904 6881 6905
f 6892 6883 6906
f 6906 6883 6894
f 6905 6887 6904
f 6904 6887 6920
f 6920 6887 6921
f 6921 6887 6908
f 6908 6887 6907
f 6907 6887 6890
f 6890 6887 6889
f 6889 6887 6888
f 6907 6890 6891
f 6907 6891 6908
f 6908 6891 6892
f 6908 6892 6906
f 6900 6893 6899
f 6906 6894 6895
f 6906 6895 6909
f 6909 6895 6896
f 6910 6898 6899
f 6910 6899 6911
f 6912 6901 6904
f 6913 6902 6914
f 6904 6903 6915
f 6916 6904 6915
f 6917 6904 6916
f 6918 6904 6917
f 6919 6904 6918
f 6912 6904 6919
f 6908 6906 6921
f 6921 6906 6909
f 6921 6909 6920
f 6922 6910 6913
f 6913 6910 6923
f 6923 6910 6911
f 6924 6913 6914
f 6922 6913 6924
f 6926 6925 6927
f 6932 6925 6927
f 6940 6925 6932
f 6953 6925 6940
f 6967 6925 6953
f 6966 6925 6967
f 6970 6925 6966
f 6988 6925 6970
f 6987 6925 6988
f 7006 6925 6987
f 7015 6925 7006
f 7014 6925 7015
f 7021 6925 7014
f 7027 6925 7021
f 7040 6925 7027
f 7044 6925 7040
f 7049 6925 7044
f 7048 6925 7049
f 7047 6925 7048
f 7061 6925 7047
f 7060 6925 7061
f 7059 6925 7060
f 7058 6925 7059
f 7057 6925 7058
f 7065 6925 7057
f 7064 6925 7065
f 7070 6925 7064
f 7072 6925 7070
f 7071 6925 7072
f 7067 6925 7071
f 7062 6925 7067
f 7050 6925 7062
f 7042 6925 7050
f 7033 6925 7042
f 7032 6925 7033
f 7030 6925 7032
f 7029 6925 7030
f 7022 6925 7029
f 7016 6925 7022
f 7007 6925 7016
f 6992 6925 7007
f 6991 6925 6992
f 6990 6925 6991
f 6989 6925 6990
f 6973 6925 6989
f 6956 6925 6973
f 6955 6925 6956
f 6944 6925 6955
f 6943 6925 6944
f 6934 6925 6943
f 6928 6925 6934
f 6928 6925 6929
f 6929 6925 6926
f 6930 6926 6931
f 6931 6926 6932
f 6932 6926 6927
f 6929 6926 6933
f 6933 6926 6930
f 6934 6928 6929
f 6934 6929 6935
f 6935 6929 6933
f 6936 6930 6937
f 6937 6930 6931
f 6933 6930 6938
f 6938 6930 6936
f 6937 6931 6939
f 6939 6931 6940
f 6940 6931 6932
f 6935 6933 6941
f 6941 6933 6942
f 6942 6933 6938
f 6943 6934 6935
f 6943 6935 6944
f 6944 6935 6945
f 6945 6935 6941
f 6946 6936 6947
f 6947 6936 6937
f 6938 6936 6946
f 6947 6937 6948
f 6948 6937 6939
f 6942 6938 6949
f 6949 6938 6950
f 6950 6938 6951
f 6951 6938 6946
f 6948 6939 6952
f 6952 6939 6953
f 6953 6939 6940
f 6945 6941 6954
f 6954 6941 6942
f 6954 6942 6949
f 6955 6944 6945
f 6955 6945 6956
f 6956 6945 6957
f 6957 6945 6958
f 6958 6945 6954
f 6959 6946 6947
f 6951 6946 6950
f 6950 6946 6949
f 6949 6946 6965
f 6965 6946 6983
f 6983 6946 6998
f 6998 6946 7001
f 7001 6946 7000
f 7000 6946 6999
f 6999 6946 6996
f 6996 6946 6995
f 6995 6946 6994
f 6994 6946 7010
f 7010 6946 7017
f 7017 6946 7025
f 7025 6946 7039
f 7039 6946 7043
f 7043 6946 7053
f 7053 6946 7052
f 7052 6946 7051
f 7051 6946 7063
f 7063 6946 7068
f 7068 6946 7069
f 7069 6946 7066
f 7066 6946 7056
f 7056 6946 7045
f 7045 6946 7041
f 7041 6946 7028
f 7028 6946 7026
f 7026 6946 7019
f 7019 6946 7018
f 7018 6946 7011
f 7011 6946 7003
f 7003 6946 7002
f 7002 6946 6980
f 6980 6946 6979
f 6979 6946 6978
f 6978 6946 6962
f 6962 6946 6961
f 6961 6946 6960
f 6960 6946 6959
f 6959 6947 6960
f 6960 6947 6961
f 6961 6947 6948
f 6961 6948 6962
f 6962 6948 6963
f 6963 6948 6964
f 6964 6948 6952
f 6954 6949 6965
f 6966 6952 6967
f 6967 6952 6953
f 6964 6952 6968
f 6968 6952 6969
f 6969 6952 6970
f 6970 6952 6966
f 6958 6954 6971
f 6971 6954 6972
f 6972 6954 6965
f 6973 6956 6957
f 6971 6957 6958
f 6973 6957 6974
f 6974 6957 6975
f 6975 6957 6976
f 6976 6957 6977
f 6977 6957 6971
f 6978 6962 6963
f 6978 6963 6964
f 6979 6964 6980
f 6980 6964 6981
f 6981 6964 6982
f 6982 6964 6968
f 6978 6964 6979
f 6972 6965 6971
f 6971 6965 6977
f 6977 6965 6983
f 6982 6968 6969
f 6982 6969 6984
f 6984 6969 6985
f 6985 6969 6986
f 6986 6969 6987
f 6987 6969 6988
f 6988 6969 6970
f 6989 6973 6974
f 6976 6974 6975
f 6989 6974 6990
f 6990 6974 6991
f 6991 6974 6992
f 6992 6974 6993
f 6993 6974 6994
f 6994 6974 6995
f 6995 6974 6996
f 6996 6974 6997
f 6997 6974 6976
f 6998 6976 6977
f 6997 6976 6999
f 6999 6976 7000
f 7000 6976 7001
f 7001 6976 6998
f 6998 6977 6983
f 7002 6980 6984
f 6984 6980 6981
f 6984 6981 6982
f 7002 6984 7003
f 7003 6984 7004
f 7004 6984 7005
f 7005 6984 6985
f 7005 6985 6986
f 7005 6986 7006
f 7006 6986 6987
f 7007 6992 7008
f 7008 6992 7009
f 7009 6992 6993
f 7009 6993 7010
f 7010 6993 6994
f 6999 6996 6997
f 7011 7003 7004
f 7011 7004 7005
f 7011 7005 7012
f 7012 7005 7013
f 7013 7005 7014
f 7014 7005 7015
f 7015 7005 7006
f 7016 7007 7017
f 7017 7007 7010
f 7010 7007 7008
f 7010 7008 7009
f 7018 7011 7013
f 7013 7011 7012
f 7018 7013 7019
f 7019 7013 7020
f 7020 7013 7021
f 7021 7013 7014
f 7022 7016 7023
f 7023 7016 7024
f 7024 7016 7017
f 7024 7017 7031
f 7031 7017 7030
f 7030 7017 7032
f 7032 7017 7025
f 7026 7019 7020
f 7027 7020 7021
f 7026 7020 7028
f 7028 7020 7027
f 7029 7022 7023
f 7029 7023 7030
f 7030 7023 7031
f 7031 7023 7024
f 7032 7025 7033
f 7033 7025 7034
f 7034 7025 7035
f 7035 7025 7036
f 7036 7025 7037
f 7037 7025 7038
f 7038 7025 7039
f 7028 7027 7040
f 7041 7028 7040
f 7054 7033 7042
f 7055 7033 7054
f 7043 7033 7055
f 7039 7033 7043
f 7038 7033 7039
f 7037 7033 7038
f 7036 7033 7037
f 7035 7033 7036
f 7034 7033 7035
f 7041 7040 7044
f 7045 7041 7046
f 7046 7041 7047
f 7047 7041 7048
f 7048 7041 7049
f 7049 7041 7044
f 7050 7042 7051
f 7051 7042 7052
f 7053 7042 7052
f 7054 7042 7053
f 7053 7043 7055
f 7056 7045 7057
f 7057 7045 7058
f 7058 7045 7059
f 7059 7045 7060
f 7060 7045 7046
f 7060 7046 7061
f 7061 7046 7047
f 7062 7050 7063
f 7063 7050 7051
f 7054 7053 7055
f 7064 7056 7065
f 7065 7056 7057
f 7066 7056 7064
f 7067 7062 7063
f 7067 7063 7068
f 7066 7064 7069
f 7069 7064 7070
f 7071 7067 7069
f 7069 7067 7068
f 7071 7069 7072
f 7072 7069 7070
f 7074 7073 7079
f 7079 7073 7075
f 7080 7073 7075
f 7076 7073 7080
f 7081 7073 7076
f 7095 7073 7081
f 7116 7073 7095
f 7115 7073 7116
f 7114 7073 7115
f 7113 7073 7114
f 7112 7073 7113
f 7111 7073 7112
f 7110 7073 7111
f 7109 7073 7110
f 7108 7073 7109
f 7107 7073 7108
f 7106 7073 7107
f 7128 7073 7106
f 7131 7073 7128
f 7130 7073 7131
f 7129 7073 7130
f 7119 7073 7129
f 7118 7073 7119
f 7117 7073 7118
f 7096 7073 7117
f 7083 7073 7096
f 7082 7073 7083
f 7077 7073 7082
f 7074 7073 7077
f 7077 7074 7078
f 7078 7074 7079
f 7079 7075 7078
f 7078 7075 7092
f 7092 7075 7104
f 7104 7075 7100
f 7100 7075 7103
f 7103 7075 7102
f 7102 7075 7124
f 7124 7075 7137
f 7137 7075 7125
f 7125 7075 7105
f 7105 7075 7093
f 7093 7075 7080
f 7080 7076 7093
f 7093 7076 7094
f 7094 7076 7081
f 7082 7077 7078
f 7082 7078 7083
f 7083 7078 7084
f 7084 7078 7085
f 7085 7078 7086
f 7086 7078 7087
f 7087 7078 7088
f 7088 7078 7089
f 7089 7078 7090
f 7090 7078 7091
f 7091 7078 7092
f 7094 7081 7095
f 7096 7083 7084
f 7096 7084 7085
f 7096 7085 7086
f 7096 7086 7097
f 7097 7086 7087
f 7097 7087 7098
f 7098 7087 7088
f 7098 7088 7089
f 7098 7089 7099
f 7099 7089 7090
f 7100 7090 7091
f 7099 7090 7101
f 7101 7090 7102
f 7102 7090 7103
f 7103 7090 7100
f 7100 7091 7104
f 7104 7091 7092
f 7105 7093 7127
f 7127 7093 7138
f 7138 7093 7133
f 7133 7093 7128
f 7128 7093 7106
f 7106 7093 7094
f 7106 7094 7107
f 7107 7094 7108
f 7108 7094 7109
f 7109 7094 7110
f 7110 7094 7111
f 7111 7094 7112
f 7112 7094 7113
f 7113 7094 7114
f 7114 7094 7115
f 7115 7094 7116
f 7116 7094 7095
f 7117 7096 7097
f 7118 7097 7119
f 7119 7097 7120
f 7120 7097 7099
f 7099 7097 7098
f 7117 7097 7118
f 7120 7099 7121
f 7121 7099 7122
f 7122 7099 7123
f 7123 7099 7101
f 7123 7101 7124
f 7124 7101 7102
f 7125 7105 7126
f 7126 7105 7127
f 7129 7119 7120
f 7129 7120 7130
f 7130 7120 7131
f 7131 7120 7132
f 7132 7120 7121
f 7132 7121 7122
f 7132 7122 7128
f 7128 7122 7133
f 7133 7122 7134
f 7134 7122 7135
f 7135 7122 7123
f 7135 7123 7136
f 7136 7123 7124
f 7136 7124 7137
f 7137 7125 7136
f 7136 7125 7126
f 7136 7126 7135
f 7135 7126 7127
f 7135 7127 7138
f 7132 7128 7131
f 7138 7133 7135
f 7135 7133 7134
f 7140 7139 7141
f 7141 7139 7142
f 7142 7139 7143
f 7143 7139 7144
f 7144 7139 7145
f 7155 7139 7145
f 7164 7139 7155
f 7171 7139 7164
f 7173 7139 7171
f 7165 7139 7173
f 7156 7139 7165
f 7146 7139 7156
f 7140 7139 7146
f 7147 7140 7146
f 7148 7140 7147
f 7148 7140 7149
f 7149 7140 7150
f 7150 7140 7141
f 7150 7141 7142
f 7150 7142 7151
f 7151 7142 7152
f 7152 7142 7153
f 7153 7142 7143
f 7153 7143 7154
f 7154 7143 7144
f 7155 7144 7145
f 7154 7144 7155
f 7147 7146 7156
f 7165 7147 7156
f 7174 7147 7165
f 7175 7147 7174
f 7172 7147 7175
f 7169 7147 7172
f 7168 7147 7169
f 7166 7147 7168
f 7160 7147 7166
f 7159 7147 7160
f 7158 7147 7159
f 7157 7147 7158
f 7149 7147 7157
f 7148 7147 7149
f 7157 7149 7150
f 7157 7150 7158
f 7158 7150 7151
f 7158 7151 7159
f 7159 7151 7160
f 7160 7151 7161
f 7161 7151 7152
f 7161 7152 7162
f 7162 7152 7153
f 7162 7153 7163
f 7163 7153 7154
f 7163 7154 7155
f 7163 7155 7164
f 7166 7160 7162
f 7162 7160 7161
f 7167 7162 7163
f 7166 7162 7168
f 7168 7162 7169
f 7169 7162 7167
f 7170 7163 7171
f 7171 7163 7164
f 7167 7163 7169
f 7169 7163 7172
f 7172 7163 7170
f 7173 7165 7174
f 7173 7170 7171
f 7172 7170 7173
f 7175 7172 7173
f 7175 7173 7174
f 7177 7176 7178
f 7178 7176 7186
f 7186 7176 7198
f 7198 7176 7210
f 7210 7176 7227
f 7227 7176 7249
f 7249 7176 7278
f 7278 7176 7307
f 7307 7176 7326
f 7326 7176 7343
f 7343 7176 7369
f 7369 7176 7345
f 7345 7176 7328
f 7328 7176 7315
f 7315 7176 7291
f 7291 7176 7258
f 7258 7176 7232
f 7232 7176 7215
f 7215 7176 7202
f 7202 7176 7189
f 7189 7176 7185
f 7185 7176 7179
f 7179 7176 7177
f 7180 7177 7181
f 7181 7177 7182
f 7182 7177 7183
f 7183 7177 7184
f 7184 7177 7178
f 7179 7177 7185
f 7185 7177 7180
f 7184 7178 7186
f 7187 7180 7188
f 7188 7180 7181
f 7185 7180 7189
f 7189 7180 7187
f 7188 7181 7190
f 7190 7181 7191
f 7191 7181 7192
f 7192 7181 7182
f 7192 7182 7183
f 7193 7183 7184
f 7192 7183 7191
f 7191 7183 7194
f 7194 7183 7195
f 7195 7183 7193
f 7193 7184 7196
f 7196 7184 7197
f 7197 7184 7186
f 7197 7186 7198
f 7199 7187 7188
f 7189 7187 7202
f 7202 7187 7216
f 7216 7187 7233
f 7233 7187 7260
f 7260 7187 7293
f 7293 7187 7320
f 7320 7187 7339
f 7339 7187 7358
f 7358 7187 7357
f 7357 7187 7384
f 7384 7187 7401
f 7401 7187 7402
f 7402 7187 7419
f 7419 7187 7427
f 7427 7187 7426
f 7426 7187 7425
f 7425 7187 7424
f 7424 7187 7423
f 7423 7187 7422
f 7422 7187 7448
f 7448 7187 7464
f 7464 7187 7466
f 7466 7187 7465
f 7465 7187 7449
f 7449 7187 7428
f 7428 7187 7404
f 7404 7187 7387
f 7387 7187 7359
f 7359 7187 7344
f 7344 7187 7327
f 7327 7187 7310
f 7310 7187 7309
f 7309 7187 7312
f 7312 7187 7308
f 7308 7187 7279
f 7279 7187 7250
f 7250 7187 7229
f 7229 7187 7228
f 7228 7187 7213
f 7213 7187 7212
f 7212 7187 7211
f 7211 7187 7199
f 7199 7188 7200
f 7200 7188 7201
f 7201 7188 7190
f 7201 7190 7191
f 7201 7191 7203
f 7203 7191 7204
f 7204 7191 7194
f 7205 7193 7196
f 7195 7193 7206
f 7206 7193 7205
f 7207 7194 7195
f 7204 7194 7207
f 7207 7195 7206
f 7205 7196 7208
f 7208 7196 7209
f 7209 7196 7197
f 7209 7197 7210
f 7210 7197 7198
f 7211 7199 7200
f 7211 7200 7212
f 7212 7200 7213
f 7213 7200 7214
f 7214 7200 7201
f 7214 7201 7203
f 7215 7202 7216
f 7214 7203 7217
f 7217 7203 7218
f 7218 7203 7219
f 7219 7203 7204
f 7220 7204 7207
f 7219 7204 7221
f 7221 7204 7220
f 7222 7205 7208
f 7206 7205 7223
f 7223 7205 7224
f 7224 7205 7222
f 7207 7206 7223
f 7220 7207 7223
f 7222 7208 7225
f 7225 7208 7226
f 7226 7208 7209
f 7226 7209 7227
f 7227 7209 7210
f 7228 7213 7214
f 7228 7214 7229
f 7229 7214 7230
f 7230 7214 7231
f 7231 7214 7217
f 7232 7215 7216
f 7232 7216 7233
f 7231 7217 7218
f 7234 7218 7235
f 7235 7218 7219
f 7231 7218 7236
f 7236 7218 7237
f 7237 7218 7238
f 7238 7218 7239
f 7239 7218 7240
f 7240 7218 7234
f 7235 7219 7221
f 7221 7220 7241
f 7241 7220 7223
f 7235 7221 7241
f 7242 7222 7225
f 7224 7222 7243
f 7243 7222 7242
f 7244 7223 7224
f 7241 7223 7245
f 7245 7223 7244
f 7244 7224 7243
f 7246 7225 7247
f 7247 7225 7248
f 7248 7225 7226
f 7242 7225 7246
f 7248 7226 7249
f 7249 7226 7227
f 7250 7229 7251
f 7251 7229 7252
f 7252 7229 7230
f 7252 7230 7253
f 7253 7230 7231
f 7253 7231 7254
f 7254 7231 7255
f 7255 7231 7256
f 7256 7231 7257
f 7257 7231 7236
f 7258 7232 7259
f 7259 7232 7260
f 7260 7232 7233
f 7240 7234 7261
f 7261 7234 7262
f 7262 7234 7235
f 7262 7235 7263
f 7263 7235 7264
f 7264 7235 7265
f 7265 7235 7241
f 7257 7236 7266
f 7266 7236 7237
f 7266 7237 7255
f 7255 7237 7254
f 7254 7237 7288
f 7288 7237 7313
f 7313 7237 7314
f 7314 7237 7283
f 7283 7237 7311
f 7311 7237 7310
f 7310 7237 7327
f 7327 7237 7340
f 7340 7237 7324
f 7324 7237 7323
f 7323 7237 7321
f 7321 7237 7294
f 7294 7237 7267
f 7267 7237 7238
f 7267 7238 7261
f 7261 7238 7239
f 7261 7239 7240
f 7268 7241 7245
f 7265 7241 7269
f 7269 7241 7268
f 7243 7242 7270
f 7270 7242 7271
f 7271 7242 7246
f 7272 7243 7270
f 7244 7243 7273
f 7273 7243 7274
f 7274 7243 7275
f 7275 7243 7272
f 7245 7244 7273
f 7268 7245 7273
f 7271 7246 7276
f 7276 7246 7277
f 7277 7246 7247
f 7277 7247 7278
f 7278 7247 7249
f 7249 7247 7248
f 7279 7250 7280
f 7280 7250 7281
f 7281 7250 7251
f 7282 7251 7252
f 7281 7251 7283
f 7283 7251 7284
f 7284 7251 7285
f 7285 7251 7286
f 7286 7251 7287
f 7287 7251 7282
f 7282 7252 7288
f 7288 7252 7289
f 7289 7252 7290
f 7290 7252 7253
f 7290 7253 7254
f 7290 7254 7289
f 7289 7254 7288
f 7266 7255 7256
f 7266 7256 7257
f 7291 7258 7292
f 7292 7258 7259
f 7292 7259 7293
f 7293 7259 7260
f 7267 7261 7294
f 7294 7261 7295
f 7295 7261 7262
f 7295 7262 7263
f 7295 7263 7296
f 7296 7263 7264
f 7296 7264 7265
f 7296 7265 7269
f 7269 7268 7297
f 7297 7268 7298
f 7298 7268 7299
f 7299 7268 7273
f 7300 7269 7297
f 7296 7269 7301
f 7301 7269 7302
f 7302 7269 7303
f 7303 7269 7300
f 7272 7270 7275
f 7275 7270 7304
f 7304 7270 7305
f 7305 7270 7299
f 7299 7270 7298
f 7298 7270 7297
f 7297 7270 7300
f 7300 7270 7303
f 7303 7270 7302
f 7302 7270 7322
f 7322 7270 7324
f 7324 7270 7340
f 7340 7270 7363
f 7363 7270 7388
f 7388 7270 7408
f 7408 7270 7436
f 7436 7270 7457
f 7457 7270 7456
f 7456 7270 7455
f 7455 7270 7468
f 7468 7270 7469
f 7469 7270 7458
f 7458 7270 7438
f 7438 7270 7410
f 7410 7270 7409
f 7409 7270 7392
f 7392 7270 7391
f 7391 7270 7390
f 7390 7270 7376
f 7376 7270 7375
f 7375 7270 7374
f 7374 7270 7389
f 7389 7270 7372
f 7372 7270 7347
f 7347 7270 7371
f 7371 7270 7370
f 7370 7270 7368
f 7368 7270 7367
f 7367 7270 7366
f 7366 7270 7365
f 7365 7270 7364
f 7364 7270 7342
f 7342 7270 7341
f 7341 7270 7325
f 7325 7270 7306
f 7306 7270 7277
f 7277 7270 7276
f 7276 7270 7271
f 7304 7273 7274
f 7299 7273 7305
f 7305 7273 7304
f 7304 7274 7275
f 7306 7277 7307
f 7307 7277 7278
f 7308 7279 7280
f 7309 7280 7310
f 7310 7280 7311
f 7311 7280 7283
f 7283 7280 7281
f 7308 7280 7312
f 7312 7280 7309
f 7287 7282 7313
f 7313 7282 7288
f 7314 7283 7284
f 7314 7284 7285
f 7314 7285 7313
f 7313 7285 7286
f 7313 7286 7287
f 7315 7291 7316
f 7316 7291 7317
f 7317 7291 7318
f 7318 7291 7292
f 7318 7292 7319
f 7319 7292 7293
f 7319 7293 7320
f 7321 7294 7295
f 7322 7295 7302
f 7302 7295 7301
f 7301 7295 7296
f 7321 7295 7323
f 7323 7295 7324
f 7324 7295 7322
f 7325 7306 7307
f 7325 7307 7326
f 7328 7315 7329
f 7329 7315 7330
f 7330 7315 7331
f 7331 7315 7316
f 7331 7316 7332
f 7332 7316 7333
f 7333 7316 7334
f 7334 7316 7335
f 7335 7316 7336
f 7336 7316 7317
f 7336 7317 7318
f 7336 7318 7337
f 7337 7318 7319
f 7337 7319 7338
f 7338 7319 7339
f 7339 7319 7320
f 7341 7325 7326
f 7341 7326 7342
f 7342 7326 7343
f 7344 7327 7340
f 7345 7328 7329
f 7345 7329 7346
f 7346 7329 7347
f 7347 7329 7348
f 7348 7329 7349
f 7349 7329 7330
f 7349 7330 7331
f 7349 7331 7350
f 7350 7331 7332
f 7350 7332 7351
f 7351 7332 7352
f 7352 7332 7333
f 7352 7333 7334
f 7352 7334 7353
f 7353 7334 7354
f 7354 7334 7335
f 7355 7335 7336
f 7354 7335 7355
f 7355 7336 7337
f 7355 7337 7338
f 7355 7338 7356
f 7356 7338 7357
f 7357 7338 7358
f 7358 7338 7339
f 7344 7340 7359
f 7359 7340 7360
f 7361 7340 7360
f 7362 7340 7361
f 7363 7340 7362
f 7364 7342 7343
f 7364 7343 7365
f 7365 7343 7366
f 7366 7343 7367
f 7367 7343 7368
f 7368 7343 7369
f 7368 7345 7370
f 7370 7345 7371
f 7371 7345 7346
f 7369 7345 7368
f 7371 7346 7347
f 7372 7347 7348
f 7372 7348 7349
f 7372 7349 7350
f 7372 7350 7373
f 7373 7350 7351
f 7374 7351 7375
f 7375 7351 7376
f 7376 7351 7377
f 7377 7351 7352
f 7373 7351 7374
f 7377 7352 7353
f 7377 7353 7378
f 7378 7353 7379
f 7379 7353 7380
f 7380 7353 7354
f 7380 7354 7381
f 7381 7354 7382
f 7382 7354 7355
f 7382 7355 7383
f 7383 7355 7356
f 7384 7356 7357
f 7383 7356 7385
f 7385 7356 7386
f 7386 7356 7384
f 7406 7359 7387
f 7437 7359 7406
f 7407 7359 7437
f 7388 7359 7407
f 7363 7359 7388
f 7362 7359 7363
f 7361 7359 7362
f 7360 7359 7361
f 7389 7372 7373
f 7389 7373 7374
f 7390 7376 7377
f 7390 7377 7391
f 7391 7377 7392
f 7392 7377 7393
f 7393 7377 7378
f 7393 7378 7394
f 7394 7378 7379
f 7395 7379 7380
f 7394 7379 7396
f 7396 7379 7395
f 7395 7380 7381
f 7395 7381 7397
f 7397 7381 7398
f 7398 7381 7383
f 7383 7381 7382
f 7399 7383 7385
f 7398 7383 7400
f 7400 7383 7417
f 7417 7383 7399
f 7386 7384 7401
f 7399 7385 7386
f 7402 7386 7401
f 7399 7386 7403
f 7403 7386 7402
f 7404 7387 7405
f 7405 7387 7406
f 7407 7388 7405
f 7405 7388 7408
f 7409 7392 7393
f 7409 7393 7410
f 7410 7393 7411
f 7411 7393 7394
f 7411 7394 7396
f 7396 7395 7397
f 7411 7396 7412
f 7412 7396 7397
f 7412 7397 7413
f 7413 7397 7398
f 7413 7398 7414
f 7414 7398 7415
f 7415 7398 7416
f 7416 7398 7400
f 7417 7399 7403
f 7416 7400 7415
f 7415 7400 7418
f 7418 7400 7417
f 7403 7402 7419
f 7417 7403 7420
f 7420 7403 7418
f 7418 7403 7421
f 7421 7403 7422
f 7422 7403 7423
f 7423 7403 7424
f 7424 7403 7425
f 7425 7403 7426
f 7426 7403 7427
f 7427 7403 7419
f 7428 7404 7429
f 7429 7404 7430
f 7430 7404 7405
f 7430 7405 7431
f 7431 7405 7432
f 7432 7405 7433
f 7433 7405 7434
f 7434 7405 7435
f 7435 7405 7436
f 7436 7405 7408
f 7407 7405 7437
f 7437 7405 7406
f 7438 7410 7439
f 7439 7410 7411
f 7440 7411 7412
f 7439 7411 7440
f 7440 7412 7441
f 7441 7412 7442
f 7442 7412 7413
f 7442 7413 7414
f 7442 7414 7443
f 7443 7414 7444
f 7444 7414 7415
f 7444 7415 7445
f 7445 7415 7418
f 7418 7417 7420
f 7445 7418 7421
f 7445 7421 7446
f 7446 7421 7447
f 7447 7421 7422
f 7447 7422 7448
f 7449 7428 7450
f 7450 7428 7429
f 7450 7429 7451
f 7451 7429 7430
f 7451 7430 7431
f 7451 7431 7432
f 7452 7432 7453
f 7453 7432 7454
f 7454 7432 7433
f 7451 7432 7452
f 7454 7433 7455
f 7455 7433 7434
f 7455 7434 7435
f 7455 7435 7456
f 7456 7435 7457
f 7457 7435 7436
f 7458 7438 7439
f 7458 7439 7441
f 7441 7439 7440
f 7458 7441 7443
f 7443 7441 7442
f 7458 7443 7459
f 7459 7443 7460
f 7460 7443 7444
f 7460 7444 7445
f 7460 7445 7446
f 7460 7446 7461
f 7461 7446 7462
f 7462 7446 7463
f 7463 7446 7447
f 7463 7447 7448
f 7463 7448 7464
f 7465 7449 7450
f 7465 7450 7452
f 7452 7450 7451
f 7466 7452 7467
f 7467 7452 7453
f 7465 7452 7466
f 7467 7453 7462
f 7462 7453 7461
f 7461 7453 7454
f 7468 7454 7455
f 7461 7454 7468
f 7469 7458 7459
f 7469 7459 7460
f 7469 7460 7461
f 7469 7461 7468
f 7467 7462 7463
f 7467 7463 7466
f 7466 7463 7464
f 7474 7470 7471
f 7472 7470 7474
f 7476 7470 7472
f 7482 7470 7476
f 7483 7470 7482
f 7477 7470 7483
f 7473 7470 7477
f 7473 7470 7478
f 7478 7470 7475
f 7475 7470 7471
f 7475 7471 7480
f 7480 7471 7479
f 7479 7471 7474
f 7479 7472 7474
f 7484 7472 7479
f 7496 7472 7484
f 7495 7472 7496
f 7494 7472 7495
f 7493 7472 7494
f 7492 7472 7493
f 7491 7472 7492
f 7490 7472 7491
f 7489 7472 7490
f 7488 7472 7489
f 7487 7472 7488
f 7486 7472 7487
f 7485 7472 7486
f 7481 7472 7485
f 7476 7472 7481
f 7477 7473 7478
f 7478 7475 7480
f 7481 7476 7480
f 7480 7476 7478
f 7478 7476 7482
f 7483 7477 7478
f 7483 7478 7482
f 7484 7479 7480
f 7481 7480 7485
f 7486 7480 7485
f 7487 7480 7486
f 7488 7480 7487
f 7489 7480 7488
f 7490 7480 7489
f 7491 7480 7490
f 7492 7480 7491
f 7493 7480 7492
f 7494 7480 7493
f 7495 7480 7494
f 7496 7480 7495
f 7484 7480 7496
f 7503 7497 7498
f 7511 7497 7503
f 7522 7497 7511
f 7534 7497 7522
f 7523 7497 7534
f 7514 7497 7523
f 7505 7497 7514
f 7499 7497 7505
f 7499 7497 7500
f 7500 7497 7501
f 7501 7497 7502
f 7502 7497 7498
f 7502 7498 7504
f 7504 7498 7503
f 7505 7499 7506
f 7506 7499 7507
f 7507 7499 7500
f 7507 7500 7501
f 7508 7501 7502
f 7507 7501 7509
f 7509 7501 7510
f 7510 7501 7508
f 7508 7502 7504
f 7504 7503 7512
f 7512 7503 7511
f 7508 7504 7513
f 7513 7504 7512
f 7514 7505 7515
f 7515 7505 7516
f 7516 7505 7506
f 7516 7506 7517
f 7517 7506 7507
f 7517 7507 7509
f 7510 7508 7518
f 7518 7508 7513
f 7517 7509 7519
f 7519 7509 7520
f 7520 7509 7510
f 7520 7510 7521
f 7521 7510 7518
f 7512 7511 7513
f 7513 7511 7518
f 7518 7511 7521
f 7521 7511 7532
f 7532 7511 7531
f 7531 7511 7542
f 7542 7511 7560
f 7560 7511 7579
f 7579 7511 7581
f 7581 7511 7565
f 7565 7511 7545
f 7545 7511 7533
f 7533 7511 7522
f 7523 7514 7524
f 7524 7514 7525
f 7525 7514 7515
f 7525 7515 7526
f 7526 7515 7527
f 7527 7515 7516
f 7527 7516 7517
f 7527 7517 7528
f 7528 7517 7519
f 7528 7519 7529
f 7529 7519 7530
f 7530 7519 7520
f 7530 7520 7531
f 7531 7520 7532
f 7532 7520 7521
f 7544 7522 7533
f 7564 7522 7544
f 7563 7522 7564
f 7562 7522 7563
f 7546 7522 7562
f 7534 7522 7546
f 7534 7523 7546
f 7546 7523 7543
f 7543 7523 7561
f 7561 7523 7580
f 7580 7523 7568
f 7568 7523 7567
f 7567 7523 7566
f 7566 7523 7548
f 7548 7523 7547
f 7547 7523 7535
f 7535 7523 7525
f 7525 7523 7524
f 7535 7525 7536
f 7536 7525 7537
f 7537 7525 7526
f 7538 7526 7527
f 7537 7526 7538
f 7538 7527 7528
f 7538 7528 7539
f 7539 7528 7529
f 7539 7529 7540
f 7540 7529 7541
f 7541 7529 7530
f 7541 7530 7531
f 7541 7531 7542
f 7544 7533 7543
f 7543 7533 7545
f 7547 7535 7536
f 7547 7536 7548
f 7548 7536 7549
f 7549 7536 7537
f 7549 7537 7550
f 7550 7537 7551
f 7551 7537 7552
f 7552 7537 7553
f 7553 7537 7554
f 7554 7537 7555
f 7555 7537 7538
f 7555 7538 7539
f 7555 7539 7553
f 7553 7539 7556
f 7556 7539 7540
f 7556 7540 7557
f 7557 7540 7558
f 7558 7540 7559
f 7559 7540 7541
f 7559 7541 7542
f 7559 7542 7560
f 7562 7543 7546
f 7563 7543 7562
f 7564 7543 7563
f 7544 7543 7564
f 7545 7543 7565
f 7565 7543 7583
f 7583 7543 7585
f 7585 7543 7584
f 7584 7543 7572
f 7572 7543 7571
f 7571 7543 7561
f 7566 7548 7549
f 7566 7549 7567
f 7567 7549 7568
f 7568 7549 7569
f 7569 7549 7550
f 7569 7550 7570
f 7570 7550 7571
f 7571 7550 7572
f 7572 7550 7573
f 7573 7550 7551
f 7573 7551 7574
f 7574 7551 7575
f 7575 7551 7576
f 7576 7551 7553
f 7553 7551 7552
f 7576 7553 7557
f 7557 7553 7556
f 7555 7553 7554
f 7576 7557 7577
f 7577 7557 7558
f 7577 7558 7578
f 7578 7558 7559
f 7578 7559 7560
f 7578 7560 7579
f 7571 7561 7580
f 7581 7565 7582
f 7582 7565 7583
f 7580 7568 7570
f 7570 7568 7569
f 7580 7570 7571
f 7584 7572 7573
f 7584 7573 7574
f 7585 7574 7586
f 7586 7574 7575
f 7584 7574 7585
f 7586 7575 7577
f 7577 7575 7576
f 7586 7577 7582
f 7582 7577 7578
f 7582 7578 7579
f 7582 7579 7581
f 7586 7582 7583
f 7586 7583 7585
f 7588 7587 7589
f 7589 7587 7590
f 7590 7587 7591
f 7591 7587 7592
f 7592 7587 7601
f 7601 7587 7608
f 7608 7587 7614
f 7614 7587 7619
f 7619 7587 7639
f 7639 7587 7659
f 7659 7587 7672
f 7672 7587 7671
f 7671 7587 7670
f 7670 7587 7662
f 7662 7587 7660
f 7660 7587 7640
f 7640 7587 7620
f 7620 7587 7615
f 7615 7587 7609
f 7609 7587 7602
f 7602 7587 7593
f 7593 7587 7588
f 7593 7588 7589
f 7594 7589 7590
f 7595 7589 7593
f 7596 7589 7595
f 7596 7589 7594
f 7594 7590 7597
f 7597 7590 7591
f 7597 7591 7598
f 7598 7591 7599
f 7599 7591 7600
f 7600 7591 7601
f 7601 7591 7592
f 7603 7593 7602
f 7595 7593 7603
f 7595 7594 7596
f 7603 7594 7595
f 7602 7594 7603
f 7609 7594 7602
f 7616 7594 7609
f 7622 7594 7616
f 7643 7594 7622
f 7666 7594 7643
f 7674 7594 7666
f 7673 7594 7674
f 7667 7594 7673
f 7646 7594 7667
f 7645 7594 7646
f 7623 7594 7645
f 7617 7594 7623
f 7610 7594 7617
f 7604 7594 7610
f 7598 7594 7604
f 7597 7594 7598
f 7604 7598 7605
f 7605 7598 7599
f 7605 7599 7606
f 7606 7599 7607
f 7607 7599 7600
f 7607 7600 7601
f 7607 7601 7608
f 7610 7604 7605
f 7610 7605 7617
f 7617 7605 7624
f 7624 7605 7625
f 7625 7605 7618
f 7618 7605 7612
f 7612 7605 7611
f 7611 7605 7607
f 7607 7605 7606
f 7611 7607 7608
f 7611 7608 7612
f 7612 7608 7613
f 7613 7608 7614
f 7615 7609 7616
f 7618 7612 7636
f 7636 7612 7655
f 7655 7612 7637
f 7637 7612 7619
f 7619 7612 7614
f 7614 7612 7613
f 7620 7615 7621
f 7621 7615 7616
f 7621 7616 7622
f 7623 7617 7624
f 7625 7618 7626
f 7626 7618 7627
f 7627 7618 7628
f 7628 7618 7629
f 7629 7618 7630
f 7630 7618 7631
f 7631 7618 7632
f 7632 7618 7633
f 7633 7618 7634
f 7634 7618 7635
f 7635 7618 7636
f 7637 7619 7638
f 7638 7619 7639
f 7640 7620 7621
f 7640 7621 7641
f 7641 7621 7642
f 7642 7621 7622
f 7642 7622 7643
f 7644 7623 7624
f 7645 7623 7644
f 7644 7624 7625
f 7644 7625 7626
f 7644 7626 7646
f 7646 7626 7647
f 7647 7626 7648
f 7648 7626 7627
f 7648 7627 7628
f 7648 7628 7629
f 7648 7629 7649
f 7649 7629 7664
f 7664 7629 7650
f 7650 7629 7651
f 7651 7629 7630
f 7651 7630 7631
f 7651 7631 7632
f 7652 7632 7653
f 7653 7632 7633
f 7651 7632 7650
f 7650 7632 7654
f 7654 7632 7652
f 7653 7633 7634
f 7653 7634 7635
f 7638 7635 7655
f 7655 7635 7636
f 7653 7635 7656
f 7656 7635 7638
f 7655 7637 7638
f 7656 7638 7653
f 7653 7638 7657
f 7657 7638 7658
f 7658 7638 7639
f 7658 7639 7659
f 7660 7640 7641
f 7661 7641 7642
f 7660 7641 7662
f 7662 7641 7663
f 7663 7641 7661
f 7664 7642 7665
f 7665 7642 7666
f 7666 7642 7643
f 7661 7642 7664
f 7645 7644 7646
f 7667 7646 7668
f 7668 7646 7647
f 7668 7647 7648
f 7668 7648 7649
f 7668 7649 7664
f 7661 7650 7654
f 7664 7650 7661
f 7654 7652 7663
f 7663 7652 7669
f 7669 7652 7653
f 7669 7653 7657
f 7661 7654 7663
f 7669 7657 7670
f 7670 7657 7671
f 7671 7657 7672
f 7672 7657 7659
f 7659 7657 7658
f 7670 7662 7663
f 7670 7663 7669
f 7668 7664 7665
f 7668 7665 7667
f 7667 7665 7673
f 7673 7665 7674
f 7674 7665 7666
f 7676 7675 7689
f 7689 7675 7694
f 7694 7675 7700
f 7700 7675 7711
f 7711 7675 7710
f 7710 7675 7709
f 7709 7675 7708
f 7708 7675 7707
f 7707 7675 7706
f 7706 7675 7703
f 7703 7675 7701
f 7701 7675 7695
f 7695 7675 7690
f 7690 7675 7677
f 7677 7675 7678
f 7678 7675 7679
f 7679 7675 7680
f 7680 7675 7681
f 7681 7675 7682
f 7682 7675 7683
f 7683 7675 7684
f 7684 7675 7685
f 7685 7675 7686
f 7686 7675 7687
f 7687 7675 7688
f 7688 7675 7676
f 7688 7676 7689
f 7690 7677 7678
f 7696 7678 7691
f 7698 7678 7696
f 7693 7678 7698
f 7688 7678 7693
f 7687 7678 7688
f 7686 7678 7687
f 7685 7678 7686
f 7684 7678 7685
f 7683 7678 7684
f 7682 7678 7683
f 7681 7678 7682
f 7680 7678 7681
f 7679 7678 7680
f 7690 7678 7691
f 7692 7688 7689
f 7699 7688 7693
f 7710 7688 7699
f 7711 7688 7710
f 7702 7688 7711
f 7697 7688 7702
f 7692 7688 7697
f 7692 7689 7694
f 7691 7690 7695
f 7696 7691 7695
f 7697 7692 7694
f 7704 7693 7698
f 7714 7693 7704
f 7713 7693 7714
f 7712 7693 7713
f 7705 7693 7712
f 7699 7693 7705
f 7697 7694 7700
f 7698 7695 7701
f 7696 7695 7698
f 7702 7697 7700
f 7703 7698 7701
f 7704 7698 7703
f 7703 7699 7705
f 7706 7699 7703
f 7707 7699 7706
f 7708 7699 7707
f 7709 7699 7708
f 7710 7699 7709
f 7702 7700 7711
f 7712 7703 7705
f 7713 7703 7712
f 7714 7703 7713
f 7704 7703 7714
f 7716 7715 7717
f 7722 7715 7717
f 7729 7715 7722
f 7743 7715 7729
f 7734 7715 7743
f 7724 7715 7734
f 7718 7715 7724
f 7723 7715 7718
f 7733 7715 7723
f 7747 7715 7733
f 7744 7715 7747
f 7730 7715 7744
f 7725 7715 7730
f 7720 7715 7725
f 7716 7715 7720
f 7719 7716 7717
f 7720 7716 7721
f 7721 7716 7719
f 7719 7717 7722
f 7735 7718 7724
f 7748 7718 7735
f 7749 7718 7748
f 7751 7718 7749
f 7745 7718 7751
f 7732 7718 7745
f 7723 7718 7732
f 7721 7719 7722
f 7725 7720 7726
f 7726 7720 7721
f 7727 7721 7728
f 7728 7721 7729
f 7729 7721 7722
f 7726 7721 7730
f 7730 7721 7731
f 7731 7721 7727
f 7732 7723 7733
f 7734 7724 7742
f 7742 7724 7741
f 7741 7724 7750
f 7750 7724 7739
f 7739 7724 7735
f 7730 7725 7726
f 7731 7727 7736
f 7736 7727 7737
f 7737 7727 7738
f 7738 7727 7739
f 7739 7727 7740
f 7740 7727 7728
f 7740 7728 7741
f 7741 7728 7742
f 7742 7728 7743
f 7743 7728 7729
f 7744 7730 7731
f 7744 7731 7736
f 7745 7732 7746
f 7746 7732 7733
f 7746 7733 7736
f 7736 7733 7747
f 7743 7734 7742
f 7739 7735 7748
f 7746 7736 7737
f 7744 7736 7747
f 7749 7737 7738
f 7746 7737 7749
f 7749 7738 7748
f 7748 7738 7739
f 7750 7739 7740
f 7750 7740 7741
f 7751 7745 7746
f 7751 7746 7749
f 7753 7752 7754
f 7759 7752 7754
f 7765 7752 7759
f 7777 7752 7765
f 7776 7752 7777
f 7788 7752 7776
f 7810 7752 7788
f 7834 7752 7810
f 7814 7752 7834
f 7794 7752 7814
f 7781 7752 7794
f 7768 7752 7781
f 7761 7752 7768
f 7755 7752 7761
f 7760 7752 7755
f 7767 7752 7760
f 7780 7752 7767
f 7793 7752 7780
f 7813 7752 7793
f 7839 7752 7813
f 7856 7752 7839
f 7863 7752 7856
f 7862 7752 7863
f 7865 7752 7862
f 7864 7752 7865
f 7859 7752 7864
f 7858 7752 7859
f 7847 7752 7858
f 7828 7752 7847
f 7806 7752 7828
f 7805 7752 7806
f 7789 7752 7805
f 7774 7752 7789
f 7770 7752 7774
f 7762 7752 7770
f 7756 7752 7762
f 7753 7752 7756
f 7756 7753 7757
f 7757 7753 7758
f 7758 7753 7754
f 7758 7754 7759
f 7769 7755 7761
f 7782 7755 7769
f 7799 7755 7782
f 7792 7755 7799
f 7779 7755 7792
f 7778 7755 7779
f 7766 7755 7778
f 7760 7755 7766
f 7762 7756 7757
f 7762 7757 7763
f 7763 7757 7764
f 7764 7757 7765
f 7765 7757 7758
f 7765 7758 7759
f 7767 7760 7766
f 7769 7761 7768
f 7770 7762 7763
f 7771 7763 7772
f 7772 7763 7773
f 7773 7763 7764
f 7770 7763 7774
f 7774 7763 7775
f 7775 7763 7771
f 7776 7764 7777
f 7777 7764 7765
f 7773 7764 7772
f 7772 7764 7776
f 7767 7766 7778
f 7779 7767 7778
f 7780 7767 7779
f 7781 7768 7796
f 7796 7768 7816
f 7816 7768 7827
f 7827 7768 7826
f 7826 7768 7846
f 7846 7768 7840
f 7840 7768 7820
f 7820 7768 7819
f 7819 7768 7818
f 7818 7768 7800
f 7800 7768 7782
f 7782 7768 7769
f 7783 7771 7784
f 7784 7771 7785
f 7785 7771 7772
f 7775 7771 7786
f 7786 7771 7787
f 7787 7771 7783
f 7785 7772 7788
f 7788 7772 7776
f 7789 7774 7775
f 7789 7775 7786
f 7790 7779 7811
f 7811 7779 7791
f 7791 7779 7780
f 7792 7779 7790
f 7791 7780 7793
f 7794 7781 7795
f 7795 7781 7796
f 7797 7782 7798
f 7798 7782 7790
f 7790 7782 7799
f 7800 7782 7797
f 7787 7783 7801
f 7801 7783 7784
f 7802 7784 7803
f 7803 7784 7785
f 7801 7784 7802
f 7803 7785 7804
f 7804 7785 7788
f 7789 7786 7805
f 7805 7786 7806
f 7806 7786 7807
f 7807 7786 7808
f 7808 7786 7801
f 7801 7786 7809
f 7809 7786 7787
f 7809 7787 7801
f 7804 7788 7810
f 7792 7790 7799
f 7798 7790 7811
f 7811 7791 7793
f 7811 7793 7812
f 7812 7793 7813
f 7814 7794 7815
f 7815 7794 7795
f 7815 7795 7802
f 7802 7795 7816
f 7816 7795 7796
f 7817 7797 7811
f 7811 7797 7798
f 7800 7797 7818
f 7818 7797 7819
f 7819 7797 7820
f 7820 7797 7817
f 7821 7801 7822
f 7822 7801 7823
f 7823 7801 7824
f 7824 7801 7825
f 7825 7801 7826
f 7826 7801 7802
f 7808 7801 7807
f 7807 7801 7821
f 7826 7802 7827
f 7827 7802 7816
f 7815 7802 7803
f 7815 7803 7804
f 7815 7804 7810
f 7828 7806 7807
f 7828 7807 7829
f 7829 7807 7830
f 7830 7807 7831
f 7831 7807 7832
f 7832 7807 7833
f 7833 7807 7821
f 7815 7810 7834
f 7817 7811 7812
f 7817 7812 7835
f 7835 7812 7836
f 7836 7812 7837
f 7837 7812 7838
f 7838 7812 7813
f 7838 7813 7839
f 7834 7814 7815
f 7836 7817 7835
f 7820 7817 7836
f 7840 7820 7841
f 7841 7820 7842
f 7842 7820 7843
f 7843 7820 7844
f 7844 7820 7836
f 7823 7821 7822
f 7833 7821 7832
f 7832 7821 7831
f 7831 7821 7823
f 7841 7823 7825
f 7825 7823 7824
f 7831 7823 7845
f 7845 7823 7841
f 7841 7825 7826
f 7841 7826 7846
f 7847 7828 7829
f 7847 7829 7848
f 7848 7829 7830
f 7848 7830 7849
f 7849 7830 7831
f 7849 7831 7850
f 7850 7831 7843
f 7843 7831 7851
f 7851 7831 7845
f 7844 7836 7843
f 7843 7836 7852
f 7852 7836 7838
f 7838 7836 7837
f 7852 7838 7853
f 7853 7838 7854
f 7854 7838 7855
f 7855 7838 7856
f 7856 7838 7839
f 7846 7840 7841
f 7845 7841 7842
f 7845 7842 7843
f 7857 7843 7854
f 7854 7843 7853
f 7853 7843 7852
f 7845 7843 7851
f 7850 7843 7857
f 7858 7847 7848
f 7858 7848 7859
f 7859 7848 7860
f 7860 7848 7849
f 7860 7849 7850
f 7860 7850 7857
f 7857 7854 7860
f 7860 7854 7861
f 7861 7854 7862
f 7862 7854 7863
f 7863 7854 7855
f 7863 7855 7856
f 7864 7859 7860
f 7865 7860 7861
f 7864 7860 7865
f 7865 7861 7862

