# https://github.com/mikedh/trimesh
mtllib material.mtl
usemtl material_0
v -0.10250967 0.00438904 0.00809570
v -0.10248709 0.00444848 0.00153889
v -0.10250292 -0.00158697 0.00036758
v -0.10250063 -0.00159636 0.00730402
v -0.10247172 -0.00489313 0.00240594
v -0.10249547 -0.00471823 0.00694912
v -0.10251521 -0.00238764 0.00924615
v -0.10253443 -0.00104146 0.00961493
v -0.10249359 -0.00560385 0.00040580
v -0.10250029 -0.00335590 -0.00202192
v -0.10251169 0.00322569 0.00925612
v -0.10248273 0.00062246 -0.00386632
v -0.10251115 0.00505538 -0.00183662
v -0.10249717 0.00707044 0.00117091
v -0.10249942 0.00707658 0.00414097
v -0.10251510 -0.00542344 0.00607801
v -0.10248026 -0.00622448 0.00399834
v -0.10248163 0.00594275 0.00703157
v -0.10245154 -0.00226574 -0.00375984
v -0.10246205 -0.00523357 -0.00115235
v -0.10243588 0.00275569 -0.00384736
v -0.10245407 -0.00616485 0.00127381
v -0.10241837 -0.00431890 -0.00251521
v -0.10246895 0.00485700 0.00814183
v -0.10244458 0.00697679 0.00018162
v -0.10244547 0.00134011 0.01007095
v -0.10237603 -0.00088175 -0.00452901
v -0.10238391 0.00082983 -0.00454059
v -0.10240672 0.00494912 -0.00258345
v -0.10240619 0.00685787 0.00587328
v -0.10244811 -0.00063268 0.01005908
v -0.10237776 0.00661467 -0.00083936
v -0.10241299 -0.00412183 0.00814351
v -0.10233603 0.00773198 0.00279370
v -0.10231082 -0.00246033 -0.00419467
v -0.10230622 -0.00602307 -0.00018205
v -0.10239610 -0.00607899 0.00517525
v -0.10230273 0.00360057 -0.00370185
v -0.10223579 -0.00567279 0.00647492
v -0.10225920 -0.00659953 0.00229528
v -0.10220133 0.00210543 -0.00453476
v -0.10223884 -0.00107750 0.01019737
v -0.10218251 0.00747799 0.00494995
v -0.10212680 0.00774225 0.00107525
v -0.10211519 -0.00407695 -0.00330143
v -0.10217459 -0.00477784 -0.00250699
v -0.10225022 -0.00256891 0.00959720
v -0.10208256 -0.00324898 -0.00400014
v -0.10213720 -0.00549949 -0.00158042
v -0.10225251 -0.00655103 0.00383993
v -0.10222210 0.00208840 0.01012226
v -0.10220621 0.00550768 0.00799087
v -0.10219968 0.00377277 0.00935524
v -0.10217920 0.00060500 -0.00479391
v -0.10215225 0.00701362 0.00620980
v -0.10222977 0.00045269 0.01032739
v -0.10216002 -0.00091578 -0.00477193
v -0.10204407 0.00794705 0.00340525
v -0.10213143 -0.00401889 0.00862348
v -0.10207992 0.00621979 -0.00172584
v -0.10206962 0.00710047 -0.00051186
v -0.10213863 -0.00623364 0.00003034
v -0.10212558 -0.00482629 0.00771759
v -0.10209487 0.00500140 -0.00289666
v -0.10189626 0.00776205 0.00459177
v -0.10180598 0.00607917 0.00770211
v -0.10208894 -0.00619931 0.00540314
v -0.10164720 0.00805744 0.00254533
v -0.10160706 0.00741596 0.00575229
v 0.00581234 0.00111707 0.00847199
v 0.00150047 0.00108977 0.00854283
v 0.00173069 0.00027176 0.00858093
v 0.00321302 0.00227090 0.00832542
v 0.00712555 0.00048928 0.00855289
v 0.00655742 0.00195631 0.00828435
v 0.01256848 0.00119472 0.00839328
v 0.01328275 0.00052118 0.00850753
v 0.01856719 0.00058431 0.00841701
v -0.00119239 0.00212400 0.00854348
v -0.00696252 0.00204274 0.00877169
v -0.00431721 0.00096366 0.00879329
v -0.00300183 0.00312237 0.00844925
v -0.00700737 0.00111261 0.00889523
v -0.01193447 0.00264422 0.00890116
v -0.01411034 0.00146883 0.00910332
v -0.01541777 0.00346968 0.00893564
v -0.01781443 0.00242473 0.00924355
v -0.01726232 0.00139523 0.00929919
v -0.02097586 0.00147531 0.00955318
v -0.01847390 0.00417375 0.00898625
v -0.00773941 0.00315243 0.00860124
v -0.02173399 0.00190168 0.00961568
v 0.00343024 0.00303391 0.00812856
v 0.00759388 0.00281598 0.00803383
v -0.02101731 0.00368524 0.00920473
v -0.02372367 0.00225321 0.00962151
v 0.02175836 0.00132270 0.00820069
v 0.02376869 0.00060875 0.00825772
v 0.02880164 0.00126774 0.00791047
v 0.02913224 0.00052364 0.00803206
v 0.03302636 0.00095651 0.00776337
v 0.03369350 0.00042345 0.00782723
v 0.03705991 0.00108185 0.00763333
v 0.03815911 0.00031064 0.00772540
v 0.03846374 0.00148569 0.00750878
v 0.01152705 0.00247892 0.00809427
v -0.01125333 0.00398455 0.00854286
v -0.00354145 0.00378539 0.00829576
v -0.02529950 0.00372913 0.00929159
v 0.03791909 0.00239971 0.00728956
v 0.01639716 0.00217052 0.00805685
v -0.01735709 0.00418654 0.00889857
v 0.03655895 0.00190647 0.00741786
v 0.03307791 0.00202023 0.00749106
v 0.02837951 0.00205252 0.00769653
v 0.02311822 0.00256857 0.00776267
v 0.01653579 0.00272485 0.00786698
v -0.02582070 0.00292571 0.00954882
v -0.02722233 0.00214436 0.00979127
v -0.02781719 0.00400809 0.00942623
v -0.02695603 0.00131424 0.00988695
v -0.03051053 0.00139181 0.01005911
v -0.03154727 0.00294689 0.00986839
v -0.02886013 0.00358648 0.00960745
v -0.03184110 0.00151802 0.01015441
v -0.03299332 0.00232312 0.01009411
v -0.03697430 0.00053242 0.01045436
v -0.03577946 0.00255500 0.01009244
v -0.04059971 0.00282369 0.01007915
v -0.04232909 0.00142006 0.01038364
v -0.04313212 0.00260894 0.01013018
v -0.04701805 0.00288303 0.01012979
v -0.04716807 0.00151015 0.01043038
v -0.05160250 0.00225718 0.01044211
v -0.05324586 0.00142909 0.01064796
v -0.05521242 0.00264026 0.01048377
v -0.05701844 0.00216150 0.01063606
v -0.06080271 0.00333840 0.01044221
v -0.06156890 0.00220920 0.01070024
v -0.06468173 0.00302669 0.01054965
v -0.05965196 0.00152215 0.01077732
v -0.06889209 0.00226121 0.01078832
v -0.07069799 0.00293040 0.01066072
v -0.07205911 0.00205172 0.01082668
v -0.07806785 0.00254657 0.01076979
v -0.07773755 0.00147603 0.01096141
v -0.07081825 0.00133090 0.01091408
v -0.06537375 0.00146925 0.01081629
v -0.07436802 0.00358251 0.01051966
v -0.04955832 0.00061101 0.01060182
v -0.05251494 0.00065129 0.01070061
v -0.04135075 0.00065244 0.01044586
v -0.05299502 0.00364741 0.01011158
v -0.05593337 0.00392344 0.01015246
v -0.03215788 0.00355831 0.00972114
v -0.05561839 0.00064919 0.01073468
v -0.07028114 0.00344078 0.01051033
v -0.06563831 0.00393793 0.01029500
v -0.06142496 0.00404567 0.01021939
v -0.07748702 0.00393720 0.01039214
v 0.00273993 0.00367184 0.00796342
v 0.00645754 0.00369827 0.00777271
v -0.03562139 0.00355996 0.00979319
v -0.03972100 0.00347805 0.00983032
v -0.02157787 0.00430786 0.00901819
v -0.02297632 0.00130989 0.00964182
v 0.01075398 0.00374084 0.00765353
v -0.07150688 0.00408171 0.01031653
v -0.04729476 0.00348974 0.00993080
v -0.04199055 0.00343781 0.00982086
v 0.03067647 0.00296623 0.00727700
v 0.03646402 0.00264633 0.00714800
v -0.07838149 0.00390976 0.01033442
v -0.01526289 0.00444247 0.00858142
v -0.07846207 0.00148488 0.01089093
v -0.06977615 0.00405809 0.01026692
v -0.00963818 0.00450339 0.00826081
v -0.07770937 0.00031203 0.01101142
v -0.07241639 0.00056832 0.01095944
v -0.06159233 0.00065923 0.01082577
v -0.06618965 0.00058703 0.01085490
v -0.02811495 0.00062596 0.00996800
v -0.03140132 0.00026529 0.01014363
v -0.03361204 0.00058699 0.01027166
v -0.00480133 0.00030688 0.00882966
v -0.01449502 0.00014308 0.00913976
v -0.01514243 0.00058086 0.00918472
v -0.07845196 0.00032258 0.01094510
v -0.01825197 0.00057265 0.00934005
v -0.07883147 0.00334872 0.01042658
v -0.00316698 0.00434397 0.00803718
v 0.00055532 0.00421072 0.00784488
v 0.01703035 0.00383338 0.00737549
v 0.02392554 0.00429330 0.00700387
v 0.02699050 0.00420551 0.00688958
v 0.03315595 0.00372574 0.00682108
v -0.03472947 0.00413660 0.00952404
v -0.02414286 0.00474674 0.00883422
v -0.02584868 0.00467727 0.00891382
v 0.01362878 -0.00021860 0.00847945
v -0.02488248 0.00069837 0.00967849
v 0.03636318 0.00374639 0.00663729
v -0.07767912 0.00422778 0.01024892
v -0.07491883 0.00562303 0.00959413
v -0.03846501 0.00410482 0.00950609
v 0.03827026 0.00344294 0.00677175
v -0.05154044 0.00442153 0.00963750
v -0.04706499 0.00423663 0.00955545
v -0.04174147 0.00420822 0.00941895
v 0.00940276 0.00440856 0.00734923
v 0.00505607 0.00428917 0.00753748
v -0.07119129 0.00549714 0.00958497
v -0.07815293 0.00554264 0.00955955
v -0.07020797 0.00527860 0.00964779
v -0.06640742 0.00542429 0.00950868
v 0.01735655 0.00437804 0.00708266
v 0.03875992 0.00097356 0.00770704
v 0.03872300 0.00002809 0.00778097
v 0.03875997 0.00244497 0.00727525
v 0.03876437 0.00369119 0.00673779
v -0.00315735 0.00483912 0.00775876
v 0.03828279 0.00417142 0.00635768
v -0.06221046 0.00540100 0.00945956
v -0.05705570 0.00522843 0.00941167
v -0.00965642 0.00512130 0.00789782
v -0.07873202 0.00522465 0.00961562
v 0.03619319 0.00422782 0.00635444
v -0.02956198 0.00527417 0.00862826
v -0.01538009 0.00541758 0.00797970
v -0.04289201 0.00506370 0.00888099
v -0.03654820 0.00506595 0.00890686
v -0.03631991 0.00541178 0.00866377
v -0.00052953 0.00529003 0.00725659
v 0.00574649 0.00480619 0.00716346
v -0.07000361 0.00646899 0.00887774
v -0.05047823 0.00569188 0.00875095
v -0.04507783 0.00526259 0.00879418
v 0.03210427 0.00447403 0.00637934
v -0.06697343 0.00659394 0.00872134
v -0.06123433 0.00643027 0.00871112
v -0.05745590 0.00624505 0.00870226
v -0.01721349 0.00548990 0.00798883
v -0.02103712 0.00565222 0.00802391
v -0.00444089 0.00573067 0.00719978
v -0.07801611 0.00648257 0.00890629
v 0.03875044 0.00443897 0.00624153
v 0.02742714 0.00490571 0.00635361
v -0.07433149 0.00690405 0.00864908
v 0.01370898 0.00462897 0.00702967
v 0.00338024 0.00572360 0.00662696
v 0.02231491 0.00510059 0.00640851
v 0.03898705 -0.00102084 0.00793977
v -0.04903772 -0.00032054 0.01054385
v -0.04300131 -0.00033537 0.01041939
v -0.03879254 -0.00061019 0.01038471
v 0.02124206 -0.00018734 0.00829714
v 0.02971508 -0.00027828 0.00795328
v 0.03373763 0.00018301 0.00785007
v 0.03631851 -0.00055055 0.00767445
v -0.05343608 -0.00027905 0.01066578
v -0.06166396 -0.00017840 0.01078293
v -0.06842476 -0.00034483 0.01084363
v -0.03656338 -0.00027576 0.01037381
v 0.03825850 -0.00042467 0.00768527
v -0.01682279 -0.00064951 0.00914724
v -0.01882067 -0.00090248 0.00920560
v 0.00012937 -0.00056714 0.00858535
v 0.00412820 -0.00037346 0.00850506
v 0.00747861 -0.00037617 0.00849332
v -0.07274845 -0.00046224 0.01088831
v -0.07772708 -0.00090529 0.01091841
v -0.07844130 -0.00084579 0.01085460
v -0.05803142 -0.00186997 0.01058017
v -0.05482965 -0.00193587 0.01052217
v -0.04858043 -0.00114760 0.01044477
v -0.04318094 -0.00195415 0.01023924
v -0.06420299 -0.00137557 0.01068300
v -0.00523146 -0.00063707 0.00873891
v -0.02891595 -0.00039456 0.00990983
v 0.00262236 -0.00184664 0.00834625
v -0.02380311 -0.00173585 0.00927695
v -0.02650402 -0.00161789 0.00949440
v -0.01172632 -0.00145396 0.00883621
v -0.01496078 -0.00252310 0.00877290
v -0.06976578 -0.00200134 0.01062757
v -0.06263383 -0.00200816 0.01057259
v -0.00423508 -0.00191648 0.00849628
v -0.03251535 -0.00166990 0.00994025
v -0.04934539 -0.00193780 0.01034754
v -0.01769768 -0.00195939 0.00897605
v -0.03848349 -0.00220317 0.01014505
v -0.03674901 -0.00183726 0.01013492
v 0.01170040 -0.00178622 0.00824486
v 0.01682102 -0.00154585 0.00817548
v 0.02291612 -0.00166606 0.00797182
v 0.03869890 -0.00166257 0.00747772
v 0.00753925 -0.00194354 0.00821353
v -0.07895483 0.00147051 0.01070995
v -0.00662031 -0.00280823 0.00837963
v 0.00080585 -0.00271573 0.00821513
v -0.02943864 -0.00240060 0.00957235
v -0.02784359 -0.00229800 0.00945363
v -0.02354984 -0.00269862 0.00906396
v -0.07767829 -0.00203740 0.01070014
v 0.02954541 -0.00184935 0.00765680
v 0.03347314 -0.00187100 0.00745557
v 0.03667362 -0.00209076 0.00734558
v 0.02232780 -0.00204103 0.00790693
v -0.07914314 0.00038637 0.01067634
v -0.07873687 -0.00258153 0.01043898
v -0.05537792 -0.00271492 0.01034410
v -0.06251998 -0.00271957 0.01038384
v -0.01989988 -0.00306629 0.00880999
v -0.03887303 -0.00253917 0.01006652
v -0.04882650 -0.00276901 0.01010510
v -0.04344280 -0.00261134 0.01008544
v -0.05327308 -0.00300717 0.01015327
v -0.03239167 -0.00288631 0.00961210
v 0.03794984 -0.00269304 0.00721176
v -0.01791726 -0.00301666 0.00870375
v 0.01768348 -0.00270743 0.00784516
v 0.01125681 -0.00282304 0.00795083
v 0.00722193 -0.00288855 0.00794234
v 0.02309322 -0.00284381 0.00762248
v 0.02988373 -0.00280317 0.00735963
v -0.07913159 -0.00042712 0.01064702
v -0.08013638 0.00002053 0.01072199
v -0.07969516 0.00127280 0.01064807
v -0.08205624 0.00112852 0.01060264
v -0.07984153 0.00217211 0.01049124
v -0.07919484 0.00232480 0.01041739
v -0.08251358 0.00020571 0.01066997
v -0.08574485 0.00100610 0.01052478
v -0.08807833 0.00017933 0.01057309
v -0.09209862 0.00099135 0.01046854
v -0.09642668 0.00087772 0.01045277
v -0.09599062 0.00018288 0.01051735
v -0.10140591 0.00122495 0.01043861
v -0.10074215 0.00178488 0.01036075
v -0.09763615 0.00247262 0.01015127
v -0.09548252 0.00254757 0.01009678
v -0.08278938 0.00271066 0.01021968
v -0.09041103 0.00265602 0.01011542
v -0.10149776 0.00018483 0.01048657
v -0.10073584 0.00255313 0.01016284
v -0.10162267 0.00281805 0.01001062
v -0.10222210 0.00208840 0.01012226
v -0.07947156 0.00400474 0.00986300
v -0.09587103 0.00345545 0.00978078
v -0.08962449 0.00346698 0.00983942
v -0.08210825 0.00350241 0.00996364
v -0.10079356 0.00331128 0.00985749
v -0.10222977 0.00045269 0.01032739
v -0.10144113 -0.00063065 0.01039995
v -0.07966050 -0.00158066 0.01051477
v -0.08157982 -0.00058915 0.01060404
v -0.08814998 -0.00058484 0.01047923
v -0.09580959 -0.00056212 0.01041434
v -0.08194007 -0.00129936 0.01046511
v -0.08743627 -0.00163145 0.01022676
v -0.09772956 -0.00143309 0.01017906
v -0.10158114 -0.00182231 0.01006260
v -0.10223884 -0.00107750 0.01019737
v -0.08250060 0.00420913 0.00960804
v -0.08624317 0.00413694 0.00954783
v -0.09218385 0.00412821 0.00946415
v -0.09627162 0.00400902 0.00949745
v -0.09786550 0.00441338 0.00924596
v -0.10078967 0.00425163 0.00937042
v -0.08356560 -0.00219810 0.01017252
v -0.10165624 0.00421439 0.00927530
v -0.07938900 -0.00201424 0.01035711
v -0.07894545 -0.00243944 0.01033852
v -0.07942700 0.00517195 0.00919543
v -0.07807207 -0.00319660 0.01033536
v -0.07003946 -0.00269974 0.01041261
v 0.03880189 -0.00355784 0.00690274
v -0.08028682 -0.00268367 0.01015870
v -0.01089343 -0.00367146 0.00827238
v -0.01524937 -0.00348344 0.00844804
v -0.00093116 -0.00363180 0.00796611
v -0.02598132 -0.00384125 0.00885880
v -0.02297946 -0.00347774 0.00878689
v -0.03031082 -0.00384855 0.00913279
v 0.03368525 -0.00319053 0.00702994
v 0.03643593 -0.00297829 0.00705824
v -0.08774485 -0.00218103 0.01004026
v -0.09791253 -0.00213572 0.00994881
v -0.03549788 -0.00357147 0.00950802
v -0.05970536 -0.00330964 0.01016084
v 0.00315642 -0.00342306 0.00785115
v 0.00776431 -0.00360180 0.00764310
v -0.07940804 -0.00351348 0.00979076
v -0.05602721 -0.00331357 0.01012263
v -0.03977839 -0.00375124 0.00960191
v -0.04929462 -0.00355303 0.00978024
v -0.04422320 -0.00352724 0.00972335
v -0.10219968 0.00377277 0.00935524
v -0.08640619 0.00551936 0.00866782
v -0.08147404 0.00549639 0.00880667
v -0.09651958 0.00546152 0.00854690
v -0.09227140 0.00547834 0.00859503
v -0.08181610 0.00470169 0.00933285
v -0.07903656 0.00331635 0.01024826
v -0.07906732 0.00425866 0.00985889
v -0.09906778 0.00532875 0.00860458
v -0.10083962 0.00534401 0.00858392
v 0.01775916 -0.00371584 0.00742683
v 0.02315603 -0.00363907 0.00725981
v 0.02998132 -0.00353597 0.00704029
v -0.02147849 -0.00442061 0.00828297
v -0.03713015 -0.00406842 0.00934350
v -0.08402521 -0.00287552 0.00986268
v -0.06307560 -0.00332952 0.01011830
v -0.06883332 -0.00318536 0.01020172
v -0.07477833 -0.00322559 0.01024738
v -0.07765546 -0.00407253 0.00987050
v -0.01765720 -0.00438576 0.00810253
v -0.03327914 -0.00461893 0.00894649
v -0.08771115 -0.00291519 0.00970975
v -0.09499142 -0.00299295 0.00958929
v -0.02721090 -0.00461919 0.00859674
v -0.00240063 -0.00402019 0.00784159
v -0.01093650 -0.00426602 0.00799369
v -0.01697505 -0.00483674 0.00783597
v -0.02033934 -0.00520977 0.00779951
v -0.07896972 -0.00364741 0.00980856
v -0.10225022 -0.00256891 0.00959720
v 0.03680491 -0.00415508 0.00648848
v 0.03884064 -0.00406140 0.00665362
v -0.09898621 -0.00276109 0.00963479
v 0.00408276 -0.00474988 0.00714620
v -0.04605454 -0.00430591 0.00933819
v 0.01351859 -0.00462856 0.00703731
v -0.05064588 -0.00433878 0.00940747
v -0.05451681 -0.00448134 0.00944254
v -0.05738462 -0.00455000 0.00944547
v -0.10157315 -0.00309144 0.00941870
v 0.00888220 -0.00463086 0.00708110
v -0.08169532 -0.00356807 0.00961482
v -0.08546259 -0.00350611 0.00943837
v -0.02661156 -0.00538259 0.00811333
v 0.01706799 -0.00448506 0.00703572
v 0.03918035 -0.00521430 0.00611877
v -0.03395008 -0.00505258 0.00872738
v -0.07871142 -0.00427612 0.00966166
v 0.02373025 -0.00420112 0.00691381
v 0.00055737 -0.00486372 0.00723843
v -0.09009278 -0.00342968 0.00936201
v -0.07187314 -0.00399633 0.00974982
v -0.04047558 -0.00481890 0.00899854
v -0.06532689 -0.00449273 0.00943437
v -0.07577027 -0.00412234 0.00975427
v 0.03378730 -0.00426237 0.00640453
v -0.03752001 -0.00531060 0.00861305
v -0.07907094 0.00525487 0.00924147
v -0.00347674 -0.00501280 0.00726155
v -0.00833099 -0.00525090 0.00726443
v -0.01253606 -0.00471016 0.00776760
v 0.03005471 -0.00486526 0.00616108
v -0.04980070 -0.00555533 0.00859598
v -0.04401874 -0.00556810 0.00849249
v -0.05319891 -0.00557483 0.00863049
v -0.10244547 0.00134011 0.01007095
v -0.07766604 -0.00481114 0.00937534
v -0.07347027 -0.00479462 0.00922578
v -0.06817028 -0.00476367 0.00922500
v -0.01660433 -0.00612901 0.00694553
v -0.02681114 -0.00586556 0.00779821
v -0.02368381 -0.00570968 0.00768465
v -0.02030294 -0.00645826 0.00693086
v -0.01845247 -0.00646821 0.00681132
v -0.01262538 -0.00573681 0.00704366
v -0.01146352 -0.00550993 0.00713712
v -0.09755175 -0.00419724 0.00873312
v 0.03882242 -0.00518629 0.00587744
v 0.02437543 -0.00506162 0.00627687
v 0.03468510 -0.00491051 0.00590710
v -0.08030699 -0.00410003 0.00932138
v -0.09127204 -0.00425496 0.00873408
v -0.05660899 -0.00562257 0.00862706
v 0.03892269 -0.00208233 0.00747305
v -0.10148748 -0.00410274 0.00867024
v -0.03266402 -0.00627023 0.00775004
v -0.03450530 -0.00634922 0.00773619
v 0.00889125 -0.00568417 0.00628390
v 0.00139048 -0.00589554 0.00636285
v 0.01327182 -0.00564122 0.00626077
v 0.01650555 -0.00552626 0.00625714
v -0.08499695 -0.00431493 0.00883632
v -0.10213143 -0.00401889 0.00862348
v -0.03801881 -0.00631399 0.00776025
v 0.03636656 -0.00525140 0.00562059
v -0.07939087 -0.00441122 0.00909037
v -0.02444243 -0.00673967 0.00690850
v 0.03914709 -0.00372678 0.00707450
v -0.02712320 -0.00682057 0.00701681
v -0.01284957 -0.00677872 0.00614412
v -0.01087963 -0.00640318 0.00632995
v -0.00471205 -0.00591597 0.00651959
v -0.06376651 -0.00561188 0.00857497
v -0.06964230 -0.00555529 0.00854702
v -0.07871171 -0.00498527 0.00908852
v -0.07895101 -0.00456307 0.00912846
v 0.03266568 -0.00564143 0.00527534
v -0.07606126 -0.00563101 0.00851081
v -0.04184523 -0.00640998 0.00771938
v -0.04914715 -0.00644099 0.00779117
v -0.07848991 -0.00571251 0.00847096
v 0.02312124 -0.00577538 0.00568512
v -0.07766214 -0.00564708 0.00860394
v -0.05521156 -0.00648689 0.00780719
v -0.10179188 0.00525727 0.00848780
v 0.00941340 -0.00661303 0.00539562
v 0.00353633 -0.00668037 0.00549589
v 0.01336647 -0.00653288 0.00538916
v 0.01843272 -0.00652759 0.00512989
v -0.07937459 -0.00515698 0.00836691
v -0.08526321 -0.00497361 0.00816360
v -0.08143953 -0.00498677 0.00838643
v -0.01885685 -0.00721929 0.00609674
v -0.02419918 -0.00738098 0.00625006
v 0.03878076 -0.00604375 0.00503274
v -0.06226124 -0.00645258 0.00775637
v -0.03250966 -0.00735527 0.00665997
v -0.02825251 -0.00738362 0.00647822
v -0.09694313 -0.00495377 0.00797919
v -0.10244811 -0.00063268 0.01005908
v -0.00521135 -0.00690707 0.00547986
v -0.10138375 -0.00475489 0.00798146
v -0.01014773 -0.00716583 0.00548555
v -0.01149210 -0.00726032 0.00545762
v -0.03859978 -0.00723005 0.00679765
v -0.03453232 -0.00732065 0.00670295
v -0.09137975 -0.00498613 0.00795800
v -0.04146148 -0.00726355 0.00679220
v -0.04609607 -0.00726015 0.00681620
v -0.05135497 -0.00729904 0.00687828
v -0.06946349 -0.00626946 0.00776668
v 0.03620316 -0.00591556 0.00488469
v -0.07891170 -0.00536788 0.00844056
v 0.02309183 -0.00660877 0.00474731
v 0.02870032 -0.00645522 0.00452654
v 0.03476306 -0.00649085 0.00410840
v 0.03633224 -0.00655940 0.00399023
v -0.05579182 -0.00729950 0.00682361
v -0.10212558 -0.00482629 0.00771759
v 0.01239857 -0.00734486 0.00444495
v 0.00657790 -0.00738002 0.00454020
v 0.01458936 -0.00729063 0.00438430
v -0.07620950 -0.00646538 0.00750398
v -0.07764892 -0.00646644 0.00755488
v 0.01840262 -0.00730922 0.00411495
v 0.00258951 -0.00741525 0.00458086
v -0.00516552 -0.00734222 0.00490291
v -0.10154971 -0.00559223 0.00687747
v -0.07885526 -0.00586027 0.00805296
v 0.03923070 -0.00614068 0.00527599
v 0.00574826 0.00565929 0.00647974
v 0.00986351 0.00559602 0.00637016
v 0.01496781 0.00549427 0.00621657
v -0.00936796 0.00598894 0.00716420
v -0.02498216 0.00584111 0.00794496
v -0.07880828 0.00609452 0.00892002
v -0.00356774 0.00627021 0.00667110
v -0.03732505 0.00532077 0.00854582
v -0.03757106 0.00610906 0.00799273
v -0.03932852 0.00597141 0.00813830
v -0.03806868 0.00543491 0.00843448
v -0.04062381 0.00545008 0.00842044
v -0.04404913 0.00606209 0.00807428
v -0.04415030 0.00534639 0.00851629
v -0.04057492 0.00526742 0.00856391
v -0.07897144 0.00619496 0.00852513
v -0.00050119 0.00621898 0.00643440
v -0.07933274 0.00649429 0.00803571
v -0.07756857 0.00721674 0.00826987
v -0.04870805 0.00647099 0.00794253
v -0.04398133 0.00636369 0.00777980
v 0.03256070 0.00544834 0.00546524
v 0.03532054 0.00512613 0.00551642
v -0.06663168 0.00735082 0.00802673
v -0.10075590 0.00621810 0.00775626
v 0.03824824 0.00499867 0.00560452
v -0.05998254 0.00722040 0.00791784
v -0.05332064 0.00708132 0.00766404
v -0.02957509 0.00606333 0.00789165
v -0.03325094 0.00613911 0.00789591
v 0.02763881 0.00562463 0.00566062
v 0.02179944 0.00569646 0.00585204
v -0.07412478 0.00750425 0.00807059
v -0.08124356 0.00639080 0.00794538
v -0.09455957 0.00623597 0.00780180
v -0.08746129 0.00631142 0.00784805
v 0.03694635 0.00499920 0.00556428
v -0.01176227 0.00638514 0.00687818
v -0.00683110 0.00672292 0.00632863
v -0.01676623 0.00642352 0.00701863
v -0.10180598 0.00607917 0.00770211
v -0.04861565 0.00687288 0.00753014
v -0.07834651 0.00721959 0.00808771
v 0.00172003 0.00645983 0.00600693
v 0.02103016 0.00627448 0.00525832
v 0.01365449 0.00634670 0.00532786
v -0.04362370 0.00719493 0.00687132
v -0.10220621 0.00550768 0.00799087
v 0.02640741 0.00635094 0.00493411
v 0.02998141 0.00632364 0.00467798
v -0.02345922 0.00671914 0.00694767
v -0.02030849 0.00670262 0.00685729
v -0.03931885 0.00706359 0.00693281
v -0.03659499 0.00711063 0.00685275
v -0.03203434 0.00705659 0.00681593
v -0.07754135 0.00803805 0.00734945
v -0.02553169 0.00671470 0.00696418
v -0.00289838 0.00694286 0.00583689
v 0.00043456 0.00693700 0.00550323
v -0.05030443 0.00735775 0.00706615
v 0.00600369 0.00640560 0.00558009
v -0.06748428 0.00796285 0.00733510
v -0.06308660 0.00808053 0.00700475
v 0.03687766 0.00565086 0.00479564
v 0.03479447 0.00578737 0.00479523
v -0.07895473 0.00722770 0.00738803
v -0.07407918 0.00813054 0.00730903
v -0.03017521 0.00699531 0.00677727
v -0.01328285 0.00697319 0.00621534
v -0.00985835 0.00683570 0.00625646
v -0.07873422 0.00722317 0.00782967
v -0.07824699 0.00816131 0.00700405
v -0.07937261 0.00745519 0.00685858
v -0.08095123 0.00723199 0.00697455
v -0.08419773 0.00716313 0.00686612
v -0.09197229 0.00697925 0.00689941
v -0.10055514 0.00696070 0.00684343
v -0.05786901 0.00810294 0.00665784
v -0.10158759 0.00693444 0.00665326
v -0.08228225 -0.00566804 0.00732756
v -0.07936300 -0.00594690 0.00723705
v -0.07807694 0.00877909 0.00622324
v -0.07902324 -0.00583227 0.00747189
v -0.07896647 -0.00632201 0.00678612
v -0.08682462 -0.00558788 0.00719525
v -0.09263226 -0.00556430 0.00708241
v -0.10223579 -0.00567279 0.00647492
v -0.09920866 -0.00573744 0.00673211
v -0.09549887 -0.00577348 0.00664455
v -0.10215225 0.00701362 0.00620980
v 0.03966232 0.00378609 0.00794165
v 0.03917235 0.00299967 0.00775134
v 0.03946387 0.00246356 0.00835657
v 0.03982754 0.00213072 0.00881152
v 0.04069190 0.00321061 0.00883568
v 0.04148055 0.00241234 0.00937910
v 0.04145029 0.00145947 0.00960326
v 0.04425993 0.00109991 0.01022747
v 0.04231726 0.00338648 0.00930353
v 0.04206168 -0.00045324 0.01006437
v 0.04437281 -0.00061765 0.01054857
v 0.04721378 -0.00048120 0.01075807
v 0.04727259 -0.00101286 0.01069700
v 0.05154789 -0.00042077 0.01087588
v 0.05071473 -0.00107311 0.01077722
v 0.05516194 -0.00102932 0.01081363
v 0.05538345 -0.00042944 0.01088034
v 0.06247238 -0.00042967 0.01073974
v 0.06325878 -0.00101786 0.01065906
v 0.06711746 -0.00091824 0.01053701
v 0.06724634 -0.00039825 0.01058491
v 0.07175186 -0.00036206 0.01028936
v 0.07193275 -0.00126426 0.01018667
v 0.07448104 -0.00039450 0.01006232
v 0.07510645 -0.00117124 0.00991218
v 0.07687013 -0.00036198 0.00987493
v 0.07732256 -0.00101588 0.00974380
v 0.08011704 -0.00041929 0.00952603
v 0.08029399 -0.00095143 0.00945542
v 0.08367011 -0.00101145 0.00901977
v 0.07085114 -0.00231798 0.01008722
v 0.08329444 -0.00045154 0.00913382
v 0.06109627 -0.00241535 0.01045296
v 0.06740672 -0.00252836 0.01023859
v 0.06688301 -0.00335983 0.01008647
v 0.08580162 -0.00039194 0.00872744
v 0.08577561 -0.00076402 0.00870147
v 0.07359647 -0.00332973 0.00966589
v 0.07631786 -0.00298236 0.00947620
v 0.07083981 -0.00377247 0.00976234
v 0.05608940 -0.00337615 0.01031498
v 0.06131730 -0.00368387 0.01016953
v 0.08031872 -0.00256344 0.00914737
v 0.04784031 0.00036683 0.01063287
v 0.09016893 -0.00046671 0.00784346
v 0.09121599 -0.00099702 0.00759026
v 0.05078086 -0.00339685 0.01025806
v 0.04757506 -0.00312790 0.01020520
v 0.09342830 -0.00053951 0.00714101
v 0.09540300 -0.00114597 0.00666448
v 0.06112962 0.00233309 0.01022282
v 0.05093921 0.00228792 0.01031656
v 0.05621440 0.00239297 0.01028201
v 0.08337151 -0.00321815 0.00861179
v 0.04416075 -0.00233000 0.01016012
v 0.06559364 0.00198952 0.01013665
v 0.06741699 0.00173572 0.01014548
v 0.07732198 -0.00442495 0.00904845
v 0.04306353 -0.00100664 0.01024701
v 0.07249903 -0.00511586 0.00931217
v 0.04761131 0.00244044 0.01017932
v 0.09707722 -0.00063756 0.00623085
v 0.07941294 -0.00479992 0.00871202
v 0.08611647 -0.00249151 0.00829507
v 0.08958765 -0.00329706 0.00748148
v 0.09286245 -0.00305224 0.00689439
v 0.07162563 0.00215611 0.00973620
v 0.07549218 0.00244103 0.00934502
v 0.07705031 0.00257369 0.00919342
v 0.09704370 -0.00110093 0.00623820
v 0.09977037 -0.00025361 0.00549773
v 0.08457097 -0.00329131 0.00837712
v 0.06700660 -0.00462767 0.00974185
v 0.06159127 -0.00462864 0.00989892
v 0.06440019 0.00486321 0.00949107
v 0.06057564 0.00489092 0.00960233
v 0.06721739 0.00476913 0.00939546
v 0.05680358 0.00488992 0.00964116
v 0.04203160 -0.00142444 0.00996797
v 0.08103105 0.00230586 0.00881897
v 0.07813643 0.00091070 0.00943330
v 0.05582199 -0.00462249 0.00996112
v 0.05078849 -0.00456046 0.00991811
v 0.08353246 -0.00469165 0.00821069
v 0.07246800 0.00524225 0.00891547
v 0.07658986 0.00511421 0.00858256
v 0.06886248 0.00381989 0.00950597
v 0.08048869 0.00453440 0.00826976
v 0.06943905 0.00458428 0.00929374
v 0.08627487 -0.00428025 0.00784974
v 0.09968495 -0.00105229 0.00549428
v 0.04609492 0.00369063 0.00975944
v 0.04414127 0.00401051 0.00954310
v 0.05070060 0.00433389 0.00977896
v 0.04746481 -0.00453292 0.00977560
v 0.08337551 0.00254281 0.00844047
v 0.09615237 -0.00257534 0.00621730
v 0.08509161 -0.00530425 0.00775480
v 0.08619982 0.00266340 0.00797008
v 0.08736390 0.00164235 0.00794595
v 0.09156406 0.00174041 0.00704273
v 0.07429681 -0.00545665 0.00903550
v 0.08961678 -0.00517436 0.00699398
v 0.04421715 -0.00439405 0.00953469
v 0.09538232 -0.00413582 0.00603808
v 0.09341071 -0.00531497 0.00615736
v 0.08260401 0.00497312 0.00784303
v 0.08449689 0.00405612 0.00781587
v 0.08029079 0.00542730 0.00801356
v 0.07968065 -0.00540858 0.00847975
v 0.08380092 -0.00580790 0.00779556
v 0.07693190 -0.00584597 0.00861898
v 0.09811782 -0.00319126 0.00551474
v 0.09980672 -0.00254485 0.00520184
v 0.06725544 -0.00564279 0.00936981
v 0.07066453 -0.00553937 0.00924719
v 0.06336535 -0.00570012 0.00944697
v 0.09843703 0.00133119 0.00545863
v 0.09541374 0.00151713 0.00618274
v 0.06754437 0.00524357 0.00922364
v 0.06907290 0.00521687 0.00911340
v 0.08798719 -0.00580501 0.00705324
v 0.04083455 -0.00116681 0.00960164
v 0.08746479 0.00320469 0.00751492
v 0.04083932 -0.00031654 0.00964814
v 0.04198670 -0.00366009 0.00928907
v 0.04140919 -0.00248939 0.00956298
v 0.09985124 0.00140611 0.00507132
v 0.08974140 0.00336703 0.00697385
v 0.08637912 0.00477517 0.00727599
v 0.08799522 0.00431088 0.00705616
v 0.05483624 -0.00536959 0.00965908
v 0.09683320 0.00298174 0.00542058
v 0.09859726 0.00223638 0.00516006
v 0.09372825 0.00268351 0.00625098
v 0.09999906 -0.00387708 0.00477692
v 0.09626026 -0.00526669 0.00544568
v 0.09240627 -0.00578365 0.00619546
v 0.08608180 0.00583084 0.00690367
v 0.04432162 -0.00482284 0.00936710
v 0.09933353 -0.00488333 0.00461955
v 0.09484474 0.00386374 0.00559421
v 0.05106414 -0.00559220 0.00946213
v 0.09287366 0.00557960 0.00544101
v 0.03963015 0.00117775 0.00893919
v 0.04740083 -0.00527532 0.00943490
v 0.08352741 0.00688040 0.00692239
v 0.09069149 0.00609207 0.00572998
v 0.09973512 0.00317384 0.00450695
v 0.07657127 0.00598638 0.00820693
v 0.09570249 -0.00573243 0.00540039
v 0.08150311 0.00737215 0.00700147
v 0.08862238 0.00624265 0.00612728
v 0.08760678 0.00672950 0.00618197
v 0.08628462 0.00706075 0.00633935
v 0.09882545 0.00404576 0.00438767
v 0.09470092 0.00538482 0.00503960
v 0.09672810 0.00527301 0.00452195
v 0.06723877 0.00658115 0.00861262
v 0.06245650 0.00716393 0.00846829
v 0.07712134 0.00731662 0.00748884
v 0.03957230 -0.00030948 0.00905108
v 0.04120490 -0.00420589 0.00884064
v 0.06017884 0.00744387 0.00837536
v 0.05515626 0.00529117 0.00940853
v 0.06879018 0.00727167 0.00813987
v 0.07165989 0.00700278 0.00810999
v 0.04171471 -0.00480970 0.00871156
v 0.07342974 -0.00598575 0.00882285
v 0.07644033 0.00862001 0.00686743
v 0.07321217 0.00927391 0.00680718
v 0.07073096 0.00954624 0.00685869
v 0.06771710 0.00954086 0.00702557
v 0.08098498 -0.00609908 0.00795616
v 0.10072365 -0.00252619 0.00473965
v 0.04146572 0.00386765 0.00884288
v 0.05568304 0.00685184 0.00862560
v 0.06723830 0.00822344 0.00777823
v 0.06406503 0.00854442 0.00770122
v 0.03965695 -0.00178534 0.00891658
v 0.05075113 0.00478518 0.00959593
v 0.05591197 -0.00575035 0.00945045
v 0.05077708 0.00677088 0.00846907
v 0.10066224 -0.00066952 0.00498009
v 0.04051682 -0.00343456 0.00886201
v 0.08947282 -0.00615087 0.00649999
v 0.09596419 0.00565574 0.00455909
v 0.05616174 0.00800190 0.00801874
v 0.05932857 0.00855122 0.00775323
v 0.05090960 0.00778919 0.00787213
v 0.07836979 0.00824907 0.00682075
v 0.04313070 0.00438528 0.00902932
v 0.08531447 -0.00612734 0.00725222
v 0.06535020 0.00918004 0.00727929
v 0.10043647 0.00215618 0.00453648
v 0.08970566 0.00687710 0.00549691
v 0.04753813 0.00651855 0.00840822
v 0.10075076 0.00061419 0.00476169
v 0.04708110 0.00466261 0.00949205
v 0.04771875 0.00426096 0.00972413
v 0.09314911 -0.00621737 0.00569002
v 0.09168991 0.00626302 0.00537410
v 0.04399482 -0.00556471 0.00879466
v 0.03969901 -0.00250852 0.00870941
v 0.09953253 0.00492385 0.00363038
v 0.09386477 0.00604624 0.00482011
v 0.08360858 0.00762932 0.00640766
v 0.04134029 0.00543599 0.00775860
v 0.09782252 0.00567078 0.00380443
v 0.04051282 0.00484708 0.00777659
v 0.10063765 -0.00482518 0.00381652
v 0.04077498 -0.00500600 0.00804605
v 0.03974514 -0.00405252 0.00791824
v 0.03922510 0.00059744 0.00853648
v 0.03966050 0.00530781 0.00678036
v 0.03970625 -0.00490571 0.00724582
v 0.04004684 -0.00565526 0.00694535
v 0.03925224 -0.00081947 0.00852739
v 0.06678709 0.01037578 0.00609094
v 0.07111186 0.01026529 0.00599328
v 0.06106875 0.01040448 0.00606545
v 0.09916333 0.00573923 0.00297462
v 0.09672746 0.00688582 0.00279741
v 0.03974531 -0.00634825 0.00594229
v -0.09196635 0.00728593 0.00641230
v -0.09788556 0.00737298 0.00617502
v -0.07946272 0.00790035 0.00612837
v -0.08091975 0.00799751 0.00564099
v -0.08302833 0.00794883 0.00557110
v -0.07903282 0.00831280 0.00554010
v -0.09178979 0.00783253 0.00542081
v -0.09353700 0.00786962 0.00532263
v -0.10060008 0.00753172 0.00577300
v -0.10160706 0.00741596 0.00575229
v -0.08586243 -0.00588560 0.00666394
v -0.09743065 0.00788144 0.00508476
v -0.08161820 -0.00621416 0.00623037
v -0.09981051 -0.00610183 0.00591419
v -0.09547195 -0.00606350 0.00597075
v -0.08699674 -0.00619049 0.00590818
v -0.10208894 -0.00619931 0.00540314
v -0.07937946 -0.00641124 0.00615306
v -0.10062240 0.00780638 0.00507731
v -0.08138936 0.00818770 0.00505222
v -0.09148908 0.00800315 0.00490504
v -0.10189626 0.00776205 0.00459177
v -0.08115924 0.00844192 0.00425620
v -0.08639865 -0.00643869 0.00520153
v -0.08149111 -0.00650966 0.00538693
v -0.07900316 -0.00667176 0.00546287
v -0.09970587 -0.00638641 0.00506619
v -0.09559547 -0.00635431 0.00504591
v -0.08704271 0.00829571 0.00423172
v 0.00214969 0.00705092 -0.00326435
v -0.00599420 0.00742984 -0.00245810
v 0.00218157 0.00738954 -0.00249577
v 0.00722084 0.00703643 -0.00325882
v 0.00723633 0.00732938 -0.00259415
v 0.01144369 0.00704198 -0.00334157
v 0.01724549 0.00740321 -0.00259990
v -0.00892032 0.00720583 -0.00296689
v -0.01225200 0.00743595 -0.00244192
v 0.00013739 0.00768508 -0.00166374
v -0.00968604 0.00770858 -0.00164093
v 0.00693770 0.00757384 -0.00185790
v 0.01721376 0.00765774 -0.00186369
v -0.01381196 0.00784007 -0.00134274
v -0.01760003 0.00721590 -0.00300259
v 0.02418492 0.00734044 -0.00262061
v 0.02406222 0.00700879 -0.00336078
v 0.02966500 0.00716449 -0.00277311
v 0.02931178 0.00683874 -0.00348599
v 0.01655729 0.00702522 -0.00340911
v 0.02440248 0.00758310 -0.00186570
v -0.01569309 0.00784603 -0.00149672
v -0.01624028 0.00747280 -0.00245970
v -0.01874026 0.00785795 -0.00156177
v -0.02501967 0.00776326 -0.00176134
v -0.02720176 0.00721504 -0.00299773
v -0.02989666 0.00786796 -0.00172574
v -0.02730255 0.00820624 -0.00061550
v -0.03403213 0.00831148 -0.00064354
v -0.03403055 0.00786453 -0.00180390
v -0.04027144 0.00786194 -0.00173883
v -0.03087655 0.00724533 -0.00292460
v -0.03658892 0.00765568 -0.00215245
v -0.04065168 0.00820554 -0.00091469
v -0.04433538 0.00787444 -0.00186263
v -0.04804832 0.00837359 -0.00094372
v -0.04828736 0.00874473 0.00000238
v -0.05298472 0.00848179 -0.00098928
v -0.04884417 0.00787062 -0.00200321
v -0.05568936 0.00897418 -0.00006197
v -0.05850082 0.00875090 -0.00080330
v 0.03374282 0.00694317 -0.00291895
v -0.06145837 0.00906509 -0.00023076
v -0.06197632 0.00877692 -0.00090083
v -0.06403671 0.00895645 -0.00053871
v -0.06675320 0.00879380 -0.00090031
v -0.07161408 0.00878816 -0.00096001
v -0.06821639 0.00911358 -0.00025931
v -0.07467796 0.00908765 -0.00028337
v -0.07542540 0.00873700 -0.00100018
v -0.07810439 0.00882090 -0.00066795
v 0.03342686 0.00624151 -0.00434800
v 0.03730746 0.00645884 -0.00373529
v -0.04155272 0.00736461 -0.00265873
v -0.00581834 0.00694004 -0.00345800
v -0.05223239 0.00789532 -0.00204896
v -0.05631081 0.00802848 -0.00198784
v 0.03060733 0.00627319 -0.00445055
v 0.03666723 0.00562552 -0.00527671
v 0.02630571 0.00630100 -0.00448560
v 0.03834696 0.00584586 -0.00506899
v 0.03883789 0.00656079 -0.00340790
v -0.06198783 0.00810082 -0.00200256
v -0.01138999 0.00689569 -0.00346055
v -0.02853969 0.00697228 -0.00339285
v -0.01894729 0.00695523 -0.00343325
v -0.03707163 0.00701760 -0.00320742
v -0.04323882 0.00705104 -0.00315818
v -0.06571372 0.00800665 -0.00214190
v -0.06899674 0.00803491 -0.00213426
v -0.07557246 0.00808835 -0.00204868
v -0.07756264 0.00795016 -0.00214626
v 0.01804500 0.00632914 -0.00450082
v 0.00747107 0.00630532 -0.00437788
v 0.01262145 0.00629775 -0.00451107
v 0.00029865 0.00616870 -0.00460790
v 0.03368369 0.00551201 -0.00543285
v 0.03054318 0.00550076 -0.00550481
v -0.05073140 0.00717050 -0.00304123
v 0.03832316 0.00529293 -0.00588178
v -0.00420788 0.00623077 -0.00448831
v -0.01645856 0.00600614 -0.00469582
v -0.02049153 0.00615879 -0.00449652
v -0.02438482 0.00628364 -0.00436328
v -0.01144552 0.00603385 -0.00465487
v -0.02851677 0.00630432 -0.00425804
v -0.05782529 0.00716042 -0.00317110
v -0.07701792 0.00711335 -0.00328507
v -0.06866984 0.00720359 -0.00314890
v -0.07844275 0.00781576 -0.00214854
v 0.02168611 0.00549796 -0.00552747
v 0.01302849 0.00550793 -0.00546483
v -0.07878780 0.00701989 -0.00324003
v 0.00784807 0.00547828 -0.00540721
v -0.07192962 0.00957381 0.00096758
v -0.06546754 0.00941366 0.00064978
v -0.00230975 0.00546723 -0.00542952
v -0.03726491 0.00583110 -0.00463683
v 0.03656923 0.00460360 -0.00649192
v -0.04200680 0.00571753 -0.00472015
v -0.04587040 0.00664324 -0.00368413
v -0.05129979 0.00649780 -0.00381664
v -0.04596194 0.00556988 -0.00480848
v -0.01738086 0.00544513 -0.00533639
v -0.02440813 0.00549951 -0.00521079
v -0.01109484 0.00530590 -0.00548802
v -0.03251817 0.00547604 -0.00509996
v -0.06028871 0.00674381 -0.00364862
v 0.03835855 0.00461123 -0.00666337
v 0.03878814 0.00591476 -0.00510135
v -0.07832991 0.00643446 -0.00392767
v 0.03304261 0.00457832 -0.00643475
v -0.07595164 0.00642367 -0.00399966
v -0.07064026 0.00644383 -0.00393528
v -0.06791287 0.00958282 0.00106323
v -0.05945206 0.00634743 -0.00403557
v -0.07762544 0.00932633 0.00066570
v -0.07524463 0.00945394 0.00075858
v -0.05651737 0.00921200 0.00053008
v -0.04824409 0.00886778 0.00036766
v -0.04392556 0.00878290 0.00066884
v -0.06085904 0.00943168 0.00090815
v 0.03682526 0.00683235 -0.00267876
v -0.03994001 0.00847462 -0.00006477
v -0.03994130 0.00874922 0.00100975
v -0.03600480 0.00852258 0.00014437
v -0.02439285 0.00809080 -0.00068650
v 0.03089793 0.00735838 -0.00197116
v -0.07883804 0.00795711 -0.00172177
v 0.02717022 0.00450564 -0.00645241
v 0.02103429 0.00451805 -0.00644110
v -0.03769555 0.00519557 -0.00524961
v -0.05208491 0.00543180 -0.00481004
v -0.00916070 0.00791565 -0.00086568
v -0.00103674 0.00785834 -0.00099346
v -0.01687307 0.00507152 -0.00567777
v -0.03593204 0.00490141 -0.00552009
v -0.02475647 0.00501089 -0.00564004
v -0.04325598 0.00484268 -0.00546203
v -0.00332514 0.00510318 -0.00574751
v 0.01575028 0.00439021 -0.00650003
v 0.00821962 0.00454000 -0.00624122
v -0.05881836 0.00538728 -0.00485556
v -0.06669492 0.00537555 -0.00481025
v -0.07516507 0.00544329 -0.00477467
v -0.07884464 0.00630138 -0.00390842
v -0.07826210 0.00541457 -0.00476652
v -0.00940150 0.00445026 -0.00619888
v -0.01482905 0.00446030 -0.00615916
v -0.05041414 0.00492241 -0.00521302
v 0.00192255 0.00419082 -0.00649516
v -0.07857714 0.00897301 0.00008154
v -0.05586521 0.00487293 -0.00522132
v 0.03241738 0.00347982 -0.00726743
v 0.03604656 0.00346385 -0.00738294
v 0.03825584 0.00350587 -0.00748677
v -0.02336514 0.00422229 -0.00625397
v -0.07878168 0.00524203 -0.00479274
v 0.03873988 0.00548357 -0.00587343
v -0.02827563 0.00419632 -0.00614541
v 0.00841690 0.00396832 -0.00664651
v -0.04849431 0.00438784 -0.00564319
v -0.07736220 0.00495687 -0.00509664
v 0.02687786 0.00329984 -0.00728642
v -0.06468037 0.00491681 -0.00512180
v -0.00604751 0.00400314 -0.00653729
v -0.01423791 0.00398915 -0.00646746
v 0.01747292 0.00346658 -0.00712249
v -0.05099038 0.00417329 -0.00569188
v -0.03798633 0.00402028 -0.00605807
v -0.04467067 0.00378439 -0.00610964
v 0.00845585 0.00333696 -0.00702030
v -0.01441005 0.00335278 -0.00681975
v -0.02480243 0.00333800 -0.00671515
v -0.00564400 0.00326178 -0.00696054
v 0.00276308 0.00305741 -0.00715525
v -0.05679196 0.00418454 -0.00563460
v -0.03844810 0.00328848 -0.00646969
v -0.01707035 0.00809433 -0.00054701
v -0.02256183 0.00818915 -0.00025692
v -0.02472083 0.00829744 0.00014985
v 0.01600041 0.00784526 -0.00106232
v -0.02811972 0.00841879 0.00019721
v 0.00598017 0.00778767 -0.00084828
v 0.03601457 0.00701248 -0.00196095
v 0.03884262 0.00678022 -0.00243488
v -0.07563889 0.00970820 0.00197868
v 0.02319024 0.00781410 -0.00086564
v -0.07785910 0.00956579 0.00188008
v -0.01295358 0.00802930 -0.00029883
v -0.01994110 0.00828819 0.00039860
v -0.05954562 0.00951200 0.00155238
v 0.01807699 0.00799263 -0.00018843
v 0.03107475 0.00747077 -0.00125492
v 0.01122341 0.00797560 -0.00011672
v 0.00461383 0.00790944 -0.00013737
v 0.00128276 0.00801491 0.00004363
v -0.01543823 0.00816811 0.00026341
v -0.07221784 0.00980219 0.00231598
v -0.06777476 0.00978481 0.00227501
v -0.06050574 0.00963432 0.00222180
v -0.07873868 0.00906199 0.00082566
v -0.05625769 0.00931695 0.00124137
v -0.04729854 0.00894839 0.00122574
v 0.02688578 0.00783456 0.00009322
v 0.02332788 0.00791068 -0.00020927
v -0.00447782 0.00797338 -0.00029651
v -0.03141460 0.00859042 0.00103734
v -0.03739595 0.00865317 0.00089503
v 0.03518414 0.00731320 -0.00032223
v -0.07379800 0.00986998 0.00297369
v 0.03784436 0.00706340 -0.00031451
v -0.02648656 0.00844990 0.00089642
v -0.02331363 0.00835368 0.00095362
v 0.03232408 0.00752570 -0.00013917
v 0.03910257 0.00682136 -0.00302569
v -0.07804289 0.00966398 0.00282436
v -0.04276878 0.00885782 0.00186264
v -0.04943665 0.00908928 0.00209449
v -0.05657658 0.00941744 0.00299229
v -0.05907072 0.00959650 0.00280447
v -0.06440575 0.00976414 0.00282083
v 0.00855233 0.00799972 0.00046683
v 0.00367376 0.00796414 0.00049076
v -0.00920329 0.00803397 0.00065338
v -0.06068384 0.00964542 0.00308808
v -0.07894638 0.00758211 -0.00203643
v 0.01171809 0.00802412 0.00057461
v 0.03890109 0.00697109 0.00016663
v -0.01349356 0.00816428 0.00178531
v -0.01551817 0.00826982 0.00194597
v -0.01842630 0.00834275 0.00190384
v -0.00125680 0.00801867 0.00027211
v -0.00567896 0.00804771 0.00145213
v 0.02402936 0.00793664 0.00067536
v 0.01816122 0.00802723 0.00054471
v -0.03881720 0.00877604 0.00238626
v -0.03540908 0.00871703 0.00276298
v -0.03182431 0.00866952 0.00200561
v -0.03007005 0.00859879 0.00253030
v -0.02348373 0.00837949 0.00193158
v -0.03247942 0.00869586 0.00286848
v 0.03538717 0.00224724 -0.00803646
v 0.03825933 0.00251611 -0.00808788
v -0.07758827 0.00384531 -0.00570622
v -0.07358556 0.00388174 -0.00566896
v -0.06423484 0.00409785 -0.00557412
v 0.03105881 0.00252420 -0.00774659
v -0.04526382 0.00330644 -0.00635052
v -0.05017871 0.00347328 -0.00605571
v -0.07837690 0.00352051 -0.00577350
v 0.02346812 0.00254748 -0.00761232
v 0.01719426 0.00275020 -0.00749198
v 0.00830393 0.00274504 -0.00730948
v -0.05335467 0.00365000 -0.00590957
v -0.05907198 0.00355986 -0.00590543
v -0.06538861 0.00351690 -0.00582737
v -0.00416754 0.00281534 -0.00718536
v -0.00742375 0.00278173 -0.00718127
v -0.01262981 0.00271496 -0.00712165
v -0.04925960 0.00234361 -0.00657167
v 0.03727031 0.00188651 -0.00830594
v 0.03795829 0.00169932 -0.00845992
v -0.02159379 0.00263314 -0.00705537
v 0.02972387 0.00159038 -0.00809628
v 0.03867541 0.00476480 -0.00683037
v -0.01604372 0.00257647 -0.00710830
v -0.05411509 0.00202074 -0.00653497
v -0.05940129 0.00257999 -0.00627407
v -0.07887632 0.00473105 -0.00500748
v -0.02756936 0.00248474 -0.00698269
v -0.04348552 0.00251196 -0.00668944
v -0.07758942 0.00263434 -0.00616348
v -0.06376364 0.00220209 -0.00631761
v -0.07245814 0.00258238 -0.00615233
v 0.00309792 0.00256679 -0.00733909
v 0.02348293 0.00152962 -0.00798214
v 0.01752743 0.00157439 -0.00791801
v 0.03447036 0.00112000 -0.00837923
v 0.03836853 0.00199702 -0.00855401
v -0.05955366 0.00192088 -0.00648629
v 0.00812139 0.00191706 -0.00757423
v -0.07898858 0.00842932 -0.00037267
v 0.03851460 0.00349747 -0.00772800
v -0.02205774 0.00203369 -0.00721176
v 0.00195437 0.00189346 -0.00750846
v -0.00550134 0.00179129 -0.00745422
v -0.01113660 0.00148684 -0.00745064
v -0.01601029 0.00148587 -0.00736794
v 0.03586926 0.00057144 -0.00859749
v 0.02949111 0.00058465 -0.00831780
v 0.03789057 0.00062240 -0.00875068
v -0.04883760 0.00180399 -0.00672867
v -0.04530616 0.00180238 -0.00680139
v -0.07324540 0.00162728 -0.00640980
v -0.07488874 0.00161803 -0.00642508
v -0.07164565 0.00165151 -0.00642359
v -0.06878100 0.00164983 -0.00642535
v 0.01756502 0.00043457 -0.00818632
v -0.07844288 0.00171824 -0.00625392
v -0.07805747 0.00141155 -0.00644287
v -0.07879035 0.00270883 -0.00588835
v 0.01350201 0.00046632 -0.00801656
v -0.06396233 0.00142775 -0.00649170
v -0.02805749 0.00193920 -0.00709682
v -0.03641716 0.00158220 -0.00698826
v -0.07889938 0.00358481 -0.00535036
v 0.03828607 0.00083814 -0.00886335
v 0.00197919 0.00106128 -0.00765782
v 0.00832481 0.00114412 -0.00771767
v -0.00452072 0.00055510 -0.00766690
v -0.05999251 0.00099409 -0.00661334
v -0.05193281 0.00107464 -0.00671377
v -0.04910926 0.00090377 -0.00684091
v -0.02003075 0.00111605 -0.00736141
v 0.00214466 0.00042854 -0.00774230
v 0.00478369 0.00011260 -0.00778072
v 0.00923082 0.00031118 -0.00785944
v -0.01068459 0.00039072 -0.00759924
v -0.01401220 0.00020523 -0.00756668
v -0.01806370 0.00039604 -0.00746228
v -0.04771484 0.00082386 -0.00684279
v -0.03335835 0.00027331 -0.00719969
v -0.02839224 0.00042467 -0.00725791
v -0.04251066 0.00131114 -0.00690783
v 0.01721095 -0.00016264 -0.00823052
v -0.07155362 0.00026012 -0.00655637
v -0.07388872 0.00020943 -0.00654780
v -0.06025620 0.00016544 -0.00668404
v -0.06381247 0.00021505 -0.00660246
v -0.06878179 0.00021609 -0.00656100
v -0.07750308 0.00046975 -0.00653185
v -0.03778252 0.00020778 -0.00708022
v -0.04520676 0.00012771 -0.00693433
v 0.02194399 -0.00017348 -0.00827940
v 0.02988040 -0.00015610 -0.00838043
v 0.03539800 -0.00011483 -0.00863193
v 0.03782838 -0.00017085 -0.00879654
v 0.00868173 -0.00020467 -0.00785106
v -0.05347472 0.00016532 -0.00675236
v -0.05220942 -0.00050071 -0.00678053
v -0.07822244 -0.00009220 -0.00649894
v -0.02018666 -0.00035974 -0.00744325
v -0.02861919 -0.00050809 -0.00728712
v -0.03410499 -0.00072043 -0.00721611
v -0.04898165 -0.00076622 -0.00687188
v -0.04110901 -0.00056175 -0.00701989
v -0.01053038 -0.00032739 -0.00762191
v -0.00170616 -0.00026985 -0.00771244
v -0.07042274 -0.00063473 -0.00657483
v -0.06646506 -0.00062210 -0.00657875
v -0.06042481 -0.00062447 -0.00668311
v -0.07850839 -0.00001592 -0.00638726
v 0.03832568 -0.00064686 -0.00893446
v 0.03962401 0.00619088 -0.00653839
v 0.03967240 0.00522992 -0.00795132
v 0.03988937 0.00596028 -0.00719052
v 0.04073691 0.00704407 -0.00635676
v 0.03980519 0.00690141 -0.00550416
v 0.03897529 0.00479616 -0.00738883
v 0.03896757 0.00373744 -0.00851756
v -0.07440406 -0.00065739 -0.00654143
v -0.02332586 -0.00119227 -0.00734831
v -0.01367092 -0.00106682 -0.00752276
v -0.05328201 -0.00123431 -0.00673375
v -0.07755730 -0.00060995 -0.00650803
v 0.00108929 -0.00107894 -0.00770874
v -0.00888319 -0.00111995 -0.00760198
v 0.00844790 -0.00114835 -0.00779875
v -0.04841267 -0.00186494 -0.00683914
v -0.03969148 -0.00124812 -0.00703235
v 0.01732431 -0.00092111 -0.00816359
v 0.02596593 -0.00102387 -0.00825809
v 0.03019352 -0.00109784 -0.00834030
v -0.05557644 -0.00184398 -0.00662531
v 0.03586716 -0.00102311 -0.00858361
v 0.03801647 -0.00113189 -0.00874615
v 0.00231361 -0.00188893 -0.00765979
v -0.02695104 -0.00193406 -0.00722701
v -0.01393139 -0.00183867 -0.00743632
v -0.00966675 -0.00192626 -0.00750617
v -0.04483609 -0.00217389 -0.00686807
v -0.03831692 -0.00217791 -0.00697621
v -0.05954404 -0.00191193 -0.00657659
v -0.06652484 -0.00187409 -0.00645168
v -0.07810550 -0.00159650 -0.00636547
v 0.00858279 -0.00184867 -0.00773033
v 0.01231095 -0.00195507 -0.00782362
v -0.06988763 -0.00234598 -0.00638013
v -0.07447218 -0.00233031 -0.00633007
v -0.07766638 -0.00195368 -0.00630929
v 0.03364249 -0.00188373 -0.00838354
v 0.02574582 -0.00188353 -0.00812297
v 0.03808759 -0.00198789 -0.00859070
v 0.01791711 -0.00178555 -0.00801033
v -0.06655901 -0.00236029 -0.00636639
v -0.05956009 -0.00262793 -0.00642737
v -0.05648305 -0.00255584 -0.00645591
v -0.05251320 -0.00255865 -0.00654460
v -0.04876482 -0.00264864 -0.00666524
v 0.03855893 -0.00255759 -0.00867986
v 0.00494289 -0.00267183 -0.00751414
v 0.01082048 -0.00262420 -0.00757730
v -0.03120857 -0.00270166 -0.00697749
v -0.04275462 -0.00266852 -0.00678169
v -0.00239649 -0.00264414 -0.00740286
v -0.00967909 -0.00291272 -0.00725642
v -0.02215366 -0.00268507 -0.00711067
v -0.02782827 -0.00272593 -0.00700658
v 0.01778066 -0.00243872 -0.00784621
v 0.02312304 -0.00260756 -0.00783627
v -0.01273377 -0.00283862 -0.00718843
v 0.02778152 -0.00278458 -0.00793260
v 0.03295833 -0.00269764 -0.00810061
v 0.03658620 -0.00257508 -0.00829024
v -0.07767123 -0.00301191 -0.00600633
v -0.07830268 -0.00339311 -0.00573196
v -0.02480326 -0.00309492 -0.00693983
v -0.06497776 -0.00290754 -0.00618091
v 0.03817159 -0.00261894 -0.00838543
v -0.05096453 -0.00315836 -0.00637754
v 0.00281676 -0.00352218 -0.00718536
v -0.00322925 -0.00332612 -0.00714159
v -0.01689363 -0.00311898 -0.00701599
v -0.03059452 -0.00358345 -0.00661586
v 0.00859214 -0.00440184 -0.00686253
v 0.01391957 -0.00436687 -0.00696188
v 0.01649523 -0.00456975 -0.00692719
v -0.04375429 -0.00346085 -0.00645236
v -0.04857189 -0.00350004 -0.00633002
v 0.00240890 -0.00450230 -0.00678705
v -0.00440964 -0.00446829 -0.00663707
v -0.00957040 -0.00446714 -0.00659066
v -0.01477632 -0.00479394 -0.00632906
v -0.02463146 -0.00472190 -0.00622550
v -0.01820293 -0.00479363 -0.00625633
v -0.05608631 -0.00423982 -0.00572848
v -0.06887207 -0.00337275 -0.00593973
v -0.07555354 -0.00354229 -0.00578459
v 0.02250954 -0.00461400 -0.00692180
v -0.06149651 -0.00471774 -0.00540502
v -0.06634435 -0.00436842 -0.00546003
v -0.07455265 -0.00417104 -0.00548386
v -0.04477329 -0.00436205 -0.00600391
v -0.03917692 -0.00442863 -0.00603169
v -0.03047673 -0.00453031 -0.00616497
v 0.03824748 -0.00427714 -0.00760186
v 0.03524106 -0.00474488 -0.00717420
v 0.03306405 -0.00472075 -0.00710984
v 0.02841608 -0.00472387 -0.00701922
v -0.05067363 -0.00449224 -0.00573894
v -0.00901751 -0.00498595 -0.00634134
v 0.00125069 -0.00510810 -0.00646086
v 0.00854668 -0.00519958 -0.00646449
v -0.01213306 -0.00489249 -0.00630237
v -0.05375556 -0.00503734 -0.00535078
v -0.07759657 -0.00408591 -0.00545057
v 0.03862616 -0.00349451 -0.00811839
v 0.01447955 -0.00517272 -0.00653744
v 0.03827107 -0.00479197 -0.00731509
v 0.03887304 -0.00516719 -0.00721025
v -0.00445884 -0.00828690 -0.00185695
v -0.00010413 -0.00799223 -0.00308488
v 0.00257072 -0.00838566 -0.00198771
v 0.00323638 -0.00805856 -0.00306495
v 0.00555402 -0.00843504 -0.00197726
v -0.00271740 -0.00877971 0.00006897
v -0.00427799 -0.00878084 0.00018285
v 0.00541475 -0.00881491 -0.00050051
v 0.00102499 -0.00880197 0.00003655
v -0.00768267 -0.00877725 0.00010994
v -0.00954660 -0.00825369 -0.00184649
v -0.01206270 -0.00830343 -0.00171925
v -0.00962440 -0.00879408 0.00022895
v -0.01269553 -0.00876825 -0.00002921
v 0.01008719 -0.00845930 -0.00175552
v 0.00998075 -0.00881916 -0.00011448
v 0.01346742 -0.00877723 -0.00011008
v 0.01459266 -0.00855647 -0.00116369
v 0.01430048 -0.00870266 -0.00043423
v 0.01405362 -0.00836043 -0.00197580
v -0.01610068 -0.00832617 -0.00162791
v -0.02141828 -0.00848566 -0.00105040
v -0.01735509 -0.00880175 0.00000074
v -0.02336570 -0.00874705 0.00001117
v -0.02713523 -0.00845717 -0.00100784
v 0.01924291 -0.00824493 -0.00170806
v -0.02718075 -0.00876327 0.00005450
v -0.03412810 -0.00874073 0.00009556
v 0.00946266 -0.00803553 -0.00308756
v 0.01337672 -0.00801160 -0.00305672
v 0.00616465 -0.00804428 -0.00309972
v 0.01846893 -0.00795025 -0.00280520
v 0.02242305 -0.00777375 -0.00274327
v 0.02189972 -0.00811846 -0.00151171
v 0.02477107 -0.00791575 -0.00187265
v 0.02900653 -0.00784480 -0.00153175
v 0.03020728 -0.00753799 -0.00280157
v 0.03380939 -0.00745144 -0.00275979
v 0.03440264 -0.00720836 -0.00361396
v 0.03768819 -0.00734675 -0.00316372
v 0.03896201 -0.00716273 -0.00382638
v 0.03900341 -0.00743491 -0.00263308
v -0.03306917 -0.00838222 -0.00102997
v -0.03810395 -0.00849041 -0.00049320
v -0.04127966 -0.00868435 0.00043323
v -0.04167121 -0.00850838 -0.00031066
v -0.04307102 -0.00824704 -0.00110630
v 0.03063242 -0.00715302 -0.00391385
v -0.02233362 -0.00809346 -0.00216096
v -0.01131665 -0.00794326 -0.00271708
v -0.00386671 -0.00795800 -0.00288023
v -0.01730108 -0.00795611 -0.00258567
v -0.04682962 -0.00854482 -0.00033476
v -0.04530820 -0.00873596 0.00054102
v -0.04754603 -0.00873590 0.00039048
v -0.05200734 -0.00850526 -0.00045573
v -0.04854199 -0.00807465 -0.00162174
v -0.05301306 -0.00827287 -0.00117211
v -0.05794120 -0.00816402 -0.00134874
v -0.05799481 -0.00847627 -0.00039502
v -0.06327203 -0.00838380 -0.00037488
v -0.05525901 -0.00872297 0.00042402
v -0.03905203 -0.00801591 -0.00173204
v -0.02433552 -0.00793566 -0.00249984
v -0.03049282 -0.00800024 -0.00208538
v -0.06447779 -0.00790377 -0.00161444
v -0.06859403 -0.00827100 -0.00035999
v -0.06303487 -0.00854475 0.00031723
v -0.05702394 -0.00870304 0.00052157
v -0.06818169 -0.00786864 -0.00155131
v 0.02137801 -0.00748116 -0.00359258
v -0.04505450 -0.00798047 -0.00179663
v -0.05652613 -0.00794944 -0.00194335
v -0.05296467 -0.00793770 -0.00200971
v 0.03848926 -0.00668185 -0.00502297
v -0.07500227 -0.00770923 -0.00105625
v -0.07467364 -0.00731667 -0.00214289
v -0.07754879 -0.00707099 -0.00227072
v 0.03432605 -0.00685243 -0.00443109
v -0.06054940 -0.00764851 -0.00236736
v -0.07766204 -0.00762076 -0.00073874
v -0.07816370 -0.00724593 -0.00167039
v -0.03792069 -0.00767857 -0.00245670
v -0.02945989 -0.00772404 -0.00266874
v -0.06919138 -0.00714595 -0.00291054
v -0.07453016 -0.00697021 -0.00282376
v -0.06480058 -0.00717938 -0.00300223
v -0.04669957 -0.00755974 -0.00259786
v 0.03363907 -0.00647440 -0.00511459
v 0.02690951 -0.00711530 -0.00410516
v 0.02163385 -0.00719603 -0.00414743
v 0.01775387 -0.00722465 -0.00424912
v -0.04801418 -0.00725593 -0.00311253
v -0.05431383 -0.00735157 -0.00305600
v -0.06159342 -0.00715864 -0.00315613
v 0.02906814 -0.00657023 -0.00493791
v -0.02315962 -0.00724558 -0.00375731
v -0.03828169 -0.00718522 -0.00330765
v -0.02858637 -0.00721805 -0.00356202
v -0.00412500 -0.00742137 -0.00380468
v -0.01182704 -0.00727131 -0.00388068
v -0.01562404 -0.00724530 -0.00382183
v -0.01982954 -0.00720855 -0.00382894
v 0.01386809 -0.00725985 -0.00431574
v 0.00892160 -0.00742854 -0.00410864
v 0.00010002 -0.00739367 -0.00406385
v 0.00354113 -0.00725525 -0.00435081
v 0.00628180 -0.00726250 -0.00435182
v -0.07582202 -0.00800310 0.00015327
v -0.07000945 -0.00835849 0.00030206
v 0.03898420 -0.00677436 -0.00498432
v -0.07753665 -0.00637628 -0.00340046
v -0.05192351 -0.00870820 0.00049355
v 0.03830332 -0.00572777 -0.00649612
v 0.03552023 -0.00611145 -0.00570754
v -0.07818733 -0.00645992 -0.00309764
v 0.02173074 -0.00662718 -0.00496898
v 0.03897036 -0.00586717 -0.00647332
v 0.00855714 -0.00709094 -0.00457981
v 0.03420357 -0.00557954 -0.00631927
v -0.07454605 -0.00634058 -0.00367542
v 0.00034980 -0.00702984 -0.00455778
v 0.02837508 -0.00563197 -0.00613438
v -0.00442718 -0.00681551 -0.00458834
v -0.05412873 -0.00700721 -0.00350771
v -0.04711741 -0.00680026 -0.00371459
v -0.03357867 -0.00701774 -0.00365849
v -0.03921564 -0.00638650 -0.00428419
v -0.03027117 -0.00634315 -0.00456376
v -0.02081145 -0.00647353 -0.00470640
v -0.01414924 -0.00650128 -0.00473260
v -0.00804587 -0.00653080 -0.00483996
v -0.02319177 -0.00567970 -0.00552616
v 0.01945233 -0.00621290 -0.00549461
v 0.01399712 -0.00637555 -0.00535390
v -0.06913113 -0.00635507 -0.00385693
v -0.06300969 -0.00635278 -0.00402695
v 0.03942491 -0.00737853 -0.00353366
v 0.02162065 -0.00569030 -0.00604887
v 0.00572188 -0.00623032 -0.00551480
v 0.00272330 -0.00618243 -0.00554604
v 0.01645020 -0.00556591 -0.00621911
v 0.00849983 -0.00559946 -0.00619065
v -0.05445776 -0.00634629 -0.00423934
v -0.04478794 -0.00547883 -0.00522168
v -0.03832474 -0.00552398 -0.00525160
v -0.03055680 -0.00549516 -0.00545310
v -0.00415689 -0.00582263 -0.00569879
v -0.04977919 -0.00654298 -0.00400470
v -0.04749217 -0.00555165 -0.00506285
v -0.01518895 -0.00570785 -0.00556525
v -0.01111838 -0.00557564 -0.00575808
v -0.04990860 -0.00575028 -0.00481495
v -0.05379135 -0.00569485 -0.00488436
v -0.07443752 -0.00535876 -0.00468223
v -0.07761518 -0.00541066 -0.00442653
v -0.06945574 -0.00544656 -0.00473360
v -0.06452459 -0.00552067 -0.00477400
v 0.03829826 -0.00532265 -0.00690947
v -0.00811578 -0.00538342 -0.00603351
v 0.00172614 -0.00550093 -0.00619352
v 0.03887304 -0.00516719 -0.00721025
v -0.07825171 -0.00557800 -0.00409993
v 0.02841608 -0.00472387 -0.00701922
v 0.03306405 -0.00472075 -0.00710984
v 0.03524106 -0.00474488 -0.00717420
v -0.07807279 -0.00492462 -0.00483034
v 0.02168872 -0.00516264 -0.00652670
v -0.07843997 -0.00689988 -0.00194314
v -0.01563034 -0.00527893 -0.00594379
v -0.02279041 -0.00520847 -0.00593498
v -0.07400788 -0.00499642 -0.00496855
v -0.00901751 -0.00498595 -0.00634134
v -0.01213306 -0.00489249 -0.00630237
v 0.01925797 -0.00849522 -0.00038034
v 0.02451576 -0.00818000 -0.00031520
v -0.07757909 -0.00791832 0.00076522
v -0.04567872 -0.00498223 -0.00560338
v -0.05009617 -0.00491772 -0.00548934
v -0.03839151 -0.00506960 -0.00562168
v 0.03411480 -0.00782603 -0.00039577
v 0.03090051 -0.00795556 -0.00033810
v 0.03820731 -0.00765138 -0.00119927
v -0.03125677 -0.00880307 0.00041959
v -0.04039502 -0.00875998 0.00083316
v 0.01447955 -0.00517272 -0.00653744
v 0.00854668 -0.00519958 -0.00646449
v 0.00125069 -0.00510810 -0.00646086
v -0.06633759 -0.00503516 -0.00506457
v -0.05375556 -0.00503734 -0.00535078
v -0.06149651 -0.00471774 -0.00540502
v 0.03827107 -0.00479197 -0.00731509
v -0.01477632 -0.00479394 -0.00632906
v -0.01820293 -0.00479363 -0.00625633
v -0.03047673 -0.00453031 -0.00616497
v -0.02463146 -0.00472190 -0.00622550
v -0.04288354 -0.00878415 0.00185320
v -0.04540292 -0.00882066 0.00184573
v 0.03906819 -0.00762916 -0.00082174
v 0.03936588 -0.00752807 -0.00156857
v 0.03954931 -0.00773664 -0.00094348
v -0.07460331 -0.00820057 0.00138006
v -0.07116389 -0.00839666 0.00144288
v -0.06638853 -0.00856672 0.00143584
v -0.02710220 -0.00883718 0.00083868
v -0.01826035 -0.00884269 0.00056861
v -0.02316845 -0.00883588 0.00097517
v -0.01285627 -0.00879799 0.00045993
v 0.03819471 -0.00772107 -0.00042367
v -0.03202735 -0.00885403 0.00131848
v -0.06276460 -0.00864484 0.00151508
v -0.05683820 -0.00878657 0.00164342
v -0.04909355 -0.00881606 0.00160582
v -0.05426542 -0.00880099 0.00162370
v -0.05125815 -0.00882079 0.00246862
v 0.01587348 -0.00865334 0.00023211
v -0.07858597 -0.00739207 -0.00026480
v -0.06962152 -0.00843323 0.00139060
v -0.04125545 -0.00883676 0.00259985
v -0.03727423 -0.00884830 0.00283584
v -0.04706762 -0.00882615 0.00269536
v -0.07797024 -0.00795884 0.00260526
v 0.00577771 -0.00882687 0.00015619
v -0.06073358 -0.00871970 0.00258270
v -0.06681567 -0.00855595 0.00262946
v -0.05544020 -0.00876033 0.00303497
v -0.02696595 -0.00887322 0.00285933
v -0.07550732 -0.00816116 0.00284763
v -0.07029675 -0.00840498 0.00272207
v 0.02012835 -0.00844607 0.00028180
v 0.02524849 -0.00814586 0.00033205
v 0.03011505 -0.00796741 0.00034696
v 0.03399292 -0.00781166 0.00020392
v 0.03806335 -0.00767002 0.00028760
v -0.02570339 -0.00884551 0.00301281
v -0.02292381 -0.00879167 0.00295737
v -0.02019809 -0.00873530 0.00293093
v -0.04956837 -0.00879290 0.00324173
v -0.07826187 -0.00782117 0.00238452
v -0.03290511 -0.00881756 0.00357059
v -0.07763096 -0.00792192 0.00369720
v -0.01665381 -0.00860892 0.00293045
v 0.03908409 -0.00754323 0.00059985
v -0.03655950 -0.00880130 0.00349628
v -0.03924093 -0.00879081 0.00324612
v -0.04417460 -0.00877538 0.00317311
v -0.02760747 -0.00883945 0.00323502
v -0.07667856 -0.00797603 0.00380084
v -0.06794376 -0.00840032 0.00341028
v -0.06117058 -0.00856462 0.00348057
v -0.00888169 -0.00853818 0.00203831
v -0.01294612 -0.00859824 0.00210851
v -0.01268369 -0.00847800 0.00292331
v -0.00922475 -0.00840256 0.00286242
v 0.03936629 -0.00755402 0.00044878
v 0.03927695 -0.00733460 0.00259722
v 0.01413050 -0.00859041 0.00109698
v 0.00960290 -0.00851121 0.00183020
v 0.00549625 -0.00854026 0.00186973
v 0.00131210 -0.00852847 0.00189664
v -0.00279173 -0.00850029 0.00191335
v 0.02002809 -0.00833404 0.00098408
v -0.00309908 -0.00833387 0.00276399
v 0.00137090 -0.00834519 0.00271122
v 0.02611639 -0.00782262 0.00174955
v 0.03815399 -0.00745444 0.00149256
v 0.01400775 -0.00843728 0.00189684
v 0.02024330 -0.00805544 0.00222057
v 0.03885466 -0.00712489 0.00284329
v 0.03931167 -0.00696367 -0.00507722
v 0.03558183 -0.00742618 0.00184052
v 0.03743617 -0.00727059 0.00239993
v -0.02430962 -0.00868560 0.00356875
v -0.01852808 -0.00850966 0.00363918
v -0.07764186 -0.00755778 0.00516925
v 0.01188043 -0.00824379 0.00275392
v 0.00611686 -0.00830209 0.00276728
v -0.01373448 -0.00830899 0.00359854
v -0.04988291 -0.00851002 0.00431135
v -0.06067815 -0.00836753 0.00426372
v -0.06735722 -0.00820392 0.00419800
v -0.07148211 -0.00792453 0.00467820
v -0.04510743 -0.00849917 0.00420174
v -0.03890999 -0.00852379 0.00421624
v -0.03840675 -0.00826217 0.00497797
v 0.01850574 -0.00799153 0.00269830
v 0.01394140 -0.00807244 0.00308441
v -0.07837993 -0.00729852 0.00559355
v -0.07834430 -0.00766720 0.00388934
v 0.02577650 -0.00758088 0.00265835
v 0.03576722 -0.00715270 0.00277702
v -0.07870521 -0.00730737 0.00500857
v -0.05059839 -0.00825056 0.00511251
v -0.04485622 -0.00821395 0.00506787
v -0.06951652 -0.00789976 0.00493392
v -0.05848430 -0.00806060 0.00529846
v -0.06175189 -0.00804405 0.00516163
v -0.00425058 -0.00811819 0.00344316
v -0.00948135 -0.00813781 0.00369784
v 0.00938113 -0.00813487 0.00316776
v 0.00080452 -0.00813746 0.00331583
v 0.00395757 -0.00813970 0.00325275
v -0.02868237 -0.00810062 0.00544253
v -0.02479220 -0.00823634 0.00490533
v -0.03299640 -0.00833015 0.00492381
v -0.01949028 -0.00809797 0.00469090
v -0.07780582 -0.00713619 0.00634082
v -0.07529807 -0.00726141 0.00615085
v -0.07014944 -0.00754087 0.00576368
v -0.01109850 -0.00798751 0.00417811
v 0.03887623 -0.00683474 0.00374411
v 0.03820612 -0.00667271 0.00396008
v 0.03584043 -0.00688527 0.00336093
v 0.03099406 -0.00713057 0.00323077
v -0.04074458 -0.00798581 0.00566191
v -0.05073903 -0.00801563 0.00568778
v -0.04507123 -0.00798726 0.00561640
v -0.03268499 -0.00803872 0.00564688
v -0.05626760 -0.00789304 0.00575715
v -0.03364588 -0.00806267 0.00555697
v -0.03719450 -0.00799463 0.00561204
v 0.02498017 -0.00724715 0.00355193
v -0.06294108 -0.00770567 0.00582790
v 0.03915337 -0.00688247 0.00399978
v 0.01910945 -0.00762452 0.00344863
v -0.07872358 -0.00745708 0.00206135
v -0.07840560 -0.00686868 0.00665606
v -0.07877294 -0.00657778 0.00716060
v -0.07882145 -0.00683335 0.00604617
v -0.01467715 -0.00802675 0.00429821
v -0.02499107 -0.00801995 0.00538645
v -0.07088390 -0.00724614 0.00634100
v -0.06341373 -0.00735280 0.00647474
v -0.00466956 -0.00766987 0.00433469
v 0.01840262 -0.00730922 0.00411495
v -0.07876244 -0.00567007 -0.00348618
v -0.01256027 -0.00753391 0.00509802
v -0.01777363 -0.00752468 0.00554768
v 0.00258951 -0.00741525 0.00458086
v 0.00657790 -0.00738002 0.00454020
v 0.01239857 -0.00734486 0.00444495
v 0.01458936 -0.00729063 0.00438430
v 0.03633224 -0.00655940 0.00399023
v 0.03476306 -0.00649085 0.00410840
v -0.05579182 -0.00729950 0.00682361
v -0.05135497 -0.00729904 0.00687828
v -0.07764892 -0.00646644 0.00755488
v -0.07620950 -0.00646538 0.00750398
v 0.02870032 -0.00645522 0.00452654
v 0.02309183 -0.00660877 0.00474731
v -0.07166120 -0.00684462 0.00697526
v -0.01149210 -0.00726032 0.00545762
v -0.00516552 -0.00734222 0.00490291
v -0.06198981 -0.00715959 0.00684426
v 0.04009734 -0.00825110 -0.00078292
v -0.04609607 -0.00726015 0.00681620
v -0.04146148 -0.00726355 0.00679220
v -0.03859978 -0.00723005 0.00679765
v 0.03878076 -0.00604375 0.00503274
v -0.06924855 -0.00687887 0.00694736
v -0.03453232 -0.00732065 0.00670295
v -0.03250966 -0.00735527 0.00665997
v -0.02825251 -0.00738362 0.00647822
v 0.03620316 -0.00591556 0.00488469
v -0.01885685 -0.00721929 0.00609674
v -0.02419918 -0.00738098 0.00625006
v -0.07848991 -0.00571251 0.00847096
v 0.04003483 -0.00807256 0.00254663
v 0.04039401 -0.00847816 -0.00044427
v 0.04084729 -0.00852886 0.00262659
v 0.04123321 -0.00889733 0.00041832
v 0.04157550 -0.00881959 0.00265232
v 0.04301145 -0.00919114 0.00062352
v 0.04400920 -0.00912098 0.00374476
v 0.04205160 -0.00880502 0.00383394
v 0.04421794 -0.00929599 0.00091783
v 0.04612436 -0.00919544 0.00446215
v 0.04734956 -0.00926503 0.00361679
v 0.04951240 -0.00938336 0.00467414
v 0.05082814 -0.00936111 0.00360716
v 0.05410459 -0.00941100 0.00368003
v 0.05387984 -0.00953589 0.00471613
v 0.05456602 -0.00964432 0.00522721
v 0.05718530 -0.00968335 0.00469613
v 0.05881262 -0.00959273 0.00416842
v 0.06480981 -0.00943935 0.00313250
v 0.06485474 -0.00978231 0.00467760
v 0.05886784 -0.00942026 0.00302930
v 0.05486675 -0.00934273 0.00276995
v 0.06684020 -0.00951054 0.00307149
v 0.06809545 -0.00989370 0.00458390
v 0.06487506 -0.00934263 0.00195244
v 0.06690040 -0.00937628 0.00184483
v 0.05976061 -0.00937293 0.00214712
v 0.06975517 -0.00963437 0.00204571
v 0.07127505 -0.01002366 0.00378374
v 0.07205850 -0.00969301 0.00202651
v 0.07575191 -0.01000331 0.00312896
v 0.07420233 -0.01012130 0.00389190
v 0.07754107 -0.01015117 0.00378201
v 0.07957926 -0.01006182 0.00314025
v 0.06991574 -0.00946279 0.00058713
v 0.07426076 -0.00939091 0.00045061
v 0.07615819 -0.00966808 0.00191151
v 0.07892414 -0.00932045 0.00052420
v 0.07938482 -0.00948338 0.00137948
v 0.08414497 -0.00910053 0.00052058
v 0.08398458 -0.00927382 0.00139541
v 0.08774509 -0.00902868 0.00124536
v 0.07595924 -0.00921589 -0.00064457
v 0.07155765 -0.00933095 -0.00043380
v 0.08680569 -0.00890481 -0.00006370
v 0.06832263 -0.00945733 0.00131104
v 0.07845696 -0.00923275 -0.00041988
v 0.08347427 -0.00905505 -0.00031375
v 0.08029820 -0.00967197 0.00206139
v 0.08389399 -0.00963455 0.00240737
v 0.09019714 -0.00866639 0.00041958
v 0.09247435 -0.00858089 0.00116870
v 0.09251181 -0.00884046 0.00247018
v 0.09489106 -0.00866565 0.00242224
v 0.09602470 -0.00852731 0.00198041
v 0.09276265 -0.00841487 0.00015371
v 0.08602459 -0.00951041 0.00259366
v 0.08634324 -0.00956762 0.00308413
v 0.08888360 -0.00934554 0.00306060
v 0.07961354 -0.01010046 0.00365826
v 0.09159592 -0.00903469 0.00297752
v 0.09473021 -0.00864120 0.00262079
v 0.08253880 -0.00992864 0.00303495
v 0.09434020 -0.00838358 -0.00033296
v 0.09284563 -0.00834689 -0.00052761
v 0.06992457 -0.00999638 0.00454971
v 0.06715650 -0.00937128 0.00035464
v 0.05983159 -0.00975454 0.00540029
v 0.06970265 -0.00939900 -0.00070933
v 0.06818843 -0.00942582 -0.00054237
v 0.07142308 -0.00932145 -0.00204575
v 0.09297415 -0.00831045 -0.00135601
v 0.07149755 -0.00930162 -0.00127317
v 0.09657628 -0.00850551 0.00069314
v 0.07619174 -0.00918564 -0.00206400
v 0.07887064 -0.00919728 -0.00196505
v 0.08186660 -0.00906334 -0.00252397
v 0.08427390 -0.00896305 -0.00206168
v 0.08876350 -0.00866206 -0.00205146
v 0.08977003 -0.00858976 -0.00128225
v 0.05227606 -0.00932031 0.00147656
v 0.04998073 -0.00934598 0.00226687
v 0.05935154 -0.00936988 0.00070299
v 0.05405383 -0.00955003 0.00536942
v 0.07350649 -0.01008941 0.00444390
v 0.06594604 -0.00979056 0.00523737
v 0.09256008 -0.00838460 -0.00195397
v 0.09760700 -0.00844632 0.00111397
v 0.05194615 -0.00935183 0.00001717
v 0.04949900 -0.00940408 -0.00006037
v 0.05993900 -0.00942437 -0.00020711
v 0.04960146 -0.00935743 0.00537593
v 0.08483746 -0.00900091 -0.00298920
v 0.04674505 -0.00910271 0.00525375
v 0.09651206 -0.00857431 -0.00031094
v 0.09884705 -0.00848299 -0.00001418
v 0.04676828 -0.00938887 -0.00012212
v 0.08740718 -0.00880660 -0.00283181
v 0.09395924 -0.00847500 -0.00201004
v 0.07676371 -0.00926097 -0.00283332
v 0.08076918 -0.00917057 -0.00287661
v 0.06732935 -0.00949108 -0.00121252
v 0.05143150 -0.00947190 -0.00117379
v 0.04716220 -0.00952755 -0.00123141
v 0.09727371 -0.00877623 -0.00263844
v 0.09893698 -0.00864252 -0.00234431
v 0.09772498 -0.00872158 -0.00403055
v 0.09878640 -0.00851334 -0.00423730
v 0.09768111 -0.00863429 -0.00466944
v 0.09629258 -0.00892007 -0.00452930
v 0.09678004 -0.00872090 -0.00506716
v 0.09396594 -0.00898074 -0.00540460
v 0.09465858 -0.00901342 -0.00469297
v 0.09577864 -0.00890986 -0.00369134
v 0.09240420 -0.00908394 -0.00471993
v 0.09610864 -0.00864923 -0.00556419
v 0.09259993 -0.00884618 -0.00620502
v 0.09196635 -0.00915241 -0.00545676
v 0.09072547 -0.00914545 -0.00617391
v 0.08721829 -0.00952222 -0.00549707
v 0.08704959 -0.00948445 -0.00620676
v 0.09644088 -0.00883158 -0.00250713
v 0.08885082 -0.00921517 -0.00458740
v 0.08656009 -0.00964133 -0.00589371
v 0.08555193 -0.00963693 -0.00623519
v 0.08454226 -0.00982778 -0.00545481
v 0.08606177 -0.00958741 -0.00501448
v 0.08134179 -0.01007980 -0.00617312
v 0.08119551 -0.01008457 -0.00560316
v 0.04395059 -0.00943500 -0.00047061
v 0.06748475 -0.00964118 -0.00236935
v 0.05888275 -0.00953129 -0.00115029
v 0.09459812 -0.00892361 -0.00384690
v 0.09012381 -0.00867244 -0.00275865
v 0.08066121 -0.01020067 -0.00591949
v 0.07941374 -0.01017162 -0.00645184
v 0.07644304 -0.01034617 -0.00620748
v 0.07719337 -0.01023272 -0.00659114
v 0.06902361 -0.01024921 -0.00672516
v 0.06774975 -0.01037495 -0.00625502
v 0.06294173 -0.01020911 -0.00669539
v 0.05913319 -0.01019379 -0.00657326
v 0.05822120 -0.01034610 -0.00609443
v 0.06352283 -0.01035989 -0.00557422
v 0.05734882 -0.01038414 -0.00553533
v 0.05446414 -0.01023596 -0.00610970
v 0.05295248 -0.01033115 -0.00545338
v 0.04985621 -0.01023649 -0.00556272
v 0.07594373 -0.01033542 -0.00570188
v 0.06923614 -0.01033630 -0.00538935
v 0.07193534 -0.01033427 -0.00563969
v 0.05187952 -0.01026116 -0.00482727
v 0.04816025 -0.01021815 -0.00485662
v 0.04709775 -0.01020014 -0.00507597
v 0.05736069 -0.01030988 -0.00480118
v 0.04453486 -0.00995945 -0.00352040
v 0.04467566 -0.00998665 -0.00438651
v 0.04406387 -0.00991347 -0.00375208
v 0.04623023 -0.01000978 -0.00523089
v 0.04433630 -0.00957568 -0.00563518
v 0.06526689 -0.01024809 -0.00485596
v 0.04319449 -0.00956410 -0.00447340
v 0.07140484 -0.00942739 -0.00281839
v 0.04313316 -0.00968854 -0.00276251
v 0.04368350 -0.00969786 -0.00198907
v 0.06549523 -0.00960438 -0.00191803
v 0.04227917 -0.00943999 -0.00326948
v 0.08497487 -0.00964500 0.00350256
v 0.08641246 -0.00955405 0.00344335
v 0.08888064 -0.00925432 0.00365126
v 0.04197046 -0.00926443 -0.00110790
v 0.09656987 -0.00846974 0.00194288
v 0.06929213 -0.00982591 0.00508714
v 0.06977151 -0.00964835 -0.00317519
v 0.04442522 -0.00904930 0.00445302
v 0.05920998 -0.00964171 -0.00183889
v 0.05185589 -0.00959867 -0.00187793
v 0.04822096 -0.00964192 -0.00200647
v 0.05870841 -0.01012862 -0.00380589
v 0.05400816 -0.01007227 -0.00363376
v 0.06326702 -0.01009215 -0.00389137
v 0.06776306 -0.00999371 -0.00400653
v 0.07106046 -0.00998701 -0.00445383
v 0.04996034 -0.00997399 -0.00357391
v 0.09243502 -0.00895650 -0.00398269
v 0.09063602 -0.00903583 0.00354538
v 0.09215342 -0.00889843 0.00330329
v 0.04702895 -0.00983900 -0.00583237
v 0.05107544 -0.00938754 -0.00747964
v 0.05552564 -0.00945365 -0.00776860
v 0.08270549 -0.00964279 -0.00676729
v 0.05519364 -0.00956107 0.00567450
v 0.04201072 -0.00882292 -0.00559951
v 0.09241029 -0.00858284 -0.00277305
v 0.08762127 -0.00895399 -0.00349849
v 0.04153102 -0.00882570 -0.00492871
v 0.04114073 -0.00896074 -0.00087980
v 0.04932553 -0.00954498 -0.00680369
v 0.08492343 -0.00910078 -0.00337935
v 0.04428164 -0.00869403 -0.00736933
v 0.04719977 -0.00872396 -0.00802343
v 0.08183671 -0.00932891 -0.00372285
v 0.07826845 -0.00953420 -0.00388503
v 0.07679027 -0.01003030 0.00433623
v 0.08818128 -0.00899874 -0.00691046
v 0.09895203 -0.00792820 -0.00554450
v 0.06181463 -0.00949505 -0.00796604
v 0.06736948 -0.00956390 -0.00790218
v 0.07232909 -0.00951973 -0.00786353
v 0.04293078 -0.00886476 -0.00626041
v 0.08419965 -0.00970077 -0.00489576
v 0.08176146 -0.00982440 -0.00487162
v 0.07136893 -0.00963140 -0.00352158
v 0.07474467 -0.00958571 -0.00358691
v 0.04131257 -0.00894381 -0.00369277
v 0.07548007 -0.00997876 -0.00462970
v 0.04917619 -0.00865335 -0.00838126
v 0.09970309 -0.00821688 -0.00338244
v 0.05072561 -0.00868306 -0.00860068
v 0.04109576 -0.00889752 -0.00296389
v 0.09966082 -0.00830853 -0.00179088
v 0.08593813 -0.00904013 -0.00716452
v 0.04376105 -0.00880515 0.00481667
v 0.06187512 -0.00963966 0.00569937
v 0.05236550 -0.00867779 -0.00867236
v 0.09079701 -0.00889658 -0.00657095
v 0.09868687 -0.00807715 0.00147572
v 0.07716273 -0.00945471 -0.00779391
v 0.09594123 -0.00830156 0.00261719
v 0.07976038 -0.00941208 -0.00755535
v 0.09978031 -0.00808916 -0.00030748
v 0.04056833 -0.00816328 0.00381458
v 0.04171053 -0.00794716 -0.00711073
v 0.04475550 -0.00871594 0.00542846
v 0.04091600 -0.00801652 -0.00624304
v 0.05543226 -0.00876056 -0.00876213
v 0.09772074 -0.00779038 -0.00614725
v 0.04306252 -0.00801105 -0.00774278
v 0.09765587 -0.00805465 0.00207506
v 0.04049903 -0.00805199 -0.00548495
v 0.06136255 -0.00882474 -0.00886795
v 0.08401740 -0.00870821 -0.00788459
v 0.07999551 -0.00869577 -0.00845084
v 0.04813395 -0.00898001 0.00583925
v 0.06731784 -0.00872154 -0.00897221
v 0.07204500 -0.00881047 -0.00877287
v 0.09929425 -0.00795237 -0.00499082
v 0.05384501 -0.00922948 0.00596162
v 0.05030311 -0.00912621 0.00589379
v 0.04595337 -0.00803297 -0.00864003
v 0.04432710 -0.00808274 -0.00826806
v 0.04168038 -0.00798868 0.00535696
v 0.07281976 -0.00969722 0.00521098
v 0.07708347 -0.00869846 -0.00872559
v 0.09667263 -0.00798744 -0.00626411
v 0.08006524 -0.00970770 0.00430061
v 0.07685537 -0.00974213 0.00480560
v 0.04812531 -0.00789877 -0.00913900
v 0.04032320 -0.00822918 -0.00368287
v 0.04215810 -0.00709168 -0.00850105
v 0.04125682 -0.00721775 -0.00784361
v 0.04047504 -0.00733107 -0.00698543
v 0.06132708 -0.00848684 -0.00925477
v 0.09923847 -0.00721185 -0.00633040
v 0.04409327 -0.00806497 0.00618952
v 0.03976791 -0.00767531 0.00348613
v 0.10080718 -0.00739587 -0.00077258
v 0.03973556 -0.00734148 -0.00568137
v 0.08557623 -0.00885428 0.00458361
v 0.10071375 -0.00735988 -0.00358637
v 0.10076307 -0.00719803 0.00043594
v 0.09996747 -0.00714900 0.00183761
v 0.04106335 -0.00568311 -0.00946155
v 0.07605732 -0.00938523 0.00537037
v 0.03978190 -0.00730498 0.00459128
v 0.09904465 -0.00742603 0.00229653
v -0.06946349 -0.00626946 0.00776668
v 0.04176777 -0.00721756 0.00649015
v 0.03973730 -0.00672445 -0.00693567
v 0.10077181 -0.00679429 -0.00480696
v 0.04025869 -0.00586038 -0.00874204
v 0.03966488 -0.00602388 -0.00787633
v 0.03973325 -0.00563547 -0.00857980
v 0.04079348 -0.00723885 0.00576422
v 0.08135115 -0.00865782 0.00548366
v 0.10079810 -0.00644710 0.00214342
v -0.06226124 -0.00645258 0.00775637
v 0.03923070 -0.00614068 0.00527599
v 0.09802084 -0.00718403 0.00307226
v 0.07200072 -0.00883669 0.00629139
v 0.05573900 -0.00898715 0.00635437
v -0.07885526 -0.00586027 0.00805296
v 0.04727831 -0.00789901 0.00694615
v 0.04405861 -0.00735470 0.00702376
v 0.09958238 -0.00664878 -0.00649458
v 0.06223688 -0.00904495 0.00636377
v 0.05078430 -0.00781850 0.00738305
v 0.09642783 -0.00714609 0.00380106
v 0.06516994 -0.00819783 0.00720196
v 0.07629390 -0.00825510 0.00658240
v 0.08939113 -0.00819882 0.00470975
v 0.08511524 -0.00761231 0.00596608
v 0.08294777 -0.00783831 0.00612689
v 0.04113179 -0.00666148 0.00673720
v 0.04682698 -0.00690723 0.00794044
v 0.04406350 -0.00643891 0.00801162
v 0.07142849 -0.00804987 0.00714415
v 0.03974531 -0.00634825 0.00594229
v 0.05581270 -0.00789434 0.00750426
v 0.06142461 -0.00747479 0.00795260
v 0.09944072 -0.00645247 0.00323135
v 0.09878831 -0.00603277 0.00401679
v 0.09269343 -0.00747910 0.00465571
v 0.09649978 -0.00623248 0.00472371
v 0.04162838 -0.00578698 0.00791620
v 0.05457534 -0.00663162 0.00870141
v 0.05055037 -0.00648470 0.00867197
v 0.06518076 -0.00732860 0.00805301
v 0.08084094 -0.00718678 0.00704227
v 0.08354156 -0.00686710 0.00697215
v 0.07106762 -0.00724919 0.00791640
v 0.04713752 -0.00605949 0.00877099
v 0.08943587 -0.00730681 0.00555855
v 0.07608439 -0.00696131 0.00780810
v 0.04399482 -0.00556471 0.00879466
v 0.06257379 -0.00657338 0.00876884
v 0.10088018 -0.00570062 0.00293125
v 0.09946475 -0.00569815 0.00398273
v 0.06877973 -0.00623267 0.00889502
v 0.09314911 -0.00621737 0.00569002
v 0.09570249 -0.00573243 0.00540039
v 0.08531447 -0.00612734 0.00725222
v 0.07342974 -0.00598575 0.00882285
v 0.04004684 -0.00565526 0.00694535
v 0.05106414 -0.00559220 0.00946213
v 0.09826539 -0.00559142 0.00462925
v 0.08098498 -0.00609908 0.00795616
v 0.05591197 -0.00575035 0.00945045
v 0.04740083 -0.00527532 0.00943490
v 0.10077206 -0.00559072 -0.00630903
v 0.08798719 -0.00580501 0.00705324
v 0.08947282 -0.00615087 0.00649999
v 0.09240627 -0.00578365 0.00619546
v 0.08380092 -0.00580790 0.00779556
v 0.07693190 -0.00584597 0.00861898
v 0.06336535 -0.00570012 0.00944697
v 0.04077498 -0.00500600 0.00804605
v 0.04171471 -0.00480970 0.00871156
v 0.06725544 -0.00564279 0.00936981
v 0.04432162 -0.00482284 0.00936710
v 0.07066453 -0.00553937 0.00924719
v 0.02250954 -0.00461400 -0.00692180
v 0.01649523 -0.00456975 -0.00692719
v -0.03917692 -0.00442863 -0.00603169
v -0.04477329 -0.00436205 -0.00600391
v -0.07455265 -0.00417104 -0.00548386
v -0.07759657 -0.00408591 -0.00545057
v 0.09933353 -0.00488333 0.00461955
v -0.06634435 -0.00436842 -0.00546003
v -0.05067363 -0.00449224 -0.00573894
v -0.07830268 -0.00339311 -0.00573196
v 0.10063765 -0.00482518 0.00381652
v 0.09626026 -0.00526669 0.00544568
v 0.07816602 0.00777651 -0.00317987
v 0.07536325 0.00763428 -0.00311341
v 0.07508116 0.00599487 -0.00190631
v 0.07142878 0.00600111 -0.00200322
v 0.06800693 0.00721109 -0.00303036
v 0.06925579 0.00979959 -0.00507626
v 0.07569668 0.00985044 -0.00486777
v 0.07827082 0.00928884 -0.00433737
v 0.07483989 0.00536744 -0.00139749
v 0.07822127 0.01028174 -0.00516972
v 0.08101078 0.00802637 -0.00324386
v 0.07777567 0.00533883 -0.00142997
v 0.08091342 0.00642930 -0.00212962
v 0.06779422 0.00572282 -0.00198908
v 0.08266039 0.00967884 -0.00434655
v 0.08304345 0.00807691 -0.00321376
v 0.08457285 0.00964520 -0.00426771
v 0.07960793 0.00534914 -0.00140734
v 0.08685176 0.00843144 -0.00341777
v 0.06747800 0.00843780 -0.00401490
v 0.06235717 0.00969205 -0.00502437
v 0.06359599 0.00715328 -0.00292132
v 0.06438444 0.00587831 -0.00200047
v 0.08686204 0.00945830 -0.00422688
v 0.08801594 0.00863855 -0.00356733
v 0.07110467 0.00536454 -0.00144977
v 0.06858526 0.00530965 -0.00153565
v 0.08143668 0.00524226 -0.00138987
v 0.08280366 0.00632689 -0.00212691
v 0.09042415 0.00647542 -0.00227060
v 0.09124982 0.00773755 -0.00302313
v 0.09141137 0.00837051 -0.00348332
v 0.09372699 0.00738278 -0.00262323
v 0.09235420 0.00683563 -0.00232113
v 0.09180710 0.00570343 -0.00158970
v 0.08490301 0.00645363 -0.00231388
v 0.06077849 0.00738263 -0.00289487
v 0.06270943 0.00544980 -0.00144991
v 0.06133726 0.00970564 -0.00501127
v 0.05830051 0.00974896 -0.00497921
v 0.06037730 0.00884925 -0.00420734
v 0.09499919 0.00815836 -0.00336158
v 0.08508024 0.00738834 -0.00282866
v 0.08855438 0.00631980 -0.00227056
v 0.08959138 0.00472216 -0.00140832
v 0.09095726 0.00530590 -0.00151727
v 0.05851094 0.00761198 -0.00291858
v 0.09332162 0.00633910 -0.00174408
v 0.09483308 0.00711822 -0.00233121
v 0.09690118 0.00656632 -0.00166181
v 0.06498910 0.00532589 -0.00149937
v 0.06955192 0.01051738 -0.00578360
v 0.05648748 0.00789179 -0.00313401
v 0.05569238 0.00595349 -0.00128423
v 0.05845581 0.00579293 -0.00116988
v 0.05203651 0.00753118 -0.00285823
v 0.06058453 0.00562221 -0.00125758
v 0.05516902 0.00985695 -0.00510774
v 0.05168906 0.00864214 -0.00398757
v 0.06051095 0.01051102 -0.00583326
v 0.08831238 0.00928520 -0.00420580
v 0.09139943 0.00891667 -0.00406725
v 0.09420466 0.00848598 -0.00375016
v 0.09697029 0.00725575 -0.00258978
v 0.09871469 0.00644668 -0.00158508
v 0.05264376 0.00613729 -0.00145631
v 0.08030765 0.01053084 -0.00532029
v 0.04905189 0.00625971 -0.00148143
v 0.05666617 0.01044942 -0.00580479
v 0.04757803 0.00789591 -0.00325306
v 0.04738883 0.00692836 -0.00224751
v 0.04637828 0.00801530 -0.00338991
v 0.05089325 0.00965839 -0.00512144
v 0.04950825 0.00892717 -0.00437723
v 0.08099169 0.00465493 -0.00073113
v 0.07741560 0.01060646 -0.00557238
v 0.08296510 0.00472503 -0.00116702
v 0.08483220 0.00463599 -0.00135727
v 0.08450629 0.00409812 -0.00084602
v 0.08631455 0.00498411 -0.00168323
v 0.08674719 0.00395605 -0.00116019
v 0.08531753 0.00358575 -0.00064233
v 0.08717819 0.00343256 -0.00081096
v 0.08793590 0.00426401 -0.00131052
v 0.08838925 0.00399317 -0.00102566
v 0.08801391 0.00360971 -0.00073280
v 0.08270121 0.00438693 -0.00076614
v 0.08164556 0.01048310 -0.00526627
v 0.05375863 0.00550472 -0.00072356
v 0.05875766 0.00541910 -0.00076106
v 0.04619538 0.00693865 -0.00212491
v 0.04567049 0.00791346 -0.00317936
v 0.04760070 0.00630132 -0.00149839
v 0.08397328 0.01018740 -0.00502525
v 0.04719655 0.00923105 -0.00498798
v 0.07923357 0.00474683 -0.00062328
v 0.07720026 0.00499666 -0.00092580
v 0.08559344 0.00985503 -0.00461835
v 0.05347942 0.01036777 -0.00593311
v 0.04505184 0.00886407 -0.00453744
v 0.09721598 0.00783042 -0.00333738
v 0.05130079 0.00584115 -0.00098155
v 0.06156867 0.00532521 -0.00100969
v 0.09936969 0.00705521 -0.00287557
v 0.04688177 0.00634890 -0.00138998
v 0.05174059 0.00557702 -0.00065593
v 0.08947588 0.00444795 -0.00114085
v 0.04418350 0.00880359 -0.00431798
v 0.04491734 0.00792088 -0.00293540
v 0.09383774 0.00607627 -0.00128782
v 0.09265691 0.00577527 -0.00128088
v 0.08433156 0.00382276 -0.00040288
v 0.05116954 0.01015568 -0.00586843
v 0.04784657 0.00604382 -0.00105219
v 0.09012495 0.00478219 -0.00123094
v 0.07446652 0.00512345 -0.00098731
v 0.04878708 0.00970463 -0.00553690
v 0.07137009 0.00515747 -0.00104502
v 0.06736262 0.01071368 -0.00613935
v 0.07574475 0.01075105 -0.00599285
v 0.09178247 0.00503997 -0.00074598
v 0.09675690 0.00635481 -0.00127274
v 0.09052271 0.00470282 -0.00077819
v 0.05864164 0.01063895 -0.00610766
v 0.09253394 0.00526189 -0.00058211
v 0.09905107 0.00686412 -0.00240734
v 0.07754268 0.00483177 -0.00064556
v 0.06828867 0.00510427 -0.00111510
v 0.09958204 0.00673164 -0.00232693
v 0.08845556 0.00939809 -0.00446444
v 0.09008511 0.00918944 -0.00440807
v 0.06489840 0.00514208 -0.00110943
v 0.09378226 0.00862794 -0.00395888
v 0.08686798 0.00329504 -0.00041986
v 0.08599395 0.00334971 -0.00043962
v 0.08997257 0.00457196 -0.00058559
v 0.08263991 0.00430921 -0.00042958
v 0.09765568 0.00774563 -0.00353552
v 0.09697495 0.00790448 -0.00374073
v 0.09286414 0.00568681 -0.00064849
v 0.08131259 0.00465041 -0.00037921
v 0.08918177 0.00440078 -0.00056819
v 0.08830127 0.00395315 -0.00057370
v 0.09939991 0.00699745 -0.00337877
v 0.08481947 0.00372411 -0.00018545
v -0.08635490 0.00029108 -0.00528202
v -0.08541557 -0.00039083 -0.00523484
v -0.09130453 -0.00044610 -0.00505906
v -0.08212922 -0.00071253 -0.00531642
v -0.08183488 0.00028285 -0.00544732
v -0.09578770 0.00026999 -0.00503362
v -0.07935393 -0.00056835 -0.00549991
v -0.07934569 0.00037270 -0.00557488
v -0.09574740 -0.00040309 -0.00499730
v -0.10001904 0.00027626 -0.00499484
v -0.10147529 -0.00060796 -0.00492557
v -0.09165205 -0.00229433 -0.00465835
v -0.08465568 -0.00221375 -0.00486162
v -0.09575502 -0.00216603 -0.00461634
v -0.09764152 -0.00223928 -0.00463268
v -0.07939970 -0.00187523 -0.00522184
v -0.10139720 -0.00133570 -0.00481636
v -0.10034597 -0.00243943 -0.00456786
v -0.08144691 -0.00250363 -0.00488645
v -0.10198984 -0.00245211 -0.00448107
v -0.08032340 -0.00268402 -0.00491968
v -0.08575601 -0.00262599 -0.00469984
v -0.07905361 -0.00258684 -0.00500597
v -0.10216002 -0.00091578 -0.00477193
v -0.08252397 -0.00311877 -0.00455612
v -0.10163046 0.00060938 -0.00490374
v -0.09592764 -0.00285720 -0.00429753
v -0.09105644 -0.00285181 -0.00439826
v -0.10217920 0.00060500 -0.00479391
v -0.07891672 -0.00008647 -0.00573288
v -0.07942888 -0.00392426 -0.00429050
v -0.08012091 -0.00397967 -0.00425173
v -0.08157653 -0.00403699 -0.00404342
v -0.08556035 -0.00385239 -0.00393933
v -0.09088622 -0.00367384 -0.00389898
v -0.09621262 -0.00356258 -0.00386633
v -0.10070382 -0.00383172 -0.00376675
v -0.10158968 -0.00377016 -0.00375943
v -0.10208256 -0.00324898 -0.00400014
v -0.09663853 -0.00470319 -0.00301054
v -0.09026241 -0.00482454 -0.00304073
v -0.09866163 -0.00411813 -0.00348400
v -0.07941175 -0.00460711 -0.00377095
v -0.07997788 -0.00505278 -0.00341694
v -0.07902047 -0.00411530 -0.00420428
v -0.08546724 -0.00491487 -0.00310726
v -0.07907673 -0.00500849 -0.00343921
v -0.08157077 -0.00505598 -0.00318439
v -0.10048955 -0.00469833 -0.00293514
v -0.07893241 -0.00473837 -0.00395161
v -0.10211519 -0.00407695 -0.00330143
v -0.10158992 -0.00470639 -0.00281926
v -0.08181165 0.00135865 -0.00533523
v -0.07934893 0.00119817 -0.00550570
v -0.10061372 0.00102199 -0.00489356
v -0.07894469 0.00262155 -0.00553271
v -0.07890484 -0.00211016 -0.00545737
v -0.07895311 -0.00374730 -0.00465172
v -0.09184277 0.00097836 -0.00501439
v -0.08526760 0.00133794 -0.00514800
v -0.07937653 0.00208279 -0.00534512
v -0.10220133 0.00210543 -0.00453476
v -0.10071436 0.00223552 -0.00463256
v -0.09699927 0.00175984 -0.00471902
v -0.09176678 0.00225847 -0.00471376
v -0.08507558 0.00269178 -0.00481580
v -0.08174132 0.00276111 -0.00497237
v -0.07938537 0.00272362 -0.00516859
v -0.10135784 0.00303194 -0.00432130
v -0.09496655 0.00263965 -0.00447862
v -0.09882176 0.00262178 -0.00445934
v -0.08310113 0.00354789 -0.00458174
v -0.09396359 0.00343604 -0.00416545
v -0.07951402 0.00405138 -0.00461473
v -0.07909344 0.00308737 -0.00508005
v -0.09841146 0.00376426 -0.00397062
v -0.07912495 0.00428762 -0.00471839
v -0.10194968 0.00381470 -0.00384098
v -0.10071441 0.00409581 -0.00378737
v -0.09506096 0.00397453 -0.00386758
v -0.09109153 0.00406239 -0.00394333
v -0.08581631 0.00424620 -0.00409689
v -0.08196688 0.00443219 -0.00419677
v -0.07930562 0.00496256 -0.00413153
v -0.10056222 0.00480142 -0.00330180
v -0.09499604 0.00498931 -0.00319932
v -0.09113573 0.00511620 -0.00322733
v -0.08491930 0.00546466 -0.00328078
v -0.08141829 0.00563777 -0.00340844
v -0.07946897 0.00586806 -0.00351772
v -0.10158884 0.00517733 -0.00289153
v -0.10209487 0.00500140 -0.00289666
v -0.10230273 0.00360057 -0.00370185
v -0.07905402 0.00601689 -0.00370966
v -0.10062833 0.00539389 -0.00281246
v -0.09399624 0.00576059 -0.00256428
v -0.10231082 -0.00246033 -0.00419467
v -0.09288615 0.00627132 -0.00210573
v -0.10048155 0.00616506 -0.00207549
v -0.08415984 0.00642560 -0.00243888
v -0.08125398 0.00648438 -0.00265440
v -0.07941355 0.00669447 -0.00275967
v -0.10207992 0.00621979 -0.00172584
v -0.07904379 0.00679248 -0.00285730
v -0.09953295 0.00667804 -0.00153490
v -0.08874310 0.00711603 -0.00140438
v -0.08440202 0.00724939 -0.00147457
v -0.08122471 0.00721203 -0.00179904
v -0.07940950 0.00740904 -0.00189904
v -0.09566707 0.00703283 -0.00117067
v -0.09162568 0.00705482 -0.00126880
v -0.10055022 0.00710324 -0.00090188
v -0.10163848 0.00717926 -0.00060909
v -0.07894638 0.00758211 -0.00203643
v -0.10206962 0.00710047 -0.00051186
v -0.08144149 0.00790158 -0.00057500
v -0.08785884 0.00787936 -0.00003532
v -0.09153549 0.00775761 0.00004358
v -0.09604619 0.00768757 0.00005059
v -0.10057537 0.00746358 -0.00025986
v -0.07943356 0.00830460 -0.00025588
v -0.07898858 0.00842932 -0.00037267
v -0.10043623 0.00783416 0.00056911
v -0.09124244 0.00798625 0.00057856
v -0.10192683 0.00774303 0.00087017
v -0.08146656 0.00825691 0.00029175
v -0.10212680 0.00774225 0.00107525
v -0.07889954 0.00889694 0.00104468
v -0.09208056 0.00815797 0.00127417
v -0.08384587 0.00841414 0.00120444
v -0.08108934 0.00858787 0.00144744
v -0.07939780 0.00877017 0.00158359
v -0.10058329 0.00806296 0.00155019
v -0.09720737 0.00831623 0.00277442
v -0.09222302 0.00830012 0.00220403
v -0.10164720 0.00805744 0.00254533
v -0.08406970 0.00852562 0.00206143
v -0.08191349 0.00866886 0.00282547
v -0.10065923 0.00820077 0.00285847
v -0.09255335 0.00836432 0.00286773
v -0.07940390 0.00887138 0.00277499
v -0.10217459 -0.00477784 -0.00250699
v -0.09948565 0.00822475 0.00357286
v -0.10213720 -0.00549949 -0.00158042
v 0.10230515 0.00058373 -0.00103262
v 0.10234557 -0.00131666 -0.00051976
v 0.10228222 -0.00145213 -0.00356607
v 0.10227138 0.00028263 -0.00303732
v 0.10217863 -0.00326603 -0.00362232
v 0.10223820 -0.00347382 -0.00147014
v 0.10228902 -0.00255112 0.00063400
v 0.10221809 -0.00069134 0.00307420
v 0.10220905 -0.00201519 0.00302771
v 0.10215695 0.00106145 0.00210548
v 0.10222985 0.00148668 -0.00093185
v 0.10210784 0.00197375 -0.00292540
v 0.10212613 -0.00447428 -0.00051765
v 0.10209294 -0.00325355 0.00294437
v 0.10207260 0.00099612 0.00308203
v 0.10216621 0.00081379 -0.00381459
v 0.10208847 0.00230782 -0.00046975
v 0.10197263 -0.00474143 -0.00352173
v 0.10201633 -0.00469932 0.00076854
v 0.10196303 -0.00293826 -0.00499778
v 0.10200844 -0.00158696 -0.00509890
v 0.10195901 -0.00012006 -0.00514970
v 0.10192417 -0.00552318 -0.00060722
v 0.10176128 -0.00441457 -0.00508449
v 0.10183080 0.00271277 -0.00415751
v 0.10185742 0.00106515 -0.00514057
v 0.10163452 -0.00242689 -0.00636718
v 0.10163432 -0.00034358 -0.00636673
v 0.10162895 -0.00584187 -0.00408481
v 0.10176768 0.00335242 -0.00306208
v 0.10178363 0.00341678 -0.00077644
v 0.10176799 0.00267173 0.00227285
v 0.10168324 -0.00624110 -0.00085610
v 0.10170290 -0.00518912 0.00223203
v 0.10165226 -0.00594255 0.00088302
v 0.10197107 -0.00148198 0.00383333
v 0.10164964 0.00340141 -0.00391009
v 0.10173612 0.00211037 0.00332927
v 0.10137279 -0.00425749 -0.00628721
v 0.10194986 -0.00026219 0.00384961
v 0.10186966 0.00070570 0.00375813
v 0.10127143 0.00220504 -0.00610634
v 0.10111302 0.00467929 -0.00421918
v 0.10122003 0.00381048 -0.00501602
v 0.10109374 0.00491415 -0.00313007
v 0.10127959 0.00423255 0.00071936
v 0.10119077 0.00471608 -0.00075267
v 0.10128346 0.00378494 0.00223064
v 0.10139431 -0.00582858 -0.00483413
v 0.10185593 -0.00245385 0.00380597
v 0.10091642 0.00275606 -0.00654440
v 0.10070713 0.00504136 0.00187600
v 0.10062287 0.00578283 -0.00204653
v 0.10066210 0.00559414 -0.00376226
v 0.10069853 0.00558084 -0.00044905
v 0.10091854 0.00404423 -0.00549730
v 0.10054784 0.00586281 -0.00297256
v 0.10085272 0.00490048 -0.00465052
v 0.10107338 0.00045868 -0.00711883
v 0.10087119 0.00421787 0.00288139
v 0.10170736 -0.00410858 0.00328835
v 0.10140099 -0.00650194 -0.00288675
v 0.10112465 -0.00083094 -0.00723500
v 0.10114554 -0.00248444 -0.00713747
v 0.10106429 -0.00360915 -0.00694247
v 0.10077206 -0.00559072 -0.00630903
v 0.10089376 -0.00487832 -0.00664084
v 0.10122080 -0.00694213 -0.00073272
v 0.10071375 -0.00735988 -0.00358637
v 0.10077181 -0.00679429 -0.00480696
v 0.10056494 0.00160983 -0.00730233
v 0.09966087 0.00671420 -0.00354847
v 0.09936969 0.00705521 -0.00287557
v 0.09939991 0.00699745 -0.00337877
v 0.10072044 0.00408684 0.00321179
v 0.10114007 0.00288489 0.00358033
v 0.09958204 0.00673164 -0.00232693
v 0.09997814 0.00558061 0.00243942
v 0.10003250 0.00508355 0.00308129
v 0.10076307 -0.00719803 0.00043594
v 0.10079810 -0.00644710 0.00214342
v 0.10010654 0.00579576 0.00077583
v 0.10080718 -0.00739587 -0.00077258
v 0.10088018 -0.00570062 0.00293125
v 0.10043647 0.00215618 0.00453648
v 0.10022565 0.00405770 0.00371981
v 0.10075076 0.00061419 0.00476169
v 0.10066224 -0.00066952 0.00498009
v 0.10106755 -0.00393699 0.00397658
v 0.10072365 -0.00252619 0.00473965
v 0.09953253 0.00492385 0.00363038
v 0.10063765 -0.00482518 0.00381652
v 0.09973512 0.00317384 0.00450695
v 0.09999906 -0.00387708 0.00477692
v 0.09977037 -0.00025361 0.00549773
v 0.09916333 0.00573923 0.00297462
v -0.07879035 0.00270883 -0.00588835
v -0.07867915 -0.00024161 -0.00617475
v -0.07891672 -0.00008647 -0.00573288
v -0.07894469 0.00262155 -0.00553271
v -0.07890484 -0.00211016 -0.00545737
v -0.07870808 -0.00280488 -0.00573450
v -0.07895311 -0.00374730 -0.00465172
v -0.07889938 0.00358481 -0.00535036
v -0.07876177 -0.00420548 -0.00489606
v -0.07902047 -0.00411530 -0.00420428
v -0.07893241 -0.00473837 -0.00395161
v -0.07912495 0.00428762 -0.00471839
v -0.07909344 0.00308737 -0.00508005
v -0.07876244 -0.00567007 -0.00348618
v -0.07891794 -0.00551744 -0.00313191
v -0.07899090 -0.00577204 -0.00245401
v -0.07887392 -0.00623031 -0.00208929
v -0.07887632 0.00473105 -0.00500748
v -0.07878168 0.00524203 -0.00479274
v -0.07905361 -0.00258684 -0.00500597
v -0.07930562 0.00496256 -0.00413153
v -0.07905402 0.00601689 -0.00370966
v -0.07884464 0.00630138 -0.00390842
v -0.07904379 0.00679248 -0.00285730
v -0.07878780 0.00701989 -0.00324003
v -0.07894638 0.00758211 -0.00203643
v -0.07907673 -0.00500849 -0.00343921
v -0.07844288 0.00171824 -0.00625392
v -0.07850839 -0.00001592 -0.00638726
v -0.07810550 -0.00159650 -0.00636547
v -0.07825171 -0.00557800 -0.00409993
v -0.07830268 -0.00339311 -0.00573196
v -0.07807279 -0.00492462 -0.00483034
v -0.07940145 -0.00533564 -0.00299415
v -0.07937634 -0.00594747 -0.00204537
v -0.07934271 -0.00635894 -0.00105455
v 0.03832568 -0.00064686 -0.00893446
v 0.03844681 -0.00049408 -0.00930065
v 0.03855893 -0.00255759 -0.00867986
v 0.03897501 -0.00249452 -0.00962272
v 0.03880899 -0.00073710 -0.00982254
v 0.03902738 -0.00325924 -0.00918602
v 0.03902044 -0.00410442 -0.00844310
v 0.03862616 -0.00349451 -0.00811839
v 0.03899484 -0.00461283 -0.00784713
v 0.03973325 -0.00563547 -0.00857980
v 0.03887304 -0.00516719 -0.00721025
v 0.03976371 -0.00497311 -0.00903293
v 0.03966488 -0.00602388 -0.00787633
v 0.03973730 -0.00672445 -0.00693567
v 0.03897036 -0.00586717 -0.00647332
v 0.03973556 -0.00734148 -0.00568137
v 0.03931167 -0.00696367 -0.00507722
v 0.03828607 0.00083814 -0.00886335
v 0.03845242 0.00060080 -0.00928023
v 0.03881257 0.00057074 -0.00979985
v 0.03979215 -0.00401291 -0.00956285
v 0.03942491 -0.00737853 -0.00353366
v 0.03836853 0.00199702 -0.00855401
v 0.03899680 0.00212645 -0.00955756
v 0.03896757 0.00373744 -0.00851756
v 0.03825933 0.00251611 -0.00808788
v 0.03851460 0.00349747 -0.00772800
v 0.03897529 0.00479616 -0.00738883
v 0.03867541 0.00476480 -0.00683037
v 0.04032320 -0.00822918 -0.00368287
v 0.04009734 -0.00825110 -0.00078292
v 0.04049903 -0.00805199 -0.00548495
v 0.03968405 0.00621910 0.00565089
v 0.03966050 0.00530781 0.00678036
v 0.04013094 0.00612245 0.00633948
v 0.03870978 0.00504267 0.00564085
v 0.03875621 0.00581108 0.00454022
v 0.03984441 0.00691756 0.00453347
v 0.03900149 0.00673366 0.00314443
v 0.03876364 0.00664743 0.00295950
v 0.04022101 0.00763977 0.00336325
v 0.04100391 0.00692247 0.00603842
v 0.04139994 0.00785671 0.00465331
v 0.04217126 0.00779375 0.00563653
v 0.04168345 0.00698607 0.00654923
v 0.04239994 0.00871814 0.00365305
v 0.04118817 0.00631759 0.00693351
v 0.04323985 0.00855449 0.00483861
v 0.04025733 0.00779330 0.00266538
v 0.03889948 0.00687365 0.00183631
v 0.04301562 0.00778101 0.00620765
v 0.04493175 0.00875004 0.00570481
v 0.04601125 0.00962176 0.00450495
v 0.04478930 0.00948023 0.00357189
v 0.04675587 0.01007035 0.00362090
v 0.04734802 0.01018315 0.00405917
v 0.04657818 0.00945883 0.00513879
v 0.04818385 0.01025725 0.00446715
v 0.04963583 0.01062094 0.00425764
v 0.04189365 0.00856887 0.00265751
v 0.04800830 0.00961171 0.00546581
v 0.04310997 0.00901266 0.00287860
v 0.04485964 0.00950995 0.00313768
v 0.05075178 0.01034695 0.00513250
v 0.04644457 0.00891165 0.00590329
v 0.05203907 0.01079596 0.00442945
v 0.05363095 0.01076391 0.00496466
v 0.04455055 0.00790679 0.00666980
v 0.04758628 0.00880988 0.00640112
v 0.04809805 0.01036559 0.00364630
v 0.03824824 0.00499867 0.00560452
v 0.05402108 0.01030046 0.00571630
v 0.04632066 0.00799435 0.00692775
v 0.05724448 0.01089027 0.00511862
v 0.05791786 0.01037826 0.00594721
v 0.05112358 0.00954610 0.00619612
v 0.06071632 0.01101861 0.00510368
v 0.06106875 0.01040448 0.00606545
v 0.06578174 0.01109087 0.00506803
v 0.06678709 0.01037578 0.00609094
v 0.07111186 0.01026529 0.00599328
v 0.07195255 0.01103741 0.00474865
v 0.05514303 0.01086105 0.00458571
v 0.03640941 0.00686076 0.00255340
v 0.03645838 0.00703678 0.00172428
v 0.03830631 0.00657563 0.00322859
v 0.03583583 0.00653439 0.00343009
v 0.06596740 0.01111583 0.00484429
v 0.03435549 0.00696159 0.00286006
v 0.03272508 0.00727372 0.00243174
v 0.03089148 0.00698706 0.00355941
v 0.02772062 0.00730255 0.00334215
v 0.02721066 0.00754908 0.00277877
v 0.02217172 0.00775536 0.00264214
v 0.02436470 0.00779447 0.00213524
v 0.01954628 0.00748532 0.00344329
v 0.01891935 0.00774595 0.00285014
v 0.01315698 0.00744156 0.00356556
v 0.01500010 0.00774646 0.00280808
v 0.00919373 0.00769503 0.00277941
v 0.04134029 0.00543599 0.00775860
v 0.00959837 0.00738537 0.00371120
v 0.00542909 0.00751788 0.00344465
v 0.04430799 0.00656094 0.00788270
v 0.00419046 0.00774591 0.00257770
v 0.04313070 0.00438528 0.00902932
v 0.04453820 0.00563707 0.00857711
v 0.00538900 0.00711145 0.00456160
v 0.01175188 0.00708272 0.00431774
v 0.00220467 0.00763940 0.00349766
v 0.04414127 0.00401051 0.00954310
v 0.04708110 0.00466261 0.00949205
v 0.04753813 0.00651855 0.00840822
v 0.01592386 0.00697827 0.00444269
v 0.02576274 0.00699838 0.00406262
v 0.02133124 0.00698253 0.00431363
v 0.03596102 0.00610512 0.00414145
v 0.00221259 0.00720321 0.00479012
v -0.00170562 0.00757856 0.00411707
v -0.00082631 0.00711278 0.00526561
v -0.00535903 0.00735213 0.00513194
v -0.00636868 0.00770721 0.00418839
v -0.01244156 0.00741209 0.00520334
v -0.01254684 0.00772957 0.00428523
v -0.00658415 0.00791632 0.00341902
v -0.01225692 0.00799535 0.00322438
v 0.04771875 0.00426096 0.00972413
v -0.00250892 0.00784414 0.00332903
v 0.04609492 0.00369063 0.00975944
v 0.04761131 0.00244044 0.01017932
v -0.00765020 0.00709149 0.00577643
v -0.01328285 0.00697319 0.00621534
v -0.00289838 0.00694286 0.00583689
v -0.01635533 0.00780395 0.00465189
v -0.01786249 0.00717902 0.00608676
v -0.02446158 0.00761539 0.00541512
v -0.02420832 0.00792805 0.00462913
v -0.01742343 0.00817293 0.00348426
v -0.01641969 0.00826782 0.00297936
v -0.02246845 0.00821400 0.00368042
v -0.02974724 0.00847792 0.00336784
v -0.03015646 0.00811614 0.00457972
v -0.03077409 0.00777761 0.00547406
v -0.03435386 0.00813555 0.00495762
v -0.03211726 0.00856350 0.00352673
v -0.03459395 0.00860930 0.00364309
v -0.03947335 0.00819168 0.00500255
v -0.04017949 0.00845571 0.00428043
v -0.04325782 0.00831975 0.00496132
v -0.03917263 0.00867059 0.00350649
v -0.04131579 0.00881380 0.00311643
v -0.04410343 0.00860959 0.00422567
v -0.04641829 0.00839624 0.00501730
v 0.00131518 0.00780990 0.00298889
v -0.04326568 0.00880165 0.00352366
v -0.04882333 0.00896544 0.00361503
v -0.04996444 0.00875802 0.00451135
v 0.05070060 0.00433389 0.00977896
v 0.05093921 0.00228792 0.01031656
v -0.03565114 0.00788510 0.00557692
v -0.03936297 0.00792588 0.00555457
v -0.05572644 0.00888030 0.00513020
v -0.05767614 0.00917676 0.00458218
v -0.05575450 0.00926593 0.00394120
v -0.06237307 0.00910748 0.00523303
v -0.06367094 0.00936660 0.00455209
v -0.06946690 0.00936741 0.00504301
v 0.05075113 0.00478518 0.00959593
v 0.05680358 0.00488992 0.00964116
v -0.06913158 0.00947412 0.00471953
v -0.06095401 0.00883989 0.00572917
v -0.07391892 0.00951388 0.00467240
v -0.07079180 0.00891592 0.00614444
v -0.06672047 0.00886898 0.00601116
v -0.07453606 0.00896832 0.00615016
v -0.07762644 0.00920698 0.00528704
v -0.07765526 0.00947918 0.00434934
v -0.05966726 0.00945957 0.00378054
v -0.07807694 0.00877909 0.00622324
v -0.07453363 0.00979784 0.00350344
v 0.02981080 0.00753781 0.00217909
v -0.06068384 0.00964542 0.00308808
v -0.06767043 0.00973038 0.00340086
v -0.07803629 0.00961940 0.00370076
v -0.02272024 0.00832530 0.00308676
v -0.02666616 0.00848480 0.00282574
v -0.04277087 0.00797821 0.00562482
v -0.04513109 0.00803803 0.00562304
v 0.00925685 0.00782458 0.00213176
v 0.00601213 0.00782606 0.00214811
v -0.03247942 0.00869586 0.00286848
v -0.03540908 0.00871703 0.00276298
v -0.04895400 0.00908358 0.00293226
v 0.00043456 0.00693700 0.00550323
v -0.06440575 0.00976414 0.00282083
v -0.05907072 0.00959650 0.00280447
v -0.04923131 0.00806689 0.00593510
v -0.00263549 0.00800399 0.00239302
v -0.00463335 0.00799084 0.00261577
v -0.00933542 0.00806164 0.00248239
v -0.01276807 0.00811716 0.00258537
v 0.03356108 0.00736934 0.00151732
v -0.03869554 0.00876205 0.00281809
v 0.01802421 0.00791247 0.00175196
v -0.07379800 0.00986998 0.00297369
v -0.03007005 0.00859879 0.00253030
v 0.02828375 0.00775855 0.00102188
v 0.03164011 0.00758193 0.00072048
v 0.01171809 0.00802412 0.00057461
v 0.00367376 0.00796414 0.00049076
v 0.00855233 0.00799972 0.00046683
v 0.00051053 0.00794750 0.00183742
v -0.05657658 0.00941744 0.00299229
v 0.03801392 0.00704902 0.00050413
v 0.01816122 0.00802723 0.00054471
v 0.02402936 0.00793664 0.00067536
v 0.03525496 0.00730628 0.00061896
v -0.01842630 0.00834275 0.00190384
v -0.02348373 0.00837949 0.00193158
v -0.00567896 0.00804771 0.00145213
v 0.00128276 0.00801491 0.00004363
v -0.00125680 0.00801867 0.00027211
v -0.01349356 0.00816428 0.00178531
v -0.01551817 0.00826982 0.00194597
v -0.07804289 0.00966398 0.00282436
v -0.03881720 0.00877604 0.00238626
v -0.04276878 0.00885782 0.00186264
v -0.04943665 0.00908928 0.00209449
v 0.03890109 0.00697109 0.00016663
v 0.02688578 0.00783456 0.00009322
v -0.00920329 0.00803397 0.00065338
v 0.03232408 0.00752570 -0.00013917
v 0.03518414 0.00731320 -0.00032223
v 0.03784436 0.00706340 -0.00031451
v 0.06036382 0.01090439 0.00473074
v -0.07832186 0.00915809 0.00480829
v 0.03929524 0.00708636 0.00036689
v 0.03926394 0.00700221 -0.00181337
v -0.05290311 0.00819859 0.00613547
v -0.02510248 0.00714165 0.00634192
v 0.02855334 0.00696583 0.00388110
v 0.06962470 0.01099222 0.00449855
v -0.03203434 0.00705659 0.00681593
v -0.03017521 0.00699531 0.00677727
v 0.04221207 0.00860151 0.00164982
v 0.04349652 0.00895874 0.00225524
v 0.06554353 0.01098569 0.00457772
v -0.03659499 0.00711063 0.00685275
v -0.03931885 0.00706359 0.00693281
v -0.00683110 0.00672292 0.00632863
v -0.00985835 0.00683570 0.00625646
v -0.05786901 0.00810294 0.00665784
v -0.04362370 0.00719493 0.00687132
v -0.05030443 0.00735775 0.00706615
v -0.06308660 0.00808053 0.00700475
v 0.04062776 0.00783691 -0.00000597
v 0.04190151 0.00831291 0.00023604
v 0.04318007 0.00860031 0.00138753
v 0.04195208 0.00830809 -0.00183591
v 0.04060312 0.00780197 -0.00271688
v 0.04256870 0.00821226 -0.00046889
v 0.04259478 0.00827261 -0.00173905
v 0.04273165 0.00852194 -0.00300324
v 0.04245005 0.00859496 -0.00334079
v 0.04301760 0.00866483 -0.00365576
v 0.04280411 0.00861161 -0.00485029
v 0.04281602 0.00831520 0.00051649
v 0.04422123 0.00899627 -0.00523467
v 0.04418350 0.00880359 -0.00431798
v 0.04505184 0.00886407 -0.00453744
v 0.04647776 0.00934939 -0.00547296
v 0.04701569 0.00941700 -0.00594071
v 0.04719655 0.00923105 -0.00498798
v 0.04708887 0.00951179 -0.00568865
v 0.04427192 0.00806209 -0.00282935
v 0.04398248 0.00788785 -0.00199593
v 0.04387499 0.00779993 -0.00134722
v 0.04878708 0.00970463 -0.00553690
v 0.04946929 0.00987352 -0.00606102
v 0.05106521 0.01011049 -0.00604520
v 0.04364022 0.00788271 -0.00000046
v 0.05116954 0.01015568 -0.00586843
v 0.04491734 0.00792088 -0.00293540
v 0.02998141 0.00632364 0.00467798
v 0.03479447 0.00578737 0.00479523
v 0.03687766 0.00565086 0.00479564
v 0.07482098 0.01062647 0.00505351
v 0.07247315 0.01096102 0.00455434
v 0.07647774 0.01074201 0.00439134
v 0.07697500 0.01039661 0.00499799
v 0.07990241 0.01029601 0.00436504
v 0.07877431 0.01038805 0.00398401
v 0.08160829 0.01013840 0.00402409
v 0.08197185 0.01000704 0.00421362
v 0.08343586 0.00970622 0.00374655
v 0.08362639 0.00964042 0.00430975
v 0.08564695 0.00944711 0.00383612
v 0.03884262 0.00678022 -0.00243488
v 0.03910257 0.00682136 -0.00302569
v 0.04509175 0.00896760 -0.00599921
v 0.04028190 0.00781453 0.00195976
v 0.03960106 0.00708414 -0.00382321
v 0.04073057 0.00779334 -0.00379112
v 0.04420769 0.00899000 0.00220243
v 0.04333911 0.00860767 -0.00559388
v 0.05151557 0.01037685 0.00361829
v 0.04392662 0.00792533 0.00043072
v 0.04562120 0.00682724 -0.00141895
v 0.04453362 0.00737641 -0.00039472
v 0.04662933 0.00623293 -0.00029933
v 0.04653163 0.00631979 -0.00090074
v 0.04784657 0.00604382 -0.00105219
v 0.04794394 0.00594513 -0.00051129
v 0.05130079 0.00584115 -0.00098155
v 0.05138436 0.00568188 -0.00048695
v 0.04688177 0.00634890 -0.00138998
v 0.05174059 0.00557702 -0.00065593
v 0.04619538 0.00693865 -0.00212491
v 0.05386684 0.00549341 -0.00046170
v 0.05375863 0.00550472 -0.00072356
v 0.05875766 0.00541910 -0.00076106
v 0.06108375 0.00536491 -0.00053245
v 0.06156867 0.00532521 -0.00100969
v 0.06436086 0.00530456 -0.00061409
v 0.06489840 0.00514208 -0.00110943
v 0.06828867 0.00510427 -0.00111510
v 0.06951911 0.00528835 -0.00058822
v 0.07137009 0.00515747 -0.00104502
v 0.07276199 0.00520249 -0.00054610
v 0.07446652 0.00512345 -0.00098731
v 0.07715881 0.00500005 -0.00048846
v 0.07720026 0.00499666 -0.00092580
v 0.07754268 0.00483177 -0.00064556
v 0.07590949 0.01058688 0.00401570
v 0.04510300 0.00934866 0.00271374
v 0.05671061 0.00553829 -0.00029147
v 0.04626133 0.00960639 0.00286301
v 0.04125058 0.00782541 -0.00503991
v 0.05550279 0.01054240 0.00400594
v 0.06092888 0.01053737 0.00402910
v 0.04195279 0.00785198 -0.00610308
v 0.04528779 0.00704418 0.00029221
v 0.04787809 0.00616902 -0.00011419
v 0.04409828 0.00828457 0.00126300
v 0.04558986 0.00704705 0.00065604
v 0.06620977 0.01065467 0.00398022
v 0.07115789 0.01042247 0.00360035
v 0.03980519 0.00690141 -0.00550416
v -0.07872363 0.00922558 0.00297942
v 0.04302447 0.00799075 -0.00651027
v 0.00600369 0.00640560 0.00558009
v 0.01365449 0.00634670 0.00532786
v 0.00172003 0.00645983 0.00600693
v -0.02030849 0.00670262 0.00685729
v -0.02345922 0.00671914 0.00694767
v -0.07754135 0.00803805 0.00734945
v -0.07873868 0.00906199 0.00082566
v -0.02553169 0.00671470 0.00696418
v 0.04663306 0.00671271 0.00044228
v 0.04805692 0.00942518 -0.00628363
v -0.06748428 0.00796285 0.00733510
v 0.02640741 0.00635094 0.00493411
v 0.02103016 0.00627448 0.00525832
v -0.07407918 0.00813054 0.00730903
v 0.08615909 0.00908555 0.00418004
v 0.08614058 0.00928927 0.00368143
v 0.08997745 0.00853874 0.00342278
v 0.08848589 0.00879305 0.00326097
v 0.08999966 0.00858607 0.00319734
v 0.09123076 0.00832721 0.00295903
v 0.09178780 0.00809744 0.00336229
v 0.09282370 0.00809231 0.00283398
v 0.09213346 0.00784348 0.00213347
v 0.09403761 0.00783767 0.00236527
v 0.09468941 0.00769360 0.00265804
v 0.09480248 0.00772966 0.00237064
v 0.09612498 0.00740645 0.00198001
v 0.09686821 0.00708524 0.00240369
v 0.09705784 0.00721845 0.00185084
v 0.09640902 0.00707625 0.00118841
v 0.09849888 0.00643112 -0.00011969
v 0.09789585 0.00697972 0.00155278
v 0.09900269 0.00634664 0.00010832
v 0.09923549 0.00637856 -0.00065235
v 0.09814033 0.00631867 -0.00058077
v 0.09871469 0.00644668 -0.00158508
v 0.09675690 0.00635481 -0.00127274
v 0.09664872 0.00633312 -0.00058006
v 0.09458373 0.00627289 -0.00058939
v 0.09383774 0.00607627 -0.00128782
v 0.09356419 0.00608943 -0.00055352
v 0.09265691 0.00577527 -0.00128088
v 0.09958591 0.00630380 -0.00084033
v 0.09905107 0.00686412 -0.00240734
v 0.09958204 0.00673164 -0.00232693
v 0.09608400 0.00658369 -0.00001583
v 0.10010654 0.00579576 0.00077583
v 0.09460680 0.00712806 0.00102149
v 0.09942283 0.00602424 0.00180979
v 0.09994497 0.00625108 -0.00160577
v 0.09391160 0.00649598 -0.00023586
v 0.09861784 0.00660566 0.00179596
v 0.09332536 0.00719186 0.00108195
v 0.08955039 0.00824168 0.00261832
v 0.08482195 0.00936551 0.00353256
v 0.09997814 0.00558061 0.00243942
v 0.09916333 0.00573923 0.00297462
v 0.06694071 0.01036481 0.00354025
v 0.10069853 0.00558084 -0.00044905
v 0.07686069 0.01028749 0.00365723
v 0.05628546 0.01022645 0.00358042
v 0.06149856 0.01024707 0.00361602
v 0.09286414 0.00568681 -0.00064849
v 0.09340438 0.00617150 0.00003400
v 0.04073691 0.00704407 -0.00635676
v 0.07889308 0.00974317 0.00542639
v 0.04936961 0.01029654 0.00353823
v 0.08074286 0.00980292 0.00346741
v 0.09672746 0.00688582 0.00279741
v 0.04179454 0.00713370 -0.00708806
v 0.05321345 0.00594596 -0.00001553
v 0.10062287 0.00578283 -0.00204653
v -0.05332064 0.00708132 0.00766404
v 0.08678729 0.00870614 0.00446772
v 0.04517916 0.00765355 0.00112652
v -0.01676623 0.00642352 0.00701863
v 0.06864260 0.00549724 -0.00034666
v 0.06274760 0.00554871 -0.00033123
v 0.08744808 0.00831380 0.00273139
v 0.04765345 0.00814375 0.00713716
v 0.05665911 0.00912003 0.00718371
v 0.06104745 0.00960120 0.00687866
v 0.05394683 0.00963268 0.00647601
v 0.08678889 0.00744796 0.00579060
v 0.08222485 0.00899353 0.00543967
v 0.06771710 0.00954086 0.00702557
v 0.08970566 0.00687710 0.00549691
v 0.08969667 0.00787794 0.00441782
v 0.09471907 0.00695630 0.00352443
v 0.09386477 0.00604624 0.00482011
v 0.09596419 0.00565574 0.00455909
v 0.09666230 0.00597223 0.00393851
v 0.05455283 0.00881083 0.00734800
v 0.04592677 0.00745405 0.00107854
v 0.04535552 0.00809691 0.00168566
v 0.07348114 0.00940945 0.00278012
v 0.07781433 0.00959662 0.00303921
v 0.07013539 0.00943106 0.00265774
v 0.04659161 0.00880957 0.00222405
v 0.04581378 0.00704327 0.00778746
v 0.04739186 0.00730169 0.00788595
v 0.05099094 0.00872750 0.00708561
v 0.03875044 0.00443897 0.00624153
v 0.07031335 0.00802576 0.00145450
v 0.07490720 0.00792071 0.00157796
v 0.05405414 0.00940986 0.00283494
v 0.04830418 0.00957085 0.00282583
v 0.06706697 0.00789165 0.00135230
v 0.06201755 0.00937121 0.00273570
v 0.06657280 0.00947324 0.00271673
v 0.06307353 0.00797389 0.00150774
v 0.05850540 0.00781021 0.00136918
v 0.05217356 0.00776855 0.00145264
v 0.06053193 0.00914254 0.00729276
v 0.04898184 0.00826371 0.00177038
v 0.04832753 0.00668954 0.00042066
v 0.05345453 0.00653650 0.00048597
v 0.05923128 0.00700648 0.00072102
v 0.08037684 0.00896714 0.00272681
v 0.08360858 0.00762932 0.00640766
v 0.08035135 0.00864685 0.00625047
v 0.07620002 0.00958939 0.00618011
v 0.08628462 0.00706075 0.00633935
v 0.05090960 0.00778919 0.00787213
v 0.06535020 0.00918004 0.00727929
v 0.08760678 0.00672950 0.00618197
v 0.06345111 0.00695987 0.00072196
v 0.07016432 0.00702040 0.00067424
v 0.06391347 0.00647277 0.00039025
v 0.05986231 0.00609331 0.00009660
v 0.07677579 0.00920687 0.00641530
v 0.09168991 0.00626302 0.00537410
v 0.05932857 0.00855122 0.00775323
v 0.09253394 0.00526189 -0.00058211
v 0.07013084 0.00658234 0.00039408
v 0.09672810 0.00527301 0.00452195
v 0.09782252 0.00567078 0.00380443
v 0.07321217 0.00927391 0.00680718
v 0.07291211 0.00978318 0.00639810
v 0.07073096 0.00954624 0.00685869
v 0.07129169 0.00548134 -0.00031544
v 0.07471171 0.00671025 0.00069062
v 0.07515428 0.00539424 -0.00016994
v 0.04051282 0.00484708 0.00777659
v 0.06406503 0.00854442 0.00770122
v 0.08150311 0.00737215 0.00700147
v 0.05616174 0.00800190 0.00801874
v 0.07836979 0.00824907 0.00682075
v 0.07644033 0.00862001 0.00686743
v 0.08596717 0.00970061 -0.00501274
v 0.08559344 0.00985503 -0.00461835
v 0.08845556 0.00939809 -0.00446444
v 0.08818833 0.00939633 -0.00465763
v 0.09114344 0.00892671 -0.00450360
v 0.08416369 0.01011061 -0.00518348
v 0.08397328 0.01018740 -0.00502525
v 0.08164556 0.01048310 -0.00526627
v 0.09008511 0.00918944 -0.00440807
v 0.09139943 0.00891667 -0.00406725
v 0.09378226 0.00862794 -0.00395888
v 0.08014846 0.01042148 -0.00591835
v 0.08030765 0.01053084 -0.00532029
v 0.08164556 0.01048310 -0.00526627
v 0.07933988 0.01058001 -0.00583109
v 0.08416369 0.01011061 -0.00518348
v 0.07741560 0.01060646 -0.00557238
v 0.07574475 0.01075105 -0.00599285
v 0.05864164 0.01063895 -0.00610766
v 0.06736262 0.01071368 -0.00613935
v 0.06201745 0.01057029 -0.00653218
v 0.07209979 0.01055607 -0.00642645
v 0.07679962 0.01047107 -0.00627765
v 0.06543126 0.01019421 -0.00694052
v 0.07258934 0.01004336 -0.00693697
v 0.07683042 0.00983106 -0.00691623
v 0.05609701 0.01040991 -0.00632874
v 0.05347942 0.01036777 -0.00593311
v 0.05106521 0.01011049 -0.00604520
v 0.05116954 0.01015568 -0.00586843
v 0.05233698 0.00948186 -0.00691309
v 0.05663031 0.00982625 -0.00698087
v 0.06098114 0.01008194 -0.00697894
v 0.04946929 0.00987352 -0.00606102
v 0.04726255 0.00860821 -0.00702697
v 0.04805692 0.00942518 -0.00628363
v 0.05071650 0.00818886 -0.00786677
v 0.04807039 0.00783704 -0.00786114
v 0.04454832 0.00718564 -0.00792912
v 0.04737815 0.00666615 -0.00874721
v 0.04451475 0.00623336 -0.00875105
v 0.05041662 0.00693891 -0.00879415
v 0.05331450 0.00835672 -0.00791714
v 0.05691820 0.00883472 -0.00777365
v 0.06088507 0.00905461 -0.00776779
v 0.06521260 0.00914467 -0.00774983
v 0.05317906 0.00710245 -0.00881874
v 0.04755502 0.00513412 -0.00983509
v 0.04451818 0.00488213 -0.00971483
v 0.06075715 0.00770256 -0.00867419
v 0.06471399 0.00761739 -0.00874925
v 0.05064100 0.00523193 -0.00995070
v 0.05627069 0.00581734 -0.00976446
v 0.07263169 0.00896352 -0.00773817
v 0.07734137 0.00848288 -0.00790673
v 0.07246014 0.00748580 -0.00870708
v 0.07729542 0.00719179 -0.00876370
v 0.08004035 0.00945403 -0.00683746
v 0.08018896 0.00816679 -0.00775420
v 0.04144647 0.00434460 -0.00950867
v 0.07849140 0.00672323 -0.00888295
v 0.08110935 0.00631151 -0.00883689
v 0.08269940 0.00749185 -0.00776737
v 0.08394468 0.00566391 -0.00884442
v 0.04175986 0.00552355 -0.00869251
v 0.08395967 0.00680571 -0.00801202
v 0.08234938 0.00829552 -0.00721251
v 0.08567298 0.00637389 -0.00794319
v 0.08665931 0.00591564 -0.00815443
v 0.08975565 0.00517230 -0.00816927
v 0.08697422 0.00487475 -0.00884390
v 0.08946992 0.00450567 -0.00863390
v 0.09239235 0.00478783 -0.00792205
v 0.08791488 0.00571675 -0.00808801
v 0.08211280 0.00965011 -0.00620195
v 0.08325200 0.00925635 -0.00618839
v 0.08355957 0.00793323 -0.00705298
v 0.08687978 0.00715338 -0.00647982
v 0.08698038 0.00893254 -0.00537303
v 0.08871137 0.00826501 -0.00543593
v 0.08865164 0.00629146 -0.00652741
v 0.09014832 0.00678855 -0.00590596
v 0.09084259 0.00756146 -0.00542481
v 0.09270966 0.00759105 -0.00507423
v 0.09261751 0.00595218 -0.00587137
v 0.09045864 0.00594468 -0.00635650
v 0.09383082 0.00564989 -0.00583887
v 0.09487706 0.00664050 -0.00513879
v 0.09541746 0.00545405 -0.00570423
v 0.09193589 0.00851287 -0.00465896
v 0.09432916 0.00794208 -0.00451704
v 0.09781460 0.00660479 -0.00449016
v 0.09907748 0.00597352 -0.00462363
v 0.09114344 0.00892671 -0.00450360
v 0.09811774 0.00517455 -0.00541203
v 0.08818833 0.00939633 -0.00465763
v 0.08452287 0.00975312 -0.00544691
v 0.09768246 0.00742304 -0.00390913
v 0.08596717 0.00970061 -0.00501274
v 0.09697495 0.00790448 -0.00374073
v 0.09411259 0.00833732 -0.00419203
v 0.09102505 0.00562771 -0.00650920
v 0.09894997 0.00701477 -0.00372239
v 0.08442219 0.00732188 -0.00724054
v 0.09336891 0.00542029 -0.00622218
v 0.08905916 0.00553447 -0.00798746
v 0.08658505 0.00681541 -0.00689283
v 0.09912684 0.00506732 -0.00555069
v 0.09984886 0.00552135 -0.00485377
v 0.04171819 0.00649229 -0.00778509
v 0.03973761 0.00453277 -0.00870819
v 0.04013167 0.00377494 -0.00936596
v 0.04447349 0.00791469 -0.00714705
v 0.09966087 0.00671420 -0.00354847
v 0.09378226 0.00862794 -0.00395888
v 0.09222544 0.00504173 -0.00765722
v 0.09496161 0.00477645 -0.00719149
v 0.09504987 0.00402949 -0.00781665
v 0.09638061 0.00427421 -0.00731556
v 0.09719385 0.00454667 -0.00672326
v 0.04509175 0.00896760 -0.00599921
v 0.09933876 0.00386253 -0.00695686
v 0.09936430 0.00422258 -0.00655878
v 0.09036888 0.00539552 -0.00764608
v 0.08691003 0.00634657 -0.00733335
v 0.09765568 0.00774563 -0.00353552
v 0.09941698 0.00461223 -0.00615909
v 0.09843949 0.00464650 -0.00614344
v 0.04302447 0.00799075 -0.00651027
v 0.04179454 0.00713370 -0.00708806
v 0.03899680 0.00212645 -0.00955756
v 0.10091854 0.00404423 -0.00549730
v 0.10085272 0.00490048 -0.00465052
v 0.10000941 0.00346731 -0.00663500
v 0.10091642 0.00275606 -0.00654440
v 0.09994046 0.00259355 -0.00727152
v 0.10056494 0.00160983 -0.00730233
v 0.03967240 0.00522992 -0.00795132
v 0.03982857 0.00300765 -0.00963333
v 0.03988937 0.00596028 -0.00719052
v 0.09022993 0.00566499 -0.00692080
v 0.09510641 0.00509530 -0.00639177
v 0.09939991 0.00699745 -0.00337877
v 0.03896757 0.00373744 -0.00851756
v 0.04073691 0.00704407 -0.00635676
v 0.09243882 0.00532672 -0.00688502
v 0.09420466 0.00848598 -0.00375016
v 0.07205170 0.00245156 -0.01118593
v 0.07516157 0.00241301 -0.01108605
v 0.07186491 -0.00065273 -0.01211721
v 0.06679514 0.00159765 -0.01156229
v 0.06717831 -0.00051070 -0.01219419
v 0.07306893 -0.00076193 -0.01209753
v 0.07696864 -0.00048737 -0.01188350
v 0.06645210 0.00275491 -0.01120201
v 0.07695458 0.00236899 -0.01107136
v 0.07558149 0.00444117 -0.01031009
v 0.07193338 0.00467149 -0.01033475
v 0.06464927 0.00471681 -0.01045327
v 0.07697838 0.00426389 -0.01035416
v 0.06071065 0.00289856 -0.01117484
v 0.06089967 0.00184012 -0.01149307
v 0.05587018 0.00252218 -0.01124559
v 0.06094466 0.00468320 -0.01048351
v 0.05599894 0.00467059 -0.01045768
v 0.05090131 0.00441457 -0.01041048
v 0.05072408 0.00239476 -0.01114504
v 0.06137136 -0.00059665 -0.01217257
v 0.05594626 -0.00054509 -0.01208088
v 0.05091007 -0.00051783 -0.01194032
v 0.04774576 0.00234795 -0.01100544
v 0.04751071 0.00427508 -0.01029551
v 0.04781792 -0.00049484 -0.01176857
v 0.05603685 -0.00069499 -0.01211651
v 0.04614553 0.00263141 -0.01077812
v 0.04439681 0.00305053 -0.01051294
v 0.04432501 0.00173866 -0.01089228
v 0.04435001 -0.00053095 -0.01144989
v 0.04443424 0.00428913 -0.01003245
v 0.07805313 0.00162462 -0.01116183
v 0.08118139 -0.00051931 -0.01149030
v 0.08248148 0.00160121 -0.01077434
v 0.08207653 0.00321141 -0.01028374
v 0.07814673 0.00306447 -0.01068010
v 0.08131061 0.00482891 -0.00970186
v 0.08625607 0.00232364 -0.01008830
v 0.08662630 0.00153705 -0.01029684
v 0.08592908 -0.00045359 -0.01094127
v 0.05304649 -0.00102825 -0.01196619
v 0.08637259 0.00363449 -0.00955743
v 0.07559091 0.00529890 -0.00990967
v 0.07287428 0.00529043 -0.01000558
v 0.07713606 0.00529320 -0.00989467
v 0.09000191 0.00061411 -0.01006551
v 0.09044471 -0.00049242 -0.01030306
v 0.09010277 0.00240410 -0.00947748
v 0.09278869 0.00158862 -0.00926558
v 0.09272919 -0.00052296 -0.00991648
v 0.07861700 0.00528286 -0.00971373
v 0.04321799 0.00132507 -0.01082943
v 0.04281334 0.00328316 -0.01020012
v 0.04151455 0.00236512 -0.01032500
v 0.04152999 0.00339939 -0.00997383
v 0.04152067 0.00060929 -0.01074473
v 0.04262927 -0.00072029 -0.01116641
v 0.09331436 0.00265011 -0.00878441
v 0.09506751 -0.00052401 -0.00943169
v 0.09647532 0.00168487 -0.00846461
v 0.09800784 -0.00042685 -0.00874259
v 0.09975957 0.00163275 -0.00776227
v 0.09909380 -0.00026273 -0.00845728
v 0.06331955 -0.00090330 -0.01218598
v 0.06713324 -0.00091328 -0.01219906
v 0.09918410 0.00257161 -0.00757368
v 0.09667915 0.00322542 -0.00785272
v 0.09121326 0.00360322 -0.00876892
v 0.10001073 0.00037952 -0.00802871
v 0.06533317 0.00583037 -0.00980951
v 0.06068516 0.00586178 -0.00980134
v 0.04153952 -0.00049544 -0.01092161
v 0.08449439 -0.00091037 -0.01111568
v 0.03987949 0.00123203 -0.01017414
v 0.08078239 -0.00098219 -0.01152489
v 0.07708782 -0.00102360 -0.01187728
v 0.07292318 -0.00099516 -0.01205695
v 0.08739213 -0.00091290 -0.01073306
v 0.05108335 -0.00105274 -0.01193173
v 0.03965783 0.00027963 -0.01027203
v 0.09681195 -0.00108724 -0.00904046
v 0.09814081 -0.00075247 -0.00874396
v 0.09912081 -0.00140882 -0.00847208
v 0.09078385 -0.00099630 -0.01022618
v 0.09994265 -0.00061394 -0.00819483
v 0.09489128 -0.00100010 -0.00945608
v 0.09299117 -0.00106569 -0.00983759
v 0.04772759 -0.00103850 -0.01172884
v 0.04610160 -0.00099547 -0.01155559
v 0.04439716 -0.00105422 -0.01143357
v 0.04012228 -0.00088912 -0.01050787
v 0.04136323 -0.00138453 -0.01085184
v 0.04312164 -0.00116338 -0.01115350
v 0.06686280 -0.00358516 -0.01179684
v 0.07187575 -0.00421747 -0.01159955
v 0.07590320 -0.00423629 -0.01143424
v 0.07716622 -0.00409812 -0.01143161
v 0.07857012 -0.00405333 -0.01127638
v 0.08107172 -0.00417730 -0.01101926
v 0.08357702 -0.00411135 -0.01074494
v 0.08701048 -0.00367260 -0.01034111
v 0.09017516 -0.00354546 -0.00988607
v 0.06096157 -0.00346348 -0.01175975
v 0.06083138 -0.00118025 -0.01210389
v 0.05263705 -0.00374067 -0.01152121
v 0.05573182 -0.00435039 -0.01151005
v 0.05079928 -0.00424849 -0.01139339
v 0.09829267 -0.00323821 -0.00836386
v 0.04919331 -0.00419177 -0.01128943
v 0.04766238 -0.00444253 -0.01116524
v 0.04598009 -0.00417478 -0.01101394
v 0.04439168 -0.00320655 -0.01107591
v 0.09963961 -0.00377489 -0.00801616
v 0.07900568 -0.00541788 -0.01098471
v 0.06686257 -0.00462618 -0.01159896
v 0.06191078 -0.00535879 -0.01139934
v 0.09651035 -0.00349681 -0.00872563
v 0.09254217 -0.00442428 -0.00929728
v 0.08258863 -0.00548471 -0.01058792
v 0.08596948 -0.00540170 -0.01014856
v 0.08892690 -0.00539966 -0.00971201
v 0.09113770 -0.00541299 -0.00933026
v 0.09987885 -0.00248544 -0.00811420
v 0.07191574 -0.00549701 -0.01132495
v 0.07716415 -0.00587719 -0.01102147
v 0.04211273 -0.00284357 -0.01068342
v 0.04294255 -0.00337713 -0.01070911
v 0.06690391 -0.00547479 -0.01139911
v 0.08414005 -0.00592244 -0.01025681
v 0.05497506 -0.00579663 -0.01114995
v 0.05092712 -0.00574507 -0.01104253
v 0.04769148 -0.00539513 -0.01093237
v 0.04465050 -0.00524817 -0.01063300
v 0.09456077 -0.00542708 -0.00868257
v 0.09640200 -0.00534649 -0.00833124
v 0.09850013 -0.00459346 -0.00800898
v 0.09943262 -0.00490410 -0.00784466
v 0.08963312 -0.00583934 -0.00946376
v 0.07993691 -0.00615932 -0.01060663
v 0.04143579 -0.00376835 -0.01031650
v 0.06544390 -0.00595143 -0.01122950
v 0.03934708 -0.00085888 -0.01017866
v 0.09883926 -0.00528279 -0.00772224
v 0.07217573 -0.00595797 -0.01115941
v 0.04216504 -0.00523965 -0.01003283
v 0.04001945 -0.00236807 -0.01024492
v 0.09369945 -0.00580665 -0.00871180
v 0.03881257 0.00057074 -0.00979985
v 0.04300215 -0.00548161 -0.01015807
v 0.08609449 -0.00619421 -0.00978523
v 0.04431313 -0.00581923 -0.01032502
v 0.09631014 -0.00593665 -0.00803630
v 0.04573963 -0.00601996 -0.01037979
v 0.09792572 -0.00568565 -0.00777450
v 0.04785363 -0.00604598 -0.01063875
v 0.05041166 -0.00621255 -0.01071695
v 0.04103503 -0.00530017 -0.00960886
v 0.03979215 -0.00401291 -0.00956285
v 0.09124042 -0.00611237 -0.00895639
v 0.04106335 -0.00568311 -0.00946155
v 0.09928177 -0.00620184 -0.00711630
v 0.09963507 -0.00516568 -0.00745225
v 0.03897501 -0.00249452 -0.00962272
v 0.03880899 -0.00073710 -0.00982254
v 0.10114554 -0.00248444 -0.00713747
v 0.04231774 -0.00600157 -0.00963584
v 0.10112465 -0.00083094 -0.00723500
v 0.05223379 -0.00647920 -0.01055438
v 0.06087579 -0.00705715 -0.01038890
v 0.10107338 0.00045868 -0.00711883
v 0.10106429 -0.00360915 -0.00694247
v 0.07738910 -0.00658891 -0.01050867
v 0.03976371 -0.00497311 -0.00903293
v 0.09886420 -0.00678071 -0.00675160
v 0.06340911 -0.00805039 -0.00966472
v 0.06079686 -0.00812454 -0.00958591
v 0.07191296 -0.00811325 -0.00952194
v 0.07540256 -0.00803298 -0.00945736
v 0.06657363 -0.00806661 -0.00964082
v 0.07717866 -0.00797972 -0.00946683
v 0.08394347 -0.00676601 -0.00965180
v 0.07982966 -0.00770458 -0.00942863
v 0.05530316 -0.00810533 -0.00944390
v 0.05206556 -0.00790869 -0.00946145
v 0.05074153 -0.00792045 -0.00941035
v 0.07843492 -0.00783509 -0.00942414
v 0.08954944 -0.00687956 -0.00868010
v 0.09341611 -0.00707976 -0.00776719
v 0.04812531 -0.00789877 -0.00913900
v 0.09621253 -0.00749364 -0.00682732
v 0.08871001 -0.00797407 -0.00789523
v 0.08339996 -0.00795000 -0.00871719
v 0.10001993 -0.00474489 -0.00728192
v 0.10089376 -0.00487832 -0.00664084
v 0.09958238 -0.00664878 -0.00649458
v 0.10077206 -0.00559072 -0.00630903
v 0.04454135 -0.00720858 -0.00918731
v 0.06132708 -0.00848684 -0.00925477
v 0.09772074 -0.00779038 -0.00614725
v 0.09923847 -0.00721185 -0.00633040
v 0.09667263 -0.00798744 -0.00626411
v 0.07999551 -0.00869577 -0.00845084
v 0.08401740 -0.00870821 -0.00788459
v 0.07708347 -0.00869846 -0.00872559
v 0.09259993 -0.00884618 -0.00620502
v 0.09079701 -0.00889658 -0.00657095
v 0.08818128 -0.00899874 -0.00691046
v 0.04595337 -0.00803297 -0.00864003
v 0.06731784 -0.00872154 -0.00897221
v 0.07204500 -0.00881047 -0.00877287
v 0.04432710 -0.00808274 -0.00826806
v 0.05543226 -0.00876056 -0.00876213
v 0.05236550 -0.00867779 -0.00867236
v 0.05072561 -0.00868306 -0.00860068
v 0.04215810 -0.00709168 -0.00850105
v 0.04917619 -0.00865335 -0.00838126
v 0.04025869 -0.00586038 -0.00874204
v 0.03973325 -0.00563547 -0.00857980
v -0.07902324 -0.00583227 0.00747189
v -0.07896647 -0.00632201 0.00678612
v -0.07885526 -0.00586027 0.00805296
v -0.07877294 -0.00657778 0.00716060
v -0.07891170 -0.00536788 0.00844056
v -0.07882145 -0.00683335 0.00604617
v -0.07885437 -0.00698157 0.00514990
v -0.07870521 -0.00730737 0.00500857
v -0.07888805 -0.00720054 0.00320922
v -0.07900316 -0.00667176 0.00546287
v -0.07872358 -0.00745708 0.00206135
v -0.07889598 -0.00715039 0.00138864
v -0.07858597 -0.00739207 -0.00026480
v -0.07887839 -0.00697368 0.00024642
v -0.07898589 -0.00668127 -0.00011723
v -0.07871441 -0.00666349 -0.00187187
v -0.07887392 -0.00623031 -0.00208929
v -0.07876244 -0.00567007 -0.00348618
v -0.07843997 -0.00689988 -0.00194314
v -0.07940622 -0.00680388 0.00053491
v -0.07937549 -0.00674449 0.00499758
v -0.07938111 -0.00700779 0.00190699
v -0.07933799 -0.00704466 0.00312963
v -0.07873634 0.00822167 0.00644509
v -0.07903282 0.00831280 0.00554010
v -0.07891398 0.00809167 0.00624258
v -0.07895473 0.00722770 0.00738803
v -0.07873422 0.00722317 0.00782967
v -0.07897144 0.00619496 0.00852513
v -0.07880828 0.00609452 0.00892002
v -0.07907094 0.00525487 0.00924147
v -0.07873202 0.00522465 0.00961562
v -0.07906732 0.00425866 0.00985889
v -0.07832186 0.00915809 0.00480829
v -0.07886422 0.00893536 0.00375447
v -0.07872363 0.00922558 0.00297942
v -0.07894401 0.00900254 0.00249828
v -0.07873868 0.00906199 0.00082566
v -0.07889954 0.00889694 0.00104468
v -0.07898858 0.00842932 -0.00037267
v -0.07807694 0.00877909 0.00622324
v -0.07824699 0.00816131 0.00700405
v -0.07946272 0.00790035 0.00612837
v -0.07937261 0.00745519 0.00685858
v -0.07939780 0.00877017 0.00158359
v -0.07940390 0.00887138 0.00277499
v -0.07940017 0.00878495 0.00355989
v -0.07939004 0.00844467 0.00495814
v -0.08091975 0.00799751 0.00564099
v -0.08115924 0.00844192 0.00425620
v 0.09011509 0.00628086 0.00113530
v 0.09063611 0.00658062 0.00068480
v 0.09098360 0.00656595 0.00063263
v 0.09224326 0.00673436 0.00045494
v -0.08639865 -0.00643869 0.00520153
v -0.08139336 -0.00686998 0.00365152
v -0.08149111 -0.00650966 0.00538693
v -0.08676717 -0.00676511 0.00350778
v -0.09559547 -0.00635431 0.00504591
v -0.09598688 -0.00669892 0.00336186
v -0.09970587 -0.00638641 0.00506619
v -0.10169121 -0.00667842 0.00371522
v -0.07900316 -0.00667176 0.00546287
v -0.07937549 -0.00674449 0.00499758
v -0.07933799 -0.00704466 0.00312963
v -0.10208894 -0.00619931 0.00540314
v -0.08152335 -0.00693775 0.00273500
v -0.08901367 -0.00678744 0.00283086
v -0.09531053 -0.00672730 0.00283330
v -0.10169982 -0.00671503 0.00285896
v -0.10225251 -0.00655103 0.00383993
v -0.07938111 -0.00700779 0.00190699
v -0.08149769 -0.00684631 0.00152363
v -0.08734708 -0.00668463 0.00166912
v -0.10225920 -0.00659953 0.00229528
v -0.09075173 -0.00651810 0.00065538
v -0.09621378 -0.00643930 0.00066489
v -0.08586640 -0.00657805 0.00070779
v -0.10063658 -0.00654456 0.00147572
v -0.10169877 -0.00659597 0.00173859
v -0.07940622 -0.00680388 0.00053491
v -0.09936950 -0.00640335 0.00057931
v -0.08144947 -0.00655004 -0.00017017
v -0.08004149 -0.00663501 -0.00022700
v -0.10213863 -0.00623364 0.00003034
v -0.10162880 -0.00610562 -0.00035770
v -0.08510838 -0.00640768 -0.00008590
v -0.07934271 -0.00635894 -0.00105455
v -0.09734767 -0.00607229 -0.00044532
v -0.08849194 -0.00618866 -0.00048765
v -0.07898589 -0.00668127 -0.00011723
v -0.07887392 -0.00623031 -0.00208929
v -0.08008160 -0.00599955 -0.00193562
v -0.08596468 -0.00576616 -0.00169616
v -0.08144129 -0.00612970 -0.00133119
v -0.09094214 -0.00571638 -0.00162112
v -0.10028104 -0.00563312 -0.00157328
v -0.09722659 -0.00563507 -0.00150983
v -0.07937634 -0.00594747 -0.00204537
v -0.08135998 -0.00576216 -0.00213543
v -0.10213720 -0.00549949 -0.00158042
v -0.10230622 -0.00602307 -0.00018205
v -0.08546724 -0.00491487 -0.00310726
v -0.09621881 -0.00503872 -0.00252429
v -0.09026241 -0.00482454 -0.00304073
v -0.09663853 -0.00470319 -0.00301054
v -0.07940145 -0.00533564 -0.00299415
v -0.07997788 -0.00505278 -0.00341694
v -0.08157077 -0.00505598 -0.00318439
v -0.10158992 -0.00470639 -0.00281926
v -0.10048955 -0.00469833 -0.00293514
v -0.07899090 -0.00577204 -0.00245401
v -0.07907673 -0.00500849 -0.00343921
v -0.09948565 0.00822475 0.00357286
v -0.09743065 0.00788144 0.00508476
v -0.09410659 0.00829779 0.00359158
v -0.09353700 0.00786962 0.00532263
v -0.09148908 0.00800315 0.00490504
v -0.09108999 0.00834513 0.00350056
v -0.10062240 0.00780638 0.00507731
v -0.10073645 0.00814440 0.00364699
v -0.08704271 0.00829571 0.00423172
v -0.08154135 0.00861806 0.00348007
v -0.08115924 0.00844192 0.00425620
v -0.08138936 0.00818770 0.00505222
v -0.07940017 0.00878495 0.00355989
v -0.07939004 0.00844467 0.00495814
v -0.10189626 0.00776205 0.00459177
v -0.08191349 0.00866886 0.00282547
v -0.09255335 0.00836432 0.00286773
v -0.09720737 0.00831623 0.00277442
v -0.07940390 0.00887138 0.00277499
v -0.10065923 0.00820077 0.00285847
v -0.10204407 0.00794705 0.00340525
v -0.10164720 0.00805744 0.00254533
v 0.07276199 0.00520249 -0.00054610
v 0.07129169 0.00548134 -0.00031544
v 0.07515428 0.00539424 -0.00016994
v 0.07715881 0.00500005 -0.00048846
v 0.06951911 0.00528835 -0.00058822
v 0.07928440 0.00522333 -0.00016795
v 0.07923357 0.00474683 -0.00062328
v 0.07754268 0.00483177 -0.00064556
v 0.06864260 0.00549724 -0.00034666
v 0.08131259 0.00465041 -0.00037921
v 0.07989427 0.00578581 0.00031816
v 0.07817989 0.00625689 0.00048884
v 0.08245905 0.00543144 0.00040070
v 0.08271610 0.00453099 -0.00014289
v 0.08437961 0.00471899 0.00040339
v 0.08481947 0.00372411 -0.00018545
v 0.08263991 0.00430921 -0.00042958
v 0.08433156 0.00382276 -0.00040288
v 0.08801391 0.00360971 -0.00073280
v 0.08830309 0.00453075 -0.00003106
v 0.08830127 0.00395315 -0.00057370
v 0.09098360 0.00656595 0.00063263
v 0.09042839 0.00577818 0.00031195
v 0.09011509 0.00628086 0.00113530
v 0.08980860 0.00548836 0.00054695
v 0.08990037 0.00529487 0.00013838
v 0.09016246 0.00528105 -0.00007768
v 0.08953121 0.00470524 -0.00028007
v 0.08895835 0.00494985 0.00032814
v 0.09049296 0.00528024 -0.00024372
v 0.09108108 0.00582293 0.00005236
v 0.08997257 0.00457196 -0.00058559
v 0.09052271 0.00470282 -0.00077819
v 0.09109626 0.00543624 -0.00029718
v 0.08918177 0.00440078 -0.00056819
v 0.09178247 0.00503997 -0.00074598
v 0.09176667 0.00562260 -0.00023182
v 0.09181280 0.00624517 0.00024471
v 0.09268813 0.00654697 0.00033332
v 0.09230731 0.00599978 0.00002817
v 0.09253394 0.00526189 -0.00058211
v 0.09340438 0.00617150 0.00003400
v 0.09358824 0.00670385 0.00020455
v 0.09391160 0.00649598 -0.00023586
v 0.09460680 0.00712806 0.00102149
v 0.09332536 0.00719186 0.00108195
v 0.09224326 0.00673436 0.00045494
v 0.09149932 0.00698782 0.00098574
v 0.09213346 0.00784348 0.00213347
v 0.09077919 0.00768626 0.00192782
v 0.09029658 0.00685906 0.00113188
v 0.08919846 0.00746745 0.00190651
v 0.08938178 0.00698037 0.00146874
v 0.08815267 0.00659638 0.00136797
v 0.08955039 0.00824168 0.00261832
v 0.08744808 0.00831380 0.00273139
v 0.08658039 0.00655784 0.00150557
v 0.08748303 0.00468871 0.00034626
v 0.08841171 0.00544116 0.00058752
v 0.08686798 0.00329504 -0.00041986
v 0.08671784 0.00453431 0.00042014
v 0.08576935 0.00433322 0.00036631
v 0.08590509 0.00351601 -0.00015469
v 0.08928340 0.00608228 0.00102608
v 0.08583820 0.00822560 0.00265521
v 0.08488897 0.00650294 0.00143043
v 0.08482195 0.00936551 0.00353256
v 0.08379392 0.00818461 0.00249130
v 0.08370062 0.00647420 0.00126970
v 0.08037684 0.00896714 0.00272681
v 0.08252681 0.00715472 0.00157811
v 0.07862461 0.00705837 0.00109653
v 0.07781433 0.00959662 0.00303921
v 0.07490720 0.00792071 0.00157796
v 0.07471171 0.00671025 0.00069062
v 0.07016432 0.00702040 0.00067424
v 0.07013084 0.00658234 0.00039408
v 0.09063611 0.00658062 0.00068480
v 0.08918629 0.00461341 0.00006257
v 0.08925592 0.00528571 0.00094566
v 0.08956888 0.00558437 0.00137149
v 0.08599395 0.00334971 -0.00043962
v 0.08848589 0.00879305 0.00326097
v -0.07937946 -0.00641124 0.00615306
v -0.07900316 -0.00667176 0.00546287
v -0.07896647 -0.00632201 0.00678612
vt 0.07430404 0.87252080
vt 0.04701471 0.83588517
vt 0.02645520 0.88308090
vt 0.05546372 0.92138791
vt 0.02641127 0.92370176
vt 0.04587730 0.94719648
vt 0.06153521 0.93911302
vt 0.06658673 0.92920923
vt 0.01619491 0.91901541
vt 0.01186211 0.88563645
vt 0.07613195 0.88925678
vt 0.01446412 0.84009129
vt 0.03447135 0.81188917
vt 0.05227816 0.81055897
vt 0.06470866 0.82687753
vt 0.04040548 0.94860256
vt 0.02962915 0.94430465
vt 0.07385547 0.85284680
vt 0.00740247 0.86636382
vt 0.01063366 0.90712303
vt 0.02007404 0.82120216
vt 0.01839466 0.92875206
vt 0.00728892 0.89149493
vt 0.07574075 0.86859685
vt 0.04788901 0.80591679
vt 0.07471187 0.91054702
vt 0.00775325 0.84978217
vt 0.01214904 0.83448440
vt 0.03105629 0.80858940
vt 0.07145057 0.83826101
vt 0.06955187 0.92806882
vt 0.04269505 0.80345237
vt 0.05244376 0.94852597
vt 0.06081803 0.81352144
vt 0.00496652 0.86567068
vt 0.01251224 0.91974527
vt 0.03491310 0.94965881
vt 0.02279404 0.81416166
vt 0.04142730 0.95389611
vt 0.02136227 0.93872458
vt 0.01531131 0.82273608
vt 0.06916212 0.93337941
vt 0.06942680 0.82711309
vt 0.05381300 0.80304986
vt 0.00417145 0.88511252
vt 0.00573872 0.89585584
vt 0.06272106 0.94341558
vt 0.00336186 0.87385470
vt 0.00767637 0.90761054
vt 0.02795610 0.94707179
vt 0.07725909 0.90433073
vt 0.07727380 0.86172622
vt 0.07854524 0.88496655
vt 0.01019001 0.83460021
vt 0.07370352 0.83817440
vt 0.07381991 0.92030472
vt 0.00627165 0.84840405
vt 0.06432896 0.81380117
vt 0.05487888 0.95145470
vt 0.03785164 0.80062979
vt 0.04536465 0.79935068
vt 0.01258263 0.92339826
vt 0.04890566 0.95376223
vt 0.02966311 0.80497450
vt 0.06923510 0.82140470
vt 0.07854524 0.85418719
vt 0.03537994 0.95376641
vt 0.06159462 0.80553889
vt 0.07421730 0.82949561
vt 0.55403650 0.12104649
vt 0.53245091 0.12031630
vt 0.53363776 0.11161534
vt 0.54098976 0.13321425
vt 0.56061029 0.11443292
vt 0.55772656 0.13021949
vt 0.58762312 0.12248794
vt 0.59117490 0.11535360
vt 0.61722523 0.11637455
vt 0.51892173 0.13107063
vt 0.48998949 0.12970474
vt 0.50328261 0.11837454
vt 0.50984126 0.14162078
vt 0.48977745 0.11971718
vt 0.46499634 0.13576269
vt 0.45406467 0.12295786
vt 0.44744876 0.14439411
vt 0.43536985 0.13285127
vt 0.43816546 0.12186044
vt 0.41944379 0.12247384
vt 0.43208656 0.15169665
vt 0.48608589 0.14165880
vt 0.41561359 0.12696472
vt 0.54206675 0.14160661
vt 0.56287712 0.13975419
vt 0.41930336 0.14640851
vt 0.40559703 0.13078517
vt 0.63293993 0.12442969
vt 0.64283228 0.11705775
vt 0.66757566 0.12453966
vt 0.66921347 0.11667757
vt 0.68845785 0.12180978
vt 0.69179195 0.11620442
vt 0.70862359 0.12389932
vt 0.71434873 0.11585310
vt 0.71565378 0.12905279
vt 0.58242559 0.13629773
vt 0.46845248 0.15055166
vt 0.50714582 0.14883170
vt 0.39772406 0.14719629
vt 0.71262926 0.13870123
vt 0.60651851 0.13337766
vt 0.43769196 0.15199161
vt 0.70598239 0.13281547
vt 0.68868572 0.13337383
vt 0.66550297 0.13303040
vt 0.63964689 0.13812940
vt 0.60720962 0.13953125
vt 0.39504448 0.13819270
vt 0.38794386 0.12955585
vt 0.38500899 0.14986788
vt 0.38926643 0.12060617
vt 0.37136203 0.12136661
vt 0.36619127 0.13813920
vt 0.37973791 0.14514540
vt 0.36466059 0.12264273
vt 0.35889572 0.13127579
vt 0.33887655 0.11205749
vt 0.34491718 0.13391811
vt 0.32062715 0.13695906
vt 0.31186399 0.12154301
vt 0.30778670 0.13465528
vt 0.28800574 0.13752159
vt 0.28725505 0.12230515
vt 0.26468092 0.13005008
vt 0.25635093 0.12079386
vt 0.24634613 0.13381027
vt 0.23720700 0.12836055
vt 0.21800993 0.14099638
vt 0.21414684 0.12850846
vt 0.19833642 0.13734959
vt 0.22388229 0.12119224
vt 0.17697449 0.12853631
vt 0.16778719 0.13579306
vt 0.16090100 0.12608515
vt 0.13041523 0.13119201
vt 0.13209610 0.11949152
vt 0.16721700 0.11830975
vt 0.19486095 0.12021009
vt 0.14915475 0.14280325
vt 0.27512282 0.11229514
vt 0.26008922 0.11246785
vt 0.31682056 0.11325914
vt 0.25758457 0.14542484
vt 0.24266820 0.14801739
vt 0.36315358 0.14489827
vt 0.24435690 0.11216865
vt 0.16989174 0.14155826
vt 0.19346872 0.14753225
vt 0.21484828 0.14895673
vt 0.13332804 0.14672109
vt 0.53861171 0.14862160
vt 0.55720949 0.14949921
vt 0.34575087 0.14508140
vt 0.32508540 0.14442161
vt 0.41653082 0.15342252
vt 0.40935937 0.12064161
vt 0.57858121 0.15034552
vt 0.16365495 0.14870322
vt 0.28660271 0.14445351
vt 0.31359687 0.14418270
vt 0.67682391 0.14340253
vt 0.70539725 0.14107391
vt 0.12877409 0.14659460
vt 0.44828588 0.15546647
vt 0.12839559 0.11966465
vt 0.17244446 0.14875078
vt 0.47659907 0.15663420
vt 0.13224550 0.10692807
vt 0.15912248 0.10997371
vt 0.21407525 0.11175597
vt 0.19074817 0.11062720
vt 0.38342181 0.11324205
vt 0.36688623 0.10930967
vt 0.35576698 0.11269297
vt 0.50088364 0.11134245
vt 0.45218039 0.10873294
vt 0.44889081 0.11335250
vt 0.12842865 0.10701196
vt 0.43321431 0.11299133
vt 0.12645820 0.14049847
vt 0.50904989 0.15531094
vt 0.52769560 0.15454356
vt 0.60967892 0.15224083
vt 0.64368242 0.15772009
vt 0.65874761 0.15710443
vt 0.68903679 0.15254848
vt 0.35026789 0.15174945
vt 0.40365434 0.15897040
vt 0.39503577 0.15826836
vt 0.59291738 0.10761324
vt 0.39976779 0.11398346
vt 0.70476753 0.15370405
vt 0.13233887 0.15017892
vt 0.14631628 0.16689245
vt 0.33144781 0.15190808
vt 0.71406746 0.15096447
vt 0.26500505 0.15511927
vt 0.28779641 0.15350217
vt 0.31488714 0.15354143
vt 0.57188308 0.15810871
vt 0.55023688 0.15634182
vt 0.16523397 0.16587788
vt 0.12988423 0.16617997
vt 0.17023651 0.16352069
vt 0.18955667 0.16567631
vt 0.61131072 0.15871361
vt 0.71741581 0.12334424
vt 0.71736509 0.11285228
vt 0.71686119 0.13972360
vt 0.71641189 0.15374635
vt 0.50913680 0.16131952
vt 0.71387410 0.15943024
vt 0.21087275 0.16569351
vt 0.23701194 0.16420415
vt 0.47657239 0.16427903
vt 0.12684666 0.16287319
vt 0.70389676 0.15947151
vt 0.37639165 0.16621991
vt 0.44783029 0.16774870
vt 0.30909652 0.16452309
vt 0.34117186 0.16390206
vt 0.34235540 0.16840032
vt 0.52235305 0.16774556
vt 0.55372304 0.16302817
vt 0.17127030 0.17883572
vt 0.27047408 0.17174298
vt 0.29798189 0.16713901
vt 0.68391258 0.16166216
vt 0.18668583 0.18091922
vt 0.21585126 0.17936189
vt 0.23502490 0.17757340
vt 0.43862885 0.16887809
vt 0.41944635 0.17111699
vt 0.50281179 0.17272595
vt 0.13056332 0.17854674
vt 0.71591371 0.16240357
vt 0.66096979 0.16622035
vt 0.14927095 0.18406874
vt 0.59326446 0.16152619
vt 0.54198247 0.17463863
vt 0.63583267 0.16842839
vt 0.71930230 0.10176659
vt 0.27780434 0.10223900
vt 0.30847973 0.10248524
vt 0.32975638 0.09980068
vt 0.63044041 0.10853672
vt 0.67213726 0.10834380
vt 0.69204116 0.11367317
vt 0.70506752 0.10618372
vt 0.25545847 0.10237029
vt 0.21374749 0.10272596
vt 0.17943472 0.10039379
vt 0.34095502 0.10344582
vt 0.71491593 0.10776751
vt 0.44049877 0.09997861
vt 0.43044290 0.09707917
vt 0.52565551 0.10251059
vt 0.54566842 0.10495719
vt 0.56241167 0.10527570
vt 0.15747128 0.09880090
vt 0.13218716 0.09374977
vt 0.12851395 0.09424219
vt 0.23224205 0.08478838
vt 0.24846442 0.08434527
vt 0.28016320 0.09326992
vt 0.30763730 0.08492194
vt 0.20092219 0.08953146
vt 0.49878487 0.10120049
vt 0.37942725 0.10226823
vt 0.53822517 0.08903170
vt 0.40535951 0.08770043
vt 0.39169580 0.08896531
vt 0.46621463 0.09179630
vt 0.45003444 0.07989734
vt 0.17268819 0.08220236
vt 0.20892031 0.08278161
vt 0.50387758 0.08750586
vt 0.36137474 0.08846223
vt 0.27631706 0.08457554
vt 0.43619028 0.08570495
vt 0.33137780 0.08260097
vt 0.34008580 0.08659723
vt 0.58345616 0.09072002
vt 0.60875630 0.09378029
vt 0.63878340 0.09301157
vt 0.71710789 0.09412841
vt 0.56281263 0.08841433
vt 0.12571426 0.11974433
vt 0.49198169 0.07755517
vt 0.52919739 0.07942703
vt 0.37692592 0.08049054
vt 0.38497734 0.08153602
vt 0.40671265 0.07716956
vt 0.13248694 0.08128341
vt 0.67142457 0.09158052
vt 0.69089717 0.09152719
vt 0.70690888 0.08937271
vt 0.63591933 0.08896623
vt 0.12455657 0.10770088
vt 0.12705940 0.07464827
vt 0.24573420 0.07570778
vt 0.20954104 0.07486348
vt 0.42517218 0.07338067
vt 0.32943752 0.07888149
vt 0.27901003 0.07528064
vt 0.30634919 0.07760657
vt 0.25643060 0.07236023
vt 0.36210060 0.07504233
vt 0.71331620 0.08279267
vt 0.43518510 0.07396819
vt 0.61311167 0.08129846
vt 0.58133346 0.07932615
vt 0.56131279 0.07792635
vt 0.63976467 0.08023451
vt 0.67318439 0.08120005
vt 0.12465875 0.09850173
vt 0.11931607 0.10348872
vt 0.12159163 0.11754104
vt 0.10912325 0.11583806
vt 0.12079746 0.12769608
vt 0.12420027 0.12957850
vt 0.10672849 0.10538553
vt 0.08950776 0.11431950
vt 0.07710797 0.10477970
vt 0.05568943 0.11387057
vt 0.03267215 0.11242533
vt 0.03499786 0.10457227
vt 0.00629988 0.11612862
vt 0.00980466 0.12244942
vt 0.02622052 0.13063887
vt 0.03764144 0.13173841
vt 0.10517097 0.13412447
vt 0.06461398 0.13323046
vt 0.00581808 0.10447497
vt 0.00982593 0.13131396
vt 0.00512689 0.13463327
vt 0.00184939 0.12637293
vt 0.12269317 0.14942150
vt 0.03554525 0.14256221
vt 0.06876328 0.14299002
vt 0.10874872 0.14357741
vt 0.00949989 0.14043370
vt 0.00180735 0.10748480
vt 0.00610130 0.09528054
vt 0.12189828 0.08546964
vt 0.11170452 0.09643965
vt 0.07673614 0.09603984
vt 0.03596721 0.09609135
vt 0.10980903 0.08826698
vt 0.08053984 0.08384107
vt 0.02577006 0.08591364
vt 0.00534734 0.08136701
vt 0.00178775 0.08988394
vt 0.10662401 0.15247640
vt 0.08670902 0.15162808
vt 0.05511469 0.15131015
vt 0.03340346 0.14954767
vt 0.02493669 0.15477537
vt 0.00948895 0.15226747
vt 0.10118134 0.07755202
vt 0.00487687 0.15239048
vt 0.12336489 0.08035507
vt 0.12577307 0.07578304
vt 0.12286155 0.16451195
vt 0.13056630 0.06814114
vt 0.17133196 0.07427166
vt 0.71757305 0.07300965
vt 0.11861617 0.07244977
vt 0.47061744 0.06752644
vt 0.44869214 0.06898694
vt 0.52058446 0.06903760
vt 0.39454839 0.06429588
vt 0.40967777 0.06842747
vt 0.37269995 0.06414224
vt 0.69204855 0.07693630
vt 0.70573598 0.07944713
vt 0.07889264 0.07724658
vt 0.02479589 0.07758177
vt 0.34653544 0.06712060
vt 0.22385147 0.06847530
vt 0.54103011 0.07147310
vt 0.56409287 0.06981991
vt 0.12330955 0.06226321
vt 0.24248737 0.06877978
vt 0.32497266 0.06486962
vt 0.27669850 0.06602458
vt 0.30246016 0.06686249
vt 0.00185134 0.14758572
vt 0.08573876 0.17012292
vt 0.11197501 0.16974838
vt 0.03201159 0.16908124
vt 0.05456154 0.16942543
vt 0.11022158 0.15893887
vt 0.12509339 0.14075859
vt 0.12489833 0.15203831
vt 0.01852366 0.16722856
vt 0.00916534 0.16730446
vt 0.61359912 0.06990279
vt 0.64017266 0.07113376
vt 0.67375308 0.07286659
vt 0.41739407 0.05741509
vt 0.33837220 0.06115510
vt 0.09872755 0.06912763
vt 0.20675945 0.06761479
vt 0.17749016 0.06867971
vt 0.14728466 0.06781574
vt 0.13273320 0.05756333
vt 0.43668389 0.05802827
vt 0.35784873 0.05502273
vt 0.07906048 0.06810232
vt 0.04031261 0.06703286
vt 0.38845378 0.05518993
vt 0.51326960 0.06439337
vt 0.47048667 0.06052124
vt 0.44019789 0.05263039
vt 0.42328116 0.04789238
vt 0.12569307 0.06105160
vt 0.00170622 0.07150762
vt 0.70757407 0.06567981
vt 0.71766847 0.06708698
vt 0.01909574 0.06971042
vt 0.54582751 0.05573514
vt 0.29324105 0.05716449
vt 0.59274584 0.05858174
vt 0.26990297 0.05638331
vt 0.25025159 0.05451769
vt 0.23572071 0.05341095
vt 0.00536610 0.06535955
vt 0.56977212 0.05766811
vt 0.11111584 0.06082810
vt 0.09104215 0.06060931
vt 0.39162633 0.04574601
vt 0.61027730 0.06072911
vt 0.71934491 0.05385929
vt 0.35453889 0.04963508
vt 0.12740333 0.05437342
vt 0.64308566 0.06441271
vt 0.52820158 0.05426310
vt 0.06635555 0.06118708
vt 0.16209792 0.05824932
vt 0.32156348 0.05159203
vt 0.19540894 0.05275445
vt 0.14229992 0.05667141
vt 0.69265777 0.06391572
vt 0.33658123 0.04560745
vt 0.12478194 0.16500717
vt 0.50803816 0.05186360
vt 0.48373401 0.04829403
vt 0.46251631 0.05475530
vt 0.67433238 0.05623036
vt 0.27433640 0.04076281
vt 0.30370706 0.04115991
vt 0.25706849 0.04010857
vt 0.00041218 0.11794156
vt 0.13272372 0.04805819
vt 0.15403004 0.04771526
vt 0.18098359 0.04867656
vt 0.44231591 0.03597923
vt 0.39072561 0.03950512
vt 0.40649399 0.04143937
vt 0.42374253 0.03163820
vt 0.43307701 0.03153225
vt 0.46225825 0.04133454
vt 0.46806514 0.04424718
vt 0.02666938 0.05055026
vt 0.71731055 0.05284144
vt 0.64642125 0.05344325
vt 0.69714898 0.05554970
vt 0.11847932 0.05391037
vt 0.06003873 0.04953392
vt 0.23976368 0.03902124
vt 0.71833247 0.08969881
vt 0.00578629 0.05117448
vt 0.36128551 0.03340792
vt 0.35200119 0.03198552
vt 0.56998366 0.04370563
vt 0.53257769 0.04019843
vt 0.59169954 0.04510963
vt 0.60767663 0.04696375
vt 0.09347519 0.04913640
vt 0.00230940 0.05158493
vt 0.33422950 0.03133218
vt 0.70539552 0.05120187
vt 0.12329747 0.04942508
vt 0.40293553 0.02731213
vt 0.71964025 0.07211516
vt 0.38940740 0.02617394
vt 0.46137226 0.02658964
vt 0.47120064 0.03161950
vt 0.50204319 0.03902083
vt 0.20341934 0.03774884
vt 0.17356685 0.03722785
vt 0.12743033 0.04461475
vt 0.12567022 0.04836668
vt 0.68735492 0.04490465
vt 0.14093027 0.03544962
vt 0.31485400 0.02934088
vt 0.27777866 0.02798360
vt 0.12856135 0.03429253
vt 0.64040643 0.04332748
vt 0.13278015 0.03586999
vt 0.24695973 0.02642818
vt 0.00408898 0.16710843
vt 0.57275993 0.03028003
vt 0.54348457 0.02856998
vt 0.59235722 0.03203627
vt 0.61744434 0.03188064
vt 0.12333346 0.03773580
vt 0.09199210 0.03850847
vt 0.11236386 0.03957025
vt 0.43126866 0.02029109
vt 0.40437707 0.01760255
vt 0.71680373 0.04079456
vt 0.21114188 0.02528939
vt 0.36236632 0.01697583
vt 0.38388962 0.01729816
vt 0.02985097 0.03848793
vt 0.00030562 0.09482263
vt 0.49980146 0.02356971
vt 0.00629511 0.04047405
vt 0.47508845 0.01980152
vt 0.46837002 0.01834731
vt 0.33146411 0.01687220
vt 0.35210291 0.01674244
vt 0.05940921 0.03747486
vt 0.31694639 0.01585410
vt 0.29341376 0.01496787
vt 0.26669079 0.01395717
vt 0.17454255 0.02583254
vt 0.70461988 0.04107252
vt 0.12599492 0.03677174
vt 0.64050245 0.03020032
vt 0.66810030 0.03188637
vt 0.69781238 0.03068318
vt 0.70541525 0.02980754
vt 0.24411502 0.01255892
vt 0.00227108 0.03774287
vt 0.58776659 0.01861555
vt 0.55883998 0.01716665
vt 0.59862840 0.01927567
vt 0.14026381 0.02129412
vt 0.13292181 0.02149578
vt 0.61754477 0.01843774
vt 0.53896934 0.01577642
vt 0.50017166 0.01591429
vt 0.00534153 0.02489536
vt 0.12641971 0.02992518
vt 0.71905243 0.04152244
vt 0.55381107 0.17461100
vt 0.57425189 0.17425908
vt 0.59957868 0.17384385
vt 0.47815990 0.17631148
vt 0.39960620 0.17431022
vt 0.12634537 0.17511131
vt 0.50727803 0.18048236
vt 0.33725181 0.16861336
vt 0.33610302 0.17897795
vt 0.32718679 0.17708088
vt 0.33350480 0.17035815
vt 0.32060003 0.17086270
vt 0.30328268 0.17873365
vt 0.30276656 0.16970623
vt 0.32083356 0.16836697
vt 0.12532461 0.17810702
vt 0.52264768 0.18090622
vt 0.12323125 0.18425600
vt 0.13278760 0.18906915
vt 0.27956492 0.18357477
vt 0.30365241 0.18326411
vt 0.68625671 0.17544119
vt 0.69969440 0.17217921
vt 0.18844365 0.19201328
vt 0.00951182 0.18079522
vt 0.71360946 0.17053857
vt 0.22225817 0.19131702
vt 0.25614548 0.19119936
vt 0.37645578 0.17776164
vt 0.35792241 0.17912415
vt 0.66211939 0.17657469
vt 0.63336354 0.17704621
vt 0.15031172 0.19307593
vt 0.11308552 0.18379892
vt 0.04233545 0.18145144
vt 0.08003512 0.18281722
vt 0.70748824 0.17078333
vt 0.46621478 0.18218505
vt 0.49102321 0.18738742
vt 0.44109353 0.18306103
vt 0.00387033 0.18000822
vt 0.28008416 0.18978269
vt 0.12876183 0.19037543
vt 0.53382200 0.18524408
vt 0.62964404 0.18587153
vt 0.59316838 0.18700403
vt 0.30555049 0.19649006
vt 0.00153827 0.17282896
vt 0.65619141 0.18761517
vt 0.67378920 0.18835525
vt 0.40748003 0.18806042
vt 0.42335564 0.18762070
vt 0.32734823 0.19453952
vt 0.34115922 0.19510092
vt 0.36421633 0.19405250
vt 0.13284115 0.20244657
vt 0.39702812 0.18855816
vt 0.51080036 0.19161355
vt 0.52752519 0.19302931
vt 0.27156049 0.19735163
vt 0.55522430 0.18688478
vt 0.18413326 0.20205276
vt 0.20654310 0.20520669
vt 0.70720577 0.18095689
vt 0.69725841 0.18231992
vt 0.12524135 0.19520564
vt 0.15053205 0.20374627
vt 0.37362355 0.19349678
vt 0.45873228 0.19214305
vt 0.47587714 0.18971649
vt 0.12656613 0.19238672
vt 0.12910596 0.20607355
vt 0.12283529 0.20127098
vt 0.11450329 0.19833808
vt 0.09725397 0.19813596
vt 0.05597094 0.19505611
vt 0.01048617 0.19402345
vt 0.23313795 0.20751210
vt 0.00496230 0.19540657
vt 0.10773844 0.02558856
vt 0.12320410 0.02224329
vt 0.12985380 0.21703736
vt 0.12500106 0.02508712
vt 0.12534297 0.01576367
vt 0.08357877 0.02583754
vt 0.05268667 0.02575685
vt 0.00159334 0.02063880
vt 0.01773647 0.02225836
vt 0.03741718 0.02066467
vt 0.00176291 0.19999430
vt 0.72318482 0.15085033
vt 0.72034103 0.14397053
vt 0.72286803 0.13749021
vt 0.72529048 0.13363181
vt 0.72890395 0.14411747
vt 0.73297673 0.13649742
vt 0.73324412 0.12748609
vt 0.74572498 0.12534857
vt 0.73627609 0.14612292
vt 0.73664522 0.11005781
vt 0.74674267 0.10955697
vt 0.75895941 0.11190297
vt 0.75929129 0.10698631
vt 0.77780229 0.11403752
vt 0.77427065 0.10761831
vt 0.79374295 0.10958581
vt 0.79461473 0.11528835
vt 0.82578719 0.11777747
vt 0.82935405 0.11252426
vt 0.84632361 0.11485564
vt 0.84678704 0.11978190
vt 0.86664498 0.12190814
vt 0.86764556 0.11350487
vt 0.87872046 0.12276281
vt 0.88167953 0.11568082
vt 0.88927066 0.12407706
vt 0.89144474 0.11812612
vt 0.90365165 0.12502898
vt 0.90457892 0.12011692
vt 0.91958785 0.12113895
vt 0.86312389 0.10306866
vt 0.91775036 0.12620729
vt 0.82009262 0.09846424
vt 0.84794986 0.09967275
vt 0.84582025 0.09150384
vt 0.92890668 0.12799768
vt 0.92889726 0.12449950
vt 0.87555945 0.09450659
vt 0.88755578 0.09894944
vt 0.86345452 0.08909042
vt 0.79821658 0.08753586
vt 0.82130980 0.08638433
vt 0.90520144 0.10478183
vt 0.76145214 0.12006657
vt 0.94861853 0.12964521
vt 0.95352066 0.12520351
vt 0.77489847 0.08549907
vt 0.76082939 0.08700348
vt 0.96340555 0.13073893
vt 0.97257239 0.12616196
vt 0.81946361 0.14363024
vt 0.77460080 0.13955812
vt 0.79780495 0.14250463
vt 0.91904616 0.09991332
vt 0.74593085 0.09356017
vt 0.83917940 0.14199942
vt 0.84724313 0.14018884
vt 0.89247239 0.08548562
vt 0.74109620 0.10544992
vt 0.87119704 0.07674278
vt 0.75991297 0.13961309
vt 0.98012447 0.13189466
vt 0.90193397 0.08275639
vt 0.93111050 0.10818475
vt 0.94712716 0.10231711
vt 0.96184301 0.10654309
vt 0.86576921 0.14600356
vt 0.88284165 0.15041821
vt 0.88971710 0.15233430
vt 0.98008412 0.12749681
vt 0.99249315 0.13703065
vt 0.92448437 0.09972234
vt 0.84666550 0.07922005
vt 0.82270741 0.07728691
vt 0.83352095 0.16921355
vt 0.81664711 0.16809022
vt 0.84596092 0.16936584
vt 0.79999602 0.16683571
vt 0.73661458 0.10122155
vt 0.90741855 0.15158966
vt 0.89473599 0.13690884
vt 0.79725194 0.07533180
vt 0.77508497 0.07418988
vt 0.92034680 0.08568840
vt 0.86911875 0.17612728
vt 0.88739908 0.17674884
vt 0.85335869 0.16094692
vt 0.90481675 0.17305171
vt 0.85580158 0.16853680
vt 0.93258214 0.09099033
vt 0.99229395 0.12938677
vt 0.75285554 0.15080456
vt 0.74417710 0.15275522
vt 0.77318752 0.15928245
vt 0.76045573 0.07333539
vt 0.91784513 0.15502541
vt 0.97664595 0.11292341
vt 0.92768961 0.08032525
vt 0.93046677 0.15759234
vt 0.93581599 0.14846706
vt 0.95483613 0.15175670
vt 0.87932616 0.07406949
vt 0.94815844 0.08406184
vt 0.74616671 0.07365540
vt 0.97390765 0.09740704
vt 0.96552414 0.08476653
vt 0.91424674 0.17845161
vt 0.92279339 0.17045334
vt 0.90387368 0.18176635
vt 0.90336943 0.07685132
vt 0.92205578 0.07468846
vt 0.89124238 0.07125729
vt 0.98607558 0.10797644
vt 0.99354380 0.11516265
vt 0.84803516 0.06917030
vt 0.86317068 0.07165101
vt 0.83077848 0.06712075
vt 0.98632878 0.15176916
vt 0.97242445 0.15181085
vt 0.84734905 0.17416471
vt 0.85411018 0.17462733
vt 0.94112647 0.07679102
vt 0.73119295 0.10295622
vt 0.93620652 0.16375601
vt 0.73107433 0.11073981
vt 0.73624581 0.07978769
vt 0.73384374 0.09098772
vt 0.99285209 0.15333980
vt 0.94654483 0.16670592
vt 0.93123585 0.17854671
vt 0.93860775 0.17503269
vt 0.79303682 0.06745085
vt 0.97897553 0.16704313
vt 0.98710287 0.16080998
vt 0.96474361 0.16233487
vt 0.99524277 0.10223036
vt 0.97865337 0.08667561
vt 0.96123171 0.07948959
vt 0.92994016 0.18915652
vt 0.74660546 0.06934026
vt 0.99281502 0.09184042
vt 0.96992785 0.17477857
vt 0.77642053 0.06369106
vt 0.96103382 0.19091521
vt 0.72474951 0.12435142
vt 0.76020342 0.06569859
vt 0.91841233 0.19842681
vt 0.95109683 0.19488864
vt 0.99250031 0.17101635
vt 0.88727808 0.18567801
vt 0.97639805 0.08166045
vt 0.90929437 0.20245378
vt 0.94163680 0.19521722
vt 0.93698722 0.19946849
vt 0.93093300 0.20197853
vt 0.98843408 0.17944269
vt 0.96944678 0.19018038
vt 0.97883803 0.19045106
vt 0.84587032 0.18789530
vt 0.82465869 0.19237800
vt 0.88969934 0.19994034
vt 0.72491330 0.11015680
vt 0.73256767 0.07391496
vt 0.81454796 0.19455239
vt 0.79265350 0.17076249
vt 0.85268641 0.19594195
vt 0.86543024 0.19420616
vt 0.73473108 0.06793775
vt 0.87568027 0.06805401
vt 0.88663012 0.21353503
vt 0.87221158 0.21901855
vt 0.86114007 0.22079834
vt 0.84773481 0.21959248
vt 0.90958142 0.07008738
vt 0.99814320 0.11552613
vt 0.73208559 0.15067467
vt 0.79475874 0.18730596
vt 0.84571338 0.20521000
vt 0.83161318 0.20759246
vt 0.72546774 0.09622045
vt 0.77323741 0.16453341
vt 0.79785788 0.06375284
vt 0.77305150 0.18597898
vt 0.99720061 0.13330440
vt 0.72947329 0.08101103
vt 0.94823480 0.07358261
vt 0.97536850 0.19392444
vt 0.79670608 0.19965085
vt 0.81063247 0.20626514
vt 0.77347696 0.19710010
vt 0.89529395 0.21069025
vt 0.73924369 0.15662640
vt 0.92927736 0.07151835
vt 0.83724749 0.21503282
vt 0.99583834 0.16156611
vt 0.94678205 0.20293047
vt 0.75873405 0.18329337
vt 0.99745578 0.14676079
vt 0.75700432 0.16298220
vt 0.75988334 0.15880063
vt 0.96512675 0.07482869
vt 0.95574564 0.19748080
vt 0.74478829 0.06086459
vt 0.72552013 0.08917966
vt 0.99211586 0.18974480
vt 0.96584439 0.19716223
vt 0.91891128 0.20702334
vt 0.72993100 0.16787468
vt 0.98430860 0.19632654
vt 0.72651988 0.16168118
vt 0.99969435 0.09158975
vt 0.72980809 0.06418483
vt 0.72481430 0.07251328
vt 0.72198480 0.11891690
vt 0.72126895 0.16849856
vt 0.72386116 0.06220888
vt 0.72525340 0.05434119
vt 0.72228301 0.10466489
vt 0.84360415 0.23142770
vt 0.86283892 0.23141523
vt 0.81818604 0.23181818
vt 0.99115497 0.20010713
vt 0.98066783 0.21289413
vt 0.72277039 0.04361822
vt 0.05595345 0.20154162
vt 0.02455981 0.20334485
vt 0.12225178 0.21079548
vt 0.11445884 0.21562167
vt 0.10328169 0.21549803
vt 0.12443905 0.21893954
vt 0.05678373 0.21432659
vt 0.04752504 0.21517676
vt 0.01010433 0.20765369
vt 0.00469510 0.20698518
vt 0.08863226 0.01875840
vt 0.02686505 0.21698795
vt 0.11107305 0.01157587
vt 0.01446735 0.01227915
vt 0.03750684 0.01238328
vt 0.08252606 0.00981323
vt 0.00228852 0.00705010
vt 0.12289137 0.00905572
vt 0.00988553 0.21610202
vt 0.11188908 0.22239202
vt 0.05831751 0.22050789
vt 0.00288948 0.22063662
vt 0.11297329 0.23181818
vt 0.08561584 0.00124147
vt 0.11159038 0.00149787
vt 0.12472809 0.00064935
vt 0.01493789 0.00216872
vt 0.03677732 0.00146677
vt 0.08196414 0.22966582
vt 0.21526745 0.74685109
vt 0.25537291 0.75460041
vt 0.21518551 0.75561166
vt 0.19034246 0.74777198
vt 0.19033399 0.75537515
vt 0.16961677 0.74793750
vt 0.14125979 0.75771928
vt 0.26970941 0.74824965
vt 0.28614241 0.75361550
vt 0.22530839 0.76443017
vt 0.27359536 0.76293278
vt 0.19187386 0.76342422
vt 0.14148772 0.76580256
vt 0.29392105 0.76557022
vt 0.31237885 0.74628150
vt 0.10729811 0.75864023
vt 0.10782231 0.75019997
vt 0.08049349 0.75750256
vt 0.08213851 0.74930161
vt 0.14454785 0.74830180
vt 0.10630175 0.76690894
vt 0.30316192 0.76369584
vt 0.30575439 0.75281394
vt 0.31813106 0.76249802
vt 0.34898362 0.75893080
vt 0.35957128 0.74432594
vt 0.37297469 0.75860590
vt 0.36033943 0.77125657
vt 0.39341909 0.76988512
vt 0.39328286 0.75690931
vt 0.42399949 0.75615352
vt 0.37764189 0.74428552
vt 0.40582541 0.75210422
vt 0.42596105 0.76542002
vt 0.44401774 0.75417227
vt 0.46242085 0.76429570
vt 0.46368957 0.77488434
vt 0.48675478 0.76336575
vt 0.46622801 0.75185323
vt 0.50017405 0.77383059
vt 0.51395488 0.76529294
vt 0.06052582 0.75616264
vt 0.52856499 0.77155125
vt 0.53104675 0.76384181
vt 0.54121536 0.76764739
vt 0.55453604 0.76296532
vt 0.57841080 0.76144946
vt 0.56179249 0.77015859
vt 0.59352505 0.76855254
vt 0.59710628 0.76009029
vt 0.61021417 0.76304543
vt 0.06186744 0.73949599
vt 0.04289088 0.74743932
vt 0.43020245 0.74492711
vt 0.25441092 0.74302042
vt 0.48292819 0.75083500
vt 0.50303912 0.75124854
vt 0.07567244 0.73800761
vt 0.04574437 0.72884816
vt 0.09671401 0.73688459
vt 0.03742026 0.73252046
vt 0.03547675 0.75168943
vt 0.53097713 0.75034732
vt 0.28179705 0.74166864
vt 0.36609623 0.73918647
vt 0.31895339 0.74076563
vt 0.40807101 0.73910707
vt 0.43844402 0.73837209
vt 0.54928625 0.74782670
vt 0.56542867 0.74739999
vt 0.59772724 0.74724835
vt 0.60748708 0.74531335
vt 0.13713886 0.73516119
vt 0.18898953 0.73385245
vt 0.16370498 0.73375934
vt 0.22422263 0.72974283
vt 0.06042751 0.72593176
vt 0.07582674 0.72440130
vt 0.47539648 0.73829967
vt 0.03744045 0.72206795
vt 0.24638402 0.73027557
vt 0.30657268 0.72478312
vt 0.32641336 0.72658706
vt 0.34555709 0.72768068
vt 0.28193513 0.72627503
vt 0.36587155 0.72777927
vt 0.51034468 0.73557055
vt 0.60471064 0.73060590
vt 0.56370318 0.73377323
vt 0.61186731 0.74443829
vt 0.11918419 0.72221696
vt 0.16159086 0.72096795
vt 0.61348164 0.73006922
vt 0.18701470 0.72012359
vt 0.58016008 0.78310621
vt 0.54836482 0.78066689
vt 0.23694867 0.71799862
vt 0.40882978 0.71964967
vt 0.04605367 0.71217799
vt 0.43215424 0.71717846
vt 0.45134032 0.73077869
vt 0.47808382 0.72740555
vt 0.45161542 0.71449649
vt 0.31102622 0.71571958
vt 0.34555706 0.71564794
vt 0.28011259 0.71478385
vt 0.38542783 0.71459746
vt 0.52240753 0.72841424
vt 0.03731455 0.71129555
vt 0.03511664 0.73275369
vt 0.61112058 0.72062457
vt 0.06339554 0.71144718
vt 0.59939098 0.72043616
vt 0.57329172 0.72198606
vt 0.56042826 0.78484768
vt 0.51823139 0.72280687
vt 0.60808676 0.77793628
vt 0.59642076 0.77991754
vt 0.50430328 0.78036660
vt 0.46350873 0.77893382
vt 0.44224346 0.78244555
vt 0.52571321 0.78415114
vt 0.04543653 0.75895363
vt 0.42254132 0.77489269
vt 0.42264834 0.78649157
vt 0.40319863 0.77798218
vt 0.34601012 0.77081299
vt 0.07453457 0.76625144
vt 0.61386043 0.74904484
vt 0.09219310 0.70929563
vt 0.12224223 0.70817810
vt 0.41086158 0.71032745
vt 0.48179135 0.71195209
vt 0.27107894 0.77140921
vt 0.23113696 0.77142966
vt 0.30848485 0.71053952
vt 0.40214881 0.70650083
vt 0.34720841 0.70880800
vt 0.43818146 0.70492411
vt 0.24189827 0.71278512
vt 0.14810598 0.70570463
vt 0.18507376 0.70706892
vt 0.51497871 0.70975059
vt 0.55375779 0.70831996
vt 0.59542125 0.70754004
vt 0.61372405 0.71963137
vt 0.61067003 0.70678568
vt 0.27169564 0.70346862
vt 0.29837245 0.70280880
vt 0.47347894 0.70551610
vt 0.21600299 0.70142651
vt 0.61271131 0.77067173
vt 0.50036019 0.70381039
vt 0.06630148 0.69691235
vt 0.04846978 0.69701517
vt 0.03772748 0.69721293
vt 0.34028316 0.69866461
vt 0.61326146 0.70501244
vt 0.03519530 0.72331965
vt 0.36442316 0.69816196
vt 0.18404160 0.69976562
vt 0.46393812 0.69879085
vt 0.60618168 0.70108128
vt 0.09347131 0.69395512
vt 0.54379499 0.70290005
vt 0.25516427 0.69821256
vt 0.29542005 0.69703567
vt 0.13956398 0.69448441
vt 0.47622740 0.69605726
vt 0.41216347 0.69532663
vt 0.44502729 0.69168937
vt 0.18378510 0.69208825
vt 0.29620624 0.68941051
vt 0.34726575 0.68803757
vt 0.25311393 0.68937546
vt 0.21176702 0.68787903
vt 0.50484759 0.69521248
vt 0.41436431 0.68646425
vt 0.31001753 0.77367628
vt 0.33704364 0.77578741
vt 0.34770450 0.77976441
vt 0.14751072 0.77410632
vt 0.36443636 0.77985126
vt 0.19667144 0.77401131
vt 0.04948023 0.76646650
vt 0.03567470 0.76190960
vt 0.59852296 0.79280937
vt 0.11230940 0.77737546
vt 0.60945666 0.79079127
vt 0.28978553 0.77680928
vt 0.32421374 0.78320312
vt 0.51928872 0.79109639
vt 0.13741657 0.78373313
vt 0.07371291 0.77378643
vt 0.17102942 0.78299654
vt 0.20344482 0.78128177
vt 0.21982594 0.78276068
vt 0.30205581 0.78242546
vt 0.58171988 0.79733062
vt 0.55985117 0.79769385
vt 0.52406126 0.79809409
vt 0.61382622 0.77841026
vt 0.50305873 0.78791565
vt 0.45889062 0.78804839
vt 0.09428187 0.78770465
vt 0.11168253 0.78428358
vt 0.24810623 0.77819675
vt 0.38070980 0.78817219
vt 0.41010827 0.78566551
vt 0.05366364 0.78356504
vt 0.58957511 0.80391854
vt 0.04069848 0.78374165
vt 0.35645863 0.78740597
vt 0.34084716 0.78843850
vt 0.06765187 0.78546023
vt 0.03418745 0.75636232
vt 0.61056918 0.80069864
vt 0.43661481 0.79507184
vt 0.46945718 0.79705417
vt 0.50467145 0.80624962
vt 0.51699567 0.80426770
vt 0.54330492 0.80391133
vt 0.18418865 0.78848243
vt 0.20811078 0.78769261
vt 0.27140620 0.78731054
vt 0.52497423 0.80714285
vt 0.61472082 0.74409240
vt 0.16867468 0.79032183
vt 0.03557192 0.78876555
vt 0.29258546 0.79855019
vt 0.30256650 0.80001473
vt 0.31687701 0.79917467
vt 0.23232408 0.78470397
vt 0.25415140 0.79625279
vt 0.10829636 0.79356688
vt 0.13706617 0.79138911
vt 0.41721648 0.80103832
vt 0.40049192 0.80552399
vt 0.38280433 0.79823828
vt 0.37420467 0.80396682
vt 0.34175569 0.79863304
vt 0.38609302 0.80714285
vt 0.05155172 0.68250585
vt 0.03760478 0.68536788
vt 0.60717171 0.68781722
vt 0.58751017 0.68904823
vt 0.54151571 0.69319814
vt 0.07286280 0.68543434
vt 0.44789642 0.68600297
vt 0.47214413 0.68795997
vt 0.61103702 0.68429512
vt 0.11010686 0.68476546
vt 0.14085953 0.68608207
vt 0.18447609 0.68515831
vt 0.48783833 0.68960720
vt 0.51602203 0.68765312
vt 0.54713982 0.68634582
vt 0.24582051 0.68438596
vt 0.26181933 0.68358457
vt 0.28740042 0.68234617
vt 0.46749976 0.67513865
vt 0.04230889 0.67833871
vt 0.03890909 0.67612344
vt 0.33144447 0.68041033
vt 0.07932685 0.67475212
vt 0.03553411 0.71119386
vt 0.30417222 0.68049747
vt 0.49143171 0.67116654
vt 0.51755303 0.67664462
vt 0.61374205 0.69916594
vt 0.36080417 0.67831475
vt 0.43908039 0.67728710
vt 0.60706806 0.67433125
vt 0.53901821 0.67194974
vt 0.58185524 0.67477053
vt 0.21008229 0.68246382
vt 0.10994235 0.67348719
vt 0.13912648 0.67317086
vt 0.05595194 0.67006004
vt 0.03672960 0.67858052
vt 0.51824510 0.66938531
vt 0.18530731 0.67602760
vt 0.61522007 0.76390207
vt 0.03617696 0.69582868
vt 0.33368471 0.67389858
vt 0.21566063 0.67505413
vt 0.25230542 0.67314833
vt 0.27997744 0.66929108
vt 0.30393380 0.66879267
vt 0.04904223 0.66417336
vt 0.08040007 0.66395015
vt 0.03916594 0.66464782
vt 0.46538016 0.66932756
vt 0.44799802 0.66957754
vt 0.58564520 0.66429877
vt 0.59372181 0.66389102
vt 0.57777864 0.66479015
vt 0.56368089 0.66523206
vt 0.13886017 0.66104144
vt 0.61130166 0.66466355
vt 0.60925764 0.66120386
vt 0.61315483 0.67574900
vt 0.15879375 0.66107160
vt 0.53993392 0.66360223
vt 0.36317179 0.67243487
vt 0.40426373 0.66800475
vt 0.61421210 0.68651760
vt 0.03716582 0.66662019
vt 0.21548612 0.66622955
vt 0.18425897 0.66782224
vt 0.24741030 0.66018957
vt 0.52034187 0.65954536
vt 0.48060712 0.66136879
vt 0.46667030 0.65982026
vt 0.32367146 0.66445822
vt 0.21463397 0.65958774
vt 0.20163155 0.65657371
vt 0.17975307 0.65910035
vt 0.27769113 0.65780944
vt 0.29403365 0.65551466
vt 0.31396365 0.65711308
vt 0.45980459 0.65912253
vt 0.38915586 0.65450650
vt 0.36474431 0.65650117
vt 0.43422171 0.66464710
vt 0.14055698 0.65481550
vt 0.57722151 0.65021414
vt 0.58869600 0.64931685
vt 0.52158594 0.65081710
vt 0.53910953 0.65087509
vt 0.56358063 0.65017515
vt 0.60647058 0.65143865
vt 0.41091359 0.65348339
vt 0.44743106 0.65204006
vt 0.11736943 0.65520132
vt 0.07845131 0.65620244
vt 0.05132722 0.65697765
vt 0.03943801 0.65648180
vt 0.18242748 0.65363783
vt 0.48815820 0.65163976
vt 0.48188210 0.64481109
vt 0.60997981 0.64548326
vt 0.32436603 0.64902669
vt 0.36582112 0.64673936
vt 0.39278656 0.64407706
vt 0.46596238 0.64238912
vt 0.42724478 0.64516932
vt 0.27689633 0.65033472
vt 0.23353352 0.65188962
vt 0.57159722 0.64105064
vt 0.55211800 0.64172769
vt 0.52236921 0.64254326
vt 0.61151111 0.64622694
vt 0.03694900 0.65172809
vt 0.02896138 0.72122765
vt 0.02898151 0.70430875
vt 0.02757422 0.71449476
vt 0.02292176 0.72700965
vt 0.02797186 0.73367220
vt 0.03347591 0.70669371
vt 0.03443905 0.69153458
vt 0.59116364 0.64019209
vt 0.33976933 0.64003980
vt 0.29229790 0.64225805
vt 0.48713213 0.63698083
vt 0.60666555 0.64016557
vt 0.21975099 0.64374471
vt 0.26876420 0.64224184
vt 0.18354282 0.64373231
vt 0.46311384 0.63096941
vt 0.42024851 0.63810396
vt 0.13997379 0.64693910
vt 0.09762219 0.64673436
vt 0.07688140 0.64636135
vt 0.49841216 0.63026571
vt 0.04902745 0.64752394
vt 0.03851161 0.64656448
vt 0.21369521 0.63539177
vt 0.35757086 0.63194638
vt 0.29354647 0.63412428
vt 0.27257958 0.63370287
vt 0.44551921 0.62801039
vt 0.41346154 0.62845248
vt 0.51796252 0.62914431
vt 0.55233657 0.62855029
vt 0.60931492 0.62966299
vt 0.18286194 0.63637006
vt 0.16454922 0.63558358
vt 0.56885451 0.62315077
vt 0.59138054 0.62259287
vt 0.60711217 0.62595981
vt 0.05993953 0.63837099
vt 0.09867518 0.63766128
vt 0.03815212 0.63759327
vt 0.13704780 0.63787460
vt 0.55247718 0.62336880
vt 0.51801133 0.62151295
vt 0.50285643 0.62251890
vt 0.48329449 0.62296706
vt 0.46482697 0.62257659
vt 0.03557341 0.63232714
vt 0.20074026 0.62728781
vt 0.17185892 0.62815481
vt 0.37849370 0.62338668
vt 0.43527755 0.62284607
vt 0.23682079 0.62672549
vt 0.27260527 0.62309355
vt 0.33396026 0.62429255
vt 0.36186939 0.62333024
vt 0.13770442 0.63089585
vt 0.11152060 0.62943339
vt 0.28762791 0.62343466
vt 0.08868288 0.62813342
vt 0.06331288 0.62943363
vt 0.04554979 0.63096315
vt 0.60705984 0.61447269
vt 0.61019331 0.60965091
vt 0.34698382 0.61956650
vt 0.54467022 0.61746001
vt 0.03779081 0.63068044
vt 0.47565567 0.61651260
vt 0.21116585 0.61766911
vt 0.24089317 0.61904192
vt 0.30808249 0.61989504
vt 0.37546772 0.61343956
vt 0.18278830 0.60813463
vt 0.15664567 0.60887587
vt 0.14399876 0.60674733
vt 0.44019112 0.61388367
vt 0.46387684 0.61303288
vt 0.21314420 0.60661441
vt 0.24666265 0.60593528
vt 0.27203396 0.60545444
vt 0.29763919 0.60105866
vt 0.34611955 0.60101289
vt 0.31449640 0.60064954
vt 0.50087202 0.60333443
vt 0.56380594 0.61160010
vt 0.59663630 0.60862631
vt 0.11451591 0.60648298
vt 0.52748090 0.59711623
vt 0.55132914 0.60032564
vt 0.59168541 0.60143834
vt 0.44520661 0.60338449
vt 0.41768205 0.60285491
vt 0.37488604 0.60248685
vt 0.03756966 0.61172622
vt 0.05227526 0.60587823
vt 0.06289171 0.60603887
vt 0.08560709 0.60583711
vt 0.47422829 0.60106164
vt 0.26930264 0.59947211
vt 0.21881977 0.59939522
vt 0.18300523 0.59884334
vt 0.28463599 0.60006166
vt 0.48939556 0.59415585
vt 0.60667509 0.60185093
vt 0.03559303 0.62125266
vt 0.15390804 0.59937078
vt 0.03751146 0.60563844
vt 0.03460470 0.60160571
vt 0.44885254 0.48059097
vt 0.47145641 0.46651524
vt 0.48533437 0.47921851
vt 0.48873854 0.46682557
vt 0.50069815 0.47927558
vt 0.45795330 0.50255138
vt 0.44982567 0.50386560
vt 0.50003368 0.49594596
vt 0.47739375 0.50204819
vt 0.43205193 0.50322562
vt 0.42227948 0.48075941
vt 0.40912595 0.48234403
vt 0.42190439 0.50462186
vt 0.40583530 0.50187230
vt 0.52393353 0.48142105
vt 0.52344286 0.49971646
vt 0.54123878 0.49938929
vt 0.54693753 0.48768163
vt 0.54546964 0.49575293
vt 0.54417050 0.47866800
vt 0.38800713 0.48346135
vt 0.36018574 0.49025327
vt 0.38145947 0.50236380
vt 0.34999520 0.50246644
vt 0.33024025 0.49066639
vt 0.57061422 0.48098201
vt 0.33000523 0.50299054
vt 0.29354736 0.50343436
vt 0.52071279 0.46622506
vt 0.54070270 0.46637744
vt 0.50380427 0.46625492
vt 0.56666309 0.46870342
vt 0.58683652 0.46874413
vt 0.58417916 0.48263949
vt 0.59881318 0.47823423
vt 0.62037277 0.48145807
vt 0.62644625 0.46729574
vt 0.64472020 0.46740168
vt 0.64771545 0.45781001
vt 0.66428828 0.46287549
vt 0.67068499 0.45555305
vt 0.67089498 0.46859443
vt 0.29909873 0.49022466
vt 0.27263212 0.49643457
vt 0.25592837 0.50713491
vt 0.25385445 0.49855387
vt 0.24647401 0.48916972
vt 0.62860101 0.45457774
vt 0.35538444 0.47715431
vt 0.41301665 0.47052258
vt 0.45191392 0.46862626
vt 0.38171709 0.47206295
vt 0.22669020 0.49846599
vt 0.23470165 0.50848317
vt 0.22293192 0.50686377
vt 0.19948569 0.49720547
vt 0.21767025 0.48317486
vt 0.19419682 0.48884618
vt 0.16837551 0.48680046
vt 0.16811824 0.49797621
vt 0.14048710 0.49817172
vt 0.18245859 0.50737953
vt 0.26762870 0.48159009
vt 0.34490177 0.47304544
vt 0.31262323 0.47763821
vt 0.13413203 0.48344964
vt 0.11267541 0.49831638
vt 0.14174083 0.50608462
vt 0.17322028 0.50845325
vt 0.11477097 0.48432726
vt 0.58152020 0.45896289
vt 0.23602344 0.48090416
vt 0.17577177 0.47969618
vt 0.19443174 0.47877780
vt 0.66834199 0.44173169
vt 0.07916156 0.48970905
vt 0.08079372 0.47683430
vt 0.06571108 0.47504416
vt 0.64732873 0.44820473
vt 0.15467288 0.47429594
vt 0.06525320 0.49315530
vt 0.06255255 0.48203498
vt 0.27356938 0.47259259
vt 0.31803691 0.47040218
vt 0.10938300 0.46738756
vt 0.08146568 0.46832108
vt 0.13235916 0.46603623
vt 0.22735351 0.47078925
vt 0.64385688 0.43977523
vt 0.60967374 0.45242694
vt 0.58283824 0.45219722
vt 0.56305313 0.45116979
vt 0.22042482 0.46412325
vt 0.18732314 0.46545684
vt 0.14915544 0.46405837
vt 0.62067813 0.44178775
vt 0.35103610 0.45705134
vt 0.27165461 0.46158248
vt 0.32260528 0.45890447
vt 0.45053208 0.45676848
vt 0.41032305 0.45559672
vt 0.39046845 0.45612970
vt 0.36846069 0.45601079
vt 0.54323226 0.45049804
vt 0.51793885 0.45328155
vt 0.47247902 0.45385981
vt 0.49027053 0.45016995
vt 0.50438339 0.45010564
vt 0.07494508 0.50358182
vt 0.10529825 0.50575203
vt 0.67086577 0.44253948
vt 0.06560343 0.46026218
vt 0.19993842 0.50804985
vt 0.66738445 0.42293650
vt 0.65335965 0.43228278
vt 0.06224015 0.46377960
vt 0.58336759 0.44136164
vt 0.67075276 0.42397961
vt 0.51607150 0.44695386
vt 0.64671153 0.42362192
vt 0.08123409 0.45654127
vt 0.47375226 0.44708994
vt 0.61720121 0.42533132
vt 0.44891763 0.44579118
vt 0.18827625 0.45910957
vt 0.22513156 0.45563108
vt 0.29636884 0.45701331
vt 0.26670998 0.44749874
vt 0.31372109 0.44417205
vt 0.36329669 0.44331095
vt 0.39815703 0.44296297
vt 0.43002480 0.44188994
vt 0.35079589 0.43076292
vt 0.57177842 0.43388623
vt 0.54392833 0.43570027
vt 0.10956741 0.45365277
vt 0.14164177 0.45102975
vt 0.67303991 0.45916912
vt 0.58287024 0.42585286
vt 0.50148433 0.43308610
vt 0.48600930 0.43255624
vt 0.55650550 0.42302930
vt 0.51580310 0.42295617
vt 0.18651317 0.44812888
vt 0.23736344 0.43312627
vt 0.27135831 0.43293476
vt 0.31217739 0.43046749
vt 0.45025674 0.42924646
vt 0.21112244 0.45134938
vt 0.22313741 0.43505591
vt 0.39269006 0.43021131
vt 0.41395110 0.42742473
vt 0.21042033 0.43865374
vt 0.18997748 0.43782201
vt 0.08157052 0.44081041
vt 0.06485825 0.44454515
vt 0.10771697 0.43966839
vt 0.13359493 0.43881202
vt 0.66732562 0.41673917
vt 0.42960703 0.42352906
vt 0.48082253 0.42226559
vt 0.67023003 0.41325465
vt 0.06148459 0.44884786
vt 0.61744362 0.41165501
vt 0.64094257 0.41109988
vt 0.65189397 0.41072771
vt 0.06229050 0.43762293
vt 0.58325040 0.41813973
vt 0.06069570 0.47763914
vt 0.39036438 0.42386785
vt 0.35287458 0.42378691
vt 0.08374569 0.43549740
vt 0.42488450 0.41805574
vt 0.40862122 0.41779554
vt 0.57072806 0.49560550
vt 0.59756815 0.49539211
vt 0.06575529 0.51020890
vt 0.23266149 0.42618334
vt 0.20941013 0.42665368
vt 0.27098525 0.42637944
vt 0.64632922 0.49315590
vt 0.63003427 0.49422625
vt 0.66695744 0.48413396
vt 0.30862138 0.50709468
vt 0.26059496 0.51169592
vt 0.54645157 0.41734886
vt 0.51605088 0.41764966
vt 0.47833827 0.41706172
vt 0.12401211 0.43289796
vt 0.19012609 0.42879987
vt 0.14941379 0.42685995
vt 0.66710097 0.40962568
vt 0.39481124 0.41692218
vt 0.37687787 0.41761044
vt 0.31253421 0.41706547
vt 0.34319812 0.41767752
vt 0.24748647 0.52314955
vt 0.23421554 0.52312696
vt 0.67133158 0.48807877
vt 0.67270905 0.47993839
vt 0.67383623 0.48675561
vt 0.08129641 0.51734495
vt 0.09926081 0.51835018
vt 0.12420895 0.51851332
vt 0.33041888 0.51176751
vt 0.37672523 0.50870043
vt 0.35103229 0.51326275
vt 0.40500298 0.50734276
vt 0.66692251 0.49244922
vt 0.30458096 0.51714611
vt 0.14315850 0.51947385
vt 0.17419636 0.52098006
vt 0.21480827 0.52049512
vt 0.18766941 0.52074802
vt 0.20344247 0.53013968
vt 0.55352259 0.50275010
vt 0.06005982 0.49790341
vt 0.10730850 0.51786637
vt 0.25606585 0.53153396
vt 0.27702409 0.53412300
vt 0.22546078 0.53266215
vt 0.06365401 0.53060532
vt 0.50191808 0.50308317
vt 0.15378551 0.53141785
vt 0.12195209 0.53178000
vt 0.18151702 0.53648323
vt 0.33114183 0.53430349
vt 0.07650977 0.53351849
vt 0.10374359 0.53261399
vt 0.57521850 0.50262439
vt 0.60135150 0.50232381
vt 0.62609339 0.50173497
vt 0.64575422 0.49961957
vt 0.66631764 0.50007731
vt 0.33775741 0.53600407
vt 0.35232186 0.53536862
vt 0.36659706 0.53505123
vt 0.21231200 0.53878188
vt 0.06195711 0.52815986
vt 0.29997408 0.54229254
vt 0.06535812 0.54275721
vt 0.38516605 0.53508395
vt 0.67150277 0.50341588
vt 0.28078628 0.54151201
vt 0.26667541 0.53879994
vt 0.24068913 0.53803760
vt 0.32777688 0.53850734
vt 0.07030237 0.54403585
vt 0.11600920 0.54052818
vt 0.15147120 0.54155719
vt 0.42584038 0.52490902
vt 0.40457225 0.52584511
vt 0.40596807 0.53501010
vt 0.42407414 0.53422767
vt 0.67292035 0.50181496
vt 0.67281711 0.52459008
vt 0.54472393 0.51250893
vt 0.52162796 0.52121234
vt 0.50053942 0.52212268
vt 0.47893137 0.52275389
vt 0.45761609 0.52322608
vt 0.57479137 0.51035261
vt 0.45604289 0.53285849
vt 0.47926721 0.53195649
vt 0.60595089 0.51785511
vt 0.66689032 0.51313692
vt 0.54417783 0.52136618
vt 0.57605404 0.52402771
vt 0.67056030 0.52784771
vt 0.67280394 0.44246513
vt 0.65396976 0.51731783
vt 0.66336352 0.52316308
vt 0.34507793 0.54237378
vt 0.37537193 0.54317147
vt 0.06503658 0.55960834
vt 0.53338039 0.53132200
vt 0.50378227 0.53221232
vt 0.40049919 0.54287630
vt 0.21065344 0.55114597
vt 0.15401939 0.55061114
vt 0.11902319 0.54962301
vt 0.09738031 0.55484128
vt 0.23577785 0.54998475
vt 0.26840556 0.55008799
vt 0.27105287 0.55911487
vt 0.56726587 0.52975255
vt 0.54398501 0.53488111
vt 0.06100280 0.56466502
vt 0.06143646 0.54514343
vt 0.60435891 0.52814436
vt 0.65501958 0.52770126
vt 0.05914358 0.55813837
vt 0.20688672 0.56053710
vt 0.23709738 0.56020683
vt 0.10764720 0.55807847
vt 0.16549343 0.56279492
vt 0.14834309 0.56113625
vt 0.45007616 0.54086083
vt 0.42277557 0.54401028
vt 0.52059543 0.53643227
vt 0.47635216 0.53905475
vt 0.49267277 0.53809690
vt 0.32218295 0.56454861
vt 0.34259641 0.55814207
vt 0.29950437 0.55836135
vt 0.37040102 0.55587715
vt 0.06394571 0.57341367
vt 0.07716306 0.57177204
vt 0.10423419 0.56802005
vt 0.41435182 0.54980677
vt 0.67074251 0.53815174
vt 0.66733843 0.54089117
vt 0.65547067 0.53450787
vt 0.63092554 0.53389978
vt 0.25874051 0.56734502
vt 0.20614207 0.56746936
vt 0.23596482 0.56686574
vt 0.30114576 0.56705815
vt 0.17710805 0.56842780
vt 0.29609779 0.56604612
vt 0.27742520 0.56686169
vt 0.60047448 0.53877205
vt 0.14205322 0.56928480
vt 0.67234254 0.54049200
vt 0.57050312 0.53857493
vt 0.05885893 0.52445912
vt 0.06063401 0.57761669
vt 0.05859041 0.58406651
vt 0.05815308 0.57107693
vt 0.39561784 0.55144513
vt 0.34157914 0.56405282
vt 0.10030618 0.57507044
vt 0.13951467 0.57742685
vt 0.44795316 0.55198073
vt 0.56704676 0.54688084
vt 0.05835954 0.45531493
vt 0.40678892 0.56148344
vt 0.37950280 0.56699765
vt 0.48569077 0.55492866
vt 0.50630099 0.55410695
vt 0.53627443 0.55216724
vt 0.54755783 0.55117947
vt 0.65802860 0.54187751
vt 0.65019280 0.54396898
vt 0.17954819 0.58213121
vt 0.20288157 0.58299100
vt 0.06449740 0.58905327
vt 0.07212045 0.58905333
vt 0.61960393 0.55056739
vt 0.59116960 0.55430657
vt 0.09612646 0.58321047
vt 0.41242626 0.56624782
vt 0.44541600 0.55932093
vt 0.14696246 0.58231413
vt 0.67750502 0.48845345
vt 0.23056994 0.58258408
vt 0.25496221 0.58235657
vt 0.27001655 0.58263719
vt 0.67006290 0.55399394
vt 0.10880328 0.58341390
vt 0.29142046 0.58131534
vt 0.30208170 0.58073324
vt 0.32450324 0.57860601
vt 0.65738714 0.55334276
vt 0.37388992 0.57424015
vt 0.34583735 0.57589799
vt 0.05970063 0.60194802
vt 0.67790973 0.52252316
vt 0.67936307 0.49181995
vt 0.68227607 0.52230406
vt 0.68398875 0.50006175
vt 0.68587309 0.52183497
vt 0.69227797 0.50167072
vt 0.69707477 0.53139579
vt 0.68826985 0.53286391
vt 0.69780785 0.50430149
vt 0.70652848 0.53789657
vt 0.71194482 0.52975804
vt 0.72161818 0.53960949
vt 0.72746134 0.52943265
vt 0.74208963 0.53005409
vt 0.74110937 0.54001421
vt 0.74419606 0.54483175
vt 0.75586236 0.53979933
vt 0.76311755 0.53470027
vt 0.78990918 0.52483338
vt 0.79011631 0.53989559
vt 0.76335508 0.52375031
vt 0.74547756 0.52135813
vt 0.79898387 0.52435607
vt 0.80463588 0.53914726
vt 0.79021299 0.51357639
vt 0.79926479 0.51261860
vt 0.76733941 0.51533872
vt 0.81206989 0.51485103
vt 0.81885940 0.53171802
vt 0.82235277 0.51481825
vt 0.83869940 0.52578348
vt 0.83183551 0.53293180
vt 0.84652942 0.53224272
vt 0.85552329 0.52654284
vt 0.81282258 0.50085640
vt 0.83220202 0.49978906
vt 0.84055102 0.51396966
vt 0.85288095 0.50085777
vt 0.85484809 0.50913936
vt 0.87605512 0.50161326
vt 0.87522870 0.50997794
vt 0.89190090 0.50935823
vt 0.83979541 0.48949441
vt 0.82020116 0.49120128
vt 0.88794619 0.49666840
vt 0.80565834 0.50764781
vt 0.85086983 0.49185190
vt 0.87316412 0.49357721
vt 0.85881090 0.51597422
vt 0.87465042 0.52005190
vt 0.90287083 0.50211060
vt 0.91276896 0.50972211
vt 0.91268092 0.52205747
vt 0.92309809 0.52224129
vt 0.92815042 0.51847470
vt 0.91422153 0.50029075
vt 0.88405240 0.52215427
vt 0.88540214 0.52687591
vt 0.89661676 0.52695829
vt 0.85562497 0.53138584
vt 0.90854597 0.52664417
vt 0.92238224 0.52405846
vt 0.86855954 0.52604425
vt 0.92118227 0.49634194
vt 0.91471344 0.49397784
vt 0.81281829 0.53890902
vt 0.80045211 0.49843085
vt 0.76766968 0.54652512
vt 0.81191128 0.48845994
vt 0.80510664 0.48990008
vt 0.81966835 0.47590694
vt 0.91541439 0.48637110
vt 0.81996912 0.48323467
vt 0.93076330 0.50669223
vt 0.84088778 0.47610784
vt 0.85279351 0.47729096
vt 0.86618268 0.47240409
vt 0.87689346 0.47716692
vt 0.89692080 0.47836530
vt 0.90126407 0.48596650
vt 0.73388463 0.50914514
vt 0.72365099 0.51674676
vt 0.76550370 0.50158662
vt 0.74189025 0.54628617
vt 0.82874781 0.53804624
vt 0.79498696 0.54531109
vt 0.91371018 0.48066342
vt 0.93517715 0.51094627
vt 0.73238277 0.49528527
vt 0.72144556 0.49462298
vt 0.76813060 0.49289626
vt 0.72202182 0.54623735
vt 0.87947786 0.46843386
vt 0.70928860 0.54541898
vt 0.93067139 0.49733159
vt 0.94065869 0.50100505
vt 0.70923018 0.49420294
vt 0.89095569 0.47055724
vt 0.91984892 0.48062626
vt 0.84345996 0.46886027
vt 0.86129618 0.46885982
vt 0.80126989 0.48343062
vt 0.73005480 0.48393849
vt 0.71097934 0.48354554
vt 0.93446463 0.47620785
vt 0.94151640 0.47990048
vt 0.93687540 0.46374089
vt 0.94157207 0.46268609
vt 0.93699282 0.45775092
vt 0.93076855 0.45807829
vt 0.93320179 0.45326832
vt 0.92077583 0.44812697
vt 0.92361784 0.45535871
vt 0.92825055 0.46552652
vt 0.91358250 0.45368931
vt 0.93050003 0.44791487
vt 0.91497880 0.43915036
vt 0.91178143 0.44638845
vt 0.90634507 0.43887702
vt 0.89028639 0.44405717
vt 0.88966477 0.43712324
vt 0.93083763 0.47688967
vt 0.89756930 0.45359933
vt 0.88733214 0.44006315
vt 0.88287026 0.43637040
vt 0.87818557 0.44362366
vt 0.88500690 0.44833928
vt 0.86388981 0.43610710
vt 0.86319566 0.44152316
vt 0.69657791 0.49089622
vt 0.80199236 0.47229111
vt 0.76339555 0.48384890
vt 0.92311019 0.46333230
vt 0.90305597 0.47206676
vt 0.86080366 0.43841553
vt 0.85530442 0.43316254
vt 0.84208161 0.43518859
vt 0.84546041 0.43153355
vt 0.80890673 0.42974976
vt 0.80319351 0.43434769
vt 0.78159863 0.42980418
vt 0.76448065 0.43096110
vt 0.76039386 0.43581009
vt 0.78420508 0.44083843
vt 0.75647926 0.44116840
vt 0.74349731 0.43569601
vt 0.73674095 0.44223031
vt 0.72283489 0.44154161
vt 0.83983243 0.43991369
vt 0.80984694 0.44265902
vt 0.82192761 0.44036561
vt 0.73194432 0.44832903
vt 0.71534419 0.44857323
vt 0.71061242 0.44671640
vt 0.75654066 0.44821948
vt 0.69929010 0.46154279
vt 0.69991255 0.45345801
vt 0.69721586 0.45939177
vt 0.70669961 0.44518238
vt 0.69808304 0.44131485
vt 0.79203248 0.44780833
vt 0.69311613 0.45247287
vt 0.81959969 0.46851882
vt 0.69299674 0.46876198
vt 0.69545138 0.47613093
vt 0.79305089 0.47655869
vt 0.68900692 0.46394026
vt 0.87934220 0.53084183
vt 0.88569593 0.53025931
vt 0.89661354 0.53249264
vt 0.68751937 0.48485249
vt 0.93054765 0.51826560
vt 0.80995637 0.54416621
vt 0.81227303 0.46475124
vt 0.69895291 0.53808177
vt 0.76485664 0.47719228
vt 0.73193383 0.47713450
vt 0.71569771 0.47607911
vt 0.76259452 0.45786324
vt 0.74152642 0.45972544
vt 0.78305030 0.45713565
vt 0.80324399 0.45627829
vt 0.81802696 0.45211783
vt 0.72341269 0.46075702
vt 0.91355681 0.46082962
vt 0.90434015 0.53185815
vt 0.91098863 0.52982605
vt 0.71010107 0.43888715
vt 0.72802556 0.42109522
vt 0.74814206 0.41792065
vt 0.87020278 0.42997068
vt 0.74697500 0.54909420
vt 0.68715119 0.44101489
vt 0.91320336 0.47276390
vt 0.89196336 0.46408600
vt 0.68501306 0.44757679
vt 0.68348181 0.48722225
vt 0.72017902 0.42817533
vt 0.87987036 0.46459818
vt 0.69706768 0.42282817
vt 0.71016330 0.41528973
vt 0.86608440 0.46075198
vt 0.85017085 0.45863977
vt 0.84320754 0.53746158
vt 0.89510298 0.42985606
vt 0.94347107 0.45007634
vt 0.77650279 0.41586414
vt 0.80151391 0.41665924
vt 0.82375228 0.41710448
vt 0.69124436 0.43441585
vt 0.87663519 0.44906589
vt 0.86572742 0.44888154
vt 0.81942773 0.46158183
vt 0.83447659 0.46113288
vt 0.68414479 0.45971510
vt 0.83775127 0.45058763
vt 0.71908861 0.41074350
vt 0.94549847 0.47093317
vt 0.72619444 0.40840578
vt 0.68310994 0.46679160
vt 0.94473332 0.48543113
vt 0.88502181 0.42610657
vt 0.69592851 0.54196483
vt 0.77678454 0.54971915
vt 0.73368013 0.40730563
vt 0.90688396 0.43444496
vt 0.93996453 0.51503479
vt 0.84549731 0.41791999
vt 0.92787462 0.52483851
vt 0.85717219 0.42060876
vt 0.94511640 0.49919885
vt 0.68102401 0.53441554
vt 0.68476826 0.42453626
vt 0.70031387 0.54787004
vt 0.68124712 0.43340355
vt 0.74761468 0.40628156
vt 0.93865770 0.44190064
vt 0.69088030 0.41776845
vt 0.93552887 0.52053648
vt 0.67924416 0.44097620
vt 0.77442640 0.40510893
vt 0.87663698 0.41702208
vt 0.85853940 0.40971929
vt 0.71540910 0.55132401
vt 0.80130112 0.40362257
vt 0.82253665 0.40602097
vt 0.94469857 0.45551249
vt 0.74089313 0.55270249
vt 0.72507840 0.55174506
vt 0.70408201 0.40753451
vt 0.69669771 0.41223207
vt 0.68623614 0.54908353
vt 0.82568663 0.54610687
vt 0.84530592 0.40637892
vt 0.93381441 0.43988997
vt 0.85767484 0.53832281
vt 0.84350997 0.54259080
vt 0.71388435 0.40114927
vt 0.67844522 0.45924750
vt 0.68567765 0.40792185
vt 0.68179405 0.41543445
vt 0.67835712 0.42438102
vt 0.77424794 0.40017486
vt 0.94614679 0.44126031
vt 0.69704908 0.55691761
vt 0.67646533 0.53272998
vt 0.95080829 0.49613559
vt 0.67454898 0.43698460
vt 0.88223684 0.54325712
vt 0.95138335 0.46923983
vt 0.95040977 0.50805151
vt 0.94647294 0.52095324
vt 0.67868328 0.39415583
vt 0.84001970 0.54890859
vt 0.67660993 0.54446441
vt 0.94201398 0.52415699
vt 0.10754729 0.59478825
vt 0.68612701 0.56216514
vt 0.67392153 0.42296404
vt 0.95309687 0.45675236
vt 0.67529148 0.40239215
vt 0.67266768 0.41145203
vt 0.67253357 0.40337893
vt 0.68159419 0.55551225
vt 0.86360461 0.55274540
vt 0.95094365 0.52608693
vt 0.14542882 0.59516478
vt 0.67234373 0.55579990
vt 0.93779767 0.53238511
vt 0.82205433 0.55921823
vt 0.74930811 0.55761701
vt 0.05776284 0.59692496
vt 0.71116871 0.56551886
vt 0.69649518 0.56732130
vt 0.94906938 0.43881416
vt 0.77837050 0.55824959
vt 0.72686237 0.57080054
vt 0.93086654 0.53967577
vt 0.79148012 0.56972766
vt 0.84122217 0.56447941
vt 0.89934230 0.54608798
vt 0.88065082 0.56107461
vt 0.87092805 0.56183189
vt 0.68277127 0.56672579
vt 0.70872474 0.57869923
vt 0.69598597 0.58029431
vt 0.81953168 0.57026482
vt 0.67566603 0.56100744
vt 0.74945897 0.57274425
vt 0.77462661 0.57948709
vt 0.94467813 0.53605807
vt 0.94220412 0.54507190
vt 0.91428572 0.54752493
vt 0.93193728 0.55177265
vt 0.68444264 0.58148819
vt 0.74367654 0.58910048
vt 0.72542644 0.58852559
vt 0.79151607 0.58136833
vt 0.86172479 0.57321280
vt 0.87389934 0.57370621
vt 0.81795639 0.58086991
vt 0.70976949 0.59037614
vt 0.90000063 0.55762595
vt 0.84049469 0.58144349
vt 0.69513524 0.59166193
vt 0.77974892 0.59127563
vt 0.95210838 0.53636420
vt 0.94553947 0.54598635
vt 0.80773395 0.59454525
vt 0.91716903 0.56237084
vt 0.92885208 0.56067425
vt 0.88215888 0.57963049
vt 0.82867432 0.59530354
vt 0.67659920 0.57352573
vt 0.72752106 0.60031080
vt 0.94035053 0.55282658
vt 0.86267662 0.58670926
vt 0.74959493 0.60055280
vt 0.71065032 0.60056090
vt 0.95629585 0.43956366
vt 0.89427286 0.57880163
vt 0.90081221 0.57171160
vt 0.91414362 0.56944793
vt 0.87545592 0.58633631
vt 0.84451371 0.59431440
vt 0.78328937 0.60194802
vt 0.67963928 0.58681577
vt 0.68400413 0.59391308
vt 0.80087626 0.60189253
vt 0.69626909 0.60111654
vt 0.81628042 0.60164511
vt 0.58745545 0.41088882
vt 0.55678087 0.40978423
vt 0.26682380 0.41794056
vt 0.23739651 0.41785157
vt 0.08069304 0.42481741
vt 0.06458274 0.42566684
vt 0.94595623 0.55598903
vt 0.12388048 0.42422929
vt 0.20635250 0.42116672
vt 0.06060384 0.41776508
vt 0.95207381 0.54869038
vt 0.93187922 0.56354266
vt 0.97591937 0.44712946
vt 0.97743171 0.47631392
vt 0.98750222 0.47808936
vt 0.98818398 0.51628822
vt 0.98132849 0.55295527
vt 0.96477437 0.54185045
vt 0.96346486 0.47447264
vt 0.96654320 0.44713366
vt 0.99153501 0.48013666
vt 0.96020001 0.44841582
vt 0.97397953 0.41754943
vt 0.99074924 0.44950348
vt 0.98357230 0.41744807
vt 0.99029481 0.55411124
vt 0.96379960 0.40147293
vt 0.97330767 0.39634323
vt 0.96363813 0.38154098
vt 0.99031502 0.43037271
vt 0.97022289 0.35694045
vt 0.97375411 0.55941248
vt 0.96729791 0.61390293
vt 0.98313946 0.59895116
vt 0.99062139 0.58973277
vt 0.96382564 0.35763162
vt 0.96863794 0.34498066
vt 0.99242091 0.51916379
vt 0.99306810 0.54548770
vt 0.99031723 0.41114494
vt 0.98348165 0.39762208
vt 0.98028731 0.31829232
vt 0.97282684 0.31060478
vt 0.96893811 0.30943993
vt 0.97456431 0.28434807
vt 0.97807378 0.29827029
vt 0.98485655 0.30310428
vt 0.98186660 0.37583914
vt 0.98318189 0.62853432
vt 0.99442589 0.60683131
vt 0.96758264 0.62457186
vt 0.96838820 0.65629810
vt 0.97362518 0.63390410
vt 0.96886462 0.27194214
vt 0.97659194 0.37464944
vt 0.98149383 0.33773059
vt 0.99009013 0.32584304
vt 0.98694921 0.31184268
vt 0.98290360 0.65238577
vt 0.98140621 0.28750801
vt 0.97608423 0.27248192
vt 0.97954232 0.25023901
vt 0.99412590 0.58300972
vt 0.95973438 0.53937036
vt 0.98172551 0.67372698
vt 0.99509472 0.68051362
vt 0.99531418 0.65152693
vt 0.98511958 0.71996814
vt 0.99505359 0.62915230
vt 0.96840924 0.68907458
vt 0.97742760 0.72449827
vt 0.96215957 0.63388908
vt 0.96411103 0.34242353
vt 0.96502811 0.31007731
vt 0.96664351 0.28054854
vt 0.97386098 0.25044006
vt 0.97951704 0.23128033
vt 0.99466807 0.71250206
vt 0.95818579 0.42683652
vt 0.99512184 0.75010204
vt 0.96352983 0.67398268
vt 0.98366708 0.76688945
vt 0.99057364 0.76804066
vt 0.98310828 0.77956676
vt 0.97015965 0.73367196
vt 0.97564662 0.74757731
vt 0.99476397 0.41542414
vt 0.95791119 0.45715654
vt 0.99261051 0.39480510
vt 0.99195021 0.37523225
vt 0.99565649 0.37831897
vt 0.98924607 0.36013868
vt 0.99468398 0.35497949
vt 0.99797165 0.36943620
vt 0.99757993 0.35030308
vt 0.99277562 0.34286416
vt 0.99458277 0.33778980
vt 0.99702966 0.34161726
vt 0.99521518 0.39739490
vt 0.95812613 0.41284528
vt 0.99912721 0.70031548
vt 0.99795938 0.64808816
vt 0.99132895 0.78047520
vt 0.98443311 0.78688222
vt 0.99530035 0.76526260
vt 0.95925242 0.38833231
vt 0.97298771 0.77218115
vt 0.99525011 0.43378624
vt 0.99387896 0.45516500
vt 0.96139950 0.37112761
vt 0.96413392 0.70730525
vt 0.97644198 0.79426366
vt 0.96916366 0.24866539
vt 0.99774849 0.72624105
vt 0.99674666 0.61867076
vt 0.97235620 0.22535586
vt 0.99577761 0.77279669
vt 0.99969435 0.72141701
vt 0.99199736 0.32663688
vt 0.97771835 0.80324674
vt 0.98559326 0.79479724
vt 0.98370844 0.28158548
vt 0.98524851 0.29372439
vt 0.99821639 0.38017642
vt 0.96566916 0.73136681
vt 0.99777144 0.76246011
vt 0.99022597 0.31995732
vt 0.99397880 0.48375696
vt 0.96896905 0.75600350
vt 0.99456698 0.51608318
vt 0.95839602 0.56250405
vt 0.95629585 0.47490895
vt 0.99006194 0.30178830
vt 0.98176432 0.25134706
vt 0.99188203 0.31471699
vt 0.96120256 0.65359735
vt 0.98949599 0.29361376
vt 0.97490889 0.22838923
vt 0.99538237 0.45142591
vt 0.99545443 0.54827911
vt 0.97539979 0.22272727
vt 0.96271050 0.34101132
vt 0.96314746 0.32393110
vt 0.99626064 0.58378059
vt 0.96552783 0.28508821
vt 0.99964917 0.35326239
vt 0.99948806 0.36241838
vt 0.99362159 0.31962341
vt 0.99687684 0.39822096
vt 0.96830946 0.24390988
vt 0.96718144 0.25110400
vt 0.98778147 0.28937182
vt 0.99657458 0.41231218
vt 0.99512112 0.32734612
vt 0.99682319 0.33682987
vt 0.96991467 0.22435431
vt 0.99969435 0.37548891
vt 0.12718460 0.86347324
vt 0.12262209 0.85611087
vt 0.15164867 0.85637891
vt 0.10646539 0.85212862
vt 0.10490399 0.86256260
vt 0.17369886 0.86454296
vt 0.09281687 0.85316938
vt 0.09266280 0.86299598
vt 0.17354332 0.85745692
vt 0.19445431 0.86500627
vt 0.20163532 0.85598654
vt 0.15352638 0.83664137
vt 0.11909086 0.83645123
vt 0.17371786 0.83855915
vt 0.18297660 0.83820999
vt 0.09319383 0.83928019
vt 0.20129552 0.84836191
vt 0.19622639 0.83650720
vt 0.10336911 0.83268702
vt 0.20424549 0.83632463
vt 0.09788376 0.83064979
vt 0.12455462 0.83211511
vt 0.09171128 0.83140904
vt 0.20508382 0.85269189
vt 0.10876502 0.82577085
vt 0.20234302 0.86866850
vt 0.17463312 0.83060396
vt 0.15066560 0.83006126
vt 0.20510308 0.86877650
vt 0.09052465 0.85823464
vt 0.09377138 0.81588870
vt 0.09716026 0.81548417
vt 0.10432293 0.81445342
vt 0.12382207 0.81698996
vt 0.14994922 0.81996536
vt 0.17610990 0.82200378
vt 0.19813599 0.81991285
vt 0.20247070 0.82061714
vt 0.20490521 0.82665074
vt 0.17833267 0.80720961
vt 0.14708233 0.80481052
vt 0.18817638 0.81538308
vt 0.09388662 0.80690444
vt 0.09679891 0.80139041
vt 0.09188001 0.81343758
vt 0.12360563 0.80290860
vt 0.09248790 0.80127048
vt 0.10459829 0.80063426
vt 0.19720761 0.80734855
vt 0.09133901 0.80674708
vt 0.20521967 0.81518292
vt 0.20266984 0.80672061
vt 0.10471151 0.87388361
vt 0.09257643 0.87162739
vt 0.19734259 0.87285024
vt 0.09015892 0.88589090
vt 0.09042792 0.83750635
vt 0.09114253 0.81903094
vt 0.15422341 0.87157243
vt 0.12176472 0.87442708
vt 0.09268992 0.88100266
vt 0.20511641 0.88479733
vt 0.19779731 0.88573444
vt 0.17960741 0.88056278
vt 0.15381037 0.88537431
vt 0.12076299 0.88904381
vt 0.10431252 0.88904250
vt 0.09274226 0.88791126
vt 0.20091987 0.89457661
vt 0.16958654 0.89007044
vt 0.18853290 0.89003092
vt 0.11099683 0.89826864
vt 0.16464379 0.89904952
vt 0.09336878 0.90282249
vt 0.09140948 0.89181894
vt 0.18651448 0.90298122
vt 0.09125774 0.90450001
vt 0.20382686 0.90406424
vt 0.19778413 0.90688807
vt 0.17005533 0.90550333
vt 0.15046854 0.90603846
vt 0.12440890 0.90709609
vt 0.10541303 0.90837228
vt 0.09237534 0.91346228
vt 0.19706403 0.91576040
vt 0.16976142 0.91824025
vt 0.15072495 0.91942060
vt 0.12003057 0.92256010
vt 0.10274408 0.92346507
vt 0.09313142 0.92474622
vt 0.20212923 0.92139035
vt 0.20468301 0.91990966
vt 0.20588838 0.90283978
vt 0.09081245 0.92476064
vt 0.19741282 0.92370021
vt 0.16488092 0.92879522
vt 0.20629585 0.83525842
vt 0.15945303 0.93611139
vt 0.19672891 0.93478483
vt 0.11636218 0.93607771
vt 0.10199490 0.93535751
vt 0.09293845 0.93633670
vt 0.20465016 0.93774629
vt 0.09105904 0.93635243
vt 0.19211969 0.94261450
vt 0.13908605 0.94817799
vt 0.11767145 0.94936025
vt 0.10194893 0.94713539
vt 0.09298985 0.94788879
vt 0.17319131 0.94837242
vt 0.15332106 0.94834423
vt 0.19714803 0.95037645
vt 0.20252301 0.95320845
vt 0.09051466 0.94782716
vt 0.20472784 0.95360154
vt 0.10321297 0.96179831
vt 0.13492572 0.96483469
vt 0.15304174 0.96395844
vt 0.17516981 0.96276885
vt 0.19732879 0.95798761
vt 0.09337867 0.96731657
vt 0.09107530 0.96685821
vt 0.19672729 0.96741420
vt 0.15167806 0.97012258
vt 0.20411687 0.96970755
vt 0.10350406 0.97161430
vt 0.20517613 0.97170824
vt 0.09084509 0.98218489
vt 0.15589070 0.97737014
vt 0.11539512 0.98033637
vt 0.10190392 0.98435241
vt 0.09366273 0.98698246
vt 0.19758527 0.97782028
vt 0.18120439 0.99173832
vt 0.15673253 0.98714221
vt 0.20303132 0.98768908
vt 0.11667247 0.98926765
vt 0.10626356 0.99828517
vt 0.19817555 0.99151218
vt 0.15845771 0.99398065
vt 0.09400672 0.99935067
vt 0.20573834 0.80402356
vt 0.19251977 0.99935067
vt 0.20591329 0.79155844
vt 0.82573801 0.92564291
vt 0.81735027 0.91629463
vt 0.81341875 0.94653106
vt 0.82222414 0.94518161
vt 0.80473936 0.94285524
vt 0.80616260 0.92071503
vt 0.81284070 0.90202099
vt 0.82400018 0.88232177
vt 0.81793922 0.87982619
vt 0.83110780 0.89548934
vt 0.83012354 0.92658651
vt 0.83044112 0.94788224
vt 0.80250144 0.90871423
vt 0.81219757 0.87758166
vt 0.83174318 0.88573760
vt 0.82395059 0.95430845
vt 0.83453780 0.92367536
vt 0.79776573 0.93835217
vt 0.80288470 0.89527828
vt 0.80465901 0.95776016
vt 0.81104696 0.96201122
vt 0.81805688 0.96604288
vt 0.79733294 0.90697086
vt 0.79738396 0.95514053
vt 0.83284551 0.96230423
vt 0.82381719 0.96880770
vt 0.80543244 0.97355872
vt 0.81561446 0.97860014
vt 0.79164928 0.94150019
vt 0.83711475 0.95255435
vt 0.83975697 0.92912537
vt 0.83901995 0.89682341
vt 0.79341418 0.90756154
vt 0.80219388 0.87908351
vt 0.79692835 0.89065939
vt 0.82123107 0.87288344
vt 0.83655888 0.96155179
vt 0.83735079 0.88527513
vt 0.79640448 0.96855080
vt 0.82683003 0.87539846
vt 0.83118182 0.87817860
vt 0.82855529 0.98270780
vt 0.84301645 0.96834695
vt 0.83773774 0.97487062
vt 0.84538966 0.95729584
vt 0.84563863 0.91540360
vt 0.84676445 0.93170232
vt 0.84475726 0.89898753
vt 0.79053408 0.94932896
vt 0.81675923 0.87063867
vt 0.83098805 0.98955989
vt 0.85129815 0.90461159
vt 0.85156155 0.94802278
vt 0.84864193 0.96600491
vt 0.85204273 0.93030196
vt 0.83866185 0.98134387
vt 0.85103780 0.95831174
vt 0.84404016 0.97407115
vt 0.81878269 0.99008763
vt 0.84792197 0.89271700
vt 0.80851990 0.87130284
vt 0.78945869 0.92767549
vt 0.81214839 0.98815584
vt 0.80397761 0.98295921
vt 0.79845953 0.97818255
vt 0.78899354 0.96647984
vt 0.79228723 0.97182935
vt 0.78948599 0.90402704
vt 0.78331298 0.93289381
vt 0.78476340 0.94731730
vt 0.82452399 0.99675328
vt 0.85651636 0.96802956
vt 0.85971880 0.96191245
vt 0.85872722 0.96725488
vt 0.84793216 0.88867348
vt 0.84201652 0.88298512
vt 0.85847390 0.95476222
vt 0.85602582 0.89881557
vt 0.85399187 0.89087242
vt 0.78886610 0.89013284
vt 0.79477751 0.87416142
vt 0.85568035 0.91738129
vt 0.78638768 0.90275979
vt 0.79957259 0.86761779
vt 0.84087670 0.86821663
vt 0.84942234 0.88179195
vt 0.83309191 0.86289561
vt 0.82698292 0.85696578
vt 0.80970871 0.86179245
vt 0.81741756 0.85530514
vt 0.85517079 0.88277811
vt 0.80475807 0.85892057
vt 0.84731233 0.86853236
vt 0.81042993 0.84745347
vt 0.83051842 0.84740257
vt 0.85971880 0.89082778
vt 0.30443057 0.94570053
vt 0.31890765 0.94170105
vt 0.31821558 0.94709212
vt 0.30489618 0.94987112
vt 0.32814416 0.94893610
vt 0.33139953 0.94495428
vt 0.33655733 0.95532137
vt 0.30005014 0.95163369
vt 0.33859268 0.95151222
vt 0.33878082 0.95934725
vt 0.34208900 0.96022952
vt 0.29655156 0.95904869
vt 0.30257931 0.95511830
vt 0.34714007 0.96211427
vt 0.34684756 0.96651220
vt 0.34920484 0.97236770
vt 0.35200414 0.97399116
vt 0.29424384 0.95504880
vt 0.29151475 0.95678765
vt 0.33067334 0.95350152
vt 0.29316798 0.96589065
vt 0.28743342 0.96885335
vt 0.28590116 0.96586293
vt 0.28303510 0.97731012
vt 0.28184885 0.97223747
vt 0.27842298 0.98506492
vt 0.34387976 0.96522170
vt 0.30922294 0.93996280
vt 0.31777298 0.93885279
vt 0.32558036 0.93571430
vt 0.34659630 0.95369011
vt 0.33450952 0.94175059
vt 0.34291434 0.94681454
vt 0.34533280 0.97118568
vt 0.35002652 0.97832227
vt 0.35421762 0.98506492
vt 0.36206380 0.24853039
vt 0.36072919 0.24524462
vt 0.37128529 0.24309239
vt 0.36930478 0.23311718
vt 0.36087954 0.23812561
vt 0.37361860 0.23405890
vt 0.37889144 0.23762596
vt 0.37663224 0.24444197
vt 0.38237032 0.24115892
vt 0.38582131 0.22775204
vt 0.38606176 0.24540655
vt 0.38197359 0.22584133
vt 0.38900757 0.23279186
vt 0.39423230 0.23806858
vt 0.39081895 0.24884705
vt 0.39981341 0.24663801
vt 0.39919358 0.25523597
vt 0.35523996 0.25428331
vt 0.35567182 0.24904370
vt 0.35479945 0.24267867
vt 0.37664428 0.22402598
vt 0.40505740 0.26647651
vt 0.35006386 0.26043171
vt 0.34759670 0.24909930
vt 0.34114385 0.26377472
vt 0.34826660 0.26677111
vt 0.34360898 0.27213463
vt 0.33710268 0.27753380
vt 0.33820099 0.28376624
vt 0.40964752 0.25780720
vt 0.41717604 0.28376624
vt 0.40457705 0.24207546
vt 0.68819839 0.27096963
vt 0.68696105 0.25747275
vt 0.69015235 0.26441023
vt 0.68167579 0.26643109
vt 0.68262982 0.27961504
vt 0.68960834 0.28329235
vt 0.68486506 0.29619068
vt 0.68346435 0.29791605
vt 0.69211709 0.29599848
vt 0.69488764 0.26940098
vt 0.69766998 0.28420776
vt 0.70083845 0.27489147
vt 0.69782388 0.26484540
vt 0.70303047 0.29466930
vt 0.69491333 0.25936756
vt 0.70617932 0.28299993
vt 0.69237697 0.30283785
vt 0.68435895 0.30985036
vt 0.70423353 0.26921764
vt 0.71317178 0.27441844
vt 0.71872783 0.28565940
vt 0.71387190 0.29491356
vt 0.72235459 0.29313275
vt 0.72465748 0.28896490
vt 0.72064465 0.27917886
vt 0.72785556 0.28495884
vt 0.73381650 0.28598443
vt 0.70057142 0.30392221
vt 0.72635919 0.27521214
vt 0.70638382 0.30196190
vt 0.71434599 0.29894069
vt 0.73780698 0.27728382
vt 0.71938056 0.27123442
vt 0.74326444 0.28310090
vt 0.74947357 0.27762806
vt 0.71053660 0.26394090
vt 0.72374719 0.26534915
vt 0.72782767 0.29186517
vt 0.67966902 0.26703516
vt 0.75067675 0.26972899
vt 0.71773344 0.25949150
vt 0.76410389 0.27430889
vt 0.76648897 0.26530388
vt 0.73853868 0.26553008
vt 0.77832514 0.27239454
vt 0.77939957 0.26211888
vt 0.79906398 0.26971778
vt 0.80289614 0.25834125
vt 0.82066029 0.25699273
vt 0.82423443 0.26958647
vt 0.75569087 0.28010538
vt 0.67213237 0.30395797
vt 0.67260176 0.31257606
vt 0.68107349 0.29536334
vt 0.66917235 0.29476830
vt 0.79987806 0.27156964
vt 0.66215342 0.30245647
vt 0.65439737 0.30847645
vt 0.64519161 0.29741228
vt 0.62969524 0.30226049
vt 0.62729591 0.30900210
vt 0.60213012 0.31399304
vt 0.61332482 0.31801254
vt 0.58870220 0.30639285
vt 0.58568454 0.31376877
vt 0.55585921 0.30856839
vt 0.56557304 0.31646261
vt 0.53552389 0.32007471
vt 0.69432998 0.24826074
vt 0.53734165 0.30889755
vt 0.51553136 0.31467980
vt 0.70784241 0.24859248
vt 0.50923568 0.32558918
vt 0.70021540 0.22996306
vt 0.70758241 0.23800024
vt 0.51501817 0.30129692
vt 0.54837942 0.30015314
vt 0.49837467 0.31639072
vt 0.70388228 0.22226855
vt 0.71676618 0.22067334
vt 0.72094399 0.23864891
vt 0.56985646 0.29617095
vt 0.61975175 0.29491252
vt 0.59747690 0.29462078
vt 0.66961753 0.28634104
vt 0.49806330 0.30084735
vt 0.47718090 0.31166783
vt 0.48163891 0.29691109
vt 0.45698801 0.30173761
vt 0.45172209 0.31410149
vt 0.41786316 0.30522901
vt 0.41753963 0.31686473
vt 0.45077533 0.32356414
vt 0.41948277 0.32970455
vt 0.71889549 0.21507935
vt 0.47305620 0.32174525
vt 0.71153039 0.21419783
vt 0.71625906 0.19885285
vt 0.44419473 0.29484311
vt 0.41290271 0.29252473
vt 0.47024372 0.29104099
vt 0.39603707 0.31525466
vt 0.38711566 0.29720828
vt 0.34981349 0.31041014
vt 0.35147673 0.32057923
vt 0.39034963 0.33062837
vt 0.39618853 0.33611864
vt 0.36167374 0.33160073
vt 0.32007253 0.34063694
vt 0.31734976 0.32533532
vt 0.31353417 0.31389901
vt 0.29287615 0.32341674
vt 0.30629912 0.34059590
vt 0.29185092 0.34093785
vt 0.26285076 0.32592514
vt 0.25888339 0.33598989
vt 0.24045274 0.32896498
vt 0.26503611 0.34550956
vt 0.25247848 0.35200909
vt 0.23562232 0.33941469
vt 0.22163501 0.33028361
vt 0.49375615 0.32303941
vt 0.24078415 0.34814864
vt 0.20769078 0.35085672
vt 0.20062554 0.33983946
vt 0.73125976 0.20815039
vt 0.72977287 0.18896104
vt 0.28513199 0.31580141
vt 0.26335350 0.31815681
vt 0.16604607 0.33608544
vt 0.15453884 0.34496251
vt 0.16620038 0.35200155
vt 0.12627639 0.33928829
vt 0.11868186 0.34925771
vt 0.08384974 0.34627363
vt 0.73203039 0.21231075
vt 0.75710261 0.19811665
vt 0.08593780 0.35044408
vt 0.13464509 0.33143467
vt 0.05730142 0.35362577
vt 0.07563677 0.33176157
vt 0.10005283 0.33104631
vt 0.05323770 0.33384538
vt 0.03493677 0.34675547
vt 0.03501510 0.35921812
vt 0.14285170 0.35689276
vt 0.03194897 0.33381325
vt 0.05389425 0.36928117
vt 0.64024371 0.31347018
vt 0.13695818 0.36662543
vt 0.09502411 0.36680511
vt 0.03295515 0.36780626
vt 0.36042076 0.33911803
vt 0.33790484 0.34514764
vt 0.24317591 0.31929979
vt 0.22914968 0.32075739
vt 0.53604800 0.32739481
vt 0.51899046 0.32932451
vt 0.30441976 0.34916291
vt 0.28735116 0.35251325
vt 0.20712698 0.35974658
vt 0.48839605 0.29301983
vt 0.11473718 0.37236550
vt 0.14671244 0.36908448
vt 0.20463614 0.31926936
vt 0.47266117 0.33278617
vt 0.46172845 0.33163196
vt 0.43589827 0.33655459
vt 0.41683936 0.33781889
vt 0.65874624 0.31730247
vt 0.26805472 0.35393649
vt 0.58145416 0.32638004
vt 0.05840655 0.37580249
vt 0.31849816 0.35126287
vt 0.63312775 0.32686684
vt 0.64968657 0.32720360
vt 0.54926008 0.34321630
vt 0.50719911 0.34973335
vt 0.53288537 0.34648910
vt 0.48982549 0.33685252
vt 0.16159219 0.36478120
vt 0.68037814 0.32383010
vt 0.58251828 0.33949101
vt 0.61213392 0.33389664
vt 0.66720045 0.32505596
vt 0.38518122 0.35052752
vt 0.35644260 0.35371244
vt 0.45641717 0.34598389
vt 0.49461305 0.35676944
vt 0.48087361 0.35620132
vt 0.41308716 0.34792790
vt 0.40164396 0.34781396
vt 0.03289820 0.37898207
vt 0.26748040 0.35944423
vt 0.24427329 0.36888939
vt 0.20454364 0.37074059
vt 0.68452585 0.32659236
vt 0.62657231 0.33777443
vt 0.43726841 0.35801542
vt 0.65337503 0.33550957
vt 0.66725874 0.33468816
vt 0.67987692 0.33209938
vt 0.77696872 0.27603954
vt 0.03068706 0.35285202
vt 0.68633062 0.32475102
vt 0.68527359 0.34544265
vt 0.18267040 0.31945696
vt 0.34590119 0.29805073
vt 0.63367623 0.29524714
vt 0.81483567 0.27289769
vt 0.30588439 0.29565915
vt 0.31665766 0.29490530
vt 0.70184886 0.31391212
vt 0.70803690 0.30808219
vt 0.79821664 0.27435842
vt 0.27928561 0.29763111
vt 0.26326492 0.29771280
vt 0.44855252 0.28665867
vt 0.43185022 0.28953981
vt 0.15288238 0.31515455
vt 0.23782860 0.30104896
vt 0.19799925 0.30270234
vt 0.12158711 0.31338283
vt 0.69322783 0.32933438
vt 0.69970268 0.32809988
vt 0.70629054 0.31722045
vt 0.69880098 0.34883693
vt 0.69180113 0.35547754
vt 0.70254451 0.33603221
vt 0.70185190 0.34870082
vt 0.70161986 0.36123103
vt 0.70020026 0.36406580
vt 0.70241976 0.36788788
vt 0.70054913 0.37840125
vt 0.70422804 0.32623050
vt 0.70639479 0.38439336
vt 0.70686305 0.37591708
vt 0.71039236 0.37925637
vt 0.71575624 0.39076909
vt 0.71759182 0.39604223
vt 0.71913761 0.38728896
vt 0.71819603 0.39389563
vt 0.70870715 0.36116630
vt 0.70823443 0.35282239
vt 0.70831180 0.34649548
vt 0.72543895 0.39575306
vt 0.72791541 0.40174347
vt 0.73468161 0.40454546
vt 0.70811659 0.33311284
vt 0.73530012 0.40315789
vt 0.71141326 0.36304477
vt 0.64059830 0.28412709
vt 0.66394109 0.27923793
vt 0.67379582 0.27804822
vt 0.83591741 0.26544106
vt 0.82640445 0.27104488
vt 0.84271014 0.27090666
vt 0.84473127 0.26490864
vt 0.85670525 0.26963580
vt 0.85220724 0.27353382
vt 0.86374384 0.27162859
vt 0.86525375 0.26978546
vt 0.87150985 0.27305204
vt 0.87214947 0.26791692
vt 0.88055450 0.27076942
vt 0.68291706 0.35083681
vt 0.68374878 0.35663310
vt 0.70924282 0.39306065
vt 0.69228554 0.30970645
vt 0.68585235 0.36457184
vt 0.69166756 0.36564386
vt 0.71127826 0.30886993
vt 0.70208877 0.38611203
vt 0.74136055 0.29103798
vt 0.70965666 0.32909301
vt 0.71684188 0.34956139
vt 0.71237928 0.33864549
vt 0.72228855 0.34150195
vt 0.72146720 0.34646353
vt 0.72695041 0.34917530
vt 0.72756761 0.34443456
vt 0.74126041 0.34955448
vt 0.74175674 0.34503177
vt 0.72251379 0.35130200
vt 0.74326950 0.34660363
vt 0.71838582 0.35706827
vt 0.75200117 0.34517679
vt 0.75156939 0.34747720
vt 0.77209824 0.34611544
vt 0.78159815 0.34330401
vt 0.78367621 0.34730107
vt 0.79507470 0.34269869
vt 0.79739785 0.34701878
vt 0.81134665 0.34564406
vt 0.81628972 0.34019291
vt 0.82400495 0.34351832
vt 0.82963008 0.33852425
vt 0.83673418 0.34171194
vt 0.84773004 0.33625758
vt 0.84798324 0.34007752
vt 0.84948713 0.33744824
vt 0.84053510 0.27476504
vt 0.71533585 0.30322254
vt 0.76362479 0.34259185
vt 0.72026128 0.30088660
vt 0.69299138 0.37786156
vt 0.75731355 0.28565317
vt 0.77946794 0.28273022
vt 0.69508469 0.38868019
vt 0.71641558 0.33401331
vt 0.72731143 0.34047490
vt 0.71063203 0.32026982
vt 0.71783864 0.33114937
vt 0.80109328 0.27996913
vt 0.82133824 0.28127977
vt 0.68537110 0.38034514
vt 0.02797809 0.37636450
vt 0.69919419 0.39464706
vt 0.51801848 0.28710002
vt 0.55795813 0.28538439
vt 0.49517617 0.28484240
vt 0.37301514 0.28746977
vt 0.35508373 0.28826377
vt 0.03479739 0.31622773
vt 0.02658924 0.40454546
vt 0.34327909 0.28904444
vt 0.72218835 0.33399630
vt 0.72152346 0.40147001
vt 0.09515475 0.31086296
vt 0.62279141 0.28308722
vt 0.59570283 0.28201076
vt 0.05562402 0.31533182
vt 0.88277054 0.26677483
vt 0.88272679 0.27156395
vt 0.89886361 0.27027908
vt 0.89274257 0.27309668
vt 0.89901698 0.27224800
vt 0.90427178 0.27314848
vt 0.90648997 0.26883546
vt 0.91089201 0.27267596
vt 0.90862602 0.28008339
vt 0.91613173 0.27535698
vt 0.91865641 0.27216637
vt 0.91921204 0.27450970
vt 0.92485142 0.27630731
vt 0.92782629 0.27159140
vt 0.92868483 0.27636421
vt 0.92664617 0.28308862
vt 0.93623108 0.29162565
vt 0.93225580 0.27798620
vt 0.93820494 0.28883204
vt 0.93964857 0.29532573
vt 0.93512726 0.29628786
vt 0.93810594 0.30401504
vt 0.93019247 0.30443567
vt 0.92918628 0.29883435
vt 0.92098022 0.30291182
vt 0.91871387 0.31050265
vt 0.91680622 0.30507582
vt 0.91411221 0.31372398
vt 0.94128311 0.29631701
vt 0.94007450 0.31118801
vt 0.94210309 0.30957258
vt 0.92642295 0.29465622
vt 0.94270140 0.28115988
vt 0.91959608 0.28733444
vt 0.93916821 0.27334800
vt 0.94345814 0.30210164
vt 0.91801089 0.30041212
vt 0.93528110 0.27501470
vt 0.91437274 0.28876874
vt 0.89768368 0.27874309
vt 0.87739432 0.27450433
vt 0.94154143 0.26689747
vt 0.93797654 0.26304641
vt 0.80419916 0.28416896
vt 0.94625527 0.29027143
vt 0.84456068 0.27810973
vt 0.76062214 0.28987831
vt 0.78191423 0.28691992
vt 0.91385889 0.30813301
vt 0.91547656 0.30064741
vt 0.68870592 0.38970500
vt 0.85269010 0.25908348
vt 0.73284477 0.29262793
vt 0.86058509 0.27821320
vt 0.92732638 0.26773274
vt 0.69247115 0.39851549
vt 0.74920738 0.33986729
vt 0.94712716 0.30392489
vt 0.17986868 0.29549509
vt 0.88547713 0.26294988
vt 0.71581465 0.32465377
vt 0.39306527 0.28226691
vt 0.81261444 0.33780581
vt 0.78836292 0.34016931
vt 0.88914031 0.28110692
vt 0.72324353 0.25663719
vt 0.76059663 0.25102431
vt 0.77886045 0.25207204
vt 0.74990463 0.26109830
vt 0.88592333 0.24699581
vt 0.86658585 0.25612891
vt 0.80634975 0.24517143
vt 0.89818782 0.24694225
vt 0.89782274 0.25977761
vt 0.91898912 0.26236492
vt 0.91575372 0.24830173
vt 0.92455202 0.24874216
vt 0.92734069 0.25497362
vt 0.75178862 0.25008389
vt 0.71907085 0.32577607
vt 0.71649587 0.31807867
vt 0.83117908 0.29112667
vt 0.84883541 0.28537032
vt 0.81753069 0.29371175
vt 0.72163522 0.30994889
vt 0.71450788 0.24923456
vt 0.72121716 0.24723718
vt 0.73726320 0.25526074
vt 0.68092883 0.25849575
vt 0.81874126 0.30975088
vt 0.83762151 0.30690098
vt 0.75182301 0.30057859
vt 0.72858948 0.30138865
vt 0.80547261 0.31287917
vt 0.78431123 0.29756212
vt 0.80296850 0.29490152
vt 0.78904855 0.31334993
vt 0.77038479 0.31732598
vt 0.74456155 0.31982970
vt 0.77648908 0.24705932
vt 0.73149604 0.31570962
vt 0.72907323 0.33390772
vt 0.75005817 0.33299384
vt 0.77357340 0.32599449
vt 0.85978186 0.28838682
vt 0.87277734 0.24249747
vt 0.85899961 0.24803352
vt 0.84167892 0.25231013
vt 0.88397872 0.24092776
vt 0.73611313 0.24463761
vt 0.79639906 0.24331060
vt 0.88960463 0.24059616
vt 0.79087424 0.32441089
vt 0.81846303 0.32098943
vt 0.79289931 0.32935774
vt 0.77638781 0.33536214
vt 0.84414500 0.24870721
vt 0.90665543 0.24501772
vt 0.77122039 0.24149485
vt 0.91181850 0.30922863
vt 0.81844002 0.32557011
vt 0.92796791 0.24711658
vt 0.93227518 0.25472835
vt 0.82940489 0.24584010
vt 0.82810366 0.25154409
vt 0.81909084 0.24707270
vt 0.82351071 0.33649689
vt 0.83723438 0.32098332
vt 0.83941156 0.33455762
vt 0.68997115 0.24621522
vt 0.79078847 0.23768389
vt 0.86425132 0.23603658
vt 0.75788558 0.23917389
vt 0.85104990 0.24089514
vt 0.84293991 0.24204721
vt 0.15409829 0.41883117
vt 0.15234020 0.42402598
vt 0.16669878 0.42265403
vt 0.16531059 0.42061248
vt 0.18013172 0.41914222
vt 0.14492029 0.41902962
vt 0.14400625 0.42117235
vt 0.13233496 0.42080572
vt 0.17481884 0.42159027
vt 0.18158707 0.42402598
vt 0.19345966 0.42280138
vt 0.85385275 0.61510563
vt 0.85498899 0.60881037
vt 0.86175704 0.61032784
vt 0.84985024 0.61302948
vt 0.87442541 0.61433679
vt 0.84035909 0.60844153
vt 0.83181041 0.61156380
vt 0.74741018 0.61275178
vt 0.79040271 0.61216921
vt 0.76409447 0.61659676
vt 0.81373614 0.61595404
vt 0.83701771 0.61616296
vt 0.78089511 0.62231702
vt 0.81610614 0.62359494
vt 0.83706033 0.62571543
vt 0.73484790 0.61681372
vt 0.72172284 0.61452639
vt 0.70971996 0.61814219
vt 0.71017307 0.61613458
vt 0.71625906 0.62896377
vt 0.73756135 0.62593895
vt 0.75901836 0.62354976
vt 0.70170993 0.62073570
vt 0.69096678 0.63847011
vt 0.69467574 0.62632143
vt 0.70840287 0.64633954
vt 0.69527483 0.65006787
vt 0.67782414 0.65761662
vt 0.69213873 0.66580099
vt 0.67804390 0.67085165
vt 0.70712543 0.66274685
vt 0.72126913 0.64463824
vt 0.73904896 0.63924634
vt 0.75857687 0.63705689
vt 0.77982223 0.63610393
vt 0.72074229 0.66085374
vt 0.69335604 0.68533927
vt 0.67848754 0.68814641
vt 0.75798619 0.65400970
vt 0.77738464 0.65508533
vt 0.70848745 0.68419683
vt 0.73604310 0.67705578
vt 0.81626344 0.63767153
vt 0.83943319 0.64337927
vt 0.81536061 0.65611023
vt 0.83907551 0.65955245
vt 0.85304272 0.62919140
vt 0.85357684 0.64588785
vt 0.66337603 0.69347304
vt 0.84495437 0.66459376
vt 0.85786897 0.66866148
vt 0.86608541 0.65267026
vt 0.87187445 0.67551666
vt 0.66440672 0.67825758
vt 0.87229669 0.66066104
vt 0.86452705 0.64217800
vt 0.88086373 0.66496646
vt 0.88561738 0.67091572
vt 0.90075350 0.67963612
vt 0.88675052 0.68419635
vt 0.89906770 0.68788260
vt 0.91369373 0.68362963
vt 0.89181638 0.67320400
vt 0.86364174 0.62416583
vt 0.86943877 0.62780046
vt 0.87077767 0.64470905
vt 0.88792759 0.64908487
vt 0.88865918 0.62684375
vt 0.89738810 0.63378876
vt 0.89681327 0.65753031
vt 0.90445060 0.65034854
vt 0.90808874 0.64109606
vt 0.91756934 0.64013427
vt 0.91660780 0.65930569
vt 0.90575469 0.66048855
vt 0.92254263 0.66286790
vt 0.92826182 0.65105313
vt 0.93040180 0.66543865
vt 0.91395980 0.62887967
vt 0.92607486 0.63521636
vt 0.94341606 0.65103889
vt 0.94952416 0.65908891
vt 0.91007555 0.62368900
vt 0.94387811 0.66940904
vt 0.89510179 0.61885411
vt 0.87612551 0.61928821
vt 0.94335574 0.64014971
vt 0.88366848 0.61750704
vt 0.94001317 0.63400984
vt 0.92529589 0.62947351
vt 0.90841758 0.66442215
vt 0.94990593 0.64417946
vt 0.87511081 0.65145266
vt 0.91995835 0.66674811
vt 0.89747065 0.67500347
vt 0.88623381 0.65448374
vt 0.94869280 0.67299533
vt 0.95310843 0.66570127
vt 0.66358191 0.66427821
vt 0.65427738 0.68852919
vt 0.65672767 0.69874299
vt 0.67705154 0.64638782
vt 0.95378226 0.64648610
vt 0.92382908 0.62509763
vt 0.91309714 0.67966980
vt 0.92673004 0.68152648
vt 0.92666841 0.69172728
vt 0.93353957 0.68796545
vt 0.93803531 0.68266600
vt 0.67954612 0.62930226
vt 0.94809711 0.69239455
vt 0.94867748 0.68705165
vt 0.90414912 0.67478883
vt 0.88754660 0.66160530
vt 0.94369113 0.63486856
vt 0.94939291 0.68145370
vt 0.94468367 0.67933238
vt 0.66933393 0.64212435
vt 0.66343796 0.65408164
vt 0.65073484 0.71625912
vt 0.95810080 0.68377429
vt 0.95874083 0.67073333
vt 0.95204574 0.69478643
vt 0.95691955 0.70181996
vt 0.95096928 0.70609570
vt 0.95436460 0.71651715
vt 0.65313208 0.67773920
vt 0.65529889 0.70745343
vt 0.65350360 0.66609174
vt 0.90418780 0.66663158
vt 0.92822772 0.67294067
vt 0.95268053 0.64254355
vt 0.64958227 0.69540602
vt 0.65709126 0.65040833
vt 0.91484433 0.67168319
vt 0.92631835 0.62483197
vt 0.81325120 0.71452695
vt 0.82840252 0.71461660
vt 0.81236929 0.74801856
vt 0.78763789 0.72426462
vt 0.78955424 0.74702954
vt 0.81822598 0.74899381
vt 0.83715713 0.74565524
vt 0.78593779 0.71173120
vt 0.83712298 0.71506560
vt 0.83050120 0.69215554
vt 0.81269085 0.68990052
vt 0.77709752 0.69002116
vt 0.83730537 0.69412690
vt 0.75790054 0.71050829
vt 0.75885314 0.72196424
vt 0.73425800 0.71478313
vt 0.75899059 0.69062746
vt 0.73479110 0.69102210
vt 0.70985961 0.69390118
vt 0.70914167 0.71621633
vt 0.76122713 0.74817020
vt 0.73472935 0.74772346
vt 0.71018481 0.74741185
vt 0.69462305 0.71668756
vt 0.69328076 0.69547343
vt 0.69515753 0.74701512
vt 0.73517442 0.74930120
vt 0.68677795 0.71350223
vt 0.67819184 0.70890403
vt 0.67796934 0.72302580
vt 0.67828304 0.74708194
vt 0.67820567 0.69514430
vt 0.84248888 0.72272551
vt 0.85768992 0.74515301
vt 0.86412948 0.72215164
vt 0.86224335 0.70465040
vt 0.84298915 0.70703030
vt 0.85862070 0.68663317
vt 0.88273406 0.71344399
vt 0.88447344 0.72193182
vt 0.88092434 0.74344808
vt 0.72057670 0.75276965
vt 0.88349819 0.69880664
vt 0.83059096 0.68234307
vt 0.81730658 0.68266636
vt 0.83812982 0.68249518
vt 0.90098560 0.73102784
vt 0.90306097 0.74273294
vt 0.90170288 0.71161580
vt 0.91485071 0.71970260
vt 0.91426837 0.74242812
vt 0.84541607 0.68195570
vt 0.67254806 0.72721201
vt 0.67035079 0.70596457
vt 0.66404682 0.71574509
vt 0.66399324 0.70438409
vt 0.66421545 0.73458314
vt 0.66981244 0.74873900
vt 0.91765207 0.70791501
vt 0.92582399 0.74175251
vt 0.93319219 0.71753681
vt 0.94045764 0.73985779
vt 0.94964302 0.71733052
vt 0.94587415 0.73788834
vt 0.77074653 0.75129950
vt 0.78934860 0.75119084
vt 0.94694954 0.70711231
vt 0.93457156 0.70045221
vt 0.90746170 0.69780606
vt 0.95061725 0.73081023
vt 0.78043038 0.67666870
vt 0.75768459 0.67649013
vt 0.66438806 0.74623835
vt 0.87394530 0.74848515
vt 0.65572888 0.72718394
vt 0.85578877 0.75002950
vt 0.83777928 0.75113690
vt 0.81754053 0.75145900
vt 0.88814944 0.74784458
vt 0.71101880 0.75292987
vt 0.65460628 0.73744470
vt 0.93457097 0.74702495
vt 0.94112122 0.74319530
vt 0.94613075 0.74963820
vt 0.90480351 0.74782652
vt 0.95020616 0.74117243
vt 0.92503411 0.74670124
vt 0.91565496 0.74791223
vt 0.69468743 0.75259662
vt 0.68675905 0.75206536
vt 0.67847419 0.75243157
vt 0.65704232 0.75009346
vt 0.66340452 0.75544626
vt 0.67212939 0.75351870
vt 0.78815442 0.77923095
vt 0.81270623 0.78532237
vt 0.83239341 0.78490639
vt 0.83854383 0.78316081
vt 0.84543645 0.78255671
vt 0.85773218 0.78338593
vt 0.87005526 0.78218627
vt 0.88689590 0.77682978
vt 0.90247321 0.77465540
vt 0.75925422 0.77832752
vt 0.75860029 0.75432384
vt 0.71845901 0.78125435
vt 0.73360348 0.78780138
vt 0.70943058 0.78643870
vt 0.94261217 0.76898116
vt 0.70156658 0.78574693
vt 0.69405127 0.78821540
vt 0.68580675 0.78536749
vt 0.67814833 0.77495116
vt 0.94942945 0.77405179
vt 0.84778404 0.79691732
vt 0.78820390 0.79024667
vt 0.76393026 0.79837251
vt 0.93381220 0.77224106
vt 0.91445142 0.78324550
vt 0.86547118 0.79694825
vt 0.88218856 0.79538089
vt 0.89682877 0.79456127
vt 0.90779698 0.79414374
vt 0.95030051 0.76058698
vt 0.81302780 0.79891133
vt 0.83881140 0.80211365
vt 0.66678309 0.77116787
vt 0.67081732 0.77693236
vt 0.78845042 0.79932123
vt 0.87328267 0.80139571
vt 0.72982138 0.80331802
vt 0.70992982 0.80247229
vt 0.69406599 0.79839611
vt 0.67911649 0.79672259
vt 0.92483544 0.79325658
vt 0.93398267 0.79182857
vt 0.94419611 0.78319311
vt 0.94877779 0.78568089
vt 0.90048951 0.79911071
vt 0.85255933 0.80506474
vt 0.66311520 0.78120416
vt 0.78130889 0.80476832
vt 0.65278649 0.74968040
vt 0.94628048 0.79049653
vt 0.81435800 0.80394357
vt 0.66646779 0.79740345
vt 0.65613925 0.76601869
vt 0.92072546 0.79766226
vt 0.64971089 0.73362291
vt 0.67070389 0.79981190
vt 0.88314760 0.80434150
vt 0.67726266 0.80314142
vt 0.93395495 0.79875684
vt 0.68422723 0.80572861
vt 0.94195712 0.79537886
vt 0.69471455 0.80587411
vt 0.70729470 0.80817419
vt 0.66037124 0.79888290
vt 0.65405166 0.78485340
vt 0.90871537 0.80224514
vt 0.66038311 0.80344445
vt 0.94931823 0.80111933
vt 0.95043242 0.78933936
vt 0.64998406 0.76805848
vt 0.64944988 0.74835086
vt 0.95827073 0.76076198
vt 0.66686338 0.80671960
vt 0.95782530 0.74286413
vt 0.71621817 0.81212175
vt 0.75882918 0.81922066
vt 0.95758265 0.72866249
vt 0.95834488 0.77325004
vt 0.84015876 0.81112570
vt 0.65311712 0.79661220
vt 0.94797349 0.80914909
vt 0.77134502 0.83220190
vt 0.75840437 0.83329225
vt 0.81345969 0.83235800
vt 0.83077204 0.83077419
vt 0.78701723 0.83230305
vt 0.83959568 0.82941633
vt 0.87281388 0.81239772
vt 0.85279053 0.82550120
vt 0.73121107 0.83350170
vt 0.71511668 0.83103424
vt 0.70847529 0.83095306
vt 0.84586400 0.82766706
vt 0.90088505 0.81269580
vt 0.92047733 0.81444710
vt 0.69527990 0.83117914
vt 0.93506128 0.81945097
vt 0.89761323 0.82786065
vt 0.87091959 0.82879800
vt 0.95273745 0.78525579
vt 0.95814419 0.78766549
vt 0.95194834 0.80793923
vt 0.95815933 0.79637009
vt 0.67750859 0.82224733
vt 0.76102245 0.83852351
vt 0.94326735 0.82363600
vt 0.95045555 0.81477904
vt 0.93798661 0.82640648
vt 0.85424638 0.84012294
vt 0.87465090 0.83989030
vt 0.83942306 0.84046483
vt 0.91829431 0.84021819
vt 0.90916032 0.84097004
vt 0.89602047 0.84350652
vt 0.68415189 0.83399010
vt 0.79076564 0.84205186
vt 0.81426948 0.84311330
vt 0.67572170 0.83545876
vt 0.73176616 0.84350652
vt 0.71643323 0.84285182
vt 0.70813203 0.84279293
vt 0.66497886 0.82325786
vt 0.70022523 0.84330326
vt 0.65506417 0.80741614
vt 0.65218872 0.80517936
vt 0.75297928 0.98512185
vt 0.74917042 0.98106486
vt 0.75586027 0.98307186
vt 0.75081724 0.97695923
vt 0.75825185 0.98766232
vt 0.74513191 0.97645050
vt 0.74061102 0.97646582
vt 0.73975998 0.97261363
vt 0.73086822 0.97559583
vt 0.74240327 0.97975504
vt 0.72513086 0.97256404
vt 0.72179812 0.97653419
vt 0.71358818 0.97207791
vt 0.71604884 0.97797406
vt 0.71411699 0.98109835
vt 0.70552284 0.97890919
vt 0.70430130 0.98379207
vt 0.69712716 0.98766232
vt 0.70511466 0.97496063
vt 0.71771866 0.98385805
vt 0.73979974 0.98284256
vt 0.72448283 0.98190361
vt 0.73048329 0.98092699
vt 0.26088890 0.94329500
vt 0.26538625 0.94633591
vt 0.26168403 0.94600642
vt 0.25482556 0.95018911
vt 0.25269923 0.94759357
vt 0.24763304 0.95555538
vt 0.24554399 0.95422673
vt 0.24251658 0.96187681
vt 0.24042667 0.95885360
vt 0.23746943 0.96818179
vt 0.26974991 0.93582857
vt 0.27465510 0.94315600
vt 0.27866328 0.94087422
vt 0.28088489 0.94465929
vt 0.28918299 0.94382644
vt 0.28803673 0.94610810
vt 0.29492664 0.95152515
vt 0.26246470 0.93441558
vt 0.25789109 0.93868643
vt 0.26227292 0.95224601
vt 0.25804728 0.95328432
vt 0.28514978 0.95094413
vt 0.27934060 0.94951457
vt 0.27548286 0.94920653
vt 0.26842585 0.94973421
vt 0.26509055 0.96673203
vt 0.27230951 0.96818179
vt 0.03331294 0.64870131
vt 0.03147922 0.65614289
vt 0.03216852 0.65973365
vt 0.03331296 0.67337662
vt 0.41805616 0.91480303
vt 0.39297247 0.89905006
vt 0.39346516 0.91655850
vt 0.41990134 0.89769310
vt 0.46413296 0.91363966
vt 0.46609095 0.89667320
vt 0.48471874 0.91421795
vt 0.49466002 0.90076089
vt 0.38098770 0.91753244
vt 0.38285398 0.91281486
vt 0.38267046 0.89378345
vt 0.49666634 0.91753244
vt 0.39363265 0.88955009
vt 0.43116310 0.89077067
vt 0.46270925 0.89111739
vt 0.49471381 0.89181936
vt 0.49748054 0.90183824
vt 0.38290951 0.88082451
vt 0.39353168 0.87658626
vt 0.42284298 0.87818748
vt 0.49753499 0.88566941
vt 0.43992773 0.86738884
vt 0.46729377 0.86770964
vt 0.41545105 0.86772096
vt 0.48942524 0.87679863
vt 0.49473709 0.87975633
vt 0.38307527 0.86592674
vt 0.48310527 0.86695629
vt 0.39334327 0.85809302
vt 0.38628429 0.85757780
vt 0.49699950 0.86100203
vt 0.49446312 0.85659885
vt 0.41168183 0.85893387
vt 0.38282150 0.84820867
vt 0.47302324 0.85529613
vt 0.42865553 0.85446787
vt 0.38099104 0.85875916
vt 0.38050121 0.83699334
vt 0.38656798 0.83819753
vt 0.41605270 0.84063536
vt 0.39335755 0.84494627
vt 0.44098791 0.84167486
vt 0.48777285 0.84266788
vt 0.47247195 0.84312159
vt 0.38304165 0.83687747
vt 0.39299527 0.83566815
vt 0.49708211 0.84243542
vt 0.49786064 0.85831875
vt 0.41365764 0.82388234
vt 0.46749210 0.83106494
vt 0.43768340 0.82473087
vt 0.46963143 0.82524270
vt 0.38323587 0.82555330
vt 0.38615450 0.82052547
vt 0.39412925 0.82309681
vt 0.49442953 0.82762021
vt 0.48892036 0.82630277
vt 0.38113281 0.83216310
vt 0.38164487 0.82012987
vt 0.08753848 0.39527068
vt 0.09769111 0.37841937
vt 0.11407855 0.39540091
vt 0.11690300 0.37597403
vt 0.12700377 0.38079596
vt 0.12895904 0.39657429
vt 0.08193922 0.37823531
vt 0.08136209 0.39426509
vt 0.14894383 0.38877279
vt 0.17608786 0.39768597
vt 0.17798135 0.38901371
vt 0.17684597 0.37994209
vt 0.18667293 0.39725703
vt 0.18673594 0.38156226
vt 0.07563107 0.38329744
vt 0.17423239 0.40479022
vt 0.12171847 0.40334257
vt 0.09875451 0.40408772
vt 0.18663383 0.40584415
vt 0.08171823 0.40282962
vt 0.07487775 0.39638969
vt 0.07681449 0.40584415
vt 0.51401728 0.92912877
vt 0.50567651 0.92612410
vt 0.52685034 0.92246276
vt 0.53756744 0.92663342
vt 0.49572295 0.93181819
vt 0.54838765 0.92071939
vt 0.54837394 0.92803133
vt 0.53963131 0.92888331
vt 0.49052566 0.92872727
vt 0.55902219 0.92519164
vt 0.55120933 0.91196638
vt 0.54218328 0.90808517
vt 0.56440192 0.91223770
vt 0.56621563 0.92331260
vt 0.57441813 0.91659766
vt 0.57719672 0.92828822
vt 0.56589979 0.92726153
vt 0.57458156 0.92974031
vt 0.59318805 0.92799819
vt 0.59367460 0.91589254
vt 0.59430188 0.92367750
vt 0.60531890 0.89428788
vt 0.60310048 0.90279937
vt 0.60057938 0.89493883
vt 0.60017329 0.90399545
vt 0.60094661 0.90778220
vt 0.60228425 0.90898031
vt 0.59953678 0.91490930
vt 0.59643078 0.90952259
vt 0.60385257 0.90970397
vt 0.60621506 0.90338248
vt 0.60172272 0.91729361
vt 0.60431141 0.91704667
vt 0.60652614 0.90836596
vt 0.59833455 0.91952610
vt 0.60977763 0.91347432
vt 0.60945845 0.90606546
vt 0.60939831 0.89838952
vt 0.61341834 0.89496070
vt 0.61177218 0.90128386
vt 0.61303288 0.91042608
vt 0.61673564 0.89943850
vt 0.61772090 0.89394462
vt 0.61961848 0.89816505
vt 0.62194377 0.88343447
vt 0.61595976 0.88420212
vt 0.61134291 0.89297318
vt 0.60764742 0.88816035
vt 0.60987198 0.87330234
vt 0.60372716 0.87721908
vt 0.60191756 0.88937116
vt 0.59633678 0.88015491
vt 0.59739721 0.88673747
vt 0.59171355 0.89109772
vt 0.59766716 0.86926585
vt 0.58767402 0.86911076
vt 0.58416957 0.89190602
vt 0.58945686 0.91356033
vt 0.59355009 0.90465772
vt 0.58744407 0.93056548
vt 0.58582723 0.91545433
vt 0.58139455 0.91866964
vt 0.58260727 0.92848790
vt 0.59697521 0.89636344
vt 0.57987094 0.87122542
vt 0.57593489 0.89430082
vt 0.57447302 0.85649353
vt 0.56978410 0.87396502
vt 0.57005721 0.89655143
vt 0.55226380 0.86786461
vt 0.56387365 0.88962913
vt 0.54411060 0.89663792
vt 0.53891665 0.86193663
vt 0.52464432 0.88843077
vt 0.52407730 0.90522158
vt 0.50051600 0.90542889
vt 0.50050324 0.91122454
vt 0.60395718 0.89398706
vt 0.59750479 0.91353893
vt 0.59744948 0.90290964
vt 0.59827155 0.89970148
vt 0.58319741 0.93181819
vt 0.59240115 0.86124188
vt 0.38050121 0.37962669
vt 0.38294622 0.37207791
vt 0.38294622 0.38636363
f 569/569 573/573 566/566
f 572/572 573/573 570/570
f 573/573 569/569 570/570
f 3552/3552 3553/3553 3551/3551
f 3594/3594 3538/3538 3593/3593
f 3536/3536 3535/3535 3544/3544
f 3544/3544 3550/3550 3547/3547
f 3544/3544 3547/3547 3543/3543
f 3536/3536 3544/3544 3543/3543
f 3539/3539 3538/3538 3536/3536
f 3543/3543 3547/3547 3546/3546
f 3535/3535 3551/3551 3544/3544
f 3542/3542 3539/3539 3541/3541
f 3543/3543 3546/3546 3545/3545
f 3542/3542 3593/3593 3538/3538
f 3547/3547 3549/3549 3546/3546
f 3553/3553 3554/3554 3550/3550
f 3550/3550 3554/3554 3549/3549
f 3538/3538 3537/3537 3536/3536
f 3553/3553 3555/3555 3554/3554
f 3539/3539 3542/3542 3538/3538
f 3592/3592 3542/3542 3541/3541
f 3540/3540 3543/3543 3545/3545
f 3553/3553 3550/3550 3551/3551
f 3535/3535 3536/3536 3537/3537
f 3594/3594 3537/3537 3538/3538
f 3541/3541 3539/3539 3540/3540
f 3543/3543 3540/3540 3536/3536
f 3541/3541 3540/3540 3545/3545
f 3544/3544 3551/3551 3550/3550
f 3550/3550 3549/3549 3547/3547
f 3555/3555 3553/3553 3552/3552
f 3535/3535 3552/3552 3551/3551
f 3539/3539 3536/3536 3540/3540
f 3180/3180 3224/3224 3186/3186
f 3180/3180 3164/3164 3224/3224
f 3164/3164 3225/3225 3224/3224
f 3164/3164 3162/3162 3225/3225
f 3162/3162 3165/3165 3225/3225
f 3190/3190 3250/3250 3253/3253
f 3217/3217 3190/3190 3253/3253
f 3212/3212 3189/3189 3190/3190
f 3253/3253 3250/3250 3272/3272
f 3190/3190 3249/3249 3250/3250
f 3190/3190 3189/3189 3187/3187
f 3250/3250 3249/3249 3272/3272
f 3249/3249 3271/3271 3272/3272
f 3183/3183 3185/3185 3187/3187
f 3187/3187 3185/3185 3190/3190
f 3185/3185 3248/3248 3249/3249
f 3190/3190 3185/3185 3249/3249
f 3249/3249 3248/3248 3270/3270
f 3249/3249 3270/3270 3271/3271
f 3248/3248 3269/3269 3270/3270
f 3269/3269 3292/3292 3270/3270
f 3179/3179 3182/3182 3185/3185
f 3183/3183 3179/3179 3185/3185
f 3185/3185 3182/3182 3239/3239
f 3185/3185 3239/3239 3248/3248
f 3248/3248 3239/3239 3269/3269
f 3269/3269 3291/3291 3292/3292
f 3239/3239 3267/3267 3269/3269
f 3269/3269 3267/3267 3291/3291
f 3182/3182 3201/3201 3239/3239
f 3201/3201 3265/3265 3239/3239
f 3239/3239 3265/3265 3267/3267
f 3179/3179 3181/3181 3182/3182
f 3182/3182 3181/3181 3201/3201
f 3265/3265 3266/3266 3267/3267
f 3267/3267 3266/3266 3291/3291
f 3179/3179 3175/3175 3181/3181
f 3201/3201 3186/3186 3265/3265
f 3186/3186 3266/3266 3265/3265
f 3266/3266 3290/3290 3291/3291
f 3181/3181 3186/3186 3201/3201
f 3266/3266 3276/3276 3290/3290
f 3181/3181 3180/3180 3186/3186
f 3264/3264 3263/3263 3186/3186
f 3186/3186 3263/3263 3266/3266
f 3266/3266 3263/3263 3276/3276
f 3175/3175 3174/3174 3181/3181
f 3175/3175 3173/3173 3174/3174
f 3174/3174 3180/3180 3181/3181
f 3276/3276 3301/3301 3290/3290
f 3263/3263 3254/3254 3276/3276
f 3173/3173 3163/3163 3174/3174
f 3174/3174 3163/3163 3164/3164
f 3174/3174 3164/3164 3180/3180
f 3224/3224 3254/3254 3263/3263
f 3264/3264 3224/3224 3263/3263
f 3254/3254 3275/3275 3276/3276
f 3173/3173 3167/3167 3163/3163
f 3224/3224 3225/3225 3254/3254
f 3275/3275 3288/3288 3276/3276
f 3276/3276 3288/3288 3301/3301
f 3163/3163 3162/3162 3164/3164
f 3225/3225 3237/3237 3254/3254
f 3167/3167 3160/3160 3163/3163
f 3163/3163 3160/3160 3162/3162
f 3254/3254 3255/3255 3275/3275
f 3288/3288 3304/3304 3301/3301
f 3237/3237 3255/3255 3254/3254
f 3275/3275 3255/3255 3284/3284
f 3275/3275 3284/3284 3288/3288
f 3288/3288 3284/3284 3304/3304
f 3225/3225 3165/3165 3237/3237
f 3160/3160 3161/3161 3162/3162
f 3161/3161 3165/3165 3162/3162
f 3255/3255 3285/3285 3284/3284
f 3284/3284 3285/3285 3304/3304
f 3237/3237 3256/3256 3255/3255
f 3161/3161 3166/3166 3165/3165
f 3165/3165 3166/3166 3237/3237
f 3255/3255 3256/3256 3285/3285
f 3166/3166 3236/3236 3237/3237
f 3237/3237 3236/3236 3256/3256
f 3161/3161 3168/3168 3166/3166
f 3236/3236 3257/3257 3256/3256
f 3256/3256 3257/3257 3285/3285
f 3168/3168 3192/3192 3166/3166
f 3236/3236 3258/3258 3257/3257
f 3257/3257 3258/3258 3274/3274
f 3257/3257 3274/3274 3285/3285
f 3192/3192 3193/3193 3166/3166
f 3166/3166 3235/3235 3236/3236
f 3166/3166 3193/3193 3235/3235
f 3236/3236 3259/3259 3258/3258
f 3258/3258 3259/3259 3274/3274
f 3192/3192 3194/3194 3193/3193
f 3235/3235 3259/3259 3236/3236
f 3193/3193 3233/3233 3235/3235
f 3235/3235 3260/3260 3259/3259
f 3233/3233 3260/3260 3235/3235
f 3194/3194 3200/3200 3193/3193
f 3193/3193 3200/3200 3233/3233
f 3234/3234 3214/3214 3216/3216
f 3234/3234 3216/3216 3240/3240
f 3240/3240 3216/3216 3232/3232
f 3240/3240 3232/3232 3251/3251
f 3251/3251 3232/3232 3252/3252
f 3251/3251 3252/3252 3306/3306
f 3306/3306 3252/3252 3300/3300
f 3232/3232 3217/3217 3252/3252
f 3217/3217 3286/3286 3252/3252
f 3252/3252 3286/3286 3300/3300
f 3214/3214 3213/3213 3212/3212
f 3214/3214 3212/3212 3216/3216
f 3216/3216 3212/3212 3217/3217
f 3216/3216 3217/3217 3232/3232
f 3217/3217 3253/3253 3286/3286
f 3253/3253 3287/3287 3286/3286
f 3287/3287 3305/3305 3300/3300
f 3286/3286 3287/3287 3300/3300
f 3213/3213 3188/3188 3189/3189
f 3213/3213 3189/3189 3212/3212
f 3253/3253 3272/3272 3287/3287
f 3287/3287 3293/3293 3305/3305
f 3305/3305 3293/3293 3309/3309
f 3287/3287 3272/3272 3293/3293
f 3309/3309 3293/3293 3311/3311
f 3293/3293 3313/3313 3311/3311
f 3188/3188 3187/3187 3189/3189
f 3272/3272 3271/3271 3293/3293
f 3293/3293 3271/3271 3292/3292
f 3293/3293 3292/3292 3313/3313
f 3271/3271 3270/3270 3292/3292
f 3292/3292 3315/3315 3313/3313
f 3184/3184 3183/3183 3187/3187
f 3292/3292 3316/3316 3315/3315
f 3184/3184 3178/3178 3183/3183
f 3292/3292 3291/3291 3316/3316
f 3178/3178 3179/3179 3183/3183
f 3291/3291 3328/3328 3316/3316
f 3178/3178 3177/3177 3175/3175
f 3178/3178 3175/3175 3179/3179
f 3291/3291 3290/3290 3328/3328
f 3177/3177 3173/3173 3175/3175
f 3177/3177 3176/3176 3173/3173
f 3171/3171 3167/3167 3173/3173
f 3176/3176 3171/3171 3173/3173
f 3301/3301 3339/3339 3335/3335
f 3171/3171 3170/3170 3167/3167
f 3301/3301 3304/3304 3339/3339
f 3170/3170 3160/3160 3167/3167
f 3170/3170 3169/3169 3160/3160
f 3169/3169 3161/3161 3160/3160
f 3304/3304 3285/3285 3332/3332
f 3169/3169 3172/3172 3168/3168
f 3169/3169 3168/3168 3161/3161
f 3172/3172 3196/3196 3168/3168
f 3196/3196 3192/3192 3168/3168
f 3274/3274 3299/3299 3285/3285
f 3285/3285 3299/3299 3332/3332
f 3195/3195 3194/3194 3192/3192
f 3196/3196 3195/3195 3192/3192
f 3274/3274 3279/3279 3299/3299
f 3274/3274 3259/3259 3279/3279
f 3259/3259 3260/3260 3279/3279
f 3279/3279 3289/3289 3299/3299
f 3195/3195 3198/3198 3194/3194
f 3260/3260 3289/3289 3279/3279
f 3198/3198 3199/3199 3194/3194
f 3194/3194 3199/3199 3200/3200
f 3200/3200 3238/3238 3233/3233
f 3233/3233 3238/3238 3261/3261
f 3233/3233 3261/3261 3260/3260
f 3261/3261 3280/3280 3260/3260
f 3260/3260 3280/3280 3289/3289
f 3200/3200 3207/3207 3238/3238
f 3199/3199 3206/3206 3200/3200
f 3200/3200 3206/3206 3207/3207
f 3207/3207 3244/3244 3238/3238
f 3238/3238 3244/3244 3261/3261
f 3143/3143 3151/3151 3234/3234
f 3143/3143 3234/3234 3308/3308
f 3308/3308 3234/3234 3240/3240
f 3308/3308 3240/3240 3302/3302
f 3308/3308 3302/3302 3324/3324
f 3302/3302 3306/3306 3323/3323
f 3324/3324 3302/3302 3323/3323
f 3151/3151 3143/3143 3124/3124
f 3323/3323 3306/3306 3318/3318
f 3306/3306 3317/3317 3318/3318
f 3072/3072 3215/3215 3151/3151
f 3151/3151 3215/3215 3214/3214
f 3151/3151 3214/3214 3234/3234
f 3306/3306 3300/3300 3317/3317
f 3305/3305 3326/3326 3320/3320
f 3317/3317 3305/3305 3320/3320
f 3072/3072 3191/3191 3213/3213
f 3072/3072 3213/3213 3215/3215
f 3215/3215 3213/3213 3214/3214
f 3305/3305 3309/3309 3326/3326
f 3072/3072 3061/3061 3191/3191
f 3072/3072 3053/3053 3061/3061
f 3309/3309 3311/3311 3326/3326
f 3191/3191 3188/3188 3213/3213
f 3311/3311 3357/3357 3326/3326
f 3311/3311 3313/3313 3357/3357
f 3060/3060 3184/3184 3191/3191
f 3061/3061 3060/3060 3191/3191
f 3184/3184 3187/3187 3188/3188
f 3191/3191 3184/3184 3188/3188
f 3315/3315 3349/3349 3357/3357
f 3054/3054 3064/3064 3060/3060
f 3060/3060 3064/3064 3184/3184
f 3315/3315 3316/3316 3349/3349
f 3064/3064 3178/3178 3184/3184
f 3316/3316 3345/3345 3349/3349
f 3328/3328 3344/3344 3345/3345
f 3316/3316 3328/3328 3345/3345
f 3064/3064 3177/3177 3178/3178
f 3290/3290 3343/3343 3344/3344
f 3328/3328 3290/3290 3344/3344
f 3065/3065 3177/3177 3064/3064
f 3290/3290 3336/3336 3343/3343
f 3290/3290 3329/3329 3336/3336
f 3065/3065 3231/3231 3177/3177
f 3065/3065 3062/3062 3231/3231
f 3177/3177 3231/3231 3176/3176
f 3329/3329 3335/3335 3336/3336
f 3231/3231 3171/3171 3176/3176
f 3231/3231 3230/3230 3171/3171
f 3230/3230 3204/3204 3171/3171
f 3171/3171 3204/3204 3170/3170
f 3339/3339 3304/3304 3337/3337
f 3304/3304 3332/3332 3337/3337
f 3337/3337 3332/3332 3338/3338
f 3204/3204 3203/3203 3169/3169
f 3204/3204 3169/3169 3170/3170
f 3203/3203 3205/3205 3172/3172
f 3203/3203 3172/3172 3169/3169
f 3332/3332 3340/3340 3338/3338
f 3205/3205 3211/3211 3172/3172
f 3332/3332 3346/3346 3340/3340
f 3211/3211 3197/3197 3172/3172
f 3197/3197 3195/3195 3196/3196
f 3172/3172 3197/3197 3196/3196
f 3346/3346 3299/3299 3342/3342
f 3299/3299 3289/3289 3342/3342
f 3289/3289 3341/3341 3342/3342
f 3197/3197 3202/3202 3195/3195
f 3197/3197 3083/3083 3202/3202
f 3202/3202 3198/3198 3195/3195
f 3289/3289 3310/3310 3341/3341
f 3289/3289 3280/3280 3310/3310
f 3202/3202 3208/3208 3198/3198
f 3198/3198 3208/3208 3199/3199
f 3280/3280 3281/3281 3298/3298
f 3280/3280 3298/3298 3310/3310
f 3261/3261 3262/3262 3281/3281
f 3261/3261 3281/3281 3280/3280
f 3199/3199 3208/3208 3206/3206
f 3281/3281 3282/3282 3298/3298
f 3262/3262 3278/3278 3281/3281
f 3281/3281 3278/3278 3282/3282
f 3208/3208 3209/3209 3206/3206
f 3209/3209 3210/3210 3207/3207
f 3206/3206 3209/3209 3207/3207
f 3210/3210 3247/3247 3244/3244
f 3207/3207 3210/3210 3244/3244
f 3244/3244 3247/3247 3262/3262
f 3262/3262 3247/3247 3278/3278
f 3210/3210 3209/3209 3219/3219
f 3210/3210 3219/3219 3247/3247
f 3219/3219 3246/3246 3247/3247
f 3123/3123 3124/3124 3143/3143
f 3123/3123 3072/3072 3124/3124
f 3333/3333 3320/3320 3377/3377
f 3077/3077 3053/3053 3072/3072
f 3053/3053 3051/3051 3052/3052
f 3053/3053 3052/3052 3060/3060
f 3053/3053 3060/3060 3061/3061
f 3052/3052 3054/3054 3060/3060
f 3345/3345 3374/3374 3376/3376
f 3349/3349 3345/3345 3376/3376
f 3054/3054 3059/3059 3064/3064
f 3344/3344 3373/3373 3374/3374
f 3345/3345 3344/3344 3374/3374
f 3059/3059 3065/3065 3064/3064
f 3343/3343 3372/3372 3373/3373
f 3344/3344 3343/3343 3373/3373
f 3059/3059 3062/3062 3065/3065
f 3343/3343 3358/3358 3372/3372
f 1992/1992 1970/1970 1965/1965
f 3062/3062 3063/3063 3231/3231
f 3063/3063 3230/3230 3231/3231
f 1992/1992 1974/1974 1970/1970
f 3068/3068 3230/3230 3063/3063
f 3230/3230 3068/3068 3204/3204
f 3369/3369 3337/3337 3370/3370
f 3337/3337 3338/3338 3370/3370
f 3338/3338 3364/3364 3370/3370
f 3068/3068 3069/3069 3204/3204
f 3204/3204 3069/3069 3203/3203
f 3069/3069 3205/3205 3203/3203
f 3073/3073 3211/3211 3205/3205
f 3069/3069 3073/3073 3205/3205
f 3340/3340 3346/3346 3364/3364
f 3346/3346 3362/3362 3364/3364
f 3073/3073 3197/3197 3211/3211
f 3346/3346 3342/3342 3362/3362
f 3073/3073 3074/3074 3197/3197
f 3073/3073 3071/3071 3074/3074
f 3074/3074 3076/3076 3197/3197
f 3342/3342 3352/3352 3362/3362
f 3342/3342 3341/3341 3352/3352
f 3076/3076 3083/3083 3197/3197
f 3078/3078 3080/3080 3076/3076
f 3076/3076 3082/3082 3083/3083
f 3341/3341 3310/3310 3351/3351
f 3298/3298 3347/3347 3310/3310
f 3310/3310 3347/3347 3351/3351
f 3083/3083 3084/3084 3202/3202
f 3084/3084 3228/3228 3202/3202
f 3202/3202 3228/3228 3208/3208
f 3298/3298 3282/3282 3319/3319
f 3298/3298 3319/3319 3347/3347
f 3228/3228 3218/3218 3208/3208
f 3218/3218 3209/3209 3208/3208
f 3282/3282 3307/3307 3319/3319
f 3278/3278 3294/3294 3282/3282
f 3282/3282 3294/3294 3307/3307
f 3278/3278 3277/3277 3294/3294
f 3209/3209 3218/3218 3220/3220
f 3220/3220 3219/3219 3209/3209
f 3247/3247 3277/3277 3278/3278
f 3219/3219 3241/3241 3246/3246
f 3246/3246 3277/3277 3247/3247
f 3246/3246 3241/3241 3277/3277
f 3220/3220 3221/3221 3219/3219
f 3219/3219 3221/3221 3241/3241
f 3221/3221 3242/3242 3241/3241
f 1219/1219 1204/1204 1240/1240
f 1270/1270 1289/1289 1288/1288
f 1204/1204 1227/1227 1240/1240
f 1240/1240 1227/1227 1273/1273
f 1240/1240 1273/1273 1270/1270
f 1270/1270 1273/1273 1289/1289
f 1204/1204 1179/1179 1200/1200
f 1204/1204 1200/1200 1227/1227
f 1273/1273 1296/1296 1289/1289
f 1289/1289 1296/1296 1311/1311
f 1200/1200 1236/1236 1227/1227
f 1227/1227 1236/1236 1273/1273
f 1296/1296 1312/1312 1311/1311
f 1179/1179 1178/1178 1200/1200
f 1236/1236 1274/1274 1273/1273
f 1273/1273 1274/1274 1296/1296
f 1178/1178 1192/1192 1200/1200
f 1200/1200 1192/1192 1236/1236
f 1274/1274 1294/1294 1296/1296
f 1296/1296 1294/1294 1312/1312
f 1294/1294 1314/1314 1312/1312
f 1192/1192 1237/1237 1236/1236
f 1236/1236 1237/1237 1274/1274
f 1178/1178 1166/1166 1192/1192
f 1237/1237 1275/1275 1274/1274
f 1274/1274 1275/1275 1294/1294
f 1275/1275 1293/1293 1294/1294
f 1294/1294 1293/1293 1315/1315
f 1294/1294 1315/1315 1314/1314
f 1166/1166 1180/1180 1192/1192
f 1180/1180 1191/1191 1192/1192
f 1192/1192 1191/1191 1237/1237
f 1166/1166 1144/1144 1180/1180
f 1191/1191 1238/1238 1237/1237
f 1237/1237 1238/1238 1275/1275
f 1238/1238 1277/1277 1275/1275
f 1275/1275 1277/1277 1293/1293
f 1293/1293 1316/1316 1315/1315
f 1144/1144 1163/1163 1180/1180
f 1180/1180 1163/1163 1191/1191
f 1191/1191 1239/1239 1238/1238
f 1238/1238 1239/1239 1277/1277
f 1277/1277 1295/1295 1293/1293
f 1293/1293 1295/1295 1316/1316
f 1163/1163 1193/1193 1191/1191
f 1191/1191 1193/1193 1239/1239
f 1239/1239 1278/1278 1277/1277
f 1277/1277 1278/1278 1295/1295
f 1295/1295 1321/1321 1316/1316
f 1163/1163 1145/1145 1164/1164
f 1163/1163 1164/1164 1193/1193
f 1164/1164 1181/1181 1209/1209
f 1164/1164 1145/1145 1181/1181
f 1164/1164 1209/1209 1193/1193
f 1209/1209 1255/1255 1239/1239
f 1193/1193 1209/1209 1239/1239
f 1239/1239 1255/1255 1278/1278
f 1278/1278 1255/1255 1302/1302
f 1278/1278 1302/1302 1295/1295
f 1295/1295 1302/1302 1321/1321
f 2012/2012 2010/2010 2011/2011
f 3150/3150 3122/3122 3123/3123
f 3150/3150 3152/3152 3122/3122
f 3122/3122 3051/3051 3077/3077
f 3051/3051 3053/3053 3077/3077
f 3051/3051 3050/3050 3052/3052
f 3050/3050 3054/3054 3052/3052
f 3050/3050 3049/3049 3054/3054
f 3049/3049 3055/3055 3054/3054
f 3049/3049 3043/3043 3055/3055
f 3055/3055 3059/3059 3054/3054
f 3055/3055 3056/3056 3059/3059
f 3056/3056 3062/3062 3059/3059
f 1919/1919 1965/1965 1936/1936
f 3056/3056 3057/3057 3062/3062
f 3058/3058 3062/3062 3057/3057
f 3058/3058 3063/3063 3062/3062
f 3058/3058 3068/3068 3063/3063
f 3058/3058 3066/3066 3068/3068
f 1974/1974 1938/1938 1937/1937
f 3066/3066 3067/3067 3068/3068
f 3067/3067 3069/3069 3068/3068
f 3067/3067 3071/3071 3069/3069
f 3069/3069 3071/3071 3073/3073
f 3075/3075 3074/3074 3071/3071
f 3075/3075 3076/3076 3074/3074
f 3075/3075 3078/3078 3076/3076
f 3078/3078 3116/3116 3080/3080
f 3080/3080 3081/3081 3076/3076
f 3081/3081 3082/3082 3076/3076
f 3080/3080 3137/3137 3081/3081
f 3081/3081 3086/3086 3082/3082
f 3081/3081 3137/3137 3086/3086
f 3086/3086 3118/3118 3082/3082
f 3082/3082 3084/3084 3083/3083
f 3118/3118 3136/3136 3082/3082
f 3082/3082 3085/3085 3084/3084
f 3136/3136 3128/3128 3082/3082
f 3082/3082 3128/3128 3085/3085
f 3084/3084 3085/3085 3228/3228
f 3347/3347 3319/3319 3348/3348
f 3307/3307 3348/3348 3319/3319
f 3085/3085 3130/3130 3228/3228
f 3228/3228 3130/3130 3218/3218
f 3130/3130 3227/3227 3218/3218
f 3227/3227 3220/3220 3218/3218
f 3277/3277 3295/3295 3294/3294
f 3294/3294 3295/3295 3312/3312
f 3294/3294 3312/3312 3307/3307
f 3307/3307 3312/3312 3348/3348
f 3227/3227 3226/3226 3220/3220
f 3277/3277 3268/3268 3295/3295
f 3295/3295 3314/3314 3312/3312
f 3226/3226 3222/3222 3220/3220
f 3220/3220 3222/3222 3223/3223
f 3220/3220 3223/3223 3221/3221
f 3241/3241 3242/3242 3268/3268
f 3241/3241 3268/3268 3277/3277
f 3268/3268 3296/3296 3295/3295
f 3296/3296 3303/3303 3295/3295
f 3295/3295 3303/3303 3314/3314
f 3221/3221 3223/3223 3243/3243
f 3221/3221 3243/3243 3242/3242
f 3242/3242 3243/3243 3268/3268
f 3268/3268 3243/3243 3273/3273
f 3268/3268 3273/3273 3296/3296
f 3222/3222 3229/3229 3223/3223
f 3229/3229 3245/3245 3223/3223
f 3223/3223 3245/3245 3243/3243
f 3243/3243 3245/3245 3283/3283
f 3243/3243 3283/3283 3273/3273
f 3273/3273 3297/3297 3296/3296
f 3273/3273 3353/3353 3297/3297
f 3353/3353 3322/3322 3297/3297
f 1235/1235 1248/1248 1247/1247
f 1247/1247 1248/1248 1271/1271
f 1248/1248 1272/1272 1271/1271
f 1271/1271 1272/1272 1283/1283
f 1226/1226 1234/1234 1235/1235
f 1235/1235 1234/1234 1248/1248
f 1272/1272 1284/1284 1283/1283
f 1234/1234 1226/1226 1207/1207
f 1234/1234 1246/1246 1248/1248
f 1248/1248 1246/1246 1272/1272
f 1272/1272 1246/1246 1284/1284
f 1207/1207 1224/1224 1234/1234
f 1234/1234 1224/1224 1246/1246
f 1207/1207 1206/1206 1224/1224
f 1246/1246 1280/1280 1284/1284
f 1280/1280 1305/1305 1284/1284
f 1224/1224 1245/1245 1246/1246
f 1224/1224 1225/1225 1245/1245
f 1245/1245 1264/1264 1246/1246
f 1246/1246 1264/1264 1280/1280
f 1206/1206 1225/1225 1224/1224
f 1280/1280 1310/1310 1305/1305
f 1206/1206 1172/1172 1186/1186
f 1172/1172 1165/1165 1186/1186
f 1225/1225 1244/1244 1245/1245
f 1245/1245 1244/1244 1264/1264
f 1280/1280 1309/1309 1310/1310
f 1206/1206 1216/1216 1225/1225
f 1216/1216 1222/1222 1225/1225
f 1225/1225 1222/1222 1244/1244
f 1206/1206 1186/1186 1216/1216
f 1264/1264 1281/1281 1280/1280
f 1280/1280 1281/1281 1309/1309
f 1309/1309 1325/1325 1319/1319
f 1186/1186 1165/1165 1168/1168
f 1168/1168 1190/1190 1186/1186
f 1186/1186 1190/1190 1216/1216
f 1222/1222 1221/1221 1244/1244
f 1244/1244 1221/1221 1265/1265
f 1244/1244 1265/1265 1264/1264
f 1264/1264 1265/1265 1281/1281
f 1216/1216 1190/1190 1222/1222
f 1281/1281 1313/1313 1309/1309
f 1309/1309 1313/1313 1325/1325
f 1161/1161 1189/1189 1190/1190
f 1168/1168 1161/1161 1190/1190
f 1190/1190 1221/1221 1222/1222
f 1190/1190 1189/1189 1220/1220
f 1190/1190 1220/1220 1221/1221
f 1220/1220 1249/1249 1221/1221
f 1221/1221 1249/1249 1265/1265
f 1265/1265 1282/1282 1281/1281
f 1281/1281 1282/1282 1313/1313
f 1249/1249 1269/1269 1265/1265
f 1265/1265 1269/1269 1282/1282
f 1161/1161 1160/1160 1189/1189
f 1282/1282 1308/1308 1313/1313
f 1160/1160 1188/1188 1189/1189
f 1188/1188 1212/1212 1189/1189
f 1189/1189 1212/1212 1220/1220
f 1220/1220 1212/1212 1249/1249
f 1160/1160 1159/1159 1188/1188
f 1212/1212 1250/1250 1249/1249
f 1249/1249 1250/1250 1269/1269
f 1282/1282 1307/1307 1308/1308
f 1308/1308 1307/1307 1324/1324
f 1250/1250 1268/1268 1269/1269
f 1269/1269 1268/1268 1279/1279
f 1269/1269 1279/1279 1282/1282
f 1282/1282 1279/1279 1307/1307
f 1159/1159 1187/1187 1188/1188
f 1188/1188 1187/1187 1210/1210
f 1188/1188 1210/1210 1212/1212
f 1159/1159 1177/1177 1187/1187
f 1210/1210 1217/1217 1212/1212
f 1212/1212 1217/1217 1250/1250
f 1307/1307 1323/1323 1324/1324
f 1159/1159 1077/1077 1177/1177
f 1159/1159 1076/1076 1077/1077
f 1279/1279 1303/1303 1307/1307
f 1307/1307 1303/1303 1323/1323
f 1217/1217 1218/1218 1250/1250
f 1250/1250 1218/1218 1268/1268
f 1218/1218 1270/1270 1268/1268
f 1268/1268 1270/1270 1279/1279
f 1210/1210 1218/1218 1217/1217
f 1177/1177 1183/1183 1187/1187
f 1183/1183 1211/1211 1210/1210
f 1187/1187 1183/1183 1210/1210
f 1210/1210 1211/1211 1218/1218
f 1270/1270 1288/1288 1279/1279
f 1279/1279 1288/1288 1303/1303
f 1077/1077 1155/1155 1177/1177
f 1077/1077 1073/1073 1155/1155
f 1177/1177 1155/1155 1183/1183
f 1218/1218 1240/1240 1270/1270
f 1303/1303 1327/1327 1323/1323
f 1211/1211 1219/1219 1218/1218
f 1218/1218 1219/1219 1240/1240
f 1288/1288 1304/1304 1303/1303
f 1303/1303 1304/1304 1327/1327
f 1288/1288 1289/1289 1304/1304
f 1183/1183 1204/1204 1211/1211
f 1211/1211 1204/1204 1219/1219
f 1304/1304 1328/1328 1327/1327
f 1073/1073 1069/1069 1155/1155
f 1155/1155 1179/1179 1183/1183
f 1183/1183 1179/1179 1204/1204
f 1289/1289 1311/1311 1304/1304
f 1155/1155 1069/1069 1154/1154
f 1304/1304 1311/1311 1328/1328
f 1155/1155 1154/1154 1179/1179
f 1311/1311 1329/1329 1328/1328
f 1154/1154 1153/1153 1179/1179
f 1154/1154 1065/1065 1153/1153
f 1154/1154 1069/1069 1065/1065
f 1311/1311 1312/1312 1329/1329
f 1329/1329 1312/1312 1341/1341
f 1153/1153 1178/1178 1179/1179
f 1312/1312 1314/1314 1341/1341
f 1153/1153 1166/1166 1178/1178
f 1065/1065 1149/1149 1153/1153
f 1153/1153 1149/1149 1166/1166
f 1314/1314 1351/1351 1341/1341
f 1065/1065 1055/1055 1149/1149
f 1314/1314 1315/1315 1351/1351
f 1315/1315 1350/1350 1351/1351
f 1149/1149 1144/1144 1166/1166
f 1055/1055 1056/1056 1144/1144
f 1055/1055 1144/1144 1149/1149
f 1315/1315 1316/1316 1350/1350
f 1350/1350 1316/1316 1349/1349
f 1316/1316 1348/1348 1349/1349
f 1057/1057 1145/1145 1144/1144
f 1056/1056 1057/1057 1144/1144
f 1144/1144 1145/1145 1163/1163
f 1316/1316 1321/1321 1348/1348
f 1057/1057 1185/1185 1145/1145
f 1321/1321 1359/1359 1348/1348
f 1359/1359 1362/1362 1348/1348
f 2521/2521 2522/2522 2524/2524
f 1257/1257 1256/1256 1258/1258
f 3152/3152 3157/3157 3142/3142
f 3152/3152 3142/3142 3122/3122
f 2011/2011 1990/1990 1991/1991
f 3142/3142 3141/3141 3122/3122
f 3125/3125 3051/3051 3122/3122
f 3125/3125 3141/3141 3133/3133
f 3125/3125 3047/3047 3051/3051
f 3047/3047 3050/3050 3051/3051
f 3047/3047 3049/3049 3050/3050
f 3047/3047 3043/3043 3049/3049
f 3043/3043 3044/3044 3056/3056
f 3043/3043 3056/3056 3055/3055
f 3043/3043 3039/3039 3044/3044
f 3044/3044 3045/3045 3056/3056
f 3045/3045 3057/3057 3056/3056
f 3045/3045 3058/3058 3057/3057
f 3045/3045 3036/3036 3058/3058
f 3036/3036 3037/3037 3058/3058
f 3037/3037 3066/3066 3058/3058
f 1938/1938 1867/1867 1937/1937
f 1938/1938 1957/1957 1867/1867
f 3038/3038 3067/3067 3066/3066
f 3037/3037 3038/3038 3066/3066
f 3038/3038 3070/3070 3067/3067
f 1957/1957 1959/1959 1867/1867
f 3070/3070 3071/3071 3067/3067
f 3070/3070 3079/3079 3071/3071
f 3070/3070 3087/3087 3079/3079
f 3079/3079 3075/3075 3071/3071
f 3079/3079 3089/3089 3075/3075
f 3089/3089 3078/3078 3075/3075
f 3089/3089 3116/3116 3078/3078
f 3116/3116 3119/3119 3137/3137
f 3080/3080 3116/3116 3137/3137
f 1971/1971 1934/1934 1951/1951
f 3086/3086 3137/3137 3118/3118
f 3137/3137 3153/3153 3118/3118
f 3118/3118 3153/3153 3136/3136
f 3136/3136 3153/3153 3158/3158
f 3136/3136 3158/3158 3128/3128
f 3129/3129 3130/3130 3085/3085
f 3128/3128 3129/3129 3085/3085
f 3128/3128 3158/3158 3129/3129
f 3130/3130 3129/3129 3131/3131
f 3348/3348 3312/3312 3350/3350
f 3131/3131 3227/3227 3130/3130
f 3129/3129 3132/3132 3131/3131
f 3131/3131 3134/3134 3227/3227
f 3131/3131 3132/3132 3134/3134
f 3312/3312 3314/3314 3334/3334
f 3312/3312 3334/3334 3350/3350
f 3132/3132 3135/3135 3134/3134
f 3227/3227 3134/3134 3226/3226
f 3303/3303 3321/3321 3314/3314
f 3314/3314 3321/3321 3334/3334
f 3134/3134 3148/3148 3226/3226
f 3134/3134 3146/3146 3148/3148
f 3226/3226 3148/3148 3222/3222
f 3303/3303 3322/3322 3321/3321
f 3353/3353 3355/3355 3321/3321
f 3322/3322 3353/3353 3321/3321
f 3148/3148 3149/3149 3222/3222
f 3222/3222 3149/3149 3229/3229
f 3149/3149 3330/3330 3229/3229
f 3229/3229 3327/3327 3245/3245
f 3229/3229 3330/3330 3327/3327
f 3245/3245 3325/3325 3283/3283
f 3283/3283 3325/3325 3331/3331
f 3283/3283 3331/3331 3273/3273
f 3273/3273 3331/3331 3353/3353
f 3245/3245 3327/3327 3325/3325
f 1202/1202 1233/1233 1243/1243
f 1243/1243 1233/1233 1267/1267
f 1243/1243 1267/1267 1287/1287
f 1267/1267 1292/1292 1287/1287
f 1202/1202 1197/1197 1233/1233
f 1197/1197 1229/1229 1233/1233
f 1233/1233 1229/1229 1263/1263
f 1233/1233 1263/1263 1267/1267
f 1263/1263 1291/1291 1292/1292
f 1267/1267 1263/1263 1292/1292
f 1197/1197 1196/1196 1229/1229
f 1196/1196 1228/1228 1229/1229
f 1229/1229 1228/1228 1251/1251
f 1229/1229 1251/1251 1263/1263
f 1263/1263 1251/1251 1291/1291
f 1196/1196 1198/1198 1228/1228
f 1251/1251 1290/1290 1291/1291
f 1198/1198 1199/1199 1232/1232
f 1198/1198 1232/1232 1228/1228
f 1228/1228 1232/1232 1251/1251
f 1232/1232 1252/1252 1251/1251
f 1251/1251 1286/1286 1290/1290
f 1290/1290 1286/1286 1297/1297
f 1199/1199 1205/1205 1232/1232
f 1251/1251 1252/1252 1286/1286
f 1205/1205 1231/1231 1232/1232
f 1232/1232 1231/1231 1252/1252
f 1199/1199 1175/1175 1205/1205
f 1231/1231 1253/1253 1252/1252
f 1205/1205 1230/1230 1231/1231
f 1231/1231 1230/1230 1253/1253
f 1252/1252 1253/1253 1286/1286
f 1286/1286 1298/1298 1297/1297
f 1182/1182 1213/1213 1205/1205
f 1205/1205 1175/1175 1182/1182
f 1205/1205 1213/1213 1230/1230
f 1253/1253 1285/1285 1286/1286
f 1286/1286 1285/1285 1298/1298
f 1253/1253 1276/1276 1285/1285
f 1285/1285 1276/1276 1299/1299
f 1285/1285 1299/1299 1298/1298
f 1169/1169 1214/1214 1213/1213
f 1182/1182 1169/1169 1213/1213
f 1213/1213 1214/1214 1230/1230
f 1230/1230 1242/1242 1253/1253
f 1242/1242 1266/1266 1253/1253
f 1253/1253 1266/1266 1276/1276
f 1276/1276 1300/1300 1299/1299
f 1169/1169 1170/1170 1156/1156
f 1214/1214 1241/1241 1230/1230
f 1230/1230 1241/1241 1242/1242
f 1169/1169 1194/1194 1214/1214
f 1169/1169 1162/1162 1194/1194
f 1169/1169 1156/1156 1162/1162
f 1214/1214 1242/1242 1241/1241
f 1266/1266 1271/1271 1276/1276
f 1276/1276 1271/1271 1300/1300
f 1242/1242 1247/1247 1266/1266
f 1266/1266 1247/1247 1271/1271
f 1271/1271 1301/1301 1300/1300
f 1300/1300 1301/1301 1322/1322
f 1214/1214 1215/1215 1242/1242
f 1242/1242 1215/1215 1247/1247
f 1194/1194 1215/1215 1214/1214
f 1301/1301 1331/1331 1322/1322
f 1194/1194 1223/1223 1215/1215
f 1215/1215 1223/1223 1247/1247
f 1162/1162 1195/1195 1194/1194
f 1194/1194 1195/1195 1223/1223
f 1223/1223 1235/1235 1247/1247
f 1271/1271 1283/1283 1301/1301
f 1301/1301 1330/1330 1331/1331
f 1150/1150 1173/1173 1162/1162
f 1162/1162 1173/1173 1195/1195
f 1195/1195 1226/1226 1223/1223
f 1223/1223 1226/1226 1235/1235
f 1283/1283 1306/1306 1301/1301
f 1301/1301 1306/1306 1330/1330
f 1330/1330 1345/1345 1331/1331
f 1072/1072 1071/1071 1079/1079
f 1072/1072 1079/1079 1150/1150
f 1150/1150 1079/1079 1173/1173
f 1330/1330 1346/1346 1345/1345
f 1173/1173 1207/1207 1195/1195
f 1195/1195 1207/1207 1226/1226
f 1306/1306 1326/1326 1330/1330
f 1330/1330 1326/1326 1346/1346
f 1079/1079 1172/1172 1173/1173
f 1173/1173 1172/1172 1207/1207
f 1172/1172 1206/1206 1207/1207
f 1306/1306 1305/1305 1326/1326
f 1326/1326 1347/1347 1346/1346
f 1071/1071 1061/1061 1079/1079
f 1061/1061 1075/1075 1079/1079
f 1079/1079 1075/1075 1172/1172
f 1305/1305 1310/1310 1326/1326
f 1326/1326 1336/1336 1347/1347
f 1310/1310 1319/1319 1326/1326
f 1326/1326 1319/1319 1336/1336
f 1061/1061 1058/1058 1075/1075
f 1075/1075 1165/1165 1172/1172
f 1319/1319 1337/1337 1336/1336
f 1319/1319 1325/1325 1337/1337
f 1058/1058 1068/1068 1074/1074
f 1058/1058 1074/1074 1075/1075
f 1058/1058 1050/1050 1068/1068
f 1075/1075 1074/1074 1165/1165
f 1074/1074 1168/1168 1165/1165
f 1325/1325 1335/1335 1337/1337
f 1074/1074 1161/1161 1168/1168
f 1325/1325 1313/1313 1335/1335
f 1050/1050 1049/1049 1068/1068
f 1313/1313 1334/1334 1335/1335
f 1335/1335 1334/1334 1356/1356
f 1068/1068 1067/1067 1076/1076
f 1068/1068 1076/1076 1074/1074
f 1068/1068 1049/1049 1067/1067
f 1074/1074 1076/1076 1161/1161
f 1313/1313 1308/1308 1334/1334
f 1334/1334 1353/1353 1356/1356
f 1076/1076 1160/1160 1161/1161
f 1308/1308 1333/1333 1334/1334
f 1334/1334 1333/1333 1353/1353
f 1308/1308 1324/1324 1333/1333
f 1076/1076 1159/1159 1160/1160
f 1333/1333 1354/1354 1353/1353
f 1067/1067 1049/1049 1052/1052
f 1067/1067 1052/1052 1076/1076
f 1324/1324 1323/1323 1333/1333
f 1323/1323 1332/1332 1333/1333
f 1333/1333 1332/1332 1354/1354
f 1052/1052 1077/1077 1076/1076
f 1052/1052 1062/1062 1077/1077
f 1052/1052 1043/1043 1062/1062
f 1332/1332 1355/1355 1354/1354
f 1062/1062 1073/1073 1077/1077
f 1332/1332 1327/1327 1355/1355
f 1327/1327 1328/1328 1355/1355
f 1062/1062 1042/1042 1073/1073
f 1062/1062 1043/1043 1042/1042
f 1328/1328 1360/1360 1355/1355
f 1042/1042 1069/1069 1073/1073
f 1328/1328 1329/1329 1360/1360
f 1042/1042 1032/1032 1069/1069
f 2082/2082 1530/1530 1548/1548
f 2082/2082 2081/2081 1530/1530
f 1032/1032 1065/1065 1069/1069
f 1032/1032 1031/1031 1065/1065
f 2081/2081 1526/1526 1530/1530
f 1031/1031 1055/1055 1065/1065
f 1031/1031 979/979 1013/1013
f 1031/1031 1013/1013 1055/1055
f 1013/1013 978/978 1000/1000
f 1013/1013 1000/1000 1055/1055
f 1055/1055 1000/1000 1056/1056
f 1528/1528 1554/1554 1521/1521
f 1000/1000 1010/1010 1057/1057
f 1000/1000 1057/1057 1056/1056
f 1010/1010 1167/1167 1057/1057
f 1554/1554 1524/1524 1521/1521
f 1256/1256 1259/1259 1258/1258
f 1256/1256 1260/1260 1259/1259
f 2928/2928 2854/2854 2933/2933
f 2928/2928 2861/2861 2854/2854
f 2854/2854 2863/2863 2933/2933
f 2854/2854 2818/2818 2863/2863
f 3133/3133 3047/3047 3125/3125
f 3133/3133 3048/3048 3047/3047
f 2813/2813 2785/2785 2873/2873
f 2785/2785 2792/2792 2873/2873
f 3048/3048 3046/3046 3047/3047
f 3046/3046 3043/3043 3047/3047
f 3046/3046 3041/3041 3043/3043
f 3041/3041 3039/3039 3043/3043
f 3041/3041 3040/3040 3039/3039
f 3039/3039 3040/3040 3031/3031
f 3039/3039 3033/3033 3044/3044
f 3039/3039 3031/3031 3033/3033
f 3033/3033 3045/3045 3044/3044
f 3031/3031 3032/3032 3033/3033
f 3033/3033 3036/3036 3045/3045
f 3033/3033 3034/3034 3036/3036
f 3033/3033 3032/3032 3034/3034
f 3034/3034 3037/3037 3036/3036
f 3032/3032 3030/3030 3034/3034
f 3034/3034 3038/3038 3037/3037
f 3034/3034 3035/3035 3038/3038
f 3034/3034 3030/3030 3035/3035
f 3024/3024 3070/3070 3038/3038
f 3035/3035 3024/3024 3038/3038
f 3035/3035 3030/3030 3027/3027
f 3035/3035 3027/3027 3024/3024
f 3024/3024 3087/3087 3070/3070
f 3024/3024 3028/3028 3087/3087
f 3087/3087 3028/3028 3088/3088
f 3087/3087 3088/3088 3079/3079
f 3088/3088 3089/3089 3079/3079
f 3088/3088 3090/3090 3089/3089
f 3089/3089 3090/3090 3116/3116
f 1951/1951 1854/1854 1920/1920
f 3088/3088 3091/3091 3090/3090
f 3090/3090 3119/3119 3116/3116
f 3119/3119 3093/3093 3137/3137
f 3119/3119 3090/3090 3093/3093
f 3137/3137 3093/3093 3153/3153
f 3093/3093 3098/3098 3153/3153
f 3153/3153 3098/3098 3114/3114
f 3153/3153 3114/3114 3158/3158
f 3114/3114 3117/3117 3158/3158
f 3158/3158 3117/3117 3129/3129
f 3129/3129 3117/3117 3154/3154
f 3350/3350 3361/3361 3365/3365
f 3154/3154 3132/3132 3129/3129
f 3154/3154 3140/3140 3132/3132
f 3350/3350 3334/3334 3359/3359
f 3350/3350 3359/3359 3361/3361
f 3132/3132 3140/3140 3135/3135
f 3334/3334 3360/3360 3359/3359
f 3135/3135 3146/3146 3134/3134
f 3334/3334 3355/3355 3360/3360
f 3135/3135 3144/3144 3146/3146
f 3146/3146 3144/3144 3147/3147
f 3146/3146 3147/3147 3148/3148
f 3353/3353 3354/3354 3355/3355
f 3354/3354 3356/3356 3355/3355
f 3148/3148 3147/3147 3149/3149
f 2432/2432 2440/2440 2452/2452
f 2432/2432 2423/2423 2440/2440
f 2440/2440 2423/2423 2409/2409
f 2440/2440 2409/2409 2444/2444
f 2409/2409 2408/2408 2445/2445
f 2444/2444 2409/2409 2445/2445
f 2445/2445 2408/2408 2446/2446
f 2446/2446 2408/2408 2420/2420
f 3331/3331 3354/3354 3353/3353
f 2446/2446 2420/2420 2448/2448
f 2420/2420 2447/2447 2448/2448
f 2505/2505 2506/2506 2479/2479
f 2478/2478 2505/2505 2479/2479
f 2506/2506 2507/2507 2479/2479
f 2479/2479 2507/2507 2483/2483
f 2507/2507 2509/2509 2483/2483
f 1152/1152 1146/1146 1174/1174
f 1152/1152 1174/1174 1201/1201
f 1201/1201 1174/1174 1202/1202
f 1292/1292 1317/1317 1318/1318
f 1287/1287 1292/1292 1318/1318
f 1174/1174 1197/1197 1202/1202
f 1146/1146 1147/1147 1174/1174
f 1292/1292 1291/1291 1317/1317
f 1291/1291 1340/1340 1317/1317
f 1147/1147 1176/1176 1174/1174
f 1174/1174 1176/1176 1196/1196
f 1174/1174 1196/1196 1197/1197
f 1147/1147 1158/1158 1176/1176
f 1176/1176 1198/1198 1196/1196
f 1291/1291 1339/1339 1340/1340
f 1340/1340 1339/1339 1344/1344
f 1291/1291 1290/1290 1339/1339
f 1176/1176 1199/1199 1198/1198
f 1339/1339 1343/1343 1344/1344
f 1158/1158 1175/1175 1176/1176
f 1176/1176 1175/1175 1199/1199
f 1290/1290 1320/1320 1339/1339
f 1339/1339 1320/1320 1343/1343
f 1158/1158 1157/1157 1170/1170
f 1158/1158 1170/1170 1175/1175
f 1158/1158 1148/1148 1157/1157
f 1297/1297 1298/1298 1320/1320
f 1320/1320 1298/1298 1342/1342
f 1320/1320 1342/1342 1343/1343
f 1157/1157 1148/1148 1078/1078
f 1170/1170 1182/1182 1175/1175
f 1298/1298 1338/1338 1342/1342
f 1157/1157 1078/1078 1156/1156
f 1298/1298 1299/1299 1338/1338
f 1170/1170 1169/1169 1182/1182
f 1157/1157 1156/1156 1170/1170
f 1299/1299 1322/1322 1338/1338
f 1156/1156 1078/1078 1070/1070
f 1338/1338 1322/1322 1352/1352
f 1070/1070 1151/1151 1156/1156
f 1156/1156 1151/1151 1162/1162
f 1322/1322 1331/1331 1352/1352
f 1070/1070 1063/1063 1151/1151
f 1063/1063 1051/1051 1040/1040
f 1063/1063 1150/1150 1151/1151
f 1151/1151 1150/1150 1162/1162
f 1331/1331 1345/1345 1352/1352
f 2084/2084 1540/1540 1541/1541
f 2089/2089 2084/2084 1541/1541
f 1063/1063 1040/1040 1072/1072
f 1063/1063 1072/1072 1150/1150
f 2084/2084 1542/1542 1540/1540
f 2084/2084 2083/2083 1542/1542
f 1040/1040 1071/1071 1072/1072
f 1040/1040 1038/1038 1071/1071
f 1040/1040 1033/1033 1038/1038
f 1038/1038 1033/1033 1008/1008
f 1038/1038 1061/1061 1071/1071
f 2083/2083 1557/1557 1542/1542
f 1557/1557 1509/1509 1542/1542
f 1038/1038 1039/1039 1061/1061
f 1038/1038 1008/1008 1006/1006
f 1038/1038 1006/1006 1039/1039
f 1557/1557 1558/1558 1533/1533
f 1557/1557 1533/1533 1509/1509
f 1039/1039 1058/1058 1061/1061
f 1533/1533 1495/1495 1509/1509
f 1006/1006 1005/1005 1039/1039
f 1558/1558 1556/1556 1533/1533
f 1039/1039 1050/1050 1058/1058
f 1533/1533 1513/1513 1495/1495
f 1039/1039 1037/1037 1050/1050
f 1039/1039 1005/1005 1037/1037
f 1556/1556 1532/1532 1533/1533
f 1533/1533 1532/1532 1513/1513
f 1037/1037 1005/1005 1007/1007
f 1037/1037 1007/1007 1050/1050
f 1007/1007 1049/1049 1050/1050
f 1532/1532 1514/1514 1513/1513
f 1007/1007 1041/1041 1049/1049
f 1522/1522 1510/1510 1514/1514
f 1041/1041 1007/1007 998/998
f 1522/1522 1523/1523 1510/1510
f 1041/1041 1052/1052 1049/1049
f 1523/1523 1503/1503 1510/1510
f 1523/1523 1502/1502 1503/1503
f 1041/1041 1043/1043 1052/1052
f 1041/1041 998/998 995/995
f 1041/1041 995/995 1043/1043
f 1523/1523 1505/1505 1502/1502
f 1505/1505 1504/1504 1497/1497
f 995/995 993/993 1043/1043
f 1043/1043 993/993 1042/1042
f 993/993 1032/1032 1042/1042
f 1504/1504 1496/1496 1497/1497
f 993/993 992/992 1032/1032
f 1504/1504 1501/1501 1496/1496
f 992/992 1031/1031 1032/1032
f 992/992 979/979 1031/1031
f 1013/1013 979/979 978/978
f 1000/1000 978/978 960/960
f 1482/1482 1476/1476 1477/1477
f 1000/1000 981/981 1010/1010
f 1000/1000 960/960 981/981
f 981/981 1060/1060 1010/1010
f 981/981 1011/1011 1060/1060
f 2861/2861 2851/2851 2854/2854
f 1997/1997 1964/1964 1969/1969
f 2854/2854 2851/2851 2779/2779
f 2854/2854 2779/2779 2818/2818
f 2818/2818 2779/2779 2781/2781
f 2818/2818 2813/2813 2863/2863
f 2818/2818 2781/2781 2813/2813
f 2781/2781 2784/2784 2785/2785
f 2813/2813 2781/2781 2785/2785
f 2785/2785 2787/2787 2791/2791
f 2785/2785 2791/2791 2792/2792
f 2792/2792 2791/2791 2793/2793
f 2791/2791 2795/2795 2793/2793
f 3042/3042 3040/3040 3041/3041
f 2191/2191 2161/2161 2216/2216
f 2161/2161 2152/2152 2216/2216
f 2216/2216 2152/2152 2211/2211
f 2211/2211 2152/2152 2144/2144
f 2211/2211 2144/2144 2212/2212
f 2144/2144 2168/2168 2212/2212
f 3029/3029 3025/3025 3027/3027
f 3030/3030 3029/3029 3027/3027
f 3027/3027 3025/3025 3024/3024
f 3024/3024 3025/3025 3026/3026
f 1865/1865 1857/1857 1864/1864
f 1857/1857 1858/1858 1864/1864
f 3024/3024 3026/3026 3028/3028
f 3020/3020 3019/3019 3018/3018
f 3028/3028 3109/3109 3088/3088
f 3109/3109 3091/3091 3088/3088
f 3028/3028 3111/3111 3109/3109
f 3109/3109 3111/3111 3091/3091
f 1854/1854 1850/1850 1853/1853
f 1850/1850 1849/1849 1853/1853
f 3091/3091 3092/3092 3090/3090
f 3092/3092 3093/3093 3090/3090
f 3092/3092 3094/3094 3093/3093
f 3092/3092 3095/3095 3094/3094
f 3094/3094 3098/3098 3093/3093
f 3094/3094 3097/3097 3098/3098
f 3094/3094 3095/3095 3097/3097
f 3098/3098 3097/3097 3114/3114
f 3097/3097 3117/3117 3114/3114
f 3097/3097 3099/3099 3117/3117
f 3101/3101 3154/3154 3117/3117
f 3099/3099 3101/3101 3117/3117
f 3154/3154 3101/3101 3140/3140
f 3101/3101 3107/3107 3140/3140
f 3140/3140 3107/3107 3120/3120
f 3120/3120 3121/3121 3139/3139
f 2024/2024 1976/1976 1993/1993
f 3139/3139 3144/3144 3135/3135
f 3139/3139 3121/3121 3144/3144
f 2069/2069 2009/2009 2024/2024
f 2439/2439 2425/2425 2437/2437
f 2425/2425 2423/2423 2432/2432
f 2437/2437 2425/2425 2432/2432
f 2423/2423 2407/2407 2409/2409
f 2407/2407 2403/2403 2409/2409
f 2403/2403 2402/2402 2409/2409
f 2409/2409 2402/2402 2408/2408
f 2408/2408 2402/2402 2401/2401
f 2408/2408 2401/2401 2405/2405
f 2408/2408 2405/2405 2420/2420
f 2420/2420 2405/2405 2430/2430
f 2420/2420 2430/2430 2447/2447
f 2299/2299 2263/2263 2266/2266
f 2266/2266 2263/2263 2248/2248
f 2266/2266 2248/2248 2261/2261
f 2248/2248 2254/2254 2261/2261
f 2261/2261 2254/2254 2257/2257
f 2306/2306 2300/2300 2299/2299
f 2300/2300 2292/2292 2263/2263
f 2299/2299 2300/2300 2263/2263
f 2292/2292 2247/2247 2263/2263
f 2263/2263 2247/2247 2248/2248
f 2254/2254 2255/2255 2257/2257
f 2300/2300 2308/2308 2301/2301
f 2300/2300 2301/2301 2292/2292
f 2248/2248 2252/2252 2254/2254
f 2254/2254 2252/2252 2255/2255
f 2247/2247 2246/2246 2248/2248
f 2248/2248 2246/2246 2252/2252
f 2301/2301 2243/2243 2292/2292
f 2292/2292 2243/2243 2247/2247
f 2247/2247 2243/2243 2246/2246
f 2246/2246 2251/2251 2252/2252
f 2301/2301 2302/2302 2243/2243
f 2246/2246 2249/2249 2251/2251
f 2302/2302 2296/2296 2243/2243
f 2243/2243 2240/2240 2246/2246
f 2246/2246 2240/2240 2249/2249
f 2296/2296 2238/2238 2243/2243
f 2243/2243 2238/2238 2240/2240
f 2302/2302 2297/2297 2296/2296
f 2238/2238 2239/2239 2240/2240
f 2240/2240 2239/2239 2249/2249
f 2302/2302 2303/2303 2297/2297
f 2296/2296 2297/2297 2238/2238
f 2249/2249 2239/2239 2250/2250
f 2249/2249 2250/2250 2259/2259
f 2238/2238 2241/2241 2239/2239
f 2297/2297 2290/2290 2238/2238
f 2239/2239 2241/2241 2250/2250
f 2303/2303 2304/2304 2290/2290
f 2303/2303 2290/2290 2297/2297
f 2290/2290 2242/2242 2238/2238
f 2238/2238 2242/2242 2241/2241
f 2250/2250 2256/2256 2259/2259
f 2241/2241 2256/2256 2250/2250
f 2290/2290 2245/2245 2242/2242
f 2242/2242 2245/2245 2244/2244
f 2242/2242 2244/2244 2241/2241
f 2304/2304 2305/2305 2298/2298
f 2304/2304 2298/2298 2290/2290
f 2298/2298 2291/2291 2290/2290
f 2290/2290 2291/2291 2245/2245
f 2244/2244 2253/2253 2241/2241
f 2241/2241 2253/2253 2258/2258
f 2241/2241 2258/2258 2256/2256
f 2305/2305 2293/2293 2298/2298
f 2305/2305 2312/2312 2293/2293
f 2298/2298 2293/2293 2291/2291
f 2291/2291 2293/2293 2267/2267
f 2291/2291 2267/2267 2245/2245
f 2245/2245 2267/2267 2244/2244
f 2267/2267 2294/2294 2253/2253
f 2244/2244 2267/2267 2253/2253
f 1171/1171 1059/1059 1152/1152
f 1171/1171 1152/1152 1208/1208
f 1208/1208 1152/1152 1203/1203
f 2485/2485 2478/2478 2481/2481
f 2483/2483 2509/2509 2486/2486
f 2509/2509 2510/2510 2486/2486
f 1048/1048 1064/1064 1059/1059
f 1059/1059 1064/1064 1146/1146
f 1059/1059 1146/1146 1152/1152
f 2090/2090 2086/2086 1529/1529
f 1012/1012 1014/1014 1048/1048
f 1048/1048 1046/1046 1064/1064
f 1048/1048 1014/1014 1046/1046
f 1358/1358 1340/1340 1344/1344
f 2085/2085 1534/1534 1529/1529
f 2086/2086 2085/2085 1529/1529
f 1064/1064 1147/1147 1146/1146
f 1046/1046 1066/1066 1064/1064
f 1064/1064 1066/1066 1147/1147
f 2085/2085 2088/2088 1534/1534
f 1046/1046 1045/1045 1066/1066
f 2088/2088 1551/1551 1534/1534
f 1551/1551 1519/1519 1517/1517
f 1534/1534 1551/1551 1517/1517
f 1066/1066 1148/1148 1147/1147
f 1147/1147 1148/1148 1158/1158
f 1551/1551 1520/1520 1519/1519
f 2088/2088 1553/1553 1551/1551
f 1551/1551 1553/1553 1520/1520
f 1045/1045 1044/1044 1066/1066
f 1066/1066 1078/1078 1148/1148
f 1044/1044 1054/1054 1066/1066
f 1066/1066 1054/1054 1078/1078
f 1553/1553 1516/1516 1520/1520
f 1338/1338 1357/1357 1342/1342
f 1553/1553 1552/1552 1516/1516
f 1044/1044 1017/1017 1034/1034
f 1044/1044 1034/1034 1054/1054
f 1054/1054 1070/1070 1078/1078
f 1034/1034 1051/1051 1054/1054
f 1054/1054 1051/1051 1070/1070
f 1552/1552 1541/1541 1516/1516
f 1541/1541 1515/1515 1516/1516
f 1051/1051 1063/1063 1070/1070
f 1034/1034 1004/1004 1051/1051
f 1034/1034 1003/1003 1004/1004
f 1541/1541 1512/1512 1515/1515
f 1004/1004 1040/1040 1051/1051
f 1004/1004 1001/1001 1040/1040
f 1001/1001 1033/1033 1040/1040
f 1001/1001 999/999 1033/1033
f 999/999 1008/1008 1033/1033
f 1008/1008 999/999 987/987
f 1008/1008 987/987 1006/1006
f 987/987 985/985 1006/1006
f 1495/1495 1492/1492 1491/1491
f 984/984 1005/1005 1006/1006
f 1006/1006 985/985 984/984
f 984/984 983/983 1005/1005
f 986/986 1007/1007 1005/1005
f 983/983 986/986 1005/1005
f 1514/1514 1494/1494 1493/1493
f 986/986 998/998 1007/1007
f 986/986 977/977 998/998
f 986/986 982/982 977/977
f 977/977 995/995 998/998
f 977/977 975/975 995/995
f 975/975 976/976 993/993
f 995/995 975/975 993/993
f 1496/1496 1466/1466 1497/1497
f 976/976 992/992 993/993
f 976/976 974/974 992/992
f 1496/1496 1479/1479 1466/1466
f 992/992 974/974 961/961
f 961/961 979/979 992/992
f 1479/1479 1485/1485 1458/1458
f 961/961 959/959 979/979
f 1485/1485 1451/1451 1458/1458
f 979/979 959/959 978/978
f 959/959 953/953 978/978
f 978/978 953/953 960/960
f 1477/1477 1437/1437 1451/1451
f 962/962 981/981 960/960
f 960/960 954/954 962/962
f 962/962 1011/1011 981/981
f 2861/2861 2815/2815 2816/2816
f 2861/2861 2816/2816 2851/2851
f 2851/2851 2816/2816 2779/2779
f 1922/1922 1889/1889 1891/1891
f 2782/2782 2783/2783 2781/2781
f 2781/2781 2783/2783 2784/2784
f 2784/2784 2783/2783 2786/2786
f 2187/2187 2166/2166 2165/2165
f 2209/2209 2165/2165 2205/2205
f 2161/2161 2150/2150 2132/2132
f 2161/2161 2132/2132 2152/2152
f 2152/2152 2132/2132 2131/2131
f 2152/2152 2131/2131 2113/2113
f 2113/2113 2098/2098 2144/2144
f 2152/2152 2113/2113 2144/2144
f 2098/2098 2099/2099 2144/2144
f 2144/2144 2099/2099 2102/2102
f 3018/3018 3019/3019 3014/3014
f 3018/3018 3014/3014 3013/3013
f 3013/3013 3014/3014 3015/3015
f 3111/3111 3108/3108 3091/3091
f 3013/3013 3015/3015 3016/3016
f 3108/3108 3092/3092 3091/3091
f 3108/3108 3106/3106 3092/3092
f 3015/3015 3021/3021 3017/3017
f 3016/3016 3015/3015 3017/3017
f 3106/3106 3102/3102 3092/3092
f 3102/3102 3095/3095 3092/3092
f 3102/3102 3096/3096 3095/3095
f 3096/3096 3097/3097 3095/3095
f 3102/3102 3103/3103 3096/3096
f 3106/3106 3113/3113 3103/3103
f 3102/3102 3106/3106 3103/3103
f 3103/3103 3100/3100 3096/3096
f 3096/3096 3100/3100 3099/3099
f 3096/3096 3099/3099 3097/3097
f 3100/3100 3101/3101 3099/3099
f 3103/3103 3104/3104 3100/3100
f 3103/3103 3110/3110 3104/3104
f 3100/3100 3104/3104 3101/3101
f 3104/3104 3105/3105 3101/3101
f 3101/3101 3105/3105 3107/3107
f 1838/1838 1839/1839 1840/1840
f 3105/3105 3120/3120 3107/3107
f 3105/3105 3121/3121 3120/3120
f 3105/3105 3126/3126 3121/3121
f 3121/3121 3126/3126 3145/3145
f 3121/3121 3145/3145 3144/3144
f 2439/2439 2424/2424 2425/2425
f 2423/2423 2425/2425 2406/2406
f 2423/2423 2406/2406 2407/2407
f 2405/2405 2410/2410 2430/2430
f 2447/2447 2430/2430 2451/2451
f 2315/2315 2306/2306 2299/2299
f 2257/2257 2275/2275 2276/2276
f 2315/2315 2316/2316 2306/2306
f 2257/2257 2255/2255 2274/2274
f 2257/2257 2274/2274 2275/2275
f 2306/2306 2308/2308 2300/2300
f 2316/2316 2313/2313 2306/2306
f 2306/2306 2313/2313 2308/2308
f 2255/2255 2273/2273 2274/2274
f 2313/2313 2317/2317 2310/2310
f 2313/2313 2310/2310 2308/2308
f 2252/2252 2264/2264 2255/2255
f 2255/2255 2264/2264 2273/2273
f 2310/2310 2307/2307 2308/2308
f 2308/2308 2307/2307 2301/2301
f 2252/2252 2251/2251 2264/2264
f 2307/2307 2302/2302 2301/2301
f 2251/2251 2249/2249 2265/2265
f 2251/2251 2265/2265 2264/2264
f 2264/2264 2265/2265 2272/2272
f 2264/2264 2272/2272 2273/2273
f 2317/2317 2318/2318 2310/2310
f 2310/2310 2302/2302 2307/2307
f 2318/2318 2309/2309 2310/2310
f 2310/2310 2309/2309 2302/2302
f 2265/2265 2259/2259 2272/2272
f 2318/2318 2319/2319 2309/2309
f 2309/2309 2303/2303 2302/2302
f 2259/2259 2271/2271 2272/2272
f 2259/2259 2262/2262 2271/2271
f 2319/2319 2320/2320 2309/2309
f 2309/2309 2304/2304 2303/2303
f 2262/2262 2270/2270 2271/2271
f 2320/2320 2311/2311 2309/2309
f 2320/2320 2321/2321 2311/2311
f 2311/2311 2305/2305 2304/2304
f 2309/2309 2311/2311 2304/2304
f 2262/2262 2258/2258 2270/2270
f 2258/2258 2269/2269 2270/2270
f 2258/2258 2260/2260 2268/2268
f 2258/2258 2268/2268 2269/2269
f 2311/2311 2321/2321 2314/2314
f 2311/2311 2314/2314 2312/2312
f 2311/2311 2312/2312 2305/2305
f 2260/2260 2295/2295 2268/2268
f 1047/1047 1012/1012 1048/1048
f 1047/1047 1048/1048 1059/1059
f 989/989 1014/1014 1012/1012
f 1014/1014 1015/1015 1046/1046
f 1517/1517 1498/1498 1483/1483
f 1015/1015 1045/1045 1046/1046
f 1517/1517 1519/1519 1498/1498
f 1015/1015 1017/1017 1045/1045
f 1519/1519 1499/1499 1498/1498
f 1015/1015 1009/1009 1017/1017
f 1017/1017 1044/1044 1045/1045
f 1017/1017 1009/1009 1003/1003
f 1017/1017 1003/1003 1034/1034
f 1506/1506 1515/1515 1511/1511
f 1512/1512 1488/1488 1511/1511
f 1003/1003 1002/1002 1004/1004
f 1512/1512 1507/1507 1488/1488
f 1002/1002 1001/1001 1004/1004
f 1001/1001 1002/1002 969/969
f 1001/1001 969/969 999/999
f 999/999 969/969 968/968
f 968/968 987/987 999/999
f 968/968 966/966 987/987
f 987/987 966/966 985/985
f 966/966 967/967 985/985
f 985/985 967/967 984/984
f 967/967 983/983 984/984
f 967/967 965/965 983/983
f 983/983 965/965 986/986
f 986/986 965/965 956/956
f 986/986 956/956 982/982
f 1486/1486 1462/1462 1463/1463
f 982/982 956/956 977/977
f 1484/1484 1468/1468 1462/1462
f 1486/1486 1484/1484 1462/1462
f 956/956 902/902 977/977
f 1484/1484 1469/1469 1468/1468
f 977/977 902/902 975/975
f 975/975 902/902 905/905
f 1470/1470 1481/1481 1467/1467
f 975/975 905/905 976/976
f 976/976 905/905 907/907
f 1481/1481 1466/1466 1467/1467
f 907/907 921/921 974/974
f 976/976 907/907 974/974
f 974/974 921/921 918/918
f 974/974 918/918 961/961
f 918/918 920/920 961/961
f 961/961 920/920 959/959
f 959/959 920/920 953/953
f 920/920 943/943 953/953
f 954/954 960/960 953/953
f 953/953 943/943 954/954
f 954/954 963/963 962/962
f 962/962 963/963 1011/1011
f 2816/2816 2777/2777 2779/2779
f 2777/2777 2778/2778 2779/2779
f 2779/2779 2778/2778 2781/2781
f 2781/2781 2778/2778 2782/2782
f 2192/2192 2200/2200 2164/2164
f 2164/2164 2162/2162 2166/2166
f 2192/2192 2164/2164 2166/2166
f 2150/2150 2145/2145 2132/2132
f 2133/2133 2129/2129 2131/2131
f 2113/2113 2114/2114 2112/2112
f 2112/2112 2097/2097 2098/2098
f 2107/2107 2109/2109 2186/2186
f 2186/2186 2109/2109 2190/2190
f 2190/2190 2109/2109 2116/2116
f 2190/2190 2116/2116 2153/2153
f 2190/2190 2153/2153 2222/2222
f 2222/2222 2153/2153 2223/2223
f 2223/2223 2153/2153 2154/2154
f 3021/3021 3022/3022 3017/3017
f 3017/3017 3022/3022 3023/3023
f 3127/3127 3113/3113 3106/3106
f 3127/3127 3159/3159 3113/3113
f 3112/3112 3110/3110 3103/3103
f 3113/3113 3112/3112 3103/3103
f 3113/3113 3159/3159 3112/3112
f 2155/2155 2230/2230 2231/2231
f 3112/3112 3138/3138 3110/3110
f 1838/1838 1836/1836 1839/1839
f 3110/3110 3115/3115 3104/3104
f 3138/3138 3155/3155 3115/3115
f 3110/3110 3138/3138 3115/3115
f 3104/3104 3115/3115 3105/3105
f 3115/3115 3126/3126 3105/3105
f 3115/3115 3155/3155 3126/3126
f 2453/2453 2435/2435 2439/2439
f 2439/2439 2435/2435 2424/2424
f 2424/2424 2418/2418 2425/2425
f 2425/2425 2418/2418 2406/2406
f 2410/2410 2450/2450 2451/2451
f 2430/2430 2410/2410 2451/2451
f 2406/2406 2397/2397 2407/2407
f 2407/2407 2397/2397 2403/2403
f 2403/2403 2397/2397 2384/2384
f 2403/2403 2384/2384 2402/2402
f 2384/2384 2386/2386 2401/2401
f 2402/2402 2384/2384 2401/2401
f 2401/2401 2386/2386 2405/2405
f 2386/2386 2399/2399 2405/2405
f 2405/2405 2399/2399 2410/2410
f 2329/2329 2328/2328 2315/2315
f 2275/2275 2289/2289 2288/2288
f 2322/2322 2316/2316 2315/2315
f 2328/2328 2322/2322 2315/2315
f 2328/2328 2332/2332 2322/2322
f 2275/2275 2274/2274 2286/2286
f 2275/2275 2286/2286 2289/2289
f 2322/2322 2313/2313 2316/2316
f 2322/2322 2332/2332 2323/2323
f 2322/2322 2317/2317 2313/2313
f 2322/2322 2323/2323 2317/2317
f 2273/2273 2277/2277 2279/2279
f 2273/2273 2272/2272 2277/2277
f 2323/2323 2318/2318 2317/2317
f 2272/2272 2278/2278 2277/2277
f 2323/2323 2324/2324 2318/2318
f 2324/2324 2325/2325 2318/2318
f 2325/2325 2319/2319 2318/2318
f 2272/2272 2271/2271 2278/2278
f 2271/2271 2283/2283 2278/2278
f 2325/2325 2320/2320 2319/2319
f 2271/2271 2270/2270 2283/2283
f 2270/2270 2285/2285 2283/2283
f 2325/2325 2337/2337 2326/2326
f 2325/2325 2326/2326 2320/2320
f 2326/2326 2337/2337 2338/2338
f 2326/2326 2321/2321 2320/2320
f 2338/2338 2327/2327 2326/2326
f 2270/2270 2269/2269 2281/2281
f 2270/2270 2281/2281 2285/2285
f 2326/2326 2327/2327 2321/2321
f 2269/2269 2268/2268 2280/2280
f 2269/2269 2280/2280 2281/2281
f 2327/2327 2331/2331 2321/2321
f 2327/2327 2341/2341 2331/2331
f 2282/2282 2287/2287 2280/2280
f 2268/2268 2282/2282 2280/2280
f 994/994 1012/1012 1047/1047
f 994/994 989/989 1012/1012
f 994/994 973/973 989/989
f 973/973 972/972 989/989
f 989/989 990/990 1014/1014
f 989/989 971/971 990/990
f 990/990 1015/1015 1014/1014
f 990/990 971/971 970/970
f 990/990 1009/1009 1015/1015
f 970/970 964/964 990/990
f 990/990 988/988 1009/1009
f 990/990 964/964 988/988
f 1457/1457 1487/1487 1456/1456
f 988/988 1003/1003 1009/1009
f 958/958 957/957 988/988
f 988/988 980/980 1003/1003
f 988/988 957/957 980/980
f 1487/1487 1455/1455 1456/1456
f 1487/1487 1488/1488 1455/1455
f 980/980 969/969 1003/1003
f 980/980 940/940 969/969
f 969/969 1002/1002 1003/1003
f 940/940 955/955 969/969
f 1488/1488 1460/1460 1455/1455
f 969/969 955/955 934/934
f 969/969 934/934 968/968
f 968/968 934/934 933/933
f 933/933 966/966 968/968
f 1489/1489 1461/1461 1460/1460
f 933/933 927/927 966/966
f 927/927 967/967 966/966
f 927/927 916/916 967/967
f 916/916 965/965 967/967
f 916/916 924/924 910/910
f 916/916 909/909 965/965
f 916/916 910/910 909/909
f 909/909 956/956 965/965
f 909/909 910/910 903/903
f 909/909 902/902 956/956
f 909/909 903/903 902/902
f 902/902 903/903 904/904
f 902/902 904/904 905/905
f 904/904 906/906 905/905
f 905/905 906/906 907/907
f 907/907 906/906 908/908
f 907/907 908/908 921/921
f 921/921 908/908 918/918
f 908/908 917/917 918/918
f 918/918 919/919 920/920
f 918/918 917/917 919/919
f 919/919 943/943 920/920
f 943/943 1024/1024 954/954
f 1401/1401 1403/1403 1402/1402
f 1024/1024 1087/1087 963/963
f 954/954 1024/1024 963/963
f 2815/2815 2812/2812 2773/2773
f 2816/2816 2773/2773 2777/2777
f 2777/2777 2776/2776 2778/2778
f 2778/2778 2776/2776 2788/2788
f 2778/2778 2788/2788 2782/2782
f 2782/2782 2788/2788 2796/2796
f 2200/2200 2201/2201 2184/2184
f 2200/2200 2184/2184 2164/2164
f 2166/2166 2162/2162 2151/2151
f 2145/2145 2139/2139 2132/2132
f 2132/2132 2139/2139 2133/2133
f 2155/2155 2124/2124 2134/2134
f 2155/2155 2134/2134 2193/2193
f 2155/2155 2193/2193 2230/2230
f 2230/2230 2193/2193 2196/2196
f 2230/2230 2196/2196 2236/2236
f 2454/2454 2438/2438 2453/2453
f 2455/2455 2454/2454 2453/2453
f 2453/2453 2438/2438 2435/2435
f 1976/1976 1999/1999 1947/1947
f 2438/2438 2426/2426 2435/2435
f 2435/2435 2426/2426 2424/2424
f 2424/2424 2426/2426 2411/2411
f 2424/2424 2411/2411 2418/2418
f 2410/2410 2443/2443 2450/2450
f 2418/2418 2411/2411 2406/2406
f 2406/2406 2411/2411 2393/2393
f 2406/2406 2393/2393 2397/2397
f 2397/2397 2393/2393 2385/2385
f 2397/2397 2385/2385 2384/2384
f 2329/2329 2340/2340 2328/2328
f 2340/2340 2336/2336 2332/2332
f 2328/2328 2340/2340 2332/2332
f 2332/2332 2333/2333 2323/2323
f 2332/2332 2336/2336 2333/2333
f 2336/2336 2335/2335 2333/2333
f 3484/3484 3483/3483 3482/3482
f 2333/2333 2324/2324 2323/2323
f 2333/2333 2335/2335 2324/2324
f 2335/2335 2325/2325 2324/2324
f 2335/2335 2337/2337 2325/2325
f 2337/2337 2345/2345 2338/2338
f 2345/2345 2346/2346 2338/2338
f 2338/2338 2339/2339 2327/2327
f 2338/2338 2346/2346 2339/2339
f 3486/3486 3491/3491 3485/3485
f 2339/2339 2341/2341 2327/2327
f 2339/2339 2346/2346 2341/2341
f 2504/2504 2492/2492 2511/2511
f 994/994 1128/1128 991/991
f 994/994 991/991 973/973
f 1448/1448 1439/1439 1440/1440
f 972/972 971/971 989/989
f 1448/1448 1447/1447 1439/1439
f 958/958 988/988 964/964
f 957/957 940/940 980/980
f 940/940 936/936 955/955
f 936/936 932/932 955/955
f 955/955 932/932 934/934
f 934/934 931/931 933/933
f 931/931 928/928 933/933
f 933/933 928/928 927/927
f 1446/1446 1426/1426 1427/1427
f 927/927 928/928 926/926
f 926/926 925/925 916/916
f 927/927 926/926 916/916
f 1426/1426 1414/1414 1411/1411
f 916/916 925/925 924/924
f 924/924 925/925 923/923
f 923/923 915/915 910/910
f 924/924 923/923 910/910
f 910/910 915/915 912/912
f 910/910 912/912 903/903
f 903/903 912/912 911/911
f 903/903 911/911 904/904
f 904/904 911/911 913/913
f 904/904 913/913 906/906
f 906/906 913/913 908/908
f 913/913 914/914 908/908
f 914/914 922/922 917/917
f 908/908 914/914 917/917
f 922/922 1029/1029 919/919
f 917/917 922/922 919/919
f 919/919 1029/1029 943/943
f 1029/1029 1086/1086 943/943
f 943/943 1086/1086 1024/1024
f 1024/1024 1086/1086 1087/1087
f 1087/1087 1117/1117 963/963
f 2811/2811 2751/2751 2812/2812
f 2812/2812 2751/2751 2773/2773
f 2773/2773 2772/2772 2777/2777
f 2772/2772 2775/2775 2776/2776
f 2777/2777 2772/2772 2776/2776
f 2776/2776 2775/2775 2789/2789
f 2776/2776 2789/2789 2788/2788
f 2788/2788 2789/2789 2821/2821
f 2788/2788 2821/2821 2796/2796
f 2796/2796 2821/2821 2831/2831
f 2201/2201 2183/2183 2184/2184
f 2197/2197 2185/2185 2163/2163
f 2183/2183 2197/2197 2163/2163
f 2114/2114 2130/2130 2115/2115
f 2128/2128 2172/2172 2136/2136
f 2134/2134 2141/2141 2156/2156
f 2156/2156 2218/2218 2196/2196
f 2454/2454 2458/2458 2438/2438
f 2458/2458 2434/2434 2438/2438
f 1999/1999 1950/1950 1947/1947
f 2438/2438 2434/2434 2426/2426
f 2434/2434 2428/2428 2426/2426
f 2426/2426 2428/2428 2412/2412
f 2426/2426 2412/2412 2411/2411
f 2443/2443 2449/2449 2450/2450
f 2393/2393 2392/2392 2382/2382
f 2393/2393 2382/2382 2385/2385
f 2385/2385 2382/2382 2384/2384
f 2384/2384 2383/2383 2386/2386
f 2386/2386 2387/2387 2399/2399
f 2399/2399 2404/2404 2414/2414
f 2399/2399 2414/2414 2410/2410
f 2379/2379 2289/2289 2381/2381
f 2350/2350 2349/2349 2336/2336
f 2340/2340 2350/2350 2336/2336
f 3488/3488 3475/3475 3479/3479
f 2336/2336 2349/2349 2342/2342
f 2342/2342 2335/2335 2336/2336
f 2342/2342 2347/2347 2335/2335
f 2335/2335 2347/2347 2348/2348
f 2335/2335 2348/2348 2343/2343
f 2343/2343 2337/2337 2335/2335
f 2343/2343 2344/2344 2337/2337
f 2344/2344 2345/2345 2337/2337
f 2344/2344 2353/2353 2345/2345
f 2353/2353 2346/2346 2345/2345
f 2346/2346 2351/2351 2341/2341
f 2493/2493 2494/2494 2512/2512
f 1030/1030 991/991 1128/1128
f 1030/1030 952/952 991/991
f 991/991 952/952 973/973
f 1531/1531 1440/1440 1444/1444
f 952/952 951/951 973/973
f 973/973 951/951 972/972
f 972/972 951/951 948/948
f 972/972 948/948 971/971
f 971/971 948/948 947/947
f 971/971 947/947 970/970
f 970/970 947/947 945/945
f 970/970 945/945 964/964
f 1442/1442 1421/1421 1428/1428
f 964/964 945/945 942/942
f 964/964 942/942 958/958
f 1442/1442 1435/1435 1421/1421
f 942/942 939/939 958/958
f 958/958 939/939 957/957
f 957/957 939/939 940/940
f 939/939 937/937 940/940
f 940/940 937/937 936/936
f 937/937 935/935 936/936
f 936/936 935/935 932/932
f 1434/1434 1445/1445 1425/1425
f 932/932 935/935 930/930
f 932/932 931/931 934/934
f 932/932 930/930 931/931
f 1445/1445 1427/1427 1425/1425
f 931/931 930/930 928/928
f 930/930 929/929 928/928
f 928/928 929/929 926/926
f 929/929 1028/1028 926/926
f 926/926 1028/1028 925/925
f 915/915 1035/1035 912/912
f 1035/1035 1036/1036 912/912
f 912/912 1036/1036 911/911
f 911/911 1036/1036 1085/1085
f 911/911 1085/1085 913/913
f 1085/1085 1083/1083 913/913
f 913/913 1083/1083 914/914
f 1083/1083 1089/1089 914/914
f 914/914 1089/1089 922/922
f 1395/1395 1397/1397 1396/1396
f 1089/1089 1095/1095 922/922
f 922/922 1095/1095 1029/1029
f 1029/1029 1095/1095 1086/1086
f 1086/1086 1095/1095 1111/1111
f 1086/1086 1111/1111 1113/1113
f 1086/1086 1113/1113 1087/1087
f 1562/1562 1561/1561 1404/1404
f 2811/2811 2742/2742 2751/2751
f 2775/2775 2790/2790 2789/2789
f 2789/2789 2790/2790 2821/2821
f 2821/2821 2824/2824 2831/2831
f 2831/2831 2824/2824 2829/2829
f 2829/2829 2824/2824 2825/2825
f 2197/2197 2206/2206 2185/2185
f 2185/2185 2206/2206 2160/2160
f 2206/2206 2194/2194 2160/2160
f 2160/2160 2194/2194 2158/2158
f 2158/2158 2194/2194 2181/2181
f 2158/2158 2181/2181 2146/2146
f 2149/2149 2195/2195 2130/2130
f 2130/2130 2195/2195 2143/2143
f 2143/2143 2195/2195 2224/2224
f 2143/2143 2224/2224 2220/2220
f 2143/2143 2220/2220 2119/2119
f 2220/2220 2210/2210 2119/2119
f 2119/2119 2210/2210 2118/2118
f 2118/2118 2210/2210 2101/2101
f 2210/2210 2208/2208 2101/2101
f 2101/2101 2208/2208 2189/2189
f 2101/2101 2189/2189 2104/2104
f 2189/2189 2188/2188 2104/2104
f 2104/2104 2188/2188 2110/2110
f 2110/2110 2188/2188 2167/2167
f 2110/2110 2167/2167 2120/2120
f 2120/2120 2167/2167 2169/2169
f 2120/2120 2169/2169 2170/2170
f 2169/2169 2171/2171 2170/2170
f 2170/2170 2171/2171 2174/2174
f 2170/2170 2174/2174 2173/2173
f 2177/2177 2199/2199 2137/2137
f 2176/2176 2177/2177 2137/2137
f 2137/2137 2207/2207 2138/2138
f 2127/2127 2203/2203 2140/2140
f 2203/2203 2202/2202 2140/2140
f 2202/2202 2214/2214 2142/2142
f 2140/2140 2202/2202 2142/2142
f 2142/2142 2214/2214 2157/2157
f 2907/2907 2897/2897 2906/2906
f 2907/2907 2906/2906 2908/2908
f 2908/2908 2906/2906 2913/2913
f 2908/2908 2913/2913 2935/2935
f 2443/2443 2414/2414 2449/2449
f 2449/2449 2464/2464 2450/2450
f 2412/2412 2398/2398 2393/2393
f 2411/2411 2412/2412 2393/2393
f 2393/2393 2398/2398 2392/2392
f 2382/2382 2383/2383 2384/2384
f 2383/2383 2387/2387 2386/2386
f 2387/2387 2394/2394 2399/2399
f 2399/2399 2394/2394 2404/2404
f 2352/2352 2350/2350 2340/2340
f 2350/2350 2357/2357 2349/2349
f 2357/2357 2356/2356 2349/2349
f 2349/2349 2347/2347 2342/2342
f 2349/2349 2356/2356 2347/2347
f 2356/2356 2355/2355 2347/2347
f 2347/2347 2355/2355 2348/2348
f 2355/2355 2354/2354 2343/2343
f 2348/2348 2355/2355 2343/2343
f 2343/2343 2354/2354 2344/2344
f 2353/2353 2358/2358 2346/2346
f 2346/2346 2358/2358 2359/2359
f 2346/2346 2359/2359 2351/2351
f 1030/1030 1184/1184 1053/1053
f 1030/1030 1053/1053 952/952
f 952/952 950/950 951/951
f 951/951 950/950 948/948
f 950/950 949/949 948/948
f 948/948 949/949 947/947
f 949/949 946/946 947/947
f 946/946 945/945 947/947
f 946/946 944/944 945/945
f 945/945 944/944 942/942
f 942/942 944/944 941/941
f 942/942 941/941 939/939
f 939/939 941/941 938/938
f 939/939 938/938 937/937
f 937/937 938/938 935/935
f 935/935 938/938 1025/1025
f 935/935 1025/1025 930/930
f 1028/1028 1081/1081 925/925
f 1081/1081 1080/1080 925/925
f 925/925 1080/1080 923/923
f 923/923 1080/1080 915/915
f 1080/1080 1091/1091 915/915
f 915/915 1091/1091 1035/1035
f 1035/1035 1108/1108 1036/1036
f 1108/1108 1098/1098 1036/1036
f 1097/1097 1085/1085 1036/1036
f 1036/1036 1098/1098 1097/1097
f 1097/1097 1096/1096 1085/1085
f 1085/1085 1096/1096 1083/1083
f 1096/1096 1094/1094 1083/1083
f 1083/1083 1094/1094 1089/1089
f 1089/1089 1094/1094 1107/1107
f 1107/1107 1106/1106 1089/1089
f 1089/1089 1106/1106 1095/1095
f 1095/1095 1106/1106 1116/1116
f 1095/1095 1116/1116 1111/1111
f 1087/1087 1113/1113 1130/1130
f 2742/2742 2750/2750 2751/2751
f 1562/1562 1563/1563 1561/1561
f 2751/2751 2769/2769 2773/2773
f 2769/2769 2770/2770 2772/2772
f 2772/2772 2770/2770 2774/2774
f 2772/2772 2774/2774 2775/2775
f 2775/2775 2774/2774 2790/2790
f 2774/2774 2794/2794 2790/2790
f 2790/2790 2794/2794 2822/2822
f 2790/2790 2822/2822 2821/2821
f 2821/2821 2822/2822 2823/2823
f 2821/2821 2823/2823 2824/2824
f 2823/2823 2826/2826 2825/2825
f 2824/2824 2823/2823 2825/2825
f 2825/2825 2826/2826 2827/2827
f 2827/2827 2826/2826 2828/2828
f 2827/2827 2828/2828 2830/2830
f 2830/2830 2832/2832 2833/2833
f 2833/2833 2832/2832 2834/2834
f 2832/2832 2835/2835 2834/2834
f 2834/2834 2835/2835 2836/2836
f 2835/2835 2837/2837 2836/2836
f 2836/2836 2837/2837 2838/2838
f 2837/2837 2840/2840 2839/2839
f 2838/2838 2837/2837 2839/2839
f 2839/2839 2840/2840 2841/2841
f 2840/2840 2842/2842 2841/2841
f 2841/2841 2842/2842 2843/2843
f 2843/2843 2842/2842 2844/2844
f 2843/2843 2844/2844 2845/2845
f 2845/2845 2844/2844 2846/2846
f 2188/2188 2233/2233 2167/2167
f 2167/2167 2233/2233 2229/2229
f 2167/2167 2229/2229 2179/2179
f 2179/2179 2229/2229 2204/2204
f 2179/2179 2204/2204 2171/2171
f 2171/2171 2204/2204 2174/2174
f 2174/2174 2204/2204 2227/2227
f 2174/2174 2227/2227 2226/2226
f 2174/2174 2226/2226 2175/2175
f 2226/2226 2178/2178 2175/2175
f 2177/2177 2235/2235 2234/2234
f 2177/2177 2234/2234 2199/2199
f 2199/2199 2234/2234 2228/2228
f 2207/2207 2215/2215 2138/2138
f 2138/2138 2215/2215 2213/2213
f 2138/2138 2213/2213 2127/2127
f 2213/2213 2217/2217 2127/2127
f 2905/2905 2926/2926 2904/2904
f 2905/2905 2904/2904 2903/2903
f 2904/2904 2902/2902 2903/2903
f 2903/2903 2902/2902 2900/2900
f 2902/2902 2901/2901 2900/2900
f 2901/2901 2898/2898 2900/2900
f 2900/2900 2898/2898 2899/2899
f 2899/2899 2898/2898 2897/2897
f 2913/2913 2922/2922 2935/2935
f 2434/2434 2436/2436 2428/2428
f 2383/2383 2388/2388 2387/2387
f 2352/2352 2364/2364 2362/2362
f 2352/2352 2362/2362 2350/2350
f 3480/3480 3464/3464 3463/3463
f 2350/2350 2362/2362 2360/2360
f 2350/2350 2360/2360 2357/2357
f 2357/2357 2360/2360 2356/2356
f 2354/2354 2361/2361 2363/2363
f 2354/2354 2353/2353 2344/2344
f 2354/2354 2363/2363 2353/2353
f 2363/2363 2358/2358 2353/2353
f 952/952 1053/1053 1018/1018
f 1018/1018 1019/1019 950/950
f 952/952 1018/1018 950/950
f 1019/1019 996/996 950/950
f 1438/1438 1429/1429 1471/1471
f 950/950 996/996 949/949
f 996/996 997/997 949/949
f 949/949 997/997 946/946
f 946/946 997/997 944/944
f 944/944 997/997 1023/1023
f 944/944 1023/1023 1020/1020
f 944/944 1020/1020 941/941
f 941/941 1020/1020 938/938
f 938/938 1020/1020 1021/1021
f 938/938 1021/1021 1022/1022
f 938/938 1022/1022 1025/1025
f 1025/1025 1022/1022 1026/1026
f 1026/1026 1027/1027 1025/1025
f 1025/1025 1027/1027 930/930
f 930/930 1027/1027 1084/1084
f 930/930 1084/1084 929/929
f 929/929 1084/1084 1082/1082
f 929/929 1082/1082 1028/1028
f 1028/1028 1082/1082 1081/1081
f 1081/1081 1082/1082 1092/1092
f 1081/1081 1092/1092 1080/1080
f 1092/1092 1099/1099 1080/1080
f 1080/1080 1099/1099 1091/1091
f 1091/1091 1126/1126 1035/1035
f 1035/1035 1126/1126 1108/1108
f 1108/1108 1134/1134 1098/1098
f 1098/1098 1125/1125 1097/1097
f 1125/1125 1124/1124 1097/1097
f 1097/1097 1124/1124 1096/1096
f 1124/1124 1129/1129 1096/1096
f 1096/1096 1129/1129 1094/1094
f 1129/1129 1137/1137 1094/1094
f 1137/1137 1136/1136 1094/1094
f 1094/1094 1136/1136 1107/1107
f 1107/1107 1136/1136 1106/1106
f 2743/2743 2729/2729 2720/2720
f 2720/2720 2721/2721 2743/2743
f 2743/2743 2721/2721 2745/2745
f 2721/2721 2730/2730 2745/2745
f 1544/1544 1543/1543 1595/1595
f 2745/2745 2730/2730 2746/2746
f 2746/2746 2730/2730 2727/2727
f 2746/2746 2727/2727 2747/2747
f 2747/2747 2727/2727 2742/2742
f 2751/2751 2750/2750 2769/2769
f 2770/2770 2780/2780 2774/2774
f 2774/2774 2780/2780 2794/2794
f 2794/2794 2820/2820 2822/2822
f 2820/2820 2855/2855 2822/2822
f 2822/2822 2855/2855 2823/2823
f 2823/2823 2856/2856 2826/2826
f 2826/2826 2856/2856 2828/2828
f 2856/2856 2934/2934 2828/2828
f 2828/2828 2832/2832 2830/2830
f 2828/2828 2934/2934 2832/2832
f 2832/2832 2934/2934 2849/2849
f 2849/2849 2835/2835 2832/2832
f 2849/2849 2941/2941 2835/2835
f 2849/2849 2993/2993 2941/2941
f 2941/2941 2837/2837 2835/2835
f 2941/2941 2940/2940 2837/2837
f 2837/2837 2940/2940 2840/2840
f 3522/3522 3515/3515 3518/3518
f 3518/3518 3515/3515 3514/3514
f 3514/3514 3515/3515 3516/3516
f 3514/3514 3516/3516 3517/3517
f 3516/3516 3519/3519 3517/3517
f 3517/3517 3520/3520 3521/3521
f 3517/3517 3519/3519 3520/3520
f 3519/3519 3523/3523 3520/3520
f 3523/3523 3527/3527 3530/3530
f 3530/3530 3527/3527 3531/3531
f 3527/3527 3529/3529 3531/3531
f 3529/3529 3576/3576 3595/3595
f 2204/2204 2237/2237 2227/2227
f 3595/3595 3576/3576 3573/3573
f 3532/3532 3571/3571 3533/3533
f 3532/3532 3533/3533 3534/3534
f 3534/3534 3533/3533 3592/3592
f 3534/3534 3592/3592 3548/3548
f 3541/3541 3545/3545 3548/3548
f 2926/2926 2997/2997 2927/2927
f 2926/2926 2927/2927 2904/2904
f 2914/2914 2902/2902 2904/2904
f 3557/3557 3556/3556 3558/3558
f 2914/2914 2911/2911 2909/2909
f 2914/2914 2909/2909 2902/2902
f 2902/2902 2909/2909 2901/2901
f 2901/2901 2894/2894 2898/2898
f 2894/2894 2896/2896 2897/2897
f 2898/2898 2894/2894 2897/2897
f 2896/2896 2910/2910 2906/2906
f 2897/2897 2896/2896 2906/2906
f 2906/2906 2910/2910 2913/2913
f 2913/2913 2910/2910 2922/2922
f 2436/2436 2427/2427 2428/2428
f 2428/2428 2427/2427 2412/2412
f 2416/2416 2461/2461 2449/2449
f 2414/2414 2416/2416 2449/2449
f 2449/2449 2461/2461 2464/2464
f 2412/2412 2413/2413 2398/2398
f 2398/2398 2391/2391 2392/2392
f 2392/2392 2391/2391 2382/2382
f 2387/2387 2388/2388 2394/2394
f 2394/2394 2400/2400 2404/2404
f 2404/2404 2416/2416 2414/2414
f 2362/2362 2370/2370 2360/2360
f 3464/3464 3457/3457 3463/3463
f 3464/3464 3460/3460 3457/3457
f 2360/2360 2370/2370 2366/2366
f 2360/2360 2361/2361 2356/2356
f 2360/2360 2366/2366 2361/2361
f 2361/2361 2355/2355 2356/2356
f 2361/2361 2366/2366 2367/2367
f 2361/2361 2367/2367 2363/2363
f 3454/3454 3465/3465 3456/3456
f 3465/3465 3461/3461 3456/3456
f 2363/2363 2367/2367 2368/2368
f 2363/2363 2368/2368 2358/2358
f 2368/2368 2369/2369 2358/2358
f 2358/2358 2369/2369 2365/2365
f 2358/2358 2365/2365 2359/2359
f 3393/3393 3392/3392 3398/3398
f 3418/3418 3417/3417 3416/3416
f 1184/1184 1103/1103 1053/1053
f 1053/1053 1103/1103 1018/1018
f 1016/1016 997/997 996/996
f 997/997 1016/1016 1023/1023
f 1023/1023 1093/1093 1020/1020
f 1093/1093 1104/1104 1020/1020
f 1104/1104 1105/1105 1020/1020
f 1020/1020 1105/1105 1021/1021
f 1021/1021 1105/1105 1022/1022
f 1022/1022 1105/1105 1119/1119
f 1022/1022 1119/1119 1026/1026
f 1026/1026 1110/1110 1027/1027
f 1407/1407 1390/1390 1547/1547
f 1027/1027 1110/1110 1109/1109
f 1027/1027 1109/1109 1084/1084
f 1109/1109 1114/1114 1084/1084
f 1084/1084 1114/1114 1082/1082
f 1389/1389 1386/1386 1567/1567
f 1082/1082 1114/1114 1115/1115
f 1386/1386 1569/1569 1567/1567
f 1082/1082 1115/1115 1092/1092
f 1115/1115 1133/1133 1092/1092
f 1092/1092 1133/1133 1099/1099
f 1133/1133 1132/1132 1099/1099
f 1132/1132 1131/1131 1091/1091
f 1099/1099 1132/1132 1091/1091
f 1131/1131 1126/1126 1091/1091
f 1126/1126 1135/1135 1108/1108
f 1108/1108 1135/1135 1134/1134
f 2723/2723 2703/2703 2724/2724
f 2722/2722 2717/2717 2728/2728
f 2717/2717 2608/2608 2729/2729
f 2728/2728 2717/2717 2729/2729
f 2608/2608 2720/2720 2729/2729
f 2721/2721 2720/2720 2715/2715
f 2721/2721 2715/2715 2730/2730
f 2715/2715 2598/2598 2727/2727
f 2730/2730 2715/2715 2727/2727
f 2742/2742 2563/2563 2750/2750
f 2769/2769 2814/2814 2573/2573
f 2769/2769 2573/2573 2758/2758
f 2769/2769 2758/2758 2770/2770
f 2770/2770 2758/2758 2771/2771
f 2770/2770 2771/2771 2780/2780
f 2780/2780 2820/2820 2794/2794
f 2771/2771 2857/2857 2820/2820
f 2780/2780 2771/2771 2820/2820
f 2857/2857 2938/2938 2855/2855
f 2820/2820 2857/2857 2855/2855
f 2855/2855 2938/2938 2858/2858
f 2855/2855 2858/2858 2823/2823
f 2823/2823 2858/2858 2872/2872
f 2872/2872 2856/2856 2823/2823
f 2872/2872 2979/2979 2856/2856
f 2980/2980 2934/2934 2856/2856
f 2979/2979 2980/2980 2856/2856
f 2980/2980 2849/2849 2934/2934
f 2980/2980 2993/2993 2849/2849
f 2993/2993 2980/2980 2981/2981
f 2981/2981 2990/2990 2992/2992
f 2993/2993 2981/2981 2992/2992
f 2992/2992 2941/2941 2993/2993
f 2992/2992 2940/2940 2941/2941
f 2998/2998 2940/2940 2992/2992
f 2992/2992 2990/2990 2998/2998
f 2990/2990 2991/2991 2998/2998
f 2998/2998 3004/3004 2940/2940
f 3589/3589 3588/3588 3590/3590
f 3005/3005 3006/3006 3004/3004
f 2998/2998 3005/3005 3004/3004
f 3588/3588 3525/3525 3516/3516
f 3525/3525 3519/3519 3516/3516
f 3525/3525 3524/3524 3519/3519
f 3524/3524 3523/3523 3519/3519
f 3524/3524 3526/3526 3523/3523
f 3523/3523 3526/3526 3527/3527
f 3526/3526 3528/3528 3527/3527
f 3528/3528 3529/3529 3527/3527
f 3528/3528 3575/3575 3529/3529
f 3575/3575 3576/3576 3529/3529
f 1774/1774 1771/1771 1769/1769
f 1777/1777 1774/1774 1769/1769
f 3575/3575 3574/3574 3573/3573
f 3575/3575 3573/3573 3576/3576
f 3574/3574 3571/3571 3573/3573
f 3571/3571 3572/3572 3533/3533
f 3542/3542 3592/3592 3533/3533
f 3572/3572 3593/3593 3542/3542
f 3533/3533 3572/3572 3542/3542
f 3591/3591 3564/3564 3561/3561
f 3430/3430 3432/3432 3431/3431
f 3591/3591 3561/3561 3560/3560
f 3560/3560 3552/3552 3535/3535
f 3560/3560 3561/3561 3559/3559
f 3556/3556 3555/3555 3552/3552
f 3560/3560 3556/3556 3552/3552
f 3560/3560 3559/3559 3556/3556
f 3556/3556 3559/3559 3558/3558
f 2911/2911 2893/2893 2909/2909
f 2909/2909 2894/2894 2901/2901
f 2893/2893 2892/2892 2894/2894
f 2909/2909 2893/2893 2894/2894
f 2892/2892 2895/2895 2894/2894
f 2895/2895 2915/2915 2896/2896
f 2894/2894 2895/2895 2896/2896
f 2896/2896 2915/2915 2912/2912
f 2896/2896 2912/2912 2910/2910
f 2463/2463 2433/2433 2436/2436
f 2436/2436 2433/2433 2427/2427
f 2427/2427 2413/2413 2412/2412
f 2391/2391 2389/2389 2383/2383
f 2382/2382 2391/2391 2383/2383
f 2389/2389 2390/2390 2388/2388
f 2383/2383 2389/2389 2388/2388
f 2400/2400 2416/2416 2404/2404
f 2364/2364 2373/2373 2362/2362
f 2362/2362 2373/2373 2370/2370
f 2370/2370 2371/2371 2366/2366
f 2366/2366 2371/2371 2372/2372
f 2366/2366 2372/2372 2367/2367
f 2367/2367 2372/2372 2374/2374
f 2367/2367 2374/2374 2368/2368
f 3423/3423 3415/3415 3417/3417
f 2870/2870 2862/2862 2738/2738
f 1103/1103 1118/1118 1090/1090
f 1103/1103 1090/1090 1018/1018
f 1088/1088 1019/1019 1018/1018
f 1090/1090 1088/1088 1018/1018
f 1088/1088 996/996 1019/1019
f 1088/1088 1100/1100 996/996
f 1100/1100 1101/1101 1016/1016
f 996/996 1100/1100 1016/1016
f 1016/1016 1101/1101 1023/1023
f 1101/1101 1102/1102 1023/1023
f 1023/1023 1102/1102 1093/1093
f 1102/1102 1122/1122 1093/1093
f 1122/1122 1121/1121 1104/1104
f 1093/1093 1122/1122 1104/1104
f 1104/1104 1121/1121 1120/1120
f 1104/1104 1120/1120 1105/1105
f 1120/1120 1119/1119 1105/1105
f 1026/1026 1138/1138 1110/1110
f 1138/1138 1139/1139 1110/1110
f 1139/1139 1140/1140 1109/1109
f 1110/1110 1139/1139 1109/1109
f 1140/1140 1141/1141 1109/1109
f 1109/1109 1141/1141 1114/1114
f 1114/1114 1141/1141 1142/1142
f 1114/1114 1142/1142 1115/1115
f 1115/1115 1142/1142 1133/1133
f 2736/2736 2713/2713 2744/2744
f 2744/2744 2713/2713 2733/2733
f 2733/2733 2711/2711 2735/2735
f 2735/2735 2711/2711 2725/2725
f 2735/2735 2725/2725 2734/2734
f 2734/2734 2725/2725 2723/2723
f 2723/2723 2725/2725 2618/2618
f 2703/2703 2702/2702 2724/2724
f 2724/2724 2702/2702 2722/2722
f 2722/2722 2702/2702 2717/2717
f 2717/2717 2607/2607 2608/2608
f 2608/2608 2694/2694 2720/2720
f 2720/2720 2694/2694 2715/2715
f 2694/2694 2603/2603 2715/2715
f 2715/2715 2603/2603 2598/2598
f 2598/2598 2563/2563 2727/2727
f 1605/1605 1628/1628 1596/1596
f 2727/2727 2563/2563 2742/2742
f 2563/2563 2814/2814 2750/2750
f 2758/2758 2817/2817 2771/2771
f 2758/2758 2759/2759 2817/2817
f 2817/2817 2857/2857 2771/2771
f 2817/2817 2938/2938 2857/2857
f 2817/2817 2958/2958 2938/2938
f 2938/2938 2957/2957 2858/2858
f 2938/2938 2958/2958 2957/2957
f 2957/2957 2958/2958 2962/2962
f 2957/2957 2872/2872 2858/2858
f 2962/2962 2978/2978 2957/2957
f 2978/2978 2979/2979 2957/2957
f 2957/2957 2979/2979 2872/2872
f 2978/2978 2976/2976 2979/2979
f 2976/2976 2980/2980 2979/2979
f 2976/2976 2975/2975 2980/2980
f 2975/2975 2981/2981 2980/2980
f 2975/2975 2974/2974 2981/2981
f 2974/2974 2990/2990 2981/2981
f 2974/2974 2971/2971 2990/2990
f 2971/2971 2991/2991 2990/2990
f 2971/2971 2967/2967 2991/2991
f 2967/2967 2968/2968 2991/2991
f 3589/3589 3587/3587 3588/3588
f 3587/3587 3525/3525 3588/3588
f 3587/3587 3585/3585 3525/3525
f 3585/3585 3524/3524 3525/3525
f 3585/3585 3584/3584 3524/3524
f 3584/3584 3526/3526 3524/3524
f 3584/3584 3582/3582 3526/3526
f 3582/3582 3528/3528 3526/3526
f 3582/3582 3579/3579 3528/3528
f 3579/3579 3575/3575 3528/3528
f 3579/3579 3570/3570 3575/3575
f 3570/3570 3574/3574 3575/3575
f 3570/3570 3567/3567 3571/3571
f 3570/3570 3571/3571 3574/3574
f 3567/3567 3572/3572 3571/3571
f 3567/3567 3566/3566 3577/3577
f 3567/3567 3577/3577 3572/3572
f 3567/3567 3565/3565 3566/3566
f 3577/3577 3593/3593 3572/3572
f 3565/3565 3563/3563 3564/3564
f 3565/3565 3564/3564 3566/3566
f 3566/3566 3564/3564 3537/3537
f 3566/3566 3537/3537 3577/3577
f 3577/3577 3537/3537 3594/3594
f 3577/3577 3594/3594 3593/3593
f 3563/3563 3561/3561 3564/3564
f 3563/3563 3562/3562 3561/3561
f 3562/3562 3559/3559 3561/3561
f 2916/2916 2886/2886 2887/2887
f 2916/2916 2887/2887 2911/2911
f 2911/2911 2887/2887 2889/2889
f 2911/2911 2889/2889 2893/2893
f 2889/2889 2890/2890 2893/2893
f 2890/2890 2892/2892 2893/2893
f 2895/2895 2892/2892 2915/2915
f 2912/2912 2919/2919 2910/2910
f 2463/2463 2459/2459 2433/2433
f 2433/2433 2429/2429 2427/2427
f 2427/2427 2429/2429 2413/2413
f 2415/2415 2462/2462 2416/2416
f 2416/2416 2462/2462 2461/2461
f 2398/2398 2413/2413 2391/2391
f 2390/2390 2395/2395 2388/2388
f 2388/2388 2395/2395 2394/2394
f 2395/2395 2415/2415 2400/2400
f 2394/2394 2395/2395 2400/2400
f 2400/2400 2415/2415 2416/2416
f 44/44 58/58 68/68
f 2373/2373 2376/2376 2370/2370
f 2370/2370 2376/2376 2371/2371
f 2371/2371 2377/2377 2372/2372
f 2377/2377 2375/2375 2372/2372
f 2372/2372 2375/2375 2374/2374
f 2374/2374 2375/2375 2368/2368
f 2375/2375 2378/2378 2369/2369
f 2368/2368 2375/2375 2369/2369
f 3423/3423 3424/3424 3415/3415
f 1118/1118 1112/1112 1088/1088
f 1090/1090 1118/1118 1088/1088
f 1088/1088 1112/1112 1100/1100
f 1100/1100 1112/1112 1101/1101
f 1101/1101 1112/1112 1123/1123
f 1101/1101 1123/1123 1102/1102
f 1102/1102 1123/1123 1127/1127
f 1127/1127 1122/1122 1102/1102
f 2726/2726 2706/2706 2741/2741
f 2741/2741 2706/2706 2740/2740
f 2706/2706 2664/2664 2740/2740
f 1547/1547 1581/1581 1559/1559
f 1119/1119 1138/1138 1026/1026
f 2740/2740 2664/2664 2739/2739
f 1547/1547 1582/1582 1581/1581
f 2739/2739 2716/2716 2705/2705
f 1139/1139 1143/1143 1140/1140
f 1143/1143 1141/1141 1140/1140
f 1572/1572 1567/1567 1589/1589
f 2719/2719 2699/2699 2732/2732
f 2699/2699 2698/2698 2732/2732
f 2732/2732 2698/2698 2731/2731
f 2731/2731 2698/2698 2652/2652
f 2731/2731 2652/2652 2737/2737
f 2652/2652 2714/2714 2736/2736
f 2737/2737 2652/2652 2736/2736
f 2736/2736 2714/2714 2713/2713
f 2713/2713 2712/2712 2733/2733
f 2733/2733 2712/2712 2711/2711
f 2711/2711 2667/2667 2725/2725
f 2725/2725 2667/2667 2618/2618
f 2618/2618 2613/2613 2703/2703
f 2703/2703 2613/2613 2702/2702
f 2702/2702 2613/2613 2612/2612
f 2717/2717 2612/2612 2610/2610
f 2717/2717 2610/2610 2607/2607
f 2608/2608 2607/2607 2606/2606
f 2608/2608 2606/2606 2694/2694
f 2694/2694 2606/2606 2603/2603
f 2603/2603 2602/2602 2598/2598
f 2598/2598 2602/2602 2597/2597
f 2598/2598 2597/2597 2563/2563
f 2597/2597 2553/2553 2563/2563
f 2553/2553 2552/2552 2563/2563
f 2814/2814 2562/2562 2573/2573
f 2758/2758 2573/2573 2575/2575
f 2758/2758 2575/2575 2759/2759
f 2759/2759 2575/2575 2576/2576
f 2759/2759 2576/2576 2817/2817
f 2817/2817 2848/2848 2958/2958
f 2817/2817 2576/2576 2848/2848
f 2848/2848 2850/2850 2958/2958
f 2850/2850 2962/2962 2958/2958
f 2850/2850 2970/2970 2962/2962
f 2962/2962 2970/2970 2978/2978
f 2970/2970 2976/2976 2978/2978
f 2970/2970 2969/2969 2976/2976
f 2969/2969 2924/2924 2976/2976
f 2976/2976 2924/2924 2975/2975
f 2924/2924 2972/2972 2975/2975
f 2972/2972 2974/2974 2975/2975
f 2972/2972 2973/2973 2974/2974
f 2973/2973 2971/2971 2974/2974
f 2973/2973 2961/2961 2971/2971
f 2961/2961 2967/2967 2971/2971
f 2961/2961 2959/2959 2967/2967
f 2959/2959 2968/2968 2967/2967
f 2968/2968 2959/2959 2960/2960
f 3586/3586 3585/3585 3587/3587
f 3586/3586 3583/3583 3585/3585
f 3583/3583 3584/3584 3585/3585
f 3583/3583 3581/3581 3584/3584
f 3581/3581 3582/3582 3584/3584
f 3581/3581 3579/3579 3582/3582
f 3581/3581 3578/3578 3579/3579
f 3578/3578 3570/3570 3579/3579
f 3578/3578 3569/3569 3570/3570
f 3569/3569 3567/3567 3570/3570
f 3568/3568 3565/3565 3569/3569
f 3569/3569 3596/3596 3568/3568
f 3569/3569 3565/3565 3567/3567
f 3568/3568 3563/3563 3565/3565
f 2917/2917 2881/2881 2882/2882
f 1771/1771 1782/1782 1788/1788
f 2917/2917 2882/2882 2883/2883
f 3568/3568 3562/3562 3563/3563
f 2917/2917 2883/2883 2886/2886
f 2886/2886 2883/2883 2885/2885
f 2886/2886 2885/2885 2887/2887
f 2885/2885 2888/2888 2887/2887
f 2887/2887 2888/2888 2889/2889
f 2888/2888 2891/2891 2890/2890
f 2889/2889 2888/2888 2890/2890
f 2890/2890 2891/2891 2892/2892
f 2891/2891 2920/2920 2915/2915
f 2892/2892 2891/2891 2915/2915
f 2915/2915 2920/2920 2912/2912
f 2912/2912 2920/2920 2919/2919
f 2459/2459 2441/2441 2433/2433
f 2433/2433 2441/2441 2429/2429
f 2441/2441 2419/2419 2413/2413
f 2429/2429 2441/2441 2413/2413
f 2415/2415 2465/2465 2462/2462
f 2413/2413 2419/2419 2396/2396
f 2413/2413 2396/2396 2391/2391
f 2391/2391 2396/2396 2389/2389
f 3512/3512 3499/3499 3511/3511
f 3513/3513 3512/3512 3511/3511
f 3511/3511 3499/3499 3492/3492
f 2376/2376 2380/2380 2371/2371
f 3509/3509 3492/3492 3494/3494
f 3509/3509 3494/3494 3508/3508
f 3508/3508 3494/3494 3497/3497
f 3497/3497 3501/3501 3508/3508
f 3508/3508 3501/3501 3507/3507
f 3507/3507 3501/3501 3504/3504
f 3507/3507 3504/3504 3510/3510
f 3425/3425 3413/3413 3415/3415
f 3424/3424 3425/3425 3415/3415
f 2697/2697 2693/2693 2718/2718
f 2738/2738 2697/2697 2718/2718
f 2693/2693 2696/2696 2718/2718
f 2718/2718 2696/2696 2708/2708
f 2696/2696 2695/2695 2708/2708
f 2695/2695 2691/2691 2709/2709
f 2691/2691 2677/2677 2709/2709
f 2709/2709 2677/2677 2726/2726
f 2726/2726 2677/2677 2706/2706
f 2706/2706 2677/2677 2669/2669
f 2669/2669 2668/2668 2706/2706
f 2706/2706 2668/2668 2664/2664
f 2664/2664 2663/2663 2716/2716
f 2739/2739 2664/2664 2716/2716
f 2716/2716 2663/2663 2705/2705
f 2663/2663 2659/2659 2705/2705
f 2705/2705 2659/2659 2704/2704
f 2659/2659 2658/2658 2704/2704
f 2658/2658 2654/2654 2719/2719
f 2704/2704 2658/2658 2719/2719
f 2719/2719 2654/2654 2699/2699
f 2699/2699 2654/2654 2698/2698
f 2698/2698 2654/2654 2653/2653
f 2698/2698 2653/2653 2651/2651
f 2698/2698 2651/2651 2652/2652
f 2652/2652 2639/2639 2714/2714
f 2714/2714 2639/2639 2713/2713
f 2713/2713 2639/2639 2638/2638
f 2713/2713 2638/2638 2712/2712
f 2712/2712 2638/2638 2641/2641
f 2712/2712 2641/2641 2711/2711
f 2711/2711 2641/2641 2667/2667
f 2667/2667 2623/2623 2618/2618
f 2618/2618 2623/2623 2616/2616
f 2618/2618 2616/2616 2613/2613
f 2616/2616 2615/2615 2613/2613
f 2615/2615 2611/2611 2613/2613
f 2613/2613 2611/2611 2612/2612
f 2612/2612 2611/2611 2610/2610
f 2610/2610 2611/2611 2609/2609
f 2610/2610 2609/2609 2607/2607
f 2607/2607 2609/2609 2605/2605
f 2607/2607 2605/2605 2606/2606
f 2606/2606 2605/2605 2603/2603
f 2603/2603 2605/2605 2604/2604
f 2603/2603 2604/2604 2602/2602
f 2602/2602 2600/2600 2597/2597
f 2600/2600 2599/2599 2597/2597
f 2597/2597 2599/2599 2553/2553
f 2562/2562 2554/2554 2559/2559
f 2562/2562 2559/2559 2573/2573
f 2573/2573 2559/2559 2575/2575
f 2575/2575 2559/2559 2567/2567
f 2575/2575 2567/2567 2576/2576
f 2576/2576 2850/2850 2848/2848
f 2576/2576 2567/2567 2568/2568
f 2576/2576 2583/2583 2850/2850
f 2576/2576 2568/2568 2583/2583
f 2583/2583 2930/2930 2850/2850
f 2850/2850 2930/2930 2970/2970
f 2583/2583 2819/2819 2930/2930
f 2930/2930 2969/2969 2970/2970
f 2819/2819 2969/2969 2930/2930
f 2819/2819 2852/2852 2924/2924
f 2819/2819 2924/2924 2969/2969
f 2924/2924 2925/2925 2972/2972
f 2972/2972 2925/2925 2921/2921
f 2972/2972 2921/2921 2973/2973
f 2921/2921 2961/2961 2973/2973
f 2921/2921 2859/2859 2860/2860
f 1752/1752 1757/1757 1753/1753
f 2860/2860 2961/2961 2921/2921
f 2860/2860 2959/2959 2961/2961
f 2860/2860 2923/2923 2959/2959
f 2959/2959 2923/2923 2960/2960
f 2960/2960 2923/2923 2931/2931
f 2931/2931 2982/2982 2960/2960
f 2931/2931 2918/2918 2982/2982
f 3580/3580 3581/3581 3583/3583
f 2806/2806 2808/2808 2918/2918
f 2931/2931 2806/2806 2918/2918
f 3580/3580 3578/3578 3581/3581
f 2918/2918 2881/2881 2942/2942
f 3580/3580 3569/3569 3578/3578
f 2918/2918 2879/2879 2881/2881
f 2879/2879 2880/2880 2881/2881
f 2881/2881 2880/2880 2882/2882
f 2880/2880 2884/2884 2883/2883
f 2882/2882 2880/2880 2883/2883
f 2883/2883 2884/2884 2885/2885
f 2884/2884 2888/2888 2885/2885
f 2888/2888 2952/2952 2932/2932
f 2888/2888 2932/2932 2891/2891
f 2477/2477 2460/2460 2459/2459
f 2460/2460 2456/2456 2441/2441
f 2459/2459 2460/2460 2441/2441
f 2456/2456 2457/2457 2419/2419
f 2441/2441 2456/2456 2419/2419
f 2419/2419 2422/2422 2396/2396
f 2422/2422 2421/2421 2389/2389
f 2396/2396 2422/2422 2389/2389
f 2421/2421 2417/2417 2389/2389
f 2389/2389 2417/2417 2390/2390
f 2417/2417 2431/2431 2395/2395
f 2390/2390 2417/2417 2395/2395
f 2431/2431 2442/2442 2395/2395
f 2395/2395 2442/2442 2415/2415
f 3512/3512 3506/3506 3499/3499
f 3492/3492 3493/3493 3494/3494
f 3494/3494 3496/3496 3497/3497
f 3496/3496 3500/3500 3497/3497
f 3497/3497 3500/3500 3501/3501
f 3501/3501 3500/3500 3502/3502
f 3501/3501 3502/3502 3504/3504
f 3504/3504 3502/3502 3505/3505
f 3425/3425 3426/3426 3413/3413
f 2697/2697 2690/2690 2693/2693
f 2693/2693 2685/2685 2683/2683
f 2693/2693 2683/2683 2696/2696
f 2683/2683 2679/2679 2696/2696
f 2696/2696 2679/2679 2695/2695
f 2679/2679 2676/2676 2691/2691
f 2691/2691 2676/2676 2677/2677
f 2676/2676 2670/2670 2677/2677
f 2677/2677 2670/2670 2669/2669
f 2669/2669 2665/2665 2668/2668
f 2665/2665 2661/2661 2664/2664
f 2668/2668 2665/2665 2664/2664
f 2664/2664 2661/2661 2663/2663
f 2661/2661 2659/2659 2663/2663
f 2658/2658 2655/2655 2654/2654
f 2655/2655 2650/2650 2654/2654
f 2654/2654 2650/2650 2653/2653
f 2653/2653 2650/2650 2651/2651
f 2650/2650 2647/2647 2651/2651
f 2651/2651 2647/2647 2652/2652
f 2652/2652 2647/2647 2637/2637
f 2652/2652 2637/2637 2639/2639
f 2639/2639 2637/2637 2638/2638
f 2638/2638 2637/2637 2635/2635
f 2638/2638 2635/2635 2641/2641
f 2641/2641 2632/2632 2623/2623
f 2632/2632 2631/2631 2623/2623
f 2631/2631 2621/2621 2623/2623
f 2623/2623 2621/2621 2616/2616
f 2616/2616 2621/2621 2615/2615
f 2615/2615 2622/2622 2611/2611
f 2622/2622 2627/2627 2611/2611
f 2611/2611 2627/2627 2609/2609
f 2609/2609 2627/2627 2629/2629
f 2629/2629 2628/2628 2609/2609
f 2609/2609 2628/2628 2605/2605
f 2605/2605 2628/2628 2754/2754
f 2754/2754 2604/2604 2605/2605
f 2604/2604 2630/2630 2600/2600
f 2630/2630 2550/2550 2599/2599
f 2599/2599 2550/2550 2553/2553
f 2553/2553 2550/2550 2552/2552
f 2554/2554 2556/2556 2559/2559
f 2559/2559 2561/2561 2566/2566
f 2559/2559 2566/2566 2567/2567
f 2566/2566 2569/2569 2568/2568
f 2567/2567 2566/2566 2568/2568
f 2568/2568 2569/2569 2583/2583
f 2583/2583 2569/2569 2572/2572
f 2583/2583 2572/2572 2819/2819
f 2819/2819 2572/2572 2579/2579
f 2819/2819 2579/2579 2596/2596
f 2819/2819 2596/2596 2852/2852
f 2596/2596 2748/2748 2852/2852
f 2852/2852 2853/2853 2924/2924
f 2852/2852 2748/2748 2853/2853
f 2853/2853 2925/2925 2924/2924
f 2748/2748 2760/2760 2853/2853
f 2853/2853 2859/2859 2925/2925
f 2853/2853 2760/2760 2859/2859
f 2859/2859 2921/2921 2925/2925
f 1748/1748 1749/1749 1747/1747
f 1752/1752 1753/1753 1749/1749
f 1748/1748 1752/1752 1749/1749
f 2859/2859 2760/2760 2755/2755
f 2859/2859 2755/2755 2860/2860
f 2755/2755 2801/2801 2860/2860
f 2860/2860 2847/2847 2923/2923
f 2860/2860 2801/2801 2847/2847
f 2801/2801 2802/2802 2847/2847
f 2847/2847 2805/2805 2923/2923
f 2847/2847 2802/2802 2805/2805
f 2805/2805 2931/2931 2923/2923
f 2805/2805 2802/2802 2804/2804
f 2805/2805 2806/2806 2931/2931
f 2805/2805 2804/2804 2806/2806
f 2806/2806 2807/2807 2808/2808
f 2807/2807 2809/2809 2808/2808
f 2808/2808 2810/2810 2918/2918
f 2808/2808 2809/2809 2810/2810
f 2810/2810 2879/2879 2918/2918
f 2810/2810 2878/2878 2879/2879
f 2879/2879 2878/2878 2880/2880
f 2880/2880 2951/2951 2884/2884
f 2472/2472 2467/2467 2456/2456
f 2456/2456 2467/2467 2457/2457
f 2457/2457 2466/2466 2419/2419
f 2466/2466 2468/2468 2422/2422
f 2419/2419 2466/2466 2422/2422
f 2431/2431 2470/2470 2442/2442
f 3506/3506 3498/3498 3499/3499
f 3499/3499 3498/3498 3492/3492
f 3492/3492 3498/3498 3493/3493
f 3493/3493 3495/3495 3494/3494
f 3494/3494 3495/3495 3496/3496
f 3500/3500 3496/3496 3503/3503
f 901/901 892/892 895/895
f 892/892 876/876 895/895
f 3428/3428 3427/3427 3426/3426
f 3426/3426 3403/3403 3413/3413
f 3413/3413 3403/3403 3412/3412
f 2749/2749 2689/2689 2690/2690
f 2690/2690 2689/2689 2685/2685
f 2683/2683 2680/2680 2679/2679
f 2680/2680 2678/2678 2679/2679
f 2679/2679 2678/2678 2676/2676
f 2678/2678 2675/2675 2676/2676
f 2676/2676 2675/2675 2670/2670
f 2670/2670 2675/2675 2666/2666
f 2670/2670 2666/2666 2665/2665
f 2665/2665 2666/2666 2662/2662
f 2665/2665 2662/2662 2661/2661
f 2661/2661 2662/2662 2660/2660
f 2661/2661 2660/2660 2659/2659
f 2659/2659 2660/2660 2657/2657
f 2657/2657 2655/2655 2658/2658
f 2659/2659 2657/2657 2658/2658
f 2647/2647 2636/2636 2637/2637
f 2637/2637 2636/2636 2635/2635
f 2635/2635 2636/2636 2634/2634
f 2635/2635 2634/2634 2632/2632
f 2634/2634 2633/2633 2632/2632
f 2632/2632 2633/2633 2631/2631
f 2621/2621 2864/2864 2622/2622
f 2622/2622 2864/2864 2865/2865
f 2622/2622 2865/2865 2627/2627
f 2865/2865 2876/2876 2627/2627
f 2627/2627 2876/2876 2629/2629
f 2876/2876 2875/2875 2629/2629
f 2629/2629 2875/2875 2628/2628
f 2628/2628 2875/2875 2754/2754
f 2754/2754 2875/2875 2797/2797
f 2754/2754 2797/2797 2604/2604
f 2630/2630 2798/2798 2799/2799
f 622/622 595/595 584/584
f 2799/2799 2584/2584 2550/2550
f 2584/2584 2549/2549 2550/2550
f 2556/2556 2557/2557 2559/2559
f 2559/2559 2557/2557 2561/2561
f 2566/2566 2570/2570 2569/2569
f 2569/2569 2570/2570 2571/2571
f 2569/2569 2571/2571 2572/2572
f 2571/2571 2577/2577 2572/2572
f 2577/2577 2580/2580 2579/2579
f 2572/2572 2577/2577 2579/2579
f 2579/2579 2580/2580 2596/2596
f 2596/2596 2580/2580 2587/2587
f 2596/2596 2587/2587 2748/2748
f 2748/2748 2587/2587 2590/2590
f 2590/2590 2760/2760 2748/2748
f 2590/2590 2601/2601 2760/2760
f 2590/2590 2592/2592 2601/2601
f 2601/2601 2755/2755 2760/2760
f 2592/2592 2595/2595 2601/2601
f 2601/2601 2595/2595 2755/2755
f 2595/2595 2801/2801 2755/2755
f 2595/2595 2800/2800 2801/2801
f 2801/2801 2800/2800 2802/2802
f 2800/2800 2803/2803 2802/2802
f 2802/2802 2803/2803 2804/2804
f 1985/1985 2014/2014 1986/1986
f 2804/2804 2929/2929 2809/2809
f 2804/2804 2809/2809 2807/2807
f 2809/2809 2937/2937 2878/2878
f 2951/2951 2950/2950 2884/2884
f 2884/2884 2950/2950 2952/2952
f 2952/2952 2950/2950 2953/2953
f 2468/2468 2469/2469 2421/2421
f 2421/2421 2469/2469 2417/2417
f 2469/2469 2471/2471 2431/2431
f 2417/2417 2469/2469 2431/2431
f 55/55 69/69 65/65
f 43/43 55/55 65/65
f 882/882 881/881 891/891
f 894/894 882/882 891/891
f 891/891 881/881 884/884
f 884/884 881/881 874/874
f 884/884 874/874 880/880
f 893/893 879/879 877/877
f 893/893 877/877 892/892
f 877/877 876/876 892/892
f 876/876 875/875 878/878
f 3421/3421 3404/3404 3403/3403
f 3403/3403 3402/3402 3412/3412
f 2749/2749 2692/2692 2689/2689
f 2689/2689 2688/2688 2685/2685
f 2688/2688 2686/2686 2685/2685
f 2685/2685 2686/2686 2680/2680
f 2686/2686 2687/2687 2680/2680
f 2687/2687 2684/2684 2678/2678
f 2680/2680 2687/2687 2678/2678
f 2678/2678 2684/2684 2675/2675
f 2684/2684 2752/2752 2675/2675
f 2752/2752 2710/2710 2675/2675
f 2675/2675 2710/2710 2666/2666
f 2710/2710 2701/2701 2666/2666
f 2701/2701 2700/2700 2662/2662
f 2666/2666 2701/2701 2662/2662
f 2700/2700 2674/2674 2660/2660
f 2662/2662 2700/2700 2660/2660
f 2674/2674 2673/2673 2660/2660
f 2660/2660 2673/2673 2657/2657
f 2657/2657 2673/2673 2656/2656
f 2657/2657 2656/2656 2655/2655
f 2649/2649 2648/2648 2647/2647
f 2647/2647 2648/2648 2645/2645
f 2647/2647 2645/2645 2636/2636
f 2645/2645 2644/2644 2636/2636
f 2636/2636 2644/2644 2634/2634
f 2634/2634 2644/2644 2646/2646
f 2634/2634 2646/2646 2633/2633
f 2633/2633 2646/2646 2707/2707
f 617/617 575/575 602/602
f 2707/2707 2866/2866 2621/2621
f 2866/2866 2864/2864 2621/2621
f 619/619 560/560 604/604
f 604/604 560/560 561/561
f 561/561 590/590 603/603
f 604/604 561/561 603/603
f 603/603 590/590 607/607
f 590/590 589/589 607/607
f 607/607 589/589 608/608
f 589/589 580/580 608/608
f 581/581 595/595 622/622
f 584/584 222/222 246/246
f 2584/2584 2966/2966 2549/2549
f 2546/2546 2555/2555 2551/2551
f 2551/2551 2555/2555 2556/2556
f 2556/2556 2555/2555 2557/2557
f 2557/2557 2564/2564 2561/2561
f 2561/2561 2564/2564 2565/2565
f 2561/2561 2565/2565 2566/2566
f 2565/2565 2578/2578 2570/2570
f 2566/2566 2565/2565 2570/2570
f 2570/2570 2574/2574 2571/2571
f 2577/2577 2585/2585 2580/2580
f 2585/2585 2588/2588 2587/2587
f 2580/2580 2585/2585 2587/2587
f 2587/2587 2588/2588 2590/2590
f 2588/2588 2591/2591 2590/2590
f 2590/2590 2591/2591 2592/2592
f 2592/2592 2591/2591 2593/2593
f 2592/2592 2593/2593 2594/2594
f 2592/2592 2594/2594 2595/2595
f 2595/2595 2594/2594 2800/2800
f 2803/2803 2985/2985 2929/2929
f 2948/2948 2983/2983 2947/2947
f 850/850 796/796 792/792
f 790/790 783/783 781/781
f 762/762 739/739 761/761
f 648/648 637/637 882/882
f 637/637 635/635 881/881
f 882/882 637/637 881/881
f 881/881 635/635 874/874
f 874/874 873/873 880/880
f 880/880 873/873 879/879
f 873/873 633/633 879/879
f 879/879 633/633 877/877
f 877/877 633/633 876/876
f 876/876 633/633 632/632
f 876/876 632/632 875/875
f 875/875 632/632 631/631
f 3422/3422 3405/3405 3404/3404
f 3421/3421 3422/3422 3404/3404
f 3404/3404 3405/3405 3402/3402
f 2689/2689 2692/2692 2688/2688
f 2692/2692 2869/2869 2688/2688
f 2688/2688 2877/2877 2686/2686
f 2687/2687 2768/2768 2684/2684
f 2684/2684 2768/2768 2765/2765
f 2684/2684 2765/2765 2752/2752
f 2710/2710 2767/2767 2701/2701
f 2767/2767 2766/2766 2701/2701
f 2701/2701 2766/2766 2700/2700
f 2674/2674 2700/2700 2762/2762
f 2762/2762 2761/2761 2673/2673
f 2674/2674 2762/2762 2673/2673
f 2673/2673 2761/2761 2756/2756
f 2673/2673 2756/2756 2656/2656
f 2756/2756 2757/2757 2656/2656
f 2656/2656 2757/2757 2753/2753
f 2656/2656 2753/2753 2649/2649
f 2649/2649 2753/2753 2648/2648
f 627/627 596/596 628/628
f 628/628 596/596 597/597
f 597/597 565/565 616/616
f 616/616 565/565 575/575
f 575/575 250/250 602/602
f 619/619 559/559 560/560
f 560/560 249/249 561/561
f 581/581 227/227 595/595
f 595/595 227/227 584/584
f 227/227 202/202 222/222
f 584/584 227/227 222/222
f 222/222 202/202 206/206
f 222/222 206/206 220/220
f 2546/2546 2547/2547 2548/2548
f 2548/2548 2560/2560 2555/2555
f 2555/2555 2558/2558 2557/2557
f 2557/2557 2558/2558 2564/2564
f 2564/2564 2581/2581 2565/2565
f 2581/2581 2586/2586 2578/2578
f 2565/2565 2581/2581 2578/2578
f 2574/2574 2582/2582 2589/2589
f 2589/2589 2946/2946 2585/2585
f 2946/2946 2588/2588 2585/2585
f 2594/2594 3002/3002 2800/2800
f 2800/2800 3002/3002 2985/2985
f 2985/2985 2994/2994 2984/2984
f 2983/2983 2986/2986 2947/2947
f 2052/2052 2061/2061 2031/2031
f 801/801 779/779 796/796
f 796/796 779/779 777/777
f 648/648 599/599 637/637
f 637/637 599/599 635/635
f 634/634 594/594 633/633
f 632/632 592/592 631/631
f 631/631 592/592 576/576
f 631/631 576/576 624/624
f 3405/3405 3406/3406 3402/3402
f 630/630 614/614 640/640
f 2869/2869 2877/2877 2688/2688
f 2877/2877 2874/2874 2686/2686
f 2686/2686 2874/2874 2687/2687
f 2687/2687 2874/2874 2768/2768
f 2765/2765 2936/2936 2752/2752
f 2752/2752 2936/2936 2767/2767
f 2700/2700 2766/2766 2762/2762
f 611/611 567/567 612/612
f 612/612 588/588 613/613
f 613/613 588/588 587/587
f 613/613 587/587 626/626
f 626/626 587/587 615/615
f 598/598 596/596 627/627
f 562/562 244/244 565/565
f 565/565 244/244 233/233
f 565/565 233/233 575/575
f 234/234 210/210 249/249
f 249/249 210/210 216/216
f 194/194 195/195 247/247
f 196/196 171/171 172/172
f 2548/2548 3007/3007 2560/2560
f 2558/2558 2581/2581 2564/2564
f 2581/2581 2963/2963 2586/2586
f 2589/2589 2965/2965 2946/2946
f 2965/2965 2956/2956 2946/2946
f 2946/2946 2956/2956 2944/2944
f 818/818 809/809 839/839
f 839/839 809/809 800/800
f 779/779 772/772 777/777
f 714/714 713/713 751/751
f 606/606 513/513 599/599
f 599/599 583/583 635/635
f 583/583 401/401 593/593
f 593/593 402/402 594/594
f 594/594 592/592 633/633
f 592/592 400/400 576/576
f 601/601 577/577 614/614
f 629/629 601/601 614/614
f 614/614 577/577 591/591
f 614/614 591/591 625/625
f 625/625 591/591 620/620
f 620/620 591/591 582/582
f 621/621 582/582 585/585
f 636/636 585/585 586/586
f 586/586 241/241 578/578
f 586/586 578/578 600/600
f 600/600 578/578 579/579
f 579/579 567/567 611/611
f 470/470 442/442 469/469
f 242/242 229/229 598/598
f 225/225 177/177 221/221
f 221/221 191/191 192/192
f 192/192 161/161 162/162
f 167/167 94/94 106/106
f 106/106 117/117 167/167
f 2987/2987 3010/3010 2956/2956
f 2956/2956 3010/3010 2996/2996
f 815/815 798/798 809/809
f 809/809 798/798 757/757
f 748/748 684/684 693/693
f 606/606 398/398 513/513
f 406/406 368/368 401/401
f 399/399 364/364 400/400
f 364/364 403/403 400/400
f 400/400 403/403 374/374
f 601/601 245/245 577/577
f 577/577 245/245 248/248
f 248/248 235/235 239/239
f 578/578 236/236 237/237
f 237/237 230/230 572/572
f 572/572 230/230 573/573
f 573/573 230/230 231/231
f 573/573 231/231 566/566
f 566/566 231/231 232/232
f 232/232 231/231 228/228
f 228/228 199/199 198/198
f 90/90 86/86 112/112
f 80/80 84/84 83/83
f 83/83 185/185 81/81
f 651/651 793/793 652/652
f 2619/2619 2624/2624 2620/2620
f 825/825 813/813 812/812
f 807/807 808/808 723/723
f 403/403 364/364 374/374
f 374/374 364/364 348/348
f 226/226 213/213 245/245
f 245/245 213/213 204/204
f 224/224 207/207 236/236
f 205/205 197/197 231/231
f 109/109 120/120 118/118
f 2624/2624 2640/2640 2625/2625
f 829/829 726/726 813/813
f 813/813 726/726 724/724
f 687/687 686/686 706/706
f 729/729 674/674 676/676
f 330/330 328/328 331/331
f 331/331 328/328 309/309
f 326/326 355/355 372/372
f 160/160 168/168 204/204
f 169/169 153/153 132/132
f 128/128 126/126 123/123
f 2643/2643 2672/2672 2671/2671
f 3186/3186 3224/3224 3264/3264
f 3212/3212 3190/3190 3217/3217
f 3290/3290 3301/3301 3329/3329
f 3240/3240 3251/3251 3302/3302
f 3302/3302 3251/3251 3306/3306
f 3317/3317 3300/3300 3305/3305
f 3313/3313 3315/3315 3357/3357
f 3329/3329 3301/3301 3335/3335
f 3346/3346 3332/3332 3299/3299
f 3261/3261 3244/3244 3262/3262
f 2537/2537 2533/2533 2532/2532
f 2536/2536 2537/2537 2532/2532
f 2533/2533 2518/2518 2515/2515
f 2532/2532 2533/2533 2515/2515
f 2515/2515 2518/2518 2517/2517
f 2515/2515 2517/2517 2516/2516
f 2519/2519 2517/2517 2534/2534
f 2519/2519 2534/2534 2525/2525
f 3072/3072 3151/3151 3124/3124
f 3318/3318 3317/3317 3333/3333
f 3333/3333 3317/3317 3320/3320
f 3375/3375 3326/3326 3357/3357
f 3368/3368 3357/3357 3349/3349
f 3343/3343 3336/3336 3358/3358
f 3358/3358 3336/3336 3335/3335
f 3358/3358 3335/3335 3339/3339
f 3358/3358 3339/3339 3369/3369
f 3339/3339 3337/3337 3369/3369
f 3338/3338 3340/3340 3364/3364
f 2538/2538 2537/2537 2536/2536
f 2536/2536 2532/2532 2531/2531
f 2531/2531 2532/2532 2515/2515
f 2531/2531 2515/2515 2514/2514
f 2514/2514 2515/2515 2516/2516
f 2516/2516 2517/2517 2519/2519
f 2516/2516 2519/2519 2520/2520
f 3150/3150 3123/3123 3156/3156
f 3123/3123 3143/3143 3156/3156
f 2520/2520 2519/2519 2525/2525
f 2520/2520 2525/2525 2523/2523
f 3378/3378 3333/3333 3377/3377
f 3077/3077 3072/3072 3123/3123
f 3122/3122 3077/3077 3123/3123
f 2010/2010 2002/2002 1990/1990
f 3320/3320 3326/3326 3375/3375
f 1990/1990 2002/2002 1989/1989
f 3375/3375 3357/3357 3371/3371
f 3371/3371 3357/3357 3368/3368
f 1979/1979 1987/1987 1930/1930
f 1930/1930 1987/1987 1946/1946
f 1954/1954 1965/1965 1919/1919
f 1965/1965 1970/1970 1936/1936
f 1970/1970 1974/1974 1936/1936
f 1936/1936 1974/1974 1937/1937
f 1974/1974 1975/1975 1938/1938
f 1938/1938 1975/1975 1957/1957
f 1957/1957 1975/1975 1983/1983
f 3362/3362 3352/3352 3363/3363
f 3352/3352 3341/3341 3351/3351
f 2541/2541 2538/2538 2540/2540
f 2538/2538 2536/2536 2539/2539
f 2540/2540 2538/2538 2539/2539
f 1321/1321 1302/1302 1359/1359
f 2521/2521 2516/2516 2520/2520
f 1257/1257 1262/1262 1261/1261
f 2521/2521 2520/2520 2522/2522
f 2522/2522 2520/2520 2523/2523
f 2011/2011 2010/2010 1990/1990
f 1990/1990 1989/1989 1962/1962
f 1962/1962 1989/1989 1967/1967
f 1989/1989 1980/1980 1967/1967
f 1967/1967 1980/1980 1929/1929
f 1980/1980 1979/1979 1929/1929
f 1929/1929 1979/1979 1930/1930
f 1927/1927 1930/1930 1946/1946
f 1946/1946 1948/1948 1927/1927
f 1927/1927 1948/1948 1918/1918
f 1948/1948 1954/1954 1918/1918
f 1918/1918 1954/1954 1919/1919
f 1919/1919 1936/1936 1871/1871
f 1871/1871 1936/1936 1870/1870
f 1870/1870 1936/1936 1937/1937
f 1957/1957 1983/1983 1959/1959
f 1959/1959 1983/1983 1972/1972
f 1959/1959 1972/1972 1920/1920
f 1920/1920 1972/1972 1971/1971
f 3363/3363 3352/3352 3351/3351
f 3363/3363 3351/3351 3367/3367
f 3351/3351 3347/3347 3348/3348
f 3351/3351 3348/3348 3350/3350
f 3303/3303 3296/3296 3297/3297
f 3303/3303 3297/3297 3322/3322
f 1283/1283 1284/1284 1306/1306
f 1306/1306 1284/1284 1305/1305
f 1310/1310 1309/1309 1319/1319
f 1332/1332 1323/1323 1327/1327
f 1349/1349 1348/1348 1361/1361
f 2542/2542 2541/2541 2540/2540
f 1167/1167 1185/1185 1057/1057
f 1361/1361 1348/1348 1362/1362
f 1257/1257 1261/1261 1167/1167
f 1256/1256 1257/1257 1167/1167
f 2524/2524 2522/2522 2523/2523
f 2524/2524 2523/2523 2526/2526
f 2524/2524 2526/2526 2527/2527
f 2008/2008 2011/2011 1991/1991
f 1991/1991 1990/1990 1964/1964
f 1964/1964 1990/1990 1962/1962
f 1962/1962 1967/1967 1939/1939
f 3125/3125 3122/3122 3141/3141
f 1939/1939 1967/1967 1929/1929
f 1929/1929 1930/1930 1917/1917
f 1917/1917 1930/1930 1927/1927
f 1927/1927 1918/1918 1877/1877
f 1918/1918 1919/1919 1875/1875
f 1875/1875 1919/1919 1871/1871
f 1870/1870 1937/1937 1868/1868
f 1868/1868 1937/1937 1867/1867
f 1867/1867 1959/1959 1865/1865
f 1865/1865 1959/1959 1920/1920
f 1920/1920 1971/1971 1951/1951
f 3367/3367 3351/3351 3366/3366
f 3366/3366 3351/3351 3350/3350
f 3366/3366 3350/3350 3365/3365
f 3334/3334 3321/3321 3355/3355
f 1202/1202 1243/1243 1254/1254
f 1201/1201 1202/1202 1254/1254
f 1254/1254 1243/1243 1287/1287
f 1290/1290 1297/1297 1320/1320
f 1299/1299 1300/1300 1322/1322
f 1532/1532 1556/1556 1555/1555
f 1532/1532 1555/1555 1536/1536
f 1532/1532 1536/1536 1514/1514
f 1514/1514 1536/1536 1535/1535
f 1514/1514 1535/1535 1522/1522
f 1535/1535 1550/1550 1523/1523
f 1522/1522 1535/1535 1523/1523
f 1550/1550 1549/1549 1523/1523
f 1523/1523 1549/1549 1505/1505
f 1505/1505 1549/1549 1504/1504
f 1549/1549 1548/1548 1504/1504
f 1504/1504 1548/1548 1530/1530
f 1504/1504 1530/1530 1501/1501
f 1501/1501 1530/1530 1526/1526
f 1501/1501 1526/1526 1485/1485
f 1485/1485 1526/1526 1527/1527
f 1485/1485 1527/1527 1482/1482
f 1527/1527 1528/1528 1482/1482
f 1482/1482 1528/1528 1521/1521
f 1482/1482 1521/1521 1476/1476
f 1060/1060 1167/1167 1010/1010
f 1521/1521 1524/1524 1480/1480
f 1476/1476 1521/1521 1480/1480
f 1260/1260 1256/1256 1060/1060
f 1060/1060 1256/1256 1167/1167
f 2528/2528 2524/2524 2527/2527
f 2528/2528 2527/2527 2529/2529
f 2008/2008 1991/1991 1997/1997
f 1997/1997 1991/1991 1964/1964
f 1964/1964 1962/1962 1922/1922
f 1922/1922 1962/1962 1939/1939
f 1939/1939 1929/1929 1889/1889
f 1889/1889 1929/1929 1917/1917
f 1917/1917 1927/1927 1877/1877
f 1877/1877 1918/1918 1875/1875
f 1875/1875 1871/1871 1872/1872
f 1871/1871 1870/1870 1869/1869
f 1872/1872 1871/1871 1869/1869
f 1869/1869 1870/1870 1868/1868
f 1869/1869 1868/1868 1866/1866
f 1868/1868 1867/1867 1866/1866
f 1866/1866 1867/1867 1865/1865
f 1866/1866 1865/1865 1864/1864
f 1865/1865 1920/1920 1857/1857
f 1857/1857 1920/1920 1854/1854
f 1854/1854 1951/1951 1934/1934
f 1854/1854 1934/1934 1850/1850
f 1850/1850 1934/1934 1848/1848
f 1934/1934 1955/1955 1848/1848
f 1848/1848 1955/1955 1846/1846
f 1846/1846 1984/1984 1845/1845
f 1845/1845 1984/1984 1966/1966
f 3139/3139 3135/3135 3140/3140
f 3120/3120 3139/3139 3140/3140
f 1966/1966 1993/1993 1935/1935
f 2478/2478 2479/2479 2480/2480
f 2481/2481 2478/2478 2480/2480
f 2480/2480 2479/2479 2482/2482
f 2482/2482 2479/2479 2483/2483
f 1152/1152 1201/1201 1203/1203
f 1318/1318 1317/1317 1358/1358
f 1358/1358 1317/1317 1340/1340
f 1338/1338 1352/1352 1357/1357
f 1552/1552 2089/2089 1541/1541
f 1541/1541 1540/1540 1512/1512
f 1512/1512 1540/1540 1507/1507
f 1507/1507 1540/1540 1542/1542
f 1507/1507 1542/1542 1508/1508
f 1508/1508 1542/1542 1509/1509
f 1491/1491 1509/1509 1495/1495
f 1495/1495 1513/1513 1492/1492
f 1492/1492 1513/1513 1493/1493
f 1493/1493 1513/1513 1514/1514
f 1514/1514 1510/1510 1494/1494
f 1494/1494 1510/1510 1486/1486
f 1486/1486 1510/1510 1484/1484
f 1484/1484 1510/1510 1503/1503
f 1502/1502 1505/1505 1481/1481
f 1481/1481 1505/1505 1497/1497
f 1496/1496 1501/1501 1479/1479
f 1479/1479 1501/1501 1485/1485
f 1451/1451 1485/1485 1482/1482
f 1451/1451 1482/1482 1477/1477
f 1477/1477 1476/1476 1437/1437
f 1476/1476 1480/1480 1473/1473
f 1437/1437 1476/1476 1473/1473
f 1260/1260 1060/1060 1011/1011
f 1473/1473 1480/1480 1632/1632
f 2528/2528 2529/2529 2530/2530
f 1969/1969 1964/1964 1925/1925
f 1964/1964 1922/1922 1925/1925
f 1922/1922 1939/1939 1889/1889
f 1889/1889 1917/1917 1888/1888
f 2787/2787 2785/2785 2784/2784
f 1888/1888 1917/1917 1883/1883
f 1883/1883 1917/1917 1877/1877
f 1877/1877 1875/1875 1876/1876
f 1876/1876 1875/1875 1874/1874
f 1874/1874 1875/1875 1872/1872
f 1874/1874 1872/1872 1873/1873
f 1873/1873 1872/1872 1869/1869
f 1873/1873 1869/1869 1879/1879
f 1879/1879 1869/1869 1880/1880
f 1869/1869 1866/1866 1878/1878
f 1880/1880 1869/1869 1878/1878
f 1878/1878 1866/1866 1864/1864
f 1858/1858 1857/1857 1855/1855
f 1855/1855 1857/1857 1854/1854
f 1855/1855 1854/1854 1853/1853
f 1855/1855 1853/1853 1849/1849
f 1849/1849 1850/1850 1848/1848
f 1849/1849 1848/1848 1847/1847
f 1848/1848 1846/1846 1847/1847
f 1847/1847 1846/1846 1841/1841
f 1841/1841 1846/1846 1845/1845
f 1841/1841 1845/1845 1840/1840
f 1845/1845 1966/1966 1840/1840
f 1840/1840 1966/1966 1935/1935
f 1935/1935 1993/1993 1976/1976
f 1976/1976 2024/2024 2009/2009
f 41/41 54/54 28/28
f 54/54 57/57 27/27
f 28/28 54/54 27/27
f 2261/2261 2257/2257 2334/2334
f 27/27 57/57 35/35
f 2334/2334 2257/2257 2276/2276
f 2265/2265 2249/2249 2259/2259
f 2259/2259 2256/2256 2262/2262
f 2262/2262 2256/2256 2258/2258
f 2258/2258 2253/2253 2260/2260
f 2496/2496 2495/2495 2489/2489
f 2495/2495 2485/2485 2489/2489
f 2489/2489 2485/2485 2481/2481
f 2489/2489 2481/2481 2490/2490
f 2253/2253 2294/2294 2260/2260
f 2482/2482 2483/2483 2484/2484
f 2497/2497 2482/2482 2484/2484
f 2483/2483 2486/2486 2484/2484
f 2486/2486 2510/2510 2508/2508
f 1525/1525 1529/1529 1518/1518
f 1518/1518 1529/1529 1534/1534
f 1518/1518 1534/1534 1517/1517
f 1519/1519 1520/1520 1499/1499
f 1499/1499 1520/1520 1516/1516
f 1499/1499 1516/1516 1506/1506
f 1506/1506 1516/1516 1515/1515
f 1511/1511 1515/1515 1512/1512
f 1507/1507 1508/1508 1490/1490
f 1488/1488 1507/1507 1490/1490
f 1490/1490 1508/1508 1491/1491
f 1508/1508 1509/1509 1491/1491
f 1491/1491 1492/1492 1459/1459
f 1492/1492 1493/1493 1464/1464
f 1464/1464 1493/1493 1463/1463
f 1463/1463 1493/1493 1494/1494
f 1463/1463 1494/1494 1486/1486
f 1484/1484 1503/1503 1469/1469
f 1469/1469 1503/1503 1502/1502
f 1469/1469 1502/1502 1470/1470
f 1470/1470 1502/1502 1481/1481
f 1481/1481 1497/1497 1466/1466
f 1466/1466 1479/1479 1454/1454
f 1454/1454 1479/1479 1453/1453
f 1453/1453 1479/1479 1458/1458
f 1453/1453 1458/1458 1452/1452
f 1452/1452 1458/1458 1410/1410
f 1410/1410 1458/1458 1451/1451
f 1410/1410 1451/1451 1441/1441
f 1441/1441 1451/1451 1437/1437
f 2815/2815 2861/2861 2812/2812
f 1117/1117 1260/1260 1011/1011
f 2529/2529 2545/2545 2543/2543
f 1969/1969 1925/1925 1944/1944
f 1988/1988 1969/1969 1944/1944
f 1925/1925 1922/1922 1891/1891
f 1891/1891 1889/1889 1886/1886
f 1889/1889 1888/1888 1886/1886
f 1886/1886 1888/1888 1883/1883
f 2787/2787 2784/2784 2786/2786
f 2791/2791 2787/2787 2786/2786
f 1882/1882 1883/1883 1877/1877
f 2209/2209 2187/2187 2165/2165
f 1882/1882 1877/1877 1881/1881
f 1877/1877 1876/1876 1881/1881
f 2191/2191 2205/2205 2165/2165
f 2191/2191 2165/2165 2150/2150
f 2191/2191 2150/2150 2161/2161
f 1876/1876 1874/1874 1884/1884
f 1881/1881 1876/1876 1884/1884
f 1884/1884 1874/1874 1890/1890
f 1890/1890 1874/1874 1873/1873
f 1873/1873 1879/1879 1890/1890
f 1879/1879 1880/1880 1912/1912
f 1912/1912 1880/1880 1945/1945
f 1880/1880 1878/1878 1945/1945
f 2168/2168 2144/2144 2102/2102
f 2159/2159 2168/2168 2102/2102
f 1858/1858 1878/1878 1864/1864
f 1878/1878 1858/1858 1945/1945
f 1945/1945 1858/1858 1941/1941
f 1858/1858 1855/1855 1941/1941
f 1941/1941 1855/1855 1940/1940
f 1940/1940 1855/1855 1856/1856
f 1855/1855 1849/1849 1856/1856
f 1856/1856 1849/1849 1852/1852
f 1852/1852 1849/1849 1847/1847
f 1852/1852 1847/1847 1844/1844
f 1847/1847 1841/1841 1844/1844
f 1844/1844 1841/1841 1842/1842
f 1841/1841 1840/1840 1839/1839
f 1842/1842 1841/1841 1839/1839
f 1840/1840 1935/1935 1838/1838
f 1838/1838 1935/1935 1837/1837
f 1837/1837 1935/1935 1976/1976
f 2329/2329 2315/2315 2330/2330
f 2330/2330 2315/2315 2299/2299
f 38/38 41/41 21/21
f 21/21 41/41 28/28
f 21/21 28/28 12/12
f 12/12 28/28 27/27
f 12/12 27/27 19/19
f 27/27 35/35 19/19
f 35/35 48/48 45/45
f 2288/2288 2276/2276 2275/2275
f 2274/2274 2273/2273 2279/2279
f 2500/2500 2496/2496 2499/2499
f 2499/2499 2496/2496 2498/2498
f 2496/2496 2489/2489 2498/2498
f 2268/2268 2295/2295 2282/2282
f 2487/2487 2484/2484 2486/2486
f 2487/2487 2486/2486 2488/2488
f 2488/2488 2486/2486 2491/2491
f 2486/2486 2508/2508 2491/2491
f 1698/1698 1525/1525 1478/1478
f 1525/1525 1518/1518 1474/1474
f 1478/1478 1525/1525 1474/1474
f 1474/1474 1518/1518 1517/1517
f 1474/1474 1517/1517 1483/1483
f 1483/1483 1498/1498 1447/1447
f 1498/1498 1499/1499 1449/1449
f 1447/1447 1498/1498 1449/1449
f 1449/1449 1499/1499 1457/1457
f 1457/1457 1499/1499 1506/1506
f 1457/1457 1506/1506 1487/1487
f 1487/1487 1506/1506 1511/1511
f 1487/1487 1511/1511 1488/1488
f 1488/1488 1490/1490 1460/1460
f 1460/1460 1490/1490 1489/1489
f 1490/1490 1491/1491 1489/1489
f 1489/1489 1491/1491 1461/1461
f 1461/1461 1491/1491 1459/1459
f 1465/1465 1459/1459 1492/1492
f 1465/1465 1492/1492 1464/1464
f 1462/1462 1468/1468 1364/1364
f 1468/1468 1469/1469 1366/1366
f 1364/1364 1468/1468 1366/1366
f 1469/1469 1470/1470 1366/1366
f 1366/1366 1470/1470 1393/1393
f 1393/1393 1470/1470 1467/1467
f 1393/1393 1467/1467 1391/1391
f 1391/1391 1467/1467 1466/1466
f 1391/1391 1466/1466 1392/1392
f 1466/1466 1454/1454 1392/1392
f 1392/1392 1454/1454 1433/1433
f 1454/1454 1453/1453 1433/1433
f 1433/1433 1453/1453 1452/1452
f 1433/1433 1452/1452 1410/1410
f 1410/1410 1441/1441 1401/1401
f 1401/1401 1441/1441 1437/1437
f 1401/1401 1437/1437 1403/1403
f 1403/1403 1437/1437 1473/1473
f 1117/1117 1011/1011 963/963
f 1473/1473 1632/1632 1500/1500
f 1403/1403 1473/1473 1500/1500
f 2535/2535 2530/2530 2529/2529
f 2535/2535 2529/2529 2543/2543
f 1988/1988 1944/1944 1949/1949
f 1925/1925 1891/1891 1896/1896
f 1944/1944 1925/1925 1896/1896
f 1896/1896 1891/1891 1887/1887
f 1891/1891 1886/1886 1887/1887
f 1887/1887 1886/1886 1885/1885
f 1885/1885 1886/1886 1883/1883
f 1885/1885 1883/1883 1882/1882
f 2187/2187 2192/2192 2166/2166
f 1913/1913 1882/1882 1881/1881
f 2165/2165 2166/2166 2151/2151
f 1913/1913 1881/1881 1909/1909
f 2150/2150 2165/2165 2151/2151
f 1909/1909 1881/1881 1884/1884
f 1909/1909 1884/1884 1908/1908
f 2131/2131 2132/2132 2133/2133
f 1908/1908 1884/1884 1890/1890
f 1908/1908 1890/1890 1910/1910
f 2098/2098 2113/2113 2112/2112
f 1911/1911 1890/1890 1879/1879
f 1911/1911 1879/1879 1903/1903
f 1879/1879 1912/1912 1903/1903
f 2102/2102 2099/2099 2100/2100
f 1932/1932 1945/1945 1941/1941
f 2102/2102 2100/2100 2107/2107
f 2159/2159 2102/2102 2107/2107
f 2180/2180 2159/2159 2107/2107
f 1940/1940 1932/1932 1941/1941
f 1931/1931 1932/1932 1940/1940
f 2186/2186 2180/2180 2107/2107
f 1931/1931 1940/1940 1928/1928
f 1940/1940 1856/1856 1924/1924
f 1928/1928 1940/1940 1924/1924
f 1924/1924 1856/1856 1852/1852
f 1852/1852 1844/1844 1914/1914
f 1914/1914 1844/1844 1862/1862
f 1862/1862 1844/1844 1842/1842
f 1862/1862 1842/1842 1843/1843
f 1842/1842 1839/1839 1843/1843
f 1836/1836 1838/1838 1837/1837
f 1837/1837 1976/1976 1947/1947
f 1976/1976 2009/2009 1999/1999
f 29/29 64/64 38/38
f 29/29 38/38 21/21
f 35/35 45/45 23/23
f 19/19 35/35 23/23
f 23/23 45/45 46/46
f 2379/2379 2288/2288 2289/2289
f 2286/2286 2274/2274 2279/2279
f 2286/2286 2279/2279 2277/2277
f 2281/2281 2280/2280 2284/2284
f 2502/2502 2500/2500 2501/2501
f 2500/2500 2499/2499 2501/2501
f 2280/2280 2287/2287 2284/2284
f 2488/2488 2491/2491 2492/2492
f 2504/2504 2488/2488 2492/2492
f 1478/1478 1474/1474 1440/1440
f 1474/1474 1483/1483 1448/1448
f 1440/1440 1474/1474 1448/1448
f 1448/1448 1483/1483 1447/1447
f 1449/1449 1457/1457 1442/1442
f 1457/1457 1456/1456 1442/1442
f 1450/1450 1455/1455 1460/1460
f 1450/1450 1460/1460 1445/1445
f 1445/1445 1460/1460 1446/1446
f 1446/1446 1460/1460 1461/1461
f 1446/1446 1461/1461 1426/1426
f 1426/1426 1461/1461 1459/1459
f 1426/1426 1459/1459 1414/1414
f 1459/1459 1465/1465 1414/1414
f 1414/1414 1465/1465 1464/1464
f 1414/1414 1464/1464 1412/1412
f 1464/1464 1463/1463 1412/1412
f 1463/1463 1462/1462 1412/1412
f 1412/1412 1462/1462 1413/1413
f 1413/1413 1462/1462 1364/1364
f 1392/1392 1433/1433 1394/1394
f 1394/1394 1433/1433 1395/1395
f 1395/1395 1433/1433 1410/1410
f 1395/1395 1410/1410 1399/1399
f 1399/1399 1410/1410 1401/1401
f 1399/1399 1401/1401 1400/1400
f 1400/1400 1401/1401 1402/1402
f 1402/1402 1403/1403 1404/1404
f 1404/1404 1403/1403 1500/1500
f 2816/2816 2815/2815 2773/2773
f 1717/1717 1988/1988 1949/1949
f 1949/1949 1944/1944 1896/1896
f 1896/1896 1887/1887 1893/1893
f 1893/1893 1887/1887 1885/1885
f 1882/1882 1913/1913 1907/1907
f 2150/2150 2151/2151 2148/2148
f 2150/2150 2148/2148 2145/2145
f 2113/2113 2131/2131 2129/2129
f 2113/2113 2129/2129 2114/2114
f 2112/2112 2114/2114 2097/2097
f 1910/1910 1890/1890 1895/1895
f 1890/1890 1911/1911 1860/1860
f 1895/1895 1890/1890 1860/1860
f 1942/1942 1903/1903 1912/1912
f 1903/1903 1942/1942 1892/1892
f 2098/2098 2097/2097 2094/2094
f 1942/1942 1912/1912 1945/1945
f 1943/1943 1942/1942 1945/1945
f 1942/1942 1943/1943 1892/1892
f 2099/2099 2098/2098 2094/2094
f 1892/1892 1943/1943 1829/1829
f 2100/2100 2099/2099 2094/2094
f 1932/1932 1943/1943 1945/1945
f 1943/1943 1932/1932 1829/1829
f 2100/2100 2094/2094 2093/2093
f 1829/1829 1932/1932 1830/1830
f 2100/2100 2093/2093 2103/2103
f 1932/1932 1931/1931 1830/1830
f 2107/2107 2100/2100 2103/2103
f 1830/1830 1931/1931 1822/1822
f 2107/2107 2103/2103 2108/2108
f 2109/2109 2107/2107 2108/2108
f 1931/1931 1928/1928 1822/1822
f 2109/2109 2108/2108 2111/2111
f 1928/1928 1924/1924 1827/1827
f 1822/1822 1928/1928 1827/1827
f 2116/2116 2109/2109 2111/2111
f 2116/2116 2111/2111 2117/2117
f 2153/2153 2116/2116 2117/2117
f 1827/1827 1924/1924 1863/1863
f 2154/2154 2153/2153 2117/2117
f 2154/2154 2117/2117 2124/2124
f 1863/1863 1924/1924 1852/1852
f 2154/2154 2124/2124 2155/2155
f 1863/1863 1852/1852 1914/1914
f 1863/1863 1914/1914 1923/1923
f 2225/2225 2154/2154 2155/2155
f 1923/1923 1914/1914 1862/1862
f 1843/1843 1839/1839 1834/1834
f 1839/1839 1836/1836 1834/1834
f 1834/1834 1836/1836 1835/1835
f 1836/1836 1837/1837 1835/1835
f 1835/1835 1837/1837 1947/1947
f 60/60 64/64 29/29
f 13/13 29/29 21/21
f 13/13 21/21 12/12
f 10/10 12/12 19/19
f 3488/3488 3489/3489 3475/3475
f 3475/3475 3489/3489 3484/3484
f 3475/3475 3484/3484 3476/3476
f 3476/3476 3484/3484 3482/3482
f 3482/3482 3483/3483 3474/3474
f 3474/3474 3483/3483 3481/3481
f 3474/3474 3481/3481 3472/3472
f 3481/3481 3487/3487 3478/3478
f 3472/3472 3481/3481 3478/3478
f 3478/3478 3487/3487 3486/3486
f 3478/3478 3486/3486 3471/3471
f 3471/3471 3486/3486 3485/3485
f 3471/3471 3485/3485 3477/3477
f 2503/2503 2502/2502 2501/2501
f 2511/2511 2492/2492 2493/2493
f 3477/3477 3485/3485 3490/3490
f 2493/2493 2492/2492 2491/2491
f 2493/2493 2491/2491 2494/2494
f 3395/3395 3396/3396 3394/3394
f 1698/1698 1478/1478 1531/1531
f 3394/3394 3396/3396 3397/3397
f 1531/1531 1478/1478 1440/1440
f 1432/1432 1439/1439 1447/1447
f 1432/1432 1447/1447 1449/1449
f 1432/1432 1449/1449 1428/1428
f 1428/1428 1449/1449 1442/1442
f 1435/1435 1442/1442 1456/1456
f 1435/1435 1456/1456 1436/1436
f 1436/1436 1456/1456 1455/1455
f 1455/1455 1450/1450 1419/1419
f 1436/1436 1455/1455 1419/1419
f 1419/1419 1450/1450 1434/1434
f 1450/1450 1445/1445 1434/1434
f 1445/1445 1446/1446 1427/1427
f 1411/1411 1414/1414 1383/1383
f 1414/1414 1412/1412 1383/1383
f 1383/1383 1412/1412 1374/1374
f 1374/1374 1412/1412 1373/1373
f 1412/1412 1413/1413 1363/1363
f 1373/1373 1412/1412 1363/1363
f 1413/1413 1364/1364 1363/1363
f 1364/1364 1366/1366 1365/1365
f 1363/1363 1364/1364 1365/1365
f 1366/1366 1393/1393 1367/1367
f 1365/1365 1366/1366 1367/1367
f 1367/1367 1393/1393 1391/1391
f 1367/1367 1391/1391 1377/1377
f 1377/1377 1391/1391 1382/1382
f 1391/1391 1392/1392 1382/1382
f 1382/1382 1392/1392 1394/1394
f 1382/1382 1394/1394 1388/1388
f 1388/1388 1394/1394 1395/1395
f 1388/1388 1395/1395 1396/1396
f 1395/1395 1399/1399 1398/1398
f 1397/1397 1395/1395 1398/1398
f 1398/1398 1399/1399 1400/1400
f 1562/1562 1404/1404 1500/1500
f 1894/1894 1893/1893 1885/1885
f 1894/1894 1885/1885 1833/1833
f 2164/2164 2184/2184 2183/2183
f 1885/1885 1882/1882 1833/1833
f 2164/2164 2183/2183 2163/2163
f 2162/2162 2164/2164 2163/2163
f 1833/1833 1882/1882 1907/1907
f 2162/2162 2163/2163 2160/2160
f 2151/2151 2162/2162 2160/2160
f 2151/2151 2160/2160 2148/2148
f 1913/1913 1909/1909 1906/1906
f 2145/2145 2148/2148 2146/2146
f 1909/1909 1908/1908 1905/1905
f 2145/2145 2146/2146 2139/2139
f 2133/2133 2139/2139 2129/2129
f 1905/1905 1908/1908 1895/1895
f 2114/2114 2129/2129 2130/2130
f 1908/1908 1910/1910 1895/1895
f 2114/2114 2115/2115 2097/2097
f 2097/2097 2115/2115 2106/2106
f 1860/1860 1911/1911 1903/1903
f 1860/1860 1903/1903 1800/1800
f 2097/2097 2106/2106 2096/2096
f 1903/1903 1892/1892 1800/1800
f 2094/2094 2097/2097 2096/2096
f 1800/1800 1892/1892 1804/1804
f 2094/2094 2096/2096 2095/2095
f 1804/1804 1892/1892 1829/1829
f 2093/2093 2094/2094 2095/2095
f 2093/2093 2095/2095 2104/2104
f 1804/1804 1829/1829 1805/1805
f 1829/1829 1830/1830 1805/1805
f 2093/2093 2104/2104 2105/2105
f 2103/2103 2093/2093 2105/2105
f 2108/2108 2103/2103 2105/2105
f 1805/1805 1830/1830 1806/1806
f 1806/1806 1830/1830 1822/1822
f 2108/2108 2105/2105 2121/2121
f 1806/1806 1822/1822 1807/1807
f 2111/2111 2108/2108 2135/2135
f 2108/2108 2121/2121 2128/2128
f 2135/2135 2108/2108 2128/2128
f 1822/1822 1827/1827 1808/1808
f 1807/1807 1822/1822 1808/1808
f 2135/2135 2128/2128 2136/2136
f 2111/2111 2135/2135 2136/2136
f 1827/1827 1863/1863 1808/1808
f 2111/2111 2136/2136 2122/2122
f 2117/2117 2111/2111 2122/2122
f 2124/2124 2117/2117 2123/2123
f 2123/2123 2117/2117 2122/2122
f 1808/1808 1863/1863 1816/1816
f 1816/1816 1863/1863 1923/1923
f 2124/2124 2123/2123 2125/2125
f 2123/2123 2122/2122 2126/2126
f 2125/2125 2123/2123 2126/2126
f 1816/1816 1923/1923 1862/1862
f 1816/1816 1862/1862 1828/1828
f 2134/2134 2124/2124 2125/2125
f 2134/2134 2125/2125 2141/2141
f 1828/1828 1862/1862 1843/1843
f 1828/1828 1843/1843 1851/1851
f 2193/2193 2134/2134 2156/2156
f 1851/1851 1843/1843 1834/1834
f 2196/2196 2193/2193 2156/2156
f 1835/1835 1947/1947 1950/1950
f 2443/2443 2410/2410 2414/2414
f 32/32 60/60 29/29
f 32/32 29/29 13/13
f 19/19 23/23 20/20
f 10/10 19/19 20/20
f 23/23 46/46 20/20
f 20/20 46/46 49/49
f 3476/3476 3482/3482 3474/3474
f 3472/3472 3478/3478 3473/3473
f 3473/3473 3478/3478 3471/3471
f 3471/3471 3477/3477 3466/3466
f 2513/2513 2512/2512 2494/2494
f 1444/1444 1440/1440 1443/1443
f 1443/1443 1440/1440 1438/1438
f 1440/1440 1439/1439 1438/1438
f 1438/1438 1439/1439 1432/1432
f 1435/1435 1436/1436 1420/1420
f 1421/1421 1435/1435 1420/1420
f 1420/1420 1436/1436 1419/1419
f 1419/1419 1434/1434 1409/1409
f 1409/1409 1434/1434 1425/1425
f 1409/1409 1425/1425 1406/1406
f 1406/1406 1425/1425 1405/1405
f 1425/1425 1427/1427 1405/1405
f 1405/1405 1427/1427 1387/1387
f 1427/1427 1426/1426 1387/1387
f 1426/1426 1411/1411 1387/1387
f 1387/1387 1411/1411 1384/1384
f 1411/1411 1383/1383 1384/1384
f 1383/1383 1374/1374 1376/1376
f 1372/1372 1373/1373 1363/1363
f 1368/1368 1363/1363 1365/1365
f 1370/1370 1365/1365 1367/1367
f 1370/1370 1367/1367 1377/1377
f 1377/1377 1382/1382 1380/1380
f 1382/1382 1388/1388 1380/1380
f 1398/1398 1400/1400 1543/1543
f 1544/1544 1398/1398 1543/1543
f 1543/1543 1400/1400 1545/1545
f 1545/1545 1400/1400 1402/1402
f 1545/1545 1402/1402 1404/1404
f 1545/1545 1404/1404 1561/1561
f 1562/1562 1500/1500 1563/1563
f 2535/2535 2543/2543 2544/2544
f 1563/1563 1500/1500 1717/1717
f 1717/1717 1949/1949 1731/1731
f 1731/1731 1949/1949 1926/1926
f 1926/1926 1949/1949 1896/1896
f 1926/1926 1896/1896 1900/1900
f 1900/1900 1896/1896 1893/1893
f 1900/1900 1893/1893 1894/1894
f 2163/2163 2185/2185 2160/2160
f 2148/2148 2160/2160 2158/2158
f 1906/1906 1907/1907 1913/1913
f 1833/1833 1907/1907 1906/1906
f 1833/1833 1906/1906 1832/1832
f 2148/2148 2158/2158 2146/2146
f 1832/1832 1906/1906 1861/1861
f 1906/1906 1909/1909 1905/1905
f 1906/1906 1905/1905 1861/1861
f 2139/2139 2146/2146 2147/2147
f 2129/2129 2139/2139 2147/2147
f 2129/2129 2147/2147 2149/2149
f 2130/2130 2129/2129 2149/2149
f 1905/1905 1895/1895 1861/1861
f 1861/1861 1895/1895 1831/1831
f 2115/2115 2130/2130 2143/2143
f 2106/2106 2115/2115 2143/2143
f 1895/1895 1860/1860 1831/1831
f 2106/2106 2143/2143 2119/2119
f 1831/1831 1860/1860 1799/1799
f 1799/1799 1860/1860 1800/1800
f 1799/1799 1800/1800 1798/1798
f 2096/2096 2106/2106 2119/2119
f 2096/2096 2119/2119 2118/2118
f 1798/1798 1800/1800 1802/1802
f 2096/2096 2118/2118 2101/2101
f 1802/1802 1800/1800 1804/1804
f 2095/2095 2096/2096 2101/2101
f 1802/1802 1804/1804 1772/1772
f 2095/2095 2101/2101 2104/2104
f 1804/1804 1805/1805 1776/1776
f 1772/1772 1804/1804 1776/1776
f 2105/2105 2104/2104 2110/2110
f 2105/2105 2110/2110 2120/2120
f 2121/2121 2105/2105 2120/2120
f 2121/2121 2120/2120 2170/2170
f 2128/2128 2121/2121 2172/2172
f 2172/2172 2121/2121 2170/2170
f 2172/2172 2170/2170 2173/2173
f 1807/1807 1808/1808 1774/1774
f 2136/2136 2172/2172 2176/2176
f 2172/2172 2173/2173 2176/2176
f 1774/1774 1808/1808 1809/1809
f 2136/2136 2176/2176 2137/2137
f 2122/2122 2136/2136 2137/2137
f 2122/2122 2137/2137 2138/2138
f 1809/1809 1808/1808 1816/1816
f 2122/2122 2138/2138 2127/2127
f 2126/2126 2122/2122 2127/2127
f 1809/1809 1816/1816 1801/1801
f 2126/2126 2127/2127 2140/2140
f 2125/2125 2126/2126 2140/2140
f 1816/1816 1828/1828 1801/1801
f 2141/2141 2125/2125 2140/2140
f 2141/2141 2140/2140 2142/2142
f 1828/1828 1851/1851 1824/1824
f 2156/2156 2141/2141 2142/2142
f 2156/2156 2142/2142 2157/2157
f 2218/2218 2156/2156 2157/2157
f 2897/2897 2907/2907 2899/2899
f 2196/2196 2218/2218 2221/2221
f 1950/1950 1999/1999 1996/1996
f 61/61 60/60 32/32
f 25/25 32/32 13/13
f 25/25 13/13 14/14
f 13/13 12/12 2/2
f 2/2 12/12 10/10
f 10/10 20/20 9/9
f 20/20 49/49 36/36
f 3480/3480 3479/3479 3464/3464
f 3464/3464 3479/3479 3475/3475
f 3464/3464 3475/3475 3467/3467
f 3467/3467 3475/3475 3476/3476
f 3476/3476 3474/3474 3467/3467
f 3467/3467 3474/3474 3468/3468
f 3474/3474 3472/3472 3468/3468
f 3468/3468 3472/3472 3465/3465
f 3465/3465 3472/3472 3461/3461
f 3472/3472 3473/3473 3461/3461
f 3461/3461 3473/3473 3471/3471
f 3461/3461 3471/3471 3462/3462
f 3462/3462 3471/3471 3466/3466
f 1030/1030 1128/1128 1184/1184
f 3466/3466 3470/3470 3469/3469
f 3393/3393 3395/3395 3394/3394
f 3393/3393 3394/3394 3391/3391
f 3394/3394 3397/3397 3391/3391
f 1579/1579 1531/1531 1444/1444
f 1579/1579 1444/1444 1443/1443
f 1443/1443 1438/1438 1471/1471
f 1429/1429 1438/1438 1432/1432
f 1429/1429 1432/1432 1428/1428
f 1429/1429 1428/1428 1423/1423
f 1428/1428 1421/1421 1423/1423
f 1423/1423 1421/1421 1422/1422
f 1421/1421 1420/1420 1418/1418
f 1422/1422 1421/1421 1418/1418
f 1418/1418 1420/1420 1419/1419
f 1418/1418 1419/1419 1415/1415
f 1415/1415 1419/1419 1409/1409
f 1415/1415 1409/1409 1408/1408
f 1409/1409 1406/1406 1408/1408
f 1406/1406 1405/1405 1390/1390
f 1405/1405 1387/1387 1390/1390
f 1390/1390 1387/1387 1389/1389
f 1389/1389 1387/1387 1386/1386
f 1386/1386 1387/1387 1384/1384
f 1386/1386 1384/1384 1385/1385
f 1384/1384 1383/1383 1385/1385
f 1385/1385 1383/1383 1376/1376
f 1376/1376 1374/1374 1375/1375
f 1374/1374 1373/1373 1375/1375
f 1375/1375 1373/1373 1372/1372
f 1372/1372 1363/1363 1369/1369
f 1369/1369 1363/1363 1368/1368
f 1368/1368 1365/1365 1371/1371
f 1365/1365 1370/1370 1371/1371
f 1370/1370 1377/1377 1378/1378
f 1378/1378 1377/1377 1379/1379
f 1379/1379 1377/1377 1380/1380
f 1379/1379 1380/1380 1381/1381
f 1380/1380 1388/1388 1537/1537
f 1381/1381 1380/1380 1537/1537
f 1537/1537 1388/1388 1396/1396
f 1537/1537 1396/1396 1538/1538
f 1396/1396 1397/1397 1538/1538
f 1538/1538 1397/1397 1398/1398
f 1538/1538 1398/1398 1544/1544
f 1543/1543 1545/1545 1571/1571
f 1571/1571 1545/1545 1561/1561
f 2772/2772 2773/2773 2769/2769
f 1900/1900 1894/1894 1859/1859
f 1894/1894 1833/1833 1859/1859
f 1859/1859 1833/1833 1826/1826
f 1826/1826 1833/1833 1819/1819
f 1819/1819 1833/1833 1832/1832
f 1819/1819 1832/1832 1818/1818
f 2181/2181 2194/2194 2198/2198
f 1818/1818 1832/1832 1861/1861
f 2147/2147 2146/2146 2181/2181
f 2147/2147 2181/2181 2182/2182
f 1818/1818 1861/1861 1820/1820
f 2149/2149 2147/2147 2182/2182
f 2149/2149 2182/2182 2195/2195
f 1861/1861 1831/1831 1820/1820
f 1820/1820 1831/1831 1799/1799
f 1798/1798 1802/1802 1773/1773
f 1773/1773 1802/1802 1772/1772
f 2188/2188 2189/2189 2219/2219
f 1776/1776 1805/1805 1806/1806
f 1776/1776 1806/1806 1777/1777
f 2169/2169 2167/2167 2179/2179
f 2169/2169 2179/2179 2171/2171
f 1806/1806 1807/1807 1777/1777
f 1777/1777 1807/1807 1774/1774
f 2173/2173 2174/2174 2175/2175
f 2176/2176 2173/2173 2175/2175
f 2176/2176 2175/2175 2178/2178
f 2177/2177 2176/2176 2178/2178
f 2235/2235 2177/2177 2178/2178
f 1774/1774 1809/1809 1794/1794
f 2207/2207 2137/2137 2199/2199
f 2207/2207 2199/2199 2228/2228
f 2215/2215 2207/2207 2228/2228
f 1794/1794 1809/1809 1801/1801
f 2203/2203 2127/2127 2217/2217
f 2232/2232 2203/2203 2217/2217
f 1794/1794 1801/1801 1793/1793
f 1793/1793 1801/1801 1828/1828
f 1793/1793 1828/1828 1824/1824
f 1851/1851 1834/1834 1824/1824
f 1834/1834 1835/1835 1825/1825
f 1824/1824 1834/1834 1825/1825
f 1825/1825 1835/1835 1950/1950
f 1825/1825 1950/1950 1960/1960
f 1960/1960 1950/1950 1996/1996
f 61/61 32/32 25/25
f 44/44 61/61 25/25
f 14/14 13/13 2/2
f 3/3 10/10 9/9
f 9/9 20/20 36/36
f 3460/3460 3464/3464 3467/3467
f 3460/3460 3467/3467 3455/3455
f 3455/3455 3467/3467 3454/3454
f 3454/3454 3467/3467 3468/3468
f 2361/2361 2354/2354 2355/2355
f 3454/3454 3468/3468 3465/3465
f 3462/3462 3466/3466 3459/3459
f 3459/3459 3466/3466 3469/3469
f 3393/3393 3391/3391 3392/3392
f 1579/1579 1443/1443 1539/1539
f 1539/1539 1443/1443 1471/1471
f 1471/1471 1429/1429 1472/1472
f 1472/1472 1429/1429 1430/1430
f 1430/1430 1429/1429 1423/1423
f 1423/1423 1422/1422 1430/1430
f 1430/1430 1422/1422 1431/1431
f 1431/1431 1422/1422 1424/1424
f 1424/1424 1422/1422 1418/1418
f 1424/1424 1418/1418 1475/1475
f 1418/1418 1415/1415 1417/1417
f 1475/1475 1418/1418 1417/1417
f 1417/1417 1415/1415 1416/1416
f 1416/1416 1415/1415 1408/1408
f 1416/1416 1408/1408 1407/1407
f 1407/1407 1408/1408 1406/1406
f 1407/1407 1406/1406 1390/1390
f 1546/1546 1390/1390 1389/1389
f 1546/1546 1389/1389 1567/1567
f 1569/1569 1386/1386 1568/1568
f 1386/1386 1385/1385 1568/1568
f 1568/1568 1385/1385 1570/1570
f 1385/1385 1376/1376 1570/1570
f 1376/1376 1375/1375 1570/1570
f 1371/1371 1370/1370 1585/1585
f 1585/1585 1370/1370 1378/1378
f 1379/1379 1381/1381 1578/1578
f 1578/1578 1381/1381 1537/1537
f 1578/1578 1537/1537 1592/1592
f 1537/1537 1538/1538 1592/1592
f 1592/1592 1538/1538 1593/1593
f 1593/1593 1538/1538 1594/1594
f 1538/1538 1544/1544 1594/1594
f 1594/1594 1544/1544 1595/1595
f 1595/1595 1543/1543 1596/1596
f 1596/1596 1543/1543 1571/1571
f 1571/1571 1561/1561 1605/1605
f 1596/1596 1571/1571 1605/1605
f 1605/1605 1561/1561 1563/1563
f 1605/1605 1563/1563 1617/1617
f 1617/1617 1563/1563 1717/1717
f 1731/1731 1926/1926 1733/1733
f 1733/1733 1926/1926 1900/1900
f 1733/1733 1900/1900 1735/1735
f 1900/1900 1859/1859 1735/1735
f 1735/1735 1859/1859 1738/1738
f 1738/1738 1859/1859 1826/1826
f 1818/1818 1820/1820 1812/1812
f 1812/1812 1820/1820 1799/1799
f 1812/1812 1799/1799 1796/1796
f 1799/1799 1798/1798 1764/1764
f 1796/1796 1799/1799 1764/1764
f 1764/1764 1798/1798 1773/1773
f 1764/1764 1773/1773 1765/1765
f 1765/1765 1773/1773 1772/1772
f 1765/1765 1772/1772 1767/1767
f 1772/1772 1776/1776 1767/1767
f 1767/1767 1776/1776 1777/1777
f 1767/1767 1777/1777 1769/1769
f 3571/3571 3532/3532 3573/3573
f 1774/1774 1794/1794 1780/1780
f 3541/3541 3548/3548 3592/3592
f 1780/1780 1794/1794 1785/1785
f 2914/2914 2904/2904 2927/2927
f 3556/3556 3557/3557 3555/3555
f 1785/1785 1794/1794 1793/1793
f 1793/1793 1824/1824 1803/1803
f 1803/1803 1824/1824 1817/1817
f 1817/1817 1824/1824 1825/1825
f 1960/1960 1996/1996 2000/2000
f 44/44 25/25 14/14
f 2/2 10/10 3/3
f 3/3 9/9 5/5
f 9/9 36/36 22/22
f 22/22 36/36 62/62
f 22/22 62/62 40/40
f 3453/3453 3463/3463 3458/3458
f 3458/3458 3463/3463 3457/3457
f 3457/3457 3460/3460 3455/3455
f 3454/3454 3456/3456 3452/3452
f 3456/3456 3461/3461 3451/3451
f 3451/3451 3461/3461 3462/3462
f 3451/3451 3462/3462 3459/3459
f 3398/3398 3392/3392 3390/3390
f 3390/3390 3392/3392 3391/3391
f 3390/3390 3391/3391 3389/3389
f 1688/1688 1579/1579 1601/1601
f 1601/1601 1579/1579 1539/1539
f 1539/1539 1471/1471 1564/1564
f 1564/1564 1471/1471 1472/1472
f 1564/1564 1472/1472 1565/1565
f 1565/1565 1472/1472 1580/1580
f 1580/1580 1472/1472 1566/1566
f 1472/1472 1430/1430 1566/1566
f 1566/1566 1430/1430 1573/1573
f 1430/1430 1431/1431 1574/1574
f 1573/1573 1430/1430 1574/1574
f 1574/1574 1431/1431 1424/1424
f 1574/1574 1424/1424 1576/1576
f 1576/1576 1424/1424 1475/1475
f 1575/1575 1475/1475 1417/1417
f 1559/1559 1416/1416 1407/1407
f 1559/1559 1407/1407 1547/1547
f 1547/1547 1390/1390 1572/1572
f 1572/1572 1390/1390 1546/1546
f 1572/1572 1546/1546 1567/1567
f 1371/1371 1585/1585 1621/1621
f 1622/1622 1371/1371 1621/1621
f 1621/1621 1585/1585 1620/1620
f 1378/1378 1620/1620 1585/1585
f 1378/1378 1379/1379 1620/1620
f 1620/1620 1379/1379 1619/1619
f 1379/1379 1578/1578 1619/1619
f 1619/1619 1578/1578 1624/1624
f 1624/1624 1578/1578 1592/1592
f 1592/1592 1593/1593 1627/1627
f 1624/1624 1592/1592 1627/1627
f 1593/1593 1594/1594 1627/1627
f 1627/1627 1594/1594 1595/1595
f 1595/1595 1596/1596 1628/1628
f 2814/2814 2769/2769 2750/2750
f 1618/1618 1617/1617 1717/1717
f 1618/1618 1717/1717 1730/1730
f 1730/1730 1717/1717 1731/1731
f 1826/1826 1819/1819 1738/1738
f 1811/1811 1819/1819 1818/1818
f 1811/1811 1818/1818 1810/1810
f 1810/1810 1818/1818 1812/1812
f 1812/1812 1796/1796 1754/1754
f 1754/1754 1796/1796 1755/1755
f 1755/1755 1796/1796 1775/1775
f 1775/1775 1796/1796 1764/1764
f 1775/1775 1764/1764 1757/1757
f 1757/1757 1764/1764 1759/1759
f 1764/1764 1765/1765 1759/1759
f 1759/1759 1765/1765 1766/1766
f 1765/1765 1767/1767 1766/1766
f 1766/1766 1767/1767 1768/1768
f 1768/1768 1767/1767 1769/1769
f 1768/1768 1769/1769 1770/1770
f 1770/1770 1769/1769 1771/1771
f 1771/1771 1774/1774 1780/1780
f 3564/3564 3591/3591 3537/3537
f 1771/1771 1780/1780 1781/1781
f 3429/3429 3430/3430 3431/3431
f 1780/1780 1785/1785 1781/1781
f 1781/1781 1785/1785 1784/1784
f 1785/1785 1793/1793 1784/1784
f 1793/1793 1803/1803 1784/1784
f 1784/1784 1803/1803 1817/1817
f 1817/1817 1825/1825 1956/1956
f 1825/1825 1960/1960 1956/1956
f 1956/1956 1960/1960 2000/2000
f 34/34 44/44 14/14
f 3457/3457 3455/3455 3447/3447
f 3447/3447 3455/3455 3454/3454
f 3447/3447 3454/3454 3452/3452
f 3452/3452 3456/3456 3451/3451
f 3451/3451 3459/3459 3450/3450
f 3416/3416 3417/3417 3415/3415
f 3414/3414 3416/3416 3415/3415
f 3400/3400 3398/3398 3390/3390
f 1601/1601 1539/1539 1584/1584
f 1584/1584 1539/1539 1564/1564
f 1586/1586 1573/1573 1574/1574
f 1576/1576 1475/1475 1577/1577
f 1577/1577 1475/1475 1575/1575
f 1575/1575 1417/1417 1583/1583
f 1417/1417 1416/1416 1560/1560
f 1583/1583 1417/1417 1560/1560
f 1560/1560 1416/1416 1559/1559
f 1547/1547 1572/1572 1582/1582
f 1589/1589 1567/1567 1569/1569
f 1589/1589 1569/1569 1597/1597
f 1597/1597 1569/1569 1598/1598
f 1598/1598 1569/1569 1599/1599
f 1599/1599 1569/1569 1568/1568
f 1599/1599 1568/1568 1604/1604
f 1568/1568 1570/1570 1604/1604
f 1604/1604 1570/1570 1614/1614
f 1570/1570 1375/1375 1614/1614
f 1614/1614 1375/1375 1613/1613
f 1375/1375 1372/1372 1613/1613
f 1372/1372 1369/1369 1613/1613
f 1613/1613 1369/1369 1623/1623
f 1623/1623 1369/1369 1368/1368
f 1368/1368 1371/1371 1623/1623
f 1623/1623 1371/1371 1622/1622
f 1629/1629 1620/1620 1619/1619
f 1629/1629 1619/1619 1624/1624
f 1629/1629 1624/1624 1630/1630
f 1630/1630 1624/1624 1627/1627
f 1627/1627 1595/1595 1633/1633
f 1633/1633 1595/1595 1628/1628
f 1633/1633 1628/1628 1634/1634
f 1605/1605 1617/1617 1618/1618
f 1731/1731 1733/1733 1732/1732
f 1730/1730 1731/1731 1732/1732
f 1732/1732 1733/1733 1734/1734
f 1734/1734 1733/1733 1735/1735
f 1740/1740 1738/1738 1819/1819
f 1740/1740 1819/1819 1811/1811
f 1810/1810 1812/1812 1751/1751
f 1751/1751 1812/1812 1756/1756
f 1756/1756 1812/1812 1754/1754
f 1755/1755 1775/1775 1757/1757
f 1766/1766 1768/1768 1778/1778
f 1768/1768 1770/1770 1778/1778
f 1778/1778 1770/1770 1779/1779
f 1779/1779 1770/1770 1786/1786
f 1786/1786 1770/1770 1771/1771
f 1771/1771 1781/1781 1782/1782
f 1781/1781 1784/1784 1783/1783
f 1782/1782 1781/1781 1783/1783
f 1901/1901 1784/1784 1817/1817
f 1901/1901 1817/1817 1968/1968
f 1968/1968 1817/1817 1956/1956
f 1956/1956 2000/2000 2001/2001
f 2001/2001 2000/2000 2015/2015
f 58/58 44/44 34/34
f 34/34 14/14 15/15
f 15/15 14/14 2/2
f 4/4 3/3 5/5
f 9/9 22/22 17/17
f 17/17 22/22 40/40
f 3453/3453 3458/3458 3448/3448
f 3448/3448 3458/3458 3457/3457
f 3448/3448 3457/3457 3447/3447
f 3447/3447 3452/3452 3446/3446
f 3446/3446 3452/3452 3445/3445
f 3452/3452 3451/3451 3445/3445
f 3445/3445 3451/3451 3450/3450
f 3445/3445 3450/3450 3443/3443
f 3400/3400 3390/3390 3387/3387
f 3401/3401 3400/3400 3387/3387
f 3387/3387 3390/3390 3389/3389
f 1584/1584 1564/1564 1590/1590
f 1564/1564 1565/1565 1590/1590
f 1590/1590 1565/1565 1591/1591
f 1565/1565 1580/1580 1591/1591
f 1591/1591 1580/1580 1587/1587
f 1580/1580 1566/1566 1587/1587
f 1587/1587 1566/1566 1573/1573
f 1587/1587 1573/1573 1586/1586
f 1586/1586 1574/1574 1588/1588
f 1588/1588 1574/1574 1576/1576
f 1588/1588 1576/1576 1577/1577
f 1577/1577 1575/1575 1583/1583
f 1560/1560 1559/1559 1583/1583
f 1583/1583 1559/1559 1581/1581
f 1589/1589 1582/1582 1572/1572
f 1604/1604 1614/1614 1615/1615
f 1615/1615 1614/1614 1616/1616
f 1614/1614 1613/1613 1616/1616
f 1616/1616 1613/1613 1625/1625
f 1613/1613 1623/1623 1625/1625
f 1625/1625 1623/1623 1626/1626
f 1623/1623 1622/1622 1626/1626
f 1626/1626 1622/1622 1621/1621
f 1626/1626 1621/1621 1639/1639
f 2703/2703 2723/2723 2618/2618
f 1621/1621 1620/1620 1638/1638
f 1639/1639 1621/1621 1638/1638
f 1620/1620 1629/1629 1638/1638
f 2717/2717 2702/2702 2612/2612
f 1638/1638 1629/1629 1649/1649
f 1649/1649 1629/1629 1648/1648
f 1648/1648 1629/1629 1630/1630
f 1648/1648 1630/1630 1652/1652
f 1652/1652 1630/1630 1627/1627
f 1652/1652 1627/1627 1633/1633
f 1652/1652 1633/1633 1653/1653
f 1653/1653 1633/1633 1634/1634
f 1634/1634 1628/1628 1631/1631
f 1628/1628 1605/1605 1631/1631
f 2562/2562 2814/2814 2563/2563
f 2562/2562 2563/2563 2552/2552
f 1631/1631 1605/1605 1618/1618
f 1734/1734 1735/1735 1736/1736
f 1736/1736 1735/1735 1738/1738
f 1736/1736 1738/1738 1739/1739
f 1739/1739 1738/1738 1740/1740
f 1742/1742 1811/1811 1810/1810
f 1742/1742 1810/1810 1751/1751
f 1751/1751 1756/1756 1750/1750
f 1750/1750 1756/1756 1748/1748
f 1748/1748 1756/1756 1754/1754
f 1748/1748 1754/1754 1752/1752
f 1754/1754 1755/1755 1752/1752
f 1752/1752 1755/1755 1757/1757
f 1753/1753 1757/1757 1758/1758
f 1757/1757 1759/1759 1758/1758
f 1758/1758 1759/1759 1760/1760
f 1759/1759 1766/1766 1760/1760
f 1760/1760 1766/1766 1763/1763
f 1766/1766 1778/1778 1763/1763
f 1763/1763 1778/1778 1792/1792
f 1792/1792 1778/1778 1779/1779
f 1792/1792 1779/1779 1787/1787
f 1787/1787 1779/1779 1786/1786
f 1787/1787 1786/1786 1771/1771
f 1787/1787 1771/1771 1788/1788
f 1788/1788 1782/1782 1790/1790
f 1790/1790 1782/1782 1791/1791
f 1791/1791 1782/1782 1783/1783
f 1791/1791 1783/1783 1784/1784
f 1791/1791 1784/1784 1958/1958
f 1958/1958 1784/1784 1901/1901
f 1958/1958 1901/1901 1968/1968
f 1968/1968 1956/1956 2005/2005
f 2018/2018 1968/1968 2005/2005
f 1956/1956 2001/2001 2005/2005
f 2005/2005 2001/2001 2015/2015
f 1/1 2/2 3/3
f 5/5 9/9 16/16
f 16/16 9/9 17/17
f 17/17 40/40 50/50
f 3453/3453 3448/3448 3440/3440
f 3449/3449 3453/3453 3440/3440
f 3440/3440 3448/3448 3438/3438
f 3438/3438 3448/3448 3447/3447
f 3438/3438 3447/3447 3436/3436
f 3447/3447 3446/3446 3436/3436
f 3446/3446 3445/3445 3436/3436
f 3436/3436 3445/3445 3434/3434
f 3434/3434 3445/3445 3443/3443
f 3414/3414 3415/3415 3413/3413
f 3387/3387 3389/3389 3386/3386
f 2697/2697 2738/2738 2862/2862
f 1654/1654 1688/1688 1601/1601
f 1654/1654 1601/1601 1651/1651
f 1601/1601 1584/1584 1603/1603
f 1651/1651 1601/1601 1603/1603
f 1603/1603 1584/1584 1590/1590
f 1603/1603 1590/1590 1610/1610
f 1610/1610 1590/1590 1611/1611
f 1611/1611 1590/1590 1591/1591
f 1591/1591 1587/1587 1611/1611
f 1611/1611 1587/1587 1612/1612
f 1612/1612 1587/1587 1586/1586
f 1586/1586 1588/1588 1612/1612
f 1600/1600 1588/1588 1577/1577
f 1577/1577 1583/1583 1600/1600
f 1600/1600 1583/1583 1608/1608
f 1583/1583 1581/1581 1608/1608
f 1608/1608 1581/1581 1607/1607
f 1581/1581 1582/1582 1607/1607
f 1607/1607 1582/1582 1606/1606
f 1606/1606 1582/1582 1602/1602
f 1602/1602 1582/1582 1589/1589
f 1602/1602 1589/1589 1609/1609
f 1597/1597 1609/1609 1589/1589
f 1597/1597 1598/1598 1635/1635
f 1598/1598 1599/1599 1635/1635
f 1635/1635 1599/1599 1636/1636
f 1599/1599 1604/1604 1636/1636
f 1636/1636 1604/1604 1640/1640
f 1604/1604 1615/1615 1640/1640
f 1615/1615 1616/1616 1640/1640
f 1640/1640 1616/1616 1661/1661
f 1661/1661 1616/1616 1660/1660
f 1616/1616 1625/1625 1660/1660
f 1660/1660 1625/1625 1626/1626
f 1660/1660 1626/1626 1663/1663
f 1663/1663 1626/1626 1664/1664
f 1626/1626 1639/1639 1664/1664
f 1664/1664 1639/1639 1662/1662
f 1662/1662 1639/1639 1638/1638
f 1662/1662 1638/1638 1649/1649
f 1649/1649 1648/1648 1687/1687
f 1687/1687 1648/1648 1684/1684
f 1684/1684 1648/1648 1652/1652
f 1684/1684 1652/1652 1676/1676
f 1676/1676 1652/1652 1653/1653
f 1675/1675 1653/1653 1634/1634
f 1675/1675 1634/1634 1674/1674
f 1634/1634 1631/1631 1674/1674
f 1674/1674 1631/1631 1673/1673
f 2554/2554 2562/2562 2552/2552
f 1673/1673 1631/1631 1618/1618
f 1673/1673 1618/1618 1686/1686
f 1618/1618 1730/1730 1995/1995
f 1686/1686 1618/1618 1995/1995
f 1995/1995 1730/1730 1961/1961
f 1730/1730 1732/1732 1961/1961
f 1732/1732 1734/1734 1737/1737
f 1961/1961 1732/1732 1737/1737
f 1734/1734 1736/1736 1737/1737
f 1740/1740 1811/1811 1742/1742
f 1742/1742 1751/1751 1743/1743
f 1751/1751 1750/1750 1747/1747
f 1743/1743 1751/1751 1747/1747
f 1747/1747 1750/1750 1748/1748
f 1758/1758 1760/1760 1761/1761
f 1761/1761 1760/1760 1762/1762
f 1762/1762 1760/1760 1763/1763
f 1762/1762 1763/1763 1789/1789
f 1789/1789 1763/1763 1792/1792
f 1789/1789 1792/1792 1897/1897
f 1792/1792 1787/1787 1897/1897
f 1897/1897 1787/1787 1898/1898
f 1898/1898 1787/1787 1899/1899
f 1899/1899 1787/1787 1788/1788
f 1788/1788 1790/1790 1915/1915
f 1899/1899 1788/1788 1915/1915
f 1915/1915 1790/1790 1916/1916
f 1916/1916 1790/1790 1791/1791
f 1916/1916 1791/1791 1958/1958
f 1958/1958 1968/1968 2018/2018
f 2027/2027 1958/1958 2018/2018
f 2891/2891 2932/2932 2920/2920
f 2040/2040 2018/2018 2005/2005
f 2040/2040 2005/2005 2015/2015
f 2040/2040 2015/2015 2056/2056
f 2442/2442 2465/2465 2415/2415
f 58/58 34/34 43/43
f 43/43 34/34 15/15
f 15/15 2/2 1/1
f 3439/3439 3440/3440 3438/3438
f 3439/3439 3438/3438 3437/3437
f 3437/3437 3438/3438 3436/3436
f 3437/3437 3436/3436 3433/3433
f 3434/3434 3443/3443 3442/3442
f 3399/3399 3401/3401 3387/3387
f 3399/3399 3387/3387 3385/3385
f 3385/3385 3387/3387 3386/3386
f 2697/2697 2862/2862 2749/2749
f 3414/3414 3413/3413 3412/3412
f 1644/1644 1610/1610 1611/1611
f 1644/1644 1611/1611 1643/1643
f 1611/1611 1612/1612 1643/1643
f 1643/1643 1612/1612 1642/1642
f 2695/2695 2679/2679 2691/2691
f 1642/1642 1612/1612 1588/1588
f 1642/1642 1588/1588 1641/1641
f 1588/1588 1600/1600 1641/1641
f 1600/1600 1608/1608 1645/1645
f 1641/1641 1600/1600 1645/1645
f 1607/1607 1645/1645 1608/1608
f 1646/1646 1645/1645 1607/1607
f 1607/1607 1606/1606 1647/1647
f 1646/1646 1607/1607 1647/1647
f 1647/1647 1606/1606 1667/1667
f 1667/1667 1606/1606 1602/1602
f 1665/1665 1602/1602 1609/1609
f 1609/1609 1597/1597 1635/1635
f 1666/1666 1635/1635 1668/1668
f 1635/1635 1636/1636 1668/1668
f 1636/1636 1640/1640 1692/1692
f 1668/1668 1636/1636 1692/1692
f 1692/1692 1640/1640 1672/1672
f 1672/1672 1640/1640 1661/1661
f 1661/1661 1660/1660 1672/1672
f 1672/1672 1660/1660 1696/1696
f 1696/1696 1660/1660 1663/1663
f 2667/2667 2641/2641 2623/2623
f 1696/1696 1663/1663 1701/1701
f 1701/1701 1663/1663 1664/1664
f 1701/1701 1664/1664 1702/1702
f 1664/1664 1662/1662 1702/1702
f 1702/1702 1662/1662 1703/1703
f 1703/1703 1662/1662 1649/1649
f 1703/1703 1649/1649 1704/1704
f 1649/1649 1687/1687 1697/1697
f 1704/1704 1649/1649 1697/1697
f 1687/1687 1684/1684 1697/1697
f 1712/1712 1684/1684 1711/1711
f 1684/1684 1676/1676 1711/1711
f 1711/1711 1676/1676 1706/1706
f 1675/1675 1676/1676 1653/1653
f 1706/1706 1676/1676 1675/1675
f 2602/2602 2604/2604 2600/2600
f 1706/1706 1675/1675 1705/1705
f 2599/2599 2600/2600 2630/2630
f 1705/1705 1675/1675 1674/1674
f 1674/1674 1673/1673 1721/1721
f 1721/1721 1673/1673 1686/1686
f 2551/2551 2554/2554 2552/2552
f 2551/2551 2552/2552 2550/2550
f 1686/1686 1995/1995 2004/2004
f 2004/2004 1995/1995 1961/1961
f 1737/1737 1736/1736 1904/1904
f 1736/1736 1739/1739 1904/1904
f 1739/1739 1740/1740 1741/1741
f 1741/1741 1740/1740 1742/1742
f 1741/1741 1742/1742 1743/1743
f 1741/1741 1743/1743 1744/1744
f 1744/1744 1743/1743 1745/1745
f 1745/1745 1743/1743 1746/1746
f 1746/1746 1743/1743 1747/1747
f 1746/1746 1747/1747 1749/1749
f 1795/1795 1753/1753 1758/1758
f 1795/1795 1758/1758 1814/1814
f 1814/1814 1758/1758 1761/1761
f 1814/1814 1761/1761 1762/1762
f 1814/1814 1762/1762 1933/1933
f 1933/1933 1762/1762 1789/1789
f 1933/1933 1789/1789 1985/1985
f 1789/1789 1897/1897 1985/1985
f 1897/1897 1898/1898 1899/1899
f 1998/1998 1897/1897 1899/1899
f 1915/1915 1916/1916 2042/2042
f 2888/2888 2884/2884 2952/2952
f 2027/2027 1916/1916 1958/1958
f 2932/2932 2952/2952 2955/2955
f 2932/2932 2955/2955 3000/3000
f 2027/2027 2018/2018 2041/2041
f 2043/2043 2027/2027 2041/2041
f 870/870 871/871 857/857
f 870/870 857/857 853/853
f 2041/2041 2018/2018 2040/2040
f 2477/2477 2472/2472 2460/2460
f 2041/2041 2040/2040 2057/2057
f 2460/2460 2472/2472 2456/2456
f 2057/2057 2040/2040 2056/2056
f 2091/2091 2057/2057 2056/2056
f 2442/2442 2473/2473 2465/2465
f 2473/2473 2442/2442 2470/2470
f 43/43 15/15 30/30
f 30/30 15/15 18/18
f 6/6 5/5 16/16
f 16/16 17/17 37/37
f 37/37 17/17 50/50
f 37/37 50/50 67/67
f 58/58 43/43 65/65
f 3444/3444 3449/3449 3440/3440
f 3444/3444 3440/3440 3439/3439
f 3436/3436 3434/3434 3433/3433
f 3433/3433 3434/3434 3435/3435
f 3435/3435 3434/3434 3441/3441
f 3441/3441 3434/3434 3442/3442
f 1654/1654 1651/1651 1650/1650
f 2697/2697 2749/2749 2690/2690
f 1650/1650 1651/1651 1603/1603
f 1650/1650 1603/1603 1637/1637
f 1637/1637 1603/1603 1610/1610
f 2693/2693 2690/2690 2685/2685
f 1637/1637 1610/1610 1644/1644
f 1644/1644 1643/1643 1657/1657
f 1657/1657 1643/1643 1659/1659
f 1659/1659 1643/1643 1642/1642
f 1659/1659 1642/1642 1658/1658
f 1658/1658 1642/1642 1655/1655
f 1642/1642 1641/1641 1655/1655
f 2669/2669 2670/2670 2665/2665
f 1655/1655 1641/1641 1645/1645
f 1655/1655 1645/1645 1656/1656
f 1645/1645 1646/1646 1656/1656
f 1656/1656 1646/1646 1647/1647
f 1667/1667 1602/1602 1665/1665
f 1665/1665 1609/1609 1635/1635
f 1665/1665 1635/1635 1666/1666
f 1668/1668 1692/1692 1700/1700
f 1700/1700 1692/1692 1699/1699
f 1692/1692 1672/1672 1699/1699
f 1699/1699 1672/1672 1714/1714
f 1672/1672 1696/1696 1715/1715
f 1714/1714 1672/1672 1715/1715
f 2641/2641 2635/2635 2632/2632
f 1715/1715 1696/1696 1701/1701
f 2615/2615 2621/2621 2622/2622
f 549/549 548/548 514/514
f 514/514 548/548 516/516
f 548/548 550/550 516/516
f 550/550 553/553 517/517
f 517/517 553/553 542/542
f 1712/1712 1697/1697 1684/1684
f 2604/2604 2797/2797 2798/2798
f 2630/2630 2604/2604 2798/2798
f 505/505 543/543 544/544
f 505/505 544/544 540/540
f 544/544 545/545 540/540
f 1705/1705 1674/1674 1726/1726
f 2550/2550 2630/2630 2799/2799
f 1726/1726 1674/1674 1721/1721
f 2546/2546 2551/2551 2550/2550
f 1721/1721 1686/1686 2017/2017
f 2017/2017 1686/1686 2037/2037
f 2037/2037 1686/1686 2004/2004
f 2554/2554 2551/2551 2556/2556
f 2004/2004 1961/1961 1981/1981
f 1981/1981 1961/1961 1737/1737
f 1981/1981 1737/1737 1952/1952
f 1952/1952 1737/1737 1904/1904
f 1952/1952 1904/1904 1823/1823
f 1904/1904 1739/1739 1823/1823
f 1739/1739 1741/1741 1823/1823
f 1823/1823 1741/1741 1821/1821
f 1821/1821 1741/1741 1813/1813
f 1813/1813 1741/1741 1744/1744
f 1813/1813 1744/1744 1745/1745
f 1745/1745 1746/1746 1797/1797
f 1746/1746 1749/1749 1797/1797
f 1797/1797 1749/1749 1815/1815
f 1815/1815 1749/1749 1753/1753
f 1815/1815 1753/1753 1902/1902
f 1902/1902 1753/1753 1795/1795
f 1902/1902 1795/1795 1814/1814
f 1902/1902 1814/1814 1982/1982
f 1814/1814 1933/1933 1986/1986
f 1982/1982 1814/1814 1986/1986
f 1933/1933 1985/1985 1986/1986
f 2806/2806 2804/2804 2807/2807
f 2014/2014 1985/1985 1998/1998
f 1998/1998 1985/1985 1897/1897
f 2810/2810 2809/2809 2878/2878
f 2030/2030 1998/1998 1899/1899
f 2880/2880 2878/2878 2937/2937
f 2880/2880 2937/2937 2951/2951
f 1899/1899 1915/1915 2030/2030
f 2030/2030 1915/1915 2042/2042
f 2043/2043 2042/2042 1916/1916
f 2952/2952 2953/2953 2954/2954
f 2043/2043 1916/1916 2027/2027
f 2955/2955 2952/2952 2954/2954
f 2955/2955 2954/2954 2999/2999
f 3000/3000 2955/2955 2999/2999
f 2043/2043 2041/2041 2065/2065
f 857/857 806/806 853/853
f 853/853 806/806 804/804
f 2087/2087 2065/2065 2041/2041
f 853/853 804/804 797/797
f 2087/2087 2041/2041 2057/2057
f 2467/2467 2472/2472 2474/2474
f 2467/2467 2474/2474 2466/2466
f 2087/2087 2057/2057 2091/2091
f 789/789 859/859 784/784
f 2457/2457 2467/2467 2466/2466
f 2471/2471 2475/2475 2470/2470
f 2431/2431 2471/2471 2470/2470
f 2475/2475 2473/2473 2470/2470
f 2422/2422 2468/2468 2421/2421
f 55/55 43/43 30/30
f 18/18 15/15 1/1
f 4/4 1/1 3/3
f 4/4 5/5 6/6
f 16/16 37/37 39/39
f 39/39 37/37 67/67
f 889/889 899/899 886/886
f 886/886 899/899 900/900
f 886/886 900/900 887/887
f 893/893 880/880 879/879
f 887/887 900/900 896/896
f 887/887 896/896 888/888
f 888/888 896/896 885/885
f 896/896 897/897 885/885
f 897/897 898/898 890/890
f 885/885 897/897 890/890
f 3426/3426 3427/3427 3403/3403
f 3402/3402 3403/3403 3404/3404
f 3388/3388 3399/3399 3385/3385
f 3597/3597 3598/3598 3599/3599
f 3380/3380 3388/3388 3385/3385
f 3380/3380 3385/3385 3384/3384
f 3419/3419 3412/3412 3402/3402
f 3384/3384 3385/3385 3386/3386
f 1691/1691 1654/1654 1689/1689
f 1689/1689 1654/1654 1650/1650
f 1650/1650 1637/1637 1669/1669
f 1669/1669 1637/1637 1670/1670
f 1637/1637 1644/1644 1670/1670
f 2683/2683 2685/2685 2680/2680
f 1670/1670 1644/1644 1671/1671
f 1644/1644 1657/1657 1671/1671
f 1657/1657 1659/1659 1685/1685
f 1671/1671 1657/1657 1685/1685
f 1685/1685 1659/1659 1681/1681
f 1659/1659 1658/1658 1681/1681
f 1658/1658 1655/1655 1681/1681
f 1681/1681 1655/1655 1678/1678
f 1678/1678 1655/1655 1679/1679
f 1679/1679 1655/1655 1656/1656
f 1679/1679 1656/1656 1677/1677
f 1677/1677 1656/1656 1647/1647
f 1677/1677 1647/1647 1683/1683
f 1683/1683 1647/1647 1667/1667
f 1683/1683 1667/1667 1682/1682
f 1680/1680 1682/1682 1667/1667
f 1680/1680 1667/1667 1665/1665
f 2650/2650 2655/2655 2656/2656
f 1693/1693 1665/1665 1666/1666
f 2650/2650 2656/2656 2649/2649
f 1693/1693 1666/1666 1668/1668
f 1700/1700 1693/1693 1668/1668
f 1727/1727 1693/1693 1700/1700
f 2650/2650 2649/2649 2647/2647
f 1700/1700 1699/1699 1714/1714
f 531/531 532/532 555/555
f 529/529 531/531 555/555
f 529/529 555/555 554/554
f 515/515 529/529 554/554
f 2631/2631 2633/2633 2707/2707
f 2621/2621 2631/2631 2707/2707
f 549/549 515/515 554/554
f 515/515 549/549 514/514
f 514/514 516/516 488/488
f 517/517 516/516 550/550
f 516/516 517/517 489/489
f 489/489 517/517 510/510
f 517/517 542/542 510/510
f 542/542 543/543 510/510
f 510/510 543/543 505/505
f 623/623 608/608 580/580
f 623/623 580/580 581/581
f 493/493 505/505 540/540
f 505/505 493/493 478/478
f 622/622 623/623 581/581
f 523/523 493/493 540/540
f 493/493 523/523 476/476
f 2546/2546 2550/2550 2549/2549
f 476/476 523/523 558/558
f 476/476 558/558 444/444
f 444/444 558/558 872/872
f 2037/2037 2004/2004 2013/2013
f 2013/2013 2004/2004 1981/1981
f 1981/1981 1952/1952 1994/1994
f 1994/1994 1952/1952 1963/1963
f 1963/1963 1952/1952 1823/1823
f 2574/2574 2570/2570 2578/2578
f 1963/1963 1823/1823 1973/1973
f 1973/1973 1823/1823 1821/1821
f 2571/2571 2574/2574 2577/2577
f 1973/1973 1821/1821 1978/1978
f 1978/1978 1821/1821 1813/1813
f 1978/1978 1813/1813 1977/1977
f 1977/1977 1813/1813 1921/1921
f 1813/1813 1745/1745 1921/1921
f 1921/1921 1745/1745 1797/1797
f 1921/1921 1797/1797 1953/1953
f 1797/1797 1815/1815 1953/1953
f 1953/1953 1815/1815 1902/1902
f 1953/1953 1902/1902 1982/1982
f 2003/2003 1982/1982 1986/1986
f 2014/2014 2003/2003 1986/1986
f 2804/2804 2803/2803 2929/2929
f 2809/2809 2929/2929 2948/2948
f 2014/2014 1998/1998 2031/2031
f 2032/2032 2014/2014 2031/2031
f 2809/2809 2948/2948 2947/2947
f 2937/2937 2809/2809 2947/2947
f 2031/2031 1998/1998 2030/2030
f 2031/2031 2030/2030 2052/2052
f 2937/2937 2947/2947 2950/2950
f 2951/2951 2937/2937 2950/2950
f 2052/2052 2030/2030 2042/2042
f 2052/2052 2042/2042 2059/2059
f 2953/2953 2950/2950 2995/2995
f 854/854 850/850 792/792
f 854/854 792/792 805/805
f 805/805 792/792 790/790
f 835/835 854/854 805/805
f 2060/2060 2059/2059 2042/2042
f 2060/2060 2042/2042 2043/2043
f 806/806 835/835 805/805
f 806/806 805/805 790/790
f 806/806 790/790 781/781
f 2092/2092 2060/2060 2043/2043
f 2092/2092 2043/2043 2065/2065
f 806/806 781/781 804/804
f 804/804 781/781 782/782
f 782/782 781/781 766/766
f 761/761 785/785 789/789
f 2087/2087 2092/2092 2065/2065
f 797/797 804/804 782/782
f 782/782 766/766 776/776
f 776/776 766/766 719/719
f 784/784 761/761 789/789
f 797/797 782/782 776/776
f 762/762 761/761 784/784
f 843/843 797/797 776/776
f 843/843 776/776 846/846
f 846/846 776/776 719/719
f 2468/2468 2476/2476 2469/2469
f 719/719 739/739 832/832
f 739/739 762/762 823/823
f 832/832 739/739 823/823
f 823/823 762/762 784/784
f 55/55 30/30 18/18
f 6/6 16/16 39/39
f 645/645 889/889 556/556
f 889/889 886/886 556/556
f 556/556 886/886 646/646
f 886/886 887/887 646/646
f 646/646 887/887 647/647
f 647/647 887/887 883/883
f 887/887 888/888 883/883
f 883/883 888/888 885/885
f 885/885 890/890 639/639
f 639/639 890/890 642/642
f 3380/3380 3384/3384 3382/3382
f 3419/3419 3402/3402 3420/3420
f 1690/1690 1691/1691 1689/1689
f 1669/1669 1689/1689 1650/1650
f 1694/1694 1670/1670 1671/1671
f 1694/1694 1671/1671 1695/1695
f 1695/1695 1671/1671 1685/1685
f 1685/1685 1681/1681 1695/1695
f 1695/1695 1681/1681 1707/1707
f 1707/1707 1681/1681 1708/1708
f 1681/1681 1678/1678 1708/1708
f 1708/1708 1678/1678 1679/1679
f 1708/1708 1679/1679 1718/1718
f 1718/1718 1679/1679 1719/1719
f 1719/1719 1679/1679 1677/1677
f 1719/1719 1677/1677 1720/1720
f 1720/1720 1677/1677 1683/1683
f 1720/1720 1683/1683 1723/1723
f 1723/1723 1683/1683 1682/1682
f 1682/1682 1680/1680 1724/1724
f 1723/1723 1682/1682 1724/1724
f 1680/1680 1665/1665 1725/1725
f 1724/1724 1680/1680 1725/1725
f 1725/1725 1665/1665 1693/1693
f 1725/1725 1693/1693 1728/1728
f 1728/1728 1693/1693 1727/1727
f 471/471 521/521 472/472
f 1727/1727 1700/1700 1714/1714
f 498/498 521/521 532/532
f 472/472 521/521 498/498
f 498/498 532/532 499/499
f 2644/2644 2645/2645 2764/2764
f 532/532 531/531 499/499
f 2644/2644 2764/2764 2763/2763
f 499/499 531/531 529/529
f 500/500 499/499 529/529
f 2646/2646 2644/2644 2763/2763
f 617/617 616/616 575/575
f 487/487 500/500 529/529
f 487/487 529/529 515/515
f 602/602 250/250 559/559
f 619/619 602/602 559/559
f 487/487 515/515 486/486
f 486/486 515/515 514/514
f 486/486 514/514 488/488
f 489/489 488/488 516/516
f 590/590 561/561 251/251
f 489/489 510/510 477/477
f 590/590 251/251 247/247
f 589/589 590/590 247/247
f 477/477 510/510 505/505
f 460/460 477/477 505/505
f 580/580 589/589 247/247
f 580/580 247/247 238/238
f 581/581 580/580 238/238
f 460/460 505/505 478/478
f 460/460 478/478 454/454
f 581/581 238/238 227/227
f 429/429 478/478 493/493
f 454/454 478/478 429/429
f 430/430 429/429 476/476
f 429/429 493/493 476/476
f 246/246 222/222 220/220
f 2547/2547 2546/2546 2549/2549
f 2547/2547 2549/2549 2966/2966
f 377/377 430/430 444/444
f 377/377 444/444 496/496
f 496/496 444/444 864/864
f 444/444 430/430 476/476
f 864/864 444/444 872/872
f 2555/2555 2546/2546 2548/2548
f 2037/2037 2013/2013 2033/2033
f 2063/2063 2037/2037 2033/2033
f 2558/2558 2555/2555 2560/2560
f 2033/2033 2013/2013 2007/2007
f 2007/2007 2013/2013 1981/1981
f 2007/2007 1981/1981 1994/1994
f 2007/2007 1994/1994 2023/2023
f 2582/2582 2578/2578 2586/2586
f 1973/1973 1994/1994 1963/1963
f 1994/1994 1973/1973 2022/2022
f 2574/2574 2578/2578 2582/2582
f 2577/2577 2574/2574 2589/2589
f 2585/2585 2577/2577 2589/2589
f 2020/2020 1977/1977 1921/1921
f 1953/1953 2020/2020 1921/1921
f 2020/2020 1953/1953 2025/2025
f 2025/2025 1953/1953 2019/2019
f 2019/2019 1953/1953 1982/1982
f 2019/2019 1982/1982 2003/2003
f 2029/2029 2019/2019 2003/2003
f 2803/2803 2800/2800 2985/2985
f 2014/2014 2029/2029 2003/2003
f 2029/2029 2014/2014 2032/2032
f 2929/2929 2985/2985 2948/2948
f 2948/2948 2985/2985 2984/2984
f 2048/2048 2032/2032 2049/2049
f 2948/2948 2984/2984 2983/2983
f 2049/2049 2032/2032 2031/2031
f 2947/2947 2986/2986 2989/2989
f 2950/2950 2947/2947 2989/2989
f 844/844 802/802 801/801
f 844/844 801/801 796/796
f 850/850 844/844 796/796
f 2072/2072 2071/2071 2052/2052
f 792/792 796/796 777/777
f 2072/2072 2052/2052 2059/2059
f 792/792 777/777 790/790
f 790/790 777/777 783/783
f 754/754 786/786 849/849
f 754/754 849/849 799/799
f 753/753 754/754 785/785
f 785/785 754/754 799/799
f 781/781 783/783 767/767
f 781/781 767/767 766/766
f 766/766 767/767 710/710
f 745/745 753/753 761/761
f 761/761 753/753 785/785
f 718/718 745/745 761/761
f 719/719 766/766 710/710
f 719/719 710/710 718/718
f 719/719 718/718 739/739
f 739/739 718/718 761/761
f 55/55 18/18 52/52
f 18/18 1/1 24/24
f 52/52 18/18 24/24
f 11/11 1/1 4/4
f 4/4 6/6 7/7
f 7/7 6/6 33/33
f 33/33 6/6 39/39
f 33/33 39/39 63/63
f 547/547 645/645 556/556
f 556/556 646/646 527/527
f 874/874 635/635 634/634
f 873/873 874/874 634/634
f 646/646 647/647 527/527
f 527/527 647/647 644/644
f 643/643 644/644 647/647
f 643/643 647/647 883/883
f 633/633 873/873 634/634
f 638/638 643/643 883/883
f 638/638 883/883 885/885
f 638/638 885/885 639/639
f 641/641 639/639 642/642
f 3379/3379 3380/3380 3381/3381
f 3381/3381 3380/3380 3382/3382
f 3420/3420 3402/3402 3406/3406
f 1690/1690 1689/1689 1669/1669
f 1690/1690 1669/1669 1709/1709
f 1710/1710 1669/1669 1670/1670
f 1709/1709 1669/1669 1710/1710
f 1713/1713 1710/1710 1670/1670
f 1713/1713 1670/1670 1694/1694
f 1722/1722 1713/1713 1694/1694
f 1722/1722 1694/1694 1695/1695
f 1716/1716 1722/1722 1695/1695
f 2016/2016 1716/1716 1707/1707
f 1707/1707 1716/1716 1695/1695
f 2710/2710 2752/2752 2767/2767
f 538/538 537/537 508/508
f 507/507 537/537 536/536
f 507/507 536/536 533/533
f 533/533 534/534 485/485
f 485/485 534/534 525/525
f 485/485 525/525 484/484
f 484/484 525/525 526/526
f 484/484 526/526 497/497
f 2753/2753 2757/2757 2871/2871
f 497/497 526/526 522/522
f 495/495 497/497 522/522
f 2753/2753 2871/2871 2868/2868
f 2753/2753 2868/2868 2867/2867
f 471/471 495/495 522/522
f 471/471 522/522 521/521
f 2648/2648 2753/2753 2867/2867
f 471/471 472/472 426/426
f 2648/2648 2867/2867 2939/2939
f 426/426 472/472 468/468
f 2645/2645 2648/2648 2939/2939
f 468/468 472/472 498/498
f 473/473 468/468 498/498
f 473/473 498/498 499/499
f 474/474 473/473 499/499
f 458/458 474/474 499/499
f 597/597 596/596 562/562
f 458/458 499/499 500/500
f 597/597 562/562 565/565
f 457/457 458/458 500/500
f 457/457 500/500 487/487
f 448/448 457/457 487/487
f 250/250 575/575 233/233
f 432/432 448/448 487/487
f 250/250 233/233 234/234
f 559/559 250/250 234/234
f 439/439 432/432 486/486
f 486/486 432/432 487/487
f 560/560 559/559 234/234
f 560/560 234/234 249/249
f 439/439 486/486 488/488
f 434/434 439/439 488/488
f 434/434 488/488 489/489
f 561/561 249/249 216/216
f 443/443 434/434 489/489
f 443/443 489/489 477/477
f 251/251 561/561 216/216
f 447/447 443/443 477/477
f 251/251 216/216 194/194
f 247/247 251/251 194/194
f 447/447 410/410 409/409
f 447/447 477/477 460/460
f 410/410 447/447 460/460
f 238/238 247/247 195/195
f 238/238 195/195 196/196
f 454/454 410/410 460/460
f 410/410 454/454 385/385
f 227/227 238/238 196/196
f 227/227 196/196 202/202
f 202/202 196/196 172/172
f 386/386 385/385 429/429
f 429/429 385/385 454/454
f 202/202 172/172 110/110
f 319/319 386/386 429/429
f 386/386 319/319 307/307
f 206/206 202/202 110/110
f 206/206 110/110 105/105
f 307/307 319/319 296/296
f 319/319 429/429 430/430
f 220/220 206/206 219/219
f 219/219 206/206 105/105
f 219/219 105/105 217/217
f 296/296 319/319 377/377
f 377/377 319/319 430/430
f 863/863 246/246 649/649
f 649/649 246/246 220/220
f 649/649 220/220 650/650
f 650/650 220/220 219/219
f 482/482 296/296 377/377
f 482/482 377/377 496/496
f 861/861 496/496 864/864
f 3007/3007 2548/2548 2547/2547
f 865/865 864/864 872/872
f 864/864 865/865 860/860
f 2063/2063 2033/2033 2044/2044
f 2022/2022 2023/2023 1994/1994
f 2582/2582 2586/2586 2943/2943
f 2589/2589 2582/2582 2943/2943
f 2589/2589 2943/2943 2965/2965
f 2022/2022 1973/1973 1978/1978
f 2022/2022 1978/1978 2026/2026
f 2026/2026 1978/1978 1977/1977
f 2026/2026 1977/1977 2020/2020
f 2026/2026 2020/2020 2038/2038
f 2588/2588 2946/2946 2944/2944
f 2591/2591 2588/2588 2944/2944
f 2025/2025 2038/2038 2020/2020
f 2591/2591 2944/2944 2945/2945
f 2038/2038 2025/2025 2039/2039
f 2039/2039 2025/2025 2028/2028
f 2591/2591 2945/2945 2949/2949
f 867/867 869/869 821/821
f 2028/2028 2025/2025 2019/2019
f 2036/2036 2028/2028 2019/2019
f 867/867 821/821 820/820
f 868/868 867/867 820/820
f 2594/2594 3003/3003 3002/3002
f 3002/3002 3003/3003 3001/3001
f 2036/2036 2019/2019 2029/2029
f 2036/2036 2029/2029 2053/2053
f 2050/2050 2036/2036 2053/2053
f 2985/2985 3002/3002 3001/3001
f 2985/2985 3001/3001 2994/2994
f 2994/2994 3001/3001 3012/3012
f 2994/2994 3012/3012 3011/3011
f 2984/2984 2994/2994 3011/3011
f 2048/2048 2029/2029 2032/2032
f 2053/2053 2029/2029 2048/2048
f 2984/2984 3011/3011 3009/3009
f 2983/2983 2984/2984 3009/3009
f 855/855 800/800 795/795
f 803/803 855/855 795/795
f 2049/2049 2031/2031 2061/2061
f 803/803 795/795 787/787
f 802/802 803/803 787/787
f 802/802 787/787 778/778
f 802/802 778/778 779/779
f 2070/2070 2061/2061 2052/2052
f 801/801 802/802 779/779
f 2070/2070 2052/2052 2071/2071
f 751/751 770/770 834/834
f 751/751 834/834 786/786
f 777/777 749/749 783/783
f 714/714 751/751 754/754
f 754/754 751/751 786/786
f 783/783 749/749 767/767
f 714/714 754/754 753/753
f 767/767 749/749 697/697
f 698/698 714/714 745/745
f 745/745 714/714 753/753
f 710/710 767/767 697/697
f 710/710 697/697 698/698
f 710/710 698/698 718/718
f 718/718 698/698 745/745
f 8/8 4/4 7/7
f 59/59 33/33 63/63
f 55/55 52/52 66/66
f 547/547 556/556 530/530
f 530/530 556/556 527/527
f 635/635 583/583 593/593
f 634/634 635/635 593/593
f 527/527 644/644 535/535
f 634/634 593/593 594/594
f 535/535 644/644 643/643
f 535/535 643/643 519/519
f 519/519 643/643 638/638
f 519/519 638/638 520/520
f 632/632 633/633 592/592
f 638/638 639/639 518/518
f 520/520 638/638 518/518
f 624/624 576/576 574/574
f 3406/3406 3405/3405 3407/3407
f 518/518 639/639 641/641
f 518/518 641/641 541/541
f 3383/3383 3379/3379 3381/3381
f 1729/1729 2021/2021 1690/1690
f 630/630 629/629 614/614
f 1709/1709 1729/1729 1690/1690
f 509/509 552/552 511/511
f 552/552 551/551 506/506
f 511/511 552/552 506/506
f 2006/2006 1710/1710 1713/1713
f 506/506 551/551 539/539
f 506/506 539/539 502/502
f 2006/2006 1713/1713 1722/1722
f 2006/2006 1722/1722 1716/1716
f 2016/2016 2006/2006 1716/1716
f 621/621 620/620 582/582
f 636/636 621/621 585/585
f 524/524 546/546 512/512
f 538/538 512/512 546/546
f 618/618 586/586 600/600
f 512/512 538/538 508/508
f 605/605 618/618 600/600
f 605/605 600/600 579/579
f 508/508 537/537 507/507
f 508/508 507/507 462/462
f 605/605 579/579 611/611
f 462/462 507/507 492/492
f 492/492 507/507 533/533
f 612/612 567/567 588/588
f 492/492 533/533 485/485
f 469/469 484/484 497/497
f 615/615 587/587 563/563
f 470/470 469/469 497/497
f 470/470 497/497 495/495
f 609/609 615/615 563/563
f 442/442 470/470 426/426
f 470/470 495/495 471/471
f 609/609 563/563 243/243
f 610/610 609/609 243/243
f 426/426 470/470 471/471
f 598/598 610/610 243/243
f 598/598 243/243 242/242
f 425/425 426/426 468/468
f 596/596 598/598 229/229
f 425/425 468/468 473/473
f 459/459 425/425 473/473
f 425/425 459/459 424/424
f 562/562 596/596 229/229
f 562/562 229/229 225/225
f 424/424 459/459 474/474
f 459/459 473/473 474/474
f 424/424 474/474 458/458
f 244/244 562/562 225/225
f 423/423 424/424 458/458
f 423/423 458/458 457/457
f 244/244 225/225 221/221
f 233/233 244/244 221/221
f 233/233 221/221 192/192
f 423/423 457/457 448/448
f 381/381 423/423 432/432
f 391/391 381/381 432/432
f 432/432 423/423 448/448
f 234/234 233/233 192/192
f 234/234 192/192 211/211
f 211/211 192/192 162/162
f 392/392 391/391 432/432
f 391/391 392/392 323/323
f 234/234 211/211 210/210
f 210/210 211/211 162/162
f 392/392 432/432 439/439
f 210/210 162/162 167/167
f 167/167 162/162 94/94
f 322/322 323/323 392/392
f 392/392 439/439 434/434
f 210/210 167/167 193/193
f 322/322 392/392 408/408
f 408/408 392/392 434/434
f 193/193 167/167 117/117
f 408/408 434/434 443/443
f 216/216 210/210 193/193
f 321/321 322/322 408/408
f 321/321 308/308 294/294
f 193/193 117/117 116/116
f 308/308 321/321 324/324
f 321/321 408/408 409/409
f 324/324 321/321 409/409
f 408/408 443/443 447/447
f 409/409 408/408 447/447
f 194/194 216/216 193/193
f 194/194 193/193 116/116
f 295/295 308/308 324/324
f 195/195 194/194 116/116
f 195/195 116/116 171/171
f 171/171 116/116 115/115
f 305/305 295/295 324/324
f 257/257 295/295 305/305
f 305/305 324/324 325/325
f 325/325 324/324 409/409
f 325/325 409/409 410/410
f 196/196 195/195 171/171
f 171/171 115/115 114/114
f 115/115 99/99 101/101
f 114/114 115/115 101/101
f 257/257 305/305 306/306
f 306/306 305/305 325/325
f 258/258 257/257 306/306
f 306/306 325/325 385/385
f 385/385 325/325 410/410
f 172/172 171/171 114/114
f 172/172 114/114 113/113
f 113/113 114/114 101/101
f 113/113 101/101 103/103
f 103/103 101/101 102/102
f 102/102 258/258 259/259
f 259/259 258/258 306/306
f 306/306 385/385 386/386
f 307/307 306/306 386/386
f 103/103 102/102 104/104
f 104/104 102/102 259/259
f 259/259 306/306 307/307
f 172/172 113/113 110/110
f 110/110 113/113 103/103
f 104/104 259/259 264/264
f 105/105 110/110 103/103
f 105/105 103/103 104/104
f 264/264 259/259 296/296
f 259/259 307/307 296/296
f 217/217 105/105 104/104
f 217/217 104/104 218/218
f 218/218 104/104 264/264
f 218/218 264/264 296/296
f 649/649 650/650 651/651
f 650/650 219/219 217/217
f 651/651 650/650 217/217
f 651/651 217/217 862/862
f 217/217 218/218 252/252
f 217/217 252/252 866/866
f 862/862 217/217 866/866
f 252/252 218/218 296/296
f 252/252 296/296 482/482
f 252/252 482/482 852/852
f 866/866 252/252 852/852
f 482/482 496/496 852/852
f 852/852 496/496 861/861
f 858/858 863/863 649/649
f 861/861 864/864 860/860
f 2560/2560 3007/3007 2614/2614
f 2076/2076 2063/2063 2044/2044
f 2558/2558 2560/2560 2614/2614
f 2044/2044 2033/2033 2007/2007
f 2035/2035 2044/2044 2007/2007
f 2035/2035 2007/2007 2023/2023
f 2581/2581 2558/2558 2617/2617
f 2558/2558 2614/2614 2617/2617
f 2581/2581 2617/2617 2963/2963
f 2034/2034 2035/2035 2023/2023
f 2034/2034 2023/2023 2022/2022
f 2943/2943 2586/2586 2964/2964
f 2964/2964 2586/2586 2963/2963
f 2026/2026 2034/2034 2022/2022
f 2943/2943 2964/2964 2987/2987
f 2965/2965 2943/2943 2987/2987
f 2965/2965 2987/2987 2956/2956
f 2045/2045 2026/2026 2038/2038
f 2944/2944 2956/2956 2996/2996
f 2977/2977 2944/2944 2996/2996
f 2945/2945 2944/2944 2977/2977
f 2977/2977 2996/2996 3008/3008
f 2945/2945 2977/2977 2988/2988
f 2988/2988 2977/2977 3008/3008
f 2047/2047 2039/2039 2028/2028
f 2949/2949 2945/2945 2988/2988
f 842/842 827/827 826/826
f 821/821 842/842 826/826
f 2036/2036 2047/2047 2028/2028
f 821/821 826/826 814/814
f 820/820 821/821 814/814
f 2047/2047 2036/2036 2050/2050
f 820/820 814/814 815/815
f 819/819 820/820 815/815
f 818/818 819/819 815/815
f 818/818 815/815 809/809
f 2053/2053 2048/2048 2066/2066
f 800/800 809/809 757/757
f 800/800 757/757 795/795
f 795/795 757/757 755/755
f 2066/2066 2048/2048 2049/2049
f 2073/2073 2066/2066 2049/2049
f 795/795 755/755 787/787
f 787/787 755/755 756/756
f 787/787 756/756 778/778
f 746/746 759/759 841/841
f 2073/2073 2049/2049 2061/2061
f 778/778 756/756 747/747
f 778/778 747/747 772/772
f 738/738 746/746 770/770
f 746/746 841/841 770/770
f 772/772 747/747 748/748
f 751/751 738/738 770/770
f 779/779 778/778 772/772
f 713/713 712/712 738/738
f 713/713 738/738 751/751
f 772/772 748/748 749/749
f 749/749 748/748 693/693
f 777/777 772/772 749/749
f 697/697 693/693 694/694
f 694/694 713/713 714/714
f 749/749 693/693 697/697
f 697/697 694/694 698/698
f 698/698 694/694 714/714
f 53/53 52/52 24/24
f 24/24 1/1 11/11
f 53/53 24/24 11/11
f 11/11 4/4 8/8
f 47/47 7/7 33/33
f 47/47 33/33 59/59
f 530/530 491/491 547/547
f 491/491 530/530 483/483
f 583/583 599/599 513/513
f 583/583 513/513 407/407
f 583/583 407/407 406/406
f 475/475 530/530 527/527
f 483/483 530/530 475/475
f 401/401 583/583 406/406
f 480/480 475/475 527/527
f 593/593 401/401 402/402
f 480/480 527/527 535/535
f 594/594 402/402 399/399
f 480/480 535/535 519/519
f 490/490 480/480 519/519
f 592/592 594/594 399/399
f 592/592 399/399 400/400
f 490/490 519/519 520/520
f 490/490 520/520 479/479
f 520/520 518/518 479/479
f 576/576 400/400 374/374
f 479/479 518/518 494/494
f 574/574 576/576 374/374
f 574/574 374/374 456/456
f 3408/3408 3407/3407 3409/3409
f 504/504 518/518 541/541
f 494/494 518/518 504/504
f 504/504 541/541 503/503
f 3406/3406 3407/3407 3408/3408
f 601/601 629/629 564/564
f 245/245 601/601 564/564
f 245/245 564/564 226/226
f 509/509 541/541 557/557
f 503/503 541/541 509/509
f 509/509 511/511 465/465
f 465/465 511/511 506/506
f 591/591 577/577 248/248
f 465/465 506/506 466/466
f 466/466 506/506 502/502
f 582/582 591/591 248/248
f 582/582 248/248 239/239
f 502/502 539/539 524/524
f 501/501 502/502 524/524
f 502/502 501/501 467/467
f 582/582 239/239 240/240
f 585/585 582/582 240/240
f 467/467 501/501 481/481
f 585/585 240/240 241/241
f 512/512 501/501 524/524
f 481/481 501/501 512/512
f 586/586 585/585 241/241
f 578/578 241/241 236/236
f 463/463 481/481 512/512
f 461/461 463/463 508/508
f 508/508 463/463 512/512
f 579/579 578/578 237/237
f 462/462 461/461 508/508
f 571/571 579/579 237/237
f 571/571 237/237 572/572
f 579/579 571/571 568/568
f 571/571 572/572 570/570
f 568/568 571/571 570/570
f 567/567 579/579 568/568
f 462/462 455/455 451/451
f 568/568 570/570 569/569
f 455/455 462/462 492/492
f 568/568 569/569 566/566
f 567/567 568/568 566/566
f 455/455 492/492 485/485
f 567/567 566/566 232/232
f 588/588 567/567 232/232
f 445/445 455/455 485/485
f 445/445 485/485 484/484
f 588/588 232/232 228/228
f 587/587 588/588 228/228
f 422/422 445/445 442/442
f 419/419 445/445 422/422
f 445/445 484/484 469/469
f 442/442 445/445 469/469
f 563/563 587/587 228/228
f 563/563 228/228 198/198
f 382/382 422/422 411/411
f 411/411 422/422 442/442
f 383/383 382/382 411/411
f 411/411 442/442 426/426
f 243/243 563/563 198/198
f 243/243 198/198 165/165
f 313/313 383/383 411/411
f 243/243 165/165 90/90
f 313/313 411/411 418/418
f 320/320 313/313 418/418
f 418/418 411/411 426/426
f 418/418 426/426 425/425
f 242/242 243/243 90/90
f 242/242 90/90 112/112
f 229/229 242/242 112/112
f 284/284 320/320 380/380
f 380/380 320/320 418/418
f 229/229 112/112 174/174
f 174/174 112/112 86/86
f 380/380 418/418 425/425
f 174/174 86/86 107/107
f 225/225 229/229 174/174
f 107/107 86/86 84/84
f 380/380 425/425 424/424
f 284/284 380/380 379/379
f 379/379 380/380 424/424
f 225/225 174/174 177/177
f 177/177 174/174 107/107
f 283/283 284/284 299/299
f 299/299 284/284 379/379
f 107/107 84/84 91/91
f 91/91 84/84 80/80
f 278/278 283/283 287/287
f 287/287 283/283 299/299
f 191/191 177/177 107/107
f 191/191 107/107 108/108
f 108/108 107/107 91/91
f 299/299 379/379 381/381
f 379/379 424/424 423/423
f 381/381 379/379 423/423
f 221/221 177/177 191/191
f 108/108 91/91 82/82
f 82/82 91/91 80/80
f 80/80 83/83 81/81
f 82/82 80/80 79/79
f 79/79 80/80 81/81
f 185/185 278/278 267/267
f 81/81 185/185 72/72
f 72/72 185/185 267/267
f 287/287 299/299 300/300
f 300/300 299/299 381/381
f 192/192 191/191 108/108
f 79/79 81/81 71/71
f 71/71 81/81 72/72
f 267/267 278/278 287/287
f 267/267 287/287 280/280
f 280/280 287/287 300/300
f 192/192 108/108 161/161
f 161/161 108/108 82/82
f 161/161 82/82 93/93
f 93/93 82/82 79/79
f 93/93 79/79 73/73
f 73/73 79/79 71/71
f 300/300 381/381 391/391
f 72/72 267/267 268/268
f 268/268 267/267 280/280
f 73/73 71/71 70/70
f 70/70 71/71 72/72
f 70/70 72/72 74/74
f 74/74 72/72 268/268
f 297/297 280/280 300/300
f 93/93 73/73 75/75
f 75/75 73/73 70/70
f 297/297 300/300 323/323
f 300/300 391/391 323/323
f 162/162 161/161 93/93
f 268/268 280/280 269/269
f 269/269 280/280 297/297
f 162/162 93/93 94/94
f 94/94 93/93 75/75
f 74/74 268/268 269/269
f 94/94 75/75 106/106
f 106/106 75/75 70/70
f 106/106 70/70 76/76
f 76/76 70/70 74/74
f 74/74 269/269 200/200
f 200/200 269/269 293/293
f 269/269 297/297 293/293
f 297/297 323/323 322/322
f 293/293 297/297 322/322
f 76/76 74/74 77/77
f 77/77 74/74 200/200
f 293/293 322/322 321/321
f 111/111 106/106 76/76
f 117/117 106/106 111/111
f 200/200 293/293 294/294
f 294/294 293/293 321/321
f 76/76 77/77 78/78
f 78/78 77/77 200/200
f 111/111 76/76 97/97
f 97/97 76/76 78/78
f 78/78 200/200 256/256
f 256/256 200/200 294/294
f 256/256 294/294 295/295
f 116/116 117/117 111/111
f 295/295 294/294 308/308
f 116/116 111/111 97/97
f 97/97 78/78 98/98
f 98/98 78/78 256/256
f 115/115 116/116 97/97
f 99/99 115/115 97/97
f 99/99 97/97 98/98
f 99/99 98/98 100/100
f 100/100 98/98 256/256
f 100/100 256/256 257/257
f 257/257 256/256 295/295
f 101/101 99/99 100/100
f 101/101 100/100 102/102
f 102/102 100/100 257/257
f 102/102 257/257 258/258
f 793/793 651/651 862/862
f 793/793 862/862 810/810
f 810/810 862/862 866/866
f 810/810 866/866 828/828
f 866/866 852/852 828/828
f 858/858 649/649 653/653
f 649/649 651/651 652/652
f 653/653 649/649 652/652
f 828/828 852/852 833/833
f 852/852 861/861 833/833
f 856/856 858/858 824/824
f 824/824 858/858 653/653
f 833/833 861/861 860/860
f 833/833 860/860 811/811
f 816/816 811/811 860/860
f 2077/2077 2076/2076 2044/2044
f 856/856 824/824 840/840
f 2054/2054 2077/2077 2044/2044
f 2054/2054 2044/2044 2035/2035
f 2617/2617 2614/2614 2619/2619
f 2617/2617 2619/2619 2620/2620
f 2963/2963 2617/2617 2620/2620
f 2054/2054 2035/2035 2034/2034
f 2054/2054 2034/2034 2051/2051
f 2964/2964 2963/2963 2620/2620
f 2964/2964 2620/2620 2626/2626
f 2987/2987 2964/2964 2626/2626
f 2051/2051 2034/2034 2046/2046
f 2046/2046 2034/2034 2026/2026
f 838/838 845/845 831/831
f 838/838 831/831 825/825
f 825/825 831/831 813/813
f 2045/2045 2046/2046 2026/2026
f 836/836 838/838 825/825
f 812/812 836/836 825/825
f 2039/2039 2045/2045 2038/2038
f 837/837 836/836 812/812
f 2045/2045 2039/2039 2055/2055
f 837/837 812/812 808/808
f 827/827 837/837 808/808
f 2055/2055 2039/2039 2047/2047
f 826/826 827/827 808/808
f 826/826 808/808 807/807
f 2055/2055 2047/2047 2058/2058
f 814/814 826/826 807/807
f 814/814 807/807 768/768
f 814/814 768/768 769/769
f 815/815 814/814 769/769
f 2058/2058 2047/2047 2050/2050
f 815/815 769/769 733/733
f 2058/2058 2050/2050 2053/2053
f 2062/2062 2058/2058 2053/2053
f 815/815 733/733 798/798
f 798/798 733/733 734/734
f 2053/2053 2074/2074 2062/2062
f 736/736 734/734 717/717
f 760/760 758/758 711/711
f 750/750 760/760 711/711
f 798/798 734/734 757/757
f 757/757 734/734 736/736
f 758/758 760/760 822/822
f 2074/2074 2053/2053 2066/2066
f 736/736 717/717 728/728
f 755/755 757/757 736/736
f 706/706 711/711 702/702
f 732/732 711/711 758/758
f 755/755 736/736 744/744
f 736/736 728/728 744/744
f 702/702 711/711 732/732
f 744/744 728/728 680/680
f 758/758 822/822 759/759
f 756/756 755/755 744/744
f 732/732 758/758 759/759
f 678/678 702/702 720/720
f 702/702 732/732 746/746
f 720/720 702/702 746/746
f 732/732 759/759 746/746
f 756/756 744/744 747/747
f 684/684 744/744 680/680
f 678/678 720/720 712/712
f 685/685 678/678 712/712
f 747/747 744/744 684/684
f 712/712 720/720 738/738
f 720/720 746/746 738/738
f 748/748 747/747 684/684
f 693/693 684/684 685/685
f 685/685 712/712 713/713
f 693/693 685/685 694/694
f 685/685 713/713 694/694
f 53/53 11/11 51/51
f 51/51 11/11 26/26
f 11/11 8/8 26/26
f 26/26 8/8 31/31
f 31/31 8/8 42/42
f 42/42 8/8 7/7
f 42/42 7/7 47/47
f 513/513 398/398 371/371
f 438/438 428/428 491/491
f 438/438 491/491 483/483
f 407/407 513/513 371/371
f 407/407 371/371 369/369
f 406/406 407/407 369/369
f 406/406 369/369 368/368
f 475/475 438/438 483/483
f 421/421 438/438 475/475
f 431/431 438/438 421/421
f 401/401 368/368 367/367
f 401/401 367/367 366/366
f 402/402 401/401 366/366
f 421/421 475/475 449/449
f 449/449 475/475 480/480
f 421/421 449/449 420/420
f 402/402 366/366 365/365
f 399/399 402/402 365/365
f 420/420 449/449 441/441
f 441/441 449/449 480/480
f 441/441 480/480 490/490
f 399/399 365/365 364/364
f 479/479 441/441 490/490
f 440/440 441/441 479/479
f 440/440 479/479 393/393
f 393/393 479/479 494/494
f 374/374 348/348 405/405
f 456/456 374/374 405/405
f 3410/3410 3409/3409 3411/3411
f 427/427 393/393 494/494
f 427/427 494/494 504/504
f 427/427 504/504 446/446
f 3408/3408 3409/3409 3410/3410
f 446/446 504/504 503/503
f 465/465 503/503 509/509
f 446/446 503/503 465/465
f 446/446 465/465 417/417
f 417/417 465/465 453/453
f 245/245 204/204 248/248
f 465/465 466/466 453/453
f 453/453 466/466 450/450
f 235/235 248/248 204/204
f 235/235 204/204 212/212
f 467/467 466/466 502/502
f 450/450 466/466 467/467
f 235/235 212/212 214/214
f 450/450 467/467 452/452
f 235/235 214/214 215/215
f 239/239 235/235 215/215
f 239/239 215/215 223/223
f 240/240 239/239 223/223
f 452/452 467/467 481/481
f 437/437 452/452 481/481
f 240/240 223/223 224/224
f 241/241 240/240 224/224
f 436/436 437/437 481/481
f 241/241 224/224 236/236
f 436/436 481/481 463/463
f 435/435 436/436 463/463
f 435/435 463/463 461/461
f 236/236 207/207 208/208
f 433/433 435/435 461/461
f 433/433 461/461 462/462
f 237/237 236/236 208/208
f 237/237 208/208 209/209
f 230/230 237/237 209/209
f 433/433 462/462 451/451
f 433/433 451/451 395/395
f 230/230 209/209 205/205
f 231/231 230/230 205/205
f 412/412 451/451 455/455
f 395/395 451/451 412/412
f 412/412 455/455 445/445
f 389/389 412/412 419/419
f 419/419 412/412 445/445
f 228/228 231/231 197/197
f 318/318 389/389 384/384
f 384/384 389/389 419/419
f 228/228 197/197 120/120
f 301/301 318/318 384/384
f 384/384 419/419 422/422
f 302/302 301/301 384/384
f 199/199 228/228 120/120
f 384/384 422/422 382/382
f 302/302 384/384 382/382
f 199/199 120/120 109/109
f 282/282 302/302 303/303
f 303/303 302/302 382/382
f 198/198 199/199 109/109
f 201/201 282/282 281/281
f 279/279 282/282 201/201
f 281/281 282/282 303/303
f 109/109 118/118 96/96
f 303/303 382/382 383/383
f 165/165 198/198 109/109
f 166/166 201/201 281/281
f 165/165 109/109 95/95
f 109/109 96/96 95/95
f 95/95 96/96 92/92
f 166/166 281/281 266/266
f 290/290 281/281 303/303
f 166/166 89/89 92/92
f 303/303 383/383 313/313
f 90/90 95/95 92/92
f 89/89 166/166 266/266
f 266/266 281/281 290/290
f 290/290 303/303 313/313
f 165/165 95/95 90/90
f 87/87 90/90 92/92
f 87/87 92/92 89/89
f 189/189 89/89 266/266
f 290/290 313/313 320/320
f 87/87 89/89 88/88
f 88/88 89/89 189/189
f 189/189 266/266 265/265
f 86/86 90/90 87/87
f 265/265 266/266 290/290
f 88/88 189/189 187/187
f 187/187 189/189 265/265
f 290/290 320/320 284/284
f 87/87 88/88 85/85
f 85/85 88/88 187/187
f 187/187 265/265 186/186
f 86/86 87/87 85/85
f 186/186 265/265 290/290
f 84/84 86/86 85/85
f 186/186 290/290 284/284
f 85/85 187/187 186/186
f 186/186 284/284 283/283
f 84/84 85/85 83/83
f 83/83 85/85 186/186
f 278/278 186/186 283/283
f 83/83 186/186 185/185
f 185/185 186/186 278/278
f 793/793 810/810 773/773
f 810/810 828/828 771/771
f 653/653 652/652 654/654
f 654/654 652/652 655/655
f 652/652 793/793 655/655
f 655/655 793/793 773/773
f 771/771 828/828 775/775
f 775/775 828/828 833/833
f 775/775 833/833 811/811
f 824/824 653/653 657/657
f 657/657 653/653 654/654
f 774/774 775/775 811/811
f 774/774 811/811 816/816
f 840/840 824/824 657/657
f 775/775 774/774 727/727
f 774/774 816/816 752/752
f 840/840 657/657 741/741
f 752/752 816/816 851/851
f 788/788 752/752 851/851
f 2620/2620 2624/2624 2625/2625
f 2068/2068 2079/2079 2054/2054
f 2068/2068 2054/2054 2051/2051
f 2626/2626 2620/2620 2625/2625
f 845/845 847/847 829/829
f 2068/2068 2051/2051 2046/2046
f 831/831 845/845 829/829
f 2064/2064 2068/2068 2046/2046
f 813/813 831/831 829/829
f 2064/2064 2046/2046 2045/2045
f 2067/2067 2064/2064 2045/2045
f 812/812 813/813 724/724
f 2067/2067 2045/2045 2055/2055
f 808/808 812/812 724/724
f 2075/2075 2067/2067 2055/2055
f 808/808 724/724 723/723
f 2078/2078 2075/2075 2058/2058
f 2058/2058 2075/2075 2055/2055
f 807/807 723/723 768/768
f 768/768 723/723 725/725
f 768/768 725/725 737/737
f 737/737 725/725 735/735
f 2080/2080 2078/2078 2058/2058
f 769/769 768/768 737/737
f 763/763 764/764 708/708
f 733/733 769/769 737/737
f 2080/2080 2058/2058 2062/2062
f 737/737 735/735 733/733
f 733/733 735/735 715/715
f 750/750 764/764 817/817
f 764/764 750/750 708/708
f 733/733 715/715 716/716
f 734/734 733/733 716/716
f 706/706 708/708 750/750
f 708/708 706/706 686/686
f 717/717 734/734 716/716
f 717/717 716/716 674/674
f 750/750 817/817 760/760
f 729/729 717/717 674/674
f 706/706 750/750 711/711
f 675/675 687/687 691/691
f 691/691 687/687 706/706
f 728/728 717/717 729/729
f 728/728 729/729 676/676
f 677/677 675/675 691/691
f 691/691 706/706 702/702
f 728/728 676/676 680/680
f 676/676 677/677 678/678
f 680/680 676/676 678/678
f 678/678 677/677 691/691
f 678/678 691/691 702/702
f 684/684 680/680 678/678
f 684/684 678/678 685/685
f 347/347 464/464 353/353
f 56/56 26/26 31/31
f 353/353 528/528 363/363
f 371/371 398/398 346/346
f 398/398 347/347 346/346
f 362/362 363/363 428/428
f 362/362 428/428 438/438
f 369/369 371/371 346/346
f 369/369 346/346 352/352
f 352/352 346/346 345/345
f 362/362 438/438 431/431
f 361/361 362/362 388/388
f 388/388 362/362 431/431
f 368/368 369/369 352/352
f 368/368 352/352 349/349
f 352/352 345/345 340/340
f 349/349 352/352 340/340
f 367/367 368/368 349/349
f 388/388 431/431 421/421
f 349/349 340/340 341/341
f 366/366 367/367 349/349
f 366/366 349/349 350/350
f 350/350 349/349 341/341
f 360/360 361/361 388/388
f 360/360 388/388 387/387
f 387/387 388/388 421/421
f 350/350 341/341 343/343
f 387/387 421/421 420/420
f 365/365 366/366 350/350
f 365/365 350/350 351/351
f 350/350 343/343 342/342
f 351/351 350/350 342/342
f 370/370 387/387 420/420
f 370/370 420/420 413/413
f 360/360 387/387 370/370
f 413/413 420/420 441/441
f 364/364 365/365 351/351
f 413/413 441/441 440/440
f 370/370 413/413 378/378
f 378/378 413/413 440/440
f 364/364 351/351 348/348
f 348/348 351/351 342/342
f 348/348 342/342 330/330
f 378/378 440/440 393/393
f 348/348 330/330 331/331
f 372/372 378/378 393/393
f 378/378 372/372 355/355
f 405/405 348/348 404/404
f 348/348 331/331 404/404
f 190/190 404/404 331/331
f 190/190 331/331 298/298
f 331/331 309/309 298/298
f 326/326 372/372 373/373
f 326/326 373/373 310/310
f 372/372 393/393 373/373
f 373/373 393/393 427/427
f 226/226 405/405 173/173
f 213/213 226/226 173/173
f 405/405 404/404 190/190
f 173/173 405/405 190/190
f 310/310 373/373 427/427
f 310/310 427/427 446/446
f 310/310 446/446 375/375
f 213/213 173/173 203/203
f 375/375 446/446 417/417
f 213/213 203/203 204/204
f 204/204 203/203 160/160
f 417/417 453/453 416/416
f 375/375 417/417 416/416
f 212/212 204/204 168/168
f 416/416 453/453 450/450
f 416/416 450/450 415/415
f 212/212 168/168 176/176
f 214/214 212/212 176/176
f 215/215 214/214 176/176
f 215/215 176/176 158/158
f 414/414 450/450 452/452
f 450/450 414/414 415/415
f 215/215 158/158 159/159
f 223/223 215/215 159/159
f 390/390 414/414 452/452
f 224/224 223/223 159/159
f 390/390 452/452 437/437
f 224/224 159/159 154/154
f 394/394 390/390 437/437
f 207/207 224/224 154/154
f 394/394 437/437 436/436
f 207/207 154/154 153/153
f 317/317 394/394 436/436
f 317/317 436/436 435/435
f 315/315 317/317 396/396
f 396/396 317/317 435/435
f 207/207 153/153 169/169
f 208/208 207/207 169/169
f 396/396 435/435 433/433
f 315/315 396/396 397/397
f 316/316 315/315 397/397
f 397/397 396/396 433/433
f 169/169 132/132 131/131
f 209/209 208/208 169/169
f 209/209 169/169 170/170
f 170/170 169/169 131/131
f 397/397 433/433 395/395
f 170/170 131/131 129/129
f 316/316 397/397 395/395
f 314/314 316/316 395/395
f 209/209 170/170 164/164
f 205/205 209/209 164/164
f 164/164 170/170 129/129
f 205/205 164/164 163/163
f 164/164 129/129 128/128
f 163/163 164/164 128/128
f 314/314 395/395 412/412
f 292/292 291/291 314/314
f 314/314 412/412 389/389
f 197/197 205/205 163/163
f 292/292 314/314 318/318
f 318/318 314/314 389/389
f 197/197 163/163 155/155
f 155/155 163/163 128/128
f 292/292 288/288 263/263
f 155/155 128/128 123/123
f 263/263 288/288 183/183
f 288/288 292/292 318/318
f 123/123 126/126 125/125
f 120/120 197/197 155/155
f 123/123 125/125 122/122
f 183/183 288/288 279/279
f 279/279 288/288 301/301
f 301/301 288/288 318/318
f 120/120 155/155 124/124
f 124/124 155/155 123/123
f 122/122 183/183 182/182
f 182/182 183/183 279/279
f 124/124 123/123 119/119
f 119/119 123/123 122/122
f 119/119 122/122 121/121
f 121/121 122/122 182/182
f 120/120 124/124 119/119
f 279/279 301/301 302/302
f 120/120 119/119 118/118
f 279/279 302/302 282/282
f 121/121 182/182 201/201
f 182/182 279/279 201/201
f 118/118 119/119 96/96
f 96/96 119/119 121/121
f 96/96 121/121 166/166
f 166/166 121/121 201/201
f 92/92 96/96 166/166
f 773/773 810/810 771/771
f 655/655 773/773 658/658
f 658/658 773/773 771/771
f 658/658 771/771 727/727
f 727/727 771/771 775/775
f 654/654 655/655 656/656
f 657/657 654/654 656/656
f 658/658 727/727 707/707
f 741/741 657/657 656/656
f 655/655 658/658 656/656
f 707/707 727/727 703/703
f 703/703 727/727 774/774
f 703/703 774/774 752/752
f 2640/2640 2624/2624 2642/2642
f 741/741 656/656 740/740
f 740/740 656/656 709/709
f 752/752 788/788 743/743
f 743/743 788/788 794/794
f 703/703 752/752 696/696
f 696/696 752/752 743/743
f 2640/2640 2642/2642 2643/2643
f 829/829 847/847 848/848
f 2681/2681 2640/2640 2671/2671
f 2640/2640 2643/2643 2671/2671
f 695/695 696/696 743/743
f 743/743 794/794 791/791
f 695/695 743/743 731/731
f 731/731 743/743 791/791
f 731/731 791/791 780/780
f 2682/2682 2681/2681 2671/2671
f 742/742 700/700 701/701
f 695/695 731/731 730/730
f 689/689 695/695 730/730
f 730/730 731/731 780/780
f 780/780 791/791 830/830
f 726/726 742/742 701/701
f 726/726 701/701 699/699
f 730/730 780/780 765/765
f 765/765 780/780 830/830
f 724/724 726/726 699/699
f 689/689 730/730 722/722
f 690/690 689/689 722/722
f 722/722 730/730 765/765
f 723/723 724/724 699/699
f 723/723 699/699 704/704
f 690/690 722/722 721/721
f 683/683 690/690 721/721
f 721/721 722/722 765/765
f 725/725 723/723 704/704
f 725/725 704/704 705/705
f 721/721 765/765 763/763
f 735/735 725/725 705/705
f 682/682 683/683 688/688
f 688/688 683/683 721/721
f 735/735 705/705 715/715
f 715/715 705/705 670/670
f 679/679 682/682 688/688
f 721/721 763/763 708/708
f 688/688 721/721 708/708
f 671/671 679/679 686/686
f 686/686 679/679 688/688
f 686/686 688/688 708/708
f 716/716 715/715 670/670
f 716/716 670/670 672/672
f 671/671 673/673 672/672
f 673/673 671/671 686/686
f 673/673 686/686 687/687
f 674/674 716/716 672/672
f 674/674 672/672 673/673
f 674/674 673/673 675/675
f 675/675 673/673 687/687
f 676/676 674/674 675/675
f 676/676 675/675 677/677
f 346/346 347/347 338/338
f 347/347 353/353 338/338
f 338/338 353/353 344/344
f 344/344 353/353 363/363
f 344/344 363/363 354/354
f 354/354 363/363 362/362
f 345/345 346/346 338/338
f 345/345 338/338 339/339
f 338/338 344/344 337/337
f 337/337 344/344 354/354
f 354/354 362/362 361/361
f 340/340 345/345 339/339
f 339/339 338/338 336/336
f 340/340 339/339 336/336
f 336/336 338/338 337/337
f 337/337 354/354 358/358
f 358/358 354/354 361/361
f 341/341 340/340 336/336
f 335/335 341/341 336/336
f 343/343 341/341 335/335
f 335/335 336/336 337/337
f 335/335 337/337 334/334
f 334/334 337/337 358/358
f 334/334 358/358 357/357
f 357/357 358/358 361/361
f 357/357 361/361 360/360
f 342/342 343/343 335/335
f 333/333 335/335 334/334
f 342/342 335/335 333/333
f 333/333 334/334 332/332
f 332/332 334/334 357/357
f 332/332 357/357 356/356
f 356/356 357/357 360/360
f 342/342 333/333 329/329
f 329/329 333/333 332/332
f 356/356 360/360 359/359
f 359/359 360/360 370/370
f 330/330 342/342 329/329
f 329/329 332/332 327/327
f 327/327 332/332 356/356
f 359/359 370/370 355/355
f 355/355 370/370 378/378
f 330/330 329/329 328/328
f 328/328 329/329 327/327
f 356/356 359/359 355/355
f 327/327 356/356 355/355
f 328/328 327/327 309/309
f 309/309 327/327 326/326
f 326/326 327/327 355/355
f 173/173 190/190 145/145
f 190/190 298/298 175/175
f 145/145 190/190 175/175
f 175/175 298/298 309/309
f 175/175 309/309 188/188
f 188/188 309/309 326/326
f 188/188 326/326 272/272
f 272/272 326/326 310/310
f 203/203 173/173 160/160
f 160/160 173/173 145/145
f 145/145 175/175 146/146
f 146/146 175/175 188/188
f 146/146 188/188 178/178
f 178/178 188/188 272/272
f 178/178 272/272 271/271
f 271/271 272/272 310/310
f 271/271 310/310 304/304
f 304/304 310/310 375/375
f 149/149 160/160 145/145
f 147/147 146/146 178/178
f 178/178 271/271 270/270
f 304/304 375/375 376/376
f 376/376 375/375 416/416
f 168/168 160/160 149/149
f 149/149 145/145 143/143
f 145/145 146/146 144/144
f 143/143 145/145 144/144
f 144/144 146/146 147/147
f 147/147 178/178 179/179
f 179/179 178/178 270/270
f 271/271 304/304 285/285
f 270/270 271/271 285/285
f 285/285 304/304 376/376
f 168/168 149/149 157/157
f 157/157 149/149 143/143
f 376/376 416/416 415/415
f 176/176 168/168 157/157
f 143/143 144/144 142/142
f 142/142 144/144 147/147
f 179/179 270/270 262/262
f 262/262 270/270 277/277
f 277/277 270/270 285/285
f 157/157 143/143 140/140
f 140/140 143/143 142/142
f 147/147 179/179 181/181
f 181/181 179/179 262/262
f 176/176 157/157 158/158
f 158/158 157/157 140/140
f 142/142 147/147 148/148
f 148/148 147/147 181/181
f 285/285 376/376 312/312
f 312/312 376/376 415/415
f 181/181 262/262 261/261
f 261/261 262/262 277/277
f 277/277 285/285 286/286
f 286/286 285/285 312/312
f 148/148 181/181 180/180
f 180/180 181/181 261/261
f 312/312 415/415 414/414
f 140/140 142/142 139/139
f 139/139 142/142 148/148
f 139/139 148/148 141/141
f 141/141 148/148 180/180
f 159/159 158/158 138/138
f 158/158 140/140 138/138
f 138/138 140/140 139/139
f 261/261 277/277 273/273
f 273/273 277/277 286/286
f 273/273 286/286 312/312
f 312/312 414/414 390/390
f 138/138 139/139 137/137
f 137/137 139/139 141/141
f 159/159 138/138 154/154
f 154/154 138/138 136/136
f 136/136 138/138 137/137
f 141/141 180/180 156/156
f 156/156 180/180 261/261
f 273/273 312/312 311/311
f 311/311 312/312 390/390
f 156/156 261/261 260/260
f 260/260 261/261 273/273
f 311/311 390/390 394/394
f 153/153 154/154 136/136
f 137/137 141/141 135/135
f 135/135 141/141 156/156
f 260/260 273/273 274/274
f 274/274 273/273 311/311
f 136/136 137/137 135/135
f 135/135 156/156 151/151
f 151/151 156/156 260/260
f 274/274 311/311 317/317
f 289/289 274/274 317/317
f 311/311 394/394 317/317
f 153/153 136/136 134/134
f 134/134 136/136 135/135
f 260/260 274/274 275/275
f 275/275 274/274 289/289
f 135/135 151/151 150/150
f 151/151 260/260 253/253
f 150/150 151/151 253/253
f 253/253 260/260 275/275
f 132/132 153/153 134/134
f 134/134 135/135 133/133
f 133/133 135/135 150/150
f 289/289 317/317 315/315
f 132/132 134/134 133/133
f 275/275 289/289 276/276
f 276/276 289/289 315/315
f 133/133 150/150 152/152
f 152/152 150/150 253/253
f 253/253 275/275 276/276
f 276/276 315/315 316/316
f 130/130 133/133 152/152
f 253/253 276/276 254/254
f 131/131 132/132 133/133
f 131/131 133/133 130/130
f 152/152 253/253 254/254
f 129/129 131/131 130/130
f 152/152 254/254 255/255
f 255/255 254/254 276/276
f 276/276 316/316 314/314
f 255/255 276/276 291/291
f 291/291 276/276 314/314
f 129/129 130/130 127/127
f 127/127 130/130 152/152
f 128/128 129/129 127/127
f 127/127 152/152 255/255
f 127/127 255/255 263/263
f 263/263 255/255 292/292
f 292/292 255/255 291/291
f 126/126 128/128 127/127
f 184/184 127/127 263/263
f 126/126 127/127 125/125
f 125/125 127/127 184/184
f 184/184 263/263 183/183
f 125/125 184/184 183/183
f 122/122 125/125 183/183
f 656/656 658/658 659/659
f 659/659 658/658 707/707
f 659/659 707/707 703/703
f 656/656 659/659 660/660
f 661/661 659/659 703/703
f 709/709 656/656 660/660
f 660/660 659/659 661/661
f 709/709 660/660 692/692
f 661/661 703/703 696/696
f 692/692 660/660 662/662
f 662/662 660/660 661/661
f 661/661 696/696 663/663
f 700/700 709/709 692/692
f 662/662 661/661 663/663
f 700/700 692/692 662/662
f 663/663 696/696 695/695
f 665/665 700/700 662/662
f 662/662 663/663 664/664
f 663/663 695/695 689/689
f 664/664 663/663 689/689
f 665/665 662/662 664/664
f 701/701 700/700 665/665
f 699/699 701/701 665/665
f 666/666 665/665 664/664
f 699/699 665/665 666/666
f 681/681 664/664 689/689
f 666/666 664/664 667/667
f 667/667 664/664 681/681
f 681/681 689/689 690/690
f 704/704 699/699 666/666
f 667/667 681/681 683/683
f 683/683 681/681 690/690
f 704/704 666/666 669/669
f 666/666 667/667 668/668
f 669/669 666/666 668/668
f 668/668 667/667 682/682
f 667/667 683/683 682/682
f 705/705 704/704 669/669
f 705/705 669/669 670/670
f 670/670 669/669 668/668
f 670/670 668/668 671/671
f 668/668 682/682 679/679
f 671/671 668/668 679/679
f 670/670 671/671 672/672

