# https://github.com/mikedh/trimesh

o geometry_0
v 0.01152559 -0.04317740 -0.00165845
v 0.01152559 -0.04315151 -0.00356022
v 0.01342065 -0.04279762 -0.00165845
v 0.01152559 -0.04316014 -0.00054908
v 0.01152559 -0.04313424 -0.00468720
v 0.01342065 -0.04274583 -0.00468720
v 0.01673111 -0.04198626 -0.00181693
v 0.01798138 -0.04167552 0.00006724
v 0.01342065 -0.04274583 0.00133509
v 0.01152559 -0.04312561 0.00133509
v 0.01152559 -0.04304793 -0.00657136
v 0.01631436 -0.04202942 -0.00468720
v 0.01342065 -0.04260773 -0.00769834
v 0.01793420 -0.04165826 -0.00294391
v 0.01798138 -0.04167552 -0.00093648
v 0.02247134 -0.04032039 -0.00165845
v 0.02247134 -0.04028586 0.00133509
v 0.01780839 -0.04163237 0.00209227
v 0.01666034 -0.04196900 0.00119421
v 0.01603128 -0.04195173 0.00436384
v 0.01342065 -0.04257320 0.00436384
v 0.01152559 -0.04297024 0.00436384
v 0.01152559 -0.04299614 -0.00769834
v 0.01782411 -0.04163237 -0.00468720
v 0.01601555 -0.04196037 -0.00769834
v 0.01152559 -0.04288393 -0.00960012
v 0.01152559 -0.04279762 -0.01072709
v 0.01342065 -0.04237468 -0.01072709
v 0.01945182 -0.04114037 -0.00468720
v 0.02247134 -0.04022544 -0.00468720
v 0.02548299 -0.03933640 -0.00165845
v 0.02548299 -0.03932777 0.00133509
v 0.02571103 -0.03911198 0.00429340
v 0.02247134 -0.04013049 0.00436384
v 0.01945182 -0.04101954 0.00436384
v 0.01754103 -0.04155469 0.00436384
v 0.01699060 -0.04141658 0.00739259
v 0.01548084 -0.04180500 0.00739259
v 0.01342065 -0.04229699 0.00739259
v 0.01152559 -0.04286667 0.00549082
v 0.01752531 -0.04154606 -0.00769834
v 0.01945182 -0.04097638 -0.00769834
v 0.01552802 -0.04183089 -0.01072709
v 0.01152559 -0.04261636 -0.01261126
v 0.01152559 -0.04249552 -0.01373824
v 0.01356219 -0.04200352 -0.01372063
v 0.01513486 -0.04171868 -0.01269930
v 0.02575034 -0.03914651 -0.00470481
v 0.02247134 -0.04005281 -0.00769834
v 0.02714215 -0.03875809 -0.00165845
v 0.02714215 -0.03875809 0.00133509
v 0.02706352 -0.03872356 -0.00371870
v 0.02705566 -0.03872356 0.00323686
v 0.02687480 -0.03866314 0.00524429
v 0.02661531 -0.03858546 0.00739259
v 0.02510555 -0.03906019 0.00739259
v 0.02247134 -0.03987155 0.00739259
v 0.01945182 -0.04074333 0.00739259
v 0.01945182 -0.04038080 0.01040373
v 0.01506409 -0.04169279 0.00913588
v 0.01341279 -0.04190857 0.01024525
v 0.01152559 -0.04268541 0.00739259
v 0.01703778 -0.04140795 -0.01072709
v 0.01945182 -0.04071743 -0.01072709
v 0.01152559 -0.04212436 -0.01676699
v 0.01266577 -0.04185679 -0.01676699
v 0.01467092 -0.04159784 -0.01470673
v 0.01625931 -0.04128711 -0.01372063
v 0.01945182 -0.04038944 -0.01373824
v 0.02524709 -0.03913787 -0.00769834
v 0.02692984 -0.03868041 -0.00574374
v 0.02247134 -0.03979387 -0.01072709
v 0.02865191 -0.03819704 -0.00165845
v 0.02865191 -0.03820568 0.00133509
v 0.03151416 -0.03711811 -0.00165845
v 0.02824302 -0.03824020 -0.00470481
v 0.03151416 -0.03703179 0.00436384
v 0.02823515 -0.03823157 0.00429340
v 0.03151416 -0.03685053 0.00739259
v 0.02850251 -0.03792947 0.00739259
v 0.02850251 -0.03761873 0.01040373
v 0.02608847 -0.03842146 0.01040373
v 0.02457871 -0.03888756 0.01040373
v 0.02247134 -0.03951766 0.01040373
v 0.01621213 -0.04124395 0.01024525
v 0.02415409 -0.03875809 0.01225268
v 0.02254211 -0.03905156 0.01332683
v 0.01945182 -0.03991471 0.01343248
v 0.01441143 -0.04154606 0.01114331
v 0.01239842 -0.04177047 0.01248160
v 0.01152559 -0.04208984 0.01158354
v 0.01152559 -0.04227973 0.01035091
v 0.01217825 -0.04172731 -0.01868637
v 0.01152559 -0.04181363 -0.01907377
v 0.01417553 -0.04146837 -0.01676699
v 0.01643230 -0.04085554 -0.01676699
v 0.01945182 -0.04000102 -0.01676699
v 0.02247134 -0.03945724 -0.01373824
v 0.02675685 -0.03861999 -0.00769834
v 0.02485393 -0.03900840 -0.01072709
v 0.02850251 -0.03797263 -0.00769834
v 0.03151416 -0.03712674 0.00133509
v 0.03151416 -0.03699727 -0.00468720
v 0.03399111 -0.03614275 -0.00165845
v 0.03403042 -0.03615138 0.00133509
v 0.03394393 -0.03609960 0.00436384
v 0.03373162 -0.03602191 0.00739259
v 0.03337777 -0.03587518 0.01040373
v 0.03151416 -0.03655706 0.01040373
v 0.03311041 -0.03577160 0.01214703
v 0.03162425 -0.03614275 0.01325639
v 0.02850251 -0.03719579 0.01343248
v 0.02529427 -0.03824020 0.01332683
v 0.01643230 -0.04068290 0.01343248
v 0.02359579 -0.03859409 0.01427772
v 0.02158278 -0.03887893 0.01579209
v 0.01967200 -0.03921556 0.01665494
v 0.01341279 -0.04136480 0.01346770
v 0.01152559 -0.04157195 0.01447142
v 0.01152559 -0.04185679 0.01292182
v 0.01152559 -0.04155469 -0.02067619
v 0.01327911 -0.04126985 -0.01972530
v 0.01643230 -0.04041533 -0.01979574
v 0.02252638 -0.03905156 -0.01653807
v 0.01945182 -0.03951766 -0.01979574
v 0.02147270 -0.03887893 -0.01979574
v 0.02432708 -0.03882714 -0.01373824
v 0.02402828 -0.03872356 -0.01537587
v 0.02636368 -0.03848188 -0.01072709
v 0.02850251 -0.03769642 -0.01072709
v 0.03151416 -0.03681601 -0.00769834
v 0.03384171 -0.03607370 -0.00468720
v 0.03361367 -0.03598739 -0.00769834
v 0.03550087 -0.03551265 -0.00165845
v 0.03554018 -0.03553855 0.00133509
v 0.03535146 -0.03545224 -0.00468720
v 0.03545369 -0.03550402 0.00436384
v 0.03524138 -0.03542634 0.00739259
v 0.03488753 -0.03528824 0.01040373
v 0.03428205 -0.03515013 0.01325639
v 0.03270152 -0.03562486 0.01417206
v 0.03058629 -0.03594423 0.01644363
v 0.02850251 -0.03664338 0.01644363
v 0.02548299 -0.03759284 0.01644363
v 0.01643230 -0.04007870 0.01644363
v 0.02254211 -0.03842146 0.01665494
v 0.02082790 -0.03867177 0.01779952
v 0.01342065 -0.04075196 0.01644363
v 0.01152559 -0.04155469 0.01455946
v 0.01342065 -0.04066564 -0.02280688
v 0.01152559 -0.04112311 -0.02289493
v 0.01643230 -0.03981976 -0.02280688
v 0.02104808 -0.03873220 -0.02143338
v 0.02357221 -0.03856820 -0.01738330
v 0.02298245 -0.03836104 -0.01979574
v 0.02583684 -0.03829199 -0.01373824
v 0.02521564 -0.03812799 -0.01653807
v 0.02850251 -0.03690232 -0.01676699
v 0.02850251 -0.03732527 -0.01373824
v 0.03151416 -0.03653980 -0.01072709
v 0.03512343 -0.03535729 -0.00769834
v 0.03326768 -0.03584065 -0.01072709
v 0.03755320 -0.03446825 -0.00468720
v 0.03755320 -0.03458909 -0.00165845
v 0.03755320 -0.03461498 0.00133509
v 0.03755320 -0.03456319 0.00436384
v 0.03755320 -0.03428698 -0.00769834
v 0.03755320 -0.03441646 0.00739259
v 0.03755320 -0.03414888 0.01040373
v 0.03755320 -0.03374321 0.01343248
v 0.03453368 -0.03442509 0.01644363
v 0.03209605 -0.03540045 0.01644363
v 0.03009090 -0.03577160 0.01808127
v 0.02548299 -0.03687643 0.01947238
v 0.02247134 -0.03778273 0.01947238
v 0.01881489 -0.03893072 0.01883845
v 0.01666034 -0.03925008 0.01970130
v 0.01342065 -0.04003554 0.01947238
v 0.01967200 -0.03849051 0.01970130
v 0.01152559 -0.04086417 0.01753539
v 0.01152559 -0.04112311 0.01642602
v 0.01152559 -0.04073470 -0.02470866
v 0.01342065 -0.04000102 -0.02583564
v 0.01935746 -0.03899114 -0.02257797
v 0.01649521 -0.03912924 -0.02581803
v 0.02548299 -0.03686780 -0.02280688
v 0.02548299 -0.03748926 -0.01979574
v 0.01829591 -0.03880988 -0.02479670
v 0.02030892 -0.03849915 -0.02344081
v 0.02247134 -0.03723032 -0.02583564
v 0.02552231 -0.03618591 -0.02574759
v 0.03030321 -0.03585791 -0.01888007
v 0.03072783 -0.03603917 -0.01676699
v 0.03161639 -0.03616001 -0.01347410
v 0.02868337 -0.03629812 -0.01984857
v 0.03304751 -0.03574570 -0.01229430
v 0.03477744 -0.03521055 -0.01072709
v 0.03755320 -0.03401078 -0.01072709
v 0.03969202 -0.03306995 -0.01072709
v 0.03995151 -0.03319942 -0.00769834
v 0.04010877 -0.03327710 -0.00468720
v 0.04021100 -0.03333752 -0.00165845
v 0.04021886 -0.03334616 0.00133509
v 0.04016382 -0.03331163 0.00436384
v 0.04003801 -0.03325984 0.00739259
v 0.03977851 -0.03313037 0.01040373
v 0.03934603 -0.03291458 0.01343248
v 0.03907868 -0.03279374 0.01498208
v 0.03752174 -0.03319079 0.01617949
v 0.03649951 -0.03298364 0.01862715
v 0.03469094 -0.03349289 0.01957803
v 0.03127040 -0.03499477 0.01924346
v 0.02928098 -0.03549539 0.02008869
v 0.02726797 -0.03583202 0.02128611
v 0.02836097 -0.03602191 0.01924346
v 0.02538863 -0.03609960 0.02237787
v 0.02247134 -0.03695411 0.02248352
v 0.01782411 -0.03867177 0.02086349
v 0.01581110 -0.03893072 0.02174394
v 0.01347570 -0.03914651 0.02264200
v 0.01152559 -0.04038944 0.01947238
v 0.01945182 -0.03778273 0.02248352
v 0.01152559 -0.04048438 -0.02583564
v 0.01152559 -0.04002692 -0.02771980
v 0.01152559 -0.03973344 -0.02889960
v 0.01352288 -0.03919829 -0.02895243
v 0.01553589 -0.03888756 -0.02801915
v 0.01754890 -0.03857683 -0.02680413
v 0.02777122 -0.03603917 -0.02280688
v 0.02722079 -0.03583202 -0.02467344
v 0.01935746 -0.03824020 -0.02581803
v 0.01945182 -0.03745474 -0.02884678
v 0.02264433 -0.03635854 -0.02900526
v 0.02453939 -0.03594423 -0.02808959
v 0.02655240 -0.03558171 -0.02668087
v 0.03223759 -0.03541771 -0.01676699
v 0.02980782 -0.03566802 -0.02090511
v 0.03138835 -0.03523645 -0.01984857
v 0.03453368 -0.03394173 -0.01979574
v 0.03268580 -0.03559897 -0.01430172
v 0.03424274 -0.03507245 -0.01347410
v 0.03784414 -0.03345836 -0.01401998
v 0.03936176 -0.03291458 -0.01319236
v 0.04120178 -0.03237080 -0.01072709
v 0.04146127 -0.03249164 -0.00769834
v 0.04161853 -0.03256069 -0.00468720
v 0.04172076 -0.03260385 -0.00165845
v 0.04172862 -0.03261248 0.00133509
v 0.04167358 -0.03258659 0.00436384
v 0.04154776 -0.03252617 0.00739259
v 0.04128041 -0.03239669 0.01040373
v 0.04085579 -0.03218091 0.01343248
v 0.04384385 -0.03060998 0.01360858
v 0.04502335 -0.02978136 0.01473555
v 0.04315188 -0.03038556 0.01644363
v 0.04028177 -0.03190470 0.01617949
v 0.03851252 -0.03253480 0.01700712
v 0.03752174 -0.03224133 0.01957803
v 0.03580754 -0.03267290 0.02063458
v 0.03379453 -0.03312174 0.02199047
v 0.03182083 -0.03366552 0.02280048
v 0.02836097 -0.03510698 0.02237787
v 0.02632437 -0.03552129 0.02329354
v 0.02431136 -0.03584928 0.02433247
v 0.02231407 -0.03609096 0.02540662
v 0.01666034 -0.03844735 0.02264200
v 0.01452152 -0.03862861 0.02375137
v 0.01152559 -0.03952629 0.02255396
v 0.01945182 -0.03684190 0.02551227
v 0.01152559 -0.03901703 -0.03145291
v 0.01258714 -0.03889619 -0.03099508
v 0.01460015 -0.03861135 -0.03004419
v 0.01649521 -0.03833515 -0.02895243
v 0.02928098 -0.03546087 -0.02280688
v 0.02833738 -0.03515013 -0.02574759
v 0.01643230 -0.03754105 -0.03187553
v 0.01972704 -0.03645349 -0.03213966
v 0.02175577 -0.03601328 -0.03131204
v 0.02264433 -0.03547813 -0.03213966
v 0.02376879 -0.03566802 -0.03009702
v 0.02552231 -0.03534866 -0.02900526
v 0.02850251 -0.03428698 -0.02884678
v 0.03453368 -0.03445098 -0.01676699
v 0.03151416 -0.03458046 -0.02280688
v 0.03460445 -0.03330300 -0.02268362
v 0.03619284 -0.03285416 -0.02159186
v 0.03657814 -0.03303542 -0.01979574
v 0.03903936 -0.03277648 -0.01519979
v 0.04044690 -0.03229312 -0.01401998
v 0.04358436 -0.03117966 -0.01072709
v 0.04386744 -0.03060135 -0.01398476
v 0.04358436 -0.03141271 -0.00769834
v 0.04358436 -0.03155944 -0.00468720
v 0.04358436 -0.03166302 -0.00165845
v 0.04358436 -0.03168028 0.00133509
v 0.04358436 -0.03162849 0.00436384
v 0.04358436 -0.03149902 0.00739259
v 0.04358436 -0.03123145 0.01040373
v 0.04534575 -0.02997125 0.01272812
v 0.04659602 -0.02842622 0.01644363
v 0.04465378 -0.02959147 0.01644363
v 0.04644662 -0.02913400 0.01360858
v 0.04257000 -0.03007483 0.01887367
v 0.04201956 -0.02979862 0.02089871
v 0.03755320 -0.03129187 0.02248352
v 0.03469094 -0.03245711 0.02280048
v 0.03302392 -0.03277648 0.02399790
v 0.03086151 -0.03312174 0.02551227
v 0.02850251 -0.03401941 0.02551227
v 0.02538863 -0.03514150 0.02540662
v 0.02321835 -0.03551265 0.02633990
v 0.02120534 -0.03581476 0.02722035
v 0.01643230 -0.03759284 0.02551227
v 0.01347570 -0.03826610 0.02540662
v 0.01250851 -0.03880988 0.02433247
v 0.01152559 -0.03925008 0.02346963
v 0.01945182 -0.03603917 0.02783666
v 0.01152559 -0.03861999 -0.03279120
v 0.01352288 -0.03834378 -0.03194597
v 0.03151416 -0.03387267 -0.02583564
v 0.02091440 -0.03572844 -0.03333708
v 0.01666034 -0.03643622 -0.03513320
v 0.01890139 -0.03604781 -0.03428796
v 0.02548299 -0.03456319 -0.03187553
v 0.02856542 -0.03337205 -0.03187553
v 0.03038184 -0.03294048 -0.03085420
v 0.03144339 -0.03316490 -0.02860025
v 0.03308683 -0.03281100 -0.02743805
v 0.03353504 -0.03300953 -0.02583564
v 0.03565813 -0.03260385 -0.02361690
v 0.03734088 -0.03202554 -0.02268362
v 0.04056485 -0.03110197 -0.01979574
v 0.03808790 -0.03231038 -0.01979574
v 0.04056485 -0.03174070 -0.01676699
v 0.04506267 -0.02980725 -0.01514696
v 0.04558165 -0.03010935 -0.01072709
v 0.04533002 -0.02996262 -0.01313953
v 0.04577823 -0.03022156 -0.00769834
v 0.04591977 -0.03029925 -0.00468720
v 0.04604558 -0.03035104 -0.00165845
v 0.04609277 -0.03036830 0.00133509
v 0.04603772 -0.03034240 0.00436384
v 0.04589618 -0.03028199 0.00739259
v 0.04564455 -0.03014388 0.01040373
v 0.04715431 -0.02923758 0.01040373
v 0.04980425 -0.02761486 0.01029808
v 0.04857758 -0.02718329 0.01644363
v 0.04823159 -0.02694160 0.01822214
v 0.04667465 -0.02758034 0.01933151
v 0.04357650 -0.02928937 0.01971891
v 0.04908869 -0.02751128 0.01343248
v 0.04559737 -0.02719192 0.02248352
v 0.04358436 -0.02835716 0.02248352
v 0.04142981 -0.02950515 0.02248352
v 0.03925954 -0.02991946 0.02426203
v 0.03748242 -0.03031651 0.02537140
v 0.03453368 -0.03156807 0.02551227
v 0.03236340 -0.03250027 0.02551227
v 0.03013808 -0.03283690 0.02714991
v 0.02825088 -0.03308721 0.02831211
v 0.02548299 -0.03397626 0.02854102
v 0.02231407 -0.03505519 0.02834733
v 0.02273083 -0.03357921 0.03183391
v 0.01945182 -0.03547813 0.02935104
v 0.01776907 -0.03570255 0.02993214
v 0.01662889 -0.03639306 0.02876994
v 0.01342065 -0.03716127 0.02854102
v 0.01152559 -0.03840420 0.02602293
v 0.01152559 -0.03889619 0.02457899
v 0.01152559 -0.03856820 -0.03294968
v 0.01342065 -0.03742021 -0.03488667
v 0.01972704 -0.03550402 -0.03513320
v 0.01945182 -0.03465814 -0.03791542
v 0.02247134 -0.03470130 -0.03488667
v 0.01580324 -0.03599602 -0.03714063
v 0.01666034 -0.03543497 -0.03805630
v 0.01781625 -0.03570255 -0.03629539
v 0.02566385 -0.03350152 -0.03506276
v 0.02759823 -0.03303542 -0.03416470
v 0.02961124 -0.03261248 -0.03287924
v 0.03239485 -0.03250890 -0.02944548
v 0.03144339 -0.03216364 -0.03187553
v 0.03426632 -0.03190470 -0.02860025
v 0.03504479 -0.03231901 -0.02583564
v 0.03755320 -0.03109334 -0.02583564
v 0.04061989 -0.03038556 -0.02261318
v 0.04216896 -0.02987630 -0.02148621
v 0.04255427 -0.03008346 -0.01979574
v 0.04321479 -0.03042009 -0.01676699
v 0.04644662 -0.02914263 -0.01398476
v 0.04472455 -0.02960873 -0.01676699
v 0.04659602 -0.02845211 -0.01676699
v 0.04858544 -0.02718329 -0.01676699
v 0.04708354 -0.02919442 -0.01072709
v 0.04728799 -0.02932389 -0.00769834
v 0.04742953 -0.02941884 -0.00468720
v 0.04754748 -0.02949652 -0.00165845
v 0.04760252 -0.02953104 0.00133509
v 0.04753962 -0.02950515 0.00436384
v 0.04740594 -0.02941020 0.00739259
v 0.04961553 -0.02808096 0.00739259
v 0.05120393 -0.02691571 0.00922393
v 0.05008733 -0.02609572 0.01644363
v 0.05059845 -0.02648413 0.01343248
v 0.05146342 -0.02415364 0.01947238
v 0.05112529 -0.02390333 0.02098676
v 0.04772834 -0.02660498 0.02022957
v 0.05092871 -0.02672582 0.01123136
v 0.04710714 -0.02619930 0.02248352
v 0.04514130 -0.02688982 0.02408594
v 0.04346641 -0.02733865 0.02524814
v 0.04038399 -0.02892684 0.02537140
v 0.03844175 -0.02953104 0.02628707
v 0.03643660 -0.02999714 0.02743166
v 0.03129399 -0.03185291 0.02831211
v 0.02908440 -0.03241396 0.02917495
v 0.02707138 -0.03281100 0.03012584
v 0.02548299 -0.03308721 0.03083020
v 0.02391033 -0.03275922 0.03301372
v 0.02189732 -0.03306132 0.03368286
v 0.01945182 -0.03461498 0.03155217
v 0.01575606 -0.03592696 0.03053084
v 0.01662889 -0.03532276 0.03153456
v 0.01152559 -0.03749789 0.02854102
v 0.01342065 -0.03616865 0.03111194
v 0.01152559 -0.03791220 -0.03483384
v 0.01452152 -0.03565076 -0.03916566
v 0.01961695 -0.03347563 -0.04113787
v 0.02181868 -0.03308721 -0.04025742
v 0.02267578 -0.03353605 -0.03812673
v 0.02478316 -0.03308721 -0.03726389
v 0.02679617 -0.03270743 -0.03617213
v 0.02856542 -0.03232764 -0.03506276
v 0.03472240 -0.03063587 -0.03199879
v 0.03151416 -0.03111061 -0.03488667
v 0.03366871 -0.03013525 -0.03488667
v 0.03752960 -0.03030788 -0.02858264
v 0.03650737 -0.03006620 -0.03108312
v 0.03952689 -0.03007483 -0.02583564
v 0.04165785 -0.02958283 -0.02349363
v 0.04373377 -0.02767528 -0.02581803
v 0.04333274 -0.02885779 -0.02261318
v 0.04406403 -0.02922031 -0.01979574
v 0.04904151 -0.02750265 -0.01373824
v 0.04825518 -0.02695887 -0.01861594
v 0.04672183 -0.02762349 -0.01969009
v 0.05009520 -0.02613888 -0.01676699
v 0.04937177 -0.02770980 -0.01072709
v 0.04987502 -0.02765801 -0.00759269
v 0.04961553 -0.02802917 -0.00468720
v 0.04961553 -0.02821043 -0.00165845
v 0.04961553 -0.02829675 0.00133509
v 0.04961553 -0.02825359 0.00436384
v 0.05133760 -0.02701065 0.00739259
v 0.05440430 -0.02412774 0.01040373
v 0.05237556 -0.02577636 0.01029808
v 0.05283950 -0.02583677 0.00739259
v 0.05469524 -0.02436079 0.00739259
v 0.05204530 -0.02461974 0.01644363
v 0.05279232 -0.02480963 0.01325639
v 0.05391677 -0.02372207 0.01415445
v 0.05295745 -0.02296250 0.01947238
v 0.05355506 -0.02342860 0.01644363
v 0.05434139 -0.02112399 0.02140937
v 0.05061417 -0.02350628 0.02299418
v 0.04960767 -0.02455932 0.02218417
v 0.05419199 -0.02395512 0.01214703
v 0.04860116 -0.02425722 0.02479030
v 0.04654884 -0.02535341 0.02544184
v 0.04581755 -0.02438669 0.02854102
v 0.04438642 -0.02644098 0.02609337
v 0.04238128 -0.02702792 0.02739644
v 0.04052553 -0.02751991 0.02845298
v 0.03748242 -0.02903042 0.02847059
v 0.03545369 -0.02954831 0.02943909
v 0.03344854 -0.03000578 0.03046041
v 0.03448650 -0.03040282 0.02847059
v 0.03145912 -0.03041145 0.03149934
v 0.02825088 -0.03184428 0.03130564
v 0.02548299 -0.03247438 0.03232697
v 0.02548299 -0.03145586 0.03458092
v 0.02273083 -0.03237080 0.03465135
v 0.02029320 -0.03260385 0.03570790
v 0.01935746 -0.03332890 0.03465135
v 0.01342065 -0.03556444 0.03262632
v 0.01643230 -0.03407120 0.03458092
v 0.01175363 -0.03571981 0.03301372
v 0.01152559 -0.03584928 0.03276719
v 0.01152559 -0.03677285 -0.03796825
v 0.01250851 -0.03587518 -0.03978198
v 0.01347570 -0.03523645 -0.04083852
v 0.01631436 -0.03326847 -0.04400815
v 0.01643230 -0.03445962 -0.04094417
v 0.01872053 -0.03301816 -0.04303965
v 0.02073354 -0.03270743 -0.04226485
v 0.02382383 -0.03272469 -0.03927132
v 0.02267578 -0.03243985 -0.04113787
v 0.02566385 -0.03243985 -0.03812673
v 0.02548299 -0.03146450 -0.04094417
v 0.02735446 -0.02997988 -0.04286356
v 0.02850251 -0.03135228 -0.03791542
v 0.03585472 -0.02972094 -0.03310816
v 0.03134903 -0.03017840 -0.03765129
v 0.03306323 -0.02984178 -0.03645387
v 0.03517847 -0.02938431 -0.03488667
v 0.03909441 -0.02984178 -0.02740284
v 0.03852038 -0.02953104 -0.02942787
v 0.03752960 -0.02921168 -0.03199879
v 0.04103665 -0.02924621 -0.02583564
v 0.04483463 -0.02669129 -0.02682174
v 0.04532216 -0.02701065 -0.02479670
v 0.04579396 -0.02731276 -0.02280688
v 0.04279017 -0.02729549 -0.02884678
v 0.05055127 -0.02645824 -0.01373824
v 0.05088153 -0.02669129 -0.01072709
v 0.04780697 -0.02665677 -0.02062336
v 0.04940323 -0.02583677 -0.01969009
v 0.05158136 -0.02424858 -0.01979574
v 0.05211607 -0.02465426 -0.01676699
v 0.05396395 -0.02376522 -0.01463630
v 0.05282377 -0.02480963 -0.01368541
v 0.05104666 -0.02680350 -0.00852597
v 0.05115675 -0.02688118 -0.00651854
v 0.05125111 -0.02695024 -0.00468720
v 0.05139264 -0.02705381 -0.00165845
v 0.05145555 -0.02709697 0.00133509
v 0.05144769 -0.02709697 0.00436384
v 0.05294959 -0.02595762 0.00436384
v 0.05486037 -0.02448163 0.00436384
v 0.05619714 -0.02309197 0.00739259
v 0.05591405 -0.02285029 0.01040373
v 0.05637013 -0.02324733 0.00436384
v 0.05708569 -0.02088231 0.01471794
v 0.05530072 -0.02195261 0.01644363
v 0.05736091 -0.02113262 0.01271051
v 0.05475029 -0.02147788 0.01947238
v 0.05625218 -0.02009685 0.01947238
v 0.05737664 -0.01821519 0.02149742
v 0.05563097 -0.01944085 0.02246591
v 0.05382241 -0.02067516 0.02341680
v 0.05176222 -0.02148651 0.02551227
v 0.04960767 -0.02309197 0.02568836
v 0.04795637 -0.02379112 0.02679773
v 0.04346641 -0.02587993 0.02845298
v 0.04731944 -0.02334228 0.02854102
v 0.04520421 -0.02397238 0.03017866
v 0.04150845 -0.02655319 0.02940387
v 0.03949544 -0.02708834 0.03049563
v 0.03751388 -0.02756307 0.03153456
v 0.03448650 -0.02903905 0.03149934
v 0.03242631 -0.02953968 0.03246784
v 0.03041330 -0.02999714 0.03343633
v 0.02836097 -0.03035104 0.03449287
v 0.02726010 -0.02993673 0.03630660
v 0.02548299 -0.03028199 0.03697575
v 0.02388674 -0.02978999 0.03905361
v 0.02271510 -0.03076535 0.03787381
v 0.01935746 -0.03199102 0.03739836
v 0.01828805 -0.03287143 0.03627139
v 0.01342065 -0.03469267 0.03458092
v 0.01643230 -0.03307858 0.03669400
v 0.01152559 -0.03562486 0.03329546
v 0.01152559 -0.03573707 0.03304894
v 0.01152559 -0.03598739 -0.04004612
v 0.01152559 -0.03540908 -0.04149006
v 0.01342065 -0.03397626 -0.04395532
v 0.01522922 -0.03285416 -0.04562818
v 0.01724223 -0.03260385 -0.04504708
v 0.01961695 -0.03234490 -0.04400815
v 0.02226689 -0.03024746 -0.04687842
v 0.02247134 -0.03140407 -0.04395532
v 0.02436640 -0.02997125 -0.04582187
v 0.02542008 -0.03033377 -0.04390249
v 0.02637941 -0.02957420 -0.04487099
v 0.02841601 -0.02906495 -0.04390249
v 0.03023244 -0.02992809 -0.03969393
v 0.02841601 -0.03031651 -0.04078569
v 0.03690054 -0.02731276 -0.03791542
v 0.03781268 -0.02790833 -0.03515081
v 0.03966843 -0.02721781 -0.03430557
v 0.03224545 -0.02945336 -0.03847891
v 0.03425846 -0.02878011 -0.03765129
v 0.03624002 -0.02696750 -0.03967632
v 0.04028963 -0.02881463 -0.02858264
v 0.04062775 -0.02756307 -0.03178748
v 0.04672970 -0.02477510 -0.02882917
v 0.04833381 -0.02405869 -0.02780785
v 0.04643875 -0.02595762 -0.02581803
v 0.04429206 -0.02635467 -0.02884678
v 0.04730372 -0.02632877 -0.02280688
v 0.04227119 -0.02698476 -0.03071333
v 0.05423917 -0.02398101 -0.01262887
v 0.05262719 -0.02542246 -0.01072709
v 0.04877416 -0.02437806 -0.02583564
v 0.05123538 -0.02398101 -0.02153903
v 0.05308326 -0.02309197 -0.01979574
v 0.05362583 -0.02350628 -0.01676699
v 0.05452225 -0.02124483 -0.02220818
v 0.05722723 -0.02100315 -0.01548153
v 0.05540294 -0.02283302 -0.01368541
v 0.05464020 -0.02426585 -0.00769834
v 0.05234411 -0.02594036 -0.00759269
v 0.05479747 -0.02438669 -0.00468720
v 0.05289454 -0.02595762 -0.00165845
v 0.05295745 -0.02599214 0.00133509
v 0.05493114 -0.02451616 0.00133509
v 0.05643304 -0.02331638 0.00133509
v 0.05788775 -0.02161599 0.00739259
v 0.05762040 -0.02137430 0.01040373
v 0.05806075 -0.02176272 0.00436384
v 0.05816297 -0.02184040 0.00133509
v 0.06010521 -0.01792172 0.01475316
v 0.05832810 -0.01913875 0.01644363
v 0.05680261 -0.02061473 0.01644363
v 0.06039615 -0.01820655 0.01272812
v 0.05913015 -0.01995874 0.01040373
v 0.06067137 -0.01848276 0.01040373
v 0.05778553 -0.01861223 0.01947238
v 0.05929529 -0.01705857 0.01947238
v 0.06032538 -0.01518554 0.02132133
v 0.05692056 -0.01774045 0.02352245
v 0.05489183 -0.01868992 0.02551227
v 0.05327198 -0.02016590 0.02551227
v 0.05128256 -0.02107220 0.02727317
v 0.04959195 -0.02176272 0.02838254
v 0.04345069 -0.02445574 0.03134086
v 0.04856971 -0.02128799 0.03067172
v 0.04651738 -0.02235829 0.03144651
v 0.04581755 -0.02146062 0.03399982
v 0.04503122 -0.02089957 0.03602486
v 0.04437070 -0.02342860 0.03220370
v 0.04236555 -0.02407596 0.03338351
v 0.04052553 -0.02601804 0.03153456
v 0.03849679 -0.02657045 0.03252066
v 0.03649165 -0.02708834 0.03348916
v 0.03145912 -0.02896137 0.03449287
v 0.02927311 -0.02948789 0.03544376
v 0.02836097 -0.02881463 0.03743358
v 0.02548299 -0.02947063 0.03847251
v 0.02567171 -0.02796875 0.04084973
v 0.02478316 -0.02720918 0.04264585
v 0.02271510 -0.02922031 0.04060321
v 0.02187373 -0.03009209 0.03958188
v 0.01945182 -0.03044598 0.04014537
v 0.01643230 -0.03231038 0.03819077
v 0.01342065 -0.03338931 0.03729271
v 0.01152559 -0.03463224 0.03537332
v 0.01152559 -0.03505519 0.03449287
v 0.01152559 -0.03436467 -0.04395532
v 0.01342065 -0.03305269 -0.04606840
v 0.01631436 -0.03207733 -0.04677276
v 0.01945182 -0.03112787 -0.04698407
v 0.02112671 -0.02987630 -0.04860410
v 0.02313186 -0.02953104 -0.04782930
v 0.02542008 -0.02908221 -0.04687842
v 0.02760609 -0.02714876 -0.04907954
v 0.02856542 -0.02764075 -0.04703690
v 0.03153775 -0.02755444 -0.04392010
v 0.03134903 -0.02894411 -0.04078569
v 0.03054697 -0.02713149 -0.04606840
v 0.03899218 -0.02682076 -0.03631300
v 0.04062775 -0.02631151 -0.03515081
v 0.04168144 -0.02662224 -0.03272076
v 0.03445504 -0.02741634 -0.04078569
v 0.03340136 -0.02705381 -0.04289878
v 0.03255212 -0.02661361 -0.04490620
v 0.03540651 -0.02651866 -0.04168375
v 0.03736448 -0.02583677 -0.04078569
v 0.03840243 -0.02649277 -0.03791542
v 0.04574678 -0.02433490 -0.03187553
v 0.04781483 -0.02369617 -0.02981527
v 0.04964699 -0.02168504 -0.03164661
v 0.05118820 -0.02098589 -0.03048442
v 0.05157350 -0.02127073 -0.02884678
v 0.05027605 -0.02326460 -0.02583564
v 0.04340351 -0.02587993 -0.03178748
v 0.05743954 -0.02118441 -0.01373824
v 0.05774621 -0.02145199 -0.01072709
v 0.05592978 -0.02292797 -0.01072709
v 0.05442003 -0.02411048 -0.01072709
v 0.05223402 -0.02178861 -0.02583564
v 0.05374378 -0.02064063 -0.02583564
v 0.05408977 -0.02090820 -0.02423321
v 0.05648808 -0.02042484 -0.01979574
v 0.05578824 -0.02184040 -0.01660851
v 0.05776980 -0.01848276 -0.02280688
v 0.05557594 -0.02014000 -0.02305341
v 0.05688911 -0.02072694 -0.01750657
v 0.05830450 -0.01894023 -0.01979574
v 0.06008948 -0.01791308 -0.01801723
v 0.06037256 -0.01816340 -0.01599219
v 0.05894930 -0.01988969 -0.01373824
v 0.05614209 -0.02311786 -0.00769834
v 0.05630722 -0.02324733 -0.00468720
v 0.05489969 -0.02447300 -0.00165845
v 0.05640945 -0.02331638 -0.00165845
v 0.05819442 -0.02183177 -0.00165845
v 0.05939751 -0.02021769 0.00739259
v 0.05957050 -0.02038169 0.00436384
v 0.05967273 -0.02049389 0.00133509
v 0.05970418 -0.02052842 -0.00165845
v 0.06303037 -0.01484891 0.01441859
v 0.06120608 -0.01615226 0.01644363
v 0.05982999 -0.01762825 0.01644363
v 0.06332131 -0.01517691 0.01241116
v 0.06218112 -0.01690320 0.01040373
v 0.06094658 -0.01873307 0.00739259
v 0.06244848 -0.01720530 0.00739259
v 0.06067923 -0.01558259 0.01947238
v 0.06218899 -0.01388219 0.01947238
v 0.06318763 -0.01206958 0.02100436
v 0.06153633 -0.01337293 0.02216656
v 0.05985358 -0.01467628 0.02334636
v 0.05782485 -0.01574658 0.02551227
v 0.05640158 -0.01722257 0.02551227
v 0.05437285 -0.01820655 0.02739644
v 0.05249351 -0.01934591 0.02834733
v 0.05058272 -0.02049389 0.02928060
v 0.04783056 -0.02071831 0.03269675
v 0.04673756 -0.02025221 0.03484506
v 0.04822372 -0.01807708 0.03621856
v 0.04645448 -0.01873307 0.03738075
v 0.04534575 -0.01819792 0.03938818
v 0.04385172 -0.02044211 0.03789142
v 0.04204315 -0.02091684 0.03908883
v 0.04302607 -0.02152967 0.03706379
v 0.04132759 -0.02350628 0.03540854
v 0.04041545 -0.02450753 0.03447527
v 0.03751388 -0.02597488 0.03452809
v 0.03538292 -0.02652729 0.03549659
v 0.03336991 -0.02702792 0.03637704
v 0.03443932 -0.02751991 0.03452809
v 0.03131758 -0.02740770 0.03746880
v 0.03018526 -0.02695024 0.03924731
v 0.02850251 -0.02733865 0.03988124
v 0.02679617 -0.02677761 0.04199432
v 0.02247134 -0.02761486 0.04326217
v 0.02567171 -0.02616477 0.04364957
v 0.02548299 -0.02457658 0.04609722
v 0.02378451 -0.02383427 0.04808704
v 0.02247134 -0.02660498 0.04475893
v 0.01945182 -0.02953104 0.04165975
v 0.01772189 -0.02976409 0.04204714
v 0.01660530 -0.03073945 0.04086734
v 0.01342065 -0.03157671 0.04062081
v 0.01342065 -0.03262111 0.03878948
v 0.01152559 -0.03351015 0.03769772
v 0.01183226 -0.03276785 0.03908883
v 0.01152559 -0.03316490 -0.04663189
v 0.01152559 -0.03254343 -0.04798778
v 0.01342065 -0.03235354 -0.04756517
v 0.01640871 -0.03046325 -0.05015369
v 0.01739949 -0.02969504 -0.05126306
v 0.01945182 -0.03014388 -0.04914998
v 0.01945182 -0.02941020 -0.05066435
v 0.02226689 -0.02892684 -0.04976629
v 0.02549085 -0.02758034 -0.05004804
v 0.02961910 -0.02666540 -0.04809344
v 0.02649736 -0.02663950 -0.05108697
v 0.02856542 -0.02617340 -0.05004804
v 0.03153775 -0.02614751 -0.04703690
v 0.04079288 -0.02499952 -0.03810912
v 0.04262504 -0.02424858 -0.03724628
v 0.04360795 -0.02461974 -0.03474580
v 0.04524353 -0.02400690 -0.03365404
v 0.03448650 -0.02459384 -0.04689602
v 0.03633438 -0.02407596 -0.04582187
v 0.03445504 -0.02601804 -0.04392010
v 0.03742738 -0.02443848 -0.04374401
v 0.03917304 -0.02397238 -0.04258181
v 0.03980997 -0.02435216 -0.04094417
v 0.04195665 -0.02382564 -0.03925371
v 0.04724867 -0.02331638 -0.03187553
v 0.04866407 -0.02134841 -0.03437601
v 0.05067708 -0.02060610 -0.03250945
v 0.05445934 -0.01824971 -0.03104790
v 0.05306753 -0.02013137 -0.02884678
v 0.05925597 -0.02015727 -0.01072709
v 0.05796639 -0.02164188 -0.00769834
v 0.05581184 -0.01902654 -0.02581803
v 0.05496259 -0.01864676 -0.02884678
v 0.05927956 -0.01721393 -0.02280688
v 0.05736091 -0.01814613 -0.02481431
v 0.05981427 -0.01766277 -0.01979574
v 0.06175651 -0.01658384 -0.01706634
v 0.06138693 -0.01618679 -0.01979574
v 0.06341567 -0.01525459 -0.01609785
v 0.06214181 -0.01699815 -0.01373824
v 0.06063992 -0.01840508 -0.01373824
v 0.05812365 -0.02176272 -0.00468720
v 0.05963341 -0.02047663 -0.00468720
v 0.06112744 -0.01890570 0.00436384
v 0.06125325 -0.01900928 0.00133509
v 0.06130830 -0.01905244 -0.00165845
v 0.06126898 -0.01900065 -0.00468720
v 0.06550731 -0.01123233 0.01644363
v 0.06399755 -0.01300178 0.01644363
v 0.06270797 -0.01448639 0.01644363
v 0.06427277 -0.01373545 0.01341487
v 0.06616783 -0.01202642 0.01179485
v 0.06354148 -0.01541859 0.01040373
v 0.06639587 -0.01228536 0.00976981
v 0.06381670 -0.01572069 0.00739259
v 0.06263720 -0.01742109 0.00436384
v 0.06403687 -0.01593648 0.00436384
v 0.06347857 -0.01239757 0.01947238
v 0.06601843 -0.00888456 0.02051131
v 0.06560954 -0.00839257 0.02248352
v 0.06392678 -0.01056770 0.02220178
v 0.06274729 -0.01154306 0.02301179
v 0.06640373 -0.00934203 0.01850388
v 0.06066350 -0.01262199 0.02551227
v 0.05933460 -0.01410661 0.02551227
v 0.05735304 -0.01523733 0.02736122
v 0.05554448 -0.01640258 0.02838254
v 0.05371233 -0.01757646 0.02942148
v 0.05170718 -0.01851729 0.03090063
v 0.05101521 -0.01787856 0.03290806
v 0.04978853 -0.01962212 0.03179869
v 0.04886852 -0.01862950 0.03458092
v 0.05131401 -0.01520280 0.03634182
v 0.04936390 -0.01626447 0.03729271
v 0.04849108 -0.01535817 0.03954666
v 0.04735876 -0.01732614 0.03824360
v 0.05037041 -0.01730025 0.03458092
v 0.04757893 -0.01456407 0.04157170
v 0.04557379 -0.01540996 0.04259302
v 0.04431565 -0.01737793 0.04139561
v 0.04230264 -0.01815476 0.04234650
v 0.04341923 -0.01879349 0.04047994
v 0.04031322 -0.01862087 0.04347348
v 0.03914158 -0.01803392 0.04521677
v 0.03878774 -0.02078736 0.04192388
v 0.04003014 -0.02146062 0.03989884
v 0.03814294 -0.02343722 0.03833164
v 0.04068280 -0.02247913 0.03769772
v 0.03931458 -0.02403280 0.03630660
v 0.03730157 -0.02440395 0.03743358
v 0.03219827 -0.02643235 0.03840208
v 0.03612993 -0.02394648 0.03917687
v 0.03152989 -0.02538794 0.04063842
v 0.03086937 -0.02434353 0.04280433
v 0.02850251 -0.02638919 0.04137800
v 0.02851824 -0.02485279 0.04373761
v 0.02751959 -0.02413638 0.04549852
v 0.02089867 -0.02684666 0.04512873
v 0.02548299 -0.02349765 0.04761159
v 0.02177936 -0.02417090 0.04852727
v 0.02266006 -0.02504268 0.04690724
v 0.02542008 -0.02190946 0.04977750
v 0.02437426 -0.02110673 0.05139754
v 0.02266006 -0.02307471 0.04960141
v 0.01971918 -0.02796875 0.04393131
v 0.01660530 -0.02905632 0.04350869
v 0.01571674 -0.03000578 0.04241694
v 0.01888566 -0.02710560 0.04551612
v 0.01643230 -0.02742497 0.04597396
v 0.01152559 -0.03196512 0.04051516
v 0.01342065 -0.03025609 0.04278672
v 0.01152559 -0.03155081 0.04120191
v 0.01152559 -0.03297500 0.03877187
v 0.01152559 -0.03279374 0.03912405
v 0.01152559 -0.03161986 -0.04983673
v 0.01342065 -0.03117102 -0.04999521
v 0.01538648 -0.02991946 -0.05170329
v 0.01640871 -0.02905632 -0.05283026
v 0.01945182 -0.02708834 -0.05490813
v 0.01945182 -0.02815864 -0.05302396
v 0.02100876 -0.02688118 -0.05455595
v 0.02219612 -0.02733002 -0.05295353
v 0.02448435 -0.02707108 -0.05189698
v 0.03149057 -0.02467153 -0.04997760
v 0.03344854 -0.02414501 -0.04893867
v 0.02549085 -0.02602667 -0.05295353
v 0.02733874 -0.02407596 -0.05480248
v 0.02840815 -0.02461974 -0.05298875
v 0.03046834 -0.02414501 -0.05194982
v 0.04360795 -0.02323870 -0.03810912
v 0.04463805 -0.02360122 -0.03566147
v 0.04667465 -0.02247913 -0.03502754
v 0.03546155 -0.02355807 -0.04782930
v 0.03834739 -0.02346312 -0.04460685
v 0.03742738 -0.02285029 -0.04689602
v 0.04131973 -0.02343722 -0.04094417
v 0.04055698 -0.02242735 -0.04393771
v 0.04273513 -0.02138293 -0.04328618
v 0.04367872 -0.02190082 -0.04094417
v 0.04544797 -0.02119304 -0.03994046
v 0.04809791 -0.02093410 -0.03640105
v 0.04964699 -0.02028674 -0.03518603
v 0.05397181 -0.01785266 -0.03305533
v 0.05198240 -0.01864676 -0.03488667
v 0.05647235 -0.01742109 -0.02884678
v 0.05692842 -0.01779224 -0.02682174
v 0.05553662 -0.01697225 -0.03198118
v 0.06012880 -0.01498702 -0.02726197
v 0.06093086 -0.01867265 -0.01072709
v 0.06114317 -0.01887118 -0.00769834
v 0.05947614 -0.02034716 -0.00769834
v 0.06091513 -0.01573795 -0.02280688
v 0.06050624 -0.01533227 -0.02523693
v 0.06314045 -0.01496975 -0.01812288
v 0.06288883 -0.01473670 -0.01979574
v 0.06638014 -0.01225084 -0.01593936
v 0.06368302 -0.01552217 -0.01373824
v 0.06476029 -0.01361461 -0.01703112
v 0.06244062 -0.01726572 -0.01072709
v 0.06276301 -0.01755919 0.00133509
v 0.06281805 -0.01761961 -0.00165845
v 0.06277874 -0.01757646 -0.00468720
v 0.06265293 -0.01745562 -0.00769834
v 0.06594766 -0.01175884 0.01343248
v 0.06718220 -0.01028286 0.01343248
v 0.06674185 -0.00974771 0.01644363
v 0.06900649 -0.00883278 0.01096722
v 0.06869196 -0.00845299 0.01343248
v 0.06770118 -0.01056770 0.01036851
v 0.06532646 -0.01402029 0.00739259
v 0.06661604 -0.01254431 0.00739259
v 0.06922667 -0.00910898 0.00894218
v 0.06812580 -0.01077486 0.00739259
v 0.06937607 -0.00929024 0.00739259
v 0.06554663 -0.01427924 0.00436384
v 0.06418627 -0.01607458 0.00133509
v 0.06569603 -0.01446049 0.00133509
v 0.06883350 -0.00564776 0.01998304
v 0.06682049 -0.00690796 0.02248352
v 0.06921880 -0.00613976 0.01795800
v 0.06641159 -0.00639870 0.02443812
v 0.06358080 -0.00957508 0.02486074
v 0.06233053 -0.01056770 0.02572358
v 0.06825161 -0.00791784 0.01644363
v 0.06025461 -0.01216452 0.02718513
v 0.05966486 -0.01149990 0.02921017
v 0.05765185 -0.01259610 0.03081259
v 0.05671612 -0.01456407 0.02936865
v 0.05471097 -0.01559985 0.03090063
v 0.05403472 -0.01491796 0.03292567
v 0.05287095 -0.01673920 0.03190435
v 0.05344497 -0.01432239 0.03458092
v 0.05428635 -0.01222494 0.03630660
v 0.05351574 -0.01143085 0.03831403
v 0.05151060 -0.01244936 0.03958188
v 0.05050409 -0.01442597 0.03834925
v 0.04957622 -0.01351103 0.04056799
v 0.04865621 -0.01258747 0.04271629
v 0.04661961 -0.01356282 0.04364957
v 0.04340351 -0.01635942 0.04347348
v 0.04449651 -0.01452955 0.04460045
v 0.04248350 -0.01533227 0.04549852
v 0.04115460 -0.01730888 0.04435393
v 0.04020313 -0.01623858 0.04636136
v 0.03925954 -0.01516828 0.04833356
v 0.03755320 -0.01724846 0.04734746
v 0.03581540 -0.01783540 0.04801660
v 0.03755320 -0.01852592 0.04583308
v 0.03768687 -0.02010548 0.04368478
v 0.03288238 -0.02382564 0.04201193
v 0.03549300 -0.02063200 0.04472372
v 0.03450222 -0.02186630 0.04368478
v 0.03173433 -0.02327323 0.04373761
v 0.02953260 -0.02367028 0.04481176
v 0.02851824 -0.02292797 0.04657266
v 0.01945182 -0.02450753 0.04900271
v 0.01971918 -0.02615614 0.04657266
v 0.02850251 -0.02136567 0.04872097
v 0.01945182 -0.02336817 0.05049947
v 0.02638727 -0.02065789 0.05085166
v 0.02545940 -0.01944949 0.05270060
v 0.02453939 -0.01824108 0.05447911
v 0.02247134 -0.02012274 0.05331692
v 0.02247134 -0.02143473 0.05180254
v 0.01342065 -0.02924621 0.04430110
v 0.01643230 -0.02638056 0.04747072
v 0.01342065 -0.02777023 0.04643179
v 0.01152559 -0.03042009 0.04303325
v 0.01152559 -0.03029925 -0.05239004
v 0.01342065 -0.03011799 -0.05207308
v 0.01342065 -0.02928937 -0.05356984
v 0.01643230 -0.02747675 -0.05554205
v 0.01643230 -0.02653592 -0.05705643
v 0.01945182 -0.02610435 -0.05642250
v 0.02189732 -0.02423132 -0.05800732
v 0.02390246 -0.02387743 -0.05751427
v 0.02302177 -0.02649277 -0.05390442
v 0.03248135 -0.02359259 -0.05096371
v 0.03448650 -0.02297976 -0.04997760
v 0.02548299 -0.02449890 -0.05545401
v 0.02548299 -0.02349765 -0.05696839
v 0.02996509 -0.02091684 -0.05751427
v 0.02935175 -0.02355807 -0.05395724
v 0.03149057 -0.02296250 -0.05298875
v 0.04610849 -0.02164188 -0.03791542
v 0.03619284 -0.02103768 -0.05166807
v 0.03734088 -0.02139157 -0.04971347
v 0.03907082 -0.02095136 -0.04849844
v 0.03971561 -0.02135704 -0.04698407
v 0.04193307 -0.02084779 -0.04531121
v 0.04474027 -0.02069242 -0.04194789
v 0.04367872 -0.02025221 -0.04416663
v 0.04650952 -0.01994148 -0.04094417
v 0.04867194 -0.01839645 -0.04094417
v 0.04761825 -0.02059747 -0.03791542
v 0.05143196 -0.01821519 -0.03692932
v 0.04974921 -0.01902654 -0.03793303
v 0.05715646 -0.01502154 -0.03338991
v 0.05751818 -0.01534091 -0.03187553
v 0.05348429 -0.01746425 -0.03488667
v 0.05563097 -0.01578974 -0.03460493
v 0.06310900 -0.01198326 -0.02715631
v 0.06347857 -0.01237168 -0.02513127
v 0.05975136 -0.01463312 -0.02884678
v 0.06058487 -0.01245799 -0.03187553
v 0.06209463 -0.01096475 -0.03187553
v 0.06277088 -0.01164664 -0.02884678
v 0.06242489 -0.01426197 -0.02280688
v 0.06611279 -0.01196600 -0.01796440
v 0.06435140 -0.01325209 -0.01979574
v 0.06388747 -0.01278599 -0.02280688
v 0.06928171 -0.00917803 -0.01553436
v 0.06660031 -0.01249252 -0.01373824
v 0.06519278 -0.01396850 -0.01373824
v 0.06770118 -0.01056770 -0.01674938
v 0.06395037 -0.01578974 -0.01072709
v 0.06425704 -0.01613500 -0.00165845
v 0.06423345 -0.01610047 -0.00468720
v 0.06413123 -0.01597963 -0.00769834
v 0.06987932 -0.00697701 0.01343248
v 0.07004445 -0.00775384 0.01013960
v 0.07175865 -0.00551829 0.01040373
v 0.06945470 -0.00643323 0.01644363
v 0.06835383 -0.01106833 0.00436384
v 0.06963555 -0.00958371 0.00436384
v 0.07072070 -0.00761574 0.00739259
v 0.07206533 -0.00592397 0.00739259
v 0.07134976 -0.00742585 0.00459276
v 0.07221472 -0.00611386 0.00575495
v 0.06701707 -0.01297588 0.00133509
v 0.06852683 -0.01127548 0.00133509
v 0.06576680 -0.01454681 -0.00165845
v 0.06860546 -0.01137906 -0.00165845
v 0.07199455 0.00008353 0.02339919
v 0.06849537 -0.00465514 0.02276527
v 0.07231695 -0.00328274 0.01519339
v 0.07197883 -0.00285117 0.01721842
v 0.07271012 -0.00085730 0.01947238
v 0.07158566 -0.00233328 0.01947238
v 0.07237986 -0.00040846 0.02137415
v 0.06919521 -0.00315327 0.02394507
v 0.07151489 0.00070500 0.02551227
v 0.06591620 -0.00577723 0.02644555
v 0.06310900 -0.00900541 0.02686817
v 0.06100163 -0.01054181 0.02832972
v 0.06052983 -0.00952329 0.03063650
v 0.05877631 -0.01070581 0.03172826
v 0.05699920 -0.01188832 0.03283763
v 0.05585115 -0.01375272 0.03186913
v 0.05489183 -0.01284641 0.03458092
v 0.05537935 -0.01029149 0.03723988
v 0.05445934 -0.00945424 0.03952905
v 0.05639372 -0.01123233 0.03458092
v 0.05719578 -0.00915214 0.03616573
v 0.05257214 -0.01052454 0.04056799
v 0.05066135 -0.01160348 0.04158931
v 0.05164427 -0.00962687 0.04271629
v 0.05071640 -0.00869467 0.04472372
v 0.04767329 -0.01164664 0.04472372
v 0.04566028 -0.01255294 0.04567461
v 0.04350573 -0.01347651 0.04659027
v 0.04127255 -0.01439144 0.04752355
v 0.04251495 -0.01242347 0.04854487
v 0.04025818 -0.01330388 0.04944294
v 0.03755320 -0.01432239 0.05049947
v 0.03590976 -0.01493523 0.05109818
v 0.03755320 -0.01576385 0.04898510
v 0.03211964 -0.02041621 0.04750594
v 0.03465163 -0.01953580 0.04674875
v 0.03485607 -0.01670468 0.04991838
v 0.03233981 -0.01755056 0.05072839
v 0.03380239 -0.01844824 0.04872097
v 0.03010663 -0.02099452 0.04824552
v 0.03347999 -0.02118441 0.04548090
v 0.03127826 -0.02157283 0.04655505
v 0.01699847 -0.02368754 0.05092209
v 0.01617282 -0.02470605 0.04983033
v 0.01945182 -0.02189219 0.05234842
v 0.02850251 -0.02013137 0.05023534
v 0.02850251 -0.01864676 0.05194342
v 0.02655240 -0.01776635 0.05398606
v 0.02549085 -0.01650615 0.05572936
v 0.02443717 -0.01524596 0.05745504
v 0.02247134 -0.01711899 0.05639850
v 0.02247134 -0.01863813 0.05488412
v 0.01945182 -0.02062337 0.05386280
v 0.01152559 -0.02785654 0.04680158
v 0.01152559 -0.02941020 0.04454763
v 0.01342065 -0.02669992 0.04794617
v 0.01186371 -0.02685529 0.04815747
v 0.01152559 -0.02978136 -0.05334092
v 0.01152559 -0.02947063 -0.05390442
v 0.01345997 -0.02768391 -0.05626402
v 0.01449793 -0.02677761 -0.05742622
v 0.01759608 -0.02381701 -0.06047258
v 0.01945182 -0.02462837 -0.05857081
v 0.01945182 -0.02351491 -0.06008518
v 0.02272296 -0.02315239 -0.05902864
v 0.02795207 -0.02141746 -0.05820102
v 0.02439785 -0.02113262 -0.06080715
v 0.02640300 -0.02066652 -0.06020844
v 0.03431350 -0.02145199 -0.05281266
v 0.03151416 -0.02048526 -0.05686273
v 0.03151416 -0.02147788 -0.05534836
v 0.02877773 -0.02029537 -0.05915191
v 0.03038970 -0.01819792 -0.06084237
v 0.03144339 -0.01893160 -0.05908147
v 0.03367658 -0.01837918 -0.05807775
v 0.03315759 -0.02101178 -0.05466161
v 0.03819799 -0.02038169 -0.05052348
v 0.03517061 -0.02041621 -0.05369311
v 0.03673541 -0.01843960 -0.05522509
v 0.03746670 -0.01940633 -0.05293592
v 0.03965270 -0.01840508 -0.05219634
v 0.04122537 -0.02036442 -0.04698407
v 0.04252282 -0.01829287 -0.04900911
v 0.04354505 -0.01881076 -0.04687842
v 0.04535361 -0.01816340 -0.04580427
v 0.04813723 -0.01799940 -0.04249377
v 0.05018169 -0.01723120 -0.04094417
v 0.05084221 -0.01775772 -0.03895435
v 0.05462447 -0.01544448 -0.03728150
v 0.06019957 -0.01209547 -0.03346034
v 0.05902793 -0.01394261 -0.03187553
v 0.05662962 -0.01454681 -0.03541494
v 0.05843032 -0.01332114 -0.03442884
v 0.06641946 -0.00934203 -0.02491996
v 0.06417055 -0.01016202 -0.02884678
v 0.06539722 -0.01120643 -0.02280688
v 0.05970418 -0.01160348 -0.03546777
v 0.06318763 -0.00910898 -0.03338991
v 0.06354148 -0.00948014 -0.03187553
v 0.06902222 -0.00887593 -0.01754179
v 0.06586116 -0.01168979 -0.01979574
v 0.06721365 -0.01020518 -0.01979574
v 0.07181370 -0.00559597 -0.01676699
v 0.07208891 -0.00594986 -0.01373824
v 0.07080719 -0.00761574 -0.01373824
v 0.06943898 -0.00935930 -0.01373824
v 0.06811007 -0.01084391 -0.01373824
v 0.06995009 -0.00704606 -0.01979574
v 0.06683621 -0.01275146 -0.01072709
v 0.06545227 -0.01423608 -0.01072709
v 0.06564099 -0.01442597 -0.00769834
v 0.06573535 -0.01452092 -0.00468720
v 0.07138908 -0.00506082 0.01343248
v 0.07286738 -0.00404231 0.01040373
v 0.07253713 -0.00357621 0.01343248
v 0.06980855 -0.00979950 0.00133509
v 0.07237199 -0.00632102 0.00374752
v 0.07315833 -0.00443936 0.00739259
v 0.07466809 -0.00233328 0.00739259
v 0.07323696 -0.00493998 0.00459276
v 0.06990291 -0.00989445 -0.00165845
v 0.06709571 -0.01303630 -0.00468720
v 0.06860546 -0.01137043 -0.00468720
v 0.07313474 0.00113657 0.02243069
v 0.07263935 0.00218098 0.02551227
v 0.07573750 0.00201698 0.01644363
v 0.07469953 0.00054963 0.01644363
v 0.07305610 -0.00179813 0.01630276
v 0.07388175 -0.00169455 0.01343248
v 0.07433782 0.00138689 0.01950760
v 0.07226977 0.00268161 0.02709709
v 0.06949402 -0.00056383 0.02755492
v 0.06551518 -0.00473283 0.02880516
v 0.06385601 -0.00697701 0.02854102
v 0.06264506 -0.00845299 0.02854102
v 0.05989290 -0.00877236 0.03264393
v 0.06336063 -0.00635554 0.03035476
v 0.06358080 -0.00364526 0.03368286
v 0.05773835 -0.00975634 0.03458092
v 0.05647235 -0.00831489 0.03817316
v 0.06020743 -0.00323095 0.03915927
v 0.05944469 -0.00234191 0.04118430
v 0.05743168 -0.00349853 0.04248737
v 0.05364942 -0.00858246 0.04155409
v 0.06292814 -0.00286843 0.03569029
v 0.06076573 -0.00386105 0.03759206
v 0.05370446 -0.00569092 0.04465328
v 0.05169145 -0.00672670 0.04574504
v 0.05070068 -0.00573408 0.04777008
v 0.04870339 -0.00967866 0.04572743
v 0.04665106 -0.01061949 0.04671354
v 0.04452796 -0.01156032 0.04768203
v 0.04346641 -0.01047276 0.04960141
v 0.04125682 -0.01136180 0.05055230
v 0.03924381 -0.01220768 0.05132710
v 0.03755320 -0.01284641 0.05196102
v 0.03585472 -0.01192284 0.05409172
v 0.03487966 -0.01377861 0.05292952
v 0.03237913 -0.01458997 0.05379236
v 0.03390461 -0.01558259 0.05178494
v 0.03032680 -0.01817203 0.05141514
v 0.03122322 -0.01929412 0.04949576
v 0.01499332 -0.02391196 0.05120384
v 0.01768257 -0.02088231 0.05414454
v 0.01633795 -0.02240145 0.05268299
v 0.01342065 -0.02539657 0.04968946
v 0.02850251 -0.01724846 0.05345779
v 0.02850251 -0.01577248 0.05493695
v 0.02645018 -0.01473670 0.05697959
v 0.02524709 -0.01341609 0.05867006
v 0.02405187 -0.01209547 0.06029009
v 0.02247134 -0.01244073 0.06058944
v 0.02247134 -0.01392534 0.05932160
v 0.02247134 -0.01563438 0.05780722
v 0.01945182 -0.01765414 0.05692677
v 0.01945182 -0.01913875 0.05541239
v 0.01780839 -0.01793898 0.05719090
v 0.01152559 -0.02688118 0.04819269
v 0.01152559 -0.02662224 0.04854487
v 0.01152559 -0.02813275 -0.05612315
v 0.01248492 -0.02696750 -0.05770796
v 0.01345997 -0.02594036 -0.05885255
v 0.01558307 -0.02405006 -0.06077194
v 0.01652666 -0.02287618 -0.06189891
v 0.01809147 -0.02098589 -0.06365981
v 0.01923951 -0.02184904 -0.06218066
v 0.02247134 -0.02150378 -0.06124738
v 0.02247134 -0.02020906 -0.06276176
v 0.02473598 -0.01830150 -0.06394156
v 0.02674899 -0.01786993 -0.06346611
v 0.02850251 -0.01867265 -0.06144107
v 0.03442359 -0.01939770 -0.05594706
v 0.03239485 -0.01760235 -0.06010279
v 0.02850251 -0.01741246 -0.06295545
v 0.03263862 -0.01479712 -0.06334285
v 0.03568959 -0.01774909 -0.05723252
v 0.03483248 -0.01668742 -0.05931038
v 0.04036827 -0.01933728 -0.04976629
v 0.03766328 -0.01713625 -0.05615837
v 0.03874842 -0.01775772 -0.05420377
v 0.04061989 -0.01707583 -0.05312962
v 0.04586473 -0.01560848 -0.04934368
v 0.04166571 -0.01766277 -0.05101654
v 0.04452796 -0.01757646 -0.04781169
v 0.04735876 -0.01743835 -0.04450120
v 0.04661174 -0.01652342 -0.04700168
v 0.04940323 -0.01633353 -0.04365596
v 0.05138478 -0.01523733 -0.04282834
v 0.04866407 -0.01546175 -0.04619166
v 0.05200598 -0.01575522 -0.04094417
v 0.05405045 -0.01494386 -0.03928893
v 0.05587474 -0.01376135 -0.03832043
v 0.05769117 -0.01257020 -0.03736954
v 0.06604202 -0.00892772 -0.02692739
v 0.06766973 -0.00755532 -0.02569476
v 0.06925812 -0.00618291 -0.02444452
v 0.06828307 -0.00798689 -0.02280688
v 0.06677331 -0.00972182 -0.02280688
v 0.06568030 -0.00848752 -0.02884678
v 0.06014452 -0.00907446 -0.03939458
v 0.06067137 -0.00962687 -0.03738715
v 0.06607347 -0.00599302 -0.03309055
v 0.06268438 -0.00853931 -0.03541494
v 0.06394251 -0.00758121 -0.03460493
v 0.06520064 -0.00752942 -0.03199879
v 0.06872341 -0.00852204 -0.01979574
v 0.07293815 -0.00411136 -0.01676699
v 0.07145985 -0.00512124 -0.01979574
v 0.07320551 -0.00447388 -0.01373824
v 0.07221472 -0.00612249 -0.01215342
v 0.07237199 -0.00631239 -0.01012839
v 0.07136549 -0.00742585 -0.01097362
v 0.06965128 -0.00960961 -0.01072709
v 0.06834597 -0.01108559 -0.01072709
v 0.06951761 -0.00651091 -0.02280688
v 0.06700921 -0.01294136 -0.00769834
v 0.07455014 -0.00158234 0.01068548
v 0.07131831 -0.00794373 0.00133509
v 0.07488826 -0.00265264 0.00436384
v 0.07248208 -0.00646775 0.00133509
v 0.07379525 -0.00465514 0.00133509
v 0.07505339 -0.00290295 0.00133509
v 0.07567459 -0.00085730 0.00739259
v 0.07545442 -0.00052067 0.00987546
v 0.06989505 -0.00989445 -0.00468720
v 0.07140480 -0.00804731 -0.00468720
v 0.07141267 -0.00803868 -0.00165845
v 0.06851897 -0.01127548 -0.00769834
v 0.07476245 0.00348433 0.02248352
v 0.07510843 0.00294918 0.02054653
v 0.07537578 0.00549547 0.02429725
v 0.07416483 0.00439064 0.02538901
v 0.07543869 0.00246582 0.01853910
v 0.07508484 0.00001448 0.01343248
v 0.07609921 0.00149046 0.01343248
v 0.07835599 0.00554726 0.01528143
v 0.07733375 0.00442516 0.01635558
v 0.07491971 0.00625504 0.02630468
v 0.07276516 0.00434748 0.02827689
v 0.07241131 0.00542642 0.03037236
v 0.07171148 0.00345844 0.02910451
v 0.06914017 0.00283697 0.03294328
v 0.06853469 0.00116247 0.03178109
v 0.06896717 0.00011806 0.02956235
v 0.06615997 -0.00313600 0.02998496
v 0.06691485 -0.00111624 0.03155217
v 0.06639587 -0.00046888 0.03338351
v 0.06466593 -0.00166865 0.03454570
v 0.06306968 -0.00008910 0.03894796
v 0.06081291 -0.00149602 0.04035668
v 0.06030179 -0.00037393 0.04231128
v 0.05454584 -0.00660586 0.04264585
v 0.05847750 -0.00148739 0.04340304
v 0.05662962 -0.00260085 0.04451241
v 0.06373806 -0.00089182 0.03694053
v 0.06238557 -0.00180676 0.03780337
v 0.05461661 -0.00371431 0.04569221
v 0.05368874 -0.00271306 0.04771725
v 0.05269009 -0.00472420 0.04673115
v 0.04868766 -0.00668354 0.04868575
v 0.04763398 -0.00865152 0.04773486
v 0.05169145 -0.00375747 0.04872097
v 0.04963913 -0.00468104 0.04970707
v 0.04562097 -0.00958371 0.04863292
v 0.04441001 -0.00848752 0.05065796
v 0.04239700 -0.00938519 0.05145036
v 0.03910227 -0.00913488 0.05425020
v 0.03755320 -0.01124096 0.05347540
v 0.03755320 -0.00976498 0.05477847
v 0.03557950 -0.00872920 0.05694438
v 0.03357435 -0.00950603 0.05757830
v 0.03225331 -0.01148264 0.05675068
v 0.03024030 -0.01221631 0.05736699
v 0.03384957 -0.01262199 0.05472564
v 0.03130971 -0.01340746 0.05558848
v 0.03036612 -0.01524596 0.05444389
v 0.01342065 -0.02406732 0.05141514
v 0.01579538 -0.01822382 0.05749026
v 0.01342065 -0.01850866 0.05778961
v 0.01342065 -0.01999327 0.05618719
v 0.01566956 -0.02110673 0.05440868
v 0.01342065 -0.02282439 0.05291191
v 0.02850251 -0.01418429 0.05645133
v 0.02850251 -0.01269967 0.05780722
v 0.02606488 -0.01157758 0.05986747
v 0.02523137 -0.01058497 0.06099445
v 0.02345425 -0.00883278 0.06307232
v 0.02144124 -0.00934203 0.06347733
v 0.01945182 -0.01124096 0.06261448
v 0.01945182 -0.01306220 0.06111772
v 0.01945182 -0.01453818 0.05983226
v 0.01756462 -0.01489207 0.06014922
v 0.01945182 -0.01617816 0.05831788
v 0.01555948 -0.01522007 0.06044857
v 0.01152559 -0.02541383 0.05011208
v 0.01152559 -0.02705381 -0.05783123
v 0.01152559 -0.02601804 -0.05925756
v 0.01342065 -0.02429174 -0.06107129
v 0.01342065 -0.02304018 -0.06256805
v 0.01643230 -0.02120167 -0.06388873
v 0.02247134 -0.01873307 -0.06438178
v 0.02009661 -0.02063200 -0.06325480
v 0.01643230 -0.01973433 -0.06538550
v 0.01643230 -0.01824971 -0.06688227
v 0.01805215 -0.01801666 -0.06665335
v 0.02006516 -0.01767140 -0.06631878
v 0.02247134 -0.01725709 -0.06589616
v 0.02474384 -0.01534954 -0.06693509
v 0.02675685 -0.01491796 -0.06651247
v 0.02850251 -0.01592785 -0.06455787
v 0.03062560 -0.01535817 -0.06395917
v 0.03397538 -0.01562574 -0.06133542
v 0.03606703 -0.01207821 -0.06362460
v 0.03480103 -0.01427924 -0.06223348
v 0.03598839 -0.01497838 -0.06052541
v 0.03161639 -0.01360598 -0.06517419
v 0.03260716 -0.01179337 -0.06637160
v 0.03453368 -0.01264789 -0.06418808
v 0.03755320 -0.01560848 -0.05830667
v 0.03910227 -0.01504744 -0.05760231
v 0.04028963 -0.01550490 -0.05575336
v 0.04209819 -0.01503017 -0.05455595
v 0.04787774 -0.01483165 -0.04819909
v 0.05067708 -0.01464176 -0.04483577
v 0.05260360 -0.01351103 -0.04392010
v 0.05351574 -0.01446913 -0.04094417
v 0.04985930 -0.01374408 -0.04730103
v 0.05711714 -0.01202642 -0.03937697
v 0.05511986 -0.01299315 -0.04094417
v 0.06891999 -0.00575997 -0.02645195
v 0.06695417 -0.00701154 -0.02884678
v 0.06998941 -0.00472420 -0.02560672
v 0.07202601 -0.00288569 -0.02363451
v 0.07113745 -0.00443936 -0.02270123
v 0.06649023 -0.00648502 -0.03108312
v 0.05662962 -0.01155169 -0.04094417
v 0.05814724 -0.01007571 -0.04094417
v 0.05748672 -0.00944561 -0.04298682
v 0.05684979 -0.00878099 -0.04499425
v 0.05965700 -0.00854794 -0.04094417
v 0.06041188 -0.00640733 -0.04282834
v 0.06098590 -0.00706332 -0.04094417
v 0.06302250 -0.00594986 -0.03913045
v 0.06356507 -0.00657133 -0.03712302
v 0.06888854 -0.00274759 -0.03263272
v 0.06932103 -0.00330863 -0.03062529
v 0.06563313 -0.00545787 -0.03488667
v 0.06685194 -0.00398189 -0.03488667
v 0.07444791 -0.00204844 -0.01676699
v 0.07471526 -0.00242822 -0.01373824
v 0.07258430 -0.00363663 -0.01979574
v 0.07232481 -0.00330863 -0.02162708
v 0.07326055 -0.00493998 -0.01097362
v 0.07491971 -0.00271306 -0.01072709
v 0.07380312 -0.00465514 -0.00769834
v 0.07248208 -0.00646775 -0.00769834
v 0.07131831 -0.00795237 -0.00769834
v 0.06980855 -0.00979087 -0.00769834
v 0.07589476 -0.00117666 0.00436384
v 0.07606776 -0.00141834 0.00133509
v 0.07254499 -0.00656270 -0.00165845
v 0.07395252 -0.00465514 -0.00165845
v 0.07513988 -0.00302380 -0.00165845
v 0.07705854 0.00125741 0.00739259
v 0.07789205 0.00332034 0.01040373
v 0.07757751 0.00141278 0.00464558
v 0.07760897 0.00376917 0.01343248
v 0.07255285 -0.00656270 -0.00468720
v 0.07572177 0.00496895 0.02248352
v 0.07614639 0.00405401 0.01950760
v 0.07774264 0.00657440 0.01947238
v 0.07590262 0.00721313 0.02538901
v 0.07725512 0.00739439 0.02230743
v 0.07796282 0.00922426 0.02318788
v 0.07807291 0.00601336 0.01728886
v 0.07895360 0.00706640 0.01635558
v 0.07853684 0.00524515 0.01343248
v 0.07967702 0.00717860 0.01343248
v 0.08091157 0.00935373 0.01343248
v 0.07550160 0.00822301 0.02755492
v 0.07441646 0.00721313 0.02855863
v 0.07501407 0.00906890 0.02956235
v 0.07293815 0.00725629 0.03144651
v 0.07184515 0.00631546 0.03239740
v 0.06925026 0.00564220 0.03614812
v 0.06970633 0.00499484 0.03458092
v 0.06866051 0.00351023 0.03458092
v 0.06654527 0.00230182 0.03662357
v 0.06707998 0.00129194 0.03447527
v 0.06575108 0.00034248 0.03540854
v 0.06387961 0.00187888 0.04009254
v 0.06258216 0.00103300 0.04090256
v 0.06481534 0.00110205 0.03778576
v 0.06315618 0.00276792 0.04209997
v 0.06036470 0.00250035 0.04541047
v 0.05952332 0.00053237 0.04431871
v 0.05751031 -0.00062425 0.04558656
v 0.05663748 0.00034248 0.04761159
v 0.05463233 -0.00074509 0.04868575
v 0.04751603 -0.00559597 0.05069317
v 0.04657243 -0.00758984 0.04967185
v 0.05264291 -0.00170318 0.04970707
v 0.05059059 -0.00266127 0.05072839
v 0.04551088 -0.00651954 0.05152080
v 0.04422916 -0.00535429 0.05354583
v 0.04221614 -0.00626060 0.05432064
v 0.04028963 -0.00739995 0.05479608
v 0.04269581 0.00216372 0.06073032
v 0.04043903 0.00136962 0.06168120
v 0.03877987 -0.00589808 0.05705003
v 0.03768687 -0.00769342 0.05636328
v 0.03438427 -0.00749490 0.05865245
v 0.03927526 0.00255214 0.06342450
v 0.03725439 0.00143868 0.06384711
v 0.03318119 -0.00626060 0.06036053
v 0.03135689 -0.01053318 0.05805375
v 0.03151416 -0.00834078 0.05967378
v 0.03031107 -0.00043435 0.06647086
v 0.02978423 -0.00895362 0.06014922
v 0.02866764 -0.01058497 0.05944486
v 0.01152559 -0.02300565 0.05314083
v 0.01152559 -0.02423995 0.05162645
v 0.01342065 -0.01697225 0.05930399
v 0.01152559 -0.01869855 0.05798331
v 0.01152559 -0.01963075 0.05699721
v 0.01152559 -0.01717941 0.05949769
v 0.01152559 -0.02018316 0.05639850
v 0.01342065 -0.02134841 0.05467281
v 0.02777908 -0.00960098 0.06064227
v 0.02548299 -0.00828899 0.06266731
v 0.02247134 -0.00564776 0.06592498
v 0.02245561 -0.00775384 0.06430495
v 0.02080431 -0.00607071 0.06625955
v 0.01945182 -0.00976498 0.06381189
v 0.01695915 -0.01171569 0.06300188
v 0.01495400 -0.01206958 0.06328363
v 0.01342065 -0.01228536 0.06347733
v 0.01342065 -0.01549627 0.06069510
v 0.01152559 -0.02508584 -0.06049019
v 0.01152559 -0.02447300 -0.06130020
v 0.01152559 -0.02369617 -0.06225109
v 0.01152559 -0.02323007 -0.06281458
v 0.01342065 -0.02155556 -0.06427613
v 0.01342065 -0.02011411 -0.06577290
v 0.01342065 -0.01863813 -0.06725206
v 0.01342065 -0.01704994 -0.06876643
v 0.01665248 -0.01635942 -0.06862556
v 0.01780839 -0.01497838 -0.06959406
v 0.01921592 -0.01660973 -0.06762184
v 0.02247134 -0.01577248 -0.06735771
v 0.02247134 -0.01416703 -0.06885447
v 0.02450794 -0.01228536 -0.06984058
v 0.02651309 -0.01183653 -0.06945318
v 0.02850251 -0.01298451 -0.06748097
v 0.02850251 -0.01446913 -0.06605464
v 0.03060202 -0.01241484 -0.06695270
v 0.03933030 -0.00932477 -0.06381830
v 0.03808004 -0.01129275 -0.06281458
v 0.03930672 -0.01225947 -0.06080715
v 0.03726225 -0.01276010 -0.06191652
v 0.03605130 -0.00910898 -0.06661813
v 0.03755320 -0.01440008 -0.05982105
v 0.03148271 -0.01055044 -0.06811490
v 0.03236340 -0.00866015 -0.06927709
v 0.03453368 -0.00964413 -0.06711118
v 0.04021100 -0.01326935 -0.05872929
v 0.04235769 -0.01230263 -0.05784884
v 0.04110742 -0.01427060 -0.05656338
v 0.04530643 -0.01223358 -0.05476726
v 0.04820014 -0.01213863 -0.05161524
v 0.04888425 -0.01271694 -0.04999521
v 0.05106239 -0.01200053 -0.04841040
v 0.05181726 -0.01266515 -0.04640297
v 0.05383028 -0.01177611 -0.04501186
v 0.05447507 -0.01238031 -0.04300443
v 0.06845606 -0.00521619 -0.02884678
v 0.06963555 -0.00373158 -0.02884678
v 0.07166429 -0.00239370 -0.02583564
v 0.07271012 -0.00090908 -0.02583564
v 0.07470740 0.00058416 -0.02280688
v 0.07505339 0.00006627 -0.02055293
v 0.05483678 -0.00979950 -0.04643819
v 0.05595338 -0.00793510 -0.04740669
v 0.05706996 -0.00604481 -0.04837518
v 0.05775407 -0.00680438 -0.04636775
v 0.05976709 -0.00567366 -0.04485338
v 0.06326627 -0.00327411 -0.04258181
v 0.06249566 -0.00532840 -0.04094417
v 0.06374593 -0.00385242 -0.04094417
v 0.06586116 -0.00276485 -0.03877827
v 0.06471312 -0.00468104 -0.03795064
v 0.06638800 -0.00340358 -0.03677084
v 0.06999727 -0.00173771 -0.03173466
v 0.06851110 -0.00173771 -0.03515081
v 0.06918735 -0.00017541 -0.03634822
v 0.06961197 -0.00077098 -0.03432318
v 0.07239559 -0.00045162 -0.02779024
v 0.07531288 -0.00030488 -0.01852789
v 0.07549374 -0.00057246 -0.01676699
v 0.07575323 -0.00095224 -0.01373824
v 0.07420415 -0.00145287 -0.01963726
v 0.07595767 -0.00123708 -0.01072709
v 0.07505339 -0.00290295 -0.00769834
v 0.07513203 -0.00300653 -0.00468720
v 0.07394466 -0.00465514 -0.00468720
v 0.07757751 0.00083447 0.00133509
v 0.07841103 0.00250898 0.00383557
v 0.07614639 -0.00153918 -0.00165845
v 0.07614639 -0.00153055 -0.00468720
v 0.07814367 0.00292329 0.00739259
v 0.07826163 0.00274203 0.00584300
v 0.07881206 0.00480495 0.01040373
v 0.07907941 0.00440790 0.00739259
v 0.07860761 0.00805901 0.01947238
v 0.07833240 0.00853374 0.02118045
v 0.07750675 0.01018236 0.02551227
v 0.07878847 0.01018236 0.02230743
v 0.07848179 0.01120087 0.02450856
v 0.08144627 0.01128718 0.01554557
v 0.08063635 0.01023415 0.01651406
v 0.08058917 0.00687650 0.00739259
v 0.08042404 0.00744618 0.01019242
v 0.08113174 0.00893079 0.01105527
v 0.08169003 0.01083835 0.01343248
v 0.08187089 0.01000973 0.01019242
v 0.07605989 0.01008741 0.02855863
v 0.07555664 0.01104550 0.03061889
v 0.07449509 0.01008741 0.03160500
v 0.07245063 0.00829206 0.03345394
v 0.07120036 0.00725629 0.03451048
v 0.07186874 0.00932784 0.03546137
v 0.06972206 0.00717860 0.03687009
v 0.06919521 0.00868911 0.03908883
v 0.06590048 0.00620325 0.04167736
v 0.06656886 0.00515021 0.03966993
v 0.06588475 0.00317360 0.03863099
v 0.06488611 0.00395907 0.04088495
v 0.06388747 0.00473590 0.04306847
v 0.06312473 0.00578894 0.04507590
v 0.06264506 0.00394180 0.04389609
v 0.06093086 0.00439927 0.04651984
v 0.05953905 0.00354475 0.04741790
v 0.05752604 0.00230182 0.04856248
v 0.05852468 0.00141278 0.04650223
v 0.05360224 0.00035974 0.05069317
v 0.04857758 -0.00361937 0.05157363
v 0.05159709 -0.00068467 0.05159123
v 0.04948186 -0.00156508 0.05259495
v 0.04641516 -0.00448251 0.05255973
v 0.04731944 -0.00243686 0.05359867
v 0.04530643 -0.00337769 0.05437346
v 0.04813723 0.00270750 0.05726134
v 0.04503122 -0.00016678 0.05719090
v 0.04386744 0.00098984 0.05895181
v 0.04128827 0.00346707 0.06273775
v 0.04039972 0.00436474 0.06398799
v 0.03881133 0.00591841 0.06615390
v 0.03770260 0.00410580 0.06555519
v 0.03566600 0.00305276 0.06606585
v 0.03365299 0.00225867 0.06668217
v 0.03139621 0.00126605 0.06715761
v 0.03151416 0.00353612 0.06876003
v 0.02974491 0.00290603 0.06920025
v 0.02864405 0.00128331 0.06849590
v 0.02850251 -0.00097814 0.06687587
v 0.02725224 -0.00631239 0.06340689
v 0.01152559 -0.02152967 0.05488412
v 0.01152559 -0.01569480 0.06087119
v 0.02548299 -0.00680438 0.06379429
v 0.02247134 -0.00416315 0.06705196
v 0.02247134 -0.00065877 0.06964048
v 0.01945182 -0.00285117 0.06909460
v 0.01879917 -0.00648502 0.06657651
v 0.01614923 -0.01067128 0.06407603
v 0.01643230 -0.00840983 0.06578411
v 0.01401826 -0.00882414 0.06610107
v 0.01152559 -0.01250978 0.06365342
v 0.01152559 -0.01399440 0.06238557
v 0.01201312 -0.00912625 0.06632999
v 0.01152559 -0.00962687 0.06601302
v 0.01152559 -0.02174546 -0.06446983
v 0.01152559 -0.02084779 -0.06542071
v 0.01152559 -0.02031263 -0.06598421
v 0.01152559 -0.01882802 -0.06742815
v 0.01152559 -0.01782677 -0.06837903
v 0.01152559 -0.01723120 -0.06894252
v 0.01152559 -0.01630763 -0.06978775
v 0.01342065 -0.01556532 -0.07012232
v 0.01579538 -0.01528048 -0.06985819
v 0.01945182 -0.01470218 -0.06934753
v 0.01945182 -0.01322619 -0.07061538
v 0.02247134 -0.01269104 -0.07017515
v 0.02275442 -0.01050728 -0.07188323
v 0.02394178 -0.00908309 -0.07265802
v 0.02850251 -0.00982540 -0.07022798
v 0.02850251 -0.01131001 -0.06899535
v 0.02548299 -0.00869467 -0.07235867
v 0.02872268 -0.00759848 -0.07190083
v 0.03035039 -0.00930751 -0.06982297
v 0.04028963 -0.00737406 -0.06487483
v 0.04243632 -0.00648502 -0.06392395
v 0.04134332 -0.00845299 -0.06295545
v 0.04032895 -0.01036918 -0.06188130
v 0.03806431 -0.00826310 -0.06582572
v 0.03923594 -0.00628649 -0.06675900
v 0.04246777 -0.00943698 -0.06094802
v 0.04131973 -0.01141359 -0.05985626
v 0.03469094 -0.00765026 -0.06873121
v 0.03579967 -0.00595850 -0.06948840
v 0.03725439 -0.00740858 -0.06721684
v 0.03141980 -0.00765026 -0.07058016
v 0.03378666 -0.00669217 -0.07006950
v 0.04861689 -0.00662312 -0.05806015
v 0.04750816 -0.00859973 -0.05693317
v 0.04845176 -0.00939382 -0.05492574
v 0.04731158 -0.01137043 -0.05364028
v 0.04933245 -0.01032602 -0.05268939
v 0.05132188 -0.00929024 -0.05175611
v 0.05039400 -0.01141359 -0.04999521
v 0.05409763 -0.00906583 -0.04844562
v 0.05295745 -0.01090433 -0.04742430
v 0.07569818 0.00206014 -0.02280688
v 0.07598912 0.00112794 -0.01963726
v 0.05994008 -0.00292022 -0.04816387
v 0.05884708 -0.00487093 -0.04726581
v 0.05496259 -0.00699427 -0.04999521
v 0.05431780 -0.00632965 -0.05173851
v 0.05647235 -0.00538019 -0.04999521
v 0.05720364 -0.00323958 -0.05158002
v 0.05777767 -0.00389557 -0.04999521
v 0.05940537 -0.00184128 -0.05022413
v 0.06060846 -0.00369705 -0.04613883
v 0.06391892 -0.00158234 -0.04374401
v 0.06608920 -0.00007183 -0.04226485
v 0.06169360 -0.00172044 -0.04700168
v 0.06537364 -0.00174634 -0.04112027
v 0.06664750 -0.00078824 -0.04023981
v 0.07161712 0.00070500 -0.03187553
v 0.07201815 0.00010080 -0.02979766
v 0.06877845 0.00040290 -0.03791542
v 0.06935248 0.00253487 -0.03969393
v 0.06976924 0.00187888 -0.03791542
v 0.07182943 0.00338939 -0.03550299
v 0.07227763 0.00266434 -0.03349556
v 0.07306397 0.00114521 -0.02881156
v 0.07503767 0.00308729 -0.02673369
v 0.07538365 0.00253487 -0.02470866
v 0.07797855 0.00320813 -0.01676699
v 0.07671255 0.00125741 -0.01676699
v 0.07817513 0.00287150 -0.01474195
v 0.07741239 0.00147320 -0.01373824
v 0.07834812 0.00261256 -0.01273452
v 0.07745957 0.00096394 -0.01072709
v 0.07608348 -0.00142697 -0.00769834
v 0.07765615 0.00071363 -0.00165845
v 0.07854470 0.00230182 0.00133509
v 0.08081721 0.00646219 0.00436384
v 0.07918950 0.00392454 0.00464558
v 0.07975566 0.00421801 0.00133509
v 0.08098233 0.00617735 0.00133509
v 0.07758538 0.00080858 -0.00769834
v 0.07856829 0.00227593 -0.00769834
v 0.07764828 0.00072226 -0.00468720
v 0.07971634 0.01013920 0.01947238
v 0.07804931 0.01206402 0.02653360
v 0.08036113 0.01333284 0.02227221
v 0.08088011 0.01245243 0.01947238
v 0.08132832 0.01447220 0.02112763
v 0.07896146 0.01306527 0.02551227
v 0.08096660 0.01533534 0.02313506
v 0.08197311 0.01294443 0.01651406
v 0.08117105 0.01185686 0.01755300
v 0.08280662 0.01309979 0.01343248
v 0.08145413 0.00836112 0.00739259
v 0.08170576 0.00793817 0.00436384
v 0.08130473 0.00861143 0.00904784
v 0.08245277 0.01013920 0.00739259
v 0.08378168 0.01264233 0.00739259
v 0.08357723 0.01331558 0.01029808
v 0.07604417 0.01309116 0.03160500
v 0.07500621 0.01209854 0.03262632
v 0.07757751 0.01306527 0.02854102
v 0.07292243 0.01024278 0.03451048
v 0.07239559 0.01130445 0.03635943
v 0.07080719 0.00999246 0.03771533
v 0.06975351 0.01066572 0.03988124
v 0.06905367 0.01192591 0.04190627
v 0.06649023 0.00817122 0.04254020
v 0.06482320 0.00698008 0.04380805
v 0.06375379 0.00775691 0.04586830
v 0.06247993 0.00693692 0.04678397
v 0.06029393 0.00551273 0.04831596
v 0.05842246 0.00452011 0.04944294
v 0.05730586 0.00549547 0.05134471
v 0.05649594 0.00352749 0.05056991
v 0.05448293 0.00232772 0.05152080
v 0.05136906 0.00248308 0.05442629
v 0.05037827 0.00051511 0.05361627
v 0.04836526 -0.00046888 0.05442629
v 0.05033896 0.00421801 0.05659220
v 0.05104666 0.00578031 0.05717330
v 0.04882920 0.00421801 0.05780722
v 0.04774406 0.00609104 0.05999074
v 0.04433924 0.00646219 0.06275535
v 0.04233410 0.00544368 0.06345972
v 0.03679831 0.00502937 0.06677021
v 0.04073784 0.00701461 0.06562562
v 0.03984929 0.00789502 0.06682304
v 0.03625575 0.00846469 0.06944678
v 0.03313401 0.00560768 0.06937635
v 0.03151416 0.00502074 0.06978135
v 0.02864405 0.00401949 0.07041528
v 0.02773190 0.00229319 0.06964048
v 0.02602556 0.00032522 0.06891851
v 0.02464948 -0.00356758 0.06659412
v 0.02401255 -0.00023583 0.06934113
v 0.02233766 0.00145594 0.07122529
v 0.02124466 0.00257803 0.07244032
v 0.01945182 -0.00137518 0.07016875
v 0.01792634 -0.00317053 0.06932352
v 0.01643230 -0.00693385 0.06691109
v 0.01342065 -0.00544924 0.06879525
v 0.01152559 -0.00918667 0.06636521
v 0.01152559 -0.00570818 0.06900656
v 0.01152559 -0.01575522 -0.07028081
v 0.01152559 -0.01461586 -0.07123169
v 0.01152559 -0.01393398 -0.07179518
v 0.01342065 -0.01372682 -0.07163670
v 0.01497759 -0.01207821 -0.07267563
v 0.01639299 -0.01352830 -0.07114365
v 0.01945182 -0.01137906 -0.07212976
v 0.02193663 -0.00947150 -0.07293977
v 0.02548299 -0.00721869 -0.07343282
v 0.02786558 -0.00659722 -0.07299260
v 0.02089081 -0.00611386 -0.07566917
v 0.02247134 -0.00576860 -0.07544025
v 0.02548299 -0.00505219 -0.07494720
v 0.02987859 -0.00606207 -0.07260520
v 0.04546370 -0.00354168 -0.06392395
v 0.04444933 -0.00550966 -0.06300828
v 0.04554233 -0.00656270 -0.06100085
v 0.04345855 -0.00751216 -0.06196935
v 0.04124109 -0.00535429 -0.06593138
v 0.04429206 -0.00241096 -0.06594899
v 0.04227905 -0.00337769 -0.06677661
v 0.03778910 -0.00484504 -0.06897774
v 0.03895287 -0.00307558 -0.06955884
v 0.04036827 -0.00448251 -0.06735771
v 0.03453368 -0.00465514 -0.07116126
v 0.03527283 -0.00258359 -0.07225301
v 0.03693985 -0.00398189 -0.07022798
v 0.03151416 -0.00547513 -0.07218258
v 0.04958408 -0.00461199 -0.05904625
v 0.05154205 -0.00363663 -0.05800732
v 0.05062990 -0.00561324 -0.05698599
v 0.04953690 -0.00754669 -0.05594706
v 0.04755534 -0.00559597 -0.06006757
v 0.05045691 -0.00847889 -0.05378115
v 0.05148700 -0.00650228 -0.05496096
v 0.05240701 -0.00739995 -0.05275983
v 0.05350002 -0.00847889 -0.04999521
v 0.07832453 0.00559041 -0.02146860
v 0.07763256 0.00376917 -0.01979574
v 0.06278660 0.00029069 -0.04786452
v 0.06007375 -0.00009773 -0.05138632
v 0.06077359 -0.00094361 -0.04936129
v 0.05349215 -0.00546650 -0.05376354
v 0.05442003 -0.00348989 -0.05487291
v 0.05537149 -0.00435304 -0.05267179
v 0.05643304 -0.00235917 -0.05360506
v 0.05781698 -0.00150466 -0.05275983
v 0.06343139 -0.00052067 -0.04585709
v 0.06773263 0.00123152 -0.04097939
v 0.06449294 0.00149910 -0.04668471
v 0.06620715 0.00272476 -0.04548730
v 0.06665536 0.00209467 -0.04395532
v 0.07259217 0.00218098 -0.03187553
v 0.06880991 0.00335486 -0.04170136
v 0.06943898 0.00532284 -0.04284595
v 0.06987146 0.00428706 -0.04078569
v 0.07131044 0.00431296 -0.03788021
v 0.07242704 0.00535736 -0.03684127
v 0.07274157 0.00431296 -0.03465776
v 0.07524997 0.00568536 -0.03037876
v 0.07466022 0.00373465 -0.02884678
v 0.07552518 0.00521063 -0.02884678
v 0.07852898 0.00524515 -0.01979574
v 0.07886710 0.00469274 -0.01676699
v 0.07903223 0.00400222 -0.01373824
v 0.08087224 0.00642767 -0.01072709
v 0.07955907 0.00421801 -0.01072709
v 0.07845821 0.00243993 -0.01072709
v 0.07861548 0.00218961 -0.00468720
v 0.07862334 0.00218961 -0.00165845
v 0.07992079 0.00421801 -0.00165845
v 0.08107669 0.00603062 -0.00165845
v 0.08187875 0.00765333 0.00133509
v 0.07980284 0.00421801 -0.00769834
v 0.08108456 0.00603062 -0.00468720
v 0.07992865 0.00421801 -0.00468720
v 0.07852112 0.01404062 0.02755492
v 0.08157995 0.01393705 0.01947238
v 0.08249996 0.01606039 0.01947238
v 0.08371091 0.01908140 0.01943716
v 0.08163499 0.01621576 0.02227221
v 0.08044763 0.01621576 0.02535379
v 0.08137550 0.01731195 0.02422682
v 0.08353792 0.01629344 0.01624993
v 0.08390749 0.01549071 0.01343248
v 0.08436356 0.01444630 0.00920632
v 0.08415126 0.01491240 0.01123136
v 0.08293244 0.01013920 0.00436384
v 0.08452083 0.01411831 0.00739259
v 0.08401758 0.01219349 0.00436384
v 0.07549374 0.01407515 0.03348916
v 0.07803359 0.01511956 0.02956235
v 0.07438501 0.01309116 0.03452809
v 0.07273371 0.01336737 0.03745119
v 0.07225405 0.01452399 0.03914166
v 0.07175865 0.01255601 0.03836686
v 0.07489612 0.01536124 0.03551420
v 0.07065779 0.01322927 0.04053277
v 0.06954906 0.01390252 0.04259302
v 0.06834597 0.01298759 0.04361435
v 0.06630937 0.01140803 0.04530481
v 0.06576680 0.00944005 0.04454763
v 0.06464235 0.01023415 0.04659027
v 0.06294387 0.00906027 0.04787573
v 0.06083650 0.00717860 0.04893227
v 0.06002657 0.00887900 0.05104535
v 0.05942110 0.00717860 0.05044665
v 0.05791921 0.00717860 0.05196102
v 0.05637013 0.00717860 0.05347540
v 0.05423917 0.00557315 0.05430302
v 0.05337420 0.00359654 0.05354583
v 0.05246992 0.00443380 0.05497217
v 0.05185658 0.00775691 0.05786005
v 0.05064563 0.00927605 0.05986747
v 0.04984357 0.00692829 0.05891659
v 0.05276873 0.00692829 0.05652176
v 0.04863262 0.00806765 0.06065988
v 0.04651738 0.00726492 0.06171642
v 0.04529071 0.00843880 0.06342450
v 0.04185443 0.00889627 0.06615390
v 0.03513915 0.00649672 0.06877764
v 0.03826089 0.00946594 0.06883047
v 0.03737234 0.01032046 0.06988701
v 0.03548514 0.01217623 0.07203531
v 0.03450222 0.01018236 0.07143660
v 0.03429778 0.00735987 0.06983418
v 0.03231622 0.00922426 0.07201770
v 0.03138835 0.00734260 0.07129573
v 0.03030321 0.00843017 0.07247554
v 0.02850251 0.00633272 0.07196488
v 0.02686694 0.00577167 0.07229945
v 0.02571103 0.00418348 0.07173595
v 0.02520778 0.00128331 0.06995744
v 0.02325767 0.00318223 0.07205292
v 0.02233766 0.00418348 0.07302142
v 0.02166928 0.00823164 0.07560994
v 0.01945182 0.00616872 0.07509928
v 0.01945182 0.00421801 0.07395470
v 0.01945182 0.00218961 0.07270445
v 0.01945182 0.00071363 0.07168313
v 0.01643230 0.00011806 0.07210575
v 0.01672325 -0.00198802 0.07050332
v 0.01591333 -0.00354168 0.06958766
v 0.01672325 -0.00457746 0.06860155
v 0.01342065 -0.00396463 0.06990462
v 0.01152559 -0.00423220 0.07009832
v 0.01152559 -0.01244936 -0.07297499
v 0.01342065 -0.01225084 -0.07281651
v 0.01616495 -0.01069717 -0.07343282
v 0.01945182 -0.00989445 -0.07327434
v 0.01699060 -0.01176748 -0.07242911
v 0.01152559 -0.00907446 -0.07556351
v 0.01342065 -0.00875509 -0.07544025
v 0.01643230 -0.00831489 -0.07512329
v 0.02700848 -0.00318779 -0.07568677
v 0.01887780 -0.00645049 -0.07589808
v 0.01971131 -0.00493998 -0.07669049
v 0.01945182 -0.00248864 -0.07829291
v 0.02247134 -0.00428399 -0.07639114
v 0.01971131 -0.00751216 -0.07494720
v 0.02548299 -0.00356758 -0.07593330
v 0.02902149 -0.00256633 -0.07528177
v 0.03055484 -0.00058972 -0.07591569
v 0.03154561 -0.00162550 -0.07478871
v 0.03151416 -0.00399052 -0.07322151
v 0.03326768 -0.00335179 -0.07278129
v 0.04639157 -0.00148739 -0.06492766
v 0.04845176 -0.00056383 -0.06390634
v 0.04747671 -0.00253180 -0.06300828
v 0.04650952 -0.00456883 -0.06200457
v 0.04530643 -0.00044299 -0.06679422
v 0.04340351 -0.00153918 -0.06739293
v 0.04198811 -0.00012362 -0.06957644
v 0.04081647 -0.00193623 -0.06904817
v 0.03771832 -0.00184992 -0.07126691
v 0.03998296 -0.00110761 -0.07029841
v 0.03437641 -0.00163413 -0.07337999
v 0.03648378 -0.00061561 -0.07292216
v 0.04854612 -0.00361937 -0.06098324
v 0.05055914 -0.00258359 -0.06001475
v 0.05444361 -0.00055519 -0.05788406
v 0.05354720 -0.00253180 -0.05688034
v 0.05149487 -0.00061561 -0.06094802
v 0.05251710 -0.00157371 -0.05895821
v 0.07878060 0.00721313 -0.02261318
v 0.08038473 0.01037225 -0.02259558
v 0.08132832 0.01152023 -0.02143338
v 0.08083293 0.00958678 -0.01979574
v 0.07959052 0.00717860 -0.01979574
v 0.07797068 0.00624641 -0.02349363
v 0.06183514 0.00107615 -0.05022413
v 0.06288883 0.00312181 -0.05108697
v 0.06354935 0.00225867 -0.04906194
v 0.05729014 -0.00038257 -0.05471443
v 0.05957050 0.00102436 -0.05328810
v 0.06012880 0.00278519 -0.05448551
v 0.06087582 0.00186162 -0.05247808
v 0.05543440 -0.00146150 -0.05580619
v 0.06556236 0.00363970 -0.04749473
v 0.06624646 0.00561631 -0.04856888
v 0.06815725 0.00428706 -0.04390249
v 0.06884923 0.00628956 -0.04485338
v 0.06944684 0.00825754 -0.04585709
v 0.06995009 0.00723902 -0.04390249
v 0.07145985 0.00717860 -0.04094417
v 0.07196310 0.00619462 -0.03884870
v 0.07293815 0.00717860 -0.03788021
v 0.07434569 0.00733397 -0.03476341
v 0.07484894 0.00645356 -0.03238619
v 0.07536792 0.00843017 -0.03368926
v 0.07562741 0.00733397 -0.03157617
v 0.07814367 0.00890490 -0.02698022
v 0.07763256 0.00721313 -0.02592368
v 0.08045549 0.00741165 -0.01660851
v 0.08066780 0.00681608 -0.01373824
v 0.08169003 0.00790365 -0.01072709
v 0.08184730 0.00764470 -0.00769834
v 0.08100593 0.00616872 -0.00769834
v 0.08195739 0.00751523 -0.00165845
v 0.08342783 0.01013920 -0.00165845
v 0.08326270 0.01013920 0.00133509
v 0.08194166 0.00751523 -0.00468720
v 0.07893787 0.01608628 0.02854102
v 0.08406476 0.01814057 0.01711277
v 0.08445006 0.02011718 0.01841584
v 0.08411194 0.02100622 0.02042327
v 0.08264936 0.01902098 0.02248352
v 0.08095875 0.01842541 0.02625185
v 0.08162713 0.01925403 0.02535379
v 0.08373449 0.02199021 0.02246591
v 0.08409621 0.02407039 0.02346963
v 0.08433998 0.01743279 0.01510534
v 0.08454442 0.01696669 0.01343248
v 0.08480391 0.01596544 0.01029808
v 0.08538579 0.01606039 0.00739259
v 0.08473314 0.01366947 0.00436384
v 0.08581042 0.01606039 0.00436384
v 0.08416698 0.01188276 0.00133509
v 0.07745957 0.01608628 0.03146412
v 0.07583972 0.01623302 0.03452809
v 0.07845821 0.01709617 0.03040758
v 0.07412552 0.01623302 0.03738075
v 0.07477031 0.01902098 0.03834925
v 0.07514775 0.02074728 0.03894796
v 0.07260003 0.01606039 0.03965232
v 0.07201815 0.01801973 0.04181823
v 0.07156993 0.01606039 0.04116669
v 0.07533647 0.01733785 0.03623617
v 0.06993436 0.01626754 0.04361435
v 0.06881777 0.01542166 0.04461806
v 0.06673399 0.01309979 0.04586830
v 0.06604202 0.01489514 0.04798139
v 0.06558594 0.01309979 0.04738268
v 0.06352575 0.01102824 0.04858009
v 0.06178796 0.00994931 0.04981272
v 0.06063205 0.01084698 0.05167928
v 0.05883135 0.00986299 0.05287670
v 0.05700706 0.00887037 0.05407411
v 0.05486037 0.00717860 0.05486651
v 0.05386173 0.00903437 0.05701481
v 0.05138478 0.01125266 0.06048379
v 0.04811364 0.01160655 0.06328363
v 0.04730372 0.00962994 0.06268492
v 0.04642302 0.01042404 0.06382951
v 0.04366300 0.00998383 0.06553758
v 0.04271154 0.01086424 0.06675260
v 0.04054126 0.01016509 0.06779153
v 0.03922022 0.01143392 0.06942917
v 0.03644447 0.01415283 0.07256358
v 0.03450222 0.01314295 0.07307424
v 0.03347213 0.01120087 0.07258119
v 0.03749029 0.01314295 0.07140138
v 0.03138835 0.01018236 0.07298620
v 0.02921021 0.01224528 0.07504645
v 0.02720506 0.01146845 0.07545146
v 0.02850251 0.00780870 0.07284532
v 0.02548299 0.00942279 0.07494080
v 0.02571103 0.00692829 0.07340881
v 0.02368229 0.00884448 0.07525776
v 0.02258929 0.00721313 0.07469427
v 0.02258929 0.00994931 0.07622626
v 0.02176364 0.01408378 0.07863869
v 0.02002584 0.01210717 0.07812803
v 0.01919233 0.01040677 0.07747650
v 0.01945182 0.00764470 0.07592690
v 0.01778480 0.00576304 0.07532820
v 0.01664461 0.00428706 0.07474710
v 0.01643230 0.00159404 0.07310946
v 0.01482032 -0.00017541 0.07231705
v 0.01365655 -0.00157371 0.07159508
v 0.01152559 -0.00206570 0.07168313
v 0.01152559 -0.00899677 -0.07561634
v 0.01342065 -0.00727048 -0.07642636
v 0.01643230 -0.00683027 -0.07616222
v 0.02372161 -0.00009773 -0.07864509
v 0.02548299 -0.00169455 -0.07709550
v 0.02548299 0.00041153 -0.07834574
v 0.02821156 -0.00162550 -0.07619744
v 0.01703778 -0.00292885 -0.07855705
v 0.01945182 -0.00101266 -0.07915575
v 0.02170859 -0.00053793 -0.07889162
v 0.02844747 0.00138689 -0.07787029
v 0.02942252 0.00313044 -0.07848661
v 0.03154561 0.00117110 -0.07651440
v 0.03256785 0.00012669 -0.07547546
v 0.04731944 0.00064458 -0.06591377
v 0.04822372 0.00260392 -0.06672378
v 0.04934032 0.00155952 -0.06485723
v 0.05045691 0.00052374 -0.06295545
v 0.04950544 -0.00157371 -0.06196935
v 0.04379667 0.00101573 -0.06904817
v 0.04495258 0.00288876 -0.06954123
v 0.04643089 0.00147320 -0.06732249
v 0.03849679 0.00034248 -0.07230584
v 0.04072211 0.00108479 -0.07126691
v 0.03465163 0.00117110 -0.07501763
v 0.03573677 0.00302687 -0.07552830
v 0.03751388 0.00129194 -0.07348565
v 0.05727441 0.00257803 -0.05769035
v 0.05644876 0.00061869 -0.05672186
v 0.05349215 0.00051511 -0.05990909
v 0.05434925 0.00247445 -0.06080715
v 0.05539508 0.00154225 -0.05879972
v 0.05240701 0.00149910 -0.06188130
v 0.07848966 0.00822301 -0.02497279
v 0.07904796 0.00999246 -0.02592368
v 0.08099020 0.01222801 -0.02344081
v 0.08171362 0.01316885 -0.02259558
v 0.08247637 0.01309979 -0.01979574
v 0.08154063 0.01107140 -0.01979574
v 0.08110815 0.00900848 -0.01750657
v 0.06457944 0.00437338 -0.04981912
v 0.06185873 0.00394180 -0.05328810
v 0.06359653 0.00509842 -0.05207308
v 0.05788775 0.00145594 -0.05585902
v 0.05953119 0.00395043 -0.05624642
v 0.06003444 0.00589251 -0.05739100
v 0.06082864 0.00476179 -0.05538358
v 0.06560954 0.00667798 -0.05059392
v 0.06660818 0.00747207 -0.04974869
v 0.06884136 0.00935373 -0.04788213
v 0.06987146 0.01026004 -0.04691363
v 0.07144412 0.01013920 -0.04392010
v 0.07198669 0.00915521 -0.04196550
v 0.07248994 0.00817122 -0.03995807
v 0.07445578 0.01020825 -0.03784499
v 0.07495903 0.00927605 -0.03569669
v 0.07576895 0.01020825 -0.03476341
v 0.07823804 0.01167560 -0.03029072
v 0.07863120 0.01088151 -0.02828329
v 0.08132832 0.00855964 -0.01548153
v 0.08147773 0.00829206 -0.01373824
v 0.08283021 0.01013920 -0.01072709
v 0.08317620 0.01013920 -0.00769834
v 0.08424562 0.01171876 -0.00468720
v 0.08339638 0.01013920 -0.00468720
v 0.08425348 0.01170150 -0.00165845
v 0.08466237 0.01908140 0.01624993
v 0.08567674 0.02198158 0.01644363
v 0.08479605 0.02199021 0.01943716
v 0.08446578 0.02298283 0.02144459
v 0.08132046 0.02039339 0.02709709
v 0.08032968 0.01925403 0.02827689
v 0.08477246 0.02501123 0.02246591
v 0.08441861 0.02604700 0.02429725
v 0.08360869 0.02501123 0.02538901
v 0.08535435 0.01902098 0.01343248
v 0.08603059 0.01902098 0.01040373
v 0.08687983 0.01867572 0.00436384
v 0.08734376 0.02041928 0.00605430
v 0.08671470 0.01927130 0.00718128
v 0.08487468 0.01335874 0.00133509
v 0.08609350 0.01606039 0.00133509
v 0.08702137 0.01830457 0.00133509
v 0.07791564 0.01843404 0.03241501
v 0.07873342 0.01926267 0.03146412
v 0.07551732 0.02272389 0.03952905
v 0.07448723 0.02183484 0.04056799
v 0.07245063 0.01999634 0.04243454
v 0.07318978 0.01901235 0.04072647
v 0.07567459 0.01902098 0.03683487
v 0.07776623 0.02198158 0.03517963
v 0.07621716 0.02183484 0.03780337
v 0.07751461 0.02489039 0.03752163
v 0.07123181 0.01901235 0.04352630
v 0.06928171 0.01738963 0.04523438
v 0.07718434 0.01926267 0.03431679
v 0.06649809 0.01687175 0.04854487
v 0.06484679 0.01574966 0.04986555
v 0.06316404 0.01461893 0.05116862
v 0.06407619 0.01309979 0.04921402
v 0.06276301 0.01309979 0.05072839
v 0.06106454 0.01334148 0.05270060
v 0.05964913 0.01252149 0.05370432
v 0.05763612 0.01084698 0.05467281
v 0.05577251 0.00994068 0.05583501
v 0.05453011 0.01101098 0.05759591
v 0.05349215 0.01309979 0.05969138
v 0.05198240 0.01309979 0.06099445
v 0.05081862 0.01506777 0.06303710
v 0.05015024 0.01309979 0.06250883
v 0.04864048 0.01309979 0.06370624
v 0.04753175 0.01546482 0.06587215
v 0.04655670 0.01307390 0.06529105
v 0.04472455 0.01206402 0.06604824
v 0.04366300 0.01307390 0.06735131
v 0.04142981 0.01309979 0.06890090
v 0.03992792 0.01309979 0.06990462
v 0.03845748 0.01530082 0.07200009
v 0.03749029 0.01619849 0.07296859
v 0.03446291 0.01610355 0.07455340
v 0.03244203 0.01514545 0.07511689
v 0.03146698 0.01317748 0.07457101
v 0.03043688 0.01421325 0.07553950
v 0.02832165 0.01317748 0.07589168
v 0.02548299 0.01309979 0.07693062
v 0.02548299 0.01090740 0.07575081
v 0.02265219 0.01309979 0.07784628
v 0.02377665 0.01471388 0.07832173
v 0.02265219 0.01584460 0.07918457
v 0.01945182 0.01606039 0.08018829
v 0.01919233 0.01309979 0.07885000
v 0.01802070 0.01158065 0.07840978
v 0.01643230 0.00972489 0.07782868
v 0.01664461 0.00691966 0.07624387
v 0.01577965 0.00532284 0.07557472
v 0.01342065 0.00339802 0.07497602
v 0.01365655 0.00098121 0.07335598
v 0.01280731 -0.00050341 0.07254597
v 0.01152559 -0.00068467 0.07266923
v 0.01152559 -0.00764163 -0.07647918
v 0.01342065 -0.00488819 -0.07794073
v 0.01619641 -0.00437894 -0.07778225
v 0.02261288 0.00103300 -0.07952554
v 0.02262860 0.00426980 -0.08119840
v 0.02548299 0.00187888 -0.07917336
v 0.02740951 0.00246582 -0.07885640
v 0.01502477 -0.00320506 -0.07871553
v 0.01619641 -0.00184128 -0.07931423
v 0.01649521 0.00143868 -0.08107514
v 0.01945182 0.00125741 -0.08040599
v 0.03163997 0.00415759 -0.07811682
v 0.02844747 0.00415759 -0.07934945
v 0.03071210 0.00510705 -0.07899727
v 0.03372376 0.00209467 -0.07603896
v 0.04672183 0.00401085 -0.06888969
v 0.04781483 0.00604788 -0.06940035
v 0.04886852 0.00421801 -0.06726966
v 0.05101521 0.00584073 -0.06653009
v 0.05413695 0.00569399 -0.06360699
v 0.05132974 0.00249172 -0.06378308
v 0.04580182 0.00486537 -0.07015754
v 0.03945612 0.00231045 -0.07292216
v 0.04146913 0.00338939 -0.07223541
v 0.04238128 0.00536600 -0.07286933
v 0.03465163 0.00409717 -0.07665527
v 0.03675900 0.00500347 -0.07607418
v 0.03876415 0.00600472 -0.07552830
v 0.05789561 0.00421801 -0.05837711
v 0.05709356 0.00577167 -0.06052541
v 0.05651167 0.00421801 -0.05989148
v 0.05333488 0.00371738 -0.06281458
v 0.08145413 0.01420462 -0.02477909
v 0.08287739 0.01606039 -0.02280688
v 0.08377382 0.01613807 -0.01983096
v 0.08444220 0.01718248 -0.01886246
v 0.08404117 0.01518861 -0.01676699
v 0.08313689 0.01309979 -0.01676699
v 0.08179225 0.01005288 -0.01660851
v 0.06284165 0.00622914 -0.05409811
v 0.06453226 0.00743755 -0.05281266
v 0.06619928 0.00865459 -0.05150959
v 0.05890212 0.00681608 -0.05932800
v 0.06067923 0.00786049 -0.05814819
v 0.06175651 0.00704913 -0.05615837
v 0.06936820 0.01133034 -0.04872736
v 0.07241131 0.01420462 -0.04578665
v 0.07193951 0.01222801 -0.04490620
v 0.07246635 0.01113182 -0.04289878
v 0.07296174 0.01013920 -0.04094417
v 0.07541510 0.01124403 -0.03678845
v 0.07496689 0.01222801 -0.03879587
v 0.07828522 0.01453262 -0.03342512
v 0.07792350 0.01236612 -0.03187553
v 0.07858402 0.01385073 -0.03187553
v 0.08236628 0.01013920 -0.01373824
v 0.08392322 0.01245243 -0.01072709
v 0.08411980 0.01199497 -0.00769834
v 0.08479605 0.01347958 -0.00769834
v 0.08490613 0.01320337 -0.00468720
v 0.08493758 0.01317748 -0.00165845
v 0.08661247 0.02226642 0.01313313
v 0.08732018 0.02344030 0.01193572
v 0.08707641 0.02424303 0.01396076
v 0.08675401 0.02511480 0.01628515
v 0.08577896 0.02494217 0.01947238
v 0.08158781 0.02198158 0.02767818
v 0.08117105 0.02376829 0.02982648
v 0.08086439 0.02198158 0.02917495
v 0.07967702 0.02198158 0.03155217
v 0.08563743 0.02790277 0.02248352
v 0.08470169 0.02790277 0.02496639
v 0.08429279 0.02941328 0.02700904
v 0.08405690 0.02790277 0.02646316
v 0.08205961 0.02482996 0.02869951
v 0.08695846 0.02153274 0.01040373
v 0.08717864 0.02090264 0.00806173
v 0.08744599 0.02015171 0.00436384
v 0.08766616 0.02192979 0.00718128
v 0.08807505 0.02198158 0.00436384
v 0.08621145 0.01606039 -0.00165845
v 0.08707641 0.01814921 -0.00165845
v 0.08758753 0.01978055 0.00133509
v 0.07830094 0.02041065 0.03311937
v 0.07592622 0.02494217 0.04016298
v 0.07494330 0.02494217 0.04165975
v 0.07285952 0.02198158 0.04301564
v 0.07176652 0.02198158 0.04453002
v 0.07812008 0.02386324 0.03581355
v 0.07847394 0.02583985 0.03646509
v 0.07793923 0.02790277 0.03856056
v 0.06962770 0.01902098 0.04569221
v 0.06847179 0.01902098 0.04720659
v 0.06696202 0.01902098 0.04910836
v 0.06571176 0.01902098 0.05062274
v 0.06365157 0.01659554 0.05171450
v 0.06232266 0.01578418 0.05271821
v 0.06021530 0.01449809 0.05426780
v 0.05839886 0.01354000 0.05548283
v 0.05715646 0.01456714 0.05724373
v 0.05654312 0.01259054 0.05669785
v 0.05558380 0.01338463 0.05800092
v 0.05401900 0.01477430 0.06016683
v 0.05142410 0.01703575 0.06353015
v 0.04949759 0.01625028 0.06469235
v 0.04816868 0.01744142 0.06634759
v 0.04479532 0.01801110 0.06911221
v 0.04551874 0.01404062 0.06661173
v 0.04205888 0.01459304 0.06930591
v 0.04065921 0.01593092 0.07090833
v 0.03925954 0.01727743 0.07245792
v 0.03735661 0.01916772 0.07435970
v 0.03622429 0.02024665 0.07546907
v 0.03541437 0.01827868 0.07504645
v 0.03340136 0.01711343 0.07553950
v 0.03146698 0.01610355 0.07596212
v 0.02825088 0.01631070 0.07744128
v 0.02548299 0.01536124 0.07803999
v 0.02548299 0.01683722 0.07869152
v 0.02231407 0.01919361 0.08069895
v 0.01945182 0.01823552 0.08113917
v 0.01770616 0.01767447 0.08135048
v 0.01569315 0.01713069 0.08159701
v 0.01659743 0.01611218 0.08091026
v 0.01643230 0.01309979 0.07951914
v 0.01643230 0.01120950 0.07860347
v 0.01342065 0.00906027 0.07818086
v 0.01342065 0.00717860 0.07714193
v 0.01342065 0.00487400 0.07583886
v 0.01152559 0.00307002 0.07516971
v 0.01152559 0.00130920 0.07402513
v 0.01152559 -0.00510398 -0.07808160
v 0.01342065 -0.00341221 -0.07883879
v 0.01945182 0.00327718 -0.08146254
v 0.02173218 0.00529694 -0.08192037
v 0.02374520 0.00582346 -0.08167384
v 0.02548299 0.00421801 -0.08035317
v 0.01342065 -0.00169455 -0.07980729
v 0.01342065 0.00079132 -0.08118079
v 0.01552802 0.00254350 -0.08183232
v 0.01754103 0.00287150 -0.08165623
v 0.03272511 0.00597020 -0.07857466
v 0.02548299 0.00643630 -0.08139210
v 0.02830592 0.00739439 -0.08089904
v 0.02917875 0.00936237 -0.08144492
v 0.03163997 0.00704913 -0.07950794
v 0.04980425 0.00692829 -0.06829099
v 0.04650952 0.00728218 -0.07109082
v 0.04858544 0.00801586 -0.07001667
v 0.05173077 0.00780870 -0.06716401
v 0.05269009 0.00696282 -0.06575529
v 0.05464020 0.00717860 -0.06408243
v 0.05681048 0.00918974 -0.06323720
v 0.05776980 0.00774828 -0.06122977
v 0.05373592 0.00925016 -0.06626595
v 0.04438642 0.00654851 -0.07218258
v 0.04050194 0.00431296 -0.07345043
v 0.04061989 0.00706640 -0.07494720
v 0.04346641 0.00739439 -0.07327434
v 0.03469094 0.00704913 -0.07818725
v 0.03579967 0.00892216 -0.07859226
v 0.03767901 0.00706640 -0.07665527
v 0.03965270 0.00797270 -0.07603896
v 0.08106096 0.01511093 -0.02678652
v 0.08183157 0.01608628 -0.02580042
v 0.08419057 0.01787300 -0.02086989
v 0.08295603 0.01902098 -0.02583564
v 0.08391535 0.01892604 -0.02294776
v 0.08552734 0.01902098 -0.01676699
v 0.08614067 0.01902098 -0.01373824
v 0.08466237 0.01667322 -0.01676699
v 0.08478819 0.01892604 -0.01983096
v 0.08489041 0.01587050 -0.01379106
v 0.08422202 0.01476567 -0.01483000
v 0.08375809 0.01324653 -0.01379106
v 0.06346285 0.00820575 -0.05490813
v 0.06657672 0.01013920 -0.05205547
v 0.06882563 0.01309979 -0.05091088
v 0.06327413 0.01145981 -0.05767275
v 0.06600270 0.01201223 -0.05425660
v 0.05977495 0.00925879 -0.06015562
v 0.06154420 0.01035499 -0.05890538
v 0.06269224 0.00948321 -0.05691556
v 0.06040402 0.01122677 -0.06084237
v 0.06978496 0.01309979 -0.04939650
v 0.07182943 0.01549071 -0.04779409
v 0.06919521 0.01461893 -0.05149198
v 0.07226191 0.01745869 -0.04855128
v 0.07271012 0.01631070 -0.04686081
v 0.07536792 0.01725153 -0.04268747
v 0.07494330 0.01527492 -0.04180702
v 0.07289884 0.01316885 -0.04392010
v 0.07443218 0.01316885 -0.04085613
v 0.07541510 0.01420462 -0.03979959
v 0.07580826 0.01316885 -0.03784499
v 0.07949616 0.01606039 -0.03187553
v 0.07786059 0.01555113 -0.03545016
v 0.07826949 0.01752774 -0.03641866
v 0.07852898 0.01634523 -0.03462254
v 0.08459160 0.01392842 -0.01072709
v 0.08551161 0.01606039 -0.01072709
v 0.08589691 0.01606039 -0.00769834
v 0.08614067 0.01606039 -0.00468720
v 0.08746172 0.02300872 0.01040373
v 0.08803574 0.02494217 0.01040373
v 0.08752462 0.02511480 0.01313313
v 0.08737522 0.02621963 0.01517578
v 0.08711573 0.02721225 0.01718321
v 0.08673829 0.02807540 0.01926107
v 0.08150918 0.02574490 0.03053084
v 0.08069139 0.02482996 0.03153456
v 0.07907155 0.02489039 0.03472179
v 0.07858402 0.02198158 0.03366525
v 0.08640016 0.03086336 0.02248352
v 0.08507913 0.03058715 0.02581163
v 0.08453656 0.03138125 0.02757253
v 0.08408835 0.03318523 0.02957996
v 0.08388390 0.03058715 0.02855863
v 0.08256286 0.03086336 0.03155217
v 0.08132832 0.02922338 0.03315459
v 0.08176867 0.02810129 0.03153456
v 0.08312116 0.02790277 0.02854102
v 0.08837386 0.02198158 0.00133509
v 0.08854685 0.02494217 0.00739259
v 0.08894789 0.02494217 0.00436384
v 0.08926241 0.02494217 0.00133509
v 0.08703709 0.01827868 -0.00468720
v 0.08764257 0.01962519 -0.00165845
v 0.08849181 0.02198158 -0.00165845
v 0.07522638 0.02648721 0.04209997
v 0.07212823 0.02373377 0.04502307
v 0.07880420 0.02790277 0.03704618
v 0.08102165 0.02725541 0.03253827
v 0.08035327 0.02810129 0.03433439
v 0.07820658 0.02960317 0.03901839
v 0.06891999 0.02123064 0.04780530
v 0.06608134 0.02078180 0.05106297
v 0.06420200 0.01902098 0.05233082
v 0.06282592 0.01902098 0.05384519
v 0.06061632 0.01606039 0.05467281
v 0.05907511 0.01606039 0.05618719
v 0.05756535 0.01606039 0.05763113
v 0.05561525 0.01587913 0.05930399
v 0.05459302 0.01674227 0.06065988
v 0.05348429 0.01902098 0.06272014
v 0.05197453 0.01902098 0.06400560
v 0.05013451 0.01902098 0.06551997
v 0.04862476 0.01902098 0.06669978
v 0.04540865 0.01997908 0.06955244
v 0.04370231 0.01900372 0.07030963
v 0.04278231 0.01656964 0.06983418
v 0.03985715 0.01902098 0.07282772
v 0.04135904 0.01902098 0.07189444
v 0.03680618 0.02198158 0.07578603
v 0.03453368 0.02198158 0.07687779
v 0.03002799 0.02047107 0.07839217
v 0.03446291 0.01916772 0.07587408
v 0.03830807 0.02198158 0.07492319
v 0.03122322 0.01929719 0.07740606
v 0.02908440 0.01850309 0.07802238
v 0.02707138 0.01745869 0.07840978
v 0.02548299 0.01902098 0.07957197
v 0.02321049 0.02115296 0.08115678
v 0.02119748 0.02029844 0.08149135
v 0.01945182 0.01971150 0.08173788
v 0.01659743 0.01880520 0.08207245
v 0.01152559 0.01455851 0.08131526
v 0.01342065 0.01510230 0.08115678
v 0.01342065 0.01902098 0.08286486
v 0.01342065 0.01657828 0.08182592
v 0.01342065 0.01309979 0.08020590
v 0.01342065 0.01053625 0.07893805
v 0.01176149 0.00871501 0.07835695
v 0.01152559 0.00439927 0.07594451
v 0.01152559 -0.00362800 -0.07896206
v 0.01152559 -0.00169455 -0.08005381
v 0.01945182 0.00476179 -0.08216689
v 0.01945182 0.00717860 -0.08325865
v 0.02262860 0.00695419 -0.08244864
v 0.02548299 0.00791228 -0.08206124
v 0.01152559 -0.00034804 -0.08079339
v 0.01152559 0.00058416 -0.08130405
v 0.01342065 0.00225867 -0.08197320
v 0.01342065 0.00421801 -0.08290648
v 0.01649521 0.00400222 -0.08236060
v 0.03378666 0.00794681 -0.07903249
v 0.02716574 0.00852511 -0.08177950
v 0.02830592 0.01026867 -0.08209646
v 0.03031894 0.01133897 -0.08183232
v 0.03140407 0.01026867 -0.08100470
v 0.05059845 0.00944868 -0.06917144
v 0.04519635 0.00852511 -0.07272846
v 0.04730372 0.01013920 -0.07211214
v 0.04794064 0.01186549 -0.07255237
v 0.04959981 0.01031183 -0.07047451
v 0.05125111 0.01141666 -0.06975254
v 0.05743954 0.01115771 -0.06388873
v 0.05861118 0.01020825 -0.06203979
v 0.05438071 0.01122677 -0.06684705
v 0.04166571 0.00919837 -0.07542264
v 0.03760038 0.01000110 -0.07811682
v 0.03469094 0.01000110 -0.07952554
v 0.03437641 0.01322063 -0.08095188
v 0.03662532 0.01089877 -0.07899727
v 0.04061989 0.01016509 -0.07649679
v 0.08146200 0.01708753 -0.02780785
v 0.08421416 0.02079044 -0.02403951
v 0.08450510 0.01984960 -0.02201448
v 0.08574751 0.02198158 -0.01979574
v 0.08066780 0.01906414 -0.03180509
v 0.08143054 0.02008266 -0.03076616
v 0.08105311 0.02123064 -0.03277359
v 0.08279876 0.02198158 -0.02884678
v 0.08645521 0.02198158 -0.01676699
v 0.08702923 0.02192116 -0.01394954
v 0.08720223 0.02089401 -0.01143145
v 0.08676974 0.01926267 -0.01055100
v 0.08440288 0.01432546 -0.01282257
v 0.06240130 0.01309979 -0.05966257
v 0.06366729 0.01309979 -0.05816580
v 0.06621501 0.01751048 -0.05756709
v 0.06575108 0.01553387 -0.05695078
v 0.06526355 0.01303937 -0.05598228
v 0.06648236 0.01398884 -0.05492574
v 0.05949187 0.01309979 -0.06288502
v 0.06089154 0.01309979 -0.06137064
v 0.06859760 0.01578418 -0.05307679
v 0.06961197 0.01659554 -0.05210829
v 0.06681263 0.01633660 -0.05598228
v 0.07160925 0.01902098 -0.05054109
v 0.07256858 0.01902098 -0.04902672
v 0.07523424 0.02054875 -0.04543448
v 0.07491971 0.01902098 -0.04487099
v 0.07569818 0.01902098 -0.04335661
v 0.07684623 0.01902098 -0.04094417
v 0.07790777 0.01902098 -0.03858457
v 0.07576895 0.01618123 -0.04085613
v 0.07726298 0.01634523 -0.03761607
v 0.07821444 0.02066096 -0.03930654
v 0.07854470 0.01902098 -0.03707019
v 0.07944112 0.01902098 -0.03488667
v 0.08691128 0.01865846 -0.00769834
v 0.08880634 0.02790277 0.01040373
v 0.08819300 0.02790277 0.01343248
v 0.08756394 0.02807540 0.01628515
v 0.08735949 0.02918023 0.01813409
v 0.08710787 0.03086336 0.02030000
v 0.08728872 0.03246882 0.02089871
v 0.08699778 0.03359954 0.02251874
v 0.08595982 0.03382396 0.02551227
v 0.08474100 0.03403111 0.02855863
v 0.08433211 0.03516184 0.03012584
v 0.08350646 0.03403111 0.03130564
v 0.08155636 0.03086336 0.03359482
v 0.08075430 0.03086336 0.03510919
v 0.08927814 0.02790277 0.00739259
v 0.08963985 0.02790277 0.00436384
v 0.08938036 0.02494217 -0.00165845
v 0.09001729 0.02818761 0.00107095
v 0.08758753 0.01976329 -0.00468720
v 0.08834240 0.02198158 -0.00468720
v 0.07752248 0.03069936 0.04051516
v 0.07552518 0.02846381 0.04250498
v 0.07282807 0.02790277 0.04595635
v 0.07248208 0.02571037 0.04548090
v 0.07131044 0.02481270 0.04655505
v 0.06931316 0.02320725 0.04829835
v 0.07917377 0.03069936 0.03783859
v 0.08107669 0.03321975 0.03569029
v 0.08032968 0.03404837 0.03732793
v 0.07846607 0.03157114 0.03942340
v 0.06647450 0.02275841 0.05152080
v 0.06482320 0.02165358 0.05285908
v 0.06316404 0.02054875 0.05419737
v 0.06109599 0.01930582 0.05576458
v 0.05971204 0.01851173 0.05678590
v 0.05711714 0.02056602 0.06023726
v 0.05671612 0.01902098 0.05986747
v 0.05520636 0.01902098 0.06120576
v 0.05397181 0.02082496 0.06314276
v 0.05074785 0.02123064 0.06599542
v 0.04969417 0.02211968 0.06719283
v 0.04747671 0.02198158 0.06884808
v 0.04596695 0.02198158 0.06995744
v 0.04354505 0.02182621 0.07159508
v 0.04192520 0.02073865 0.07224662
v 0.04077716 0.02182621 0.07337360
v 0.03774978 0.02483859 0.07620865
v 0.03453368 0.02482133 0.07784628
v 0.03888210 0.02378556 0.07525776
v 0.03353504 0.02572764 0.07862109
v 0.03280375 0.02375103 0.07828651
v 0.02825088 0.01929719 0.07865630
v 0.03168715 0.02482133 0.07916697
v 0.02850251 0.02198158 0.07955436
v 0.02538863 0.02207653 0.08076938
v 0.02431922 0.02312956 0.08152657
v 0.02231407 0.02207653 0.08179071
v 0.01945182 0.02198158 0.08260073
v 0.01643230 0.02198158 0.08334030
v 0.01152559 0.01480019 0.08142092
v 0.01152559 0.01092466 0.07951914
v 0.01152559 0.01609491 0.08198441
v 0.01353074 0.02203337 0.08399183
v 0.01260287 0.02305188 0.08457293
v 0.01152559 0.02205926 0.08441445
v 0.01152559 0.02137738 0.08415032
v 0.01152559 0.01902098 0.08321704
v 0.01152559 0.00894806 0.07851543
v 0.01152559 0.00867185 0.07837456
v 0.01152559 0.00786049 0.07791672
v 0.01643230 0.00717860 -0.08378692
v 0.01643230 0.00911205 -0.08457933
v 0.01972704 0.01014783 -0.08440324
v 0.02247134 0.01013920 -0.08380454
v 0.02548299 0.01013920 -0.08297691
v 0.01152559 0.00206014 -0.08207885
v 0.01152559 0.00421801 -0.08310017
v 0.01152559 0.00576304 -0.08380454
v 0.01354647 0.00734260 -0.08426237
v 0.02850251 0.01309979 -0.08310017
v 0.03233195 0.01232296 -0.08148014
v 0.03140407 0.01322063 -0.08213168
v 0.04347428 0.01016509 -0.07470067
v 0.04580182 0.01013920 -0.07313347
v 0.04856185 0.01384210 -0.07299260
v 0.05057486 0.01549934 -0.07225301
v 0.04959195 0.01295306 -0.07181279
v 0.04239700 0.01116634 -0.07589808
v 0.04508626 0.01458441 -0.07568677
v 0.05177008 0.01309979 -0.07017515
v 0.05327985 0.01309979 -0.06888969
v 0.05798211 0.01309979 -0.06443461
v 0.05644090 0.01309979 -0.06594899
v 0.05493901 0.01309979 -0.06737531
v 0.03863833 0.01215896 -0.07848661
v 0.03325982 0.01429957 -0.08181472
v 0.03541437 0.01606039 -0.08146254
v 0.03760038 0.01312569 -0.07938467
v 0.04046263 0.01312569 -0.07787029
v 0.08448938 0.02276704 -0.02486714
v 0.08572392 0.02494217 -0.02280688
v 0.08484322 0.02186074 -0.02294776
v 0.08388390 0.02186074 -0.02585324
v 0.08654171 0.02494217 -0.01979574
v 0.08713145 0.02472639 -0.01703112
v 0.08170576 0.02211968 -0.03180509
v 0.08056558 0.02211968 -0.03471058
v 0.08135977 0.02320725 -0.03358360
v 0.08253141 0.02494217 -0.03187553
v 0.08728086 0.02360430 -0.01507652
v 0.08748530 0.02287062 -0.01306909
v 0.08762684 0.02192116 -0.01055100
v 0.08734376 0.02041065 -0.00942403
v 0.06290455 0.01514545 -0.06026127
v 0.06456372 0.01632796 -0.05892299
v 0.06337635 0.01712206 -0.06080715
v 0.06528714 0.01902098 -0.05946887
v 0.06620715 0.02343167 -0.06059585
v 0.06650595 0.01902098 -0.05795449
v 0.06932889 0.02022076 -0.05469682
v 0.06892786 0.01824415 -0.05411573
v 0.05997939 0.01495556 -0.06339568
v 0.06998941 0.01915046 -0.05307679
v 0.07201028 0.02108390 -0.05117501
v 0.07473099 0.02171400 -0.04701929
v 0.07302465 0.02203337 -0.05010087
v 0.07554878 0.02252536 -0.04603318
v 0.07619357 0.02171400 -0.04423706
v 0.07778983 0.02178305 -0.04096178
v 0.07852112 0.02263757 -0.03997568
v 0.08010165 0.02494217 -0.03791542
v 0.07904796 0.02178305 -0.03814434
v 0.08744599 0.02014307 -0.00769834
v 0.08945113 0.03086336 0.01040373
v 0.08888498 0.03086336 0.01343248
v 0.08820087 0.03086336 0.01644363
v 0.08756394 0.03086336 0.01878563
v 0.08786274 0.03359954 0.01971891
v 0.08748530 0.03444542 0.02151503
v 0.08717864 0.03678455 0.02357528
v 0.08644735 0.03678455 0.02551227
v 0.08523639 0.03678455 0.02854102
v 0.08445006 0.03678455 0.03038997
v 0.08375809 0.03678455 0.03190435
v 0.08183944 0.03404837 0.03465135
v 0.09015097 0.03030232 0.00436384
v 0.08997798 0.03109641 0.00718128
v 0.09026892 0.02972401 0.00189857
v 0.09009592 0.02818761 -0.00153518
v 0.09033183 0.02936148 -0.00010885
v 0.08919951 0.02494217 -0.00468720
v 0.09032397 0.02943054 -0.00245085
v 0.08802001 0.02198158 -0.00769834
v 0.07776623 0.03382396 0.04136039
v 0.07587904 0.03086336 0.04299803
v 0.07477031 0.03086336 0.04451241
v 0.07202601 0.03008653 0.04791095
v 0.07167216 0.02790277 0.04747072
v 0.06964342 0.02494217 0.04868575
v 0.08130473 0.03519636 0.03613051
v 0.07873342 0.03382396 0.03986363
v 0.06838529 0.02494217 0.05020012
v 0.06687553 0.02494217 0.05197863
v 0.06553877 0.02494217 0.05347540
v 0.06356507 0.02252536 0.05461999
v 0.06048265 0.02198158 0.05756069
v 0.06017598 0.02048833 0.05724373
v 0.05757322 0.02253399 0.06065988
v 0.05445934 0.02279294 0.06356537
v 0.05125111 0.02320725 0.06640042
v 0.04795637 0.02377692 0.06920025
v 0.04680833 0.02482996 0.07041528
v 0.04459873 0.02494217 0.07201770
v 0.04251495 0.02271525 0.07263401
v 0.03940108 0.02575353 0.07555711
v 0.03755320 0.02790277 0.07717715
v 0.03565813 0.02790277 0.07819847
v 0.04047049 0.02483859 0.07464145
v 0.03415624 0.02790277 0.07893805
v 0.03151416 0.02790277 0.08015307
v 0.02830592 0.02510617 0.08068134
v 0.02633223 0.02422576 0.08117439
v 0.02538863 0.02510617 0.08179071
v 0.02247134 0.02494217 0.08270638
v 0.01917660 0.02520975 0.08374531
v 0.01798924 0.02637500 0.08444967
v 0.01643230 0.02431208 0.08416792
v 0.01460802 0.02365608 0.08436162
v 0.01152559 0.02487312 0.08541817
v 0.01152559 0.02278431 0.08467859
v 0.01463947 0.00874953 -0.08470259
v 0.01643230 0.01059667 -0.08512521
v 0.01890925 0.01114908 -0.08491390
v 0.02092226 0.01164108 -0.08473781
v 0.02247134 0.01218486 -0.08456172
v 0.02535718 0.01324653 -0.08415671
v 0.01152559 0.00830933 -0.08489630
v 0.01263432 0.00843880 -0.08484346
v 0.02628505 0.01524903 -0.08454411
v 0.02836883 0.01616397 -0.08415671
v 0.03151416 0.01606039 -0.08301213
v 0.04959195 0.01631070 -0.07330956
v 0.05115675 0.01747595 -0.07269324
v 0.04665106 0.01576692 -0.07510568
v 0.05386173 0.01509366 -0.06940035
v 0.04306538 0.01309979 -0.07630309
v 0.04153990 0.01606039 -0.07841617
v 0.04388317 0.01576692 -0.07688419
v 0.04568387 0.01656101 -0.07605656
v 0.04769688 0.01828731 -0.07540503
v 0.05695988 0.01494693 -0.06644204
v 0.03938535 0.01413557 -0.07887401
v 0.03391248 0.01606039 -0.08209646
v 0.03598053 0.01762269 -0.08169145
v 0.03755320 0.01606039 -0.08044121
v 0.08413553 0.02406177 -0.02689217
v 0.08474886 0.02500259 -0.02585324
v 0.08643162 0.02790277 -0.02280688
v 0.08728872 0.02950822 -0.02120446
v 0.08546443 0.02790277 -0.02583564
v 0.08372664 0.02500259 -0.02872351
v 0.08713931 0.02764382 -0.02004227
v 0.08729659 0.02647857 -0.01821093
v 0.08751675 0.02558090 -0.01620350
v 0.08101379 0.02494217 -0.03574951
v 0.08161926 0.02494217 -0.03423514
v 0.08329415 0.02790277 -0.03187553
v 0.08440288 0.02603837 -0.02763175
v 0.08125755 0.02653899 -0.03633061
v 0.08777625 0.02472639 -0.01394954
v 0.08840531 0.02494217 -0.01072709
v 0.08883780 0.02494217 -0.00769834
v 0.06168574 0.01603449 -0.06209261
v 0.06046692 0.01692354 -0.06390634
v 0.06245634 0.01902098 -0.06279697
v 0.06377738 0.01902098 -0.06128260
v 0.06292814 0.02121338 -0.06330764
v 0.06358080 0.02494217 -0.06404721
v 0.06404473 0.02790277 -0.06457548
v 0.06555449 0.02790277 -0.06283219
v 0.06641159 0.02494217 -0.06084237
v 0.06830666 0.02790277 -0.05938082
v 0.06925026 0.02629732 -0.05760231
v 0.06894359 0.02432071 -0.05717969
v 0.06963555 0.02198158 -0.05511944
v 0.06855042 0.02198158 -0.05663381
v 0.07237986 0.02306051 -0.05172090
v 0.05872126 0.01593955 -0.06517419
v 0.07499834 0.02431208 -0.04804061
v 0.07424346 0.02515796 -0.04974869
v 0.07580041 0.02515796 -0.04701929
v 0.07745957 0.02508891 -0.04374401
v 0.07804931 0.02419123 -0.04200072
v 0.07878060 0.02508891 -0.04096178
v 0.09022174 0.03297807 0.00804412
v 0.09004089 0.03390164 0.01033330
v 0.08948259 0.03382396 0.01343248
v 0.08881420 0.03382396 0.01644363
v 0.08845249 0.03678455 0.01947238
v 0.08766616 0.03678455 0.02206091
v 0.08727300 0.03883885 0.02389224
v 0.08552734 0.03974515 0.02854102
v 0.08459946 0.03974515 0.03070693
v 0.08389176 0.03974515 0.03222131
v 0.08268082 0.03974515 0.03458092
v 0.08238201 0.03678455 0.03458092
v 0.09043404 0.03177830 0.00436384
v 0.09034755 0.03223577 0.00603670
v 0.09050482 0.03076841 0.00107095
v 0.09101593 0.03382396 0.00133509
v 0.09079577 0.03382396 0.00436384
v 0.09033183 0.02936148 -0.00046103
v 0.09106312 0.03382396 -0.00165845
v 0.09150346 0.03678455 0.00133509
v 0.08985217 0.02790277 -0.00468720
v 0.09023747 0.02991390 -0.00468720
v 0.09048909 0.03139851 -0.00468720
v 0.09087440 0.03382396 -0.00468720
v 0.09153492 0.03678455 -0.00165845
v 0.09052841 0.03059579 -0.00153518
v 0.07806504 0.03678455 0.04181823
v 0.07609921 0.03396206 0.04380805
v 0.07507698 0.03306439 0.04491742
v 0.07310328 0.03098420 0.04680158
v 0.07230908 0.03206314 0.04826313
v 0.06914803 0.02960317 0.05111579
v 0.07017026 0.02790277 0.04930206
v 0.08141482 0.03678455 0.03630660
v 0.08051840 0.03678455 0.03782098
v 0.07900864 0.03678455 0.04032146
v 0.06593980 0.02722951 0.05391563
v 0.06888068 0.02790277 0.05079883
v 0.06402901 0.02494217 0.05511304
v 0.06259002 0.02494217 0.05662742
v 0.06108026 0.02494217 0.05815940
v 0.05957837 0.02494217 0.05967378
v 0.05806861 0.02494217 0.06113532
v 0.05644090 0.02494217 0.06264970
v 0.05493114 0.02494217 0.06397038
v 0.05313831 0.02494217 0.06548475
v 0.05163641 0.02494217 0.06671739
v 0.04950544 0.02482996 0.06839024
v 0.04842817 0.02574490 0.06955244
v 0.04500763 0.02662531 0.07228183
v 0.04309684 0.02494217 0.07302142
v 0.03990433 0.02790277 0.07585646
v 0.04141409 0.02790277 0.07497602
v 0.03748242 0.03057852 0.07784628
v 0.03602771 0.02940464 0.07837456
v 0.03483248 0.03057852 0.07921979
v 0.03140407 0.03077705 0.08087504
v 0.02982355 0.02973264 0.08133288
v 0.02924952 0.02790277 0.08110395
v 0.02717361 0.02620237 0.08147375
v 0.02548299 0.02790277 0.08254789
v 0.02247134 0.02790277 0.08353400
v 0.02094585 0.02939601 0.08443206
v 0.02023029 0.02790277 0.08422075
v 0.01872053 0.02790277 0.08466098
v 0.01643230 0.02790277 0.08527730
v 0.01342065 0.02790277 0.08599927
v 0.01353074 0.02476091 0.08496033
v 0.01152559 0.02790277 0.08638666
v 0.01354647 0.00989752 -0.08524847
v 0.01643230 0.01309979 -0.08595284
v 0.01972704 0.01281496 -0.08533652
v 0.02247134 0.01366947 -0.08503717
v 0.02427204 0.01432546 -0.08482586
v 0.01152559 0.00927605 -0.08523087
v 0.01152559 0.01005288 -0.08549500
v 0.02727583 0.01721701 -0.08484346
v 0.02928098 0.01840815 -0.08450890
v 0.03127040 0.01924540 -0.08401584
v 0.04823945 0.02025528 -0.07577482
v 0.05153418 0.01902098 -0.07297499
v 0.05372019 0.02198158 -0.07232345
v 0.05303608 0.01902098 -0.07174235
v 0.05435712 0.01707027 -0.06984058
v 0.05745527 0.01692354 -0.06691748
v 0.04003014 0.01606039 -0.07920858
v 0.04204315 0.01759679 -0.07868031
v 0.03219827 0.02198158 -0.08443846
v 0.03480103 0.01877067 -0.08251908
v 0.03757678 0.01877067 -0.08126883
v 0.03659387 0.01959929 -0.08199080
v 0.08607777 0.03086336 -0.02583564
v 0.08700564 0.03063895 -0.02280688
v 0.08734376 0.03514458 -0.02440930
v 0.08864121 0.03974515 -0.02280688
v 0.08940396 0.03974515 -0.01979574
v 0.08775266 0.03063895 -0.02004227
v 0.08752462 0.02845518 -0.01919703
v 0.08462306 0.02790277 -0.02824807
v 0.08426920 0.02952548 -0.03027311
v 0.08491400 0.03065621 -0.02911091
v 0.08780770 0.02764382 -0.01703112
v 0.08852326 0.02790277 -0.01373824
v 0.08390749 0.03065621 -0.03185792
v 0.08408048 0.02790277 -0.02976245
v 0.08197311 0.02767835 -0.03515081
v 0.07833240 0.02616784 -0.04259942
v 0.08083293 0.02767835 -0.03786260
v 0.08146986 0.02851560 -0.03684127
v 0.08904225 0.02790277 -0.01072709
v 0.08948259 0.02790277 -0.00769834
v 0.06094658 0.01902098 -0.06439939
v 0.05945255 0.01902098 -0.06591377
v 0.05991649 0.02109254 -0.06637160
v 0.06032538 0.02306051 -0.06677661
v 0.06218899 0.02494217 -0.06556159
v 0.06267652 0.02790277 -0.06607225
v 0.06591620 0.03086336 -0.06325480
v 0.06299105 0.03019011 -0.06640682
v 0.06679690 0.02790277 -0.06131782
v 0.06865264 0.03086336 -0.05982105
v 0.07524997 0.03233071 -0.05150959
v 0.06944684 0.02790277 -0.05786644
v 0.06995009 0.02516659 -0.05612315
v 0.07267866 0.02494217 -0.05214351
v 0.07161712 0.02494217 -0.05365789
v 0.07462090 0.02790277 -0.05047066
v 0.07528929 0.02628005 -0.04856888
v 0.09038687 0.03494605 0.00925915
v 0.09049696 0.03390164 0.00718128
v 0.09022961 0.03607677 0.01128418
v 0.08926241 0.03678455 0.01644363
v 0.09000156 0.03694855 0.01322118
v 0.08871984 0.03974515 0.01947238
v 0.08772907 0.03978831 0.02273005
v 0.08734376 0.04080682 0.02406833
v 0.08682479 0.03978831 0.02524814
v 0.08734376 0.04129881 0.02406833
v 0.08453656 0.04179944 0.03054845
v 0.08152490 0.04175628 0.03650030
v 0.08157995 0.03974515 0.03658835
v 0.09126757 0.03678455 0.00436384
v 0.09182585 0.03974515 0.00133509
v 0.09161355 0.03974515 0.00436384
v 0.09038687 0.03201135 -0.00658897
v 0.09131474 0.03678455 -0.00468720
v 0.09099235 0.03678455 -0.00769834
v 0.09167645 0.03974515 -0.00468720
v 0.09184945 0.03974515 -0.00165845
v 0.07821444 0.03903737 0.04204714
v 0.07677546 0.03678455 0.04364957
v 0.07531288 0.03504099 0.04523438
v 0.07417270 0.03396206 0.04641418
v 0.07252140 0.03382396 0.04850966
v 0.07121608 0.03382396 0.05002403
v 0.06943111 0.03157977 0.05143275
v 0.06821230 0.03069936 0.05254212
v 0.06625433 0.02919749 0.05428542
v 0.08067567 0.03974515 0.03810272
v 0.06717434 0.02809266 0.05282387
v 0.06297532 0.02705688 0.05703243
v 0.05995581 0.02700509 0.06006117
v 0.05688911 0.02718635 0.06303710
v 0.05372805 0.02790277 0.06596020
v 0.05221830 0.02790277 0.06721044
v 0.05037041 0.02790277 0.06872481
v 0.04886065 0.02790277 0.06988701
v 0.04649380 0.02772150 0.07155987
v 0.04541652 0.02859329 0.07256358
v 0.04383599 0.02772150 0.07337360
v 0.04073784 0.03096694 0.07608539
v 0.04185443 0.03004337 0.07522255
v 0.03836312 0.03382396 0.07800477
v 0.03643660 0.03138125 0.07858587
v 0.03453368 0.03382396 0.07999459
v 0.03228477 0.03382396 0.08108635
v 0.03032680 0.03170062 0.08154418
v 0.02869123 0.03077705 0.08201963
v 0.02773977 0.02790277 0.08170266
v 0.02548299 0.03086336 0.08323464
v 0.02161424 0.03136399 0.08464337
v 0.01945182 0.03382396 0.08584078
v 0.01975063 0.03056989 0.08504838
v 0.01643230 0.03086336 0.08605209
v 0.01318475 0.03109641 0.08691493
v 0.01202098 0.03223577 0.08747842
v 0.01152559 0.03205451 0.08753125
v 0.01152559 0.03160567 0.08740799
v 0.01342065 0.01309979 -0.08632262
v 0.01643230 0.01606039 -0.08681568
v 0.01945182 0.01606039 -0.08635784
v 0.02247134 0.01606039 -0.08572392
v 0.02548299 0.01902098 -0.08579436
v 0.02535718 0.01616397 -0.08505477
v 0.01152559 0.01309979 -0.08649871
v 0.03009876 0.02038476 -0.08477303
v 0.02548299 0.02198158 -0.08653393
v 0.02850251 0.02198158 -0.08567109
v 0.02836883 0.01924540 -0.08501956
v 0.04863262 0.02198158 -0.07602135
v 0.05079503 0.02494217 -0.07545786
v 0.05014238 0.02198158 -0.07500002
v 0.04356077 0.01876204 -0.07813443
v 0.04659602 0.02198158 -0.07728920
v 0.04654098 0.02469186 -0.07809921
v 0.05221830 0.02198158 -0.07348565
v 0.05408190 0.02358703 -0.07262280
v 0.05574106 0.02212831 -0.07065060
v 0.05480533 0.01902098 -0.07024559
v 0.05681834 0.02123927 -0.06934753
v 0.05631509 0.01902098 -0.06887209
v 0.05794279 0.01902098 -0.06737531
v 0.04505481 0.02354387 -0.07868031
v 0.04465378 0.02198158 -0.07845139
v 0.04084793 0.01876204 -0.07963119
v 0.04031322 0.02218010 -0.08086383
v 0.04315188 0.02198158 -0.07931423
v 0.03283520 0.02375103 -0.08468499
v 0.03453368 0.02198158 -0.08352279
v 0.03859902 0.02132559 -0.08149776
v 0.03757678 0.02218010 -0.08221973
v 0.08675401 0.03402248 -0.02558911
v 0.08716291 0.03316796 -0.02381060
v 0.08561383 0.03382396 -0.02884678
v 0.08749317 0.03678455 -0.02486714
v 0.09040260 0.04150597 -0.01564001
v 0.08769761 0.03987462 -0.02590607
v 0.08735949 0.04095355 -0.02747327
v 0.08735949 0.04138513 -0.02747327
v 0.09040260 0.04078093 -0.01564001
v 0.09004089 0.03977104 -0.01669655
v 0.08849181 0.03086336 -0.01676699
v 0.08447365 0.03150209 -0.03083660
v 0.08905797 0.03086336 -0.01373824
v 0.08274372 0.03086336 -0.03488667
v 0.08411980 0.03382396 -0.03291446
v 0.07651597 0.02790277 -0.04698407
v 0.07777410 0.02790277 -0.04448359
v 0.07852112 0.02790277 -0.04296921
v 0.07948830 0.02790277 -0.04094417
v 0.08101379 0.03086336 -0.03883109
v 0.08169790 0.03086336 -0.03731672
v 0.08329415 0.03382396 -0.03488667
v 0.08956908 0.03086336 -0.01072709
v 0.09024533 0.03283997 -0.00861401
v 0.09004875 0.03095831 -0.00764551
v 0.05858759 0.02214558 -0.06806207
v 0.05725868 0.02320725 -0.06973493
v 0.05909870 0.02494217 -0.06864316
v 0.06067923 0.02494217 -0.06712879
v 0.06116676 0.02790277 -0.06760424
v 0.06418627 0.03105326 -0.06527984
v 0.06612065 0.03276229 -0.06350133
v 0.06714289 0.03086336 -0.06175804
v 0.06321909 0.03216672 -0.06665335
v 0.05994008 0.03029369 -0.06943557
v 0.06158351 0.03122588 -0.06804446
v 0.06893572 0.03382396 -0.06020844
v 0.07008377 0.03382396 -0.05871168
v 0.07549374 0.02790277 -0.04895628
v 0.07497475 0.03035410 -0.05105175
v 0.06912444 0.03585235 -0.06045497
v 0.07186088 0.03678455 -0.05703882
v 0.07534433 0.03382396 -0.05165046
v 0.08097447 0.03974515 -0.04184224
v 0.08173721 0.03974515 -0.04032786
v 0.08079361 0.03678455 -0.04145484
v 0.08153277 0.03678455 -0.03994046
v 0.08135977 0.03485973 -0.03960589
v 0.08003087 0.03086336 -0.04094417
v 0.09050482 0.03694855 0.01033330
v 0.09092944 0.03678455 0.00739259
v 0.09035542 0.03804475 0.01205898
v 0.09011952 0.03974515 0.01390793
v 0.08952190 0.03974515 0.01644363
v 0.09043404 0.04154050 0.01239355
v 0.08489827 0.04274890 0.02843537
v 0.08760325 0.04194617 0.02248352
v 0.08382886 0.04377605 0.02936865
v 0.08199670 0.04273163 0.03449287
v 0.07832453 0.04422488 0.03921209
v 0.07869411 0.04242953 0.04037429
v 0.07827735 0.04125565 0.04215280
v 0.07827735 0.04100534 0.04215280
v 0.09127542 0.04270574 0.00133509
v 0.09114961 0.04270574 0.00436384
v 0.09127542 0.03974515 0.00739259
v 0.09062276 0.04204112 0.01040373
v 0.09053627 0.03382396 -0.00764551
v 0.09138551 0.03974515 -0.00769834
v 0.09058345 0.03676729 -0.01072709
v 0.09100020 0.03974515 -0.01072709
v 0.09054414 0.04197207 -0.01373824
v 0.09102380 0.04270574 -0.00769834
v 0.09123611 0.04270574 -0.00468720
v 0.09129115 0.04270574 -0.00165845
v 0.07900078 0.03990914 0.04086734
v 0.07734162 0.03990914 0.04335021
v 0.07564314 0.03974515 0.04569221
v 0.07547014 0.03678455 0.04546330
v 0.07432210 0.03678455 0.04696006
v 0.07281234 0.03678455 0.04887944
v 0.07153062 0.03678455 0.05037621
v 0.07002086 0.03678455 0.05211951
v 0.06838529 0.03382396 0.05326409
v 0.06649809 0.03086336 0.05454955
v 0.06508270 0.03086336 0.05606393
v 0.06328985 0.02903349 0.05734939
v 0.06030179 0.02898170 0.06039575
v 0.05721937 0.02916296 0.06333645
v 0.05578824 0.02806676 0.06425212
v 0.05404259 0.02967222 0.06622433
v 0.05086580 0.03086336 0.06911221
v 0.04935605 0.03086336 0.07027441
v 0.04731944 0.03086336 0.07178879
v 0.04581755 0.03086336 0.07282772
v 0.04056485 0.03382396 0.07673692
v 0.04217683 0.03201998 0.07543385
v 0.04334060 0.03096694 0.07446536
v 0.03877987 0.03678455 0.07823369
v 0.03685336 0.03382396 0.07881478
v 0.03453368 0.03678455 0.08043481
v 0.03277229 0.03678455 0.08129766
v 0.03727011 0.03678455 0.07904370
v 0.03127040 0.03678455 0.08196680
v 0.03077501 0.03382396 0.08173788
v 0.02850251 0.03382396 0.08267116
v 0.02531000 0.03387575 0.08390379
v 0.02362725 0.03293492 0.08430880
v 0.02255784 0.03387575 0.08485468
v 0.01945182 0.03678455 0.08636905
v 0.01650307 0.03649108 0.08721428
v 0.01643230 0.03382396 0.08672124
v 0.01425416 0.03382396 0.08728472
v 0.01274441 0.03382396 0.08765451
v 0.01152559 0.03382396 0.08791865
v 0.01152559 0.01521450 -0.08711503
v 0.01182440 0.01756226 -0.08776656
v 0.01342065 0.01606039 -0.08716786
v 0.01670752 0.01902098 -0.08753765
v 0.01789488 0.02053149 -0.08776656
v 0.01945182 0.01902098 -0.08711503
v 0.02247134 0.01902098 -0.08651632
v 0.03068851 0.02198158 -0.08498434
v 0.02850251 0.02494217 -0.08634024
v 0.02225117 0.02219736 -0.08732634
v 0.02310827 0.02444155 -0.08759047
v 0.02518419 0.02523564 -0.08727351
v 0.04928527 0.02494217 -0.07644396
v 0.05111743 0.02644405 -0.07566917
v 0.04549515 0.02552048 -0.07892684
v 0.04745312 0.02790277 -0.07831052
v 0.05444361 0.02555501 -0.07292216
v 0.05552876 0.02471775 -0.07174235
v 0.05758894 0.02494217 -0.07003428
v 0.04385958 0.02469186 -0.07963119
v 0.03914158 0.02330219 -0.08176189
v 0.04104451 0.02494217 -0.08119840
v 0.03170288 0.02482133 -0.08530130
v 0.03340922 0.02572764 -0.08489630
v 0.03446291 0.02482133 -0.08426237
v 0.03755320 0.02494217 -0.08292408
v 0.08699778 0.03678455 -0.02638151
v 0.08468596 0.03382396 -0.03141769
v 0.08614067 0.03678455 -0.02884678
v 0.08718650 0.03897695 -0.02698022
v 0.09033969 0.04419036 -0.00931837
v 0.08830309 0.04270574 -0.02280688
v 0.08733590 0.04419899 -0.02439169
v 0.08489827 0.03659466 -0.03212206
v 0.08551161 0.03974515 -0.03187553
v 0.08461519 0.03974515 -0.03412948
v 0.08458374 0.04192028 -0.03404144
v 0.08758753 0.04249858 -0.02557150
v 0.09055200 0.03977104 -0.01373824
v 0.09041833 0.03774264 -0.01273452
v 0.09023747 0.03881295 -0.01475956
v 0.09025319 0.03577467 -0.01174842
v 0.08426920 0.03548120 -0.03330186
v 0.08247637 0.03678455 -0.03791542
v 0.08187875 0.03384985 -0.03809151
v 0.08382886 0.03659466 -0.03478102
v 0.09008020 0.03382396 -0.01072709
v 0.09041046 0.03480794 -0.00972338
v 0.05959409 0.02790277 -0.06911861
v 0.06509842 0.03378080 -0.06487483
v 0.06629364 0.03473889 -0.06371264
v 0.06724510 0.03378080 -0.06233914
v 0.06018384 0.03227029 -0.06966449
v 0.06337635 0.03382396 -0.06681183
v 0.05808433 0.02790277 -0.07047451
v 0.05677902 0.03086336 -0.07235867
v 0.05882349 0.03111367 -0.07061538
v 0.06928957 0.03782896 -0.06066628
v 0.07016240 0.03681908 -0.05929278
v 0.07199455 0.03974515 -0.05721491
v 0.07293815 0.03678455 -0.05552445
v 0.07444791 0.03678455 -0.05335854
v 0.07545442 0.03678455 -0.05184416
v 0.07647665 0.03678455 -0.04999521
v 0.07869411 0.03974515 -0.04627971
v 0.07988933 0.03974515 -0.04395532
v 0.08163499 0.04198933 -0.04011655
v 0.08290885 0.03974515 -0.03791542
v 0.09079577 0.03974515 0.01040373
v 0.09042619 0.03974515 0.01239355
v 0.08713931 0.04407815 0.02070501
v 0.08799642 0.04293879 0.01961325
v 0.08441074 0.04425941 0.02734361
v 0.08146200 0.04428530 0.03343633
v 0.08075430 0.04373289 0.03546137
v 0.07661819 0.04438025 0.04037429
v 0.07551732 0.04430256 0.04255781
v 0.06923453 0.04419036 0.05122144
v 0.07467595 0.04377605 0.04456524
v 0.07554091 0.04179944 0.04555134
v 0.07867051 0.04432846 0.03759206
v 0.07448723 0.03974515 0.04720659
v 0.09047337 0.04429393 0.00133509
v 0.09044192 0.04426804 0.00436384
v 0.09038687 0.04422488 0.00624800
v 0.09079577 0.04286974 0.00730454
v 0.09066995 0.04283522 -0.01048057
v 0.09041046 0.04425077 -0.00769834
v 0.09048123 0.04430256 -0.00468720
v 0.09048123 0.04429393 -0.00165845
v 0.07298533 0.03974515 0.04907315
v 0.07171148 0.03974515 0.05058752
v 0.06890427 0.03974515 0.05386280
v 0.06740237 0.03974515 0.05557087
v 0.06718220 0.03678455 0.05532435
v 0.06687553 0.03382396 0.05497217
v 0.06548372 0.03382396 0.05648655
v 0.06357293 0.03086336 0.05763113
v 0.06057701 0.03086336 0.06065988
v 0.05898075 0.03086336 0.06217426
v 0.06207891 0.03086336 0.05914550
v 0.05747100 0.03086336 0.06356537
v 0.05546585 0.03074252 0.06527345
v 0.05434139 0.03164883 0.06647086
v 0.05287095 0.03074252 0.06745696
v 0.05110170 0.03244292 0.06930591
v 0.04774406 0.03382396 0.07208814
v 0.04623430 0.03382396 0.07310946
v 0.04393821 0.03382396 0.07462383
v 0.04243632 0.03382396 0.07559233
v 0.04280590 0.03678455 0.07583886
v 0.04056485 0.03678455 0.07719475
v 0.03900791 0.03866621 0.07835695
v 0.03782055 0.03968473 0.07906131
v 0.03428992 0.03958978 0.08083982
v 0.03299247 0.03850221 0.08138570
v 0.02850251 0.03974515 0.08344595
v 0.02850251 0.03678455 0.08312899
v 0.02608847 0.03678455 0.08407988
v 0.02457871 0.03678455 0.08466098
v 0.02418554 0.03490289 0.08450250
v 0.01945182 0.03974515 0.08677406
v 0.01763539 0.03974515 0.08735516
v 0.01612564 0.03974515 0.08783060
v 0.01554375 0.03727655 0.08763690
v 0.02247134 0.03678455 0.08538295
v 0.01492255 0.03530857 0.08744321
v 0.01371946 0.03649108 0.08797147
v 0.01152559 0.03668097 0.08849975
v 0.01152559 0.01722564 -0.08769613
v 0.01152559 0.01785573 -0.08785461
v 0.01152559 0.02198158 -0.08882310
v 0.01342065 0.02198158 -0.08862941
v 0.01342065 0.01940940 -0.08803070
v 0.01588187 0.02000497 -0.08788983
v 0.01945182 0.02494217 -0.08838288
v 0.02110312 0.02333672 -0.08780178
v 0.01945182 0.02117022 -0.08762569
v 0.01342065 0.02494217 -0.08922811
v 0.01643230 0.02494217 -0.08884072
v 0.02850251 0.02790277 -0.08685090
v 0.03151416 0.02790277 -0.08591762
v 0.02398110 0.02641816 -0.08776656
v 0.02593120 0.02790277 -0.08752004
v 0.04991434 0.02761793 -0.07669049
v 0.05140837 0.02842066 -0.07588047
v 0.05325625 0.03086336 -0.07505285
v 0.05249351 0.02761793 -0.07491198
v 0.05484465 0.02790277 -0.07322151
v 0.04358436 0.02790277 -0.08051165
v 0.04594336 0.02790277 -0.07920858
v 0.04673756 0.03109641 -0.07934945
v 0.04783056 0.03026779 -0.07853944
v 0.05635440 0.02790277 -0.07198888
v 0.03953475 0.02494217 -0.08195559
v 0.04168144 0.02790277 -0.08151536
v 0.03537505 0.02790277 -0.08447368
v 0.03386530 0.02790277 -0.08507239
v 0.03755320 0.02790277 -0.08350518
v 0.04017168 0.02790277 -0.08227255
v 0.08750889 0.04431120 -0.02280688
v 0.08776838 0.04444067 -0.01979574
v 0.08498477 0.04282658 -0.03187553
v 0.08389963 0.04389689 -0.03289685
v 0.08448938 0.04429393 -0.03087181
v 0.08443434 0.03744918 -0.03370687
v 0.08396254 0.03974515 -0.03562625
v 0.06645091 0.03678455 -0.06388873
v 0.06182728 0.03382396 -0.06832621
v 0.05702278 0.03300397 -0.07255237
v 0.05839101 0.03392753 -0.07151344
v 0.06058487 0.03678455 -0.07003428
v 0.06209463 0.03678455 -0.06855512
v 0.06358080 0.03678455 -0.06704075
v 0.06509056 0.03678455 -0.06538550
v 0.05526926 0.03086336 -0.07353848
v 0.06802358 0.03974515 -0.06223348
v 0.06932889 0.03974515 -0.06071910
v 0.07059488 0.03974515 -0.05906386
v 0.07303251 0.03974515 -0.05571815
v 0.06929744 0.04135060 -0.06066628
v 0.07454227 0.03974515 -0.05341136
v 0.07549374 0.03974515 -0.05191460
v 0.07661819 0.03974515 -0.04999521
v 0.07788419 0.03974515 -0.04779409
v 0.07858402 0.04185122 -0.04606840
v 0.08079361 0.04396594 -0.03897196
v 0.08213038 0.04286974 -0.03793303
v 0.08746958 0.04428530 0.01867997
v 0.08464664 0.04435435 0.02551227
v 0.08181585 0.04438888 0.03155217
v 0.07975566 0.04444067 0.03449287
v 0.06468953 0.04460467 0.05270060
v 0.06454012 0.04439751 0.05553565
v 0.07675973 0.04457877 0.03759206
v 0.06749673 0.04432846 0.05241886
v 0.06635655 0.04425941 0.05440868
v 0.06694630 0.04270574 0.05506021
v 0.06845606 0.04270574 0.05333453
v 0.06974564 0.04270574 0.05182015
v 0.07275730 0.04204112 0.04880901
v 0.08882207 0.04463919 -0.00165845
v 0.08882207 0.04463056 0.00133509
v 0.08882207 0.04460467 0.00436384
v 0.08896361 0.04446656 0.00730454
v 0.08765044 0.04437161 0.01644363
v 0.08882207 0.04458741 -0.00769834
v 0.08882207 0.04463919 -0.00468720
v 0.06558594 0.04270574 0.05657459
v 0.06604988 0.03974515 0.05706764
v 0.06582184 0.03678455 0.05683872
v 0.06398183 0.03382396 0.05803614
v 0.06245634 0.03382396 0.05955051
v 0.06095445 0.03382396 0.06102967
v 0.05936606 0.03382396 0.06252644
v 0.05786416 0.03382396 0.06391755
v 0.05461661 0.03382396 0.06671739
v 0.05133760 0.03441953 0.06948200
v 0.04989861 0.03359091 0.07043289
v 0.05245419 0.03359091 0.06842546
v 0.04797996 0.03599046 0.07224662
v 0.04431565 0.03678455 0.07485275
v 0.05158923 0.03678455 0.06967570
v 0.04934818 0.03689676 0.07136617
v 0.04304180 0.03974515 0.07599734
v 0.04030536 0.03968473 0.07767020
v 0.03913372 0.04063419 0.07842738
v 0.03312614 0.04047882 0.08145614
v 0.03179724 0.03958978 0.08200201
v 0.02475957 0.04205838 0.08474902
v 0.02501119 0.03974515 0.08483707
v 0.03312614 0.04137650 0.08145614
v 0.02247134 0.03974515 0.08577035
v 0.01590546 0.04215333 0.08776017
v 0.01342065 0.03974515 0.08857018
v 0.01152559 0.03974515 0.08899280
v 0.01152559 0.02382872 -0.08921050
v 0.01152559 0.02494217 -0.08943942
v 0.02247134 0.02790277 -0.08827722
v 0.02225117 0.02523564 -0.08790744
v 0.01643230 0.02790277 -0.08929855
v 0.01945182 0.02790277 -0.08882310
v 0.01152559 0.02678931 -0.08973878
v 0.01342065 0.02790277 -0.08970356
v 0.02850251 0.03086336 -0.08716786
v 0.03151416 0.03086336 -0.08625219
v 0.02659958 0.03086336 -0.08767852
v 0.03453368 0.03678455 -0.08588240
v 0.03686909 0.03678455 -0.08507239
v 0.02442144 0.02790277 -0.08787222
v 0.02508983 0.03086336 -0.08804831
v 0.04933245 0.03109641 -0.07774703
v 0.05174650 0.03086336 -0.07612700
v 0.05363369 0.03382396 -0.07531699
v 0.04200383 0.02958590 -0.08169145
v 0.04343496 0.03068210 -0.08112796
v 0.04659602 0.03382396 -0.07991294
v 0.04813723 0.03224440 -0.07871553
v 0.04420557 0.03382396 -0.08126883
v 0.03577608 0.03021600 -0.08464977
v 0.04056485 0.03678455 -0.08352279
v 0.04082434 0.03068210 -0.08243103
v 0.08580255 0.04462193 -0.02280688
v 0.08478032 0.04440614 -0.02884678
v 0.08580255 0.04476003 -0.01979574
v 0.08149345 0.04428530 -0.03694693
v 0.06652168 0.03974515 -0.06395917
v 0.06516919 0.03974515 -0.06547355
v 0.05586687 0.03392753 -0.07360891
v 0.05720364 0.03498058 -0.07271085
v 0.06067923 0.03974515 -0.07012232
v 0.05885494 0.03678455 -0.07153104
v 0.05896503 0.03974515 -0.07163670
v 0.06218899 0.03974515 -0.06864316
v 0.06365943 0.03974515 -0.06712879
v 0.07541510 0.04153186 -0.05177373
v 0.06638800 0.04150597 -0.06381830
v 0.06349430 0.04166133 -0.06695270
v 0.06752032 0.04199796 -0.06184608
v 0.06991864 0.04198070 -0.05906386
v 0.07276516 0.04199796 -0.05533074
v 0.07595767 0.04217059 -0.04999521
v 0.07839530 0.04424215 -0.04274030
v 0.08599914 0.04445793 0.01961325
v 0.08518135 0.04443204 0.02248352
v 0.08279090 0.04461330 0.02551227
v 0.08280662 0.04444067 0.02843537
v 0.07977138 0.04464782 0.03155217
v 0.06167001 0.04463919 0.05572936
v 0.07374022 0.04462193 0.04062081
v 0.06153633 0.04441477 0.05859962
v 0.06343926 0.04429393 0.05750787
v 0.08580255 0.04488087 -0.00165845
v 0.08580255 0.04487224 0.00133509
v 0.08580255 0.04485498 0.00436384
v 0.08580255 0.04482045 0.00739259
v 0.08580255 0.04469961 0.01343248
v 0.08580255 0.04463919 0.01644363
v 0.08580255 0.04481182 -0.01676699
v 0.08580255 0.04484635 -0.01373824
v 0.08580255 0.04486361 -0.01072709
v 0.06408405 0.04270574 0.05814179
v 0.06259002 0.04270574 0.05965616
v 0.06454012 0.03974515 0.05856441
v 0.06431209 0.03678455 0.05835310
v 0.06277088 0.03678455 0.05986747
v 0.05968845 0.03678455 0.06282579
v 0.05817869 0.03678455 0.06421690
v 0.05646449 0.03678455 0.06571367
v 0.05495473 0.03678455 0.06698152
v 0.05309113 0.03678455 0.06849590
v 0.04816082 0.03795843 0.07238749
v 0.04682406 0.03689676 0.07316229
v 0.04455155 0.03974515 0.07501124
v 0.05328770 0.03974515 0.06865438
v 0.05177795 0.03974515 0.06983418
v 0.03913372 0.04134197 0.07842738
v 0.02368229 0.04402636 0.08422075
v 0.02259715 0.04290427 0.08515403
v 0.01482819 0.04412994 0.08739037
v 0.03129399 0.04249858 0.08177310
v 0.03013808 0.04421625 0.08145614
v 0.03734088 0.04248132 0.07879717
v 0.03619284 0.04423351 0.07846260
v 0.01365655 0.04296469 0.08809474
v 0.01152559 0.04279206 0.08858779
v 0.02247134 0.03086336 -0.08859419
v 0.01342065 0.03086336 -0.09009095
v 0.01643230 0.03086336 -0.08965073
v 0.01945182 0.03086336 -0.08914007
v 0.01152559 0.02790277 -0.08991487
v 0.01152559 0.02974990 -0.09016139
v 0.03151416 0.03678455 -0.08681568
v 0.02906080 0.03678455 -0.08750243
v 0.02548299 0.03678455 -0.08841810
v 0.02755105 0.03678455 -0.08790744
v 0.02755105 0.03888200 -0.08790744
v 0.03453368 0.03974515 -0.08565348
v 0.03666464 0.03974515 -0.08498434
v 0.03837098 0.03678455 -0.08447368
v 0.02247134 0.03382396 -0.08884072
v 0.04987502 0.03382396 -0.07790551
v 0.05212394 0.03382396 -0.07639114
v 0.05239915 0.03678455 -0.07660244
v 0.05390891 0.03678455 -0.07551068
v 0.04270367 0.03382396 -0.08204363
v 0.04836526 0.03382396 -0.07885640
v 0.04468523 0.03678455 -0.08151536
v 0.04659602 0.03678455 -0.08040599
v 0.04316761 0.03974515 -0.08225494
v 0.04318333 0.03678455 -0.08229016
v 0.08279090 0.04467372 -0.02884678
v 0.08189448 0.04438025 -0.03488667
v 0.08279090 0.04476003 -0.02583564
v 0.05563884 0.03678455 -0.07417240
v 0.05735304 0.03678455 -0.07281651
v 0.06049051 0.04161818 -0.06994623
v 0.05735304 0.04144555 -0.07281651
v 0.05745527 0.03974515 -0.07290455
v 0.06156779 0.04224827 -0.06802685
v 0.06457944 0.04219648 -0.06494527
v 0.06770904 0.04332721 -0.05906386
v 0.07094087 0.04280932 -0.05622881
v 0.07476245 0.04415583 -0.04819909
v 0.07977138 0.04457877 -0.03488667
v 0.07224618 0.04418172 -0.05154481
v 0.08279090 0.04468235 0.02248352
v 0.07977138 0.04471687 0.02854102
v 0.07675973 0.04468235 0.03458092
v 0.06167001 0.04468235 0.05270060
v 0.05563884 0.04469098 0.05874050
v 0.05865836 0.04463919 0.05874050
v 0.05850895 0.04441477 0.06162838
v 0.06044333 0.04430256 0.06051901
v 0.06770904 0.04498445 0.01644363
v 0.06468953 0.04498445 0.02248352
v 0.08279090 0.04480319 -0.02280688
v 0.08279090 0.04482908 -0.01979574
v 0.08279090 0.04484635 -0.01676699
v 0.08279090 0.04487224 -0.01072709
v 0.05740809 0.04429393 0.06349493
v 0.06108026 0.04270574 0.06111772
v 0.06299891 0.03974515 0.06007878
v 0.06148915 0.03974515 0.06152272
v 0.05990076 0.03974515 0.06301949
v 0.05839101 0.03974515 0.06439299
v 0.05668466 0.03974515 0.06590737
v 0.05517490 0.03974515 0.06715761
v 0.04975707 0.03974515 0.07133095
v 0.04824732 0.03974515 0.07244032
v 0.04823945 0.04148007 0.07244032
v 0.04277444 0.04215333 0.07580364
v 0.04192520 0.04412130 0.07524015
v 0.02167714 0.04431983 0.08464337
v 0.01281517 0.04433709 0.08767212
v 0.02850251 0.04432846 0.08168505
v 0.03453368 0.04433709 0.07874435
v 0.04540865 0.04428530 0.07254597
v 0.04358436 0.04438888 0.07316229
v 0.01152559 0.04346531 0.08828844
v 0.01945182 0.03382396 -0.08940420
v 0.01152559 0.03086336 -0.09030226
v 0.01152559 0.03267597 -0.09051357
v 0.01176149 0.03555025 -0.09077771
v 0.01342065 0.03382396 -0.09039031
v 0.01643230 0.03382396 -0.08991487
v 0.02247134 0.03678455 -0.08905203
v 0.01223329 0.03843316 -0.09084814
v 0.02547513 0.03981420 -0.08813635
v 0.02647377 0.04084998 -0.08753765
v 0.03614566 0.04125565 -0.08479064
v 0.04872698 0.03678455 -0.07910293
v 0.05022887 0.03678455 -0.07811682
v 0.05244633 0.03974515 -0.07662005
v 0.05395609 0.03974515 -0.07556351
v 0.05563884 0.03974515 -0.07429566
v 0.04467737 0.03974515 -0.08149776
v 0.04659602 0.03974515 -0.08040599
v 0.04873484 0.03974515 -0.07910293
v 0.04263290 0.04142829 -0.08195559
v 0.07977138 0.04466509 -0.03187553
v 0.05847750 0.04210154 -0.07103799
v 0.05024460 0.03974515 -0.07813443
v 0.04843604 0.04142829 -0.07890922
v 0.05197453 0.04173902 -0.07625027
v 0.05563884 0.04193754 -0.07346804
v 0.05865836 0.04346531 -0.06813250
v 0.06167001 0.04355163 -0.06510375
v 0.06468953 0.04344805 -0.06209261
v 0.05865836 0.04386236 -0.06510375
v 0.06076573 0.04419036 -0.05499618
v 0.06770904 0.04435435 -0.04698407
v 0.01643230 0.04486361 0.08291769
v 0.04961553 0.04467372 0.06479800
v 0.05563884 0.04463056 0.06176925
v 0.05537149 0.04436298 0.06462191
v 0.06770904 0.04497582 0.01343248
v 0.06468953 0.04497582 0.01644363
v 0.06468953 0.04498445 0.01947238
v 0.01152559 0.04488951 0.08291769
v 0.01342065 0.04488087 0.08291769
v 0.07977138 0.04482045 -0.01979574
v 0.06770904 0.04495856 0.01040373
v 0.05418413 0.04420762 0.06634759
v 0.05800570 0.04270574 0.06404081
v 0.05950759 0.04270574 0.06263209
v 0.05159709 0.04198070 0.06969331
v 0.04648593 0.04255901 0.07300380
v 0.04370231 0.04296469 0.07469427
v 0.04742167 0.04345668 0.07173595
v 0.01945182 0.04445793 0.08496033
v 0.01152559 0.04439751 0.08776017
v 0.03129399 0.04441477 0.07983610
v 0.01945182 0.04478592 0.08291769
v 0.03734088 0.04438888 0.07677214
v 0.03453368 0.04458741 0.07687779
v 0.02850251 0.04460467 0.07988894
v 0.04648593 0.04442341 0.07076746
v 0.04358436 0.04463056 0.07083790
v 0.01945182 0.03678455 -0.08959791
v 0.01152559 0.03516184 -0.09076010
v 0.01331057 0.03663782 -0.09061923
v 0.01152559 0.03576604 -0.09081293
v 0.01152559 0.03713844 -0.09090097
v 0.01223329 0.03752686 -0.09084814
v 0.01643230 0.03678455 -0.09010857
v 0.01152559 0.03855400 -0.09086574
v 0.02446076 0.04130745 -0.08785461
v 0.03453368 0.04141102 -0.08500195
v 0.04056485 0.04164407 -0.08232538
v 0.04361582 0.04192028 -0.08037078
v 0.04659602 0.04173902 -0.07943750
v 0.05996367 0.04419036 -0.05499618
v 0.05563884 0.04319774 -0.07114365
v 0.04950544 0.04202386 -0.07723637
v 0.05262719 0.04355163 -0.07114365
v 0.05563884 0.04377605 -0.06813250
v 0.05865836 0.04406951 -0.05906386
v 0.01152559 0.04483772 0.08480185
v 0.04659602 0.04465646 0.06780915
v 0.05262719 0.04456151 0.06479800
v 0.06468953 0.04496719 0.01343248
v 0.06167001 0.04494129 0.01343248
v 0.04961553 0.04482045 0.01343248
v 0.04358436 0.04473414 0.01040373
v 0.01152559 0.04488087 0.08179071
v 0.06167001 0.04491540 0.01040373
v 0.05472669 0.04270574 0.06678782
v 0.05623645 0.04270574 0.06553758
v 0.01152559 0.04472551 0.08603448
v 0.01152559 0.03996957 -0.08986204
v 0.02247134 0.04137650 -0.08796026
v 0.03151416 0.04160091 -0.08535413
v 0.04056485 0.04232596 -0.08021229
v 0.04659602 0.04261943 -0.07720115
v 0.04961553 0.04386236 -0.06510375
v 0.04961553 0.04313732 -0.07417240
v 0.02247134 0.04171312 -0.08625219
v 0.04961553 0.04352573 -0.07114365
v 0.04961553 0.04375015 -0.06813250
v 0.03151416 0.04206701 -0.08324105
v 0.01643230 0.04438025 0.02551227
v 0.04358436 0.04406088 -0.04094417
v 0.01152559 0.04485498 0.07988894
v 0.01364869 0.04428530 0.02551227
v 0.01152559 0.04139376 -0.08829484
v 0.01945182 0.04139376 -0.08803070
v 0.02850251 0.04164407 -0.08572392
v 0.04659602 0.04378468 -0.06510375
v 0.04659602 0.04370699 -0.06813250
v 0.01152559 0.04157502 -0.08625219
v 0.01214679 0.04416446 0.02551227
v 0.01152559 0.04391415 0.02248352
f 1 2 3
f 1 3 4
f 1 4 10
f 1 10 22
f 1 22 40
f 1 40 62
f 1 62 92
f 1 92 91
f 1 91 120
f 1 120 119
f 1 119 149
f 1 149 181
f 1 181 180
f 1 180 221
f 1 221 268
f 1 268 316
f 1 316 369
f 1 369 368
f 1 368 424
f 1 424 488
f 1 488 563
f 1 563 562
f 1 562 648
f 1 648 647
f 1 647 747
f 1 747 861
f 1 861 862
f 1 862 858
f 1 858 860
f 1 860 976
f 1 976 1096
f 1 1096 1095
f 1 1095 1219
f 1 1219 1220
f 1 1220 1356
f 1 1356 1483
f 1 1483 1482
f 1 1482 1628
f 1 1628 1488
f 1 1488 1486
f 1 1486 1485
f 1 1485 1487
f 1 1487 1629
f 1 1629 1639
f 1 1639 1638
f 1 1638 1641
f 1 1641 1784
f 1 1784 1785
f 1 1785 1931
f 1 1931 2076
f 1 2076 2215
f 1 2215 2346
f 1 2346 2345
f 1 2345 2489
f 1 2489 2626
f 1 2626 2625
f 1 2625 2624
f 1 2624 2617
f 1 2617 2482
f 1 2482 2616
f 1 2616 2618
f 1 2618 2623
f 1 2623 2622
f 1 2622 2621
f 1 2621 2746
f 1 2746 2745
f 1 2745 2879
f 1 2879 2998
f 1 2998 2997
f 1 2997 3146
f 1 3146 3275
f 1 3275 3382
f 1 3382 3472
f 1 3472 3546
f 1 3546 3598
f 1 3598 3636
f 1 3636 3625
f 1 3625 3586
f 1 3586 3632
f 1 3632 3650
f 1 3650 3659
f 1 3659 3657
f 1 3657 3652
f 1 3652 3637
f 1 3637 3613
f 1 3613 3610
f 1 3610 3609
f 1 3609 3607
f 1 3607 3549
f 1 3549 3548
f 1 3548 3478
f 1 3478 3477
f 1 3477 3389
f 1 3389 3384
f 1 3384 3383
f 1 3383 3278
f 1 3278 3277
f 1 3277 3276
f 1 3276 3147
f 1 3147 3005
f 1 3005 2886
f 1 2886 2885
f 1 2885 2753
f 1 2753 2634
f 1 2634 2633
f 1 2633 2632
f 1 2632 2497
f 1 2497 2496
f 1 2496 2491
f 1 2491 2490
f 1 2490 2347
f 1 2347 2216
f 1 2216 2077
f 1 2077 1937
f 1 1937 1932
f 1 1932 1788
f 1 1788 1787
f 1 1787 1786
f 1 1786 1648
f 1 1648 1647
f 1 1647 1646
f 1 1646 1645
f 1 1645 1644
f 1 1644 1643
f 1 1643 1642
f 1 1642 1503
f 1 1503 1502
f 1 1502 1501
f 1 1501 1500
f 1 1500 1358
f 1 1358 1357
f 1 1357 1221
f 1 1221 1100
f 1 1100 1099
f 1 1099 977
f 1 977 863
f 1 863 750
f 1 750 749
f 1 749 649
f 1 649 565
f 1 565 564
f 1 564 489
f 1 489 426
f 1 426 370
f 1 370 318
f 1 318 270
f 1 270 225
f 1 225 224
f 1 224 223
f 1 223 182
f 1 182 151
f 1 151 121
f 1 121 94
f 1 94 65
f 1 65 45
f 1 45 44
f 1 44 27
f 1 27 26
f 1 26 23
f 1 23 11
f 1 11 5
f 1 5 2
f 2 5 3
f 3 5 6
f 3 6 7
f 3 7 8
f 3 8 9
f 3 9 4
f 4 9 10
f 5 11 6
f 6 12 7
f 6 11 13
f 6 13 12
f 7 12 14
f 7 14 15
f 7 15 8
f 8 15 16
f 8 16 17
f 8 17 18
f 8 18 19
f 8 19 9
f 9 19 20
f 9 20 21
f 9 21 22
f 9 22 10
f 11 23 13
f 12 24 14
f 12 13 25
f 12 25 24
f 13 23 26
f 13 26 27
f 13 27 28
f 13 28 25
f 14 24 29
f 14 29 30
f 14 30 16
f 14 16 15
f 16 30 31
f 16 31 32
f 16 32 17
f 17 32 33
f 17 33 34
f 17 34 18
f 18 34 35
f 18 35 36
f 18 36 20
f 18 20 19
f 20 36 37
f 20 37 38
f 20 38 39
f 20 39 21
f 21 39 22
f 22 39 40
f 24 25 41
f 24 41 42
f 24 42 29
f 25 28 43
f 25 43 41
f 27 44 28
f 28 44 45
f 28 45 46
f 28 46 47
f 28 47 43
f 29 42 30
f 30 48 31
f 30 42 49
f 30 49 48
f 31 50 51
f 31 51 32
f 31 48 52
f 31 52 50
f 32 51 53
f 32 53 33
f 33 53 54
f 33 54 55
f 33 55 34
f 34 55 56
f 34 56 57
f 34 57 35
f 35 57 58
f 35 58 36
f 36 58 37
f 37 58 59
f 37 59 60
f 37 60 38
f 38 60 39
f 39 60 61
f 39 61 62
f 39 62 40
f 41 43 63
f 41 63 64
f 41 64 42
f 42 64 72
f 42 72 49
f 43 47 63
f 45 65 66
f 45 66 46
f 46 66 67
f 46 67 47
f 47 67 68
f 47 68 69
f 47 69 63
f 48 49 70
f 48 70 71
f 48 71 52
f 49 72 70
f 50 73 74
f 50 74 51
f 50 52 73
f 51 74 53
f 52 75 73
f 52 71 76
f 52 76 75
f 53 77 78
f 53 78 54
f 53 74 77
f 54 79 80
f 54 80 55
f 54 78 79
f 55 80 81
f 55 81 82
f 55 82 56
f 56 82 83
f 56 83 57
f 57 83 84
f 57 84 58
f 58 84 59
f 59 85 60
f 59 84 86
f 59 86 87
f 59 87 88
f 59 88 85
f 60 85 89
f 60 89 61
f 61 89 90
f 61 90 91
f 61 91 92
f 61 92 62
f 63 69 64
f 64 69 72
f 65 93 66
f 65 94 93
f 66 93 95
f 66 95 67
f 67 95 96
f 67 96 68
f 68 96 69
f 69 96 97
f 69 97 98
f 69 98 72
f 70 99 71
f 70 72 100
f 70 100 99
f 71 99 101
f 71 101 76
f 72 98 100
f 73 75 102
f 73 102 74
f 74 102 77
f 75 76 103
f 75 103 104
f 75 104 105
f 75 105 102
f 76 101 103
f 77 102 106
f 77 106 107
f 77 107 79
f 77 79 78
f 79 107 108
f 79 108 109
f 79 109 80
f 80 109 81
f 81 109 110
f 81 110 111
f 81 111 112
f 81 112 82
f 82 112 113
f 82 113 86
f 82 86 83
f 83 86 84
f 85 88 114
f 85 114 89
f 86 113 115
f 86 115 87
f 87 115 88
f 88 115 116
f 88 116 117
f 88 117 114
f 89 114 90
f 90 114 118
f 90 118 119
f 90 119 120
f 90 120 91
f 93 94 121
f 93 121 122
f 93 122 123
f 93 123 95
f 95 123 96
f 96 123 97
f 97 124 98
f 97 123 125
f 97 125 126
f 97 126 124
f 98 127 100
f 98 124 128
f 98 128 127
f 99 100 129
f 99 129 130
f 99 130 101
f 100 127 129
f 101 131 103
f 101 130 160
f 101 160 131
f 102 105 106
f 103 132 104
f 103 131 133
f 103 133 132
f 104 134 135
f 104 135 105
f 104 132 136
f 104 136 134
f 105 135 137
f 105 137 106
f 106 137 138
f 106 138 107
f 107 138 139
f 107 139 108
f 108 139 110
f 108 110 109
f 110 140 141
f 110 141 111
f 110 139 140
f 111 141 112
f 112 141 142
f 112 142 143
f 112 143 113
f 113 143 144
f 113 144 115
f 114 117 145
f 114 145 118
f 115 144 146
f 115 146 116
f 116 146 147
f 116 147 117
f 117 147 145
f 118 145 148
f 118 148 149
f 118 149 119
f 121 150 122
f 121 151 150
f 122 150 123
f 123 150 152
f 123 152 153
f 123 153 125
f 124 126 154
f 124 154 128
f 125 153 126
f 126 153 155
f 126 155 154
f 127 156 129
f 127 128 156
f 128 154 157
f 128 157 158
f 128 158 159
f 128 159 156
f 129 156 159
f 129 159 130
f 130 159 160
f 131 160 133
f 132 133 136
f 133 161 136
f 133 160 162
f 133 162 197
f 133 197 161
f 134 136 163
f 134 163 164
f 134 164 135
f 135 164 165
f 135 165 166
f 135 166 137
f 136 161 167
f 136 167 163
f 137 166 168
f 137 168 138
f 138 168 169
f 138 169 139
f 139 169 170
f 139 170 140
f 140 170 171
f 140 171 141
f 141 171 172
f 141 172 142
f 142 172 173
f 142 173 143
f 143 173 144
f 144 147 146
f 144 173 174
f 144 174 175
f 144 175 147
f 145 147 176
f 145 176 177
f 145 177 178
f 145 178 148
f 147 175 179
f 147 179 176
f 148 180 181
f 148 181 149
f 148 178 180
f 150 151 182
f 150 182 183
f 150 183 152
f 152 184 153
f 152 183 185
f 152 185 184
f 153 186 187
f 153 187 155
f 153 184 188
f 153 188 189
f 153 189 190
f 153 190 191
f 153 191 186
f 154 155 187
f 154 187 157
f 157 187 158
f 158 192 193
f 158 193 194
f 158 194 159
f 158 187 195
f 158 195 192
f 159 194 160
f 160 194 196
f 160 196 162
f 161 197 198
f 161 198 199
f 161 199 167
f 162 196 197
f 163 167 200
f 163 200 201
f 163 201 164
f 164 201 202
f 164 202 165
f 165 202 203
f 165 203 166
f 166 204 205
f 166 205 168
f 166 203 204
f 167 199 200
f 168 205 206
f 168 206 169
f 169 206 170
f 170 206 207
f 170 207 208
f 170 208 171
f 171 208 209
f 171 209 210
f 171 210 211
f 171 211 212
f 171 212 172
f 172 212 173
f 173 212 213
f 173 213 214
f 173 214 215
f 173 215 174
f 174 214 216
f 174 216 217
f 174 217 175
f 174 215 214
f 175 217 179
f 176 179 218
f 176 218 177
f 177 218 219
f 177 219 178
f 178 219 220
f 178 220 221
f 178 221 180
f 179 217 222
f 179 222 218
f 182 223 183
f 183 223 224
f 183 224 225
f 183 225 226
f 183 226 227
f 183 227 185
f 184 185 188
f 185 227 228
f 185 228 188
f 186 229 187
f 186 191 230
f 186 230 229
f 187 229 195
f 188 228 189
f 189 228 231
f 189 231 190
f 190 231 232
f 190 232 233
f 190 233 234
f 190 234 191
f 191 234 235
f 191 235 230
f 192 236 193
f 192 195 237
f 192 237 238
f 192 238 239
f 192 239 236
f 193 236 240
f 193 240 194
f 194 240 196
f 195 229 237
f 196 240 241
f 196 241 242
f 196 242 197
f 197 242 243
f 197 243 198
f 198 243 199
f 199 244 200
f 199 243 244
f 200 245 201
f 200 244 245
f 201 245 246
f 201 246 202
f 202 246 247
f 202 247 248
f 202 248 203
f 203 248 249
f 203 249 204
f 204 249 205
f 205 250 206
f 205 249 250
f 206 251 252
f 206 252 207
f 206 250 251
f 207 252 208
f 208 253 254
f 208 254 255
f 208 255 256
f 208 256 257
f 208 257 209
f 208 252 253
f 209 257 210
f 210 257 258
f 210 258 211
f 211 258 259
f 211 259 260
f 211 260 212
f 212 260 261
f 212 261 213
f 213 261 262
f 213 262 214
f 214 262 263
f 214 263 264
f 214 264 216
f 216 264 217
f 217 264 265
f 217 265 222
f 218 222 219
f 219 222 266
f 219 266 267
f 219 267 220
f 220 268 221
f 220 267 268
f 222 265 269
f 222 269 266
f 225 270 271
f 225 271 226
f 226 271 272
f 226 272 227
f 227 272 273
f 227 273 232
f 227 232 228
f 228 232 231
f 229 274 237
f 229 230 274
f 230 235 275
f 230 275 274
f 232 273 276
f 232 276 277
f 232 277 233
f 233 277 278
f 233 278 279
f 233 279 280
f 233 280 234
f 234 280 281
f 234 281 235
f 235 281 282
f 235 282 275
f 236 239 283
f 236 283 241
f 236 241 240
f 237 274 284
f 237 284 238
f 238 284 239
f 239 284 285
f 239 285 286
f 239 286 287
f 239 287 288
f 239 288 283
f 241 283 288
f 241 288 242
f 242 288 243
f 243 288 289
f 243 289 244
f 244 290 245
f 244 289 291
f 244 291 290
f 245 292 246
f 245 290 292
f 246 292 293
f 246 293 294
f 246 294 247
f 247 294 295
f 247 295 248
f 248 295 296
f 248 296 249
f 249 296 250
f 250 297 251
f 250 296 297
f 251 298 252
f 251 297 298
f 252 298 299
f 252 299 253
f 253 299 254
f 254 300 301
f 254 301 255
f 254 299 302
f 254 302 300
f 255 301 303
f 255 303 256
f 256 303 304
f 256 304 257
f 257 304 258
f 258 304 259
f 259 304 305
f 259 305 260
f 260 305 306
f 260 306 307
f 260 307 261
f 261 307 308
f 261 308 309
f 261 309 262
f 262 309 263
f 263 309 310
f 263 310 264
f 264 310 311
f 264 311 265
f 265 311 312
f 265 312 269
f 266 269 267
f 267 269 313
f 267 313 314
f 267 314 315
f 267 315 316
f 267 316 268
f 269 312 317
f 269 317 313
f 270 318 271
f 271 318 319
f 271 319 276
f 271 276 272
f 272 276 273
f 274 275 284
f 275 320 284
f 275 282 320
f 276 321 277
f 276 319 322
f 276 322 323
f 276 323 321
f 277 321 278
f 278 321 279
f 279 321 324
f 279 324 280
f 280 324 281
f 281 324 282
f 282 324 325
f 282 325 326
f 282 326 327
f 282 327 328
f 282 328 320
f 284 320 285
f 285 320 329
f 285 329 330
f 285 330 286
f 286 330 331
f 286 331 332
f 286 332 333
f 286 333 334
f 286 334 287
f 287 334 288
f 288 334 289
f 289 334 335
f 289 335 291
f 290 336 292
f 290 291 337
f 290 337 336
f 291 335 337
f 292 338 339
f 292 339 293
f 292 336 338
f 293 339 340
f 293 340 294
f 294 340 341
f 294 341 295
f 295 341 296
f 296 342 297
f 296 341 342
f 297 343 298
f 297 342 343
f 298 344 299
f 298 343 344
f 299 344 345
f 299 345 346
f 299 346 302
f 300 347 348
f 300 348 349
f 300 349 301
f 300 302 347
f 301 349 350
f 301 350 303
f 302 346 351
f 302 351 347
f 303 350 304
f 304 350 352
f 304 352 353
f 304 353 354
f 304 354 355
f 304 355 305
f 305 355 306
f 306 355 307
f 307 355 356
f 307 356 357
f 307 357 358
f 307 358 359
f 307 359 308
f 308 359 309
f 309 359 360
f 309 360 361
f 309 361 310
f 310 361 311
f 311 361 362
f 311 362 312
f 312 362 363
f 312 363 364
f 312 364 365
f 312 365 317
f 313 317 366
f 313 366 314
f 314 366 367
f 314 367 368
f 314 368 315
f 315 369 316
f 315 368 369
f 317 365 366
f 318 370 371
f 318 371 319
f 319 371 322
f 320 328 329
f 321 323 372
f 321 372 373
f 321 373 374
f 321 374 324
f 322 371 375
f 322 375 376
f 322 376 377
f 322 377 323
f 323 377 373
f 323 373 372
f 324 374 378
f 324 378 379
f 324 379 325
f 325 379 380
f 325 380 326
f 326 381 327
f 326 380 382
f 326 382 381
f 327 381 328
f 328 381 383
f 328 383 384
f 328 384 330
f 328 330 329
f 330 384 385
f 330 385 331
f 331 386 332
f 331 385 386
f 332 386 387
f 332 387 388
f 332 388 389
f 332 389 334
f 332 334 333
f 334 389 335
f 335 390 337
f 335 389 388
f 335 388 391
f 335 391 392
f 335 392 393
f 335 393 390
f 336 394 395
f 336 395 338
f 336 337 394
f 337 390 394
f 338 395 396
f 338 396 339
f 339 396 397
f 339 397 340
f 340 397 398
f 340 398 341
f 341 398 342
f 342 399 343
f 342 398 399
f 343 400 344
f 343 399 400
f 344 400 345
f 345 400 401
f 345 401 402
f 345 402 346
f 346 402 351
f 347 403 348
f 347 351 404
f 347 404 403
f 348 403 405
f 348 405 406
f 348 406 407
f 348 407 349
f 349 407 352
f 349 352 350
f 351 402 408
f 351 408 404
f 352 407 409
f 352 409 410
f 352 410 353
f 353 410 411
f 353 411 354
f 354 411 412
f 354 412 355
f 355 412 413
f 355 413 356
f 356 413 414
f 356 414 357
f 357 414 359
f 357 359 358
f 359 414 415
f 359 415 416
f 359 416 417
f 359 417 360
f 360 417 361
f 361 417 418
f 361 418 419
f 361 419 362
f 362 419 363
f 363 419 420
f 363 420 421
f 363 421 364
f 364 421 365
f 365 422 366
f 365 421 423
f 365 423 422
f 366 422 367
f 367 424 368
f 367 422 425
f 367 425 424
f 370 426 371
f 371 426 427
f 371 427 375
f 373 377 376
f 373 376 428
f 373 428 429
f 373 429 430
f 373 430 374
f 374 430 431
f 374 431 378
f 375 427 376
f 376 427 428
f 378 431 432
f 378 432 379
f 379 432 380
f 380 432 433
f 380 433 382
f 381 382 434
f 381 434 383
f 382 433 435
f 382 435 436
f 382 436 434
f 383 437 385
f 383 385 384
f 383 434 438
f 383 438 437
f 385 437 439
f 385 439 386
f 386 439 387
f 387 439 440
f 387 440 441
f 387 441 442
f 387 442 443
f 387 443 391
f 387 391 388
f 390 393 444
f 390 444 394
f 391 445 392
f 391 443 446
f 391 446 445
f 392 445 393
f 393 445 447
f 393 447 514
f 393 514 444
f 394 448 449
f 394 449 395
f 394 444 448
f 395 449 450
f 395 450 396
f 396 450 451
f 396 451 397
f 397 451 452
f 397 452 398
f 398 452 453
f 398 453 399
f 399 453 401
f 399 401 400
f 401 454 402
f 401 453 454
f 402 455 456
f 402 456 408
f 402 454 457
f 402 457 458
f 402 458 455
f 403 459 405
f 403 404 459
f 404 408 460
f 404 460 461
f 404 461 459
f 405 462 406
f 405 459 463
f 405 463 462
f 406 462 464
f 406 464 465
f 406 465 466
f 406 466 407
f 407 466 409
f 408 467 460
f 408 456 467
f 409 466 468
f 409 468 410
f 410 468 469
f 410 469 470
f 410 470 471
f 410 471 472
f 410 472 411
f 411 472 412
f 412 472 413
f 413 472 473
f 413 473 474
f 413 474 414
f 414 474 475
f 414 475 476
f 414 476 477
f 414 477 415
f 415 477 476
f 415 476 478
f 415 478 416
f 416 478 479
f 416 479 417
f 417 479 480
f 417 480 419
f 417 419 418
f 419 480 481
f 419 481 482
f 419 482 420
f 420 482 483
f 420 483 484
f 420 484 421
f 421 484 423
f 422 423 485
f 422 485 425
f 423 484 486
f 423 486 485
f 424 425 487
f 424 487 488
f 425 485 487
f 426 489 427
f 427 490 491
f 427 491 492
f 427 492 493
f 427 493 428
f 427 489 490
f 428 493 494
f 428 494 495
f 428 495 429
f 429 496 430
f 429 495 497
f 429 497 496
f 430 496 431
f 431 496 498
f 431 498 432
f 432 498 499
f 432 499 500
f 432 500 501
f 432 501 435
f 432 435 433
f 434 436 502
f 434 502 438
f 435 501 503
f 435 503 504
f 435 504 436
f 436 504 505
f 436 505 502
f 437 506 439
f 437 438 507
f 437 507 506
f 438 502 508
f 438 508 507
f 439 509 440
f 439 506 509
f 440 509 441
f 441 510 511
f 441 511 512
f 441 512 442
f 441 509 513
f 441 513 510
f 442 512 443
f 443 512 446
f 444 514 515
f 444 515 448
f 445 446 512
f 445 512 516
f 445 516 517
f 445 517 518
f 445 518 447
f 447 518 519
f 447 519 520
f 447 520 521
f 447 521 514
f 448 515 522
f 448 522 449
f 449 523 524
f 449 524 450
f 449 522 523
f 450 524 525
f 450 525 451
f 451 525 452
f 452 525 526
f 452 526 527
f 452 527 453
f 453 527 454
f 454 527 528
f 454 528 529
f 454 529 457
f 455 458 530
f 455 530 531
f 455 531 467
f 455 467 456
f 457 529 458
f 458 529 532
f 458 532 530
f 459 461 463
f 460 467 461
f 461 533 534
f 461 534 463
f 461 467 535
f 461 535 533
f 462 536 464
f 462 463 536
f 463 534 536
f 464 536 537
f 464 537 538
f 464 538 539
f 464 539 540
f 464 540 541
f 464 541 465
f 465 541 542
f 465 542 468
f 465 468 466
f 467 531 535
f 468 542 543
f 468 543 469
f 469 543 470
f 470 544 471
f 470 543 545
f 470 545 546
f 470 546 544
f 471 544 472
f 472 544 547
f 472 547 473
f 473 547 548
f 473 548 474
f 474 548 549
f 474 549 550
f 474 550 475
f 475 550 476
f 476 550 551
f 476 551 552
f 476 552 478
f 478 552 479
f 479 552 553
f 479 553 481
f 479 481 480
f 481 553 554
f 481 554 555
f 481 555 482
f 482 555 556
f 482 556 557
f 482 557 483
f 483 557 558
f 483 558 559
f 483 559 484
f 484 559 486
f 485 486 560
f 485 560 487
f 486 559 561
f 486 561 560
f 487 560 562
f 487 562 563
f 487 563 488
f 489 564 490
f 490 564 565
f 490 565 491
f 491 565 566
f 491 566 492
f 492 566 567
f 492 567 568
f 492 568 494
f 492 494 493
f 494 568 569
f 494 569 495
f 495 569 570
f 495 570 571
f 495 571 497
f 496 497 499
f 496 499 498
f 497 571 572
f 497 572 573
f 497 573 499
f 499 573 500
f 500 573 574
f 500 574 575
f 500 575 576
f 500 576 577
f 500 577 501
f 501 577 576
f 501 576 503
f 502 505 578
f 502 578 579
f 502 579 580
f 502 580 508
f 503 576 504
f 504 576 581
f 504 581 582
f 504 582 505
f 505 582 583
f 505 583 578
f 506 507 584
f 506 584 509
f 507 508 585
f 507 585 584
f 508 580 585
f 509 584 513
f 510 586 587
f 510 587 588
f 510 588 511
f 510 513 589
f 510 589 586
f 511 588 590
f 511 590 512
f 512 590 516
f 513 591 589
f 513 584 591
f 514 521 592
f 514 592 515
f 515 592 593
f 515 593 522
f 516 590 594
f 516 594 517
f 517 595 518
f 517 594 595
f 518 596 597
f 518 597 519
f 518 595 598
f 518 598 596
f 519 597 520
f 520 597 599
f 520 599 600
f 520 600 592
f 520 592 521
f 522 593 601
f 522 601 602
f 522 602 523
f 523 602 603
f 523 603 524
f 524 603 525
f 525 603 604
f 525 604 526
f 526 604 605
f 526 605 527
f 527 605 606
f 527 606 528
f 528 606 529
f 529 606 607
f 529 607 532
f 530 608 609
f 530 609 531
f 530 532 608
f 531 609 535
f 532 610 608
f 532 607 611
f 532 611 610
f 533 612 613
f 533 613 614
f 533 614 534
f 533 535 615
f 533 615 612
f 534 614 536
f 535 609 616
f 535 616 617
f 535 617 615
f 536 614 537
f 537 618 538
f 537 614 613
f 537 613 618
f 538 618 619
f 538 619 620
f 538 620 621
f 538 621 539
f 539 621 622
f 539 622 540
f 540 622 623
f 540 623 541
f 541 623 624
f 541 624 542
f 542 624 543
f 543 624 625
f 543 625 545
f 544 546 626
f 544 626 547
f 545 625 627
f 545 627 628
f 545 628 546
f 546 628 629
f 546 629 630
f 546 630 631
f 546 631 632
f 546 632 626
f 547 626 632
f 547 632 633
f 547 633 548
f 548 633 634
f 548 634 549
f 549 634 635
f 549 635 550
f 550 635 551
f 551 635 636
f 551 636 552
f 552 636 637
f 552 637 554
f 552 554 553
f 554 638 639
f 554 639 555
f 554 637 638
f 555 639 556
f 556 639 640
f 556 640 641
f 556 641 642
f 556 642 643
f 556 643 557
f 557 643 558
f 558 643 644
f 558 644 645
f 558 645 559
f 559 645 561
f 560 561 646
f 560 646 647
f 560 647 648
f 560 648 562
f 561 645 746
f 561 746 646
f 565 649 566
f 566 649 650
f 566 650 567
f 567 650 651
f 567 651 568
f 568 651 652
f 568 652 569
f 569 652 570
f 570 572 571
f 570 652 653
f 570 653 654
f 570 654 572
f 572 654 655
f 572 655 574
f 572 574 573
f 574 655 656
f 574 656 657
f 574 657 575
f 575 658 659
f 575 659 576
f 575 657 660
f 575 660 658
f 576 659 581
f 578 661 579
f 578 583 661
f 579 661 580
f 580 661 662
f 580 662 663
f 580 663 585
f 581 659 664
f 581 664 582
f 582 664 583
f 583 664 665
f 583 665 666
f 583 666 667
f 583 667 668
f 583 668 669
f 583 669 661
f 584 585 591
f 585 663 591
f 586 589 670
f 586 670 671
f 586 671 587
f 587 594 590
f 587 590 588
f 587 671 672
f 587 672 673
f 587 673 674
f 587 674 675
f 587 675 595
f 587 595 594
f 589 591 676
f 589 676 670
f 591 663 676
f 592 600 677
f 592 677 678
f 592 678 679
f 592 679 680
f 592 680 593
f 593 680 601
f 595 675 681
f 595 681 682
f 595 682 683
f 595 683 598
f 596 598 684
f 596 684 597
f 597 685 599
f 597 684 685
f 598 686 684
f 598 683 687
f 598 687 686
f 599 685 688
f 599 688 689
f 599 689 690
f 599 690 691
f 599 691 692
f 599 692 677
f 599 677 600
f 601 680 693
f 601 693 694
f 601 694 603
f 601 603 602
f 603 694 695
f 603 695 604
f 604 695 605
f 605 695 606
f 606 695 696
f 606 696 607
f 607 696 697
f 607 697 611
f 608 698 609
f 608 610 699
f 608 699 698
f 609 698 616
f 610 611 700
f 610 700 699
f 611 697 701
f 611 701 700
f 612 702 703
f 612 703 704
f 612 704 613
f 612 615 705
f 612 705 702
f 613 704 618
f 615 617 706
f 615 706 705
f 616 698 617
f 617 698 707
f 617 707 708
f 617 708 706
f 618 704 619
f 619 709 620
f 619 704 709
f 620 709 710
f 620 710 711
f 620 711 712
f 620 712 713
f 620 713 621
f 621 714 715
f 621 715 622
f 621 713 714
f 622 715 716
f 622 716 623
f 623 716 624
f 624 716 717
f 624 717 718
f 624 718 627
f 624 627 625
f 627 718 719
f 627 719 628
f 628 719 629
f 629 719 630
f 630 719 720
f 630 720 721
f 630 721 722
f 630 722 723
f 630 723 724
f 630 724 725
f 630 725 726
f 630 726 632
f 630 632 631
f 632 634 633
f 632 726 727
f 632 727 728
f 632 728 634
f 634 728 635
f 635 728 729
f 635 729 730
f 635 730 731
f 635 731 732
f 635 732 636
f 636 732 731
f 636 731 637
f 637 731 733
f 637 733 638
f 638 733 734
f 638 734 735
f 638 735 639
f 639 735 640
f 640 736 641
f 640 735 736
f 641 737 642
f 641 736 738
f 641 738 739
f 641 739 740
f 641 740 741
f 641 741 737
f 642 737 742
f 642 742 643
f 643 742 644
f 644 742 743
f 644 743 744
f 644 744 645
f 645 744 745
f 645 745 746
f 646 747 647
f 646 746 748
f 646 748 747
f 649 749 650
f 650 749 750
f 650 750 751
f 650 751 651
f 651 751 752
f 651 752 753
f 651 753 754
f 651 754 652
f 652 754 653
f 653 754 755
f 653 755 756
f 653 756 654
f 654 756 757
f 654 757 655
f 655 757 656
f 656 758 657
f 656 757 759
f 656 759 760
f 656 760 758
f 657 758 660
f 658 665 664
f 658 664 659
f 658 660 665
f 660 758 761
f 660 761 666
f 660 666 665
f 661 669 762
f 661 762 662
f 662 762 763
f 662 763 663
f 663 763 764
f 663 764 765
f 663 765 676
f 666 761 766
f 666 766 767
f 666 767 768
f 666 768 667
f 667 768 769
f 667 769 668
f 668 769 770
f 668 770 771
f 668 771 669
f 669 771 772
f 669 772 762
f 670 773 671
f 670 676 765
f 670 765 773
f 671 773 672
f 672 773 774
f 672 774 775
f 672 775 673
f 673 775 776
f 673 776 777
f 673 777 674
f 674 777 682
f 674 682 681
f 674 681 675
f 677 692 778
f 677 778 678
f 678 778 899
f 678 899 779
f 678 779 679
f 679 779 693
f 679 693 680
f 682 780 683
f 682 777 781
f 682 781 780
f 683 780 687
f 684 686 689
f 684 689 688
f 684 688 685
f 686 782 689
f 686 687 783
f 686 783 782
f 687 780 783
f 689 782 784
f 689 784 690
f 690 785 691
f 690 784 786
f 690 786 785
f 691 787 788
f 691 788 789
f 691 789 692
f 691 785 787
f 692 789 778
f 693 779 694
f 694 779 790
f 694 790 696
f 694 696 695
f 696 790 697
f 697 790 791
f 697 791 701
f 698 699 792
f 698 792 707
f 699 700 793
f 699 793 792
f 700 701 794
f 700 794 793
f 701 791 795
f 701 795 794
f 702 796 797
f 702 797 798
f 702 798 703
f 702 705 799
f 702 799 796
f 703 798 709
f 703 709 704
f 705 800 799
f 705 706 801
f 705 801 802
f 705 802 800
f 706 708 803
f 706 803 801
f 707 792 804
f 707 804 708
f 708 804 805
f 708 805 803
f 709 798 710
f 710 806 711
f 710 798 797
f 710 797 806
f 711 807 808
f 711 808 809
f 711 809 810
f 711 810 712
f 711 806 811
f 711 811 807
f 712 810 812
f 712 812 713
f 713 812 813
f 713 813 714
f 714 813 814
f 714 814 715
f 715 814 716
f 716 814 815
f 716 815 816
f 716 816 817
f 716 817 717
f 717 817 718
f 718 817 818
f 718 818 819
f 718 819 719
f 719 819 818
f 719 818 820
f 719 820 720
f 720 820 721
f 721 821 822
f 721 822 823
f 721 823 824
f 721 824 722
f 721 820 818
f 721 818 825
f 721 825 821
f 722 824 723
f 723 823 826
f 723 826 827
f 723 827 828
f 723 828 829
f 723 829 830
f 723 830 725
f 723 725 724
f 723 824 823
f 725 830 829
f 725 829 831
f 725 831 832
f 725 832 833
f 725 833 834
f 725 834 835
f 725 835 836
f 725 836 727
f 725 727 726
f 727 836 837
f 727 837 730
f 727 730 728
f 728 730 729
f 730 837 838
f 730 838 839
f 730 839 731
f 731 839 734
f 731 734 733
f 734 839 835
f 734 835 840
f 734 840 841
f 734 841 842
f 734 842 843
f 734 843 735
f 735 843 736
f 736 843 844
f 736 844 845
f 736 845 738
f 737 741 846
f 737 846 742
f 738 845 739
f 739 845 847
f 739 847 740
f 740 848 849
f 740 849 741
f 740 847 850
f 740 850 851
f 740 851 852
f 740 852 848
f 741 849 846
f 742 846 853
f 742 853 743
f 743 854 855
f 743 855 744
f 743 853 856
f 743 856 857
f 743 857 854
f 744 855 745
f 745 858 748
f 745 748 746
f 745 855 859
f 745 859 860
f 745 860 858
f 747 748 861
f 748 862 861
f 748 858 862
f 750 863 864
f 750 864 751
f 751 864 752
f 752 864 865
f 752 865 753
f 753 755 754
f 753 865 866
f 753 866 867
f 753 867 868
f 753 868 755
f 755 868 869
f 755 869 870
f 755 870 756
f 756 870 871
f 756 871 757
f 757 871 759
f 758 760 872
f 758 872 873
f 758 873 761
f 759 871 874
f 759 874 875
f 759 875 876
f 759 876 760
f 760 876 877
f 760 877 872
f 761 873 766
f 762 772 763
f 763 772 878
f 763 878 879
f 763 879 764
f 764 879 765
f 765 879 880
f 765 880 773
f 766 873 881
f 766 881 767
f 767 882 770
f 767 770 769
f 767 769 768
f 767 881 883
f 767 883 882
f 770 884 771
f 770 882 885
f 770 885 886
f 770 886 884
f 771 884 772
f 772 884 887
f 772 887 888
f 772 888 878
f 773 880 774
f 774 880 889
f 774 889 890
f 774 890 775
f 775 891 776
f 775 890 892
f 775 892 891
f 776 893 894
f 776 894 781
f 776 781 777
f 776 891 895
f 776 895 896
f 776 896 893
f 778 897 898
f 778 898 899
f 778 789 897
f 779 899 791
f 779 791 790
f 780 781 894
f 780 894 783
f 782 900 784
f 782 783 896
f 782 896 901
f 782 901 900
f 783 894 896
f 784 900 786
f 785 786 902
f 785 902 787
f 786 900 903
f 786 903 902
f 787 904 905
f 787 905 788
f 787 902 906
f 787 906 904
f 788 905 907
f 788 907 789
f 789 907 897
f 791 899 898
f 791 898 795
f 792 793 908
f 792 908 804
f 793 794 909
f 793 909 908
f 794 795 910
f 794 910 909
f 795 898 911
f 795 911 910
f 796 799 912
f 796 912 913
f 796 913 914
f 796 914 811
f 796 811 806
f 796 806 797
f 799 800 912
f 800 915 916
f 800 916 913
f 800 913 912
f 800 802 917
f 800 917 915
f 801 803 918
f 801 918 919
f 801 919 802
f 802 920 917
f 802 919 921
f 802 921 922
f 802 922 920
f 803 805 923
f 803 923 918
f 804 908 924
f 804 924 805
f 805 924 925
f 805 925 923
f 807 926 927
f 807 927 808
f 807 811 928
f 807 928 926
f 808 927 929
f 808 929 809
f 809 929 930
f 809 930 810
f 810 930 931
f 810 931 812
f 811 914 932
f 811 932 928
f 812 931 933
f 812 933 813
f 813 933 814
f 814 933 934
f 814 934 935
f 814 935 936
f 814 936 937
f 814 937 815
f 815 937 816
f 816 937 938
f 816 938 939
f 816 939 818
f 816 818 817
f 818 939 938
f 818 938 821
f 818 821 825
f 821 940 941
f 821 941 942
f 821 942 943
f 821 943 944
f 821 944 822
f 821 938 940
f 822 944 823
f 823 945 826
f 823 944 945
f 826 946 947
f 826 947 827
f 826 945 946
f 827 948 829
f 827 829 828
f 827 947 949
f 827 949 948
f 829 948 950
f 829 950 951
f 829 951 832
f 829 832 831
f 832 950 952
f 832 952 953
f 832 953 954
f 832 954 955
f 832 955 956
f 832 956 957
f 832 957 833
f 832 951 950
f 833 958 834
f 833 957 959
f 833 959 960
f 833 960 958
f 834 840 835
f 834 958 840
f 835 838 837
f 835 837 836
f 835 839 838
f 840 958 841
f 841 958 842
f 842 958 961
f 842 961 962
f 842 962 844
f 842 844 843
f 844 962 845
f 845 962 963
f 845 963 847
f 846 856 853
f 846 849 848
f 846 848 964
f 846 964 965
f 846 965 856
f 847 963 966
f 847 966 850
f 848 852 967
f 848 967 964
f 850 966 968
f 850 968 851
f 851 968 969
f 851 969 970
f 851 970 971
f 851 971 972
f 851 972 852
f 852 972 967
f 854 857 855
f 855 857 973
f 855 973 859
f 856 965 857
f 857 965 974
f 857 974 975
f 857 975 973
f 859 976 860
f 859 973 1096
f 859 1096 976
f 863 977 978
f 863 978 864
f 864 978 865
f 865 978 979
f 865 979 866
f 866 979 980
f 866 980 867
f 867 980 981
f 867 981 982
f 867 982 869
f 867 869 868
f 869 982 983
f 869 983 984
f 869 984 985
f 869 985 871
f 869 871 870
f 871 985 874
f 872 877 986
f 872 986 873
f 873 986 987
f 873 987 881
f 874 985 988
f 874 988 875
f 875 988 984
f 875 984 989
f 875 989 990
f 875 990 991
f 875 991 876
f 876 991 877
f 877 991 992
f 877 992 986
f 878 993 879
f 878 888 993
f 879 993 889
f 879 889 880
f 881 987 994
f 881 994 995
f 881 995 883
f 882 883 885
f 883 995 996
f 883 996 997
f 883 997 998
f 883 998 885
f 884 886 887
f 885 998 886
f 886 999 887
f 886 998 1000
f 886 1000 999
f 887 999 888
f 888 999 1001
f 888 1001 1002
f 888 1002 1003
f 888 1003 993
f 889 1004 890
f 889 993 1003
f 889 1003 1005
f 889 1005 1004
f 890 1004 892
f 891 1006 1007
f 891 1007 895
f 891 892 1008
f 891 1008 1009
f 891 1009 1006
f 892 1004 1008
f 893 896 894
f 895 1007 896
f 896 1010 1011
f 896 1011 901
f 896 1007 1006
f 896 1006 1012
f 896 1012 1013
f 896 1013 1014
f 896 1014 1015
f 896 1015 1010
f 897 907 898
f 898 907 911
f 900 1016 903
f 900 901 1016
f 901 1011 1016
f 902 1017 906
f 902 903 1018
f 902 1018 1017
f 903 1016 1019
f 903 1019 1018
f 904 1020 1021
f 904 1021 1022
f 904 1022 905
f 904 906 1017
f 904 1017 1023
f 904 1023 1020
f 905 1022 1024
f 905 1024 907
f 907 1024 911
f 908 909 1025
f 908 1025 924
f 909 910 1026
f 909 1026 1025
f 910 911 1027
f 910 1027 1026
f 911 1024 1027
f 913 916 932
f 913 932 914
f 915 1028 916
f 915 917 920
f 915 920 1029
f 915 1029 1030
f 915 1030 1028
f 916 1028 1031
f 916 1031 932
f 918 923 1032
f 918 1032 919
f 919 1032 1033
f 919 1033 921
f 920 1030 1029
f 920 922 1034
f 920 1034 1035
f 920 1035 1030
f 921 1033 922
f 922 1033 1036
f 922 1036 1037
f 922 1037 1034
f 923 925 1038
f 923 1038 1039
f 923 1039 1032
f 924 1025 1040
f 924 1040 925
f 925 1040 1041
f 925 1041 1038
f 926 1042 1043
f 926 1043 927
f 926 928 1048
f 926 1048 1042
f 927 1043 929
f 928 932 1031
f 928 1031 1044
f 928 1044 1045
f 928 1045 1046
f 928 1046 1047
f 928 1047 1048
f 929 1049 1050
f 929 1050 1051
f 929 1051 1052
f 929 1052 930
f 929 1043 1042
f 929 1042 1049
f 930 1052 931
f 931 1052 933
f 933 1052 1053
f 933 1053 934
f 934 1054 1055
f 934 1055 935
f 934 1053 1054
f 935 1055 1056
f 935 1056 1057
f 935 1057 936
f 936 1057 938
f 936 938 937
f 938 1057 1056
f 938 1056 1058
f 938 1058 941
f 938 941 940
f 941 1059 1060
f 941 1060 942
f 941 1058 1056
f 941 1056 1061
f 941 1061 1062
f 941 1062 1059
f 942 1060 943
f 943 1060 1063
f 943 1063 1064
f 943 1064 945
f 943 945 944
f 945 1064 946
f 946 1064 1065
f 946 1065 1066
f 946 1066 1067
f 946 1067 947
f 947 1067 1068
f 947 1068 949
f 948 949 950
f 949 1068 1069
f 949 1069 950
f 950 1069 1070
f 950 1070 953
f 950 953 952
f 953 1070 1071
f 953 1071 1072
f 953 1072 1073
f 953 1073 1074
f 953 1074 1075
f 953 1075 954
f 954 1075 955
f 955 1076 1077
f 955 1077 956
f 955 1075 1074
f 955 1074 1078
f 955 1078 1079
f 955 1079 1080
f 955 1080 1076
f 956 959 957
f 956 1077 959
f 958 960 961
f 959 1077 1076
f 959 1076 1081
f 959 1081 1082
f 959 1082 960
f 960 1082 961
f 961 1082 962
f 962 1082 1083
f 962 1083 1081
f 962 1081 963
f 963 1081 966
f 964 967 1084
f 964 1084 1085
f 964 1085 974
f 964 974 965
f 966 1081 968
f 967 972 1086
f 967 1086 1084
f 968 1081 1087
f 968 1087 1088
f 968 1088 1089
f 968 1089 969
f 969 1089 970
f 970 1090 1091
f 970 1091 1092
f 970 1092 1093
f 970 1093 971
f 970 1089 1090
f 971 1094 972
f 971 1093 1094
f 972 1094 1086
f 973 975 1095
f 973 1095 1096
f 974 1097 975
f 974 1085 1097
f 975 1097 1098
f 975 1098 1095
f 977 1099 978
f 978 1099 1100
f 978 1100 979
f 979 1100 1101
f 979 1101 1102
f 979 1102 980
f 980 1102 981
f 981 1102 1103
f 981 1103 1104
f 981 1104 982
f 982 1104 983
f 983 1104 1105
f 983 1105 1106
f 983 1106 984
f 984 1107 989
f 984 988 985
f 984 1106 1108
f 984 1108 1109
f 984 1109 1107
f 986 994 987
f 986 992 1110
f 986 1110 994
f 989 1107 990
f 990 1111 1112
f 990 1112 991
f 990 1107 1113
f 990 1113 1114
f 990 1114 1115
f 990 1115 1116
f 990 1116 1111
f 991 1112 1117
f 991 1117 992
f 992 1117 1110
f 994 1118 995
f 994 1110 1119
f 994 1119 1120
f 994 1120 1121
f 994 1121 1122
f 994 1122 1118
f 995 1118 996
f 996 998 997
f 996 1118 998
f 998 1118 1123
f 998 1123 1124
f 998 1124 1125
f 998 1125 1126
f 998 1126 1000
f 999 1127 1001
f 999 1000 1127
f 1000 1126 1127
f 1001 1127 1002
f 1002 1128 1129
f 1002 1129 1003
f 1002 1127 1128
f 1003 1129 1005
f 1004 1130 1008
f 1004 1005 1129
f 1004 1129 1130
f 1006 1131 1132
f 1006 1132 1012
f 1006 1009 1130
f 1006 1130 1133
f 1006 1133 1134
f 1006 1134 1131
f 1008 1130 1009
f 1010 1135 1011
f 1010 1015 1136
f 1010 1136 1135
f 1011 1135 1137
f 1011 1137 1019
f 1011 1019 1016
f 1012 1132 1013
f 1013 1132 1131
f 1013 1131 1014
f 1014 1131 1138
f 1014 1138 1139
f 1014 1139 1140
f 1014 1140 1015
f 1015 1140 1136
f 1017 1141 1023
f 1017 1018 1142
f 1017 1142 1143
f 1017 1143 1141
f 1018 1019 1142
f 1019 1137 1142
f 1020 1144 1145
f 1020 1145 1146
f 1020 1146 1147
f 1020 1147 1148
f 1020 1148 1021
f 1020 1023 1141
f 1020 1141 1149
f 1020 1149 1144
f 1021 1148 1150
f 1021 1150 1151
f 1021 1151 1022
f 1022 1151 1024
f 1024 1151 1152
f 1024 1152 1027
f 1025 1026 1153
f 1025 1153 1040
f 1026 1027 1152
f 1026 1152 1153
f 1028 1154 1044
f 1028 1044 1031
f 1028 1030 1154
f 1030 1035 1155
f 1030 1155 1156
f 1030 1156 1154
f 1032 1039 1157
f 1032 1157 1033
f 1033 1157 1158
f 1033 1158 1036
f 1034 1037 1035
f 1035 1037 1159
f 1035 1159 1155
f 1036 1158 1037
f 1037 1160 1159
f 1037 1158 1161
f 1037 1161 1160
f 1038 1041 1039
f 1039 1041 1162
f 1039 1162 1157
f 1040 1153 1163
f 1040 1163 1164
f 1040 1164 1041
f 1041 1164 1162
f 1042 1048 1165
f 1042 1165 1166
f 1042 1166 1050
f 1042 1050 1049
f 1044 1167 1168
f 1044 1168 1169
f 1044 1169 1045
f 1044 1154 1156
f 1044 1156 1170
f 1044 1170 1167
f 1045 1169 1046
f 1046 1171 1048
f 1046 1048 1047
f 1046 1169 1171
f 1048 1171 1165
f 1050 1166 1172
f 1050 1172 1173
f 1050 1173 1051
f 1051 1173 1174
f 1051 1174 1052
f 1052 1174 1175
f 1052 1175 1176
f 1052 1176 1053
f 1053 1176 1054
f 1054 1177 1055
f 1054 1176 1178
f 1054 1178 1179
f 1054 1179 1177
f 1055 1177 1056
f 1056 1177 1180
f 1056 1180 1062
f 1056 1062 1061
f 1059 1062 1060
f 1060 1062 1181
f 1060 1181 1182
f 1060 1182 1183
f 1060 1183 1184
f 1060 1184 1185
f 1060 1185 1063
f 1062 1180 1177
f 1062 1177 1186
f 1062 1186 1187
f 1062 1187 1182
f 1062 1182 1181
f 1063 1185 1064
f 1064 1185 1065
f 1065 1185 1188
f 1065 1188 1066
f 1066 1188 1189
f 1066 1189 1190
f 1066 1190 1191
f 1066 1191 1067
f 1067 1191 1192
f 1067 1192 1068
f 1068 1192 1193
f 1068 1193 1071
f 1068 1071 1069
f 1069 1071 1070
f 1071 1193 1194
f 1071 1194 1195
f 1071 1195 1196
f 1071 1196 1072
f 1072 1196 1073
f 1073 1196 1197
f 1073 1197 1074
f 1074 1197 1198
f 1074 1198 1199
f 1074 1199 1200
f 1074 1200 1201
f 1074 1201 1078
f 1076 1080 1081
f 1078 1201 1079
f 1079 1202 1080
f 1079 1201 1202
f 1080 1202 1203
f 1080 1203 1081
f 1081 1083 1082
f 1081 1203 1202
f 1081 1202 1087
f 1084 1204 1085
f 1084 1086 1205
f 1084 1205 1206
f 1084 1206 1204
f 1085 1204 1207
f 1085 1207 1097
f 1086 1094 1205
f 1087 1202 1088
f 1088 1208 1089
f 1088 1202 1208
f 1089 1208 1209
f 1089 1209 1210
f 1089 1210 1090
f 1090 1210 1091
f 1091 1210 1211
f 1091 1211 1212
f 1091 1212 1213
f 1091 1213 1214
f 1091 1214 1215
f 1091 1215 1092
f 1092 1215 1216
f 1092 1216 1093
f 1093 1216 1217
f 1093 1217 1094
f 1094 1217 1218
f 1094 1218 1205
f 1095 1098 1219
f 1097 1207 1098
f 1098 1207 1220
f 1098 1220 1219
f 1100 1221 1101
f 1101 1221 1102
f 1102 1221 1222
f 1102 1222 1223
f 1102 1223 1224
f 1102 1224 1103
f 1103 1224 1225
f 1103 1225 1226
f 1103 1226 1227
f 1103 1227 1105
f 1103 1105 1104
f 1105 1227 1228
f 1105 1228 1106
f 1106 1228 1108
f 1107 1109 1113
f 1108 1228 1229
f 1108 1229 1230
f 1108 1230 1231
f 1108 1231 1109
f 1109 1231 1232
f 1109 1232 1114
f 1109 1114 1113
f 1110 1117 1119
f 1111 1116 1233
f 1111 1233 1117
f 1111 1117 1112
f 1114 1234 1115
f 1114 1232 1235
f 1114 1235 1236
f 1114 1236 1234
f 1115 1234 1116
f 1116 1237 1233
f 1116 1234 1238
f 1116 1238 1237
f 1117 1233 1119
f 1118 1239 1123
f 1118 1122 1239
f 1119 1233 1120
f 1120 1233 1237
f 1120 1237 1240
f 1120 1240 1241
f 1120 1241 1121
f 1121 1241 1122
f 1122 1241 1242
f 1122 1242 1243
f 1122 1243 1244
f 1122 1244 1245
f 1122 1245 1124
f 1122 1124 1239
f 1123 1239 1124
f 1124 1245 1126
f 1124 1126 1125
f 1126 1246 1127
f 1126 1245 1247
f 1126 1247 1246
f 1127 1248 1249
f 1127 1249 1128
f 1127 1246 1250
f 1127 1250 1248
f 1128 1251 1129
f 1128 1249 1251
f 1129 1251 1252
f 1129 1252 1130
f 1130 1252 1253
f 1130 1253 1133
f 1131 1134 1138
f 1133 1253 1254
f 1133 1254 1138
f 1133 1138 1134
f 1135 1136 1255
f 1135 1255 1256
f 1135 1256 1257
f 1135 1257 1258
f 1135 1258 1259
f 1135 1259 1137
f 1136 1260 1255
f 1136 1140 1260
f 1137 1259 1142
f 1138 1254 1261
f 1138 1261 1262
f 1138 1262 1139
f 1139 1263 1140
f 1139 1262 1264
f 1139 1264 1265
f 1139 1265 1263
f 1140 1263 1266
f 1140 1266 1260
f 1141 1143 1267
f 1141 1267 1149
f 1142 1259 1143
f 1143 1259 1267
f 1144 1268 1145
f 1144 1149 1269
f 1144 1269 1412
f 1144 1412 1268
f 1145 1270 1271
f 1145 1271 1146
f 1145 1268 1270
f 1146 1271 1272
f 1146 1272 1147
f 1147 1272 1273
f 1147 1273 1274
f 1147 1274 1275
f 1147 1275 1148
f 1148 1275 1150
f 1149 1267 1276
f 1149 1276 1269
f 1150 1275 1289
f 1150 1289 1277
f 1150 1277 1152
f 1150 1152 1151
f 1152 1277 1153
f 1153 1277 1163
f 1155 1278 1170
f 1155 1170 1156
f 1155 1159 1160
f 1155 1160 1278
f 1157 1162 1288
f 1157 1288 1279
f 1157 1279 1158
f 1158 1280 1161
f 1158 1279 1281
f 1158 1281 1282
f 1158 1282 1283
f 1158 1283 1280
f 1160 1284 1285
f 1160 1285 1278
f 1160 1161 1280
f 1160 1280 1420
f 1160 1420 1284
f 1162 1164 1286
f 1162 1286 1287
f 1162 1287 1288
f 1163 1277 1289
f 1163 1289 1164
f 1164 1289 1286
f 1165 1290 1166
f 1165 1171 1291
f 1165 1291 1290
f 1166 1292 1293
f 1166 1293 1172
f 1166 1290 1292
f 1167 1294 1168
f 1167 1170 1295
f 1167 1295 1296
f 1167 1296 1297
f 1167 1297 1298
f 1167 1298 1294
f 1168 1294 1169
f 1169 1294 1171
f 1170 1278 1295
f 1171 1294 1291
f 1172 1293 1299
f 1172 1299 1300
f 1172 1300 1301
f 1172 1301 1302
f 1172 1302 1303
f 1172 1303 1304
f 1172 1304 1305
f 1172 1305 1173
f 1173 1305 1306
f 1173 1306 1174
f 1174 1306 1175
f 1175 1306 1178
f 1175 1178 1176
f 1177 1179 1186
f 1178 1306 1307
f 1178 1307 1308
f 1178 1308 1179
f 1179 1309 1186
f 1179 1308 1309
f 1182 1310 1311
f 1182 1311 1183
f 1182 1187 1310
f 1183 1312 1184
f 1183 1311 1312
f 1184 1313 1185
f 1184 1312 1314
f 1184 1314 1315
f 1184 1315 1313
f 1185 1313 1188
f 1186 1309 1316
f 1186 1316 1310
f 1186 1310 1317
f 1186 1317 1187
f 1187 1317 1310
f 1188 1315 1318
f 1188 1318 1319
f 1188 1319 1320
f 1188 1320 1189
f 1188 1313 1315
f 1189 1320 1190
f 1190 1321 1322
f 1190 1322 1192
f 1190 1192 1191
f 1190 1320 1319
f 1190 1319 1323
f 1190 1323 1324
f 1190 1324 1321
f 1192 1322 1325
f 1192 1325 1193
f 1193 1325 1194
f 1194 1326 1327
f 1194 1327 1195
f 1194 1325 1326
f 1195 1327 1328
f 1195 1328 1196
f 1196 1329 1198
f 1196 1198 1197
f 1196 1328 1329
f 1198 1200 1199
f 1198 1329 1328
f 1198 1328 1330
f 1198 1330 1331
f 1198 1331 1332
f 1198 1332 1333
f 1198 1333 1334
f 1198 1334 1335
f 1198 1335 1200
f 1200 1335 1336
f 1200 1336 1337
f 1200 1337 1201
f 1201 1337 1202
f 1202 1337 1208
f 1204 1338 1207
f 1204 1206 1338
f 1205 1218 1339
f 1205 1339 1340
f 1205 1340 1341
f 1205 1341 1342
f 1205 1342 1206
f 1206 1342 1343
f 1206 1343 1338
f 1207 1338 1220
f 1208 1337 1209
f 1209 1337 1344
f 1209 1344 1210
f 1210 1345 1211
f 1210 1344 1345
f 1211 1345 1346
f 1211 1346 1212
f 1212 1346 1347
f 1212 1347 1348
f 1212 1348 1349
f 1212 1349 1213
f 1213 1349 1350
f 1213 1350 1351
f 1213 1351 1214
f 1214 1351 1352
f 1214 1352 1215
f 1215 1352 1353
f 1215 1353 1354
f 1215 1354 1216
f 1216 1354 1353
f 1216 1353 1218
f 1216 1218 1217
f 1218 1353 1355
f 1218 1355 1339
f 1220 1338 1356
f 1221 1357 1222
f 1222 1357 1358
f 1222 1358 1223
f 1223 1358 1359
f 1223 1359 1224
f 1224 1359 1360
f 1224 1360 1225
f 1225 1360 1361
f 1225 1361 1226
f 1226 1362 1363
f 1226 1363 1227
f 1226 1361 1364
f 1226 1364 1365
f 1226 1365 1366
f 1226 1366 1367
f 1226 1367 1368
f 1226 1368 1362
f 1227 1363 1228
f 1228 1363 1229
f 1229 1363 1362
f 1229 1362 1230
f 1230 1362 1368
f 1230 1368 1369
f 1230 1369 1370
f 1230 1370 1231
f 1231 1370 1371
f 1231 1371 1372
f 1231 1372 1235
f 1231 1235 1232
f 1234 1236 1373
f 1234 1373 1238
f 1235 1372 1236
f 1236 1374 1375
f 1236 1375 1376
f 1236 1376 1373
f 1236 1372 1377
f 1236 1377 1378
f 1236 1378 1379
f 1236 1379 1374
f 1237 1238 1376
f 1237 1376 1380
f 1237 1380 1381
f 1237 1381 1240
f 1238 1373 1376
f 1240 1381 1241
f 1241 1381 1382
f 1241 1382 1383
f 1241 1383 1242
f 1242 1383 1243
f 1243 1384 1245
f 1243 1245 1244
f 1243 1383 1384
f 1245 1384 1247
f 1246 1247 1250
f 1247 1384 1250
f 1248 1250 1249
f 1249 1250 1385
f 1249 1385 1386
f 1249 1386 1387
f 1249 1387 1252
f 1249 1252 1251
f 1250 1384 1388
f 1250 1388 1385
f 1252 1389 1253
f 1252 1387 1390
f 1252 1390 1389
f 1253 1389 1254
f 1254 1389 1261
f 1255 1391 1256
f 1255 1260 1392
f 1255 1392 1391
f 1256 1391 1257
f 1257 1391 1393
f 1257 1393 1394
f 1257 1394 1395
f 1257 1395 1276
f 1257 1276 1258
f 1258 1276 1267
f 1258 1267 1259
f 1260 1266 1396
f 1260 1396 1392
f 1261 1389 1397
f 1261 1397 1398
f 1261 1398 1399
f 1261 1399 1400
f 1261 1400 1401
f 1261 1401 1402
f 1261 1402 1403
f 1261 1403 1404
f 1261 1404 1405
f 1261 1405 1264
f 1261 1264 1262
f 1263 1406 1407
f 1263 1407 1396
f 1263 1396 1266
f 1263 1265 1405
f 1263 1405 1408
f 1263 1408 1409
f 1263 1409 1406
f 1264 1405 1265
f 1268 1410 1411
f 1268 1411 1270
f 1268 1412 1410
f 1269 1276 1413
f 1269 1413 1412
f 1270 1411 1272
f 1270 1272 1271
f 1272 1274 1273
f 1272 1411 1414
f 1272 1414 1415
f 1272 1415 1416
f 1272 1416 1417
f 1272 1417 1418
f 1272 1418 1274
f 1274 1418 1419
f 1274 1419 1289
f 1274 1289 1275
f 1276 1395 1413
f 1278 1285 1295
f 1279 1288 1281
f 1280 1283 1421
f 1280 1421 1420
f 1281 1288 1422
f 1281 1422 1423
f 1281 1423 1424
f 1281 1424 1282
f 1282 1424 1283
f 1283 1424 1421
f 1284 1425 1426
f 1284 1426 1285
f 1284 1420 1427
f 1284 1427 1425
f 1285 1426 1428
f 1285 1428 1296
f 1285 1296 1295
f 1286 1289 1419
f 1286 1419 1418
f 1286 1418 1287
f 1287 1418 1417
f 1287 1417 1429
f 1287 1429 1288
f 1288 1429 1422
f 1290 1291 1430
f 1290 1430 1292
f 1291 1294 1431
f 1291 1431 1432
f 1291 1432 1430
f 1292 1433 1299
f 1292 1299 1293
f 1292 1430 1434
f 1292 1434 1435
f 1292 1435 1433
f 1294 1298 1436
f 1294 1436 1431
f 1296 1428 1297
f 1297 1437 1436
f 1297 1436 1298
f 1297 1428 1438
f 1297 1438 1439
f 1297 1439 1440
f 1297 1440 1437
f 1299 1441 1442
f 1299 1442 1300
f 1299 1433 1441
f 1300 1442 1301
f 1301 1442 1443
f 1301 1443 1444
f 1301 1444 1445
f 1301 1445 1446
f 1301 1446 1447
f 1301 1447 1303
f 1301 1303 1302
f 1303 1447 1446
f 1303 1446 1448
f 1303 1448 1449
f 1303 1449 1450
f 1303 1450 1308
f 1303 1308 1304
f 1304 1308 1305
f 1305 1308 1307
f 1305 1307 1306
f 1308 1450 1449
f 1308 1449 1451
f 1308 1451 1309
f 1309 1451 1316
f 1310 1452 1453
f 1310 1453 1311
f 1310 1316 1454
f 1310 1454 1452
f 1311 1453 1312
f 1312 1453 1455
f 1312 1455 1456
f 1312 1456 1457
f 1312 1457 1314
f 1314 1457 1315
f 1315 1457 1458
f 1315 1458 1318
f 1316 1451 1454
f 1318 1458 1459
f 1318 1459 1319
f 1319 1459 1460
f 1319 1460 1323
f 1321 1325 1322
f 1321 1324 1461
f 1321 1461 1462
f 1321 1462 1325
f 1323 1463 1464
f 1323 1464 1324
f 1323 1460 1463
f 1324 1464 1461
f 1325 1462 1326
f 1326 1462 1461
f 1326 1461 1465
f 1326 1465 1327
f 1327 1465 1466
f 1327 1466 1328
f 1328 1467 1468
f 1328 1468 1469
f 1328 1469 1470
f 1328 1470 1471
f 1328 1471 1472
f 1328 1472 1331
f 1328 1331 1330
f 1328 1466 1467
f 1331 1473 1332
f 1331 1472 1474
f 1331 1474 1475
f 1331 1475 1473
f 1332 1473 1476
f 1332 1476 1477
f 1332 1477 1334
f 1332 1334 1333
f 1334 1477 1478
f 1334 1478 1479
f 1334 1479 1480
f 1334 1480 1481
f 1334 1481 1345
f 1334 1345 1344
f 1334 1344 1337
f 1334 1337 1336
f 1334 1336 1335
f 1338 1343 1482
f 1338 1482 1483
f 1338 1483 1356
f 1339 1484 1340
f 1339 1355 1484
f 1340 1485 1486
f 1340 1486 1341
f 1340 1484 1487
f 1340 1487 1485
f 1341 1486 1488
f 1341 1488 1489
f 1341 1489 1342
f 1342 1489 1343
f 1343 1489 1482
f 1345 1481 1346
f 1346 1490 1491
f 1346 1491 1347
f 1346 1481 1490
f 1347 1491 1348
f 1348 1491 1492
f 1348 1492 1493
f 1348 1493 1349
f 1349 1493 1494
f 1349 1494 1495
f 1349 1495 1350
f 1350 1495 1496
f 1350 1496 1351
f 1351 1353 1352
f 1351 1496 1353
f 1353 1496 1497
f 1353 1497 1355
f 1355 1497 1498
f 1355 1498 1499
f 1355 1499 1484
f 1358 1500 1359
f 1359 1500 1501
f 1359 1501 1502
f 1359 1502 1503
f 1359 1503 1360
f 1360 1503 1504
f 1360 1504 1361
f 1361 1504 1505
f 1361 1505 1364
f 1364 1505 1365
f 1365 1505 1506
f 1365 1506 1507
f 1365 1507 1508
f 1365 1508 1366
f 1366 1508 1509
f 1366 1509 1510
f 1366 1510 1511
f 1366 1511 1367
f 1367 1511 1368
f 1368 1511 1369
f 1369 1511 1512
f 1369 1512 1513
f 1369 1513 1514
f 1369 1514 1370
f 1370 1514 1515
f 1370 1515 1516
f 1370 1516 1371
f 1371 1516 1372
f 1372 1516 1517
f 1372 1517 1377
f 1374 1518 1519
f 1374 1519 1520
f 1374 1520 1521
f 1374 1521 1376
f 1374 1376 1375
f 1374 1379 1522
f 1374 1522 1518
f 1376 1520 1523
f 1376 1523 1381
f 1376 1381 1380
f 1376 1521 1520
f 1377 1517 1378
f 1378 1517 1524
f 1378 1524 1525
f 1378 1525 1526
f 1378 1526 1522
f 1378 1522 1379
f 1381 1523 1520
f 1381 1520 1527
f 1381 1527 1528
f 1381 1528 1529
f 1381 1529 1383
f 1381 1383 1382
f 1383 1530 1531
f 1383 1531 1384
f 1383 1529 1528
f 1383 1528 1530
f 1384 1531 1532
f 1384 1532 1533
f 1384 1533 1388
f 1385 1388 1534
f 1385 1534 1535
f 1385 1535 1386
f 1386 1535 1387
f 1387 1535 1536
f 1387 1536 1390
f 1388 1533 1534
f 1389 1390 1536
f 1389 1536 1397
f 1391 1392 1537
f 1391 1537 1407
f 1391 1407 1538
f 1391 1538 1393
f 1392 1396 1537
f 1393 1539 1394
f 1393 1538 1539
f 1394 1539 1540
f 1394 1540 1541
f 1394 1541 1542
f 1394 1542 1413
f 1394 1413 1395
f 1396 1407 1537
f 1397 1536 1535
f 1397 1535 1398
f 1398 1535 1399
f 1399 1535 1400
f 1400 1535 1543
f 1400 1543 1544
f 1400 1544 1545
f 1400 1545 1546
f 1400 1546 1547
f 1400 1547 1402
f 1400 1402 1401
f 1402 1548 1549
f 1402 1549 1403
f 1402 1547 1548
f 1403 1549 1404
f 1404 1549 1550
f 1404 1550 1551
f 1404 1551 1552
f 1404 1552 1405
f 1405 1552 1553
f 1405 1553 1408
f 1406 1554 1407
f 1406 1409 1555
f 1406 1555 1556
f 1406 1556 1557
f 1406 1557 1554
f 1407 1554 1558
f 1407 1558 1538
f 1408 1553 1409
f 1409 1553 1556
f 1409 1556 1555
f 1410 1412 1559
f 1410 1559 1560
f 1410 1560 1411
f 1411 1561 1563
f 1411 1563 1415
f 1411 1415 1414
f 1411 1560 1561
f 1412 1413 1542
f 1412 1542 1562
f 1412 1562 1559
f 1415 1563 1564
f 1415 1564 1416
f 1416 1564 1565
f 1416 1565 1566
f 1416 1566 1417
f 1417 1566 1429
f 1420 1421 1567
f 1420 1567 1568
f 1420 1568 1427
f 1421 1424 1569
f 1421 1569 1716
f 1421 1716 1567
f 1422 1429 1423
f 1423 1429 1566
f 1423 1566 1424
f 1424 1566 1565
f 1424 1565 1570
f 1424 1570 1569
f 1425 1571 1426
f 1425 1427 1572
f 1425 1572 1571
f 1426 1573 1438
f 1426 1438 1428
f 1426 1571 1574
f 1426 1574 1573
f 1427 1568 1572
f 1430 1432 1434
f 1431 1436 1432
f 1432 1575 1576
f 1432 1576 1434
f 1432 1436 1575
f 1433 1577 1441
f 1433 1435 1577
f 1434 1576 1435
f 1435 1576 1578
f 1435 1578 1579
f 1435 1579 1577
f 1436 1437 1575
f 1437 1440 1580
f 1437 1580 1581
f 1437 1581 1575
f 1438 1573 1582
f 1438 1582 1583
f 1438 1583 1439
f 1439 1583 1584
f 1439 1584 1440
f 1440 1585 1580
f 1440 1584 1586
f 1440 1586 1585
f 1441 1577 1587
f 1441 1587 1443
f 1441 1443 1442
f 1443 1587 1588
f 1443 1588 1589
f 1443 1589 1590
f 1443 1590 1444
f 1444 1590 1445
f 1445 1590 1591
f 1445 1591 1446
f 1446 1449 1448
f 1446 1591 1592
f 1446 1592 1593
f 1446 1593 1594
f 1446 1594 1595
f 1446 1595 1596
f 1446 1596 1597
f 1446 1597 1449
f 1449 1454 1451
f 1449 1597 1452
f 1449 1452 1454
f 1452 1597 1455
f 1452 1455 1453
f 1455 1597 1598
f 1455 1598 1599
f 1455 1599 1600
f 1455 1600 1601
f 1455 1601 1456
f 1456 1458 1457
f 1456 1601 1600
f 1456 1600 1602
f 1456 1602 1603
f 1456 1603 1604
f 1456 1604 1605
f 1456 1605 1458
f 1458 1605 1459
f 1459 1605 1604
f 1459 1604 1460
f 1460 1604 1606
f 1460 1606 1463
f 1461 1464 1607
f 1461 1607 1465
f 1463 1606 1464
f 1464 1606 1608
f 1464 1608 1609
f 1464 1609 1607
f 1465 1607 1610
f 1465 1610 1466
f 1466 1610 1611
f 1466 1611 1612
f 1466 1612 1467
f 1467 1612 1613
f 1467 1613 1468
f 1468 1613 1614
f 1468 1614 1615
f 1468 1615 1469
f 1469 1616 1474
f 1469 1474 1470
f 1469 1615 1613
f 1469 1613 1616
f 1470 1474 1471
f 1471 1474 1472
f 1473 1475 1476
f 1474 1616 1617
f 1474 1617 1618
f 1474 1618 1619
f 1474 1619 1620
f 1474 1620 1475
f 1475 1620 1621
f 1475 1621 1476
f 1476 1621 1479
f 1476 1479 1478
f 1476 1478 1477
f 1479 1621 1622
f 1479 1622 1623
f 1479 1623 1624
f 1479 1624 1625
f 1479 1625 1626
f 1479 1626 1627
f 1479 1627 1490
f 1479 1490 1481
f 1479 1481 1480
f 1482 1489 1628
f 1484 1499 1487
f 1487 1499 1629
f 1488 1628 1489
f 1490 1627 1491
f 1491 1627 1630
f 1491 1630 1631
f 1491 1631 1492
f 1492 1631 1494
f 1492 1494 1493
f 1494 1631 1632
f 1494 1632 1633
f 1494 1633 1634
f 1494 1634 1495
f 1495 1635 1496
f 1495 1634 1636
f 1495 1636 1635
f 1496 1635 1497
f 1497 1635 1637
f 1497 1637 1498
f 1498 1638 1639
f 1498 1639 1499
f 1498 1637 1640
f 1498 1640 1641
f 1498 1641 1638
f 1499 1639 1629
f 1503 1642 1504
f 1504 1642 1643
f 1504 1643 1644
f 1504 1644 1505
f 1505 1644 1506
f 1506 1644 1645
f 1506 1645 1507
f 1507 1645 1646
f 1507 1646 1647
f 1507 1647 1648
f 1507 1648 1649
f 1507 1649 1650
f 1507 1650 1508
f 1508 1650 1509
f 1509 1651 1510
f 1509 1650 1652
f 1509 1652 1651
f 1510 1651 1511
f 1511 1651 1512
f 1512 1651 1653
f 1512 1653 1513
f 1513 1653 1654
f 1513 1654 1655
f 1513 1655 1514
f 1514 1656 1657
f 1514 1657 1515
f 1514 1655 1658
f 1514 1658 1659
f 1514 1659 1656
f 1515 1517 1516
f 1515 1657 1517
f 1517 1657 1660
f 1517 1660 1524
f 1518 1661 1662
f 1518 1662 1663
f 1518 1663 1664
f 1518 1664 1520
f 1518 1520 1519
f 1518 1522 1665
f 1518 1665 1666
f 1518 1666 1661
f 1520 1667 1668
f 1520 1668 1528
f 1520 1528 1527
f 1520 1664 1667
f 1522 1526 1669
f 1522 1669 1670
f 1522 1670 1671
f 1522 1671 1666
f 1522 1666 1665
f 1524 1660 1525
f 1525 1660 1672
f 1525 1672 1673
f 1525 1673 1670
f 1525 1670 1669
f 1525 1669 1526
f 1528 1674 1675
f 1528 1675 1530
f 1528 1668 1667
f 1528 1667 1674
f 1530 1675 1676
f 1530 1676 1677
f 1530 1677 1531
f 1531 1677 1676
f 1531 1676 1678
f 1531 1678 1679
f 1531 1679 1680
f 1531 1680 1533
f 1531 1533 1532
f 1533 1681 1682
f 1533 1682 1535
f 1533 1535 1534
f 1533 1680 1679
f 1533 1679 1681
f 1535 1682 1543
f 1538 1558 1539
f 1539 1558 1540
f 1540 1558 1541
f 1541 1683 1542
f 1541 1558 1683
f 1542 1683 1684
f 1542 1684 1559
f 1542 1559 1562
f 1543 1682 1681
f 1543 1681 1544
f 1544 1681 1545
f 1545 1685 1686
f 1545 1686 1547
f 1545 1547 1546
f 1545 1681 1687
f 1545 1687 1688
f 1545 1688 1689
f 1545 1689 1690
f 1545 1690 1691
f 1545 1691 1692
f 1545 1692 1685
f 1547 1686 1685
f 1547 1685 1693
f 1547 1693 1548
f 1548 1694 1695
f 1548 1695 1550
f 1548 1550 1549
f 1548 1693 1696
f 1548 1696 1694
f 1550 1695 1697
f 1550 1697 1551
f 1551 1697 1698
f 1551 1698 1556
f 1551 1556 1553
f 1551 1553 1552
f 1554 1557 1699
f 1554 1699 1700
f 1554 1700 1558
f 1556 1701 1702
f 1556 1702 1703
f 1556 1703 1704
f 1556 1704 1705
f 1556 1705 1699
f 1556 1699 1557
f 1556 1698 1701
f 1558 1706 1707
f 1558 1707 1708
f 1558 1708 1683
f 1558 1700 1706
f 1559 1709 1710
f 1559 1710 1560
f 1559 1684 1709
f 1560 1710 1711
f 1560 1711 1712
f 1560 1712 1561
f 1561 1712 1713
f 1561 1713 1563
f 1563 1713 1714
f 1563 1714 1715
f 1563 1715 1564
f 1564 1715 1565
f 1565 1715 1570
f 1567 1716 1717
f 1567 1717 1568
f 1568 1718 1719
f 1568 1719 1572
f 1568 1717 1720
f 1568 1720 1721
f 1568 1721 1718
f 1569 1570 1716
f 1570 1715 1722
f 1570 1722 1723
f 1570 1723 1724
f 1570 1724 1716
f 1571 1572 1719
f 1571 1719 1574
f 1573 1574 1582
f 1574 1719 1718
f 1574 1718 1582
f 1575 1725 1576
f 1575 1581 1725
f 1576 1725 1578
f 1577 1579 1726
f 1577 1726 1587
f 1578 1727 1579
f 1578 1725 1728
f 1578 1728 1729
f 1578 1729 1727
f 1579 1730 1726
f 1579 1727 1731
f 1579 1731 1730
f 1580 1732 1733
f 1580 1733 1581
f 1580 1585 1734
f 1580 1734 1732
f 1581 1733 1725
f 1582 1735 1583
f 1582 1718 1736
f 1582 1736 1735
f 1583 1737 1584
f 1583 1735 1737
f 1584 1737 1738
f 1584 1738 1586
f 1585 1586 1739
f 1585 1739 1740
f 1585 1740 1734
f 1586 1738 1739
f 1587 1726 1588
f 1588 1741 1742
f 1588 1742 1589
f 1588 1726 1743
f 1588 1743 1741
f 1589 1742 1744
f 1589 1744 1590
f 1590 1744 1592
f 1590 1592 1591
f 1592 1744 1745
f 1592 1745 1746
f 1592 1746 1594
f 1592 1594 1593
f 1594 1747 1748
f 1594 1748 1749
f 1594 1749 1595
f 1594 1746 1747
f 1595 1749 1750
f 1595 1750 1600
f 1595 1600 1599
f 1595 1599 1598
f 1595 1598 1596
f 1596 1598 1597
f 1600 1751 1752
f 1600 1752 1753
f 1600 1753 1602
f 1600 1750 1751
f 1602 1753 1603
f 1603 1753 1604
f 1604 1753 1754
f 1604 1754 1755
f 1604 1755 1756
f 1604 1756 1757
f 1604 1757 1606
f 1606 1757 1758
f 1606 1758 1608
f 1607 1609 1611
f 1607 1611 1610
f 1608 1759 1609
f 1608 1758 1759
f 1609 1759 1760
f 1609 1760 1611
f 1611 1760 1613
f 1611 1613 1612
f 1613 1615 1614
f 1613 1760 1759
f 1613 1759 1758
f 1613 1758 1761
f 1613 1761 1762
f 1613 1762 1763
f 1613 1763 1764
f 1613 1764 1765
f 1613 1765 1766
f 1613 1766 1616
f 1616 1766 1617
f 1617 1766 1618
f 1618 1767 1619
f 1618 1766 1768
f 1618 1768 1769
f 1618 1769 1770
f 1618 1770 1767
f 1619 1767 1620
f 1620 1767 1771
f 1620 1771 1621
f 1621 1771 1623
f 1621 1623 1622
f 1623 1771 1772
f 1623 1772 1624
f 1624 1772 1773
f 1624 1773 1774
f 1624 1774 1625
f 1625 1774 1775
f 1625 1775 1626
f 1626 1775 1776
f 1626 1776 1627
f 1627 1776 1630
f 1630 1776 1631
f 1631 1776 1777
f 1631 1777 1632
f 1632 1777 1778
f 1632 1778 1779
f 1632 1779 1633
f 1633 1779 1780
f 1633 1780 1781
f 1633 1781 1634
f 1634 1781 1782
f 1634 1782 1636
f 1635 1636 1637
f 1636 1782 1637
f 1637 1782 1783
f 1637 1783 1640
f 1640 1784 1641
f 1640 1783 1785
f 1640 1785 1784
f 1648 1786 1649
f 1649 1786 1787
f 1649 1787 1788
f 1649 1788 1789
f 1649 1789 1790
f 1649 1790 1650
f 1650 1790 1791
f 1650 1791 1652
f 1651 1652 1653
f 1652 1791 1792
f 1652 1792 1654
f 1652 1654 1653
f 1654 1792 1793
f 1654 1793 1655
f 1655 1794 1795
f 1655 1795 1658
f 1655 1793 1796
f 1655 1796 1797
f 1655 1797 1798
f 1655 1798 1794
f 1656 1660 1657
f 1656 1659 1660
f 1658 1795 1799
f 1658 1799 1659
f 1659 1799 1660
f 1660 1799 1672
f 1661 1666 1662
f 1662 1800 1801
f 1662 1801 1802
f 1662 1802 1803
f 1662 1803 1663
f 1662 1666 1804
f 1662 1804 1805
f 1662 1805 1800
f 1663 1803 1667
f 1663 1667 1664
f 1666 1806 1804
f 1666 1671 1670
f 1666 1670 1807
f 1666 1807 1808
f 1666 1808 1809
f 1666 1809 1806
f 1667 1803 1802
f 1667 1802 1674
f 1670 1808 1807
f 1670 1673 1810
f 1670 1810 1811
f 1670 1811 1812
f 1670 1812 1808
f 1672 1799 1673
f 1673 1799 1813
f 1673 1813 1810
f 1674 1814 1815
f 1674 1815 1816
f 1674 1816 1817
f 1674 1817 1675
f 1674 1802 1818
f 1674 1818 1814
f 1675 1817 1676
f 1676 1817 1819
f 1676 1819 1679
f 1676 1679 1678
f 1679 1819 1820
f 1679 1820 1821
f 1679 1821 1688
f 1679 1688 1822
f 1679 1822 1681
f 1681 1822 1688
f 1681 1688 1687
f 1683 1823 1824
f 1683 1824 1684
f 1683 1708 1823
f 1684 1824 1709
f 1685 1825 1696
f 1685 1696 1693
f 1685 1692 1826
f 1685 1826 1827
f 1685 1827 1825
f 1688 1821 1820
f 1688 1820 1828
f 1688 1828 1829
f 1688 1829 1830
f 1688 1830 1690
f 1688 1690 1689
f 1690 1826 1692
f 1690 1692 1691
f 1690 1830 1831
f 1690 1831 1832
f 1690 1832 1826
f 1694 1696 1833
f 1694 1833 1695
f 1695 1834 1701
f 1695 1701 1698
f 1695 1698 1697
f 1695 1833 1825
f 1695 1825 1835
f 1695 1835 1836
f 1695 1836 1837
f 1695 1837 1834
f 1696 1825 1833
f 1699 1838 1700
f 1699 1705 1838
f 1700 1838 1706
f 1701 1834 1702
f 1702 1834 1839
f 1702 1839 1840
f 1702 1840 1841
f 1702 1841 1842
f 1702 1842 1703
f 1703 1842 1704
f 1704 1842 1843
f 1704 1843 1705
f 1705 1843 1844
f 1705 1844 1845
f 1705 1845 1846
f 1705 1846 1838
f 1706 1838 1707
f 1707 1838 1846
f 1707 1846 1847
f 1707 1847 1823
f 1707 1823 1708
f 1709 1824 1848
f 1709 1848 1849
f 1709 1849 1711
f 1709 1711 1710
f 1711 1850 1713
f 1711 1713 1712
f 1711 1849 1850
f 1713 1851 1852
f 1713 1852 1853
f 1713 1853 1714
f 1713 1850 1851
f 1714 1853 1715
f 1715 1853 1722
f 1716 1724 1854
f 1716 1854 1855
f 1716 1855 1717
f 1717 1855 1856
f 1717 1856 1857
f 1717 1857 1720
f 1718 1721 1858
f 1718 1858 1736
f 1720 1857 1721
f 1721 1857 1858
f 1722 1853 1723
f 1723 1853 1859
f 1723 1859 1860
f 1723 1860 1861
f 1723 1861 1854
f 1723 1854 1724
f 1725 1733 1728
f 1726 1730 1862
f 1726 1862 1743
f 1727 1729 1731
f 1728 1863 1729
f 1728 1733 1863
f 1729 1863 1864
f 1729 1864 1865
f 1729 1865 1866
f 1729 1866 1731
f 1730 1867 1862
f 1730 1731 1867
f 1731 1866 1868
f 1731 1868 1867
f 1732 1869 1863
f 1732 1863 1733
f 1732 1734 1870
f 1732 1870 1869
f 1734 1740 1871
f 1734 1871 1872
f 1734 1872 1870
f 1735 1738 1737
f 1735 1736 1738
f 1736 1873 1738
f 1736 1858 1873
f 1738 1873 1739
f 1739 1874 1871
f 1739 1871 1740
f 1739 1873 1875
f 1739 1875 1874
f 1741 1876 1742
f 1741 1743 1877
f 1741 1877 1876
f 1742 1876 1878
f 1742 1878 1745
f 1742 1745 1744
f 1743 1862 1877
f 1745 1879 1880
f 1745 1880 1881
f 1745 1881 1746
f 1745 1878 1882
f 1745 1882 1879
f 1746 1881 1747
f 1747 1881 1883
f 1747 1883 1748
f 1748 1883 1884
f 1748 1884 1885
f 1748 1885 1886
f 1748 1886 1887
f 1748 1887 1749
f 1749 1887 1750
f 1750 1887 1751
f 1751 1887 1888
f 1751 1888 1889
f 1751 1889 1752
f 1752 1889 1753
f 1753 1889 1890
f 1753 1890 1891
f 1753 1891 1892
f 1753 1892 1755
f 1753 1755 1754
f 1755 1892 1893
f 1755 1893 1894
f 1755 1894 1895
f 1755 1895 1756
f 1756 1895 1757
f 1757 1895 1896
f 1757 1896 1758
f 1758 1897 1761
f 1758 1896 1897
f 1761 1897 1762
f 1762 1898 1899
f 1762 1899 1900
f 1762 1900 1764
f 1762 1764 1763
f 1762 1897 1895
f 1762 1895 1901
f 1762 1901 1898
f 1764 1902 1903
f 1764 1903 1765
f 1764 1900 1902
f 1765 1903 1904
f 1765 1904 1905
f 1765 1905 1766
f 1766 1905 1768
f 1767 1770 1906
f 1767 1906 1771
f 1768 1905 1769
f 1769 1905 1907
f 1769 1907 1770
f 1770 1908 1909
f 1770 1909 1910
f 1770 1910 1911
f 1770 1911 1771
f 1770 1771 1906
f 1770 1907 1908
f 1771 1911 1912
f 1771 1912 1913
f 1771 1913 1772
f 1772 1913 1914
f 1772 1914 1915
f 1772 1915 1773
f 1773 1915 1916
f 1773 1916 1917
f 1773 1917 1774
f 1774 1918 1775
f 1774 1917 1919
f 1774 1919 1918
f 1775 1918 1777
f 1775 1777 1776
f 1777 1918 1778
f 1778 1918 1779
f 1779 1919 1916
f 1779 1916 1920
f 1779 1920 1921
f 1779 1921 1922
f 1779 1922 1923
f 1779 1923 1924
f 1779 1924 1925
f 1779 1925 1780
f 1779 1918 1919
f 1780 1925 1781
f 1781 1925 1926
f 1781 1926 1927
f 1781 1927 1928
f 1781 1928 1929
f 1781 1929 1782
f 1782 1929 1928
f 1782 1928 1783
f 1783 1928 1930
f 1783 1930 1785
f 1785 1930 1931
f 1788 1932 1933
f 1788 1933 1789
f 1789 1933 1790
f 1790 1934 1935
f 1790 1935 1936
f 1790 1936 1791
f 1790 1933 1937
f 1790 1937 1938
f 1790 1938 1939
f 1790 1939 1934
f 1791 1936 1792
f 1792 1936 1935
f 1792 1935 1793
f 1793 1935 1796
f 1794 1798 1795
f 1795 1798 1940
f 1795 1940 1799
f 1796 1941 1942
f 1796 1942 1943
f 1796 1943 1944
f 1796 1944 1797
f 1796 1935 1945
f 1796 1945 1941
f 1797 1944 1946
f 1797 1946 1798
f 1798 1946 1940
f 1799 1940 1947
f 1799 1947 1948
f 1799 1948 1949
f 1799 1949 1950
f 1799 1950 1951
f 1799 1951 1813
f 1800 1952 1953
f 1800 1953 1954
f 1800 1954 1955
f 1800 1955 1801
f 1800 1805 1952
f 1801 1955 1818
f 1801 1818 1802
f 1804 1806 1805
f 1805 1806 1956
f 1805 1956 1952
f 1806 1809 1957
f 1806 1957 1956
f 1808 1958 1959
f 1808 1959 1809
f 1808 1812 1960
f 1808 1960 1961
f 1808 1961 1958
f 1809 1959 1957
f 1810 1813 1951
f 1810 1951 1811
f 1811 1951 1962
f 1811 1962 1963
f 1811 1963 1812
f 1812 1963 1960
f 1814 1818 1964
f 1814 1964 1965
f 1814 1965 1815
f 1815 1966 1967
f 1815 1967 1816
f 1815 1965 1968
f 1815 1968 1969
f 1815 1969 1966
f 1816 1967 1829
f 1816 1829 1828
f 1816 1828 1820
f 1816 1820 1817
f 1817 1820 1819
f 1818 1955 1954
f 1818 1954 1964
f 1823 1970 1971
f 1823 1971 1972
f 1823 1972 1973
f 1823 1973 1974
f 1823 1974 1848
f 1823 1848 1824
f 1823 1847 1845
f 1823 1845 1975
f 1823 1975 1970
f 1825 1827 1976
f 1825 1976 1977
f 1825 1977 1978
f 1825 1978 1835
f 1826 1977 1976
f 1826 1976 1827
f 1826 1832 1979
f 1826 1979 1980
f 1826 1980 1981
f 1826 1981 1982
f 1826 1982 1977
f 1829 1967 1983
f 1829 1983 1979
f 1829 1979 1831
f 1829 1831 1830
f 1831 1979 1832
f 1834 1837 1839
f 1835 1978 1836
f 1836 1978 1977
f 1836 1977 1984
f 1836 1984 1985
f 1836 1985 1986
f 1836 1986 1839
f 1836 1839 1837
f 1839 1986 1840
f 1840 1986 1985
f 1840 1985 1987
f 1840 1987 1988
f 1840 1988 1989
f 1840 1989 1990
f 1840 1990 1991
f 1840 1991 1841
f 1841 1991 1842
f 1842 1991 1843
f 1843 1991 1992
f 1843 1992 1993
f 1843 1993 1994
f 1843 1994 1845
f 1843 1845 1844
f 1845 1994 1995
f 1845 1995 1996
f 1845 1996 1997
f 1845 1997 1998
f 1845 1998 1975
f 1845 1847 1846
f 1848 1974 1999
f 1848 1999 1849
f 1849 1999 2000
f 1849 2000 1850
f 1850 2000 1851
f 1851 2000 2001
f 1851 2001 2002
f 1851 2002 2003
f 1851 2003 1852
f 1852 2003 1859
f 1852 1859 1853
f 1854 1861 1855
f 1855 1861 1856
f 1856 1861 1860
f 1856 1860 1857
f 1857 1860 2004
f 1857 2004 1858
f 1858 2004 2005
f 1858 2005 2006
f 1858 2006 1873
f 1859 2003 1860
f 1860 2003 2007
f 1860 2007 2004
f 1862 2008 1877
f 1862 1867 2008
f 1863 1869 1864
f 1864 1869 2009
f 1864 2009 2010
f 1864 2010 1865
f 1865 2011 2012
f 1865 2012 1866
f 1865 2010 2011
f 1866 2012 1868
f 1867 1868 2013
f 1867 2013 2008
f 1868 2014 2013
f 1868 2012 2015
f 1868 2015 2016
f 1868 2016 2014
f 1869 1870 2017
f 1869 2017 2009
f 1870 2018 2017
f 1870 1872 2018
f 1871 2019 1872
f 1871 1874 2020
f 1871 2020 2019
f 1872 2019 2018
f 1873 2006 1875
f 1874 1875 2021
f 1874 2021 2022
f 1874 2022 2020
f 1875 2006 2023
f 1875 2023 2021
f 1876 1877 2024
f 1876 2024 2025
f 1876 2025 1882
f 1876 1882 1878
f 1877 2026 2024
f 1877 2008 2026
f 1879 1882 1880
f 1880 1882 2027
f 1880 2027 2028
f 1880 2028 2029
f 1880 2029 2030
f 1880 2030 2031
f 1880 2031 2032
f 1880 2032 1884
f 1880 1884 1883
f 1880 1883 1881
f 1882 2025 2033
f 1882 2033 2027
f 1884 2032 2034
f 1884 2034 2035
f 1884 2035 1885
f 1885 2035 1886
f 1886 2035 2036
f 1886 2036 2037
f 1886 2037 2038
f 1886 2038 2039
f 1886 2039 1888
f 1886 1888 1887
f 1888 2039 1889
f 1889 2039 2040
f 1889 2040 1890
f 1890 2040 1891
f 1891 2040 2041
f 1891 2041 2042
f 1891 2042 2043
f 1891 2043 1893
f 1891 1893 1892
f 1893 2043 1894
f 1894 2043 2044
f 1894 2044 1895
f 1895 2044 1901
f 1895 1897 1896
f 1898 1901 2045
f 1898 2045 1899
f 1899 2046 2047
f 1899 2047 2048
f 1899 2048 1902
f 1899 1902 1900
f 1899 2045 2046
f 1901 2044 2045
f 1902 2048 1904
f 1902 1904 1903
f 1904 2048 2049
f 1904 2049 2050
f 1904 2050 1905
f 1905 2050 2051
f 1905 2051 2052
f 1905 2052 1907
f 1907 2053 1908
f 1907 2052 2053
f 1908 2053 1909
f 1909 2054 2055
f 1909 2055 2056
f 1909 2056 1910
f 1909 2053 2057
f 1909 2057 2054
f 1910 1912 1911
f 1910 2056 1912
f 1912 2056 2058
f 1912 2058 1914
f 1912 1914 1913
f 1914 2058 2059
f 1914 2059 2060
f 1914 2060 2061
f 1914 2061 1915
f 1915 2061 1916
f 1916 2061 2062
f 1916 2062 2063
f 1916 2063 1920
f 1916 1919 1917
f 1920 2063 2064
f 1920 2064 2065
f 1920 2065 1921
f 1921 2066 2067
f 1921 2067 2068
f 1921 2068 2069
f 1921 2069 2070
f 1921 2070 1922
f 1921 2065 2064
f 1921 2064 2066
f 1922 2071 1923
f 1922 2070 2071
f 1923 2071 2072
f 1923 2072 1924
f 1924 2073 1926
f 1924 1926 1925
f 1924 2072 2073
f 1926 2073 2074
f 1926 2074 1927
f 1927 2074 1928
f 1928 2074 2075
f 1928 2075 1930
f 1930 2075 2076
f 1930 2076 1931
f 1932 1937 1933
f 1934 1939 1935
f 1935 1939 1945
f 1937 2077 1938
f 1938 2077 2078
f 1938 2078 2079
f 1938 2079 1939
f 1939 2079 1941
f 1939 1941 1945
f 1940 1946 2080
f 1940 2080 2081
f 1940 2081 2082
f 1940 2082 2083
f 1940 2083 1947
f 1941 2079 2084
f 1941 2084 1942
f 1942 2084 1943
f 1943 2084 2085
f 1943 2085 2086
f 1943 2086 2080
f 1943 2080 1944
f 1944 2080 1946
f 1947 2083 1948
f 1948 2083 2087
f 1948 2087 2088
f 1948 2088 2089
f 1948 2089 2090
f 1948 2090 1949
f 1949 2090 1950
f 1950 2090 1951
f 1951 2090 1962
f 1952 1956 1953
f 1953 1956 2091
f 1953 2091 2092
f 1953 2092 2093
f 1953 2093 2094
f 1953 2094 1968
f 1953 1968 2095
f 1953 2095 1954
f 1954 2095 1964
f 1956 1957 1958
f 1956 1958 2096
f 1956 2096 2097
f 1956 2097 2098
f 1956 2098 2092
f 1956 2092 2091
f 1957 1959 1958
f 1958 2097 2096
f 1958 1961 2099
f 1958 2099 2100
f 1958 2100 2097
f 1960 1963 2099
f 1960 2099 1961
f 1962 2090 1963
f 1963 2090 2101
f 1963 2101 2102
f 1963 2102 2103
f 1963 2103 2099
f 1964 2095 1965
f 1965 2095 1968
f 1966 2104 2105
f 1966 2105 1983
f 1966 1983 1967
f 1966 1969 2106
f 1966 2106 2107
f 1966 2107 2108
f 1966 2108 2104
f 1968 2107 2106
f 1968 2106 1969
f 1968 2094 2109
f 1968 2109 2107
f 1970 1975 2110
f 1970 2110 1971
f 1971 2110 1997
f 1971 1997 2111
f 1971 2111 2112
f 1971 2112 1972
f 1972 2112 2113
f 1972 2113 2114
f 1972 2114 2115
f 1972 2115 1973
f 1973 2115 2116
f 1973 2116 1974
f 1974 2116 1999
f 1975 1998 2110
f 1977 2117 1984
f 1977 1982 1981
f 1977 1981 2118
f 1977 2118 2119
f 1977 2119 2117
f 1979 1981 1980
f 1979 1983 2105
f 1979 2105 2120
f 1979 2120 1981
f 1981 2120 2104
f 1981 2104 2121
f 1981 2121 2122
f 1981 2122 2123
f 1981 2123 2118
f 1984 2117 1985
f 1985 1988 1987
f 1985 2117 2119
f 1985 2119 2124
f 1985 2124 2125
f 1985 2125 1988
f 1988 2125 2126
f 1988 2126 2127
f 1988 2127 2128
f 1988 2128 2129
f 1988 2129 1989
f 1989 2129 1990
f 1990 2130 1991
f 1990 2129 2130
f 1991 2130 1992
f 1992 2131 2132
f 1992 2132 1993
f 1992 2130 2131
f 1993 2132 1995
f 1993 1995 1994
f 1995 2132 2133
f 1995 2133 2134
f 1995 2134 2135
f 1995 2135 1996
f 1996 2135 1997
f 1997 2135 2111
f 1997 2110 1998
f 1999 2136 2000
f 1999 2116 2136
f 2000 2137 2001
f 2000 2136 2137
f 2001 2138 2139
f 2001 2139 2002
f 2001 2137 2138
f 2002 2139 2140
f 2002 2140 2141
f 2002 2141 2007
f 2002 2007 2003
f 2004 2007 2005
f 2005 2007 2141
f 2005 2141 2140
f 2005 2140 2142
f 2005 2142 2006
f 2006 2142 2023
f 2008 2013 2026
f 2009 2017 2143
f 2009 2143 2010
f 2010 2143 2144
f 2010 2144 2145
f 2010 2145 2011
f 2011 2145 2146
f 2011 2146 2012
f 2012 2146 2015
f 2013 2147 2148
f 2013 2148 2026
f 2013 2014 2147
f 2014 2016 2147
f 2015 2146 2016
f 2016 2146 2149
f 2016 2149 2150
f 2016 2150 2151
f 2016 2151 2147
f 2017 2152 2143
f 2017 2018 2152
f 2018 2019 2153
f 2018 2153 2152
f 2019 2020 2153
f 2020 2022 2154
f 2020 2154 2155
f 2020 2155 2156
f 2020 2156 2153
f 2021 2023 2157
f 2021 2157 2158
f 2021 2158 2022
f 2022 2158 2159
f 2022 2159 2154
f 2023 2142 2157
f 2024 2026 2160
f 2024 2160 2025
f 2025 2160 2033
f 2026 2161 2160
f 2026 2148 2161
f 2027 2033 2028
f 2028 2033 2029
f 2029 2162 2163
f 2029 2163 2164
f 2029 2164 2165
f 2029 2165 2030
f 2029 2033 2166
f 2029 2166 2167
f 2029 2167 2168
f 2029 2168 2169
f 2029 2169 2162
f 2030 2165 2031
f 2031 2165 2164
f 2031 2164 2170
f 2031 2170 2171
f 2031 2171 2034
f 2031 2034 2032
f 2033 2160 2172
f 2033 2172 2166
f 2034 2171 2035
f 2035 2171 2037
f 2035 2037 2036
f 2037 2173 2174
f 2037 2174 2175
f 2037 2175 2176
f 2037 2176 2039
f 2037 2039 2038
f 2037 2171 2173
f 2039 2176 2177
f 2039 2177 2041
f 2039 2041 2040
f 2041 2178 2179
f 2041 2179 2042
f 2041 2177 2178
f 2042 2179 2180
f 2042 2180 2043
f 2043 2180 2181
f 2043 2181 2045
f 2043 2045 2044
f 2045 2181 2182
f 2045 2182 2046
f 2046 2182 2183
f 2046 2183 2184
f 2046 2184 2185
f 2046 2185 2186
f 2046 2186 2047
f 2047 2186 2187
f 2047 2187 2188
f 2047 2188 2189
f 2047 2189 2190
f 2047 2190 2049
f 2047 2049 2048
f 2049 2190 2050
f 2050 2190 2051
f 2051 2190 2191
f 2051 2191 2192
f 2051 2192 2053
f 2051 2053 2052
f 2053 2193 2194
f 2053 2194 2057
f 2053 2192 2193
f 2054 2195 2196
f 2054 2196 2055
f 2054 2057 2194
f 2054 2194 2195
f 2055 2196 2197
f 2055 2197 2056
f 2056 2197 2198
f 2056 2198 2058
f 2058 2198 2059
f 2059 2198 2199
f 2059 2199 2200
f 2059 2200 2060
f 2060 2200 2201
f 2060 2201 2202
f 2060 2202 2062
f 2060 2062 2061
f 2062 2064 2063
f 2062 2202 2064
f 2064 2202 2201
f 2064 2201 2066
f 2066 2201 2203
f 2066 2203 2067
f 2067 2203 2204
f 2067 2204 2205
f 2067 2205 2206
f 2067 2206 2207
f 2067 2207 2068
f 2068 2207 2208
f 2068 2208 2069
f 2069 2208 2209
f 2069 2209 2070
f 2070 2209 2071
f 2071 2209 2210
f 2071 2210 2211
f 2071 2211 2072
f 2072 2211 2212
f 2072 2212 2073
f 2073 2213 2074
f 2073 2212 2213
f 2074 2213 2214
f 2074 2214 2075
f 2075 2214 2076
f 2076 2214 2215
f 2077 2216 2078
f 2078 2216 2217
f 2078 2217 2218
f 2078 2218 2079
f 2079 2218 2084
f 2080 2086 2219
f 2080 2219 2220
f 2080 2220 2221
f 2080 2221 2082
f 2080 2082 2081
f 2082 2221 2222
f 2082 2222 2087
f 2082 2087 2083
f 2084 2218 2217
f 2084 2217 2223
f 2084 2223 2224
f 2084 2224 2225
f 2084 2225 2085
f 2085 2225 2226
f 2085 2226 2086
f 2086 2226 2219
f 2087 2222 2088
f 2088 2227 2089
f 2088 2222 2228
f 2088 2228 2229
f 2088 2229 2227
f 2089 2230 2090
f 2089 2227 2230
f 2090 2230 2101
f 2092 2098 2097
f 2092 2097 2231
f 2092 2231 2232
f 2092 2232 2233
f 2092 2233 2234
f 2092 2234 2235
f 2092 2235 2236
f 2092 2236 2093
f 2093 2236 2094
f 2094 2236 2109
f 2097 2237 2232
f 2097 2232 2231
f 2097 2100 2238
f 2097 2238 2239
f 2097 2239 2240
f 2097 2240 2237
f 2099 2103 2238
f 2099 2238 2100
f 2101 2230 2102
f 2102 2230 2241
f 2102 2241 2242
f 2102 2242 2243
f 2102 2243 2103
f 2103 2243 2238
f 2104 2108 2107
f 2104 2107 2244
f 2104 2244 2122
f 2104 2122 2121
f 2104 2120 2105
f 2107 2245 2246
f 2107 2246 2244
f 2107 2109 2236
f 2107 2236 2247
f 2107 2247 2235
f 2107 2235 2245
f 2111 2135 2248
f 2111 2248 2112
f 2112 2248 2113
f 2113 2249 2250
f 2113 2250 2114
f 2113 2248 2249
f 2114 2250 2251
f 2114 2251 2252
f 2114 2252 2253
f 2114 2253 2254
f 2114 2254 2116
f 2114 2116 2115
f 2116 2254 2136
f 2118 2255 2119
f 2118 2123 2255
f 2119 2255 2256
f 2119 2256 2257
f 2119 2257 2124
f 2122 2244 2245
f 2122 2245 2258
f 2122 2258 2259
f 2122 2259 2260
f 2122 2260 2255
f 2122 2255 2123
f 2124 2257 2125
f 2125 2257 2126
f 2126 2261 2127
f 2126 2257 2261
f 2127 2261 2262
f 2127 2262 2263
f 2127 2263 2128
f 2128 2264 2129
f 2128 2263 2264
f 2129 2264 2265
f 2129 2265 2130
f 2130 2265 2131
f 2131 2266 2132
f 2131 2265 2267
f 2131 2267 2266
f 2132 2266 2133
f 2133 2266 2268
f 2133 2268 2269
f 2133 2269 2134
f 2134 2269 2268
f 2134 2268 2270
f 2134 2270 2248
f 2134 2248 2135
f 2136 2254 2271
f 2136 2271 2137
f 2137 2271 2138
f 2138 2272 2273
f 2138 2273 2139
f 2138 2271 2272
f 2139 2273 2140
f 2140 2273 2274
f 2140 2274 2275
f 2140 2275 2276
f 2140 2276 2142
f 2142 2276 2157
f 2143 2152 2144
f 2144 2152 2277
f 2144 2277 2278
f 2144 2278 2279
f 2144 2279 2280
f 2144 2280 2281
f 2144 2281 2145
f 2145 2281 2146
f 2146 2281 2149
f 2147 2151 2282
f 2147 2282 2283
f 2147 2283 2284
f 2147 2284 2148
f 2148 2284 2285
f 2148 2285 2161
f 2149 2286 2150
f 2149 2281 2286
f 2150 2287 2288
f 2150 2288 2289
f 2150 2289 2151
f 2150 2286 2287
f 2151 2289 2290
f 2151 2290 2282
f 2152 2153 2291
f 2152 2291 2278
f 2152 2278 2277
f 2153 2292 2291
f 2153 2156 2292
f 2154 2293 2155
f 2154 2159 2298
f 2154 2298 2293
f 2155 2294 2292
f 2155 2292 2156
f 2155 2293 2295
f 2155 2295 2294
f 2157 2276 2158
f 2158 2276 2296
f 2158 2296 2297
f 2158 2297 2159
f 2159 2297 2443
f 2159 2443 2298
f 2160 2161 2299
f 2160 2299 2172
f 2161 2285 2299
f 2162 2300 2301
f 2162 2301 2163
f 2162 2169 2300
f 2163 2301 2302
f 2163 2302 2164
f 2164 2302 2303
f 2164 2303 2170
f 2166 2172 2167
f 2167 2304 2168
f 2167 2172 2299
f 2167 2299 2304
f 2168 2304 2169
f 2169 2304 2305
f 2169 2305 2306
f 2169 2306 2300
f 2170 2303 2171
f 2171 2303 2307
f 2171 2307 2308
f 2171 2308 2173
f 2173 2308 2309
f 2173 2309 2310
f 2173 2310 2174
f 2174 2310 2311
f 2174 2311 2175
f 2175 2177 2176
f 2175 2311 2312
f 2175 2312 2313
f 2175 2313 2178
f 2175 2178 2177
f 2178 2313 2179
f 2179 2313 2314
f 2179 2314 2180
f 2180 2314 2315
f 2180 2315 2316
f 2180 2316 2181
f 2181 2316 2182
f 2182 2316 2317
f 2182 2317 2183
f 2183 2318 2184
f 2183 2317 2318
f 2184 2318 2185
f 2185 2318 2319
f 2185 2319 2320
f 2185 2320 2188
f 2185 2188 2186
f 2186 2188 2187
f 2188 2321 2322
f 2188 2322 2323
f 2188 2323 2189
f 2188 2320 2321
f 2189 2323 2190
f 2190 2323 2191
f 2191 2323 2324
f 2191 2324 2192
f 2192 2324 2193
f 2193 2324 2325
f 2193 2325 2194
f 2194 2325 2326
f 2194 2326 2195
f 2195 2326 2327
f 2195 2327 2328
f 2195 2328 2329
f 2195 2329 2196
f 2196 2329 2330
f 2196 2330 2197
f 2197 2330 2331
f 2197 2331 2332
f 2197 2332 2199
f 2197 2199 2198
f 2199 2332 2200
f 2200 2332 2333
f 2200 2333 2201
f 2201 2333 2204
f 2201 2204 2203
f 2204 2334 2205
f 2204 2333 2334
f 2205 2335 2336
f 2205 2336 2206
f 2205 2334 2335
f 2206 2336 2337
f 2206 2337 2338
f 2206 2338 2339
f 2206 2339 2207
f 2207 2339 2340
f 2207 2340 2208
f 2208 2341 2209
f 2208 2340 2341
f 2209 2341 2342
f 2209 2342 2210
f 2210 2342 2211
f 2211 2342 2343
f 2211 2343 2344
f 2211 2344 2212
f 2212 2345 2213
f 2212 2344 2345
f 2213 2345 2346
f 2213 2346 2214
f 2214 2346 2215
f 2216 2347 2217
f 2217 2347 2348
f 2217 2348 2223
f 2219 2226 2349
f 2219 2349 2220
f 2220 2349 2350
f 2220 2350 2351
f 2220 2351 2221
f 2221 2351 2352
f 2221 2352 2222
f 2222 2352 2228
f 2223 2348 2224
f 2224 2348 2353
f 2224 2353 2354
f 2224 2354 2355
f 2224 2355 2225
f 2225 2355 2356
f 2225 2356 2226
f 2226 2356 2349
f 2227 2229 2357
f 2227 2357 2230
f 2228 2352 2358
f 2228 2358 2359
f 2228 2359 2229
f 2229 2359 2360
f 2229 2360 2361
f 2229 2361 2357
f 2230 2357 2241
f 2232 2362 2234
f 2232 2234 2233
f 2232 2237 2363
f 2232 2363 2364
f 2232 2364 2362
f 2234 2362 2365
f 2234 2365 2366
f 2234 2366 2235
f 2235 2367 2368
f 2235 2368 2369
f 2235 2369 2245
f 2235 2247 2236
f 2235 2366 2370
f 2235 2370 2367
f 2237 2240 2371
f 2237 2371 2363
f 2238 2243 2372
f 2238 2372 2240
f 2238 2240 2239
f 2240 2372 2243
f 2240 2243 2373
f 2240 2373 2374
f 2240 2374 2371
f 2241 2357 2375
f 2241 2375 2242
f 2242 2375 2376
f 2242 2376 2377
f 2242 2377 2243
f 2243 2377 2378
f 2243 2378 2373
f 2244 2246 2245
f 2245 2369 2258
f 2248 2270 2268
f 2248 2268 2379
f 2248 2379 2380
f 2248 2380 2249
f 2249 2381 2250
f 2249 2380 2382
f 2249 2382 2383
f 2249 2383 2381
f 2250 2381 2251
f 2251 2384 2385
f 2251 2385 2386
f 2251 2386 2252
f 2251 2381 2387
f 2251 2387 2384
f 2252 2386 2388
f 2252 2388 2389
f 2252 2389 2253
f 2253 2389 2390
f 2253 2390 2254
f 2254 2390 2271
f 2255 2260 2391
f 2255 2391 2256
f 2256 2391 2257
f 2257 2392 2393
f 2257 2393 2261
f 2257 2391 2394
f 2257 2394 2395
f 2257 2395 2392
f 2258 2369 2396
f 2258 2396 2259
f 2259 2397 2394
f 2259 2394 2398
f 2259 2398 2260
f 2259 2396 2399
f 2259 2399 2397
f 2260 2398 2391
f 2261 2400 2401
f 2261 2401 2262
f 2261 2393 2402
f 2261 2402 2400
f 2262 2401 2403
f 2262 2403 2404
f 2262 2404 2405
f 2262 2405 2406
f 2262 2406 2407
f 2262 2407 2263
f 2263 2407 2264
f 2264 2407 2406
f 2264 2406 2408
f 2264 2408 2265
f 2265 2408 2267
f 2266 2267 2409
f 2266 2409 2410
f 2266 2410 2268
f 2267 2408 2409
f 2268 2411 2379
f 2268 2410 2412
f 2268 2412 2413
f 2268 2413 2414
f 2268 2414 2411
f 2271 2390 2415
f 2271 2415 2272
f 2272 2415 2274
f 2272 2274 2273
f 2274 2415 2416
f 2274 2416 2417
f 2274 2417 2418
f 2274 2418 2275
f 2275 2418 2296
f 2275 2296 2276
f 2278 2291 2419
f 2278 2419 2420
f 2278 2420 2421
f 2278 2421 2422
f 2278 2422 2279
f 2279 2422 2280
f 2280 2422 2423
f 2280 2423 2281
f 2281 2423 2424
f 2281 2424 2286
f 2282 2290 2425
f 2282 2425 2283
f 2283 2425 2426
f 2283 2426 2285
f 2283 2285 2284
f 2285 2426 2427
f 2285 2427 2428
f 2285 2428 2299
f 2286 2429 2430
f 2286 2430 2287
f 2286 2424 2429
f 2287 2430 2288
f 2288 2430 2431
f 2288 2431 2432
f 2288 2432 2433
f 2288 2433 2434
f 2288 2434 2435
f 2288 2435 2436
f 2288 2436 2437
f 2288 2437 2289
f 2289 2437 2290
f 2290 2437 2425
f 2291 2292 2419
f 2292 2294 2419
f 2293 2298 2438
f 2293 2438 2295
f 2294 2295 2439
f 2294 2439 2419
f 2295 2440 2439
f 2295 2438 2441
f 2295 2441 2440
f 2296 2418 2297
f 2297 2418 2442
f 2297 2442 2443
f 2298 2443 2444
f 2298 2444 2438
f 2299 2428 2304
f 2300 2306 2445
f 2300 2445 2301
f 2301 2445 2446
f 2301 2446 2302
f 2302 2446 2303
f 2303 2446 2308
f 2303 2308 2307
f 2304 2428 2427
f 2304 2427 2305
f 2305 2447 2306
f 2305 2427 2448
f 2305 2448 2449
f 2305 2449 2447
f 2306 2450 2445
f 2306 2447 2450
f 2308 2451 2309
f 2308 2446 2451
f 2309 2452 2310
f 2309 2451 2452
f 2310 2452 2453
f 2310 2453 2311
f 2311 2453 2454
f 2311 2454 2312
f 2312 2454 2455
f 2312 2455 2313
f 2313 2455 2456
f 2313 2456 2315
f 2313 2315 2314
f 2315 2457 2458
f 2315 2458 2318
f 2315 2318 2317
f 2315 2317 2316
f 2315 2456 2457
f 2318 2459 2319
f 2318 2458 2459
f 2319 2459 2460
f 2319 2460 2461
f 2319 2461 2462
f 2319 2462 2321
f 2319 2321 2320
f 2321 2462 2463
f 2321 2463 2464
f 2321 2464 2322
f 2322 2464 2465
f 2322 2465 2466
f 2322 2466 2323
f 2323 2466 2324
f 2324 2466 2325
f 2325 2466 2326
f 2326 2467 2327
f 2326 2466 2468
f 2326 2468 2467
f 2327 2467 2328
f 2328 2469 2470
f 2328 2470 2471
f 2328 2471 2472
f 2328 2472 2330
f 2328 2330 2329
f 2328 2467 2473
f 2328 2473 2469
f 2330 2472 2474
f 2330 2474 2475
f 2330 2475 2331
f 2331 2475 2332
f 2332 2475 2476
f 2332 2476 2333
f 2333 2476 2334
f 2334 2476 2477
f 2334 2477 2335
f 2335 2478 2479
f 2335 2479 2336
f 2335 2477 2478
f 2336 2479 2480
f 2336 2480 2337
f 2337 2480 2481
f 2337 2481 2338
f 2338 2482 2483
f 2338 2483 2339
f 2338 2481 2484
f 2338 2484 2485
f 2338 2485 2482
f 2339 2483 2340
f 2340 2483 2486
f 2340 2486 2341
f 2341 2486 2487
f 2341 2487 2342
f 2342 2487 2488
f 2342 2488 2343
f 2343 2488 2344
f 2344 2489 2345
f 2344 2488 2489
f 2347 2490 2348
f 2348 2490 2491
f 2348 2491 2353
f 2349 2356 2492
f 2349 2492 2350
f 2350 2492 2493
f 2350 2493 2494
f 2350 2494 2351
f 2351 2358 2352
f 2351 2494 2495
f 2351 2495 2358
f 2353 2491 2354
f 2354 2496 2497
f 2354 2497 2498
f 2354 2498 2355
f 2354 2491 2496
f 2355 2498 2499
f 2355 2499 2500
f 2355 2500 2356
f 2356 2500 2492
f 2357 2376 2375
f 2357 2361 2501
f 2357 2501 2376
f 2358 2495 2359
f 2359 2495 2502
f 2359 2502 2360
f 2360 2502 2503
f 2360 2503 2504
f 2360 2504 2505
f 2360 2505 2361
f 2361 2505 2501
f 2362 2364 2506
f 2362 2506 2365
f 2363 2371 2507
f 2363 2507 2364
f 2364 2507 2508
f 2364 2508 2509
f 2364 2509 2510
f 2364 2510 2511
f 2364 2511 2506
f 2365 2370 2366
f 2365 2506 2370
f 2367 2512 2368
f 2367 2370 2512
f 2368 2512 2513
f 2368 2513 2369
f 2369 2513 2396
f 2370 2506 2511
f 2370 2511 2514
f 2370 2514 2512
f 2371 2374 2507
f 2373 2378 2515
f 2373 2515 2374
f 2374 2515 2507
f 2376 2516 2378
f 2376 2378 2377
f 2376 2501 2517
f 2376 2517 2518
f 2376 2518 2519
f 2376 2519 2516
f 2378 2516 2520
f 2378 2520 2515
f 2379 2411 2380
f 2380 2411 2521
f 2380 2521 2382
f 2381 2383 2522
f 2381 2522 2523
f 2381 2523 2524
f 2381 2524 2387
f 2382 2522 2383
f 2382 2521 2525
f 2382 2525 2526
f 2382 2526 2527
f 2382 2527 2528
f 2382 2528 2522
f 2384 2387 2529
f 2384 2529 2530
f 2384 2530 2385
f 2385 2388 2386
f 2385 2530 2531
f 2385 2531 2532
f 2385 2532 2416
f 2385 2416 2388
f 2387 2524 2529
f 2388 2416 2533
f 2388 2533 2389
f 2389 2533 2390
f 2390 2533 2415
f 2391 2398 2394
f 2392 2402 2393
f 2392 2395 2402
f 2394 2397 2399
f 2394 2399 2534
f 2394 2534 2535
f 2394 2535 2536
f 2394 2536 2537
f 2394 2537 2538
f 2394 2538 2395
f 2395 2538 2539
f 2395 2539 2402
f 2396 2513 2399
f 2399 2513 2512
f 2399 2512 2540
f 2399 2540 2541
f 2399 2541 2534
f 2400 2403 2401
f 2400 2402 2403
f 2402 2542 2543
f 2402 2543 2403
f 2402 2539 2544
f 2402 2544 2542
f 2403 2543 2545
f 2403 2545 2546
f 2403 2546 2547
f 2403 2547 2548
f 2403 2548 2404
f 2404 2548 2405
f 2405 2549 2550
f 2405 2550 2551
f 2405 2551 2552
f 2405 2552 2406
f 2405 2548 2547
f 2405 2547 2549
f 2406 2552 2409
f 2406 2409 2408
f 2409 2552 2553
f 2409 2553 2412
f 2409 2412 2410
f 2411 2414 2525
f 2411 2525 2521
f 2412 2553 2413
f 2413 2553 2552
f 2413 2552 2551
f 2413 2551 2554
f 2413 2554 2555
f 2413 2555 2556
f 2413 2556 2414
f 2414 2556 2525
f 2415 2533 2416
f 2416 2532 2557
f 2416 2557 2417
f 2417 2557 2442
f 2417 2442 2418
f 2419 2439 2420
f 2420 2558 2559
f 2420 2559 2421
f 2420 2439 2558
f 2421 2559 2422
f 2422 2560 2423
f 2422 2559 2560
f 2423 2561 2424
f 2423 2560 2561
f 2424 2561 2562
f 2424 2562 2429
f 2425 2436 2448
f 2425 2448 2426
f 2425 2437 2436
f 2426 2448 2427
f 2429 2562 2563
f 2429 2563 2564
f 2429 2564 2565
f 2429 2565 2430
f 2430 2565 2431
f 2431 2565 2566
f 2431 2566 2567
f 2431 2567 2432
f 2432 2567 2568
f 2432 2568 2434
f 2432 2434 2433
f 2434 2568 2569
f 2434 2569 2435
f 2435 2448 2436
f 2435 2569 2570
f 2435 2570 2449
f 2435 2449 2448
f 2438 2444 2573
f 2438 2573 2441
f 2439 2440 2571
f 2439 2571 2558
f 2440 2572 2571
f 2440 2441 2572
f 2441 2573 2574
f 2441 2574 2572
f 2442 2557 2575
f 2442 2575 2443
f 2443 2575 2444
f 2444 2575 2576
f 2444 2576 2573
f 2445 2450 2577
f 2445 2577 2578
f 2445 2578 2579
f 2445 2579 2580
f 2445 2580 2446
f 2446 2580 2581
f 2446 2581 2582
f 2446 2582 2451
f 2447 2449 2570
f 2447 2570 2450
f 2450 2570 2583
f 2450 2583 2584
f 2450 2584 2585
f 2450 2585 2586
f 2450 2586 2577
f 2451 2582 2452
f 2452 2587 2588
f 2452 2588 2589
f 2452 2589 2453
f 2452 2582 2587
f 2453 2589 2454
f 2454 2589 2590
f 2454 2590 2455
f 2455 2590 2591
f 2455 2591 2456
f 2456 2591 2457
f 2457 2591 2592
f 2457 2592 2593
f 2457 2593 2459
f 2457 2459 2458
f 2459 2593 2594
f 2459 2594 2460
f 2460 2595 2461
f 2460 2594 2595
f 2461 2595 2596
f 2461 2596 2462
f 2462 2596 2463
f 2463 2596 2597
f 2463 2597 2598
f 2463 2598 2464
f 2464 2598 2599
f 2464 2599 2600
f 2464 2600 2601
f 2464 2601 2465
f 2465 2468 2466
f 2465 2601 2468
f 2467 2468 2601
f 2467 2601 2602
f 2467 2602 2473
f 2469 2603 2604
f 2469 2604 2470
f 2469 2473 2605
f 2469 2605 2603
f 2470 2604 2606
f 2470 2606 2607
f 2470 2607 2471
f 2471 2608 2475
f 2471 2475 2474
f 2471 2474 2472
f 2471 2607 2609
f 2471 2609 2610
f 2471 2610 2608
f 2473 2602 2605
f 2475 2608 2476
f 2476 2608 2611
f 2476 2611 2477
f 2477 2611 2478
f 2478 2611 2612
f 2478 2612 2613
f 2478 2613 2479
f 2479 2613 2614
f 2479 2614 2480
f 2480 2614 2615
f 2480 2615 2481
f 2481 2615 2484
f 2482 2485 2616
f 2482 2617 2486
f 2482 2486 2483
f 2484 2618 2485
f 2484 2615 2619
f 2484 2619 2620
f 2484 2620 2621
f 2484 2621 2622
f 2484 2622 2623
f 2484 2623 2618
f 2485 2618 2616
f 2486 2617 2487
f 2487 2617 2488
f 2488 2624 2625
f 2488 2625 2626
f 2488 2626 2489
f 2488 2617 2624
f 2492 2500 2493
f 2493 2500 2627
f 2493 2627 2628
f 2493 2628 2629
f 2493 2629 2630
f 2493 2630 2494
f 2494 2630 2495
f 2495 2630 2631
f 2495 2631 2502
f 2497 2632 2498
f 2498 2632 2499
f 2499 2632 2633
f 2499 2633 2634
f 2499 2634 2635
f 2499 2635 2627
f 2499 2627 2500
f 2501 2505 2517
f 2502 2631 2503
f 2503 2631 2636
f 2503 2636 2504
f 2504 2637 2505
f 2504 2636 2638
f 2504 2638 2637
f 2505 2637 2517
f 2507 2515 2639
f 2507 2639 2640
f 2507 2640 2508
f 2508 2640 2509
f 2509 2641 2642
f 2509 2642 2643
f 2509 2643 2511
f 2509 2511 2510
f 2509 2640 2639
f 2509 2639 2644
f 2509 2644 2645
f 2509 2645 2641
f 2511 2643 2646
f 2511 2646 2647
f 2511 2647 2514
f 2512 2648 2540
f 2512 2514 2649
f 2512 2649 2648
f 2514 2650 2649
f 2514 2647 2650
f 2515 2520 2644
f 2515 2644 2639
f 2516 2519 2651
f 2516 2651 2520
f 2517 2637 2518
f 2518 2637 2652
f 2518 2652 2653
f 2518 2653 2654
f 2518 2654 2519
f 2519 2654 2651
f 2520 2651 2655
f 2520 2655 2644
f 2522 2656 2657
f 2522 2657 2658
f 2522 2658 2523
f 2522 2528 2659
f 2522 2659 2656
f 2523 2658 2524
f 2524 2658 2657
f 2524 2657 2660
f 2524 2660 2661
f 2524 2661 2529
f 2525 2527 2526
f 2525 2556 2527
f 2527 2662 2528
f 2527 2556 2554
f 2527 2554 2663
f 2527 2663 2664
f 2527 2664 2662
f 2528 2662 2664
f 2528 2664 2665
f 2528 2665 2659
f 2529 2661 2666
f 2529 2666 2530
f 2530 2666 2667
f 2530 2667 2531
f 2531 2667 2668
f 2531 2668 2669
f 2531 2669 2532
f 2532 2669 2557
f 2534 2541 2670
f 2534 2670 2535
f 2535 2671 2536
f 2535 2670 2671
f 2536 2671 2672
f 2536 2672 2673
f 2536 2673 2674
f 2536 2674 2675
f 2536 2675 2676
f 2536 2676 2677
f 2536 2677 2542
f 2536 2542 2544
f 2536 2544 2537
f 2537 2544 2539
f 2537 2539 2538
f 2540 2648 2678
f 2540 2678 2541
f 2541 2678 2670
f 2542 2677 2543
f 2543 2677 2679
f 2543 2679 2545
f 2545 2679 2680
f 2545 2680 2546
f 2546 2681 2547
f 2546 2680 2682
f 2546 2682 2681
f 2547 2683 2684
f 2547 2684 2685
f 2547 2685 2554
f 2547 2554 2549
f 2547 2681 2683
f 2549 2554 2550
f 2550 2554 2551
f 2554 2686 2687
f 2554 2687 2688
f 2554 2688 2663
f 2554 2556 2555
f 2554 2685 2686
f 2557 2669 2689
f 2557 2689 2575
f 2558 2690 2691
f 2558 2691 2559
f 2558 2571 2690
f 2559 2691 2692
f 2559 2692 2560
f 2560 2692 2561
f 2561 2692 2693
f 2561 2693 2562
f 2562 2693 2563
f 2563 2693 2694
f 2563 2694 2695
f 2563 2695 2564
f 2564 2695 2696
f 2564 2696 2565
f 2565 2696 2697
f 2565 2697 2698
f 2565 2698 2567
f 2565 2567 2566
f 2567 2699 2700
f 2567 2700 2701
f 2567 2701 2568
f 2567 2698 2699
f 2568 2701 2569
f 2569 2701 2584
f 2569 2584 2570
f 2570 2584 2583
f 2571 2572 2702
f 2571 2702 2703
f 2571 2703 2690
f 2572 2574 2704
f 2572 2704 2702
f 2573 2705 2706
f 2573 2706 2574
f 2573 2576 2707
f 2573 2707 2708
f 2573 2708 2705
f 2574 2706 2704
f 2575 2689 2576
f 2576 2689 2709
f 2576 2709 2707
f 2577 2586 2710
f 2577 2710 2711
f 2577 2711 2578
f 2578 2711 2712
f 2578 2712 2579
f 2579 2712 2713
f 2579 2713 2714
f 2579 2714 2580
f 2580 2714 2581
f 2581 2714 2715
f 2581 2715 2582
f 2582 2715 2587
f 2584 2701 2716
f 2584 2716 2585
f 2585 2716 2717
f 2585 2717 2586
f 2586 2717 2710
f 2587 2715 2718
f 2587 2718 2719
f 2587 2719 2720
f 2587 2720 2721
f 2587 2721 2588
f 2588 2721 2589
f 2589 2721 2722
f 2589 2722 2723
f 2589 2723 2590
f 2590 2723 2591
f 2591 2723 2592
f 2592 2724 2725
f 2592 2725 2595
f 2592 2595 2594
f 2592 2594 2593
f 2592 2723 2724
f 2595 2725 2596
f 2596 2726 2597
f 2596 2725 2726
f 2597 2726 2727
f 2597 2727 2598
f 2598 2727 2599
f 2599 2728 2729
f 2599 2729 2600
f 2599 2727 2728
f 2600 2729 2730
f 2600 2730 2601
f 2601 2730 2602
f 2602 2730 2605
f 2603 2605 2731
f 2603 2731 2732
f 2603 2732 2733
f 2603 2733 2604
f 2604 2733 2606
f 2605 2730 2734
f 2605 2734 2731
f 2606 2733 2735
f 2606 2735 2736
f 2606 2736 2609
f 2606 2609 2607
f 2608 2610 2611
f 2609 2736 2737
f 2609 2737 2610
f 2610 2737 2738
f 2610 2738 2611
f 2611 2738 2612
f 2612 2738 2739
f 2612 2739 2740
f 2612 2740 2613
f 2613 2740 2614
f 2614 2740 2741
f 2614 2741 2742
f 2614 2742 2743
f 2614 2743 2615
f 2615 2743 2744
f 2615 2744 2619
f 2619 2744 2620
f 2620 2745 2746
f 2620 2746 2621
f 2620 2744 2745
f 2627 2635 2747
f 2627 2747 2628
f 2628 2747 2748
f 2628 2748 2749
f 2628 2749 2629
f 2629 2749 2750
f 2629 2750 2630
f 2630 2750 2751
f 2630 2751 2631
f 2631 2751 2752
f 2631 2752 2636
f 2634 2753 2754
f 2634 2754 2635
f 2635 2754 2747
f 2636 2752 2755
f 2636 2755 2756
f 2636 2756 2638
f 2637 2638 2652
f 2638 2756 2757
f 2638 2757 2652
f 2641 2758 2759
f 2641 2759 2642
f 2641 2645 2760
f 2641 2760 2758
f 2642 2759 2761
f 2642 2761 2646
f 2642 2646 2643
f 2644 2655 2762
f 2644 2762 2645
f 2645 2762 2763
f 2645 2763 2764
f 2645 2764 2765
f 2645 2765 2766
f 2645 2766 2760
f 2646 2761 2647
f 2647 2761 2650
f 2648 2649 2767
f 2648 2767 2678
f 2649 2650 2767
f 2650 2761 2767
f 2651 2654 2768
f 2651 2768 2655
f 2652 2757 2769
f 2652 2769 2653
f 2653 2769 2770
f 2653 2770 2771
f 2653 2771 2654
f 2654 2771 2768
f 2655 2768 2763
f 2655 2763 2762
f 2656 2659 2772
f 2656 2772 2773
f 2656 2773 2657
f 2657 2774 2775
f 2657 2775 2660
f 2657 2773 2776
f 2657 2776 2774
f 2659 2777 2772
f 2659 2665 2777
f 2660 2775 2778
f 2660 2778 2779
f 2660 2779 2661
f 2661 2779 2780
f 2661 2780 2666
f 2663 2688 2781
f 2663 2781 2664
f 2664 2781 2782
f 2664 2782 2665
f 2665 2783 2784
f 2665 2784 2777
f 2665 2782 2785
f 2665 2785 2783
f 2666 2780 2786
f 2666 2786 2667
f 2667 2787 2668
f 2667 2786 2787
f 2668 2787 2788
f 2668 2788 2709
f 2668 2709 2669
f 2669 2709 2689
f 2670 2678 2789
f 2670 2789 2672
f 2670 2672 2671
f 2672 2674 2673
f 2672 2789 2790
f 2672 2790 2791
f 2672 2791 2792
f 2672 2792 2674
f 2674 2792 2793
f 2674 2793 2794
f 2674 2794 2795
f 2674 2795 2796
f 2674 2796 2797
f 2674 2797 2798
f 2674 2798 2799
f 2674 2799 2800
f 2674 2800 2801
f 2674 2801 2802
f 2674 2802 2676
f 2674 2676 2675
f 2676 2802 2801
f 2676 2801 2803
f 2676 2803 2680
f 2676 2680 2679
f 2676 2679 2677
f 2678 2767 2804
f 2678 2804 2790
f 2678 2790 2789
f 2680 2803 2682
f 2681 2682 2805
f 2681 2805 2683
f 2682 2803 2806
f 2682 2806 2805
f 2683 2805 2807
f 2683 2807 2808
f 2683 2808 2684
f 2684 2808 2809
f 2684 2809 2685
f 2685 2809 2686
f 2686 2809 2810
f 2686 2810 2687
f 2687 2785 2688
f 2687 2810 2785
f 2688 2785 2781
f 2690 2703 2811
f 2690 2811 2812
f 2690 2812 2813
f 2690 2813 2691
f 2691 2813 2814
f 2691 2814 2692
f 2692 2814 2693
f 2693 2814 2694
f 2694 2815 2695
f 2694 2814 2815
f 2695 2816 2696
f 2695 2815 2816
f 2696 2817 2697
f 2696 2816 2817
f 2697 2817 2818
f 2697 2818 2698
f 2698 2818 2699
f 2699 2819 2700
f 2699 2818 2819
f 2700 2819 2820
f 2700 2820 2821
f 2700 2821 2822
f 2700 2822 2716
f 2700 2716 2701
f 2702 2823 2824
f 2702 2824 2703
f 2702 2704 2823
f 2703 2824 2811
f 2704 2706 2825
f 2704 2825 2826
f 2704 2826 2827
f 2704 2827 2823
f 2705 2828 2706
f 2705 2708 2828
f 2706 2828 2829
f 2706 2829 2830
f 2706 2830 2826
f 2706 2826 2825
f 2707 2831 2708
f 2707 2709 2788
f 2707 2788 2831
f 2708 2831 2832
f 2708 2832 2833
f 2708 2833 2834
f 2708 2834 2835
f 2708 2835 2829
f 2708 2829 2836
f 2708 2836 2828
f 2710 2837 2838
f 2710 2838 2711
f 2710 2717 2837
f 2711 2838 2839
f 2711 2839 2712
f 2712 2839 2840
f 2712 2840 2713
f 2713 2840 2841
f 2713 2841 2842
f 2713 2842 2843
f 2713 2843 2714
f 2714 2843 2715
f 2715 2843 2718
f 2716 2822 2844
f 2716 2844 2845
f 2716 2845 2846
f 2716 2846 2717
f 2717 2846 2837
f 2718 2843 2719
f 2719 2847 2720
f 2719 2843 2848
f 2719 2848 2847
f 2720 2847 2849
f 2720 2849 2721
f 2721 2849 2850
f 2721 2850 2722
f 2722 2850 2851
f 2722 2851 2852
f 2722 2852 2724
f 2722 2724 2723
f 2724 2852 2853
f 2724 2853 2854
f 2724 2854 2725
f 2725 2854 2855
f 2725 2855 2856
f 2725 2856 2726
f 2726 2856 2857
f 2726 2857 2858
f 2726 2858 2727
f 2727 2859 2728
f 2727 2858 2859
f 2728 2859 2860
f 2728 2860 2729
f 2729 2860 2861
f 2729 2861 2730
f 2730 2861 2734
f 2731 2862 2732
f 2731 2734 2863
f 2731 2863 2862
f 2732 2864 2865
f 2732 2865 2733
f 2732 2862 2864
f 2733 2865 2735
f 2734 2861 2863
f 2735 2866 2867
f 2735 2867 2736
f 2735 2865 2866
f 2736 2867 2868
f 2736 2868 2869
f 2736 2869 2737
f 2737 2869 2870
f 2737 2870 2738
f 2738 2870 2739
f 2739 2871 2740
f 2739 2870 2871
f 2740 2871 2872
f 2740 2872 2873
f 2740 2873 2874
f 2740 2874 2742
f 2740 2742 2741
f 2742 2873 2875
f 2742 2875 2876
f 2742 2876 2877
f 2742 2877 2743
f 2742 2874 2873
f 2743 2877 2878
f 2743 2878 2744
f 2744 2878 2745
f 2745 2878 2877
f 2745 2877 2879
f 2747 2754 2880
f 2747 2880 2748
f 2748 2880 2881
f 2748 2881 2882
f 2748 2882 2749
f 2749 2882 2750
f 2750 2882 2883
f 2750 2883 2751
f 2751 2883 2884
f 2751 2884 2752
f 2752 2884 2755
f 2753 2885 2754
f 2754 2885 2886
f 2754 2886 2880
f 2755 2884 2887
f 2755 2887 2756
f 2756 2887 2888
f 2756 2888 2757
f 2757 2888 2889
f 2757 2889 2769
f 2758 2760 2766
f 2758 2766 2759
f 2759 2766 2890
f 2759 2890 2891
f 2759 2891 2892
f 2759 2892 2893
f 2759 2893 2894
f 2759 2894 2761
f 2761 2894 2895
f 2761 2895 2767
f 2763 2768 2896
f 2763 2896 2897
f 2763 2897 2764
f 2764 2897 2765
f 2765 2890 2766
f 2765 2897 2890
f 2767 2895 2804
f 2768 2771 2896
f 2769 2889 2898
f 2769 2898 2899
f 2769 2899 2770
f 2770 2900 2771
f 2770 2899 2901
f 2770 2901 2900
f 2771 2900 2896
f 2772 2777 2784
f 2772 2784 2773
f 2773 2784 2776
f 2774 2776 2775
f 2775 2776 2902
f 2775 2902 2903
f 2775 2903 2904
f 2775 2904 2905
f 2775 2905 2906
f 2775 2906 2907
f 2775 2907 2908
f 2775 2908 2778
f 2776 2784 2909
f 2776 2909 2910
f 2776 2910 2911
f 2776 2911 2902
f 2778 2908 2779
f 2779 2912 2780
f 2779 2908 2912
f 2780 2913 2786
f 2780 2912 2913
f 2781 2785 2782
f 2783 2914 2910
f 2783 2910 2915
f 2783 2915 2784
f 2783 2785 2916
f 2783 2916 2914
f 2784 2915 2909
f 2785 2810 2917
f 2785 2917 2918
f 2785 2918 2919
f 2785 2919 2916
f 2786 2913 2787
f 2787 2913 2920
f 2787 2920 2921
f 2787 2921 2788
f 2788 2921 2831
f 2790 2922 2791
f 2790 2804 2895
f 2790 2895 2923
f 2790 2923 2922
f 2791 2922 2793
f 2791 2793 2792
f 2793 2922 2924
f 2793 2924 2925
f 2793 2925 2926
f 2793 2926 2794
f 2794 2926 2927
f 2794 2927 2795
f 2795 2928 2796
f 2795 2927 2929
f 2795 2929 2928
f 2796 2928 2930
f 2796 2930 2797
f 2797 2930 2798
f 2798 2930 3064
f 2798 3064 2931
f 2798 2931 2932
f 2798 2932 2933
f 2798 2933 2799
f 2799 2934 2800
f 2799 2933 2932
f 2799 2932 2935
f 2799 2935 2936
f 2799 2936 2934
f 2800 2934 2936
f 2800 2936 2803
f 2800 2803 2801
f 2803 2936 2935
f 2803 2935 2937
f 2803 2937 2806
f 2805 2938 2807
f 2805 2806 2938
f 2806 2937 2938
f 2807 2938 2917
f 2807 2917 2808
f 2808 2917 2809
f 2809 2917 2810
f 2811 2939 2812
f 2811 2824 2940
f 2811 2940 2939
f 2812 2939 2941
f 2812 2941 2813
f 2813 2942 2814
f 2813 2941 2943
f 2813 2943 2942
f 2814 2942 2815
f 2815 2944 2816
f 2815 2942 2944
f 2816 2944 2945
f 2816 2945 2817
f 2817 2945 2946
f 2817 2946 2947
f 2817 2947 2818
f 2818 2947 2946
f 2818 2946 2948
f 2818 2948 2949
f 2818 2949 2819
f 2819 2949 2820
f 2820 2949 2950
f 2820 2950 2821
f 2821 2950 2951
f 2821 2951 2822
f 2822 2951 2844
f 2823 2827 2824
f 2824 2827 2940
f 2826 2830 2827
f 2827 2952 2940
f 2827 2830 2952
f 2828 2836 2829
f 2829 2835 2830
f 2830 2835 2953
f 2830 2953 2954
f 2830 2954 2952
f 2831 2921 2832
f 2832 2921 2955
f 2832 2955 2833
f 2833 2955 2834
f 2834 2956 2835
f 2834 2955 2957
f 2834 2957 2956
f 2835 2956 2958
f 2835 2958 2959
f 2835 2959 2953
f 2837 2846 2960
f 2837 2960 2961
f 2837 2961 2962
f 2837 2962 2838
f 2838 2962 2839
f 2839 2962 2963
f 2839 2963 2841
f 2839 2841 2840
f 2841 2963 2964
f 2841 2964 2965
f 2841 2965 2966
f 2841 2966 2842
f 2842 2966 2967
f 2842 2967 2968
f 2842 2968 2848
f 2842 2848 2843
f 2844 2951 2845
f 2845 2951 2969
f 2845 2969 2846
f 2846 2969 2960
f 2847 2848 2970
f 2847 2970 2968
f 2847 2968 2971
f 2847 2971 2849
f 2848 2968 2970
f 2849 2971 2850
f 2850 2971 2851
f 2851 2971 2972
f 2851 2972 2852
f 2852 2972 2853
f 2853 2972 2973
f 2853 2973 2854
f 2854 2973 2855
f 2855 2973 2974
f 2855 2974 2856
f 2856 2974 2975
f 2856 2975 2857
f 2857 2975 2976
f 2857 2976 2858
f 2858 2976 2859
f 2859 2976 2977
f 2859 2977 2978
f 2859 2978 2860
f 2860 2979 2980
f 2860 2980 2861
f 2860 2978 2979
f 2861 2980 2863
f 2862 2981 2864
f 2862 2863 2982
f 2862 2982 2981
f 2863 2980 2982
f 2864 2981 2983
f 2864 2983 2984
f 2864 2984 2865
f 2865 2984 2866
f 2866 2985 2986
f 2866 2986 2867
f 2866 2984 2985
f 2867 2986 2987
f 2867 2987 2868
f 2868 2987 2988
f 2868 2988 2989
f 2868 2989 2869
f 2869 2989 2870
f 2870 2989 2871
f 2871 2989 2988
f 2871 2988 2990
f 2871 2990 2873
f 2871 2873 2872
f 2873 2991 2992
f 2873 2992 2993
f 2873 2993 2994
f 2873 2994 2875
f 2873 2990 2991
f 2875 2994 2876
f 2876 2994 2995
f 2876 2995 2877
f 2877 2995 2996
f 2877 2996 2997
f 2877 2997 2998
f 2877 2998 2879
f 2880 2886 2999
f 2880 2999 2881
f 2881 2999 3000
f 2881 3000 3001
f 2881 3001 2882
f 2882 3001 2883
f 2883 3001 3002
f 2883 3002 2884
f 2884 3002 3003
f 2884 3003 3004
f 2884 3004 2887
f 2886 3005 2999
f 2887 3006 2888
f 2887 3004 3003
f 2887 3003 3007
f 2887 3007 3008
f 2887 3008 3009
f 2887 3009 3006
f 2888 3006 2889
f 2889 3006 2898
f 2890 3010 3011
f 2890 3011 3012
f 2890 3012 2891
f 2890 2897 3013
f 2890 3013 3014
f 2890 3014 3015
f 2890 3015 3010
f 2891 3016 3017
f 2891 3017 2892
f 2891 3012 3016
f 2892 3017 3018
f 2892 3018 3019
f 2892 3019 2893
f 2893 3019 2894
f 2894 3019 3020
f 2894 3020 3021
f 2894 3021 3022
f 2894 3022 2895
f 2895 3022 2923
f 2896 2900 2897
f 2897 3023 3024
f 2897 3024 3013
f 2897 2900 3025
f 2897 3025 3026
f 2897 3026 3027
f 2897 3027 3023
f 2898 3006 3028
f 2898 3028 2899
f 2899 3028 3029
f 2899 3029 2901
f 2900 2901 3030
f 2900 3030 3025
f 2901 3031 3030
f 2901 3029 3031
f 2902 3032 3033
f 2902 3033 2903
f 2902 2911 3034
f 2902 3034 3032
f 2903 3033 2904
f 2904 3035 2905
f 2904 3033 3032
f 2904 3032 3035
f 2905 3036 2906
f 2905 3035 3037
f 2905 3037 3038
f 2905 3038 3039
f 2905 3039 3036
f 2906 3036 3040
f 2906 3040 3041
f 2906 3041 3042
f 2906 3042 2907
f 2907 3042 2908
f 2908 3042 2912
f 2909 2915 2910
f 2910 3043 2911
f 2910 2914 3043
f 2911 3043 3034
f 2912 3042 2913
f 2913 3042 3044
f 2913 3044 2920
f 2914 2916 3045
f 2914 3045 3046
f 2914 3046 3043
f 2916 2919 3045
f 2917 2938 3047
f 2917 3047 2932
f 2917 2932 3048
f 2917 3048 3049
f 2917 3049 3050
f 2917 3050 2918
f 2918 3050 2919
f 2919 3050 3051
f 2919 3051 3052
f 2919 3052 3053
f 2919 3053 3045
f 2920 3054 3055
f 2920 3055 3056
f 2920 3056 2921
f 2920 3044 3054
f 2921 3056 2955
f 2922 2923 2924
f 2923 3022 2924
f 2924 3022 3057
f 2924 3057 2925
f 2925 3057 3058
f 2925 3058 3059
f 2925 3059 3060
f 2925 3060 2926
f 2926 3060 2927
f 2927 3060 3061
f 2927 3061 2929
f 2928 2929 3062
f 2928 3062 3063
f 2928 3063 3064
f 2928 3064 2930
f 2929 3065 3062
f 2929 3061 3066
f 2929 3066 3067
f 2929 3067 3065
f 2931 3064 3068
f 2931 3068 3069
f 2931 3069 2932
f 2932 3047 3070
f 2932 3070 2938
f 2932 2938 3071
f 2932 3071 2935
f 2932 3069 3072
f 2932 3072 3073
f 2932 3073 3074
f 2932 3074 3075
f 2932 3075 3076
f 2932 3076 3077
f 2932 3077 3078
f 2932 3078 3079
f 2932 3079 3080
f 2932 3080 3049
f 2932 3049 3048
f 2935 3071 2937
f 2937 3071 2938
f 2938 3070 3047
f 2939 3081 2941
f 2939 2940 3082
f 2939 3082 3081
f 2940 2952 3082
f 2941 3083 2943
f 2941 3081 3083
f 2942 2943 3084
f 2942 3084 3085
f 2942 3085 2944
f 2943 3083 3084
f 2944 2948 2946
f 2944 2946 2945
f 2944 3085 3086
f 2944 3086 2948
f 2948 3087 2949
f 2948 3086 3088
f 2948 3088 3087
f 2949 3089 3090
f 2949 3090 2950
f 2949 3087 3089
f 2950 3090 3091
f 2950 3091 3092
f 2950 3092 3093
f 2950 3093 2951
f 2951 3093 3094
f 2951 3094 2969
f 2952 2954 3097
f 2952 3097 3082
f 2953 2959 3095
f 2953 3095 3096
f 2953 3096 2954
f 2954 3096 3098
f 2954 3098 3097
f 2955 3056 3055
f 2955 3055 3099
f 2955 3099 2957
f 2956 2957 3100
f 2956 3100 2958
f 2957 3099 3101
f 2957 3101 3102
f 2957 3102 3100
f 2958 3100 3103
f 2958 3103 3104
f 2958 3104 3105
f 2958 3105 2959
f 2959 3105 3106
f 2959 3106 3095
f 2960 2969 3107
f 2960 3107 3094
f 2960 3094 3108
f 2960 3108 3109
f 2960 3109 3110
f 2960 3110 2961
f 2961 3110 2962
f 2962 3110 3111
f 2962 3111 2964
f 2962 2964 2963
f 2964 3111 3112
f 2964 3112 3113
f 2964 3113 2965
f 2965 3113 3114
f 2965 3114 3115
f 2965 3115 2966
f 2966 3115 3116
f 2966 3116 2967
f 2967 3116 2968
f 2968 3116 3117
f 2968 3117 2971
f 2969 3094 3107
f 2971 3117 3118
f 2971 3118 3119
f 2971 3119 2972
f 2972 3119 2973
f 2973 3120 3121
f 2973 3121 2974
f 2973 3119 3120
f 2974 3122 2975
f 2974 3121 3122
f 2975 3122 2976
f 2976 3123 3124
f 2976 3124 2977
f 2976 3122 3123
f 2977 3124 3125
f 2977 3125 2978
f 2978 3125 2979
f 2979 3126 2982
f 2979 2982 2980
f 2979 3125 3126
f 2981 3127 2983
f 2981 2982 3128
f 2981 3128 3127
f 2982 3126 3129
f 2982 3129 3128
f 2983 3130 3134
f 2983 3134 3131
f 2983 3131 2984
f 2983 3127 3130
f 2984 3131 2985
f 2985 3132 3133
f 2985 3133 2986
f 2985 3131 3134
f 2985 3134 3132
f 2986 3133 3135
f 2986 3135 3136
f 2986 3136 2987
f 2987 3136 3137
f 2987 3137 2988
f 2988 3137 3138
f 2988 3138 2990
f 2990 3138 3139
f 2990 3139 2991
f 2991 3139 3140
f 2991 3140 2992
f 2992 3141 3142
f 2992 3142 3143
f 2992 3143 2993
f 2992 3140 3141
f 2993 3143 2994
f 2994 3143 3144
f 2994 3144 2996
f 2994 2996 2995
f 2996 3145 3146
f 2996 3146 2997
f 2996 3144 3145
f 2999 3005 3147
f 2999 3147 3148
f 2999 3148 3149
f 2999 3149 3000
f 3000 3149 3148
f 3000 3148 3150
f 3000 3150 3151
f 3000 3151 3001
f 3001 3151 3152
f 3001 3152 3153
f 3001 3153 3002
f 3002 3153 3003
f 3003 3153 3007
f 3006 3009 3008
f 3006 3008 3154
f 3006 3154 3028
f 3007 3155 3008
f 3007 3153 3156
f 3007 3156 3157
f 3007 3157 3158
f 3007 3158 3155
f 3008 3155 3154
f 3010 3159 3011
f 3010 3015 3159
f 3011 3159 3160
f 3011 3160 3017
f 3011 3017 3016
f 3011 3016 3012
f 3013 3024 3014
f 3014 3024 3023
f 3014 3023 3015
f 3015 3023 3161
f 3015 3161 3162
f 3015 3162 3160
f 3015 3160 3159
f 3017 3163 3164
f 3017 3164 3165
f 3017 3165 3058
f 3017 3058 3018
f 3017 3160 3163
f 3018 3058 3020
f 3018 3020 3019
f 3020 3058 3057
f 3020 3057 3022
f 3020 3022 3021
f 3023 3027 3166
f 3023 3166 3161
f 3025 3030 3026
f 3026 3030 3167
f 3026 3167 3168
f 3026 3168 3027
f 3027 3168 3166
f 3028 3154 3169
f 3028 3169 3170
f 3028 3170 3171
f 3028 3171 3029
f 3029 3171 3172
f 3029 3172 3031
f 3030 3031 3167
f 3031 3172 3167
f 3032 3034 3173
f 3032 3173 3035
f 3034 3043 3174
f 3034 3174 3175
f 3034 3175 3176
f 3034 3176 3173
f 3035 3173 3037
f 3036 3177 3103
f 3036 3103 3100
f 3036 3100 3040
f 3036 3039 3178
f 3036 3178 3179
f 3036 3179 3177
f 3037 3173 3176
f 3037 3176 3038
f 3038 3176 3175
f 3038 3175 3174
f 3038 3174 3180
f 3038 3180 3181
f 3038 3181 3182
f 3038 3182 3039
f 3039 3182 3183
f 3039 3183 3179
f 3039 3179 3184
f 3039 3184 3178
f 3040 3100 3102
f 3040 3102 3185
f 3040 3185 3186
f 3040 3186 3187
f 3040 3187 3041
f 3041 3187 3044
f 3041 3044 3042
f 3043 3046 3174
f 3044 3187 3186
f 3044 3186 3188
f 3044 3188 3054
f 3045 3053 3189
f 3045 3189 3046
f 3046 3189 3174
f 3049 3080 3050
f 3050 3080 3051
f 3051 3080 3079
f 3051 3079 3190
f 3051 3190 3191
f 3051 3191 3052
f 3052 3191 3190
f 3052 3190 3053
f 3053 3190 3192
f 3053 3192 3189
f 3054 3188 3193
f 3054 3193 3194
f 3054 3194 3055
f 3055 3194 3099
f 3058 3165 3059
f 3059 3165 3195
f 3059 3195 3060
f 3060 3195 3061
f 3061 3195 3066
f 3062 3065 3063
f 3063 3196 3197
f 3063 3197 3198
f 3063 3198 3064
f 3063 3065 3196
f 3064 3198 3068
f 3065 3067 3199
f 3065 3199 3200
f 3065 3200 3196
f 3066 3195 3201
f 3066 3201 3202
f 3066 3202 3203
f 3066 3203 3199
f 3066 3199 3067
f 3068 3072 3069
f 3068 3198 3072
f 3072 3198 3204
f 3072 3204 3205
f 3072 3205 3073
f 3073 3205 3204
f 3073 3204 3206
f 3073 3206 3207
f 3073 3207 3074
f 3074 3207 3208
f 3074 3208 3209
f 3074 3209 3210
f 3074 3210 3211
f 3074 3211 3212
f 3074 3212 3075
f 3075 3213 3076
f 3075 3212 3213
f 3076 3078 3077
f 3076 3213 3214
f 3076 3214 3078
f 3078 3214 3190
f 3078 3190 3079
f 3081 3082 3097
f 3081 3097 3083
f 3083 3097 3215
f 3083 3215 3216
f 3083 3216 3084
f 3084 3216 3086
f 3084 3086 3085
f 3086 3216 3215
f 3086 3215 3097
f 3086 3097 3098
f 3086 3098 3217
f 3086 3217 3218
f 3086 3218 3088
f 3087 3088 3217
f 3087 3217 3219
f 3087 3219 3089
f 3088 3218 3217
f 3089 3220 3090
f 3089 3219 3220
f 3090 3221 3091
f 3090 3220 3221
f 3091 3222 3223
f 3091 3223 3224
f 3091 3224 3225
f 3091 3225 3226
f 3091 3226 3093
f 3091 3093 3092
f 3091 3221 3220
f 3091 3220 3227
f 3091 3227 3222
f 3093 3226 3228
f 3093 3228 3109
f 3093 3109 3094
f 3094 3109 3108
f 3095 3106 3229
f 3095 3229 3230
f 3095 3230 3231
f 3095 3231 3096
f 3096 3231 3232
f 3096 3232 3098
f 3098 3232 3231
f 3098 3231 3217
f 3099 3194 3101
f 3101 3194 3188
f 3101 3188 3186
f 3101 3186 3185
f 3101 3185 3102
f 3103 3177 3233
f 3103 3233 3104
f 3104 3233 3177
f 3104 3177 3105
f 3105 3177 3234
f 3105 3234 3235
f 3105 3235 3106
f 3106 3235 3236
f 3106 3236 3229
f 3109 3228 3110
f 3110 3228 3111
f 3111 3228 3112
f 3112 3237 3238
f 3112 3238 3113
f 3112 3228 3237
f 3113 3238 3239
f 3113 3239 3114
f 3114 3239 3240
f 3114 3240 3241
f 3114 3241 3242
f 3114 3242 3115
f 3115 3242 3116
f 3116 3242 3243
f 3116 3243 3117
f 3117 3243 3244
f 3117 3244 3118
f 3118 3244 3119
f 3119 3245 3246
f 3119 3246 3120
f 3119 3244 3247
f 3119 3247 3245
f 3120 3248 3249
f 3120 3249 3122
f 3120 3122 3121
f 3120 3246 3248
f 3122 3250 3251
f 3122 3251 3123
f 3122 3249 3250
f 3123 3252 3124
f 3123 3251 3252
f 3124 3252 3125
f 3125 3252 3253
f 3125 3253 3126
f 3126 3253 3254
f 3126 3254 3255
f 3126 3255 3128
f 3126 3128 3129
f 3127 3128 3256
f 3127 3256 3257
f 3127 3257 3258
f 3127 3258 3130
f 3128 3255 3256
f 3130 3258 3259
f 3130 3259 3134
f 3132 3134 3259
f 3132 3259 3260
f 3132 3260 3261
f 3132 3261 3262
f 3132 3262 3133
f 3133 3262 3135
f 3135 3262 3263
f 3135 3263 3264
f 3135 3264 3136
f 3136 3264 3137
f 3137 3264 3265
f 3137 3265 3266
f 3137 3266 3138
f 3138 3266 3267
f 3138 3267 3139
f 3139 3267 3140
f 3140 3267 3141
f 3141 3268 3269
f 3141 3269 3270
f 3141 3270 3271
f 3141 3271 3142
f 3141 3267 3272
f 3141 3272 3268
f 3142 3271 3273
f 3142 3273 3143
f 3143 3273 3144
f 3144 3273 3145
f 3145 3273 3274
f 3145 3274 3275
f 3145 3275 3146
f 3147 3276 3148
f 3148 3276 3277
f 3148 3277 3278
f 3148 3278 3279
f 3148 3279 3280
f 3148 3280 3281
f 3148 3281 3150
f 3150 3281 3151
f 3151 3282 3283
f 3151 3283 3284
f 3151 3284 3152
f 3151 3281 3279
f 3151 3279 3285
f 3151 3285 3286
f 3151 3286 3282
f 3152 3284 3156
f 3152 3156 3153
f 3154 3155 3169
f 3155 3158 3287
f 3155 3287 3288
f 3155 3288 3169
f 3156 3284 3283
f 3156 3283 3157
f 3157 3283 3289
f 3157 3289 3158
f 3158 3289 3290
f 3158 3290 3287
f 3160 3162 3291
f 3160 3291 3292
f 3160 3292 3293
f 3160 3293 3294
f 3160 3294 3295
f 3160 3295 3163
f 3161 3166 3296
f 3161 3296 3297
f 3161 3297 3162
f 3162 3297 3298
f 3162 3298 3299
f 3162 3299 3291
f 3163 3295 3300
f 3163 3300 3164
f 3164 3300 3165
f 3165 3201 3195
f 3165 3300 3201
f 3166 3168 3296
f 3167 3172 3301
f 3167 3301 3168
f 3168 3301 3306
f 3168 3306 3302
f 3168 3302 3296
f 3169 3288 3170
f 3170 3303 3171
f 3170 3288 3304
f 3170 3304 3303
f 3171 3303 3172
f 3172 3305 3306
f 3172 3306 3301
f 3172 3303 3305
f 3174 3189 3180
f 3177 3307 3308
f 3177 3308 3234
f 3177 3179 3307
f 3178 3184 3179
f 3179 3183 3309
f 3179 3309 3310
f 3179 3310 3311
f 3179 3311 3307
f 3180 3189 3181
f 3181 3189 3312
f 3181 3312 3182
f 3182 3312 3313
f 3182 3313 3183
f 3183 3313 3214
f 3183 3214 3213
f 3183 3213 3310
f 3183 3310 3309
f 3188 3194 3193
f 3189 3192 3312
f 3190 3214 3313
f 3190 3313 3192
f 3192 3313 3312
f 3196 3200 3197
f 3197 3314 3204
f 3197 3204 3198
f 3197 3200 3314
f 3199 3315 3200
f 3199 3203 3202
f 3199 3202 3316
f 3199 3316 3317
f 3199 3317 3318
f 3199 3318 3315
f 3200 3315 3318
f 3200 3318 3319
f 3200 3319 3320
f 3200 3320 3321
f 3200 3321 3314
f 3201 3300 3202
f 3202 3300 3295
f 3202 3295 3322
f 3202 3322 3316
f 3204 3314 3323
f 3204 3323 3324
f 3204 3324 3325
f 3204 3325 3206
f 3206 3326 3208
f 3206 3208 3207
f 3206 3325 3327
f 3206 3327 3326
f 3208 3326 3209
f 3209 3326 3328
f 3209 3328 3329
f 3209 3329 3330
f 3209 3330 3331
f 3209 3331 3210
f 3210 3331 3211
f 3211 3331 3332
f 3211 3332 3213
f 3211 3213 3212
f 3213 3333 3334
f 3213 3334 3310
f 3213 3332 3333
f 3217 3231 3335
f 3217 3335 3219
f 3219 3335 3336
f 3219 3336 3337
f 3219 3337 3220
f 3220 3337 3338
f 3220 3338 3227
f 3222 3339 3340
f 3222 3340 3223
f 3222 3227 3338
f 3222 3338 3341
f 3222 3341 3339
f 3223 3340 3342
f 3223 3342 3343
f 3223 3343 3224
f 3224 3343 3344
f 3224 3344 3345
f 3224 3345 3346
f 3224 3346 3347
f 3224 3347 3226
f 3224 3226 3225
f 3226 3347 3237
f 3226 3237 3228
f 3229 3236 3235
f 3229 3235 3348
f 3229 3348 3349
f 3229 3349 3350
f 3229 3350 3230
f 3230 3350 3231
f 3231 3350 3351
f 3231 3351 3352
f 3231 3352 3335
f 3234 3353 3235
f 3234 3308 3353
f 3235 3353 3354
f 3235 3354 3348
f 3237 3347 3238
f 3238 3347 3239
f 3239 3347 3240
f 3240 3344 3355
f 3240 3355 3356
f 3240 3356 3357
f 3240 3357 3241
f 3240 3347 3344
f 3241 3357 3242
f 3242 3357 3243
f 3243 3357 3358
f 3243 3358 3244
f 3244 3358 3247
f 3245 3247 3358
f 3245 3358 3359
f 3245 3359 3360
f 3245 3360 3246
f 3246 3360 3361
f 3246 3361 3362
f 3246 3362 3248
f 3248 3362 3250
f 3248 3250 3249
f 3250 3363 3252
f 3250 3252 3251
f 3250 3362 3363
f 3252 3364 3365
f 3252 3365 3253
f 3252 3363 3366
f 3252 3366 3364
f 3253 3367 3368
f 3253 3368 3254
f 3253 3365 3369
f 3253 3369 3370
f 3253 3370 3367
f 3254 3368 3255
f 3255 3368 3257
f 3255 3257 3256
f 3257 3371 3372
f 3257 3372 3259
f 3257 3259 3258
f 3257 3368 3460
f 3257 3460 3371
f 3259 3372 3373
f 3259 3373 3260
f 3260 3374 3261
f 3260 3373 3374
f 3261 3374 3262
f 3262 3374 3375
f 3262 3375 3263
f 3263 3376 3377
f 3263 3377 3264
f 3263 3375 3374
f 3263 3374 3378
f 3263 3378 3376
f 3264 3377 3265
f 3265 3377 3266
f 3266 3377 3379
f 3266 3379 3272
f 3266 3272 3267
f 3268 3272 3379
f 3268 3379 3380
f 3268 3380 3269
f 3269 3380 3270
f 3270 3380 3381
f 3270 3381 3271
f 3271 3381 3274
f 3271 3274 3273
f 3274 3381 3275
f 3275 3381 3382
f 3278 3383 3279
f 3279 3383 3384
f 3279 3384 3285
f 3279 3281 3280
f 3282 3385 3386
f 3282 3386 3283
f 3282 3286 3387
f 3282 3387 3388
f 3282 3388 3385
f 3283 3386 3289
f 3285 3384 3389
f 3285 3389 3390
f 3285 3390 3286
f 3286 3390 3387
f 3287 3391 3392
f 3287 3392 3288
f 3287 3290 3393
f 3287 3393 3391
f 3288 3392 3394
f 3288 3394 3395
f 3288 3395 3304
f 3289 3386 3385
f 3289 3385 3396
f 3289 3396 3290
f 3290 3396 3397
f 3290 3397 3393
f 3291 3299 3398
f 3291 3398 3292
f 3292 3398 3399
f 3292 3399 3293
f 3293 3399 3489
f 3293 3489 3400
f 3293 3400 3322
f 3293 3322 3295
f 3293 3295 3294
f 3296 3302 3401
f 3296 3401 3402
f 3296 3402 3297
f 3297 3402 3298
f 3298 3403 3404
f 3298 3404 3299
f 3298 3402 3405
f 3298 3405 3403
f 3299 3404 3398
f 3302 3306 3401
f 3303 3304 3406
f 3303 3406 3305
f 3304 3395 3406
f 3305 3407 3408
f 3305 3408 3306
f 3305 3406 3407
f 3306 3408 3401
f 3307 3409 3308
f 3307 3311 3410
f 3307 3410 3409
f 3308 3409 3411
f 3308 3411 3353
f 3310 3334 3333
f 3310 3333 3412
f 3310 3412 3311
f 3311 3412 3410
f 3314 3413 3323
f 3314 3321 3414
f 3314 3414 3413
f 3316 3322 3415
f 3316 3415 3416
f 3316 3416 3317
f 3317 3416 3318
f 3318 3417 3420
f 3318 3420 3319
f 3318 3416 3418
f 3318 3418 3419
f 3318 3419 3417
f 3319 3420 3320
f 3320 3421 3414
f 3320 3414 3321
f 3320 3420 3421
f 3322 3400 3415
f 3323 3413 3327
f 3323 3327 3324
f 3324 3327 3325
f 3326 3327 3422
f 3326 3422 3328
f 3327 3413 3414
f 3327 3414 3421
f 3327 3421 3423
f 3327 3423 3424
f 3327 3424 3425
f 3327 3425 3426
f 3327 3426 3427
f 3327 3427 3422
f 3328 3422 3329
f 3329 3422 3330
f 3330 3422 3331
f 3331 3422 3332
f 3332 3422 3428
f 3332 3428 3429
f 3332 3429 3333
f 3333 3429 3412
f 3335 3352 3430
f 3335 3430 3431
f 3335 3431 3336
f 3336 3431 3432
f 3336 3432 3433
f 3336 3433 3337
f 3337 3434 3338
f 3337 3433 3432
f 3337 3432 3434
f 3338 3434 3341
f 3339 3435 3340
f 3339 3341 3436
f 3339 3436 3435
f 3340 3343 3342
f 3340 3435 3437
f 3340 3437 3438
f 3340 3438 3343
f 3341 3434 3436
f 3343 3438 3355
f 3343 3355 3344
f 3344 3347 3345
f 3345 3347 3346
f 3348 3439 3440
f 3348 3440 3349
f 3348 3354 3439
f 3349 3440 3441
f 3349 3441 3350
f 3350 3441 3442
f 3350 3442 3443
f 3350 3443 3444
f 3350 3444 3352
f 3350 3352 3351
f 3352 3444 3430
f 3353 3411 3354
f 3354 3411 3445
f 3354 3445 3446
f 3354 3446 3447
f 3354 3447 3439
f 3355 3438 3448
f 3355 3448 3356
f 3356 3448 3449
f 3356 3449 3450
f 3356 3450 3451
f 3356 3451 3357
f 3357 3451 3358
f 3358 3451 3359
f 3359 3451 3360
f 3360 3451 3452
f 3360 3452 3453
f 3360 3453 3361
f 3361 3453 3362
f 3362 3453 3454
f 3362 3454 3455
f 3362 3455 3363
f 3363 3455 3456
f 3363 3456 3457
f 3363 3457 3364
f 3363 3364 3366
f 3364 3369 3365
f 3364 3457 3369
f 3367 3458 3459
f 3367 3459 3368
f 3367 3370 3458
f 3368 3459 3458
f 3368 3458 3460
f 3369 3457 3461
f 3369 3461 3462
f 3369 3462 3458
f 3369 3458 3370
f 3371 3463 3373
f 3371 3373 3372
f 3371 3460 3463
f 3373 3463 3378
f 3373 3378 3374
f 3376 3464 3465
f 3376 3465 3466
f 3376 3466 3380
f 3376 3380 3379
f 3376 3379 3377
f 3376 3378 3467
f 3376 3467 3468
f 3376 3468 3464
f 3378 3469 3470
f 3378 3470 3468
f 3378 3468 3467
f 3378 3463 3469
f 3380 3466 3471
f 3380 3471 3472
f 3380 3472 3382
f 3380 3382 3381
f 3385 3388 3476
f 3385 3476 3473
f 3385 3473 3396
f 3387 3390 3474
f 3387 3474 3475
f 3387 3475 3388
f 3388 3475 3476
f 3389 3477 3390
f 3390 3477 3478
f 3390 3478 3474
f 3391 3479 3392
f 3391 3393 3480
f 3391 3480 3479
f 3392 3479 3394
f 3393 3397 3481
f 3393 3481 3482
f 3393 3482 3480
f 3394 3479 3483
f 3394 3483 3484
f 3394 3484 3485
f 3394 3485 3395
f 3395 3485 3486
f 3395 3486 3406
f 3396 3473 3397
f 3397 3473 3487
f 3397 3487 3481
f 3398 3404 3488
f 3398 3488 3399
f 3399 3488 3489
f 3400 3489 3490
f 3400 3490 3491
f 3400 3491 3415
f 3401 3405 3402
f 3401 3408 3492
f 3401 3492 3405
f 3403 3493 3404
f 3403 3405 3494
f 3403 3494 3495
f 3403 3495 3493
f 3404 3493 3488
f 3405 3492 3497
f 3405 3497 3494
f 3406 3486 3407
f 3407 3496 3497
f 3407 3497 3408
f 3407 3486 3496
f 3408 3497 3492
f 3409 3410 3498
f 3409 3498 3411
f 3410 3412 3499
f 3410 3499 3498
f 3411 3498 3500
f 3411 3500 3445
f 3412 3429 3499
f 3415 3491 3501
f 3415 3501 3416
f 3416 3501 3502
f 3416 3502 3418
f 3417 3503 3420
f 3417 3419 3504
f 3417 3504 3503
f 3418 3502 3419
f 3419 3502 3505
f 3419 3505 3504
f 3420 3503 3424
f 3420 3424 3421
f 3421 3424 3423
f 3422 3427 3428
f 3424 3503 3506
f 3424 3506 3507
f 3424 3507 3425
f 3425 3507 3426
f 3426 3508 3509
f 3426 3509 3427
f 3426 3507 3508
f 3427 3509 3510
f 3427 3510 3429
f 3427 3429 3428
f 3429 3511 3498
f 3429 3498 3499
f 3429 3510 3512
f 3429 3512 3511
f 3430 3444 3431
f 3431 3444 3432
f 3432 3513 3514
f 3432 3514 3434
f 3432 3444 3513
f 3434 3514 3515
f 3434 3515 3436
f 3435 3516 3517
f 3435 3517 3518
f 3435 3518 3519
f 3435 3519 3437
f 3435 3436 3515
f 3435 3515 3516
f 3437 3519 3520
f 3437 3520 3438
f 3438 3520 3449
f 3438 3449 3448
f 3439 3521 3440
f 3439 3447 3521
f 3440 3521 3522
f 3440 3522 3441
f 3441 3522 3514
f 3441 3514 3442
f 3442 3514 3513
f 3442 3513 3443
f 3443 3513 3444
f 3445 3500 3523
f 3445 3523 3446
f 3446 3523 3524
f 3446 3524 3447
f 3447 3524 3525
f 3447 3525 3526
f 3447 3526 3521
f 3449 3520 3527
f 3449 3527 3528
f 3449 3528 3529
f 3449 3529 3450
f 3450 3529 3452
f 3450 3452 3451
f 3452 3529 3453
f 3453 3529 3530
f 3453 3530 3531
f 3453 3531 3454
f 3454 3531 3532
f 3454 3532 3533
f 3454 3533 3455
f 3455 3533 3456
f 3456 3534 3457
f 3456 3533 3534
f 3457 3534 3461
f 3458 3462 3535
f 3458 3535 3536
f 3458 3536 3460
f 3460 3536 3537
f 3460 3537 3463
f 3461 3534 3537
f 3461 3537 3462
f 3462 3537 3535
f 3463 3537 3538
f 3463 3538 3539
f 3463 3539 3470
f 3463 3470 3469
f 3464 3540 3466
f 3464 3466 3465
f 3464 3468 3540
f 3466 3541 3472
f 3466 3472 3471
f 3466 3540 3541
f 3468 3542 3540
f 3468 3470 3542
f 3470 3543 3542
f 3470 3539 3544
f 3470 3544 3545
f 3470 3545 3543
f 3472 3541 3546
f 3473 3476 3547
f 3473 3547 3487
f 3474 3478 3548
f 3474 3548 3549
f 3474 3549 3550
f 3474 3550 3551
f 3474 3551 3475
f 3475 3551 3552
f 3475 3552 3547
f 3475 3547 3476
f 3479 3480 3483
f 3480 3482 3483
f 3481 3483 3482
f 3481 3487 3553
f 3481 3553 3483
f 3483 3553 3554
f 3483 3554 3555
f 3483 3555 3556
f 3483 3556 3557
f 3483 3557 3484
f 3484 3557 3485
f 3485 3557 3496
f 3485 3496 3486
f 3487 3547 3553
f 3488 3493 3558
f 3488 3558 3559
f 3488 3559 3489
f 3489 3559 3490
f 3490 3560 3561
f 3490 3561 3491
f 3490 3559 3560
f 3491 3561 3562
f 3491 3562 3505
f 3491 3505 3501
f 3493 3495 3558
f 3494 3563 3564
f 3494 3564 3495
f 3494 3497 3563
f 3495 3564 3565
f 3495 3565 3558
f 3496 3566 3563
f 3496 3563 3497
f 3496 3557 3566
f 3498 3511 3567
f 3498 3567 3500
f 3500 3567 3523
f 3501 3505 3502
f 3503 3504 3568
f 3503 3568 3506
f 3504 3505 3562
f 3504 3562 3561
f 3504 3561 3560
f 3504 3560 3569
f 3504 3569 3570
f 3504 3570 3571
f 3504 3571 3572
f 3504 3572 3568
f 3506 3573 3574
f 3506 3574 3507
f 3506 3568 3573
f 3507 3574 3575
f 3507 3575 3508
f 3508 3575 3512
f 3508 3512 3509
f 3509 3512 3510
f 3511 3512 3567
f 3512 3575 3574
f 3512 3574 3576
f 3512 3576 3577
f 3512 3577 3578
f 3512 3578 3567
f 3514 3522 3516
f 3514 3516 3515
f 3516 3522 3517
f 3517 3579 3580
f 3517 3580 3518
f 3517 3522 3579
f 3518 3580 3581
f 3518 3581 3519
f 3519 3581 3582
f 3519 3582 3527
f 3519 3527 3520
f 3521 3526 3583
f 3521 3583 3628
f 3521 3628 3584
f 3521 3584 3585
f 3521 3585 3522
f 3522 3585 3586
f 3522 3586 3587
f 3522 3587 3579
f 3523 3567 3588
f 3523 3588 3524
f 3524 3588 3589
f 3524 3589 3583
f 3524 3583 3525
f 3525 3583 3526
f 3527 3590 3591
f 3527 3591 3592
f 3527 3592 3528
f 3527 3582 3544
f 3527 3544 3590
f 3528 3592 3529
f 3529 3592 3530
f 3530 3592 3531
f 3531 3592 3591
f 3531 3591 3532
f 3532 3591 3533
f 3533 3593 3534
f 3533 3591 3593
f 3534 3593 3537
f 3535 3537 3536
f 3537 3594 3539
f 3537 3539 3595
f 3537 3595 3538
f 3537 3593 3594
f 3538 3595 3539
f 3539 3594 3596
f 3539 3596 3590
f 3539 3590 3544
f 3540 3597 3541
f 3540 3542 3597
f 3541 3598 3546
f 3541 3597 3598
f 3542 3543 3599
f 3542 3599 3600
f 3542 3600 3597
f 3543 3545 3601
f 3543 3601 3602
f 3543 3602 3603
f 3543 3603 3599
f 3544 3582 3545
f 3545 3602 3601
f 3545 3582 3604
f 3545 3604 3605
f 3545 3605 3602
f 3547 3606 3553
f 3547 3552 3612
f 3547 3612 3606
f 3549 3607 3550
f 3550 3608 3551
f 3550 3607 3609
f 3550 3609 3610
f 3550 3610 3611
f 3550 3611 3608
f 3551 3608 3552
f 3552 3608 3612
f 3553 3606 3554
f 3554 3606 3611
f 3554 3611 3610
f 3554 3610 3613
f 3554 3613 3614
f 3554 3614 3555
f 3555 3614 3556
f 3556 3614 3557
f 3557 3614 3615
f 3557 3615 3616
f 3557 3616 3566
f 3558 3565 3569
f 3558 3569 3559
f 3559 3569 3560
f 3563 3566 3570
f 3563 3570 3564
f 3564 3570 3565
f 3565 3570 3569
f 3566 3616 3617
f 3566 3617 3618
f 3566 3618 3570
f 3567 3619 3588
f 3567 3578 3577
f 3567 3577 3619
f 3568 3620 3573
f 3568 3572 3620
f 3570 3618 3621
f 3570 3621 3571
f 3571 3620 3572
f 3571 3621 3620
f 3573 3620 3622
f 3573 3622 3623
f 3573 3623 3576
f 3573 3576 3574
f 3576 3624 3577
f 3576 3623 3624
f 3577 3624 3619
f 3579 3587 3625
f 3579 3625 3600
f 3579 3600 3605
f 3579 3605 3626
f 3579 3626 3580
f 3580 3626 3581
f 3581 3626 3605
f 3581 3605 3627
f 3581 3627 3582
f 3582 3627 3604
f 3583 3589 3628
f 3584 3628 3586
f 3584 3586 3585
f 3586 3628 3629
f 3586 3629 3630
f 3586 3630 3631
f 3586 3631 3632
f 3586 3625 3587
f 3588 3619 3631
f 3588 3631 3633
f 3588 3633 3629
f 3588 3629 3628
f 3588 3628 3589
f 3590 3596 3593
f 3590 3593 3634
f 3590 3634 3635
f 3590 3635 3591
f 3591 3635 3593
f 3593 3635 3634
f 3593 3596 3594
f 3597 3636 3598
f 3597 3600 3636
f 3599 3603 3600
f 3600 3625 3636
f 3600 3603 3602
f 3600 3602 3605
f 3604 3627 3605
f 3606 3612 3611
f 3608 3611 3612
f 3613 3637 3614
f 3614 3637 3638
f 3614 3638 3639
f 3614 3639 3615
f 3615 3639 3640
f 3615 3640 3616
f 3616 3640 3641
f 3616 3641 3617
f 3617 3641 3618
f 3618 3641 3620
f 3618 3620 3621
f 3619 3624 3642
f 3619 3642 3631
f 3620 3643 3622
f 3620 3641 3643
f 3622 3644 3645
f 3622 3645 3646
f 3622 3646 3623
f 3622 3643 3647
f 3622 3647 3644
f 3623 3646 3642
f 3623 3642 3624
f 3629 3633 3631
f 3629 3631 3630
f 3631 3648 3632
f 3631 3642 3649
f 3631 3649 3648
f 3632 3648 3651
f 3632 3651 3650
f 3637 3652 3638
f 3638 3652 3653
f 3638 3653 3644
f 3638 3644 3647
f 3638 3647 3654
f 3638 3654 3639
f 3639 3654 3647
f 3639 3647 3640
f 3640 3647 3643
f 3640 3643 3641
f 3642 3655 3648
f 3642 3648 3649
f 3642 3646 3656
f 3642 3656 3655
f 3644 3653 3652
f 3644 3652 3645
f 3645 3656 3646
f 3645 3652 3657
f 3645 3657 3656
f 3648 3655 3651
f 3650 3651 3658
f 3650 3658 3659
f 3651 3655 3657
f 3651 3657 3658
f 3655 3656 3657
f 3657 3659 3658

o geometry_1
v 0.01152559 0.04187653 -0.03604014
v 0.00133865 0.04179123 -0.02282155
v 0.01152559 0.04170592 -0.01488879
v 0.01152559 0.04167179 -0.08022314
v -0.06802764 0.04156943 -0.05604556
v -0.08612539 0.04167179 -0.01980339
v -0.08612539 0.04163767 -0.01074083
v -0.08612539 0.04162914 -0.00915912
v -0.02278831 0.04171445 -0.01375899
v 0.01152559 0.04162061 -0.00915912
v 0.01152559 0.04163767 -0.08324130
v -0.04690516 0.04151825 -0.07417874
v -0.06791635 0.04141588 -0.05897495
v -0.07104224 0.04156090 -0.05302739
v -0.07405685 0.04158649 -0.04699106
v -0.05595909 0.04150971 -0.06813435
v -0.05884219 0.04139029 -0.06798909
v -0.08311078 0.04157796 -0.03188411
v -0.08612539 0.04160355 -0.02282155
v -0.08808792 0.04144147 -0.01980339
v -0.08858361 0.04145000 -0.01074083
v -0.08871512 0.04144147 -0.00915912
v -0.08754165 0.04153531 -0.00915912
v 0.01152559 -0.04290952 -0.00915912
v 0.01152559 0.04156943 -0.08625946
v 0.01039259 0.04156943 -0.08625946
v 0.00737798 0.04156090 -0.08625946
v -0.01675910 0.04145000 -0.08625946
v -0.04389056 0.04145000 -0.07719690
v -0.05294449 0.04148412 -0.07115251
v -0.02580292 0.04145853 -0.08324130
v -0.02881752 0.04144147 -0.08324130
v -0.06683393 0.04132204 -0.06091981
v -0.06980808 0.04133057 -0.05790971
v -0.07091073 0.04140735 -0.05584380
v -0.05773954 0.04131351 -0.06986132
v -0.07418835 0.04146706 -0.05013835
v -0.07707146 0.04152677 -0.04397290
v -0.05571631 0.04136469 -0.07098304
v -0.08009618 0.04144147 -0.04089825
v -0.08216998 0.04139029 -0.03792850
v -0.08496204 0.04138175 -0.03188411
v -0.08789571 0.04137323 -0.02282155
v -0.09022242 0.04098934 -0.00915912
v 0.01152559 -0.04288393 -0.00961104
v 0.01039259 -0.04313984 -0.00915912
v 0.01152559 0.04139029 -0.08830116
v 0.01039259 0.04139882 -0.08836572
v 0.00737798 0.04139029 -0.08855940
v -0.00167595 0.04136469 -0.08849484
v -0.01373438 0.04133910 -0.08810748
v -0.01675910 0.04133057 -0.08802678
v -0.01977371 0.04129645 -0.08792187
v -0.01977371 0.04140735 -0.08625946
v -0.04665226 0.04135616 -0.07706778
v -0.04997035 0.04140735 -0.07425137
v -0.03111388 0.04127939 -0.08488757
v -0.02881752 0.04132204 -0.08508125
v -0.06578185 0.04067371 -0.06292923
v -0.06884704 0.04062253 -0.05991913
v -0.07265071 0.04127939 -0.05468980
v -0.07317675 0.04137323 -0.05302739
v -0.05454283 0.04125379 -0.07273422
v -0.05975264 0.04051163 -0.06890099
v -0.06278748 0.04062253 -0.06588283
v -0.07592833 0.04135616 -0.04921837
v -0.05294449 0.04133057 -0.07318614
v -0.08178557 0.04132204 -0.03985722
v -0.08473948 0.04129645 -0.03383704
v -0.08771362 0.04127939 -0.02470992
v -0.09009091 0.04087845 -0.01074083
v -0.09114299 0.03939412 -0.01074083
v -0.09122392 0.03950501 -0.00915912
v 0.01152559 -0.04279008 -0.01074083
v 0.01039259 -0.04304601 -0.01074083
v 0.00894598 -0.04340429 -0.00915912
v 0.00737798 -0.04360050 -0.01074083
v 0.01152559 0.03996567 -0.08986673
v 0.01039259 0.04023012 -0.08987481
v 0.00737798 0.04064812 -0.09006849
v 0.00436337 0.04085286 -0.09010883
v 0.00436337 0.04137323 -0.08859975
v 0.00133865 0.04086138 -0.09005234
v -0.00167595 0.04082726 -0.09000393
v -0.02163507 0.04125379 -0.08783311
v -0.00469056 0.04076755 -0.08991515
v -0.04389056 0.04129645 -0.07896422
v -0.04547878 0.04124527 -0.07874634
v -0.04899920 0.04131351 -0.07597027
v -0.03312700 0.04118555 -0.08458091
v -0.06674289 0.03870313 -0.06382499
v -0.06972715 0.03865195 -0.06078262
v -0.07182118 0.04028130 -0.05670729
v -0.07528090 0.04109171 -0.05121972
v -0.07861922 0.04123673 -0.04554655
v -0.07308570 0.03947089 -0.05584380
v -0.07601937 0.03911260 -0.05218004
v -0.05101231 0.04105759 -0.07530047
v -0.05203404 0.03907848 -0.07609132
v -0.05522062 0.03974387 -0.07325877
v -0.06062263 0.03853252 -0.06976448
v -0.05884219 0.03960738 -0.07041814
v -0.06369794 0.03865195 -0.06681087
v -0.08110779 0.04087845 -0.04187471
v -0.08417298 0.04096375 -0.03585453
v -0.08528575 0.03988889 -0.03486999
v -0.08790582 0.03890787 -0.02886595
v -0.08827001 0.03991449 -0.02576709
v -0.08723816 0.04101494 -0.02671934
v -0.08899837 0.03974387 -0.02282155
v -0.09096090 0.03906995 -0.01375899
v -0.08987847 0.04055428 -0.01375899
v -0.09182077 0.03678374 -0.00915912
v 0.01152559 -0.04261947 -0.01262920
v 0.01039259 -0.04276449 -0.01375899
v 0.00737798 -0.04332752 -0.01375899
v 0.00737798 -0.04367727 -0.00915912
v 0.00593137 -0.04389054 -0.00915912
v 0.00436337 -0.04412086 -0.00915912
v 0.00436337 -0.04403556 -0.01074083
v 0.00436337 -0.04378817 -0.01375899
v 0.01152559 0.03912966 -0.09047198
v 0.01039259 0.03874579 -0.09093197
v 0.00737798 0.03916379 -0.09106109
v 0.00436337 0.03937705 -0.09117407
v 0.00133865 0.03937705 -0.09123055
v -0.00167595 0.03935146 -0.09123055
v -0.00469056 0.03928322 -0.09119021
v -0.01071977 0.03877138 -0.09096424
v -0.01260137 0.03843868 -0.09085127
v -0.02269727 0.03994861 -0.08837379
v -0.02580292 0.03912966 -0.08812363
v -0.00770517 0.04060547 -0.08981832
v -0.00770517 0.03912966 -0.09110951
v -0.04087595 0.03927469 -0.08231326
v -0.04266650 0.03866048 -0.08188555
v -0.04665226 0.03955620 -0.07914176
v -0.04852374 0.03844721 -0.07877054
v -0.02763394 0.03858371 -0.08786539
v -0.03485685 0.03909554 -0.08513774
v -0.06531652 0.03678374 -0.06545512
v -0.06685416 0.03678374 -0.06394604
v -0.06836147 0.03678374 -0.06238854
v -0.06979796 0.03678374 -0.06087138
v -0.07256978 0.03830219 -0.05758691
v -0.07698041 0.03980359 -0.04994467
v -0.08190696 0.03890787 -0.04301258
v -0.07867992 0.03850693 -0.04866155
v -0.05381447 0.03678374 -0.07523591
v -0.05585793 0.03678374 -0.07372682
v -0.05736524 0.03678374 -0.07258896
v -0.05897370 0.03678374 -0.07124935
v -0.06068333 0.03678374 -0.06982097
v -0.06219063 0.03678374 -0.06842487
v -0.06379909 0.03678374 -0.06691578
v -0.08241277 0.03983771 -0.04089825
v -0.08492157 0.03899318 -0.03712151
v -0.08765292 0.03834485 -0.03044766
v -0.09064730 0.03826807 -0.01829431
v -0.09075858 0.03857517 -0.01677716
v -0.09166903 0.03678374 -0.01074083
v -0.09179042 0.03382360 -0.00915912
v 0.01152559 -0.04249151 -0.01375092
v 0.01039259 -0.04238915 -0.01677716
v 0.01152559 -0.04212469 -0.01677716
v 0.00737798 -0.04298629 -0.01677716
v 0.00436337 -0.04347254 -0.01677716
v 0.00016518 -0.04466683 -0.00915912
v 0.00007414 -0.04464977 -0.00961911
v 0.00118691 -0.04443650 -0.01067627
v 0.00133865 -0.04418058 -0.01375899
v 0.01152559 0.03855811 -0.09087548
v 0.00436337 0.03678374 -0.09146458
v 0.00133865 0.03678374 -0.09158563
v -0.00167595 0.03678374 -0.09160177
v -0.00469056 0.03678374 -0.09150494
v -0.00770517 0.03678374 -0.09130319
v -0.01260137 0.03742354 -0.09085127
v -0.01675910 0.03678374 -0.09017339
v -0.01977371 0.03678374 -0.08967305
v -0.02278831 0.03678374 -0.08909201
v -0.04277778 0.03678374 -0.08193397
v -0.04428508 0.03678374 -0.08113504
v -0.03648555 0.03843015 -0.08480687
v -0.04087595 0.03678374 -0.08284587
v -0.04690516 0.03678374 -0.07969052
v -0.04851362 0.03678374 -0.07877054
v -0.05002093 0.03678374 -0.07778601
v -0.05230717 0.03678374 -0.07627693
v -0.02580292 0.03678374 -0.08838186
v -0.02766429 0.03678374 -0.08788152
v -0.02918170 0.03678374 -0.08742961
v -0.03184225 0.03678374 -0.08657419
v -0.06374851 0.03382360 -0.06685929
v -0.06525582 0.03382360 -0.06537442
v -0.06677323 0.03382360 -0.06386534
v -0.06828054 0.03382360 -0.06229977
v -0.06971703 0.03382360 -0.06078262
v -0.07118387 0.03382360 -0.05907179
v -0.07250908 0.03382360 -0.05750622
v -0.07155816 0.03668137 -0.05878127
v -0.07256978 0.03760268 -0.05758691
v -0.07522020 0.03678374 -0.05403614
v -0.08121906 0.03678374 -0.04483639
v -0.08209917 0.03678374 -0.04332731
v -0.08342438 0.03678374 -0.04094667
v -0.08442588 0.03678374 -0.03902602
v -0.07625204 0.03678374 -0.05252705
v -0.07775935 0.03678374 -0.05027553
v -0.07875073 0.03678374 -0.04876646
v -0.07988374 0.03678374 -0.04699106
v -0.05217566 0.03382360 -0.07619623
v -0.05368297 0.03382360 -0.07514713
v -0.05575678 0.03382360 -0.07363806
v -0.05727419 0.03382360 -0.07250826
v -0.05897370 0.03382360 -0.07110409
v -0.06060240 0.03382360 -0.06974833
v -0.06210970 0.03382360 -0.06836838
v -0.08508343 0.03678374 -0.03751694
v -0.08767316 0.03678374 -0.03048801
v -0.08818908 0.03678374 -0.02886595
v -0.08908942 0.03678374 -0.02584779
v -0.08610516 0.03678374 -0.03491034
v -0.08714712 0.03678374 -0.03199709
v -0.09038428 0.03678374 -0.01985181
v -0.09065742 0.03678374 -0.01834273
v -0.09089009 0.03678374 -0.01677716
v -0.09130485 0.03678374 -0.01375899
v -0.08980766 0.03678374 -0.02282155
v -0.09163867 0.03382360 -0.01074083
v -0.09168927 0.03086347 -0.00915912
v -0.09154763 0.03086347 -0.01074083
v 0.00737798 -0.04257682 -0.01980339
v 0.01043305 -0.04196261 -0.01974690
v 0.01152559 -0.04181759 -0.01908516
v 0.00436337 -0.04306306 -0.01980339
v 0.00133865 -0.04385642 -0.01677716
v 0.00133865 -0.04345547 -0.01980339
v -0.00165572 -0.04482891 -0.00915912
v -0.00062388 -0.04457299 -0.01163660
v -0.00164560 -0.04474360 -0.01067627
v -0.00164560 -0.04449621 -0.01382355
v 0.01152559 0.03714203 -0.09089968
v 0.00737798 0.03678374 -0.09126283
v 0.00436337 0.03382360 -0.09123055
v 0.00762077 0.03355916 -0.09099653
v 0.00133865 0.03382360 -0.09134353
v -0.00167595 0.03382360 -0.09137582
v -0.00469056 0.03382360 -0.09126283
v -0.00789737 0.03361887 -0.09099653
v -0.01212591 0.03545296 -0.09078671
v -0.01096256 0.03657047 -0.09098039
v -0.01366356 0.03657047 -0.09063338
v -0.01675910 0.03382360 -0.08993129
v -0.01977371 0.03382360 -0.08943096
v -0.02278831 0.03382360 -0.08885799
v -0.02603559 0.03375536 -0.08811555
v -0.04087595 0.03382360 -0.08274096
v -0.04266650 0.03382360 -0.08187748
v -0.04417381 0.03382360 -0.08107048
v -0.03651590 0.03678374 -0.08482301
v -0.03802320 0.03678374 -0.08415320
v -0.03485685 0.03678374 -0.08547668
v -0.04845293 0.03506055 -0.07873020
v -0.02746196 0.03469373 -0.08781697
v -0.03184225 0.03086347 -0.08624333
v -0.03184225 0.03382360 -0.08642086
v -0.02860509 0.03375536 -0.08741347
v -0.03469500 0.03086347 -0.08525072
v -0.03514011 0.03366152 -0.08523458
v -0.06051135 0.03210042 -0.06967571
v -0.06361701 0.03154593 -0.06673825
v -0.06663161 0.03137531 -0.06372008
v -0.06960575 0.03176772 -0.06066157
v -0.07235734 0.03086347 -0.05731254
v -0.07253943 0.03563210 -0.05754657
v -0.07365220 0.03382360 -0.05599713
v -0.07349035 0.03668137 -0.05634414
v -0.07515951 0.03382360 -0.05396350
v -0.07621158 0.03382360 -0.05245443
v -0.08117860 0.03382360 -0.04480411
v -0.08209917 0.03382360 -0.04329503
v -0.08339404 0.03382360 -0.04094667
v -0.08440565 0.03382360 -0.03893725
v -0.07771888 0.03382360 -0.05021905
v -0.07871027 0.03382360 -0.04870996
v -0.07980281 0.03382360 -0.04699106
v -0.04964663 0.03396863 -0.07786671
v -0.05196322 0.03086347 -0.07605097
v -0.05347053 0.03086347 -0.07498574
v -0.05553422 0.03086347 -0.07347666
v -0.05704152 0.03086347 -0.07233879
v -0.05921649 0.03101703 -0.07061182
v -0.08503285 0.03382360 -0.03742817
v -0.08766304 0.03489847 -0.03045573
v -0.08802722 0.03387479 -0.02909191
v -0.08896802 0.03382360 -0.02584779
v -0.08969638 0.03382360 -0.02282155
v -0.08600399 0.03382360 -0.03491034
v -0.09065742 0.03504349 -0.01835887
v -0.09126438 0.03382360 -0.01375899
v -0.09038428 0.03396863 -0.01953708
v -0.09150717 0.02790334 -0.00915912
v -0.09114299 0.03086347 -0.01375899
v -0.09135543 0.02790334 -0.01074083
v 0.00749937 -0.04201380 -0.02294260
v 0.00945179 -0.04179200 -0.02201456
v 0.00436337 -0.04255976 -0.02282155
v 0.01146490 -0.04156167 -0.02071529
v 0.01152559 -0.04155314 -0.02068301
v -0.00167595 -0.04418058 -0.01677716
v 0.00133865 -0.04295217 -0.02282155
v -0.00167595 -0.04377111 -0.01980339
v -0.00312256 -0.04493981 -0.00915912
v -0.00263698 -0.04467536 -0.01286323
v -0.00469056 -0.04496540 -0.01074083
v -0.00374976 -0.04459005 -0.01488072
v 0.01152559 0.03576859 -0.09081092
v 0.01060503 0.03663872 -0.09096424
v 0.00973504 0.03437810 -0.09089161
v 0.00679125 0.03172507 -0.09086741
v 0.00409024 0.03078670 -0.09090775
v 0.00133865 0.03086347 -0.09102073
v 0.00879424 0.03240752 -0.09078671
v -0.00167595 0.03086347 -0.09103687
v -0.00441742 0.03077817 -0.09092390
v -0.00524695 0.02973743 -0.09075443
v -0.00701727 0.03170801 -0.09086741
v -0.00903038 0.03250136 -0.09077863
v -0.01096256 0.03361887 -0.09070601
v -0.01071977 0.03086347 -0.09041549
v -0.01373438 0.03086347 -0.09004427
v -0.01373438 0.03382360 -0.09038321
v -0.01675910 0.03086347 -0.08962464
v -0.01977371 0.03086347 -0.08914850
v -0.02278831 0.03086347 -0.08859168
v -0.02537804 0.03086347 -0.08803485
v -0.02688534 0.03086347 -0.08767171
v -0.02719894 0.03272315 -0.08774434
v -0.03761856 0.03366152 -0.08422583
v -0.03787146 0.03086347 -0.08397567
v -0.04087595 0.03086347 -0.08257956
v -0.04248441 0.03086347 -0.08178064
v -0.04238325 0.02937914 -0.08173222
v -0.04399172 0.03086347 -0.08094943
v -0.04714795 0.03396863 -0.07940000
v -0.03644508 0.03454018 -0.08479073
v -0.04832142 0.03308997 -0.07864949
v -0.02881752 0.03086347 -0.08714715
v -0.03184225 0.02790334 -0.08596894
v -0.03434093 0.02790334 -0.08512160
v -0.03620230 0.03086347 -0.08469389
v -0.03633381 0.03256960 -0.08474231
v -0.06037984 0.03012984 -0.06955466
v -0.06347538 0.02956682 -0.06659298
v -0.06651022 0.02939621 -0.06359903
v -0.06947424 0.02979714 -0.06051631
v -0.07062748 0.03081229 -0.05933003
v -0.07326779 0.02790334 -0.05548873
v -0.07349035 0.03086347 -0.05580346
v -0.07059713 0.02790334 -0.05880548
v -0.07210444 0.02790334 -0.05700588
v -0.07499765 0.03086347 -0.05375369
v -0.07606996 0.03086347 -0.05224460
v -0.07774923 0.03087201 -0.04975906
v -0.07937793 0.03087201 -0.04724930
v -0.08105721 0.03086347 -0.04457815
v -0.08195754 0.03086347 -0.04306907
v -0.08311078 0.03086347 -0.04094667
v -0.08425391 0.03086347 -0.03861445
v -0.08490134 0.03086347 -0.03710537
v -0.07862934 0.03186156 -0.04857278
v -0.04992988 0.03086347 -0.07738251
v -0.05170021 0.02790334 -0.07587344
v -0.05320751 0.02790334 -0.07477592
v -0.05524085 0.02790334 -0.07325877
v -0.05674816 0.02790334 -0.07210476
v -0.08717747 0.03387479 -0.03163394
v -0.08759223 0.03292789 -0.03025398
v -0.08798675 0.03086347 -0.02847859
v -0.08873535 0.03086347 -0.02584779
v -0.08947382 0.03086347 -0.02282155
v -0.09012126 0.03086347 -0.01980339
v -0.08574097 0.03086347 -0.03491034
v -0.08684363 0.03086347 -0.03188411
v -0.09060683 0.03307291 -0.01804414
v -0.09081928 0.03396863 -0.01693048
v -0.09053602 0.03086347 -0.01763257
v -0.09119357 0.02494321 -0.00915912
v -0.09077880 0.03086347 -0.01612349
v -0.09071811 0.02856020 -0.01564736
v -0.09090021 0.02769860 -0.01400109
v -0.09063718 0.02658109 -0.01517124
v -0.09074846 0.02494321 -0.01298428
v -0.09065742 0.02339063 -0.01232254
v -0.09102159 0.02494321 -0.01074083
v 0.00858180 -0.04160432 -0.02403205
v 0.00656869 -0.04179200 -0.02497623
v 0.01043305 -0.04138253 -0.02294260
v 0.00519290 -0.04158727 -0.02699372
v 0.01152559 -0.04111808 -0.02290225
v -0.00473102 -0.04445356 -0.01661576
v -0.00167595 -0.04326780 -0.02282155
v 0.00133865 -0.04229531 -0.02584779
v -0.00469056 -0.04400997 -0.01980339
v -0.00469056 -0.04505071 -0.00915912
v -0.00473102 -0.04473507 -0.01382355
v -0.00770517 -0.04513601 -0.01074083
v -0.00576287 -0.04464977 -0.01549403
v 0.01152559 0.03515438 -0.09076250
v 0.01060503 0.03355916 -0.09071407
v 0.00490965 0.02975449 -0.09074636
v 0.00762077 0.03078670 -0.09069794
v 0.00290665 0.02936208 -0.09079478
v 0.00133865 0.02922559 -0.09081899
v 0.01039259 0.03086347 -0.09044777
v -0.00167595 0.02922559 -0.09081899
v -0.00323384 0.02936208 -0.09079478
v -0.00441742 0.02818485 -0.09056075
v -0.00770517 0.02790334 -0.09031865
v -0.00789737 0.03077817 -0.09068180
v -0.01071977 0.02790334 -0.09001199
v -0.01373438 0.02790334 -0.08964077
v -0.01675910 0.02790334 -0.08924535
v -0.01977371 0.02790334 -0.08879343
v -0.02309180 0.02760477 -0.08815590
v -0.02484188 0.02838959 -0.08789766
v -0.02582315 0.02760477 -0.08756680
v -0.02881752 0.02790334 -0.08684857
v -0.03787146 0.02790334 -0.08369322
v -0.04104792 0.02819338 -0.08225676
v -0.04358707 0.02819338 -0.08091715
v -0.04662191 0.03086347 -0.07944036
v -0.04217081 0.02740856 -0.08162731
v -0.04812921 0.03086347 -0.07852844
v -0.03184225 0.02494321 -0.08552509
v -0.03373396 0.02494321 -0.08489564
v -0.03584823 0.02790334 -0.08455670
v -0.06179610 0.02790334 -0.06783575
v -0.05862975 0.02790334 -0.07059568
v -0.06013706 0.02790334 -0.06934484
v -0.06330340 0.02790334 -0.06643965
v -0.06485117 0.02790334 -0.06493058
v -0.06635847 0.02790334 -0.06344570
v -0.06778485 0.02790334 -0.06193662
v -0.06929216 0.02790334 -0.06031456
v -0.07298454 0.02494321 -0.05510944
v -0.07467393 0.02480672 -0.05283371
v -0.07569566 0.02570243 -0.05170392
v -0.07477509 0.02790334 -0.05346317
v -0.07028354 0.02494321 -0.05842619
v -0.07179084 0.02494321 -0.05662659
v -0.07587775 0.02790334 -0.05195409
v -0.07719285 0.02790334 -0.05001730
v -0.07852818 0.02989098 -0.04842751
v -0.07936782 0.02790334 -0.04670055
v -0.08087512 0.02790334 -0.04425535
v -0.08176534 0.02790334 -0.04274627
v -0.08270614 0.02790334 -0.04094667
v -0.08405158 0.02790334 -0.03819482
v -0.08472937 0.02790334 -0.03668573
v -0.04992988 0.02790334 -0.07701937
v -0.05151812 0.02616309 -0.07574432
v -0.05483621 0.02494321 -0.07296825
v -0.05634351 0.02494321 -0.07179003
v -0.05823522 0.02494321 -0.07027288
v -0.08751130 0.03086347 -0.02998767
v -0.08783501 0.02790334 -0.02798632
v -0.08844198 0.02790334 -0.02584779
v -0.08919058 0.02790334 -0.02282155
v -0.08982789 0.02790334 -0.01980339
v -0.08540714 0.02790334 -0.03491034
v -0.08651992 0.02790334 -0.03188411
v -0.09105195 0.02395365 -0.00915912
v -0.09052590 0.02494321 -0.01449336
v -0.08947382 0.02494321 -0.01980339
v -0.09010103 0.02494321 -0.01677716
v -0.08967615 0.02198308 -0.01677716
v -0.09028312 0.02223899 -0.01350076
v -0.09049556 0.02139446 -0.01074083
v -0.09063718 0.02124944 -0.00915912
v -0.09073835 0.02287880 -0.01074083
v 0.00749937 -0.04140812 -0.02592849
v 0.01039259 -0.04076832 -0.02584779
v 0.01152559 -0.04073420 -0.02471799
v 0.00737798 -0.04070008 -0.02886595
v 0.00317979 -0.04169817 -0.02749405
v 0.00425210 -0.04126310 -0.02864806
v -0.00770517 -0.04451328 -0.01737433
v -0.00167595 -0.04260241 -0.02584779
v -0.00469056 -0.04347254 -0.02282155
v 0.00133865 -0.04179200 -0.02788141
v -0.00770517 -0.04415499 -0.01980339
v -0.00613717 -0.04512748 -0.00915912
v -0.00770517 -0.04490569 -0.01375899
v -0.00770517 -0.04520426 -0.00915912
v -0.00915177 -0.04523838 -0.00915912
v -0.01071977 -0.04527250 -0.00915912
v -0.01071977 -0.04519573 -0.01074083
v -0.00770517 -0.04469242 -0.01586525
v 0.01152559 0.03268050 -0.09051233
v 0.01152559 0.03086347 -0.09031865
v 0.00737798 0.02790334 -0.09034286
v 0.00409024 0.02818485 -0.09057689
v 0.01039259 0.02790334 -0.09006041
v 0.00133865 0.02774126 -0.09060110
v -0.00167595 0.02774979 -0.09059303
v -0.00469056 0.02494321 -0.08997164
v -0.00770517 0.02494321 -0.08976989
v -0.01071977 0.02494321 -0.08948745
v -0.01373438 0.02494321 -0.08914044
v -0.01675910 0.02494321 -0.08875308
v -0.02003673 0.02467023 -0.08819625
v -0.02228251 0.02548064 -0.08796222
v -0.02429562 0.02641901 -0.08777661
v -0.02881752 0.02494321 -0.08640472
v -0.03787146 0.02494321 -0.08322516
v -0.04025887 0.02494321 -0.08215185
v -0.04632854 0.02790334 -0.07927895
v -0.04176617 0.02494321 -0.08141749
v -0.04389056 0.02494321 -0.08024735
v -0.04595424 0.02494321 -0.07905300
v -0.04783585 0.02790334 -0.07834284
v -0.03173097 0.02226459 -0.08501669
v -0.03335967 0.02344182 -0.08475845
v -0.02881752 0.02198308 -0.08580755
v -0.03524126 0.02494321 -0.08431461
v -0.06144204 0.02494321 -0.06748875
v -0.06294934 0.02494321 -0.06610879
v -0.05974252 0.02494321 -0.06900590
v -0.06450722 0.02494321 -0.06459971
v -0.06601452 0.02494321 -0.06309062
v -0.06746113 0.02494321 -0.06158154
v -0.06896844 0.02494321 -0.05994334
v -0.07273163 0.02275084 -0.05477857
v -0.07551357 0.02373186 -0.05143761
v -0.07648472 0.02480672 -0.05026747
v -0.07838655 0.02790334 -0.04820963
v -0.06988901 0.02198308 -0.05797427
v -0.07157840 0.02185512 -0.05589223
v -0.08164394 0.02621427 -0.04253645
v -0.07910480 0.02494321 -0.04628091
v -0.08384926 0.02519913 -0.03764606
v -0.08462820 0.02635076 -0.03644364
v -0.04746155 0.02494321 -0.07810074
v -0.05008162 0.02507970 -0.07644640
v -0.05118428 0.02418398 -0.07551028
v -0.05269159 0.02507970 -0.07461452
v -0.05455295 0.02319443 -0.07275036
v -0.05776988 0.02198308 -0.06989360
v -0.08734944 0.02790334 -0.02949540
v -0.08770351 0.02593276 -0.02758283
v -0.08882639 0.02494321 -0.02282155
v -0.08801711 0.02494321 -0.02599304
v -0.08610516 0.02494321 -0.03188411
v -0.09080916 0.02234136 -0.00915912
v -0.08904895 0.02198308 -0.01980339
v -0.08911976 0.01901441 -0.01677716
v -0.08963568 0.01901441 -0.01375899
v -0.09057649 0.02091675 -0.00915912
v -0.09002010 0.01901441 -0.01074083
v -0.09047532 0.02037078 -0.00915912
v 0.01039259 -0.04003469 -0.02886595
v 0.01152559 -0.04048681 -0.02584779
v 0.00737798 -0.03979583 -0.03188411
v 0.01039259 -0.03914750 -0.03195674
v 0.00133865 -0.04140812 -0.02939049
v 0.00436337 -0.04027355 -0.03188411
v -0.01071977 -0.04472654 -0.01605086
v -0.01071977 -0.04453034 -0.01755994
v -0.00167595 -0.04194555 -0.02838175
v -0.00469056 -0.04279862 -0.02584779
v -0.00770517 -0.04359197 -0.02282155
v -0.01071977 -0.04418058 -0.01980339
v -0.01071977 -0.04495687 -0.01375899
v -0.01373438 -0.04523838 -0.00915912
v -0.01373438 -0.04514454 -0.01074083
v 0.01152559 0.02790334 -0.08993129
v 0.01039259 0.02494321 -0.08956815
v 0.00737798 0.02494321 -0.08983445
v 0.00436337 0.02494321 -0.09001199
v 0.00133865 0.02494321 -0.09010076
v -0.00167595 0.02494321 -0.09008462
v -0.00469056 0.02198308 -0.08930991
v -0.00167595 0.02198308 -0.08943096
v -0.00770517 0.02198308 -0.08910009
v -0.01071977 0.02198308 -0.08881764
v -0.01373438 0.02198308 -0.08848677
v -0.01672875 0.02186365 -0.08808327
v -0.01920720 0.02276789 -0.08792995
v -0.02122031 0.02351006 -0.08776047
v -0.02309180 0.02467023 -0.08765556
v -0.02580292 0.02198308 -0.08653384
v -0.02580292 0.02494321 -0.08714715
v -0.03812436 0.02177834 -0.08245851
v -0.03977329 0.02263141 -0.08192590
v -0.04081525 0.02177834 -0.08119154
v -0.04407264 0.02194042 -0.07948877
v -0.04563053 0.02290438 -0.07885124
v -0.03064854 0.02015752 -0.08485529
v -0.03266165 0.02146271 -0.08453249
v -0.03456349 0.02226459 -0.08401602
v -0.02871636 0.01910825 -0.08509739
v -0.06100704 0.02198308 -0.06709332
v -0.06251435 0.02198308 -0.06569722
v -0.06409247 0.02198308 -0.06418814
v -0.05927719 0.02198308 -0.06860240
v -0.06559977 0.02198308 -0.06266292
v -0.06705649 0.02198308 -0.06115383
v -0.06856379 0.02198308 -0.05948336
v -0.07246862 0.02078026 -0.05443963
v -0.07528090 0.02198308 -0.05110674
v -0.07590810 0.01901441 -0.04900855
v -0.07628240 0.02198308 -0.04959766
v -0.07882154 0.02254610 -0.04585320
v -0.07812353 0.02494321 -0.04778999
v -0.06962598 0.02021723 -0.05766762
v -0.08142139 0.02424369 -0.04212488
v -0.08215987 0.02511382 -0.04105158
v -0.08070314 0.02511382 -0.04371466
v -0.08444611 0.02438019 -0.03599979
v -0.08298939 0.02198308 -0.03792850
v -0.08499238 0.02519913 -0.03495876
v -0.04674330 0.02194042 -0.07787478
v -0.04923187 0.02198308 -0.07623658
v -0.05073917 0.02198308 -0.07519556
v -0.05306588 0.02211104 -0.07353314
v -0.05415842 0.02121532 -0.07244370
v -0.05750686 0.02041344 -0.06967571
v -0.08719770 0.02494321 -0.02869648
v -0.08756188 0.02396219 -0.02709056
v -0.08835094 0.02198308 -0.02282155
v -0.08780466 0.02198308 -0.02492781
v -0.08556900 0.02198308 -0.03188411
v -0.08662108 0.02198308 -0.02886595
v -0.08849256 0.01901441 -0.01980339
v -0.08787548 0.01619077 -0.01961778
v -0.08842175 0.01605428 -0.01677716
v -0.08892756 0.01605428 -0.01375899
v -0.08933220 0.01605428 -0.01074083
v -0.09020219 0.01910825 -0.00915912
v -0.08950418 0.01605428 -0.00915912
v 0.01152559 -0.03901954 -0.03146447
v 0.01152559 -0.03973612 -0.02890630
v 0.01152559 -0.04002616 -0.02773615
v 0.00737798 -0.03900248 -0.03425668
v 0.00939109 -0.03881481 -0.03371599
v 0.01140420 -0.03858448 -0.03301390
v 0.01152559 -0.03861860 -0.03281216
v 0.00133865 -0.04064036 -0.03188411
v -0.00167595 -0.04152755 -0.02989083
v 0.00436337 -0.03917309 -0.03510402
v 0.00536487 -0.03863567 -0.03623382
v -0.01373438 -0.04488862 -0.01375899
v -0.01373438 -0.04468389 -0.01573613
v -0.01373438 -0.04447915 -0.01724521
v -0.01373438 -0.04409528 -0.01980339
v -0.00469056 -0.04204792 -0.02865613
v -0.00770517 -0.04290952 -0.02584779
v -0.01071977 -0.04360903 -0.02282155
v -0.01675910 -0.04509336 -0.00915912
v -0.01675910 -0.04498246 -0.01074083
v 0.01152559 0.02494321 -0.08943903
v 0.01039259 0.02198308 -0.08893869
v 0.01152559 0.02383423 -0.08921306
v 0.01152559 0.02198308 -0.08882571
v 0.00737798 0.02198308 -0.08918886
v 0.00436337 0.02198308 -0.08936640
v 0.00133865 0.02198308 -0.08944709
v -0.00469056 0.01901441 -0.08854326
v -0.00770517 0.01901441 -0.08834151
v -0.00167595 0.01901441 -0.08868045
v 0.00133865 0.01901441 -0.08872080
v -0.01051745 0.01891204 -0.08805907
v -0.01373438 0.01984188 -0.08795415
v -0.01570702 0.02028548 -0.08783311
v -0.01771002 0.02079732 -0.08770399
v -0.02003673 0.02186365 -0.08759100
v -0.02278831 0.02198308 -0.08713909
v -0.02580292 0.01901441 -0.08577526
v -0.02278831 0.01901441 -0.08640472
v -0.03724426 0.01901441 -0.08211151
v -0.03929783 0.02065229 -0.08169187
v -0.04320266 0.01901441 -0.07917404
v -0.04520565 0.02093381 -0.07859300
v -0.02964705 0.01818694 -0.08454863
v -0.03173097 0.01910825 -0.08419355
v -0.03485685 0.01901441 -0.08307183
v -0.02763394 0.01724857 -0.08484722
v -0.06067321 0.01996984 -0.06679473
v -0.06374851 0.01979923 -0.06384113
v -0.06672266 0.01982482 -0.06080682
v -0.06641917 0.01785424 -0.06046789
v -0.07334872 0.01901441 -0.05258355
v -0.07051620 0.01914237 -0.05619081
v -0.07220559 0.01901441 -0.05409262
v -0.07485602 0.01901441 -0.05050957
v -0.07717261 0.01901441 -0.04699106
v -0.07855852 0.02057552 -0.04544971
v -0.07565519 0.01724857 -0.04864540
v -0.07954990 0.02172716 -0.04425535
v -0.06930227 0.01823812 -0.05728833
v -0.08221044 0.01916796 -0.03800921
v -0.08190696 0.02198308 -0.04003476
v -0.07919584 0.01901441 -0.04355327
v -0.08111791 0.02198308 -0.04154385
v -0.08418309 0.02198308 -0.03539454
v -0.08481030 0.02198308 -0.03388546
v -0.08189685 0.01605428 -0.03698432
v -0.08383914 0.01925327 -0.03464404
v -0.04874630 0.01979070 -0.07591378
v -0.04981861 0.01889498 -0.07487276
v -0.05219590 0.01901441 -0.07322649
v -0.05370320 0.01901441 -0.07209669
v -0.05706175 0.01843433 -0.06932870
v -0.05838697 0.01605428 -0.06739191
v -0.06030903 0.01799927 -0.06646386
v -0.05173055 0.01695000 -0.07288755
v -0.08736967 0.02198308 -0.02644496
v -0.08764281 0.02043903 -0.02438712
v -0.08785525 0.01927886 -0.02266822
v -0.08463832 0.02039638 -0.03346582
v -0.08497215 0.01925327 -0.03183569
v -0.08595342 0.01901441 -0.02886595
v -0.08770351 0.01727416 -0.02156264
v -0.08768327 0.01442493 -0.01848799
v -0.08784513 0.01386191 -0.01677716
v -0.08805757 0.01291500 -0.01383969
v -0.08852291 0.01309415 -0.01074083
v -0.08870500 0.01309415 -0.00915912
v 0.00737798 -0.03846505 -0.03576576
v 0.01039259 -0.03704896 -0.03792850
v 0.01039259 -0.03820060 -0.03479736
v 0.01152559 -0.03791056 -0.03483771
v 0.00133865 -0.03959963 -0.03491034
v -0.00167595 -0.04088775 -0.03188411
v -0.00469056 -0.04160432 -0.03016521
v 0.00335176 -0.03876362 -0.03658889
v 0.00746903 -0.03632386 -0.04117263
v 0.00737798 -0.03763758 -0.03792850
v 0.00436337 -0.03819207 -0.03772676
v -0.01546424 -0.04464123 -0.01542140
v -0.01373438 -0.04351519 -0.02282155
v -0.01675910 -0.04387347 -0.01980339
v -0.01675910 -0.04330193 -0.02282155
v -0.00770517 -0.04209910 -0.02876911
v -0.01071977 -0.04289245 -0.02584779
v -0.01972313 -0.04483744 -0.00915912
v -0.01967254 -0.04473507 -0.01061978
v -0.01860024 -0.04465830 -0.01256464
v -0.01657701 -0.04472654 -0.01364601
v 0.01152559 0.02101911 -0.08859975
v 0.01152559 0.01786278 -0.08785731
v 0.00737798 0.01901441 -0.08845449
v 0.00436337 0.01901441 -0.08863203
v -0.00469056 0.01689028 -0.08795415
v -0.00770517 0.01724004 -0.08785731
v -0.00167595 0.01665142 -0.08802678
v -0.00937433 0.01748743 -0.08779275
v 0.00133865 0.01657465 -0.08805099
v 0.00436337 0.01668555 -0.08801064
v -0.01138744 0.01785424 -0.08768785
v -0.01373438 0.01835755 -0.08755066
v -0.01672875 0.01918503 -0.08739732
v -0.01977371 0.01901441 -0.08692927
v -0.02552978 0.01618224 -0.08500055
v -0.02278831 0.01605428 -0.08555738
v -0.01977371 0.01605428 -0.08609806
v -0.03662718 0.01720592 -0.08184520
v -0.03875156 0.01901441 -0.08144977
v -0.04087595 0.01901441 -0.08040067
v -0.04266650 0.01708649 -0.07886739
v -0.04470996 0.01901441 -0.07829442
v -0.04712771 0.01889498 -0.07670464
v -0.03184225 0.01605428 -0.08317674
v -0.02871636 0.01618224 -0.08416935
v -0.03480627 0.01615665 -0.08219221
v -0.02634919 0.01527799 -0.08451635
v -0.02433608 0.01455289 -0.08475845
v -0.06202878 0.01889498 -0.06515653
v -0.06339445 0.01782865 -0.06350219
v -0.06456792 0.01605428 -0.06163803
v -0.06607523 0.01605428 -0.06010474
v -0.06742067 0.01605428 -0.05859566
v -0.07287326 0.01605428 -0.05194602
v -0.07448173 0.01618224 -0.04979941
v -0.07020261 0.01605428 -0.05534347
v -0.07172002 0.01605428 -0.05345510
v -0.07834609 0.01901441 -0.04507042
v -0.07533148 0.01526946 -0.04813700
v -0.07628240 0.01618224 -0.04707984
v -0.06892797 0.01605428 -0.05685255
v -0.08109767 0.01605428 -0.03850147
v -0.07885189 0.01660877 -0.04294802
v -0.07954990 0.01579836 -0.04123719
v -0.08165406 0.01440787 -0.03653240
v -0.08284776 0.01605428 -0.03491034
v -0.08438542 0.01841727 -0.03280408
v -0.04828095 0.01782012 -0.07559098
v -0.05650537 0.01605428 -0.06890099
v -0.05499806 0.01605428 -0.07006306
v -0.05786093 0.01380219 -0.06695613
v -0.05989427 0.01605428 -0.06607651
v -0.05009174 0.01600310 -0.07367034
v -0.05121463 0.01497942 -0.07251633
v -0.05282309 0.01600310 -0.07170127
v -0.08702573 0.01927886 -0.02557341
v -0.08741013 0.01845992 -0.02358013
v -0.08476983 0.01699265 -0.03078660
v -0.08614562 0.01605428 -0.02584779
v -0.08514412 0.01602869 -0.02895472
v -0.08709654 0.01619077 -0.02266822
v -0.08743037 0.01529505 -0.02049741
v -0.08617597 0.01309415 -0.02282155
v -0.08705607 0.01330741 -0.01961778
v -0.08599388 0.01013401 -0.01980339
v -0.08738990 0.01238610 -0.01677716
v -0.08757199 0.01180602 -0.01489686
v -0.08772374 0.01131124 -0.01287937
v -0.08786536 0.01086765 -0.01074083
v -0.08838128 0.01202782 -0.00915912
v 0.01039259 -0.03611059 -0.04035756
v 0.01152559 -0.03598263 -0.04005090
v 0.01152559 -0.03676745 -0.03798500
v 0.00133865 -0.03887452 -0.03687134
v -0.00167595 -0.03983848 -0.03491034
v -0.00167595 -0.03900248 -0.03718607
v -0.00469056 -0.04104130 -0.03188411
v -0.00770517 -0.04162992 -0.03027819
v -0.00770517 -0.04110955 -0.03188411
v 0.00133865 -0.03828591 -0.03838042
v 0.00854133 -0.03568406 -0.04233470
v 0.00436337 -0.03688688 -0.04094667
v -0.01746723 -0.04454740 -0.01458213
v -0.01657701 -0.04437678 -0.01656734
v -0.01373438 -0.04276449 -0.02584779
v -0.01977371 -0.04400997 -0.01677716
v -0.01977371 -0.04354078 -0.01980339
v -0.01977371 -0.04297776 -0.02282155
v -0.01675910 -0.04255123 -0.02584779
v -0.01071977 -0.04208204 -0.02871262
v -0.02112927 -0.04470948 -0.00915912
v -0.02146310 -0.04464977 -0.00953034
v -0.02061334 -0.04455593 -0.01153976
v -0.01967254 -0.04441944 -0.01364601
v 0.01152559 0.01722298 -0.08769591
v 0.00980585 0.01728269 -0.08784117
v 0.00737798 0.01696706 -0.08792187
v 0.00737798 0.01548273 -0.08753451
v -0.00469056 0.01541448 -0.08753451
v -0.00770517 0.01576424 -0.08742154
v -0.00167595 0.01517562 -0.08759907
v -0.00770517 0.01309415 -0.08661454
v -0.01051745 0.01631873 -0.08732470
v 0.00133865 0.01509885 -0.08762329
v 0.00436337 0.01520975 -0.08759907
v -0.01373438 0.01605428 -0.08689699
v -0.01675910 0.01605428 -0.08651770
v -0.02278831 0.01409223 -0.08492792
v -0.01675910 0.01309415 -0.08558159
v -0.01960173 0.01301737 -0.08513774
v -0.03577742 0.01523534 -0.08149819
v -0.03772983 0.01615665 -0.08098171
v -0.04095688 0.01608840 -0.07940000
v -0.04375905 0.01608840 -0.07784250
v -0.04200895 0.01511591 -0.07851231
v -0.04628808 0.01605428 -0.07626886
v -0.03173097 0.01314533 -0.08216800
v -0.03376431 0.01416048 -0.08189362
v -0.02881752 0.01309415 -0.08303955
v -0.02552978 0.01337566 -0.08403215
v -0.02278831 0.01260790 -0.08438723
v -0.06150273 0.01605428 -0.06456743
v -0.06301004 0.01605428 -0.06314711
v -0.06393061 0.01309415 -0.06100050
v -0.06543791 0.01309415 -0.05943493
v -0.06684404 0.01309415 -0.05792586
v -0.06980808 0.01389603 -0.05486734
v -0.07259001 0.01446758 -0.05157480
v -0.07328802 0.01332447 -0.05004151
v -0.07803249 0.01579836 -0.04396483
v -0.07856864 0.01463819 -0.04243154
v -0.07494706 0.01309415 -0.04753175
v -0.07589798 0.01309415 -0.04602267
v -0.07914526 0.01309415 -0.04045440
v -0.08067280 0.01329035 -0.03769448
v -0.08132023 0.01242876 -0.03577383
v -0.08201824 0.01329035 -0.03482158
v -0.08409205 0.01602869 -0.03183569
v -0.04779538 0.01605428 -0.07526819
v -0.05457319 0.01434815 -0.06974027
v -0.05734501 0.01183161 -0.06652842
v -0.05891300 0.01292353 -0.06561652
v -0.05595909 0.01308562 -0.06814242
v -0.06048100 0.01160982 -0.06360710
v -0.06082495 0.01309415 -0.06392990
v -0.06233226 0.01309415 -0.06251766
v -0.05189241 0.01013401 -0.06999044
v -0.05299507 0.01325623 -0.07048270
v -0.04916106 0.01309415 -0.07317000
v -0.05066836 0.01309415 -0.07212897
v -0.08448658 0.01502207 -0.03001995
v -0.08485076 0.01384484 -0.02801053
v -0.08521494 0.01295766 -0.02598497
v -0.08485076 0.01093590 -0.02507307
v -0.08516436 0.01002312 -0.02290225
v -0.08665143 0.01013401 -0.01677716
v -0.08479006 0.00817197 -0.02194193
v -0.08443599 0.00620139 -0.02049741
v -0.08499238 0.00718241 -0.01961778
v -0.08723816 0.01025344 -0.01383969
v -0.08741013 0.00938332 -0.01074083
v -0.08766304 0.00966483 -0.00915912
v 0.01039259 -0.03550492 -0.04186665
v 0.01152559 -0.03541108 -0.04149543
v -0.00469056 -0.03998350 -0.03491034
v -0.00167595 -0.03840534 -0.03869515
v -0.00469056 -0.03906219 -0.03733133
v -0.00469056 -0.03846505 -0.03884848
v -0.01071977 -0.04161286 -0.03022170
v -0.00770517 -0.04003469 -0.03491034
v -0.01071977 -0.04105836 -0.03188411
v 0.00133865 -0.03722811 -0.04094667
v 0.00652823 -0.03583761 -0.04269785
v 0.00746903 -0.03519782 -0.04381150
v 0.01012957 -0.03325283 -0.04706369
v 0.01039259 -0.03460067 -0.04397290
v 0.01152559 -0.03437034 -0.04397290
v 0.00436337 -0.03599969 -0.04305293
v -0.01373438 -0.04200527 -0.02847859
v -0.02278831 -0.04400144 -0.01375899
v -0.02278831 -0.04361756 -0.01677716
v -0.02278831 -0.04313131 -0.01980339
v -0.01997603 -0.04212469 -0.02610602
v -0.02278831 -0.04255976 -0.02282155
v -0.02278831 -0.04195408 -0.02533938
v -0.01675910 -0.04189437 -0.02811544
v -0.01910604 -0.04177494 -0.02772001
v -0.02154403 -0.04466683 -0.00915912
v -0.02259611 -0.04436825 -0.01061978
v -0.02580292 -0.04395878 -0.00915912
v 0.01152559 0.01521828 -0.08711488
v 0.01064549 0.01619930 -0.08747803
v 0.00737798 0.01309415 -0.08683243
v 0.01039259 0.01309415 -0.08659840
v -0.00469056 0.01309415 -0.08684050
v -0.00167595 0.01309415 -0.08697769
v 0.00133865 0.01309415 -0.08702611
v -0.00469056 0.01013401 -0.08588825
v -0.00770517 0.01013401 -0.08565421
v -0.01071977 0.01309415 -0.08630789
v 0.00436337 0.01309415 -0.08696962
v -0.01373438 0.01309415 -0.08597701
v -0.02050207 0.01197663 -0.08462126
v -0.01373438 0.01058614 -0.08512160
v -0.01675910 0.01117475 -0.08491178
v -0.01848896 0.01151598 -0.08479073
v -0.03809401 0.01288941 -0.07960175
v -0.03480627 0.01314533 -0.08108662
v -0.04001608 0.01374248 -0.07903685
v -0.04400183 0.01309415 -0.07653517
v -0.04571146 0.01408370 -0.07588957
v -0.04095688 0.01288941 -0.07818951
v -0.04306103 0.01066291 -0.07609132
v -0.03065866 0.01135390 -0.08183712
v -0.03266165 0.01218137 -0.08150626
v -0.02580292 0.01013401 -0.08273289
v -0.02734057 0.00864115 -0.08174029
v -0.02853427 0.01027904 -0.08203888
v -0.02278831 0.01013401 -0.08345112
v -0.06356642 0.01149039 -0.06064543
v -0.06652033 0.01160982 -0.05756270
v -0.06851321 0.01298325 -0.05594872
v -0.06940343 0.01192545 -0.05438314
v -0.07100178 0.01319652 -0.05297897
v -0.07220559 0.01249700 -0.05106639
v -0.07295419 0.01064585 -0.04905697
v -0.07712204 0.01309415 -0.04397290
v -0.07830562 0.01309415 -0.04196348
v -0.07408720 0.01009136 -0.04702334
v -0.07561473 0.01150745 -0.04555461
v -0.07879119 0.01109798 -0.03981688
v -0.07934758 0.01011695 -0.03801728
v -0.08089535 0.01018520 -0.03482158
v -0.08139104 0.00922977 -0.03290092
v -0.08175522 0.01120034 -0.03375634
v -0.08315125 0.01309415 -0.03188411
v -0.04679388 0.01309415 -0.07476785
v -0.05403703 0.01236904 -0.06932870
v -0.05685943 0.01013401 -0.06611686
v -0.05795197 0.00784780 -0.06403481
v -0.05896359 0.01043259 -0.06440603
v -0.05535213 0.01013401 -0.06732735
v -0.05476540 0.00815491 -0.06686737
v -0.06176575 0.01056055 -0.06188820
v -0.05996508 0.00963924 -0.06312290
v -0.05145742 0.00862409 -0.06965957
v -0.05339971 0.01013401 -0.06883643
v -0.04861478 0.01130271 -0.07280685
v -0.08422356 0.01295766 -0.02895472
v -0.08452704 0.01187427 -0.02709056
v -0.08424379 0.01002312 -0.02598497
v -0.08450680 0.00896532 -0.02395942
v -0.08559935 0.00717388 -0.01677716
v -0.08617597 0.00717388 -0.01375899
v -0.08414263 0.00718241 -0.02290225
v -0.08297927 0.00421375 -0.02282155
v -0.08393019 0.00444408 -0.01961778
v -0.08465855 0.00558718 -0.01847992
v -0.08664131 0.00717388 -0.01074083
v -0.08720782 0.00828287 -0.00915912
v -0.08749106 0.00911034 -0.00915912
v -0.00167595 -0.03744137 -0.04094667
v -0.00770517 -0.03907073 -0.03735554
v -0.00770517 -0.03847358 -0.03886462
v -0.00469056 -0.03754374 -0.04094667
v -0.01373438 -0.04153608 -0.02998767
v -0.01373438 -0.04090482 -0.03188411
v -0.01071977 -0.03997497 -0.03491034
v 0.00133865 -0.03616178 -0.04341608
v 0.00436337 -0.03534284 -0.04456201
v 0.00737798 -0.03376467 -0.04699106
v 0.00894598 -0.03279217 -0.04852435
v 0.01152559 -0.03254478 -0.04799981
v 0.01152559 -0.03316752 -0.04664406
v -0.02580292 -0.04382230 -0.01074083
v -0.02580292 -0.04349813 -0.01375899
v -0.02580292 -0.04310572 -0.01677716
v -0.02580292 -0.04261094 -0.01980339
v -0.02111915 -0.04163845 -0.02728424
v -0.02584338 -0.04200527 -0.02287804
v -0.02487224 -0.04178347 -0.02473413
v -0.02278831 -0.04150196 -0.02684846
v -0.01675910 -0.04142519 -0.02962452
v -0.01997603 -0.04131428 -0.02878525
v -0.02881752 -0.04337870 -0.00915912
v 0.01152559 0.01309415 -0.08649349
v 0.00737798 0.01013401 -0.08586404
v 0.00436337 0.01013401 -0.08600929
v 0.01039259 0.01013401 -0.08564615
v -0.00167595 0.01013401 -0.08602543
v 0.00133865 0.01013401 -0.08606579
v -0.00469056 0.00778809 -0.08506511
v -0.00770517 0.00811225 -0.08495213
v -0.00991048 0.00843642 -0.08483915
v -0.01084117 0.00990369 -0.08524265
v -0.01960173 0.01037287 -0.08416935
v -0.01192359 0.00876058 -0.08471003
v -0.01373438 0.00910181 -0.08458898
v -0.01675910 0.00969042 -0.08437110
v -0.03724426 0.01071410 -0.07909334
v -0.03924725 0.01176337 -0.07864949
v -0.03510976 0.00988663 -0.07964210
v -0.04507414 0.01210459 -0.07548608
v -0.04235290 0.00869234 -0.07567168
v -0.04400183 0.00986103 -0.07517942
v -0.02935368 0.00938332 -0.08143363
v -0.03173097 0.01027904 -0.08104627
v -0.03427012 0.00783074 -0.07908527
v -0.02580292 0.00817197 -0.08194204
v -0.02853427 0.00746392 -0.08085259
v -0.02580292 0.00668764 -0.08128837
v -0.01977371 0.00717388 -0.08285394
v -0.02267703 0.00709711 -0.08223256
v -0.06480059 0.01056055 -0.05885390
v -0.06306062 0.00951128 -0.06013702
v -0.06604487 0.00963071 -0.05703009
v -0.06729928 0.01042406 -0.05602941
v -0.06898866 0.01013401 -0.05389894
v -0.07021272 0.01013401 -0.05238987
v -0.07188188 0.00985250 -0.05004151
v -0.07253943 0.00867528 -0.04849207
v -0.07615089 0.01036434 -0.04394062
v -0.07782005 0.01011695 -0.04087404
v -0.07521009 0.00952834 -0.04492516
v -0.07839666 0.00911887 -0.03908251
v -0.07949932 0.00699474 -0.03511209
v -0.07891259 0.00786486 -0.03706502
v -0.08101674 0.00713123 -0.03189218
v -0.08181592 0.00809519 -0.03089151
v -0.08215987 0.01018520 -0.03189218
v -0.05606026 0.00701180 -0.06520495
v -0.05735512 0.00586869 -0.06351026
v -0.05896359 0.00698621 -0.06266292
v -0.06091600 0.00717388 -0.06098437
v -0.05412808 0.00618433 -0.06637509
v -0.04981861 0.00745539 -0.07022446
v -0.04874630 0.00523743 -0.06988553
v -0.05075940 0.00665351 -0.06915116
v -0.05212508 0.00475118 -0.06713367
v -0.04797747 0.00933213 -0.07237107
v -0.04694563 0.00698621 -0.07197564
v -0.04694563 0.01024491 -0.07345245
v -0.08329287 0.01013401 -0.02886595
v -0.08218010 0.00713123 -0.02889016
v -0.08322206 0.00717388 -0.02584779
v -0.08483052 0.00513506 -0.01677716
v -0.08448658 0.00307917 -0.01445301
v -0.08504296 0.00412844 -0.01357338
v -0.08207894 0.00423934 -0.02573481
v -0.08170464 0.00251615 -0.02465343
v -0.08197778 0.00192754 -0.02282155
v -0.08235208 0.00104035 -0.01996479
v -0.08322206 0.00125362 -0.01677716
v -0.08425391 0.00365926 -0.01677716
v -0.08686387 0.00731890 -0.00915912
v -0.08550830 0.00421375 -0.01074083
v -0.08569039 0.00421375 -0.00915912
v -0.00167595 -0.03625561 -0.04358555
v 0.00133865 -0.03548786 -0.04492516
v -0.01071977 -0.03904513 -0.03726677
v -0.00770517 -0.03754374 -0.04094667
v -0.01071977 -0.03843093 -0.03877585
v -0.00469056 -0.03629827 -0.04364203
v -0.00167595 -0.03556463 -0.04510270
v -0.01373438 -0.03980436 -0.03491034
v -0.01675910 -0.04064889 -0.03188411
v 0.00436337 -0.03419973 -0.04699106
v 0.00737798 -0.03292013 -0.04876646
v 0.01039259 -0.03040359 -0.05259161
v 0.01012957 -0.03194764 -0.04972678
v 0.01152559 -0.03162348 -0.04984783
v -0.02881752 -0.04323368 -0.01074083
v -0.02881752 -0.04287539 -0.01375899
v -0.02881752 -0.04245739 -0.01677716
v -0.02883776 -0.04197967 -0.01972269
v -0.02783626 -0.04180053 -0.02191772
v -0.02278831 -0.04085363 -0.02886595
v -0.02687523 -0.04157021 -0.02392714
v -0.02881752 -0.04062330 -0.02584779
v -0.02584338 -0.04127163 -0.02578323
v -0.02580292 -0.04030767 -0.02886595
v -0.01977371 -0.04025649 -0.03188411
v -0.03184225 -0.04267066 -0.00915912
v 0.01152559 0.01004871 -0.08550896
v 0.00737798 0.00786486 -0.08505704
v 0.00436337 0.00765160 -0.08512967
v 0.01152559 0.00830846 -0.08489564
v 0.01039259 0.00817197 -0.08494406
v -0.00167595 0.00760894 -0.08512967
v 0.00133865 0.00756629 -0.08515388
v -0.00469056 0.00631229 -0.08452442
v -0.00167595 0.00612461 -0.08458898
v -0.00770517 0.00663645 -0.08438723
v -0.01084117 0.00733596 -0.08429039
v -0.01675910 0.00717388 -0.08337849
v -0.01373438 0.00717388 -0.08383041
v -0.03628323 0.00873499 -0.07867371
v -0.03809401 0.00988663 -0.07835898
v -0.04016782 0.00717388 -0.07610746
v -0.04596436 0.00783927 -0.07304088
v -0.04526635 0.00586869 -0.07258896
v -0.04167512 0.00717388 -0.07531660
v -0.03200411 0.00697768 -0.07952105
v -0.03312700 0.00586016 -0.07863336
v -0.03510976 0.00697768 -0.07835091
v -0.02360772 0.00605637 -0.08157082
v -0.02871636 0.00417963 -0.07927088
v -0.03111388 0.00513506 -0.07897229
v -0.02580292 0.00421375 -0.08013437
v -0.01977371 0.00514359 -0.08197432
v -0.02160473 0.00553600 -0.08180485
v -0.06391037 0.00717388 -0.05799042
v -0.06242330 0.00717388 -0.05949949
v -0.06351584 0.00567249 -0.05757078
v -0.06557953 0.00698621 -0.05602941
v -0.06693509 0.00784780 -0.05501260
v -0.06977773 0.00816344 -0.05182497
v -0.07319697 0.00717388 -0.04647459
v -0.07059713 0.00717388 -0.05012221
v -0.07218537 0.00717388 -0.04798367
v -0.07583729 0.00802695 -0.04290767
v -0.07646449 0.00709711 -0.04108386
v -0.07477509 0.00709711 -0.04394062
v -0.07806284 0.00699474 -0.03801728
v -0.07849783 0.00589429 -0.03624996
v -0.07899352 0.00478530 -0.03423247
v -0.07956002 0.00396636 -0.03214235
v -0.08143151 0.00612461 -0.02991504
v -0.05530154 0.00421375 -0.06431726
v -0.05680885 0.00421375 -0.06305028
v -0.05891300 0.00450379 -0.06135558
v -0.06049112 0.00568102 -0.06058894
v -0.05305577 0.00394077 -0.06597967
v -0.05469458 0.00241378 -0.06380078
v -0.05008162 0.00400901 -0.06824733
v -0.04799770 0.00326685 -0.06936098
v -0.05140684 0.00277207 -0.06660105
v -0.08178557 0.00524596 -0.02789755
v -0.08464844 0.00266117 -0.01244359
v -0.08394030 0.00150954 -0.01357338
v -0.08137080 0.00326685 -0.02667092
v -0.08082454 0.00141570 -0.02573481
v -0.08127977 0.00045174 -0.02282155
v -0.08153266 -0.00009422 -0.02107844
v -0.08180580 -0.00066578 -0.01906902
v -0.08207894 -0.00120321 -0.01677716
v -0.08475971 0.00241378 -0.01074083
v -0.08485076 0.00220905 -0.00915912
v 0.00133865 -0.03448124 -0.04699106
v -0.01373438 -0.03895983 -0.03703274
v -0.00770517 -0.03629827 -0.04360169
v -0.01071977 -0.03743284 -0.04094667
v -0.01373438 -0.03831150 -0.03854182
v -0.00469056 -0.03558169 -0.04515112
v -0.00167595 -0.03460920 -0.04699106
v -0.01675910 -0.03950579 -0.03491034
v 0.00436337 -0.03311634 -0.04913767
v 0.00737798 -0.03211826 -0.05027553
v 0.00836936 -0.02975526 -0.05441542
v 0.01039259 -0.02957612 -0.05410070
v 0.01152559 -0.02947376 -0.05390702
v 0.01152559 -0.02978086 -0.05334212
v 0.01152559 -0.03029269 -0.05239793
v -0.03184225 -0.04250858 -0.01074083
v -0.03201422 -0.04206498 -0.01383162
v -0.03112400 -0.04187731 -0.01677716
v -0.03058785 -0.04173229 -0.01865746
v -0.02984937 -0.04153608 -0.02067495
v -0.02883776 -0.04133134 -0.02287804
v -0.02278831 -0.03977024 -0.03188411
v -0.03184225 -0.03981289 -0.02584779
v -0.03161969 -0.03901954 -0.02872069
v -0.02881752 -0.03968493 -0.02886595
v -0.02881752 -0.03892571 -0.03094800
v -0.02572199 -0.03918162 -0.03198902
v -0.02034021 -0.03856742 -0.03607242
v -0.01951069 -0.03910485 -0.03499911
v -0.03431058 -0.04197115 -0.00915912
v -0.03404756 -0.04188584 -0.01074083
v 0.00737798 0.00638053 -0.08447600
v 0.00436337 0.00616727 -0.08457284
v 0.00133865 0.00609049 -0.08460512
v 0.01152559 0.00692649 -0.08430654
v 0.01039259 0.00669617 -0.08433075
v -0.00469056 0.00421375 -0.08363673
v -0.00770517 0.00421375 -0.08337849
v -0.00167595 0.00421375 -0.08376585
v -0.01071977 0.00421375 -0.08300727
v -0.01398728 0.00394077 -0.08241816
v -0.01675910 0.00455497 -0.08224063
v -0.03787146 0.00717388 -0.07722111
v -0.03945969 0.00561277 -0.07572817
v -0.04326335 0.00475971 -0.07318614
v -0.04411311 0.00394930 -0.07221774
v -0.04598459 0.00208962 -0.07001465
v -0.04089618 0.00419669 -0.07420295
v -0.03200411 0.00417963 -0.07818951
v -0.03485685 0.00421375 -0.07709199
v -0.03756798 0.00446114 -0.07602676
v -0.02267703 0.00441848 -0.08102206
v -0.02763394 0.00255880 -0.07880283
v -0.02964705 0.00316448 -0.07849617
v -0.02580292 0.00207256 -0.07906107
v -0.01675910 0.00307064 -0.08157889
v -0.01977371 0.00366779 -0.08129644
v -0.06171517 0.00469147 -0.05878127
v -0.06292911 0.00370191 -0.05694939
v -0.06425432 0.00449526 -0.05598907
v -0.06641917 0.00587722 -0.05443156
v -0.06927192 0.00619286 -0.05119551
v -0.07276198 0.00527155 -0.04580478
v -0.07006097 0.00475971 -0.04918609
v -0.07540230 0.00605637 -0.04218137
v -0.07597891 0.00483649 -0.04017195
v -0.07664658 0.00399195 -0.03816254
v -0.07819435 0.00396636 -0.03511209
v -0.07854841 0.00280619 -0.03332056
v -0.07897329 0.00191048 -0.03130307
v -0.08098640 0.00423934 -0.02889016
v -0.05786093 0.00218346 -0.06094402
v -0.05987404 0.00370191 -0.05999176
v -0.05294449 0.00135598 -0.06455129
v -0.05195311 -0.00084492 -0.06400253
v -0.05395610 0.00043468 -0.06317940
v -0.05590852 0.00130480 -0.06206574
v -0.04695574 0.00115978 -0.06883643
v -0.04860467 -0.00044398 -0.06676245
v -0.04929257 0.00125362 -0.06727086
v -0.05079987 0.00125362 -0.06615721
v -0.08408193 0.00093798 -0.01074083
v -0.08227115 -0.00191125 -0.01382355
v -0.08282753 -0.00169799 -0.01074083
v -0.07946897 0.00105741 -0.02905155
v -0.07890247 -0.00081933 -0.02816386
v -0.07924642 -0.00175770 -0.02579129
v -0.08022768 -0.00169799 -0.02282155
v -0.08107744 -0.00167239 -0.01996479
v -0.08135058 -0.00267048 -0.01677716
v -0.08153266 -0.00304583 -0.01488072
v -0.08450680 0.00144129 -0.00915912
v 0.00133865 -0.03325283 -0.04937977
v -0.01675910 -0.03880628 -0.03665345
v -0.00770517 -0.03555610 -0.04511077
v -0.01071977 -0.03623002 -0.04344029
v -0.01373438 -0.03719399 -0.04094667
v -0.01675910 -0.03813236 -0.03816254
v -0.00469056 -0.03461773 -0.04699106
v -0.00167595 -0.03330402 -0.04946047
v -0.01832710 -0.03871244 -0.03643556
v 0.00436337 -0.03230593 -0.05063869
v 0.00736787 -0.03051449 -0.05325335
v 0.01039259 -0.02715342 -0.05798234
v 0.01039259 -0.02839036 -0.05604556
v 0.01152559 -0.02813444 -0.05613432
v 0.00636637 -0.02988323 -0.05464138
v 0.00736787 -0.02900457 -0.05581152
v -0.03363280 -0.04174935 -0.01287130
v -0.03314723 -0.04160432 -0.01488072
v -0.03263131 -0.04145930 -0.01677716
v -0.03169050 -0.04121192 -0.01972269
v -0.03184225 -0.04052093 -0.02282155
v -0.02278831 -0.03895130 -0.03403072
v -0.02466991 -0.03878069 -0.03357880
v -0.03515022 -0.03938636 -0.02311207
v -0.03427012 -0.03902807 -0.02584779
v -0.03358222 -0.03878921 -0.02761511
v -0.03046645 -0.03873803 -0.03047187
v -0.03246945 -0.03843946 -0.02963259
v -0.02667291 -0.03856742 -0.03305425
v -0.01951069 -0.03797880 -0.03763799
v -0.02278831 -0.03832856 -0.03553980
v -0.02278831 -0.03724517 -0.03792850
v -0.03509964 -0.04172376 -0.00915912
v -0.03555487 -0.04139959 -0.01074083
v 0.00737798 0.00421375 -0.08349954
v 0.00436337 0.00421375 -0.08370935
v 0.01039259 0.00421375 -0.08323323
v 0.00133865 0.00421375 -0.08379006
v 0.01152559 0.00576633 -0.08379813
v 0.01152559 0.00421375 -0.08311218
v -0.00469056 0.00147541 -0.08236168
v -0.00770517 0.00174839 -0.08222448
v -0.01071977 0.00212374 -0.08203888
v -0.00167595 0.00135598 -0.08241816
v -0.01313753 0.00245644 -0.08186941
v -0.01515064 0.00277207 -0.08171608
v -0.04032968 0.00180811 -0.07320228
v -0.03837726 0.00364220 -0.07521169
v -0.04233267 0.00278060 -0.07263738
v -0.04400183 0.00115978 -0.07070059
v -0.04507414 0.00011051 -0.06944975
v -0.03485685 0.00216640 -0.07601062
v -0.03192318 0.00110007 -0.07655938
v -0.03636415 0.00273795 -0.07568783
v -0.01977371 0.00125362 -0.08008594
v -0.02270738 0.00112566 -0.07935965
v -0.02871636 0.00144129 -0.07784250
v -0.02580292 0.00059676 -0.07825407
v -0.02365830 0.00005933 -0.07855266
v -0.01675910 0.00125362 -0.08065891
v -0.06091600 0.00212374 -0.05798234
v -0.06206923 0.00116831 -0.05611012
v -0.06383956 0.00217493 -0.05493190
v -0.06594371 0.00421375 -0.05386666
v -0.06720823 0.00421375 -0.05234952
v -0.06886728 0.00394930 -0.05012221
v -0.06670242 0.00243938 -0.05173620
v -0.07339930 0.00425640 -0.04401325
v -0.07115352 0.00402608 -0.04713633
v -0.07225618 0.00329244 -0.04504621
v -0.06950459 0.00278060 -0.04846787
v -0.07291373 0.00204697 -0.04302872
v -0.07504823 0.00399195 -0.04108386
v -0.07550345 0.00285738 -0.03932461
v -0.07603961 0.00180811 -0.03731519
v -0.07671739 0.00099770 -0.03517665
v -0.07604973 -0.00109231 -0.03434545
v -0.07819435 0.00105741 -0.03214235
v -0.07850794 -0.00006010 -0.03018135
v -0.05713257 0.00020435 -0.06028228
v -0.05904452 0.00116831 -0.05912828
v -0.04985907 -0.00162974 -0.06506776
v -0.05111347 -0.00281550 -0.06334079
v -0.05312658 -0.00192831 -0.06225942
v -0.05511946 -0.00104113 -0.06116998
v -0.04679388 -0.00153590 -0.06731928
v -0.04772457 -0.00240603 -0.06612493
v -0.08357613 -0.00053782 -0.00915912
v -0.08170464 -0.00336146 -0.01286323
v -0.08184626 -0.00362591 -0.01074083
v -0.08193731 -0.00379652 -0.00915912
v -0.08253416 -0.00261929 -0.00915912
v -0.08299950 -0.00169799 -0.00915912
v -0.07802237 -0.00175770 -0.02905155
v -0.07836632 -0.00278138 -0.02676776
v -0.07873050 -0.00344677 -0.02475834
v -0.07904410 -0.00399273 -0.02282155
v -0.07941840 -0.00485432 -0.01989216
v -0.08025804 -0.00465812 -0.01677716
v -0.08090547 -0.00447044 -0.01382355
v 0.00133865 -0.03243389 -0.05088078
v -0.00770517 -0.03453243 -0.04699106
v -0.00469056 -0.03329548 -0.04943626
v -0.01071977 -0.03546226 -0.04494937
v -0.01373438 -0.03610206 -0.04314977
v -0.01675910 -0.03681011 -0.04094667
v -0.00167595 -0.03247654 -0.05096955
v 0.00436337 -0.03099221 -0.05302739
v 0.01039259 -0.02606150 -0.05949143
v 0.01152559 -0.02655628 -0.05853110
v 0.01152559 -0.02705105 -0.05783708
v 0.00737798 -0.02737522 -0.05829707
v 0.00737798 -0.02630036 -0.05980616
v 0.00436337 -0.02998559 -0.05480278
v 0.00436337 -0.02902163 -0.05631993
v -0.03472534 -0.04125457 -0.01383162
v -0.03485685 -0.04076832 -0.01677716
v -0.03485685 -0.04022236 -0.01980339
v -0.02572199 -0.03804705 -0.03471666
v -0.03699136 -0.03893423 -0.02229701
v -0.03634392 -0.03869538 -0.02430642
v -0.03577742 -0.03848211 -0.02584779
v -0.03787146 -0.03767170 -0.02584779
v -0.04012736 -0.03604235 -0.02818000
v -0.03469500 -0.03797880 -0.02872069
v -0.03161969 -0.03788497 -0.03164201
v -0.02881752 -0.03720252 -0.03491034
v -0.02881752 -0.03830297 -0.03245708
v -0.03504906 -0.03654566 -0.03210200
v -0.01955115 -0.03630680 -0.04108386
v -0.02278831 -0.03613619 -0.04021230
v -0.02590408 -0.03644329 -0.03813026
v -0.02697639 -0.03565847 -0.03927619
v -0.02496328 -0.03589733 -0.03973618
v -0.03581788 -0.04148490 -0.00915912
v -0.03787146 -0.04062330 -0.01074083
v -0.03787146 -0.04021383 -0.01375899
v 0.00737798 0.00164603 -0.08227290
v 0.00436337 0.00143276 -0.08238588
v 0.00133865 0.00133892 -0.08242624
v 0.01152559 0.00205550 -0.08207923
v 0.01039259 0.00193607 -0.08213572
v -0.00469056 -0.00000039 -0.08161924
v -0.00167595 -0.00012835 -0.08168380
v -0.00770517 0.00027259 -0.08147398
v -0.01071977 0.00063941 -0.08127223
v -0.01398728 0.00138158 -0.08118346
v -0.03930795 -0.00017100 -0.07263738
v -0.04307115 -0.00087051 -0.07005500
v -0.04114908 0.00099770 -0.07227423
v -0.04571146 -0.00347236 -0.06682701
v -0.03298537 0.00000814 -0.07555064
v -0.03485685 0.00068206 -0.07514713
v -0.03097226 -0.00059753 -0.07591378
v -0.01675910 -0.00127145 -0.07930316
v -0.01977371 -0.00075108 -0.07900457
v -0.02164519 -0.00037574 -0.07879476
v -0.02881752 -0.00119468 -0.07627693
v -0.02602548 -0.00195390 -0.07668043
v -0.02717871 -0.00311407 -0.07564747
v -0.02270738 -0.00150178 -0.07787478
v -0.06021798 0.00015316 -0.05728833
v -0.06321236 0.00020435 -0.05422174
v -0.06496245 0.00132186 -0.05297897
v -0.06608534 0.00046880 -0.05100183
v -0.06745102 0.00137305 -0.05000923
v -0.07017225 0.00125362 -0.04635354
v -0.07175037 0.00114272 -0.04401325
v -0.07238769 0.00007639 -0.04218944
v -0.06904937 0.00125362 -0.04786262
v -0.06967656 -0.00045251 -0.04566759
v -0.07359150 0.00114272 -0.04109193
v -0.07515951 0.00099770 -0.03816254
v -0.07553380 -0.00016247 -0.03635487
v -0.07663646 -0.00191978 -0.03210200
v -0.07515951 -0.00191978 -0.03517665
v -0.07549334 -0.00306289 -0.03324793
v -0.07593845 -0.00381358 -0.03123045
v -0.05744616 -0.00314819 -0.05753850
v -0.05820488 -0.00118615 -0.05826479
v -0.05431016 -0.00301170 -0.06045982
v -0.05628281 -0.00209039 -0.05936231
v -0.04910036 -0.00388183 -0.06411551
v -0.05003104 -0.00478608 -0.06271941
v -0.05143719 -0.00614245 -0.06058087
v -0.05208462 -0.00465812 -0.06114577
v -0.07927677 -0.00727703 -0.01375899
v -0.08100663 -0.00511024 -0.01074083
v -0.08151244 -0.00456428 -0.00915912
v -0.07639368 -0.00474342 -0.02888209
v -0.07578671 -0.00649221 -0.02788141
v -0.07772900 -0.00452163 -0.02579129
v -0.07819435 -0.00547706 -0.02282155
v -0.07848771 -0.00597184 -0.02096546
v -0.07876085 -0.00642396 -0.01894797
v -0.07900363 -0.00683343 -0.01677716
v -0.00167595 -0.03132491 -0.05302739
v 0.00133865 -0.03123106 -0.05302739
v -0.00770517 -0.03324430 -0.04932328
v -0.00469056 -0.03245948 -0.05093727
v -0.01373438 -0.03529165 -0.04465885
v -0.01071977 -0.03432769 -0.04699106
v -0.01675910 -0.03589733 -0.04275434
v 0.01039259 -0.02458570 -0.06144435
v 0.01152559 -0.02447480 -0.06130716
v 0.01152559 -0.02601884 -0.05925740
v 0.00436337 -0.02753730 -0.05852303
v 0.00737798 -0.02481602 -0.06174294
v 0.00436337 -0.02646244 -0.06003211
v 0.00133865 -0.03010502 -0.05499646
v 0.00133865 -0.02914106 -0.05650554
v -0.03787146 -0.03974465 -0.01677716
v -0.03961143 -0.03878921 -0.01868166
v -0.03795239 -0.03916456 -0.01973883
v -0.03900446 -0.03856742 -0.02069915
v -0.03795239 -0.03837974 -0.02311207
v -0.04087595 -0.03728782 -0.02282155
v -0.04101757 -0.03638358 -0.02592041
v -0.04212023 -0.03563288 -0.02696951
v -0.04389056 -0.03425091 -0.02886595
v -0.04565076 -0.03289454 -0.03063327
v -0.03920679 -0.03567553 -0.03019749
v -0.03807378 -0.03653713 -0.02905963
v -0.03719368 -0.03606794 -0.03123852
v -0.03619218 -0.03568406 -0.03324793
v -0.03417907 -0.03602529 -0.03399037
v -0.03176132 -0.03633239 -0.03495876
v -0.03070924 -0.03585467 -0.03666152
v -0.02881752 -0.03611913 -0.03723449
v -0.02041102 -0.03559876 -0.04218137
v -0.01839791 -0.03576084 -0.04250417
v -0.02278831 -0.03535137 -0.04172139
v -0.02660209 -0.03260450 -0.04516726
v -0.02568153 -0.03342344 -0.04408588
v -0.02590408 -0.03510398 -0.04082562
v -0.02881752 -0.03540255 -0.03874357
v -0.02881752 -0.03426797 -0.04094667
v -0.02881752 -0.03312487 -0.04309328
v -0.03693066 -0.04110955 -0.00915912
v -0.03787146 -0.04078539 -0.00915912
v -0.03931807 -0.04027355 -0.00915912
v -0.04087595 -0.03954844 -0.01074083
v -0.04100746 -0.03912191 -0.01361374
v -0.04210000 -0.03860154 -0.01451757
v -0.04009701 -0.03895983 -0.01677716
v 0.00737798 0.00017023 -0.08153047
v 0.00436337 -0.00005157 -0.08164345
v 0.00133865 -0.00013688 -0.08168380
v 0.01152559 0.00057970 -0.08130451
v 0.01039259 0.00045174 -0.08136907
v -0.00469056 -0.00169799 -0.08068313
v -0.00167595 -0.00169799 -0.08082838
v 0.00133865 -0.00169799 -0.08084452
v -0.00770517 -0.00169799 -0.08038454
v -0.01071977 -0.00169799 -0.07997297
v -0.01371415 -0.00191125 -0.07941614
v -0.03998573 -0.00366003 -0.06997429
v -0.04198872 -0.00283256 -0.06942554
v -0.03729484 -0.00091317 -0.07308930
v -0.03592916 -0.00287521 -0.07247598
v -0.03812436 -0.00180888 -0.07212091
v -0.03865040 -0.00563914 -0.06930449
v -0.04611610 -0.00676519 -0.06409130
v -0.04811909 -0.00585241 -0.06339728
v -0.04368823 -0.00453869 -0.06727893
v -0.04455822 -0.00544294 -0.06610879
v -0.03391605 -0.00353207 -0.07291176
v -0.03489732 -0.00180888 -0.07358963
v -0.03192318 -0.00162974 -0.07491311
v -0.02881752 -0.00267048 -0.07536503
v -0.01470553 -0.00303730 -0.07863336
v -0.01675910 -0.00273872 -0.07845582
v -0.01977371 -0.00221835 -0.07814916
v -0.02517572 -0.00357473 -0.07593800
v -0.02278831 -0.00558796 -0.07533274
v -0.02602548 -0.00459840 -0.07500995
v -0.02820044 -0.00656898 -0.07296825
v -0.03021355 -0.00608274 -0.07262931
v -0.02084602 -0.00599743 -0.07559905
v -0.02278831 -0.00411216 -0.07626886
v -0.05933788 -0.00215864 -0.05640870
v -0.06046077 -0.00314819 -0.05452034
v -0.06119925 -0.00118615 -0.05527084
v -0.06231202 -0.00211599 -0.05336633
v -0.06341468 -0.00305436 -0.05142147
v -0.06408235 -0.00109231 -0.05221232
v -0.06690475 -0.00082786 -0.04899241
v -0.07297442 -0.00095582 -0.04017195
v -0.07026330 -0.00154443 -0.04387606
v -0.06977773 -0.00354060 -0.04281083
v -0.07190211 -0.00184301 -0.04109193
v -0.06797706 -0.00162974 -0.04691844
v -0.06904937 -0.00241456 -0.04482832
v -0.07364209 -0.00184301 -0.03807377
v -0.07296430 -0.00383065 -0.03716186
v -0.07356116 -0.00475196 -0.03497490
v -0.07287326 -0.00664576 -0.03401458
v -0.07498753 -0.00474342 -0.03210200
v -0.07535171 -0.00578416 -0.02989083
v -0.05761814 -0.00631306 -0.05468980
v -0.05831615 -0.00465812 -0.05539189
v -0.05527120 -0.00465812 -0.05829707
v -0.05455295 -0.00625335 -0.05765954
v -0.05677850 -0.00465812 -0.05690097
v -0.05157881 -0.00923907 -0.05769182
v -0.05471481 -0.00936703 -0.05478664
v -0.04992988 -0.00685049 -0.06117805
v -0.04838212 -0.00905993 -0.06054859
v -0.04992988 -0.00833482 -0.05990299
v -0.07836632 -0.00875283 -0.01375899
v -0.07851806 -0.00899168 -0.01170922
v -0.07934758 -0.00784858 -0.01071662
v -0.08030861 -0.00659457 -0.00915912
v -0.08110779 -0.00527232 -0.00915912
v -0.07468405 -0.00753294 -0.02888209
v -0.07523032 -0.00857368 -0.02584779
v -0.07617111 -0.00709788 -0.02584779
v -0.07664658 -0.00787417 -0.02306365
v -0.07586763 -0.00954618 -0.02221631
v -0.07784028 -0.00749882 -0.01989216
v -0.07808306 -0.00831776 -0.01677716
v -0.00167595 -0.03014767 -0.05507716
v -0.00469056 -0.03128225 -0.05302739
v -0.00770517 -0.03112870 -0.05302739
v -0.01071977 -0.03312487 -0.04910539
v -0.01675910 -0.03506132 -0.04426342
v -0.01661747 -0.03344904 -0.04717668
v -0.01552493 -0.03282630 -0.04857278
v -0.01373438 -0.03397793 -0.04699106
v -0.01373438 -0.03295426 -0.04879067
v 0.01039259 -0.02334876 -0.06295344
v 0.00737798 -0.02359614 -0.06325202
v 0.01152559 -0.02369851 -0.06225135
v 0.00133865 -0.02765673 -0.05868443
v 0.00133865 -0.02658187 -0.06020158
v 0.00436337 -0.02497811 -0.06193662
v 0.00436337 -0.02376676 -0.06345377
v -0.00167595 -0.02919224 -0.05658624
v -0.00167595 -0.02770791 -0.05878934
v -0.04159419 -0.03839680 -0.01677716
v -0.04071409 -0.03811530 -0.01973883
v -0.04389056 -0.03680158 -0.01980339
v -0.04544844 -0.03576084 -0.02139317
v -0.04383997 -0.03612765 -0.02256331
v -0.04482124 -0.03550492 -0.02340259
v -0.04280813 -0.03591439 -0.02496009
v -0.04383997 -0.03521488 -0.02592041
v -0.04633866 -0.03321017 -0.02886595
v -0.04785608 -0.03251919 -0.02886595
v -0.04676354 -0.03186233 -0.03173885
v -0.04461892 -0.03243389 -0.03265076
v -0.04260581 -0.03286895 -0.03358687
v -0.03787146 -0.03419120 -0.03491034
v -0.03787146 -0.03311634 -0.03708116
v -0.03615172 -0.03269834 -0.03928426
v -0.03502883 -0.03367936 -0.03813833
v -0.03504906 -0.03524900 -0.03495876
v -0.03271223 -0.03554757 -0.03600786
v -0.03176132 -0.03497602 -0.03777518
v -0.01977371 -0.03332960 -0.04645038
v -0.01955115 -0.03490778 -0.04369045
v -0.02278831 -0.03414002 -0.04397290
v -0.02278831 -0.03304809 -0.04594197
v -0.02459910 -0.03285189 -0.04561111
v -0.02881752 -0.03228887 -0.04460236
v -0.02894903 -0.03074482 -0.04720895
v -0.02801835 -0.03003678 -0.04884715
v -0.02568153 -0.03189645 -0.04676511
v -0.03169050 -0.03337226 -0.04097088
v -0.03057773 -0.03286042 -0.04260908
v -0.04087595 -0.03970199 -0.00915912
v -0.04176617 -0.03936930 -0.00915912
v -0.04274743 -0.03884893 -0.01074083
v -0.04247430 -0.03873803 -0.01250815
v -0.04364777 -0.03809823 -0.01361374
v -0.04389056 -0.03745843 -0.01677716
v 0.00737798 -0.00169799 -0.08050558
v 0.01039259 -0.00169799 -0.08019086
v 0.00436337 -0.00169799 -0.08073154
v 0.00133865 -0.00435102 -0.07937580
v 0.01152559 -0.00035014 -0.08079610
v -0.00469056 -0.00417187 -0.07928702
v -0.00167595 -0.00433395 -0.07936772
v -0.00770517 -0.00389036 -0.07913369
v -0.01071977 -0.00354060 -0.07891580
v -0.01269242 -0.00329322 -0.07877861
v -0.04093664 -0.00464959 -0.06876380
v -0.03663729 -0.00632159 -0.06977254
v -0.03773995 -0.00464959 -0.07041007
v -0.03489732 -0.00457281 -0.07175775
v -0.03791192 -0.00765237 -0.06816663
v -0.03918656 -0.00898315 -0.06652842
v -0.04087595 -0.00688462 -0.06719823
v -0.04724911 -0.00791682 -0.06234012
v -0.04495275 -0.00873576 -0.06330852
v -0.04254511 -0.00627041 -0.06672210
v -0.04374893 -0.00749882 -0.06502741
v -0.03485685 -0.00685049 -0.07015990
v -0.03184225 -0.00413775 -0.07331526
v -0.03184225 -0.00562208 -0.07229844
v -0.01071977 -0.00501641 -0.07802811
v -0.01371415 -0.00442779 -0.07793127
v -0.01675910 -0.00465812 -0.07726953
v -0.01981417 -0.00487138 -0.07651903
v -0.02290971 -0.00784005 -0.07371875
v -0.02580292 -0.00710641 -0.07336368
v -0.02580292 -0.00859074 -0.07229844
v -0.02905019 -0.00757560 -0.07195143
v -0.03094191 -0.00940969 -0.06989360
v -0.03295502 -0.00888079 -0.06948203
v -0.01883291 -0.00630453 -0.07580888
v -0.01981417 -0.00742205 -0.07480820
v -0.01977371 -0.00973385 -0.07314578
v -0.02198914 -0.00937556 -0.07287141
v -0.06061252 -0.00628747 -0.05165550
v -0.06127006 -0.00465812 -0.05235759
v -0.05983357 -0.00465812 -0.05386666
v -0.06277737 -0.00465812 -0.05070325
v -0.06351584 -0.00615098 -0.04852435
v -0.06407223 -0.00465812 -0.04920223
v -0.06625731 -0.00278991 -0.04816928
v -0.06516478 -0.00193684 -0.05021097
v -0.07239780 -0.00292640 -0.03917128
v -0.06703625 -0.00389889 -0.04615179
v -0.06805799 -0.00470930 -0.04402132
v -0.06908983 -0.00551118 -0.04182629
v -0.06977773 -0.00647514 -0.03981688
v -0.07033411 -0.00458134 -0.04087404
v -0.07187177 -0.00475196 -0.03807377
v -0.07233711 -0.00580975 -0.03603207
v -0.07331837 -0.00762678 -0.03178727
v -0.07169979 -0.00762678 -0.03497490
v -0.07222583 -0.00862487 -0.03273146
v -0.07271140 -0.00932438 -0.03072204
v -0.05672792 -0.00828364 -0.05385053
v -0.05778000 -0.00943528 -0.05183304
v -0.05871068 -0.00728556 -0.05275301
v -0.04967698 -0.01036512 -0.05826479
v -0.05051662 -0.01120965 -0.05677992
v -0.05169009 -0.01230157 -0.05477050
v -0.05264100 -0.01028834 -0.05578732
v -0.05370320 -0.01133761 -0.05386666
v -0.05576689 -0.01039071 -0.05284985
v -0.04636900 -0.00987887 -0.06129102
v -0.04718841 -0.01074900 -0.05988685
v -0.04850351 -0.01213096 -0.05762726
v -0.07642402 -0.01077459 -0.01672874
v -0.07710180 -0.01057838 -0.01375899
v -0.07602949 -0.01267692 -0.01074083
v -0.07769866 -0.01033099 -0.01071662
v -0.07863945 -0.00918789 -0.00969981
v -0.07897329 -0.00876136 -0.00915912
v -0.07961061 -0.00772915 -0.00915912
v -0.07310593 -0.00990446 -0.02886595
v -0.07553380 -0.00904287 -0.02422573
v -0.07244838 -0.01192622 -0.02711477
v -0.07366232 -0.01079165 -0.02600111
v -0.07621158 -0.01004948 -0.01980339
v -0.07488637 -0.01055279 -0.02306365
v -0.07323744 -0.01296696 -0.02282155
v -0.07518985 -0.01152528 -0.01980339
v -0.00469056 -0.03012208 -0.05503681
v -0.00770517 -0.03004531 -0.05489155
v -0.01210568 -0.02980645 -0.05451226
v -0.01095244 -0.03064245 -0.05330984
v -0.01009257 -0.02992588 -0.05470594
v -0.01753804 -0.03267274 -0.04830647
v -0.01661747 -0.03195617 -0.04975906
v -0.01675910 -0.03036094 -0.05241408
v -0.01373438 -0.03058274 -0.05281757
v 0.01039259 -0.02186442 -0.06459971
v 0.01152559 -0.02175352 -0.06447866
v 0.01152559 -0.02322932 -0.06281625
v 0.00737798 -0.02212034 -0.06484987
v -0.00167595 -0.02665011 -0.06029842
v 0.00133865 -0.02509754 -0.06202539
v 0.00133865 -0.02383500 -0.06353447
v 0.00436337 -0.02229095 -0.06501127
v -0.00469056 -0.02916665 -0.05654589
v -0.00469056 -0.02768232 -0.05872478
v -0.04587332 -0.03594851 -0.01980339
v -0.04738062 -0.03525753 -0.01980339
v -0.04663202 -0.03489924 -0.02256331
v -0.04720864 -0.03367083 -0.02614637
v -0.04841247 -0.03278365 -0.02734880
v -0.05018278 -0.03100074 -0.02908383
v -0.04928245 -0.03040359 -0.03188411
v -0.04863502 -0.02996853 -0.03365143
v -0.04371858 -0.03175997 -0.03471666
v -0.04142222 -0.03235711 -0.03560436
v -0.04667249 -0.03032682 -0.03475702
v -0.03941923 -0.03280071 -0.03645170
v -0.03787146 -0.03233152 -0.03859024
v -0.03804343 -0.03085572 -0.04114842
v -0.03715321 -0.03016474 -0.04306907
v -0.03481639 -0.03058274 -0.04403746
v -0.03502883 -0.03220356 -0.04097088
v -0.03413861 -0.03306515 -0.03998634
v -0.01977371 -0.03246801 -0.04796753
v -0.02278831 -0.03216091 -0.04745105
v -0.01977371 -0.03126519 -0.05001730
v -0.02580292 -0.03032682 -0.04933942
v -0.02271750 -0.03056567 -0.05017063
v -0.03169050 -0.03186233 -0.04375501
v -0.03184225 -0.03034388 -0.04633740
v -0.03003146 -0.02972967 -0.04835489
v -0.02580292 -0.02937992 -0.05084043
v -0.02894903 -0.02905576 -0.04992046
v -0.03259084 -0.03253626 -0.04199576
v -0.04292952 -0.03891717 -0.00915912
v -0.04371858 -0.03860154 -0.00915912
v -0.04425474 -0.03822619 -0.01074083
v -0.04690516 -0.03665656 -0.01375899
v -0.04842258 -0.03574378 -0.01526808
v -0.04696586 -0.03617031 -0.01647857
v -0.04799770 -0.03554757 -0.01728556
v 0.00737798 -0.00402685 -0.07919019
v 0.00436337 -0.00423159 -0.07931124
v 0.01039259 -0.00375387 -0.07903685
v 0.01152559 -0.00169799 -0.08005367
v 0.00133865 -0.00583535 -0.07852844
v -0.00469056 -0.00564767 -0.07841547
v -0.00167595 -0.00581828 -0.07852037
v -0.00770517 -0.00537469 -0.07824600
v -0.03485685 -0.00833482 -0.06907046
v -0.03717345 -0.00958883 -0.06702069
v -0.03949004 -0.01213096 -0.06366359
v -0.04064328 -0.01051867 -0.06438989
v -0.04293964 -0.00949499 -0.06394604
v -0.04087595 -0.00836895 -0.06605230
v -0.03547394 -0.01155941 -0.06621369
v -0.03805355 -0.01057838 -0.06575371
v -0.03787146 -0.01262574 -0.06409937
v -0.04403218 -0.01067222 -0.06218679
v -0.04512472 -0.01184945 -0.06039526
v -0.01071977 -0.00737086 -0.07651903
v -0.01373438 -0.00701257 -0.07628500
v -0.01675910 -0.00661163 -0.07601062
v -0.02400225 -0.00897462 -0.07257282
v -0.02577257 -0.01074900 -0.07064410
v -0.02881752 -0.00992152 -0.07028902
v -0.02881752 -0.01139733 -0.06910274
v -0.03184225 -0.01251484 -0.06700455
v -0.03190294 -0.01046748 -0.06865082
v -0.03346083 -0.01212243 -0.06668176
v -0.03462418 -0.01057838 -0.06739998
v -0.01675910 -0.00809597 -0.07497767
v -0.01675910 -0.01018597 -0.07346858
v -0.01977371 -0.01121818 -0.07199985
v -0.01675910 -0.01167031 -0.07236300
v -0.02278831 -0.01256602 -0.07007113
v -0.02290971 -0.01045042 -0.07174162
v -0.06165447 -0.00720878 -0.04962994
v -0.05979311 -0.00826658 -0.05072745
v -0.06067321 -0.00930732 -0.04872611
v -0.06268632 -0.00813009 -0.04754789
v -0.06353608 -0.00914524 -0.04553040
v -0.06402165 -0.00732821 -0.04671669
v -0.06632812 -0.00586947 -0.04523181
v -0.06565035 -0.00479461 -0.04709597
v -0.06707672 -0.00686755 -0.04321433
v -0.06805799 -0.00766090 -0.04100316
v -0.06702614 -0.00975944 -0.04017195
v -0.06903925 -0.00844572 -0.03863059
v -0.06965633 -0.00925613 -0.03662117
v -0.07022283 -0.00752441 -0.03775097
v -0.07013179 -0.00991299 -0.03491034
v -0.06948436 -0.01199447 -0.03330442
v -0.07110294 -0.01066369 -0.03201323
v -0.07205385 -0.01138879 -0.02886595
v -0.05876126 -0.01035659 -0.04977520
v -0.05480585 -0.01239541 -0.05184918
v -0.05681897 -0.01140586 -0.05080815
v -0.05055709 -0.01427215 -0.05381825
v -0.05174067 -0.01528730 -0.05180076
v -0.05272193 -0.01333378 -0.05283371
v -0.04690516 -0.01274517 -0.05822444
v -0.04690516 -0.01422950 -0.05677185
v -0.04854397 -0.01511668 -0.05464138
v -0.07544276 -0.01188357 -0.01769713
v -0.07564508 -0.01216508 -0.01567964
v -0.07580694 -0.01237835 -0.01375899
v -0.07489649 -0.01415272 -0.01074083
v -0.07498753 -0.01426362 -0.00915912
v -0.07611042 -0.01278782 -0.00915912
v -0.07689948 -0.01170443 -0.00915912
v -0.07769866 -0.01058691 -0.00915912
v -0.07866980 -0.00922201 -0.00915912
v -0.07838655 -0.00962295 -0.00915912
v -0.07285303 -0.01245512 -0.02510535
v -0.06998004 -0.01259161 -0.03129500
v -0.07038469 -0.01356411 -0.02864806
v -0.06998004 -0.01556881 -0.02584779
v -0.07163909 -0.01347880 -0.02600111
v -0.07209432 -0.01444276 -0.02282155
v -0.07241804 -0.01484370 -0.02082020
v -0.07353081 -0.01373472 -0.01981146
v -0.00770517 -0.02904722 -0.05640063
v -0.01095244 -0.02903869 -0.05585188
v -0.01373438 -0.02968702 -0.05432666
v -0.01373438 -0.02847567 -0.05604556
v -0.01977371 -0.03009649 -0.05195409
v -0.01675910 -0.02942257 -0.05392316
v 0.01039259 -0.02043127 -0.06610879
v 0.01152559 -0.02031185 -0.06598774
v 0.00737798 -0.02067866 -0.06635896
v -0.00167595 -0.02516578 -0.06202539
v -0.00469056 -0.02657334 -0.06023386
v -0.00167595 -0.02383500 -0.06353447
v 0.00133865 -0.02235920 -0.06508390
v 0.00133865 -0.02090899 -0.06659298
v 0.00436337 -0.02083222 -0.06652036
v -0.00770517 -0.02756289 -0.05849075
v -0.04992988 -0.03398646 -0.01980339
v -0.04994000 -0.03327842 -0.02255524
v -0.04893850 -0.03305663 -0.02533131
v -0.05146754 -0.03280071 -0.02137703
v -0.05095161 -0.03250213 -0.02339452
v -0.04994000 -0.03222915 -0.02614637
v -0.05192276 -0.03017327 -0.02822842
v -0.05135626 -0.02976380 -0.03023784
v -0.05078976 -0.02935432 -0.03188411
v -0.04681412 -0.02466247 -0.04389220
v -0.04513484 -0.02671836 -0.04222172
v -0.04313184 -0.02725579 -0.04311749
v -0.05202392 -0.02728991 -0.03416791
v -0.05123486 -0.02672689 -0.03618540
v -0.04922176 -0.02737522 -0.03722642
v -0.04878676 -0.02413357 -0.04282697
v -0.04236302 -0.02980645 -0.03942145
v -0.04088607 -0.03132491 -0.03793658
v -0.03916632 -0.02972115 -0.04228628
v -0.03579765 -0.02958465 -0.04508656
v -0.03804343 -0.02920078 -0.04403746
v -0.03378454 -0.03000265 -0.04576443
v -0.02166542 -0.02990882 -0.05165550
v -0.02367853 -0.02966996 -0.05127621
v -0.03184225 -0.02940551 -0.04785455
v -0.03093180 -0.02709371 -0.05183304
v -0.03189283 -0.02785293 -0.05017869
v -0.02881752 -0.02745199 -0.05234144
v -0.02577257 -0.02777616 -0.05318879
v -0.04443683 -0.03830297 -0.00915912
v -0.04571146 -0.03774848 -0.00915912
v -0.04690516 -0.03706602 -0.01074083
v -0.04864514 -0.03585467 -0.01375899
v -0.05016255 -0.03507839 -0.01375899
v -0.04962640 -0.03487365 -0.01647857
v 0.00737798 -0.00550265 -0.07833476
v 0.00436337 -0.00570739 -0.07846388
v 0.01152559 -0.00362591 -0.07896422
v 0.01039259 -0.00522967 -0.07816530
v 0.00133865 -0.00761825 -0.07736638
v 0.00436337 -0.00761825 -0.07723726
v -0.00469056 -0.00761825 -0.07713234
v -0.00167595 -0.00761825 -0.07734216
v -0.00786702 -0.00788270 -0.07658358
v -0.04161443 -0.01454513 -0.06012088
v -0.04055223 -0.01333378 -0.06189627
v -0.04149303 -0.01147410 -0.06307449
v -0.03787146 -0.01411007 -0.06274362
v -0.04311161 -0.01256602 -0.06106506
v -0.03578754 -0.01472428 -0.06332465
v -0.04415357 -0.01371766 -0.05924932
v -0.04519553 -0.01487783 -0.05741745
v -0.01071977 -0.00884666 -0.07551836
v -0.00896968 -0.00905140 -0.07565554
v -0.01373438 -0.00848838 -0.07526819
v -0.02675383 -0.01184945 -0.06947396
v -0.02881752 -0.01318876 -0.06759366
v -0.03184225 -0.01399064 -0.06572143
v -0.02881752 -0.01466456 -0.06631861
v -0.03377443 -0.01522758 -0.06380078
v -0.01477634 -0.01195182 -0.07258089
v -0.01977371 -0.01306933 -0.07049077
v -0.01768978 -0.01486077 -0.06951431
v -0.01670852 -0.01374325 -0.07066831
v -0.01977371 -0.01455366 -0.06923993
v -0.02278831 -0.01405035 -0.06881222
v -0.02474072 -0.01221627 -0.06978061
v -0.06064286 -0.01221627 -0.04565952
v -0.06166459 -0.01021157 -0.04660371
v -0.06284818 -0.01133761 -0.04397290
v -0.06348549 -0.01203712 -0.04243961
v -0.06413293 -0.00985328 -0.04397290
v -0.06631801 -0.00884666 -0.04218137
v -0.06570092 -0.00776327 -0.04411816
v -0.06624720 -0.01173002 -0.03904216
v -0.06796694 -0.01049308 -0.03783167
v -0.06689463 -0.01253190 -0.03703274
v -0.06902913 -0.01138879 -0.03491034
v -0.06741055 -0.01352145 -0.03475702
v -0.06666196 -0.01517640 -0.03365143
v -0.06875599 -0.01356411 -0.03213428
v -0.05772942 -0.01231863 -0.04880680
v -0.05375378 -0.01436599 -0.05077587
v -0.05575678 -0.01334231 -0.04979134
v -0.04950500 -0.01618302 -0.05268038
v -0.04845293 -0.01800857 -0.05155059
v -0.05046604 -0.01725788 -0.05064675
v -0.05156869 -0.01808535 -0.04864540
v -0.05266124 -0.01625126 -0.04971064
v -0.05469458 -0.01523611 -0.04877452
v -0.04690516 -0.01571383 -0.05526277
v -0.04515507 -0.01782090 -0.05435894
v -0.04690516 -0.01718963 -0.05367299
v -0.07268105 -0.01518493 -0.01880272
v -0.07456266 -0.01330819 -0.01672874
v -0.07289349 -0.01544938 -0.01677716
v -0.07466381 -0.01386268 -0.01375899
v -0.07338918 -0.01608065 -0.01074083
v -0.07425917 -0.01518493 -0.00915912
v -0.06925169 -0.01765029 -0.02349136
v -0.06914041 -0.01456219 -0.02951155
v -0.06873577 -0.01705314 -0.02584779
v -0.07041504 -0.01660102 -0.02261980
v -0.06958552 -0.01803416 -0.02148194
v -0.07148735 -0.01630244 -0.01981146
v -0.01071977 -0.02737522 -0.05822444
v -0.01373438 -0.02712783 -0.05789358
v -0.01668829 -0.02777616 -0.05624730
v -0.01977371 -0.02909841 -0.05346317
v -0.01977371 -0.02762261 -0.05555329
v 0.01039259 -0.01894694 -0.06754524
v 0.01152559 -0.01882751 -0.06744033
v 0.00737798 -0.01919433 -0.06775506
v 0.01039259 -0.01734318 -0.06905432
v -0.00770517 -0.02637713 -0.05999983
v -0.00770517 -0.02490133 -0.06168645
v -0.00469056 -0.02509754 -0.06190434
v -0.00167595 -0.02235920 -0.06505163
v -0.00469056 -0.02371557 -0.06341342
v -0.00167595 -0.02087487 -0.06656070
v -0.00167595 -0.01939054 -0.06798102
v -0.00167595 -0.01780384 -0.06949010
v 0.00133865 -0.01782090 -0.06950624
v 0.00436337 -0.01935641 -0.06790031
v -0.05179125 -0.03298838 -0.01980339
v -0.05329855 -0.03208413 -0.01980339
v -0.05601979 -0.03044625 -0.01950480
v -0.05707187 -0.02955053 -0.02031180
v -0.05266124 -0.03167466 -0.02255524
v -0.05492725 -0.03012208 -0.02282155
v -0.05293437 -0.03047184 -0.02557341
v -0.05643455 -0.02911547 -0.02282155
v -0.05789128 -0.02717901 -0.02510535
v -0.05470469 -0.02704252 -0.03075432
v -0.05299507 -0.02778469 -0.03181148
v -0.05733489 -0.02676101 -0.02711477
v -0.05679873 -0.02637713 -0.02886595
v -0.05402691 -0.02654774 -0.03277180
v -0.04574181 -0.02410798 -0.04578864
v -0.04403218 -0.02617239 -0.04406167
v -0.04196849 -0.02664158 -0.04513498
v -0.04092653 -0.02780175 -0.04406167
v -0.04116932 -0.02939698 -0.04114842
v -0.05299507 -0.02606150 -0.03507174
v -0.05458330 -0.02399708 -0.03658889
v -0.05283321 -0.02461982 -0.03772676
v -0.05176090 -0.02414211 -0.03980880
v -0.04984895 -0.02469659 -0.04087404
v -0.05079987 -0.02347671 -0.04182629
v -0.04775492 -0.02347671 -0.04484446
v -0.04034991 -0.03028417 -0.04027686
v -0.03996550 -0.02715342 -0.04591776
v -0.03767925 -0.02753730 -0.04695072
v -0.03481639 -0.02886808 -0.04686195
v -0.02271750 -0.02886808 -0.05280950
v -0.02475084 -0.02699987 -0.05471401
v -0.03294490 -0.02669276 -0.05128428
v -0.03189283 -0.02586529 -0.05291441
v -0.03184225 -0.02426153 -0.05498032
v -0.02881752 -0.02632595 -0.05385053
v -0.03485685 -0.02732403 -0.04917802
v -0.02676395 -0.02668424 -0.05431051
v -0.04690516 -0.03721958 -0.00915912
v -0.04907001 -0.03605941 -0.01074083
v -0.05057731 -0.03530018 -0.01074083
v -0.05294449 -0.03399500 -0.01074083
v -0.05311646 -0.03346610 -0.01364601
v -0.05236787 -0.03332107 -0.01677716
v 0.00737798 -0.00761825 -0.07699516
v 0.01042294 -0.00785711 -0.07650289
v 0.01152559 -0.00510171 -0.07808460
v 0.01152559 -0.00599743 -0.07751970
v 0.01144466 -0.00900875 -0.07563133
v 0.00133865 -0.00958883 -0.07603483
v 0.00436337 -0.00950352 -0.07597834
v 0.00737798 -0.00934144 -0.07585729
v -0.00469056 -0.00940969 -0.07591378
v -0.00695657 -0.00923907 -0.07579273
v -0.00167595 -0.00955471 -0.07601869
v -0.03961143 -0.01515934 -0.06071806
v -0.04060281 -0.01633657 -0.05891039
v -0.04160431 -0.01752233 -0.05706237
v -0.04319254 -0.01554322 -0.05810339
v -0.03787146 -0.01567118 -0.06123454
v -0.03581788 -0.01771000 -0.06030649
v -0.03479616 -0.01647306 -0.06206574
v -0.04417381 -0.01668632 -0.05623116
v -0.01375461 -0.01080871 -0.07358963
v -0.00786702 -0.01036512 -0.07484048
v -0.00770517 -0.01267692 -0.07314578
v -0.01071977 -0.01238688 -0.07291983
v -0.01276323 -0.01217361 -0.07275036
v -0.02599512 -0.01360676 -0.06819891
v -0.02723941 -0.01498872 -0.06660105
v -0.03184225 -0.01564558 -0.06421235
v -0.02858486 -0.01658396 -0.06459163
v -0.03184225 -0.01712992 -0.06275169
v -0.03381489 -0.01820478 -0.06080682
v -0.01071977 -0.01386268 -0.07174162
v -0.01375461 -0.01330819 -0.07165284
v -0.01373438 -0.01536407 -0.06995009
v -0.01567667 -0.01513375 -0.06974027
v -0.01693107 -0.01654130 -0.06817470
v -0.01817536 -0.01795739 -0.06660105
v -0.01977371 -0.01622567 -0.06773085
v -0.02278831 -0.01575648 -0.06730314
v -0.02523642 -0.01534701 -0.06692385
v -0.05983357 -0.01438305 -0.04397290
v -0.06047089 -0.01500579 -0.04244768
v -0.06134088 -0.01290725 -0.04397290
v -0.05761814 -0.01515934 -0.04565952
v -0.06238284 -0.01392240 -0.04143894
v -0.06328317 -0.01480105 -0.03914707
v -0.06423409 -0.01283047 -0.04042212
v -0.06527605 -0.01089402 -0.04130175
v -0.06513442 -0.01366648 -0.03808990
v -0.06603476 -0.01450248 -0.03566892
v -0.06674289 -0.01822184 -0.02780071
v -0.06722847 -0.01873368 -0.02584779
v -0.06483094 -0.01632804 -0.03462790
v -0.06362712 -0.01810241 -0.03359494
v -0.06260539 -0.02009858 -0.03188411
v -0.06323259 -0.02068719 -0.02989083
v -0.06499280 -0.01945878 -0.02884981
v -0.05670769 -0.01429774 -0.04766894
v -0.04690516 -0.01852894 -0.05216391
v -0.04494263 -0.02066160 -0.05117130
v -0.04708725 -0.02011564 -0.05010607
v -0.04821014 -0.02080662 -0.04831454
v -0.04964663 -0.01857159 -0.04979941
v -0.05011197 -0.02025213 -0.04718474
v -0.05124498 -0.02080662 -0.04528831
v -0.05309623 -0.02018389 -0.04415851
v -0.05450237 -0.01802563 -0.04554655
v -0.05358181 -0.01721522 -0.04755596
v -0.05560503 -0.01619155 -0.04660371
v -0.04314196 -0.01845217 -0.05505295
v -0.04404230 -0.01955262 -0.05314037
v -0.06980808 -0.01829008 -0.01980339
v -0.07167956 -0.01692518 -0.01677716
v -0.07315651 -0.01579061 -0.01375899
v -0.07197292 -0.01726641 -0.01375899
v -0.07347011 -0.01617448 -0.00915912
v -0.07220559 -0.01755645 -0.01074083
v -0.06628766 -0.02071279 -0.02369311
v -0.06794671 -0.01937347 -0.02258752
v -0.06664173 -0.02106254 -0.02168369
v -0.06842216 -0.01976588 -0.01980339
v -0.01071977 -0.02614680 -0.05973352
v -0.01563621 -0.02694015 -0.05765954
v -0.01373438 -0.02584823 -0.05940265
v -0.01764932 -0.02671836 -0.05738517
v -0.02278831 -0.02726432 -0.05506102
v -0.01977371 -0.02645391 -0.05707044
v 0.01152559 -0.01723228 -0.06894941
v 0.00737798 -0.01756498 -0.06926414
v 0.01039259 -0.01586738 -0.07038586
v 0.01152559 -0.01575648 -0.07028902
v 0.01152559 -0.01631097 -0.06978869
v -0.00770517 -0.02351937 -0.06320361
v -0.01071977 -0.02466247 -0.06142822
v -0.00469056 -0.02223977 -0.06490636
v -0.00469056 -0.02072985 -0.06641545
v -0.00469056 -0.01924552 -0.06784383
v -0.00167595 -0.01631950 -0.07074094
v 0.00133865 -0.01633657 -0.07077322
v -0.00469056 -0.01765882 -0.06935291
v -0.00469056 -0.01617448 -0.07062796
v -0.00469056 -0.01437452 -0.07214511
v 0.00436337 -0.01447689 -0.07221774
v 0.00436337 -0.01624273 -0.07070866
v 0.00436337 -0.01771853 -0.06940940
v -0.05387517 -0.03244242 -0.01677716
v -0.05746640 -0.02982351 -0.01829431
v -0.05894335 -0.02831359 -0.01970655
v -0.06041019 -0.02680367 -0.02111879
v -0.05848813 -0.02763967 -0.02282155
v -0.06066309 -0.02404826 -0.02767159
v -0.05902428 -0.02478190 -0.02875297
v -0.05805314 -0.02433831 -0.03118202
v -0.05520039 -0.02448333 -0.03491034
v -0.04619703 -0.02142936 -0.04916188
v -0.04453799 -0.02340847 -0.04779806
v -0.04367812 -0.02453451 -0.04687809
v -0.04092653 -0.02595060 -0.04695072
v -0.04252488 -0.02398002 -0.04861313
v -0.05377401 -0.02338288 -0.03859831
v -0.05670769 -0.02331463 -0.03491034
v -0.05785081 -0.02125875 -0.03693590
v -0.05582759 -0.02231655 -0.03776711
v -0.05506888 -0.02141230 -0.04016388
v -0.05298495 -0.02244451 -0.04099509
v -0.05219590 -0.02149760 -0.04327889
v -0.04923187 -0.02150613 -0.04629705
v -0.03855936 -0.02646244 -0.04793525
v -0.03654625 -0.02694869 -0.04862927
v -0.02278831 -0.02603591 -0.05657010
v -0.02597489 -0.02543876 -0.05611818
v -0.02519595 -0.02418476 -0.05789358
v -0.03485685 -0.02626623 -0.05068710
v -0.03460395 -0.02462835 -0.05300318
v -0.03343048 -0.02393737 -0.05459296
v -0.03184225 -0.02300753 -0.05649747
v -0.02881752 -0.02484162 -0.05567434
v -0.02720906 -0.02386059 -0.05752235
v -0.04923187 -0.03613619 -0.00915912
v -0.05001081 -0.03575230 -0.00915912
v -0.05073917 -0.03538549 -0.00915912
v -0.05294449 -0.03417414 -0.00915912
v -0.05380436 -0.03367936 -0.00915912
v -0.05473504 -0.03296279 -0.01074083
v -0.05453272 -0.03283482 -0.01255657
v -0.05423935 -0.03265569 -0.01457406
v 0.00943156 -0.00919642 -0.07575239
v 0.01152559 -0.00900021 -0.07562327
v 0.01042294 -0.01033953 -0.07475978
v 0.01152559 -0.00907699 -0.07556677
v 0.01039259 -0.01257455 -0.07306509
v 0.00133865 -0.01106463 -0.07496960
v 0.00436337 -0.01098785 -0.07491311
v 0.00737798 -0.01082577 -0.07477592
v -0.00469056 -0.01088549 -0.07483240
v -0.00167595 -0.01103904 -0.07494539
v -0.03960132 -0.01811094 -0.05769990
v -0.03787146 -0.01714698 -0.05972545
v -0.04053200 -0.01927111 -0.05582767
v -0.03479616 -0.01942466 -0.05903951
v -0.03577742 -0.02065307 -0.05723184
v -0.03787146 -0.01859719 -0.05821637
v -0.00469056 -0.01289872 -0.07332333
v -0.00770517 -0.01415272 -0.07196757
v -0.02606594 -0.01639628 -0.06565687
v -0.02742150 -0.01801710 -0.06363938
v -0.02942449 -0.01762469 -0.06325202
v -0.03184225 -0.01862278 -0.06124261
v -0.03376431 -0.02113932 -0.05777252
v -0.01071977 -0.01569677 -0.07022446
v -0.01373438 -0.01684841 -0.06861855
v -0.01071977 -0.01717257 -0.06891713
v -0.01617236 -0.01820478 -0.06684315
v -0.01720421 -0.01956968 -0.06522916
v -0.01823606 -0.02093458 -0.06359903
v -0.01977371 -0.01922845 -0.06485795
v -0.02278831 -0.01878486 -0.06440603
v -0.01977371 -0.01771000 -0.06636703
v -0.02278831 -0.01723228 -0.06591511
v -0.06127006 -0.01578208 -0.04043826
v -0.05832627 -0.01582473 -0.04397290
v -0.05740570 -0.01792327 -0.04239119
v -0.05934800 -0.01685693 -0.04141473
v -0.05670769 -0.01730906 -0.04397290
v -0.06402165 -0.01550909 -0.03713765
v -0.06023822 -0.01776118 -0.03911479
v -0.06580209 -0.02020948 -0.02584779
v -0.06295945 -0.01747967 -0.03560436
v -0.06176575 -0.01924552 -0.03456334
v -0.06056193 -0.02101136 -0.03352231
v -0.06377886 -0.02119903 -0.02788141
v -0.06109809 -0.02147201 -0.03188411
v -0.06005613 -0.02356202 -0.02968101
v -0.06194785 -0.02237626 -0.02878525
v -0.04292952 -0.02125022 -0.05191374
v -0.04373881 -0.02232508 -0.04989625
v -0.05419889 -0.02074691 -0.04218137
v -0.05520039 -0.01861425 -0.04397290
v -0.04147280 -0.02042274 -0.05393122
v -0.07017225 -0.01868249 -0.01677716
v -0.07045550 -0.01899813 -0.01375899
v -0.07285303 -0.01694224 -0.00915912
v -0.07068818 -0.01925405 -0.01074083
v -0.07155816 -0.01846923 -0.00915912
v -0.07227641 -0.01765882 -0.00915912
v -0.06428467 -0.02167675 -0.02584779
v -0.06318201 -0.02363880 -0.02353978
v -0.06493210 -0.02235067 -0.02261173
v -0.06357654 -0.02397149 -0.02153036
v -0.06385979 -0.02422741 -0.01980339
v -0.06536709 -0.02281132 -0.01980339
v -0.06691486 -0.02133552 -0.01980339
v -0.06878635 -0.02015829 -0.01677716
v -0.01373438 -0.02437243 -0.06109734
v -0.01686026 -0.02541317 -0.05909600
v -0.01808431 -0.02385206 -0.06053245
v -0.01977371 -0.02496958 -0.05876513
v -0.02278831 -0.02455157 -0.05829707
v 0.00737798 -0.01608065 -0.07058761
v 0.01039259 -0.01405035 -0.07190301
v 0.00737798 -0.01430627 -0.07209669
v 0.01152559 -0.01462191 -0.07123321
v -0.00770517 -0.02203504 -0.06470462
v -0.01071977 -0.02327198 -0.06294537
v -0.01071977 -0.02178765 -0.06446251
v -0.00770517 -0.02052511 -0.06622177
v -0.00770517 -0.01904931 -0.06765015
v -0.00167595 -0.01451101 -0.07225002
v 0.00133865 -0.01454513 -0.07228230
v -0.00770517 -0.01743702 -0.06915923
v -0.00770517 -0.01596122 -0.07045849
v -0.00167595 -0.01303521 -0.07343631
v 0.00133865 -0.01306933 -0.07346051
v 0.00436337 -0.01299255 -0.07339595
v -0.05595909 -0.03112017 -0.01677716
v -0.05768895 -0.02998559 -0.01677716
v -0.05919626 -0.02882543 -0.01677716
v -0.06075414 -0.02707665 -0.01910130
v -0.06185680 -0.02590795 -0.01998900
v -0.06113855 -0.02441508 -0.02584779
v -0.05999543 -0.02648803 -0.02282155
v -0.06264585 -0.02316108 -0.02584779
v -0.05902428 -0.02307577 -0.03206972
v -0.04087595 -0.02328051 -0.05069517
v -0.03908539 -0.02374969 -0.05132463
v -0.04087595 -0.02440655 -0.04919416
v -0.05707187 -0.02061895 -0.03894532
v -0.05890289 -0.02169381 -0.03467632
v -0.05986392 -0.02039715 -0.03553173
v -0.05904452 -0.01951850 -0.03802534
v -0.03782088 -0.02536198 -0.04997695
v -0.02278831 -0.02319520 -0.05980616
v -0.02604570 -0.02293075 -0.05896688
v -0.03708240 -0.02426153 -0.05197830
v -0.03544359 -0.02346818 -0.05399578
v -0.03460395 -0.02229948 -0.05590836
v -0.03184225 -0.02152320 -0.05819216
v -0.02881752 -0.02357055 -0.05718342
v -0.02738103 -0.02096017 -0.06060508
v -0.02856462 -0.02187295 -0.05914442
v -0.05487667 -0.03304809 -0.00915912
v -0.05638397 -0.03207560 -0.00915912
v -0.05624235 -0.03198176 -0.01074083
v -0.05570619 -0.03188793 -0.01364601
v 0.00737798 -0.01283047 -0.07326684
v 0.01152559 -0.01245512 -0.07297632
v -0.03787146 -0.02008152 -0.05660238
v -0.03946981 -0.02098577 -0.05459296
v -0.03787146 -0.02139524 -0.05509330
v -0.02580292 -0.01829861 -0.06392183
v -0.02840276 -0.01930523 -0.06192855
v -0.02580292 -0.01978294 -0.06240468
v -0.02939414 -0.02058483 -0.06020158
v -0.03184225 -0.02009858 -0.05970124
v -0.01373438 -0.01849482 -0.06710946
v -0.01071977 -0.01880192 -0.06740805
v -0.01373438 -0.01997062 -0.06565687
v -0.01623306 -0.02118197 -0.06384920
v -0.01977371 -0.02071279 -0.06336501
v -0.01715363 -0.02252128 -0.06220293
v -0.01977371 -0.02362174 -0.06028228
v -0.02278831 -0.02171087 -0.06139594
v -0.02278831 -0.02026066 -0.06290501
v -0.05823522 -0.01864837 -0.04037370
v -0.05624235 -0.01969764 -0.04127754
v -0.06095647 -0.01842657 -0.03709730
v -0.04063316 -0.02165969 -0.05296283
v -0.06908983 -0.02048246 -0.01375899
v -0.06934273 -0.02073838 -0.01074083
v -0.07006097 -0.02010711 -0.00915912
v -0.06259528 -0.02608709 -0.01677716
v -0.06426443 -0.02461129 -0.01677716
v -0.06577174 -0.02317814 -0.01677716
v -0.06727904 -0.02170234 -0.01677716
v -0.01607120 -0.02409945 -0.06080682
v -0.01373438 -0.02295635 -0.06260643
v 0.01152559 -0.01393092 -0.07179811
v -0.01373438 -0.02147201 -0.06414779
v -0.01071977 -0.02027772 -0.06597160
v -0.05809360 -0.03027563 -0.01375899
v -0.05960090 -0.02913253 -0.01375899
v -0.06108797 -0.02734963 -0.01677716
v -0.03800297 -0.02299047 -0.05300318
v -0.02580292 -0.02123316 -0.06089560
v -0.05743605 -0.03135902 -0.00915912
v -0.05842743 -0.03050596 -0.01074083
v -0.06758253 -0.02200091 -0.01375899
v -0.06783543 -0.02224830 -0.01074083
v -0.06677323 -0.02349378 -0.00915912
v -0.06941354 -0.02081515 -0.00915912
v -0.06295945 -0.02638566 -0.01375899
v -0.06145215 -0.02765673 -0.01375899
v -0.06457804 -0.02490133 -0.01375899
v -0.06608534 -0.02348524 -0.01375899
v -0.05993473 -0.02940551 -0.01074083
v -0.05854883 -0.03059127 -0.00915912
v -0.05933788 -0.03002825 -0.00915912
v -0.06006624 -0.02949935 -0.00915912
v -0.06633824 -0.02372410 -0.01074083
v -0.06643940 -0.02382647 -0.00915912
v -0.06324271 -0.02662452 -0.01074083
v -0.06172529 -0.02792118 -0.01074083
v -0.06483094 -0.02514019 -0.01074083
v -0.06091600 -0.02879130 -0.00915912
v -0.06393061 -0.02617239 -0.00915912
v -0.06278748 -0.02719607 -0.00915912
v -0.06334387 -0.02671836 -0.00915912
v -0.06196807 -0.02789558 -0.00915912
f 3660 3661 3662
f 3660 3662 3669
f 3660 3669 3683
f 3660 3683 3704
f 3660 3704 3733
f 3660 3733 3773
f 3660 3773 3822
f 3660 3822 3824
f 3660 3824 3894
f 3660 3894 3969
f 3660 3969 4060
f 3660 4060 4144
f 3660 4144 4223
f 3660 4223 4304
f 3660 4304 4303
f 3660 4303 4302
f 3660 4302 4308
f 3660 4308 4393
f 3660 4393 4483
f 3660 4483 4482
f 3660 4482 4574
f 3660 4574 4587
f 3660 4587 4684
f 3660 4684 4683
f 3660 4683 4781
f 3660 4781 4873
f 3660 4873 4872
f 3660 4872 4871
f 3660 4871 4964
f 3660 4964 5061
f 3660 5061 5060
f 3660 5060 5156
f 3660 5156 5155
f 3660 5155 5283
f 3660 5283 5423
f 3660 5423 5422
f 3660 5422 5555
f 3660 5555 5675
f 3660 5675 5818
f 3660 5818 5822
f 3660 5822 5821
f 3660 5821 5952
f 3660 5952 6027
f 3660 6027 5996
f 3660 5996 5880
f 3660 5880 5878
f 3660 5878 5735
f 3660 5735 5734
f 3660 5734 5601
f 3660 5601 5470
f 3660 5470 5331
f 3660 5331 5199
f 3660 5199 5091
f 3660 5091 4990
f 3660 4990 4989
f 3660 4989 4893
f 3660 4893 4797
f 3660 4797 4794
f 3660 4794 4696
f 3660 4696 4601
f 3660 4601 4505
f 3660 4505 4412
f 3660 4412 4411
f 3660 4411 4325
f 3660 4325 4324
f 3660 4324 4322
f 3660 4322 4237
f 3660 4237 4161
f 3660 4161 4160
f 3660 4160 4069
f 3660 4069 3977
f 3660 3977 3902
f 3660 3902 3831
f 3660 3831 3781
f 3660 3781 3737
f 3660 3737 3706
f 3660 3706 3684
f 3660 3684 3670
f 3660 3670 3663
f 3660 3663 3664
f 3660 3664 3665
f 3660 3665 3666
f 3660 3666 3667
f 3660 3667 3661
f 3661 3667 3668
f 3661 3668 3662
f 3662 3668 3669
f 3663 3670 3671
f 3663 3671 3664
f 3664 3672 3673
f 3664 3673 3674
f 3664 3674 3665
f 3664 3671 3675
f 3664 3675 3676
f 3664 3676 3672
f 3665 3674 3677
f 3665 3677 3678
f 3665 3678 3679
f 3665 3679 3680
f 3665 3680 3681
f 3665 3681 3682
f 3665 3682 3666
f 3666 3682 3667
f 3667 3682 3681
f 3667 3681 3703
f 3667 3703 3732
f 3667 3732 3772
f 3667 3772 3821
f 3667 3821 3890
f 3667 3890 3962
f 3667 3962 4048
f 3667 4048 4133
f 3667 4133 4215
f 3667 4215 4140
f 3667 4140 4219
f 3667 4219 4221
f 3667 4221 4300
f 3667 4300 4301
f 3667 4301 4389
f 3667 4389 4480
f 3667 4480 4572
f 3667 4572 4671
f 3667 4671 4670
f 3667 4670 4765
f 3667 4765 4767
f 3667 4767 4858
f 3667 4858 4950
f 3667 4950 5038
f 3667 5038 5043
f 3667 5043 5042
f 3667 5042 5041
f 3667 5041 5139
f 3667 5139 5264
f 3667 5264 5263
f 3667 5263 5403
f 3667 5403 5402
f 3667 5402 5538
f 3667 5538 5539
f 3667 5539 5537
f 3667 5537 5536
f 3667 5536 5535
f 3667 5535 5534
f 3667 5534 5662
f 3667 5662 5806
f 3667 5806 5932
f 3667 5932 5935
f 3667 5935 5934
f 3667 5934 6020
f 3667 6020 6040
f 3667 6040 6039
f 3667 6039 6050
f 3667 6050 6055
f 3667 6055 6057
f 3667 6057 6056
f 3667 6056 6058
f 3667 6058 6054
f 3667 6054 6048
f 3667 6048 6047
f 3667 6047 6046
f 3667 6046 6035
f 3667 6035 5992
f 3667 5992 5991
f 3667 5991 5873
f 3667 5873 5872
f 3667 5872 5871
f 3667 5871 5870
f 3667 5870 5869
f 3667 5869 5726
f 3667 5726 5594
f 3667 5594 5593
f 3667 5593 5461
f 3667 5461 5460
f 3667 5460 5322
f 3667 5322 5321
f 3667 5321 5191
f 3667 5191 5190
f 3667 5190 5189
f 3667 5189 5085
f 3667 5085 4983
f 3667 4983 4888
f 3667 4888 4793
f 3667 4793 4695
f 3667 4695 4600
f 3667 4600 4598
f 3667 4598 4501
f 3667 4501 4407
f 3667 4407 4320
f 3667 4320 4235
f 3667 4235 4157
f 3667 4157 4156
f 3667 4156 4155
f 3667 4155 4153
f 3667 4153 4065
f 3667 4065 3973
f 3667 3973 3898
f 3667 3898 3827
f 3667 3827 3778
f 3667 3778 3777
f 3667 3777 3776
f 3667 3776 3735
f 3667 3735 3705
f 3667 3705 3683
f 3667 3683 3669
f 3667 3669 3668
f 3670 3684 3685
f 3670 3685 3686
f 3670 3686 3687
f 3670 3687 3671
f 3671 3688 3689
f 3671 3689 3675
f 3671 3687 3690
f 3671 3690 3691
f 3671 3691 3688
f 3672 3692 3693
f 3672 3693 3694
f 3672 3694 3673
f 3672 3676 3695
f 3672 3695 3692
f 3673 3694 3696
f 3673 3696 3697
f 3673 3697 3677
f 3673 3677 3674
f 3675 3689 3676
f 3676 3689 3698
f 3676 3698 3695
f 3677 3697 3699
f 3677 3699 3700
f 3677 3700 3701
f 3677 3701 3678
f 3678 3701 3702
f 3678 3702 3679
f 3679 3702 3703
f 3679 3703 3681
f 3679 3681 3680
f 3683 3705 3704
f 3684 3706 3707
f 3684 3707 3708
f 3684 3708 3685
f 3685 3708 3686
f 3686 3708 3709
f 3686 3709 3710
f 3686 3710 3687
f 3687 3710 3711
f 3687 3711 3712
f 3687 3712 3713
f 3687 3713 3691
f 3687 3691 3690
f 3688 3714 3715
f 3688 3715 3689
f 3688 3691 3716
f 3688 3716 3714
f 3689 3715 3698
f 3691 3713 3717
f 3691 3717 3716
f 3692 3718 3719
f 3692 3719 3693
f 3692 3695 3718
f 3693 3719 3720
f 3693 3720 3694
f 3694 3720 3721
f 3694 3721 3696
f 3695 3698 3722
f 3695 3722 3723
f 3695 3723 3724
f 3695 3724 3718
f 3696 3721 3725
f 3696 3725 3699
f 3696 3699 3697
f 3698 3726 3722
f 3698 3715 3714
f 3698 3714 3726
f 3699 3727 3700
f 3699 3725 3727
f 3700 3727 3728
f 3700 3728 3701
f 3701 3728 3702
f 3702 3728 3729
f 3702 3729 3703
f 3703 3730 3731
f 3703 3731 3732
f 3703 3729 3730
f 3704 3705 3734
f 3704 3734 3733
f 3705 3735 3736
f 3705 3736 3734
f 3706 3737 3738
f 3706 3738 3739
f 3706 3739 3740
f 3706 3740 3707
f 3707 3740 3708
f 3708 3740 3741
f 3708 3741 3709
f 3709 3741 3742
f 3709 3742 3711
f 3709 3711 3710
f 3711 3742 3743
f 3711 3743 3712
f 3712 3744 3716
f 3712 3716 3717
f 3712 3717 3713
f 3712 3743 3745
f 3712 3745 3744
f 3714 3716 3746
f 3714 3746 3747
f 3714 3747 3748
f 3714 3748 3726
f 3716 3744 3749
f 3716 3749 3747
f 3716 3747 3746
f 3718 3724 3750
f 3718 3750 3719
f 3719 3751 3752
f 3719 3752 3720
f 3719 3750 3751
f 3720 3753 3754
f 3720 3754 3725
f 3720 3725 3721
f 3720 3752 3755
f 3720 3755 3756
f 3720 3756 3753
f 3722 3726 3748
f 3722 3748 3747
f 3722 3747 3757
f 3722 3757 3758
f 3722 3758 3759
f 3722 3759 3760
f 3722 3760 3761
f 3722 3761 3723
f 3723 3761 3760
f 3723 3760 3762
f 3723 3762 3724
f 3724 3762 3750
f 3725 3754 3727
f 3727 3754 3763
f 3727 3763 3764
f 3727 3764 3728
f 3728 3764 3765
f 3728 3765 3766
f 3728 3766 3767
f 3728 3767 3768
f 3728 3768 3729
f 3729 3767 3769
f 3729 3769 3770
f 3729 3770 3771
f 3729 3771 3730
f 3729 3768 3767
f 3730 3771 3770
f 3730 3770 3731
f 3731 3770 3772
f 3731 3772 3732
f 3733 3734 3773
f 3734 3774 3773
f 3734 3736 3775
f 3734 3775 3774
f 3735 3776 3736
f 3736 3776 3777
f 3736 3777 3778
f 3736 3778 3779
f 3736 3779 3780
f 3736 3780 3775
f 3737 3781 3738
f 3738 3781 3782
f 3738 3782 3739
f 3739 3783 3784
f 3739 3784 3740
f 3739 3782 3783
f 3740 3784 3785
f 3740 3785 3786
f 3740 3786 3742
f 3740 3742 3741
f 3742 3786 3743
f 3743 3786 3787
f 3743 3787 3745
f 3744 3788 3789
f 3744 3789 3790
f 3744 3790 3791
f 3744 3791 3749
f 3744 3745 3792
f 3744 3792 3793
f 3744 3793 3788
f 3745 3787 3793
f 3745 3793 3792
f 3747 3794 3795
f 3747 3795 3796
f 3747 3796 3797
f 3747 3797 3758
f 3747 3758 3757
f 3747 3749 3794
f 3749 3791 3798
f 3749 3798 3799
f 3749 3799 3794
f 3750 3762 3800
f 3750 3800 3801
f 3750 3801 3751
f 3751 3801 3802
f 3751 3802 3803
f 3751 3803 3804
f 3751 3804 3752
f 3752 3804 3755
f 3753 3756 3805
f 3753 3805 3806
f 3753 3806 3754
f 3754 3806 3763
f 3755 3804 3756
f 3756 3807 3805
f 3756 3804 3807
f 3758 3808 3809
f 3758 3809 3760
f 3758 3760 3759
f 3758 3797 3808
f 3760 3809 3810
f 3760 3810 3811
f 3760 3811 3812
f 3760 3812 3813
f 3760 3813 3814
f 3760 3814 3762
f 3762 3814 3800
f 3763 3806 3815
f 3763 3815 3764
f 3764 3816 3765
f 3764 3815 3816
f 3765 3816 3817
f 3765 3817 3766
f 3766 3817 3818
f 3766 3818 3767
f 3767 3818 3769
f 3769 3818 3819
f 3769 3819 3770
f 3770 3819 3820
f 3770 3820 3772
f 3772 3820 3889
f 3772 3889 3821
f 3773 3774 3822
f 3774 3823 3824
f 3774 3824 3822
f 3774 3775 3825
f 3774 3825 3823
f 3775 3780 3826
f 3775 3826 3825
f 3778 3827 3779
f 3779 3827 3828
f 3779 3828 3829
f 3779 3829 3830
f 3779 3830 3780
f 3780 3830 3826
f 3781 3831 3782
f 3782 3831 3832
f 3782 3832 3783
f 3783 3832 3784
f 3784 3832 3833
f 3784 3833 3785
f 3785 3833 3834
f 3785 3834 3786
f 3786 3834 3787
f 3787 3835 3793
f 3787 3834 3835
f 3788 3793 3835
f 3788 3835 3836
f 3788 3836 3789
f 3789 3837 3838
f 3789 3838 3839
f 3789 3839 3840
f 3789 3840 3798
f 3789 3798 3791
f 3789 3791 3790
f 3789 3836 3837
f 3794 3799 3795
f 3795 3841 3842
f 3795 3842 3797
f 3795 3797 3796
f 3795 3799 3843
f 3795 3843 3844
f 3795 3844 3841
f 3797 3842 3845
f 3797 3845 3846
f 3797 3846 3847
f 3797 3847 3848
f 3797 3848 3808
f 3798 3840 3849
f 3798 3849 3850
f 3798 3850 3851
f 3798 3851 3852
f 3798 3852 3843
f 3798 3843 3799
f 3800 3814 3853
f 3800 3853 3801
f 3801 3853 3854
f 3801 3854 3855
f 3801 3855 3802
f 3802 3855 3856
f 3802 3856 3857
f 3802 3857 3803
f 3803 3857 3858
f 3803 3858 3859
f 3803 3859 3860
f 3803 3860 3861
f 3803 3861 3804
f 3804 3861 3862
f 3804 3862 3807
f 3805 3807 3806
f 3806 3863 3864
f 3806 3864 3865
f 3806 3865 3866
f 3806 3866 3816
f 3806 3816 3815
f 3806 3807 3863
f 3807 3862 3867
f 3807 3867 3868
f 3807 3868 3869
f 3807 3869 3870
f 3807 3870 3863
f 3808 3848 3871
f 3808 3871 3872
f 3808 3872 3873
f 3808 3873 3809
f 3809 3873 3874
f 3809 3874 3810
f 3810 3874 3875
f 3810 3875 3876
f 3810 3876 3811
f 3811 3876 3812
f 3812 3876 3877
f 3812 3877 3853
f 3812 3853 3813
f 3813 3853 3814
f 3816 3866 3878
f 3816 3878 3817
f 3817 3879 3880
f 3817 3880 3881
f 3817 3881 3818
f 3817 3878 3882
f 3817 3882 3883
f 3817 3883 3879
f 3818 3884 3885
f 3818 3885 3886
f 3818 3886 3887
f 3818 3887 3820
f 3818 3820 3819
f 3818 3881 3888
f 3818 3888 3884
f 3820 3887 3889
f 3821 3889 3891
f 3821 3891 3890
f 3823 3825 3892
f 3823 3892 3893
f 3823 3893 3894
f 3823 3894 3824
f 3825 3826 3895
f 3825 3895 3892
f 3826 3830 3896
f 3826 3896 3897
f 3826 3897 3895
f 3827 3898 3828
f 3828 3899 3830
f 3828 3830 3829
f 3828 3898 3900
f 3828 3900 3899
f 3830 3899 3901
f 3830 3901 3896
f 3831 3902 3903
f 3831 3903 3832
f 3832 3904 3833
f 3832 3903 3905
f 3832 3905 3904
f 3833 3906 3907
f 3833 3907 3834
f 3833 3904 3906
f 3834 3907 3835
f 3835 3908 3836
f 3835 3907 3908
f 3836 3908 3909
f 3836 3909 3910
f 3836 3910 3911
f 3836 3911 3837
f 3837 3911 3910
f 3837 3910 3912
f 3837 3912 3838
f 3838 3913 3914
f 3838 3914 3839
f 3838 3912 3910
f 3838 3910 3913
f 3839 3914 3915
f 3839 3915 3840
f 3840 3915 3916
f 3840 3916 3849
f 3841 3844 3917
f 3841 3917 3918
f 3841 3918 3842
f 3842 3918 3919
f 3842 3919 3845
f 3843 3920 3921
f 3843 3921 3844
f 3843 3852 3922
f 3843 3922 3920
f 3844 3921 3917
f 3845 3923 3846
f 3845 3919 3923
f 3846 3923 3847
f 3847 3923 3848
f 3848 3923 3871
f 3849 3916 3924
f 3849 3924 3850
f 3850 3924 3851
f 3851 3925 3926
f 3851 3926 3852
f 3851 3924 3927
f 3851 3927 3925
f 3852 3926 3928
f 3852 3928 3929
f 3852 3929 3922
f 3853 3877 3930
f 3853 3930 3931
f 3853 3931 3854
f 3854 3931 3855
f 3855 3931 3932
f 3855 3932 3856
f 3856 3932 3933
f 3856 3933 3857
f 3857 3933 3858
f 3858 3933 3934
f 3858 3934 3859
f 3859 3935 3860
f 3859 3934 3936
f 3859 3936 3937
f 3859 3937 3935
f 3860 3935 3861
f 3861 3935 3937
f 3861 3937 3862
f 3862 3937 3936
f 3862 3936 3938
f 3862 3938 3939
f 3862 3939 3867
f 3863 3870 3940
f 3863 3940 3941
f 3863 3941 3864
f 3864 3941 3865
f 3865 3942 3866
f 3865 3941 3942
f 3866 3942 3943
f 3866 3943 3878
f 3867 3939 3944
f 3867 3944 3868
f 3868 3944 3945
f 3868 3945 3869
f 3869 3945 3870
f 3870 3946 3940
f 3870 3945 3946
f 3871 3947 3948
f 3871 3948 3872
f 3871 3923 3947
f 3872 3948 3949
f 3872 3949 3873
f 3873 3949 3950
f 3873 3950 3874
f 3874 3950 3951
f 3874 3951 3952
f 3874 3952 3930
f 3874 3930 3875
f 3875 3930 3876
f 3876 3930 3877
f 3878 3943 3953
f 3878 3953 3882
f 3879 3883 3954
f 3879 3954 3880
f 3880 3954 3881
f 3881 3954 3955
f 3881 3955 3956
f 3881 3956 3957
f 3881 3957 3888
f 3882 3953 3958
f 3882 3958 3954
f 3882 3954 3883
f 3884 3959 3885
f 3884 3888 3959
f 3885 3959 3886
f 3886 3959 3887
f 3887 3959 3960
f 3887 3960 3889
f 3888 3957 3961
f 3888 3961 3959
f 3889 3960 3891
f 3890 3891 3962
f 3891 3960 3963
f 3891 3963 3964
f 3891 3964 3962
f 3892 3965 3966
f 3892 3966 3893
f 3892 3895 3967
f 3892 3967 3965
f 3893 3968 3969
f 3893 3969 3894
f 3893 3966 3968
f 3895 3897 3971
f 3895 3971 3967
f 3896 3901 3970
f 3896 3970 3897
f 3897 3970 3972
f 3897 3972 4062
f 3897 4062 3971
f 3898 3973 3900
f 3899 3900 3974
f 3899 3974 3901
f 3900 3973 3975
f 3900 3975 3974
f 3901 3974 3976
f 3901 3976 3970
f 3902 3977 3978
f 3902 3978 3903
f 3903 3979 3905
f 3903 3978 3979
f 3904 3905 3980
f 3904 3980 3981
f 3904 3981 3982
f 3904 3982 3906
f 3905 3979 3983
f 3905 3983 3980
f 3906 3982 3907
f 3907 3982 3984
f 3907 3984 3908
f 3908 3985 3986
f 3908 3986 3987
f 3908 3987 3909
f 3908 3984 3985
f 3909 3987 3988
f 3909 3988 3910
f 3910 3988 3989
f 3910 3989 3990
f 3910 3990 3991
f 3910 3991 3992
f 3910 3992 3913
f 3913 3992 3993
f 3913 3993 3994
f 3913 3994 3914
f 3914 3994 3995
f 3914 3995 3915
f 3915 3995 3996
f 3915 3996 3916
f 3916 3997 3998
f 3916 3998 3924
f 3916 3996 3997
f 3917 3921 3999
f 3917 3999 4000
f 3917 4000 4001
f 3917 4001 3918
f 3918 4002 3919
f 3918 4001 4002
f 3919 4002 4003
f 3919 4003 4004
f 3919 4004 4005
f 3919 4005 3923
f 3920 4006 3921
f 3920 3922 4006
f 3921 4006 3999
f 3922 3929 4006
f 3923 4005 4007
f 3923 4007 3947
f 3924 3998 4008
f 3924 4008 3927
f 3925 3927 4008
f 3925 4008 4009
f 3925 4009 4010
f 3925 4010 3928
f 3925 3928 3926
f 3928 4010 4011
f 3928 4011 4012
f 3928 4012 3929
f 3929 4012 4006
f 3930 3952 4013
f 3930 4013 3931
f 3931 4014 4015
f 3931 4015 3932
f 3931 4013 4014
f 3932 4015 3933
f 3933 4016 4017
f 3933 4017 3934
f 3933 4015 4016
f 3934 4018 4019
f 3934 4019 3936
f 3934 4017 4016
f 3934 4016 4020
f 3934 4020 4021
f 3934 4021 4018
f 3936 4019 3938
f 3938 4019 4022
f 3938 4022 4023
f 3938 4023 3939
f 3939 4023 4024
f 3939 4024 3944
f 3940 3946 4025
f 3940 4025 4026
f 3940 4026 3941
f 3941 4026 4027
f 3941 4027 3942
f 3942 4027 4028
f 3942 4028 3943
f 3943 4028 4029
f 3943 4029 4030
f 3943 4030 3953
f 3944 4024 4031
f 3944 4031 3945
f 3945 4031 3946
f 3946 4031 4025
f 3947 4032 3948
f 3947 4007 4032
f 3948 4032 4033
f 3948 4033 3949
f 3949 4034 3950
f 3949 4033 4034
f 3950 4034 4035
f 3950 4035 3951
f 3951 4036 4013
f 3951 4013 3952
f 3951 4035 4036
f 3953 4030 3958
f 3954 3958 4037
f 3954 4037 4038
f 3954 4038 3955
f 3955 4038 4039
f 3955 4039 3956
f 3956 4040 4041
f 3956 4041 3957
f 3956 4039 4040
f 3957 4041 4042
f 3957 4042 3961
f 3958 4030 4043
f 3958 4043 4044
f 3958 4044 4037
f 3959 3961 4045
f 3959 4045 3963
f 3959 3963 4046
f 3959 4046 3960
f 3960 4046 3963
f 3961 4042 4047
f 3961 4047 4045
f 3962 3964 4048
f 3963 4045 4049
f 3963 4049 4050
f 3963 4050 4051
f 3963 4051 3964
f 3964 4051 4052
f 3964 4052 4053
f 3964 4053 4054
f 3964 4054 4055
f 3964 4055 4048
f 3965 4056 3966
f 3965 3967 4057
f 3965 4057 4056
f 3966 4056 4058
f 3966 4058 3968
f 3967 3971 4059
f 3967 4059 4057
f 3968 4058 3969
f 3969 4058 4060
f 3970 3976 4061
f 3970 4061 3972
f 3971 4062 4063
f 3971 4063 4059
f 3972 4061 4064
f 3972 4064 4062
f 3973 4065 3975
f 3974 3975 4066
f 3974 4066 3976
f 3975 4065 4067
f 3975 4067 4066
f 3976 4066 4068
f 3976 4068 4061
f 3977 4069 3979
f 3977 3979 3978
f 3979 4069 4070
f 3979 4070 3983
f 3980 4071 3981
f 3980 3983 4072
f 3980 4072 4071
f 3981 4073 3982
f 3981 4071 4073
f 3982 4073 4074
f 3982 4074 3984
f 3983 4070 4075
f 3983 4075 4072
f 3984 4074 4076
f 3984 4076 4077
f 3984 4077 3985
f 3985 4077 3986
f 3986 4077 4078
f 3986 4078 4079
f 3986 4079 4080
f 3986 4080 3987
f 3987 4080 3988
f 3988 4080 3990
f 3988 3990 3989
f 3990 4081 4082
f 3990 4082 3991
f 3990 4080 4079
f 3990 4079 4081
f 3991 4082 4083
f 3991 4083 3993
f 3991 3993 3992
f 3993 4083 4084
f 3993 4084 3994
f 3994 4084 4085
f 3994 4085 3995
f 3995 4085 4086
f 3995 4086 3996
f 3996 4086 3997
f 3997 4086 4087
f 3997 4087 4088
f 3997 4088 4008
f 3997 4008 3998
f 3999 4006 4000
f 4000 4006 4012
f 4000 4012 4011
f 4000 4011 4089
f 4000 4089 4090
f 4000 4090 4001
f 4001 4090 4003
f 4001 4003 4002
f 4003 4091 4092
f 4003 4092 4004
f 4003 4090 4093
f 4003 4093 4091
f 4004 4092 4005
f 4005 4092 4007
f 4007 4092 4094
f 4007 4094 4032
f 4008 4088 4009
f 4009 4095 4096
f 4009 4096 4010
f 4009 4088 4175
f 4009 4175 4095
f 4010 4096 4097
f 4010 4097 4011
f 4011 4097 4089
f 4013 4098 4014
f 4013 4036 4099
f 4013 4099 4100
f 4013 4100 4098
f 4014 4101 4102
f 4014 4102 4015
f 4014 4098 4101
f 4015 4102 4103
f 4015 4103 4104
f 4015 4104 4016
f 4016 4105 4020
f 4016 4104 4105
f 4018 4021 4106
f 4018 4106 4107
f 4018 4107 4108
f 4018 4108 4109
f 4018 4109 4019
f 4019 4109 4022
f 4020 4105 4110
f 4020 4110 4111
f 4020 4111 4021
f 4021 4111 4106
f 4022 4109 4112
f 4022 4112 4023
f 4023 4112 4113
f 4023 4113 4114
f 4023 4114 4024
f 4024 4114 4031
f 4025 4031 4114
f 4025 4114 4026
f 4026 4114 4115
f 4026 4115 4116
f 4026 4116 4027
f 4027 4117 4028
f 4027 4116 4117
f 4028 4117 4118
f 4028 4118 4029
f 4029 4119 4120
f 4029 4120 4030
f 4029 4118 4119
f 4030 4120 4043
f 4032 4094 4121
f 4032 4121 4033
f 4033 4121 4122
f 4033 4122 4034
f 4034 4122 4035
f 4035 4122 4123
f 4035 4123 4036
f 4036 4124 4125
f 4036 4125 4099
f 4036 4123 4124
f 4037 4044 4038
f 4038 4044 4126
f 4038 4126 4039
f 4039 4127 4040
f 4039 4126 4127
f 4040 4127 4128
f 4040 4128 4129
f 4040 4129 4041
f 4041 4129 4042
f 4042 4130 4052
f 4042 4052 4050
f 4042 4050 4047
f 4042 4129 4130
f 4043 4120 4131
f 4043 4131 4132
f 4043 4132 4044
f 4044 4132 4126
f 4045 4047 4050
f 4045 4050 4049
f 4048 4055 4054
f 4048 4054 4133
f 4050 4052 4051
f 4052 4134 4054
f 4052 4054 4053
f 4052 4130 4135
f 4052 4135 4136
f 4052 4136 4137
f 4052 4137 4134
f 4054 4134 4138
f 4054 4138 4139
f 4054 4139 4140
f 4054 4140 4141
f 4054 4141 4133
f 4056 4057 4142
f 4056 4142 4143
f 4056 4143 4144
f 4056 4144 4058
f 4057 4059 4142
f 4058 4144 4060
f 4059 4145 4142
f 4059 4063 4146
f 4059 4146 4147
f 4059 4147 4145
f 4061 4068 4148
f 4061 4148 4064
f 4062 4149 4063
f 4062 4064 4150
f 4062 4150 4149
f 4063 4149 4151
f 4063 4151 4146
f 4064 4148 4152
f 4064 4152 4150
f 4065 4153 4067
f 4066 4067 4154
f 4066 4154 4068
f 4067 4155 4156
f 4067 4156 4157
f 4067 4157 4158
f 4067 4158 4154
f 4067 4153 4155
f 4068 4154 4159
f 4068 4159 4148
f 4069 4160 4070
f 4070 4160 4161
f 4070 4161 4075
f 4071 4072 4162
f 4071 4162 4163
f 4071 4163 4073
f 4072 4075 4164
f 4072 4164 4162
f 4073 4163 4165
f 4073 4165 4074
f 4074 4165 4076
f 4075 4161 4237
f 4075 4237 4164
f 4076 4165 4166
f 4076 4166 4077
f 4077 4166 4078
f 4078 4166 4167
f 4078 4167 4079
f 4079 4167 4168
f 4079 4168 4169
f 4079 4169 4081
f 4081 4169 4170
f 4081 4170 4082
f 4082 4170 4171
f 4082 4171 4083
f 4083 4171 4084
f 4084 4171 4172
f 4084 4172 4173
f 4084 4173 4174
f 4084 4174 4085
f 4085 4174 4086
f 4086 4174 4087
f 4087 4175 4088
f 4087 4174 4175
f 4089 4097 4176
f 4089 4176 4177
f 4089 4177 4093
f 4089 4093 4090
f 4091 4178 4092
f 4091 4093 4178
f 4092 4178 4094
f 4093 4177 4179
f 4093 4179 4180
f 4093 4180 4181
f 4093 4181 4178
f 4094 4178 4182
f 4094 4182 4121
f 4095 4183 4184
f 4095 4184 4096
f 4095 4175 4185
f 4095 4185 4183
f 4096 4184 4186
f 4096 4186 4097
f 4097 4186 4176
f 4098 4100 4187
f 4098 4187 4188
f 4098 4188 4101
f 4099 4125 4100
f 4100 4189 4187
f 4100 4125 4189
f 4101 4188 4190
f 4101 4190 4102
f 4102 4190 4103
f 4103 4191 4192
f 4103 4192 4104
f 4103 4190 4191
f 4104 4192 4105
f 4105 4193 4110
f 4105 4192 4193
f 4106 4194 4195
f 4106 4195 4107
f 4106 4111 4194
f 4107 4195 4108
f 4108 4195 4196
f 4108 4196 4197
f 4108 4197 4113
f 4108 4113 4112
f 4108 4112 4109
f 4110 4193 4198
f 4110 4198 4111
f 4111 4198 4199
f 4111 4199 4194
f 4113 4197 4114
f 4114 4197 4115
f 4115 4200 4116
f 4115 4197 4275
f 4115 4275 4201
f 4115 4201 4200
f 4116 4200 4117
f 4117 4200 4118
f 4118 4200 4119
f 4119 4202 4203
f 4119 4203 4120
f 4119 4200 4202
f 4120 4203 4131
f 4121 4182 4122
f 4122 4182 4181
f 4122 4181 4204
f 4122 4204 4205
f 4122 4205 4206
f 4122 4206 4207
f 4122 4207 4123
f 4123 4207 4208
f 4123 4208 4124
f 4124 4209 4125
f 4124 4208 4209
f 4125 4209 4189
f 4126 4132 4210
f 4126 4210 4127
f 4127 4211 4128
f 4127 4210 4211
f 4128 4212 4129
f 4128 4211 4213
f 4128 4213 4212
f 4129 4135 4130
f 4129 4212 4135
f 4131 4203 4132
f 4132 4203 4214
f 4132 4214 4210
f 4133 4141 4215
f 4134 4137 4138
f 4135 4212 4216
f 4135 4216 4137
f 4135 4137 4136
f 4137 4216 4295
f 4137 4295 4217
f 4137 4217 4218
f 4137 4218 4138
f 4138 4218 4139
f 4139 4219 4140
f 4139 4218 4220
f 4139 4220 4221
f 4139 4221 4219
f 4140 4215 4141
f 4142 4222 4143
f 4142 4145 4222
f 4143 4222 4223
f 4143 4223 4144
f 4145 4147 4224
f 4145 4224 4225
f 4145 4225 4222
f 4146 4151 4226
f 4146 4226 4147
f 4147 4226 4227
f 4147 4227 4224
f 4148 4159 4228
f 4148 4228 4229
f 4148 4229 4152
f 4149 4230 4226
f 4149 4226 4151
f 4149 4150 4231
f 4149 4231 4230
f 4150 4152 4232
f 4150 4232 4231
f 4152 4229 4233
f 4152 4233 4232
f 4154 4158 4234
f 4154 4234 4228
f 4154 4228 4159
f 4157 4235 4158
f 4158 4235 4236
f 4158 4236 4234
f 4162 4238 4239
f 4162 4239 4240
f 4162 4240 4163
f 4162 4164 4238
f 4163 4240 4165
f 4164 4237 4322
f 4164 4322 4238
f 4165 4240 4241
f 4165 4241 4166
f 4166 4241 4242
f 4166 4242 4167
f 4167 4243 4168
f 4167 4242 4244
f 4167 4244 4243
f 4168 4243 4245
f 4168 4245 4246
f 4168 4246 4169
f 4169 4246 4247
f 4169 4247 4170
f 4170 4247 4248
f 4170 4248 4171
f 4171 4249 4172
f 4171 4248 4249
f 4172 4250 4173
f 4172 4249 4250
f 4173 4250 4251
f 4173 4251 4174
f 4174 4251 4252
f 4174 4252 4253
f 4174 4253 4175
f 4175 4253 4185
f 4176 4186 4254
f 4176 4254 4255
f 4176 4255 4177
f 4177 4255 4179
f 4178 4181 4182
f 4179 4255 4256
f 4179 4256 4257
f 4179 4257 4258
f 4179 4258 4180
f 4180 4258 4181
f 4181 4258 4204
f 4183 4185 4259
f 4183 4259 4260
f 4183 4260 4184
f 4184 4260 4261
f 4184 4261 4186
f 4185 4253 4252
f 4185 4252 4262
f 4185 4262 4259
f 4186 4261 4254
f 4187 4189 4263
f 4187 4263 4188
f 4188 4264 4265
f 4188 4265 4190
f 4188 4263 4264
f 4189 4266 4263
f 4189 4209 4266
f 4190 4265 4191
f 4191 4267 4268
f 4191 4268 4192
f 4191 4265 4267
f 4192 4268 4193
f 4193 4268 4269
f 4193 4269 4198
f 4194 4270 4195
f 4194 4199 4270
f 4195 4270 4271
f 4195 4271 4272
f 4195 4272 4273
f 4195 4273 4274
f 4195 4274 4201
f 4195 4201 4275
f 4195 4275 4196
f 4196 4275 4197
f 4198 4269 4276
f 4198 4276 4270
f 4198 4270 4199
f 4200 4277 4278
f 4200 4278 4202
f 4200 4201 4279
f 4200 4279 4277
f 4201 4274 4279
f 4202 4280 4203
f 4202 4278 4281
f 4202 4281 4280
f 4203 4282 4214
f 4203 4280 4282
f 4204 4258 4205
f 4205 4258 4206
f 4206 4258 4283
f 4206 4283 4284
f 4206 4284 4285
f 4206 4285 4286
f 4206 4286 4208
f 4206 4208 4207
f 4208 4286 4287
f 4208 4287 4288
f 4208 4288 4209
f 4209 4288 4266
f 4210 4214 4289
f 4210 4289 4211
f 4211 4289 4290
f 4211 4290 4213
f 4212 4213 4291
f 4212 4291 4216
f 4213 4290 4292
f 4213 4292 4291
f 4214 4293 4294
f 4214 4294 4289
f 4214 4282 4293
f 4216 4291 4295
f 4217 4295 4296
f 4217 4296 4297
f 4217 4297 4218
f 4218 4297 4298
f 4218 4298 4299
f 4218 4299 4220
f 4220 4300 4221
f 4220 4299 4301
f 4220 4301 4300
f 4222 4225 4302
f 4222 4302 4303
f 4222 4303 4304
f 4222 4304 4223
f 4224 4305 4306
f 4224 4306 4225
f 4224 4227 4305
f 4225 4306 4307
f 4225 4307 4308
f 4225 4308 4302
f 4226 4309 4227
f 4226 4230 4310
f 4226 4310 4309
f 4227 4309 4311
f 4227 4311 4312
f 4227 4312 4305
f 4228 4234 4313
f 4228 4313 4314
f 4228 4314 4229
f 4229 4314 4315
f 4229 4315 4316
f 4229 4316 4233
f 4230 4231 4317
f 4230 4317 4310
f 4231 4232 4318
f 4231 4318 4317
f 4232 4233 4319
f 4232 4319 4318
f 4233 4316 4319
f 4234 4236 4313
f 4235 4320 4236
f 4236 4320 4321
f 4236 4321 4313
f 4238 4323 4239
f 4238 4322 4324
f 4238 4324 4325
f 4238 4325 4323
f 4239 4326 4327
f 4239 4327 4240
f 4239 4323 4326
f 4240 4327 4241
f 4241 4328 4244
f 4241 4244 4242
f 4241 4327 4328
f 4243 4329 4330
f 4243 4330 4245
f 4243 4244 4331
f 4243 4331 4329
f 4244 4328 4332
f 4244 4332 4331
f 4245 4330 4333
f 4245 4333 4246
f 4246 4333 4334
f 4246 4334 4247
f 4247 4334 4335
f 4247 4335 4248
f 4248 4335 4336
f 4248 4336 4249
f 4249 4336 4337
f 4249 4337 4250
f 4250 4337 4338
f 4250 4338 4251
f 4251 4338 4252
f 4252 4339 4262
f 4252 4338 4340
f 4252 4340 4339
f 4254 4341 4342
f 4254 4342 4255
f 4254 4261 4341
f 4255 4342 4256
f 4256 4342 4343
f 4256 4343 4257
f 4257 4343 4344
f 4257 4344 4258
f 4258 4344 4283
f 4259 4345 4346
f 4259 4346 4260
f 4259 4262 4345
f 4260 4347 4261
f 4260 4346 4347
f 4261 4347 4341
f 4262 4339 4348
f 4262 4348 4345
f 4263 4266 4349
f 4263 4349 4264
f 4264 4350 4265
f 4264 4349 4350
f 4265 4350 4267
f 4266 4288 4349
f 4267 4351 4268
f 4267 4350 4351
f 4268 4351 4269
f 4269 4351 4352
f 4269 4352 4276
f 4270 4353 4271
f 4270 4276 4354
f 4270 4354 4355
f 4270 4355 4353
f 4271 4353 4356
f 4271 4356 4272
f 4272 4357 4358
f 4272 4358 4274
f 4272 4274 4273
f 4272 4356 4359
f 4272 4359 4357
f 4274 4358 4360
f 4274 4360 4277
f 4274 4277 4279
f 4276 4361 4354
f 4276 4352 4361
f 4277 4362 4363
f 4277 4363 4281
f 4277 4281 4278
f 4277 4360 4364
f 4277 4364 4365
f 4277 4365 4362
f 4280 4281 4366
f 4280 4366 4367
f 4280 4367 4282
f 4281 4363 4362
f 4281 4362 4368
f 4281 4368 4369
f 4281 4369 4366
f 4282 4367 4293
f 4283 4344 4370
f 4283 4370 4284
f 4284 4370 4285
f 4285 4370 4371
f 4285 4371 4372
f 4285 4372 4286
f 4286 4372 4287
f 4287 4372 4373
f 4287 4373 4288
f 4288 4374 4375
f 4288 4375 4376
f 4288 4376 4349
f 4288 4373 4377
f 4288 4377 4374
f 4289 4294 4290
f 4290 4294 4378
f 4290 4378 4292
f 4291 4292 4379
f 4291 4379 4380
f 4291 4380 4295
f 4292 4378 4379
f 4293 4367 4381
f 4293 4381 4382
f 4293 4382 4294
f 4294 4382 4383
f 4294 4383 4378
f 4295 4380 4384
f 4295 4384 4296
f 4296 4384 4385
f 4296 4385 4297
f 4297 4385 4386
f 4297 4386 4298
f 4298 4386 4387
f 4298 4387 4388
f 4298 4388 4299
f 4299 4388 4389
f 4299 4389 4301
f 4305 4390 4306
f 4305 4312 4390
f 4306 4391 4392
f 4306 4392 4307
f 4306 4390 4391
f 4307 4393 4308
f 4307 4392 4393
f 4309 4394 4311
f 4309 4310 4395
f 4309 4395 4394
f 4310 4317 4396
f 4310 4396 4395
f 4311 4394 4397
f 4311 4397 4312
f 4312 4398 4399
f 4312 4399 4390
f 4312 4397 4400
f 4312 4400 4398
f 4313 4401 4314
f 4313 4321 4401
f 4314 4401 4315
f 4315 4401 4316
f 4316 4402 4319
f 4316 4401 4403
f 4316 4403 4404
f 4316 4404 4402
f 4317 4318 4405
f 4317 4405 4396
f 4318 4319 4406
f 4318 4406 4405
f 4319 4402 4406
f 4320 4407 4321
f 4321 4407 4408
f 4321 4408 4409
f 4321 4409 4410
f 4321 4410 4401
f 4323 4325 4411
f 4323 4411 4412
f 4323 4412 4326
f 4326 4413 4414
f 4326 4414 4327
f 4326 4412 4413
f 4327 4414 4332
f 4327 4332 4328
f 4329 4415 4416
f 4329 4416 4330
f 4329 4331 4417
f 4329 4417 4415
f 4330 4416 4418
f 4330 4418 4333
f 4331 4332 4419
f 4331 4419 4417
f 4332 4414 4420
f 4332 4420 4419
f 4333 4421 4334
f 4333 4418 4421
f 4334 4421 4422
f 4334 4422 4335
f 4335 4423 4336
f 4335 4422 4423
f 4336 4424 4337
f 4336 4423 4424
f 4337 4424 4340
f 4337 4340 4338
f 4339 4425 4348
f 4339 4340 4426
f 4339 4426 4425
f 4340 4424 4427
f 4340 4427 4426
f 4341 4428 4429
f 4341 4429 4342
f 4341 4347 4428
f 4342 4430 4343
f 4342 4429 4430
f 4343 4431 4432
f 4343 4432 4344
f 4343 4430 4431
f 4344 4432 4433
f 4344 4433 4370
f 4345 4434 4346
f 4345 4348 4435
f 4345 4435 4434
f 4346 4434 4436
f 4346 4436 4347
f 4347 4436 4428
f 4348 4437 4435
f 4348 4425 4438
f 4348 4438 4437
f 4349 4376 4439
f 4349 4439 4350
f 4350 4439 4440
f 4350 4440 4352
f 4350 4352 4351
f 4352 4440 4441
f 4352 4441 4442
f 4352 4442 4443
f 4352 4443 4361
f 4353 4355 4444
f 4353 4444 4445
f 4353 4445 4356
f 4354 4361 4446
f 4354 4446 4355
f 4355 4446 4447
f 4355 4447 4444
f 4356 4445 4359
f 4357 4448 4358
f 4357 4359 4448
f 4358 4448 4360
f 4359 4445 4449
f 4359 4449 4450
f 4359 4450 4448
f 4360 4448 4364
f 4361 4451 4446
f 4361 4443 4451
f 4362 4365 4452
f 4362 4452 4368
f 4364 4448 4453
f 4364 4453 4365
f 4365 4453 4454
f 4365 4454 4452
f 4366 4369 4381
f 4366 4381 4367
f 4368 4455 4456
f 4368 4456 4369
f 4368 4452 4455
f 4369 4457 4381
f 4369 4456 4457
f 4370 4433 4458
f 4370 4458 4371
f 4371 4377 4372
f 4371 4458 4377
f 4372 4377 4373
f 4374 4459 4375
f 4374 4377 4460
f 4374 4460 4459
f 4375 4459 4461
f 4375 4461 4462
f 4375 4462 4376
f 4376 4462 4440
f 4376 4440 4439
f 4377 4458 4463
f 4377 4463 4464
f 4377 4464 4465
f 4377 4465 4460
f 4378 4383 4466
f 4378 4466 4379
f 4379 4466 4467
f 4379 4467 4384
f 4379 4384 4380
f 4381 4457 4382
f 4382 4457 4468
f 4382 4468 4383
f 4383 4469 4466
f 4383 4468 4470
f 4383 4470 4469
f 4384 4467 4469
f 4384 4469 4471
f 4384 4471 4472
f 4384 4472 4385
f 4385 4472 4473
f 4385 4473 4474
f 4385 4474 4475
f 4385 4475 4476
f 4385 4476 4386
f 4386 4476 4477
f 4386 4477 4387
f 4387 4477 4478
f 4387 4478 4388
f 4388 4478 4479
f 4388 4479 4389
f 4389 4479 4480
f 4390 4399 4391
f 4391 4481 4482
f 4391 4482 4483
f 4391 4483 4392
f 4391 4399 4481
f 4392 4483 4393
f 4394 4484 4397
f 4394 4395 4485
f 4394 4485 4486
f 4394 4486 4484
f 4395 4396 4487
f 4395 4487 4485
f 4396 4405 4488
f 4396 4488 4489
f 4396 4489 4487
f 4397 4484 4490
f 4397 4490 4400
f 4398 4491 4399
f 4398 4400 4492
f 4398 4492 4491
f 4399 4491 4481
f 4400 4490 4492
f 4401 4410 4409
f 4401 4409 4493
f 4401 4493 4494
f 4401 4494 4403
f 4402 4495 4406
f 4402 4404 4499
f 4402 4499 4495
f 4403 4496 4497
f 4403 4497 4498
f 4403 4498 4404
f 4403 4494 4496
f 4404 4498 4499
f 4405 4406 4500
f 4405 4500 4579
f 4405 4579 4488
f 4406 4495 4500
f 4407 4501 4408
f 4408 4501 4502
f 4408 4502 4503
f 4408 4503 4409
f 4409 4503 4504
f 4409 4504 4493
f 4412 4505 4506
f 4412 4506 4413
f 4413 4507 4414
f 4413 4506 4507
f 4414 4507 4508
f 4414 4508 4420
f 4415 4509 4416
f 4415 4417 4509
f 4416 4510 4418
f 4416 4509 4510
f 4417 4419 4514
f 4417 4514 4511
f 4417 4511 4509
f 4418 4510 4512
f 4418 4512 4513
f 4418 4513 4421
f 4419 4420 4515
f 4419 4515 4514
f 4420 4508 4515
f 4421 4513 4516
f 4421 4516 4422
f 4422 4516 4517
f 4422 4517 4423
f 4423 4517 4424
f 4424 4517 4427
f 4425 4426 4438
f 4426 4518 4438
f 4426 4427 4518
f 4427 4517 4519
f 4427 4519 4520
f 4427 4520 4518
f 4428 4521 4522
f 4428 4522 4429
f 4428 4436 4521
f 4429 4522 4523
f 4429 4523 4430
f 4430 4523 4431
f 4431 4524 4432
f 4431 4523 4525
f 4431 4525 4524
f 4432 4524 4526
f 4432 4526 4433
f 4433 4526 4458
f 4434 4527 4528
f 4434 4528 4436
f 4434 4435 4529
f 4434 4529 4527
f 4435 4437 4529
f 4436 4528 4521
f 4437 4438 4530
f 4437 4530 4529
f 4438 4518 4531
f 4438 4531 4530
f 4440 4462 4532
f 4440 4532 4533
f 4440 4533 4441
f 4441 4533 4534
f 4441 4534 4442
f 4442 4535 4536
f 4442 4536 4443
f 4442 4534 4535
f 4443 4536 4537
f 4443 4537 4451
f 4444 4538 4445
f 4444 4447 4538
f 4445 4538 4539
f 4445 4539 4449
f 4446 4451 4537
f 4446 4537 4447
f 4447 4537 4538
f 4448 4540 4541
f 4448 4541 4453
f 4448 4450 4540
f 4449 4539 4542
f 4449 4542 4543
f 4449 4543 4450
f 4450 4543 4540
f 4452 4454 4541
f 4452 4541 4455
f 4453 4541 4454
f 4455 4544 4545
f 4455 4545 4546
f 4455 4546 4547
f 4455 4547 4456
f 4455 4541 4544
f 4456 4547 4548
f 4456 4548 4457
f 4457 4548 4468
f 4458 4526 4549
f 4458 4549 4463
f 4459 4460 4550
f 4459 4550 4461
f 4460 4465 4550
f 4461 4551 4552
f 4461 4552 4462
f 4461 4550 4553
f 4461 4553 4551
f 4462 4554 4555
f 4462 4555 4556
f 4462 4556 4532
f 4462 4552 4554
f 4463 4549 4464
f 4464 4557 4558
f 4464 4558 4550
f 4464 4550 4465
f 4464 4549 4559
f 4464 4559 4560
f 4464 4560 4557
f 4466 4469 4467
f 4468 4548 4561
f 4468 4561 4470
f 4469 4470 4562
f 4469 4562 4563
f 4469 4563 4473
f 4469 4473 4471
f 4470 4561 4562
f 4471 4473 4472
f 4473 4563 4564
f 4473 4564 4565
f 4473 4565 4475
f 4473 4475 4474
f 4475 4566 4476
f 4475 4565 4567
f 4475 4567 4568
f 4475 4568 4569
f 4475 4569 4566
f 4476 4566 4477
f 4477 4566 4570
f 4477 4570 4478
f 4478 4570 4571
f 4478 4571 4479
f 4479 4571 4572
f 4479 4572 4480
f 4481 4573 4574
f 4481 4574 4482
f 4481 4491 4573
f 4484 4486 4490
f 4485 4487 4575
f 4485 4575 4486
f 4486 4576 4490
f 4486 4575 4577
f 4486 4577 4578
f 4486 4578 4576
f 4487 4489 4575
f 4488 4579 4489
f 4489 4580 4575
f 4489 4579 4581
f 4489 4581 4580
f 4490 4582 4492
f 4490 4576 4582
f 4491 4492 4583
f 4491 4583 4584
f 4491 4584 4585
f 4491 4585 4586
f 4491 4586 4587
f 4491 4587 4573
f 4492 4588 4583
f 4492 4582 4588
f 4493 4504 4496
f 4493 4496 4494
f 4495 4589 4500
f 4495 4499 4589
f 4496 4504 4590
f 4496 4590 4591
f 4496 4591 4497
f 4497 4591 4592
f 4497 4592 4498
f 4498 4593 4499
f 4498 4592 4594
f 4498 4594 4595
f 4498 4595 4593
f 4499 4596 4589
f 4499 4593 4597
f 4499 4597 4596
f 4500 4589 4676
f 4500 4676 4579
f 4501 4598 4502
f 4502 4599 4503
f 4502 4598 4600
f 4502 4600 4599
f 4503 4599 4590
f 4503 4590 4504
f 4505 4601 4602
f 4505 4602 4508
f 4505 4508 4506
f 4506 4508 4507
f 4508 4603 4515
f 4508 4602 4604
f 4508 4604 4603
f 4509 4605 4510
f 4509 4511 4606
f 4509 4606 4605
f 4510 4605 4512
f 4511 4514 4607
f 4511 4607 4606
f 4512 4605 4608
f 4512 4608 4609
f 4512 4609 4610
f 4512 4610 4513
f 4513 4610 4516
f 4514 4515 4611
f 4514 4611 4607
f 4515 4603 4611
f 4516 4610 4612
f 4516 4612 4517
f 4517 4612 4519
f 4518 4520 4613
f 4518 4613 4531
f 4519 4612 4614
f 4519 4614 4615
f 4519 4615 4616
f 4519 4616 4520
f 4520 4616 4613
f 4521 4617 4522
f 4521 4528 4618
f 4521 4618 4617
f 4522 4617 4619
f 4522 4619 4523
f 4523 4619 4525
f 4524 4525 4620
f 4524 4620 4621
f 4524 4621 4526
f 4525 4619 4622
f 4525 4622 4623
f 4525 4623 4620
f 4526 4621 4549
f 4527 4529 4624
f 4527 4624 4625
f 4527 4625 4528
f 4528 4625 4618
f 4529 4530 4626
f 4529 4626 4627
f 4529 4627 4628
f 4529 4628 4624
f 4530 4531 4629
f 4530 4629 4626
f 4531 4613 4629
f 4532 4556 4533
f 4533 4556 4534
f 4534 4556 4630
f 4534 4630 4535
f 4535 4631 4536
f 4535 4630 4631
f 4536 4631 4632
f 4536 4632 4537
f 4537 4632 4633
f 4537 4633 4634
f 4537 4634 4538
f 4538 4634 4635
f 4538 4635 4539
f 4539 4635 4636
f 4539 4636 4542
f 4540 4543 4541
f 4541 4543 4637
f 4541 4637 4638
f 4541 4638 4544
f 4542 4639 4640
f 4542 4640 4543
f 4542 4636 4639
f 4543 4640 4637
f 4544 4638 4641
f 4544 4641 4545
f 4545 4641 4642
f 4545 4642 4546
f 4546 4642 4643
f 4546 4643 4644
f 4546 4644 4645
f 4546 4645 4547
f 4547 4645 4646
f 4547 4646 4548
f 4548 4646 4561
f 4549 4621 4647
f 4549 4647 4559
f 4550 4558 4648
f 4550 4648 4553
f 4551 4649 4650
f 4551 4650 4651
f 4551 4651 4554
f 4551 4554 4552
f 4551 4553 4648
f 4551 4648 4652
f 4551 4652 4653
f 4551 4653 4649
f 4554 4654 4630
f 4554 4630 4556
f 4554 4556 4555
f 4554 4651 4655
f 4554 4655 4654
f 4557 4560 4656
f 4557 4656 4657
f 4557 4657 4648
f 4557 4648 4558
f 4559 4647 4658
f 4559 4658 4560
f 4560 4658 4656
f 4561 4646 4659
f 4561 4659 4562
f 4562 4659 4660
f 4562 4660 4563
f 4563 4660 4564
f 4564 4660 4661
f 4564 4661 4662
f 4564 4662 4565
f 4565 4662 4567
f 4566 4569 4663
f 4566 4663 4664
f 4566 4664 4570
f 4567 4662 4665
f 4567 4665 4568
f 4568 4665 4666
f 4568 4666 4667
f 4568 4667 4668
f 4568 4668 4569
f 4569 4668 4663
f 4570 4664 4669
f 4570 4669 4571
f 4571 4669 4670
f 4571 4670 4671
f 4571 4671 4572
f 4573 4587 4574
f 4575 4580 4577
f 4576 4672 4582
f 4576 4578 4672
f 4577 4580 4578
f 4578 4580 4673
f 4578 4673 4674
f 4578 4674 4675
f 4578 4675 4672
f 4579 4676 4677
f 4579 4677 4581
f 4580 4581 4678
f 4580 4678 4673
f 4581 4677 4678
f 4582 4679 4588
f 4582 4672 4679
f 4583 4588 4680
f 4583 4680 4584
f 4584 4680 4681
f 4584 4681 4585
f 4585 4681 4682
f 4585 4682 4683
f 4585 4683 4684
f 4585 4684 4586
f 4586 4684 4587
f 4588 4679 4680
f 4589 4596 4693
f 4589 4693 4676
f 4590 4685 4686
f 4590 4686 4591
f 4590 4599 4685
f 4591 4686 4687
f 4591 4687 4592
f 4592 4687 4688
f 4592 4688 4594
f 4593 4595 4689
f 4593 4689 4597
f 4594 4688 4690
f 4594 4690 4691
f 4594 4691 4595
f 4595 4692 4689
f 4595 4691 4692
f 4596 4597 4693
f 4597 4689 4694
f 4597 4694 4693
f 4599 4600 4685
f 4600 4695 4685
f 4601 4696 4604
f 4601 4604 4602
f 4603 4697 4698
f 4603 4698 4611
f 4603 4604 4699
f 4603 4699 4697
f 4604 4696 4699
f 4605 4606 4700
f 4605 4700 4608
f 4606 4607 4700
f 4607 4701 4700
f 4607 4611 4698
f 4607 4698 4701
f 4608 4702 4703
f 4608 4703 4609
f 4608 4700 4702
f 4609 4703 4704
f 4609 4704 4705
f 4609 4705 4610
f 4610 4705 4612
f 4612 4705 4614
f 4613 4616 4706
f 4613 4706 4629
f 4614 4705 4707
f 4614 4707 4708
f 4614 4708 4615
f 4615 4708 4616
f 4616 4708 4709
f 4616 4709 4706
f 4617 4618 4710
f 4617 4710 4711
f 4617 4711 4619
f 4618 4625 4712
f 4618 4712 4710
f 4619 4711 4622
f 4620 4623 4713
f 4620 4713 4621
f 4621 4713 4647
f 4622 4711 4714
f 4622 4714 4623
f 4623 4714 4715
f 4623 4715 4713
f 4624 4716 4717
f 4624 4717 4625
f 4624 4628 4627
f 4624 4627 4716
f 4625 4718 4712
f 4625 4717 4718
f 4626 4719 4627
f 4626 4629 4719
f 4627 4720 4716
f 4627 4719 4721
f 4627 4721 4720
f 4629 4706 4722
f 4629 4722 4723
f 4629 4723 4719
f 4630 4724 4631
f 4630 4654 4725
f 4630 4725 4724
f 4631 4724 4726
f 4631 4726 4727
f 4631 4727 4633
f 4631 4633 4632
f 4633 4728 4729
f 4633 4729 4635
f 4633 4635 4634
f 4633 4727 4728
f 4635 4729 4730
f 4635 4730 4636
f 4636 4731 4639
f 4636 4730 4731
f 4637 4640 4732
f 4637 4732 4638
f 4638 4733 4641
f 4638 4732 4733
f 4639 4734 4640
f 4639 4731 4734
f 4640 4734 4732
f 4641 4733 4735
f 4641 4735 4642
f 4642 4736 4643
f 4642 4735 4737
f 4642 4737 4736
f 4643 4736 4644
f 4644 4736 4738
f 4644 4738 4739
f 4644 4739 4645
f 4645 4739 4740
f 4645 4740 4646
f 4646 4740 4659
f 4647 4713 4658
f 4648 4657 4652
f 4649 4741 4650
f 4649 4653 4741
f 4650 4741 4742
f 4650 4742 4743
f 4650 4743 4744
f 4650 4744 4655
f 4650 4655 4651
f 4652 4657 4656
f 4652 4656 4653
f 4653 4656 4745
f 4653 4745 4741
f 4654 4655 4744
f 4654 4744 4725
f 4656 4746 4747
f 4656 4747 4748
f 4656 4748 4749
f 4656 4749 4745
f 4656 4658 4750
f 4656 4750 4751
f 4656 4751 4746
f 4658 4713 4752
f 4658 4752 4750
f 4659 4753 4660
f 4659 4740 4753
f 4660 4753 4661
f 4661 4753 4754
f 4661 4754 4755
f 4661 4755 4662
f 4662 4755 4665
f 4663 4668 4756
f 4663 4756 4664
f 4664 4756 4757
f 4664 4757 4758
f 4664 4758 4669
f 4665 4755 4666
f 4666 4759 4760
f 4666 4760 4761
f 4666 4761 4762
f 4666 4762 4667
f 4666 4755 4759
f 4667 4763 4764
f 4667 4764 4668
f 4667 4762 4763
f 4668 4764 4756
f 4669 4765 4670
f 4669 4758 4766
f 4669 4766 4767
f 4669 4767 4765
f 4672 4768 4769
f 4672 4769 4679
f 4672 4675 4768
f 4673 4678 4770
f 4673 4770 4674
f 4674 4771 4675
f 4674 4770 4772
f 4674 4772 4771
f 4675 4771 4773
f 4675 4773 4774
f 4675 4774 4768
f 4676 4693 4677
f 4677 4775 4678
f 4677 4693 4776
f 4677 4776 4775
f 4678 4775 4770
f 4679 4769 4680
f 4680 4777 4681
f 4680 4769 4777
f 4681 4778 4682
f 4681 4777 4778
f 4682 4779 4780
f 4682 4780 4781
f 4682 4781 4683
f 4682 4778 4779
f 4685 4695 4782
f 4685 4782 4686
f 4686 4782 4783
f 4686 4783 4687
f 4687 4783 4784
f 4687 4784 4785
f 4687 4785 4688
f 4688 4785 4786
f 4688 4786 4690
f 4689 4692 4787
f 4689 4787 4694
f 4690 4786 4788
f 4690 4788 4691
f 4691 4788 4789
f 4691 4789 4790
f 4691 4790 4791
f 4691 4791 4692
f 4692 4791 4787
f 4693 4694 4776
f 4694 4787 4792
f 4694 4792 4776
f 4695 4793 4782
f 4696 4794 4699
f 4697 4795 4796
f 4697 4796 4698
f 4697 4699 4795
f 4698 4796 4701
f 4699 4794 4797
f 4699 4797 4798
f 4699 4798 4795
f 4700 4701 4799
f 4700 4799 4702
f 4701 4800 4799
f 4701 4796 4800
f 4702 4801 4703
f 4702 4799 4802
f 4702 4802 4801
f 4703 4803 4704
f 4703 4801 4803
f 4704 4803 4804
f 4704 4804 4707
f 4704 4707 4705
f 4706 4709 4805
f 4706 4805 4722
f 4707 4804 4806
f 4707 4806 4708
f 4708 4806 4709
f 4709 4806 4805
f 4710 4807 4711
f 4710 4712 4807
f 4711 4807 4808
f 4711 4808 4809
f 4711 4809 4714
f 4712 4718 4807
f 4713 4715 4810
f 4713 4810 4752
f 4714 4811 4715
f 4714 4809 4812
f 4714 4812 4811
f 4715 4811 4810
f 4716 4813 4717
f 4716 4720 4813
f 4717 4813 4718
f 4718 4813 4814
f 4718 4814 4815
f 4718 4815 4807
f 4719 4723 4816
f 4719 4816 4721
f 4720 4721 4817
f 4720 4817 4818
f 4720 4818 4813
f 4721 4819 4817
f 4721 4816 4819
f 4722 4820 4821
f 4722 4821 4723
f 4722 4805 4820
f 4723 4821 4816
f 4724 4725 4822
f 4724 4822 4726
f 4725 4823 4824
f 4725 4824 4822
f 4725 4744 4823
f 4726 4825 4826
f 4726 4826 4727
f 4726 4822 4824
f 4726 4824 4825
f 4727 4826 4728
f 4728 4827 4729
f 4728 4826 4827
f 4729 4827 4730
f 4730 4827 4731
f 4731 4828 4734
f 4731 4827 4829
f 4731 4829 4830
f 4731 4830 4828
f 4732 4831 4733
f 4732 4734 4831
f 4733 4831 4832
f 4733 4832 4735
f 4734 4828 4833
f 4734 4833 4831
f 4735 4832 4834
f 4735 4834 4737
f 4736 4737 4835
f 4736 4835 4836
f 4736 4836 4738
f 4737 4834 4835
f 4738 4836 4837
f 4738 4837 4838
f 4738 4838 4739
f 4739 4838 4754
f 4739 4754 4753
f 4739 4753 4740
f 4741 4745 4742
f 4742 4745 4839
f 4742 4839 4840
f 4742 4840 4841
f 4742 4841 4842
f 4742 4842 4743
f 4743 4842 4744
f 4744 4842 4823
f 4745 4843 4844
f 4745 4844 4839
f 4745 4749 4843
f 4746 4751 4747
f 4747 4845 4749
f 4747 4749 4748
f 4747 4751 4811
f 4747 4811 4846
f 4747 4846 4845
f 4749 4845 4847
f 4749 4847 4843
f 4750 4752 4810
f 4750 4810 4751
f 4751 4810 4811
f 4754 4838 4848
f 4754 4848 4755
f 4755 4848 4759
f 4756 4764 4757
f 4757 4849 4758
f 4757 4764 4763
f 4757 4763 4850
f 4757 4850 4849
f 4758 4849 4766
f 4759 4848 4851
f 4759 4851 4760
f 4760 4851 4852
f 4760 4852 4853
f 4760 4853 4761
f 4761 4853 4854
f 4761 4854 4762
f 4762 4854 4855
f 4762 4855 4763
f 4763 4855 4856
f 4763 4856 4850
f 4766 4849 4857
f 4766 4857 4767
f 4767 4857 4858
f 4768 4774 4769
f 4769 4859 4777
f 4769 4774 4859
f 4770 4775 4860
f 4770 4860 4772
f 4771 4861 4773
f 4771 4772 4862
f 4771 4862 4861
f 4772 4860 4863
f 4772 4863 4862
f 4773 4861 4864
f 4773 4864 4774
f 4774 4865 4859
f 4774 4864 4865
f 4775 4776 4866
f 4775 4866 4860
f 4776 4792 4866
f 4777 4867 4778
f 4777 4859 4867
f 4778 4868 4779
f 4778 4867 4868
f 4779 4868 4869
f 4779 4869 4870
f 4779 4870 4871
f 4779 4871 4872
f 4779 4872 4873
f 4779 4873 4781
f 4779 4781 4780
f 4782 4793 4874
f 4782 4874 4783
f 4783 4874 4875
f 4783 4875 4784
f 4784 4875 4876
f 4784 4876 4877
f 4784 4877 4785
f 4785 4877 4878
f 4785 4878 4786
f 4786 4878 4879
f 4786 4879 4788
f 4787 4880 4792
f 4787 4791 4880
f 4788 4879 4789
f 4789 4879 4881
f 4789 4881 4882
f 4789 4882 4883
f 4789 4883 4790
f 4790 4883 4791
f 4791 4883 4884
f 4791 4884 4885
f 4791 4885 4880
f 4792 4886 4887
f 4792 4887 4866
f 4792 4880 4886
f 4793 4888 4889
f 4793 4889 4874
f 4795 4890 4891
f 4795 4891 4796
f 4795 4798 4890
f 4796 4891 4892
f 4796 4892 4800
f 4797 4893 4894
f 4797 4894 4798
f 4798 4894 4890
f 4799 4800 4802
f 4800 4892 4802
f 4801 4895 4896
f 4801 4896 4803
f 4801 4802 4895
f 4802 4892 4897
f 4802 4897 4895
f 4803 4896 4898
f 4803 4898 4804
f 4804 4898 4806
f 4805 4806 4899
f 4805 4899 4900
f 4805 4900 4820
f 4806 4898 4899
f 4807 4901 4808
f 4807 4815 4901
f 4808 4901 4809
f 4809 4901 4902
f 4809 4902 4812
f 4811 4812 4903
f 4811 4903 4904
f 4811 4904 4905
f 4811 4905 4846
f 4812 4902 4906
f 4812 4906 4903
f 4813 4818 4814
f 4814 4818 4907
f 4814 4907 4908
f 4814 4908 4815
f 4815 4908 4909
f 4815 4909 4901
f 4816 4821 4910
f 4816 4910 4819
f 4817 4819 4911
f 4817 4911 4912
f 4817 4912 4818
f 4818 4912 4907
f 4819 4913 4911
f 4819 4910 4913
f 4820 4900 4914
f 4820 4914 4915
f 4820 4915 4821
f 4821 4915 4910
f 4823 4842 4824
f 4824 4842 4916
f 4824 4916 4917
f 4824 4917 4918
f 4824 4918 4919
f 4824 4919 4825
f 4825 4919 4826
f 4826 4919 4827
f 4827 4919 4920
f 4827 4920 4829
f 4828 4830 4921
f 4828 4921 4833
f 4829 4920 4922
f 4829 4922 4830
f 4830 4922 4921
f 4831 4833 4923
f 4831 4923 4832
f 4832 4923 4924
f 4832 4924 4834
f 4833 4921 4923
f 4834 4924 4835
f 4835 4924 4925
f 4835 4925 4926
f 4835 4926 4836
f 4836 4926 4927
f 4836 4927 4837
f 4837 4927 4928
f 4837 4928 4838
f 4838 4928 4929
f 4838 4929 4848
f 4839 4844 4840
f 4840 4930 4841
f 4840 4844 4930
f 4841 4931 4842
f 4841 4930 4931
f 4842 4931 4916
f 4843 4847 4844
f 4844 4847 4932
f 4844 4932 4933
f 4844 4933 4934
f 4844 4934 4935
f 4844 4935 4930
f 4845 4846 4847
f 4846 4905 4936
f 4846 4936 4937
f 4846 4937 4938
f 4846 4938 4847
f 4847 4933 4932
f 4847 4938 4939
f 4847 4939 4933
f 4848 4929 4851
f 4849 4850 4940
f 4849 4940 4857
f 4850 4856 4941
f 4850 4941 4942
f 4850 4942 4940
f 4851 4929 4943
f 4851 4943 4944
f 4851 4944 4852
f 4852 4945 4946
f 4852 4946 4853
f 4852 4944 4945
f 4853 4946 4854
f 4854 4946 4947
f 4854 4947 4855
f 4855 4947 4948
f 4855 4948 4856
f 4856 4948 4949
f 4856 4949 4941
f 4857 4940 4950
f 4857 4950 4858
f 4859 4865 4951
f 4859 4951 4867
f 4860 4866 4952
f 4860 4952 4863
f 4861 4953 4864
f 4861 4862 4954
f 4861 4954 4953
f 4862 4863 4955
f 4862 4955 4954
f 4863 4952 4956
f 4863 4956 4955
f 4864 4953 4957
f 4864 4957 4865
f 4865 4958 4951
f 4865 4957 4958
f 4866 4887 4959
f 4866 4959 4952
f 4867 4960 4961
f 4867 4961 4868
f 4867 4951 4960
f 4868 4961 4869
f 4869 4962 4963
f 4869 4963 4964
f 4869 4964 4870
f 4869 4961 4965
f 4869 4965 4966
f 4869 4966 4962
f 4870 4964 4871
f 4874 4889 4967
f 4874 4967 4875
f 4875 4967 4968
f 4875 4968 4876
f 4876 4968 4969
f 4876 4969 4877
f 4877 4969 4970
f 4877 4970 4878
f 4878 4970 4971
f 4878 4971 4879
f 4879 4971 4881
f 4880 4972 4886
f 4880 4885 4973
f 4880 4973 4972
f 4881 4971 4974
f 4881 4974 4975
f 4881 4975 4976
f 4881 4976 4882
f 4882 4977 4883
f 4882 4976 4978
f 4882 4978 4977
f 4883 4977 4884
f 4884 4979 4885
f 4884 4977 4979
f 4885 4979 4973
f 4886 4980 4959
f 4886 4959 4887
f 4886 4972 4981
f 4886 4981 4982
f 4886 4982 4980
f 4888 4983 4889
f 4889 4983 4984
f 4889 4984 4967
f 4890 4985 4986
f 4890 4986 4891
f 4890 4894 4987
f 4890 4987 4985
f 4891 4986 4988
f 4891 4988 4892
f 4892 4988 4897
f 4893 4989 4894
f 4894 4989 4990
f 4894 4990 4987
f 4895 4991 4896
f 4895 4897 4991
f 4896 4991 4992
f 4896 4992 4993
f 4896 4993 4898
f 4897 4988 4994
f 4897 4994 4991
f 4898 4993 4995
f 4898 4995 4899
f 4899 4996 4900
f 4899 4995 4996
f 4900 4996 4914
f 4901 4909 4902
f 4902 4997 4906
f 4902 4909 4998
f 4902 4998 4997
f 4903 4999 4904
f 4903 4906 4999
f 4904 5000 5001
f 4904 5001 4905
f 4904 4999 5000
f 4905 5001 4936
f 4906 4997 4999
f 4907 5002 4908
f 4907 4912 5003
f 4907 5003 5002
f 4908 5002 5004
f 4908 5004 4909
f 4909 5004 4998
f 4910 4915 5005
f 4910 5005 5006
f 4910 5006 4913
f 4911 5007 4912
f 4911 4913 5008
f 4911 5008 5007
f 4912 5007 5003
f 4913 5009 5008
f 4913 5006 5009
f 4914 4996 5010
f 4914 5010 5005
f 4914 5005 4915
f 4916 4931 5011
f 4916 5011 4917
f 4917 5012 5013
f 4917 5013 4918
f 4917 5011 5012
f 4918 5013 4919
f 4919 5013 5014
f 4919 5014 5015
f 4919 5015 4920
f 4920 5016 4922
f 4920 5015 5017
f 4920 5017 5016
f 4921 5018 4923
f 4921 4922 5019
f 4921 5019 5020
f 4921 5020 5018
f 4922 5016 5021
f 4922 5021 5019
f 4923 5018 5022
f 4923 5022 5023
f 4923 5023 4924
f 4924 5023 5024
f 4924 5024 4925
f 4925 5024 5025
f 4925 5025 4926
f 4926 5025 4927
f 4927 5025 5026
f 4927 5026 5027
f 4927 5027 5028
f 4927 5028 5029
f 4927 5029 4928
f 4928 5029 4943
f 4928 4943 4929
f 4930 4935 5030
f 4930 5030 5031
f 4930 5031 5011
f 4930 5011 4931
f 4933 4939 4937
f 4933 4937 5032
f 4933 5032 5033
f 4933 5033 5034
f 4933 5034 4934
f 4934 5034 5035
f 4934 5035 5030
f 4934 5030 4935
f 4936 5001 5036
f 4936 5036 4937
f 4937 5036 5037
f 4937 5037 5032
f 4937 4939 4938
f 4940 4942 5038
f 4940 5038 4950
f 4941 4949 5039
f 4941 5039 4942
f 4942 5039 5040
f 4942 5040 5041
f 4942 5041 5042
f 4942 5042 5043
f 4942 5043 5038
f 4943 5029 4944
f 4944 5029 5044
f 4944 5044 5045
f 4944 5045 5046
f 4944 5046 4945
f 4945 5046 4946
f 4946 5046 5047
f 4946 5047 4947
f 4947 5047 5048
f 4947 5048 4948
f 4948 5048 5049
f 4948 5049 4949
f 4949 5049 5050
f 4949 5050 5039
f 4951 5051 4960
f 4951 4958 5051
f 4952 4959 4956
f 4953 5052 5053
f 4953 5053 4957
f 4953 4954 5054
f 4953 5054 5052
f 4954 4955 5055
f 4954 5055 5054
f 4955 4956 5056
f 4955 5056 5055
f 4956 4959 4980
f 4956 4980 5056
f 4957 5053 4958
f 4958 5057 5051
f 4958 5053 5057
f 4960 5058 4965
f 4960 4965 4961
f 4960 5051 5058
f 4962 5059 5060
f 4962 5060 5061
f 4962 5061 4963
f 4962 4966 5062
f 4962 5062 5063
f 4962 5063 5059
f 4963 5061 4964
f 4965 5058 5064
f 4965 5064 5065
f 4965 5065 4966
f 4966 5065 5062
f 4967 4984 5066
f 4967 5066 4968
f 4968 5066 5067
f 4968 5067 4969
f 4969 5067 5068
f 4969 5068 4970
f 4970 5068 4971
f 4971 5068 4974
f 4972 4973 4981
f 4973 4979 5069
f 4973 5069 4981
f 4974 5068 5070
f 4974 5070 5071
f 4974 5071 4975
f 4975 5071 5072
f 4975 5072 4976
f 4976 5072 5073
f 4976 5073 5074
f 4976 5074 5075
f 4976 5075 4978
f 4977 4978 5076
f 4977 5076 5077
f 4977 5077 5078
f 4977 5078 4979
f 4978 5075 5079
f 4978 5079 5076
f 4979 5078 5077
f 4979 5077 5069
f 4980 5080 5056
f 4980 4982 5080
f 4981 5069 4982
f 4982 5081 5080
f 4982 5069 5082
f 4982 5082 5083
f 4982 5083 5084
f 4982 5084 5081
f 4983 5085 4984
f 4984 5085 5086
f 4984 5086 5087
f 4984 5087 5066
f 4985 5088 5089
f 4985 5089 4986
f 4985 4987 5088
f 4986 5089 5090
f 4986 5090 4988
f 4987 4990 5091
f 4987 5091 5092
f 4987 5092 5088
f 4988 5090 4994
f 4991 5093 4992
f 4991 4994 5094
f 4991 5094 5093
f 4992 5093 5095
f 4992 5095 4993
f 4993 5096 4995
f 4993 5095 5096
f 4994 5090 5094
f 4995 5096 5097
f 4995 5097 4996
f 4996 5097 5010
f 4997 4998 5098
f 4997 5098 4999
f 4998 5004 5098
f 4999 5099 5000
f 4999 5098 5100
f 4999 5100 5099
f 5000 5099 5001
f 5001 5099 5101
f 5001 5101 5036
f 5002 5003 5102
f 5002 5102 5103
f 5002 5103 5004
f 5003 5007 5104
f 5003 5104 5102
f 5004 5103 5098
f 5005 5010 5105
f 5005 5105 5106
f 5005 5106 5107
f 5005 5107 5006
f 5006 5107 5009
f 5007 5008 5108
f 5007 5108 5104
f 5008 5009 5109
f 5008 5109 5110
f 5008 5110 5108
f 5009 5107 5111
f 5009 5111 5109
f 5010 5097 5105
f 5011 5031 5112
f 5011 5112 5012
f 5012 5113 5013
f 5012 5112 5113
f 5013 5114 5017
f 5013 5017 5014
f 5013 5113 5114
f 5014 5017 5015
f 5016 5017 5021
f 5017 5114 5115
f 5017 5115 5116
f 5017 5116 5021
f 5018 5020 5022
f 5019 5021 5020
f 5020 5021 5117
f 5020 5117 5118
f 5020 5118 5119
f 5020 5119 5022
f 5021 5116 5120
f 5021 5120 5121
f 5021 5121 5117
f 5022 5119 5122
f 5022 5122 5023
f 5023 5122 5024
f 5024 5122 5123
f 5024 5123 5124
f 5024 5124 5025
f 5025 5124 5026
f 5026 5124 5027
f 5027 5125 5029
f 5027 5029 5028
f 5027 5124 5126
f 5027 5126 5127
f 5027 5127 5125
f 5029 5125 5128
f 5029 5128 5044
f 5030 5129 5130
f 5030 5130 5112
f 5030 5112 5031
f 5030 5035 5131
f 5030 5131 5132
f 5030 5132 5129
f 5032 5133 5033
f 5032 5037 5133
f 5033 5134 5135
f 5033 5135 5136
f 5033 5136 5131
f 5033 5131 5034
f 5033 5133 5134
f 5034 5131 5035
f 5036 5101 5037
f 5037 5101 5133
f 5039 5050 5137
f 5039 5137 5138
f 5039 5138 5040
f 5040 5138 5139
f 5040 5139 5041
f 5044 5128 5140
f 5044 5140 5045
f 5045 5140 5141
f 5045 5141 5142
f 5045 5142 5046
f 5046 5142 5143
f 5046 5143 5047
f 5047 5143 5144
f 5047 5144 5048
f 5048 5144 5145
f 5048 5145 5049
f 5049 5145 5146
f 5049 5146 5050
f 5050 5146 5137
f 5051 5057 5147
f 5051 5147 5148
f 5051 5148 5058
f 5052 5149 5053
f 5052 5054 5149
f 5053 5149 5150
f 5053 5150 5057
f 5054 5055 5151
f 5054 5151 5152
f 5054 5152 5149
f 5055 5056 5153
f 5055 5153 5151
f 5056 5080 5153
f 5057 5150 5147
f 5058 5148 5064
f 5059 5154 5155
f 5059 5155 5156
f 5059 5156 5060
f 5059 5063 5154
f 5062 5065 5157
f 5062 5157 5159
f 5062 5159 5063
f 5063 5158 5154
f 5063 5159 5158
f 5064 5148 5160
f 5064 5160 5065
f 5065 5160 5161
f 5065 5161 5157
f 5066 5087 5067
f 5067 5087 5162
f 5067 5162 5068
f 5068 5162 5163
f 5068 5163 5164
f 5068 5164 5070
f 5069 5077 5083
f 5069 5083 5082
f 5070 5164 5165
f 5070 5165 5071
f 5071 5165 5166
f 5071 5166 5073
f 5071 5073 5072
f 5073 5166 5167
f 5073 5167 5168
f 5073 5168 5169
f 5073 5169 5074
f 5074 5169 5170
f 5074 5170 5171
f 5074 5171 5172
f 5074 5172 5173
f 5074 5173 5075
f 5075 5173 5172
f 5075 5172 5174
f 5075 5174 5175
f 5075 5175 5079
f 5076 5079 5175
f 5076 5175 5176
f 5076 5176 5177
f 5076 5177 5077
f 5077 5177 5178
f 5077 5178 5179
f 5077 5179 5083
f 5080 5180 5181
f 5080 5181 5153
f 5080 5081 5180
f 5081 5182 5180
f 5081 5084 5182
f 5083 5183 5184
f 5083 5184 5185
f 5083 5185 5084
f 5083 5179 5186
f 5083 5186 5187
f 5083 5187 5188
f 5083 5188 5183
f 5084 5185 5182
f 5085 5189 5086
f 5086 5189 5190
f 5086 5190 5191
f 5086 5191 5192
f 5086 5192 5193
f 5086 5193 5087
f 5087 5193 5194
f 5087 5194 5195
f 5087 5195 5162
f 5088 5196 5197
f 5088 5197 5089
f 5088 5092 5196
f 5089 5197 5090
f 5090 5198 5094
f 5090 5197 5198
f 5091 5199 5200
f 5091 5200 5092
f 5092 5200 5196
f 5093 5201 5095
f 5093 5094 5202
f 5093 5202 5201
f 5094 5198 5203
f 5094 5203 5202
f 5095 5201 5204
f 5095 5204 5096
f 5096 5205 5206
f 5096 5206 5097
f 5096 5204 5205
f 5097 5206 5105
f 5098 5207 5208
f 5098 5208 5099
f 5098 5099 5100
f 5098 5103 5209
f 5098 5209 5210
f 5098 5210 5211
f 5098 5211 5212
f 5098 5212 5207
f 5099 5208 5101
f 5101 5213 5214
f 5101 5214 5133
f 5101 5208 5215
f 5101 5215 5216
f 5101 5216 5213
f 5102 5217 5218
f 5102 5218 5103
f 5102 5104 5219
f 5102 5219 5217
f 5103 5218 5209
f 5104 5108 5220
f 5104 5220 5219
f 5105 5206 5221
f 5105 5221 5222
f 5105 5222 5106
f 5106 5222 5223
f 5106 5223 5107
f 5107 5223 5111
f 5108 5110 5220
f 5109 5111 5224
f 5109 5224 5110
f 5110 5224 5225
f 5110 5225 5226
f 5110 5226 5227
f 5110 5227 5228
f 5110 5228 5220
f 5111 5223 5229
f 5111 5229 5230
f 5111 5230 5224
f 5112 5130 5129
f 5112 5129 5231
f 5112 5231 5232
f 5112 5232 5233
f 5112 5233 5113
f 5113 5233 5234
f 5113 5234 5235
f 5113 5235 5236
f 5113 5236 5114
f 5114 5236 5115
f 5115 5237 5116
f 5115 5236 5237
f 5116 5237 5120
f 5117 5121 5118
f 5118 5121 5119
f 5119 5238 5122
f 5119 5121 5239
f 5119 5239 5240
f 5119 5240 5241
f 5119 5241 5238
f 5120 5237 5121
f 5121 5240 5239
f 5121 5237 5242
f 5121 5242 5243
f 5121 5243 5240
f 5122 5238 5123
f 5123 5238 5124
f 5124 5238 5244
f 5124 5244 5126
f 5125 5127 5128
f 5126 5244 5245
f 5126 5245 5127
f 5127 5245 5246
f 5127 5246 5247
f 5127 5247 5248
f 5127 5248 5249
f 5127 5249 5128
f 5128 5249 5140
f 5129 5250 5251
f 5129 5251 5232
f 5129 5232 5231
f 5129 5132 5131
f 5129 5131 5135
f 5129 5135 5252
f 5129 5252 5253
f 5129 5253 5254
f 5129 5254 5250
f 5131 5136 5135
f 5133 5214 5134
f 5134 5214 5135
f 5135 5255 5256
f 5135 5256 5253
f 5135 5253 5252
f 5135 5214 5257
f 5135 5257 5258
f 5135 5258 5259
f 5135 5259 5255
f 5137 5146 5260
f 5137 5260 5261
f 5137 5261 5138
f 5138 5261 5262
f 5138 5262 5263
f 5138 5263 5264
f 5138 5264 5139
f 5140 5249 5141
f 5141 5249 5265
f 5141 5265 5266
f 5141 5266 5267
f 5141 5267 5142
f 5142 5267 5143
f 5143 5267 5268
f 5143 5268 5144
f 5144 5268 5269
f 5144 5269 5270
f 5144 5270 5145
f 5145 5270 5271
f 5145 5271 5146
f 5146 5271 5260
f 5147 5272 5160
f 5147 5160 5148
f 5147 5150 5273
f 5147 5273 5272
f 5149 5274 5273
f 5149 5273 5150
f 5149 5152 5275
f 5149 5275 5274
f 5151 5153 5276
f 5151 5276 5277
f 5151 5277 5278
f 5151 5278 5279
f 5151 5279 5152
f 5152 5279 5280
f 5152 5280 5275
f 5153 5181 5276
f 5154 5281 5155
f 5154 5158 5282
f 5154 5282 5281
f 5155 5281 5283
f 5157 5161 5284
f 5157 5284 5285
f 5157 5285 5159
f 5158 5159 5286
f 5158 5286 5287
f 5158 5287 5282
f 5159 5285 5286
f 5160 5272 5288
f 5160 5288 5161
f 5161 5288 5289
f 5161 5289 5284
f 5162 5195 5163
f 5163 5195 5290
f 5163 5290 5291
f 5163 5291 5165
f 5163 5165 5164
f 5165 5291 5167
f 5165 5167 5166
f 5167 5291 5292
f 5167 5292 5293
f 5167 5293 5294
f 5167 5294 5295
f 5167 5295 5296
f 5167 5296 5168
f 5168 5296 5169
f 5169 5296 5297
f 5169 5297 5298
f 5169 5298 5170
f 5170 5298 5171
f 5171 5298 5299
f 5171 5299 5300
f 5171 5300 5301
f 5171 5301 5302
f 5171 5302 5175
f 5171 5175 5172
f 5172 5175 5174
f 5175 5302 5303
f 5175 5303 5304
f 5175 5304 5305
f 5175 5305 5306
f 5175 5306 5307
f 5175 5307 5176
f 5176 5307 5308
f 5176 5308 5177
f 5177 5308 5178
f 5178 5308 5309
f 5178 5309 5186
f 5178 5186 5179
f 5180 5310 5311
f 5180 5311 5181
f 5180 5182 5312
f 5180 5312 5313
f 5180 5313 5310
f 5181 5311 5276
f 5182 5185 5184
f 5182 5184 5314
f 5182 5314 5312
f 5183 5188 5315
f 5183 5315 5316
f 5183 5316 5317
f 5183 5317 5318
f 5183 5318 5314
f 5183 5314 5184
f 5186 5309 5319
f 5186 5319 5187
f 5187 5319 5320
f 5187 5320 5188
f 5188 5320 5315
f 5191 5321 5192
f 5192 5321 5322
f 5192 5322 5323
f 5192 5323 5324
f 5192 5324 5193
f 5193 5324 5194
f 5194 5290 5195
f 5194 5324 5325
f 5194 5325 5326
f 5194 5326 5290
f 5196 5327 5197
f 5196 5200 5328
f 5196 5328 5327
f 5197 5329 5330
f 5197 5330 5203
f 5197 5203 5198
f 5197 5327 5329
f 5199 5331 5200
f 5200 5331 5328
f 5201 5332 5204
f 5201 5202 5333
f 5201 5333 5332
f 5202 5203 5330
f 5202 5330 5333
f 5204 5332 5334
f 5204 5334 5205
f 5205 5335 5336
f 5205 5336 5221
f 5205 5221 5206
f 5205 5334 5335
f 5207 5337 5208
f 5207 5212 5337
f 5208 5337 5215
f 5209 5218 5210
f 5210 5338 5212
f 5210 5212 5339
f 5210 5339 5211
f 5210 5218 5217
f 5210 5217 5340
f 5210 5340 5338
f 5211 5339 5212
f 5212 5338 5341
f 5212 5341 5342
f 5212 5342 5343
f 5212 5343 5337
f 5213 5344 5214
f 5213 5216 5345
f 5213 5345 5344
f 5214 5344 5258
f 5214 5258 5257
f 5215 5346 5216
f 5215 5337 5346
f 5216 5346 5347
f 5216 5347 5345
f 5217 5348 5340
f 5217 5219 5349
f 5217 5349 5228
f 5217 5228 5350
f 5217 5350 5348
f 5219 5220 5349
f 5220 5228 5349
f 5221 5336 5351
f 5221 5351 5352
f 5221 5352 5353
f 5221 5353 5222
f 5222 5353 5354
f 5222 5354 5223
f 5223 5354 5229
f 5224 5230 5225
f 5225 5230 5229
f 5225 5229 5355
f 5225 5355 5356
f 5225 5356 5226
f 5226 5356 5227
f 5227 5356 5357
f 5227 5357 5358
f 5227 5358 5228
f 5228 5358 5359
f 5228 5359 5360
f 5228 5360 5350
f 5229 5354 5353
f 5229 5353 5361
f 5229 5361 5362
f 5229 5362 5363
f 5229 5363 5364
f 5229 5364 5355
f 5232 5365 5366
f 5232 5366 5235
f 5232 5235 5234
f 5232 5234 5233
f 5232 5251 5250
f 5232 5250 5367
f 5232 5367 5365
f 5235 5366 5365
f 5235 5365 5368
f 5235 5368 5369
f 5235 5369 5370
f 5235 5370 5371
f 5235 5371 5372
f 5235 5372 5236
f 5236 5372 5237
f 5237 5372 5371
f 5237 5371 5242
f 5238 5241 5373
f 5238 5373 5244
f 5240 5243 5374
f 5240 5374 5375
f 5240 5375 5376
f 5240 5376 5377
f 5240 5377 5378
f 5240 5378 5241
f 5241 5378 5373
f 5242 5371 5243
f 5243 5371 5374
f 5244 5373 5245
f 5245 5373 5379
f 5245 5379 5380
f 5245 5380 5246
f 5246 5380 5247
f 5247 5381 5248
f 5247 5380 5382
f 5247 5382 5383
f 5247 5383 5381
f 5248 5381 5249
f 5249 5381 5384
f 5249 5384 5265
f 5250 5385 5386
f 5250 5386 5387
f 5250 5387 5367
f 5250 5254 5253
f 5250 5253 5385
f 5253 5256 5385
f 5255 5259 5258
f 5255 5258 5388
f 5255 5388 5389
f 5255 5389 5390
f 5255 5390 5391
f 5255 5391 5256
f 5256 5391 5392
f 5256 5392 5393
f 5256 5393 5386
f 5256 5386 5385
f 5258 5344 5345
f 5258 5345 5394
f 5258 5394 5395
f 5258 5395 5396
f 5258 5396 5388
f 5260 5271 5397
f 5260 5397 5398
f 5260 5398 5261
f 5261 5398 5399
f 5261 5399 5400
f 5261 5400 5401
f 5261 5401 5402
f 5261 5402 5262
f 5262 5403 5263
f 5262 5402 5403
f 5265 5384 5404
f 5265 5404 5266
f 5266 5405 5267
f 5266 5404 5406
f 5266 5406 5407
f 5266 5407 5405
f 5267 5405 5268
f 5268 5405 5269
f 5269 5408 5270
f 5269 5405 5409
f 5269 5409 5410
f 5269 5410 5411
f 5269 5411 5408
f 5270 5408 5271
f 5271 5408 5397
f 5272 5273 5412
f 5272 5412 5429
f 5272 5429 5288
f 5273 5274 5412
f 5274 5413 5412
f 5274 5275 5413
f 5275 5280 5414
f 5275 5414 5415
f 5275 5415 5416
f 5275 5416 5413
f 5276 5311 5417
f 5276 5417 5277
f 5277 5417 5278
f 5278 5417 5418
f 5278 5418 5419
f 5278 5419 5420
f 5278 5420 5280
f 5278 5280 5279
f 5280 5420 5414
f 5281 5421 5422
f 5281 5422 5423
f 5281 5423 5283
f 5281 5282 5421
f 5282 5424 5421
f 5282 5287 5424
f 5284 5289 5425
f 5284 5425 5285
f 5285 5426 5287
f 5285 5287 5286
f 5285 5425 5426
f 5287 5426 5427
f 5287 5427 5428
f 5287 5428 5424
f 5288 5429 5289
f 5289 5429 5430
f 5289 5430 5425
f 5290 5326 5291
f 5291 5326 5292
f 5292 5326 5431
f 5292 5431 5293
f 5293 5295 5294
f 5293 5431 5432
f 5293 5432 5433
f 5293 5433 5434
f 5293 5434 5295
f 5295 5297 5296
f 5295 5434 5297
f 5297 5434 5435
f 5297 5435 5298
f 5298 5435 5299
f 5299 5435 5436
f 5299 5436 5437
f 5299 5437 5300
f 5300 5437 5438
f 5300 5438 5301
f 5301 5439 5440
f 5301 5440 5302
f 5301 5438 5441
f 5301 5441 5439
f 5302 5440 5442
f 5302 5442 5303
f 5303 5442 5304
f 5304 5442 5305
f 5305 5442 5443
f 5305 5443 5444
f 5305 5444 5445
f 5305 5445 5446
f 5305 5446 5447
f 5305 5447 5448
f 5305 5448 5306
f 5306 5448 5308
f 5306 5308 5307
f 5308 5448 5309
f 5309 5448 5319
f 5310 5449 5417
f 5310 5417 5311
f 5310 5313 5449
f 5312 5314 5313
f 5313 5450 5451
f 5313 5451 5449
f 5313 5314 5450
f 5314 5318 5452
f 5314 5452 5453
f 5314 5453 5450
f 5315 5320 5454
f 5315 5454 5455
f 5315 5455 5316
f 5316 5455 5456
f 5316 5456 5317
f 5317 5457 5452
f 5317 5452 5318
f 5317 5456 5458
f 5317 5458 5457
f 5319 5448 5459
f 5319 5459 5320
f 5320 5459 5454
f 5322 5460 5323
f 5323 5460 5461
f 5323 5461 5462
f 5323 5462 5324
f 5324 5462 5325
f 5325 5462 5463
f 5325 5463 5464
f 5325 5464 5326
f 5326 5464 5465
f 5326 5465 5466
f 5326 5466 5431
f 5327 5467 5468
f 5327 5468 5329
f 5327 5328 5469
f 5327 5469 5467
f 5328 5331 5470
f 5328 5470 5469
f 5329 5468 5330
f 5330 5471 5473
f 5330 5473 5333
f 5330 5468 5471
f 5332 5472 5334
f 5332 5333 5473
f 5332 5473 5472
f 5334 5472 5474
f 5334 5474 5335
f 5335 5351 5336
f 5335 5474 5351
f 5337 5343 5346
f 5338 5340 5348
f 5338 5348 5475
f 5338 5475 5341
f 5341 5475 5476
f 5341 5476 5342
f 5342 5477 5478
f 5342 5478 5479
f 5342 5479 5480
f 5342 5480 5343
f 5342 5476 5481
f 5342 5481 5482
f 5342 5482 5483
f 5342 5483 5477
f 5343 5480 5346
f 5345 5347 5479
f 5345 5479 5484
f 5345 5484 5485
f 5345 5485 5394
f 5346 5479 5347
f 5346 5480 5479
f 5348 5350 5360
f 5348 5360 5475
f 5351 5486 5487
f 5351 5487 5352
f 5351 5474 5486
f 5352 5487 5353
f 5353 5487 5488
f 5353 5488 5361
f 5355 5489 5356
f 5355 5364 5489
f 5356 5489 5357
f 5357 5489 5490
f 5357 5490 5491
f 5357 5491 5358
f 5358 5491 5359
f 5359 5491 5492
f 5359 5492 5493
f 5359 5493 5494
f 5359 5494 5360
f 5360 5495 5496
f 5360 5496 5475
f 5360 5494 5495
f 5361 5488 5497
f 5361 5497 5362
f 5362 5497 5498
f 5362 5498 5363
f 5363 5499 5364
f 5363 5498 5500
f 5363 5500 5499
f 5364 5499 5501
f 5364 5501 5502
f 5364 5502 5490
f 5364 5490 5489
f 5365 5503 5369
f 5365 5369 5368
f 5365 5367 5387
f 5365 5387 5386
f 5365 5386 5504
f 5365 5504 5503
f 5369 5503 5505
f 5369 5505 5506
f 5369 5506 5507
f 5369 5507 5508
f 5369 5508 5509
f 5369 5509 5510
f 5369 5510 5370
f 5370 5510 5371
f 5371 5510 5374
f 5373 5378 5377
f 5373 5377 5379
f 5374 5510 5509
f 5374 5509 5375
f 5375 5509 5376
f 5376 5509 5511
f 5376 5511 5512
f 5376 5512 5377
f 5377 5512 5513
f 5377 5513 5514
f 5377 5514 5515
f 5377 5515 5516
f 5377 5516 5380
f 5377 5380 5379
f 5380 5516 5382
f 5381 5383 5384
f 5382 5516 5515
f 5382 5515 5517
f 5382 5517 5383
f 5383 5517 5518
f 5383 5518 5519
f 5383 5519 5384
f 5384 5406 5404
f 5384 5519 5520
f 5384 5520 5406
f 5386 5521 5505
f 5386 5505 5504
f 5386 5393 5522
f 5386 5522 5523
f 5386 5523 5521
f 5388 5396 5389
f 5389 5396 5390
f 5390 5524 5525
f 5390 5525 5526
f 5390 5526 5522
f 5390 5522 5392
f 5390 5392 5391
f 5390 5396 5524
f 5392 5522 5393
f 5394 5485 5395
f 5395 5485 5396
f 5396 5485 5527
f 5396 5527 5528
f 5396 5528 5529
f 5396 5529 5524
f 5397 5408 5530
f 5397 5530 5531
f 5397 5531 5398
f 5398 5531 5532
f 5398 5532 5399
f 5399 5532 5533
f 5399 5533 5534
f 5399 5534 5535
f 5399 5535 5536
f 5399 5536 5537
f 5399 5537 5401
f 5399 5401 5400
f 5401 5538 5402
f 5401 5537 5539
f 5401 5539 5538
f 5405 5407 5540
f 5405 5540 5409
f 5406 5540 5407
f 5406 5520 5541
f 5406 5541 5542
f 5406 5542 5543
f 5406 5543 5544
f 5406 5544 5540
f 5408 5411 5530
f 5409 5540 5410
f 5410 5540 5545
f 5410 5545 5546
f 5410 5546 5411
f 5411 5546 5547
f 5411 5547 5530
f 5412 5413 5429
f 5413 5416 5548
f 5413 5548 5429
f 5414 5549 5416
f 5414 5416 5415
f 5414 5420 5550
f 5414 5550 5551
f 5414 5551 5549
f 5416 5549 5548
f 5417 5419 5418
f 5417 5449 5451
f 5417 5451 5419
f 5419 5451 5552
f 5419 5552 5553
f 5419 5553 5550
f 5419 5550 5420
f 5421 5554 5422
f 5421 5424 5554
f 5422 5554 5555
f 5424 5556 5554
f 5424 5428 5556
f 5425 5557 5427
f 5425 5427 5426
f 5425 5430 5558
f 5425 5558 5557
f 5427 5557 5559
f 5427 5559 5560
f 5427 5560 5428
f 5428 5560 5561
f 5428 5561 5562
f 5428 5562 5556
f 5429 5548 5430
f 5430 5548 5563
f 5430 5563 5558
f 5431 5466 5432
f 5432 5466 5564
f 5432 5564 5565
f 5432 5565 5566
f 5432 5566 5433
f 5433 5566 5435
f 5433 5435 5434
f 5435 5566 5567
f 5435 5567 5568
f 5435 5568 5569
f 5435 5569 5436
f 5436 5569 5570
f 5436 5570 5571
f 5436 5571 5437
f 5437 5571 5572
f 5437 5572 5438
f 5438 5573 5574
f 5438 5574 5575
f 5438 5575 5441
f 5438 5572 5576
f 5438 5576 5577
f 5438 5577 5578
f 5438 5578 5579
f 5438 5579 5573
f 5439 5441 5580
f 5439 5580 5581
f 5439 5581 5440
f 5440 5581 5442
f 5441 5575 5580
f 5442 5581 5444
f 5442 5444 5443
f 5444 5581 5582
f 5444 5582 5445
f 5445 5583 5446
f 5445 5582 5584
f 5445 5584 5583
f 5446 5585 5459
f 5446 5459 5447
f 5446 5583 5585
f 5447 5459 5448
f 5450 5453 5586
f 5450 5586 5451
f 5451 5586 5552
f 5452 5457 5587
f 5452 5587 5453
f 5453 5587 5586
f 5454 5459 5585
f 5454 5585 5455
f 5455 5588 5456
f 5455 5585 5588
f 5456 5589 5458
f 5456 5588 5590
f 5456 5590 5589
f 5457 5458 5591
f 5457 5591 5592
f 5457 5592 5587
f 5458 5589 5591
f 5461 5593 5462
f 5462 5593 5594
f 5462 5594 5595
f 5462 5595 5463
f 5463 5595 5596
f 5463 5596 5464
f 5464 5466 5465
f 5464 5596 5597
f 5464 5597 5598
f 5464 5598 5466
f 5466 5598 5564
f 5467 5599 5600
f 5467 5600 5468
f 5467 5469 5599
f 5468 5600 5471
f 5469 5470 5601
f 5469 5601 5602
f 5469 5602 5599
f 5471 5603 5473
f 5471 5600 5604
f 5471 5604 5603
f 5472 5605 5474
f 5472 5473 5605
f 5473 5603 5606
f 5473 5606 5605
f 5474 5605 5607
f 5474 5607 5486
f 5475 5496 5476
f 5476 5496 5481
f 5477 5608 5609
f 5477 5609 5610
f 5477 5610 5478
f 5477 5483 5611
f 5477 5611 5608
f 5478 5610 5479
f 5479 5610 5612
f 5479 5612 5484
f 5481 5496 5495
f 5481 5495 5613
f 5481 5613 5483
f 5481 5483 5482
f 5483 5613 5611
f 5484 5612 5485
f 5485 5612 5614
f 5485 5614 5615
f 5485 5615 5527
f 5486 5616 5487
f 5486 5607 5617
f 5486 5617 5616
f 5487 5616 5618
f 5487 5618 5488
f 5488 5618 5497
f 5490 5502 5619
f 5490 5619 5491
f 5491 5619 5492
f 5492 5620 5493
f 5492 5619 5620
f 5493 5621 5495
f 5493 5495 5494
f 5493 5620 5622
f 5493 5622 5621
f 5495 5621 5623
f 5495 5623 5613
f 5497 5618 5624
f 5497 5624 5498
f 5498 5624 5500
f 5499 5500 5625
f 5499 5625 5501
f 5500 5626 5625
f 5500 5624 5627
f 5500 5627 5626
f 5501 5625 5628
f 5501 5628 5629
f 5501 5629 5630
f 5501 5630 5502
f 5502 5630 5619
f 5503 5504 5505
f 5505 5631 5632
f 5505 5632 5507
f 5505 5507 5506
f 5505 5521 5631
f 5507 5632 5631
f 5507 5631 5633
f 5507 5633 5634
f 5507 5634 5635
f 5507 5635 5636
f 5507 5636 5637
f 5507 5637 5509
f 5507 5509 5508
f 5509 5637 5511
f 5511 5637 5636
f 5511 5636 5512
f 5512 5636 5513
f 5513 5636 5638
f 5513 5638 5514
f 5514 5638 5639
f 5514 5639 5515
f 5515 5639 5640
f 5515 5640 5641
f 5515 5641 5518
f 5515 5518 5517
f 5518 5641 5640
f 5518 5640 5642
f 5518 5642 5643
f 5518 5643 5644
f 5518 5644 5541
f 5518 5541 5520
f 5518 5520 5519
f 5521 5523 5645
f 5521 5645 5631
f 5522 5526 5525
f 5522 5525 5646
f 5522 5646 5647
f 5522 5647 5523
f 5523 5647 5645
f 5524 5529 5525
f 5525 5529 5648
f 5525 5648 5649
f 5525 5649 5650
f 5525 5650 5651
f 5525 5651 5652
f 5525 5652 5653
f 5525 5653 5646
f 5527 5615 5528
f 5528 5615 5529
f 5529 5615 5654
f 5529 5654 5655
f 5529 5655 5656
f 5529 5656 5649
f 5529 5649 5648
f 5530 5547 5657
f 5530 5657 5658
f 5530 5658 5531
f 5531 5658 5659
f 5531 5659 5660
f 5531 5660 5532
f 5532 5660 5533
f 5533 5660 5804
f 5533 5804 5661
f 5533 5661 5534
f 5534 5661 5662
f 5540 5544 5663
f 5540 5663 5545
f 5541 5644 5664
f 5541 5664 5665
f 5541 5665 5542
f 5542 5665 5543
f 5543 5663 5544
f 5543 5665 5663
f 5545 5663 5666
f 5545 5666 5546
f 5546 5657 5547
f 5546 5666 5667
f 5546 5667 5668
f 5546 5668 5657
f 5548 5549 5563
f 5549 5551 5669
f 5549 5669 5563
f 5550 5553 5551
f 5551 5670 5669
f 5551 5553 5671
f 5551 5671 5670
f 5552 5586 5553
f 5553 5586 5672
f 5553 5672 5673
f 5553 5673 5671
f 5554 5674 5675
f 5554 5675 5555
f 5554 5556 5674
f 5556 5676 5677
f 5556 5677 5674
f 5556 5562 5676
f 5557 5558 5559
f 5558 5563 5678
f 5558 5678 5679
f 5558 5679 5680
f 5558 5680 5559
f 5559 5681 5561
f 5559 5561 5560
f 5559 5680 5682
f 5559 5682 5681
f 5561 5681 5683
f 5561 5683 5684
f 5561 5684 5685
f 5561 5685 5686
f 5561 5686 5562
f 5562 5686 5687
f 5562 5687 5676
f 5563 5669 5678
f 5564 5598 5688
f 5564 5688 5567
f 5564 5567 5565
f 5565 5567 5566
f 5567 5688 5689
f 5567 5689 5690
f 5567 5690 5691
f 5567 5691 5692
f 5567 5692 5568
f 5568 5692 5693
f 5568 5693 5569
f 5569 5693 5694
f 5569 5694 5570
f 5570 5694 5695
f 5570 5695 5696
f 5570 5696 5571
f 5571 5697 5698
f 5571 5698 5572
f 5571 5696 5699
f 5571 5699 5700
f 5571 5700 5697
f 5572 5698 5701
f 5572 5701 5576
f 5573 5702 5574
f 5573 5579 5702
f 5574 5703 5704
f 5574 5704 5575
f 5574 5702 5703
f 5575 5704 5705
f 5575 5705 5706
f 5575 5706 5580
f 5576 5701 5707
f 5576 5707 5577
f 5577 5707 5708
f 5577 5708 5709
f 5577 5709 5710
f 5577 5710 5578
f 5578 5710 5711
f 5578 5711 5579
f 5579 5711 5712
f 5579 5712 5713
f 5579 5713 5702
f 5580 5706 5582
f 5580 5582 5714
f 5580 5714 5581
f 5581 5714 5582
f 5582 5706 5705
f 5582 5705 5715
f 5582 5715 5584
f 5583 5584 5715
f 5583 5715 5716
f 5583 5716 5717
f 5583 5717 5585
f 5585 5717 5588
f 5586 5587 5718
f 5586 5718 5672
f 5587 5592 5719
f 5587 5719 5718
f 5588 5717 5590
f 5589 5590 5720
f 5589 5720 5721
f 5589 5721 5722
f 5589 5722 5723
f 5589 5723 5591
f 5590 5717 5724
f 5590 5724 5720
f 5591 5723 5725
f 5591 5725 5592
f 5592 5725 5719
f 5594 5726 5595
f 5595 5726 5727
f 5595 5727 5596
f 5596 5727 5728
f 5596 5728 5597
f 5597 5728 5729
f 5597 5729 5730
f 5597 5730 5731
f 5597 5731 5598
f 5598 5731 5688
f 5599 5732 5600
f 5599 5602 5733
f 5599 5733 5732
f 5600 5732 5604
f 5601 5734 5602
f 5602 5734 5735
f 5602 5735 5736
f 5602 5736 5733
f 5603 5737 5606
f 5603 5604 5738
f 5603 5738 5737
f 5604 5732 5739
f 5604 5739 5738
f 5605 5740 5741
f 5605 5741 5607
f 5605 5606 5740
f 5606 5737 5742
f 5606 5742 5740
f 5607 5741 5617
f 5608 5610 5609
f 5608 5611 5743
f 5608 5743 5744
f 5608 5744 5745
f 5608 5745 5746
f 5608 5746 5612
f 5608 5612 5610
f 5611 5613 5747
f 5611 5747 5743
f 5612 5746 5614
f 5613 5748 5747
f 5613 5623 5749
f 5613 5749 5748
f 5614 5746 5615
f 5615 5746 5750
f 5615 5750 5655
f 5615 5655 5654
f 5616 5751 5618
f 5616 5617 5751
f 5617 5741 5752
f 5617 5752 5753
f 5617 5753 5754
f 5617 5754 5755
f 5617 5755 5751
f 5618 5751 5624
f 5619 5756 5757
f 5619 5757 5620
f 5619 5630 5629
f 5619 5629 5756
f 5620 5757 5622
f 5621 5758 5623
f 5621 5622 5758
f 5622 5757 5759
f 5622 5759 5758
f 5623 5758 5760
f 5623 5760 5761
f 5623 5761 5749
f 5624 5751 5755
f 5624 5755 5762
f 5624 5762 5763
f 5624 5763 5764
f 5624 5764 5765
f 5624 5765 5627
f 5625 5626 5628
f 5626 5627 5765
f 5626 5765 5766
f 5626 5766 5767
f 5626 5767 5628
f 5628 5767 5768
f 5628 5768 5769
f 5628 5769 5629
f 5629 5769 5770
f 5629 5770 5756
f 5631 5771 5772
f 5631 5772 5773
f 5631 5773 5634
f 5631 5634 5633
f 5631 5645 5774
f 5631 5774 5771
f 5634 5773 5772
f 5634 5772 5775
f 5634 5775 5776
f 5634 5776 5777
f 5634 5777 5638
f 5634 5638 5778
f 5634 5778 5636
f 5634 5636 5635
f 5636 5778 5638
f 5638 5777 5779
f 5638 5779 5780
f 5638 5780 5640
f 5638 5640 5639
f 5640 5780 5642
f 5642 5780 5643
f 5643 5781 5782
f 5643 5782 5665
f 5643 5665 5664
f 5643 5664 5644
f 5643 5780 5783
f 5643 5783 5784
f 5643 5784 5785
f 5643 5785 5786
f 5643 5786 5787
f 5643 5787 5781
f 5645 5647 5788
f 5645 5788 5774
f 5646 5653 5647
f 5647 5653 5788
f 5649 5656 5655
f 5649 5655 5789
f 5649 5789 5790
f 5649 5790 5791
f 5649 5791 5792
f 5649 5792 5793
f 5649 5793 5650
f 5650 5793 5651
f 5651 5793 5792
f 5651 5792 5794
f 5651 5794 5795
f 5651 5795 5796
f 5651 5796 5797
f 5651 5797 5798
f 5651 5798 5652
f 5652 5798 5653
f 5653 5798 5799
f 5653 5799 5774
f 5653 5774 5788
f 5655 5750 5800
f 5655 5800 5801
f 5655 5801 5790
f 5655 5790 5789
f 5657 5659 5658
f 5657 5668 5802
f 5657 5802 5803
f 5657 5803 5659
f 5659 5804 5660
f 5659 5803 5805
f 5659 5805 5804
f 5661 5806 5662
f 5661 5804 5805
f 5661 5805 5807
f 5661 5807 5806
f 5663 5667 5666
f 5663 5665 5782
f 5663 5782 5808
f 5663 5808 5809
f 5663 5809 5667
f 5667 5802 5668
f 5667 5809 5810
f 5667 5810 5811
f 5667 5811 5802
f 5669 5670 5812
f 5669 5812 5678
f 5670 5671 5813
f 5670 5813 5814
f 5670 5814 5812
f 5671 5673 5815
f 5671 5815 5813
f 5672 5718 5816
f 5672 5816 5673
f 5673 5817 5815
f 5673 5816 5817
f 5674 5677 5818
f 5674 5818 5675
f 5676 5819 5677
f 5676 5687 5819
f 5677 5820 5821
f 5677 5821 5822
f 5677 5822 5818
f 5677 5819 5820
f 5678 5812 5679
f 5679 5823 5680
f 5679 5812 5824
f 5679 5824 5823
f 5680 5823 5682
f 5681 5682 5683
f 5682 5823 5825
f 5682 5825 5683
f 5683 5825 5826
f 5683 5826 5827
f 5683 5827 5684
f 5684 5827 5830
f 5684 5830 5685
f 5685 5828 5829
f 5685 5829 5686
f 5685 5830 5831
f 5685 5831 5832
f 5685 5832 5828
f 5686 5829 5833
f 5686 5833 5834
f 5686 5834 5835
f 5686 5835 5687
f 5687 5835 5819
f 5688 5731 5836
f 5688 5836 5689
f 5689 5836 5690
f 5690 5837 5691
f 5690 5836 5837
f 5691 5837 5838
f 5691 5838 5839
f 5691 5839 5840
f 5691 5840 5695
f 5691 5695 5693
f 5691 5693 5692
f 5693 5695 5694
f 5695 5840 5696
f 5696 5840 5841
f 5696 5841 5699
f 5697 5701 5698
f 5697 5700 5842
f 5697 5842 5843
f 5697 5843 5701
f 5699 5841 5842
f 5699 5842 5700
f 5701 5843 5844
f 5701 5844 5707
f 5702 5713 5792
f 5702 5792 5845
f 5702 5845 5846
f 5702 5846 5847
f 5702 5847 5704
f 5702 5704 5703
f 5704 5848 5715
f 5704 5715 5705
f 5704 5847 5849
f 5704 5849 5848
f 5707 5844 5708
f 5708 5850 5709
f 5708 5844 5851
f 5708 5851 5852
f 5708 5852 5853
f 5708 5853 5850
f 5709 5850 5710
f 5710 5712 5711
f 5710 5850 5854
f 5710 5854 5855
f 5710 5855 5856
f 5710 5856 5712
f 5712 5856 5795
f 5712 5795 5857
f 5712 5857 5713
f 5713 5857 5792
f 5715 5848 5858
f 5715 5858 5859
f 5715 5859 5716
f 5716 5859 5717
f 5717 5859 5724
f 5718 5719 5816
f 5719 5860 5816
f 5719 5725 5861
f 5719 5861 5862
f 5719 5862 5860
f 5720 5724 5863
f 5720 5863 5864
f 5720 5864 5865
f 5720 5865 5721
f 5721 5865 5722
f 5722 5865 5866
f 5722 5866 5867
f 5722 5867 5723
f 5723 5867 5725
f 5724 5859 5863
f 5725 5867 5868
f 5725 5868 5861
f 5726 5869 5727
f 5727 5869 5870
f 5727 5870 5871
f 5727 5871 5728
f 5728 5871 5872
f 5728 5872 5729
f 5729 5872 5873
f 5729 5873 5874
f 5729 5874 5875
f 5729 5875 5730
f 5730 5875 5876
f 5730 5876 5731
f 5731 5876 5836
f 5732 5877 5739
f 5732 5733 5877
f 5733 5736 5877
f 5735 5878 5736
f 5736 5879 5877
f 5736 5878 5880
f 5736 5880 5881
f 5736 5881 5879
f 5737 5882 5742
f 5737 5738 5883
f 5737 5883 5882
f 5738 5739 5883
f 5739 5884 5883
f 5739 5877 5884
f 5740 5885 5741
f 5740 5742 5886
f 5740 5886 5885
f 5741 5753 5752
f 5741 5885 5753
f 5742 5882 5886
f 5743 5887 5744
f 5743 5747 5888
f 5743 5888 5887
f 5744 5887 5745
f 5745 5887 5889
f 5745 5889 5800
f 5745 5800 5746
f 5746 5800 5750
f 5747 5748 5888
f 5748 5749 5761
f 5748 5761 5890
f 5748 5890 5891
f 5748 5891 5892
f 5748 5892 5888
f 5753 5885 5893
f 5753 5893 5832
f 5753 5832 5894
f 5753 5894 5762
f 5753 5762 5754
f 5754 5762 5755
f 5756 5770 5757
f 5757 5770 5895
f 5757 5895 5896
f 5757 5896 5759
f 5758 5759 5897
f 5758 5897 5760
f 5759 5896 5897
f 5760 5897 5898
f 5760 5898 5761
f 5761 5899 5890
f 5761 5898 5899
f 5762 5900 5763
f 5762 5894 5900
f 5763 5900 5764
f 5764 5901 5765
f 5764 5900 5902
f 5764 5902 5901
f 5765 5903 5766
f 5765 5901 5903
f 5766 5903 5767
f 5767 5903 5904
f 5767 5904 5905
f 5767 5905 5906
f 5767 5906 5907
f 5767 5907 5908
f 5767 5908 5769
f 5767 5769 5768
f 5769 5909 5770
f 5769 5908 5909
f 5770 5909 5895
f 5771 5774 5772
f 5772 5910 5775
f 5772 5774 5911
f 5772 5911 5912
f 5772 5912 5913
f 5772 5913 5910
f 5774 5799 5797
f 5774 5797 5914
f 5774 5914 5912
f 5774 5912 5911
f 5775 5910 5776
f 5776 5915 5779
f 5776 5779 5777
f 5776 5910 5916
f 5776 5916 5915
f 5779 5915 5780
f 5780 5915 5783
f 5781 5787 5917
f 5781 5917 5782
f 5782 5917 5808
f 5783 5915 5918
f 5783 5918 5784
f 5784 5918 5919
f 5784 5919 5920
f 5784 5920 5785
f 5785 5920 5786
f 5786 5921 5787
f 5786 5920 5922
f 5786 5922 5923
f 5786 5923 5924
f 5786 5924 5921
f 5787 5921 5917
f 5790 5801 5925
f 5790 5925 5926
f 5790 5926 5845
f 5790 5845 5792
f 5790 5792 5791
f 5792 5857 5795
f 5792 5795 5794
f 5795 5856 5927
f 5795 5927 5796
f 5796 5927 5797
f 5797 5927 5928
f 5797 5928 5912
f 5797 5912 5914
f 5797 5799 5798
f 5800 5889 5929
f 5800 5929 5801
f 5801 5929 5925
f 5802 5930 5803
f 5802 5811 5943
f 5802 5943 5930
f 5803 5930 5805
f 5805 5930 5931
f 5805 5931 5807
f 5806 5807 5932
f 5807 5931 5933
f 5807 5933 5934
f 5807 5934 5935
f 5807 5935 5932
f 5808 5810 5809
f 5808 5917 5936
f 5808 5936 5937
f 5808 5937 5938
f 5808 5938 5810
f 5810 5938 5939
f 5810 5939 5940
f 5810 5940 5941
f 5810 5941 5942
f 5810 5942 5811
f 5811 5942 5943
f 5812 5814 5944
f 5812 5944 5824
f 5813 5944 5814
f 5813 5815 5945
f 5813 5945 5944
f 5815 5817 5946
f 5815 5946 5945
f 5816 5860 5817
f 5817 5947 5946
f 5817 5860 5948
f 5817 5948 5947
f 5819 5949 5820
f 5819 5835 5949
f 5820 5950 5821
f 5820 5949 5951
f 5820 5951 5950
f 5821 5950 5952
f 5823 5953 5825
f 5823 5824 5954
f 5823 5954 5955
f 5823 5955 5953
f 5824 5944 5954
f 5825 5953 5956
f 5825 5956 5826
f 5826 5956 5957
f 5826 5957 5827
f 5827 5957 5830
f 5828 5958 5959
f 5828 5959 5829
f 5828 5832 5958
f 5829 5959 5833
f 5830 5957 5960
f 5830 5960 5961
f 5830 5961 5831
f 5831 5961 5832
f 5832 5961 5894
f 5832 5893 5962
f 5832 5962 5958
f 5833 5959 5963
f 5833 5963 5964
f 5833 5964 5951
f 5833 5951 5949
f 5833 5949 5834
f 5834 5949 5835
f 5836 5876 5965
f 5836 5965 5837
f 5837 5965 5966
f 5837 5966 5967
f 5837 5967 5968
f 5837 5968 5838
f 5838 5968 5839
f 5839 5968 5969
f 5839 5969 5939
f 5839 5939 5937
f 5839 5937 5970
f 5839 5970 5971
f 5839 5971 5840
f 5840 5971 5970
f 5840 5970 5841
f 5841 5970 5972
f 5841 5972 5921
f 5841 5921 5924
f 5841 5924 5923
f 5841 5923 5842
f 5842 5923 5843
f 5843 5923 5973
f 5843 5973 5851
f 5843 5851 5844
f 5845 5926 5846
f 5846 5926 5849
f 5846 5849 5847
f 5848 5849 5858
f 5849 5926 5925
f 5849 5925 5974
f 5849 5974 5975
f 5849 5975 5976
f 5849 5976 5858
f 5850 5853 5854
f 5851 5973 5852
f 5852 5977 5853
f 5852 5973 5978
f 5852 5978 5920
f 5852 5920 5979
f 5852 5979 5980
f 5852 5980 5977
f 5853 5977 5854
f 5854 5927 5855
f 5854 5977 5927
f 5855 5927 5856
f 5858 5981 5859
f 5858 5976 5981
f 5859 5981 5863
f 5860 5862 5948
f 5861 5868 5862
f 5862 5982 5948
f 5862 5868 5983
f 5862 5983 5982
f 5863 5981 5984
f 5863 5984 5864
f 5864 5984 5985
f 5864 5985 5865
f 5865 5985 5986
f 5865 5986 5899
f 5865 5899 5866
f 5866 5899 5987
f 5866 5987 5988
f 5866 5988 5867
f 5867 5988 5868
f 5868 5989 5983
f 5868 5988 5987
f 5868 5987 5990
f 5868 5990 5989
f 5873 5991 5874
f 5874 5991 5992
f 5874 5992 5993
f 5874 5993 5875
f 5875 5993 5994
f 5875 5994 5876
f 5876 5994 5965
f 5877 5995 5884
f 5877 5879 5995
f 5879 5881 5995
f 5880 5996 5881
f 5881 5950 5995
f 5881 5996 5950
f 5882 5963 5886
f 5882 5883 5963
f 5883 5964 5963
f 5883 5884 5995
f 5883 5995 5964
f 5885 5886 5893
f 5886 5963 5962
f 5886 5962 5893
f 5887 5888 5892
f 5887 5892 5997
f 5887 5997 5889
f 5889 5997 5998
f 5889 5998 5929
f 5890 5899 5891
f 5891 5999 5998
f 5891 5998 5997
f 5891 5997 5892
f 5891 5899 5986
f 5891 5986 5985
f 5891 5985 5999
f 5894 5961 5900
f 5895 5909 6000
f 5895 6000 5896
f 5896 5989 6001
f 5896 6001 5897
f 5896 6000 6002
f 5896 6002 5989
f 5897 6001 5898
f 5898 6001 6003
f 5898 6003 6004
f 5898 6004 5899
f 5899 6004 5987
f 5900 5961 5960
f 5900 5960 5902
f 5901 6005 5903
f 5901 5902 6005
f 5902 6006 6005
f 5902 5960 6006
f 5903 6005 6007
f 5903 6007 6008
f 5903 6008 5904
f 5904 6008 5905
f 5905 6009 5906
f 5905 6008 6010
f 5905 6010 5946
f 5905 5946 6011
f 5905 6011 6012
f 5905 6012 6009
f 5906 6009 5907
f 5907 5909 5908
f 5907 6009 6013
f 5907 6013 6000
f 5907 6000 5909
f 5910 5913 5916
f 5912 6014 5916
f 5912 5916 5913
f 5912 5928 5927
f 5912 5927 6015
f 5912 6015 6014
f 5915 5916 6016
f 5915 6016 5918
f 5916 6014 5977
f 5916 5977 5980
f 5916 5980 6016
f 5917 5921 5936
f 5918 6016 5919
f 5919 6016 5920
f 5920 6016 5979
f 5920 5978 5973
f 5920 5973 5923
f 5920 5923 5922
f 5921 5972 5936
f 5925 5929 5998
f 5925 5998 6017
f 5925 6017 5975
f 5925 5975 5974
f 5927 5977 6015
f 5930 5943 6018
f 5930 6018 5931
f 5931 6018 6019
f 5931 6019 5933
f 5933 6019 5934
f 5934 6019 6020
f 5936 5972 5937
f 5937 5939 5938
f 5937 5972 5970
f 5939 5969 5940
f 5940 5969 6021
f 5940 6021 6022
f 5940 6022 5941
f 5941 6023 5942
f 5941 6022 6023
f 5942 6024 5943
f 5942 6023 6024
f 5943 6024 6018
f 5944 5945 6025
f 5944 6025 6026
f 5944 6026 5954
f 5945 5946 6025
f 5946 6010 6025
f 5946 5947 6011
f 5947 5948 6011
f 5948 5982 6011
f 5950 5996 6027
f 5950 6027 5952
f 5950 5951 5995
f 5951 5964 5995
f 5953 5955 5956
f 5954 6026 6028
f 5954 6028 5955
f 5955 6028 6007
f 5955 6007 6029
f 5955 6029 5956
f 5956 6029 6006
f 5956 6006 5957
f 5957 6006 5960
f 5958 5962 5959
f 5959 5962 5963
f 5965 5994 5966
f 5966 5994 6030
f 5966 6030 6031
f 5966 6031 5967
f 5967 6031 6032
f 5967 6032 5968
f 5968 6032 6021
f 5968 6021 5969
f 5975 6017 5998
f 5975 5998 6033
f 5975 6033 5984
f 5975 5984 5981
f 5975 5981 5976
f 5977 6014 6015
f 5979 6016 5980
f 5982 6012 6011
f 5982 5983 6034
f 5982 6034 6012
f 5983 5989 6034
f 5984 6033 5999
f 5984 5999 5985
f 5987 6004 6003
f 5987 6003 5990
f 5989 6002 6034
f 5989 5990 6003
f 5989 6003 6001
f 5992 6035 6036
f 5992 6036 5993
f 5993 6036 6030
f 5993 6030 5994
f 5998 5999 6033
f 6000 6013 6002
f 6002 6013 6012
f 6002 6012 6034
f 6005 6006 6029
f 6005 6029 6007
f 6007 6028 6008
f 6008 6028 6026
f 6008 6026 6010
f 6009 6012 6013
f 6010 6026 6025
f 6018 6024 6037
f 6018 6037 6019
f 6019 6037 6038
f 6019 6038 6039
f 6019 6039 6040
f 6019 6040 6020
f 6021 6041 6022
f 6021 6032 6042
f 6021 6042 6041
f 6022 6041 6043
f 6022 6043 6044
f 6022 6044 6023
f 6023 6044 6024
f 6024 6044 6037
f 6030 6036 6045
f 6030 6045 6031
f 6031 6045 6042
f 6031 6042 6032
f 6035 6046 6036
f 6036 6046 6047
f 6036 6047 6048
f 6036 6048 6045
f 6037 6044 6038
f 6038 6044 6049
f 6038 6049 6050
f 6038 6050 6039
f 6041 6051 6043
f 6041 6042 6052
f 6041 6052 6051
f 6042 6045 6052
f 6043 6051 6053
f 6043 6053 6049
f 6043 6049 6044
f 6045 6048 6052
f 6048 6054 6052
f 6049 6053 6050
f 6050 6053 6055
f 6051 6052 6056
f 6051 6056 6057
f 6051 6057 6055
f 6051 6055 6053
f 6052 6054 6058
f 6052 6058 6056

o geometry_2
v -0.05262225 -0.03473116 -0.00166306
v -0.05262225 -0.03469242 0.00135572
v -0.05294797 -0.03451422 0.00135572
v -0.05294797 -0.03454522 -0.00166306
v -0.05262225 -0.03469242 -0.00469031
v -0.05262225 -0.03452197 0.00437450
v -0.05294797 -0.03433603 0.00437450
v -0.05501088 -0.03313514 0.00437450
v -0.05515435 -0.03322811 0.00135572
v -0.05519313 -0.03324360 -0.00166306
v -0.05294797 -0.03450648 -0.00469031
v -0.05294797 -0.03433603 -0.00770909
v -0.05262225 -0.03451422 -0.00770909
v -0.05262225 -0.03421981 0.00740175
v -0.05294797 -0.03404162 0.00740175
v -0.05477822 -0.03298018 0.00740175
v -0.05651928 -0.03214343 0.00437450
v -0.05666276 -0.03223641 0.00135572
v -0.05670153 -0.03225964 -0.00166306
v -0.05515823 -0.03322036 -0.00469031
v -0.05501088 -0.03312739 -0.00770909
v -0.05488292 -0.03304991 -0.00915912
v -0.05380881 -0.03367747 -0.00915912
v -0.05294797 -0.03417332 -0.00915912
v -0.05262225 -0.03438251 -0.00892169
v -0.05262225 -0.03378594 0.01037813
v -0.05458046 -0.03285622 0.00932664
v -0.05628663 -0.03198848 0.00740175
v -0.05842321 -0.03050867 0.00740175
v -0.05864811 -0.03066362 0.00437450
v -0.05876056 -0.03075660 0.00135572
v -0.05881097 -0.03077984 -0.00166306
v -0.05878383 -0.03075660 -0.00469031
v -0.05666663 -0.03223641 -0.00469031
v -0.05651928 -0.03215118 -0.00770909
v -0.05639132 -0.03207370 -0.00915912
v -0.05262225 -0.03435152 -0.00915912
v -0.05314186 -0.03349928 0.01036965
v -0.05262225 -0.03339081 0.01252349
v -0.05427413 -0.03267028 0.01134481
v -0.05573600 -0.03187226 0.01036965
v -0.05805871 -0.03025300 0.01042052
v -0.05993161 -0.02937751 0.00740175
v -0.06015651 -0.02955570 0.00437450
v -0.06026896 -0.02964867 0.00135572
v -0.06031938 -0.02968741 -0.00166306
v -0.06029223 -0.02966417 -0.00469031
v -0.06017978 -0.02958670 -0.00770909
v -0.05867137 -0.03067137 -0.00770909
v -0.05855892 -0.03059389 -0.00915912
v -0.05743828 -0.03136091 -0.00915912
v -0.05262225 0.04026645 -0.00915912
v -0.05262225 -0.03321261 0.01343930
v -0.05391351 -0.03243785 0.01343930
v -0.05624009 -0.03084182 0.01365977
v -0.05743053 -0.02978814 0.01481301
v -0.05772523 -0.03000507 0.01279484
v -0.05956711 -0.02909084 0.01042052
v -0.06134307 -0.02761103 0.01042052
v -0.06164165 -0.02789770 0.00740175
v -0.06184716 -0.02807590 0.00437450
v -0.06226983 -0.02792094 0.00122852
v -0.06352619 -0.02688275 0.00013464
v -0.06199839 -0.02823859 -0.00166306
v -0.06199839 -0.02819986 -0.00469031
v -0.06351067 -0.02685951 -0.00622514
v -0.06224268 -0.02785896 -0.00742078
v -0.06340986 -0.02677429 -0.00824331
v -0.06092429 -0.02878868 -0.00915912
v -0.06006733 -0.02950147 -0.00915912
v -0.05934609 -0.03002831 -0.00915912
v -0.08311216 0.04151383 -0.00915912
v -0.05262225 0.04319508 0.03124669
v -0.05262225 -0.03254631 0.01646656
v -0.05336288 -0.03208145 0.01646656
v -0.05561579 -0.03060164 0.01646656
v -0.05883036 -0.02894363 0.01365977
v -0.05506516 -0.03023750 0.01948533
v -0.05712419 -0.02957120 0.01646656
v -0.05850076 -0.02768076 0.01948533
v -0.05919874 -0.02792869 0.01649200
v -0.06065673 -0.02700672 0.01550835
v -0.06095918 -0.02726239 0.01343930
v -0.06285147 -0.02625519 0.01042052
v -0.06315006 -0.02651861 0.00740175
v -0.06335557 -0.02671230 0.00437450
v -0.06345639 -0.02681303 0.00215281
v -0.06652748 -0.02390764 -0.00010279
v -0.06655850 -0.02393863 -0.00166306
v -0.06658952 -0.02396962 -0.00469031
v -0.06353782 -0.02689050 -0.00166306
v -0.06352231 -0.02687500 -0.00469031
v -0.06503071 -0.02544943 -0.00469031
v -0.06657013 -0.02394638 -0.00668305
v -0.06647320 -0.02385341 -0.00870122
v -0.06393334 -0.02617771 -0.00915912
v -0.06335169 -0.02672005 -0.00915912
v -0.06279719 -0.02719266 -0.00915912
v -0.06197901 -0.02788995 -0.00915912
v -0.08468261 0.04157581 -0.00915912
v -0.05262225 0.04321057 0.03156892
v -0.08612509 0.04163004 -0.00915912
v -0.05262225 -0.03184902 0.01934966
v -0.05269981 -0.03181028 0.01930726
v -0.05468128 -0.02997408 0.02151198
v -0.05657357 -0.02916057 0.01948533
v -0.06000916 -0.02645663 0.01948533
v -0.06034652 -0.02673555 0.01752652
v -0.05796565 -0.02725464 0.02250411
v -0.06246759 -0.02590654 0.01343930
v -0.06204492 -0.02542618 0.01661071
v -0.06404579 -0.02442674 0.01343930
v -0.06439090 -0.02477538 0.01042052
v -0.06465070 -0.02503880 0.00740175
v -0.06484071 -0.02523249 0.00437450
v -0.06645380 -0.02383016 0.00191538
v -0.06950164 -0.02090154 -0.00166306
v -0.06803201 -0.02242009 -0.00166306
v -0.06940857 -0.02080082 0.00135572
v -0.06953266 -0.02093253 -0.00469031
v -0.06949000 -0.02088604 -0.00770909
v -0.06942021 -0.02081631 -0.00915912
v -0.06677953 -0.02348927 -0.00915912
v -0.06644605 -0.02382241 -0.00915912
v -0.05262225 0.04431074 0.06177364
v -0.08754431 0.04153707 -0.00915912
v -0.06501520 0.04370642 0.05270883
v -0.06199839 0.04390786 0.05572761
v -0.05750033 0.04418678 0.06022185
v -0.05596478 0.04420227 0.05982331
v -0.05262225 -0.03098128 0.02251259
v -0.05311471 -0.03067912 0.02251259
v -0.05423147 -0.02967192 0.02353015
v -0.05762054 -0.02697573 0.02436117
v -0.05947405 -0.02601501 0.02250411
v -0.06118409 -0.02453520 0.02250411
v -0.06165328 -0.02497682 0.01948533
v -0.06373170 -0.02411683 0.01570338
v -0.06555420 -0.02290044 0.01343930
v -0.06589931 -0.02324909 0.01042052
v -0.06615911 -0.02352026 0.00740175
v -0.06634911 -0.02371395 0.00437450
v -0.07082004 -0.01932101 0.00135572
v -0.07232844 -0.01772499 0.00135572
v -0.07088983 -0.01942173 -0.00166306
v -0.07239824 -0.01779472 -0.00166306
v -0.07089759 -0.01945272 -0.00469031
v -0.07085106 -0.01940623 -0.00770909
v -0.07077738 -0.01933651 -0.00915912
v -0.05262225 0.04438822 0.06479242
v -0.08871923 0.04144410 -0.00915912
v -0.06803201 0.04349723 0.05270883
v -0.06501520 0.04372966 0.05572761
v -0.06199839 0.04393110 0.05875486
v -0.05750033 0.04418678 0.06047624
v -0.05294797 0.04440371 0.06781967
v -0.05262225 0.04441921 0.06781967
v -0.05294797 0.04438047 0.06479242
v -0.05262225 -0.03047768 0.02415765
v -0.05262225 -0.03004381 0.02552289
v -0.05372350 -0.02933102 0.02552289
v -0.05607723 -0.02771950 0.02542961
v -0.05715909 -0.02662708 0.02637086
v -0.05900485 -0.02540295 0.02557376
v -0.06079632 -0.02417106 0.02478515
v -0.06269249 -0.02310963 0.02250411
v -0.06316169 -0.02356674 0.01948533
v -0.06342925 -0.02382241 0.01772155
v -0.06465070 -0.02208693 0.01948533
v -0.06643054 -0.02083956 0.01762828
v -0.06670198 -0.02112622 0.01561011
v -0.06697729 -0.02142063 0.01343930
v -0.06731076 -0.02176928 0.01042052
v -0.07048268 -0.01895687 0.00740175
v -0.07218884 -0.01757003 0.00437450
v -0.07068044 -0.01915831 0.00437450
v -0.07348010 -0.01609022 0.00437450
v -0.07359255 -0.01624518 0.00135572
v -0.07510095 -0.01445546 0.00135572
v -0.07363908 -0.01631491 -0.00166306
v -0.07240599 -0.01780246 -0.00469031
v -0.07235946 -0.01774048 -0.00770909
v -0.07156454 -0.01846876 -0.00915912
v -0.09022764 0.04098698 -0.00915912
v -0.09035172 0.04109545 -0.00770909
v -0.09055336 0.04118842 -0.00542805
v -0.09065806 0.04122716 -0.00341836
v -0.08938619 0.04138986 -0.00452920
v -0.08914190 0.04144410 -0.00166306
v -0.08914190 0.04145959 0.00135572
v -0.08311216 0.04201743 0.02855014
v -0.06803201 0.04343525 0.05572761
v -0.06501520 0.04367543 0.05875486
v -0.08612509 0.04173851 0.01646656
v -0.06199839 0.04386912 0.06177364
v -0.05898159 0.04403957 0.06479242
v -0.05723665 0.04417128 0.06479242
v -0.05869852 0.04411705 0.06159557
v -0.05540640 0.04424876 0.06781967
v -0.05262225 0.04438047 0.07083845
v -0.05262225 -0.02902886 0.02834663
v -0.05507292 -0.02729338 0.02855014
v -0.05658132 -0.02618546 0.02855014
v -0.05786482 -0.02422530 0.03083966
v -0.05844259 -0.02470565 0.02855014
v -0.06038529 -0.02380692 0.02679484
v -0.06346027 -0.02089379 0.02690508
v -0.06379762 -0.02123469 0.02488691
v -0.06418539 -0.02162982 0.02250411
v -0.06615911 -0.02056064 0.01948533
v -0.06757832 -0.01908083 0.01948533
v -0.06938531 -0.01781021 0.01740780
v -0.06804364 -0.01947596 0.01650896
v -0.06966062 -0.01810462 0.01539811
v -0.06989328 -0.01835255 0.01343930
v -0.07021900 -0.01869345 0.01042052
v -0.07199108 -0.01736085 0.00740175
v -0.07330172 -0.01588104 0.00740175
v -0.07498850 -0.01432375 0.00437450
v -0.07620220 -0.01284394 0.00437450
v -0.07629914 -0.01297565 0.00135572
v -0.07514361 -0.01450195 -0.00166306
v -0.07362357 -0.01632265 -0.00469031
v -0.07513197 -0.01446321 -0.00469031
v -0.07355377 -0.01626067 -0.00770909
v -0.07228578 -0.01765526 -0.00915912
v -0.09122807 0.03950717 -0.00915912
v -0.09129787 0.03960790 -0.00770909
v -0.09124358 0.04001852 -0.00452920
v -0.09146073 0.03973960 -0.00166306
v -0.09067357 0.04123491 -0.00166306
v -0.09068133 0.04124266 0.00135572
v -0.08938231 0.04141311 0.00432361
v -0.08886658 0.04145959 0.00740175
v -0.08311216 0.04190896 0.03156892
v -0.07104882 0.04309435 0.05270883
v -0.08612509 0.04171527 0.01948533
v -0.08816086 0.04146734 0.01646656
v -0.08797860 0.04142085 0.01948533
v -0.06803201 0.04297039 0.05875486
v -0.06501520 0.04329579 0.06177364
v -0.05449515 0.04419452 0.07238175
v -0.05691480 0.04413255 0.06781967
v -0.05482088 0.04421777 0.07083845
v -0.05294797 0.04435723 0.07083845
v -0.05262225 0.04426426 0.07310252
v -0.05262225 -0.02772725 0.03142476
v -0.05293634 -0.02755680 0.03139932
v -0.05279675 -0.02885067 0.02850774
v -0.05458822 -0.02695248 0.03028000
v -0.05734522 -0.02379917 0.03284935
v -0.05995100 -0.02342728 0.02855014
v -0.06157573 -0.02193973 0.02855014
v -0.06308413 -0.02053740 0.02855014
v -0.06643054 -0.01787994 0.02676092
v -0.06511602 -0.01956119 0.02581968
v -0.06390232 -0.01838354 0.03156892
v -0.06456152 -0.01905759 0.02855014
v -0.06606992 -0.01750030 0.02855014
v -0.06676402 -0.01822859 0.02474275
v -0.06569379 -0.02008028 0.02250411
v -0.06711688 -0.01860048 0.02250411
v -0.06908285 -0.01746931 0.01948533
v -0.06967225 -0.01517600 0.02443748
v -0.07255334 -0.01502104 0.01495717
v -0.07140168 -0.01669454 0.01343930
v -0.07172740 -0.01706643 0.01042052
v -0.07304580 -0.01557888 0.01042052
v -0.07481013 -0.01411456 0.00740175
v -0.07602771 -0.01262701 0.00740175
v -0.07771061 -0.01085279 0.00437450
v -0.07780755 -0.01099999 0.00135572
v -0.07632241 -0.01302214 -0.00166306
v -0.07628363 -0.01298340 -0.00469031
v -0.07506218 -0.01436249 -0.00770909
v -0.07347622 -0.01617545 -0.00915912
v -0.09181748 0.03677999 -0.00915912
v -0.09195319 0.03677999 -0.00770909
v -0.09213156 0.03677999 -0.00469031
v -0.09222850 0.03677999 -0.00166306
v -0.09147237 0.03973960 0.00135572
v -0.09066969 0.04123491 0.00328909
v -0.08534181 0.04156806 0.02855014
v -0.08495404 0.04143635 0.03156892
v -0.08009536 0.04216463 0.03760647
v -0.07406174 0.04260625 0.04969005
v -0.09054948 0.04118842 0.00529878
v -0.08779248 0.04132788 0.02191901
v -0.07410052 0.04198644 0.05261556
v -0.07128923 0.04231958 0.05594808
v -0.07032369 0.04182373 0.05875486
v -0.06794282 0.04197869 0.06157860
v -0.06500745 0.04220337 0.06474154
v -0.05901649 0.04245905 0.07088085
v -0.05803157 0.04179275 0.07282270
v -0.05294797 0.04371417 0.07448472
v -0.05262225 0.04379939 0.07462040
v -0.06203330 0.04236607 0.06783663
v -0.05262225 -0.02743284 0.03207770
v -0.05392902 -0.02651086 0.03228969
v -0.06047448 -0.02092478 0.03305287
v -0.05917159 -0.02259054 0.03194203
v -0.05518150 -0.02442674 0.03457922
v -0.05668990 -0.02332656 0.03457922
v -0.05785707 -0.02126568 0.03664826
v -0.05850464 -0.02184675 0.03457922
v -0.06098245 -0.02138189 0.03103470
v -0.06199064 -0.02007253 0.03185723
v -0.06354170 -0.01801165 0.03314614
v -0.06743485 -0.01602049 0.02855014
v -0.06934653 -0.01478087 0.02644717
v -0.06805527 -0.01652410 0.02559920
v -0.06562011 -0.01646986 0.03184027
v -0.06692688 -0.01546266 0.03100926
v -0.06862529 -0.01697346 0.02250411
v -0.07248742 -0.01196845 0.02380151
v -0.07279376 -0.01235584 0.02178333
v -0.07314274 -0.01276647 0.01948533
v -0.07337928 -0.01363421 0.01616129
v -0.07226251 -0.01468015 0.01696686
v -0.07539565 -0.01182900 0.01417704
v -0.07562056 -0.01212341 0.01215887
v -0.07272008 -0.01521474 0.01343930
v -0.07455420 -0.01380466 0.01042052
v -0.07578341 -0.01232485 0.01042052
v -0.07711733 -0.01058162 0.01042052
v -0.07855206 -0.00904758 0.00862283
v -0.07772612 -0.01035694 0.00752894
v -0.07866838 -0.00921803 0.00661314
v -0.07877696 -0.00937298 0.00437450
v -0.07887777 -0.00952019 0.00135572
v -0.07890492 -0.00955118 -0.00166306
v -0.07783082 -0.01103098 -0.00166306
v -0.07779203 -0.01096900 -0.00469031
v -0.07619057 -0.01288268 -0.00770909
v -0.07552361 -0.01355673 -0.00915912
v -0.07498462 -0.01426177 -0.00915912
v -0.07426338 -0.01518375 -0.00915912
v -0.09180584 0.03536216 -0.00915912
v -0.09179032 0.03382037 -0.00915912
v -0.09192217 0.03382037 -0.00770909
v -0.09209666 0.03382037 -0.00469031
v -0.09218585 0.03382037 -0.00166306
v -0.09223238 0.03677999 0.00135572
v -0.09212381 0.03677999 0.00437450
v -0.09126297 0.03960790 0.00740175
v -0.09125134 0.04001852 0.00432361
v -0.08470588 0.04129689 0.03333270
v -0.08225520 0.04158355 0.03760647
v -0.08759472 0.04119617 0.02392870
v -0.07632629 0.04172301 0.04969005
v -0.08186744 0.04141311 0.03976880
v -0.07942064 0.04167653 0.04364402
v -0.07724916 0.04193220 0.04674759
v -0.09108072 0.03935997 0.01042052
v -0.09037499 0.04108771 0.00740175
v -0.07579117 0.04142860 0.05154711
v -0.07312335 0.04169977 0.05508315
v -0.06968388 0.04138986 0.06044233
v -0.06687647 0.04158355 0.06369853
v -0.06399538 0.04169977 0.06683602
v -0.06104837 0.04178500 0.06990568
v -0.05836892 0.03973960 0.07311949
v -0.05478210 0.04160680 0.07560404
v -0.05987732 0.03973960 0.07177122
v -0.05294797 0.04222662 0.07627394
v -0.05262225 0.04234283 0.07638418
v -0.05262225 -0.02630942 0.03430786
v -0.05293634 -0.02593753 0.03461313
v -0.06001304 -0.02050641 0.03457922
v -0.06095143 -0.01840678 0.03684330
v -0.06197513 -0.01884065 0.03431634
v -0.05454944 -0.02396188 0.03620732
v -0.05583294 -0.02231936 0.03743688
v -0.05711644 -0.02066911 0.03866643
v -0.06032713 -0.01783346 0.03886147
v -0.06649646 -0.01499005 0.03301895
v -0.06296393 -0.01745382 0.03514735
v -0.06340598 -0.01492032 0.03894626
v -0.06396048 -0.01547816 0.03692809
v -0.06893938 -0.01430826 0.02855014
v -0.06976919 -0.01233260 0.03064463
v -0.07015308 -0.01282845 0.02855014
v -0.06814834 -0.01366520 0.03183179
v -0.07219660 -0.01157332 0.02552289
v -0.07328622 -0.01009351 0.02552289
v -0.07555463 -0.00907857 0.02094384
v -0.07586097 -0.00948920 0.01893415
v -0.07482564 -0.01051964 0.01975668
v -0.07509320 -0.01144161 0.01646656
v -0.07620996 -0.00996180 0.01646656
v -0.07641935 -0.01073657 0.01327819
v -0.07841246 -0.00883064 0.01042052
v -0.07942452 -0.00788542 0.00752894
v -0.07935473 -0.00735083 0.01042052
v -0.07990147 -0.00761426 0.00437450
v -0.08009536 -0.00761426 0.00135572
v -0.08014577 -0.00761426 -0.00166306
v -0.08008372 -0.00761426 -0.00469031
v -0.07886227 -0.00948920 -0.00469031
v -0.07769897 -0.01081405 -0.00770909
v -0.07690018 -0.01170503 -0.00915912
v -0.07611302 -0.01278196 -0.00915912
v -0.09169339 0.03086076 -0.00915912
v -0.09182523 0.03086076 -0.00770909
v -0.09197646 0.03086076 -0.00469031
v -0.09206564 0.03086076 -0.00166306
v -0.09218973 0.03382037 0.00135572
v -0.09207339 0.03382037 0.00437450
v -0.09185238 0.03382037 0.00740175
v -0.09188727 0.03677999 0.00740175
v -0.08776921 0.03869367 0.02745626
v -0.08499670 0.03962339 0.03443506
v -0.08470975 0.03856196 0.03630060
v -0.08421729 0.04053762 0.03534239
v -0.08139049 0.04087077 0.04178697
v -0.09011906 0.04083978 0.01042052
v -0.09086745 0.03887961 0.01343930
v -0.09072010 0.03846899 0.01529636
v -0.08837412 0.04002627 0.02275850
v -0.08804065 0.03930574 0.02552289
v -0.07890492 0.04146734 0.04579787
v -0.07836980 0.04059185 0.04780756
v -0.07766020 0.03966213 0.04946958
v -0.07608588 0.03973960 0.05198805
v -0.07244864 0.04077780 0.05710132
v -0.06990103 0.03973960 0.06071367
v -0.06869508 0.03973960 0.06223154
v -0.06718668 0.03973960 0.06406316
v -0.06586829 0.03973960 0.06557255
v -0.06435988 0.03973960 0.06722609
v -0.06294066 0.03973960 0.06873548
v -0.06143226 0.03973960 0.07026183
v -0.05839607 0.03677999 0.07313645
v -0.05651928 0.03973960 0.07463736
v -0.05990447 0.03677999 0.07181362
v -0.05501088 0.03973960 0.07577363
v -0.05294797 0.03973960 0.07724063
v -0.05262225 0.03973960 0.07746958
v -0.06302985 0.03677999 0.06884571
v -0.06152145 0.03677999 0.07030422
v -0.05262225 -0.02604600 0.03477425
v -0.05277348 -0.02445773 0.03736904
v -0.05366146 -0.02338080 0.03821701
v -0.05510782 -0.02140514 0.03988751
v -0.05424699 -0.02079307 0.04190568
v -0.05605397 -0.02014227 0.04078636
v -0.05756237 -0.01805039 0.04224487
v -0.05817116 -0.01856948 0.04062525
v -0.05967956 -0.01726012 0.04062525
v -0.06067611 -0.01519924 0.04238054
v -0.06130817 -0.01578032 0.04062525
v -0.06608931 -0.01454844 0.03457922
v -0.06739995 -0.01306863 0.03457922
v -0.06936979 -0.01183675 0.03266280
v -0.06281658 -0.01432375 0.04062525
v -0.06365802 -0.01221638 0.04235511
v -0.06422028 -0.01284394 0.04062525
v -0.06631809 -0.01181350 0.03874275
v -0.06513928 -0.01368069 0.03783542
v -0.07251456 -0.00903983 0.02994929
v -0.07181659 -0.01054288 0.02877909
v -0.07287131 -0.00952793 0.02793112
v -0.07529871 -0.00871443 0.02250411
v -0.07670629 -0.00790092 0.01975668
v -0.07631078 -0.00723462 0.02250411
v -0.07785408 -0.00752128 0.01663615
v -0.07810225 -0.00837353 0.01343930
v -0.07906003 -0.00689372 0.01343930
v -0.08108415 -0.00519698 0.00740175
v -0.08100660 -0.00452293 0.01068340
v -0.08121987 -0.00546040 0.00437450
v -0.08131294 -0.00563085 0.00135572
v -0.08133620 -0.00567733 -0.00166306
v -0.08131681 -0.00562310 -0.00469031
v -0.07985882 -0.00761426 -0.00770909
v -0.07874982 -0.00933424 -0.00770909
v -0.07838919 -0.00962865 -0.00915912
v -0.09151502 0.02790114 -0.00915912
v -0.09165849 0.02790114 -0.00770909
v -0.09182135 0.02790114 -0.00469031
v -0.09191053 0.02790114 -0.00166306
v -0.09206952 0.03086076 0.00135572
v -0.09194543 0.03086076 0.00437450
v -0.09173217 0.03086076 0.00740175
v -0.09141807 0.03086076 0.01042052
v -0.09153052 0.03382037 0.01042052
v -0.09153441 0.03677999 0.01042052
v -0.08782738 0.03677999 0.02765129
v -0.08735042 0.03677999 0.02916068
v -0.08652449 0.03677999 0.03156892
v -0.08923496 0.03677999 0.02250411
v -0.08843616 0.03677999 0.02552289
v -0.08543099 0.03677999 0.03457922
v -0.08474853 0.03677999 0.03640235
v -0.08409321 0.03677999 0.03791174
v -0.08285624 0.03677999 0.04062525
v -0.08179376 0.03889511 0.04250774
v -0.08227072 0.03982483 0.04071852
v -0.09110399 0.03677999 0.01343930
v -0.09075888 0.03677999 0.01547443
v -0.08993682 0.03677999 0.01948533
v -0.07866838 0.03861619 0.04831634
v -0.07265804 0.03880213 0.05738115
v -0.07508932 0.03973960 0.05349744
v -0.07343744 0.03977060 0.05594808
v -0.07157617 0.03977060 0.05853439
v -0.07007940 0.03677999 0.06093415
v -0.06885794 0.03677999 0.06244354
v -0.06734954 0.03677999 0.06422427
v -0.06599624 0.03677999 0.06573366
v -0.06448784 0.03677999 0.06732785
v -0.05980365 0.03382037 0.07174578
v -0.05829524 0.03382037 0.07302621
v -0.05651541 0.03677999 0.07464584
v -0.06145940 0.03382037 0.07022790
v -0.05500700 0.03677999 0.07576516
v -0.05262225 0.03739206 0.07742718
v -0.06597298 0.03382037 0.06571670
v -0.06446458 0.03382037 0.06728545
v -0.06296780 0.03382037 0.06879483
v -0.05262225 -0.02454295 0.03738600
v -0.05262225 -0.02283071 0.04030302
v -0.05295185 -0.02242009 0.04062525
v -0.05262225 -0.02198621 0.04166825
v -0.05262225 -0.02092478 0.04329636
v -0.05312634 -0.02022749 0.04380514
v -0.05461536 -0.01809687 0.04530605
v -0.05575927 -0.01860048 0.04340659
v -0.05662398 -0.01733760 0.04425456
v -0.05787258 -0.01536194 0.04556892
v -0.05872178 -0.01626842 0.04332179
v -0.05988120 -0.01447096 0.04439872
v -0.06180839 -0.01333980 0.04337267
v -0.06685320 -0.01244106 0.03672458
v -0.06890836 -0.01123243 0.03457922
v -0.06962184 -0.00920253 0.03624972
v -0.07000573 -0.00975262 0.03457922
v -0.06294066 -0.01143387 0.04436480
v -0.06437539 -0.01049639 0.04347443
v -0.06650809 -0.00907857 0.04210920
v -0.06587604 -0.01072883 0.04091356
v -0.06709362 -0.00983784 0.04009103
v -0.06798160 -0.01051189 0.03749623
v -0.07217721 -0.00852073 0.03156892
v -0.07273171 -0.00641336 0.03350229
v -0.07312723 -0.00704093 0.03156892
v -0.07578729 -0.00351573 0.03058527
v -0.07524054 -0.00562310 0.02855014
v -0.07554301 -0.00609571 0.02696443
v -0.07590362 -0.00663030 0.02495474
v -0.07828062 -0.00564634 0.01948533
v -0.07852879 -0.00604147 0.01776395
v -0.07793163 -0.00461590 0.02268218
v -0.07880022 -0.00646760 0.01574578
v -0.08040169 -0.00465464 0.01343930
v -0.08173947 -0.00343825 0.00985239
v -0.08189071 -0.00371717 0.00740175
v -0.08204194 -0.00398059 0.00437450
v -0.08159213 -0.00315934 0.01187056
v -0.08213887 -0.00415104 0.00135572
v -0.08216602 -0.00418978 -0.00166306
v -0.08212337 -0.00414329 -0.00469031
v -0.08201479 -0.00394960 -0.00770909
v -0.08120436 -0.00542941 -0.00770909
v -0.07961840 -0.00773047 -0.00915912
v -0.07897472 -0.00876091 -0.00915912
v -0.07867226 -0.00922577 -0.00915912
v -0.09119317 0.02494152 -0.00915912
v -0.09134440 0.02494152 -0.00770909
v -0.09154991 0.02494152 -0.00469031
v -0.09163910 0.02494152 -0.00166306
v -0.09191053 0.02790114 0.00135572
v -0.09179808 0.02790114 0.00437450
v -0.09157318 0.02790114 0.00740175
v -0.09123195 0.02790114 0.01042052
v -0.09091786 0.03058184 0.01373609
v -0.09110011 0.03382037 0.01343930
v -0.08780023 0.03382037 0.02756650
v -0.08733104 0.03382037 0.02907588
v -0.08838964 0.03382037 0.02552289
v -0.08649347 0.03382037 0.03156892
v -0.08541161 0.03382037 0.03457922
v -0.08919231 0.03382037 0.02250411
v -0.08474077 0.03382037 0.03637691
v -0.08407770 0.03382037 0.03788630
v -0.08280971 0.03382037 0.04062525
v -0.08187519 0.03677999 0.04266885
v -0.08108415 0.03677999 0.04417825
v -0.09075112 0.03382037 0.01544051
v -0.09043703 0.03382037 0.01694990
v -0.08989416 0.03382037 0.01948533
v -0.07971147 0.03677999 0.04666280
v -0.07871880 0.03677999 0.04840114
v -0.07779979 0.03677999 0.04991052
v -0.07629139 0.03677999 0.05229332
v -0.07529096 0.03677999 0.05381119
v -0.07395705 0.03677999 0.05572761
v -0.07273171 0.03677999 0.05748291
v -0.07158781 0.03677999 0.05899229
v -0.07160332 0.03382037 0.05900925
v -0.07009491 0.03382037 0.06094263
v -0.06884632 0.03382037 0.06245202
v -0.06733791 0.03382037 0.06420731
v -0.06131981 0.03086076 0.07008375
v -0.05960976 0.03086076 0.07160162
v -0.05810136 0.03086076 0.07285661
v -0.05634479 0.03382037 0.07454408
v -0.06282821 0.03086076 0.06867612
v -0.05483639 0.03382037 0.07563796
v -0.05294797 0.03677999 0.07718975
v -0.05262225 0.03677999 0.07741022
v -0.06588379 0.03086076 0.06562343
v -0.06726035 0.03086076 0.06411403
v -0.06437539 0.03086076 0.06716673
v -0.05262225 -0.02036695 0.04409345
v -0.05268042 -0.01856174 0.04645081
v -0.05350636 -0.01726787 0.04731574
v -0.05572049 -0.01631491 0.04644233
v -0.06092816 -0.01249530 0.04565371
v -0.05682950 -0.01447871 0.04758709
v -0.05892342 -0.01348700 0.04662040
v -0.06910612 -0.00847425 0.03826789
v -0.07019186 -0.00754453 0.03739448
v -0.07230905 -0.00573157 0.03551198
v -0.07157617 -0.00749029 0.03453682
v -0.06381701 -0.00945820 0.04555196
v -0.06923795 -0.00566184 0.04159193
v -0.06816385 -0.00779245 0.04084572
v -0.06598849 -0.00837353 0.04364402
v -0.06655463 -0.00618093 0.04519581
v -0.06707035 -0.00689372 0.04364402
v -0.07838531 0.00017992 0.02949987
v -0.07774163 -0.00156331 0.02851622
v -0.07617118 -0.00414329 0.02855014
v -0.07536851 -0.00282619 0.03259496
v -0.07639609 -0.00178025 0.03157740
v -0.07668303 -0.00493356 0.02578576
v -0.07884288 -0.00360095 0.02178333
v -0.07918411 -0.00416653 0.01948533
v -0.07951371 -0.00489482 0.01663615
v -0.07851716 -0.00305862 0.02380151
v -0.08143702 -0.00286492 0.01343930
v -0.08292604 -0.00169502 0.00740175
v -0.08236378 -0.00198169 0.01068340
v -0.08321298 -0.00169502 0.00437450
v -0.08340298 -0.00169502 0.00135572
v -0.08220867 -0.00138512 0.01343930
v -0.08351156 0.00126459 0.01343930
v -0.08346503 -0.00169502 -0.00166306
v -0.08339911 -0.00169502 -0.00469031
v -0.08317032 -0.00169502 -0.00770909
v -0.08193724 -0.00379465 -0.00915912
v -0.08151457 -0.00456941 -0.00915912
v -0.08111130 -0.00527445 -0.00915912
v -0.08031250 -0.00659931 -0.00915912
v -0.09105745 0.02394982 -0.00915912
v -0.09087520 0.02185020 -0.00769213
v -0.09110786 0.02198191 -0.00469031
v -0.09120868 0.02198191 -0.00166306
v -0.09163910 0.02494152 0.00135572
v -0.09153052 0.02494152 0.00437450
v -0.09130562 0.02494152 0.00740175
v -0.09091010 0.02477882 0.01060708
v -0.09073949 0.02566206 0.01244718
v -0.09084030 0.02790114 0.01306619
v -0.09065030 0.02941194 0.01494021
v -0.09071622 0.03138760 0.01524548
v -0.08774982 0.03086076 0.02742234
v -0.08728838 0.03086076 0.02893173
v -0.08641980 0.03086076 0.03156892
v -0.08829657 0.03086076 0.02552289
v -0.08534568 0.03086076 0.03457922
v -0.08470975 0.03086076 0.03630060
v -0.08909149 0.03086076 0.02250411
v -0.08403504 0.03086076 0.03780998
v -0.08271276 0.03086076 0.04062525
v -0.08184030 0.03382037 0.04260102
v -0.08106089 0.03382037 0.04411889
v -0.07966882 0.03382037 0.04666280
v -0.08979335 0.03086076 0.01948533
v -0.07870328 0.03382037 0.04837570
v -0.07779979 0.03382037 0.04988509
v -0.07629139 0.03382037 0.05233572
v -0.07532198 0.03382037 0.05384511
v -0.07400358 0.03382037 0.05572761
v -0.07274334 0.03382037 0.05749987
v -0.07270069 0.03086076 0.05744051
v -0.07155291 0.03086076 0.05894989
v -0.07004451 0.03086076 0.06087479
v -0.06876876 0.03086076 0.06238418
v -0.06260331 0.02790114 0.06848109
v -0.06109490 0.02790114 0.06987176
v -0.05931894 0.02790114 0.07138114
v -0.05781054 0.02790114 0.07261070
v -0.05611601 0.03086076 0.07436600
v -0.05460760 0.03086076 0.07547685
v -0.06419702 0.02790114 0.06697170
v -0.05294797 0.03382037 0.07692687
v -0.05262225 0.03440145 0.07719823
v -0.06570542 0.02790114 0.06546231
v -0.06713240 0.02790114 0.06395292
v -0.06864080 0.02790114 0.06224851
v -0.05262225 -0.01856174 0.04650168
v -0.05481700 -0.01529996 0.04848594
v -0.05262225 -0.01620644 0.04929999
v -0.05997427 -0.01155783 0.04767189
v -0.06194799 -0.01051189 0.04661192
v -0.05584069 -0.01343277 0.04957134
v -0.05796565 -0.01250305 0.04863857
v -0.06978858 -0.00650634 0.03958224
v -0.07185924 -0.00470887 0.03771671
v -0.07289845 -0.00375591 0.03678394
v -0.06296780 -0.00845101 0.04756165
v -0.06375497 -0.00647535 0.04846898
v -0.06479030 -0.00731210 0.04638297
v -0.06858263 -0.00467013 0.04365250
v -0.06922632 -0.00269447 0.04467007
v -0.06985450 -0.00368618 0.04265190
v -0.07038574 -0.00467013 0.04059981
v -0.06985450 -0.00072656 0.04563676
v -0.06591093 -0.00465464 0.04739205
v -0.06646544 -0.00308961 0.04810435
v -0.06714790 -0.00112169 0.04896928
v -0.06818712 -0.00191196 0.04686631
v -0.06915653 0.00038910 0.04764645
v -0.07592689 -0.00085052 0.03384996
v -0.07799367 0.00120261 0.03167915
v -0.07888165 0.00215558 0.03074639
v -0.07925779 0.00120261 0.02851622
v -0.07874594 -0.00049413 0.02749018
v -0.07821858 -0.00255502 0.02552289
v -0.07498850 -0.00178025 0.03474033
v -0.08075456 -0.00147034 0.01933270
v -0.07952147 -0.00191971 0.02268218
v -0.08109191 -0.00222961 0.01646656
v -0.07907941 -0.00107521 0.02552289
v -0.08188295 -0.00074980 0.01646656
v -0.08414361 0.00076874 0.00740175
v -0.08406219 0.00143504 0.01052228
v -0.08427933 0.00048208 0.00437450
v -0.08437627 0.00030388 0.00135572
v -0.08441117 0.00022640 -0.00166306
v -0.08288338 0.00126459 0.01646656
v -0.08420178 0.00425520 0.01671247
v -0.08441505 0.00324025 0.01343930
v -0.08457016 0.00286062 0.01159920
v -0.08438791 0.00028838 -0.00469031
v -0.08426770 0.00054406 -0.00770909
v -0.08300747 -0.00169502 -0.00915912
v -0.08253827 -0.00261700 -0.00915912
v -0.09081316 0.02234605 -0.00915912
v -0.09069296 0.02030066 -0.00667457
v -0.09060765 0.02077327 -0.00869274
v -0.09075112 0.02002949 -0.00469031
v -0.09080541 0.01978156 -0.00166306
v -0.09080929 0.01977382 0.00135572
v -0.09120868 0.02198191 0.00135572
v -0.09110399 0.02198191 0.00437450
v -0.09087133 0.02187344 0.00738479
v -0.09076664 0.02278767 0.00973367
v -0.09062316 0.02368640 0.01174336
v -0.09046417 0.02477882 0.01344778
v -0.09058826 0.02790114 0.01457558
v -0.09021988 0.02790114 0.01646656
v -0.08958783 0.02790114 0.01948533
v -0.09044091 0.03058184 0.01633936
v -0.08769554 0.02869140 0.02723579
v -0.08626469 0.02790114 0.03156892
v -0.08728063 0.02778492 0.02836359
v -0.08802902 0.02778492 0.02577728
v -0.08465934 0.02892383 0.03619036
v -0.08889761 0.02790114 0.02250411
v -0.08404668 0.02792439 0.03736056
v -0.08232500 0.02765322 0.04091356
v -0.08170070 0.02848222 0.04232119
v -0.08178601 0.03086076 0.04249078
v -0.08099109 0.03086076 0.04400017
v -0.07954085 0.03086076 0.04666280
v -0.07864512 0.03086076 0.04828242
v -0.07775714 0.03086076 0.04979181
v -0.07624873 0.03086076 0.05226789
v -0.07527157 0.03086076 0.05377727
v -0.07391439 0.03086076 0.05572761
v -0.07263089 0.02866816 0.05734723
v -0.06992818 0.02790114 0.06073911
v -0.06226983 0.02494152 0.06820126
v -0.06391007 0.02494152 0.06668339
v -0.06076142 0.02494152 0.06956649
v -0.05758564 0.02607269 0.07243264
v -0.05567008 0.02817231 0.07426425
v -0.05446801 0.02934221 0.07537509
v -0.05262225 0.03137211 0.07683360
v -0.06541848 0.02494152 0.06521640
v -0.05262225 0.03382037 0.07713887
v -0.06690749 0.02494152 0.06370701
v -0.06841590 0.02494152 0.06198563
v -0.06971490 0.02494152 0.06047624
v -0.05262225 -0.01607473 0.04944414
v -0.05360717 -0.01435474 0.05050411
v -0.05484802 -0.01237908 0.05152167
v -0.05793075 -0.00955118 0.05163191
v -0.06095918 -0.00958992 0.04864705
v -0.05686052 -0.01151909 0.05065674
v -0.07239824 -0.00289591 0.03879363
v -0.07546157 -0.00000603 0.03585965
v -0.07354214 -0.00182673 0.03771671
v -0.06189758 -0.00748254 0.04956286
v -0.06283597 -0.00530544 0.05048714
v -0.06362700 -0.00333753 0.05133512
v -0.06635299 0.00003271 0.05098745
v -0.07244477 -0.00001377 0.04192264
v -0.07197945 -0.00182673 0.04080332
v -0.07045553 -0.00170277 0.04365250
v -0.07242538 0.00299233 0.04492446
v -0.07199884 0.00108640 0.04380514
v -0.06976919 0.00236477 0.04848594
v -0.07038962 0.00133432 0.04665432
v -0.06807854 0.00119486 0.04974093
v -0.07654344 0.00109414 0.03474033
v -0.07844736 0.00302332 0.03275608
v -0.08135947 0.00627735 0.02938963
v -0.08082435 0.00436367 0.02844839
v -0.07942840 0.00409250 0.03167915
v -0.08172785 0.00543285 0.02737994
v -0.08134008 0.00329449 0.02552289
v -0.08032414 0.00126459 0.02552289
v -0.08140600 0.00017217 0.02024003
v -0.08166580 -0.00033918 0.01822186
v -0.08117334 0.00120261 0.02279242
v -0.08471751 0.00252747 0.00958951
v -0.08485322 0.00224855 0.00740175
v -0.08498894 0.00196189 0.00437450
v -0.08506262 0.00178369 0.00135572
v -0.08510140 0.00170621 -0.00166306
v -0.08215826 0.00120261 0.01933270
v -0.08354646 0.00422421 0.01948533
v -0.08460118 0.00574276 0.01788267
v -0.08479894 0.00525465 0.01586450
v -0.08502384 0.00472006 0.01343930
v -0.08520221 0.00399953 0.01052228
v -0.08505874 0.00176819 -0.00469031
v -0.08493466 0.00202387 -0.00770909
v -0.08450424 0.00144279 -0.00915912
v -0.08417851 0.00073775 -0.00915912
v -0.08357748 -0.00052512 -0.00915912
v -0.09063867 0.02125363 -0.00915912
v -0.09037499 0.01920049 -0.00769213
v -0.09043703 0.01854968 -0.00469031
v -0.09058050 0.02091273 -0.00915912
v -0.09047581 0.02037039 -0.00915912
v -0.09048357 0.01830176 -0.00166306
v -0.09048744 0.01829401 0.00135572
v -0.09075888 0.01999850 0.00437450
v -0.09070071 0.02027742 0.00636722
v -0.09059602 0.02081201 0.00838540
v -0.09048744 0.02187344 0.01060708
v -0.09008417 0.02198191 0.01343930
v -0.08953742 0.02198191 0.01646656
v -0.08992130 0.02494152 0.01646656
v -0.08928925 0.02494152 0.01948533
v -0.08761023 0.02671575 0.02694748
v -0.08596223 0.02494152 0.03156892
v -0.08503548 0.02494152 0.03413827
v -0.08509364 0.02792439 0.03480817
v -0.08693552 0.02494152 0.02855014
v -0.08793595 0.02494152 0.02509042
v -0.08457016 0.02694818 0.03596141
v -0.08859903 0.02494152 0.02250411
v -0.08359299 0.02494152 0.03760647
v -0.08226684 0.02494152 0.04039629
v -0.08159213 0.02650656 0.04211767
v -0.08101823 0.02765322 0.04345747
v -0.07922288 0.02809483 0.04688327
v -0.07860246 0.02921050 0.04820611
v -0.07614404 0.02790114 0.05207285
v -0.07779203 0.02809483 0.04940174
v -0.07514361 0.02790114 0.05359072
v -0.07346458 0.02776943 0.05600744
v -0.07252232 0.02670025 0.05719460
v -0.07164209 0.02776943 0.05850895
v -0.07106820 0.02494152 0.05875486
v -0.06054040 0.02333001 0.06937145
v -0.06366191 0.02296587 0.06644596
v -0.05725216 0.02410477 0.07217824
v -0.05613540 0.02502675 0.07322972
v -0.05417718 0.02736655 0.07518854
v -0.05308369 0.02817231 0.07602803
v -0.05262225 0.02869140 0.07640114
v -0.05262225 0.03086076 0.07676576
v -0.06669034 0.02280316 0.06346110
v -0.06957143 0.02333001 0.06029817
v -0.05262225 -0.01320808 0.05246292
v -0.05359554 -0.01134089 0.05353984
v -0.05580967 -0.01044216 0.05258163
v -0.05677521 -0.00844326 0.05364160
v -0.05778727 -0.00646760 0.05450653
v -0.05886526 -0.00748254 0.05259011
v -0.05993937 -0.00849749 0.05065674
v -0.06082347 -0.00652183 0.05153863
v -0.07295661 -0.00092800 0.03991295
v -0.07807123 0.00409250 0.03474033
v -0.07549647 0.00586672 0.04198200
v -0.06068775 -0.00340726 0.05442173
v -0.06288638 -0.00169502 0.05354832
v -0.06348741 -0.00019197 0.05420126
v -0.06422416 -0.00169502 0.05203893
v -0.06525949 0.00090820 0.05299714
v -0.06617461 0.00329449 0.05381119
v -0.06700055 0.00200837 0.05179302
v -0.07297213 0.00195414 0.04290629
v -0.07187475 0.00407700 0.04674759
v -0.07232844 0.00616113 0.04780756
v -0.07292559 0.00496024 0.04579787
v -0.06900917 0.00360440 0.05050411
v -0.06961409 0.00557231 0.05130120
v -0.07018798 0.00444115 0.04957134
v -0.07893594 0.00498348 0.03384148
v -0.08092517 0.00723031 0.03152652
v -0.08177050 0.00825301 0.03049200
v -0.08210010 0.00723031 0.02844839
v -0.08305787 0.00717608 0.02552289
v -0.08203030 0.00477430 0.02552289
v -0.08159600 0.00275990 0.02398806
v -0.08190621 0.00214008 0.02197837
v -0.08569467 0.00422421 0.00740175
v -0.08596223 0.00422421 0.00437450
v -0.08612121 0.00422421 0.00135572
v -0.08619489 0.00422421 -0.00166306
v -0.08441117 0.00623861 0.01948533
v -0.08250337 0.00393755 0.02279242
v -0.08527977 0.00690491 0.01671247
v -0.08497343 0.00772616 0.01948533
v -0.08600488 0.00717608 0.01343930
v -0.08648184 0.00717608 0.01042052
v -0.08610183 0.00422421 -0.00469031
v -0.08585366 0.00422421 -0.00770909
v -0.08533405 0.00336422 -0.00915912
v -0.08485322 0.00221756 -0.00915912
v -0.08965763 0.01605493 -0.00770909
v -0.09020825 0.01911526 -0.00915912
v -0.08984763 0.01605493 -0.00469031
v -0.08993682 0.01605493 -0.00166306
v -0.08994845 0.01605493 0.00135572
v -0.08985151 0.01605493 0.00437450
v -0.09043315 0.01851869 0.00437450
v -0.08963048 0.01605493 0.00740175
v -0.09036336 0.01918499 0.00738479
v -0.08997947 0.01902229 0.01042052
v -0.08954517 0.01902229 0.01343930
v -0.08900230 0.01902229 0.01646656
v -0.08890148 0.02198191 0.01948533
v -0.08751329 0.02494152 0.02659981
v -0.08550855 0.02198191 0.03156892
v -0.08480282 0.02198191 0.03353621
v -0.08650123 0.02198191 0.02855014
v -0.08443832 0.02494152 0.03564766
v -0.08777697 0.02260947 0.02453924
v -0.08809493 0.02176497 0.02275002
v -0.08418240 0.02198191 0.03503712
v -0.08306951 0.02198191 0.03760647
v -0.08199928 0.02198191 0.03989599
v -0.08123926 0.02198191 0.04140538
v -0.08007984 0.02198191 0.04364402
v -0.08148355 0.02494152 0.04190568
v -0.08058006 0.02494152 0.04364402
v -0.07919186 0.02494152 0.04625577
v -0.07850940 0.02723484 0.04803651
v -0.07497299 0.02494152 0.05330241
v -0.07722978 0.02494152 0.04969005
v -0.07595016 0.02494152 0.05178454
v -0.07346458 0.02494152 0.05552409
v -0.07240211 0.02494152 0.05703348
v -0.05907853 0.02219884 0.07017703
v -0.06334394 0.02099020 0.06615765
v -0.06014876 0.02135434 0.06904923
v -0.06643054 0.02082750 0.06318975
v -0.05682950 0.02198191 0.07186449
v -0.05532109 0.02198191 0.07295838
v -0.05373514 0.02494152 0.07489175
v -0.05262225 0.02494152 0.07560404
v -0.05262225 0.02644458 0.07593475
v -0.05262225 0.02812583 0.07629090
v -0.06801262 0.02208263 0.06173972
v -0.07040512 0.02219884 0.05890750
v -0.06933490 0.02136209 0.06000986
v -0.05262225 -0.01032595 0.05523578
v -0.05476271 -0.00936523 0.05446413
v -0.05568947 -0.00735858 0.05549865
v -0.05661235 -0.00530544 0.05652470
v -0.05979977 -0.00538292 0.05355680
v -0.05762441 -0.00333753 0.05737267
v -0.05871015 -0.00436023 0.05547322
v -0.07847062 0.00595969 0.03584269
v -0.07503116 0.00698239 0.04372882
v -0.07537627 0.00912850 0.04478878
v -0.07590362 0.00784238 0.04277909
v -0.07842021 0.00907426 0.03876819
v -0.07890104 0.00792760 0.03675850
v -0.06137797 -0.00169502 0.05511707
v -0.05983855 -0.00169502 0.05662645
v -0.06047448 -0.00019972 0.05722851
v -0.06121898 0.00177594 0.05797473
v -0.06322761 0.00313179 0.05694869
v -0.06416212 0.00178369 0.05493900
v -0.06504235 0.00420097 0.05574456
v -0.06679504 0.00525465 0.05453197
v -0.06790405 0.00443340 0.05255620
v -0.07161107 0.00716058 0.04962221
v -0.07279763 0.00813679 0.04856225
v -0.07341030 0.00716058 0.04674759
v -0.06885019 0.00717608 0.05336177
v -0.06935428 0.00904327 0.05398927
v -0.07003675 0.00717608 0.05185238
v -0.07945167 0.00703662 0.03474033
v -0.08137498 0.00925246 0.03250169
v -0.08211949 0.01019768 0.03152652
v -0.08320911 0.01013569 0.02855014
v -0.08416688 0.01012795 0.02560768
v -0.08444995 0.00912850 0.02341144
v -0.08402729 0.00729229 0.02244475
v -0.08685021 0.00717608 0.00740175
v -0.08718757 0.00696689 0.00135572
v -0.08761411 0.00872562 0.00548533
v -0.08719532 0.00741626 0.00443385
v -0.08721859 0.00692815 -0.00166306
v -0.08473302 0.00835373 0.02140175
v -0.08648184 0.01013569 0.01646656
v -0.08582264 0.01013569 0.01948533
v -0.08714103 0.01033713 0.01332059
v -0.08733492 0.00957786 0.01042052
v -0.08751716 0.00901228 0.00740175
v -0.08716818 0.00706761 -0.00469031
v -0.08711001 0.00747049 -0.00740382
v -0.08686572 0.00731554 -0.00915912
v -0.08569080 0.00422421 -0.00915912
v -0.08950252 0.01605493 -0.00915912
v -0.08886271 0.01309531 -0.00770909
v -0.08906434 0.01309531 -0.00469031
v -0.08914578 0.01309531 -0.00166306
v -0.08915353 0.01309531 0.00135572
v -0.08905659 0.01309531 0.00437450
v -0.08881618 0.01309531 0.00740175
v -0.08928537 0.01605493 0.01042052
v -0.08882393 0.01605493 0.01343930
v -0.08816086 0.01583024 0.01667007
v -0.08782738 0.01686069 0.01948533
v -0.08834698 0.01902229 0.01948533
v -0.08761023 0.02063381 0.02392870
v -0.08591570 0.01902229 0.02855014
v -0.08496180 0.01924697 0.03151804
v -0.08464771 0.02038588 0.03314614
v -0.08735431 0.02176497 0.02553985
v -0.08386443 0.01924697 0.03432482
v -0.08227847 0.01896806 0.03776758
v -0.08175887 0.01991328 0.03943809
v -0.07872267 0.01998301 0.04540780
v -0.07893594 0.02198191 0.04579787
v -0.07835817 0.02494152 0.04777364
v -0.07318927 0.02198191 0.05511707
v -0.07574464 0.02258623 0.05147927
v -0.07485666 0.02174948 0.05257316
v -0.07649303 0.02174948 0.04996989
v -0.07210741 0.02198191 0.05662645
v -0.06457315 0.01902229 0.06430059
v -0.06296005 0.01902229 0.06580998
v -0.06145164 0.01902229 0.06713282
v -0.05962140 0.01902229 0.06864220
v -0.05811300 0.01902229 0.06982936
v -0.06897040 0.01902229 0.05959435
v -0.06746199 0.01902229 0.06131573
v -0.06608155 0.01902229 0.06282513
v -0.05482475 0.01982030 0.07260223
v -0.05284328 0.02189668 0.07457800
v -0.05262225 0.02209037 0.07477303
v -0.07019961 0.01902229 0.05808496
v -0.05262225 -0.01002379 0.05551562
v -0.05347146 -0.00824182 0.05648230
v -0.05460373 -0.00626616 0.05735571
v -0.05575151 -0.00445320 0.05794929
v -0.05436332 -0.00308961 0.06019642
v -0.05619356 -0.00194295 0.05963675
v -0.05734910 -0.00007576 0.06016249
v -0.05833014 -0.00169502 0.05801713
v -0.07577566 0.01110416 0.04552652
v -0.07633016 0.01012795 0.04372882
v -0.07477911 0.01012795 0.04658648
v -0.07791612 0.01008921 0.04059133
v -0.07880798 0.01104992 0.03956528
v -0.07932758 0.01008921 0.03769975
v -0.08086701 0.01019768 0.03447746
v -0.05933445 0.00084622 0.05906861
v -0.06019917 0.00313179 0.05999290
v -0.06206819 0.00411574 0.05883118
v -0.06390619 0.00509970 0.05766946
v -0.06603890 0.00717608 0.05668581
v -0.06734178 0.00717608 0.05517643
v -0.07224313 0.01013569 0.05073306
v -0.07322030 0.01013569 0.04922367
v -0.06981573 0.01101893 0.05456589
v -0.07066105 0.01007371 0.05286994
v -0.06648482 0.00873336 0.05719460
v -0.06816772 0.00987227 0.05588024
v -0.06907122 0.01309531 0.05667733
v -0.08175111 0.01122037 0.03340902
v -0.08313930 0.01309531 0.03156892
v -0.08419403 0.01300234 0.02861798
v -0.08450811 0.01194865 0.02665917
v -0.08480282 0.01110416 0.02464948
v -0.08507038 0.01012795 0.02244475
v -0.08766839 0.00856291 0.00346717
v -0.08770717 0.00844670 0.00135572
v -0.08805228 0.00988002 0.00443385
v -0.08800963 0.01049209 0.00740175
v -0.08771880 0.00840796 -0.00166306
v -0.08767227 0.00854742 -0.00469031
v -0.08751329 0.01201838 0.01425335
v -0.08676878 0.01309531 0.01948533
v -0.08734655 0.01304108 0.01667007
v -0.08603591 0.01309531 0.02250411
v -0.08768778 0.01145280 0.01223518
v -0.08781963 0.01105767 0.01042052
v -0.08763349 0.00865589 -0.00619970
v -0.08754431 0.00895030 -0.00820939
v -0.08720695 0.00828400 -0.00915912
v -0.08870373 0.01309531 -0.00915912
v -0.08838576 0.01203388 -0.00915912
v -0.08790881 0.01046110 -0.00915912
v -0.08795922 0.01001948 -0.00740382
v -0.08818412 0.01013569 -0.00469031
v -0.08826943 0.01013569 -0.00166306
v -0.08825392 0.01013569 0.00135572
v -0.08844780 0.01309531 0.01042052
v -0.08798248 0.01304108 0.01332059
v -0.08780799 0.01399404 0.01580514
v -0.08760247 0.01468359 0.01782331
v -0.08742798 0.01538088 0.01948533
v -0.08764125 0.01751149 0.02102864
v -0.08781963 0.01902229 0.02170702
v -0.08743573 0.01902229 0.02321641
v -0.08681531 0.01902229 0.02552289
v -0.08513242 0.01603168 0.02861798
v -0.08477567 0.01700015 0.03048352
v -0.08608631 0.01605493 0.02552289
v -0.08439954 0.01841022 0.03249321
v -0.08284461 0.01605493 0.03457922
v -0.08149131 0.01794536 0.03887843
v -0.08097170 0.01896806 0.04051501
v -0.07930819 0.01900680 0.04380514
v -0.07846287 0.01800734 0.04491598
v -0.07784244 0.01900680 0.04651864
v -0.07624098 0.01902229 0.04929999
v -0.07554688 0.02061832 0.05115705
v -0.07809837 0.02198191 0.04730725
v -0.07281314 0.01902229 0.05459132
v -0.07170802 0.01902229 0.05610071
v -0.06392946 0.01605493 0.06369005
v -0.06093204 0.01669799 0.06668339
v -0.05766319 0.01720933 0.06946473
v -0.05588335 0.01890608 0.07146594
v -0.06690749 0.01605493 0.06067976
v -0.06983123 0.01674447 0.05761010
v -0.06859814 0.01587673 0.05867007
v -0.06658177 0.01445890 0.06032361
v -0.06543787 0.01605493 0.06218914
v -0.05427801 0.01784464 0.07222912
v -0.05314186 0.01890608 0.07333996
v -0.05262225 0.01943292 0.07385722
v -0.05262225 0.02175723 0.07467127
v -0.07259600 0.01741852 0.05428605
v -0.05262225 -0.00815659 0.05718612
v -0.05262225 -0.00740507 0.05785602
v -0.05262225 -0.00736633 0.05788993
v -0.05319614 -0.00484833 0.05959435
v -0.05262225 -0.00516599 0.05974699
v -0.05262225 -0.00425951 0.06047624
v -0.05262225 -0.00330654 0.06123094
v -0.05262225 -0.00134638 0.06274880
v -0.05401433 0.00022640 0.06296928
v -0.05534048 -0.00112169 0.06095110
v -0.05819055 0.00189216 0.06086631
v -0.05615090 0.00106315 0.06191780
v -0.07614792 0.01309531 0.04617098
v -0.07767183 0.01325801 0.04344051
v -0.07830776 0.01237478 0.04157497
v -0.07528708 0.01309531 0.04768036
v -0.07911431 0.01325801 0.04059133
v -0.08068864 0.01334324 0.03733512
v -0.08129355 0.01252973 0.03541871
v -0.05896608 0.00424745 0.06176516
v -0.06090490 0.00509970 0.06064584
v -0.06291352 0.00668023 0.05967915
v -0.06432886 0.00747049 0.05870398
v -0.07254946 0.01162325 0.05119096
v -0.07375929 0.01280865 0.04998685
v -0.07025777 0.01309531 0.05516794
v -0.06946673 0.01476881 0.05715220
v -0.07192128 0.01280865 0.05273427
v -0.06351067 0.00865589 0.06026425
v -0.06562787 0.00988777 0.05877182
v -0.06607380 0.01248324 0.05978939
v -0.06698117 0.01070902 0.05777122
v -0.06739220 0.01331999 0.05877182
v -0.08199928 0.01334324 0.03447746
v -0.08409321 0.01603168 0.03151804
v -0.08448485 0.01503223 0.02966946
v -0.08482608 0.01392431 0.02765129
v -0.08514793 0.01300234 0.02560768
v -0.08703246 0.01633384 0.02222428
v -0.08749390 0.00911300 -0.00915912
v -0.08189458 0.01605493 0.03671610
v -0.08119660 0.01605493 0.03822549
v -0.08004882 0.01605493 0.04062525
v -0.07894758 0.01605493 0.04282997
v -0.07816041 0.01605493 0.04433936
v -0.07662487 0.01579151 0.04695111
v -0.07588424 0.01659727 0.04869793
v -0.07532973 0.01902229 0.05080938
v -0.07408113 0.01902229 0.05270883
v -0.06356108 0.01448215 0.06333390
v -0.06195962 0.01585349 0.06538599
v -0.05903587 0.01596970 0.06786207
v -0.06040856 0.01473007 0.06623397
v -0.05604233 0.01615565 0.07021943
v -0.05709705 0.01523367 0.06904075
v -0.07103330 0.01609367 0.05571913
v -0.05262225 0.01605493 0.07253439
v -0.05262225 0.01736429 0.07305165
v -0.05508456 0.01359891 0.06978696
v -0.05369248 0.01605493 0.07184753
v -0.05262225 0.01892932 0.07366219
v -0.07323193 0.01627961 0.05273427
v -0.07293335 0.01359891 0.05175062
v -0.07223537 0.01544286 0.05376031
v -0.05262225 0.00051307 0.06408860
v -0.05298675 0.00123360 0.06434299
v -0.05495271 0.00220206 0.06366461
v -0.05696522 0.00339521 0.06288448
v -0.07867226 0.01435044 0.04229575
v -0.07555463 0.01462161 0.04815523
v -0.08162702 0.01449764 0.03614796
v -0.05772911 0.00536312 0.06348654
v -0.05987732 0.00717608 0.06277424
v -0.06042019 0.00877210 0.06322367
v -0.06194411 0.00747049 0.06106135
v -0.07500789 0.01579151 0.04969854
v -0.06392558 0.01013569 0.06066279
v -0.06199451 0.00991101 0.06235874
v -0.06199451 0.01333549 0.06414796
v -0.05991222 0.01309531 0.06582694
v -0.05779503 0.01111190 0.06655620
v -0.05840770 0.01309531 0.06703954
v -0.05604233 0.01280090 0.06870156
v -0.05262225 0.01338198 0.07133027
v -0.05445638 0.01162325 0.06932058
v -0.05303328 0.01298684 0.07088085
v -0.05262225 0.00159000 0.06480089
v -0.05262225 0.00352692 0.06604741
v -0.05323104 0.00392980 0.06592021
v -0.05442536 0.00573501 0.06628484
v -0.05836892 0.00717608 0.06401228
v -0.05607723 0.00690491 0.06566582
v -0.05715522 0.00913624 0.06606437
v -0.05910955 0.00994200 0.06489417
v -0.05607723 0.01012795 0.06737025
v -0.05262225 0.01013569 0.06973608
v -0.05514660 0.00771067 0.06681907
v -0.05386310 0.01013569 0.06895595
v -0.05262225 0.00451862 0.06664947
v -0.05262225 0.00550258 0.06722609
v -0.05262225 0.00695914 0.06805710
v -0.05304104 0.00707536 0.06787055
v -0.05262225 0.00747824 0.06834541
f 6059 6060 6061
f 6059 6061 6062
f 6059 6062 6069
f 6059 6069 6063
f 6059 6063 6071
f 6059 6071 6083
f 6059 6083 6095
f 6059 6095 6110
f 6059 6110 6131
f 6059 6131 6159
f 6059 6159 6183
f 6059 6183 6208
f 6059 6208 6215
f 6059 6215 6258
f 6059 6258 6304
f 6059 6304 6355
f 6059 6355 6425
f 6059 6425 6497
f 6059 6497 6576
f 6059 6576 6670
f 6059 6670 6758
f 6059 6758 6853
f 6059 6853 6851
f 6059 6851 6948
f 6059 6948 6947
f 6059 6947 7041
f 6059 7041 7040
f 6059 7040 7039
f 6059 7039 7133
f 6059 7133 7227
f 6059 7227 7226
f 6059 7226 7289
f 6059 7289 7286
f 6059 7286 7285
f 6059 7285 7312
f 6059 7312 7324
f 6059 7324 7331
f 6059 7331 7329
f 6059 7329 7328
f 6059 7328 7327
f 6059 7327 7316
f 6059 7316 7315
f 6059 7315 7293
f 6059 7293 7236
f 6059 7236 7235
f 6059 7235 7234
f 6059 7234 7233
f 6059 7233 7231
f 6059 7231 7230
f 6059 7230 7229
f 6059 7229 7135
f 6059 7135 7045
f 6059 7045 6951
f 6059 6951 6857
f 6059 6857 6764
f 6059 6764 6762
f 6059 6762 6674
f 6059 6674 6584
f 6059 6584 6583
f 6059 6583 6581
f 6059 6581 6580
f 6059 6580 6500
f 6059 6500 6426
f 6059 6426 6357
f 6059 6357 6305
f 6059 6305 6259
f 6059 6259 6218
f 6059 6218 6217
f 6059 6217 6189
f 6059 6189 6161
f 6059 6161 6132
f 6059 6132 6111
f 6059 6111 6097
f 6059 6097 6084
f 6059 6084 6072
f 6059 6072 6064
f 6059 6064 6060
f 6060 6064 6061
f 6061 6064 6065
f 6061 6065 6066
f 6061 6066 6067
f 6061 6067 6068
f 6061 6068 6062
f 6062 6068 6069
f 6063 6069 6070
f 6063 6070 6071
f 6064 6072 6073
f 6064 6073 6065
f 6065 6073 6074
f 6065 6074 6066
f 6066 6074 6086
f 6066 6086 6075
f 6066 6075 6076
f 6066 6076 6067
f 6067 6076 6077
f 6067 6077 6068
f 6068 6077 6092
f 6068 6092 6078
f 6068 6078 6069
f 6069 6078 6070
f 6070 6078 6079
f 6070 6079 6080
f 6070 6080 6081
f 6070 6081 6082
f 6070 6082 6083
f 6070 6083 6071
f 6072 6084 6073
f 6073 6084 6085
f 6073 6085 6074
f 6074 6085 6086
f 6075 6086 6087
f 6075 6087 6088
f 6075 6088 6076
f 6076 6088 6089
f 6076 6089 6090
f 6076 6090 6077
f 6077 6090 6091
f 6077 6091 6092
f 6078 6092 6093
f 6078 6093 6079
f 6079 6093 6094
f 6079 6094 6080
f 6080 6094 6109
f 6080 6109 6108
f 6080 6108 6129
f 6080 6129 6128
f 6080 6128 6127
f 6080 6127 6157
f 6080 6157 6156
f 6080 6156 6155
f 6080 6155 6154
f 6080 6154 6182
f 6080 6182 6181
f 6080 6181 6180
f 6080 6180 6207
f 6080 6207 6241
f 6080 6241 6284
f 6080 6284 6334
f 6080 6334 6396
f 6080 6396 6395
f 6080 6395 6394
f 6080 6394 6461
f 6080 6461 6460
f 6080 6460 6536
f 6080 6536 6626
f 6080 6626 6625
f 6080 6625 6624
f 6080 6624 6714
f 6080 6714 6713
f 6080 6713 6712
f 6080 6712 6711
f 6080 6711 6809
f 6080 6809 6808
f 6080 6808 6904
f 6080 6904 6903
f 6080 6903 6902
f 6080 6902 6997
f 6080 6997 6996
f 6080 6996 7094
f 6080 7094 7093
f 6080 7093 7183
f 6080 7183 7268
f 6080 7268 7186
f 6080 7186 7185
f 6080 7185 7184
f 6080 7184 7095
f 6080 7095 6999
f 6080 6999 6909
f 6080 6909 6908
f 6080 6908 6905
f 6080 6905 6810
f 6080 6810 6715
f 6080 6715 6627
f 6080 6627 6537
f 6080 6537 6462
f 6080 6462 6398
f 6080 6398 6397
f 6080 6397 6335
f 6080 6335 6285
f 6080 6285 6242
f 6080 6242 6209
f 6080 6209 6184
f 6080 6184 6160
f 6080 6160 6158
f 6080 6158 6130
f 6080 6130 6110
f 6080 6110 6095
f 6080 6095 6082
f 6080 6082 6081
f 6082 6095 6083
f 6084 6096 6085
f 6084 6097 6096
f 6085 6096 6098
f 6085 6098 6099
f 6085 6099 6100
f 6085 6100 6087
f 6085 6087 6086
f 6087 6100 6101
f 6087 6101 6102
f 6087 6102 6088
f 6088 6102 6103
f 6088 6103 6089
f 6089 6103 6104
f 6089 6104 6090
f 6090 6104 6105
f 6090 6105 6091
f 6091 6105 6106
f 6091 6106 6107
f 6091 6107 6092
f 6092 6107 6093
f 6093 6107 6108
f 6093 6108 6109
f 6093 6109 6094
f 6096 6097 6098
f 6097 6111 6098
f 6098 6111 6112
f 6098 6112 6113
f 6098 6113 6114
f 6098 6114 6099
f 6099 6114 6115
f 6099 6115 6100
f 6100 6116 6101
f 6100 6115 6116
f 6101 6116 6117
f 6101 6117 6118
f 6101 6118 6102
f 6102 6118 6119
f 6102 6119 6120
f 6102 6120 6103
f 6103 6120 6121
f 6103 6121 6104
f 6104 6121 6122
f 6104 6122 6123
f 6104 6123 6105
f 6105 6123 6124
f 6105 6124 6106
f 6106 6124 6125
f 6106 6125 6126
f 6106 6126 6127
f 6106 6127 6128
f 6106 6128 6129
f 6106 6129 6107
f 6107 6129 6108
f 6110 6130 6131
f 6111 6132 6112
f 6112 6132 6133
f 6112 6133 6134
f 6112 6134 6114
f 6112 6114 6113
f 6114 6135 6116
f 6114 6116 6115
f 6114 6134 6136
f 6114 6136 6137
f 6114 6137 6138
f 6114 6138 6139
f 6114 6139 6140
f 6114 6140 6135
f 6116 6135 6141
f 6116 6141 6117
f 6117 6141 6168
f 6117 6168 6142
f 6117 6142 6118
f 6118 6142 6143
f 6118 6143 6144
f 6118 6144 6119
f 6119 6144 6145
f 6119 6145 6120
f 6120 6145 6121
f 6121 6146 6147
f 6121 6147 6148
f 6121 6148 6149
f 6121 6149 6122
f 6121 6145 6146
f 6122 6149 6150
f 6122 6150 6123
f 6123 6150 6124
f 6124 6150 6151
f 6124 6151 6152
f 6124 6152 6126
f 6124 6126 6125
f 6126 6152 6153
f 6126 6153 6154
f 6126 6154 6155
f 6126 6155 6156
f 6126 6156 6157
f 6126 6157 6127
f 6130 6158 6131
f 6131 6158 6160
f 6131 6160 6159
f 6132 6161 6133
f 6133 6161 6162
f 6133 6162 6136
f 6133 6136 6134
f 6135 6140 6141
f 6136 6162 6163
f 6136 6163 6137
f 6137 6163 6164
f 6137 6164 6138
f 6138 6165 6166
f 6138 6166 6139
f 6138 6164 6167
f 6138 6167 6165
f 6139 6166 6140
f 6140 6168 6141
f 6140 6166 6169
f 6140 6169 6168
f 6142 6168 6170
f 6142 6170 6171
f 6142 6171 6143
f 6143 6171 6172
f 6143 6172 6144
f 6144 6173 6145
f 6144 6172 6173
f 6145 6173 6174
f 6145 6174 6146
f 6146 6175 6176
f 6146 6176 6147
f 6146 6174 6177
f 6146 6177 6175
f 6147 6176 6148
f 6148 6151 6149
f 6148 6176 6178
f 6148 6178 6152
f 6148 6152 6151
f 6149 6151 6150
f 6152 6178 6179
f 6152 6179 6153
f 6153 6179 6180
f 6153 6180 6181
f 6153 6181 6182
f 6153 6182 6154
f 6159 6160 6183
f 6160 6184 6185
f 6160 6185 6186
f 6160 6186 6187
f 6160 6187 6188
f 6160 6188 6183
f 6161 6189 6190
f 6161 6190 6163
f 6161 6163 6162
f 6163 6190 6191
f 6163 6191 6192
f 6163 6192 6164
f 6164 6192 6167
f 6165 6167 6193
f 6165 6193 6194
f 6165 6194 6166
f 6166 6194 6195
f 6166 6195 6169
f 6167 6192 6193
f 6168 6169 6196
f 6168 6196 6170
f 6169 6195 6196
f 6170 6196 6197
f 6170 6197 6198
f 6170 6198 6171
f 6171 6198 6199
f 6171 6199 6172
f 6172 6199 6200
f 6172 6200 6173
f 6173 6200 6174
f 6174 6200 6177
f 6175 6177 6201
f 6175 6201 6202
f 6175 6202 6203
f 6175 6203 6178
f 6175 6178 6176
f 6177 6200 6201
f 6178 6203 6204
f 6178 6204 6205
f 6178 6205 6179
f 6179 6206 6180
f 6179 6205 6206
f 6180 6206 6207
f 6183 6188 6187
f 6183 6187 6208
f 6184 6209 6210
f 6184 6210 6185
f 6185 6210 6211
f 6185 6211 6186
f 6186 6211 6212
f 6186 6212 6187
f 6187 6212 6213
f 6187 6213 6214
f 6187 6214 6215
f 6187 6215 6216
f 6187 6216 6208
f 6189 6217 6190
f 6190 6217 6191
f 6191 6217 6218
f 6191 6218 6219
f 6191 6219 6220
f 6191 6220 6192
f 6192 6220 6221
f 6192 6221 6222
f 6192 6222 6223
f 6192 6223 6193
f 6193 6223 6194
f 6194 6223 6224
f 6194 6224 6225
f 6194 6225 6195
f 6195 6225 6226
f 6195 6226 6196
f 6196 6226 6227
f 6196 6227 6228
f 6196 6228 6197
f 6197 6228 6229
f 6197 6229 6230
f 6197 6230 6198
f 6198 6230 6231
f 6198 6231 6199
f 6199 6231 6232
f 6199 6232 6233
f 6199 6233 6234
f 6199 6234 6200
f 6200 6234 6201
f 6201 6234 6233
f 6201 6233 6202
f 6202 6233 6235
f 6202 6235 6236
f 6202 6236 6204
f 6202 6204 6203
f 6204 6236 6237
f 6204 6237 6238
f 6204 6238 6239
f 6204 6239 6205
f 6205 6239 6206
f 6206 6239 6240
f 6206 6240 6241
f 6206 6241 6207
f 6208 6216 6215
f 6209 6242 6243
f 6209 6243 6244
f 6209 6244 6245
f 6209 6245 6246
f 6209 6246 6247
f 6209 6247 6248
f 6209 6248 6210
f 6210 6249 6250
f 6210 6250 6251
f 6210 6251 6211
f 6210 6248 6252
f 6210 6252 6249
f 6211 6251 6212
f 6212 6251 6253
f 6212 6253 6254
f 6212 6254 6255
f 6212 6255 6256
f 6212 6256 6213
f 6213 6256 6214
f 6214 6256 6255
f 6214 6255 6257
f 6214 6257 6258
f 6214 6258 6215
f 6218 6259 6219
f 6219 6259 6260
f 6219 6260 6221
f 6219 6221 6220
f 6221 6260 6261
f 6221 6261 6262
f 6221 6262 6263
f 6221 6263 6264
f 6221 6264 6222
f 6222 6264 6223
f 6223 6264 6265
f 6223 6265 6224
f 6224 6265 6266
f 6224 6266 6267
f 6224 6267 6225
f 6225 6227 6226
f 6225 6267 6227
f 6227 6267 6268
f 6227 6268 6228
f 6228 6268 6269
f 6228 6269 6270
f 6228 6270 6271
f 6228 6271 6229
f 6229 6272 6230
f 6229 6271 6272
f 6230 6272 6273
f 6230 6273 6231
f 6231 6273 6274
f 6231 6274 6232
f 6232 6274 6275
f 6232 6275 6233
f 6233 6275 6276
f 6233 6276 6235
f 6235 6276 6327
f 6235 6327 6277
f 6235 6277 6236
f 6236 6277 6237
f 6237 6277 6278
f 6237 6278 6279
f 6237 6279 6280
f 6237 6280 6238
f 6238 6280 6239
f 6239 6280 6281
f 6239 6281 6240
f 6240 6281 6282
f 6240 6282 6283
f 6240 6283 6284
f 6240 6284 6241
f 6242 6285 6243
f 6243 6285 6244
f 6244 6285 6286
f 6244 6286 6245
f 6245 6286 6287
f 6245 6287 6288
f 6245 6288 6289
f 6245 6289 6247
f 6245 6247 6246
f 6247 6289 6248
f 6248 6289 6290
f 6248 6290 6291
f 6248 6291 6292
f 6248 6292 6252
f 6249 6293 6294
f 6249 6294 6250
f 6249 6252 6295
f 6249 6295 6296
f 6249 6296 6297
f 6249 6297 6293
f 6250 6298 6299
f 6250 6299 6300
f 6250 6300 6251
f 6250 6294 6298
f 6251 6300 6253
f 6252 6292 6295
f 6253 6300 6301
f 6253 6301 6254
f 6254 6301 6257
f 6254 6257 6255
f 6257 6301 6302
f 6257 6302 6303
f 6257 6303 6258
f 6258 6303 6300
f 6258 6300 6304
f 6259 6305 6306
f 6259 6306 6307
f 6259 6307 6260
f 6260 6307 6308
f 6260 6308 6261
f 6261 6308 6309
f 6261 6309 6262
f 6262 6310 6264
f 6262 6264 6263
f 6262 6309 6310
f 6264 6310 6311
f 6264 6311 6312
f 6264 6312 6265
f 6265 6313 6314
f 6265 6314 6266
f 6265 6312 6315
f 6265 6315 6316
f 6265 6316 6317
f 6265 6317 6313
f 6266 6314 6318
f 6266 6318 6319
f 6266 6319 6267
f 6267 6319 6268
f 6268 6319 6320
f 6268 6320 6269
f 6269 6321 6270
f 6269 6320 6321
f 6270 6321 6322
f 6270 6322 6323
f 6270 6323 6272
f 6270 6272 6271
f 6272 6323 6324
f 6272 6324 6273
f 6273 6324 6325
f 6273 6325 6274
f 6274 6325 6275
f 6275 6325 6326
f 6275 6326 6276
f 6276 6326 6327
f 6277 6327 6278
f 6278 6327 6328
f 6278 6328 6329
f 6278 6329 6330
f 6278 6330 6279
f 6279 6330 6331
f 6279 6331 6280
f 6280 6331 6282
f 6280 6282 6281
f 6282 6331 6332
f 6282 6332 6333
f 6282 6333 6283
f 6283 6333 6334
f 6283 6334 6284
f 6285 6335 6336
f 6285 6336 6286
f 6286 6336 6337
f 6286 6337 6288
f 6286 6288 6287
f 6288 6337 6338
f 6288 6338 6339
f 6288 6339 6290
f 6288 6290 6289
f 6290 6339 6340
f 6290 6340 6291
f 6291 6340 6292
f 6292 6296 6295
f 6292 6340 6296
f 6293 6297 6341
f 6293 6341 6342
f 6293 6342 6343
f 6293 6343 6294
f 6294 6344 6298
f 6294 6343 6344
f 6296 6340 6297
f 6297 6340 6345
f 6297 6345 6346
f 6297 6346 6341
f 6298 6344 6347
f 6298 6347 6348
f 6298 6348 6349
f 6298 6349 6350
f 6298 6350 6299
f 6299 6350 6351
f 6299 6351 6300
f 6300 6352 6353
f 6300 6353 6354
f 6300 6354 6355
f 6300 6355 6304
f 6300 6303 6302
f 6300 6302 6301
f 6300 6351 6356
f 6300 6356 6352
f 6305 6357 6306
f 6306 6308 6307
f 6306 6357 6358
f 6306 6358 6308
f 6308 6358 6309
f 6309 6359 6360
f 6309 6360 6310
f 6309 6358 6361
f 6309 6361 6362
f 6309 6362 6363
f 6309 6363 6364
f 6309 6364 6359
f 6310 6360 6359
f 6310 6359 6365
f 6310 6365 6311
f 6311 6365 6312
f 6312 6365 6366
f 6312 6366 6367
f 6312 6367 6315
f 6313 6317 6368
f 6313 6368 6369
f 6313 6369 6370
f 6313 6370 6318
f 6313 6318 6314
f 6315 6317 6316
f 6315 6367 6371
f 6315 6371 6317
f 6317 6371 6372
f 6317 6372 6368
f 6318 6370 6322
f 6318 6322 6373
f 6318 6373 6320
f 6318 6320 6319
f 6320 6373 6321
f 6321 6373 6322
f 6322 6370 6369
f 6322 6369 6374
f 6322 6374 6375
f 6322 6375 6376
f 6322 6376 6377
f 6322 6377 6378
f 6322 6378 6323
f 6323 6377 6379
f 6323 6379 6380
f 6323 6380 6381
f 6323 6381 6324
f 6323 6378 6377
f 6324 6381 6325
f 6325 6381 6326
f 6326 6381 6380
f 6326 6380 6382
f 6326 6382 6327
f 6327 6382 6383
f 6327 6383 6328
f 6328 6383 6384
f 6328 6384 6385
f 6328 6385 6386
f 6328 6386 6329
f 6329 6386 6387
f 6329 6387 6388
f 6329 6388 6389
f 6329 6389 6330
f 6330 6389 6390
f 6330 6390 6391
f 6330 6391 6331
f 6331 6391 6332
f 6332 6392 6393
f 6332 6393 6333
f 6332 6391 6392
f 6333 6393 6394
f 6333 6394 6395
f 6333 6395 6396
f 6333 6396 6334
f 6335 6397 6336
f 6336 6397 6398
f 6336 6398 6399
f 6336 6399 6337
f 6337 6400 6338
f 6337 6399 6400
f 6338 6400 6401
f 6338 6401 6466
f 6338 6466 6402
f 6338 6402 6339
f 6339 6402 6403
f 6339 6403 6404
f 6339 6404 6405
f 6339 6405 6340
f 6340 6405 6404
f 6340 6404 6345
f 6341 6346 6342
f 6342 6406 6407
f 6342 6407 6343
f 6342 6346 6408
f 6342 6408 6406
f 6343 6407 6344
f 6344 6409 6347
f 6344 6407 6410
f 6344 6410 6411
f 6344 6411 6412
f 6344 6412 6409
f 6345 6404 6413
f 6345 6413 6414
f 6345 6414 6346
f 6346 6414 6408
f 6347 6409 6415
f 6347 6415 6416
f 6347 6416 6348
f 6348 6416 6349
f 6349 6417 6350
f 6349 6416 6417
f 6350 6418 6351
f 6350 6417 6418
f 6351 6418 6419
f 6351 6419 6356
f 6352 6420 6353
f 6352 6356 6420
f 6353 6421 6422
f 6353 6422 6354
f 6353 6420 6423
f 6353 6423 6421
f 6354 6422 6424
f 6354 6424 6425
f 6354 6425 6355
f 6356 6419 6420
f 6357 6426 6358
f 6358 6426 6427
f 6358 6427 6361
f 6359 6367 6366
f 6359 6366 6365
f 6359 6364 6428
f 6359 6428 6429
f 6359 6429 6430
f 6359 6430 6367
f 6361 6427 6431
f 6361 6431 6362
f 6362 6431 6432
f 6362 6432 6433
f 6362 6433 6363
f 6363 6428 6364
f 6363 6433 6434
f 6363 6434 6428
f 6367 6435 6371
f 6367 6430 6436
f 6367 6436 6437
f 6367 6437 6438
f 6367 6438 6435
f 6368 6372 6439
f 6368 6439 6369
f 6369 6439 6440
f 6369 6440 6441
f 6369 6441 6374
f 6371 6435 6372
f 6372 6435 6442
f 6372 6442 6439
f 6374 6441 6443
f 6374 6443 6444
f 6374 6444 6445
f 6374 6445 6446
f 6374 6446 6447
f 6374 6447 6375
f 6375 6447 6448
f 6375 6448 6376
f 6376 6448 6377
f 6377 6448 6379
f 6379 6448 6449
f 6379 6449 6450
f 6379 6450 6380
f 6380 6450 6384
f 6380 6384 6383
f 6380 6383 6382
f 6384 6450 6451
f 6384 6451 6385
f 6385 6452 6387
f 6385 6387 6386
f 6385 6451 6453
f 6385 6453 6452
f 6387 6452 6454
f 6387 6454 6388
f 6388 6454 6389
f 6389 6454 6455
f 6389 6455 6456
f 6389 6456 6390
f 6390 6456 6457
f 6390 6457 6458
f 6390 6458 6392
f 6390 6392 6391
f 6392 6458 6459
f 6392 6459 6393
f 6393 6459 6460
f 6393 6460 6461
f 6393 6461 6394
f 6398 6462 6463
f 6398 6463 6399
f 6399 6463 6400
f 6400 6463 6464
f 6400 6464 6465
f 6400 6465 6401
f 6401 6465 6541
f 6401 6541 6466
f 6402 6466 6403
f 6403 6466 6467
f 6403 6467 6468
f 6403 6468 6469
f 6403 6469 6404
f 6404 6469 6413
f 6406 6470 6471
f 6406 6471 6472
f 6406 6472 6473
f 6406 6473 6474
f 6406 6474 6410
f 6406 6410 6407
f 6406 6408 6470
f 6408 6414 6475
f 6408 6475 6413
f 6408 6413 6476
f 6408 6476 6477
f 6408 6477 6478
f 6408 6478 6479
f 6408 6479 6470
f 6409 6412 6480
f 6409 6480 6415
f 6410 6474 6480
f 6410 6480 6411
f 6411 6480 6412
f 6413 6475 6414
f 6413 6469 6476
f 6415 6480 6481
f 6415 6481 6482
f 6415 6482 6483
f 6415 6483 6484
f 6415 6484 6417
f 6415 6417 6416
f 6417 6484 6485
f 6417 6485 6486
f 6417 6486 6487
f 6417 6487 6418
f 6418 6487 6488
f 6418 6488 6419
f 6419 6489 6490
f 6419 6490 6420
f 6419 6488 6489
f 6420 6490 6491
f 6420 6491 6423
f 6421 6492 6493
f 6421 6493 6422
f 6421 6423 6494
f 6421 6494 6492
f 6422 6495 6496
f 6422 6496 6497
f 6422 6497 6424
f 6422 6493 6495
f 6423 6491 6498
f 6423 6498 6499
f 6423 6499 6494
f 6424 6497 6425
f 6426 6500 6427
f 6427 6500 6501
f 6427 6501 6431
f 6428 6434 6429
f 6429 6436 6430
f 6429 6434 6437
f 6429 6437 6436
f 6431 6501 6502
f 6431 6502 6503
f 6431 6503 6432
f 6432 6503 6433
f 6433 6503 6504
f 6433 6504 6505
f 6433 6505 6506
f 6433 6506 6507
f 6433 6507 6434
f 6434 6507 6508
f 6434 6508 6509
f 6434 6509 6510
f 6434 6510 6437
f 6435 6511 6512
f 6435 6512 6513
f 6435 6513 6442
f 6435 6438 6511
f 6437 6510 6509
f 6437 6509 6514
f 6437 6514 6515
f 6437 6515 6516
f 6437 6516 6517
f 6437 6517 6518
f 6437 6518 6511
f 6437 6511 6438
f 6439 6442 6513
f 6439 6513 6440
f 6440 6519 6520
f 6440 6520 6441
f 6440 6513 6519
f 6441 6520 6443
f 6443 6520 6521
f 6443 6521 6444
f 6444 6522 6445
f 6444 6521 6522
f 6445 6523 6446
f 6445 6522 6524
f 6445 6524 6523
f 6446 6523 6525
f 6446 6525 6449
f 6446 6449 6448
f 6446 6448 6447
f 6449 6526 6450
f 6449 6525 6526
f 6450 6526 6451
f 6451 6526 6527
f 6451 6527 6453
f 6452 6453 6528
f 6452 6528 6454
f 6453 6527 6529
f 6453 6529 6528
f 6454 6528 6530
f 6454 6530 6531
f 6454 6531 6455
f 6455 6531 6532
f 6455 6532 6456
f 6456 6532 6533
f 6456 6533 6457
f 6457 6533 6534
f 6457 6534 6535
f 6457 6535 6458
f 6458 6535 6459
f 6459 6535 6536
f 6459 6536 6460
f 6462 6537 6538
f 6462 6538 6463
f 6463 6538 6539
f 6463 6539 6464
f 6464 6539 6540
f 6464 6540 6465
f 6465 6540 6541
f 6466 6541 6467
f 6467 6542 6543
f 6467 6543 6468
f 6467 6541 6542
f 6468 6543 6544
f 6468 6544 6545
f 6468 6545 6469
f 6469 6545 6546
f 6469 6546 6477
f 6469 6477 6476
f 6470 6547 6548
f 6470 6548 6549
f 6470 6549 6472
f 6470 6472 6471
f 6470 6479 6477
f 6470 6477 6550
f 6470 6550 6551
f 6470 6551 6547
f 6472 6549 6552
f 6472 6552 6553
f 6472 6553 6554
f 6472 6554 6555
f 6472 6555 6556
f 6472 6556 6557
f 6472 6557 6474
f 6472 6474 6473
f 6474 6557 6556
f 6474 6556 6481
f 6474 6481 6480
f 6477 6546 6558
f 6477 6558 6559
f 6477 6559 6560
f 6477 6560 6550
f 6477 6479 6478
f 6481 6556 6561
f 6481 6561 6482
f 6482 6561 6483
f 6483 6562 6563
f 6483 6563 6484
f 6483 6561 6562
f 6484 6564 6562
f 6484 6562 6565
f 6484 6565 6485
f 6484 6563 6564
f 6485 6565 6562
f 6485 6562 6566
f 6485 6566 6486
f 6486 6567 6487
f 6486 6566 6567
f 6487 6567 6568
f 6487 6568 6488
f 6488 6569 6489
f 6488 6568 6569
f 6489 6569 6490
f 6490 6498 6491
f 6490 6569 6570
f 6490 6570 6498
f 6492 6494 6571
f 6492 6571 6572
f 6492 6572 6573
f 6492 6573 6493
f 6493 6573 6495
f 6494 6499 6574
f 6494 6574 6571
f 6495 6573 6575
f 6495 6575 6496
f 6496 6575 6497
f 6497 6575 6576
f 6498 6570 6577
f 6498 6577 6578
f 6498 6578 6579
f 6498 6579 6499
f 6499 6579 6574
f 6500 6580 6501
f 6501 6580 6581
f 6501 6581 6502
f 6502 6581 6582
f 6502 6582 6504
f 6502 6504 6503
f 6504 6583 6584
f 6504 6584 6585
f 6504 6585 6586
f 6504 6586 6587
f 6504 6587 6506
f 6504 6506 6505
f 6504 6582 6583
f 6506 6587 6588
f 6506 6588 6589
f 6506 6589 6590
f 6506 6590 6509
f 6506 6509 6508
f 6506 6508 6507
f 6509 6590 6591
f 6509 6591 6592
f 6509 6592 6514
f 6511 6518 6593
f 6511 6593 6512
f 6512 6593 6513
f 6513 6593 6594
f 6513 6594 6595
f 6513 6595 6596
f 6513 6596 6519
f 6514 6592 6515
f 6515 6592 6597
f 6515 6597 6598
f 6515 6598 6599
f 6515 6599 6600
f 6515 6600 6516
f 6516 6600 6517
f 6517 6600 6599
f 6517 6599 6601
f 6517 6601 6602
f 6517 6602 6594
f 6517 6594 6593
f 6517 6593 6518
f 6519 6596 6603
f 6519 6603 6604
f 6519 6604 6605
f 6519 6605 6606
f 6519 6606 6607
f 6519 6607 6608
f 6519 6608 6609
f 6519 6609 6521
f 6519 6521 6520
f 6521 6609 6522
f 6522 6609 6524
f 6523 6524 6610
f 6523 6610 6611
f 6523 6611 6525
f 6524 6609 6612
f 6524 6612 6610
f 6525 6611 6613
f 6525 6613 6526
f 6526 6613 6527
f 6527 6613 6614
f 6527 6614 6529
f 6528 6529 6615
f 6528 6615 6616
f 6528 6616 6617
f 6528 6617 6530
f 6529 6614 6618
f 6529 6618 6615
f 6530 6617 6619
f 6530 6619 6531
f 6531 6619 6532
f 6532 6620 6533
f 6532 6619 6620
f 6533 6621 6622
f 6533 6622 6623
f 6533 6623 6534
f 6533 6620 6621
f 6534 6623 6624
f 6534 6624 6625
f 6534 6625 6535
f 6535 6625 6626
f 6535 6626 6536
f 6537 6627 6628
f 6537 6628 6538
f 6538 6628 6629
f 6538 6629 6539
f 6539 6629 6630
f 6539 6630 6540
f 6540 6630 6719
f 6540 6719 6631
f 6540 6631 6541
f 6541 6631 6632
f 6541 6632 6542
f 6542 6632 6543
f 6543 6633 6544
f 6543 6632 6633
f 6544 6634 6635
f 6544 6635 6636
f 6544 6636 6545
f 6544 6633 6634
f 6545 6636 6558
f 6545 6558 6546
f 6547 6637 6638
f 6547 6638 6548
f 6547 6551 6639
f 6547 6639 6637
f 6548 6638 6640
f 6548 6640 6549
f 6549 6640 6641
f 6549 6641 6552
f 6550 6560 6650
f 6550 6650 6642
f 6550 6642 6551
f 6551 6642 6639
f 6552 6641 6643
f 6552 6643 6553
f 6553 6643 6554
f 6554 6644 6555
f 6554 6643 6644
f 6555 6645 6646
f 6555 6646 6556
f 6555 6644 6645
f 6556 6646 6647
f 6556 6647 6561
f 6558 6636 6559
f 6559 6636 6648
f 6559 6648 6560
f 6560 6649 6650
f 6560 6648 6649
f 6561 6647 6651
f 6561 6651 6652
f 6561 6652 6653
f 6561 6653 6654
f 6561 6654 6655
f 6561 6655 6562
f 6562 6564 6563
f 6562 6655 6656
f 6562 6656 6657
f 6562 6657 6658
f 6562 6658 6566
f 6566 6658 6659
f 6566 6659 6660
f 6566 6660 6567
f 6567 6660 6661
f 6567 6661 6568
f 6568 6661 6662
f 6568 6662 6569
f 6569 6662 6577
f 6569 6577 6570
f 6571 6574 6663
f 6571 6663 6664
f 6571 6664 6572
f 6572 6665 6666
f 6572 6666 6573
f 6572 6664 6665
f 6573 6666 6575
f 6574 6579 6667
f 6574 6667 6663
f 6575 6668 6669
f 6575 6669 6576
f 6575 6666 6668
f 6576 6669 6670
f 6577 6671 6578
f 6577 6662 6672
f 6577 6672 6671
f 6578 6671 6673
f 6578 6673 6579
f 6579 6673 6667
f 6581 6583 6582
f 6584 6674 6585
f 6585 6674 6586
f 6586 6589 6588
f 6586 6588 6587
f 6586 6674 6675
f 6586 6675 6676
f 6586 6676 6677
f 6586 6677 6589
f 6589 6678 6591
f 6589 6591 6590
f 6589 6677 6679
f 6589 6679 6680
f 6589 6680 6678
f 6591 6678 6592
f 6592 6678 6597
f 6594 6602 6595
f 6595 6602 6681
f 6595 6681 6682
f 6595 6682 6683
f 6595 6683 6684
f 6595 6684 6596
f 6596 6684 6603
f 6597 6678 6685
f 6597 6685 6598
f 6598 6685 6599
f 6599 6686 6687
f 6599 6687 6601
f 6599 6685 6688
f 6599 6688 6689
f 6599 6689 6690
f 6599 6690 6686
f 6601 6681 6602
f 6601 6687 6681
f 6603 6684 6604
f 6604 6684 6683
f 6604 6683 6606
f 6604 6606 6605
f 6606 6691 6692
f 6606 6692 6693
f 6606 6693 6607
f 6606 6683 6694
f 6606 6694 6695
f 6606 6695 6691
f 6607 6693 6608
f 6608 6693 6696
f 6608 6696 6609
f 6609 6696 6612
f 6610 6697 6698
f 6610 6698 6611
f 6610 6612 6697
f 6611 6699 6613
f 6611 6698 6699
f 6612 6696 6700
f 6612 6700 6697
f 6613 6699 6614
f 6614 6701 6618
f 6614 6699 6701
f 6615 6702 6616
f 6615 6618 6703
f 6615 6703 6702
f 6616 6702 6704
f 6616 6704 6617
f 6617 6704 6705
f 6617 6705 6619
f 6618 6701 6706
f 6618 6706 6707
f 6618 6707 6703
f 6619 6705 6708
f 6619 6708 6620
f 6620 6708 6709
f 6620 6709 6621
f 6621 6709 6622
f 6622 6710 6711
f 6622 6711 6712
f 6622 6712 6623
f 6622 6709 6710
f 6623 6712 6713
f 6623 6713 6714
f 6623 6714 6624
f 6627 6715 6628
f 6628 6715 6716
f 6628 6716 6717
f 6628 6717 6629
f 6629 6717 6718
f 6629 6718 6630
f 6630 6718 6816
f 6630 6816 6719
f 6631 6719 6720
f 6631 6720 6632
f 6632 6720 6721
f 6632 6721 6633
f 6633 6721 6634
f 6634 6721 6722
f 6634 6722 6723
f 6634 6723 6724
f 6634 6724 6635
f 6635 6724 6725
f 6635 6725 6726
f 6635 6726 6636
f 6636 6726 6648
f 6637 6727 6728
f 6637 6728 6638
f 6637 6639 6727
f 6638 6728 6729
f 6638 6729 6640
f 6639 6642 6730
f 6639 6730 6727
f 6640 6729 6731
f 6640 6731 6641
f 6641 6731 6732
f 6641 6732 6643
f 6642 6733 6730
f 6642 6650 6739
f 6642 6739 6733
f 6643 6732 6644
f 6644 6732 6734
f 6644 6734 6645
f 6645 6734 6735
f 6645 6735 6736
f 6645 6736 6646
f 6646 6736 6737
f 6646 6737 6647
f 6647 6737 6738
f 6647 6738 6651
f 6648 6726 6649
f 6649 6739 6650
f 6649 6726 6739
f 6651 6738 6740
f 6651 6740 6652
f 6652 6740 6741
f 6652 6741 6653
f 6653 6741 6742
f 6653 6742 6654
f 6654 6742 6743
f 6654 6743 6655
f 6655 6743 6656
f 6656 6743 6657
f 6657 6743 6744
f 6657 6744 6745
f 6657 6745 6659
f 6657 6659 6658
f 6659 6745 6746
f 6659 6746 6747
f 6659 6747 6660
f 6660 6747 6748
f 6660 6748 6661
f 6661 6748 6749
f 6661 6749 6662
f 6662 6749 6672
f 6663 6667 6750
f 6663 6750 6751
f 6663 6751 6664
f 6664 6751 6752
f 6664 6752 6665
f 6665 6753 6754
f 6665 6754 6666
f 6665 6752 6753
f 6666 6754 6755
f 6666 6755 6668
f 6667 6673 6756
f 6667 6756 6750
f 6668 6755 6757
f 6668 6757 6669
f 6669 6757 6670
f 6670 6757 6758
f 6671 6759 6673
f 6671 6672 6760
f 6671 6760 6759
f 6672 6749 6761
f 6672 6761 6760
f 6673 6759 6756
f 6674 6762 6675
f 6675 6762 6676
f 6676 6763 6677
f 6676 6762 6764
f 6676 6764 6763
f 6677 6763 6679
f 6678 6680 6765
f 6678 6765 6766
f 6678 6766 6685
f 6679 6763 6767
f 6679 6767 6768
f 6679 6768 6680
f 6680 6768 6765
f 6681 6687 6769
f 6681 6769 6682
f 6682 6769 6683
f 6683 6769 6770
f 6683 6770 6771
f 6683 6771 6694
f 6685 6766 6772
f 6685 6772 6773
f 6685 6773 6774
f 6685 6774 6689
f 6685 6689 6688
f 6686 6690 6689
f 6686 6689 6775
f 6686 6775 6776
f 6686 6776 6777
f 6686 6777 6778
f 6686 6778 6769
f 6686 6769 6687
f 6689 6779 6776
f 6689 6776 6775
f 6689 6774 6773
f 6689 6773 6780
f 6689 6780 6781
f 6689 6781 6782
f 6689 6782 6783
f 6689 6783 6784
f 6689 6784 6779
f 6691 6695 6785
f 6691 6785 6786
f 6691 6786 6787
f 6691 6787 6788
f 6691 6788 6789
f 6691 6789 6692
f 6692 6789 6790
f 6692 6790 6693
f 6693 6790 6696
f 6694 6771 6791
f 6694 6791 6785
f 6694 6785 6695
f 6696 6790 6700
f 6697 6792 6698
f 6697 6700 6793
f 6697 6793 6792
f 6698 6792 6794
f 6698 6794 6699
f 6699 6794 6701
f 6700 6790 6789
f 6700 6789 6795
f 6700 6795 6793
f 6701 6794 6796
f 6701 6796 6706
f 6702 6703 6797
f 6702 6797 6704
f 6703 6707 6798
f 6703 6798 6797
f 6704 6797 6799
f 6704 6799 6705
f 6705 6799 6800
f 6705 6800 6801
f 6705 6801 6708
f 6706 6796 6802
f 6706 6802 6707
f 6707 6802 6803
f 6707 6803 6804
f 6707 6804 6805
f 6707 6805 6798
f 6708 6801 6806
f 6708 6806 6709
f 6709 6806 6710
f 6710 6807 6808
f 6710 6808 6809
f 6710 6809 6711
f 6710 6806 6807
f 6715 6810 6716
f 6716 6811 6717
f 6716 6810 6812
f 6716 6812 6811
f 6717 6811 6813
f 6717 6813 6718
f 6718 6813 6814
f 6718 6814 6815
f 6718 6815 6816
f 6719 6816 6817
f 6719 6817 6720
f 6720 6817 6818
f 6720 6818 6721
f 6721 6818 6819
f 6721 6819 6722
f 6722 6820 6723
f 6722 6819 6820
f 6723 6820 6821
f 6723 6821 6822
f 6723 6822 6724
f 6724 6822 6725
f 6725 6822 6823
f 6725 6823 6824
f 6725 6824 6825
f 6725 6825 6726
f 6726 6825 6739
f 6727 6730 6826
f 6727 6826 6728
f 6728 6827 6729
f 6728 6826 6828
f 6728 6828 6827
f 6729 6827 6731
f 6730 6733 6829
f 6730 6829 6826
f 6731 6830 6732
f 6731 6827 6830
f 6732 6830 6734
f 6733 6831 6829
f 6733 6739 6831
f 6734 6830 6832
f 6734 6832 6735
f 6735 6833 6834
f 6735 6834 6835
f 6735 6835 6736
f 6735 6832 6833
f 6736 6835 6737
f 6737 6836 6837
f 6737 6837 6738
f 6737 6835 6836
f 6738 6837 6838
f 6738 6838 6740
f 6739 6824 6831
f 6739 6825 6824
f 6740 6838 6839
f 6740 6839 6741
f 6741 6839 6840
f 6741 6840 6742
f 6742 6840 6743
f 6743 6840 6841
f 6743 6841 6842
f 6743 6842 6744
f 6744 6842 6746
f 6744 6746 6745
f 6746 6842 6843
f 6746 6843 6747
f 6747 6844 6748
f 6747 6843 6844
f 6748 6844 6749
f 6749 6844 6761
f 6750 6845 6751
f 6750 6756 6846
f 6750 6846 6845
f 6751 6845 6847
f 6751 6847 6752
f 6752 6848 6753
f 6752 6847 6848
f 6753 6849 6850
f 6753 6850 6754
f 6753 6848 6849
f 6754 6850 6755
f 6755 6850 6851
f 6755 6851 6757
f 6756 6759 6852
f 6756 6852 6846
f 6757 6851 6853
f 6757 6853 6758
f 6759 6760 6854
f 6759 6854 6852
f 6760 6761 6854
f 6761 6855 6854
f 6761 6844 6856
f 6761 6856 6855
f 6763 6764 6857
f 6763 6857 6858
f 6763 6858 6859
f 6763 6859 6767
f 6765 6768 6860
f 6765 6860 6861
f 6765 6861 6766
f 6766 6861 6772
f 6767 6859 6862
f 6767 6862 6768
f 6768 6862 6860
f 6769 6778 6770
f 6770 6778 6863
f 6770 6863 6771
f 6771 6864 6791
f 6771 6863 6865
f 6771 6865 6864
f 6772 6861 6866
f 6772 6866 6867
f 6772 6867 6773
f 6773 6781 6780
f 6773 6867 6868
f 6773 6868 6869
f 6773 6869 6781
f 6776 6779 6777
f 6777 6870 6871
f 6777 6871 6778
f 6777 6779 6872
f 6777 6872 6870
f 6778 6871 6863
f 6779 6873 6874
f 6779 6874 6872
f 6779 6784 6875
f 6779 6875 6876
f 6779 6876 6873
f 6781 6869 6782
f 6782 6784 6783
f 6782 6869 6877
f 6782 6877 6784
f 6784 6877 6875
f 6785 6791 6864
f 6785 6864 6786
f 6786 6864 6878
f 6786 6878 6879
f 6786 6879 6787
f 6787 6880 6881
f 6787 6881 6788
f 6787 6879 6882
f 6787 6882 6880
f 6788 6881 6883
f 6788 6883 6884
f 6788 6884 6885
f 6788 6885 6789
f 6789 6885 6795
f 6792 6793 6886
f 6792 6886 6887
f 6792 6887 6794
f 6793 6795 6888
f 6793 6888 6886
f 6794 6887 6796
f 6795 6885 6888
f 6796 6887 6802
f 6797 6798 6889
f 6797 6889 6890
f 6797 6890 6891
f 6797 6891 6799
f 6798 6805 6889
f 6799 6891 6800
f 6800 6891 6892
f 6800 6892 6893
f 6800 6893 6801
f 6801 6893 6806
f 6802 6887 6894
f 6802 6894 6895
f 6802 6895 6803
f 6803 6895 6896
f 6803 6896 6897
f 6803 6897 6804
f 6804 6897 6898
f 6804 6898 6805
f 6805 6899 6889
f 6805 6898 6899
f 6806 6900 6807
f 6806 6893 6900
f 6807 6901 6902
f 6807 6902 6903
f 6807 6903 6904
f 6807 6904 6808
f 6807 6900 6901
f 6810 6905 6812
f 6811 6812 6906
f 6811 6906 6907
f 6811 6907 6813
f 6812 6905 6908
f 6812 6908 6909
f 6812 6909 6906
f 6813 6907 6814
f 6814 6907 6910
f 6814 6910 6911
f 6814 6911 6815
f 6815 6911 6912
f 6815 6912 6816
f 6816 6912 6817
f 6817 6912 6913
f 6817 6913 6818
f 6818 6913 6914
f 6818 6914 6819
f 6819 6914 6915
f 6819 6915 6820
f 6820 6915 6916
f 6820 6916 6917
f 6820 6917 6821
f 6821 6917 6918
f 6821 6918 6822
f 6822 6918 6823
f 6823 6918 6919
f 6823 6919 6824
f 6824 6919 6927
f 6824 6927 6831
f 6826 6920 6828
f 6826 6829 6920
f 6827 6921 6922
f 6827 6922 6923
f 6827 6923 6830
f 6827 6828 6924
f 6827 6924 6921
f 6828 6920 6924
f 6829 6831 6925
f 6829 6925 6920
f 6830 6923 6926
f 6830 6926 6832
f 6831 6927 6925
f 6832 6926 6928
f 6832 6928 6929
f 6832 6929 6833
f 6833 6929 6930
f 6833 6930 6834
f 6834 6930 6931
f 6834 6931 6932
f 6834 6932 6836
f 6834 6836 6835
f 6836 6932 6933
f 6836 6933 6837
f 6837 6933 6838
f 6838 6933 6839
f 6839 6933 6840
f 6840 6934 6841
f 6840 6933 6935
f 6840 6935 6934
f 6841 6934 6936
f 6841 6936 6843
f 6841 6843 6842
f 6843 6936 6937
f 6843 6937 6938
f 6843 6938 6939
f 6843 6939 6844
f 6844 6939 6938
f 6844 6938 6940
f 6844 6940 6856
f 6845 6941 6847
f 6845 6846 6942
f 6845 6942 6941
f 6846 6852 6942
f 6847 6941 6848
f 6848 6941 6943
f 6848 6943 6944
f 6848 6944 6945
f 6848 6945 6849
f 6849 6945 6850
f 6850 6945 6946
f 6850 6946 6947
f 6850 6947 6948
f 6850 6948 6851
f 6852 6854 6949
f 6852 6949 6942
f 6854 6855 6950
f 6854 6950 6949
f 6855 6856 6950
f 6856 6940 6950
f 6857 6951 6858
f 6858 6951 6859
f 6859 6951 6952
f 6859 6952 6953
f 6859 6953 6862
f 6860 6862 6953
f 6860 6953 6954
f 6860 6954 6955
f 6860 6955 6956
f 6860 6956 6957
f 6860 6957 6861
f 6861 6957 6958
f 6861 6958 6866
f 6863 6871 6959
f 6863 6959 6865
f 6864 6960 6878
f 6864 6865 6959
f 6864 6959 6870
f 6864 6870 6961
f 6864 6961 6960
f 6866 6958 6962
f 6866 6962 6867
f 6867 6962 6963
f 6867 6963 6964
f 6867 6964 6868
f 6868 6964 6965
f 6868 6965 6869
f 6869 6965 6964
f 6869 6964 6966
f 6869 6966 6967
f 6869 6967 6968
f 6869 6968 6877
f 6870 6959 6871
f 6870 6872 6874
f 6870 6874 6873
f 6870 6873 6969
f 6870 6969 6961
f 6873 6876 6970
f 6873 6970 6971
f 6873 6971 6972
f 6873 6972 6961
f 6873 6961 6969
f 6875 6971 6970
f 6875 6970 6876
f 6875 6877 6973
f 6875 6973 6974
f 6875 6974 6975
f 6875 6975 6971
f 6877 6968 6973
f 6878 6960 6879
f 6879 6976 6882
f 6879 6960 6976
f 6880 6882 6977
f 6880 6977 6978
f 6880 6978 6979
f 6880 6979 6883
f 6880 6883 6881
f 6882 6976 6977
f 6883 6979 6980
f 6883 6980 6981
f 6883 6981 6982
f 6883 6982 6884
f 6884 6982 6885
f 6885 6982 6888
f 6886 6983 6894
f 6886 6894 6887
f 6886 6888 6983
f 6888 6982 6983
f 6889 6984 6890
f 6889 6899 6984
f 6890 6984 6985
f 6890 6985 6891
f 6891 6985 6986
f 6891 6986 6892
f 6892 6986 6987
f 6892 6987 6893
f 6893 6987 6900
f 6894 6983 6895
f 6895 6988 6896
f 6895 6983 6989
f 6895 6989 6988
f 6896 6990 6897
f 6896 6988 6991
f 6896 6991 6990
f 6897 6992 6898
f 6897 6990 6992
f 6898 6992 6899
f 6899 6992 6993
f 6899 6993 6984
f 6900 6994 6901
f 6900 6987 6994
f 6901 6995 6996
f 6901 6996 6997
f 6901 6997 6902
f 6901 6994 6995
f 6906 6998 6907
f 6906 6909 6999
f 6906 6999 6998
f 6907 6998 7000
f 6907 7000 6910
f 6910 7000 7001
f 6910 7001 7002
f 6910 7002 6911
f 6911 7002 7003
f 6911 7003 7004
f 6911 7004 6912
f 6912 7004 6913
f 6913 7005 7006
f 6913 7006 6914
f 6913 7004 7005
f 6914 7007 6915
f 6914 7006 7007
f 6915 7008 6916
f 6915 7007 7008
f 6916 7008 7009
f 6916 7009 6917
f 6917 7009 7010
f 6917 7010 6919
f 6917 6919 6918
f 6919 7010 6927
f 6920 6925 7011
f 6920 7011 6924
f 6921 7012 7013
f 6921 7013 6922
f 6921 6924 7014
f 6921 7014 7012
f 6922 7013 7015
f 6922 7015 6926
f 6922 6926 6923
f 6924 7011 7014
f 6925 6927 7016
f 6925 7016 7011
f 6926 7015 6928
f 6927 7017 7016
f 6927 7010 7017
f 6928 7015 7018
f 6928 7018 7019
f 6928 7019 7020
f 6928 7020 6929
f 6929 7020 7021
f 6929 7021 7022
f 6929 7022 7023
f 6929 7023 6930
f 6930 7023 7024
f 6930 7024 7025
f 6930 7025 6931
f 6931 7025 7026
f 6931 7026 6932
f 6932 7026 6933
f 6933 7026 6935
f 6934 7027 6936
f 6934 6935 7028
f 6934 7028 7029
f 6934 7029 7027
f 6935 7026 7028
f 6936 7027 7030
f 6936 7030 6938
f 6936 6938 6937
f 6938 7030 7031
f 6938 7031 6940
f 6940 7031 6950
f 6941 7032 6943
f 6941 6942 7033
f 6941 7033 7034
f 6941 7034 7032
f 6942 6949 7035
f 6942 7035 7033
f 6943 7032 7036
f 6943 7036 7037
f 6943 7037 6944
f 6944 7037 7038
f 6944 7038 6945
f 6945 7038 7039
f 6945 7039 7040
f 6945 7040 6946
f 6946 7040 7041
f 6946 7041 6947
f 6949 7042 7035
f 6949 6950 7042
f 6950 7031 7043
f 6950 7043 7044
f 6950 7044 7042
f 6951 7045 6952
f 6952 7046 6953
f 6952 7045 7046
f 6953 7046 6954
f 6954 7046 7047
f 6954 7047 7048
f 6954 7048 6955
f 6955 7049 6956
f 6955 7048 7050
f 6955 7050 7051
f 6955 7051 7049
f 6956 7049 6957
f 6957 7049 6958
f 6958 7049 6962
f 6960 7052 6976
f 6960 6961 7052
f 6961 6972 7053
f 6961 7053 7054
f 6961 7054 7055
f 6961 7055 7056
f 6961 7056 7057
f 6961 7057 7052
f 6962 7058 6964
f 6962 6964 6963
f 6962 7049 7051
f 6962 7051 7050
f 6962 7050 7059
f 6962 7059 7060
f 6962 7060 7058
f 6964 7058 7060
f 6964 7060 7061
f 6964 7061 7062
f 6964 7062 7063
f 6964 7063 6967
f 6964 6967 6966
f 6967 7063 7064
f 6967 7064 7065
f 6967 7065 7066
f 6967 7066 6968
f 6968 6974 6973
f 6968 7066 6974
f 6971 6975 6974
f 6971 6974 7067
f 6971 7067 7068
f 6971 7068 7069
f 6971 7069 6972
f 6972 7069 7053
f 6974 7066 7065
f 6974 7065 7070
f 6974 7070 7071
f 6974 7071 7072
f 6974 7072 7067
f 6976 7052 7073
f 6976 7073 6977
f 6977 7073 7074
f 6977 7074 6978
f 6978 7074 7075
f 6978 7075 7076
f 6978 7076 6979
f 6979 7076 6980
f 6980 7077 7078
f 6980 7078 7079
f 6980 7079 6989
f 6980 6989 6981
f 6980 7076 7077
f 6981 6989 6982
f 6982 6989 6983
f 6984 6993 7080
f 6984 7080 6985
f 6985 7081 6986
f 6985 7080 7082
f 6985 7082 7083
f 6985 7083 7081
f 6986 7081 6987
f 6987 7084 6994
f 6987 7081 7084
f 6988 6989 7079
f 6988 7079 7085
f 6988 7085 6991
f 6990 6991 7086
f 6990 7086 6992
f 6991 7087 7086
f 6991 7085 7087
f 6992 7086 7088
f 6992 7088 7089
f 6992 7089 6993
f 6993 7089 7090
f 6993 7090 7080
f 6994 7091 7092
f 6994 7092 6995
f 6994 7084 7091
f 6995 7092 7093
f 6995 7093 7094
f 6995 7094 6996
f 6998 6999 7095
f 6998 7095 7096
f 6998 7096 7097
f 6998 7097 7000
f 7000 7097 7001
f 7001 7097 7098
f 7001 7098 7002
f 7002 7099 7100
f 7002 7100 7003
f 7002 7098 7099
f 7003 7100 7005
f 7003 7005 7004
f 7005 7101 7102
f 7005 7102 7007
f 7005 7007 7006
f 7005 7100 7101
f 7007 7102 7008
f 7008 7102 7103
f 7008 7103 7009
f 7009 7104 7105
f 7009 7105 7106
f 7009 7106 7010
f 7009 7103 7104
f 7010 7106 7107
f 7010 7107 7017
f 7011 7016 7014
f 7012 7014 7108
f 7012 7108 7109
f 7012 7109 7110
f 7012 7110 7013
f 7013 7110 7018
f 7013 7018 7015
f 7014 7016 7111
f 7014 7111 7107
f 7014 7107 7108
f 7016 7017 7107
f 7016 7107 7111
f 7018 7110 7019
f 7019 7110 7112
f 7019 7112 7113
f 7019 7113 7114
f 7019 7114 7020
f 7020 7114 7021
f 7021 7114 7115
f 7021 7115 7022
f 7022 7115 7116
f 7022 7116 7024
f 7022 7024 7023
f 7024 7116 7025
f 7025 7116 7117
f 7025 7117 7026
f 7026 7117 7028
f 7027 7118 7030
f 7027 7029 7119
f 7027 7119 7120
f 7027 7120 7118
f 7028 7121 7119
f 7028 7119 7029
f 7028 7117 7121
f 7030 7118 7031
f 7031 7118 7122
f 7031 7122 7043
f 7032 7034 7036
f 7033 7035 7123
f 7033 7123 7124
f 7033 7124 7125
f 7033 7125 7034
f 7034 7126 7127
f 7034 7127 7036
f 7034 7125 7126
f 7035 7042 7044
f 7035 7044 7128
f 7035 7128 7129
f 7035 7129 7130
f 7035 7130 7123
f 7036 7131 7037
f 7036 7127 7131
f 7037 7132 7038
f 7037 7131 7132
f 7038 7132 7039
f 7039 7132 7133
f 7043 7122 7044
f 7044 7122 7134
f 7044 7134 7128
f 7045 7135 7046
f 7046 7135 7136
f 7046 7136 7137
f 7046 7137 7047
f 7047 7137 7048
f 7048 7137 7050
f 7050 7060 7059
f 7050 7137 7138
f 7050 7138 7139
f 7050 7139 7140
f 7050 7140 7141
f 7050 7141 7142
f 7050 7142 7060
f 7052 7057 7073
f 7053 7069 7054
f 7054 7143 7144
f 7054 7144 7055
f 7054 7069 7068
f 7054 7068 7145
f 7054 7145 7143
f 7055 7146 7056
f 7055 7144 7146
f 7056 7146 7147
f 7056 7147 7148
f 7056 7148 7057
f 7057 7149 7073
f 7057 7148 7149
f 7060 7142 7141
f 7060 7141 7150
f 7060 7150 7151
f 7060 7151 7061
f 7061 7151 7062
f 7062 7151 7152
f 7062 7152 7153
f 7062 7153 7063
f 7063 7153 7064
f 7064 7153 7065
f 7065 7153 7154
f 7065 7154 7155
f 7065 7155 7070
f 7067 7072 7156
f 7067 7156 7068
f 7068 7156 7157
f 7068 7157 7145
f 7070 7155 7071
f 7071 7158 7159
f 7071 7159 7072
f 7071 7155 7160
f 7071 7160 7161
f 7071 7161 7162
f 7071 7162 7158
f 7072 7159 7156
f 7073 7149 7074
f 7074 7149 7163
f 7074 7163 7075
f 7075 7164 7076
f 7075 7163 7164
f 7076 7164 7165
f 7076 7165 7166
f 7076 7166 7077
f 7077 7166 7167
f 7077 7167 7078
f 7078 7167 7168
f 7078 7168 7085
f 7078 7085 7079
f 7080 7090 7082
f 7081 7083 7169
f 7081 7169 7170
f 7081 7170 7084
f 7082 7171 7169
f 7082 7169 7083
f 7082 7090 7172
f 7082 7172 7100
f 7082 7100 7171
f 7084 7173 7174
f 7084 7174 7091
f 7084 7170 7173
f 7085 7168 7087
f 7086 7175 7088
f 7086 7087 7176
f 7086 7176 7177
f 7086 7177 7175
f 7087 7168 7178
f 7087 7178 7176
f 7088 7179 7089
f 7088 7175 7179
f 7089 7179 7180
f 7089 7180 7172
f 7089 7172 7090
f 7091 7174 7181
f 7091 7181 7092
f 7092 7181 7182
f 7092 7182 7183
f 7092 7183 7093
f 7095 7184 7096
f 7096 7184 7185
f 7096 7185 7186
f 7096 7186 7187
f 7096 7187 7188
f 7096 7188 7097
f 7097 7188 7189
f 7097 7189 7098
f 7098 7189 7099
f 7099 7190 7100
f 7099 7189 7190
f 7100 7190 7171
f 7100 7172 7101
f 7101 7172 7180
f 7101 7180 7191
f 7101 7191 7102
f 7102 7191 7103
f 7103 7192 7193
f 7103 7193 7104
f 7103 7191 7192
f 7104 7194 7105
f 7104 7193 7194
f 7105 7194 7195
f 7105 7195 7196
f 7105 7196 7106
f 7106 7196 7197
f 7106 7197 7107
f 7107 7197 7198
f 7107 7198 7199
f 7107 7199 7108
f 7108 7200 7201
f 7108 7201 7109
f 7108 7199 7202
f 7108 7202 7200
f 7109 7201 7203
f 7109 7203 7110
f 7110 7203 7112
f 7112 7203 7204
f 7112 7204 7113
f 7113 7205 7114
f 7113 7204 7205
f 7114 7205 7206
f 7114 7206 7207
f 7114 7207 7115
f 7115 7207 7208
f 7115 7208 7209
f 7115 7209 7210
f 7115 7210 7211
f 7115 7211 7212
f 7115 7212 7116
f 7116 7212 7117
f 7117 7212 7121
f 7118 7120 7211
f 7118 7211 7213
f 7118 7213 7122
f 7119 7121 7211
f 7119 7211 7120
f 7121 7212 7211
f 7122 7214 7134
f 7122 7213 7214
f 7123 7130 7215
f 7123 7215 7124
f 7124 7216 7125
f 7124 7215 7216
f 7125 7216 7126
f 7126 7217 7127
f 7126 7216 7217
f 7127 7217 7218
f 7127 7218 7131
f 7128 7219 7129
f 7128 7134 7220
f 7128 7220 7221
f 7128 7221 7219
f 7129 7219 7130
f 7130 7219 7222
f 7130 7222 7223
f 7130 7223 7215
f 7131 7218 7224
f 7131 7224 7225
f 7131 7225 7226
f 7131 7226 7227
f 7131 7227 7132
f 7132 7227 7133
f 7134 7214 7228
f 7134 7228 7220
f 7135 7229 7136
f 7136 7229 7230
f 7136 7230 7231
f 7136 7231 7137
f 7137 7231 7232
f 7137 7232 7139
f 7137 7139 7138
f 7139 7232 7233
f 7139 7233 7234
f 7139 7234 7235
f 7139 7235 7236
f 7139 7236 7237
f 7139 7237 7238
f 7139 7238 7140
f 7140 7238 7141
f 7141 7239 7151
f 7141 7151 7150
f 7141 7238 7237
f 7141 7237 7240
f 7141 7240 7239
f 7143 7241 7242
f 7143 7242 7243
f 7143 7243 7144
f 7143 7145 7244
f 7143 7244 7241
f 7144 7243 7146
f 7145 7157 7244
f 7146 7243 7147
f 7147 7243 7245
f 7147 7245 7246
f 7147 7246 7247
f 7147 7247 7148
f 7148 7247 7163
f 7148 7163 7149
f 7151 7239 7248
f 7151 7248 7249
f 7151 7249 7152
f 7152 7249 7153
f 7153 7160 7154
f 7153 7249 7250
f 7153 7250 7251
f 7153 7251 7160
f 7154 7160 7155
f 7156 7159 7252
f 7156 7252 7157
f 7157 7252 7253
f 7157 7253 7244
f 7158 7254 7159
f 7158 7162 7255
f 7158 7255 7254
f 7159 7254 7256
f 7159 7256 7252
f 7160 7251 7257
f 7160 7257 7258
f 7160 7258 7259
f 7160 7259 7260
f 7160 7260 7161
f 7161 7260 7162
f 7162 7260 7261
f 7162 7261 7255
f 7163 7247 7262
f 7163 7262 7164
f 7164 7263 7264
f 7164 7264 7165
f 7164 7262 7204
f 7164 7204 7263
f 7165 7264 7265
f 7165 7265 7166
f 7166 7266 7167
f 7166 7265 7266
f 7167 7266 7178
f 7167 7178 7168
f 7169 7190 7170
f 7169 7171 7190
f 7170 7190 7173
f 7173 7189 7188
f 7173 7188 7174
f 7173 7190 7189
f 7174 7188 7181
f 7175 7177 7193
f 7175 7193 7192
f 7175 7192 7179
f 7176 7195 7194
f 7176 7194 7177
f 7176 7178 7195
f 7177 7194 7193
f 7178 7266 7202
f 7178 7202 7267
f 7178 7267 7195
f 7179 7192 7191
f 7179 7191 7180
f 7181 7187 7182
f 7181 7188 7187
f 7182 7187 7268
f 7182 7268 7183
f 7186 7268 7187
f 7195 7267 7196
f 7196 7267 7198
f 7196 7198 7197
f 7198 7202 7199
f 7198 7267 7202
f 7200 7264 7201
f 7200 7202 7265
f 7200 7265 7264
f 7201 7264 7263
f 7201 7263 7203
f 7202 7266 7265
f 7203 7263 7204
f 7204 7262 7269
f 7204 7269 7205
f 7205 7269 7270
f 7205 7270 7271
f 7205 7271 7272
f 7205 7272 7206
f 7206 7272 7208
f 7206 7208 7207
f 7208 7272 7273
f 7208 7273 7274
f 7208 7274 7275
f 7208 7275 7209
f 7209 7275 7210
f 7210 7276 7211
f 7210 7275 7276
f 7211 7276 7277
f 7211 7277 7213
f 7213 7277 7228
f 7213 7228 7214
f 7215 7223 7222
f 7215 7222 7278
f 7215 7278 7279
f 7215 7279 7216
f 7216 7280 7217
f 7216 7279 7281
f 7216 7281 7280
f 7217 7282 7224
f 7217 7224 7218
f 7217 7280 7283
f 7217 7283 7282
f 7219 7221 7222
f 7220 7284 7255
f 7220 7255 7221
f 7220 7228 7284
f 7221 7255 7222
f 7222 7255 7261
f 7222 7261 7259
f 7222 7259 7278
f 7224 7285 7286
f 7224 7286 7225
f 7224 7282 7287
f 7224 7287 7288
f 7224 7288 7285
f 7225 7286 7289
f 7225 7289 7226
f 7228 7277 7276
f 7228 7276 7290
f 7228 7290 7291
f 7228 7291 7292
f 7228 7292 7284
f 7231 7233 7232
f 7236 7293 7237
f 7237 7293 7294
f 7237 7294 7295
f 7237 7295 7240
f 7239 7240 7295
f 7239 7295 7296
f 7239 7296 7248
f 7241 7273 7297
f 7241 7297 7242
f 7241 7244 7298
f 7241 7298 7274
f 7241 7274 7273
f 7242 7297 7243
f 7243 7297 7245
f 7244 7253 7298
f 7245 7270 7246
f 7245 7297 7270
f 7246 7269 7299
f 7246 7299 7247
f 7246 7270 7269
f 7247 7299 7262
f 7248 7296 7300
f 7248 7300 7301
f 7248 7301 7249
f 7249 7301 7302
f 7249 7302 7303
f 7249 7303 7250
f 7250 7303 7257
f 7250 7257 7251
f 7252 7291 7253
f 7252 7256 7292
f 7252 7292 7291
f 7253 7291 7304
f 7253 7304 7298
f 7254 7292 7256
f 7254 7255 7292
f 7255 7284 7292
f 7257 7305 7259
f 7257 7259 7258
f 7257 7303 7302
f 7257 7302 7306
f 7257 7306 7278
f 7257 7278 7305
f 7259 7305 7278
f 7259 7261 7260
f 7262 7299 7269
f 7270 7297 7271
f 7271 7297 7272
f 7272 7297 7273
f 7274 7298 7275
f 7275 7298 7304
f 7275 7304 7276
f 7276 7304 7290
f 7278 7306 7302
f 7278 7302 7307
f 7278 7307 7281
f 7278 7281 7279
f 7280 7281 7283
f 7281 7307 7302
f 7281 7302 7308
f 7281 7308 7309
f 7281 7309 7310
f 7281 7310 7283
f 7282 7283 7287
f 7283 7311 7287
f 7283 7310 7311
f 7285 7288 7312
f 7287 7311 7313
f 7287 7313 7288
f 7288 7314 7312
f 7288 7313 7314
f 7290 7304 7291
f 7293 7315 7294
f 7294 7315 7316
f 7294 7316 7317
f 7294 7317 7295
f 7295 7317 7318
f 7295 7318 7296
f 7296 7318 7300
f 7300 7319 7301
f 7300 7318 7320
f 7300 7320 7319
f 7301 7319 7302
f 7302 7319 7321
f 7302 7321 7322
f 7302 7322 7308
f 7308 7322 7309
f 7309 7323 7311
f 7309 7311 7310
f 7309 7322 7321
f 7309 7321 7323
f 7311 7323 7313
f 7312 7314 7324
f 7313 7324 7314
f 7313 7323 7325
f 7313 7325 7326
f 7313 7326 7324
f 7316 7327 7317
f 7317 7327 7318
f 7318 7327 7328
f 7318 7328 7329
f 7318 7329 7330
f 7318 7330 7326
f 7318 7326 7325
f 7318 7325 7320
f 7319 7320 7321
f 7320 7325 7321
f 7321 7325 7323
f 7324 7326 7331
f 7326 7330 7331
f 7329 7331 7330

o geometry_3
v -0.01373545 -0.04544657 -0.00166648
v -0.01072145 -0.04540230 -0.00166648
v -0.01373545 -0.04535804 0.00135411
v -0.01675572 -0.04529606 0.00135411
v -0.01675572 -0.04537574 -0.00166648
v -0.01373545 -0.04542001 -0.00468707
v -0.01072145 -0.04539345 -0.00468707
v -0.00770118 -0.04533147 -0.00166648
v -0.01072145 -0.04531376 0.00135411
v -0.00770118 -0.04533147 -0.00468707
v -0.01072145 -0.04511012 0.00437470
v -0.01373545 -0.04512784 0.00437470
v -0.01675572 -0.04506586 0.00437470
v -0.01976971 -0.04511898 0.00135411
v -0.01976971 -0.04517210 -0.00166648
v -0.01675572 -0.04534032 -0.00468707
v -0.01373545 -0.04532262 -0.00770767
v -0.01072145 -0.04534032 -0.00770767
v -0.00468719 -0.04520752 -0.00166648
v -0.00770118 -0.04523408 0.00135411
v -0.00468719 -0.04520752 -0.00468707
v -0.00770118 -0.04526949 -0.00770767
v -0.00770118 -0.04502159 0.00437470
v -0.00770118 -0.04475598 0.00695397
v -0.01072145 -0.04480025 0.00729722
v -0.01373545 -0.04480025 0.00726780
v -0.01675572 -0.04476484 0.00694417
v -0.01909157 -0.04470286 0.00643420
v -0.01996437 -0.04483567 0.00459046
v -0.02456071 -0.04466744 0.00059896
v -0.02213696 -0.04472056 0.00372743
v -0.02299720 -0.04480025 0.00150122
v -0.02456071 -0.04466744 -0.00107806
v -0.02305999 -0.04481795 -0.00192147
v -0.01976971 -0.04509242 -0.00468707
v -0.01675572 -0.04520752 -0.00770767
v -0.01373545 -0.04523408 -0.00915912
v -0.01072145 -0.04526949 -0.00915912
v -0.00770118 -0.04520752 -0.00915912
v -0.00167319 -0.04499503 -0.00166648
v -0.00167319 -0.04490650 0.00135411
v -0.00468719 -0.04510127 0.00135411
v -0.00167319 -0.04498618 -0.00468707
v -0.00468719 -0.04512784 -0.00770767
v -0.00468719 -0.04487108 0.00437470
v -0.00468719 -0.04467629 0.00630671
v -0.00770118 -0.04457005 0.00846427
v -0.01072145 -0.04460547 0.00880752
v -0.01373545 -0.04460547 0.00877810
v -0.01675572 -0.04456120 0.00845446
v -0.02109462 -0.04460547 0.00574770
v -0.01675572 -0.04426017 0.01041589
v -0.01976971 -0.04403883 0.01041589
v -0.01996437 -0.04447266 0.00742472
v -0.02415256 -0.04460547 0.00260942
v -0.02565956 -0.04443724 0.00150122
v -0.02881170 -0.04390602 0.00135411
v -0.02881170 -0.04392373 -0.00166648
v -0.02299720 -0.04452578 0.00459046
v -0.02565956 -0.04444610 -0.00192147
v -0.02579770 -0.04429558 -0.00468707
v -0.02425931 -0.04461432 -0.00309832
v -0.02243835 -0.04477369 -0.00468707
v -0.02184811 -0.04470286 -0.00770767
v -0.01976971 -0.04495076 -0.00770767
v -0.01971948 -0.04484452 -0.00915912
v -0.01675572 -0.04509242 -0.00915912
v -0.00613139 -0.04512784 -0.00915912
v 0.00098289 -0.04474712 -0.00166648
v 0.00066265 -0.04470286 0.00135411
v 0.00013520 -0.04464973 0.00321746
v -0.00192436 -0.04470286 0.00428644
v 0.00081335 -0.04473827 -0.00468707
v -0.00167319 -0.04490650 -0.00770767
v 0.00044916 -0.04470286 -0.00770767
v -0.00468719 -0.04504816 -0.00915912
v -0.00166063 -0.04482680 -0.00915912
v -0.00108923 -0.04456120 0.00522792
v -0.00310484 -0.04462317 0.00592423
v -0.00192436 -0.04440183 0.00712070
v -0.00468719 -0.04448151 0.00781700
v -0.00468719 -0.04410966 0.01041589
v -0.00770118 -0.04426017 0.01041589
v -0.01072145 -0.04433985 0.01041589
v -0.01373545 -0.04433985 0.01041589
v -0.02277743 -0.04372009 0.01041589
v -0.02277743 -0.04417163 0.00739529
v -0.01675572 -0.04375551 0.01344629
v -0.01976971 -0.04356072 0.01344629
v -0.02579770 -0.04418049 0.00437470
v -0.02881170 -0.04368468 0.00437470
v -0.03183197 -0.04325084 0.00135411
v -0.03183197 -0.04326855 -0.00166648
v -0.02881170 -0.04377321 -0.00468707
v -0.02579770 -0.04379092 0.00739529
v -0.02394535 -0.04457890 -0.00468707
v -0.02579770 -0.04408309 -0.00770767
v -0.02335511 -0.04448151 -0.00770767
v -0.02154044 -0.04466744 -0.00915912
v -0.02111973 -0.04471171 -0.00915912
v 0.00248989 -0.04458776 -0.00166648
v 0.00217593 -0.04455234 0.00135411
v 0.00436107 -0.04410080 0.00437470
v 0.00122150 -0.04444610 0.00428644
v 0.00232035 -0.04455234 -0.00468707
v 0.00016032 -0.04466744 -0.00915912
v 0.00436107 -0.04419819 -0.00770767
v 0.00134708 -0.04410966 0.00739529
v 0.00134708 -0.04370238 0.01041589
v -0.00167319 -0.04392373 0.01041589
v -0.00468719 -0.04358728 0.01344629
v -0.00770118 -0.04373780 0.01344629
v -0.01072145 -0.04380863 0.01344629
v -0.01373545 -0.04382634 0.01344629
v -0.02277743 -0.04324199 0.01344629
v -0.02579770 -0.04332167 0.01041589
v -0.01675572 -0.04316230 0.01646688
v -0.01976971 -0.04295867 0.01646688
v -0.02881170 -0.04329511 0.00739529
v -0.03183197 -0.04302065 0.00437470
v -0.03484596 -0.04237432 -0.00166648
v -0.03504062 -0.04207329 0.00432567
v -0.03484596 -0.04234776 0.00135411
v -0.03512224 -0.04211756 -0.00487341
v -0.03183197 -0.04309148 -0.00468707
v -0.02881170 -0.04352531 -0.00770767
v -0.02579770 -0.04395914 -0.00915912
v 0.00436107 -0.04433100 -0.00166648
v 0.00436107 -0.04426902 0.00135411
v 0.00436107 -0.04428673 -0.00468707
v 0.00738135 -0.04370238 0.00437470
v 0.00738135 -0.04341021 0.00739529
v 0.00436107 -0.04379978 0.00739529
v 0.00436107 -0.04411851 -0.00915912
v 0.00738135 -0.04375551 -0.00770767
v 0.00738135 -0.04386175 -0.00468707
v 0.00436107 -0.04339250 0.01041589
v 0.00436107 -0.04287899 0.01344629
v 0.00134708 -0.04318001 0.01344629
v -0.00167319 -0.04340136 0.01344629
v -0.00468719 -0.04296752 0.01646688
v -0.00770118 -0.04312689 0.01646688
v -0.01072145 -0.04320657 0.01646688
v -0.01373545 -0.04323313 0.01646688
v -0.02277743 -0.04263993 0.01646688
v -0.02579770 -0.04280816 0.01344629
v -0.02881170 -0.04280816 0.01041589
v -0.01675572 -0.04240088 0.01948747
v -0.02006483 -0.04209100 0.01978168
v -0.02277743 -0.04197590 0.01915403
v -0.03183197 -0.04263108 0.00739529
v -0.03204546 -0.04207329 0.01059242
v -0.03427456 -0.04195820 0.00739529
v -0.03659157 -0.04175456 0.00135411
v -0.03663552 -0.04176342 -0.00166648
v -0.03651622 -0.04172800 -0.00399077
v -0.03646598 -0.04170144 0.00328611
v -0.03578783 -0.04148895 0.00739529
v -0.03617714 -0.04160405 0.00529657
v -0.03630901 -0.04164832 -0.00601104
v -0.03455084 -0.04205559 -0.00770767
v -0.03183197 -0.04282586 -0.00770767
v -0.02881170 -0.04338365 -0.00915912
v 0.00738135 -0.04389717 -0.00166648
v 0.00738135 -0.04384404 0.00135411
v 0.01039534 -0.04319772 0.00437470
v 0.01039534 -0.04291440 0.00739529
v 0.01039534 -0.04335709 0.00135411
v 0.01039534 -0.04250713 0.01041589
v 0.00738135 -0.04299408 0.01041589
v 0.00738135 -0.04367582 -0.00915912
v 0.01039534 -0.04323313 -0.00770767
v 0.01039534 -0.04336594 -0.00468707
v 0.00895114 -0.04341021 -0.00915912
v 0.01039534 -0.04341021 -0.00166648
v 0.00738135 -0.04248942 0.01344629
v 0.00711134 -0.04188737 0.01643746
v 0.00436107 -0.04222381 0.01646688
v 0.00134708 -0.04254254 0.01646688
v -0.00167319 -0.04278160 0.01646688
v -0.00177366 -0.04198476 0.01969342
v -0.00468719 -0.04221496 0.01948747
v -0.00770118 -0.04236547 0.01948747
v -0.01072145 -0.04244515 0.01948747
v -0.01373545 -0.04247171 0.01948747
v -0.02601119 -0.04209986 0.01670225
v -0.02515095 -0.04180768 0.01853618
v -0.02881170 -0.04183425 0.01569212
v -0.03040660 -0.04168373 0.01503504
v -0.02881170 -0.04227693 0.01344629
v -0.03103452 -0.04182539 0.01344629
v -0.01675572 -0.04181654 0.02150774
v -0.01925482 -0.04174571 0.02128217
v -0.02126415 -0.04165717 0.02098796
v -0.02277743 -0.04156863 0.02066433
v -0.03320082 -0.04163061 0.01172023
v -0.03376595 -0.04178112 0.00970978
v -0.03480201 -0.04134729 0.01059242
v -0.03810484 -0.04117907 0.00135411
v -0.03814252 -0.04119678 -0.00166648
v -0.04088023 -0.04001923 -0.00468707
v -0.04088023 -0.03984215 -0.00770767
v -0.03785996 -0.04076294 0.00739529
v -0.03762763 -0.04116136 0.00432567
v -0.04088023 -0.03991298 0.00437470
v -0.04088023 -0.04009891 0.00135411
v -0.03785996 -0.04038223 0.01041589
v -0.03785996 -0.04094002 -0.00770767
v -0.03605784 -0.04156863 -0.00770767
v -0.03430596 -0.04197590 -0.00915912
v -0.03183197 -0.04267535 -0.00915912
v 0.01152559 -0.04296752 0.00437470
v 0.01152559 -0.04268420 0.00739529
v 0.01152559 -0.04312689 0.00135411
v 0.01152559 -0.04316230 -0.00053866
v 0.01152559 -0.04227693 0.01035705
v 0.01152559 -0.04209100 0.01159274
v 0.01152559 -0.04186081 0.01292651
v 0.01043302 -0.04196705 0.01347571
v 0.01152559 -0.04299408 -0.00770767
v 0.01152559 -0.04304721 -0.00657985
v 0.01152559 -0.04313574 -0.00468707
v 0.01039534 -0.04314460 -0.00915912
v 0.01125559 -0.04296752 -0.00915912
v 0.01152559 -0.04315345 -0.00355925
v 0.01152559 -0.04318001 -0.00166648
v 0.00945347 -0.04177227 0.01540771
v 0.00794019 -0.04153322 0.01741817
v 0.00593086 -0.04166602 0.01800660
v 0.00436107 -0.04176342 0.01836946
v 0.00134708 -0.04193164 0.01898731
v -0.00083807 -0.04162175 0.02083105
v -0.00284739 -0.04168373 0.02106642
v -0.00468719 -0.04173685 0.02123314
v -0.00770118 -0.04179883 0.02144890
v -0.01072145 -0.04184310 0.02159600
v -0.01373545 -0.04185195 0.02162542
v -0.02716028 -0.04163946 0.01786930
v -0.02579770 -0.04062128 0.02250806
v -0.02601119 -0.04140927 0.01951689
v -0.02881170 -0.04094887 0.01948747
v -0.02881170 -0.04149780 0.01720241
v -0.03183197 -0.04037338 0.01948747
v -0.03158080 -0.04117022 0.01621189
v -0.03254151 -0.04148895 0.01344629
v -0.01675572 -0.04135614 0.02301803
v -0.01976971 -0.04036452 0.02552866
v -0.02006483 -0.04134729 0.02237076
v -0.02277743 -0.04008121 0.02552866
v -0.02277743 -0.04101970 0.02250806
v -0.02579770 -0.03972705 0.02552866
v -0.03484596 -0.04088689 0.01344629
v -0.03785996 -0.03993069 0.01344629
v -0.04088023 -0.04012547 -0.00166648
v -0.04330398 -0.03906303 -0.00468707
v -0.04310305 -0.03898334 -0.00770767
v -0.04293351 -0.03892136 -0.00915912
v -0.04177187 -0.03936405 -0.00915912
v -0.04088023 -0.03970049 -0.00915912
v -0.03930416 -0.04027599 -0.00915912
v -0.04253165 -0.03876200 0.00940575
v -0.04088023 -0.03962081 0.00739529
v -0.04222397 -0.03863805 0.01141621
v -0.04314700 -0.03901876 0.00437470
v -0.04281421 -0.03887709 0.00739529
v -0.04334794 -0.03909844 0.00135411
v -0.04491145 -0.03850524 -0.00166648
v -0.04340445 -0.03911615 -0.00166648
v -0.04032138 -0.03904532 0.01344629
v -0.04182838 -0.03849639 0.01344629
v -0.03785996 -0.04078950 -0.00915912
v -0.03692436 -0.04111709 -0.00915912
v -0.03581295 -0.04148895 -0.00915912
v 0.01152559 -0.04156863 0.01447603
v 0.01146280 -0.04157749 0.01450546
v 0.01152559 -0.04290555 -0.00915912
v 0.01043302 -0.04134729 0.01643746
v 0.01039534 -0.04059472 0.01948747
v 0.00711134 -0.04118792 0.01920307
v 0.00436107 -0.04136500 0.01987976
v 0.00134708 -0.04152436 0.02049760
v -0.00177366 -0.04124990 0.02224327
v 0.00134708 -0.04093116 0.02250806
v -0.00468719 -0.04127646 0.02274343
v -0.00770118 -0.04133844 0.02295919
v -0.01072145 -0.04138270 0.02310630
v -0.01373545 -0.04139156 0.02313572
v -0.02893100 -0.03919583 0.02573460
v -0.02881170 -0.04016089 0.02250806
v -0.03183197 -0.03957654 0.02250806
v -0.03484596 -0.03962966 0.01948747
v -0.03484596 -0.04032026 0.01646688
v -0.01675572 -0.04054160 0.02552866
v -0.01985134 -0.03918698 0.02881404
v -0.02091252 -0.03868231 0.03000070
v -0.02277743 -0.03915156 0.02827465
v -0.02579770 -0.03897449 0.02779410
v -0.02800796 -0.03881512 0.02735278
v -0.03809228 -0.03927551 0.01664341
v -0.03979393 -0.03885053 0.01575096
v -0.04481098 -0.03846097 -0.00468707
v -0.04461004 -0.03838129 -0.00770767
v -0.04371841 -0.03860263 -0.00915912
v -0.04432748 -0.03824848 0.00739529
v -0.04368073 -0.03815109 0.01041589
v -0.04389422 -0.03762872 0.01344629
v -0.04465400 -0.03839014 0.00437470
v -0.04485493 -0.03846982 0.00135411
v -0.04691450 -0.03760216 -0.00166648
v -0.04691450 -0.03753133 -0.00468707
v -0.04691450 -0.03754904 0.00135411
v -0.04083000 -0.03828389 0.01664341
v -0.04389422 -0.03707093 0.01646688
v 0.01152559 -0.04155092 0.01456430
v 0.01152559 -0.04112595 0.01644726
v 0.01152559 0.04162110 -0.00915912
v 0.01152559 -0.04086919 0.01755547
v 0.01152559 -0.04038223 0.01948747
v 0.01152559 -0.04006350 0.02064471
v 0.01039534 -0.03974476 0.02250806
v 0.00738135 -0.04021401 0.02250806
v 0.00436107 -0.04061243 0.02250806
v -0.00167319 -0.04016974 0.02552866
v 0.00436107 -0.03962966 0.02552866
v 0.00134708 -0.03993954 0.02552866
v -0.00468719 -0.04033796 0.02552866
v -0.00770118 -0.04047077 0.02552866
v -0.01072145 -0.04056816 0.02552866
v -0.01373545 -0.04060358 0.02552866
v -0.03001729 -0.03864690 0.02688204
v -0.03183197 -0.03893022 0.02472447
v -0.03343943 -0.03872658 0.02410662
v -0.03460736 -0.03893907 0.02229231
v -0.03650366 -0.03874429 0.02115468
v -0.03713157 -0.03895678 0.01948747
v -0.01675572 -0.03944373 0.02854925
v -0.01890319 -0.03873544 0.03014781
v -0.01985134 -0.03815994 0.03132466
v -0.02277743 -0.03781465 0.03156984
v -0.02277743 -0.03859378 0.02978494
v -0.02579770 -0.03841670 0.02930440
v -0.02893100 -0.03825733 0.02843156
v -0.03925393 -0.03866461 0.01777122
v -0.04691450 -0.03736311 -0.00770767
v -0.04571518 -0.03775267 -0.00915912
v -0.04444051 -0.03830160 -0.00915912
v -0.04691450 -0.03672564 0.01041589
v -0.04691450 -0.03710635 0.00739529
v -0.04702752 -0.03624754 0.01321092
v -0.04611076 -0.03607931 0.01646688
v -0.04691450 -0.03738082 0.00437470
v -0.04958314 -0.03631837 -0.00166648
v -0.04954546 -0.03629181 -0.00468707
v -0.04954546 -0.03629181 0.00135411
v -0.04938220 -0.03620327 -0.00770767
v -0.04938849 -0.03621212 0.00437470
v -0.04088023 -0.03762872 0.01948747
v -0.04402608 -0.03632722 0.01948747
v -0.04565866 -0.03586683 0.01848715
v -0.02129555 0.04151485 -0.00915912
v 0.01152559 0.04192213 -0.00770767
v 0.01152559 -0.03952342 0.02255710
v 0.01152559 -0.03924895 0.02348877
v 0.01039534 -0.03900105 0.02488139
v 0.00740646 -0.03917812 0.02571499
v 0.00134708 -0.03905417 0.02798044
v -0.00167319 -0.03916927 0.02828446
v 0.00641436 -0.03877970 0.02724490
v 0.00436107 -0.03890366 0.02757834
v -0.00484417 -0.03914271 0.02879443
v -0.00594930 -0.03871773 0.03008897
v -0.00770118 -0.03935520 0.02854925
v -0.01072145 -0.03944373 0.02854925
v -0.01373545 -0.03948801 0.02854925
v -0.03183197 -0.03845212 0.02623477
v -0.03183197 -0.03762872 0.02854925
v -0.03460736 -0.03802714 0.02528348
v -0.03544876 -0.03844326 0.02316514
v -0.03764647 -0.03801828 0.02229231
v -0.03863857 -0.03846982 0.01948747
v -0.01675572 -0.03877970 0.03023607
v -0.01675572 -0.03811567 0.03174637
v -0.01675572 -0.03674334 0.03459043
v -0.02000204 -0.03643346 0.03488465
v -0.02277743 -0.03644232 0.03445313
v -0.02579770 -0.03744279 0.03156984
v -0.02579770 -0.03624754 0.03409027
v -0.02881170 -0.03697354 0.03156984
v -0.04691450 -0.03722145 -0.00915912
v -0.04845917 -0.03576058 0.01204387
v -0.04870405 -0.03588453 0.01041589
v -0.04909964 -0.03607931 0.00739529
v -0.04810754 -0.03559236 0.01406414
v -0.04762404 -0.03533560 0.01646688
v -0.05109641 -0.03556580 -0.00166648
v -0.05105874 -0.03554809 -0.00468707
v -0.05105246 -0.03554809 0.00135411
v -0.05088920 -0.03546841 -0.00770767
v -0.05001640 -0.03575173 -0.00915912
v -0.04923150 -0.03613244 -0.00915912
v -0.05089548 -0.03546841 0.00437470
v -0.04116907 -0.03657512 0.02279247
v -0.04310933 -0.03604390 0.02198829
v -0.04511866 -0.03561892 0.02050741
v -0.04676380 -0.03506113 0.01948747
v -0.04691450 0.04052323 -0.00915912
v -0.03484596 0.04112529 -0.00870799
v -0.03183197 0.04151485 -0.00735461
v -0.02881170 0.04161224 -0.00729577
v -0.02579770 0.04210805 -0.00468707
v 0.01152559 0.04228513 -0.00468707
v 0.01152559 -0.03889480 0.02458717
v 0.01152559 -0.03872658 0.02507753
v 0.01152559 -0.03839900 0.02602882
v 0.01039534 -0.03847868 0.02639168
v 0.00842996 -0.03863805 0.02685262
v 0.00134708 -0.03848753 0.02949073
v -0.00167319 -0.03860263 0.02979475
v -0.00393997 -0.03866461 0.02996147
v 0.00740646 -0.03822192 0.02837272
v 0.00436107 -0.03833702 0.02908864
v -0.00167319 -0.03784121 0.03156984
v -0.00484417 -0.03813338 0.03128543
v -0.00770118 -0.03808026 0.03166791
v -0.00770118 -0.03874429 0.03015762
v -0.01072145 -0.03877970 0.03025569
v -0.01373545 -0.03879741 0.03028511
v -0.03514736 -0.03659283 0.02885327
v -0.03175662 -0.03632722 0.03167772
v -0.03433735 -0.03606161 0.03074604
v -0.03785996 -0.03688501 0.02552866
v -0.01373545 -0.03813338 0.03180521
v -0.01373545 -0.03680532 0.03459043
v -0.01373545 -0.03588453 0.03636552
v -0.01675572 -0.03584912 0.03629687
v -0.01914808 -0.03579600 0.03619880
v -0.02115113 -0.03573402 0.03609092
v -0.02277743 -0.03567204 0.03596343
v -0.02579770 -0.03548611 0.03560056
v -0.02881170 -0.03600848 0.03359991
v -0.03070800 -0.03583141 0.03325666
v -0.04964593 -0.03491947 0.01321092
v -0.05021105 -0.03510540 0.01041589
v -0.05061292 -0.03531789 0.00739529
v -0.04992849 -0.03411379 0.01646688
v -0.05002268 -0.03338778 0.01931094
v -0.05262225 -0.03472469 -0.00166648
v -0.05262225 -0.03469813 -0.00415749
v -0.05262225 -0.03468928 0.00135411
v -0.05262225 -0.03468928 -0.00468707
v -0.05262225 -0.03452106 -0.00770767
v -0.05187503 -0.03476896 -0.00915912
v -0.05073850 -0.03538872 -0.00915912
v -0.05262225 -0.03422003 0.00739529
v -0.05262225 -0.03452106 0.00437470
v -0.05262225 -0.03466272 0.00183466
v -0.04237467 -0.03573402 0.02399874
v -0.04402608 -0.03539758 0.02279247
v -0.04788148 -0.03253782 0.02625438
v -0.04691450 -0.03415805 0.02250806
v -0.04899917 -0.03309561 0.02250806
v -0.04992849 0.04039043 -0.00915912
v -0.03484596 0.04139090 -0.00719770
v -0.02881170 0.04201952 -0.00468707
v -0.05262225 0.04026648 -0.00915912
v -0.02881170 0.04317936 0.01344629
v 0.00738135 0.04363090 0.01344629
v 0.01152559 0.04292260 0.00437470
v 0.01152559 -0.03798287 0.02719587
v 0.01152559 -0.03749591 0.02854925
v 0.01039534 -0.03769955 0.02854925
v 0.00436107 -0.03732769 0.03156984
v 0.00134708 -0.03762872 0.03156984
v 0.01060255 -0.03638034 0.03183463
v 0.00738135 -0.03696469 0.03156984
v 0.00134708 -0.03636263 0.03436487
v -0.00180505 -0.03632722 0.03484542
v -0.00468719 -0.03660168 0.03459043
v -0.01072145 -0.03812453 0.03176598
v -0.00770118 -0.03672564 0.03459043
v -0.03635296 -0.03574287 0.03005954
v -0.03785996 -0.03606161 0.02784314
v -0.03271733 -0.03559236 0.03275650
v -0.03514736 -0.03537987 0.03167772
v -0.04016441 -0.03603505 0.02552866
v -0.03943602 -0.03576943 0.02710760
v -0.01072145 -0.03680532 0.03459043
v -0.01072145 -0.03590224 0.03638514
v -0.01373545 -0.03504343 0.03787582
v -0.01675572 -0.03499916 0.03780717
v -0.01976971 -0.03344975 0.04026875
v -0.02000204 -0.03508769 0.03736585
v -0.02277743 -0.03473355 0.03761103
v -0.02579770 -0.03437054 0.03761103
v -0.02881170 -0.03522050 0.03511021
v -0.02820262 -0.03296280 0.03942534
v -0.02905030 -0.03366224 0.03788562
v -0.03021195 -0.03275916 0.03908209
v -0.03183197 -0.03342319 0.03721874
v -0.03175662 -0.03498145 0.03439429
v -0.05239620 -0.03335236 0.01344629
v -0.05262225 -0.03339663 0.01252442
v -0.05262225 -0.03378620 0.01037666
v -0.05184991 -0.03303363 0.01646688
v -0.05152340 -0.03282999 0.01819293
v -0.05108386 -0.03258209 0.02020339
v -0.05262225 -0.03435284 -0.00915912
v -0.04167140 -0.03545955 0.02552866
v -0.04587216 -0.03298051 0.02753912
v -0.04688938 -0.03211284 0.02854925
v -0.04902429 -0.03013845 0.03075585
v -0.04999128 -0.03055458 0.02851002
v -0.05168665 -0.02997909 0.02747047
v -0.04969616 -0.03183837 0.02536193
v -0.04854080 -0.03284770 0.02424392
v -0.05051245 -0.03225450 0.02250806
v -0.04088023 0.04332101 0.02250806
v -0.03785996 0.04325019 0.01948747
v -0.05262225 0.04319706 0.03124620
v -0.03183197 0.04325904 0.01646688
v -0.02167858 0.04424181 0.02946131
v -0.01976971 0.04423296 0.02912787
v 0.01039534 0.04386995 0.01948747
v 0.01152559 0.04382568 0.01948747
v 0.01152559 -0.03712406 0.02951035
v 0.01152559 -0.03630951 0.03160907
v 0.00738135 -0.03603505 0.03371760
v 0.00436107 -0.03621212 0.03408046
v 0.01152559 -0.03584912 0.03278592
v 0.00973603 -0.03587568 0.03337435
v 0.00436107 -0.03549497 0.03559076
v 0.00134708 -0.03562777 0.03587516
v -0.00088202 -0.03570746 0.03602227
v -0.00289763 -0.03576058 0.03613015
v -0.00770118 -0.03586683 0.03633610
v -0.03785996 -0.03452106 0.03156984
v -0.04084883 -0.03339663 0.03157965
v -0.03785996 -0.03546841 0.02935343
v -0.03429967 -0.03307790 0.03662050
v -0.03512224 -0.03377734 0.03487484
v -0.03785996 -0.03331695 0.03408046
v -0.04061651 -0.03484864 0.02828446
v -0.00770118 -0.03504343 0.03784640
v -0.01072145 -0.03505228 0.03789543
v -0.01373545 -0.03356485 0.04045509
v -0.01675572 -0.03352059 0.04039625
v -0.02277743 -0.03332580 0.04003338
v -0.01675572 -0.03264406 0.04189674
v -0.01976971 -0.03255553 0.04176924
v -0.02579770 -0.03314873 0.03973917
v -0.02579770 -0.03221908 0.04123966
v -0.02905030 -0.03211284 0.04051393
v -0.03183197 -0.03014731 0.04261265
v -0.03183197 -0.03139569 0.04063162
v -0.03183197 -0.03255553 0.03872904
v -0.05262225 -0.03321956 0.01344629
v -0.05262225 -0.03254667 0.01646688
v -0.05262225 -0.03184723 0.01935017
v -0.05262225 -0.03187379 0.01924229
v -0.05262225 -0.03097956 0.02251787
v -0.04391306 -0.03340548 0.02854925
v -0.04493656 -0.03257323 0.02955938
v -0.04704008 -0.03068739 0.03168752
v -0.04812637 -0.02967806 0.03276631
v -0.04999128 -0.02919111 0.03168752
v -0.05103990 -0.02959838 0.02948092
v -0.05262225 -0.02892549 0.02859828
v -0.05262225 -0.02902288 0.02834330
v -0.05262225 -0.03004106 0.02552866
v -0.05220782 -0.03030668 0.02552866
v -0.05262225 0.04431264 0.06177576
v -0.02272092 0.04428607 0.03169733
v -0.02277743 0.04437462 0.03459043
v 0.01152559 0.04391422 0.02249826
v 0.00738135 -0.03532675 0.03522789
v 0.01152559 -0.03573402 0.03306052
v 0.01060255 -0.03522936 0.03446294
v 0.00738135 -0.03414920 0.03761103
v 0.00436107 -0.03446793 0.03761103
v 0.00134708 -0.03472469 0.03761103
v -0.00180505 -0.03506999 0.03732662
v -0.00468719 -0.03499916 0.03771890
v -0.03982533 -0.03296280 0.03343319
v -0.04183466 -0.03255553 0.03258978
v -0.04292095 -0.03300707 0.03057932
v -0.03631528 -0.03276802 0.03608112
v -0.03512224 -0.03225450 0.03762083
v -0.03785996 -0.03251126 0.03559076
v -0.00468719 -0.03352059 0.04040605
v -0.00770118 -0.03356485 0.04045509
v -0.01072145 -0.03357371 0.04046490
v -0.01373545 -0.03267948 0.04195558
v -0.02277743 -0.03241387 0.04153387
v -0.01675572 -0.03152849 0.04364240
v -0.01976971 -0.03135142 0.04364240
v -0.02277743 -0.03106810 0.04364240
v -0.02444768 -0.02984628 0.04520173
v -0.02559049 -0.03057229 0.04380912
v -0.02881170 -0.03047490 0.04309320
v -0.03364665 -0.02990826 0.04226941
v -0.03183197 -0.02911142 0.04412295
v -0.03472666 -0.03053687 0.04073949
v -0.05262225 -0.03047490 0.02415566
v -0.04391306 -0.03213940 0.03157965
v -0.04611705 -0.03016502 0.03373721
v -0.04704008 -0.02920881 0.03467870
v -0.04897406 -0.02716360 0.03665974
v -0.04995988 -0.02773024 0.03461985
v -0.05191270 -0.02715475 0.03362934
v -0.05262225 -0.02773024 0.03143254
v -0.05262225 0.04439232 0.06479636
v -0.04992849 0.04448086 0.06479636
v -0.03785996 0.04464907 0.05875517
v -0.03785996 0.04469335 0.06177576
v -0.01373545 0.04500323 0.08594050
v 0.01039534 0.04489699 0.08291991
v 0.01152559 0.04487927 0.08179209
v 0.01152559 0.04485271 0.07989931
v 0.01065279 -0.03355600 0.03789543
v 0.01152559 -0.03561892 0.03330570
v 0.01152559 -0.03505228 0.03450217
v 0.01152559 -0.03462730 0.03539462
v 0.00981766 -0.03292738 0.03938611
v 0.00738135 -0.03308675 0.03966071
v 0.00436107 -0.03322841 0.03992550
v 0.00134708 -0.03335236 0.04013146
v -0.00167319 -0.03344975 0.04028837
v -0.04066046 -0.03038636 0.03759141
v -0.04297747 -0.03007648 0.03657147
v -0.04394446 -0.03063426 0.03467870
v -0.03785996 -0.03015616 0.03969013
v -0.03785996 -0.03136913 0.03761103
v -0.03565597 -0.02961608 0.04179866
v -0.00167319 -0.03258209 0.04178886
v -0.00468719 -0.03264406 0.04190654
v -0.00770118 -0.03267063 0.04195558
v -0.01072145 -0.03267948 0.04196539
v -0.01072145 -0.03161703 0.04364240
v -0.01373545 -0.03159932 0.04364240
v -0.01373545 -0.03022699 0.04575093
v -0.01675572 -0.03018272 0.04569209
v -0.01976971 -0.03009419 0.04556460
v -0.02277743 -0.02995253 0.04534884
v -0.02645701 -0.02966035 0.04492714
v -0.02277743 -0.02885466 0.04685914
v -0.02579770 -0.02714589 0.04854596
v -0.02784470 -0.02696882 0.04831059
v -0.02883681 -0.02780107 0.04688856
v -0.02881170 -0.02943901 0.04460350
v -0.03484596 -0.02723443 0.04568228
v -0.03472666 -0.02881040 0.04342665
v -0.03183197 -0.02763285 0.04623148
v -0.04498680 -0.02963379 0.03574767
v -0.04692077 -0.02767712 0.03764045
v -0.04793800 -0.02661467 0.03867019
v -0.05098339 -0.02659696 0.03563980
v -0.05262225 -0.02604803 0.03478657
v -0.05262225 -0.02631364 0.03431583
v -0.05262225 -0.02742921 0.03207981
v -0.05262225 0.04441888 0.06781695
v -0.04992849 0.04452513 0.06781695
v -0.04691450 0.04461366 0.06781695
v -0.04389422 0.04465793 0.06781695
v -0.02881170 0.04494125 0.08291991
v -0.01675572 0.04497667 0.08594050
v -0.01072145 0.04462252 0.08896109
v -0.00770118 0.04496782 0.08594050
v 0.01152559 0.04488812 0.08291991
v 0.01152559 -0.03297165 0.03878788
v 0.01152559 -0.03279458 0.03914093
v 0.01152559 -0.03350288 0.03770910
v 0.01152559 -0.03260865 0.03946457
v 0.01065279 -0.03214825 0.04048451
v 0.00738135 -0.03220138 0.04116120
v 0.00436107 -0.03236074 0.04142599
v 0.00134708 -0.03249355 0.04163194
v -0.03951137 -0.02987284 0.03920958
v -0.04152070 -0.02950984 0.03858193
v -0.04368701 -0.02746463 0.04059239
v -0.04394446 -0.02908486 0.03759141
v -0.03785996 -0.02925308 0.04119062
v -0.03667948 -0.02695996 0.04529981
v -0.03775321 -0.02765056 0.04375028
v -0.00167319 -0.03142225 0.04364240
v -0.00468719 -0.03154620 0.04364240
v -0.00770118 -0.03160818 0.04364240
v -0.00770118 -0.03023585 0.04576074
v -0.01072145 -0.03023585 0.04577055
v -0.01373545 -0.02919111 0.04726123
v -0.01675572 -0.02913798 0.04721219
v -0.01976971 -0.02903174 0.04707489
v -0.01976971 -0.02754431 0.04907554
v -0.02277743 -0.02736724 0.04884017
v -0.02277743 -0.02619854 0.05035047
v -0.02579770 -0.02595064 0.05005626
v -0.02579770 -0.02447206 0.05189019
v -0.02881170 -0.02417989 0.05153713
v -0.02883681 -0.02584439 0.04946783
v -0.02985404 -0.02676518 0.04805560
v -0.03484596 -0.02614542 0.04719258
v -0.03183197 -0.02654384 0.04774178
v -0.04592867 -0.02711933 0.03955283
v -0.04692077 -0.02597720 0.04059239
v -0.04863498 -0.02402052 0.04231844
v -0.04975267 -0.02449862 0.04046490
v -0.04995988 -0.02603918 0.03764045
v -0.05164898 -0.02403823 0.03934688
v -0.05262225 -0.02454289 0.03739527
v -0.05262225 0.04437462 0.07083754
v -0.04992849 0.04451627 0.07083754
v -0.04691450 0.04461366 0.07083754
v -0.03183197 0.04488812 0.08291991
v -0.02277743 0.04488812 0.08594050
v -0.01675572 0.04458710 0.08851977
v -0.01344661 0.04451627 0.08915724
v -0.01072145 0.04421524 0.09051061
v -0.00837305 0.04422409 0.09052042
v -0.00750025 0.04452513 0.08925530
v -0.00468719 0.04456939 0.08881398
v 0.01039534 0.04480844 0.08594050
v 0.00738135 0.04483501 0.08594050
v 0.01152559 0.04483501 0.08481268
v 0.01152559 -0.03196233 0.04053355
v 0.01152559 -0.03042178 0.04304417
v 0.01039534 -0.03051917 0.04319127
v 0.00707995 -0.03053687 0.04383854
v 0.00436107 -0.03096185 0.04364240
v 0.00134708 -0.03121861 0.04364240
v -0.04066046 -0.02874842 0.04038644
v -0.04254421 -0.02692455 0.04223998
v -0.04455353 -0.02649957 0.04155348
v -0.04088023 -0.02723443 0.04272053
v -0.03775321 -0.02577356 0.04645705
v -0.03868881 -0.02663238 0.04482906
v 0.00134708 -0.03003221 0.04546653
v -0.00167319 -0.03013845 0.04561363
v -0.00468719 -0.03020928 0.04571170
v -0.00770118 -0.02918225 0.04727104
v -0.01072145 -0.02919996 0.04728084
v -0.01072145 -0.02771253 0.04934034
v -0.01373545 -0.02770368 0.04930111
v -0.01675572 -0.02765941 0.04923246
v -0.01976971 -0.02639332 0.05058584
v -0.02277743 -0.02471997 0.05219421
v -0.02277743 -0.02347159 0.05370451
v -0.02579770 -0.02320598 0.05340049
v -0.02881170 -0.02289610 0.05304743
v -0.03067033 -0.02398511 0.05130176
v -0.03173778 -0.02487934 0.04987973
v -0.03484596 -0.02466684 0.04914419
v -0.03785996 -0.02418874 0.04855577
v -0.04691450 -0.02446321 0.04296571
v -0.04691450 -0.02343618 0.04447601
v -0.04914988 -0.02137325 0.04574113
v -0.04989709 -0.02240029 0.04362279
v -0.05223294 -0.02146179 0.04290687
v -0.05064432 -0.02343618 0.04135734
v -0.05262225 -0.02256851 0.04073949
v -0.05262225 -0.02282527 0.04030798
v -0.05262225 -0.02440123 0.03764045
v -0.05262225 0.04426837 0.07310298
v -0.04389422 0.04462252 0.07687873
v -0.04088023 0.04471105 0.07687873
v -0.04088023 0.04462252 0.07989931
v -0.03484596 0.04471105 0.08291991
v -0.02579770 0.04480844 0.08594050
v -0.02277743 0.04451627 0.08800980
v -0.01224729 0.04417983 0.09047139
v -0.01072145 0.04270125 0.09087349
v -0.00750025 0.04298457 0.09082445
v -0.00468719 0.04254189 0.09084405
v -0.00167319 0.04230284 0.09078522
v -0.00636372 0.04415327 0.09045178
v 0.01039534 0.04444544 0.08785289
v 0.00436107 0.04452513 0.08822556
v 0.00134708 0.04454283 0.08844131
v 0.00738135 0.04448971 0.08801961
v 0.01152559 0.04439232 0.08776462
v 0.01152559 0.04471991 0.08602876
v 0.01152559 -0.02941245 0.04455447
v 0.01039534 -0.02950984 0.04470157
v 0.00788368 -0.02969577 0.04496636
v 0.00587435 -0.02981972 0.04515270
v 0.00436107 -0.02989941 0.04527038
v -0.04088023 -0.02623396 0.04423083
v -0.04326003 -0.02427728 0.04568228
v -0.04390678 -0.02539285 0.04365221
v -0.04526936 -0.02384345 0.04507424
v -0.03943602 -0.02392313 0.04821252
v -0.04061651 -0.02459602 0.04668261
v 0.00134708 -0.02896976 0.04697682
v -0.00167319 -0.02906715 0.04712393
v -0.00468719 -0.02913798 0.04722200
v -0.00770118 -0.02770368 0.04933053
v -0.01072145 -0.02659696 0.05085064
v -0.01373545 -0.02656155 0.05081140
v -0.01675572 -0.02650842 0.05074275
v -0.01976971 -0.02490590 0.05241977
v -0.01976971 -0.02365752 0.05393007
v -0.02277743 -0.02199302 0.05543056
v -0.02579770 -0.02172740 0.05512654
v -0.02881170 -0.02140867 0.05476367
v -0.03122289 -0.02114306 0.05444985
v -0.03323850 -0.02091286 0.05419486
v -0.03268593 -0.02374606 0.05100755
v -0.03484596 -0.02345388 0.05065449
v -0.03785996 -0.02300234 0.05006606
v -0.04685171 -0.02187792 0.04671203
v -0.05116548 -0.02076235 0.04491733
v -0.04781869 -0.02061183 0.04775158
v -0.05006663 -0.02007175 0.04671203
v -0.05262225 -0.02036393 0.04409353
v -0.05262225 -0.02092171 0.04329915
v -0.05262225 -0.02198416 0.04167117
v -0.05262225 0.04379912 0.07462309
v -0.05126595 0.04415327 0.07517229
v -0.04597890 0.04428607 0.07869304
v -0.04369957 0.04438347 0.07978163
v -0.04088023 0.04435690 0.08182151
v -0.03484596 0.04438347 0.08478326
v -0.03183197 0.04452513 0.08528342
v -0.02579770 0.04441888 0.08778424
v -0.01425662 0.04386995 0.09029486
v -0.01624083 0.04189556 0.09060869
v -0.01344661 0.04281635 0.09067733
v -0.02783843 0.04428607 0.08758810
v -0.01072145 0.03974411 0.09094213
v -0.00770118 0.03974411 0.09103040
v -0.00468719 0.03974411 0.09096174
v -0.00167319 0.03974411 0.09083425
v 0.00134708 0.04189556 0.09065773
v -0.00167319 0.04378141 0.09012814
v 0.00134708 0.04337414 0.08995161
v 0.01152559 0.04346268 0.08829421
v 0.01152559 -0.02886352 0.04534884
v 0.01152559 -0.02714589 0.04783004
v 0.01066534 -0.02789846 0.04695721
v 0.00984277 -0.02702194 0.04839885
v 0.00707995 -0.02882810 0.04636878
v 0.00436107 -0.02883696 0.04678068
v -0.04144536 -0.02354242 0.04769274
v -0.04412027 -0.02317942 0.04668261
v -0.04580309 -0.02114306 0.04842828
v -0.03991952 -0.02116076 0.05144887
v -0.04068558 -0.02234717 0.04959532
v 0.00436107 -0.02735838 0.04884998
v 0.00134708 -0.02749119 0.04902651
v -0.00167319 -0.02757973 0.04915400
v -0.00468719 -0.02765941 0.04926188
v -0.00770118 -0.02658811 0.05084083
v -0.01072145 -0.02511839 0.05266495
v -0.01373545 -0.02508297 0.05264534
v -0.01675572 -0.02502100 0.05256688
v -0.01675572 -0.02378147 0.05407718
v -0.01675572 -0.02237373 0.05573458
v -0.01834435 -0.02094828 0.05725468
v -0.01951855 -0.02193989 0.05596995
v -0.02035368 -0.02083318 0.05712719
v -0.02277743 -0.02066496 0.05694085
v -0.02579770 -0.02039934 0.05663683
v -0.02881170 -0.02008061 0.05627397
v -0.03207058 -0.01994780 0.05556786
v -0.03183197 -0.01823903 0.05751947
v -0.03348967 -0.01802654 0.05729391
v -0.03484596 -0.02068266 0.05393007
v -0.03484596 -0.02197531 0.05241977
v -0.03785996 -0.02151491 0.05188038
v -0.05262225 -0.01859318 0.04645705
v -0.05149200 -0.01801769 0.04822233
v -0.04693334 -0.01946085 0.04970320
v -0.04805730 -0.01777864 0.05097812
v -0.04992849 -0.01850464 0.04880095
v -0.05262225 0.04233825 0.07637856
v -0.04798823 0.04404702 0.07795751
v -0.04256932 0.04423296 0.08150768
v -0.03656017 0.04424181 0.08450866
v -0.02579770 0.04270125 0.08862765
v -0.01624083 0.04047011 0.09060869
v -0.02277743 0.03974411 0.08951029
v -0.02985404 0.04386109 0.08719581
v -0.02883053 0.04280750 0.08791173
v -0.01372289 0.03958474 0.09070676
v -0.01270567 0.03807075 0.09051061
v -0.01072145 0.03774316 0.09057926
v -0.00770118 0.03756609 0.09061850
v -0.00468719 0.03772545 0.09058908
v -0.00167319 0.03801763 0.09053023
v 0.00108963 0.03978837 0.09061850
v 0.00328106 0.04081541 0.09054004
v -0.00009085 0.03823012 0.09048120
v 0.00328106 0.04147944 0.09054004
v 0.01039534 0.04270125 0.08883360
v 0.01152559 0.04278979 0.08858842
v 0.01152559 -0.02688028 0.04820271
v 0.01152559 -0.02662352 0.04854596
v 0.01066534 -0.02602147 0.04951686
v 0.01039534 -0.02433926 0.05175289
v 0.00738135 -0.02604803 0.05013471
v 0.00738135 -0.02719016 0.04862442
v -0.04389422 -0.02155918 0.04895786
v -0.04389422 -0.02031081 0.05046815
v -0.04604797 -0.01830986 0.05156656
v -0.04192885 -0.02075349 0.05097812
v -0.03785996 -0.02018685 0.05339068
v -0.04011417 -0.01828330 0.05455772
v -0.04212978 -0.01786717 0.05410660
v 0.00436107 -0.02622510 0.05036028
v 0.00134708 -0.02635791 0.05053680
v -0.00167319 -0.02645530 0.05066430
v -0.00468719 -0.02653499 0.05077218
v -0.00468719 -0.02505641 0.05260611
v -0.00770118 -0.02510953 0.05264534
v -0.01072145 -0.02386116 0.05417524
v -0.01373545 -0.02384345 0.05415563
v -0.01373545 -0.02249768 0.05573458
v -0.01675572 -0.02101910 0.05732333
v -0.01831295 -0.01798227 0.06026547
v -0.02032228 -0.01786717 0.06014778
v -0.02277743 -0.01918638 0.05847076
v -0.02579770 -0.01892077 0.05821578
v -0.02881170 -0.01860203 0.05789214
v -0.02881170 -0.01710575 0.05940244
v -0.03183197 -0.01673390 0.05902977
v -0.03549899 -0.01769895 0.05696047
v -0.03463247 -0.01899160 0.05586207
v -0.03338292 -0.01503398 0.06027527
v -0.05262225 -0.01853120 0.04653550
v -0.04992849 -0.01717658 0.05031124
v -0.05159246 -0.01513137 0.05132137
v -0.05262225 -0.01607872 0.04943841
v -0.05262225 -0.01617611 0.04933053
v -0.04992849 -0.01568915 0.05190000
v -0.04707776 -0.01659223 0.05280225
v -0.04810754 -0.01483034 0.05402814
v -0.05262225 0.03974411 0.07746715
v -0.04936964 0.04207264 0.07898725
v -0.04571518 0.04161224 0.08158614
v -0.04369957 0.04263928 0.08197843
v -0.03964951 0.04155912 0.08454789
v -0.03768414 0.04261272 0.08485191
v -0.02579770 0.03974411 0.08889244
v -0.03087126 0.04188671 0.08764694
v -0.01976971 0.03974411 0.09000065
v -0.01705084 0.03958474 0.09034390
v -0.01471499 0.03849573 0.09043216
v -0.02579770 0.03677810 0.08835305
v -0.02493746 0.03167835 0.08759791
v -0.02277743 0.03677810 0.08896109
v -0.01072145 0.03382095 0.08977509
v -0.01072145 0.03625573 0.09027525
v -0.01373545 0.03382095 0.08954952
v -0.00770118 0.03382095 0.08982412
v -0.00468719 0.03624688 0.09026544
v -0.00167319 0.03653905 0.09020659
v 0.00191848 0.03884102 0.09038313
v 0.00431712 0.03978837 0.09024583
v 0.00738135 0.03974411 0.08976527
v 0.01039534 0.03974411 0.08923569
v -0.00167319 0.03382095 0.08960836
v 0.00134708 0.03382095 0.08942203
v 0.00108963 0.03706142 0.09013794
v 0.01152559 0.04085968 0.08884341
v 0.01152559 -0.02424186 0.05162539
v 0.01039534 -0.02311744 0.05326319
v 0.00738135 -0.02335649 0.05354759
v 0.00738135 -0.02456945 0.05203730
v -0.04389422 -0.01882338 0.05214517
v -0.04389422 -0.01745105 0.05365547
v -0.04609820 -0.01540583 0.05461656
v -0.03785996 -0.01870828 0.05500885
v -0.03785996 -0.01730053 0.05651915
v -0.04017068 -0.01538813 0.05759793
v -0.04218001 -0.01491888 0.05713700
v -0.04389422 -0.01597247 0.05519519
v 0.00436107 -0.02474653 0.05226286
v 0.00134708 -0.02487934 0.05243938
v -0.00167319 -0.02497673 0.05254726
v -0.00167319 -0.02376376 0.05405756
v -0.00468719 -0.02381689 0.05411640
v -0.00770118 -0.02384345 0.05415563
v -0.01373545 -0.02107223 0.05739198
v -0.01373545 -0.01958480 0.05890228
v -0.01675572 -0.01952282 0.05883363
v -0.01949971 -0.01672504 0.06132463
v -0.01675572 -0.01804425 0.06032431
v -0.01675572 -0.01496315 0.06323702
v -0.01976971 -0.01481263 0.06309972
v -0.02277743 -0.01769010 0.05999087
v -0.02579770 -0.01742449 0.05972607
v -0.02881170 -0.01562718 0.06083428
v -0.03183197 -0.01525532 0.06048123
v -0.03785996 -0.01582196 0.05802944
v -0.03087754 -0.01222734 0.06343317
v -0.03289315 -0.01190861 0.06316837
v -0.03456968 -0.01363509 0.06115791
v -0.03539225 -0.01467983 0.05995164
v -0.04992849 -0.01421943 0.05341029
v -0.05157991 -0.01216537 0.05433216
v -0.05262225 -0.01325438 0.05241977
v -0.04705892 -0.01361738 0.05581304
v -0.04801963 -0.01181122 0.05701931
v -0.04992849 -0.01274086 0.05489117
v -0.05262225 0.03738901 0.07742793
v -0.05136642 0.03974411 0.07833999
v -0.04583448 0.03974411 0.08165479
v -0.04389422 0.03974411 0.08262570
v -0.04985942 0.03974411 0.07929127
v -0.04734776 0.03974411 0.08080157
v -0.04114395 0.03974411 0.08390062
v -0.03963068 0.03974411 0.08454789
v -0.03785996 0.03974411 0.08522458
v -0.03484596 0.03974411 0.08629356
v -0.02881170 0.03974411 0.08815691
v -0.02768773 0.03475060 0.08755867
v -0.02694679 0.03277621 0.08737234
v -0.03229035 0.03974411 0.08712716
v -0.03078335 0.03974411 0.08760771
v -0.01976971 0.03677810 0.08944164
v -0.01675572 0.03677810 0.08983392
v -0.01675572 0.03382095 0.08923569
v -0.02588561 0.03378554 0.08778424
v -0.02282138 0.03075756 0.08777443
v -0.02277743 0.03382095 0.08839228
v -0.02588561 0.03075756 0.08719581
v -0.02385117 0.02970396 0.08738215
v -0.01373545 0.03086380 0.08889244
v -0.01072145 0.03086380 0.08906897
v -0.01675572 0.03086380 0.08860803
v -0.00770118 0.03086380 0.08908858
v -0.00468719 0.03086380 0.08901013
v -0.00468719 0.03382095 0.08972605
v 0.00436107 0.03677810 0.08973586
v 0.00738135 0.03677810 0.08930434
v 0.01039534 0.03677810 0.08877476
v 0.01152559 0.03974411 0.08899052
v -0.00167319 0.03086380 0.08890225
v 0.00134708 0.03086380 0.08870611
v 0.00436107 0.03382095 0.08911800
v 0.01152559 -0.02300234 0.05313569
v 0.01152559 -0.02245341 0.05379277
v 0.01152559 -0.02152377 0.05489117
v 0.01039534 -0.02163001 0.05501866
v 0.00738135 -0.02187792 0.05531287
v 0.00436107 -0.02206385 0.05554824
v 0.00436107 -0.02354242 0.05377316
v -0.04389422 -0.01446734 0.05670548
v -0.04601030 -0.01240442 0.05756851
v -0.03785996 -0.01421058 0.05953974
v -0.03992580 -0.01230703 0.06048123
v -0.04193513 -0.01185548 0.06007913
v -0.04389422 -0.01297991 0.05809809
v 0.00134708 -0.02367523 0.05394968
v 0.00108963 -0.02194875 0.05599937
v 0.00192476 -0.02088630 0.05718603
v -0.00008457 -0.02093942 0.05724487
v -0.00167319 -0.02231175 0.05573458
v -0.00167319 -0.02096598 0.05727430
v -0.00468719 -0.02240029 0.05573458
v -0.00770118 -0.02245341 0.05573458
v -0.01072145 -0.02105452 0.05736256
v -0.01072145 -0.01958480 0.05887286
v -0.01072145 -0.01809737 0.06038315
v -0.01373545 -0.01810622 0.06038315
v -0.01523617 -0.01501627 0.06328606
v -0.01675572 -0.01348457 0.06456098
v -0.02277743 -0.01459129 0.06289378
v -0.02277743 -0.01621152 0.06138348
v -0.01976971 -0.01333406 0.06441387
v -0.02579770 -0.01594591 0.06112849
v -0.02579770 -0.01429912 0.06263879
v -0.02881170 -0.01397153 0.06234457
v -0.02881170 -0.01249295 0.06364892
v -0.02805192 -0.00929675 0.06647338
v -0.03006125 -0.00902229 0.06624781
v -0.03484596 -0.01009359 0.06408044
v -0.03484596 -0.01157217 0.06287416
v -0.03183197 -0.00873012 0.06601244
v -0.03785996 -0.01273200 0.06086370
v -0.04992849 -0.01114719 0.05640146
v -0.05145432 -0.00911083 0.05725468
v -0.05262225 -0.01023525 0.05532268
v -0.04992849 -0.00965976 0.05773523
v -0.04574657 -0.00931446 0.06044199
v -0.04775590 -0.00866814 0.05989279
v -0.04920011 -0.00670261 0.06072640
v -0.05262225 0.03677810 0.07740831
v -0.05129107 0.03677810 0.07830075
v -0.04715938 0.03677810 0.08073292
v -0.04565239 0.03677810 0.08154691
v -0.04389422 0.03677810 0.08239032
v -0.04978407 0.03677810 0.07922263
v -0.04062278 0.03691976 0.08385158
v -0.03944230 0.03800877 0.08445963
v -0.03801694 0.03691976 0.08485191
v -0.03484596 0.03677810 0.08589146
v -0.03038776 0.03815929 0.08747041
v -0.02874263 0.03701715 0.08769597
v -0.03183197 0.03086380 0.08578359
v -0.02881170 0.03086380 0.08655835
v -0.03484596 0.03382095 0.08542072
v -0.01976971 0.03382095 0.08885322
v -0.01976971 0.03086380 0.08824518
v -0.02183556 0.02903993 0.08754887
v -0.02881170 0.02789780 0.08589146
v -0.02579770 0.02789780 0.08654854
v -0.02282138 0.02799519 0.08710755
v -0.01674316 0.02770302 0.08780386
v -0.01373545 0.02789780 0.08809807
v -0.01072145 0.02789780 0.08823536
v -0.01976971 0.02850871 0.08768617
v -0.01774155 0.02657860 0.08741157
v -0.00770118 0.02789780 0.08825498
v -0.00468719 0.02789780 0.08820594
v 0.00738135 0.03382095 0.08870611
v 0.01039534 0.03382095 0.08816671
v 0.01152559 0.03472404 0.08810788
v 0.01152559 0.03668071 0.08850996
v -0.00167319 0.02789780 0.08808826
v 0.00436107 0.03086380 0.08839228
v 0.00127801 0.02771188 0.08782347
v 0.00436107 0.02847330 0.08772539
v 0.01152559 -0.02101910 0.05545998
v 0.01039534 -0.02029310 0.05652895
v 0.00738135 -0.02055871 0.05682317
v 0.00436107 -0.02077120 0.05705854
v -0.04389422 -0.01132426 0.05960839
v -0.03785996 -0.01098782 0.06237399
v -0.03951765 -0.00916395 0.06333510
v -0.04072325 -0.01050972 0.06171692
v -0.04152698 -0.00867699 0.06295261
v -0.04389422 -0.00984569 0.06091273
v 0.00436107 -0.01929262 0.05857865
v 0.00189337 -0.01792030 0.06020663
v 0.00090754 -0.01943429 0.05872575
v -0.00011596 -0.01798227 0.06026547
v -0.00468719 -0.02100140 0.05731352
v -0.00829770 -0.01504283 0.06330567
v -0.01072145 -0.01653911 0.06189345
v -0.01072145 -0.01506054 0.06332529
v -0.01403685 -0.01622038 0.06217786
v -0.01322684 -0.01504283 0.06330567
v -0.01403685 -0.01382987 0.06439426
v -0.01373545 -0.01189090 0.06615954
v -0.01675572 -0.01178466 0.06607128
v -0.02277743 -0.01311272 0.06420793
v -0.01976971 -0.01160758 0.06592417
v -0.02579770 -0.01282054 0.06394313
v -0.02579770 -0.01104979 0.06545344
v -0.02579770 -0.00957122 0.06668913
v -0.02488723 -0.00630419 0.06945474
v -0.02895612 -0.00787130 0.06737563
v -0.02881170 -0.00573755 0.06903303
v -0.03183197 -0.00525060 0.06867998
v -0.03183197 -0.00725154 0.06715987
v -0.03484596 -0.00819004 0.06559074
v -0.03785996 -0.00950924 0.06361950
v -0.03484596 -0.00671146 0.06674797
v -0.05262225 -0.00736664 0.05789214
v -0.05262225 -0.01002276 0.05551882
v -0.05120944 -0.00595889 0.06011836
v -0.05009175 -0.00765881 0.05935340
v -0.04415795 -0.00765881 0.06257014
v -0.04533843 -0.00609170 0.06324683
v -0.04681403 -0.00765881 0.06123637
v -0.04691450 -0.00557818 0.06285455
v -0.04879824 -0.00346214 0.06350182
v -0.05000384 -0.00471052 0.06181499
v -0.05262225 0.03382095 0.07714352
v -0.05106501 0.03382095 0.07816346
v -0.04955802 0.03382095 0.07904610
v -0.04547657 0.03505162 0.08144884
v -0.04405120 0.03397147 0.08193919
v -0.03912207 0.03603439 0.08435175
v -0.04088023 0.03382095 0.08330239
v -0.03712530 0.03382095 0.08469500
v -0.03183197 0.03382095 0.08630336
v -0.03497154 0.03085495 0.08486172
v -0.03605784 0.02986333 0.08434194
v -0.03404851 0.02847330 0.08464596
v -0.03208941 0.02764990 0.08500882
v -0.03662924 0.03183772 0.08452828
v -0.01976971 0.02702128 0.08728407
v -0.03326362 0.02649891 0.08441059
v -0.03125429 0.02561354 0.08467538
v -0.02896867 0.02474587 0.08495979
v -0.02579770 0.02494065 0.08569532
v -0.02277743 0.02494065 0.08621510
v -0.01573222 0.02629528 0.08749002
v -0.01373545 0.02610049 0.08756848
v -0.01072145 0.02592342 0.08762732
v -0.00770118 0.02588800 0.08763713
v -0.01976971 0.02494065 0.08663681
v -0.01674316 0.02516200 0.08703890
v -0.00468719 0.02594998 0.08761752
v -0.00167319 0.02612706 0.08755867
v 0.00751949 0.03066017 0.08789212
v 0.01039534 0.03164293 0.08763713
v 0.01152559 0.03205906 0.08752925
v 0.01152559 0.03382095 0.08792154
v 0.00022939 0.02631298 0.08749002
v 0.00660273 0.02897796 0.08756848
v 0.00223872 0.02660516 0.08739195
v 0.00436107 0.02699472 0.08728407
v 0.00751949 0.02795093 0.08713697
v 0.01152559 -0.02017800 0.05640146
v 0.01152559 -0.01962907 0.05699970
v 0.01039534 -0.01881452 0.05810790
v 0.00738135 -0.01908014 0.05837269
v -0.04066674 -0.00765881 0.06406082
v -0.03681134 -0.00633961 0.06645376
v -0.03882067 -0.00587921 0.06612032
v -0.04088023 -0.00534799 0.06572803
v -0.04332282 -0.00670261 0.06370777
v 0.00436107 -0.01779634 0.06008894
v 0.00134708 -0.01481263 0.06310953
v -0.00167319 -0.01491888 0.06319780
v -0.00468719 -0.01498971 0.06325663
v -0.00628837 -0.01501627 0.06327625
v -0.00745629 -0.01382987 0.06438445
v -0.00770118 -0.01188205 0.06614974
v -0.01072145 -0.01353770 0.06470809
v -0.01072145 -0.01190861 0.06617915
v -0.01373545 -0.01041233 0.06739524
v -0.01675572 -0.01030608 0.06729717
v -0.01976971 -0.01012901 0.06715987
v -0.02277743 -0.01136853 0.06571822
v -0.02277743 -0.00988110 0.06695392
v -0.02277743 -0.00800411 0.06846422
v -0.02689655 -0.00602087 0.06923898
v -0.02277743 -0.00652553 0.06962146
v -0.02277743 -0.00465740 0.07099445
v -0.02277743 -0.00297518 0.07221054
v -0.02579770 -0.00261218 0.07195555
v -0.02585421 -0.00487874 0.07029815
v -0.02881170 -0.00425898 0.07013143
v -0.03183197 -0.00377202 0.06975876
v -0.03382874 -0.00339131 0.06948416
v -0.05262225 -0.00516206 0.05974569
v -0.05080757 -0.00269187 0.06290358
v -0.05200061 -0.00072634 0.06364892
v -0.05234596 -0.00398451 0.06089312
v -0.04691450 -0.00409961 0.06398236
v -0.04472935 -0.00278040 0.06602224
v -0.04709659 -0.00175337 0.06560054
v -0.04822684 -0.00007116 0.06620858
v -0.04985314 -0.00170025 0.06417851
v -0.05262225 0.03136847 0.07683949
v -0.05071338 0.03086380 0.07795751
v -0.04920011 0.03086380 0.07883034
v -0.04665077 0.03397147 0.08066427
v -0.04691450 0.03086380 0.08004642
v -0.04515633 0.03308610 0.08129193
v -0.04472935 0.03086380 0.08111540
v -0.04322236 0.03086380 0.08178228
v -0.03863857 0.03382095 0.08417522
v -0.04088023 0.03086380 0.08276300
v -0.03772809 0.03085495 0.08394966
v -0.03785996 0.02789780 0.08326315
v -0.03497154 0.02764990 0.08416542
v -0.03785996 0.02494065 0.08249820
v -0.03484596 0.02494065 0.08346911
v -0.03484596 0.02197465 0.08253743
v -0.03208941 0.02474587 0.08419483
v -0.03007381 0.02363915 0.08438117
v -0.02806448 0.02295742 0.08459693
v -0.02636910 0.02098303 0.08427329
v -0.02553398 0.02197465 0.08475384
v -0.02277743 0.02197465 0.08521477
v -0.01373545 0.02461307 0.08705851
v -0.01072145 0.02443599 0.08710755
v -0.00770118 0.02440943 0.08711735
v -0.01976971 0.02197465 0.08561687
v -0.01675572 0.02197465 0.08592089
v -0.00468719 0.02447141 0.08709774
v -0.00167319 0.02464848 0.08703890
v 0.00861834 0.02953574 0.08741157
v 0.01039534 0.03016436 0.08724485
v 0.01152559 0.03160752 0.08741157
v 0.00127801 0.02517085 0.08699967
v 0.00436107 0.02494065 0.08659758
v 0.00738135 0.02494065 0.08620530
v 0.01039534 0.02789780 0.08662700
v 0.01152559 -0.01869942 0.05799021
v 0.01039534 -0.01730053 0.05961820
v 0.00738135 -0.01758385 0.05988299
v -0.03783484 -0.00479906 0.06721872
v -0.03991324 -0.00051385 0.06953319
v -0.04088023 -0.00386941 0.06679701
v -0.04271374 -0.00336475 0.06643414
v 0.00738135 -0.01610528 0.06124618
v 0.00436107 -0.01631777 0.06144232
v 0.00436107 -0.01463556 0.06295261
v 0.00134708 -0.01333406 0.06437465
v -0.00167319 -0.01172268 0.06602224
v -0.00167319 -0.01344030 0.06451195
v -0.00468719 -0.01182007 0.06609089
v -0.00468719 -0.01351113 0.06458060
v -0.00468719 -0.01034150 0.06736582
v -0.00770118 -0.01040347 0.06741485
v -0.00770118 -0.00860616 0.06892515
v -0.01072145 -0.01043003 0.06741485
v -0.01072145 -0.00861502 0.06892515
v -0.01373545 -0.00857075 0.06890554
v -0.01675572 -0.00845565 0.06880746
v -0.01976971 -0.00826087 0.06867017
v -0.01976971 -0.00678229 0.06982740
v -0.02000204 -0.00445376 0.07153384
v -0.02115741 -0.00315226 0.07232822
v -0.02277743 -0.00149661 0.07324028
v -0.02579770 -0.00113361 0.07296568
v -0.02881170 -0.00068207 0.07266166
v -0.02881170 -0.00216064 0.07164172
v -0.03069544 -0.00036333 0.07244590
v -0.03175034 -0.00148776 0.07138674
v -0.03270477 0.00002623 0.07218112
v -0.03483968 -0.00185076 0.07023930
v -0.03785996 -0.00100965 0.06987644
v -0.03785996 -0.00248823 0.06883689
v -0.05262225 -0.00425898 0.06047141
v -0.05262225 0.00050433 0.06409024
v -0.05262225 -0.00134610 0.06274667
v -0.05022989 0.00105327 0.06586533
v -0.05143549 0.00273548 0.06630665
v -0.05262225 -0.00330277 0.06122657
v -0.04379375 -0.00175337 0.06712064
v -0.04389422 0.00068141 0.06873882
v -0.04621751 -0.00080602 0.06670874
v -0.04685171 0.00130117 0.06778753
v -0.04748590 0.00347034 0.06886631
v -0.04942616 0.00190323 0.06685585
v -0.05262225 0.03086380 0.07676104
v -0.05262225 0.02869464 0.07639817
v -0.05022989 0.02789780 0.07769271
v -0.04872289 0.02789780 0.07855574
v -0.04844033 0.02637496 0.07839883
v -0.04691450 0.02789780 0.07945799
v -0.04380632 0.02772958 0.08089964
v -0.04274514 0.02860610 0.08156653
v -0.04227420 0.02663172 0.08137038
v -0.04111256 0.02772958 0.08203727
v -0.04013301 0.02494065 0.08169402
v -0.03949881 0.02331156 0.08145865
v -0.03767158 0.02218714 0.08171363
v -0.03183197 0.02197465 0.08336123
v -0.03654134 0.02033671 0.08147826
v -0.03484596 0.01969924 0.08172344
v -0.02896867 0.02197465 0.08406734
v -0.02881170 0.01901750 0.08300817
v -0.02553398 0.01929197 0.08377313
v -0.02435978 0.02046952 0.08444002
v -0.02277743 0.02016849 0.08455770
v -0.01373545 0.02197465 0.08608761
v -0.01072145 0.02197465 0.08618568
v -0.00770118 0.02197465 0.08621510
v -0.01976971 0.01969039 0.08475384
v -0.01976971 0.01820296 0.08417522
v -0.01675572 0.01935394 0.08489114
v -0.00468719 0.02197465 0.08615626
v -0.00167319 0.02197465 0.08603857
v 0.00134708 0.02197465 0.08584243
v 0.01152559 0.03053622 0.08711735
v 0.00436107 0.02197465 0.08553841
v 0.00664668 0.02016849 0.08456750
v 0.00754461 0.02174445 0.08500882
v 0.01039534 0.02248817 0.08479307
v 0.01039534 0.02494065 0.08568552
v 0.01152559 0.02604737 0.08580320
v 0.01152559 0.02789780 0.08639163
v 0.01152559 -0.01717658 0.05950051
v 0.01152559 -0.01662765 0.06002029
v 0.01039534 -0.01582196 0.06099120
v -0.04192257 0.00005279 0.06914091
v -0.04089907 -0.00157629 0.06840538
v -0.03786623 0.00139856 0.07148481
v -0.03887090 0.00300109 0.07219092
v -0.04089907 0.00112410 0.07023930
v 0.01039534 -0.01412204 0.06250149
v 0.00738135 -0.01439651 0.06275648
v 0.00436107 -0.01315698 0.06419812
v 0.00134708 -0.01155446 0.06588495
v -0.00167319 -0.01023525 0.06724813
v -0.00468719 -0.00853533 0.06887611
v -0.00770118 -0.00712759 0.07011181
v -0.01072145 -0.00712759 0.07012162
v -0.01373545 -0.00709217 0.07007258
v -0.01675572 -0.00696822 0.06998432
v -0.01675572 -0.00497613 0.07149462
v -0.01915436 -0.00333819 0.07245571
v -0.02000204 -0.00198357 0.07328932
v -0.02277743 0.00074339 0.07475058
v -0.02593584 0.00141627 0.07462309
v -0.02704097 0.00281516 0.07531939
v -0.02881170 0.00125690 0.07391697
v -0.02881170 0.00314275 0.07511344
v -0.03175034 0.00111524 0.07311279
v -0.03484596 0.00051319 0.07185748
v -0.03183197 0.00376251 0.07475058
v -0.03484596 0.00199176 0.07281858
v -0.05262225 0.00157564 0.06479636
v -0.05240875 0.00470986 0.06690488
v -0.05262225 0.00450622 0.06664990
v -0.05262225 0.00352346 0.06605167
v -0.04870405 0.00544472 0.06948416
v -0.05071338 0.00643634 0.06891534
v -0.04389422 0.00215998 0.06970972
v -0.04547657 0.00268235 0.06935666
v -0.04665705 0.00435571 0.06981760
v -0.05262225 0.02812800 0.07629030
v -0.05262225 0.02644579 0.07593724
v -0.05222038 0.02494065 0.07584898
v -0.04963965 0.02520627 0.07741811
v -0.04790660 0.02440057 0.07813403
v -0.04690194 0.02520627 0.07883034
v -0.04389422 0.02494065 0.08016411
v -0.04408260 0.02183299 0.07915397
v -0.04164629 0.02494065 0.08113501
v -0.04065418 0.02218714 0.08065447
v -0.03855066 0.02133718 0.08113501
v -0.03205174 0.01877845 0.08212553
v -0.03767158 0.01921229 0.08066427
v -0.03805461 0.01583901 0.07918339
v -0.03484596 0.01822067 0.08114482
v -0.03320710 0.01762747 0.08138019
v -0.03119777 0.01698114 0.08164498
v -0.02943961 0.01500676 0.08123309
v -0.02858565 0.01601609 0.08183132
v -0.02277743 0.01868991 0.08397908
v -0.02579770 0.01606035 0.08240013
v -0.02277743 0.01606035 0.08290029
v -0.01373545 0.01915916 0.08497940
v -0.01072145 0.01908833 0.08502843
v -0.00770118 0.01909719 0.08503825
v -0.00468719 0.01914146 0.08500882
v -0.01675572 0.01787537 0.08429290
v -0.01976971 0.01606035 0.08327296
v -0.01675572 0.01606035 0.08353775
v -0.00167319 0.01923885 0.08494998
v 0.00134708 0.01945134 0.08486172
v 0.00436107 0.01979663 0.08471461
v 0.00436107 0.01831806 0.08411638
v 0.00738135 0.01606035 0.08271396
v 0.00754461 0.01911489 0.08397908
v 0.01039534 0.01901750 0.08343969
v 0.00866229 0.02060232 0.08439098
v 0.01039534 0.02100959 0.08424387
v 0.01152559 0.02278034 0.08468519
v 0.01152559 0.02487868 0.08542072
v 0.01152559 -0.01569801 0.06088331
v -0.03686157 0.00247872 0.07251456
v -0.04088023 0.00361200 0.07182806
v -0.03786623 0.00408125 0.07316182
v -0.03809228 0.00714464 0.07485846
v -0.04088023 0.00509057 0.07270089
v 0.01152559 -0.01398924 0.06239361
v 0.01039534 -0.01264347 0.06377642
v 0.00738135 -0.01291793 0.06400198
v 0.00436107 -0.01133311 0.06570842
v 0.00134708 -0.01007588 0.06710103
v -0.00167319 -0.00838482 0.06875843
v -0.00167319 -0.00690624 0.06993528
v -0.00468719 -0.00705676 0.07004316
v -0.00468719 -0.00509123 0.07156326
v -0.00770118 -0.00515320 0.07162211
v -0.01072145 -0.00514435 0.07163192
v -0.01373545 -0.00509123 0.07158288
v -0.01675572 -0.00349756 0.07257340
v -0.01675572 -0.00170025 0.07380910
v -0.01675572 0.00018560 0.07509382
v -0.01976971 0.00043350 0.07494673
v -0.01976971 0.00191208 0.07589801
v -0.02277743 0.00222196 0.07569207
v -0.02502536 0.00251413 0.07550573
v -0.02593584 0.00396615 0.07622165
v -0.02579770 0.00666654 0.07783982
v -0.02881170 0.00462132 0.07601570
v -0.03183197 0.00524109 0.07564303
v -0.03351478 0.00561294 0.07541746
v -0.03465131 0.00446196 0.07439752
v -0.05262225 0.00550670 0.06722852
v -0.04979663 0.00732171 0.06991567
v -0.04683286 0.00728630 0.07142596
v -0.04778102 0.00925183 0.07204382
v -0.05165526 0.00841072 0.06945474
v -0.05262225 0.00748108 0.06834653
v -0.05262225 0.00695871 0.06805232
v -0.04366190 0.00446196 0.07122002
v -0.04451586 0.00636551 0.07197516
v -0.05262225 0.02494065 0.07560380
v -0.05175573 0.02283347 0.07557438
v -0.04690194 0.02183299 0.07784963
v -0.04589099 0.02271836 0.07862439
v -0.05010430 0.02189497 0.07620203
v -0.04320352 0.01960185 0.07874207
v -0.04521912 0.02074398 0.07831057
v -0.04112512 0.01877845 0.07925205
v -0.04028999 0.01668897 0.07875189
v -0.03484596 0.01606035 0.08026218
v -0.03919114 0.01471459 0.07833018
v -0.03718181 0.01399743 0.07865381
v -0.03205174 0.01601609 0.08101733
v -0.03183197 0.01309435 0.07978163
v -0.02858565 0.01335996 0.08065447
v -0.02743028 0.01451980 0.08143903
v -0.02579770 0.01417451 0.08159595
v -0.02277743 0.01363443 0.08184113
v -0.01373545 0.01768059 0.08437136
v -0.01373545 0.01606035 0.08369467
v -0.01072145 0.01760090 0.08440078
v -0.01072145 0.01606035 0.08374371
v -0.00770118 0.01309435 0.08246878
v -0.00468719 0.01309435 0.08243936
v -0.00468719 0.01606035 0.08370447
v -0.00167319 0.01776027 0.08434194
v -0.01960646 0.01292613 0.08191958
v -0.01849505 0.01155380 0.08143903
v -0.01675572 0.01309435 0.08226283
v 0.00134708 0.01797276 0.08425368
v 0.00134708 0.01606035 0.08344949
v 0.00436107 0.01606035 0.08314547
v 0.00738135 0.01388233 0.08174306
v 0.00961045 0.01428075 0.08154691
v 0.01052720 0.01583016 0.08205688
v 0.01152559 0.01692802 0.08234129
v 0.01152559 0.01901750 0.08322393
v 0.01152559 0.02138145 0.08415561
v -0.03552411 0.00612646 0.07513306
v -0.04250653 0.00561294 0.07239687
v -0.03723832 0.00810084 0.07566264
v -0.03924765 0.00872946 0.07532920
v -0.04088023 0.00718005 0.07387775
v 0.01152559 -0.01344030 0.06286435
v 0.01152559 -0.01251066 0.06365873
v 0.01039534 -0.01080189 0.06528671
v 0.00738135 -0.00961549 0.06672836
v 0.00738135 -0.01109406 0.06551227
v 0.00436107 -0.00985454 0.06692450
v 0.00134708 -0.00819889 0.06861132
v 0.00134708 -0.00671146 0.06977837
v 0.00134708 -0.00477249 0.07128866
v 0.00134708 -0.00329392 0.07243610
v -0.00167319 -0.00495842 0.07144558
v -0.00167319 -0.00347985 0.07257340
v -0.00468719 -0.00361265 0.07266166
v -0.00770118 -0.00367463 0.07270089
v -0.01373545 -0.00361265 0.07266166
v -0.01072145 -0.00366578 0.07269109
v -0.01373545 -0.00170025 0.07399543
v -0.01373545 0.00003509 0.07519190
v -0.01373545 0.00151366 0.07616280
v -0.01675572 0.00167303 0.07606473
v -0.01675572 0.00408125 0.07757503
v -0.01948087 0.00450622 0.07753580
v -0.02029088 0.00587855 0.07829095
v -0.02277743 0.00421405 0.07691795
v -0.02277743 0.00619729 0.07811442
v -0.02579770 0.00814511 0.07867343
v -0.02771912 0.00849041 0.07848709
v -0.02876146 0.00737484 0.07761426
v -0.03183197 0.00718005 0.07676104
v -0.04877941 0.01122621 0.07255378
v -0.04577169 0.00833989 0.07252436
v -0.04683286 0.01019918 0.07297549
v -0.05235224 0.01013720 0.06990586
v -0.05078874 0.01238605 0.07197516
v -0.05262225 0.01013720 0.06972934
v -0.04366190 0.00728630 0.07283819
v -0.05262225 0.02208975 0.07478000
v -0.05122828 0.02085908 0.07525075
v -0.04691450 0.01901750 0.07685911
v -0.04910592 0.01901750 0.07575091
v -0.04408260 0.01877845 0.07804577
v -0.04229932 0.01762747 0.07834979
v -0.04678892 0.01626399 0.07582937
v -0.04112512 0.01583901 0.07806539
v -0.03475806 0.01304123 0.07894803
v -0.04373724 0.01320945 0.07585878
v -0.04088023 0.01309435 0.07693757
v -0.04088023 0.01077467 0.07580975
v -0.03805461 0.01304123 0.07791828
v -0.03570621 0.01202305 0.07819288
v -0.03369688 0.01140329 0.07849690
v -0.03183197 0.01091633 0.07873227
v -0.02876146 0.01000440 0.07900687
v -0.02579770 0.01269593 0.08091925
v -0.02277743 0.01215586 0.08116443
v -0.02050437 0.01182827 0.08131154
v -0.01373545 0.01309435 0.08240013
v -0.01072145 0.01309435 0.08245897
v -0.00770118 0.01117309 0.08162537
v -0.00468719 0.01120850 0.08160576
v -0.00167319 0.01309435 0.08235109
v -0.01675572 0.01142099 0.08150768
v -0.02277743 0.01013720 0.08018372
v -0.01960646 0.01039396 0.08072311
v -0.01948087 0.00699413 0.07897745
v -0.01675572 0.00718005 0.07934031
v -0.01675572 0.00994242 0.08077215
v 0.00053707 0.01145641 0.08148807
v 0.00146010 0.01284645 0.08201765
v 0.00254640 0.01168661 0.08138019
v 0.00436107 0.01342194 0.08194900
v 0.00436107 0.01194337 0.08126251
v 0.00738135 0.01240376 0.08103694
v 0.01152559 0.01467917 0.08137038
v 0.01052720 0.01321830 0.08086041
v -0.03183197 0.00943776 0.07799673
v -0.03465131 0.00714464 0.07593724
v -0.03475806 0.01030542 0.07761426
v -0.04088023 0.00929610 0.07503499
v -0.03809228 0.00988930 0.07631972
v 0.01152559 -0.01169612 0.06432561
v 0.01152559 -0.00918166 0.06637530
v 0.01039534 -0.00931446 0.06648318
v 0.00436107 -0.00795984 0.06843479
v 0.00750065 -0.00740205 0.06842499
v 0.00491992 -0.00300175 0.07222034
v 0.00291059 -0.00318767 0.07235764
v 0.00134708 -0.00170025 0.07360314
v -0.00167319 -0.00170025 0.07386794
v -0.00167319 0.00008821 0.07515267
v -0.00468719 -0.00000918 0.07522132
v -0.00770118 -0.00170025 0.07409350
v -0.01072145 -0.00170025 0.07407389
v -0.01072145 -0.00003574 0.07524094
v -0.01072145 0.00145168 0.07622165
v -0.01373545 0.00390417 0.07768291
v -0.01675572 0.00555982 0.07846748
v -0.01828156 0.00569263 0.07838902
v -0.02277743 0.00767586 0.07891861
v -0.02579770 0.01013720 0.07968356
v -0.02972845 0.00892424 0.07825172
v -0.04678892 0.01320945 0.07447598
v -0.04771823 0.01540518 0.07502518
v -0.04984058 0.01326257 0.07292646
v -0.04373724 0.01030542 0.07442694
v -0.04464144 0.01230637 0.07503499
v -0.04570262 0.01428075 0.07551553
v -0.05262225 0.01288186 0.07108272
v -0.05262225 0.01127048 0.07028834
v -0.05160503 0.01436044 0.07245571
v -0.04262583 0.01141214 0.07547631
v -0.05262225 0.01943363 0.07385813
v -0.05061292 0.01901750 0.07490749
v -0.04854080 0.01737956 0.07543708
v -0.04389422 0.01606035 0.07704544
v -0.01373545 0.01127933 0.08156653
v -0.01072145 0.01119965 0.08160576
v -0.01072145 0.00972108 0.08089964
v -0.00770118 0.00969452 0.08090945
v -0.00167319 0.01131475 0.08155672
v -0.00468719 0.00972993 0.08088003
v -0.01373545 0.00980076 0.08086041
v -0.01373545 0.00539160 0.07856555
v -0.01373545 0.00718005 0.07952665
v -0.00167319 0.00983618 0.08082119
v -0.00167319 0.00718005 0.07947761
v 0.00146638 0.00691444 0.07909513
v 0.00146010 0.01034084 0.08084080
v 0.00436107 0.01013720 0.08038967
v 0.00738135 0.01013720 0.07992874
v 0.01152559 0.01317403 0.08063485
v 0.01060883 0.00988044 0.07918339
v 0.01152559 0.01009293 0.07910494
v 0.01152559 -0.00571099 0.06900361
v 0.01039534 -0.00587036 0.06912130
v 0.01039534 -0.00761454 0.06779734
v 0.00858694 -0.00607399 0.06927821
v 0.00738135 -0.00271843 0.07201439
v 0.00738135 -0.00123985 0.07308337
v 0.00436107 0.00056631 0.07483884
v 0.00409107 -0.00188617 0.07313241
v 0.00134708 0.00028299 0.07502518
v -0.00167319 0.00156678 0.07614319
v -0.00468719 0.00147825 0.07621184
v -0.00770118 0.00142512 0.07624126
v -0.00770118 -0.00005345 0.07525075
v -0.01072145 0.00383334 0.07773195
v -0.05262225 0.01338652 0.07132790
v -0.05218271 0.01606035 0.07280877
v -0.05262225 0.01606035 0.07253417
v -0.05262225 0.01736185 0.07305395
v -0.01072145 0.00718005 0.07960510
v -0.00770118 0.00718005 0.07962472
v -0.00468719 0.00718005 0.07958549
v -0.01072145 0.00532077 0.07860478
v -0.00468719 0.00531191 0.07861459
v -0.00167319 0.00540931 0.07855574
v 0.00054335 0.00555982 0.07846748
v 0.00436107 0.00747223 0.07903629
v 0.00255268 0.00575460 0.07835960
v 0.00738135 0.00792377 0.07879111
v 0.00974231 0.00833989 0.07856555
v 0.01152559 0.00895080 0.07852632
v 0.01152559 -0.00423242 0.07011181
v 0.01039534 -0.00439178 0.07022950
v 0.01039534 -0.00232886 0.07173980
v 0.01039534 -0.00085029 0.07279896
v 0.00738135 0.00092931 0.07459367
v 0.00436107 0.00204489 0.07581955
v 0.00134708 0.00176157 0.07601570
v -0.00167319 0.00393073 0.07765349
v -0.00468719 0.00383334 0.07772214
v -0.00770118 0.00380678 0.07775156
v -0.00770118 0.00529421 0.07862439
v 0.00146638 0.00443539 0.07768291
v 0.00436107 0.00599365 0.07822230
v 0.00436107 0.00421405 0.07716313
v 0.00738135 0.00644519 0.07795751
v 0.01060883 0.00727744 0.07779078
v 0.01152559 0.00842843 0.07824191
v 0.01152559 0.00867634 0.07837921
v 0.01152559 -0.00206325 0.07169076
v 0.01152559 -0.00147005 0.07212227
v 0.01152559 -0.00069092 0.07268128
v 0.01023208 0.00150481 0.07442694
v 0.00912067 0.00266465 0.07541746
v 0.00738135 0.00240789 0.07557438
v 0.00738135 0.00421405 0.07666297
v 0.01023208 0.00408125 0.07602550
v 0.01152559 0.00439998 0.07594705
v 0.01152559 0.00724203 0.07757503
v 0.01152559 0.00131002 0.07402485
v 0.01113628 0.00300109 0.07521151
v 0.01152559 0.00331982 0.07531939
v 0.01152559 0.00307192 0.07517229
f 7332 7333 7340
f 7332 7340 7334
f 7332 7334 7335
f 7332 7335 7336
f 7332 7336 7337
f 7332 7337 7338
f 7332 7338 7333
f 7333 7339 7340
f 7333 7338 7341
f 7333 7341 7339
f 7334 7340 7342
f 7334 7342 7343
f 7334 7343 7344
f 7334 7344 7335
f 7335 7344 7345
f 7335 7345 7336
f 7336 7345 7346
f 7336 7346 7347
f 7336 7347 7337
f 7337 7347 7348
f 7337 7348 7349
f 7337 7349 7338
f 7338 7349 7341
f 7339 7350 7351
f 7339 7351 7340
f 7339 7341 7352
f 7339 7352 7350
f 7340 7351 7342
f 7341 7349 7353
f 7341 7353 7352
f 7342 7354 7355
f 7342 7355 7356
f 7342 7356 7343
f 7342 7351 7354
f 7343 7356 7357
f 7343 7357 7344
f 7344 7357 7358
f 7344 7358 7359
f 7344 7359 7360
f 7344 7360 7345
f 7345 7361 7346
f 7345 7360 7362
f 7345 7362 7363
f 7345 7363 7361
f 7346 7361 7364
f 7346 7364 7365
f 7346 7365 7366
f 7346 7366 7347
f 7347 7366 7367
f 7347 7367 7348
f 7348 7367 7368
f 7348 7368 7369
f 7348 7369 7349
f 7349 7369 7370
f 7349 7370 7353
f 7350 7371 7372
f 7350 7372 7373
f 7350 7373 7351
f 7350 7352 7371
f 7351 7373 7354
f 7352 7374 7371
f 7352 7353 7375
f 7352 7375 7405
f 7352 7405 7374
f 7353 7370 7375
f 7354 7376 7377
f 7354 7377 7355
f 7354 7373 7376
f 7355 7377 7378
f 7355 7378 7356
f 7356 7378 7379
f 7356 7379 7380
f 7356 7380 7357
f 7357 7380 7358
f 7358 7380 7381
f 7358 7381 7359
f 7359 7382 7360
f 7359 7381 7383
f 7359 7383 7384
f 7359 7384 7385
f 7359 7385 7382
f 7360 7382 7362
f 7361 7363 7386
f 7361 7386 7387
f 7361 7387 7388
f 7361 7388 7389
f 7361 7389 7364
f 7362 7386 7363
f 7362 7382 7390
f 7362 7390 7386
f 7364 7389 7391
f 7364 7391 7392
f 7364 7392 7393
f 7364 7393 7394
f 7364 7394 7365
f 7365 7394 7366
f 7366 7394 7395
f 7366 7395 7396
f 7366 7396 7367
f 7367 7396 7397
f 7367 7397 7398
f 7367 7398 7368
f 7368 7398 7397
f 7368 7397 7431
f 7368 7431 7430
f 7368 7430 7458
f 7368 7458 7494
f 7368 7494 7542
f 7368 7542 7541
f 7368 7541 7604
f 7368 7604 7603
f 7368 7603 7602
f 7368 7602 7591
f 7368 7591 7590
f 7368 7590 7589
f 7368 7589 7588
f 7368 7588 7634
f 7368 7634 7677
f 7368 7677 7676
f 7368 7676 7720
f 7368 7720 7731
f 7368 7731 7730
f 7368 7730 7784
f 7368 7784 7783
f 7368 7783 7838
f 7368 7838 7796
f 7368 7796 7793
f 7368 7793 7737
f 7368 7737 7691
f 7368 7691 7647
f 7368 7647 7607
f 7368 7607 7555
f 7368 7555 7554
f 7368 7554 7505
f 7368 7505 7502
f 7368 7502 7465
f 7368 7465 7437
f 7368 7437 7408
f 7368 7408 7407
f 7368 7407 7399
f 7368 7399 7370
f 7368 7370 7369
f 7370 7399 7375
f 7371 7400 7401
f 7371 7401 7372
f 7371 7374 7400
f 7372 7401 7402
f 7372 7402 7403
f 7372 7403 7373
f 7373 7403 7376
f 7374 7404 7400
f 7374 7405 7406
f 7374 7406 7404
f 7375 7399 7407
f 7375 7407 7408
f 7375 7408 7405
f 7376 7403 7409
f 7376 7409 7410
f 7376 7410 7377
f 7377 7410 7411
f 7377 7411 7412
f 7377 7412 7378
f 7378 7412 7413
f 7378 7413 7414
f 7378 7414 7379
f 7379 7414 7415
f 7379 7415 7416
f 7379 7416 7380
f 7380 7416 7383
f 7380 7383 7381
f 7382 7385 7417
f 7382 7417 7418
f 7382 7418 7390
f 7383 7416 7419
f 7383 7419 7420
f 7383 7420 7384
f 7384 7420 7446
f 7384 7446 7417
f 7384 7417 7385
f 7386 7390 7421
f 7386 7421 7422
f 7386 7422 7387
f 7387 7422 7388
f 7388 7423 7424
f 7388 7424 7389
f 7388 7422 7423
f 7389 7424 7425
f 7389 7425 7392
f 7389 7392 7391
f 7390 7418 7426
f 7390 7426 7421
f 7392 7427 7393
f 7392 7425 7428
f 7392 7428 7429
f 7392 7429 7427
f 7393 7427 7394
f 7394 7427 7395
f 7395 7430 7396
f 7395 7427 7430
f 7396 7430 7431
f 7396 7431 7397
f 7400 7432 7433
f 7400 7433 7401
f 7400 7404 7432
f 7401 7433 7402
f 7402 7434 7435
f 7402 7435 7409
f 7402 7409 7403
f 7402 7433 7434
f 7404 7436 7432
f 7404 7406 7436
f 7405 7408 7437
f 7405 7437 7406
f 7406 7438 7436
f 7406 7437 7438
f 7409 7439 7411
f 7409 7411 7410
f 7409 7435 7439
f 7411 7439 7440
f 7411 7440 7441
f 7411 7441 7412
f 7412 7441 7413
f 7413 7441 7471
f 7413 7471 7442
f 7413 7442 7443
f 7413 7443 7414
f 7414 7443 7415
f 7415 7443 7444
f 7415 7444 7445
f 7415 7445 7416
f 7416 7445 7419
f 7417 7446 7447
f 7417 7447 7426
f 7417 7426 7418
f 7419 7445 7475
f 7419 7475 7448
f 7419 7448 7420
f 7420 7448 7449
f 7420 7449 7476
f 7420 7476 7446
f 7421 7426 7450
f 7421 7450 7422
f 7422 7450 7482
f 7422 7482 7451
f 7422 7451 7423
f 7423 7452 7424
f 7423 7451 7453
f 7423 7453 7454
f 7423 7454 7452
f 7424 7452 7455
f 7424 7455 7456
f 7424 7456 7425
f 7425 7456 7457
f 7425 7457 7428
f 7426 7447 7450
f 7427 7429 7430
f 7428 7457 7458
f 7428 7458 7430
f 7428 7430 7429
f 7432 7459 7460
f 7432 7460 7433
f 7432 7436 7461
f 7432 7461 7459
f 7433 7460 7434
f 7434 7460 7462
f 7434 7462 7463
f 7434 7463 7464
f 7434 7464 7435
f 7435 7464 7439
f 7436 7438 7461
f 7437 7465 7438
f 7438 7466 7467
f 7438 7467 7461
f 7438 7465 7502
f 7438 7502 7466
f 7439 7464 7468
f 7439 7468 7440
f 7440 7468 7469
f 7440 7469 7470
f 7440 7470 7471
f 7440 7471 7441
f 7442 7471 7511
f 7442 7511 7472
f 7442 7472 7473
f 7442 7473 7443
f 7443 7473 7474
f 7443 7474 7444
f 7444 7474 7475
f 7444 7475 7445
f 7446 7476 7477
f 7446 7477 7447
f 7447 7477 7478
f 7447 7478 7450
f 7448 7475 7516
f 7448 7516 7479
f 7448 7479 7449
f 7449 7479 7480
f 7449 7480 7481
f 7449 7481 7476
f 7450 7478 7483
f 7450 7483 7482
f 7451 7482 7484
f 7451 7484 7453
f 7452 7454 7485
f 7452 7485 7486
f 7452 7486 7487
f 7452 7487 7455
f 7453 7488 7454
f 7453 7484 7489
f 7453 7489 7490
f 7453 7490 7488
f 7454 7488 7485
f 7455 7491 7492
f 7455 7492 7456
f 7455 7487 7491
f 7456 7492 7493
f 7456 7493 7457
f 7457 7493 7494
f 7457 7494 7458
f 7459 7495 7496
f 7459 7496 7460
f 7459 7461 7467
f 7459 7467 7495
f 7460 7496 7462
f 7462 7497 7498
f 7462 7498 7463
f 7462 7496 7499
f 7462 7499 7497
f 7463 7498 7500
f 7463 7500 7501
f 7463 7501 7468
f 7463 7468 7464
f 7466 7503 7504
f 7466 7504 7467
f 7466 7502 7505
f 7466 7505 7503
f 7467 7504 7506
f 7467 7506 7495
f 7468 7501 7507
f 7468 7507 7469
f 7469 7507 7508
f 7469 7508 7509
f 7469 7509 7510
f 7469 7510 7470
f 7470 7510 7511
f 7470 7511 7471
f 7472 7511 7512
f 7472 7512 7513
f 7472 7513 7473
f 7473 7513 7514
f 7473 7514 7515
f 7473 7515 7474
f 7474 7515 7516
f 7474 7516 7475
f 7476 7517 7477
f 7476 7481 7518
f 7476 7518 7517
f 7477 7517 7519
f 7477 7519 7520
f 7477 7520 7521
f 7477 7521 7478
f 7478 7521 7520
f 7478 7520 7522
f 7478 7522 7483
f 7479 7516 7523
f 7479 7523 7524
f 7479 7524 7480
f 7480 7524 7525
f 7480 7525 7481
f 7481 7525 7526
f 7481 7526 7518
f 7482 7483 7527
f 7482 7527 7528
f 7482 7528 7484
f 7483 7522 7527
f 7484 7528 7529
f 7484 7529 7489
f 7485 7530 7531
f 7485 7531 7486
f 7485 7488 7530
f 7486 7531 7487
f 7487 7531 7532
f 7487 7532 7533
f 7487 7533 7491
f 7488 7490 7534
f 7488 7534 7535
f 7488 7535 7536
f 7488 7536 7537
f 7488 7537 7530
f 7489 7534 7490
f 7489 7529 7538
f 7489 7538 7534
f 7491 7533 7539
f 7491 7539 7540
f 7491 7540 7492
f 7492 7540 7604
f 7492 7604 7541
f 7492 7541 7493
f 7493 7541 7542
f 7493 7542 7494
f 7495 7506 7499
f 7495 7499 7496
f 7497 7543 7544
f 7497 7544 7498
f 7497 7499 7545
f 7497 7545 7543
f 7498 7544 7500
f 7499 7506 7546
f 7499 7546 7545
f 7500 7544 7547
f 7500 7547 7548
f 7500 7548 7549
f 7500 7549 7550
f 7500 7550 7507
f 7500 7507 7501
f 7503 7551 7552
f 7503 7552 7553
f 7503 7553 7504
f 7503 7505 7554
f 7503 7554 7555
f 7503 7555 7551
f 7504 7553 7556
f 7504 7556 7506
f 7506 7557 7546
f 7506 7556 7557
f 7507 7550 7558
f 7507 7558 7508
f 7508 7558 7559
f 7508 7559 7560
f 7508 7560 7509
f 7509 7560 7561
f 7509 7561 7510
f 7510 7561 7562
f 7510 7562 7511
f 7511 7562 7512
f 7512 7563 7564
f 7512 7564 7513
f 7512 7562 7563
f 7513 7564 7565
f 7513 7565 7514
f 7514 7565 7566
f 7514 7566 7567
f 7514 7567 7515
f 7515 7567 7516
f 7516 7567 7568
f 7516 7568 7523
f 7517 7518 7569
f 7517 7569 7519
f 7518 7526 7570
f 7518 7570 7571
f 7518 7571 7572
f 7518 7572 7569
f 7519 7569 7573
f 7519 7573 7520
f 7520 7573 7574
f 7520 7574 7575
f 7520 7575 7576
f 7520 7576 7522
f 7522 7576 7527
f 7523 7568 7618
f 7523 7618 7577
f 7523 7577 7524
f 7524 7577 7578
f 7524 7578 7579
f 7524 7579 7525
f 7525 7579 7580
f 7525 7580 7581
f 7525 7581 7526
f 7526 7581 7582
f 7526 7582 7570
f 7527 7529 7528
f 7527 7576 7583
f 7527 7583 7529
f 7529 7583 7584
f 7529 7584 7538
f 7530 7537 7531
f 7531 7585 7532
f 7531 7537 7585
f 7532 7585 7586
f 7532 7586 7587
f 7532 7587 7533
f 7533 7588 7589
f 7533 7589 7590
f 7533 7590 7591
f 7533 7591 7539
f 7533 7587 7588
f 7534 7592 7593
f 7534 7593 7535
f 7534 7538 7594
f 7534 7594 7592
f 7535 7593 7536
f 7536 7595 7537
f 7536 7593 7596
f 7536 7596 7595
f 7537 7597 7598
f 7537 7598 7599
f 7537 7599 7585
f 7537 7595 7597
f 7538 7584 7600
f 7538 7600 7601
f 7538 7601 7594
f 7539 7591 7602
f 7539 7602 7603
f 7539 7603 7540
f 7540 7603 7604
f 7543 7545 7546
f 7543 7546 7557
f 7543 7557 7556
f 7543 7556 7553
f 7543 7553 7552
f 7543 7552 7551
f 7543 7551 7607
f 7543 7607 7647
f 7543 7647 7692
f 7543 7692 7742
f 7543 7742 7799
f 7543 7799 7855
f 7543 7855 7905
f 7543 7905 7949
f 7543 7949 7948
f 7543 7948 7999
f 7543 7999 8053
f 7543 8053 8110
f 7543 8110 8109
f 7543 8109 8165
f 7543 8165 8224
f 7543 8224 8293
f 7543 8293 8366
f 7543 8366 8448
f 7543 8448 8447
f 7543 8447 8530
f 7543 8530 8529
f 7543 8529 8609
f 7543 8609 8692
f 7543 8692 8699
f 7543 8699 8698
f 7543 8698 8778
f 7543 8778 8777
f 7543 8777 8856
f 7543 8856 8855
f 7543 8855 8854
f 7543 8854 8935
f 7543 8935 8992
f 7543 8992 8994
f 7543 8994 9024
f 7543 9024 9042
f 7543 9042 9041
f 7543 9041 9052
f 7543 9052 9051
f 7543 9051 9055
f 7543 9055 9056
f 7543 9056 9053
f 7543 9053 9045
f 7543 9045 9044
f 7543 9044 9043
f 7543 9043 9025
f 7543 9025 8995
f 7543 8995 8943
f 7543 8943 8942
f 7543 8942 8863
f 7543 8863 8862
f 7543 8862 8785
f 7543 8785 8779
f 7543 8779 8701
f 7543 8701 8700
f 7543 8700 8614
f 7543 8614 8537
f 7543 8537 8536
f 7543 8536 8453
f 7543 8453 8372
f 7543 8372 8371
f 7543 8371 8370
f 7543 8370 8294
f 7543 8294 8226
f 7543 8226 8225
f 7543 8225 8167
f 7543 8167 8166
f 7543 8166 8111
f 7543 8111 8055
f 7543 8055 8054
f 7543 8054 8003
f 7543 8003 8001
f 7543 8001 8000
f 7543 8000 8002
f 7543 8002 7953
f 7543 7953 7952
f 7543 7952 7951
f 7543 7951 7907
f 7543 7907 7860
f 7543 7860 7857
f 7543 7857 7856
f 7543 7856 7801
f 7543 7801 7800
f 7543 7800 7745
f 7543 7745 7744
f 7543 7744 7743
f 7543 7743 7694
f 7543 7694 7693
f 7543 7693 7650
f 7543 7650 7649
f 7543 7649 7648
f 7543 7648 7646
f 7543 7646 7645
f 7543 7645 7605
f 7543 7605 7549
f 7543 7549 7548
f 7543 7548 7547
f 7543 7547 7544
f 7549 7605 7606
f 7549 7606 7550
f 7550 7606 7558
f 7551 7555 7607
f 7558 7606 7608
f 7558 7608 7559
f 7559 7608 7609
f 7559 7609 7610
f 7559 7610 7560
f 7560 7610 7611
f 7560 7611 7561
f 7561 7611 7562
f 7562 7611 7612
f 7562 7612 7563
f 7563 7613 7564
f 7563 7612 7614
f 7563 7614 7613
f 7564 7613 7615
f 7564 7615 7565
f 7565 7615 7616
f 7565 7616 7566
f 7566 7616 7617
f 7566 7617 7567
f 7567 7617 7618
f 7567 7618 7568
f 7569 7572 7573
f 7570 7582 7619
f 7570 7619 7620
f 7570 7620 7571
f 7571 7620 7572
f 7572 7574 7573
f 7572 7620 7574
f 7574 7620 7621
f 7574 7621 7622
f 7574 7622 7623
f 7574 7623 7575
f 7575 7623 7576
f 7576 7623 7583
f 7577 7618 7624
f 7577 7624 7578
f 7578 7624 7625
f 7578 7625 7626
f 7578 7626 7627
f 7578 7627 7580
f 7578 7580 7579
f 7580 7627 7628
f 7580 7628 7582
f 7580 7582 7581
f 7582 7628 7629
f 7582 7629 7619
f 7583 7623 7630
f 7583 7630 7584
f 7584 7630 7631
f 7584 7631 7600
f 7585 7599 7632
f 7585 7632 7586
f 7586 7632 7633
f 7586 7633 7587
f 7587 7633 7588
f 7588 7633 7634
f 7592 7635 7596
f 7592 7596 7593
f 7592 7594 7636
f 7592 7636 7635
f 7594 7601 7637
f 7594 7637 7636
f 7595 7596 7635
f 7595 7635 7638
f 7595 7638 7639
f 7595 7639 7597
f 7597 7639 7598
f 7598 7640 7641
f 7598 7641 7632
f 7598 7632 7599
f 7598 7639 7642
f 7598 7642 7640
f 7600 7631 7601
f 7601 7631 7643
f 7601 7643 7644
f 7601 7644 7637
f 7605 7645 7606
f 7606 7645 7646
f 7606 7646 7608
f 7608 7646 7648
f 7608 7648 7609
f 7609 7649 7650
f 7609 7650 7651
f 7609 7651 7610
f 7609 7648 7649
f 7610 7651 7652
f 7610 7652 7611
f 7611 7652 7653
f 7611 7653 7612
f 7612 7653 7614
f 7613 7614 7654
f 7613 7654 7615
f 7614 7653 7655
f 7614 7655 7656
f 7614 7656 7654
f 7615 7654 7657
f 7615 7657 7616
f 7616 7657 7658
f 7616 7658 7659
f 7616 7659 7617
f 7617 7659 7660
f 7617 7660 7618
f 7618 7660 7624
f 7619 7629 7661
f 7619 7661 7662
f 7619 7662 7620
f 7620 7662 7621
f 7621 7662 7663
f 7621 7663 7664
f 7621 7664 7622
f 7622 7664 7665
f 7622 7665 7666
f 7622 7666 7623
f 7623 7666 7630
f 7624 7660 7667
f 7624 7667 7625
f 7625 7667 7668
f 7625 7668 7626
f 7626 7668 7669
f 7626 7669 7670
f 7626 7670 7671
f 7626 7671 7627
f 7627 7671 7672
f 7627 7672 7628
f 7628 7672 7629
f 7629 7672 7673
f 7629 7673 7661
f 7630 7666 7674
f 7630 7674 7631
f 7631 7674 7643
f 7632 7641 7675
f 7632 7675 7633
f 7633 7675 7676
f 7633 7676 7677
f 7633 7677 7634
f 7635 7636 7678
f 7635 7678 7679
f 7635 7679 7638
f 7636 7637 7678
f 7637 7680 7678
f 7637 7644 7681
f 7637 7681 7680
f 7638 7679 7682
f 7638 7682 7639
f 7639 7682 7642
f 7640 7683 7684
f 7640 7684 7641
f 7640 7642 7685
f 7640 7685 7683
f 7641 7684 7686
f 7641 7686 7675
f 7642 7682 7687
f 7642 7687 7685
f 7643 7674 7688
f 7643 7688 7644
f 7644 7688 7689
f 7644 7689 7690
f 7644 7690 7681
f 7647 7691 7692
f 7650 7693 7651
f 7651 7693 7694
f 7651 7694 7695
f 7651 7695 7652
f 7652 7695 7696
f 7652 7696 7653
f 7653 7696 7655
f 7654 7656 7697
f 7654 7697 7698
f 7654 7698 7657
f 7655 7696 7699
f 7655 7699 7700
f 7655 7700 7656
f 7656 7700 7697
f 7657 7698 7701
f 7657 7701 7702
f 7657 7702 7658
f 7658 7702 7703
f 7658 7703 7659
f 7659 7703 7704
f 7659 7704 7705
f 7659 7705 7660
f 7660 7705 7667
f 7661 7706 7662
f 7661 7673 7707
f 7661 7707 7706
f 7662 7706 7663
f 7663 7706 7708
f 7663 7708 7709
f 7663 7709 7664
f 7664 7709 7665
f 7665 7709 7710
f 7665 7710 7711
f 7665 7711 7666
f 7666 7711 7674
f 7667 7705 7712
f 7667 7712 7668
f 7668 7712 7713
f 7668 7713 7669
f 7669 7713 7714
f 7669 7714 7715
f 7669 7715 7716
f 7669 7716 7670
f 7670 7717 7671
f 7670 7716 7718
f 7670 7718 7717
f 7671 7717 7672
f 7672 7717 7719
f 7672 7719 7673
f 7673 7719 7707
f 7674 7711 7688
f 7675 7686 7731
f 7675 7731 7720
f 7675 7720 7676
f 7678 7680 7721
f 7678 7721 7722
f 7678 7722 7723
f 7678 7723 7679
f 7679 7723 7682
f 7680 7681 7724
f 7680 7724 7721
f 7681 7725 7724
f 7681 7690 7725
f 7682 7723 7687
f 7683 7726 7727
f 7683 7727 7684
f 7683 7685 7728
f 7683 7728 7726
f 7684 7727 7729
f 7684 7729 7686
f 7685 7687 7732
f 7685 7732 7728
f 7686 7729 7730
f 7686 7730 7731
f 7687 7723 7732
f 7688 7711 7733
f 7688 7733 7734
f 7688 7734 7735
f 7688 7735 7689
f 7689 7735 7690
f 7690 7735 7736
f 7690 7736 7725
f 7691 7737 7738
f 7691 7738 7739
f 7691 7739 7740
f 7691 7740 7741
f 7691 7741 7692
f 7692 7741 7742
f 7694 7743 7695
f 7695 7743 7744
f 7695 7744 7745
f 7695 7745 7746
f 7695 7746 7747
f 7695 7747 7696
f 7696 7747 7699
f 7697 7700 7752
f 7697 7752 7748
f 7697 7748 7749
f 7697 7749 7698
f 7698 7749 7750
f 7698 7750 7701
f 7699 7747 7751
f 7699 7751 7752
f 7699 7752 7700
f 7701 7750 7702
f 7702 7750 7753
f 7702 7753 7754
f 7702 7754 7755
f 7702 7755 7756
f 7702 7756 7703
f 7703 7756 7704
f 7704 7756 7757
f 7704 7757 7705
f 7705 7757 7758
f 7705 7758 7712
f 7706 7707 7708
f 7707 7759 7708
f 7707 7719 7760
f 7707 7760 7761
f 7707 7761 7759
f 7708 7762 7710
f 7708 7710 7709
f 7708 7759 7762
f 7710 7762 7733
f 7710 7733 7711
f 7712 7758 7763
f 7712 7763 7713
f 7713 7763 7764
f 7713 7764 7714
f 7714 7764 7765
f 7714 7765 7766
f 7714 7766 7767
f 7714 7767 7715
f 7715 7767 7768
f 7715 7768 7716
f 7716 7768 7769
f 7716 7769 7770
f 7716 7770 7718
f 7717 7718 7719
f 7718 7770 7771
f 7718 7771 7719
f 7719 7771 7772
f 7719 7772 7760
f 7721 7724 7773
f 7721 7773 7774
f 7721 7774 7722
f 7722 7774 7775
f 7722 7775 7723
f 7723 7775 7732
f 7724 7725 7776
f 7724 7776 7773
f 7725 7736 7777
f 7725 7777 7776
f 7726 7778 7779
f 7726 7779 7727
f 7726 7728 7780
f 7726 7780 7778
f 7727 7781 7782
f 7727 7782 7729
f 7727 7779 7781
f 7728 7732 7780
f 7729 7782 7783
f 7729 7783 7784
f 7729 7784 7730
f 7732 7775 7785
f 7732 7785 7786
f 7732 7786 7787
f 7732 7787 7780
f 7733 7762 7788
f 7733 7788 7734
f 7734 7788 7789
f 7734 7789 7735
f 7735 7789 7790
f 7735 7790 7791
f 7735 7791 7736
f 7736 7791 7792
f 7736 7792 7777
f 7737 7793 7739
f 7737 7739 7738
f 7739 7794 7795
f 7739 7795 7741
f 7739 7741 7740
f 7739 7793 7796
f 7739 7796 7794
f 7741 7795 7797
f 7741 7797 7798
f 7741 7798 7742
f 7742 7798 7799
f 7745 7800 7746
f 7746 7800 7801
f 7746 7801 7802
f 7746 7802 7747
f 7747 7802 7751
f 7748 7803 7804
f 7748 7804 7749
f 7748 7752 7803
f 7749 7804 7753
f 7749 7753 7750
f 7751 7802 7805
f 7751 7805 7806
f 7751 7806 7752
f 7752 7806 7803
f 7753 7804 7807
f 7753 7807 7808
f 7753 7808 7809
f 7753 7809 7754
f 7754 7809 7755
f 7755 7810 7756
f 7755 7809 7811
f 7755 7811 7810
f 7756 7810 7757
f 7757 7810 7758
f 7758 7810 7763
f 7759 7761 7812
f 7759 7812 7813
f 7759 7813 7762
f 7760 7772 7814
f 7760 7814 7761
f 7761 7814 7815
f 7761 7815 7812
f 7762 7816 7788
f 7762 7813 7817
f 7762 7817 7816
f 7763 7810 7818
f 7763 7818 7764
f 7764 7818 7819
f 7764 7819 7765
f 7765 7819 7820
f 7765 7820 7766
f 7766 7820 7821
f 7766 7821 7767
f 7767 7821 7822
f 7767 7822 7823
f 7767 7823 7768
f 7768 7823 7822
f 7768 7822 7824
f 7768 7824 7769
f 7769 7824 7825
f 7769 7825 7770
f 7770 7826 7771
f 7770 7825 7827
f 7770 7827 7828
f 7770 7828 7826
f 7771 7826 7772
f 7772 7826 7828
f 7772 7828 7829
f 7772 7829 7830
f 7772 7830 7831
f 7772 7831 7814
f 7773 7832 7833
f 7773 7833 7834
f 7773 7834 7774
f 7773 7776 7832
f 7774 7834 7785
f 7774 7785 7775
f 7776 7835 7832
f 7776 7777 7836
f 7776 7836 7835
f 7777 7792 7837
f 7777 7837 7836
f 7778 7780 7787
f 7778 7787 7786
f 7778 7786 7785
f 7778 7785 7834
f 7778 7834 7833
f 7778 7833 7887
f 7778 7887 7888
f 7778 7888 7890
f 7778 7890 7889
f 7778 7889 7891
f 7778 7891 7934
f 7778 7934 7900
f 7778 7900 7899
f 7778 7899 7898
f 7778 7898 7941
f 7778 7941 7990
f 7778 7990 7989
f 7778 7989 7988
f 7778 7988 8039
f 7778 8039 8091
f 7778 8091 8090
f 7778 8090 8089
f 7778 8089 8145
f 7778 8145 8144
f 7778 8144 8143
f 7778 8143 8199
f 7778 8199 8258
f 7778 8258 8262
f 7778 8262 8261
f 7778 8261 8330
f 7778 8330 8412
f 7778 8412 8490
f 7778 8490 8489
f 7778 8489 8569
f 7778 8569 8650
f 7778 8650 8655
f 7778 8655 8652
f 7778 8652 8651
f 7778 8651 8730
f 7778 8730 8733
f 7778 8733 8732
f 7778 8732 8810
f 7778 8810 8816
f 7778 8816 8815
f 7778 8815 8896
f 7778 8896 8970
f 7778 8970 8969
f 7778 8969 9009
f 7778 9009 9011
f 7778 9011 9012
f 7778 9012 8973
f 7778 8973 8898
f 7778 8898 8819
f 7778 8819 8740
f 7778 8740 8739
f 7778 8739 8663
f 7778 8663 8662
f 7778 8662 8578
f 7778 8578 8499
f 7778 8499 8417
f 7778 8417 8334
f 7778 8334 8266
f 7778 8266 8204
f 7778 8204 8146
f 7778 8146 8092
f 7778 8092 8040
f 7778 8040 7991
f 7778 7991 7942
f 7778 7942 7902
f 7778 7902 7850
f 7778 7850 7796
f 7778 7796 7838
f 7778 7838 7782
f 7778 7782 7781
f 7778 7781 7779
f 7782 7838 7783
f 7788 7816 7817
f 7788 7817 7839
f 7788 7839 7840
f 7788 7840 7790
f 7788 7790 7789
f 7790 7840 7841
f 7790 7841 7842
f 7790 7842 7843
f 7790 7843 7844
f 7790 7844 7845
f 7790 7845 7846
f 7790 7846 7791
f 7791 7846 7792
f 7792 7846 7847
f 7792 7847 7837
f 7794 7796 7795
f 7795 7796 7848
f 7795 7848 7849
f 7795 7849 7797
f 7796 7850 7848
f 7797 7851 7852
f 7797 7852 7798
f 7797 7849 7851
f 7798 7852 7853
f 7798 7853 7854
f 7798 7854 7855
f 7798 7855 7799
f 7801 7856 7802
f 7802 7856 7857
f 7802 7857 7805
f 7803 7806 7858
f 7803 7858 7859
f 7803 7859 7804
f 7804 7859 7807
f 7805 7857 7860
f 7805 7860 7861
f 7805 7861 7806
f 7806 7861 7858
f 7807 7859 7862
f 7807 7862 7863
f 7807 7863 7864
f 7807 7864 7808
f 7808 7864 7865
f 7808 7865 7809
f 7809 7865 7866
f 7809 7866 7811
f 7810 7811 7818
f 7811 7866 7818
f 7812 7815 7867
f 7812 7867 7868
f 7812 7868 7869
f 7812 7869 7813
f 7813 7869 7817
f 7814 7831 7870
f 7814 7870 7871
f 7814 7871 7815
f 7815 7871 7872
f 7815 7872 7867
f 7817 7869 7873
f 7817 7873 7839
f 7818 7866 7819
f 7819 7866 7874
f 7819 7874 7875
f 7819 7875 7820
f 7820 7875 7876
f 7820 7876 7877
f 7820 7877 7821
f 7821 7877 7822
f 7822 7878 7824
f 7822 7877 7879
f 7822 7879 7880
f 7822 7880 7878
f 7824 7878 7881
f 7824 7881 7825
f 7825 7881 7827
f 7827 7829 7828
f 7827 7881 7882
f 7827 7882 7883
f 7827 7883 7829
f 7829 7883 7884
f 7829 7884 7885
f 7829 7885 7886
f 7829 7886 7830
f 7830 7886 7870
f 7830 7870 7831
f 7832 7887 7833
f 7832 7835 7887
f 7835 7888 7887
f 7835 7836 7888
f 7836 7837 7889
f 7836 7889 7890
f 7836 7890 7888
f 7837 7847 7891
f 7837 7891 7889
f 7839 7873 7892
f 7839 7892 7840
f 7840 7892 7893
f 7840 7893 7841
f 7841 7893 7894
f 7841 7894 7842
f 7842 7894 7895
f 7842 7895 7896
f 7842 7896 7897
f 7842 7897 7843
f 7843 7897 7844
f 7844 7897 7898
f 7844 7898 7899
f 7844 7899 7900
f 7844 7900 7901
f 7844 7901 7845
f 7845 7901 7847
f 7845 7847 7846
f 7847 7901 7891
f 7848 7850 7902
f 7848 7902 7903
f 7848 7903 7852
f 7848 7852 7849
f 7849 7852 7851
f 7852 7903 7904
f 7852 7904 7853
f 7853 7904 7854
f 7854 7904 7905
f 7854 7905 7855
f 7858 7861 7906
f 7858 7906 7859
f 7859 7906 7862
f 7860 7907 7861
f 7861 7908 7906
f 7861 7907 7908
f 7862 7906 7909
f 7862 7909 7910
f 7862 7910 7863
f 7863 7910 7911
f 7863 7911 7864
f 7864 7911 7912
f 7864 7912 7865
f 7865 7912 7913
f 7865 7913 7866
f 7866 7913 7874
f 7867 7872 7914
f 7867 7914 7868
f 7868 7915 7916
f 7868 7916 7873
f 7868 7873 7869
f 7868 7914 7915
f 7870 7917 7871
f 7870 7886 7918
f 7870 7918 7917
f 7871 7917 7872
f 7872 7917 7919
f 7872 7919 7914
f 7873 7916 7892
f 7874 7913 7920
f 7874 7920 7921
f 7874 7921 7875
f 7875 7921 7922
f 7875 7922 7876
f 7876 7922 7923
f 7876 7923 7879
f 7876 7879 7877
f 7878 7880 7924
f 7878 7924 7881
f 7879 7923 7925
f 7879 7925 7880
f 7880 7925 7926
f 7880 7926 7927
f 7880 7927 7924
f 7881 7924 7882
f 7882 7924 7927
f 7882 7927 7928
f 7882 7928 7929
f 7882 7929 7930
f 7882 7930 7883
f 7883 7930 7884
f 7884 7931 7885
f 7884 7930 7980
f 7884 7980 7932
f 7884 7932 7931
f 7885 7931 7886
f 7886 7931 7933
f 7886 7933 7918
f 7891 7901 7934
f 7892 7916 7893
f 7893 7916 7935
f 7893 7935 7894
f 7894 7935 7936
f 7894 7936 7895
f 7895 7936 7937
f 7895 7937 7938
f 7895 7938 7939
f 7895 7939 7940
f 7895 7940 7896
f 7896 7940 7897
f 7897 7941 7898
f 7897 7940 7941
f 7900 7934 7901
f 7902 7942 7943
f 7902 7943 7904
f 7902 7904 7903
f 7904 7943 7944
f 7904 7944 7945
f 7904 7945 7946
f 7904 7946 7947
f 7904 7947 7948
f 7904 7948 7949
f 7904 7949 7905
f 7906 7908 7950
f 7906 7950 7909
f 7907 7951 7908
f 7908 7951 7952
f 7908 7952 7953
f 7908 7953 7950
f 7909 7950 7954
f 7909 7954 7955
f 7909 7955 7910
f 7910 7955 7956
f 7910 7956 7911
f 7911 7956 7957
f 7911 7957 7958
f 7911 7958 7912
f 7912 7958 7913
f 7913 7958 7920
f 7914 7919 7959
f 7914 7959 7960
f 7914 7960 7961
f 7914 7961 7915
f 7915 7935 7916
f 7915 7961 7936
f 7915 7936 7935
f 7917 7918 7962
f 7917 7962 7963
f 7917 7963 7919
f 7918 7933 7964
f 7918 7964 7962
f 7919 7963 7959
f 7920 7958 7965
f 7920 7965 7966
f 7920 7966 7921
f 7921 7966 7967
f 7921 7967 7968
f 7921 7968 7922
f 7922 7968 7923
f 7923 7968 7969
f 7923 7969 7970
f 7923 7970 7925
f 7925 7970 7971
f 7925 7971 7972
f 7925 7972 7973
f 7925 7973 7926
f 7926 7973 7974
f 7926 7974 7927
f 7927 7974 7928
f 7928 7975 7930
f 7928 7930 7929
f 7928 7974 7976
f 7928 7976 7977
f 7928 7977 7978
f 7928 7978 7979
f 7928 7979 7975
f 7930 7975 7980
f 7931 7932 7981
f 7931 7981 7982
f 7931 7982 7964
f 7931 7964 7933
f 7932 7980 7983
f 7932 7983 7981
f 7936 7961 7984
f 7936 7984 7985
f 7936 7985 7937
f 7937 7985 7986
f 7937 7986 7938
f 7938 7987 7939
f 7938 7986 7987
f 7939 7987 7940
f 7940 7987 7988
f 7940 7988 7989
f 7940 7989 7990
f 7940 7990 7941
f 7942 7991 7992
f 7942 7992 7943
f 7943 7992 7993
f 7943 7993 7944
f 7944 7993 7945
f 7945 7993 7994
f 7945 7994 7995
f 7945 7995 7946
f 7946 7995 7996
f 7946 7996 7997
f 7946 7997 7998
f 7946 7998 7947
f 7947 7998 7999
f 7947 7999 7948
f 7950 8000 8001
f 7950 8001 7954
f 7950 7953 8002
f 7950 8002 8000
f 7954 8001 8003
f 7954 8003 8004
f 7954 8004 8005
f 7954 8005 7955
f 7955 8005 8006
f 7955 8006 7956
f 7956 8006 8007
f 7956 8007 7957
f 7957 8007 7958
f 7958 8007 7965
f 7959 7963 8008
f 7959 8008 8009
f 7959 8009 7960
f 7960 7984 7961
f 7960 8009 8010
f 7960 8010 8011
f 7960 8011 7984
f 7962 8008 7963
f 7962 7964 8012
f 7962 8012 8008
f 7964 7982 8013
f 7964 8013 8014
f 7964 8014 8012
f 7965 8007 8015
f 7965 8015 7966
f 7966 8015 8016
f 7966 8016 8017
f 7966 8017 7967
f 7967 8017 7968
f 7968 8017 7969
f 7969 8017 8018
f 7969 8018 8019
f 7969 8019 7970
f 7970 8019 7971
f 7971 8019 8070
f 7971 8070 8020
f 7971 8020 7972
f 7972 8020 8021
f 7972 8021 7973
f 7973 8021 8022
f 7973 8022 7974
f 7974 8022 7976
f 7975 7979 7980
f 7976 8022 8023
f 7976 8023 8024
f 7976 8024 7977
f 7977 8024 8025
f 7977 8025 8026
f 7977 8026 7978
f 7978 8026 8027
f 7978 8027 8028
f 7978 8028 8029
f 7978 8029 8030
f 7978 8030 7979
f 7979 8030 7980
f 7980 8030 7983
f 7981 8013 7982
f 7981 7983 8032
f 7981 8032 8031
f 7981 8031 8013
f 7983 8030 8032
f 7984 8011 8033
f 7984 8033 7985
f 7985 8033 7986
f 7986 8033 8034
f 7986 8034 8035
f 7986 8035 8036
f 7986 8036 8037
f 7986 8037 7987
f 7987 8037 8038
f 7987 8038 7988
f 7988 8038 8039
f 7991 8040 8041
f 7991 8041 7992
f 7992 8041 8042
f 7992 8042 7993
f 7993 8042 8043
f 7993 8043 7995
f 7993 7995 7994
f 7995 8043 8044
f 7995 8044 7996
f 7996 8044 7997
f 7997 8044 8045
f 7997 8045 8046
f 7997 8046 8047
f 7997 8047 8048
f 7997 8048 8049
f 7997 8049 8050
f 7997 8050 8051
f 7997 8051 8052
f 7997 8052 7998
f 7998 8052 8053
f 7998 8053 7999
f 8003 8054 8004
f 8004 8054 8055
f 8004 8055 8056
f 8004 8056 8005
f 8005 8056 8057
f 8005 8057 8058
f 8005 8058 8006
f 8006 8058 8007
f 8007 8058 8059
f 8007 8059 8015
f 8008 8012 8060
f 8008 8060 8009
f 8009 8060 8061
f 8009 8061 8010
f 8010 8061 8062
f 8010 8062 8033
f 8010 8033 8011
f 8012 8014 8063
f 8012 8063 8060
f 8013 8031 8064
f 8013 8064 8065
f 8013 8065 8014
f 8014 8065 8063
f 8015 8059 8066
f 8015 8066 8067
f 8015 8067 8068
f 8015 8068 8016
f 8016 8068 8017
f 8017 8068 8018
f 8018 8068 8069
f 8018 8069 8070
f 8018 8070 8019
f 8020 8070 8071
f 8020 8071 8072
f 8020 8072 8021
f 8021 8072 8073
f 8021 8073 8022
f 8022 8073 8023
f 8023 8073 8128
f 8023 8128 8074
f 8023 8074 8024
f 8024 8074 8025
f 8025 8074 8075
f 8025 8075 8026
f 8026 8075 8027
f 8027 8075 8076
f 8027 8076 8077
f 8027 8077 8028
f 8028 8077 8078
f 8028 8078 8079
f 8028 8079 8029
f 8029 8079 8030
f 8030 8079 8080
f 8030 8080 8032
f 8031 8032 8081
f 8031 8081 8082
f 8031 8082 8064
f 8032 8080 8081
f 8033 8062 8083
f 8033 8083 8034
f 8034 8083 8035
f 8035 8083 8084
f 8035 8084 8085
f 8035 8085 8086
f 8035 8086 8087
f 8035 8087 8088
f 8035 8088 8036
f 8036 8038 8037
f 8036 8088 8038
f 8038 8088 8089
f 8038 8089 8090
f 8038 8090 8091
f 8038 8091 8039
f 8040 8092 8093
f 8040 8093 8041
f 8041 8093 8042
f 8042 8093 8094
f 8042 8094 8043
f 8043 8094 8093
f 8043 8093 8095
f 8043 8095 8096
f 8043 8096 8097
f 8043 8097 8044
f 8044 8097 8045
f 8045 8098 8099
f 8045 8099 8046
f 8045 8097 8098
f 8046 8099 8047
f 8047 8099 8100
f 8047 8100 8101
f 8047 8101 8048
f 8048 8101 8102
f 8048 8102 8103
f 8048 8103 8104
f 8048 8104 8105
f 8048 8105 8106
f 8048 8106 8107
f 8048 8107 8049
f 8049 8107 8050
f 8050 8107 8051
f 8051 8053 8052
f 8051 8107 8106
f 8051 8106 8108
f 8051 8108 8105
f 8051 8105 8109
f 8051 8109 8110
f 8051 8110 8053
f 8055 8111 8112
f 8055 8112 8056
f 8056 8112 8113
f 8056 8113 8057
f 8057 8113 8114
f 8057 8114 8058
f 8058 8114 8115
f 8058 8115 8066
f 8058 8066 8059
f 8060 8063 8061
f 8061 8063 8116
f 8061 8116 8117
f 8061 8117 8118
f 8061 8118 8062
f 8062 8118 8119
f 8062 8119 8083
f 8063 8065 8116
f 8064 8082 8120
f 8064 8120 8065
f 8065 8120 8121
f 8065 8121 8116
f 8066 8115 8171
f 8066 8171 8122
f 8066 8122 8067
f 8067 8122 8123
f 8067 8123 8124
f 8067 8124 8068
f 8068 8124 8069
f 8069 8124 8125
f 8069 8125 8070
f 8070 8125 8071
f 8071 8125 8181
f 8071 8181 8126
f 8071 8126 8072
f 8072 8126 8127
f 8072 8127 8073
f 8073 8127 8128
f 8074 8128 8129
f 8074 8129 8075
f 8075 8129 8130
f 8075 8130 8076
f 8076 8130 8131
f 8076 8131 8132
f 8076 8132 8077
f 8077 8132 8078
f 8078 8132 8133
f 8078 8133 8134
f 8078 8134 8135
f 8078 8135 8079
f 8079 8136 8080
f 8079 8135 8136
f 8080 8136 8081
f 8081 8136 8137
f 8081 8137 8138
f 8081 8138 8082
f 8082 8138 8120
f 8083 8119 8084
f 8084 8119 8139
f 8084 8139 8085
f 8085 8140 8086
f 8085 8139 8141
f 8085 8141 8142
f 8085 8142 8140
f 8086 8140 8087
f 8087 8140 8143
f 8087 8143 8144
f 8087 8144 8145
f 8087 8145 8089
f 8087 8089 8088
f 8092 8146 8147
f 8092 8147 8148
f 8092 8148 8149
f 8092 8149 8095
f 8092 8095 8093
f 8095 8149 8150
f 8095 8150 8096
f 8096 8150 8151
f 8096 8151 8152
f 8096 8152 8097
f 8097 8152 8153
f 8097 8153 8098
f 8098 8153 8099
f 8099 8154 8155
f 8099 8155 8156
f 8099 8156 8100
f 8099 8153 8157
f 8099 8157 8154
f 8100 8156 8155
f 8100 8155 8158
f 8100 8158 8159
f 8100 8159 8102
f 8100 8102 8101
f 8102 8159 8160
f 8102 8160 8103
f 8103 8160 8161
f 8103 8161 8162
f 8103 8162 8104
f 8104 8162 8163
f 8104 8163 8109
f 8104 8109 8105
f 8105 8108 8106
f 8109 8163 8164
f 8109 8164 8165
f 8111 8166 8112
f 8112 8166 8167
f 8112 8167 8168
f 8112 8168 8169
f 8112 8169 8113
f 8113 8169 8170
f 8113 8170 8114
f 8114 8170 8171
f 8114 8171 8115
f 8116 8121 8117
f 8117 8119 8118
f 8117 8121 8172
f 8117 8172 8173
f 8117 8173 8119
f 8119 8173 8174
f 8119 8174 8139
f 8120 8138 8175
f 8120 8175 8176
f 8120 8176 8172
f 8120 8172 8121
f 8122 8171 8177
f 8122 8177 8178
f 8122 8178 8123
f 8123 8178 8179
f 8123 8179 8180
f 8123 8180 8124
f 8124 8180 8125
f 8125 8180 8181
f 8126 8181 8182
f 8126 8182 8183
f 8126 8183 8127
f 8127 8183 8128
f 8128 8183 8184
f 8128 8184 8129
f 8129 8184 8185
f 8129 8185 8130
f 8130 8185 8186
f 8130 8186 8187
f 8130 8187 8188
f 8130 8188 8131
f 8131 8188 8189
f 8131 8189 8190
f 8131 8190 8191
f 8131 8191 8132
f 8132 8191 8192
f 8132 8192 8133
f 8133 8192 8134
f 8134 8192 8135
f 8135 8192 8193
f 8135 8193 8194
f 8135 8194 8195
f 8135 8195 8196
f 8135 8196 8197
f 8135 8197 8136
f 8136 8197 8137
f 8137 8197 8198
f 8137 8198 8138
f 8138 8198 8175
f 8139 8174 8141
f 8140 8199 8143
f 8140 8142 8200
f 8140 8200 8199
f 8141 8174 8201
f 8141 8201 8202
f 8141 8202 8203
f 8141 8203 8200
f 8141 8200 8142
f 8146 8204 8205
f 8146 8205 8147
f 8147 8205 8206
f 8147 8206 8148
f 8148 8206 8149
f 8149 8206 8150
f 8150 8206 8151
f 8151 8206 8207
f 8151 8207 8157
f 8151 8157 8152
f 8152 8157 8153
f 8154 8157 8208
f 8154 8208 8155
f 8155 8209 8158
f 8155 8208 8210
f 8155 8210 8209
f 8157 8211 8212
f 8157 8212 8208
f 8157 8207 8211
f 8158 8213 8214
f 8158 8214 8215
f 8158 8215 8159
f 8158 8209 8213
f 8159 8215 8216
f 8159 8216 8217
f 8159 8217 8160
f 8160 8217 8218
f 8160 8218 8161
f 8161 8219 8220
f 8161 8220 8162
f 8161 8218 8221
f 8161 8221 8219
f 8162 8220 8222
f 8162 8222 8223
f 8162 8223 8165
f 8162 8165 8164
f 8162 8164 8163
f 8165 8223 8224
f 8167 8225 8169
f 8167 8169 8168
f 8169 8226 8227
f 8169 8227 8228
f 8169 8228 8229
f 8169 8229 8230
f 8169 8230 8170
f 8169 8225 8226
f 8170 8230 8171
f 8171 8230 8177
f 8172 8176 8231
f 8172 8231 8173
f 8173 8231 8174
f 8174 8231 8232
f 8174 8232 8233
f 8174 8233 8201
f 8175 8234 8176
f 8175 8198 8235
f 8175 8235 8236
f 8175 8236 8237
f 8175 8237 8234
f 8176 8234 8231
f 8177 8230 8238
f 8177 8238 8239
f 8177 8239 8178
f 8178 8239 8240
f 8178 8240 8179
f 8179 8240 8241
f 8179 8241 8180
f 8180 8241 8181
f 8181 8241 8242
f 8181 8242 8243
f 8181 8243 8182
f 8182 8243 8244
f 8182 8244 8245
f 8182 8245 8183
f 8183 8245 8185
f 8183 8185 8184
f 8185 8245 8186
f 8186 8245 8246
f 8186 8246 8247
f 8186 8247 8187
f 8187 8189 8188
f 8187 8247 8248
f 8187 8248 8249
f 8187 8249 8189
f 8189 8250 8190
f 8189 8249 8250
f 8190 8250 8251
f 8190 8251 8191
f 8191 8251 8252
f 8191 8252 8192
f 8192 8252 8194
f 8192 8194 8193
f 8194 8252 8253
f 8194 8253 8254
f 8194 8254 8195
f 8195 8255 8256
f 8195 8256 8196
f 8195 8254 8257
f 8195 8257 8255
f 8196 8256 8235
f 8196 8235 8198
f 8196 8198 8197
f 8199 8200 8258
f 8200 8203 8259
f 8200 8259 8260
f 8200 8260 8261
f 8200 8261 8262
f 8200 8262 8258
f 8201 8233 8202
f 8202 8263 8259
f 8202 8259 8203
f 8202 8233 8264
f 8202 8264 8265
f 8202 8265 8263
f 8204 8266 8267
f 8204 8267 8205
f 8205 8267 8206
f 8206 8268 8269
f 8206 8269 8207
f 8206 8267 8268
f 8207 8269 8270
f 8207 8270 8271
f 8207 8271 8211
f 8208 8272 8210
f 8208 8212 8273
f 8208 8273 8272
f 8209 8210 8274
f 8209 8274 8275
f 8209 8275 8276
f 8209 8276 8213
f 8210 8272 8277
f 8210 8277 8278
f 8210 8278 8279
f 8210 8279 8274
f 8211 8273 8212
f 8211 8271 8273
f 8213 8276 8214
f 8214 8280 8281
f 8214 8281 8215
f 8214 8276 8282
f 8214 8282 8280
f 8215 8281 8216
f 8216 8281 8280
f 8216 8280 8283
f 8216 8283 8217
f 8217 8283 8284
f 8217 8284 8285
f 8217 8285 8218
f 8218 8285 8221
f 8219 8221 8286
f 8219 8286 8220
f 8220 8286 8287
f 8220 8287 8288
f 8220 8288 8289
f 8220 8289 8222
f 8221 8285 8290
f 8221 8290 8291
f 8221 8291 8292
f 8221 8292 8286
f 8222 8289 8224
f 8222 8224 8223
f 8224 8289 8293
f 8226 8294 8228
f 8226 8228 8227
f 8228 8294 8295
f 8228 8295 8296
f 8228 8296 8297
f 8228 8297 8229
f 8229 8297 8306
f 8229 8306 8238
f 8229 8238 8230
f 8231 8234 8232
f 8232 8234 8298
f 8232 8298 8233
f 8233 8298 8299
f 8233 8299 8300
f 8233 8300 8264
f 8234 8237 8298
f 8235 8256 8301
f 8235 8301 8236
f 8236 8301 8302
f 8236 8302 8303
f 8236 8303 8237
f 8237 8303 8304
f 8237 8304 8305
f 8237 8305 8299
f 8237 8299 8298
f 8238 8306 8307
f 8238 8307 8239
f 8239 8307 8240
f 8240 8307 8308
f 8240 8308 8241
f 8241 8308 8309
f 8241 8309 8242
f 8242 8309 8310
f 8242 8310 8243
f 8243 8310 8311
f 8243 8311 8244
f 8244 8311 8312
f 8244 8312 8246
f 8244 8246 8245
f 8246 8312 8247
f 8247 8312 8313
f 8247 8313 8314
f 8247 8314 8248
f 8248 8315 8249
f 8248 8314 8316
f 8248 8316 8317
f 8248 8317 8318
f 8248 8318 8315
f 8249 8315 8318
f 8249 8318 8319
f 8249 8319 8250
f 8250 8319 8251
f 8251 8319 8320
f 8251 8320 8253
f 8251 8253 8252
f 8253 8320 8321
f 8253 8321 8322
f 8253 8322 8254
f 8254 8322 8257
f 8255 8323 8302
f 8255 8302 8301
f 8255 8301 8256
f 8255 8257 8323
f 8257 8322 8324
f 8257 8324 8325
f 8257 8325 8326
f 8257 8326 8327
f 8257 8327 8323
f 8259 8263 8260
f 8260 8263 8328
f 8260 8328 8329
f 8260 8329 8330
f 8260 8330 8261
f 8263 8265 8328
f 8264 8300 8265
f 8265 8300 8331
f 8265 8331 8332
f 8265 8332 8333
f 8265 8333 8328
f 8266 8334 8335
f 8266 8335 8267
f 8267 8335 8268
f 8268 8336 8337
f 8268 8337 8270
f 8268 8270 8269
f 8268 8335 8338
f 8268 8338 8339
f 8268 8339 8336
f 8270 8337 8340
f 8270 8340 8341
f 8270 8341 8342
f 8270 8342 8343
f 8270 8343 8273
f 8270 8273 8271
f 8272 8273 8344
f 8272 8344 8345
f 8272 8345 8346
f 8272 8346 8277
f 8273 8343 8347
f 8273 8347 8348
f 8273 8348 8344
f 8274 8279 8349
f 8274 8349 8275
f 8275 8349 8350
f 8275 8350 8276
f 8276 8350 8351
f 8276 8351 8282
f 8277 8346 8352
f 8277 8352 8278
f 8278 8353 8354
f 8278 8354 8279
f 8278 8352 8346
f 8278 8346 8355
f 8278 8355 8356
f 8278 8356 8353
f 8279 8354 8349
f 8280 8282 8357
f 8280 8357 8358
f 8280 8358 8283
f 8282 8351 8359
f 8282 8359 8357
f 8283 8358 8360
f 8283 8360 8361
f 8283 8361 8362
f 8283 8362 8284
f 8284 8362 8290
f 8284 8290 8285
f 8286 8292 8363
f 8286 8363 8287
f 8287 8363 8364
f 8287 8364 8288
f 8288 8364 8365
f 8288 8365 8289
f 8289 8365 8366
f 8289 8366 8293
f 8290 8362 8367
f 8290 8367 8291
f 8291 8367 8368
f 8291 8368 8369
f 8291 8369 8292
f 8292 8369 8363
f 8294 8370 8295
f 8295 8370 8371
f 8295 8371 8372
f 8295 8372 8373
f 8295 8373 8374
f 8295 8374 8296
f 8296 8374 8375
f 8296 8375 8376
f 8296 8376 8297
f 8297 8376 8306
f 8299 8305 8300
f 8300 8305 8377
f 8300 8377 8378
f 8300 8378 8331
f 8302 8323 8303
f 8303 8323 8379
f 8303 8379 8380
f 8303 8380 8381
f 8303 8381 8304
f 8304 8382 8377
f 8304 8377 8305
f 8304 8381 8382
f 8306 8376 8383
f 8306 8383 8307
f 8307 8383 8308
f 8308 8383 8309
f 8309 8383 8384
f 8309 8384 8385
f 8309 8385 8386
f 8309 8386 8387
f 8309 8387 8310
f 8310 8387 8388
f 8310 8388 8389
f 8310 8389 8311
f 8311 8389 8390
f 8311 8390 8312
f 8312 8390 8391
f 8312 8391 8392
f 8312 8392 8393
f 8312 8393 8313
f 8313 8393 8394
f 8313 8394 8316
f 8313 8316 8314
f 8316 8394 8395
f 8316 8395 8317
f 8317 8395 8396
f 8317 8396 8318
f 8318 8397 8398
f 8318 8398 8319
f 8318 8396 8399
f 8318 8399 8476
f 8318 8476 8397
f 8319 8398 8400
f 8319 8400 8320
f 8320 8400 8321
f 8321 8400 8401
f 8321 8401 8402
f 8321 8402 8322
f 8322 8402 8324
f 8323 8327 8379
f 8324 8402 8403
f 8324 8403 8404
f 8324 8404 8405
f 8324 8405 8325
f 8325 8406 8407
f 8325 8407 8326
f 8325 8405 8408
f 8325 8408 8406
f 8326 8409 8327
f 8326 8407 8409
f 8327 8409 8379
f 8328 8333 8329
f 8329 8333 8410
f 8329 8410 8411
f 8329 8411 8412
f 8329 8412 8330
f 8331 8378 8332
f 8332 8413 8410
f 8332 8410 8333
f 8332 8378 8414
f 8332 8414 8415
f 8332 8415 8416
f 8332 8416 8413
f 8334 8417 8418
f 8334 8418 8335
f 8335 8418 8338
f 8336 8339 8419
f 8336 8419 8420
f 8336 8420 8337
f 8337 8420 8421
f 8337 8421 8340
f 8338 8418 8422
f 8338 8422 8339
f 8339 8422 8419
f 8340 8423 8341
f 8340 8421 8423
f 8341 8423 8424
f 8341 8424 8342
f 8342 8424 8425
f 8342 8425 8343
f 8343 8425 8426
f 8343 8426 8347
f 8344 8348 8427
f 8344 8427 8428
f 8344 8428 8345
f 8345 8428 8429
f 8345 8429 8430
f 8345 8430 8346
f 8346 8430 8355
f 8347 8426 8348
f 8348 8426 8431
f 8348 8431 8427
f 8349 8354 8432
f 8349 8432 8350
f 8350 8432 8351
f 8351 8432 8433
f 8351 8433 8359
f 8353 8356 8434
f 8353 8434 8433
f 8353 8433 8432
f 8353 8432 8354
f 8355 8430 8435
f 8355 8435 8436
f 8355 8436 8356
f 8356 8436 8437
f 8356 8437 8434
f 8357 8359 8438
f 8357 8438 8439
f 8357 8439 8358
f 8358 8439 8440
f 8358 8440 8443
f 8358 8443 8360
f 8359 8433 8441
f 8359 8441 8442
f 8359 8442 8438
f 8360 8443 8444
f 8360 8444 8361
f 8361 8367 8362
f 8361 8444 8367
f 8363 8369 8445
f 8363 8445 8364
f 8364 8445 8365
f 8365 8445 8446
f 8365 8446 8447
f 8365 8447 8448
f 8365 8448 8366
f 8367 8444 8449
f 8367 8449 8368
f 8368 8450 8369
f 8368 8449 8451
f 8368 8451 8452
f 8368 8452 8450
f 8369 8450 8445
f 8372 8453 8454
f 8372 8454 8373
f 8373 8454 8455
f 8373 8455 8374
f 8374 8455 8456
f 8374 8456 8375
f 8375 8383 8376
f 8375 8456 8385
f 8375 8385 8383
f 8377 8382 8378
f 8378 8382 8457
f 8378 8457 8414
f 8379 8409 8380
f 8380 8409 8458
f 8380 8458 8459
f 8380 8459 8460
f 8380 8460 8381
f 8381 8460 8461
f 8381 8461 8462
f 8381 8462 8457
f 8381 8457 8382
f 8383 8385 8384
f 8385 8456 8463
f 8385 8463 8464
f 8385 8464 8465
f 8385 8465 8386
f 8386 8388 8387
f 8386 8465 8466
f 8386 8466 8388
f 8388 8467 8389
f 8388 8466 8467
f 8389 8467 8390
f 8390 8467 8391
f 8391 8467 8392
f 8392 8467 8393
f 8393 8466 8468
f 8393 8468 8469
f 8393 8469 8394
f 8393 8467 8466
f 8394 8469 8470
f 8394 8470 8471
f 8394 8471 8395
f 8395 8471 8472
f 8395 8472 8473
f 8395 8473 8474
f 8395 8474 8396
f 8396 8474 8475
f 8396 8475 8399
f 8397 8476 8401
f 8397 8401 8400
f 8397 8400 8398
f 8399 8475 8477
f 8399 8477 8476
f 8401 8476 8478
f 8401 8478 8403
f 8401 8403 8402
f 8403 8478 8479
f 8403 8479 8404
f 8404 8480 8481
f 8404 8481 8482
f 8404 8482 8405
f 8404 8479 8480
f 8405 8482 8483
f 8405 8483 8484
f 8405 8484 8485
f 8405 8485 8408
f 8406 8486 8487
f 8406 8487 8407
f 8406 8408 8486
f 8407 8487 8458
f 8407 8458 8409
f 8408 8485 8488
f 8408 8488 8486
f 8410 8413 8411
f 8411 8489 8490
f 8411 8490 8412
f 8411 8413 8491
f 8411 8491 8489
f 8413 8416 8492
f 8413 8492 8491
f 8414 8462 8493
f 8414 8493 8494
f 8414 8494 8495
f 8414 8495 8415
f 8414 8457 8462
f 8415 8495 8416
f 8416 8491 8492
f 8416 8495 8496
f 8416 8496 8497
f 8416 8497 8498
f 8416 8498 8491
f 8417 8499 8418
f 8418 8499 8500
f 8418 8500 8422
f 8419 8422 8501
f 8419 8501 8502
f 8419 8502 8420
f 8420 8502 8421
f 8421 8502 8503
f 8421 8503 8423
f 8422 8500 8501
f 8423 8504 8424
f 8423 8503 8505
f 8423 8505 8504
f 8424 8504 8425
f 8425 8504 8506
f 8425 8506 8426
f 8426 8506 8431
f 8427 8507 8429
f 8427 8429 8428
f 8427 8431 8507
f 8429 8431 8508
f 8429 8508 8509
f 8429 8509 8510
f 8429 8510 8511
f 8429 8511 8430
f 8429 8507 8431
f 8430 8511 8435
f 8431 8506 8512
f 8431 8512 8508
f 8433 8434 8441
f 8434 8437 8513
f 8434 8513 8441
f 8435 8511 8514
f 8435 8514 8515
f 8435 8515 8516
f 8435 8516 8436
f 8436 8516 8517
f 8436 8517 8437
f 8437 8517 8518
f 8437 8518 8513
f 8438 8442 8439
f 8439 8442 8519
f 8439 8519 8520
f 8439 8520 8440
f 8440 8520 8521
f 8440 8521 8522
f 8440 8522 8443
f 8441 8513 8442
f 8442 8513 8523
f 8442 8523 8524
f 8442 8524 8519
f 8443 8522 8525
f 8443 8525 8444
f 8444 8525 8526
f 8444 8526 8449
f 8445 8450 8527
f 8445 8527 8528
f 8445 8528 8446
f 8446 8528 8529
f 8446 8529 8530
f 8446 8530 8447
f 8449 8526 8531
f 8449 8531 8451
f 8450 8452 8532
f 8450 8532 8527
f 8451 8531 8533
f 8451 8533 8452
f 8452 8533 8534
f 8452 8534 8535
f 8452 8535 8532
f 8453 8536 8454
f 8454 8536 8537
f 8454 8537 8538
f 8454 8538 8455
f 8455 8538 8539
f 8455 8539 8456
f 8456 8539 8463
f 8458 8487 8459
f 8459 8540 8461
f 8459 8461 8460
f 8459 8487 8541
f 8459 8541 8542
f 8459 8542 8540
f 8461 8540 8543
f 8461 8543 8544
f 8461 8544 8493
f 8461 8493 8462
f 8463 8539 8616
f 8463 8616 8545
f 8463 8545 8464
f 8464 8545 8546
f 8464 8546 8547
f 8464 8547 8466
f 8464 8466 8465
f 8466 8547 8548
f 8466 8548 8549
f 8466 8549 8468
f 8468 8470 8469
f 8468 8549 8550
f 8468 8550 8551
f 8468 8551 8552
f 8468 8552 8470
f 8470 8472 8471
f 8470 8552 8472
f 8472 8552 8474
f 8472 8474 8473
f 8474 8553 8632
f 8474 8632 8554
f 8474 8554 8475
f 8474 8552 8553
f 8475 8554 8555
f 8475 8555 8556
f 8475 8556 8477
f 8476 8477 8557
f 8476 8557 8478
f 8477 8556 8557
f 8478 8557 8479
f 8479 8557 8480
f 8480 8558 8559
f 8480 8559 8481
f 8480 8557 8558
f 8481 8560 8482
f 8481 8559 8561
f 8481 8561 8562
f 8481 8562 8563
f 8481 8563 8564
f 8481 8564 8565
f 8481 8565 8566
f 8481 8566 8560
f 8482 8560 8483
f 8483 8560 8566
f 8483 8566 8484
f 8484 8566 8567
f 8484 8567 8568
f 8484 8568 8488
f 8484 8488 8485
f 8486 8488 8541
f 8486 8541 8487
f 8488 8568 8541
f 8489 8491 8569
f 8491 8498 8570
f 8491 8570 8571
f 8491 8571 8572
f 8491 8572 8569
f 8493 8544 8494
f 8494 8573 8496
f 8494 8496 8495
f 8494 8544 8574
f 8494 8574 8573
f 8496 8573 8497
f 8497 8570 8498
f 8497 8573 8575
f 8497 8575 8576
f 8497 8576 8577
f 8497 8577 8570
f 8499 8578 8500
f 8500 8578 8579
f 8500 8579 8501
f 8501 8580 8581
f 8501 8581 8502
f 8501 8579 8580
f 8502 8581 8582
f 8502 8582 8583
f 8502 8583 8503
f 8503 8583 8584
f 8503 8584 8585
f 8503 8585 8505
f 8504 8505 8586
f 8504 8586 8506
f 8505 8585 8587
f 8505 8587 8586
f 8506 8586 8512
f 8508 8512 8509
f 8509 8512 8588
f 8509 8588 8589
f 8509 8589 8590
f 8509 8590 8510
f 8510 8590 8514
f 8510 8514 8511
f 8512 8586 8588
f 8513 8518 8523
f 8514 8590 8591
f 8514 8591 8592
f 8514 8592 8593
f 8514 8593 8594
f 8514 8594 8515
f 8515 8594 8595
f 8515 8595 8516
f 8516 8595 8517
f 8517 8595 8596
f 8517 8596 8597
f 8517 8597 8598
f 8517 8598 8518
f 8518 8598 8599
f 8518 8599 8523
f 8519 8524 8520
f 8520 8524 8600
f 8520 8600 8521
f 8521 8600 8601
f 8521 8601 8522
f 8522 8601 8602
f 8522 8602 8605
f 8522 8605 8525
f 8523 8599 8603
f 8523 8603 8524
f 8524 8603 8604
f 8524 8604 8600
f 8525 8605 8606
f 8525 8606 8526
f 8526 8606 8531
f 8527 8532 8607
f 8527 8607 8528
f 8528 8607 8608
f 8528 8608 8609
f 8528 8609 8529
f 8531 8606 8610
f 8531 8610 8533
f 8532 8535 8607
f 8533 8610 8611
f 8533 8611 8534
f 8534 8611 8612
f 8534 8612 8535
f 8535 8612 8613
f 8535 8613 8607
f 8537 8614 8538
f 8538 8614 8615
f 8538 8615 8616
f 8538 8616 8539
f 8540 8542 8543
f 8541 8568 8617
f 8541 8617 8542
f 8542 8617 8618
f 8542 8618 8619
f 8542 8619 8543
f 8543 8619 8620
f 8543 8620 8544
f 8544 8620 8574
f 8545 8621 8622
f 8545 8622 8546
f 8545 8616 8621
f 8546 8622 8623
f 8546 8623 8624
f 8546 8624 8625
f 8546 8625 8626
f 8546 8626 8547
f 8547 8626 8627
f 8547 8627 8628
f 8547 8628 8548
f 8548 8628 8551
f 8548 8551 8550
f 8548 8550 8549
f 8551 8627 8629
f 8551 8629 8630
f 8551 8630 8553
f 8551 8553 8552
f 8551 8628 8627
f 8553 8630 8631
f 8553 8631 8632
f 8554 8632 8633
f 8554 8633 8634
f 8554 8634 8555
f 8555 8634 8635
f 8555 8635 8556
f 8556 8558 8557
f 8556 8635 8636
f 8556 8636 8558
f 8558 8636 8559
f 8559 8636 8637
f 8559 8637 8561
f 8561 8637 8638
f 8561 8638 8639
f 8561 8639 8562
f 8562 8639 8563
f 8563 8639 8640
f 8563 8640 8564
f 8564 8640 8641
f 8564 8641 8642
f 8564 8642 8643
f 8564 8643 8566
f 8564 8566 8565
f 8566 8643 8567
f 8567 8643 8644
f 8567 8644 8645
f 8567 8645 8568
f 8568 8645 8646
f 8568 8646 8647
f 8568 8647 8648
f 8568 8648 8649
f 8568 8649 8617
f 8569 8572 8650
f 8570 8577 8571
f 8571 8651 8652
f 8571 8652 8572
f 8571 8577 8653
f 8571 8653 8654
f 8571 8654 8651
f 8572 8655 8650
f 8572 8652 8655
f 8573 8574 8575
f 8574 8620 8656
f 8574 8656 8657
f 8574 8657 8658
f 8574 8658 8575
f 8575 8658 8576
f 8576 8658 8659
f 8576 8659 8660
f 8576 8660 8661
f 8576 8661 8653
f 8576 8653 8577
f 8578 8662 8579
f 8579 8662 8663
f 8579 8663 8664
f 8579 8664 8580
f 8580 8582 8581
f 8580 8664 8665
f 8580 8665 8582
f 8582 8584 8583
f 8582 8665 8666
f 8582 8666 8667
f 8582 8667 8584
f 8584 8667 8668
f 8584 8668 8669
f 8584 8669 8585
f 8585 8669 8587
f 8586 8587 8588
f 8587 8669 8670
f 8587 8670 8671
f 8587 8671 8588
f 8588 8671 8589
f 8589 8671 8670
f 8589 8670 8672
f 8589 8672 8591
f 8589 8591 8590
f 8591 8672 8673
f 8591 8673 8674
f 8591 8674 8592
f 8592 8674 8593
f 8593 8675 8594
f 8593 8674 8676
f 8593 8676 8677
f 8593 8677 8675
f 8594 8675 8595
f 8595 8675 8678
f 8595 8678 8596
f 8596 8678 8597
f 8597 8678 8679
f 8597 8679 8680
f 8597 8680 8681
f 8597 8681 8598
f 8598 8681 8599
f 8599 8681 8682
f 8599 8682 8603
f 8600 8604 8683
f 8600 8683 8601
f 8601 8683 8684
f 8601 8684 8685
f 8601 8685 8602
f 8602 8685 8605
f 8603 8682 8686
f 8603 8686 8604
f 8604 8686 8687
f 8604 8687 8688
f 8604 8688 8683
f 8605 8685 8689
f 8605 8689 8690
f 8605 8690 8606
f 8606 8690 8691
f 8606 8691 8610
f 8607 8613 8608
f 8608 8613 8609
f 8609 8613 8692
f 8610 8691 8693
f 8610 8693 8611
f 8611 8693 8612
f 8612 8693 8694
f 8612 8694 8695
f 8612 8695 8696
f 8612 8696 8697
f 8612 8697 8613
f 8613 8697 8698
f 8613 8698 8699
f 8613 8699 8692
f 8614 8700 8615
f 8615 8700 8701
f 8615 8701 8702
f 8615 8702 8616
f 8616 8702 8621
f 8617 8649 8618
f 8618 8703 8704
f 8618 8704 8619
f 8618 8649 8648
f 8618 8648 8705
f 8618 8705 8706
f 8618 8706 8707
f 8618 8707 8703
f 8619 8704 8620
f 8620 8704 8703
f 8620 8703 8656
f 8621 8702 8708
f 8621 8708 8709
f 8621 8709 8623
f 8621 8623 8622
f 8623 8710 8711
f 8623 8711 8624
f 8623 8709 8787
f 8623 8787 8710
f 8624 8711 8625
f 8625 8627 8626
f 8625 8711 8712
f 8625 8712 8713
f 8625 8713 8629
f 8625 8629 8627
f 8629 8713 8631
f 8629 8631 8630
f 8631 8713 8714
f 8631 8714 8715
f 8631 8715 8633
f 8631 8633 8632
f 8633 8715 8634
f 8634 8715 8716
f 8634 8716 8717
f 8634 8717 8635
f 8635 8717 8636
f 8636 8717 8637
f 8637 8717 8718
f 8637 8718 8719
f 8637 8719 8638
f 8638 8719 8639
f 8639 8719 8720
f 8639 8720 8640
f 8640 8720 8721
f 8640 8721 8641
f 8641 8721 8722
f 8641 8722 8642
f 8642 8644 8643
f 8642 8722 8723
f 8642 8723 8724
f 8642 8724 8644
f 8644 8646 8645
f 8644 8724 8725
f 8644 8725 8726
f 8644 8726 8646
f 8646 8727 8647
f 8646 8726 8728
f 8646 8728 8729
f 8646 8729 8727
f 8647 8727 8648
f 8648 8727 8705
f 8651 8654 8730
f 8653 8661 8654
f 8654 8731 8732
f 8654 8732 8733
f 8654 8733 8730
f 8654 8661 8734
f 8654 8734 8735
f 8654 8735 8731
f 8656 8703 8657
f 8657 8703 8736
f 8657 8736 8737
f 8657 8737 8658
f 8658 8737 8659
f 8659 8737 8660
f 8660 8737 8738
f 8660 8738 8734
f 8660 8734 8661
f 8663 8739 8664
f 8664 8666 8665
f 8664 8739 8740
f 8664 8740 8741
f 8664 8741 8666
f 8666 8741 8742
f 8666 8742 8743
f 8666 8743 8744
f 8666 8744 8670
f 8666 8670 8668
f 8666 8668 8667
f 8668 8670 8669
f 8670 8744 8745
f 8670 8745 8746
f 8670 8746 8747
f 8670 8747 8672
f 8672 8747 8673
f 8673 8747 8748
f 8673 8748 8749
f 8673 8749 8674
f 8674 8749 8676
f 8675 8677 8750
f 8675 8750 8678
f 8676 8749 8751
f 8676 8751 8752
f 8676 8752 8753
f 8676 8753 8677
f 8677 8753 8754
f 8677 8754 8750
f 8678 8750 8679
f 8679 8750 8755
f 8679 8755 8756
f 8679 8756 8757
f 8679 8757 8680
f 8680 8758 8681
f 8680 8757 8759
f 8680 8759 8760
f 8680 8760 8758
f 8681 8758 8682
f 8682 8758 8687
f 8682 8687 8686
f 8683 8688 8761
f 8683 8761 8684
f 8684 8761 8762
f 8684 8762 8685
f 8685 8762 8763
f 8685 8763 8764
f 8685 8764 8689
f 8687 8765 8688
f 8687 8758 8760
f 8687 8760 8766
f 8687 8766 8767
f 8687 8767 8765
f 8688 8765 8761
f 8689 8764 8768
f 8689 8768 8690
f 8690 8768 8769
f 8690 8769 8691
f 8691 8769 8770
f 8691 8770 8693
f 8693 8770 8694
f 8694 8771 8772
f 8694 8772 8773
f 8694 8773 8774
f 8694 8774 8775
f 8694 8775 8695
f 8694 8770 8771
f 8695 8775 8776
f 8695 8776 8696
f 8696 8776 8777
f 8696 8777 8697
f 8697 8777 8778
f 8697 8778 8698
f 8701 8779 8702
f 8702 8779 8708
f 8703 8707 8736
f 8705 8727 8780
f 8705 8780 8706
f 8706 8781 8707
f 8706 8780 8782
f 8706 8782 8783
f 8706 8783 8784
f 8706 8784 8781
f 8707 8781 8736
f 8708 8779 8785
f 8708 8785 8786
f 8708 8786 8709
f 8709 8786 8787
f 8710 8787 8866
f 8710 8866 8788
f 8710 8788 8711
f 8711 8789 8712
f 8711 8788 8867
f 8711 8867 8789
f 8712 8789 8790
f 8712 8790 8713
f 8713 8790 8791
f 8713 8791 8792
f 8713 8792 8714
f 8714 8792 8793
f 8714 8793 8794
f 8714 8794 8715
f 8715 8794 8795
f 8715 8795 8716
f 8716 8795 8796
f 8716 8796 8718
f 8716 8718 8717
f 8718 8796 8876
f 8718 8876 8797
f 8718 8797 8719
f 8719 8797 8798
f 8719 8798 8799
f 8719 8799 8720
f 8720 8799 8800
f 8720 8800 8721
f 8721 8800 8801
f 8721 8801 8802
f 8721 8802 8803
f 8721 8803 8722
f 8722 8803 8723
f 8723 8803 8804
f 8723 8804 8805
f 8723 8805 8806
f 8723 8806 8725
f 8723 8725 8724
f 8725 8728 8726
f 8725 8806 8728
f 8727 8729 8780
f 8728 8806 8807
f 8728 8807 8808
f 8728 8808 8809
f 8728 8809 8729
f 8729 8809 8780
f 8731 8810 8732
f 8731 8735 8810
f 8734 8811 8735
f 8734 8738 8812
f 8734 8812 8813
f 8734 8813 8811
f 8735 8811 8814
f 8735 8814 8815
f 8735 8815 8816
f 8735 8816 8810
f 8736 8781 8817
f 8736 8817 8737
f 8737 8817 8818
f 8737 8818 8738
f 8738 8818 8812
f 8740 8819 8741
f 8741 8819 8820
f 8741 8820 8742
f 8742 8820 8743
f 8743 8821 8822
f 8743 8822 8744
f 8743 8820 8823
f 8743 8823 8821
f 8744 8822 8745
f 8745 8822 8746
f 8746 8824 8748
f 8746 8748 8747
f 8746 8822 8825
f 8746 8825 8824
f 8748 8824 8826
f 8748 8826 8749
f 8749 8826 8751
f 8750 8754 8755
f 8751 8826 8827
f 8751 8827 8752
f 8752 8828 8753
f 8752 8827 8829
f 8752 8829 8830
f 8752 8830 8828
f 8753 8828 8754
f 8754 8828 8831
f 8754 8831 8755
f 8755 8831 8756
f 8756 8831 8832
f 8756 8832 8833
f 8756 8833 8834
f 8756 8834 8757
f 8757 8834 8759
f 8759 8834 8835
f 8759 8835 8760
f 8760 8835 8836
f 8760 8836 8766
f 8761 8765 8837
f 8761 8837 8762
f 8762 8837 8838
f 8762 8838 8839
f 8762 8839 8763
f 8763 8839 8840
f 8763 8840 8841
f 8763 8841 8842
f 8763 8842 8843
f 8763 8843 8764
f 8764 8843 8844
f 8764 8844 8768
f 8765 8767 8837
f 8766 8836 8845
f 8766 8845 8846
f 8766 8846 8847
f 8766 8847 8767
f 8767 8847 8838
f 8767 8838 8837
f 8768 8844 8848
f 8768 8848 8769
f 8769 8848 8771
f 8769 8771 8770
f 8771 8848 8849
f 8771 8849 8850
f 8771 8850 8772
f 8772 8774 8773
f 8772 8850 8851
f 8772 8851 8852
f 8772 8852 8853
f 8772 8853 8774
f 8774 8853 8854
f 8774 8854 8855
f 8774 8855 8776
f 8774 8776 8775
f 8776 8856 8777
f 8776 8855 8856
f 8780 8809 8857
f 8780 8857 8782
f 8781 8784 8858
f 8781 8858 8817
f 8782 8857 8783
f 8783 8857 8859
f 8783 8859 8860
f 8783 8860 8861
f 8783 8861 8784
f 8784 8861 8858
f 8785 8862 8786
f 8786 8862 8863
f 8786 8863 8864
f 8786 8864 8865
f 8786 8865 8866
f 8786 8866 8787
f 8788 8866 8865
f 8788 8865 8867
f 8789 8867 8868
f 8789 8868 8790
f 8790 8868 8791
f 8791 8868 8869
f 8791 8869 8870
f 8791 8870 8871
f 8791 8871 8872
f 8791 8872 8792
f 8792 8872 8793
f 8793 8872 8873
f 8793 8873 8874
f 8793 8874 8794
f 8794 8874 8875
f 8794 8875 8795
f 8795 8876 8796
f 8795 8875 8877
f 8795 8877 8876
f 8797 8876 8878
f 8797 8878 8879
f 8797 8879 8798
f 8798 8879 8799
f 8799 8879 8880
f 8799 8880 8881
f 8799 8881 8800
f 8800 8881 8801
f 8801 8881 8882
f 8801 8882 8883
f 8801 8883 8884
f 8801 8884 8802
f 8802 8884 8885
f 8802 8885 8803
f 8803 8885 8886
f 8803 8886 8804
f 8804 8886 8805
f 8805 8886 8887
f 8805 8887 8888
f 8805 8888 8806
f 8806 8888 8889
f 8806 8889 8890
f 8806 8890 8807
f 8807 8890 8808
f 8808 8857 8809
f 8808 8890 8857
f 8811 8813 8891
f 8811 8891 8814
f 8812 8818 8892
f 8812 8892 8813
f 8813 8892 8893
f 8813 8893 8891
f 8814 8894 8815
f 8814 8891 8895
f 8814 8895 8894
f 8815 8894 8896
f 8817 8858 8818
f 8818 8858 8897
f 8818 8897 8892
f 8819 8898 8820
f 8820 8898 8899
f 8820 8899 8823
f 8821 8900 8825
f 8821 8825 8822
f 8821 8823 8901
f 8821 8901 8900
f 8823 8899 8901
f 8824 8825 8902
f 8824 8902 8903
f 8824 8903 8826
f 8825 8900 8904
f 8825 8904 8902
f 8826 8903 8827
f 8827 8903 8905
f 8827 8905 8829
f 8828 8830 8906
f 8828 8906 8831
f 8829 8905 8907
f 8829 8907 8908
f 8829 8908 8909
f 8829 8909 8910
f 8829 8910 8830
f 8830 8910 8911
f 8830 8911 8906
f 8831 8906 8832
f 8832 8906 8912
f 8832 8912 8913
f 8832 8913 8914
f 8832 8914 8833
f 8833 8915 8834
f 8833 8914 8915
f 8834 8915 8835
f 8835 8915 8916
f 8835 8916 8836
f 8836 8916 8917
f 8836 8917 8845
f 8838 8840 8839
f 8838 8847 8918
f 8838 8918 8919
f 8838 8919 8840
f 8840 8919 8841
f 8841 8919 8920
f 8841 8920 8842
f 8842 8920 8921
f 8842 8921 8922
f 8842 8922 8844
f 8842 8844 8843
f 8844 8922 8849
f 8844 8849 8848
f 8845 8917 8846
f 8846 8923 8847
f 8846 8917 8924
f 8846 8924 8925
f 8846 8925 8926
f 8846 8926 8927
f 8846 8927 8928
f 8846 8928 8923
f 8847 8923 8918
f 8849 8922 8929
f 8849 8929 8930
f 8849 8930 8850
f 8850 8930 8931
f 8850 8931 8932
f 8850 8932 8851
f 8851 8932 8933
f 8851 8933 8934
f 8851 8934 8852
f 8852 8935 8853
f 8852 8934 8936
f 8852 8936 8935
f 8853 8935 8854
f 8857 8890 8937
f 8857 8937 8938
f 8857 8938 8939
f 8857 8939 8859
f 8858 8861 8940
f 8858 8940 8897
f 8859 8941 8860
f 8859 8939 8941
f 8860 8941 8909
f 8860 8909 8940
f 8860 8940 8861
f 8863 8942 8864
f 8864 8942 8943
f 8864 8943 8944
f 8864 8944 8865
f 8865 8945 8867
f 8865 8944 8946
f 8865 8946 8947
f 8865 8947 8948
f 8865 8948 8945
f 8867 8945 8868
f 8868 8945 8948
f 8868 8948 8869
f 8869 8948 8870
f 8870 8948 8871
f 8871 8873 8872
f 8871 8948 8949
f 8871 8949 8873
f 8873 8949 8950
f 8873 8950 8874
f 8874 8950 8951
f 8874 8951 8952
f 8874 8952 8875
f 8875 8952 8953
f 8875 8953 8877
f 8876 8877 8954
f 8876 8954 8955
f 8876 8955 8878
f 8877 8953 8954
f 8878 8955 8879
f 8879 8955 8956
f 8879 8956 8880
f 8880 8956 8957
f 8880 8957 8881
f 8881 8957 8882
f 8882 8957 8958
f 8882 8958 8959
f 8882 8959 8884
f 8882 8884 8883
f 8884 8886 8885
f 8884 8959 8926
f 8884 8926 8960
f 8884 8960 8886
f 8886 8960 8887
f 8887 8960 8924
f 8887 8924 8961
f 8887 8961 8888
f 8888 8962 8889
f 8888 8961 8914
f 8888 8914 8962
f 8889 8962 8890
f 8890 8962 8937
f 8891 8893 8963
f 8891 8963 8964
f 8891 8964 8965
f 8891 8965 8895
f 8892 8897 8966
f 8892 8966 8967
f 8892 8967 8893
f 8893 8967 8968
f 8893 8968 8963
f 8894 8969 8970
f 8894 8970 8896
f 8894 8895 8971
f 8894 8971 8969
f 8895 8965 8971
f 8897 8940 8972
f 8897 8972 8966
f 8898 8973 8899
f 8899 8974 8901
f 8899 8973 8974
f 8900 8901 8975
f 8900 8975 8904
f 8901 8974 8975
f 8902 8976 8903
f 8902 8904 8976
f 8903 8976 8905
f 8904 8975 8964
f 8904 8964 8968
f 8904 8968 8976
f 8905 8976 8907
f 8906 8911 8912
f 8907 8968 8967
f 8907 8967 8972
f 8907 8972 8908
f 8907 8976 8968
f 8908 8972 8909
f 8909 8972 8940
f 8909 8941 8910
f 8910 8941 8911
f 8911 8941 8939
f 8911 8939 8912
f 8912 8939 8937
f 8912 8937 8913
f 8913 8937 8962
f 8913 8962 8914
f 8914 8961 8915
f 8915 8961 8916
f 8916 8961 8924
f 8916 8924 8917
f 8918 8923 8977
f 8918 8977 8978
f 8918 8978 8919
f 8919 8978 8920
f 8920 8978 8979
f 8920 8979 8980
f 8920 8980 8921
f 8921 8981 8922
f 8921 8980 8982
f 8921 8982 8981
f 8922 8981 8929
f 8923 8928 8983
f 8923 8983 8977
f 8924 8960 8925
f 8925 8960 8926
f 8926 8959 8958
f 8926 8958 8927
f 8927 8958 8984
f 8927 8984 8985
f 8927 8985 8928
f 8928 8985 8983
f 8929 8931 8930
f 8929 8981 8986
f 8929 8986 8987
f 8929 8987 8988
f 8929 8988 8989
f 8929 8989 8931
f 8931 8989 8990
f 8931 8990 8933
f 8931 8933 8932
f 8933 8990 8934
f 8934 8990 8991
f 8934 8991 8936
f 8935 8936 8992
f 8936 8991 8993
f 8936 8993 8994
f 8936 8994 8992
f 8937 8939 8938
f 8943 8995 8996
f 8943 8996 8997
f 8943 8997 8944
f 8944 8997 8998
f 8944 8998 8946
f 8946 8998 8947
f 8947 8999 9000
f 8947 9000 9001
f 8947 9001 9002
f 8947 9002 8948
f 8947 8998 8999
f 8948 9002 9003
f 8948 9003 8949
f 8949 9003 8951
f 8949 8951 8950
f 8951 9003 9031
f 8951 9031 9004
f 8951 9004 8952
f 8952 9004 9005
f 8952 9005 9006
f 8952 9006 9007
f 8952 9007 8953
f 8953 9007 8954
f 8954 9007 8955
f 8955 9007 9006
f 8955 9006 8956
f 8956 9006 9034
f 8956 9034 9008
f 8956 9008 8957
f 8957 9008 8984
f 8957 8984 8958
f 8963 8968 8964
f 8964 8975 8971
f 8964 8971 8965
f 8966 8972 8967
f 8969 8971 9009
f 8971 8975 8974
f 8971 8974 9010
f 8971 9010 9011
f 8971 9011 9009
f 8973 9012 8974
f 8974 9012 9010
f 8977 8983 8979
f 8977 8979 8978
f 8979 8983 8985
f 8979 8985 9013
f 8979 9013 8980
f 8980 9013 9014
f 8980 9014 9015
f 8980 9015 8982
f 8981 8982 8986
f 8982 9015 8987
f 8982 8987 8986
f 8984 9008 9016
f 8984 9016 9013
f 8984 9013 8985
f 8987 9015 9017
f 8987 9017 9018
f 8987 9018 9019
f 8987 9019 8988
f 8988 9020 8989
f 8988 9019 9021
f 8988 9021 9020
f 8989 9020 8990
f 8990 9020 8991
f 8991 9020 9022
f 8991 9022 9023
f 8991 9023 8993
f 8993 9023 9024
f 8993 9024 8994
f 8995 9025 9026
f 8995 9026 8996
f 8996 9026 8999
f 8996 8999 8998
f 8996 8998 8997
f 8999 9027 9000
f 8999 9026 9027
f 9000 9027 9028
f 9000 9028 9029
f 9000 9029 9001
f 9001 9029 9048
f 9001 9048 9030
f 9001 9030 9031
f 9001 9031 9003
f 9001 9003 9002
f 9004 9031 9032
f 9004 9032 9033
f 9004 9033 9005
f 9005 9033 9006
f 9006 9033 9034
f 9008 9034 9035
f 9008 9035 9016
f 9010 9012 9011
f 9013 9016 9035
f 9013 9035 9014
f 9014 9035 9017
f 9014 9017 9015
f 9017 9035 9034
f 9017 9034 9033
f 9017 9033 9018
f 9018 9033 9032
f 9018 9032 9019
f 9019 9032 9036
f 9019 9036 9021
f 9020 9021 9037
f 9020 9037 9022
f 9021 9036 9030
f 9021 9030 9038
f 9021 9038 9037
f 9022 9037 9039
f 9022 9039 9023
f 9023 9039 9040
f 9023 9040 9041
f 9023 9041 9042
f 9023 9042 9024
f 9025 9043 9027
f 9025 9027 9026
f 9027 9043 9044
f 9027 9044 9045
f 9027 9045 9028
f 9028 9045 9046
f 9028 9046 9029
f 9029 9046 9047
f 9029 9047 9048
f 9030 9048 9038
f 9030 9036 9031
f 9031 9036 9032
f 9037 9038 9049
f 9037 9049 9039
f 9038 9048 9049
f 9039 9049 9050
f 9039 9050 9040
f 9040 9050 9051
f 9040 9051 9052
f 9040 9052 9041
f 9045 9053 9046
f 9046 9053 9054
f 9046 9054 9047
f 9047 9050 9049
f 9047 9049 9048
f 9047 9054 9050
f 9050 9054 9055
f 9050 9055 9051
f 9053 9056 9054
f 9054 9056 9055

