# https://github.com/mikedh/trimesh
mtllib material.mtl
usemtl material_0
v 0.05367540 -0.01155345 -0.01841141
v 0.05367313 -0.01242592 -0.02315352
v 0.05365042 -0.00797838 -0.01973550
v 0.05359781 -0.00927772 -0.02591284
v 0.05345697 -0.00301961 -0.02280146
v 0.05309012 -0.00278268 -0.03298168
v 0.05316417 0.00240432 -0.02336499
v 0.05318426 0.00182591 -0.01645691
v 0.05352641 -0.00592383 -0.01593823
v 0.05300777 0.00789569 -0.01918777
v 0.05303854 0.00687877 -0.01456113
v 0.05284659 0.00913019 -0.02605776
v 0.05289962 0.00405994 -0.03287145
v 0.05267673 0.00915065 -0.03202973
v 0.05287459 -0.00495548 -0.04113868
v 0.05270925 0.00000026 -0.04191424
v 0.05251891 0.01396377 -0.02066278
v 0.05266334 0.01291523 -0.01904944
v 0.05310567 -0.01328254 -0.03564455
v 0.05271609 -0.01399042 -0.04612493
v 0.05310968 -0.01923699 -0.03224308
v 0.05223115 -0.00430381 -0.05086510
v 0.05183014 0.00258573 -0.05346620
v 0.05200407 -0.00722270 -0.05557452
v 0.05226851 0.00619159 -0.04295316
v 0.05186365 -0.00082614 -0.05504649
v 0.05185129 0.00655950 -0.04993451
v 0.05185325 0.00989105 -0.04673415
v 0.05219745 -0.01507196 -0.05281146
v 0.05210238 -0.01570173 -0.05625652
v 0.05213354 -0.02062152 -0.05507891
v 0.05216559 0.01294439 -0.03538141
v 0.05185695 0.01669533 -0.03560520
v 0.05183688 0.01606190 -0.03928238
v 0.05196891 0.01899010 -0.02591299
v 0.05193320 0.01967905 -0.03151516
v 0.05275064 0.01242590 -0.00889504
v 0.05286161 0.00877701 -0.00332280
v 0.05253739 0.01411019 -0.01722651
v 0.05225805 0.01802209 -0.01157153
v 0.05209229 -0.02773037 -0.05135688
v 0.05240973 -0.02305428 -0.04797940
v 0.05284546 -0.02669572 -0.03688863
v 0.05328224 -0.02080978 -0.02390190
v 0.05292475 -0.02988120 -0.03008574
v 0.05301510 -0.03128217 -0.01926988
v 0.05335744 -0.01889119 -0.01588365
v 0.05261866 -0.02856335 -0.04018012
v 0.05296332 -0.00037906 -0.00367134
v 0.05308463 -0.00815667 -0.00529494
v 0.05307169 -0.00896864 -0.00393063
v 0.05317230 -0.01456603 -0.00688293
v 0.05317826 -0.02274487 -0.01172709
v 0.05299474 -0.03214506 -0.00915914
v 0.05302604 -0.02888436 -0.00423737
v 0.05302751 -0.02288870 -0.00155965
v 0.05277509 -0.02551617 0.00380283
v 0.05281004 -0.01092045 0.00260778
v 0.05268947 0.00927003 0.00180829
v 0.05278537 -0.03172726 0.00232391
v 0.05277214 -0.03005707 0.00754567
v 0.05273779 -0.03533664 0.00255391
v 0.05268613 -0.03829130 -0.00527653
v 0.05272171 -0.04036865 -0.00237314
v 0.05247515 -0.04257470 -0.00794931
v 0.05254159 -0.01900118 0.00685148
v 0.05268723 -0.02340189 0.01026370
v 0.05250021 -0.01972060 0.01116433
v 0.05247419 -0.01464902 0.00883332
v 0.05255527 -0.01678011 0.01183439
v 0.05236296 -0.01132762 0.01290391
v 0.05229876 -0.01072024 0.01110284
v 0.05228869 -0.00693920 0.01256585
v 0.05247020 -0.00831291 0.00760978
v 0.05228590 -0.00166021 0.00886795
v 0.05259409 0.00052430 0.00438570
v 0.05252503 0.00336445 0.00794110
v 0.05234653 -0.00141035 0.01099489
v 0.05269846 0.00902816 0.00368197
v 0.05251584 0.01429424 -0.00230714
v 0.05203999 -0.00573813 -0.05649065
v 0.05266374 -0.03744754 -0.01318477
v 0.05272395 -0.03540987 -0.02408551
v 0.05253783 -0.03534262 -0.03391912
v 0.05201891 -0.04186168 -0.02701963
v 0.05172849 -0.04304299 -0.03547198
v 0.05196336 -0.03929457 -0.03984926
v 0.05224822 -0.04078128 -0.01663097
v 0.05191958 -0.03309776 -0.04569214
v 0.05185829 -0.03394022 -0.04780451
v 0.05182884 -0.03640706 -0.04552878
v 0.05197745 -0.04048962 -0.04194133
v 0.05189766 -0.04178268 -0.03952387
v 0.05209489 -0.04537913 -0.01405176
v 0.05241170 0.01541946 -0.00528817
v 0.05234795 0.01945528 -0.01062174
v 0.05184710 0.01964389 -0.01835626
v 0.05285886 -0.03748302 0.00232121
v 0.05290669 -0.03465044 0.00532137
v 0.05174149 -0.04609886 -0.01891971
v 0.05156607 -0.04536854 -0.02936428
v 0.05189940 -0.04712627 -0.01787636
v 0.05213757 0.01643431 -0.01921489
v 0.05247973 -0.04562740 -0.01022488
v 0.05280848 -0.04198681 -0.00379016
v 0.05267748 -0.04378834 -0.00682021
v 0.05194873 -0.04761958 -0.02317038
v 0.05254515 0.01669146 -0.00522321
v 0.05174373 -0.04560458 -0.03162129
v 0.05294046 0.01523609 -0.00136149
v 0.05235310 0.02080040 -0.01465658
v 0.05202211 0.00556606 -0.05190543
v 0.05214728 0.02143109 -0.02002263
v 0.05210800 0.02041267 -0.03029530
v 0.05241919 -0.04649604 -0.01327485
v 0.05290939 0.00652868 0.00716429
v 0.05213247 0.01276794 -0.04488974
v 0.05208157 0.00996546 -0.04781783
v 0.05302509 0.01086857 0.00344511
v 0.05204736 0.00814091 -0.04936510
v 0.05229619 -0.02587552 -0.05306264
v 0.05309207 -0.03890254 0.00101360
v 0.05219157 0.01881586 -0.03562797
v 0.05206926 0.01759231 -0.03779145
v 0.05204326 0.00327176 -0.05377403
v 0.05304448 -0.03288257 0.00682158
v 0.05305245 -0.03065370 0.00821425
v 0.05303373 -0.02768661 0.00941783
v 0.05219173 0.01139046 -0.04641508
v 0.05217141 0.00731371 -0.05052813
v 0.05204105 -0.00044183 -0.05530711
v 0.05236368 0.02155218 -0.01804431
v 0.05241149 -0.02894813 -0.05155768
v 0.05231806 -0.03140082 -0.04977873
v 0.05295740 -0.02416397 0.01062365
v 0.05291905 0.01841433 -0.00640934
v 0.05224348 0.01953884 -0.03400524
v 0.05219075 -0.01059885 -0.05665167
v 0.05296454 -0.02101219 0.01167658
v 0.05283858 -0.01478505 0.01297044
v 0.05309321 0.00429834 0.00866974
v 0.05308475 0.01732727 -0.00422294
v 0.05222175 0.01555349 -0.04129427
v 0.05292617 -0.01758032 0.01232984
v 0.05240226 0.02119836 -0.02762757
v 0.05298814 0.01433641 -0.01991345
v 0.05299660 0.01382719 -0.01867108
v 0.05303966 0.01487549 -0.01913191
v 0.05306990 -0.03670450 0.00359490
v 0.05221137 -0.03891727 -0.04391032
v 0.05216598 -0.04032323 -0.04321507
v 0.05293227 0.01948013 -0.00876226
v 0.05307076 -0.01313928 0.01348084
v 0.05299847 0.02021466 -0.01069325
v 0.05227685 -0.03507509 -0.04731142
v 0.05293203 -0.00937190 0.01336586
v 0.05297476 0.00088952 0.01041574
v 0.05227902 -0.04321377 -0.03734049
v 0.05399906 0.00857365 0.00646507
v 0.05366051 0.01057190 0.00438244
v 0.05405402 0.01221918 0.00313604
v 0.05397001 0.01348037 0.00173107
v 0.05306629 -0.00179465 0.01167898
v 0.05305849 -0.00458093 0.01239828
v 0.05383375 0.01447450 0.00042079
v 0.05296091 -0.04080235 -0.04244438
v 0.05277708 -0.04076632 -0.04176315
v 0.00922433 0.04529159 -0.05963777
v 0.00344052 0.04369403 -0.06116445
v 0.00118379 0.04462033 -0.06141550
v -0.00951706 0.04416720 -0.06371798
v -0.00798657 0.04673081 -0.06270999
v 0.00175353 0.04696869 -0.06056533
v 0.00746635 0.04869380 -0.05881004
v 0.00041264 0.04955689 -0.05987026
v -0.00929888 0.05198579 -0.06121128
v -0.01163661 0.04673610 -0.06359343
v -0.01467550 0.05297975 -0.06216176
v 0.01075835 0.04919821 -0.05816509
v -0.01367966 0.04363497 -0.06501003
v 0.01093082 0.04611513 -0.05889510
v -0.01412730 0.04865984 -0.06370464
v -0.01413554 0.04518468 -0.06494395
v 0.00566011 0.04998697 -0.05844550
v -0.00253511 0.04290448 -0.06249638
v -0.01010920 0.04302564 -0.06399819
v -0.00450464 0.05178334 -0.06003382
v 0.00903391 0.05058599 -0.05770793
v 0.01085128 0.05123445 -0.05741457
v -0.01758881 0.04959636 -0.06476118
v -0.01941020 0.05362309 -0.06334156
v -0.00045847 0.05054037 -0.05949812
v -0.01620510 0.04748054 -0.06521986
v -0.02088158 0.05086726 -0.06547307
v -0.02532066 0.05461256 -0.06475835
v -0.01412182 0.04188162 -0.06563190
v -0.02835245 0.05519762 -0.06560330
v -0.01494270 0.04444132 -0.06578228
v -0.01766235 0.04825649 -0.06587063
v -0.01646915 0.05383260 -0.06206856
v -0.01236062 0.05317047 -0.06111534
v -0.00827237 0.05243173 -0.06037254
v -0.02098557 0.05458903 -0.06296555
v 0.00788030 0.05208980 -0.05828386
v 0.01082152 0.05234088 -0.05711697
v 0.00869555 0.05311999 -0.05770382
v 0.00478345 0.05324708 -0.05897564
v 0.00504862 0.05126302 -0.05892327
v 0.00097300 0.05355193 -0.05972288
v -0.00077482 0.05224476 -0.05998882
v -0.00586725 0.05464119 -0.06071658
v -0.00041550 0.05419086 -0.05962026
v -0.00642377 0.05525484 -0.06056983
v -0.01087296 0.05532681 -0.06162430
v -0.01111816 0.05609856 -0.06108209
v -0.00770124 0.05391143 -0.06091363
v -0.00501574 0.05262291 -0.06036529
v -0.01495888 0.05630563 -0.06221427
v -0.01586947 0.05570083 -0.06245991
v -0.01949301 0.05664040 -0.06314692
v -0.02105654 0.05521025 -0.06307138
v -0.02544297 0.05556847 -0.06353629
v -0.02237943 0.05627351 -0.06354352
v -0.02789707 0.05761659 -0.06434696
v -0.02800076 0.05624126 -0.06415357
v -0.02515312 0.05786980 -0.06344975
v -0.02928337 0.05724552 -0.06427114
v -0.02932240 0.05873457 -0.06342227
v -0.01256122 0.04182194 -0.06425708
v -0.01284998 0.03996780 -0.06425488
v 0.01050786 0.04423031 -0.05868471
v 0.00094448 0.04136960 -0.06108152
v 0.00693581 0.04113829 -0.05901858
v 0.00821156 0.04116128 -0.05849221
v 0.00968825 0.04287354 -0.05850684
v -0.00372187 0.04066408 -0.06188640
v 0.01081103 0.05309506 -0.05628464
v -0.03066415 0.05754753 -0.06562614
v -0.03051759 0.05604230 -0.06602043
v -0.02891661 0.05683737 -0.06437015
v -0.01092145 0.03709117 -0.06209741
v -0.00973648 0.03680934 -0.06100731
v -0.01029680 0.03999808 -0.06272989
v -0.00442000 0.03767302 -0.06051225
v 0.00265413 0.03898131 -0.05943561
v 0.00029791 0.03869737 -0.05995501
v -0.00985855 0.03603641 -0.06080854
v -0.00626093 0.03682263 -0.06026618
v 0.00339472 0.00710950 0.02650612
v 0.01768917 0.00743941 0.02657144
v 0.01728185 0.01095542 0.02513816
v 0.03344437 0.01101937 0.02513873
v 0.03379121 0.00730246 0.02668818
v 0.03908386 0.01175300 0.02478008
v 0.03926689 0.00842976 0.02619607
v 0.00204371 0.01091043 0.02489018
v 0.03263660 0.01400804 0.02367821
v 0.00326830 0.01395727 0.02342522
v 0.01750173 0.01381877 0.02372020
v 0.03911511 0.00490308 0.02755134
v 0.00320731 0.00396727 0.02762525
v 0.03017153 0.00432925 0.02771761
v -0.00089474 0.00453815 0.02724273
v -0.00346452 0.00743293 0.02585092
v -0.00276996 0.00956409 0.02504587
v 0.03839566 0.00145248 0.02858694
v 0.00303136 0.00072970 0.02860053
v 0.01993056 0.00113444 0.02859397
v -0.00263774 0.01375587 0.02312531
v -0.00255454 0.00038631 0.02831892
v 0.03057474 0.01715527 0.02193040
v 0.00187488 0.01715995 0.02158680
v 0.01429297 0.01742016 0.02164242
v 0.03910069 0.01654650 0.02216231
v -0.00336697 0.00394686 0.02706237
v -0.00242549 0.01983787 0.01952344
v 0.03507841 0.02082403 0.01950568
v 0.01490686 0.02080317 0.01941760
v 0.00243426 0.02036917 0.01953677
v 0.03923980 0.01996248 0.01992867
v -0.00278787 -0.00268439 0.02900220
v 0.02673313 -0.00166381 0.02920481
v 0.00308974 -0.00193269 0.02914642
v 0.03821824 -0.00216112 0.02942843
v 0.03917544 -0.00057046 0.02904575
v -0.00348832 0.01238345 0.02354508
v 0.03461650 -0.00555011 0.02997816
v 0.01373453 -0.00574003 0.02982263
v 0.00304413 -0.00587873 0.02980928
v -0.00197609 -0.00781543 0.02992999
v 0.03899402 -0.00578790 0.02997393
v 0.03842690 -0.00891208 0.03033682
v 0.00248623 -0.00976800 0.03018645
v 0.01449010 -0.00996142 0.03023644
v 0.03972574 0.00214388 0.02798630
v 0.03331444 -0.01176839 0.03048881
v -0.00380600 0.01756077 0.02054608
v -0.00373271 0.01374222 0.02268905
v -0.00356743 0.01966501 0.01937367
v 0.01499769 -0.01208025 0.03034769
v 0.00481784 -0.01245226 0.03032830
v -0.00242655 -0.01336278 0.03020315
v -0.00363607 -0.00954110 0.02987428
v -0.00298937 -0.00770464 0.02977953
v -0.00360541 -0.00447076 0.02899788
v -0.00394838 -0.01525513 0.03009341
v 0.03834740 -0.01471035 0.03039458
v 0.00287956 -0.01618384 0.03018909
v 0.03510699 -0.01555256 0.03037014
v 0.01382687 -0.01558098 0.03021015
v -0.00356558 -0.01808568 0.02992590
v -0.00419416 -0.00848532 0.02996343
v 0.03924448 -0.01260642 0.03020984
v 0.02535538 -0.01663596 0.03021329
v -0.00420972 -0.01934659 0.02997806
v -0.00365019 -0.00043853 0.02807487
v 0.01138819 -0.02005365 0.02975015
v -0.00289143 -0.01945372 0.02977104
v 0.03877759 -0.01977993 0.02989825
v 0.03915876 0.02380419 0.01690253
v 0.03280410 0.02392227 0.01702183
v 0.01072907 0.02396946 0.01683827
v 0.00239463 0.02376190 0.01681689
v -0.00232758 0.02403960 0.01599658
v -0.00362223 0.02256190 0.01689271
v 0.03967291 0.01143835 0.02463049
v -0.00279321 -0.02380358 0.02896289
v 0.04034128 0.00236481 0.02758948
v 0.03984362 0.00540815 0.02687944
v 0.04040836 0.00555619 0.02681826
v 0.04014537 0.00744106 0.02596879
v 0.02470481 -0.02060011 0.02966538
v 0.03890670 -0.02343726 0.02908752
v 0.00979797 -0.02458050 0.02870884
v 0.03984729 -0.01028528 0.02980570
v 0.03977565 -0.00457389 0.02936237
v 0.04023658 -0.00956441 0.02980091
v 0.04017106 -0.00425838 0.02923048
v 0.04013231 -0.00090864 0.02843866
v 0.04025154 -0.01997102 0.02944596
v 0.03981409 -0.01951032 0.02940650
v -0.00369462 -0.02266191 0.02890705
v 0.03886939 -0.02620100 0.02830505
v -0.00283363 -0.02693538 0.02807397
v 0.01135298 -0.02648534 0.02814880
v 0.04042111 -0.00094905 0.02863824
v -0.00413492 -0.02036913 0.02907455
v -0.00427912 -0.00060570 0.02768561
v -0.00417109 -0.00396441 0.02823333
v -0.00460165 -0.00269824 0.02814577
v 0.03986876 0.01300188 0.02354093
v 0.04009263 -0.02387989 0.02834627
v 0.03209759 -0.02921914 0.02715703
v 0.00105574 -0.03012252 0.02681318
v -0.00331758 -0.02871181 0.02740112
v -0.00402595 -0.02609221 0.02781556
v 0.03847767 -0.02829200 0.02757154
v 0.03900627 -0.03117343 0.02635512
v -0.00345352 -0.03077256 0.02652890
v 0.03934468 -0.02709036 0.02783825
v 0.01982271 -0.03144349 0.02619541
v 0.03413355 -0.03478142 0.02459223
v -0.00334246 -0.03246625 0.02574033
v 0.00362452 -0.03344736 0.02522681
v -0.00353550 -0.00688611 0.02930102
v 0.03895702 -0.03538356 0.02430978
v 0.04014766 -0.02662051 0.02757288
v -0.00300022 -0.03574090 0.02401168
v -0.00338049 -0.03479170 0.02448828
v -0.00347739 -0.03748575 0.02300352
v 0.04012364 -0.03094244 0.02593799
v 0.03980704 -0.03340952 0.02487141
v 0.04024311 -0.03381711 0.02461584
v 0.04019789 -0.03594417 0.02347877
v 0.03153930 -0.03873238 0.02219306
v 0.03903691 -0.03911177 0.02204044
v 0.00395775 -0.03984656 0.02148281
v 0.04014145 -0.02882697 0.02669118
v 0.03995504 0.00969399 0.02512525
v 0.04071104 0.01073202 0.02477022
v 0.04062543 0.00952416 0.02538285
v -0.00388171 -0.04078045 0.02080764
v 0.04019211 -0.03736859 0.02270171
v 0.03305155 -0.04089246 0.02069402
v 0.00492760 -0.04127990 0.02046767
v -0.00341012 -0.00852939 0.02934126
v -0.00387934 -0.04315777 0.01902748
v -0.00417895 -0.02330672 0.02832373
v 0.03856210 -0.04314456 0.01894060
v 0.03124649 -0.04452425 0.01783734
v 0.04005951 -0.03973656 0.02114614
v 0.04027701 0.01178246 0.02397653
v 0.04022919 0.01386067 0.02274371
v -0.00367691 -0.04466279 0.01777184
v 0.04029177 -0.04246980 0.01897187
v -0.00415734 -0.02880258 0.02667128
v -0.00415444 -0.03121302 0.02622387
v 0.03895978 -0.04577407 0.01662541
v 0.04032685 -0.04413606 0.01759807
v 0.04034630 -0.04563645 0.01633978
v 0.04031955 -0.04029746 0.02097255
v 0.02300007 -0.04598031 0.01651775
v -0.00408384 -0.04595576 0.01660123
v -0.00438695 -0.00505045 0.02883886
v -0.00390077 -0.00676121 0.02868120
v -0.00454068 -0.00659080 0.02884195
v 0.00572187 -0.04641881 0.01612671
v -0.00408025 -0.04859504 0.01394222
v -0.00443259 -0.03244241 0.02503087
v 0.03992015 0.01555378 0.02192733
v 0.04072332 0.01581544 0.02186323
v 0.04016034 0.01658641 0.02100541
v 0.03999566 0.01814167 0.02025097
v 0.05717629 0.03127249 -0.04252461
v 0.06100167 0.02977224 -0.04616198
v 0.05722402 0.02990031 -0.04499109
v 0.05951343 0.02926889 -0.04686598
v 0.06032807 0.03285027 -0.03963957
v 0.06590767 0.03172298 -0.04237027
v 0.05730539 0.03245062 -0.03985267
v 0.07349606 0.02996133 -0.04589377
v 0.07415351 0.03112289 -0.04374111
v 0.07333857 0.03277848 -0.03986283
v 0.06347802 0.02735217 -0.04998499
v 0.05892092 0.02743838 -0.04971217
v 0.05715364 0.02735538 -0.04943477
v 0.05721748 0.02894257 -0.04668302
v 0.06990154 0.02714784 -0.05008634
v 0.07424157 0.02728505 -0.04973925
v 0.05728050 0.02654315 -0.05062396
v 0.05725940 0.02499991 -0.05278590
v 0.07415556 0.02416168 -0.05368439
v 0.06284286 0.02441749 -0.05358623
v 0.06927085 0.02359047 -0.05424653
v 0.05915537 0.02220951 -0.05602387
v 0.06292268 0.02125099 -0.05689521
v 0.07363966 0.02242087 -0.05560483
v 0.06947177 0.02008414 -0.05767494
v 0.07422264 0.01935955 -0.05848233
v 0.05727372 0.02196543 -0.05581774
v 0.05876249 0.01932752 -0.05846874
v 0.06207793 0.01719143 -0.06023639
v 0.06967542 0.01615659 -0.06085384
v 0.07424006 0.01607487 -0.06103291
v 0.05802663 0.01561692 -0.06117387
v 0.05740632 0.01830171 -0.05896907
v 0.05718477 0.01533130 -0.06120742
v 0.06042664 0.01310240 -0.06288032
v 0.07419805 0.01203547 -0.06364730
v 0.06977527 0.01163869 -0.06374293
v 0.05742142 0.00998262 -0.06437986
v 0.07428927 0.00873397 -0.06548323
v 0.05732690 0.01371773 -0.06216632
v 0.05728384 0.03343674 -0.03719042
v 0.05986343 0.03386552 -0.03650857
v 0.07328901 0.03384127 -0.03654688
v 0.07413105 0.03266052 -0.03967434
v 0.05705395 0.02381371 -0.05510355
v 0.05715255 0.03447485 -0.03318519
v 0.06808952 0.03458853 -0.03347102
v 0.05732410 0.03477094 -0.03198062
v 0.07397038 0.03482658 -0.03202202
v 0.06730471 0.03506719 -0.03058396
v 0.05876866 0.03514324 -0.02965019
v 0.05709970 0.03542273 -0.03015016
v 0.07405158 0.03566650 -0.02524123
v 0.06860371 0.03548280 -0.02681219
v 0.05883716 0.03557300 -0.02559736
v 0.05728280 0.03535828 -0.02645435
v 0.05738088 0.03568182 -0.02177664
v 0.06320794 0.03583913 -0.02035498
v 0.07035232 0.03566014 -0.02351244
v 0.07068444 0.03576465 -0.01968777
v 0.07400623 0.03573220 -0.01823297
v 0.05728061 0.03558187 -0.01738418
v 0.05945141 0.03558466 -0.01651851
v 0.06897478 0.03550231 -0.01596013
v 0.07399732 0.03520610 -0.01406671
v 0.05737348 0.03482715 -0.01232888
v 0.06553473 0.03483626 -0.01213555
v 0.07368373 0.03445987 -0.01024877
v 0.06525871 0.03424607 -0.00955004
v 0.05739653 0.03413417 -0.00909422
v 0.06669394 0.03333019 -0.00634452
v 0.07396303 0.03329469 -0.00626270
v 0.05770765 0.03319872 -0.00617253
v 0.05695296 0.03357243 -0.00655445
v 0.06996979 0.03165411 -0.00195175
v 0.07397667 0.03174776 -0.00226361
v 0.05744374 0.03205755 -0.00336204
v 0.05696504 0.03238755 -0.00368099
v 0.06609260 0.03028709 0.00079728
v 0.05739173 0.03066691 -0.00014084
v 0.07345569 0.03024432 0.00086707
v 0.05729795 0.02896042 0.00277375
v 0.06895182 0.02869798 0.00350170
v 0.07384670 0.02766956 0.00506900
v 0.06689769 0.02692059 0.00610309
v 0.05730571 0.02788615 0.00453218
v 0.05727384 -0.06480945 -0.02275542
v 0.05747064 -0.06415369 -0.01621305
v 0.05670318 -0.06469583 -0.01665120
v 0.05718581 -0.06286281 -0.00977902
v 0.05779963 -0.06389839 -0.02068196
v 0.05769148 -0.06329370 -0.01475476
v 0.05763396 -0.06396929 -0.02982038
v 0.05749382 -0.06192058 -0.00910758
v 0.05757080 -0.06069770 -0.00535201
v 0.05715049 -0.06087909 -0.00350380
v 0.05745757 -0.05943092 -0.00216925
v 0.05717111 -0.05887016 0.00162683
v 0.05755210 -0.05760400 0.00238976
v 0.05709869 -0.05565149 0.00722318
v 0.05747319 -0.05542252 0.00592378
v 0.05738417 -0.05262547 0.01055210
v 0.05710320 -0.05194404 0.01240687
v 0.05649032 -0.06172502 -0.00459982
v 0.05611350 -0.05540574 0.00871463
v 0.05661476 -0.06484735 -0.02751451
v 0.05626024 -0.05944880 0.00152050
v 0.05650056 -0.06452400 -0.03028056
v 0.05667517 -0.06384743 -0.03366575
v 0.05617663 -0.06333517 -0.00994393
v 0.05582451 -0.05117007 0.01421199
v 0.05730571 0.02788615 0.00453218
v 0.05729795 0.02896042 0.00277375
v 0.05708363 0.02782112 0.00530344
v 0.05771193 0.02640763 0.00658765
v 0.05739173 0.03066691 -0.00014084
v 0.05717067 0.03159522 -0.00173407
v 0.05695532 0.02474643 0.00841761
v 0.05746298 -0.04074183 0.02063066
v 0.05747320 -0.04155938 0.01841550
v 0.05745541 -0.03790309 0.02027296
v 0.05739345 -0.04347115 0.01880720
v 0.05748025 -0.04222574 0.01705720
v 0.05735054 -0.03449577 0.02410523
v 0.05740601 -0.03435055 0.02244346
v 0.05725083 -0.03005364 0.02376307
v 0.05735252 -0.02803075 0.02689742
v 0.05740456 -0.02494074 0.02631897
v 0.05718473 -0.01845007 0.02995821
v 0.05726817 -0.02023531 0.02702607
v 0.05740721 -0.04288646 0.01633794
v 0.05755109 -0.04647089 0.01374140
v 0.05750596 -0.04763342 0.01487940
v 0.05754682 -0.05024493 0.00945879
v 0.05759023 -0.05167520 0.00629954
v 0.05769357 -0.05461342 0.00124739
v 0.05769173 -0.05538036 -0.00031105
v 0.05766032 -0.05793589 -0.00396422
v 0.05778822 -0.05858723 -0.00857209
v 0.05775313 -0.05946941 -0.01285887
v 0.05793633 -0.06018665 -0.01895213
v 0.05786759 -0.06038931 -0.02067906
v 0.05778558 -0.06271765 -0.03231095
v 0.05780323 -0.05981862 -0.02987596
v 0.05792293 -0.06094112 -0.03946678
v 0.05786671 -0.05865253 -0.03394724
v 0.05792034 -0.05822248 -0.04070059
v 0.05788699 -0.05758591 -0.03714471
v 0.05786726 -0.05616458 -0.04083343
v 0.05778098 -0.05785475 -0.04460593
v 0.05774769 -0.05373458 -0.04601913
v 0.05771467 -0.05316521 -0.05219974
v 0.05773104 -0.05721290 -0.04871211
v 0.05772660 -0.05114204 -0.05772649
v 0.05775623 -0.04935781 -0.05603673
v 0.05774392 -0.04542023 -0.05928429
v 0.05774055 -0.04423506 -0.06458026
v 0.05766263 -0.03982050 -0.06193492
v 0.05754165 -0.03846138 -0.06856900
v 0.05764667 -0.03581445 -0.06364180
v 0.05751396 -0.03393326 -0.06627936
v 0.05748342 -0.03322573 -0.07160033
v 0.05760836 -0.02952797 -0.06781783
v 0.05764086 -0.04677392 -0.05542061
v 0.05753722 -0.05101204 -0.05028254
v 0.05751780 -0.02580850 -0.06913959
v 0.05741931 -0.02708672 -0.07432620
v 0.05759154 -0.02256808 -0.06973985
v 0.05764122 -0.02222932 -0.07537177
v 0.05768841 -0.01807566 -0.07047358
v 0.05759362 -0.01418856 -0.07320278
v 0.05766617 -0.01945684 -0.07586466
v 0.05751127 -0.01231379 -0.07623235
v 0.05722296 0.00059286 -0.07208861
v 0.05725008 -0.00191703 -0.07054345
v 0.05733987 0.00174482 -0.06800599
v 0.05717772 -0.00308139 -0.07550694
v 0.05706385 0.00145119 -0.07461689
v 0.05738346 0.00563554 -0.06954425
v 0.05715547 0.00535422 -0.07319856
v 0.05728330 0.00584845 -0.06702491
v 0.05723815 0.00917779 -0.06533273
v 0.05725874 0.00650683 -0.06607725
v 0.05720583 0.01161522 -0.06360552
v 0.05704084 0.01149256 -0.07045640
v 0.05688839 0.01699562 -0.06721871
v 0.05718477 0.01533130 -0.06120742
v 0.05682137 0.02185476 -0.06129007
v 0.05681905 0.02236329 -0.06269989
v 0.05676639 0.02631654 -0.05800020
v 0.05682010 0.02770719 -0.05433519
v 0.05676934 0.02983781 -0.05405849
v 0.05671949 0.03304178 -0.04913851
v 0.05742568 -0.03289941 -0.06475059
v 0.05745430 -0.03000405 -0.06618733
v 0.05753607 -0.04333384 -0.05801419
v 0.05705395 0.02381371 -0.05510355
v 0.05715105 0.01796685 -0.05987644
v 0.05722402 0.02990031 -0.04499109
v 0.05721748 0.02894257 -0.04668302
v 0.05715364 0.02735538 -0.04943477
v 0.05736204 0.00231655 -0.06750540
v 0.05717629 0.03127249 -0.04252461
v 0.05672875 0.03593433 -0.04376095
v 0.05711302 0.03313034 -0.03936017
v 0.05686193 0.03796912 -0.03867608
v 0.05700935 0.03905423 -0.03449126
v 0.05715255 0.03447485 -0.03318519
v 0.05703266 0.03843665 -0.02549895
v 0.05709970 0.03542273 -0.03015016
v 0.05711041 0.03590429 -0.02276208
v 0.05708417 0.03575153 -0.01643547
v 0.05688967 0.04069853 -0.02321573
v 0.05679512 0.04062577 -0.01494528
v 0.05715946 0.03522581 -0.01251441
v 0.05697839 0.03690472 -0.00357939
v 0.05711101 0.03508345 -0.00819486
v 0.05712050 0.03264201 -0.00106384
v 0.05683082 0.03990135 -0.03247120
v 0.05677038 0.03527251 0.00197206
v 0.05698755 0.03136882 0.00583416
v 0.05669909 0.02471910 0.01571196
v 0.05687847 0.02256698 0.01061314
v 0.05680202 0.01999302 0.01296386
v 0.05669399 0.02083386 0.01893385
v 0.05673378 0.01637635 0.01551340
v 0.05677411 0.01481333 0.01704519
v 0.05684684 0.01064110 0.01935472
v 0.05673695 0.01517136 0.02303997
v 0.05701367 0.00930115 0.02428938
v 0.05699413 0.00750513 0.02192043
v 0.05707091 -0.00112786 0.02621097
v 0.05696177 0.00214639 0.02275924
v 0.05689181 0.00518591 0.02733923
v 0.05691010 -0.00082241 0.02912839
v 0.05690101 -0.00772641 0.02928031
v 0.05682673 -0.00851781 0.02638267
v 0.05682608 -0.00446122 0.02443709
v 0.05692925 -0.00046568 0.02380432
v 0.05728327 -0.01808380 0.02922268
v 0.05689027 0.01017445 0.02555857
v 0.05701893 -0.01657427 0.02631736
v 0.05672124 -0.00342148 0.03007278
v 0.05760749 -0.06008217 -0.04333898
v 0.05744574 0.00439231 -0.06681928
v 0.05696504 0.03238755 -0.00368099
v 0.05739743 -0.02757984 -0.06704239
v 0.05726575 -0.02488893 -0.06762641
v 0.05695296 0.03357243 -0.00655445
v 0.05671523 0.02885148 0.01117162
v 0.05676766 0.03290665 0.00610977
v 0.05730281 -0.02313879 -0.06828914
v 0.05715625 0.00708346 0.02083590
v 0.05691824 0.00445751 0.02206578
v 0.05745486 -0.01260652 -0.06997360
v 0.05721483 -0.00628325 -0.06961020
v 0.05759706 -0.01679365 -0.06964508
v 0.05673993 0.03984257 -0.01013487
v 0.05676203 0.03866416 -0.00498131
v 0.05704411 -0.02469507 0.02415452
v 0.05729738 -0.02758752 0.02259357
v 0.05706877 -0.02997188 0.02199547
v 0.05696294 -0.03196804 0.02112059
v 0.05760889 -0.03836585 -0.06226494
v 0.05752956 -0.03937147 -0.06109333
v 0.05768211 -0.04164445 -0.05942515
v 0.05773290 -0.04792185 0.01064883
v 0.05757072 -0.04927006 0.00898427
v 0.05737642 -0.05076825 0.00712656
v 0.05754311 -0.04651378 0.01201617
v 0.05729888 -0.04510450 0.01286806
v 0.05703084 -0.00201449 -0.06913660
v 0.05696511 -0.00563453 -0.06920810
v 0.05706850 -0.03984498 0.01748953
v 0.05716052 -0.03713626 0.01915443
v 0.05690985 -0.02325299 0.02486302
v 0.05653455 -0.02076203 0.02440140
v 0.05695739 -0.03506075 0.02001823
v 0.05674932 -0.03374363 0.02006993
v 0.05739653 0.03413417 -0.00909422
v 0.05708749 -0.02626876 0.02852760
v 0.05645238 -0.00838431 0.02454966
v 0.05642429 -0.01750618 0.02509385
v 0.05652713 -0.01436953 0.02463736
v 0.05694807 -0.04409647 0.01401228
v 0.05719613 -0.04311687 0.01511860
v 0.05718878 -0.04808674 0.01607692
v 0.05706646 -0.03365607 0.02561819
v 0.05755439 -0.06324692 -0.03379133
v 0.05756347 -0.06235843 -0.03733034
v 0.05780863 -0.03731790 -0.06257240
v 0.05707522 -0.00066794 -0.06845221
v 0.05707778 -0.02158369 -0.06845041
v 0.05727372 0.02196543 -0.05581774
v 0.05725940 0.02499991 -0.05278590
v 0.05709177 -0.01989416 -0.06908568
v 0.05748757 -0.04907484 -0.05221937
v 0.05751582 -0.04690207 -0.05443869
v 0.05782209 -0.04533722 -0.05615009
v 0.05754692 -0.04632763 -0.06329371
v 0.05706927 -0.04205017 0.02100818
v 0.05713443 -0.00095753 0.02339236
v 0.05720998 -0.00948542 -0.07656608
v 0.05685169 0.00234679 0.02245509
v 0.05735938 -0.03576984 0.01920803
v 0.05728528 -0.03893950 0.01759464
v 0.05718924 -0.01795580 -0.06922260
v 0.05740632 0.01830171 -0.05896907
v 0.05651013 -0.00882575 0.03095362
v 0.05741010 -0.04213555 -0.06675444
v 0.05798544 -0.04108766 0.01674279
v 0.05782668 -0.05650592 -0.00251106
v 0.05787873 -0.05793028 -0.00607942
v 0.05718360 -0.01383916 -0.07692381
v 0.05752939 -0.05830192 -0.04737850
v 0.05730539 0.03245062 -0.03985267
v 0.05728384 0.03343674 -0.03719042
v 0.05742631 -0.02437853 0.02350042
v 0.05637845 0.04148609 -0.01901530
v 0.05738971 -0.05632052 -0.05116308
v 0.05737348 0.03482715 -0.01232888
v 0.05715595 0.01344636 0.01754541
v 0.05633614 0.00518301 0.02827894
v 0.05631282 0.02670897 0.01445381
v 0.05636562 0.02121324 0.01929300
v 0.05692272 -0.02218681 0.02402320
v 0.05718848 -0.03377640 -0.07184384
v 0.05742142 0.00998262 -0.06437986
v 0.05743273 0.00755038 -0.06553574
v 0.05640024 0.01628500 0.02277371
v 0.05635657 0.03088413 0.00957300
v 0.05652647 0.03882472 -0.03767892
v 0.05624901 0.00096506 0.02964811
v 0.05635723 0.03742680 -0.00105108
v 0.05647286 0.02539514 -0.05982279
v 0.05638895 0.02927370 -0.05539107
v 0.05728573 -0.02288835 -0.07574601
v 0.05719818 0.00492568 0.02158521
v 0.05728061 0.03558187 -0.01738418
v 0.05644047 0.04102582 -0.02662811
v 0.05637981 -0.01391298 0.03113803
v 0.05791766 -0.05942349 -0.03072680
v 0.05632545 0.04101164 -0.01352503
v 0.05630097 0.01190091 0.02549683
v 0.05782877 -0.05437449 -0.04451574
v 0.05786096 -0.05280254 -0.04722712
v 0.05635601 -0.03819096 0.02411187
v 0.05634453 0.03933791 -0.00573945
v 0.05637729 -0.03143266 0.02736201
v 0.05710620 -0.01904335 -0.07655913
v 0.05640536 0.03774803 -0.04039813
v 0.05738559 -0.05176412 -0.05752606
v 0.05738088 0.03568182 -0.02177664
v 0.05728280 0.03535828 -0.02645435
v 0.05636009 0.03565417 -0.04511483
v 0.05636822 0.02057858 -0.06485374
v 0.05632953 -0.02294553 0.02997914
v 0.05630517 0.03389774 0.00551678
v 0.05629894 -0.01785564 0.03088695
v 0.05732690 0.01371773 -0.06216632
v 0.05633897 0.03167353 -0.05192689
v 0.05649334 0.01423149 -0.06932421
v 0.05645258 0.01751195 -0.06725683
v 0.05596124 -0.02663192 0.02928845
v 0.05568918 -0.00548979 0.03108250
v 0.05631276 -0.04236519 0.02140672
v 0.05542108 -0.04327242 0.02117738
v 0.05534992 0.03561914 0.00331822
v 0.05536425 0.03761155 -0.00054233
v 0.05531356 0.03101562 0.01007288
v 0.05512610 0.03383600 0.00621243
v 0.04107689 0.00059290 0.02954493
v 0.04185646 0.00154679 0.02960064
v 0.04113846 0.00441009 0.02855033
v 0.04176568 -0.00263472 0.03048164
v 0.04101213 -0.00400309 0.03046766
v 0.04167599 -0.00874966 0.03136871
v 0.04098954 -0.01024080 0.03130580
v 0.04210664 0.00507795 0.02855294
v 0.04171709 0.00719763 0.02777049
v 0.04153979 -0.01489047 0.03154210
v 0.04099676 -0.01779723 0.03128599
v 0.04017106 -0.00425838 0.02923048
v 0.04114626 0.00812123 0.02706308
v 0.04161480 0.01053324 0.02636165
v 0.04042111 -0.00094905 0.02863824
v 0.04034128 0.00236481 0.02758948
v 0.04040836 0.00555619 0.02681826
v 0.04023658 -0.00956441 0.02980091
v 0.04014537 0.00744106 0.02596879
v 0.04087263 -0.02065569 0.03061971
v 0.04025154 -0.01997102 0.02944596
v 0.04095263 -0.02464064 0.02996799
v 0.04009263 -0.02387989 0.02834627
v 0.04083795 -0.02890658 0.02856586
v 0.04014766 -0.02662051 0.02757288
v 0.04014145 -0.02882697 0.02669118
v 0.04012364 -0.03094244 0.02593799
v 0.04120590 -0.02777002 0.02921668
v -0.04279598 0.04994381 -0.08328354
v -0.03903073 0.04933681 -0.09067060
v -0.04681768 0.04760270 -0.09170941
v -0.04864632 0.04853757 -0.08371103
v -0.04915349 0.04744305 -0.08956543
v -0.03488940 0.05042272 -0.08870345
v -0.03554781 0.05164437 -0.08155702
v -0.03203438 0.05204547 -0.08246420
v -0.03165242 0.05075881 -0.09044461
v -0.04159531 0.05191234 -0.07534843
v -0.03795624 0.05359477 -0.07107397
v -0.04665085 0.05092973 -0.07482751
v -0.04300560 0.05213945 -0.07267773
v -0.04904872 0.04934892 -0.07931596
v -0.03360778 0.05408828 -0.07127101
v -0.02675305 0.05303929 -0.08033308
v -0.02838666 0.05159841 -0.08835710
v -0.02509312 0.05088428 -0.09526683
v -0.03086509 0.04992584 -0.09611888
v -0.03576985 0.04966640 -0.09155154
v -0.02842850 0.05271831 -0.08134467
v -0.02852201 0.04946523 -0.09933985
v -0.04703418 0.05106246 -0.07320336
v -0.03212215 0.04848317 -0.10026117
v -0.03137521 0.04804700 -0.10242313
v -0.03503197 0.04775550 -0.10128533
v -0.03621450 0.04730525 -0.10257955
v -0.04197834 0.04648944 -0.10257010
v -0.04812169 0.04728933 -0.09280391
v -0.03620510 0.04784835 -0.09794901
v -0.03328203 0.04858031 -0.09776567
v -0.03201702 0.04949091 -0.09624753
v -0.03617649 0.04852046 -0.09602984
v -0.04612634 0.04733227 -0.09280806
v -0.04382597 0.04704221 -0.09587273
v -0.04688670 0.04661958 -0.09574361
v -0.05265881 0.04935747 -0.07392172
v -0.02518083 0.04985008 -0.09899963
v -0.05212453 0.04673854 -0.08806455
v -0.05655452 0.04777159 -0.07533506
v -0.05275429 0.04611389 -0.09544030
v -0.04795611 0.04674589 -0.09582726
v -0.05318338 0.04548244 -0.09745720
v -0.02333296 0.05242806 -0.08575477
v -0.04446042 0.04635686 -0.09746395
v -0.04913440 0.04489973 -0.10262431
v -0.04742591 0.04579175 -0.09769027
v -0.05018024 0.04540701 -0.09831917
v -0.05384573 0.04435611 -0.10102995
v -0.05840266 0.04583359 -0.08081510
v -0.05330007 0.04662582 -0.08503362
v -0.05647138 0.04802562 -0.07380932
v -0.05822844 0.04748442 -0.07336698
v -0.05948441 0.04610012 -0.07791139
v -0.05506481 0.04540117 -0.09091807
v -0.05724681 0.04486717 -0.08598959
v -0.03503562 0.05439072 -0.06990180
v -0.02833660 0.05369611 -0.07526086
v -0.02535915 0.05313316 -0.07989147
v -0.06223970 0.04534054 -0.07587340
v -0.02890602 0.05416008 -0.07129637
v -0.02988217 0.05461009 -0.06840465
v -0.02313618 0.05096732 -0.09468138
v -0.06134060 0.04615224 -0.07290389
v -0.06465324 0.04469247 -0.07435636
v -0.06468017 0.04520530 -0.07191082
v -0.06629813 0.04395357 -0.07474304
v -0.06621992 0.04495814 -0.07190434
v -0.06641970 0.04189068 -0.08218048
v -0.06129000 0.04289312 -0.08590504
v -0.06640480 0.04079178 -0.08675331
v -0.06404321 0.04096263 -0.09042328
v -0.05978407 0.04259009 -0.09298986
v -0.06626940 0.03964924 -0.09130399
v -0.06523133 0.03981084 -0.09275686
v -0.05520429 0.04500767 -0.09452186
v -0.05412953 0.04361546 -0.10250636
v -0.06077276 0.04081724 -0.09671084
v -0.05768408 0.04246090 -0.09799707
v -0.05612657 0.04263476 -0.10174028
v -0.02645569 0.05366487 -0.07417835
v -0.04542156 0.04562065 -0.10277487
v -0.02995360 0.05505654 -0.06723995
v -0.02535418 0.04801849 -0.10240581
v -0.02298841 0.05270175 -0.08150805
v -0.02276480 0.04958875 -0.09884477
v -0.05846071 0.04124892 -0.09953490
v -0.06539208 0.04596181 -0.07062412
v -0.06639085 0.04615149 -0.06792484
v -0.06637418 0.04785700 -0.06327866
v -0.05966991 0.04884888 -0.07012458
v -0.06495945 0.05021900 -0.05799972
v -0.05887181 0.05125924 -0.06315743
v -0.05563138 0.05176382 -0.06552929
v -0.05290376 0.05032201 -0.07335233
v -0.05985881 0.05232461 -0.05858056
v -0.05615190 0.05350440 -0.05940270
v -0.04784330 0.05576702 -0.06065889
v -0.05195116 0.05494257 -0.05876061
v -0.04481232 0.05733701 -0.05853790
v -0.05069969 0.05100147 -0.07326632
v -0.04552368 0.05417815 -0.06778222
v -0.04485991 0.05605117 -0.06267552
v -0.03850705 0.05802104 -0.06145218
v -0.05569583 0.05413805 -0.05738829
v -0.03476711 0.06009707 -0.05807949
v -0.03860089 0.05985376 -0.05572659
v -0.04522261 0.05890288 -0.05312787
v -0.04055818 0.06200491 -0.04674690
v -0.05248030 0.05628465 -0.05402187
v -0.04688688 0.05941517 -0.04961408
v -0.04389620 0.06111680 -0.04655791
v -0.03384727 0.06286735 -0.04891814
v -0.02980079 0.06300637 -0.05139709
v -0.03926389 0.06299057 -0.04342256
v -0.02906379 0.06524286 -0.04304507
v -0.04167034 0.06294502 -0.04038821
v -0.05203915 0.05898539 -0.04453425
v -0.05667238 0.05686172 -0.04620020
v -0.04527516 0.05261139 -0.07251681
v -0.03014828 0.06134004 -0.05683292
v -0.04744249 0.06130235 -0.04014491
v -0.04610406 0.06237072 -0.03633529
v -0.04075631 0.05396401 -0.07131007
v -0.03172372 0.06544512 -0.03892885
v -0.03654545 0.05769906 -0.06339486
v -0.02827723 0.06625000 -0.03827231
v -0.05764793 0.04862002 -0.07311567
v -0.04221056 0.06343403 -0.03615834
v -0.05971416 0.05261136 -0.05709281
v -0.05970981 0.05233846 -0.05800332
v -0.05237137 0.06002249 -0.03777006
v -0.02993378 0.06017372 -0.06008061
v -0.06141963 0.04734681 -0.07241424
v -0.03197088 0.06611432 -0.03287235
v -0.02770859 0.06720438 -0.03196367
v -0.06353606 0.05304843 -0.04916949
v -0.06543100 0.05055177 -0.05628291
v -0.06632590 0.05125038 -0.05218056
v -0.06619031 0.05306651 -0.04468098
v -0.06619225 0.05425152 -0.03966996
v -0.06207536 0.05477883 -0.04467859
v -0.06167345 0.05648024 -0.03701026
v -0.06618611 0.05562435 -0.03302766
v -0.05915612 0.05797037 -0.03345571
v -0.06488539 0.05036026 -0.05691022
v -0.05329312 0.06019042 -0.03322670
v -0.03588549 0.05582571 -0.06831800
v -0.03149788 0.05807986 -0.06439420
v -0.04605107 0.06270171 -0.03209006
v -0.06620117 0.04982498 -0.05726727
v -0.03930469 0.06452438 -0.03027355
v -0.03060679 0.06663800 -0.02977520
v -0.02708356 0.06773543 -0.02522602
v -0.03084444 0.06674731 -0.02595836
v -0.06631378 0.05607134 -0.02507067
v -0.06055013 0.05789144 -0.02579224
v -0.05612661 0.05941410 -0.02641312
v -0.04321473 0.06363713 -0.02653935
v -0.04622303 0.06288656 -0.02595410
v -0.02932240 0.05873457 -0.06342227
v -0.04094552 0.06421041 -0.02074356
v -0.03059628 0.06678118 -0.02053487
v -0.02711952 0.06765741 -0.02018049
v -0.06380718 0.04639557 -0.07160901
v -0.04287793 0.06362813 -0.01668914
v -0.04620529 0.06282797 -0.01785570
v -0.03534355 0.06548544 -0.01586466
v -0.05551462 0.05956161 -0.01889773
v -0.06631837 0.05598426 -0.01865342
v -0.03066415 0.05754753 -0.06562614
v -0.03300168 0.05627876 -0.06785634
v -0.02765565 0.06733806 -0.01686008
v -0.03714182 0.05462394 -0.07046260
v -0.05004512 0.06116144 -0.01351222
v -0.05620847 0.05893325 -0.01364962
v -0.04305145 0.06313552 -0.01106904
v -0.06210753 0.05699251 -0.01473521
v -0.04596749 0.06241989 -0.01247204
v -0.05585307 0.05836226 -0.00626601
v -0.03626852 0.06462358 -0.00967574
v -0.04284332 0.06236197 -0.00335716
v -0.04600008 0.06137779 -0.00332636
v -0.05220818 0.05931877 -0.00334594
v -0.06594928 0.05545938 -0.01287745
v -0.06123027 0.05630062 -0.00576428
v -0.05646305 0.05768241 -0.00280764
v -0.06611975 0.05452084 -0.00615271
v -0.02979156 0.06598543 -0.00992915
v -0.02811275 0.06639838 -0.00980577
v -0.02640770 0.06466803 -0.04424590
v -0.02371804 0.06613161 -0.03631641
v -0.02341376 0.06253669 -0.05067681
v -0.01980307 0.06502505 -0.03911974
v -0.01921105 0.06555389 -0.03639044
v -0.01764948 0.06288250 -0.04637065
v -0.03690237 0.06359578 -0.00420524
v -0.03932631 0.06296668 -0.00300566
v -0.06588514 0.05394932 -0.00298679
v -0.02839640 0.06549570 -0.00554416
v -0.03008406 0.06495953 -0.00508136
v -0.02231860 0.06671712 -0.03062042
v -0.02144496 0.06695787 -0.02609045
v -0.01839882 0.06202421 -0.04984382
v -0.01610441 0.06349647 -0.04281991
v -0.02099110 0.06103663 -0.05373452
v -0.03075689 0.06320610 0.00136031
v -0.01458979 0.06519449 -0.03235468
v -0.02221992 0.06705028 -0.02004615
v -0.04113058 0.06222832 -0.00146959
v -0.02883806 0.06343970 0.00214326
v -0.01191205 0.06400528 -0.03683377
v -0.03253204 0.05504736 -0.06793498
v -0.06258197 0.05438009 0.00034121
v -0.01082273 0.06496877 -0.02565897
v -0.00905867 0.06429212 -0.02973241
v -0.01799096 0.06627942 -0.01985965
v -0.00624098 0.06027034 -0.04692479
v 0.00017893 0.06022117 -0.04192085
v 0.00171625 0.05865611 -0.04689993
v 0.00819714 0.05790611 -0.04439972
v 0.00163301 0.05751720 -0.05059097
v 0.00791848 0.05653149 -0.04940899
v 0.01075507 0.05702792 -0.04603151
v 0.01109769 0.05736789 -0.04449067
v 0.01034368 0.05913817 -0.03668494
v -0.00548337 0.06251934 -0.03698037
v 0.00127327 0.06113888 -0.03643015
v 0.00770961 0.06024429 -0.03208359
v 0.00294142 0.06154121 -0.02981927
v 0.01065643 0.05974032 -0.03202416
v 0.00927688 0.06046381 -0.02610150
v 0.00080835 0.06236978 -0.02591459
v -0.00457739 0.05863892 -0.05087663
v -0.01244734 0.05995606 -0.05201353
v -0.00589029 0.05768914 -0.05416282
v 0.00303929 0.05561616 -0.05483261
v -0.00373127 0.05631889 -0.05649891
v -0.01111816 0.05609856 -0.06108209
v -0.01656482 0.05716703 -0.06100051
v -0.01673652 0.05875359 -0.05682412
v -0.02225417 0.05920011 -0.05878085
v -0.02515312 0.05786980 -0.06344975
v 0.01077668 0.05467272 -0.05284740
v -0.02264828 0.06673108 -0.01573863
v -0.01495888 0.05630563 -0.06221427
v -0.00642377 0.05525484 -0.06056983
v -0.02366080 0.05272195 -0.07610581
v 0.00869555 0.05311999 -0.05770382
v -0.00041550 0.05419086 -0.05962026
v 0.01119493 0.05930084 -0.03399539
v -0.01732742 0.06590748 -0.01572199
v -0.00490541 0.06360277 -0.02214869
v -0.01230110 0.06487158 -0.01600323
v -0.02684083 0.05358960 -0.06753375
v 0.00221855 0.06189979 -0.02154701
v 0.00843739 0.06052848 -0.02008317
v 0.01108766 0.06004859 -0.02005698
v 0.00884744 0.06014203 -0.01505055
v 0.01112757 0.05979875 -0.01574245
v 0.00239120 0.06148860 -0.01535493
v 0.01119573 0.05997112 -0.02519979
v 0.01114095 0.05931681 -0.01155863
v 0.01045929 0.05892446 -0.00840038
v -0.02060907 0.06544143 -0.00990933
v 0.00092538 0.06122936 -0.01060393
v 0.01081103 0.05309506 -0.05628464
v -0.02280416 0.04760476 -0.10217968
v -0.01615108 0.06436265 -0.00821978
v -0.02108955 0.06443121 -0.00534327
v -0.02462330 0.06288510 0.00200534
v -0.00707065 0.06283606 -0.00989461
v -0.02862872 0.05442617 -0.06656787
v -0.02106004 0.05130847 -0.08726498
v -0.02145344 0.05069946 -0.09219602
v -0.03163006 0.06158224 0.00636794
v -0.02863185 0.06222221 0.00674560
v -0.03392751 0.06120868 0.00623855
v 0.00192738 0.06014676 -0.00631325
v -0.01067789 0.06283640 -0.00639455
v -0.03500409 0.05499794 -0.06929859
v -0.01459411 0.06277870 -0.00312352
v 0.01045706 0.05751573 -0.00263586
v -0.03051759 0.05604230 -0.06602043
v -0.02090083 0.04949010 -0.09632088
v -0.02583950 0.05323053 -0.06637468
v -0.02266951 0.05168562 -0.06878764
v -0.02891661 0.05683737 -0.06437015
v 0.00097139 0.05907251 -0.00158183
v -0.01990955 0.06111601 0.00524982
v 0.01012115 0.05579450 0.00367828
v -0.01042313 0.05975663 0.00411901
v 0.00054536 0.05741975 0.00445744
v -0.02109280 0.05174703 -0.08240018
v 0.00478345 0.05324708 -0.05897564
v -0.01953443 0.04954268 -0.09277474
v -0.02117045 0.04861323 -0.09923618
v -0.02120213 0.05171401 -0.07888151
v -0.04134036 0.04578527 -0.10343818
v -0.02253791 0.05158082 -0.06665858
v -0.02088158 0.05086726 -0.06547307
v 0.01111814 0.05461352 -0.05245618
v -0.01970129 0.05087019 -0.08362160
v -0.01984341 0.04976011 -0.06731546
v -0.03262016 0.04692220 -0.10334044
v -0.02835245 0.05519762 -0.06560330
v -0.02800076 0.05624126 -0.06415357
v -0.02928337 0.05724552 -0.06427114
v -0.01970583 0.05076989 -0.07926763
v -0.01942579 0.04833931 -0.09664560
v -0.01949423 0.04995685 -0.07318772
v -0.02098379 0.04634221 -0.10226375
v -0.06073853 0.04032625 -0.09733434
v -0.01917035 0.04995259 -0.08740356
v -0.01947988 0.04692019 -0.09971907
v -0.01910159 0.05024087 -0.08065527
v -0.01842223 0.04668014 -0.09534220
v 0.05692272 -0.02218681 0.02402320
v 0.05742631 -0.02437853 0.02350042
v 0.05717493 -0.02045140 0.02426010
v 0.05653455 -0.02076203 0.02440140
v 0.05652713 -0.01436953 0.02463736
v 0.06258458 -0.02310351 0.02352898
v 0.06437815 -0.01948021 0.02429280
v 0.05862797 -0.01583661 0.02473906
v 0.06884660 -0.01499726 0.02497673
v 0.07024221 -0.01895193 0.02456063
v 0.07427625 -0.01556015 0.02498503
v 0.07446630 -0.02113529 0.02415197
v 0.07032079 -0.02274527 0.02383447
v 0.07418666 -0.01200128 0.02515016
v 0.07392704 -0.02663901 0.02275545
v 0.07161324 -0.02810652 0.02226705
v 0.07422806 -0.03003711 0.02177580
v 0.06496938 -0.02767679 0.02222431
v 0.05788926 -0.02915541 0.02208543
v 0.05729738 -0.02758752 0.02259357
v 0.06814446 -0.03055684 0.02128721
v 0.06421419 -0.03102841 0.02108248
v 0.05842464 -0.03252049 0.02078861
v 0.05706877 -0.02997188 0.02199547
v 0.05696294 -0.03196804 0.02112059
v 0.06817410 -0.03363354 0.01997060
v 0.07412524 -0.03385676 0.02013002
v 0.06391132 -0.03586538 0.01890987
v 0.05866790 -0.03708948 0.01864520
v 0.05735938 -0.03576984 0.01920803
v 0.05674932 -0.03374363 0.02006993
v 0.07000913 -0.03756781 0.01799440
v 0.07425201 -0.03750739 0.01836406
v 0.06436240 -0.03829563 0.01765763
v 0.05728528 -0.03893950 0.01759464
v 0.06001888 -0.04038287 0.01682670
v 0.05798544 -0.04108766 0.01674279
v 0.05811321 -0.00958609 0.02469989
v 0.06374245 -0.00956983 0.02477383
v 0.05645238 -0.00838431 0.02454966
v 0.07408885 -0.00877785 0.02498538
v 0.05717391 -0.00471729 0.02418547
v 0.06743304 -0.00551872 0.02440454
v 0.07220604 -0.00255452 0.02403848
v 0.07425613 -0.00178478 0.02389526
v 0.06353659 -0.00233850 0.02379858
v 0.06504553 0.00084229 0.02316041
v 0.05713443 -0.00095753 0.02339236
v 0.07362283 0.00109173 0.02322633
v 0.05685169 0.00234679 0.02245509
v 0.06261644 0.00474311 0.02192927
v 0.07151619 0.00468615 0.02207108
v 0.07407640 0.00725422 0.02114941
v 0.05719818 0.00492568 0.02158521
v 0.06143707 0.00759556 0.02080955
v 0.05715625 0.00708346 0.02083590
v 0.07426604 0.00184738 0.02279870
v 0.05706850 -0.03984498 0.01748953
v 0.06512142 0.01059444 0.01958979
v 0.06050243 0.01042183 0.01955096
v 0.05712055 0.00993834 0.01953278
v 0.07360961 0.01124450 0.01927260
v 0.07410090 0.00886455 0.02044289
v 0.05715595 0.01344636 0.01754541
v 0.05893254 0.01426528 0.01724276
v 0.07421444 0.01384258 0.01777707
v 0.06513412 0.01439798 0.01738051
v 0.07360998 0.01801125 0.01500638
v 0.05673378 0.01637635 0.01551340
v 0.06592500 0.01775924 0.01501336
v 0.05896047 0.01983233 0.01328265
v 0.05680202 0.01999302 0.01296386
v 0.06920320 0.02066476 0.01277003
v 0.05684684 0.01064110 0.01935472
v 0.07401375 0.02131976 0.01227081
v 0.05682608 -0.00446122 0.02443709
v 0.05687847 0.02256698 0.01061314
v 0.05994528 0.02356886 0.00986205
v 0.07407902 0.01894685 0.01408840
v 0.06981789 0.02424117 0.00929589
v 0.05695532 0.02474643 0.00841761
v 0.07388329 0.02504890 0.00846401
v 0.05771193 0.02640763 0.00658765
v 0.06689769 0.02692059 0.00610309
v 0.07384670 0.02766956 0.00506900
v 0.05730571 0.02788615 0.00453218
v -0.07048450 0.01698543 -0.03403964
v -0.07056557 0.01702517 -0.01495320
v -0.07134988 0.01694412 -0.03851897
v -0.07139387 0.01700914 -0.00466487
v -0.06918714 0.01737933 -0.04145207
v -0.06819008 0.01747025 -0.04985180
v -0.07123033 0.01726557 -0.05155180
v -0.06811070 0.01769366 -0.05247339
v -0.06983715 0.01786407 -0.05482805
v -0.06813038 0.01735602 -0.04100756
v -0.06816651 0.01731162 -0.03090334
v -0.06914133 0.01747536 -0.02585270
v -0.06907777 0.01753608 -0.01374692
v -0.06918365 0.01747210 -0.00376567
v -0.07008595 0.01718787 0.00158584
v -0.06805777 0.01742160 0.00127487
v -0.07134518 0.01714175 0.00056745
v -0.06816605 0.01749711 -0.01935185
v -0.06770288 0.01783524 0.00323659
v -0.07193326 0.01754744 -0.05309811
v -0.07009853 0.01783293 0.00405508
v -0.07194385 0.01743956 0.00201863
v -0.06774143 0.01848202 -0.05484170
v -0.07206594 0.01736023 -0.04702853
v -0.06766670 0.01872896 0.00517587
v -0.07181393 0.01833619 -0.05513456
v -0.06974595 0.01863853 -0.05622090
v -0.07201339 0.01727189 -0.01143718
v -0.06755996 0.01739474 -0.05200709
v -0.06764183 0.01706949 -0.04382905
v -0.06740334 0.01806577 -0.05480064
v -0.07180269 0.01839759 0.00414787
v -0.07002274 0.01902674 0.00563726
v -0.06757722 0.01919829 -0.05573594
v -0.06754427 0.01707594 0.00139844
v -0.06776551 0.01698804 -0.03298071
v -0.07244170 0.01782971 -0.05018436
v -0.07169750 0.01955783 0.00556577
v -0.07179051 0.01953641 -0.05642922
v 0.05478131 0.01317407 -0.04497023
v 0.06375811 0.01446766 -0.04403341
v 0.05805973 0.01597024 -0.04170392
v 0.06354512 0.01255912 -0.04617665
v 0.05739482 0.01080529 -0.04774247
v 0.06389517 0.01723539 -0.04040354
v 0.05377952 0.01668289 -0.04016825
v 0.05222175 0.01555349 -0.04129427
v 0.05213247 0.01276794 -0.04488974
v 0.05283530 0.00982393 -0.04830905
v 0.05219173 0.01139046 -0.04641508
v 0.06370272 0.00940233 -0.04940140
v 0.05668818 0.00773243 -0.05071004
v 0.05283482 0.00625927 -0.05172869
v 0.06323487 0.00785335 -0.05063315
v 0.05729058 0.00559800 -0.05252861
v 0.05217141 0.00731371 -0.05052813
v 0.05291086 0.00342257 -0.05391602
v 0.06362875 0.00523958 -0.05255001
v 0.05815462 0.00387528 -0.05371469
v 0.05642006 0.01845826 -0.03744041
v 0.06398773 0.01912788 -0.03701845
v 0.05270960 0.01759503 -0.03833211
v 0.05208157 0.00996546 -0.04781783
v 0.05219157 0.01881586 -0.03562797
v 0.06008482 0.02035853 -0.03381310
v 0.06415580 0.02119617 -0.03255876
v 0.05224348 0.01953884 -0.03400524
v 0.05550956 0.02041178 -0.03275483
v 0.05288796 0.02036425 -0.03187064
v 0.05204736 0.00814091 -0.04936510
v 0.06448244 0.00766033 -0.05154526
v 0.05206926 0.01759231 -0.03779145
v 0.05202211 0.00556606 -0.05190543
v 0.05204326 0.00327176 -0.05377403
v 0.06470999 0.02245791 -0.02844656
v 0.05443836 0.02162207 -0.02802612
v 0.05886326 0.00214903 -0.05462875
v 0.06376320 0.00250179 -0.05402908
v 0.06490073 0.02310180 -0.02521351
v 0.05240226 0.02119836 -0.02762757
v 0.05345500 0.02181773 -0.02609199
v 0.05210800 0.02041267 -0.03029530
v 0.06635644 0.01437394 -0.04673885
v 0.06653302 0.02216823 -0.03373492
v 0.06655115 0.01954902 -0.03952026
v 0.06792168 0.02120694 -0.03754791
v 0.06800748 0.01878687 -0.04214965
v 0.06789602 0.02302540 -0.03281565
v 0.06663668 0.01754447 -0.04286094
v 0.06757447 0.01553229 -0.04599017
v 0.06594463 0.01187187 -0.04920469
v 0.06768642 0.01154548 -0.05010253
v 0.06779720 0.00900724 -0.05225638
v 0.06589668 0.00829180 -0.05236313
v 0.06793269 0.00581838 -0.05446314
v 0.06646430 0.02305572 -0.03035677
v 0.06752386 0.02393501 -0.02792592
v 0.06602754 0.00380839 -0.05504296
v 0.06305193 0.02324869 -0.02214007
v 0.06565529 0.02366803 -0.02261087
v 0.06776374 0.02471602 -0.02325356
v 0.05608060 0.02235207 -0.02261365
v 0.06668311 0.02401680 -0.02195536
v 0.06363206 0.02321726 -0.01946830
v 0.05287090 0.02178488 -0.02052403
v 0.05618840 0.02232828 -0.01933059
v 0.05214728 0.02143109 -0.02002263
v 0.05236368 0.02155218 -0.01804431
v 0.05631240 0.02210679 -0.01660348
v 0.05279151 0.00102240 -0.05501386
v 0.06064632 0.02230643 -0.01455428
v 0.06525660 0.02319813 -0.01753537
v 0.06745244 0.02407949 -0.01757441
v 0.05356953 0.02119333 -0.01420580
v 0.06739109 0.02349299 -0.01361073
v 0.06465757 0.02241234 -0.01398733
v 0.05656455 0.02161323 -0.01376346
v 0.06543945 0.02214057 -0.01219308
v 0.05235310 0.02080040 -0.01465658
v 0.05299847 0.02021466 -0.01069325
v 0.06750574 0.02274200 -0.01012326
v 0.06436392 0.02105540 -0.00947017
v 0.06576299 0.02095804 -0.00854585
v 0.06782470 0.00163647 -0.05628676
v 0.05293227 0.01948013 -0.00876226
v 0.05204105 -0.00044183 -0.05530711
v 0.06657019 -0.00021957 -0.05670610
v 0.06765240 -0.00197626 -0.05766215
v 0.05756776 0.00064760 -0.05518437
v 0.06585608 -0.00279152 -0.05740574
v 0.06352142 -0.00164341 -0.05550422
v 0.06762010 -0.00514312 -0.05866550
v 0.06660043 -0.00510042 -0.05838718
v 0.05290826 -0.00306740 -0.05617317
v 0.05669210 -0.00269728 -0.05605639
v 0.05917823 0.01901620 -0.00623642
v 0.05291905 0.01841433 -0.00640934
v 0.06575773 0.01907953 -0.00497532
v 0.05308475 0.01732727 -0.00422294
v 0.06589819 -0.00844603 -0.05888067
v 0.05203999 -0.00573813 -0.05649065
v 0.06303802 -0.00391063 -0.05602563
v 0.06372893 -0.00636421 -0.05675580
v 0.05430894 -0.00561225 -0.05652711
v 0.06771326 -0.00929826 -0.05922307
v 0.06288658 -0.00777787 -0.05652361
v 0.05884099 -0.00822681 -0.05657301
v 0.06582484 -0.01160305 -0.05914681
v 0.06001378 0.01691192 -0.00250314
v 0.06580860 0.01766493 -0.00263094
v 0.05368972 0.01527436 -0.00082989
v 0.05430775 -0.00932425 -0.05671583
v 0.05219075 -0.01059885 -0.05665167
v 0.05294046 0.01523609 -0.00136149
v 0.05383375 0.01447450 0.00042079
v 0.06084613 0.01442284 0.00084073
v 0.00045131 0.03900988 -0.02521940
v 0.00083295 0.03891739 -0.01834227
v -0.00129095 0.03827168 -0.01847047
v -0.00312663 0.03795529 -0.02263887
v -0.00239207 0.03832568 -0.02834208
v -0.00428169 0.03761619 -0.01717392
v -0.00457359 0.03790054 -0.02879942
v 0.00136096 0.03926600 -0.03487546
v -0.00117184 0.03846189 -0.04166479
v 0.00207412 0.03926009 -0.04055200
v -0.00466185 0.03785058 -0.04046018
v -0.00566625 0.03758197 -0.03259508
v -0.00533702 0.03766719 -0.04402092
v -0.00142863 0.03823855 -0.04843453
v 0.00378844 0.03936744 -0.04423588
v 0.00300357 0.03926752 -0.05362659
v -0.00241333 0.03797070 -0.05463471
v -0.00522090 0.03735871 -0.05046461
v -0.00783958 0.03662854 -0.05641520
v -0.00563363 0.03702011 -0.05981261
v -0.00065287 0.03810017 -0.05944430
v 0.00272035 0.03894008 -0.05824736
v -0.00896849 0.03643438 -0.06027657
v 0.00265413 0.03898131 -0.05943561
v -0.00017459 0.03818021 -0.01268918
v -0.00226511 0.03775216 -0.01191526
v -0.00310312 0.03765550 -0.00661770
v -0.00040306 0.03825315 -0.00674912
v -0.00005529 0.03828108 -0.00090398
v -0.00283469 0.03775889 -0.00109638
v 0.00026422 0.03814118 0.00493107
v 0.00128642 0.03848375 0.00234324
v 0.00422558 0.03901646 0.00554465
v -0.00317387 0.03760261 0.00510751
v -0.00456087 0.03709723 -0.01111185
v 0.00448975 0.04000513 -0.04018531
v 0.00522924 0.03971007 -0.05859963
v -0.00538089 0.03721767 -0.02263244
v 0.00011646 0.03884686 0.01228839
v -0.00544907 0.03742569 -0.00522298
v 0.00265511 0.03917551 -0.00019240
v 0.00671755 0.04049126 -0.05372445
v 0.00577749 0.04006765 -0.04454467
v 0.00413369 0.04015573 -0.03565673
v 0.00442304 0.04010936 -0.02924981
v 0.00265271 0.03982763 -0.02572779
v 0.00322053 0.04009903 -0.01892092
v 0.00199544 0.03911592 -0.00698601
v -0.00248907 0.03833186 0.01085860
v -0.00420252 0.03812662 0.01297453
v -0.00547594 0.03801702 0.01052784
v -0.00563983 0.03754788 -0.00014456
v -0.00630149 0.03710769 -0.00506354
v 0.00694558 0.04040658 -0.05843919
v -0.00546260 0.03712608 -0.01712617
v 0.00174062 0.03902942 -0.01373610
v -0.00681941 0.03739357 0.00571451
v 0.00281731 0.03969102 0.01221583
v 0.00664669 0.03982293 0.00557796
v 0.00678776 0.04003469 0.00360944
v -0.00515532 0.03690980 -0.01324095
v -0.00542148 0.03808897 0.01354375
v -0.00771062 0.03767905 0.01338265
v 0.00517487 0.04024829 0.00046793
v -0.00735061 0.03660855 -0.05307652
v -0.00686038 0.03678681 -0.04732102
v -0.00637838 0.03721490 -0.03998936
v 0.00447576 0.04007198 -0.00122195
v 0.00453732 0.04025896 -0.01340662
v 0.00421490 0.04019653 -0.00824290
v 0.00813131 0.04115490 -0.04545125
v 0.00821156 0.04116128 -0.05849221
v 0.00503786 0.04113002 -0.02360029
v 0.00941553 0.04124237 0.00370690
v -0.00598699 0.03683518 -0.00734004
v -0.00007981 0.03896279 0.01296328
v 0.00498009 0.04099885 -0.01863750
v 0.00847445 0.04114534 0.00171266
v 0.01037834 0.04169537 0.00074867
v 0.01083112 0.04189296 0.00014728
v -0.00626093 0.03682263 -0.06026618
v -0.00442000 0.03767302 -0.06051225
v -0.00632555 0.03720819 0.00228297
v 0.00792493 0.04134888 -0.04349769
v 0.00952254 0.04207866 -0.04333621
v 0.00628367 0.04071963 -0.04241304
v -0.00521203 0.03670989 -0.01088993
v 0.00254009 0.03986000 0.01276060
v -0.00864703 0.03800215 0.01056764
v 0.00482714 0.04053294 0.01186583
v -0.00852101 0.03629937 -0.05716049
v 0.01025029 0.04224120 0.00702623
v -0.00618600 0.03699904 -0.02810717
v 0.00756331 0.04176961 0.01096627
v 0.00906203 0.04181412 -0.05307679
v 0.00657431 0.04097729 0.00089147
v 0.00522488 0.04090962 -0.03525169
v 0.00531809 0.04073172 -0.02947504
v 0.00568052 0.04091644 -0.03975277
v -0.00144036 0.03899655 0.01349471
v 0.00652104 0.04216425 -0.01427641
v 0.00738473 0.04275941 -0.02675811
v 0.00725132 0.04269863 -0.01379432
v 0.00579945 0.04172472 -0.00765983
v 0.00807938 0.04290707 -0.02306110
v 0.00770438 0.04287577 -0.03823525
v 0.00797261 0.04289000 -0.00250828
v 0.00738236 0.04271290 -0.00107453
v 0.00925181 0.04280834 -0.00110148
v 0.00925126 0.04282371 -0.01508251
v 0.00929907 0.04290270 -0.01959090
v 0.00659714 0.04221077 -0.03497200
v 0.00736412 0.04263765 -0.04108218
v 0.00940274 0.04273183 -0.04089210
v 0.00609391 0.04185037 -0.00267879
v 0.00922076 0.04287402 -0.03521459
v 0.00651211 0.04204045 -0.02898304
v 0.00971549 0.04312131 0.01064262
v -0.00820598 0.03742126 0.00822909
v -0.00925350 0.03755228 0.01040646
v -0.01023581 0.03749575 0.01237252
v -0.00816766 0.03794987 0.01353169
v 0.00755664 0.04216947 -0.04219954
v -0.00933487 0.03597563 -0.05942786
v -0.00985855 0.03603641 -0.06080854
v 0.01004126 0.04271350 -0.05112809
v 0.01033862 0.04273039 -0.04316958
v 0.00974290 0.04243820 -0.04176968
v -0.00725466 0.03695546 0.00564215
v 0.01071511 0.04349968 0.00924518
v -0.01040211 0.03797085 0.01349415
v 0.00968825 0.04287354 -0.05850684
v 0.00688858 0.04190124 -0.04174331
v 0.00029791 0.03869737 -0.05995501
v 0.00791253 0.04190459 0.00041185
v 0.00972452 0.04168260 0.00045319
v -0.00680829 0.03650264 -0.00325361
v -0.00973648 0.03680934 -0.06100731
v 0.00618920 0.04145142 0.01178709
v 0.01013353 0.04201578 -0.04093524
v 0.01025837 0.04118159 0.00021092
v 0.00693581 0.04113829 -0.05901858
v -0.00961957 0.03952776 0.01402783
v -0.01174493 0.03943506 0.01426439
v 0.06519310 -0.03721066 -0.04693774
v 0.06624246 -0.04036167 -0.04423431
v 0.06658392 -0.03842208 -0.04714440
v 0.06316734 -0.03679227 -0.04557479
v 0.06329869 -0.04019569 -0.04154719
v 0.06743191 -0.04262388 -0.04213721
v 0.06332933 -0.04294177 -0.03724825
v 0.06738842 -0.04529165 -0.03743918
v 0.06342638 -0.04427872 -0.03499994
v 0.06753035 -0.04653001 -0.03517792
v 0.06343921 -0.04619745 -0.03115398
v 0.06803177 -0.04394541 -0.04133767
v 0.06787936 -0.04860626 -0.03051112
v 0.06369675 -0.04741667 -0.02777767
v 0.06780059 -0.04982353 -0.02674565
v 0.06737305 -0.03908329 -0.04669344
v 0.06317565 -0.03527418 -0.04697471
v 0.06636154 -0.03516494 -0.04985391
v 0.06308549 -0.03215359 -0.04942829
v 0.06788622 -0.04099788 -0.04567382
v 0.06800141 -0.05034715 -0.02424880
v 0.06592419 -0.04940787 -0.02368489
v 0.06347165 -0.04824875 -0.02467279
v 0.06343225 -0.04863281 -0.02175132
v 0.06567271 -0.04943823 -0.02032236
v 0.06817851 -0.05057442 -0.02103122
v 0.06741118 -0.03457624 -0.05075612
v 0.06620299 -0.03344332 -0.05116849
v 0.06469760 -0.03126720 -0.05111522
v 0.06631440 -0.02997572 -0.05309232
v 0.06380329 -0.02689586 -0.05296345
v 0.06633083 -0.02620428 -0.05540215
v 0.06604795 -0.02355180 -0.05637246
v 0.06319180 -0.02261645 -0.05466236
v 0.06590302 -0.02082304 -0.05726164
v 0.06292845 -0.02054012 -0.05532739
v 0.06279663 -0.01737115 -0.05608629
v 0.06280577 -0.01572910 -0.05633323
v 0.06537727 -0.01777150 -0.05775888
v 0.06586401 -0.01743190 -0.05831059
v 0.06443186 -0.01298080 -0.05770343
v 0.06600645 -0.01400261 -0.05901501
v 0.06582484 -0.01160305 -0.05914681
v 0.06441650 -0.00947080 -0.05767579
v 0.06589819 -0.00844603 -0.05888067
v 0.06372893 -0.00636421 -0.05675580
v 0.06271760 -0.01197042 -0.05655241
v 0.06288658 -0.00777787 -0.05652361
v 0.06585608 -0.00279152 -0.05740574
v 0.06296864 -0.02604043 -0.05315283
v 0.06755440 -0.03021012 -0.05365802
v 0.06814505 -0.02906835 -0.05697053
v 0.06742186 -0.02671249 -0.05557718
v 0.06819078 -0.03658790 -0.05236013
v 0.06776261 -0.03474931 -0.05132362
v 0.06769146 -0.03769453 -0.04869145
v 0.06740372 -0.02397820 -0.05666320
v 0.06872010 -0.04242006 -0.04799601
v 0.06892683 -0.04463689 -0.04529940
v 0.06894895 -0.04851590 -0.03787171
v 0.06874037 -0.03307225 -0.05599528
v 0.06885306 -0.03918513 -0.05163595
v 0.06739818 -0.03212119 -0.05211291
v 0.07207092 -0.04412831 -0.05342515
v 0.07403338 -0.04565905 -0.05322202
v 0.07380445 -0.04400811 -0.05447625
v 0.07219943 -0.04577351 -0.05201332
v 0.07224587 -0.04250092 -0.05506670
v 0.07391757 -0.04042342 -0.05778924
v 0.07214946 -0.03871277 -0.05842562
v 0.07390586 -0.03882032 -0.05928321
v 0.07389395 -0.04697921 -0.05167357
v 0.07388504 -0.03630898 -0.06088350
v 0.07218363 -0.03555310 -0.06044984
v 0.07397353 -0.03391263 -0.06239587
v 0.07211920 -0.03226097 -0.06255992
v 0.07386704 -0.03101108 -0.06388081
v 0.07223969 -0.02825253 -0.06459930
v 0.07399750 -0.02925249 -0.06508492
v 0.07398403 -0.02647743 -0.06632838
v 0.07212802 -0.02481199 -0.06586012
v 0.07222959 -0.04965762 -0.04692373
v 0.07399089 -0.04963947 -0.04830579
v 0.07147885 -0.03122224 -0.06204149
v 0.07012994 -0.03137511 -0.05909486
v 0.07151932 -0.03880028 -0.05728317
v 0.07062546 -0.03640099 -0.05674531
v 0.06957124 -0.03596001 -0.05517705
v 0.07428975 -0.04417382 -0.05512112
v 0.07060805 -0.03918280 -0.05408200
v 0.07438423 -0.03237824 -0.06391800
v 0.06870905 -0.02620360 -0.05925323
v 0.07431760 -0.03707770 -0.06140160
v 0.07024897 -0.02690445 -0.06119554
v 0.07045140 -0.04058169 -0.05202193
v 0.07163532 -0.04659279 -0.04949894
v 0.07062753 -0.04297296 -0.04928477
v 0.07419855 -0.04833048 -0.05139700
v 0.07439679 -0.02713098 -0.06689199
v 0.07051203 -0.02117852 -0.06331174
v 0.06811167 -0.02253876 -0.05911521
v 0.07217582 -0.05083462 -0.04488699
v 0.07153068 -0.04993267 -0.04378663
v 0.07013801 -0.01419366 -0.06390137
v 0.07148459 -0.01811775 -0.06613497
v 0.07060523 -0.04549387 -0.04618321
v 0.07057496 -0.04830848 -0.04200789
v 0.07224490 -0.05292540 -0.04120223
v 0.07038586 -0.05031989 -0.03810139
v 0.06740452 -0.02087104 -0.05745277
v 0.06747062 -0.01692991 -0.05840333
v 0.06851333 -0.01214933 -0.06108167
v 0.06768900 -0.01309635 -0.05924122
v 0.07160228 -0.01351537 -0.06687513
v 0.07386560 -0.02213975 -0.06684368
v 0.07053092 -0.00735773 -0.06493715
v 0.06950958 -0.00758369 -0.06275423
v 0.06771326 -0.00929826 -0.05922307
v 0.06801511 -0.00365587 -0.05916419
v 0.07245011 -0.05421438 -0.03855849
v 0.07253039 -0.05507796 -0.03620848
v 0.07049429 -0.05233584 -0.03317028
v 0.06972347 -0.00147559 -0.06202598
v 0.07127723 -0.00167699 -0.06551156
v 0.07128804 0.00218235 -0.06450717
v 0.07055688 0.00581429 -0.06130837
v 0.06962406 0.00464215 -0.05948667
v 0.07159391 -0.00858841 -0.06676857
v 0.07426368 -0.05941935 -0.01226343
v 0.07428991 -0.06015532 -0.01662700
v 0.07440408 -0.06041429 -0.02035059
v 0.07444707 -0.05858234 -0.01841304
v 0.07428594 -0.05692986 -0.00897373
v 0.07430097 -0.05848942 -0.00857349
v 0.07414885 -0.05727393 -0.00489484
v 0.07425591 -0.05527393 -0.00342308
v 0.07427354 -0.05516802 -0.00023351
v 0.07428598 -0.05318865 0.00221172
v 0.07428016 -0.05828499 -0.03508336
v 0.07433697 -0.05807082 -0.03024045
v 0.07433820 -0.05658081 -0.03494843
v 0.07426750 -0.05678608 -0.03916640
v 0.07422176 -0.05486182 -0.04322752
v 0.07426933 -0.05268044 -0.04512541
v 0.07424937 -0.05123784 -0.04839939
v 0.07428598 -0.06020772 -0.02585711
v 0.07406696 -0.05339853 -0.00148289
v 0.07390408 -0.05180106 0.00178834
v 0.07399963 -0.05468582 -0.00427029
v 0.07428856 -0.04328842 -0.05753328
v 0.07396146 -0.05542827 -0.00667478
v 0.07401275 -0.05627898 -0.00926718
v 0.07405598 -0.04939121 -0.05139712
v 0.07393219 -0.05113530 -0.04598529
v 0.07392191 -0.05255607 -0.04329620
v 0.07398135 -0.05411493 -0.04028980
v 0.07404017 -0.05137217 -0.04881988
v 0.07406915 -0.05785104 -0.02821203
v 0.07394971 -0.05699676 -0.03185941
v 0.07302077 -0.05666322 -0.03153663
v 0.07262609 -0.05727123 -0.02828357
v 0.07270687 -0.05591307 -0.03424919
v 0.07347381 -0.05768376 -0.02750518
v 0.07252132 -0.05754162 -0.02455878
v 0.07418352 -0.05818330 -0.02041478
v 0.07249761 -0.05756677 -0.02008437
v 0.07304781 -0.05743865 -0.01626481
v 0.07420226 -0.05797202 -0.01623132
v 0.07404042 -0.05709546 -0.01262727
v 0.07244211 -0.05635388 -0.01148745
v 0.07233475 -0.05454792 -0.00611850
v 0.07145714 -0.05441500 -0.01110363
v 0.07130121 -0.05535985 -0.02034825
v 0.07127249 -0.05529230 -0.02403928
v 0.07077687 -0.05413289 -0.02720943
v 0.06933714 -0.05243223 -0.02017200
v 0.07001613 -0.05278584 -0.01467856
v 0.06850142 -0.05032827 -0.01422102
v 0.06938312 -0.05038772 -0.01001425
v 0.06781683 -0.04728956 -0.00638867
v 0.06934172 -0.05059903 -0.03346909
v 0.07093653 -0.05151684 -0.00456766
v 0.07207507 -0.05279700 -0.00174523
v 0.06989719 -0.04931159 -0.00458049
v 0.07219480 -0.05135790 0.00093399
v 0.06968415 -0.04728319 -0.00124311
v 0.06816809 -0.04534853 -0.00172764
v 0.06976470 -0.04833390 -0.04069887
v 0.06668642 -0.04665456 -0.00772985
v 0.06714504 -0.04490313 -0.00227938
v 0.06657870 -0.04499480 -0.00451418
v 0.06641294 -0.04819695 -0.01286388
v 0.06621952 -0.04894528 -0.01608800
v 0.06798564 -0.05015383 -0.01638352
v 0.06549611 -0.04483293 -0.00595283
v 0.06561769 -0.04648604 -0.00928412
v 0.06552874 -0.04173267 -0.00136052
v 0.07408979 -0.05555011 -0.03685505
v 0.05708528 -0.03864540 0.00057241
v 0.05970656 -0.04219055 -0.00451540
v 0.05686979 -0.04235151 -0.00473175
v 0.05280848 -0.04198681 -0.00379016
v 0.06007906 -0.03803702 0.00108000
v 0.06335118 -0.03880146 0.00021272
v 0.06300321 -0.04159512 -0.00344086
v 0.05966886 -0.04413800 -0.00768148
v 0.05267748 -0.04378834 -0.00682021
v 0.06293748 -0.04457615 -0.00818573
v 0.05309207 -0.03890254 0.00101360
v 0.05723036 -0.03628605 0.00336606
v 0.05306990 -0.03670450 0.00359490
v 0.06349725 -0.03684864 0.00244461
v 0.06100912 -0.03608788 0.00312354
v 0.05406147 -0.04575662 -0.01094347
v 0.05918116 -0.04583883 -0.01121264
v 0.05247973 -0.04562740 -0.01022488
v 0.06308487 -0.04612532 -0.01153583
v 0.06080122 -0.03409518 0.00496436
v 0.05642966 -0.03410179 0.00541447
v 0.06389658 -0.03435347 0.00469302
v 0.05290669 -0.03465044 0.00532137
v 0.05304448 -0.03288257 0.00682158
v 0.05925714 -0.04670804 -0.01375684
v 0.06351342 -0.04729472 -0.01445166
v 0.05241919 -0.04649604 -0.01327485
v 0.05809585 -0.04760297 -0.01732317
v 0.06340233 -0.04851498 -0.01935058
v 0.05245508 -0.04741436 -0.01761685
v 0.05911934 -0.04833714 -0.02051554
v 0.06019588 -0.03047685 0.00754078
v 0.06369088 -0.03232412 0.00614583
v 0.06374120 -0.02920364 0.00812216
v 0.05305245 -0.03065370 0.00821425
v 0.06446836 -0.03739436 0.00247210
v 0.05300595 -0.04777346 -0.02087645
v 0.06561769 -0.04648604 -0.00928412
v 0.06549611 -0.04483293 -0.00595283
v 0.06641294 -0.04819695 -0.01286388
v 0.06621952 -0.04894528 -0.01608800
v 0.06552874 -0.04173267 -0.00136052
v 0.06567271 -0.04943823 -0.02032236
v 0.06343225 -0.04863281 -0.02175132
v 0.05194873 -0.04761958 -0.02317038
v 0.05822435 -0.04826421 -0.02323215
v 0.05189940 -0.04712627 -0.01787636
v 0.06102440 -0.02677581 0.00937464
v 0.06375205 -0.02621200 0.00953725
v 0.05580321 -0.02797692 0.00924426
v 0.05303373 -0.02768661 0.00941783
v 0.05243652 -0.04740860 -0.02568451
v 0.05623433 -0.02268614 0.01121189
v 0.06357080 -0.02294504 0.01074398
v 0.05295740 -0.02416397 0.01062365
v 0.05296454 -0.02101219 0.01167658
v 0.05285886 -0.03748302 0.00232121
v 0.06021758 -0.01923671 0.01200387
v 0.06382435 -0.01903584 0.01196995
v 0.05389262 -0.01889950 0.01224394
v 0.05852420 -0.01580954 0.01281966
v 0.05292617 -0.01758032 0.01232984
v 0.05283858 -0.01478505 0.01297044
v 0.05307076 -0.01313928 0.01348084
v 0.06584243 -0.02276032 0.01228609
v 0.06601402 -0.01559876 0.01375248
v 0.06382058 -0.01495443 0.01271029
v 0.05923796 -0.01320882 0.01320242
v 0.05821447 -0.01085711 0.01344411
v 0.05174373 -0.04560458 -0.03162129
v 0.06391461 -0.01151595 0.01285942
v 0.05211648 -0.04578409 -0.03144713
v 0.05227902 -0.04321377 -0.03734049
v 0.07418666 -0.01200128 0.02515016
v 0.07427625 -0.01556015 0.02498503
v 0.07425613 -0.00178478 0.02389526
v 0.07408885 -0.00877785 0.02498538
v 0.07410090 0.00886455 0.02044289
v 0.07427864 0.00473405 0.02146639
v 0.07419185 0.00900836 0.01982927
v 0.07421444 0.01384258 0.01777707
v 0.07407640 0.00725422 0.02114941
v 0.07426604 0.00184738 0.02279870
v 0.07385287 -0.00349241 0.02285856
v 0.07400079 -0.00791470 0.02333241
v 0.07403612 -0.01377804 0.02333376
v 0.07370172 -0.00094580 0.02223465
v 0.07386272 0.00270101 0.02105742
v 0.07387717 0.00502015 0.02017131
v 0.07389493 0.00820290 0.01922530
v 0.07383285 0.01248827 0.01696926
v 0.07380602 0.01464796 0.01595725
v 0.07384901 0.01894046 0.01275371
v 0.07407902 0.01894685 0.01408840
v 0.07401375 0.02131976 0.01227081
v 0.07387871 0.02145793 0.01043623
v 0.07379924 0.02315044 0.00896170
v 0.07388329 0.02504890 0.00846401
v 0.07384670 0.02766956 0.00506900
v 0.07374974 0.02483014 0.00713646
v 0.07426342 -0.04564776 0.01243795
v 0.07414669 -0.04930837 0.00867895
v 0.07426037 -0.04858911 0.00899503
v 0.07428832 -0.05170575 0.00562473
v 0.07412524 -0.03385676 0.02013002
v 0.07425201 -0.03750739 0.01836406
v 0.07429073 -0.03383233 0.01915636
v 0.07422806 -0.03003711 0.02177580
v 0.07428970 -0.02688910 0.02178785
v 0.07446630 -0.02113529 0.02415197
v 0.07441857 -0.02018111 0.02353205
v 0.07403805 -0.03783058 0.01594653
v 0.07426771 -0.04171139 0.01485529
v 0.07423856 -0.04209237 0.01532844
v 0.07392725 -0.04421250 0.01091565
v 0.07407212 -0.04601285 0.00953595
v 0.07396560 -0.04832552 0.00664583
v 0.07402840 -0.04951467 0.00517435
v 0.07428598 -0.05318865 0.00221172
v 0.07396716 -0.04036636 0.01415207
v 0.07388555 -0.04281631 0.01235576
v 0.07402192 -0.03543496 0.01720515
v 0.07394792 -0.03272207 0.01847665
v 0.07390408 -0.05180106 0.00178834
v 0.07394740 -0.02970313 0.01978139
v 0.07390536 -0.02575805 0.02093999
v 0.07387068 -0.02276539 0.02186037
v 0.07398076 -0.01868544 0.02295555
v 0.07221738 -0.03309911 0.01738126
v 0.07281004 -0.02850499 0.01959361
v 0.07210664 -0.03515181 0.01639297
v 0.07230273 -0.03721564 0.01528107
v 0.07216230 -0.02506921 0.02021238
v 0.07210269 -0.02157361 0.02126765
v 0.07294090 -0.01721150 0.02257402
v 0.07273966 -0.01068247 0.02276122
v 0.07281081 -0.00635822 0.02256446
v 0.07211119 -0.01647686 0.02186849
v 0.06721233 -0.04034892 0.00391106
v 0.06878204 -0.04056664 0.00501281
v 0.06715639 -0.04265312 0.00137249
v 0.06846024 -0.04333063 0.00189503
v 0.06720883 -0.03765558 0.00583345
v 0.06845455 -0.03630775 0.00758467
v 0.06706717 -0.03294936 0.00855169
v 0.06848890 -0.03327678 0.00935125
v 0.06802991 -0.02793550 0.01206970
v 0.06887187 -0.02902445 0.01230808
v 0.06728383 -0.02707167 0.01210585
v 0.06633669 -0.02959445 0.00970084
v 0.06585540 -0.03465025 0.00616311
v 0.06668793 -0.03615372 0.00587494
v 0.06686660 -0.02298366 0.01303089
v 0.06889014 -0.02497461 0.01375982
v 0.06740128 -0.02490348 0.01296099
v 0.06580720 -0.03984874 0.00121388
v 0.06656452 -0.04179510 0.00032300
v 0.06956519 -0.03732934 0.00850257
v 0.06968742 -0.04072835 0.00632473
v 0.06975839 -0.04443133 0.00299001
v 0.06957562 -0.02985533 0.01293318
v 0.06968415 -0.04728319 -0.00124311
v 0.06816809 -0.04534853 -0.00172764
v 0.06714504 -0.04490313 -0.00227938
v 0.06657870 -0.04499480 -0.00451418
v 0.07214918 -0.04572481 0.00842949
v 0.07212441 -0.04306738 0.01092350
v 0.07220665 -0.03934672 0.01378763
v 0.07220222 -0.04707201 0.00691850
v 0.07221391 -0.04899979 0.00451969
v 0.07125839 -0.03353261 0.01505712
v 0.07048053 -0.02503507 0.01685069
v 0.06816068 -0.02205354 0.01381251
v 0.06879798 -0.01901416 0.01586494
v 0.07041442 -0.02116775 0.01781623
v 0.07144326 -0.02204698 0.01955638
v 0.06802925 -0.01832585 0.01449962
v 0.06811481 -0.01569394 0.01519913
v 0.07219480 -0.05135790 0.00093399
v 0.06942117 -0.01582781 0.01712109
v 0.07094598 -0.01498428 0.01932574
v 0.06871043 -0.01148074 0.01625789
v 0.06791831 -0.00746046 0.01490588
v 0.07227573 -0.00813191 0.02221136
v 0.07076560 -0.00447778 0.01883955
v 0.07022453 -0.00676067 0.01808245
v 0.06765072 -0.01015139 0.01460545
v 0.06890010 -0.00001390 0.01521715
v 0.07208760 0.00113269 0.02046287
v 0.07071468 -0.00060722 0.01813411
v 0.06729543 -0.00580250 0.01396832
v 0.07196900 0.00574878 0.01863618
v 0.06994516 0.00171848 0.01627819
v 0.07063051 0.00857821 0.01458798
v 0.06892644 0.00476089 0.01355317
v 0.07220738 0.01238276 0.01555308
v 0.07040810 0.01407100 0.01056911
v 0.06874101 0.00856181 0.01124461
v 0.07270561 0.01470984 0.01491320
v 0.07207605 0.01709107 0.01220420
v 0.06871030 0.01451223 0.00674799
v 0.06779724 -0.00052654 0.01410482
v 0.07269631 0.00929259 0.01785242
v 0.06799720 0.00438863 0.01272750
v 0.06788226 0.00788413 0.01036538
v 0.06794437 0.01212115 0.00770887
v 0.07288122 0.01779027 0.01289926
v 0.07216937 0.02065091 0.00971070
v 0.07274116 0.00610230 0.01926476
v 0.06602247 -0.00834396 0.01354654
v 0.06611833 -0.00147034 0.01212366
v 0.06443223 -0.00429280 0.01205499
v 0.06423246 0.00004828 0.01072930
v 0.06433394 -0.00777674 0.01265454
v 0.06430613 0.00365671 0.00924382
v 0.07207507 -0.05279700 -0.00174523
v 0.07375286 -0.04655712 0.00844082
v 0.07406696 -0.05339853 -0.00148289
v 0.07399963 -0.05468582 -0.00427029
v 0.07448030 -0.01783680 -0.06843694
v 0.07440839 -0.01563442 -0.07012001
v 0.07429695 -0.00781122 -0.07013465
v 0.07430511 -0.00266322 -0.06930859
v 0.07436365 -0.02556266 -0.06781278
v 0.07418775 -0.00762692 -0.06761670
v 0.07416328 -0.00131397 -0.06729685
v 0.07424440 0.00396980 -0.06753567
v 0.07395448 0.00081731 -0.06642148
v 0.07401789 0.00462657 -0.06527867
v 0.07428927 0.00873397 -0.06548323
v 0.07391781 0.00827626 -0.06322810
v 0.07419805 0.01203547 -0.06364730
v 0.07401276 0.01255444 -0.06109807
v 0.07399681 0.01459783 -0.05924646
v 0.07403280 0.01636044 -0.05807834
v 0.07424006 0.01607487 -0.06103291
v 0.07422264 0.01935955 -0.05848233
v 0.07407447 0.02169797 -0.05332919
v 0.07415556 0.02416168 -0.05368439
v 0.07424157 0.02728505 -0.04973925
v 0.07404667 0.02468963 -0.04981566
v 0.07415351 0.03112289 -0.04374111
v 0.07400564 0.02796534 -0.04498025
v 0.07405964 0.03026198 -0.04058799
v 0.07413105 0.03266052 -0.03967434
v 0.07390469 0.03229006 -0.03584737
v 0.07397038 0.03482658 -0.03202202
v 0.07386575 0.03363493 -0.02911260
v 0.07405158 0.03566650 -0.02524123
v 0.07394647 0.03474709 -0.02044083
v 0.07400623 0.03573220 -0.01823297
v 0.07399732 0.03520610 -0.01406671
v 0.07396303 0.03329469 -0.00626270
v 0.07432161 -0.01992027 -0.06944065
v 0.07417681 -0.02228003 -0.06713736
v 0.07439679 -0.02713098 -0.06689199
v 0.07429172 -0.02941345 -0.06660254
v 0.07399750 -0.02925249 -0.06508492
v 0.07438423 -0.03237824 -0.06391800
v 0.07432949 -0.03351501 -0.06449058
v 0.07431760 -0.03707770 -0.06140160
v 0.07429270 -0.03972084 -0.06056450
v 0.07428856 -0.04328842 -0.05753328
v 0.07428975 -0.04417382 -0.05512112
v 0.07419855 -0.04833048 -0.05139700
v 0.07417078 -0.01542223 -0.06757077
v 0.07425111 -0.01146602 -0.07025948
v -0.07061539 0.02069524 -0.01829449
v -0.07070178 0.02055730 -0.03318301
v -0.07239983 0.02007659 -0.01726904
v -0.07154600 0.02030439 -0.03505820
v -0.07239330 0.01996272 -0.01119701
v -0.07245995 0.01990614 -0.04172101
v -0.07086077 0.02058170 -0.00515418
v -0.07240314 0.02001315 -0.00225847
v -0.07058246 0.02043941 -0.04205245
v -0.07239092 0.02005059 -0.04941530
v -0.07075004 0.02078656 -0.04997118
v -0.07055156 0.02104061 -0.00117218
v -0.07235490 0.02076534 0.00007783
v -0.07244327 0.02124133 -0.05259906
v -0.07060874 0.02179347 0.00069910
v -0.07041111 0.02213562 -0.05277899
v -0.07245647 0.02166075 0.00115877
v -0.06970355 0.02420518 0.00730458
v -0.06825644 0.03740058 0.00770431
v -0.07108476 0.03096071 0.00763512
v -0.06991031 0.03757242 0.00783634
v -0.06853401 0.04134883 0.00761883
v -0.07093724 0.04113977 0.00777729
v -0.07174183 0.03854798 0.00768545
v -0.07177708 0.02345433 0.00712460
v -0.07077529 0.02131361 0.00686141
v -0.06787097 0.02220919 0.00683554
v -0.06762331 0.03147651 0.00715039
v -0.06764450 0.02046651 0.00622138
v -0.06990604 0.04265791 0.00732775
v -0.07223655 0.02584852 0.00711117
v -0.06764494 0.03727501 0.00740292
v -0.06805837 0.04141568 0.00723941
v -0.06748577 0.04153442 0.00716820
v -0.07002274 0.01902674 0.00563726
v -0.06766670 0.01872896 0.00517587
v -0.06756755 0.02236014 0.00697341
v -0.07234186 0.04115434 0.00716854
v -0.07175476 0.04286313 0.00686076
v -0.07169750 0.01955783 0.00556577
v -0.07237139 0.02064025 0.00578165
v -0.06744493 0.02114789 0.00737586
v -0.07241505 0.03451655 0.00714440
v -0.06849094 0.04299728 0.00668950
v -0.06764095 0.04239848 0.00628431
v -0.06810803 0.03450293 -0.05731946
v -0.06992267 0.02425903 -0.05770465
v -0.06974201 0.03844127 -0.05797435
v -0.06805782 0.02288308 -0.05714410
v -0.06792577 0.03795001 -0.05712543
v -0.06855391 0.04196590 -0.05695252
v -0.07005625 0.04127509 -0.05767688
v -0.07042429 0.03640848 -0.05803303
v -0.06966444 0.01988114 -0.05702821
v -0.06765689 0.02017969 -0.05646954
v -0.07099462 0.02120929 -0.05735962
v -0.07134709 0.03891607 -0.05796452
v -0.07143239 0.02433748 -0.05768539
v -0.07206020 0.02279495 -0.05739204
v -0.06975805 0.04318725 -0.05674548
v -0.07216946 0.04130849 -0.05721315
v -0.06743260 0.02280095 -0.05733670
v -0.06746680 0.03767780 -0.05743053
v -0.07179051 0.01953641 -0.05642922
v -0.07078801 0.04324061 -0.05659191
v -0.07239727 0.02188120 -0.05695647
v -0.07236423 0.03805625 -0.05742835
v -0.06764754 0.04080738 -0.05639468
v -0.06974595 0.01863853 -0.05622090
v -0.06757722 0.01919829 -0.05573594
v -0.06852617 0.04413158 -0.05490570
v -0.06768316 0.04302443 -0.05520476
v -0.06713734 0.04389159 -0.05368981
v -0.07243432 0.04236970 -0.05619560
v -0.06710404 0.04297258 -0.05572964
v 0.04020560 -0.05399529 0.00656899
v 0.04055717 -0.05324229 0.01007895
v 0.04025549 -0.05049154 0.01125934
v 0.04064337 -0.05586591 0.00665272
v 0.04007972 -0.05522572 0.00445177
v 0.04054494 -0.05713862 0.00387262
v 0.04018259 -0.05827406 -0.00070027
v 0.04051927 -0.05908563 0.00004272
v 0.04047396 -0.06052436 -0.00356010
v 0.04086632 -0.05273528 0.01174266
v 0.04102359 -0.04889848 0.01595427
v 0.04038932 -0.04709068 0.01510358
v 0.04104255 -0.04597180 0.01885092
v 0.04034630 -0.04563645 0.01633978
v 0.04032685 -0.04413606 0.01759807
v 0.04071433 -0.04235008 0.02104759
v 0.04029177 -0.04246980 0.01897187
v 0.04031955 -0.04029746 0.02097255
v 0.04105586 -0.04119669 0.02249822
v 0.04090136 -0.03656053 0.02504046
v 0.04019211 -0.03736859 0.02270171
v 0.04019789 -0.03594417 0.02347877
v 0.04024311 -0.03381711 0.02461584
v 0.04089581 -0.03280032 0.02690408
v 0.04012364 -0.03094244 0.02593799
v 0.04083795 -0.02890658 0.02856586
v 0.04019937 -0.04791654 0.01390265
v 0.04117369 -0.05546290 0.00852645
v 0.04117942 -0.05146817 0.01370445
v 0.03969606 -0.05861957 -0.00269441
v 0.03960899 -0.05942874 -0.00476170
v 0.04003244 -0.06089097 -0.00910291
v 0.04055499 -0.06143057 -0.00631930
v 0.04034042 -0.06226651 -0.01030578
v 0.04065606 -0.06317884 -0.01164513
v 0.03972961 -0.06120793 -0.01249414
v 0.04021499 -0.06233392 -0.01607601
v 0.04040365 -0.06362105 -0.01582697
v 0.04025004 -0.06232667 -0.02668702
v 0.04046779 -0.06350060 -0.02843108
v 0.04014709 -0.06166814 -0.03029836
v 0.04063393 -0.06205789 -0.03618888
v 0.04003904 -0.06099489 -0.03214472
v 0.04067435 -0.06408244 -0.02068022
v 0.03988617 -0.06182503 -0.01911875
v 0.03974177 -0.06042860 -0.03551370
v 0.03989906 -0.05993430 -0.03806077
v 0.04031917 -0.06037700 -0.04160220
v 0.03976757 -0.05931619 -0.03885924
v 0.03982604 -0.05882733 -0.04243498
v 0.04066321 -0.05879886 -0.04533879
v 0.03988360 -0.06169049 -0.02662295
v 0.04114590 -0.06207167 -0.00554833
v 0.04115999 -0.05835107 0.00339540
v 0.04126743 -0.05983198 0.00043558
v 0.04147391 -0.06456911 -0.02644864
v 0.04105110 -0.06285253 -0.03420920
v 0.04142991 -0.06417603 -0.02962944
v 0.03986246 -0.05735469 0.00036013
v 0.04159495 -0.06472514 -0.01954547
v 0.04156037 -0.06365476 -0.01083154
v 0.04170494 -0.06451116 -0.01603837
v 0.04166245 -0.05211736 0.01338135
v 0.04166404 -0.06266253 -0.03651846
v 0.04204849 -0.04845493 0.01722496
v 0.04172916 -0.04410337 0.02079206
v 0.04178846 -0.06368549 -0.03238855
v 0.04205623 -0.05675313 0.00712468
v 0.04221205 -0.05493340 0.00995799
v 0.04211074 -0.06047573 -0.00042142
v 0.04200623 -0.06256085 -0.00626404
v 0.04208062 -0.05837973 0.00393391
v 0.07159391 -0.00858841 -0.06676857
v 0.07267269 -0.00846345 -0.06721485
v 0.07228317 -0.00286483 -0.06655759
v 0.07418775 -0.00762692 -0.06761670
v 0.07367078 -0.00186879 -0.06684580
v 0.07160228 -0.01351537 -0.06687513
v 0.07417078 -0.01542223 -0.06757077
v 0.07204035 -0.01865930 -0.06676556
v 0.07386560 -0.02213975 -0.06684368
v 0.07265565 -0.02314264 -0.06637722
v 0.07398403 -0.02647743 -0.06632838
v 0.07212802 -0.02481199 -0.06586012
v 0.07185349 -0.00044225 -0.06586980
v 0.07395448 0.00081731 -0.06642148
v 0.07346810 0.00202454 -0.06563851
v 0.07128804 0.00218235 -0.06450717
v 0.07205556 0.00255535 -0.06491713
v 0.07349796 0.00487550 -0.06445260
v 0.07142476 0.00516560 -0.06327620
v 0.07204152 0.00735636 -0.06254896
v 0.07148459 -0.01811775 -0.06613497
v 0.07401789 0.00462657 -0.06527867
v 0.07345480 0.00649145 -0.06358893
v 0.07391781 0.00827626 -0.06322810
v 0.07416328 -0.00131397 -0.06729685
v 0.07127723 -0.00167699 -0.06551156
v 0.07417681 -0.02228003 -0.06713736
v 0.07439679 -0.02713098 -0.06689199
v -0.06143015 -0.05558415 -0.10011812
v -0.06068614 -0.05538420 -0.09691113
v -0.06386330 -0.05553002 -0.09543867
v -0.05934769 -0.05558156 -0.09931850
v -0.05877694 -0.05547659 -0.09849736
v -0.06311698 -0.05548722 -0.10191697
v -0.05911202 -0.05552618 -0.09501996
v -0.06324334 -0.05571535 -0.09330942
v -0.06475206 -0.05585265 -0.09300626
v -0.06490373 -0.05525098 -0.09790562
v -0.06559376 -0.05585115 -0.09235196
v -0.06409061 -0.05530562 -0.10011606
v -0.06149035 -0.05612791 -0.10302692
v -0.05793226 -0.05598218 -0.09765231
v -0.06582846 -0.05530042 -0.09451068
v -0.06613857 -0.05593425 -0.09035889
v -0.06013165 -0.05659531 -0.09327776
v -0.05870468 -0.05632578 -0.09404040
v -0.05788331 -0.05639982 -0.09556104
v 0.07181774 0.03113510 -0.03594382
v 0.07336174 0.03227014 -0.03295603
v 0.07124613 0.03117052 -0.03380908
v 0.07360478 0.03168134 -0.03590928
v 0.07356397 0.03083466 -0.03779839
v 0.07136476 0.03039297 -0.03699508
v 0.07176569 0.03016279 -0.03826017
v 0.07405964 0.03026198 -0.04058799
v 0.07137850 0.02850289 -0.04200499
v 0.07345480 0.02976151 -0.04074734
v 0.07197558 0.02957841 -0.04041813
v 0.07360377 0.02850826 -0.04332685
v 0.07177311 0.02767775 -0.04386496
v 0.07400564 0.02796534 -0.04498025
v 0.07180264 0.03192671 -0.03306828
v 0.07167774 0.03212348 -0.03146628
v 0.07362868 0.03265967 -0.03251180
v 0.07318430 0.03311223 -0.02908530
v 0.07125114 0.03201349 -0.02949844
v 0.07184200 0.03288265 -0.02796856
v 0.07349128 0.03374023 -0.02371167
v 0.07186923 0.03316976 -0.01805158
v 0.07351780 0.03369588 -0.01708888
v 0.07325892 0.03313329 -0.01214303
v 0.07203918 0.03276467 -0.01299377
v 0.07386575 0.03363493 -0.02911260
v 0.07136501 0.03270403 -0.02093277
v 0.07390469 0.03229006 -0.03584737
v -0.06691755 0.02088187 0.08840869
v -0.06648753 0.00770218 0.08980537
v -0.06668207 0.02086841 0.08962516
v -0.06684125 0.01050733 0.08847020
v -0.06659724 -0.00830303 0.08960799
v -0.06699414 -0.00493896 0.08656161
v -0.06680889 -0.01950294 0.08837360
v -0.06659307 -0.01911787 0.08974036
v -0.06659913 -0.03383020 0.08945336
v -0.06184974 0.05013169 0.09450555
v -0.06050178 0.05028873 0.09554775
v -0.06120130 0.05127977 0.09532922
v -0.06239594 0.05109161 0.09458459
v -0.05957264 0.05108339 0.09697997
v -0.06022510 0.04963748 0.09612201
v -0.06261180 0.04852973 0.09438644
v -0.06422469 0.04953512 0.09398770
v -0.06331537 0.05246033 0.09234114
v -0.06580376 0.05001525 0.09187734
v -0.06568125 0.04820894 0.09359708
v -0.06481743 0.04831178 0.09447154
v -0.05891104 0.05203814 0.09646863
v -0.05895447 0.04982409 0.09918036
v -0.06577034 0.05208139 0.08929302
v -0.06395174 0.04693843 0.09767700
v -0.06080320 0.04859548 0.09704746
v -0.05743907 0.05043177 0.09926139
v -0.06429276 0.05329193 0.08937044
v -0.05915967 0.04787137 0.10159297
v -0.05948273 0.04905503 0.09966053
v -0.06233415 0.04785480 0.09847242
v -0.06223638 0.04604383 0.10055360
v -0.06238553 0.05331416 0.09175455
v -0.06430575 0.04792585 0.09552533
v -0.06249551 0.04798930 0.09588553
v -0.05501574 0.04962201 0.10144232
v -0.06531756 0.05355905 0.08572120
v -0.05422796 0.04880597 0.10236363
v -0.04960694 0.04823241 0.10245997
v -0.06224554 0.00800107 0.10070132
v -0.06074821 -0.00803805 0.10169086
v -0.06147556 0.01337707 0.10169910
v -0.06207678 -0.00503473 0.10042607
v -0.06084975 -0.01879737 0.10115073
v -0.06273322 0.01403263 0.10049841
v -0.06236678 0.01930040 0.10144675
v -0.06233999 -0.01864192 0.09940950
v -0.06146472 -0.04094371 0.09969062
v -0.06019987 -0.03635616 0.10123209
v -0.06071701 -0.04947564 0.10009747
v -0.05914030 -0.05035677 0.10160073
v -0.05971901 -0.05701634 0.10055826
v -0.06203916 -0.05693049 0.09781223
v -0.06352822 0.01911014 0.10002332
v -0.06270898 -0.03843997 0.09816486
v -0.06326941 -0.01335777 0.09834924
v -0.06379663 0.00617689 0.09833809
v -0.06411324 0.01368711 0.09832236
v -0.06456741 0.01970535 0.09847487
v -0.06438342 0.02516005 0.10030898
v -0.06372381 -0.05681656 0.09499400
v -0.06451427 -0.03364180 0.09530518
v -0.06417783 -0.04456941 0.09504883
v -0.06401893 -0.00672393 0.09726091
v -0.06566924 0.02427336 0.09805372
v -0.06571774 0.02699598 0.09865238
v -0.06459328 0.02999038 0.10050213
v -0.06583445 0.03079455 0.09871825
v -0.06374255 0.02737860 0.10130198
v -0.06260896 0.02527515 0.10209693
v -0.06442547 0.03585491 0.10054093
v -0.06559293 0.03814348 0.09862477
v -0.06442692 0.04000702 0.10021268
v -0.06175957 -0.05787182 0.09783032
v -0.06238981 0.04019220 0.10218120
v -0.06246139 0.03259932 0.10244193
v -0.06476048 0.04430087 0.09840201
v -0.06316995 0.04404054 0.10064733
v -0.05903746 -0.02019001 0.10252141
v -0.05854886 -0.03839830 0.10242628
v -0.05798772 -0.05707333 0.10191094
v -0.06282226 -0.05776687 0.09579163
v -0.06083175 0.01880178 0.10248010
v -0.06015116 0.01062469 0.10253693
v -0.05904956 -0.00586706 0.10291525
v -0.05762329 -0.05028747 0.10258110
v -0.06379402 -0.05776171 0.09426104
v -0.06033463 0.04239635 0.10317045
v -0.05908471 0.01763844 0.10331545
v -0.05636705 -0.05711185 0.10283440
v -0.05998248 0.04555835 0.10251685
v -0.05640406 -0.04473707 0.10334702
v -0.05569739 -0.04950319 0.10350157
v -0.05754595 -0.01984662 0.10322581
v -0.05936776 0.04003573 0.10373711
v -0.06073758 0.03202181 0.10327787
v -0.05941259 0.02333870 0.10353407
v -0.05954950 0.04314701 0.10343881
v -0.06541215 0.04643642 0.09582306
v -0.06690853 -0.04385363 0.08729395
v -0.06703603 -0.04678858 0.08722060
v -0.06652726 -0.04307229 0.08892154
v -0.06628249 -0.03703673 0.09024817
v -0.06620514 -0.00019827 0.09064274
v -0.06627649 -0.01904870 0.09062463
v -0.06587295 -0.03497106 0.09206888
v -0.06603314 -0.01371861 0.09176598
v -0.06581308 0.00961472 0.09295026
v -0.06556672 -0.00689602 0.09338058
v -0.06590119 -0.04137944 0.09123544
v -0.06494326 0.00779800 0.09582789
v -0.06630055 -0.04500174 0.08886090
v -0.06519686 0.01617971 0.09590063
v -0.06593545 0.02035214 0.09345319
v -0.06625439 0.02099319 0.09039174
v -0.06560102 0.02088665 0.09594386
v -0.06493697 -0.00553580 0.09522801
v -0.06499636 -0.02501951 0.09450473
v -0.06559594 -0.04620926 0.09141951
v -0.06651563 -0.04754191 0.08736696
v -0.06598312 -0.05674354 0.08865428
v -0.06506495 -0.05652615 0.09189087
v -0.06542112 -0.05775210 0.09007304
v -0.06650561 -0.05661485 0.08543563
v -0.06664987 -0.05038012 0.08567156
v -0.06612639 0.02233425 0.09503879
v -0.06637411 0.02858348 0.09611022
v -0.06653410 0.03520070 0.09560730
v -0.06625678 0.03709036 0.09724310
v -0.06614679 0.04173208 0.09636058
v -0.06631579 -0.05771012 0.08536910
v -0.06488830 -0.05880570 0.09174792
v -0.06585545 -0.05870033 0.08874158
v -0.06551298 -0.06168630 0.08833100
v -0.06622951 -0.06067746 0.08552797
v -0.06653926 -0.05790427 0.08525108
v -0.06434637 -0.06226903 0.09136386
v -0.06594870 0.04563528 0.09515510
v -0.06539874 -0.06295904 0.08631283
v -0.06623388 -0.06205148 0.08227043
v -0.06704440 -0.04747937 0.08665411
v -0.06710585 -0.04887985 0.08617676
v -0.06708439 -0.04968259 0.08544508
v -0.06731763 -0.05156465 0.08442139
v 0.04160136 0.03005509 0.01113708
v 0.04090930 0.02775054 0.01151501
v 0.04154940 0.02689754 0.01468294
v 0.04099411 0.03079749 0.00834878
v 0.04093794 0.02658060 0.01331629
v 0.04127651 0.02504617 0.01613363
v 0.04076451 0.02495171 0.01468860
v 0.04068667 0.02197358 0.01743105
v 0.04166825 0.03169688 0.00899466
v 0.04068525 0.03148284 0.00706145
v 0.04159633 0.03332230 0.00670940
v 0.04072905 0.03292296 0.00495111
v 0.04157913 0.03480901 0.00432057
v 0.04067394 0.03415609 0.00285374
v 0.04152254 0.03665674 0.00100134
v 0.04076338 0.03495250 0.00144533
v 0.04087155 0.03626115 -0.00089735
v 0.04153611 0.03729553 -0.00041250
v 0.04073765 0.03734281 -0.00386034
v 0.04158572 0.03847764 -0.00323135
v 0.04071836 0.03820278 -0.00654660
v 0.04152571 0.03930816 -0.00567498
v 0.04069667 0.03885612 -0.00880657
v 0.04080198 0.03942881 -0.01002716
v 0.04154671 0.03999762 -0.00826890
v 0.04136522 0.04101026 -0.01291542
v 0.04093960 0.04036868 -0.01441242
v 0.04134674 0.04139468 -0.01586033
v 0.04095465 0.04042527 -0.02649971
v 0.04144504 0.04141851 -0.02374557
v 0.04141704 0.04096694 -0.02793169
v 0.04065529 0.04003671 -0.02591535
v 0.04141139 0.04002234 -0.03298151
v 0.04058821 0.03903593 -0.03330567
v 0.04046019 0.03816325 -0.03608046
v 0.04092481 0.03819142 -0.03857827
v 0.04044449 0.03747329 -0.03845843
v 0.04056154 0.03654541 -0.04132533
v 0.04137752 0.03689396 -0.04246674
v 0.04136936 0.03539449 -0.04567600
v 0.04079886 0.03484815 -0.04496299
v 0.04093629 0.03389373 -0.04716928
v 0.04142779 0.03327453 -0.04951912
v 0.04103186 0.03232500 -0.04998163
v 0.04144998 0.03108051 -0.05292244
v 0.04100610 0.03052771 -0.05268455
v 0.04138733 0.02880196 -0.05602508
v 0.04086340 0.02751772 -0.05640005
v 0.04141567 0.02627005 -0.05888141
v 0.04092087 0.02458628 -0.05957833
v 0.04126686 0.02276583 -0.06267474
v 0.04088472 0.02093584 -0.06320591
v 0.04116634 0.01785683 -0.06681107
v 0.04087455 0.01651625 -0.06684535
v 0.04137523 0.01518752 -0.06882030
v 0.04085453 0.01250078 -0.06928072
v 0.04134636 0.01304908 -0.06998392
v 0.04084695 0.01006424 -0.07056661
v 0.04134576 0.00918780 -0.07190844
v 0.04065342 0.00558419 -0.07272545
v 0.04134837 0.00710875 -0.07281455
v 0.04152878 0.01899022 -0.06626972
v 0.04155427 0.04155435 -0.01893667
v 0.04144395 0.03897480 -0.03691594
v 0.00977745 0.04226142 -0.01510669
v 0.01021565 0.04161857 -0.00120601
v 0.00977407 0.04239501 -0.00130350
v 0.01025163 0.04110654 -0.01027626
v 0.01017152 0.04172074 -0.01481117
v 0.00972452 0.04168260 0.00045319
v 0.01019201 0.04028918 -0.00600109
v 0.01027280 0.04045591 -0.00167677
v 0.01025837 0.04118159 0.00021092
v 0.00970415 0.04240542 -0.03865618
v 0.01000703 0.04127729 -0.03506057
v 0.00978454 0.04234023 -0.03159587
v 0.01013353 0.04201578 -0.04093524
v 0.01011001 0.04182101 -0.03193005
v 0.00940274 0.04273183 -0.04089210
v 0.00922076 0.04287402 -0.03521459
v 0.00988741 0.04258462 -0.02215479
v 0.00974290 0.04243820 -0.04176968
v 0.00929907 0.04290270 -0.01959090
v 0.00925126 0.04282371 -0.01508251
v 0.00925181 0.04280834 -0.00110148
v 0.04072332 0.01581544 0.02186323
v 0.04081152 0.01377419 0.02323927
v 0.04117706 0.01636286 0.02279763
v 0.04063127 0.01830841 0.02025143
v 0.04121364 0.01144266 0.02561448
v 0.04071104 0.01073202 0.02477022
v 0.04062543 0.00952416 0.02538285
v 0.04114626 0.00812123 0.02706308
v 0.04144096 0.02118032 0.01988511
v 0.04073735 0.01997215 0.01896992
v 0.04127651 0.02504617 0.01613363
v 0.04068667 0.02197358 0.01743105
v 0.04014537 0.00744106 0.02596879
v 0.04170542 0.01786419 0.02231904
v 0.04171758 0.01398617 0.02460951
v 0.04161480 0.01053324 0.02636165
v 0.04022919 0.01386067 0.02274371
v 0.04027701 0.01178246 0.02397653
v 0.04016034 0.01658641 0.02100541
v 0.04229437 0.02348198 0.01799443
v 0.04154940 0.02689754 0.01468294
v 0.04944855 0.02042790 0.02058665
v 0.05442405 0.01460599 0.02432687
v 0.05453865 0.01729733 0.02273933
v 0.05199697 0.01102170 0.02619208
v 0.05433612 0.02168726 0.01951013
v 0.05514387 0.00958596 0.02675638
v 0.04171709 0.00719763 0.02777049
v 0.05137120 0.00725089 0.02785186
v 0.05630097 0.01190091 0.02549683
v 0.05502847 0.00487517 0.02867925
v 0.05040678 0.00461448 0.02880981
v 0.04210664 0.00507795 0.02855294
v 0.05530260 0.02705458 0.01456166
v 0.05353487 0.00123079 0.02980634
v 0.04185646 0.00154679 0.02960064
v 0.05561586 0.02226688 0.01876350
v 0.05633614 0.00518301 0.02827894
v 0.05624901 0.00096506 0.02964811
v 0.05640024 0.01628500 0.02277371
v 0.05503481 -0.00216549 0.03054674
v 0.04763632 -0.00390350 0.03087224
v 0.04176568 -0.00263472 0.03048164
v 0.05636562 0.02121324 0.01929300
v 0.05568918 -0.00548979 0.03108250
v 0.04167599 -0.00874966 0.03136871
v 0.04730494 -0.00907662 0.03154856
v 0.05205422 -0.00928696 0.03154193
v 0.05556553 -0.00988576 0.03142397
v 0.05544558 0.02894835 0.01251328
v 0.04160136 0.03005509 0.01113708
v 0.05531356 0.03101562 0.01007288
v 0.05631282 0.02670897 0.01445381
v 0.04153979 -0.01489047 0.03154210
v 0.04961842 -0.01544204 0.03164485
v 0.05534012 -0.01428331 0.03147926
v 0.04166825 0.03169688 0.00899466
v 0.05512610 0.03383600 0.00621243
v 0.04159633 0.03332230 0.00670940
v 0.04099676 -0.01779723 0.03128599
v 0.05522299 -0.02000217 0.03095647
v 0.05090990 -0.01992247 0.03115192
v 0.04729784 -0.02180459 0.03094161
v 0.05637981 -0.01391298 0.03113803
v 0.05651013 -0.00882575 0.03095362
v 0.05629894 -0.01785564 0.03088695
v 0.04204065 -0.02283653 0.03057717
v 0.05152149 -0.02492932 0.03009318
v 0.04095263 -0.02464064 0.02996799
v 0.05596124 -0.02663192 0.02928845
v 0.04730796 -0.02638825 0.02979724
v 0.04120590 -0.02777002 0.02921668
v 0.05632953 -0.02294553 0.02997914
v 0.05469884 -0.03183749 0.02765008
v 0.04721719 -0.03045048 0.02835498
v 0.04218481 -0.03239370 0.02741301
v 0.05637729 -0.03143266 0.02736201
v 0.05565152 -0.03409306 0.02655850
v 0.04665675 -0.03417606 0.02671705
v 0.04156020 -0.03702169 0.02520521
v 0.04089581 -0.03280032 0.02690408
v 0.05538445 -0.03738785 0.02499930
v 0.04872711 -0.03779551 0.02484827
v 0.04083795 -0.02890658 0.02856586
v 0.04189406 -0.04079493 0.02313526
v 0.05436313 -0.04006594 0.02344032
v 0.04090136 -0.03656053 0.02504046
v 0.04105586 -0.04119669 0.02249822
v 0.04716610 -0.04400754 0.02093177
v 0.05542108 -0.04327242 0.02117738
v 0.04172916 -0.04410337 0.02079206
v 0.05635601 -0.03819096 0.02411187
v 0.05631276 -0.04236519 0.02140672
v 0.04867786 -0.04756789 0.01804214
v 0.04204849 -0.04845493 0.01722496
v 0.05571323 -0.04833852 0.01696091
v 0.04698686 -0.04995795 0.01593376
v 0.04104255 -0.04597180 0.01885092
v 0.05582451 -0.05117007 0.01421199
v 0.04166245 -0.05211736 0.01338135
v 0.04117942 -0.05146817 0.01370445
v 0.04806251 -0.05332487 0.01237963
v 0.05400244 -0.05418223 0.01097787
v 0.05706927 -0.04205017 0.02100818
v 0.05718878 -0.04808674 0.01607692
v 0.04221205 -0.05493340 0.00995799
v 0.05635657 0.03088413 0.00957300
v 0.05710320 -0.05194404 0.01240687
v 0.04921734 -0.05543640 0.00951942
v -0.01296886 0.02518983 0.04314524
v -0.00956446 0.02571943 0.04545667
v -0.01195503 0.02560721 0.04526800
v -0.01029184 0.02522010 0.04229088
v -0.01200228 0.02495247 0.04166957
v -0.01354737 0.02514845 0.04400018
v -0.01296739 0.02526133 0.04607296
v -0.01297964 0.02452775 0.04195812
v -0.07147964 0.02845060 0.00264529
v -0.07224408 0.03003851 0.00285421
v -0.07096446 0.03949558 0.00269829
v -0.07171815 0.04012191 0.00285806
v -0.07254756 0.02431667 0.00264111
v -0.07037762 0.02318860 0.00183725
v -0.07070066 0.02948409 0.00222560
v -0.07248503 0.03964579 0.00334680
v -0.07249740 0.02283591 0.00208908
v -0.07105036 0.04113785 0.00200661
v -0.07244113 0.04175384 0.00231822
v -0.07245647 0.02166075 0.00115877
v -0.07060874 0.02179347 0.00069910
v -0.06343427 -0.05750900 -0.09938327
v -0.06337784 -0.05932635 -0.09734397
v -0.06423972 -0.05847316 -0.09538253
v -0.06210147 -0.05944533 -0.10088017
v -0.06204611 -0.05774422 -0.10236334
v -0.06171103 -0.06077873 -0.09955501
v -0.06268331 -0.06139928 -0.09467862
v -0.06328257 -0.06093868 -0.09316402
v -0.06025857 -0.06071370 -0.10247255
v -0.05928400 -0.06160677 -0.10226866
v -0.06035934 -0.05868827 -0.10365435
v -0.05812428 -0.06145568 -0.10334410
v -0.05899406 -0.05975223 -0.10386095
v -0.05563715 -0.06238769 -0.10343922
v -0.06149035 -0.05612791 -0.10302692
v -0.06149977 -0.05516963 -0.10352895
v -0.06235680 -0.05539984 -0.10285202
v -0.06311698 -0.05548722 -0.10191697
v -0.06262802 -0.02977997 -0.10270365
v -0.06274722 -0.05644113 -0.10057415
v -0.06376948 -0.05735269 -0.09760068
v -0.06374712 -0.05874120 -0.09364561
v -0.06395630 -0.05914435 -0.09320398
v -0.06372818 -0.05760404 -0.09514075
v -0.06291412 -0.05679699 -0.09844419
v -0.01667131 0.04251249 -0.08475037
v -0.01678799 0.04225834 -0.08251841
v -0.01821506 0.04225297 -0.08418871
v -0.01824114 0.04207202 -0.08073264
v -0.01668573 0.04208550 -0.07925835
v -0.01879143 0.04138803 -0.07861129
v -0.01664319 0.04163397 -0.07794063
v -0.01839346 0.04141779 -0.08641971
v -0.01636402 0.04170250 -0.08697301
v -0.01891691 0.04154513 -0.08493858
v -0.01892802 0.04147955 -0.08094846
v -0.01631984 0.04295748 -0.08446539
v -0.01811439 0.04054204 -0.07760845
v -0.01657640 0.04061770 -0.07693448
v -0.01646697 0.04291592 -0.08010181
v -0.01637408 0.04059176 -0.07650115
v -0.01769178 0.03986037 -0.07716291
v -0.01779390 0.03093042 -0.08416593
v -0.01626279 0.03157138 -0.08630804
v -0.01870955 0.03202802 -0.08523950
v -0.01618584 0.03065752 -0.08500969
v -0.01871614 0.03344717 -0.08694240
v -0.01891998 0.03140123 -0.08366500
v -0.01626983 0.03320053 -0.08754865
v -0.01807025 0.03061979 -0.08164768
v -0.01618757 0.03004814 -0.08158917
v -0.01798605 0.03083410 -0.07961837
v -0.01590701 0.03047854 -0.07850414
v -0.01882372 0.03150458 -0.08093229
v -0.01787616 0.03222193 -0.07804110
v -0.01575410 0.03153467 -0.07721772
v -0.06175970 0.01710238 -0.09478219
v -0.06216553 0.01677218 -0.09767151
v -0.06293499 0.01728369 -0.09709395
v -0.06319178 0.01784691 -0.09425697
v -0.06064737 0.01636125 -0.09692406
v -0.05980237 0.01702635 -0.09486325
v -0.05879419 0.01694933 -0.09576962
v -0.06103544 0.01697772 -0.09853636
v -0.06576755 0.01673812 -0.09421893
v -0.06409926 0.01662816 -0.09897096
v -0.05889842 0.01707237 -0.09771655
v -0.06436615 0.01783583 -0.09259395
v -0.06613574 0.01738955 -0.09250655
v -0.06341169 0.01705154 -0.09870129
v -0.06156752 0.01752257 -0.10209396
v -0.06220653 0.01788225 -0.09936116
v -0.06258214 0.01782851 -0.09870941
v -0.06487206 0.01868354 -0.09168756
v -0.06653660 0.01802783 -0.09171683
v -0.06351628 0.01870305 -0.09255054
v 0.07428598 -0.06020772 -0.02585711
v 0.07407180 -0.05963959 -0.02942003
v 0.07428016 -0.05828499 -0.03508336
v 0.07405294 -0.05888183 -0.03317599
v 0.06849512 -0.05938632 -0.01297920
v 0.06937326 -0.05844805 -0.00908789
v 0.06172800 -0.05912093 -0.01171666
v 0.06360140 -0.05768709 -0.00593419
v 0.05778822 -0.05858723 -0.00857209
v 0.05787873 -0.05793028 -0.00607942
v 0.07084754 -0.05768157 -0.00630741
v 0.07414885 -0.05727393 -0.00489484
v 0.07426368 -0.05941935 -0.01226343
v 0.07430097 -0.05848942 -0.00857349
v 0.05828867 -0.05930425 -0.01235218
v 0.06404184 -0.05981639 -0.01584340
v 0.07428991 -0.06015532 -0.01662700
v 0.05793633 -0.06018665 -0.01895213
v 0.06798996 -0.06026890 -0.01960329
v 0.05775313 -0.05946941 -0.01285887
v 0.07440408 -0.06041429 -0.02035059
v 0.06878151 -0.06024293 -0.02304284
v 0.05836205 -0.06022869 -0.02156100
v 0.05847872 -0.05989890 -0.02668241
v 0.07104025 -0.06003925 -0.02602939
v 0.05786759 -0.06038931 -0.02067906
v 0.05780323 -0.05981862 -0.02987596
v 0.06174528 -0.05946361 -0.02964302
v 0.05791766 -0.05942349 -0.03072680
v 0.06124277 -0.05860062 -0.03346861
v 0.07117760 -0.05868477 -0.03345765
v 0.05786671 -0.05865253 -0.03394724
v 0.06676447 -0.05771295 -0.03664988
v 0.05863947 -0.05725226 -0.03764574
v 0.07426750 -0.05678608 -0.03916640
v 0.05788699 -0.05758591 -0.03714471
v 0.06201768 -0.05644865 -0.03972678
v 0.05786726 -0.05616458 -0.04083343
v 0.06163440 -0.05482206 -0.04329316
v -0.00448238 -0.03562925 0.02536265
v -0.00453791 -0.03878492 0.02283275
v -0.00439306 -0.03490460 0.02475435
v -0.00457963 -0.03887530 0.02347495
v -0.00447427 -0.03162356 0.02712822
v -0.00443259 -0.03244241 0.02503087
v -0.00500854 -0.04229564 0.02067057
v -0.00489672 -0.03844860 0.02113614
v -0.00492601 -0.04021487 0.02026022
v -0.00499321 -0.04161100 0.01950231
v -0.00510568 -0.04257037 0.01861839
v -0.00531924 -0.04483985 0.01903127
v -0.00451502 -0.03377774 0.02437408
v -0.00489502 -0.03601040 0.02269310
v -0.00477747 -0.03458744 0.02333902
v -0.00488366 -0.03775990 0.02201812
v -0.00508522 -0.04409095 0.01774210
v -0.00513685 -0.04518506 0.01671272
v -0.00548044 -0.04769596 0.01607048
v -0.00512366 -0.04632570 0.01561844
v -0.00518109 -0.04786500 0.01417364
v -0.00551151 -0.05082911 0.01173724
v -0.00415444 -0.03121302 0.02622387
v -0.00415734 -0.02880258 0.02667128
v -0.00425642 -0.02721605 0.02861446
v -0.00402595 -0.02609221 0.02781556
v -0.00417895 -0.02330672 0.02832373
v -0.00413492 -0.02036913 0.02907455
v -0.00444251 -0.02252094 0.03013199
v -0.00420972 -0.01934659 0.02997806
v -0.00518560 -0.04884466 0.01297546
v -0.00518593 -0.04972229 0.01204290
v -0.00534477 -0.04196550 0.02161137
v 0.00658727 0.03052124 0.04606529
v 0.00554596 0.03003932 0.04868396
v 0.00295127 0.02930438 0.04797433
v 0.00909591 0.03126495 0.04736576
v 0.01088889 0.03153436 0.04887876
v 0.00864433 0.03158149 0.04546716
v 0.00423501 0.02968966 0.04512349
v 0.00358526 0.02922751 0.04595396
v 0.00005365 0.02849967 0.04707872
v 0.00250898 0.02922278 0.04527939
v 0.00164459 0.02829952 0.04917552
v -0.00148056 0.02762994 0.04781528
v -0.00077337 0.02911301 0.04480173
v -0.00552753 0.02718967 0.04633317
v -0.00315897 0.02864195 0.04436223
v -0.00488561 0.02783894 0.04448191
v -0.00793143 0.02628300 0.04574088
v -0.00901174 0.02562025 0.04694178
v -0.00956446 0.02571943 0.04545667
v -0.01224821 0.02503614 0.04679966
v -0.00460298 0.02851700 0.04242926
v -0.00712092 0.02674509 0.04248017
v -0.01195503 0.02560721 0.04526800
v -0.01296739 0.02526133 0.04607296
v -0.01029184 0.02522010 0.04229088
v -0.00730711 0.02702616 0.04176992
v -0.00282572 0.03020149 0.04158474
v 0.00027072 0.03147098 0.04189300
v 0.00882397 0.03016632 0.05005333
v 0.01081974 0.03038722 0.05092282
v 0.01195486 0.03085000 0.05146074
v -0.00287204 0.02563716 0.04967566
v 0.01176095 0.03252326 0.04826263
v 0.00995963 0.03236929 0.04581473
v 0.00006006 0.03223790 0.04079170
v -0.00410701 0.03011579 0.04074810
v 0.00366164 0.03216419 0.04226949
v -0.01200228 0.02495247 0.04166957
v 0.00186059 0.02724422 0.05048951
v -0.00862062 0.02512672 0.04765973
v 0.00625114 0.03223817 0.04335992
v 0.00870948 0.03252098 0.04483012
v 0.01052511 0.02736660 0.05396176
v 0.00744650 0.02727352 0.05260884
v -0.00142828 0.02421473 0.05176870
v -0.01096178 0.02671799 0.04048133
v 0.00758519 0.02573262 0.05405850
v 0.01284513 0.02836871 0.05528585
v 0.01029024 0.02513884 0.05577423
v -0.01223154 0.02652293 0.04039051
v 0.01271629 0.02538494 0.05773781
v 0.01329774 0.03161376 0.05268622
v -0.01360028 0.02414462 0.04643986
v -0.00872483 0.02434567 0.04814395
v -0.00449909 0.03107769 0.04007264
v -0.01361893 0.02625651 0.04084193
v -0.01297964 0.02452775 0.04195812
v -0.01346529 0.02352414 0.04232555
v -0.00821414 0.03109089 0.03920333
v -0.01208374 0.02975510 0.03897667
v -0.01365535 0.02780086 0.03987631
v -0.01366142 0.02898742 0.03913896
v 0.00310745 0.03299617 0.04179904
v -0.00203023 0.03268992 0.04021431
v -0.01286925 0.03132014 0.03849561
v -0.01366974 0.03261000 0.03818867
v -0.01437553 0.03186465 0.03785740
v -0.00959863 0.03342968 0.03857891
v -0.01428209 0.03997955 0.03786332
v -0.01359684 0.03949250 0.03824186
v -0.00722855 0.03696712 0.03897236
v -0.00124782 0.04014321 0.04042354
v 0.00218284 0.04076433 0.04138368
v -0.01270053 0.03851540 0.03822773
v -0.00501010 0.03934503 0.03957286
v -0.00598017 0.03997047 0.03933473
v -0.00981761 0.04029898 0.03877095
v 0.00153789 0.04531460 0.04151589
v -0.00558208 0.04396377 0.03992860
v 0.00040161 0.04899175 0.04188816
v 0.00318831 0.04740180 0.04236198
v -0.01409973 0.04391596 0.03880412
v -0.01321352 0.04347259 0.03903708
v -0.00435622 0.04939060 0.04110810
v -0.01383810 0.04884252 0.04011337
v -0.00859996 0.04602185 0.03992321
v 0.00390073 0.04878731 0.04311700
v -0.00196562 0.05092196 0.04207303
v -0.00650147 0.05130484 0.04147357
v -0.01442816 0.05088410 0.04084885
v -0.01518282 0.05015967 0.04026171
v -0.00907719 0.05283620 0.04202337
v -0.00510094 0.05209852 0.04218330
v -0.01360213 0.05337486 0.04231728
v -0.01646414 0.05119855 0.04112103
v -0.00412020 -0.03799553 0.02224316
v -0.00388171 -0.04078045 0.02080764
v -0.00347739 -0.03748575 0.02300352
v -0.00492601 -0.04021487 0.02026022
v -0.00499321 -0.04161100 0.01950231
v -0.00489502 -0.03601040 0.02269310
v -0.00338049 -0.03479170 0.02448828
v -0.00477747 -0.03458744 0.02333902
v -0.00489672 -0.03844860 0.02113614
v -0.00387934 -0.04315777 0.01902748
v -0.00510568 -0.04257037 0.01861839
v -0.00508522 -0.04409095 0.01774210
v -0.00451502 -0.03377774 0.02437408
v -0.00443259 -0.03244241 0.02503087
v -0.00334246 -0.03246625 0.02574033
v -0.00345352 -0.03077256 0.02652890
v -0.00488366 -0.03775990 0.02201812
v -0.00367691 -0.04466279 0.01777184
v -0.00408384 -0.04595576 0.01660123
v -0.00513685 -0.04518506 0.01671272
v -0.00512366 -0.04632570 0.01561844
v -0.00518109 -0.04786500 0.01417364
v -0.00408025 -0.04859504 0.01394222
v -0.00518560 -0.04884466 0.01297546
v -0.00444229 -0.05040525 0.01171014
v -0.00518593 -0.04972229 0.01204290
v 0.01011020 -0.06565397 0.07977316
v 0.01062849 -0.06563582 0.07775601
v 0.01162696 -0.06243976 0.07812261
v 0.01028794 -0.06272301 0.08180412
v 0.00922388 -0.06486542 0.08270516
v 0.01177836 -0.06034554 0.07854804
v 0.00841366 -0.06390975 0.08472682
v 0.01189157 -0.06313331 0.07457909
v 0.01118849 -0.06519432 0.07448106
v 0.01237687 -0.06080979 0.07319072
v 0.01228287 -0.05787926 0.07589659
v 0.01251525 -0.05791235 0.07284851
v 0.01141664 -0.06454216 0.07213139
v 0.00796810 -0.06596870 0.08389510
v 0.01031693 -0.06640825 0.07530491
v 0.01049401 -0.06613964 0.07201109
v 0.01017107 -0.06577183 0.06855553
v 0.00894368 -0.06661222 0.08049549
v 0.01651659 0.03636083 0.07528288
v 0.01713347 0.03660013 0.07215393
v 0.01682922 0.04006342 0.07202330
v 0.01596126 0.04051110 0.07543450
v 0.01556932 0.03599541 0.07811009
v 0.01410476 0.03978663 0.08043459
v 0.01433491 0.03605262 0.08084415
v 0.01412691 0.04097876 0.07961655
v 0.01654511 0.04197446 0.07061258
v 0.01565249 0.04182354 0.07465238
v 0.01728965 0.03884899 0.06841584
v 0.01701564 0.04152612 0.06564107
v 0.01629378 0.04368342 0.06541348
v 0.01724737 0.03300202 0.06883830
v 0.01706536 0.03242147 0.07186358
v 0.01736341 0.03143262 0.06810966
v 0.01687824 0.02769516 0.07215632
v 0.01726935 0.03822981 0.06518138
v 0.01723784 0.03226430 0.06522313
v 0.01672812 0.02415560 0.06884871
v 0.01677324 0.02735567 0.06522658
v 0.01664111 0.02342895 0.07152092
v 0.01604387 0.01613714 0.07227086
v 0.01593427 0.02133634 0.07574102
v 0.01559507 0.01391004 0.07534825
v 0.01526659 0.00605535 0.07248042
v 0.01496534 0.00361002 0.07514006
v 0.01448381 -0.00700739 0.07250997
v 0.01374315 -0.01845784 0.07465514
v 0.01359844 -0.01602371 0.07679911
v 0.01308577 -0.03503667 0.07418978
v 0.01201490 -0.05075517 0.07685263
v 0.01294632 -0.03031451 0.07744972
v 0.01233141 -0.05089673 0.07348308
v 0.01234564 -0.05699912 0.07314375
v 0.01178520 -0.05687551 0.07813537
v 0.01379595 -0.01847952 0.07274895
v 0.01295994 -0.03791181 0.07313127
v 0.01623366 0.02016813 0.06838927
v 0.01313088 -0.03024615 0.07108974
v 0.01709650 0.03322727 0.06523613
v 0.01547954 0.01284448 0.06856327
v 0.01369164 -0.01392441 0.06915009
v 0.01489327 0.00614416 0.06860338
v 0.01400702 -0.00716324 0.06847633
v 0.01224523 -0.04648815 0.07044536
v 0.01202880 -0.05276944 0.07037992
v 0.01305547 -0.02643246 0.06898673
v 0.01689180 0.03765075 0.06203980
v 0.01676166 0.04129043 0.06222467
v 0.01176746 -0.05672425 0.06856928
v 0.01658807 0.03300996 0.06147532
v 0.01167068 -0.05079081 0.06825435
v 0.01227934 -0.03934126 0.06841296
v 0.01638562 0.02983199 0.06158108
v 0.01307250 -0.02028092 0.06805459
v 0.01608094 0.02333006 0.06501411
v 0.01481386 0.01512519 0.06522477
v 0.01623502 0.04373706 0.06186604
v 0.01585042 0.04325521 0.05835617
v 0.01518039 0.04182498 0.05521033
v 0.01582635 0.03287941 0.05866173
v 0.01202442 -0.05807616 0.06917428
v 0.01168901 -0.06091458 0.06850095
v 0.01130705 -0.06324250 0.06861120
v 0.01401794 0.00697342 0.06551651
v 0.01084219 -0.05812381 0.06526540
v 0.01481497 0.03292654 0.05536079
v 0.01221070 -0.02496111 0.06602606
v 0.01242042 -0.01516186 0.06531465
v 0.01302632 -0.00751825 0.06549863
v 0.01061992 -0.05079880 0.06500638
v 0.01115236 -0.03766730 0.06494522
v 0.01458581 0.04472040 0.05436524
v 0.01499321 0.03133205 0.05686362
v 0.01525821 0.02442459 0.06218729
v 0.01408685 0.03992983 0.05230999
v 0.01041917 -0.06188460 0.06516582
v 0.01412823 0.04356723 0.05240881
v 0.01344316 0.03293006 0.05158667
v 0.01167284 -0.02568870 0.06480919
v 0.01410093 0.01828086 0.06263846
v 0.01521102 0.04488032 0.05749475
v 0.00987349 -0.06433020 0.06563328
v 0.01330426 0.00775984 0.06384488
v 0.01277974 0.04244570 0.04947578
v 0.01308058 0.01173429 0.06262693
v 0.01279823 0.04512312 0.04979408
v 0.00941327 -0.05141951 0.06263102
v 0.00937686 -0.05818405 0.06244381
v 0.01176095 0.03252326 0.04826263
v 0.01196679 -0.00713303 0.06341093
v 0.00997011 -0.03246044 0.06233279
v 0.01094600 -0.01263832 0.06243089
v 0.01191341 0.00394545 0.06197897
v 0.01337382 0.04614748 0.05209114
v 0.01329774 0.03161376 0.05268622
v 0.01437672 0.02857342 0.05761871
v 0.00873345 -0.06092967 0.06190430
v 0.01448393 0.02452195 0.06068071
v 0.00818817 -0.06379913 0.06242531
v 0.01166710 0.04241345 0.04778623
v 0.00837129 -0.05113701 0.06104722
v 0.00801585 -0.05850590 0.06052024
v 0.01143924 0.04555806 0.04775015
v 0.01214161 0.01503250 0.06061823
v 0.01307371 0.01945288 0.06070453
v 0.01133091 0.00767557 0.06088047
v 0.00953464 -0.01179015 0.06057087
v 0.00936215 -0.02225510 0.06093994
v 0.00995963 0.03236929 0.04581473
v 0.00859218 -0.03697351 0.06074324
v 0.01001452 0.04419305 0.04570311
v 0.01305981 0.02301545 0.05932776
v 0.01271629 0.02538494 0.05773781
v 0.01284513 0.02836871 0.05528585
v 0.01168519 0.04711311 0.04951146
v 0.00988435 0.04692695 0.04620011
v 0.00851209 -0.06583950 0.06496068
v 0.00613753 -0.06570831 0.06176965
v 0.00870948 0.03252098 0.04483012
v 0.01544369 0.04478035 0.06239283
v 0.00751277 0.04711426 0.04438470
v 0.00657200 0.03929537 0.04336818
v 0.01514578 0.04365698 0.07122131
v 0.00704677 0.04480477 0.04380187
v 0.00625114 0.03223817 0.04335992
v 0.00698119 0.04835059 0.04472570
v 0.00894443 0.04800947 0.04646502
v 0.00556264 0.04644084 0.04318095
v 0.00310745 0.03299617 0.04179904
v 0.00218284 0.04076433 0.04138368
v 0.00390073 0.04878731 0.04311700
v 0.00318831 0.04740180 0.04236198
v 0.00153789 0.04531460 0.04151589
v 0.00006006 0.03223790 0.04079170
v 0.00799715 0.00523653 0.05800079
v 0.00929305 0.00448754 0.05907047
v 0.00642541 -0.00090354 0.05725943
v 0.00800038 -0.01251626 0.05907499
v 0.00587491 -0.01684673 0.05754381
v 0.00798678 -0.02157708 0.05944802
v 0.01024402 0.01367252 0.05880104
v 0.00860773 0.01754772 0.05712841
v 0.00574019 0.00534762 0.05657240
v 0.00321112 -0.01280698 0.05586249
v 0.00668468 0.01810315 0.05606375
v 0.00320967 -0.02529289 0.05597501
v 0.00514614 -0.04215394 0.05746212
v 0.00318160 -0.03445829 0.05604776
v 0.00293749 -0.04907466 0.05595847
v 0.00367757 -0.05863848 0.05654410
v -0.00015328 -0.05180430 0.05427137
v 0.00656908 -0.05871906 0.05884366
v 0.00349704 0.00328050 0.05551256
v -0.00025019 -0.05837781 0.05440161
v 0.00009024 -0.03320098 0.05444487
v -0.00007923 -0.01408804 0.05426023
v 0.00285716 0.00939674 0.05497786
v -0.00004279 0.00696874 0.05392440
v -0.00192793 -0.00416833 0.05330372
v 0.00330263 0.01938488 0.05452748
v -0.00337056 -0.05827679 0.05313193
v -0.00274539 -0.01770527 0.05327660
v -0.00709812 -0.01295700 0.05145764
v -0.00690933 -0.00067151 0.05103414
v -0.00210116 0.00590343 0.05312692
v -0.00662298 0.00477811 0.05102317
v -0.00379996 0.01082874 0.05215624
v -0.00241202 0.01575316 0.05271257
v -0.00365959 0.01793083 0.05191551
v -0.00800621 0.01837093 0.04958496
v -0.01000655 0.01835278 0.04867363
v -0.00997405 0.00480572 0.04963959
v -0.01065188 0.01391816 0.04872043
v -0.00975124 -0.00669980 0.05025020
v -0.00702899 -0.02417620 0.05160370
v -0.00271997 -0.02652621 0.05330553
v -0.00358952 -0.03532449 0.05306299
v -0.00731210 -0.03959400 0.05172884
v -0.00339338 -0.04567488 0.05306491
v -0.00201006 0.02089629 0.05243320
v -0.01029911 -0.01637838 0.05034695
v -0.01037492 -0.02197390 0.05036230
v -0.00976303 -0.03185527 0.05081145
v -0.00993374 0.02288303 0.04815538
v -0.00727023 0.02266404 0.04938618
v -0.00978427 -0.05392506 0.05097716
v -0.00597124 -0.05842005 0.05225535
v -0.01349269 -0.05858303 0.04985882
v -0.01345911 0.01972911 0.04745099
v -0.01258818 0.00272899 0.04898391
v -0.01131864 -0.00857790 0.04984963
v -0.01459340 -0.01941388 0.04909792
v -0.01450026 -0.01267249 0.04914152
v -0.01350673 -0.04365150 0.04989632
v -0.01369400 -0.02956633 0.04973309
v -0.01516327 -0.02346169 0.04895257
v -0.01470432 -0.03654285 0.04936884
v -0.01516857 -0.05268651 0.04923419
v -0.01494755 -0.05914090 0.04932184
v -0.01515924 -0.01249113 0.04862699
v -0.01267778 0.02228183 0.04735737
v 0.00689403 0.02184638 0.05551764
v 0.00293981 0.02351979 0.05364958
v -0.01506487 -0.01155606 0.04898595
v -0.01380811 0.01074250 0.04822353
v -0.01433820 0.01467939 0.04749057
v 0.00968223 0.01917338 0.05752137
v -0.01439816 0.00172330 0.04861581
v -0.01441346 -0.00412825 0.04894276
v -0.00160822 0.02331711 0.05205847
v -0.01441543 -0.00905850 0.04926460
v -0.01360028 0.02414462 0.04643986
v 0.01033133 0.02340600 0.05674277
v -0.01519345 -0.03693923 0.04902950
v -0.01224821 0.02503614 0.04679966
v -0.00128576 -0.06087702 0.05469327
v 0.00322383 -0.06239845 0.05733536
v -0.00872483 0.02434567 0.04814395
v 0.00680268 0.02366645 0.05492878
v -0.01300489 -0.06063661 0.05073901
v -0.01549648 -0.06084946 0.04924842
v -0.00142828 0.02421473 0.05176870
v -0.00659266 -0.06116095 0.05295218
v 0.01177514 0.01982340 0.05908116
v 0.00660661 -0.03034999 0.05841931
v 0.00644922 -0.05184737 0.05874402
v 0.00620141 -0.06158006 0.05919755
v -0.00082865 -0.06304171 0.05581530
v 0.00735237 -0.03482325 0.05924806
v 0.00591656 -0.06433285 0.06032674
v 0.01029024 0.02513884 0.05577423
v -0.00666989 -0.06345610 0.05410808
v 0.00473044 0.02515159 0.05338103
v 0.00758519 0.02573262 0.05405850
v -0.01495038 -0.00185000 0.04803183
v 0.00322894 -0.06540147 0.05923909
v -0.01411563 0.02074826 0.04639109
v -0.00140240 -0.06457944 0.05656561
v -0.01217994 -0.06231118 0.05197423
v -0.01480977 -0.06185514 0.05041678
v -0.01577494 -0.06241622 0.05020351
v -0.01329675 -0.06336757 0.05252649
v -0.00724643 -0.06423600 0.05455554
v -0.01355032 -0.06397488 0.05327046
v -0.00334290 -0.06483649 0.05623414
v 0.07217410 0.01872896 -0.05512487
v 0.07360488 0.01932367 -0.05501470
v 0.07204915 0.01963862 -0.05434195
v 0.07356449 0.01798392 -0.05626051
v 0.07370681 0.02124742 -0.05313388
v 0.07184392 0.01718321 -0.05621292
v 0.07365477 0.01701848 -0.05715273
v 0.07149947 0.01559874 -0.05753283
v 0.07403280 0.01636044 -0.05807834
v 0.07407447 0.02169797 -0.05332919
v 0.07143458 0.02055088 -0.05266267
v 0.07145450 0.02196926 -0.05124146
v 0.07365852 0.02282338 -0.05145908
v 0.07186510 0.02344124 -0.04982886
v 0.07361760 0.02390593 -0.05014435
v 0.07182976 0.02460881 -0.04863719
v 0.07404667 0.02468963 -0.04981566
v 0.07121037 0.02536240 -0.04690754
v 0.07146745 0.01834021 -0.05469716
v 0.07177276 0.02660393 -0.04575563
v 0.07368767 0.02618089 -0.04742376
v 0.07347060 0.02517729 -0.04852138
v 0.07400564 0.02796534 -0.04498025
v 0.07350497 0.02731282 -0.04544234
v 0.07177311 0.02767775 -0.04386496
v 0.07137850 0.02850289 -0.04200499
v 0.07348228 0.01436824 -0.05894285
v 0.07174648 0.01408228 -0.05853085
v 0.07347771 0.01187162 -0.06069281
v 0.07201235 0.01108162 -0.06053903
v 0.07399681 0.01459783 -0.05924646
v 0.07348198 0.00864305 -0.06225519
v 0.07172951 0.00828324 -0.06187703
v 0.07204152 0.00735636 -0.06254896
v 0.07401276 0.01255444 -0.06109807
v 0.07391781 0.00827626 -0.06322810
v 0.07110190 0.01252859 -0.05876426
v 0.07120337 0.00952145 -0.06082283
v 0.06971281 0.01022043 -0.05627996
v 0.07055688 0.00581429 -0.06130837
v 0.06962406 0.00464215 -0.05948667
v 0.06847194 0.00708124 -0.05565672
v 0.06844497 0.01165714 -0.05218388
v 0.06958446 0.01393765 -0.05265814
v 0.06931593 0.01873441 -0.04703767
v 0.06815854 0.01570003 -0.04767890
v 0.06768642 0.01154548 -0.05010253
v 0.06779720 0.00900724 -0.05225638
v 0.07142476 0.00516560 -0.06327620
v 0.07128804 0.00218235 -0.06450717
v 0.06845456 0.00117924 -0.05860564
v 0.06972347 -0.00147559 -0.06202598
v 0.06801511 -0.00365587 -0.05916419
v 0.06765240 -0.00197626 -0.05766215
v 0.06762010 -0.00514312 -0.05866550
v 0.06793269 0.00581838 -0.05446314
v 0.06782470 0.00163647 -0.05628676
v 0.06771326 -0.00929826 -0.05922307
v 0.07177745 0.02926508 -0.00324574
v 0.07312804 0.02973308 -0.00221527
v 0.07200349 0.02816834 -0.00030975
v 0.07351857 0.02797962 0.00255419
v 0.07201990 0.03080146 -0.00593641
v 0.07388554 0.03139823 -0.00486986
v 0.07342400 0.03228153 -0.00770853
v 0.07185230 0.03171378 -0.00945446
v 0.07190358 0.02640237 0.00289440
v 0.07331886 0.02642953 0.00451200
v 0.07201686 0.02485791 0.00537603
v 0.07374974 0.02483014 0.00713646
v 0.07325892 0.03313329 -0.01214303
v 0.07203918 0.03276467 -0.01299377
v 0.07386999 0.03056458 -0.00225522
v 0.07368380 0.03357085 -0.01224142
v 0.07402666 0.03256660 -0.00657557
v 0.07195507 0.02333738 0.00695744
v 0.07379924 0.02315044 0.00896170
v 0.07216937 0.02065091 0.00971070
v 0.07139457 0.03249513 -0.01667141
v 0.07105170 0.02618961 -0.00101954
v 0.06939385 0.02652002 -0.01046302
v 0.06932363 0.02488993 -0.00652450
v 0.06845455 0.02357965 -0.00689593
v 0.06921245 0.02173788 -0.00099173
v 0.06830895 0.02022763 -0.00123731
v 0.06746306 0.02132058 -0.00665121
v 0.06750574 0.02274200 -0.01012326
v 0.06801143 0.02498049 -0.01430784
v 0.06919954 0.01911936 0.00288600
v 0.06806383 0.01630860 0.00368561
v 0.06784313 0.01843319 -0.00053960
v 0.06741808 0.01804393 -0.00118806
v 0.07123115 0.02430888 0.00289945
v 0.07110786 0.03046561 -0.01160269
v 0.07042605 0.02969395 -0.01498434
v 0.06739109 0.02349299 -0.01361073
v 0.07148807 0.02226482 0.00617980
v 0.06701430 0.01210836 0.00511750
v 0.06753803 0.01313374 0.00528814
v 0.06916447 0.02669578 -0.01418797
v 0.07384670 0.02766956 0.00506900
v 0.07397667 0.03174776 -0.00226361
v 0.06994028 0.01743576 0.00677446
v 0.06871030 0.01451223 0.00674799
v 0.06794437 0.01212115 0.00770887
v 0.06745244 0.02407949 -0.01757441
v 0.07207605 0.01709107 0.01220420
v 0.06911342 0.02710826 -0.02120316
v 0.07025363 0.02978962 -0.02155802
v 0.07136501 0.03270403 -0.02093277
v 0.07040810 0.01407100 0.01056911
v 0.06776374 0.02471602 -0.02325356
v 0.06838415 0.02602806 -0.01987444
v 0.06990522 0.02857838 -0.02839161
v 0.06889926 0.02655468 -0.02831814
v 0.07125114 0.03201349 -0.02949844
v 0.06828308 0.02497122 -0.03103133
v 0.07124613 0.03117052 -0.03380908
v 0.06952114 0.02667973 -0.03411462
v 0.06789602 0.02302540 -0.03281565
v 0.06788226 0.00788413 0.01036538
v 0.07080651 0.02805198 -0.04020164
v 0.06728774 0.00725451 0.00927222
v 0.07136476 0.03039297 -0.03699508
v 0.06849745 0.02395784 -0.03480709
v 0.06792168 0.02120694 -0.03754791
v 0.06835785 0.02157468 -0.03977580
v 0.07028017 0.02635719 -0.03978623
v 0.06953770 0.02313358 -0.04161803
v 0.06800748 0.01878687 -0.04214965
v 0.06831467 0.01895620 -0.04418347
v 0.06793654 0.01489221 -0.04739378
v 0.07067925 0.02210915 -0.04863880
v 0.07025270 0.02075354 -0.04799912
v 0.07396303 0.03329469 -0.00626270
v 0.07056057 0.01655028 -0.05305518
v 0.06706372 0.00320002 0.01092223
v 0.06799720 0.00438863 0.01272750
v 0.06733403 0.00031734 0.01253010
v 0.06779724 -0.00052654 0.01410482
v 0.06729543 -0.00580250 0.01396832
v 0.07184200 0.03288265 -0.02796856
v 0.06757447 0.01553229 -0.04599017
v 0.07186923 0.03316976 -0.01805158
v 0.07394647 0.03474709 -0.02044083
v 0.07351780 0.03369588 -0.01708888
v 0.07349128 0.03374023 -0.02371167
v 0.07386575 0.03363493 -0.02911260
v 0.06611833 -0.00147034 0.01212366
v 0.06600465 0.00892422 0.00672612
v 0.06592636 0.01370482 0.00222151
v 0.06609011 0.00509637 0.00931812
v 0.06580860 0.01766493 -0.00263094
v 0.06581431 0.01599624 -0.00041647
v 0.06576299 0.02095804 -0.00854585
v 0.06575773 0.01907953 -0.00497532
v 0.06430613 0.00365671 0.00924382
v 0.06424398 0.00748272 0.00711930
v 0.06522288 0.01095622 0.00466199
v -0.01784358 0.04018651 -0.08761544
v -0.01665583 0.03575379 -0.08842525
v -0.01623642 0.03947438 -0.08839225
v -0.01619238 0.03506947 -0.08873668
v -0.01789779 0.03622079 -0.08804406
v -0.01819127 0.03754521 -0.08771527
v -0.01874106 0.03459282 -0.08738552
v -0.01864240 0.03721430 -0.08711728
v -0.01866273 0.03989065 -0.08671135
v -0.01839346 0.04141779 -0.08641971
v -0.01871614 0.03344717 -0.08694240
v -0.01626983 0.03320053 -0.08754865
v -0.01623404 0.03018348 -0.08582416
v -0.01636402 0.04170250 -0.08697301
v -0.01895989 0.04065666 -0.08538613
v -0.01891691 0.04154513 -0.08493858
v -0.01895988 0.03405439 -0.08644210
v 0.04107949 -0.04686188 -0.06319708
v 0.04052739 -0.04689016 -0.06184200
v 0.04052420 -0.04387768 -0.06442271
v 0.04095206 -0.04367206 -0.06596459
v 0.04093010 -0.05000774 -0.05977424
v 0.04048347 -0.04985345 -0.05878212
v 0.04049420 -0.05159394 -0.05661541
v 0.04100012 -0.05255354 -0.05700601
v 0.04039658 -0.05370037 -0.05362557
v 0.04049226 -0.04097245 -0.06664184
v 0.04098137 -0.04085683 -0.06803347
v 0.04057066 -0.03889367 -0.06812196
v 0.04106083 -0.03836810 -0.06951325
v 0.04058137 -0.03670979 -0.06942018
v 0.04059148 -0.03441867 -0.07046137
v 0.04057770 -0.03087268 -0.07230460
v 0.04097145 -0.03084160 -0.07306786
v 0.04063457 -0.02755779 -0.07340994
v 0.04085824 -0.02350168 -0.07501015
v 0.04106899 -0.05487141 -0.05370589
v 0.04097387 -0.05669730 -0.05022543
v 0.04054773 -0.05493590 -0.05137300
v 0.03980705 -0.05673239 -0.04773269
v 0.04078220 -0.05843670 -0.04680562
v 0.04066321 -0.05879886 -0.04533879
v 0.03975846 -0.05792175 -0.04477810
v 0.03982604 -0.05882733 -0.04243498
v 0.04162249 -0.06093283 -0.04189827
v -0.06429290 0.04990461 0.07835477
v -0.06559689 0.04950055 0.07977529
v -0.06551805 0.05214381 0.08185123
v -0.06444805 0.05236270 0.08068954
v -0.06577658 0.04779811 0.07830045
v -0.06450827 0.04868276 0.07701597
v -0.06419374 0.05346931 0.08196403
v -0.06503329 0.05356072 0.08363962
v -0.06624381 0.05165430 0.08314414
v -0.06634162 0.05231167 0.08578250
v -0.06531756 0.05355905 0.08572120
v -0.06558516 0.04747252 0.07620440
v -0.06606136 0.04689638 0.07562435
v -0.06374601 0.04836840 0.07507593
v -0.06552769 0.04730327 0.07218913
v -0.06577034 0.05208139 0.08929302
v -0.06256381 0.04917591 0.07611993
v -0.06223659 0.05318930 0.08017644
v -0.06702541 -0.03453319 0.08007387
v -0.06705754 -0.03135277 0.08446878
v -0.06686394 -0.03042187 0.08380790
v -0.06713729 -0.03549497 0.08060336
v -0.06693076 -0.03623184 0.07804032
v -0.06699978 -0.02784901 0.08528672
v -0.06712656 -0.03749196 0.07730215
v -0.04787215 0.04064787 0.10436995
v -0.04262063 0.04046843 0.10395168
v -0.04803196 0.04174493 0.10408670
v -0.04274389 0.04124427 0.10370564
v -0.05480800 0.04248149 0.10421831
v -0.05290267 0.04133709 0.10451745
v -0.03616753 0.04021278 0.10317442
v -0.05602539 0.04115238 0.10429173
v -0.06033463 0.04239635 0.10317045
v -0.05936776 0.04003573 0.10373711
v -0.05672984 0.03228184 0.10428446
v -0.05932620 0.02916475 0.10376056
v -0.05623657 0.02058038 0.10408358
v -0.05941259 0.02333870 0.10353407
v -0.05908471 0.01763844 0.10331545
v -0.05594726 0.04374414 0.10419202
v -0.05342447 0.04339349 0.10451053
v -0.05954950 0.04314701 0.10343881
v -0.05630789 -0.00004427 0.10387358
v -0.05904956 -0.00586706 0.10291525
v -0.05593719 -0.02717961 0.10368336
v -0.05279309 -0.01719232 0.10420312
v -0.05286595 -0.03522140 0.10415889
v -0.05299273 -0.04759760 0.10410613
v -0.05569739 -0.04950319 0.10350157
v -0.05473767 -0.05675662 0.10347342
v -0.05282739 -0.05700769 0.10385892
v -0.05640406 -0.04473707 0.10334702
v -0.05754595 -0.01984662 0.10322581
v -0.06073758 0.03202181 0.10327787
v -0.05346660 0.04674311 0.10347244
v -0.04898814 0.04538806 0.10375952
v -0.05636705 -0.05711185 0.10283440
v -0.05550017 0.04739131 0.10289765
v -0.05998248 0.04555835 0.10251685
v -0.05422796 0.04880597 0.10236363
v -0.05370088 -0.05777493 0.10343991
v -0.04914580 -0.05769347 0.10388865
v -0.05290226 -0.05844546 0.10382283
v -0.05565469 -0.05800292 0.10303280
v -0.05562719 -0.06008372 0.10283729
v -0.05783784 -0.05810154 0.10187491
v -0.05915967 0.04787137 0.10159297
v -0.04960694 0.04823241 0.10245997
v -0.01971500 0.00779340 0.10019871
v -0.01283294 -0.01628692 0.09864995
v -0.01283732 0.02071811 0.09861462
v -0.01892089 -0.02438704 0.10004015
v -0.01271067 -0.03807738 0.09862370
v -0.02233484 -0.03568425 0.10073805
v -0.02150039 -0.04962279 0.10058081
v -0.01267665 -0.05583279 0.09855443
v -0.01806966 -0.05640795 0.09972753
v -0.02132864 0.03303497 0.10055812
v -0.01250800 0.03328660 0.09850770
v -0.02132946 0.02325539 0.10059808
v -0.02276513 0.00447908 0.10082290
v -0.02926229 -0.05061801 0.10202853
v -0.02920585 -0.02228146 0.10204614
v -0.02662037 -0.05605535 0.10148401
v -0.02940145 0.03774087 0.10212323
v -0.02942831 0.02994447 0.10205641
v -0.01879489 0.03921767 0.10007460
v -0.02924405 0.00758838 0.10202417
v -0.03482386 -0.03512729 0.10295280
v -0.03199977 -0.04911801 0.10250701
v -0.03769466 -0.04855882 0.10349693
v -0.03778798 -0.02152432 0.10339908
v -0.03288385 -0.00154518 0.10260656
v -0.03594488 0.00656597 0.10305441
v -0.03711308 0.02438843 0.10323795
v -0.03898825 0.00723561 0.10345222
v -0.03578783 0.03894563 0.10316621
v -0.03897222 -0.03332714 0.10352542
v -0.03683683 -0.05599463 0.10324108
v -0.02966818 0.04013200 0.10221873
v -0.01299649 0.03705768 0.09864182
v -0.02187097 0.04248077 0.10051830
v -0.03115236 -0.05749725 0.10217771
v -0.04163512 0.03395162 0.10387157
v -0.04305310 0.02840340 0.10395768
v -0.04255646 0.00673889 0.10384804
v -0.04264205 -0.03378999 0.10392398
v -0.04238370 -0.04792335 0.10399077
v -0.04283115 -0.05628151 0.10394530
v -0.01392681 0.04170932 0.09872106
v -0.00932959 -0.04865841 0.09764853
v -0.00934833 0.03667975 0.09757285
v -0.00734089 0.00825956 0.09703278
v -0.00887175 -0.01629216 0.09751987
v -0.00900514 -0.03288210 0.09754754
v -0.00756474 0.04062310 0.09693401
v -0.00656011 0.03524135 0.09670864
v -0.00665489 -0.02203862 0.09681779
v -0.00680045 -0.04405893 0.09683481
v -0.00664567 -0.05585711 0.09665553
v -0.04754543 0.03260238 0.10437427
v -0.04682679 0.01741507 0.10419544
v -0.04648943 -0.01848411 0.10415180
v -0.04627850 -0.04830931 0.10425433
v -0.04627646 -0.05610907 0.10418311
v -0.03656198 -0.05746507 0.10301830
v -0.02509611 0.04378336 0.10093783
v -0.03725605 0.04131004 0.10350131
v -0.03599165 0.04360368 0.10294700
v -0.00297109 0.03832969 0.09544420
v -0.00326592 0.01860922 0.09559363
v -0.00285460 0.03240990 0.09539599
v -0.00350263 -0.00554869 0.09564335
v -0.01097280 -0.05761000 0.09783807
v -0.01485559 -0.05770849 0.09878202
v -0.05303968 0.03614578 0.10459368
v -0.04982155 0.02010229 0.10433934
v -0.05003548 -0.00611344 0.10426843
v -0.05314259 0.02673806 0.10447946
v -0.04976352 -0.04741229 0.10431918
v -0.02318924 -0.05759127 0.10053119
v -0.02714465 -0.05757926 0.10129750
v -0.01873047 -0.05764965 0.09965518
v -0.04318819 0.04280557 0.10402353
v -0.05301319 0.01900252 0.10435628
v -0.05305136 0.00489013 0.10429589
v -0.04977905 -0.05637244 0.10417649
v -0.00523626 -0.05766227 0.09595792
v -0.00345618 -0.02532163 0.09556618
v -0.00341895 -0.05598294 0.09538386
v -0.00410878 0.04108311 0.09558702
v -0.03122071 -0.05843527 0.10238731
v -0.02739854 -0.05805620 0.10172270
v -0.03127610 -0.06038324 0.10213406
v -0.03803197 -0.06026650 0.10318763
v -0.03794015 -0.05799670 0.10345107
v -0.04460912 -0.05981228 0.10397192
v -0.04382894 -0.05809083 0.10408679
v -0.02236513 -0.06003661 0.10044695
v -0.02361044 -0.05791858 0.10098314
v -0.01935976 -0.05802252 0.10002210
v -0.01528380 -0.05799261 0.09913574
v -0.01143472 -0.06084741 0.09782252
v -0.01229387 -0.05795278 0.09843619
v -0.00831025 -0.05796739 0.09724190
v -0.04962046 -0.05839153 0.10416045
v -0.00369636 -0.06049603 0.09533506
v -0.00680712 -0.06208690 0.09609990
v -0.00313038 -0.05811919 0.09529436
v -0.04568174 -0.05769869 0.10383985
v -0.02509802 -0.06194414 0.10052607
v -0.04191352 -0.06167568 0.10326995
v -0.04848480 -0.06124504 0.10369407
v -0.02009262 0.04368603 0.09978524
v -0.01477194 0.04267823 0.09868232
v -0.00007864 0.03841949 0.09410096
v 0.00045171 0.03209046 0.09379740
v 0.00036887 0.02141401 0.09388238
v 0.00035140 0.00082580 0.09379505
v -0.03610658 -0.06266928 0.10217924
v -0.00315376 -0.05771710 0.09497722
v -0.00305606 -0.04432109 0.09525417
v 0.00094967 -0.02775887 0.09318066
v -0.03495743 0.04508932 0.10227912
v -0.04209970 0.04609763 0.10285072
v 0.00349711 0.03660291 0.09216824
v 0.00157045 0.04063951 0.09289140
v 0.00289549 0.02159582 0.09251666
v 0.00326400 0.03207879 0.09222631
v -0.01008390 -0.06334375 0.09663469
v -0.01570914 -0.06372425 0.09781396
v 0.00267943 0.00186907 0.09249693
v 0.00239298 -0.01276267 0.09242505
v 0.00047664 -0.04657586 0.09319910
v 0.00082796 -0.05707206 0.09288302
v 0.00047952 -0.06033304 0.09304001
v -0.00368566 -0.06365263 0.09437664
v 0.00310829 0.03975928 0.09214136
v -0.00038750 -0.05792780 0.09372582
v -0.05279874 -0.06172289 0.10323043
v -0.00002048 -0.06226194 0.09296111
v -0.03124817 -0.06330932 0.10109100
v -0.02364251 -0.06404491 0.09934616
v -0.04167011 -0.06327756 0.10257136
v -0.04619521 -0.06342308 0.10271893
v -0.04993352 -0.06279377 0.10307477
v -0.00005378 -0.06432382 0.09218183
v -0.02772388 0.04521603 0.10076655
v -0.00662992 -0.06487012 0.09472984
v -0.03587393 0.04640682 0.10175064
v -0.03618749 -0.06424064 0.10128839
v -0.00181956 -0.06514477 0.09259860
v -0.01281095 -0.06478463 0.09640918
v -0.04275386 0.04750496 0.10205213
v -0.05559693 -0.06263961 0.10208001
v -0.05412910 -0.06348741 0.10205452
v -0.02127601 -0.06502138 0.09792540
v -0.05002710 -0.06399472 0.10216147
v -0.00244366 -0.06594711 0.09212480
v -0.00789439 -0.06578186 0.09420834
v -0.03799845 -0.06472985 0.10088263
v 0.00347366 -0.06588551 0.08875861
v 0.01323117 -0.01445970 0.07875141
v 0.01294632 -0.03031451 0.07744972
v 0.01359844 -0.01602371 0.07679911
v 0.01418138 0.00410698 0.07866122
v 0.01496534 0.00361002 0.07514006
v 0.01559507 0.01391004 0.07534825
v 0.01593427 0.02133634 0.07574102
v 0.01497989 0.02172705 0.07886029
v 0.01552520 0.03045946 0.07811386
v 0.01650964 0.03061115 0.07485645
v 0.01248543 -0.02897242 0.07950327
v 0.01167292 -0.05054085 0.07868539
v 0.01201490 -0.05075517 0.07685263
v 0.01687824 0.02769516 0.07215632
v 0.01178520 -0.05687551 0.07813537
v 0.01246066 -0.01488602 0.08080773
v 0.01058423 -0.04853407 0.08177138
v 0.01023709 -0.05670122 0.08235184
v 0.01121460 -0.03260495 0.08223568
v 0.01534267 0.03253764 0.07843719
v 0.01642539 0.03255522 0.07512305
v 0.01556932 0.03599541 0.07811009
v 0.01651659 0.03636083 0.07528288
v 0.01321239 0.00385288 0.08099280
v 0.01324689 0.01234269 0.08180899
v 0.01171005 -0.01869075 0.08213250
v 0.01433491 0.03605262 0.08084415
v 0.01416052 0.03182722 0.08108661
v 0.01358035 0.02421347 0.08197800
v 0.00960853 -0.04878861 0.08373201
v 0.01213137 0.00202781 0.08294022
v 0.01713347 0.03660013 0.07215393
v 0.01706536 0.03242147 0.07186358
v 0.01179982 -0.05816877 0.07859898
v 0.01022420 -0.05881265 0.08259568
v 0.01177836 -0.06034554 0.07854804
v 0.01028794 -0.06272301 0.08180412
v 0.01228287 -0.05787926 0.07589659
v 0.00861135 -0.06083577 0.08526659
v 0.00862061 -0.05755188 0.08528540
v 0.01002777 -0.02996470 0.08454079
v 0.01050786 -0.01759378 0.08425782
v 0.01301879 0.03171073 0.08304458
v 0.00878429 -0.04790681 0.08515191
v 0.01220005 0.03575448 0.08433795
v 0.00841366 -0.06390975 0.08472682
v 0.01171416 0.01768330 0.08452357
v 0.01160014 0.03146688 0.08498641
v 0.01202258 0.03859383 0.08419739
v 0.00970063 -0.01407192 0.08565629
v 0.01087094 0.00259838 0.08484192
v 0.00901420 -0.03007487 0.08598307
v 0.00778172 -0.04767535 0.08655865
v 0.01410476 0.03978663 0.08043459
v 0.00644399 -0.05793955 0.08820845
v 0.01008969 0.01695419 0.08646468
v 0.00630970 -0.05700750 0.08827261
v 0.00645483 -0.06293526 0.08761005
v 0.00605100 -0.06089359 0.08847547
v 0.00836841 -0.01571078 0.08721245
v 0.00616200 -0.04786730 0.08851285
v 0.00724124 -0.03042729 0.08802870
v 0.00929104 0.03188479 0.08759217
v 0.00877800 0.01905143 0.08795129
v 0.00931117 0.03634987 0.08763825
v 0.00862981 0.01107063 0.08784488
v 0.01105874 0.04057189 0.08484900
v 0.00907109 0.03982958 0.08739646
v 0.00654956 -0.01299473 0.08919357
v 0.00594159 -0.02496835 0.08951057
v 0.00317000 -0.05777216 0.09127926
v 0.00304412 -0.04590460 0.09141961
v 0.00630555 0.00359329 0.08983085
v 0.00348371 -0.06201423 0.09071927
v 0.00612200 0.02138517 0.09028487
v 0.00648772 0.03580337 0.09004632
v 0.00588865 -0.06499619 0.08721657
v 0.00653099 0.03868018 0.08982824
v 0.00518189 -0.01344087 0.09034823
v 0.00344357 -0.02640938 0.09151530
v 0.01412691 0.04097876 0.07961655
v 0.00484501 0.00406912 0.09097376
v 0.00594229 0.04048525 0.08993220
v 0.00269941 -0.06455495 0.09027868
v 0.00796810 -0.06596870 0.08389510
v 0.00540004 -0.06646565 0.08603141
v 0.01266228 0.04193801 0.08068156
v 0.01443394 0.04242598 0.07637189
v 0.01565249 0.04182354 0.07465238
v 0.01016846 0.03933066 -0.00889220
v 0.00988342 0.03760005 -0.00850551
v 0.01019094 0.03890915 -0.00723254
v 0.01003471 0.03741858 -0.00452117
v 0.00937005 0.03674124 -0.00904886
v 0.00951242 0.03668795 -0.00438331
v -0.06266256 -0.05767282 -0.09475826
v -0.06097303 -0.05846539 -0.09461264
v -0.06195393 -0.05789975 -0.09653830
v -0.06314395 -0.05709088 -0.09744053
v -0.06234460 -0.05815059 -0.09311661
v -0.06291412 -0.05679699 -0.09844419
v -0.06071683 -0.05813652 -0.09878228
v -0.06048146 -0.05941170 -0.09656946
v -0.06059065 -0.05923307 -0.09782861
v -0.06372818 -0.05760404 -0.09514075
v -0.06279742 -0.05862622 -0.09290977
v -0.06046519 -0.05634340 -0.09984130
v -0.06274722 -0.05644113 -0.10057415
v -0.05881096 -0.05842163 -0.09475383
v -0.06376948 -0.05735269 -0.09760068
v -0.06073897 -0.05767314 -0.09327394
v -0.06374712 -0.05874120 -0.09364561
v -0.06395630 -0.05914435 -0.09320398
v -0.05971901 -0.05701634 0.10055826
v -0.06175957 -0.05787182 0.09783032
v -0.05770877 -0.05777336 0.10173989
v -0.05798772 -0.05707333 0.10191094
v -0.05636705 -0.05711185 0.10283440
v -0.05370088 -0.05777493 0.10343991
v -0.05971261 0.01999536 -0.09635568
v -0.05971973 0.01965733 -0.09521915
v -0.06204013 0.02059672 -0.09692723
v -0.06214568 0.02012605 -0.09480493
v -0.05980196 0.01999215 -0.09785753
v -0.06173521 0.02033652 -0.09877096
v -0.05867114 0.01904846 -0.09759762
v -0.05876276 0.01886836 -0.09550417
v -0.06267074 0.01926240 -0.09386949
v 0.01001492 0.03739735 -0.03914799
v 0.00988277 0.03761702 -0.03412566
v 0.01009781 0.03843080 -0.03704614
v 0.00992627 0.03912026 -0.03327945
v 0.00929920 0.03672585 -0.03363567
v 0.00948310 0.03668300 -0.03988542
v 0.01028306 0.03935239 -0.03413644
v 0.01038152 0.04265186 -0.02421515
v 0.01046026 0.04236764 -0.01529416
v 0.00988741 0.04258462 -0.02215479
v 0.00977745 0.04226142 -0.01510669
v 0.00978454 0.04234023 -0.03159587
v 0.01037074 0.04242196 -0.03137836
v 0.01011001 0.04182101 -0.03193005
v 0.01017152 0.04172074 -0.01481117
v 0.01131287 0.04542018 -0.01158945
v 0.01099343 0.04375300 -0.02379221
v 0.01121483 0.04586965 -0.02902524
v 0.01109155 0.04330533 -0.01146109
v 0.01130397 0.04466191 0.00049649
v 0.01140213 0.05253596 -0.00088282
v 0.01115961 0.05303505 -0.05154543
v 0.01112517 0.04555228 -0.04750623
v 0.01105478 0.05179604 -0.05579219
v 0.01123832 0.04882911 -0.04204233
v 0.01128303 0.05835971 -0.03692321
v 0.01122896 0.05538723 -0.02786443
v 0.01126204 0.04909185 -0.02148635
v 0.01126293 0.05466659 -0.01851905
v 0.01140558 0.05444374 -0.00843266
v 0.01137193 0.05831274 -0.00946133
v 0.01132567 0.05891417 -0.02562360
v 0.01104241 0.04532680 -0.05569268
v 0.01111814 0.05461352 -0.05245618
v 0.01093082 0.04611513 -0.05889510
v 0.01134081 0.05576624 -0.00176708
v 0.01134365 0.05336313 0.00569097
v 0.01121589 0.04449882 0.00493510
v 0.01110566 0.04680946 0.00992471
v 0.01109769 0.05736789 -0.04449067
v 0.01107232 0.04433377 -0.03928262
v 0.01102386 0.04499490 0.00932788
v 0.01121920 0.05304411 0.00731135
v 0.01119573 0.05997112 -0.02519979
v 0.01119493 0.05930084 -0.03399539
v 0.01082659 0.04337400 -0.04165115
v 0.01084539 0.04328063 -0.03443771
v 0.01083112 0.04189296 0.00014728
v 0.01085128 0.05123445 -0.05741457
v 0.01082152 0.05234088 -0.05711697
v 0.01115489 0.05525825 0.00353918
v 0.01111789 0.05691171 -0.00166972
v 0.01081103 0.05309506 -0.05628464
v 0.01071511 0.04349968 0.00924518
v 0.01112757 0.05979875 -0.01574245
v 0.01050786 0.04423031 -0.05868471
v 0.01068637 0.04369698 -0.05221496
v 0.01094738 0.05169196 0.00877207
v 0.01080668 0.04222241 -0.00739520
v 0.01114095 0.05931681 -0.01155863
v 0.01027280 0.04045591 -0.00167677
v 0.01019201 0.04028918 -0.00600109
v 0.01025163 0.04110654 -0.01027626
v 0.01075840 0.04615159 0.01070288
v 0.01108766 0.06004859 -0.02005698
v 0.01013353 0.04201578 -0.04093524
v 0.01000703 0.04127729 -0.03506057
v 0.01033862 0.04273039 -0.04316958
v 0.01025029 0.04224120 0.00702623
v 0.00968825 0.04287354 -0.05850684
v 0.01004126 0.04271350 -0.05112809
v 0.00971549 0.04312131 0.01064262
v 0.01025837 0.04118159 0.00021092
v 0.01075835 0.04919821 -0.05816509
v 0.00958857 0.04577426 0.01118185
v 0.00618920 0.04145142 0.01178709
v 0.00254009 0.03986000 0.01276060
v -0.07041111 0.02213562 -0.05277899
v -0.07025857 0.02385448 -0.05342041
v -0.07249058 0.02344036 -0.05401641
v -0.07244327 0.02124133 -0.05259906
v -0.07024968 0.02595343 -0.05356722
v -0.07223638 0.02686034 -0.05438826
v -0.07191870 0.03745301 -0.05444062
v -0.07035243 0.03860597 -0.05370927
v -0.07235903 0.04133139 -0.05421859
v -0.07052514 0.04046860 -0.05353359
v -0.07236816 0.03769913 -0.05485229
v -0.07193128 0.04167132 -0.05363099
v -0.07040991 0.04141911 -0.05234708
v -0.05975799 -0.06265139 0.09890236
v -0.05761864 -0.06350744 0.10022487
v -0.05783090 -0.06219179 0.10096942
v -0.05906472 -0.06076368 0.10044149
v -0.06104050 -0.06148196 0.09796476
v -0.06048942 -0.06341360 0.09733177
v -0.06261587 -0.06190308 0.09524823
v -0.06215451 -0.06339347 0.09450723
v -0.06286545 -0.05973861 0.09580347
v -0.05970282 -0.05808922 0.10034723
v -0.06175957 -0.05787182 0.09783032
v -0.06434637 -0.06226903 0.09136386
v -0.06488830 -0.05880570 0.09174792
v -0.06379402 -0.05776171 0.09426104
v -0.05783784 -0.05810154 0.10187491
v -0.05562719 -0.06008372 0.10283729
v -0.05559693 -0.06263961 0.10208001
v -0.06410063 -0.06332776 0.09016593
v -0.06551298 -0.06168630 0.08833100
v -0.06539874 -0.06295904 0.08631283
v -0.06095647 -0.06409977 0.09513004
v -0.05412910 -0.06348741 0.10205452
v -0.05817118 -0.06431659 0.09824417
v -0.06073897 -0.05767314 -0.09327394
v -0.06234460 -0.05815059 -0.09311661
v -0.06262724 -0.05723472 -0.09281560
v -0.06013165 -0.05659531 -0.09327776
v -0.05867063 -0.05770443 -0.09398546
v -0.06279742 -0.05862622 -0.09290977
v -0.05870468 -0.05632578 -0.09404040
v -0.06475206 -0.05585265 -0.09300626
v -0.06525594 -0.05732546 -0.09307096
v -0.06324334 -0.05571535 -0.09330942
v -0.06395630 -0.05914435 -0.09320398
v -0.06328257 -0.06093868 -0.09316402
v -0.06521412 -0.05852078 -0.09280364
v -0.06559376 -0.05585115 -0.09235196
v -0.05881096 -0.05842163 -0.09475383
v -0.05788331 -0.05639982 -0.09556104
v -0.05801260 -0.05797969 -0.09578395
v -0.06341082 0.02005260 -0.09247933
v -0.06472722 0.02016076 -0.09141144
v -0.06467965 0.02193496 -0.09182864
v -0.06330210 0.02169026 -0.09344327
v -0.06391635 0.02274093 -0.09365868
v -0.06267074 0.01926240 -0.09386949
v -0.06266572 0.02086908 -0.09488364
v -0.06253889 0.02212853 -0.09641568
v -0.06204013 0.02059672 -0.09692723
v -0.06190767 0.02167779 -0.09874186
v -0.06248981 0.02291065 -0.09874290
v -0.06194922 0.02282383 -0.10032117
v -0.06062685 0.02061391 -0.10140965
v -0.06173521 0.02033652 -0.09877096
v -0.06124795 0.02048538 -0.10008036
v -0.06131669 0.01946080 -0.09922930
v -0.06171335 0.02274794 -0.10255017
v -0.06214568 0.02012605 -0.09480493
v -0.06034868 0.01964851 -0.10301127
v -0.06064025 0.02098673 -0.10330467
v -0.06083194 0.01886563 -0.10142735
v -0.06174947 0.01890953 -0.09977292
v -0.06351628 0.01870305 -0.09255054
v -0.06220653 0.01788225 -0.09936116
v -0.06319178 0.01784691 -0.09425697
v -0.06264496 0.02353800 -0.10070694
v -0.06312581 0.02403774 -0.10091047
v -0.06239911 0.02582432 -0.10199819
v -0.06523364 0.02423619 -0.09571793
v -0.06609228 0.02321337 -0.09274753
v -0.06487206 0.01868354 -0.09168756
v -0.06668916 0.02132479 -0.09141554
v -0.06663053 0.01956106 -0.09126486
v -0.06653660 0.01802783 -0.09171683
v -0.05977005 0.01785623 -0.09879189
v -0.05889842 0.01707237 -0.09771655
v -0.05867114 0.01904846 -0.09759762
v -0.05966009 0.01918936 -0.09860801
v -0.06131669 0.01946080 -0.09922930
v -0.06220653 0.01788225 -0.09936116
v -0.06103544 0.01697772 -0.09853636
v -0.05980196 0.01999215 -0.09785753
v -0.06173521 0.02033652 -0.09877096
v -0.05879419 0.01694933 -0.09576962
v -0.05876276 0.01886836 -0.09550417
v -0.05971551 0.01852161 -0.09464325
v -0.05980237 0.01702635 -0.09486325
v -0.06209903 0.01820511 -0.09405432
v -0.06267074 0.01926240 -0.09386949
v -0.06319178 0.01784691 -0.09425697
v -0.06175970 0.01710238 -0.09478219
v -0.05876276 0.01886836 -0.09550417
v -0.05879419 0.01694933 -0.09576962
v -0.05971973 0.01965733 -0.09521915
v -0.05915921 -0.05736690 -0.09899359
v -0.05792388 -0.05724824 -0.09775742
v -0.05934769 -0.05558156 -0.09931850
v -0.05793226 -0.05598218 -0.09765231
v -0.06046519 -0.05634340 -0.09984130
v -0.06143015 -0.05558415 -0.10011812
v -0.06150418 -0.05598028 -0.10021829
v -0.06274722 -0.05644113 -0.10057415
v -0.06071683 -0.05813652 -0.09878228
v -0.05923848 -0.05866157 -0.09777161
v -0.06059065 -0.05923307 -0.09782861
v -0.05801260 -0.05797969 -0.09578395
v -0.06048146 -0.05941170 -0.09656946
v -0.05881096 -0.05842163 -0.09475383
v -0.06149035 -0.05612791 -0.10302692
v -0.05877694 -0.05547659 -0.09849736
v -0.05788331 -0.05639982 -0.09556104
v -0.06641145 0.02102715 0.08903003
v -0.06682129 0.02083253 0.08243552
v -0.06691755 0.02088187 0.08840869
v -0.06668207 0.02086841 0.08962516
v -0.06625439 0.02099319 0.09039174
v -0.06753948 0.01751855 0.06180614
v -0.06668557 0.01809768 0.06434023
v -0.06686207 0.01757997 0.05834683
v -0.06686953 0.01820945 0.06480426
v -0.06760443 0.01773045 0.06963530
v -0.06715785 0.01830541 0.06916683
v -0.06752622 0.01841036 0.07375877
v -0.06684682 0.01933082 0.07578203
v -0.06736262 0.01929903 0.07791903
v -0.06686124 0.02022805 0.07953200
v -0.06719449 0.02013889 0.08268674
v -0.06752683 -0.03974209 0.04678925
v -0.06751632 -0.04208474 0.05039167
v -0.06763776 -0.04257462 0.05246646
v -0.06753505 -0.04433847 0.05458659
v -0.06768850 -0.04507908 0.05698365
v -0.06741734 -0.03866991 0.06575414
v -0.06757407 -0.04050608 0.06533869
v -0.06767095 -0.03944910 0.06723113
v -0.06746535 -0.04050192 0.06342273
v -0.06766373 -0.04137727 0.06404917
v -0.06731650 -0.03846431 0.06842822
v -0.06742258 -0.04296174 0.06314846
v -0.06726854 -0.03970141 0.06846368
v -0.06682095 -0.03879544 0.06996760
v -0.06730419 -0.04107465 0.06531464
v -0.06757497 -0.03796153 0.07139403
v -0.06694649 -0.04208399 0.06403514
v -0.06781899 -0.04130081 0.06518382
v 0.00890853 0.04751356 0.06105588
v 0.00900469 0.04778119 0.05503209
v 0.00881891 0.04811459 0.05788721
v 0.00835122 0.04920663 0.05787108
v 0.00715162 0.04994608 0.06279649
v 0.00795167 0.04756650 0.06409667
v 0.00632842 0.05123073 0.05977027
v 0.00700500 0.05058764 0.05436195
v 0.00815732 0.04820285 0.05399404
v 0.00591130 0.05116436 0.06180211
v 0.00624981 0.05076941 0.06330323
v 0.00593573 0.05124053 0.05510244
v 0.00613069 0.04960227 0.06464527
v 0.00489188 0.04983466 0.06688829
v 0.00577864 0.04749910 0.06828690
v 0.00398986 0.05134012 0.06433691
v 0.00355096 0.04858506 0.06976090
v 0.00198989 0.05183832 0.06614393
v -0.00007773 0.05182594 0.06911408
v -0.00124687 0.05307112 0.06826122
v 0.00182671 0.05246504 0.06431230
v 0.00332306 0.05168004 0.06230035
v 0.00267148 0.05232092 0.06155226
v 0.00419654 0.05157808 0.06332380
v 0.00243016 0.05224892 0.05615723
v 0.00365378 0.05149114 0.05481113
v 0.00406230 0.05135960 0.06110128
v 0.00096470 0.05253371 0.05285255
v 0.00458311 0.05103790 0.05353669
v 0.00323641 0.05174722 0.05168500
v 0.00129722 0.05240066 0.05058931
v 0.00535272 0.05034132 0.05258872
v 0.00620978 0.04985400 0.05305833
v 0.00320762 0.05141334 0.05012672
v 0.00051619 0.05308489 0.05168227
v 0.00019958 0.05292888 0.04891877
v 0.00162713 0.05307904 0.05664757
v -0.00051535 0.05381793 0.05388422
v -0.00077679 0.05344810 0.05210233
v -0.00199775 0.05433365 0.05196996
v 0.00122228 0.05172386 0.04889723
v 0.00058331 0.05022715 0.07085549
v -0.00378425 0.05190234 0.07207368
v -0.00592897 0.05327992 0.07102531
v -0.00732112 0.05246444 0.07322508
v -0.01177983 0.05422185 0.07158951
v -0.01157967 0.05306127 0.07351862
v -0.00420645 0.05375381 0.06952607
v -0.01593972 0.05392647 0.07262585
v -0.00733380 0.05432326 0.07044097
v -0.01012634 0.05182148 0.07459813
v -0.00325871 0.05011879 0.07357324
v -0.00600944 0.05035905 0.07476072
v 0.00515673 0.04898270 0.04989587
v 0.00649327 0.04858831 0.05192407
v 0.00199481 0.04791865 0.07163182
v -0.00868359 0.05013120 0.07560553
v -0.00317722 0.04845497 0.07469285
v 0.00155925 0.05020944 0.04748011
v -0.00041076 0.05145030 0.04731427
v -0.01111005 0.04960224 0.07628406
v -0.00678926 0.04886807 0.07594007
v -0.02791706 0.05176144 0.03972882
v -0.03044192 0.05192384 0.03661302
v -0.03398238 0.05184977 0.04002447
v -0.02599241 0.05188895 0.04544491
v -0.03461889 0.05177297 0.04461834
v -0.03724211 0.05176654 0.04166891
v -0.03071611 0.05191257 0.05021586
v -0.02332848 0.05197696 0.04619716
v -0.02950195 0.05202466 0.05265543
v -0.02215645 0.05159799 0.04110502
v -0.02187994 0.05146166 0.03163183
v -0.02871446 0.05182587 0.03301757
v -0.01813476 0.05141563 0.04098582
v -0.01873493 0.05130534 0.03838202
v -0.02817656 0.05191378 0.02930445
v -0.02316720 0.05174979 0.02509097
v -0.01907528 0.05117376 0.02997655
v -0.02861812 0.05204583 0.02721683
v -0.03704680 0.05161087 0.04809003
v -0.03971339 0.05160758 0.04211959
v -0.03574987 0.05177949 0.06643683
v -0.03171427 0.05192749 0.05630555
v -0.04344588 0.05134474 0.04207016
v -0.04151983 0.05123289 0.06355916
v -0.04268236 0.05106731 0.05039278
v -0.04712702 0.05062593 0.04802264
v -0.05009044 0.05063287 0.04315581
v -0.04073323 0.05147145 0.07161977
v -0.03853519 0.05148744 0.08002171
v -0.04130747 0.05140105 0.07755005
v -0.03162636 0.05190982 0.06975736
v -0.04462262 0.05138992 0.08136994
v -0.03999171 0.05143991 0.08445170
v -0.03179023 0.05169191 0.07514905
v -0.03352444 0.05135093 0.08112460
v -0.04538491 0.05111982 0.07708194
v -0.03229417 0.05214245 0.06401522
v -0.04527489 0.05156592 0.08392437
v -0.04268259 0.05161493 0.08800877
v -0.04989759 0.05108048 0.07864555
v -0.03570369 0.05106837 0.08712462
v -0.04682171 0.05051717 0.05444119
v -0.04642148 0.05066006 0.06341627
v -0.05294550 0.05023750 0.07414553
v -0.05134037 0.05036788 0.07395036
v -0.05111806 0.05017252 0.06901351
v -0.02973632 0.05205454 0.07205459
v -0.03371326 0.05195629 0.06365867
v -0.04726846 0.05109299 0.04112354
v -0.02770987 0.05132643 0.07730452
v -0.05443248 0.04928562 0.06005301
v -0.05668425 0.04924368 0.06788017
v -0.06256962 0.04799448 0.06153113
v -0.06250717 0.04795809 0.05536598
v -0.05395705 0.04933549 0.05334740
v -0.05592242 0.04979175 0.07324241
v -0.06019006 0.04845770 0.04762497
v -0.04997088 0.05033306 0.04652449
v -0.05466466 0.04941402 0.04869591
v -0.06324111 0.04814983 0.07124199
v -0.05907611 0.04915691 0.07340917
v -0.06374601 0.04836840 0.07507593
v -0.06370177 0.04779464 0.04587223
v -0.05561807 0.04967452 0.04311504
v -0.04975165 0.05107921 0.03946830
v -0.05195021 0.05110718 0.03713714
v -0.06127522 0.04857882 0.04150865
v -0.06599384 0.04706767 0.06154184
v -0.02675961 0.05179772 0.07422940
v -0.05561839 0.05014480 0.03894617
v -0.05513063 0.05080582 0.03297599
v -0.05391291 0.05099426 0.03367790
v -0.05431101 0.05103301 0.02908683
v -0.05647524 0.05055692 0.02600371
v -0.05895716 0.04946343 0.03630969
v -0.01777161 0.05164377 0.04206489
v -0.03247293 0.05097129 0.08429706
v -0.05370202 0.05126136 0.02709076
v -0.04121548 0.05140776 0.08890440
v -0.02579929 0.05208221 0.02408912
v -0.03000122 0.05241668 0.02484511
v -0.02298014 0.05206067 0.01957093
v -0.06370852 0.04806770 0.03468583
v -0.02328820 0.05179006 0.07370545
v -0.05151666 0.05204278 0.02423913
v -0.05578925 0.05106924 0.02269830
v -0.06629036 0.04704383 0.04364598
v -0.02034415 0.05143248 0.02146526
v -0.04701163 0.05188113 0.08515310
v -0.03121406 0.05239594 0.06709698
v -0.02633072 0.05246756 0.02136261
v -0.06616039 0.04746004 0.02527691
v -0.05196837 0.05206731 0.02319207
v -0.04836416 0.05297644 0.02207469
v -0.02657742 0.05056702 0.08203269
v -0.02082414 0.05067014 0.07793939
v -0.02046799 0.05129208 0.07490860
v -0.05327049 0.05049439 0.07527140
v -0.06072778 0.04941381 0.02217764
v -0.06632555 0.04782054 0.01999950
v -0.04828585 0.05258998 0.08910631
v -0.06639949 0.04723421 0.02841028
v -0.02699701 0.04978044 0.08732093
v -0.02234409 0.04940425 0.08569912
v -0.04001486 0.05075691 0.09183359
v -0.01605398 0.05054628 0.07585315
v -0.03010548 0.04927059 0.09290138
v -0.02681060 0.04880635 0.09260304
v -0.05176133 0.05274946 0.08526842
v -0.05338107 0.05170550 0.07890585
v -0.01968564 0.05147043 0.01670259
v -0.04114932 0.05026778 0.09484560
v -0.04989489 0.05354574 0.01906463
v -0.04567212 0.05341633 0.02139150
v -0.05257464 0.05297854 0.01880725
v -0.05092388 0.05240639 0.09263239
v -0.05156689 0.05180142 0.09569554
v -0.01461972 0.04919361 0.08133549
v -0.02710090 0.05225874 0.07262983
v -0.06227657 0.04941893 0.01829247
v -0.06636635 0.04821702 0.01696156
v -0.03162120 0.05341416 0.02111901
v -0.03220198 0.05304758 0.02263460
v -0.03544558 0.05347078 0.02133052
v -0.06552769 0.04730327 0.07218913
v -0.05238982 0.05511757 0.01072816
v -0.05587381 0.05224269 0.01778582
v -0.01925099 0.05116285 0.01925285
v -0.01738927 0.05080849 0.03636499
v -0.01646414 0.05119855 0.04112103
v -0.01868477 0.04843170 0.08732547
v -0.02433408 0.05280627 0.01694632
v -0.05968873 0.05461615 0.08635122
v -0.05465634 0.05379562 0.08966917
v -0.05909777 0.05447893 0.08895833
v -0.06247140 0.05466876 0.08496318
v -0.06252706 0.05423676 0.08882791
v -0.05888311 0.05386267 0.09247477
v -0.05965390 0.05398909 0.08204403
v -0.06206391 0.05422074 0.08195608
v -0.05738391 0.05394765 0.08455818
v -0.05609970 0.05284653 0.09523335
v -0.00173660 0.04793913 0.07578979
v -0.02861816 0.05345309 0.01895200
v -0.05843732 0.05301473 0.09507186
v -0.05954031 0.05318950 0.07951799
v -0.05370581 0.05319577 0.09107445
v -0.05601439 0.05111607 0.07626247
v -0.05955459 0.04969682 0.07486289
v -0.05883808 0.05087390 0.07634008
v -0.06531756 0.05355905 0.08572120
v -0.01019891 0.04790419 0.08279397
v -0.00085491 0.04695173 0.07878945
v 0.00423374 0.04658417 0.07576091
v 0.00359649 0.04546325 0.08038249
v -0.01242292 0.04695799 0.08759987
v -0.00613748 0.04646973 0.08436748
v 0.00651150 0.04689665 0.07131725
v -0.01825979 0.04711053 0.09193953
v 0.01061995 0.04561603 0.07165732
v 0.00979568 0.04706385 0.06364538
v 0.01371476 0.04601852 0.06208847
v 0.01076445 0.04761864 0.05139289
v 0.00737320 0.04851879 0.04892688
v 0.00721140 0.04871754 0.04600620
v 0.00617777 0.04863651 0.05003076
v 0.00154363 0.05025609 0.04416996
v 0.00161870 0.04996033 0.04681201
v 0.00700768 0.04535713 0.07763052
v -0.00238767 0.05154997 0.04548599
v -0.00211085 0.05149002 0.04301671
v -0.00716921 0.05316351 0.04321445
v -0.00660742 0.05281574 0.04516240
v -0.00958206 0.05365183 0.04567474
v -0.01079969 0.05400722 0.04444553
v -0.01286698 0.05407686 0.04623438
v -0.01560771 0.05467850 0.04511712
v -0.01193058 0.05401771 0.04315388
v -0.01749927 0.05459938 0.04826454
v -0.02183459 0.05497635 0.04979102
v -0.02123602 0.05489191 0.05086152
v -0.02315298 0.05516448 0.05226642
v -0.02487662 0.05516129 0.05355232
v -0.01600449 0.05440936 0.04416140
v -0.01029301 0.05535746 0.05056590
v -0.00723691 0.05497675 0.05016780
v -0.01234423 0.05556423 0.05116763
v -0.01853396 0.05511236 0.05038304
v -0.01434975 0.05564304 0.05202254
v -0.01703050 0.05573130 0.05362601
v -0.01855377 0.05585946 0.05458844
v -0.02476572 0.05572444 0.05511629
v -0.02197026 0.05634262 0.05838008
v -0.02473167 0.05627768 0.06065075
v -0.02580305 0.05595847 0.05564520
v -0.02658683 0.05609019 0.05739330
v -0.02319936 0.05662134 0.06089401
v -0.02223026 0.05692285 0.06118891
v -0.01968431 0.05169997 0.01575186
v -0.02612157 0.05253881 0.07185775
v -0.02907944 0.05331979 0.06912725
v -0.02810878 0.05335602 0.06886977
v -0.02883857 0.05372552 0.06672208
v -0.03032905 0.05378589 0.06449488
v -0.02898467 0.05421111 0.06366209
v -0.02973025 0.05442561 0.05933427
v -0.02840686 0.05465546 0.05959707
v -0.02780674 0.05465674 0.05752208
v -0.02702058 0.05481172 0.05586162
v -0.02859083 0.05433725 0.05551315
v -0.02632679 0.05440870 0.05318811
v -0.03938314 0.04837128 0.09939042
v -0.04752696 0.05019754 0.09773597
v -0.02552875 0.04742544 0.09580044
v 0.01285683 0.04473866 0.07197619
v 0.01420064 0.04477407 0.06861633
v -0.00124580 0.04441726 0.08700266
v 0.01284157 0.04674179 0.05243026
v -0.03208733 0.05450402 0.01821266
v -0.03570507 0.05433915 0.01971101
v -0.04723303 0.05452295 0.01755490
v -0.04363629 0.05504429 0.01777688
v -0.04550825 0.05663160 0.01160790
v -0.04278868 0.05616402 0.01467725
v -0.03707295 0.05707484 0.01455588
v -0.04900209 0.05598059 0.01097337
v -0.05023707 0.05573478 0.00976354
v -0.04284848 0.05749351 0.01008058
v -0.03993291 0.05788029 0.01134660
v -0.03550627 0.05885034 0.01053322
v -0.05906673 0.05295071 0.00907159
v -0.03548512 0.05838212 0.01192837
v -0.03294476 0.05857058 0.01118567
v -0.06055245 0.05244344 0.00965899
v -0.06238553 0.05331416 0.09175455
v 0.01034402 0.04388515 0.07892393
v -0.04274869 0.05441199 0.01952259
v -0.01035678 0.04439561 0.09331538
v 0.00631743 0.04351778 0.08390522
v -0.02315753 0.04649300 0.09679094
v 0.01168519 0.04711311 0.04951146
v 0.01393355 0.04612859 0.05630229
v -0.03709274 0.04759121 0.10027945
v -0.04934985 0.04926403 0.10046483
v -0.00272590 0.04302307 0.09168276
v -0.01649893 0.04994941 0.01897150
v -0.01652660 0.05008160 0.01531629
v -0.01621900 0.04539833 0.09495410
v -0.05589856 0.05151858 0.09809931
v 0.00894443 0.04800947 0.04646502
v 0.00248795 0.04970543 0.04324064
v 0.01233892 0.04337959 0.07782017
v -0.05973976 0.05024750 0.01950120
v -0.05809107 0.05264967 0.01314293
v -0.00554305 0.05421340 0.04882365
v -0.00249313 0.05392988 0.05102434
v -0.00178477 0.05328965 0.04865705
v -0.06503329 0.05356072 0.08363962
v -0.02929023 0.05531566 0.01520279
v -0.06676715 0.04753532 0.01721039
v -0.04011012 0.05374308 0.02104361
v -0.06411953 0.05091930 0.00841775
v -0.06430096 0.05095030 0.00969105
v -0.06585196 0.05055432 0.00927412
v -0.06495525 0.05119077 0.00739722
v -0.06611769 0.05111616 0.00618693
v -0.06402920 0.04993780 0.01348754
v -0.02514661 0.05672739 0.06173528
v -0.02596498 0.05694817 0.06426150
v -0.02457453 0.05647170 0.06288373
v -0.02264890 0.05662030 0.06449327
v -0.01931546 0.05621502 0.06819634
v -0.01746437 0.05669708 0.06132508
v -0.02057234 0.05702175 0.05828528
v -0.01272809 0.05635518 0.05934794
v -0.01471883 0.05661262 0.05304572
v -0.01273999 0.05642605 0.05220315
v -0.01422430 0.05625858 0.06325375
v -0.02479019 0.05653581 0.06403315
v -0.01684927 0.05597332 0.06836127
v -0.01501438 0.05561252 0.07004787
v -0.00911074 0.05582824 0.06082599
v -0.00871546 0.05591921 0.05282692
v -0.01069630 0.05628774 0.05153041
v -0.00644905 0.05566936 0.05098816
v -0.00807633 0.05495914 0.06735036
v -0.01140962 0.05501851 0.07063710
v -0.02257493 0.05606853 0.06772242
v -0.01879325 0.05632690 0.06885687
v -0.02406911 0.05582569 0.06798304
v -0.02511136 0.05617700 0.06551372
v -0.00494995 0.05517629 0.05258485
v -0.00608296 0.05518723 0.06129327
v -0.00540390 0.05545376 0.05147191
v -0.00361898 0.05416763 0.06558984
v -0.00115483 0.05378890 0.06138219
v -0.06419374 0.05346931 0.08196403
v -0.03073259 0.05229642 0.05622938
v -0.03132212 0.05243254 0.05822278
v -0.03405563 0.04659304 0.10093373
v -0.03239466 0.05644162 0.01452508
v -0.04275386 0.04750496 0.10205213
v -0.04960694 0.04823241 0.10245997
v -0.05501574 0.04962201 0.10144232
v -0.00041324 0.04226416 0.09174236
v -0.06429276 0.05329193 0.08937044
v -0.05956788 0.05307697 0.00844133
v -0.06258197 0.05438009 0.00034121
v -0.05780779 0.05465726 0.00579394
v -0.05646305 0.05768241 -0.00280764
v -0.05246034 0.05690826 0.00452465
v -0.05220818 0.05931877 -0.00334594
v -0.04629047 0.05828285 0.00638846
v -0.04973099 0.05628611 0.00923065
v -0.04510010 0.05758156 0.00933974
v -0.04054901 0.05983111 0.00629293
v -0.04113058 0.06222832 -0.00146959
v -0.03392751 0.06120868 0.00623855
v -0.03877554 0.05896860 0.00966787
v -0.04600008 0.06137779 -0.00332636
v -0.03253824 0.05998048 0.00967649
v -0.03196152 0.06063294 0.00846273
v -0.03163006 0.06158224 0.00636794
v -0.02960857 0.06103926 0.00877312
v -0.03006139 0.05900788 0.01156453
v -0.02863185 0.06222221 0.00674560
v -0.06588514 0.05394932 -0.00298679
v -0.03587393 0.04640682 0.10175064
v 0.01031482 0.04215665 0.08331442
v -0.00977847 0.04282373 0.09610329
v 0.00739480 0.04196028 0.08643006
v 0.01510901 0.04471401 0.06575066
v -0.00260818 0.05194324 0.04636728
v -0.02273386 0.05447564 0.04926078
v -0.02167039 0.04519061 0.09833322
v 0.01514578 0.04365698 0.07122131
v -0.02904933 0.05718263 0.01247574
v -0.00510094 0.05209852 0.04218330
v -0.02772388 0.04521603 0.10076655
v 0.00392573 0.04156752 0.08984014
v -0.02374841 0.05355688 0.01528134
v -0.02270186 0.05236442 0.04664504
v -0.02910497 0.05242741 0.05354955
v -0.02046498 0.05518518 0.07053282
v -0.02371514 0.05553902 0.06982785
v -0.00409631 0.05321359 0.04750301
v -0.06256381 0.04917591 0.07611993
v -0.06450827 0.04868276 0.07701597
v -0.05891104 0.05203814 0.09646863
v 0.00698119 0.04835059 0.04472570
v -0.05743907 0.05043177 0.09926139
v -0.02549252 0.05648857 0.06624030
v -0.02669699 0.05664675 0.06507387
v -0.02555191 0.05633068 0.06742398
v -0.02487263 0.05623692 0.06828897
v -0.02690779 0.05619666 0.06206097
v -0.01994778 0.05375430 0.07253654
v -0.06223659 0.05318930 0.08017644
v -0.01990955 0.06111601 0.00524982
v -0.02524019 0.05912212 0.01007637
v -0.01237561 0.05792470 0.00773177
v -0.01042313 0.05975663 0.00411901
v -0.00695585 0.05644256 0.00815651
v 0.00241775 0.05582584 0.00631687
v 0.00054536 0.05741975 0.00445744
v 0.01012115 0.05579450 0.00367828
v 0.01060226 0.05414529 0.00616918
v 0.01266228 0.04193801 0.08068156
v -0.01108456 0.05561060 0.01053549
v -0.01453324 0.05546857 0.01168768
v -0.02009262 0.04368603 0.09978524
v -0.00410878 0.04108311 0.09558702
v -0.02654550 0.05529312 0.01417656
v -0.06636744 0.04680415 0.06359846
v -0.06606136 0.04689638 0.07562435
v -0.00907719 0.05283620 0.04202337
v -0.00102313 0.05375154 0.01007394
v 0.00438200 0.05281761 0.00969585
v 0.01037241 0.05227337 0.00869281
v 0.01544369 0.04478035 0.06239283
v -0.01477194 0.04267823 0.09868232
v 0.00157045 0.04063951 0.09289140
v 0.01443394 0.04242598 0.07637189
v -0.00499318 0.05370331 0.01108202
v -0.02324036 0.05641384 0.06874861
v -0.02387562 0.05635820 0.06919311
v 0.00594229 0.04048525 0.08993220
v -0.02492999 0.05767529 0.01181386
v -0.02920599 0.05833981 0.01199224
v 0.01115489 0.05525825 0.00353918
v 0.01111789 0.05691171 -0.00166972
v 0.01045706 0.05751573 -0.00263586
v 0.01045929 0.05892446 -0.00840038
v 0.01114095 0.05931681 -0.01155863
v -0.00196562 0.05092196 0.04207303
v -0.02565618 0.05527554 0.06923316
v 0.01121920 0.05304411 0.00731135
v -0.02469643 0.05652251 0.01227513
v -0.01360213 0.05337486 0.04231728
v -0.01934125 0.05236901 0.01478071
v -0.01783737 0.05515188 0.01195102
v -0.03133642 0.05883750 0.01102633
v -0.01973128 0.05413323 0.01340317
v -0.06021981 0.05141032 0.07753671
v -0.02310055 0.05334603 0.07230858
v -0.01102732 0.05451043 0.01169609
v -0.00932830 0.05417521 0.01156923
v -0.01523447 0.05157666 0.07508085
v 0.01629378 0.04368342 0.06541348
v 0.01105874 0.04057189 0.08484900
v -0.04615676 0.05430456 0.02292049
v -0.04950218 0.05352242 0.02393883
v -0.04891200 0.05394906 0.02517662
v -0.04603265 0.05452301 0.02591291
v -0.04289340 0.05481244 0.02371573
v -0.04094851 0.05504670 0.02633103
v -0.04251988 0.05471456 0.03176292
v -0.03943876 0.05499584 0.02969634
v -0.03536284 0.05491037 0.02615673
v -0.03497723 0.05485934 0.03044845
v -0.03901324 0.05478533 0.03313805
v -0.03570736 0.05450228 0.03516849
v -0.03922345 0.05429899 0.03684912
v -0.04262807 0.05417646 0.03662136
v -0.03955278 0.05491844 0.02354140
v -0.03286808 0.05434534 0.03280726
v -0.03272066 0.05454726 0.02997142
v -0.04616680 0.05424178 0.03219046
v -0.03283371 0.05452096 0.02661641
v -0.04272172 0.05352178 0.03957852
v -0.04719915 0.05342949 0.03730559
v -0.03919263 0.05370682 0.03929491
v -0.04949406 0.05371459 0.02977110
v -0.03553348 0.05446847 0.02258623
v -0.03303889 0.05424373 0.02417786
v -0.03600702 0.05330586 0.03970084
v -0.03313275 0.05382339 0.03592951
v -0.03362354 0.05320428 0.03847776
v -0.05014288 0.05321352 0.03415361
v -0.04598855 0.05297949 0.03975096
v -0.05237752 0.05299923 0.02820674
v -0.03072184 0.05318131 0.03536475
v -0.04275781 0.05439743 0.02199578
v -0.02938393 0.05339854 0.02884632
v -0.02928284 0.05317117 0.03175636
v -0.05347607 0.05228931 0.03244284
v -0.03904083 0.05442701 0.02181576
v -0.05211159 0.05224377 0.03578822
v -0.05009959 0.05234367 0.03805680
v -0.03987608 0.05297568 0.04107250
v -0.04307913 0.05277995 0.04119273
v -0.02975897 0.05333945 0.02634159
v -0.05368997 0.05233176 0.02965137
v -0.04697080 0.05237794 0.04037836
v -0.04506635 0.05145566 0.04154479
v -0.05256615 0.05250376 0.02658561
v -0.01604639 0.05348810 0.04296073
v -0.02774869 0.05507422 0.06566960
v -0.02004123 0.05350202 0.04582400
v 0.01521102 0.04488032 0.05749475
v 0.01337382 0.04614748 0.05209114
v -0.00113544 0.05301739 0.01074803
v 0.01565249 0.04182354 0.07465238
v -0.01158803 0.05345335 0.01165991
v -0.01567346 0.05215261 0.01346838
v 0.00390073 0.04878731 0.04311700
v 0.01094738 0.05169196 0.00877207
v -0.01135499 0.05246047 0.01219782
v 0.00464410 0.05224633 0.00986643
v -0.01286759 0.05002984 0.01345270
v -0.00995235 0.04983378 0.01283251
v 0.00153632 0.05181245 0.01027030
v -0.00260669 0.05125085 0.01127141
v -0.00203929 0.04801503 0.01219216
v 0.00329701 0.05146609 0.01020048
v 0.00564323 0.04471988 0.01217992
v 0.00958857 0.04577426 0.01118185
v 0.01075840 0.04615159 0.01070288
v 0.00026622 0.04304665 0.01335040
v -0.00933111 0.04647108 0.01361170
v 0.05731787 -0.03940197 0.01488633
v 0.05860181 -0.04014489 0.01586656
v 0.05753873 -0.04000914 0.01630683
v 0.05847671 -0.04013480 0.01384396
v 0.05918382 -0.04091609 0.01495229
v 0.05910531 -0.04120169 0.01611050
v 0.05798544 -0.04108766 0.01674279
v 0.05639251 -0.04024808 0.01613785
v 0.05610834 -0.03990480 0.01483536
v 0.07402593 -0.05397445 0.00207295
v 0.07428598 -0.05318865 0.00221172
v 0.07428832 -0.05170575 0.00562473
v 0.07427354 -0.05516802 -0.00023351
v -0.05970282 -0.05808922 0.10034723
v -0.05770877 -0.05777336 0.10173989
v -0.06175957 -0.05787182 0.09783032
v -0.05783784 -0.05810154 0.10187491
v -0.05565469 -0.05800292 0.10303280
v -0.05370088 -0.05777493 0.10343991
v -0.06737425 -0.03617201 0.07629498
v -0.06712656 -0.03749196 0.07730215
v -0.06693076 -0.03623184 0.07804032
v -0.06703230 -0.03778192 0.07358276
v -0.06702541 -0.03453319 0.08007387
v -0.06764778 -0.03715279 0.07298944
v -0.06757497 -0.03796153 0.07139403
v -0.06672251 -0.03804401 0.07268761
v -0.06682095 -0.03879544 0.06996760
v -0.06722293 -0.03878264 0.07412963
v -0.06726795 -0.04014190 0.07023387
v -0.06726854 -0.03970141 0.06846368
v -0.05793508 -0.06240549 -0.09548624
v -0.05924381 -0.06291624 -0.09295589
v -0.05846091 -0.06186771 -0.09478616
v -0.05963074 -0.06184604 -0.09320254
v -0.05738333 -0.06342080 -0.09441102
v -0.06163994 -0.06299992 -0.09071662
v -0.06214779 -0.06228443 -0.09200620
v -0.06416444 -0.06175003 -0.09094069
v -0.06328257 -0.06093868 -0.09316402
v -0.06521412 -0.05852078 -0.09280364
v 0.05597138 -0.04073522 0.01357358
v 0.05713252 -0.03996704 0.01359252
v 0.05610834 -0.03990480 0.01483536
v 0.05731787 -0.03940197 0.01488633
v 0.05847671 -0.04013480 0.01384396
v 0.05723369 -0.04130344 0.01305378
v -0.00494481 -0.03364464 -0.07042631
v -0.00423735 -0.03700617 -0.06877668
v -0.00489296 -0.03478784 -0.06938078
v 0.05798544 -0.04108766 0.01674279
v 0.05706160 -0.04110177 0.01670024
v 0.05753873 -0.04000914 0.01630683
v 0.05639251 -0.04024808 0.01613785
v 0.05740721 -0.04288646 0.01633794
v 0.05635258 -0.04207342 0.01604048
v 0.05565592 -0.04107947 0.01483484
v 0.05610834 -0.03990480 0.01483536
v 0.05644154 -0.04288899 0.01405955
v 0.05719613 -0.04311687 0.01511860
v 0.05597138 -0.04073522 0.01357358
v -0.01410398 0.03904669 -0.06644184
v -0.01365129 0.03951633 -0.06533516
v -0.01404743 0.03881411 -0.06575426
v -0.01531477 0.04109558 -0.06832803
v -0.01412182 0.04188162 -0.06563190
v -0.01377877 0.03681748 -0.06667278
v -0.01460372 0.03657263 -0.06888617
v -0.01422527 0.03040352 -0.07241263
v -0.01344716 0.03659166 -0.06546243
v -0.01602299 0.04431889 -0.06768055
v -0.01681016 0.04395511 -0.07183610
v -0.01791331 0.04747668 -0.07102828
v -0.01494270 0.04444132 -0.06578228
v -0.01693288 0.04647162 -0.06769997
v -0.01620510 0.04748054 -0.06521986
v -0.01303180 0.03783610 -0.06462577
v -0.01330661 0.03888158 -0.06450276
v -0.01721941 0.04512872 -0.07530631
v -0.01284998 0.03996780 -0.06425488
v -0.01871452 0.04864689 -0.06857740
v -0.01766235 0.04825649 -0.06587063
v -0.01815218 0.04779778 -0.07462528
v -0.01949423 0.04995685 -0.07318772
v -0.01984341 0.04976011 -0.06731546
v -0.02088158 0.05086726 -0.06547307
v -0.01271124 0.03601073 -0.06513486
v -0.01092145 0.03709117 -0.06209741
v -0.01319051 0.03576155 -0.06621185
v -0.03497745 -0.05524515 -0.10381369
v -0.03474012 -0.05555195 -0.10208680
v -0.03552011 -0.05565476 -0.10262261
v -0.03473924 -0.05459641 -0.10334919
v -0.03474487 -0.05335471 -0.10364636
v -0.06686207 0.01757997 0.05834683
v -0.06668557 0.01809768 0.06434023
v -0.06686953 0.01820945 0.06480426
v -0.00551151 -0.05082911 0.01173724
v -0.00444229 -0.05040525 0.01171014
v -0.00518593 -0.04972229 0.01204290
v -0.06764535 0.00404615 0.05020649
v -0.06749937 0.00583353 0.05647245
v -0.06758168 0.00683284 0.05981051
v -0.00473595 0.01949710 -0.06293591
v -0.00491657 0.01660412 -0.06516282
v -0.00499407 0.01804364 -0.06376631
v -0.00386452 0.01600124 -0.06649911
v -0.00487732 0.01541394 -0.06619144
v -0.00342086 0.02014832 -0.06333566
v -0.00470375 0.02208459 -0.06039822
v -0.00498375 0.01385037 -0.06717415
v -0.00461000 0.01089386 -0.06946202
v -0.00444175 0.02331857 -0.05966516
v -0.00490721 0.01232652 -0.06824085
v -0.00399098 0.01025126 -0.07023649
v -0.00504919 0.00914447 -0.07017032
v -0.00505215 0.00744721 -0.07102614
v -0.00369793 0.00800343 -0.07152724
v -0.00416166 0.00375391 -0.07329318
v -0.00507715 0.00566751 -0.07191843
v -0.00495579 0.00410815 -0.07257999
v -0.00510129 0.00340800 -0.07294389
v -0.00438385 -0.00088779 -0.07446113
v -0.00505305 0.00050529 -0.07356482
v -0.00515712 -0.00328580 -0.07413475
v -0.00456008 -0.00398091 -0.07513894
v -0.00506104 -0.00384853 -0.07459928
v -0.00515290 -0.00790916 -0.07485269
v -0.00439984 -0.00998299 -0.07586679
v -0.00505057 -0.01538800 -0.07492578
v -0.00477121 -0.02008351 -0.07489029
v -0.00505093 0.01082993 -0.06930866
v 0.05736204 0.00231655 -0.06750540
v 0.05790679 -0.00068534 -0.06853915
v 0.05733987 0.00174482 -0.06800599
v 0.05918382 -0.04091609 0.01495229
v 0.05913355 -0.04181453 0.01504211
v 0.05910531 -0.04120169 0.01611050
v 0.05857814 -0.04211526 0.01383961
v 0.05863911 -0.04266051 0.01471729
v 0.05847671 -0.04013480 0.01384396
v 0.05759023 -0.05167520 0.00629954
v 0.05769357 -0.05461342 0.00124739
v 0.05779896 -0.05298730 0.00392636
v 0.05777805 -0.05218467 0.00530813
v 0.05854306 -0.05114403 0.00687592
v 0.05924843 -0.05286800 0.00422615
v 0.06305880 -0.05050236 0.00731952
v 0.06462327 -0.05216594 0.00485732
v 0.06532445 -0.05376463 0.00224306
v 0.07110689 -0.05260449 0.00403575
v 0.07008343 -0.05046415 0.00707581
v 0.07047598 -0.05440890 0.00095957
v 0.05977700 -0.05660627 -0.00281252
v 0.07084161 -0.05650529 -0.00324963
v 0.05775447 -0.05387014 0.00225615
v 0.05769173 -0.05538036 -0.00031105
v 0.05782668 -0.05650592 -0.00251106
v 0.07402593 -0.05397445 0.00207295
v 0.07428832 -0.05170575 0.00562473
v 0.07427354 -0.05516802 -0.00023351
v 0.07414885 -0.05727393 -0.00489484
v 0.05787873 -0.05793028 -0.00607942
v 0.06360140 -0.05768709 -0.00593419
v 0.07084754 -0.05768157 -0.00630741
v 0.07414669 -0.04930837 0.00867895
v 0.05834229 -0.04780372 0.01058561
v 0.06594611 -0.04727813 0.01069054
v 0.07186555 -0.04844035 0.00947576
v 0.05757072 -0.04927006 0.00898427
v 0.05737642 -0.05076825 0.00712656
v 0.05773290 -0.04792185 0.01064883
v 0.07426342 -0.04564776 0.01243795
v 0.07167474 -0.04554124 0.01232845
v 0.05879257 -0.04593310 0.01237660
v 0.05754311 -0.04651378 0.01201617
v 0.06713582 -0.04444624 0.01323075
v 0.06264394 -0.04206127 0.01540374
v 0.06824176 -0.04217220 0.01501659
v 0.05837506 -0.04416759 0.01412433
v 0.05729888 -0.04510450 0.01286806
v 0.05694807 -0.04409647 0.01401228
v 0.07423856 -0.04209237 0.01532844
v 0.05918977 -0.04306845 0.01492301
v 0.06001888 -0.04038287 0.01682670
v 0.07177074 -0.03997806 0.01664707
v 0.07425201 -0.03750739 0.01836406
v 0.06695135 -0.03965862 0.01675450
v 0.06436240 -0.03829563 0.01765763
v 0.07000913 -0.03756781 0.01799440
v 0.05910531 -0.04120169 0.01611050
v 0.05798544 -0.04108766 0.01674279
v 0.05749055 -0.04306880 0.01464813
v 0.05863911 -0.04266051 0.01471729
v 0.05719613 -0.04311687 0.01511860
v -0.00141511 0.03628071 -0.01987009
v -0.00186103 0.03580353 -0.01901596
v -0.00251436 0.03593129 -0.01739576
v -0.06694649 -0.04208399 0.06403514
v -0.06730419 -0.04107465 0.06531464
v -0.06781899 -0.04130081 0.06518382
v -0.06757407 -0.04050608 0.06533869
v -0.00488621 0.02080374 0.01669013
v -0.00484553 0.02352714 0.01450872
v -0.00495422 0.02230886 0.01521237
v -0.00362223 0.02256190 0.01689271
v -0.00483924 0.01970522 0.01779084
v -0.00356743 0.01966501 0.01937367
v -0.00380600 0.01756077 0.02054608
v -0.00362369 0.02467870 0.01487661
v -0.00492451 0.02433682 0.01363432
v -0.00502167 0.02558986 0.01260425
v -0.00446634 0.02719201 0.01192280
v -0.00519567 0.02689742 0.01124082
v -0.00482711 0.01854309 0.01854848
v -0.00485695 0.01713627 0.01946801
v -0.00467211 0.02809809 0.01043342
v -0.00480565 0.01500656 0.02057869
v -0.00373271 0.01374222 0.02268905
v -0.00458814 0.01316911 0.02180771
v -0.00466605 0.01077962 0.02297672
v -0.00348832 0.01238345 0.02354508
v -0.00346452 0.00743293 0.02585092
v -0.00470634 0.00827313 0.02418105
v -0.00465371 0.00577294 0.02537512
v -0.00336697 0.00394686 0.02706237
v -0.00439755 0.00305019 0.02647866
v -0.00427912 -0.00060570 0.02768561
v -0.00459960 0.00181539 0.02699018
v -0.06910510 -0.00910888 0.07428010
v -0.06921941 -0.01148435 0.07469332
v -0.06925510 -0.00532607 0.07358063
v 0.05719613 -0.04311687 0.01511860
v 0.05749055 -0.04306880 0.01464813
v 0.05644154 -0.04288899 0.01405955
v 0.05716838 -0.04254335 0.01364755
v 0.05863911 -0.04266051 0.01471729
v 0.05857814 -0.04211526 0.01383961
v 0.05723369 -0.04130344 0.01305378
v 0.05597138 -0.04073522 0.01357358
v 0.05847671 -0.04013480 0.01384396
v 0.05713252 -0.03996704 0.01359252
v -0.06768414 -0.01977473 0.07929777
v -0.06760010 -0.02174192 0.07861556
v -0.06735456 -0.02073753 0.07892310
v -0.06735814 -0.01812615 0.08045377
v -0.06707538 -0.05105483 0.08256699
v -0.06719676 -0.05076667 0.07667765
v -0.06740964 -0.05185239 0.07546068
v -0.06713018 -0.04200173 0.08233667
v -0.06726494 -0.04906319 0.07067651
v -0.06722293 -0.03878264 0.07412963
v -0.06733024 -0.04691053 0.06760134
v -0.06734057 -0.04278737 0.06537881
v -0.06726795 -0.04014190 0.07023387
v -0.06730419 -0.04107465 0.06531464
v -0.06726854 -0.03970141 0.06846368
v -0.06712656 -0.03749196 0.07730215
v -0.06713729 -0.03549497 0.08060336
v -0.06691296 -0.04559312 0.08622926
v -0.06690853 -0.04385363 0.08729395
v -0.06705754 -0.03135277 0.08446878
v -0.06742258 -0.04296174 0.06314846
v -0.06758507 -0.04681247 0.06136509
v -0.06751644 -0.04120496 0.05699976
v -0.06746535 -0.04050192 0.06342273
v -0.06752454 -0.03282742 0.06358381
v -0.06741734 -0.03866991 0.06575414
v -0.06752255 -0.03392881 0.07114694
v -0.06750712 -0.03611044 0.05485735
v -0.06753477 -0.03201574 0.05887024
v -0.06746919 -0.03799843 0.04669329
v -0.06750920 -0.03438824 0.05101032
v -0.06756658 -0.03109056 0.04784328
v -0.06748140 -0.03531509 0.04362749
v -0.06767340 -0.03031088 0.05410605
v -0.06766954 -0.02977665 0.04989853
v -0.06761791 -0.03043818 0.05611367
v -0.06769028 -0.02719580 0.05046966
v -0.06771760 -0.02824313 0.04773341
v -0.06763889 -0.02365238 0.04546407
v -0.06748949 -0.03797103 0.06833127
v -0.06749539 -0.03639687 0.07120142
v -0.06742259 -0.02917209 0.03784063
v -0.06699978 -0.02784901 0.08528672
v -0.06757833 -0.03717680 0.04309405
v -0.06752683 -0.03974209 0.04678925
v -0.06763776 -0.04257462 0.05246646
v -0.06768850 -0.04507908 0.05698365
v -0.06738583 -0.03291778 0.04052551
v -0.06763975 -0.03185963 0.07005904
v -0.06746635 -0.03051632 0.07322312
v -0.06764778 -0.03715279 0.07298944
v -0.06757497 -0.03796153 0.07139403
v -0.06737425 -0.03617201 0.07629498
v -0.06744397 -0.02751286 0.07605705
v -0.06740894 -0.02174643 0.07958258
v -0.06724263 -0.03013193 0.08283778
v -0.06732676 -0.03446767 0.07918387
v -0.06728002 -0.02285009 0.08217762
v -0.06737015 -0.01971802 0.08208609
v -0.06736257 -0.01378647 0.08349083
v -0.06730841 -0.00967036 0.08113169
v -0.06753289 -0.04756690 0.06371282
v -0.06710739 -0.02264974 0.08466805
v -0.06705693 -0.01623579 0.08581819
v -0.06680889 -0.01950294 0.08837360
v -0.06699414 -0.00493896 0.08656161
v -0.06659913 -0.03383020 0.08945336
v -0.06760496 -0.03197160 0.03750726
v -0.06747691 -0.02389585 0.03414919
v -0.06749623 -0.02824605 0.03512453
v -0.06732810 -0.02250658 0.07825718
v -0.06734349 -0.03027823 0.06957416
v -0.06740315 -0.03096608 0.06726921
v -0.06735822 -0.02914211 0.07208449
v -0.06717408 -0.02724684 0.07418503
v -0.06731984 -0.03149490 0.06587517
v -0.06732934 -0.03160300 0.06046622
v -0.06729123 -0.02421906 0.07720176
v -0.06787928 -0.02929446 0.05425011
v -0.06780749 -0.02833173 0.05251105
v -0.06694649 -0.04208399 0.06403514
v -0.06795369 -0.03078084 0.05830871
v -0.06731650 -0.03846431 0.06842822
v -0.06682553 -0.02176284 0.08358361
v -0.06686394 -0.03042187 0.08380790
v -0.06702541 -0.03453319 0.08007387
v -0.06704481 -0.03540880 0.03965091
v -0.05549502 0.02207938 -0.10368215
v -0.05291442 0.02019742 -0.10393244
v -0.05662926 0.02294042 -0.10375301
v -0.05039567 -0.05339940 -0.10413413
v -0.05501249 -0.05263411 -0.10409285
v -0.05258880 -0.05302844 -0.10401387
v -0.06680277 0.01390338 0.02762572
v -0.06677151 0.01413446 0.02983531
v -0.06693838 0.01426261 0.03066006
v 0.05779896 -0.05298730 0.00392636
v 0.05769357 -0.05461342 0.00124739
v 0.05775447 -0.05387014 0.00225615
v 0.05336051 0.03352279 -0.04912788
v 0.05449927 0.03106233 -0.05289433
v 0.04144998 0.03108051 -0.05292244
v 0.04142779 0.03327453 -0.04951912
v 0.05638895 0.02927370 -0.05539107
v 0.04138733 0.02880196 -0.05602508
v 0.05633897 0.03167353 -0.05192689
v 0.05450843 0.03506673 -0.04628868
v 0.04136936 0.03539449 -0.04567600
v 0.05636009 0.03565417 -0.04511483
v 0.05452908 0.03669603 -0.04299446
v 0.04137752 0.03689396 -0.04246674
v 0.05640536 0.03774803 -0.04039813
v 0.04563593 0.03785166 -0.04011691
v 0.04144395 0.03897480 -0.03691594
v 0.05472699 0.03880213 -0.03719777
v 0.05652647 0.03882472 -0.03767892
v 0.05406410 0.03995307 -0.03320039
v 0.04141139 0.04002234 -0.03298151
v 0.05590670 0.04024167 -0.03184534
v 0.05477407 0.04040515 -0.03074192
v 0.04566557 0.04077193 -0.02905203
v 0.04141704 0.04096694 -0.02793169
v 0.05503181 0.04105678 -0.02634318
v 0.05644047 0.04102582 -0.02662811
v 0.04627193 0.04123653 -0.02570033
v 0.04144504 0.04141851 -0.02374557
v 0.05683082 0.03990135 -0.03247120
v 0.04092481 0.03819142 -0.03857827
v 0.05570946 0.04145151 -0.02113969
v 0.04594736 0.04159077 -0.01959269
v 0.05637845 0.04148609 -0.01901530
v 0.04155427 0.04155435 -0.01893667
v 0.05303652 0.04147729 -0.01609104
v 0.04134674 0.04139468 -0.01586033
v 0.05632545 0.04101164 -0.01352503
v 0.05419010 0.04090622 -0.01142925
v 0.04781935 0.04106971 -0.01271004
v 0.04136522 0.04101026 -0.01291542
v 0.04256914 0.04056030 -0.01042518
v 0.05367332 0.03986234 -0.00654535
v 0.04154671 0.03999762 -0.00826890
v 0.05634453 0.03933791 -0.00573945
v 0.04152571 0.03930816 -0.00567498
v 0.05498675 0.03872130 -0.00323944
v 0.04158572 0.03847764 -0.00323135
v 0.04153611 0.03729553 -0.00041250
v 0.05536425 0.03761155 -0.00054233
v 0.04152254 0.03665674 0.00100134
v 0.05534992 0.03561914 0.00331822
v 0.04157913 0.03480901 0.00432057
v 0.05512610 0.03383600 0.00621243
v 0.04159633 0.03332230 0.00670940
v 0.05630517 0.03389774 0.00551678
v 0.05553512 -0.06478115 -0.01647651
v 0.05444232 -0.06425998 -0.01296514
v 0.04699826 -0.06377366 -0.01048349
v 0.04170494 -0.06451116 -0.01603837
v 0.04156037 -0.06365476 -0.01083154
v 0.05422289 -0.06360730 -0.00986298
v 0.04722426 -0.06278372 -0.00637712
v 0.05211121 -0.06276850 -0.00635021
v 0.04200623 -0.06256085 -0.00626404
v 0.05423079 -0.06198576 -0.00394049
v 0.05670318 -0.06469583 -0.01665120
v 0.04789001 -0.06146011 -0.00252704
v 0.04211074 -0.06047573 -0.00042142
v 0.04993540 -0.06054034 -0.00001314
v 0.05387568 -0.06021025 0.00066335
v 0.05617663 -0.06333517 -0.00994393
v 0.04159495 -0.06472514 -0.01954547
v 0.05476128 -0.06499041 -0.01945908
v 0.05649032 -0.06172502 -0.00459982
v 0.04208062 -0.05837973 0.00393391
v 0.05626024 -0.05944880 0.00152050
v 0.05040353 -0.05706878 0.00693594
v 0.04205623 -0.05675313 0.00712468
v 0.05450131 -0.05843839 0.00410187
v 0.05446655 -0.05610277 0.00820054
v 0.04114590 -0.06207167 -0.00554833
v 0.04921734 -0.05543640 0.00951942
v 0.04221205 -0.05493340 0.00995799
v 0.05400244 -0.05418223 0.01097787
v 0.05611350 -0.05540574 0.00871463
v 0.05582451 -0.05117007 0.01421199
v 0.06430613 0.00365671 0.00924382
v 0.05634216 -0.00219521 0.01187452
v 0.05513483 0.00170476 0.01025622
v 0.06423246 0.00004828 0.01072930
v 0.05306629 -0.00179465 0.01167898
v 0.05744056 0.00677364 0.00762570
v 0.06424398 0.00748272 0.00711930
v 0.05309321 0.00429834 0.00866974
v 0.05399906 0.00857365 0.00646507
v 0.05297476 0.00088952 0.01041574
v 0.06522288 0.01095622 0.00466199
v 0.06073664 0.01055770 0.00484095
v 0.06443223 -0.00429280 0.01205499
v 0.05305849 -0.00458093 0.01239828
v 0.05870117 -0.00642524 0.01282388
v 0.05293203 -0.00937190 0.01336586
v 0.05384563 -0.01055935 0.01358186
v 0.06433394 -0.00777674 0.01265454
v 0.05821447 -0.01085711 0.01344411
v 0.06391461 -0.01151595 0.01285942
v 0.05405402 0.01221918 0.00313604
v 0.06114307 0.01241341 0.00307518
v 0.06592636 0.01370482 0.00222151
v 0.06600465 0.00892422 0.00672612
v 0.05397001 0.01348037 0.00173107
v 0.06084613 0.01442284 0.00084073
v 0.06581431 0.01599624 -0.00041647
v 0.05383375 0.01447450 0.00042079
v 0.06001378 0.01691192 -0.00250314
v 0.06580860 0.01766493 -0.00263094
v 0.05307076 -0.01313928 0.01348084
v 0.06382058 -0.01495443 0.01271029
v 0.05681425 -0.02317391 -0.05445742
v 0.06296864 -0.02604043 -0.05315283
v 0.06319180 -0.02261645 -0.05466236
v 0.05594320 -0.02688110 -0.05281131
v 0.05287395 -0.02293420 -0.05442034
v 0.05229619 -0.02587552 -0.05306264
v 0.05241149 -0.02894813 -0.05155768
v 0.05551972 -0.02089095 -0.05523038
v 0.06292845 -0.02054012 -0.05532739
v 0.05623256 -0.03027356 -0.05088451
v 0.06308549 -0.03215359 -0.04942829
v 0.05213354 -0.02062152 -0.05507891
v 0.05599326 -0.01774334 -0.05605408
v 0.06279663 -0.01737115 -0.05608629
v 0.05210238 -0.01570173 -0.05625652
v 0.05289819 -0.01342567 -0.05663714
v 0.05231806 -0.03140082 -0.04977873
v 0.05227685 -0.03507509 -0.04731142
v 0.05523093 -0.03571759 -0.04694336
v 0.06317565 -0.03527418 -0.04697471
v 0.05315756 -0.03849025 -0.04424950
v 0.05221137 -0.03891727 -0.04391032
v 0.06316734 -0.03679227 -0.04557479
v 0.05578612 -0.03883798 -0.04383054
v 0.05338691 -0.03898838 -0.04421046
v 0.05216598 -0.04032323 -0.04321507
v 0.05633524 -0.03935122 -0.04325531
v 0.05845076 -0.03959761 -0.04274683
v 0.05502180 -0.04024076 -0.04263441
v 0.05296091 -0.04080235 -0.04244438
v 0.06329869 -0.04019569 -0.04154719
v 0.05989279 -0.04174724 -0.03971446
v 0.05277708 -0.04076632 -0.04176315
v 0.06332933 -0.04294177 -0.03724825
v 0.05725471 -0.04254453 -0.03905413
v 0.05345629 -0.04167836 -0.04006516
v 0.05227902 -0.04321377 -0.03734049
v 0.05189766 -0.04178268 -0.03952387
v 0.05977213 -0.04380481 -0.03614351
v 0.06342638 -0.04427872 -0.03499994
v 0.05620654 -0.04424412 -0.03544882
v 0.06343921 -0.04619745 -0.03115398
v 0.05197745 -0.04048962 -0.04194133
v 0.05642625 -0.04591722 -0.03161943
v 0.05211648 -0.04578409 -0.03144713
v 0.05847422 -0.01328535 -0.05647759
v 0.06280577 -0.01572910 -0.05633323
v 0.06271760 -0.01197042 -0.05655241
v 0.05884099 -0.00822681 -0.05657301
v 0.05430775 -0.00932425 -0.05671583
v 0.05219075 -0.01059885 -0.05665167
v 0.06288658 -0.00777787 -0.05652361
v 0.05671027 -0.04672300 -0.02922587
v 0.06369675 -0.04741667 -0.02777767
v 0.05707542 -0.04759073 -0.02621034
v 0.06347165 -0.04824875 -0.02467279
v 0.05243652 -0.04740860 -0.02568451
v 0.05822435 -0.04826421 -0.02323215
v 0.06343225 -0.04863281 -0.02175132
v -0.00933111 0.04647108 0.01361170
v -0.01160210 0.04350036 0.01441438
v -0.00552008 0.04320533 0.01390696
v 0.00026622 0.04304665 0.01335040
v -0.01248235 0.04663083 0.01425506
v -0.00144036 0.03899655 0.01349471
v -0.01041146 0.04207194 0.01427685
v -0.01174493 0.03943506 0.01426439
v -0.00961957 0.03952776 0.01402783
v 0.00254009 0.03986000 0.01276060
v 0.00564323 0.04471988 0.01217992
v 0.00958857 0.04577426 0.01118185
v -0.00542148 0.03808897 0.01354375
v -0.00816766 0.03794987 0.01353169
v -0.02492999 0.05767529 0.01181386
v -0.01783737 0.05515188 0.01195102
v -0.01453324 0.05546857 0.01168768
v -0.01158803 0.05345335 0.01165991
v -0.01102732 0.05451043 0.01169609
v -0.00932830 0.05417521 0.01156923
v -0.00686310 0.05282725 0.01100506
v -0.00499318 0.05370331 0.01108202
v -0.00113544 0.05301739 0.01074803
v -0.00345310 0.05231098 0.01078494
v 0.00153632 0.05181245 0.01027030
v 0.00438200 0.05281761 0.00969585
v -0.00260669 0.05125085 0.01127141
v -0.01135499 0.05246047 0.01219782
v -0.01319085 0.04093561 0.01494326
v -0.01160210 0.04350036 0.01441438
v -0.01356853 0.04588026 0.01480458
v 0.06582484 -0.01160305 -0.05914681
v 0.06768900 -0.01309635 -0.05924122
v 0.06771326 -0.00929826 -0.05922307
v 0.06600645 -0.01400261 -0.05901501
v 0.06747062 -0.01692991 -0.05840333
v 0.06586401 -0.01743190 -0.05831059
v 0.06740452 -0.02087104 -0.05745277
v 0.00464410 0.05224633 0.00986643
v 0.00329701 0.05146609 0.01020048
v 0.01037241 0.05227337 0.00869281
v -0.03133642 0.05883750 0.01102633
v -0.02904933 0.05718263 0.01247574
v -0.03006139 0.05900788 0.01156453
v 0.04126743 -0.05983198 0.00043558
v 0.04211074 -0.06047573 -0.00042142
v 0.04115999 -0.05835107 0.00339540
v -0.05069969 0.05100147 -0.07326632
v -0.04703418 0.05106246 -0.07320336
v -0.05290376 0.05032201 -0.07335233
v -0.00459960 0.00181539 0.02699018
v -0.00427912 -0.00060570 0.02768561
v -0.00439755 0.00305019 0.02647866
v -0.00341012 -0.00852939 0.02934126
v -0.00363607 -0.00954110 0.02987428
v -0.00298937 -0.00770464 0.02977953
v -0.00478780 0.01203441 0.02255971
v -0.00458814 0.01316911 0.02180771
v -0.00480565 0.01500656 0.02057869
v -0.00466605 0.01077962 0.02297672
v -0.00653022 -0.00235074 0.03044583
v -0.00456253 -0.00484184 0.03008759
v -0.00450636 -0.00118608 0.02960569
v -0.00653275 -0.00642578 0.03121533
v -0.00472854 -0.01385936 0.03102723
v -0.00580743 -0.01200314 0.03144010
v -0.00595740 -0.01758665 0.03148138
v -0.00458712 -0.01819146 0.03082279
v -0.00654071 -0.01149405 0.03191965
v -0.00684658 -0.02018220 0.03178283
v -0.00675442 -0.02305849 0.03094508
v -0.00444251 -0.02252094 0.03013199
v -0.00450069 0.00173771 0.02880256
v -0.00664784 0.00107128 0.02966478
v -0.00660417 -0.02423299 0.03050209
v -0.00449860 -0.02781266 0.02892010
v -0.00677729 -0.02916794 0.02920140
v -0.00447427 -0.03162356 0.02712822
v -0.00670366 -0.03278307 0.02751721
v -0.00448238 -0.03562925 0.02536265
v -0.00420972 -0.01934659 0.02997806
v -0.00425642 -0.02721605 0.02861446
v -0.00729913 -0.02590182 0.03118328
v -0.00394838 -0.01525513 0.03009341
v -0.00734478 -0.03159691 0.02918188
v -0.00438695 -0.00505045 0.02883886
v -0.00454068 -0.00659080 0.02884195
v -0.00419416 -0.00848532 0.02996343
v -0.00739614 -0.03511000 0.02729601
v -0.00459960 0.00181539 0.02699018
v -0.00456622 0.00767911 0.02627112
v -0.00465371 0.00577294 0.02537512
v -0.00470634 0.00827313 0.02418105
v -0.00427912 -0.00060570 0.02768561
v -0.00460165 -0.00269824 0.02814577
v -0.00450826 0.00958477 0.02538657
v -0.00464674 0.01392503 0.02282830
v -0.00467823 0.01697428 0.02087292
v -0.00485695 0.01713627 0.01946801
v -0.00482711 0.01854309 0.01854848
v -0.00480702 0.01990512 0.01917425
v -0.00483924 0.01970522 0.01779084
v -0.00472852 0.02088119 0.01839203
v -0.00488621 0.02080374 0.01669013
v -0.00491880 0.02243339 0.01655226
v -0.00495422 0.02230886 0.01521237
v -0.00518879 0.02339847 0.01647426
v -0.00484553 0.02352714 0.01450872
v -0.00520257 0.02482227 0.01497940
v -0.00492451 0.02433682 0.01363432
v -0.00502167 0.02558986 0.01260425
v -0.00543898 0.02704671 0.01268752
v -0.00519567 0.02689742 0.01124082
v -0.00534721 0.02800020 0.01046143
v -0.00489336 0.01458801 0.02291954
v -0.00353550 -0.00688611 0.02930102
v -0.00390077 -0.00676121 0.02868120
v -0.00454068 -0.00659080 0.02884195
v -0.01950698 -0.06426429 -0.01122169
v -0.01703777 -0.06396254 -0.00874505
v -0.01974254 -0.06422141 -0.00336152
v -0.01653145 -0.06408694 -0.01790912
v -0.01930062 -0.06423924 -0.03350867
v -0.01645684 -0.06404995 -0.03163502
v -0.01749070 -0.06368774 -0.04901083
v -0.01968446 -0.06404515 -0.05204248
v -0.01267306 -0.06342289 -0.01714205
v -0.01289777 -0.06319688 -0.01089469
v -0.01678609 -0.06372443 -0.00336302
v -0.01308404 -0.06356252 -0.02747604
v -0.02339661 -0.06437316 -0.00421644
v -0.02230346 -0.06431115 0.00077068
v -0.02569558 -0.06441758 0.00929331
v -0.02219178 -0.06430972 -0.01756344
v -0.01311590 -0.06287031 -0.00589101
v -0.01571998 -0.06361566 -0.04133473
v -0.01476427 -0.06314861 -0.04472654
v -0.04699375 -0.06440642 -0.00259884
v -0.04473451 -0.06444800 0.00767224
v -0.04690701 -0.06439844 0.02007794
v -0.02620160 -0.06439750 0.02004725
v -0.02289034 -0.06419009 0.01727180
v -0.02270914 -0.06418562 0.02249595
v -0.03190470 -0.06443493 0.02358566
v -0.02610585 -0.06449905 0.02921361
v -0.02274045 -0.06439109 0.03293146
v -0.04315990 -0.06453405 0.03300073
v -0.05204404 -0.06441952 0.01914124
v -0.04989083 -0.06463738 0.04489672
v -0.03737712 -0.06469649 0.04663150
v -0.05259857 -0.06467556 0.04786248
v -0.02981687 -0.06498313 0.05948672
v -0.05224859 -0.06484627 0.05616199
v -0.05127655 -0.06501941 0.06867236
v -0.03169414 -0.06510414 0.06651461
v -0.04260998 -0.06509990 0.07228435
v -0.05615668 -0.06458567 0.04895392
v -0.04972203 -0.06516438 0.07635764
v -0.02478207 -0.06513006 0.06197713
v -0.05381316 -0.06521034 0.08065467
v -0.01971209 -0.06394216 0.00320025
v -0.05269048 -0.06451754 0.00855519
v -0.03855807 -0.06577177 0.07285109
v -0.02743765 -0.06573113 0.06585120
v -0.02213439 -0.06570153 0.06249960
v -0.02279093 -0.06429312 0.00869596
v -0.02644954 -0.06473876 0.05255756
v -0.02082500 -0.06470164 0.05365378
v -0.02264384 -0.06455539 0.04908001
v -0.01973710 -0.06435794 0.05065492
v -0.02003334 -0.06411377 0.04609858
v -0.01760261 -0.06350848 0.04905259
v -0.00936448 -0.06653775 0.06449545
v -0.02483156 -0.06616069 0.06881858
v -0.01240950 -0.06664927 0.06903171
v -0.03108765 -0.06620014 0.07420735
v -0.02535066 -0.06650029 0.07852895
v -0.03595726 -0.06623741 0.07902454
v -0.03392306 -0.06635812 0.08406856
v -0.01283769 -0.06674101 0.07474005
v -0.01272847 -0.06675565 0.08152433
v -0.00007646 -0.06726438 0.07711806
v -0.00158047 -0.06714244 0.08168605
v 0.00663215 -0.06723435 0.07847216
v -0.04787409 -0.06596443 0.08342316
v 0.00254598 -0.06706801 0.08450090
v 0.00616958 -0.06695103 0.08267358
v 0.00242918 -0.06684580 0.08617336
v -0.00245130 -0.06697966 0.08610916
v -0.00747965 -0.06610821 0.05911397
v -0.01771339 -0.06562233 0.05963016
v -0.00102026 -0.06717461 0.07080606
v -0.05686437 -0.06500779 0.07726958
v -0.02021223 -0.06364151 0.01999689
v -0.05599024 -0.06442562 0.02581405
v -0.01777936 -0.06339811 -0.05436568
v -0.01000326 -0.06237067 -0.01549709
v -0.04734731 -0.06595372 0.08853366
v -0.03321757 -0.06627441 0.08831074
v -0.04318243 -0.06584225 0.09388048
v -0.02966903 -0.06610385 0.09324026
v -0.02966096 -0.06562196 0.09673089
v -0.01117177 -0.06608544 0.09408822
v -0.02702023 -0.06536694 0.09794195
v -0.01680776 -0.06554709 0.09627612
v -0.02127601 -0.06502138 0.09792540
v -0.01356678 -0.06642706 0.09230648
v -0.04927798 -0.06569265 0.09345720
v -0.01281095 -0.06478463 0.09640918
v 0.00894368 -0.06661222 0.08049549
v 0.00951843 -0.06682131 0.07400833
v 0.01031693 -0.06640825 0.07530491
v 0.01049401 -0.06613964 0.07201109
v -0.01789816 -0.06413204 0.05164225
v -0.05334111 -0.06564016 0.09039941
v -0.03176432 -0.06577953 0.06916938
v -0.00536176 -0.06678123 0.08852583
v -0.03881400 -0.06529558 0.09895814
v 0.00903806 -0.06655077 0.06845149
v -0.01915640 -0.06503494 0.05842387
v -0.01835726 -0.06341275 0.04479461
v -0.01673628 -0.06238378 0.04799830
v -0.05124611 -0.06545696 0.09427231
v -0.01936668 -0.06336536 0.02166968
v 0.01017107 -0.06577183 0.06855553
v -0.01810228 -0.06263835 0.02525731
v -0.01804796 -0.06261449 0.01661766
v -0.01742843 -0.06197645 0.02319950
v -0.01667423 -0.06144653 0.01603232
v -0.01726884 -0.06246034 0.01198187
v -0.01479948 -0.05991494 0.01286999
v -0.01373651 -0.05967744 0.01063324
v -0.01481330 -0.06145619 0.00782899
v -0.01547101 -0.06251943 0.00465027
v -0.01308965 -0.06047438 0.00655276
v -0.01084238 -0.05708679 0.00970005
v -0.01232641 -0.06138601 0.00098691
v -0.00900283 -0.05785072 0.00308549
v -0.00862493 -0.05620397 0.00664160
v -0.00631755 -0.05608766 0.00381296
v -0.00726300 -0.05781003 -0.00004844
v -0.00600957 -0.05635826 0.00059838
v -0.00618515 -0.05725894 -0.00187670
v -0.00524209 -0.05648131 0.00192446
v -0.00697754 -0.05918812 -0.00460135
v -0.00619891 -0.05510217 0.00607501
v -0.00563722 -0.05431975 0.00548442
v -0.00636725 -0.05360456 0.00841862
v -0.00815016 -0.05427206 0.00950115
v -0.00521220 -0.05767446 -0.00096864
v -0.00524236 -0.05844440 -0.00319898
v 0.00291099 -0.05739902 0.00031071
v 0.00276369 -0.05836178 -0.00220204
v 0.00167865 -0.05602457 0.00330088
v -0.00373800 -0.05547570 0.00420180
v -0.00517573 -0.05504925 0.00456450
v -0.00437394 -0.05336807 0.00769504
v 0.01555857 -0.05735887 0.00024086
v 0.01554752 -0.05504379 0.00479267
v 0.03095133 -0.05719525 0.00018314
v 0.03101954 -0.05401081 0.00625121
v 0.03925946 -0.05565837 0.00314995
v 0.03955923 -0.05774578 -0.00059238
v 0.03207369 -0.05859764 -0.00326441
v 0.03988732 -0.05422300 0.00593114
v 0.03257944 -0.05296976 0.00795873
v 0.03989388 -0.05277612 0.00821319
v 0.03969606 -0.05861957 -0.00269441
v 0.03726881 -0.05074542 0.01106288
v 0.03990851 -0.05016709 0.01140497
v 0.01582662 -0.05250259 0.00886325
v 0.00221717 -0.05447000 0.00612082
v 0.03986246 -0.05735469 0.00036013
v -0.00726380 -0.05208699 0.01150075
v 0.01275532 -0.05080767 0.01110208
v 0.00923687 -0.04826662 0.01411854
v 0.00227347 -0.05000464 0.01228573
v 0.00572187 -0.04641881 0.01612671
v 0.02300007 -0.04598031 0.01651775
v -0.00408025 -0.04859504 0.01394222
v 0.03897865 -0.04743553 0.01483954
v 0.03557312 -0.04791678 0.01445145
v -0.00907280 -0.05958741 -0.00326555
v -0.00737619 -0.05991366 -0.00794482
v -0.00691700 -0.05977723 -0.01039603
v 0.03960899 -0.05942874 -0.00476170
v 0.03134409 -0.05964150 -0.00640602
v 0.03960228 -0.06010872 -0.00702021
v 0.03025522 -0.06035616 -0.00956057
v 0.03929207 -0.06081424 -0.01001391
v 0.03046137 -0.06084073 -0.01244180
v 0.03930574 -0.06161193 -0.01606857
v 0.02972159 -0.06130832 -0.01630816
v 0.02931547 -0.06158363 -0.02008587
v 0.00695380 -0.06033423 -0.00956927
v 0.00604498 -0.06078799 -0.01259491
v 0.00746423 -0.06114893 -0.01593154
v -0.00216664 -0.06030176 -0.01033703
v 0.03988617 -0.06182503 -0.01911875
v 0.03927991 -0.06175030 -0.02237057
v 0.02780051 -0.06155182 -0.02230494
v 0.02956242 -0.06132878 -0.02574282
v 0.01052589 -0.06129413 -0.02628434
v 0.00924814 -0.06083863 -0.03074780
v 0.02988111 -0.06077024 -0.03024959
v -0.00153405 -0.06065046 -0.03224589
v -0.00168213 -0.06117211 -0.02629866
v 0.03903698 -0.06104408 -0.03030543
v -0.00521547 -0.06049420 -0.03219903
v -0.00526985 -0.06099801 -0.02621965
v -0.00531644 -0.06098921 -0.02202027
v -0.00142729 -0.06123241 -0.02166480
v -0.00474367 -0.06080674 -0.01667862
v -0.00555688 -0.06020737 -0.01135065
v 0.00484806 -0.06048780 -0.03353930
v -0.00634313 -0.06030570 -0.01813608
v 0.00717424 -0.06141843 -0.02267631
v 0.03898537 -0.06146959 -0.02654687
v 0.03972961 -0.06120793 -0.01249414
v -0.00506092 -0.06005502 -0.03497368
v -0.00555552 -0.05223975 0.01006895
v -0.00444229 -0.05040525 0.01171014
v -0.00551151 -0.05082911 0.01173724
v -0.00773835 -0.05021171 0.01489074
v -0.00548044 -0.04769596 0.01607048
v -0.00804717 -0.04799400 0.01778264
v -0.00531924 -0.04483985 0.01903127
v -0.00736069 -0.04459230 0.02048612
v -0.00534477 -0.04196550 0.02161137
v -0.00917209 -0.06056103 -0.00734613
v -0.00587994 -0.05541764 0.00253013
v -0.00519457 -0.05260134 0.00834808
v -0.00620936 -0.05960862 -0.03485532
v -0.00615002 -0.05869861 -0.00572018
v 0.04019937 -0.04791654 0.01390265
v -0.04199183 -0.06560356 0.07350202
v -0.05299669 -0.06564894 0.08127885
v 0.00851209 -0.06583950 0.06496068
v 0.00642521 -0.06641027 0.06361770
v 0.00660290 -0.06685353 0.06619748
v 0.00613753 -0.06570831 0.06176965
v 0.00345894 -0.06653268 0.06175232
v -0.01909722 -0.06339350 0.01303020
v 0.04034630 -0.04563645 0.01633978
v 0.04020560 -0.05399529 0.00656899
v -0.01728151 -0.06243180 0.04275192
v 0.00540004 -0.06646565 0.08603141
v -0.04940344 -0.06566813 0.07767357
v -0.05358400 -0.06569124 0.08612274
v -0.00513280 -0.05937380 -0.03830731
v 0.04007972 -0.05522572 0.00445177
v -0.00789439 -0.06578186 0.09420834
v 0.04025549 -0.05049154 0.01125934
v 0.04018259 -0.05827406 -0.00070027
v 0.03040312 -0.06022976 -0.03355636
v -0.04547392 -0.06437388 -0.01069932
v -0.02341867 -0.06428342 -0.04267137
v -0.05968638 -0.06470771 0.07088849
v -0.05955822 -0.06487868 0.08471088
v -0.06253572 -0.06435030 0.08496646
v -0.05975280 -0.06483245 0.09100142
v -0.06209872 -0.06435390 0.08980666
v -0.06029018 -0.06456955 0.09385821
v -0.05665083 -0.06496109 0.09661636
v -0.06376916 -0.06380569 0.08853487
v -0.06095647 -0.06409977 0.09513004
v -0.06404722 -0.06383592 0.08355947
v -0.06539874 -0.06295904 0.08631283
v -0.06531197 -0.06318471 0.07814424
v -0.06280309 -0.06408670 0.07073089
v -0.05595831 -0.06448763 0.00669328
v -0.03485644 -0.06431901 -0.03896663
v -0.05641950 -0.06435043 -0.02986736
v -0.02534621 -0.06434178 -0.06871911
v -0.03366741 -0.06432742 -0.06859381
v -0.03229322 -0.06436918 -0.08489471
v -0.05552975 -0.06430587 -0.04556103
v -0.05997634 -0.06415665 -0.04308972
v -0.05650890 -0.06430386 -0.06020015
v -0.05992007 -0.06421195 -0.07008732
v -0.05535747 -0.06430119 -0.08004978
v -0.06001991 -0.06419975 -0.08195029
v -0.06232512 -0.06372381 -0.08007508
v -0.05708594 -0.06420742 -0.08805162
v -0.05989231 -0.06422339 -0.03319032
v -0.06239234 -0.06372204 -0.03917367
v -0.06316273 -0.06331486 -0.08531840
v -0.06397588 -0.06321471 -0.07834540
v -0.06479959 -0.06269324 -0.08312797
v -0.06398840 -0.06252854 -0.08861792
v -0.06511598 -0.06172378 -0.08761369
v -0.06256255 -0.06315543 -0.08852724
v -0.06416444 -0.06175003 -0.09094069
v -0.06163994 -0.06299992 -0.09071662
v -0.06477707 -0.06275972 -0.06538164
v -0.06366467 -0.06330061 -0.06344675
v -0.06406171 -0.06318727 -0.04387999
v -0.06486404 -0.06269470 -0.04355427
v -0.06502992 -0.06260925 -0.01048403
v -0.06414787 -0.06321522 -0.01145323
v -0.06258563 -0.06369153 -0.01702880
v -0.06240768 -0.06383905 -0.00834678
v -0.06412782 -0.06322812 0.00836905
v -0.06524494 -0.06243018 0.00835683
v -0.06465750 -0.06311610 0.01874934
v -0.06253210 -0.06364314 -0.06632294
v -0.06002367 -0.06418001 -0.01875150
v -0.02559095 -0.06448215 -0.09663452
v -0.02233984 -0.06441398 -0.08693228
v -0.02263566 -0.06454730 -0.09937082
v -0.04810452 -0.06432325 -0.09468506
v -0.04722760 -0.06431688 -0.05906782
v -0.05966658 -0.06401338 -0.08783940
v -0.02035204 -0.06432666 -0.10117856
v -0.02021901 -0.06424524 -0.09232896
v -0.02039789 -0.06417628 -0.07771239
v -0.02141309 -0.06421675 -0.07613734
v -0.02032007 -0.06410626 -0.06745476
v -0.01850420 -0.06349701 -0.08436635
v -0.01841512 -0.06336663 -0.09290659
v -0.01849767 -0.06348673 -0.09999876
v -0.01852863 -0.06338139 -0.06022914
v -0.01757899 -0.06255627 -0.06288329
v -0.03132333 -0.06405878 -0.10225329
v -0.02057687 -0.06407070 -0.10219576
v -0.02099025 -0.06344018 -0.10319682
v -0.05218946 -0.06315985 -0.10329463
v -0.04914949 -0.06373189 -0.10212161
v -0.05290576 -0.06366965 -0.10145266
v -0.05567185 -0.06306090 -0.10173453
v -0.05563715 -0.06238769 -0.10343922
v -0.05928400 -0.06160677 -0.10226866
v -0.05902290 -0.06224147 -0.09923593
v -0.05970240 -0.06261803 -0.09569448
v -0.06268331 -0.06139928 -0.09467862
v -0.05667783 -0.06326470 -0.09724630
v -0.06112227 -0.06182595 -0.09367975
v -0.06328257 -0.06093868 -0.09316402
v -0.05963074 -0.06184604 -0.09320254
v -0.05829264 -0.06257020 -0.09723862
v -0.01749642 -0.06247193 -0.07588887
v -0.05985826 -0.06183014 -0.09378449
v -0.01730529 -0.06267253 -0.05722472
v -0.01678594 -0.06155250 -0.06075982
v -0.01625627 -0.06144824 -0.05774856
v -0.01558224 -0.06158413 -0.05457649
v -0.01334747 -0.05815586 -0.05643342
v -0.01095105 -0.05657370 -0.05386333
v -0.01352134 -0.05685444 -0.05964969
v -0.06232618 -0.06384588 0.01236716
v -0.01520678 -0.06223511 -0.05122568
v -0.03799845 -0.06472985 0.10088263
v -0.03618749 -0.06424064 0.10128839
v -0.05984763 -0.06435015 0.04862072
v -0.05976340 -0.06422218 0.02148236
v -0.02228108 -0.06423999 -0.05262483
v -0.00015250 -0.05994649 -0.03696042
v -0.05570168 -0.06443916 -0.00869314
v -0.04927161 -0.06423727 -0.09874823
v -0.02118731 -0.06423069 0.04448037
v -0.05649396 -0.06439302 0.01558839
v 0.00035246 -0.06674583 0.06245614
v -0.00318918 -0.06620932 0.05912099
v -0.00767319 -0.06507715 0.05572270
v -0.00013594 -0.06614693 0.05936580
v -0.00076177 -0.06566696 0.05804656
v -0.01917094 -0.06359077 -0.10209707
v -0.01106233 -0.06168824 -0.00625498
v 0.03879231 -0.06037765 -0.03460520
v 0.04003904 -0.06099489 -0.03214472
v 0.03974177 -0.06042860 -0.03551370
v 0.03976757 -0.05931619 -0.03885924
v 0.03338939 -0.05969610 -0.03667058
v 0.04014709 -0.06166814 -0.03029836
v -0.05236343 -0.06497409 0.09929884
v -0.05463180 -0.06535764 0.08681830
v -0.05962243 -0.06431375 0.00779198
v -0.01085740 -0.05401762 -0.05918888
v -0.00809235 -0.05127065 -0.05931312
v -0.01024173 -0.05071551 -0.06296716
v -0.00693242 -0.04808128 -0.06228626
v -0.01049010 -0.04669041 -0.06773947
v -0.00499351 -0.04353954 -0.06516086
v -0.00674743 -0.05149372 -0.05749428
v -0.00547004 -0.04803242 -0.06105733
v -0.00790409 -0.05293125 -0.05589366
v 0.00689152 -0.06715304 0.07118416
v -0.04484711 -0.06479556 0.10084155
v -0.05002710 -0.06399472 0.10216147
v -0.04619521 -0.06342308 0.10271893
v -0.02678350 -0.06461828 0.04499785
v -0.06410063 -0.06332776 0.09016593
v 0.04003244 -0.06089097 -0.00910291
v -0.01997408 -0.06398040 -0.05821295
v 0.01383956 -0.05384133 0.00691761
v -0.06448124 -0.06317771 0.03394561
v -0.06238762 -0.06384157 0.03311678
v -0.06537583 -0.06247258 0.03515238
v -0.00531497 -0.06635499 0.09212398
v 0.00646855 -0.06138216 -0.01981033
v -0.05221950 -0.06443182 0.10125466
v -0.00900216 -0.05880315 0.00012286
v 0.00796810 -0.06596870 0.08389510
v -0.00334290 -0.06483649 0.05623414
v -0.00140240 -0.06457944 0.05656561
v -0.00724643 -0.06423600 0.05455554
v -0.01355032 -0.06397488 0.05327046
v -0.01393852 -0.06490787 0.05537090
v -0.01619803 -0.06410728 0.05280896
v -0.01489675 -0.06663911 0.08619967
v 0.03988360 -0.06169049 -0.02662295
v -0.01325811 -0.06235684 -0.00104835
v -0.02012700 -0.06382900 0.01037817
v -0.00532050 -0.05015297 -0.05817326
v -0.06442330 -0.06336453 0.05959909
v -0.06554875 -0.06238631 0.05977506
v -0.06548793 -0.06277580 0.06637627
v 0.03895978 -0.04577407 0.01662541
v 0.00272379 -0.05279155 0.00870845
v 0.00331801 -0.05950001 -0.00569795
v -0.01812668 -0.06469284 0.05460862
v -0.01636804 -0.06335415 0.05099215
v -0.00244366 -0.06594711 0.09212480
v -0.05584508 -0.06434373 -0.01786580
v -0.00093550 -0.05929633 -0.03960233
v 0.00396612 -0.05935200 -0.03970576
v 0.00197418 -0.05832535 -0.04292058
v 0.01032259 -0.05825482 -0.04311174
v 0.02771105 -0.05901927 -0.03956026
v 0.00486807 -0.05704410 -0.04630304
v 0.02811281 -0.05670185 -0.04654510
v -0.00065920 -0.05664820 -0.04673558
v 0.00301443 -0.05553031 -0.04930383
v 0.01219257 -0.05538844 -0.04964497
v 0.02365339 -0.05809594 -0.04302758
v 0.02960506 -0.05495777 -0.05021165
v 0.03382166 -0.05681236 -0.04628710
v 0.03681527 -0.05549757 -0.04941147
v 0.03796175 -0.05703783 -0.04620927
v 0.03948896 -0.05571929 -0.04967298
v 0.03980705 -0.05673239 -0.04773269
v 0.04054773 -0.05493590 -0.05137300
v 0.03975846 -0.05792175 -0.04477810
v 0.03162480 -0.05361577 -0.05293831
v 0.03768054 -0.05360107 -0.05327246
v 0.03569687 -0.05209710 -0.05547240
v 0.04039658 -0.05370037 -0.05362557
v 0.01779499 -0.05375245 -0.05277745
v 0.03312562 -0.05810070 -0.04279764
v -0.01532023 -0.06537387 0.05799350
v -0.00056810 -0.06635037 0.09022858
v 0.03892075 -0.05853549 -0.04217119
v -0.05979100 -0.06431701 -0.00766818
v -0.05793508 -0.06240549 -0.09548624
v -0.05738333 -0.06342080 -0.09441102
v -0.05817118 -0.06431659 0.09824417
v -0.05412910 -0.06348741 0.10205452
v 0.00347366 -0.06588551 0.08875861
v -0.00519986 -0.05169160 0.00940246
v -0.00537256 -0.05936739 -0.00641118
v 0.00322894 -0.06540147 0.05923909
v -0.00163669 -0.06088779 -0.01555663
v -0.05658196 -0.06395824 -0.09311034
v 0.02513216 -0.05975831 -0.03656617
v -0.05846091 -0.06186771 -0.09478616
v -0.01453345 -0.06242325 -0.04855902
v -0.06260992 -0.06397577 0.05293971
v 0.00410210 -0.06699679 0.06571078
v -0.05578164 -0.06433804 0.10020859
v -0.05390510 -0.06530177 0.09250117
v -0.01577494 -0.06241622 0.05020351
v -0.01329675 -0.06336757 0.05252649
v 0.03982604 -0.05882733 -0.04243498
v -0.00658417 -0.05946627 -0.00992681
v -0.05341195 -0.06415496 -0.09555068
v 0.01882168 -0.05856064 -0.00289049
v -0.05761864 -0.06350744 0.10022487
v -0.01292968 -0.06333022 -0.03481549
v -0.01308404 -0.06356252 -0.02747604
v -0.01645684 -0.06404995 -0.03163502
v -0.01089104 -0.06300399 -0.02649100
v -0.01571998 -0.06361566 -0.04133473
v -0.00978889 -0.06247375 -0.02921154
v -0.01228520 -0.06247843 -0.03980055
v -0.00870368 -0.06115955 -0.03411253
v -0.00978373 -0.06258709 -0.02017117
v -0.00709484 -0.06118667 -0.02656895
v -0.00720231 -0.06120740 -0.02080144
v -0.01000326 -0.06237067 -0.01549709
v -0.00732097 -0.06099933 -0.01632210
v -0.00917209 -0.06056103 -0.00734613
v -0.00737619 -0.05991366 -0.00794482
v -0.00634313 -0.06030570 -0.01813608
v -0.00879130 -0.06021261 -0.03896566
v -0.01107075 -0.06110801 -0.04191326
v -0.01453345 -0.06242325 -0.04855902
v -0.01045010 -0.05955036 -0.04513230
v -0.00843543 -0.06160089 -0.03037341
v -0.01476427 -0.06314861 -0.04472654
v -0.01267306 -0.06342289 -0.01714205
v -0.01106233 -0.06168824 -0.00625498
v -0.00713542 -0.06000419 -0.03716515
v -0.00631897 -0.05846676 -0.04210450
v -0.00620936 -0.05960862 -0.03485532
v -0.00596736 -0.05879869 -0.03853390
v -0.00513280 -0.05937380 -0.03830731
v -0.00543292 -0.05831394 -0.04118807
v -0.00457075 -0.05820230 -0.04217390
v -0.00093550 -0.05929633 -0.03960233
v 0.00197418 -0.05832535 -0.04292058
v -0.00065920 -0.05664820 -0.04673558
v -0.00430366 -0.05592921 -0.04742225
v -0.00169111 -0.05344558 -0.05265853
v 0.00301443 -0.05553031 -0.04930383
v 0.00386603 -0.05362601 -0.05291066
v -0.00445981 -0.05252227 -0.05337836
v 0.01219257 -0.05538844 -0.04964497
v 0.01779499 -0.05375245 -0.05277745
v 0.00130851 -0.05144942 -0.05615947
v 0.01641056 -0.05203398 -0.05548608
v 0.03162480 -0.05361577 -0.05293831
v 0.03569687 -0.05209710 -0.05547240
v -0.00540827 -0.05642075 -0.04551529
v -0.00528760 -0.05547087 -0.04799464
v -0.00592017 -0.05703934 -0.04527154
v -0.00613759 -0.05590619 -0.04844434
v -0.00841815 -0.05661909 -0.04910435
v -0.00565517 -0.05349341 -0.05247363
v -0.00790409 -0.05293125 -0.05589366
v -0.00554869 -0.05180269 -0.05593072
v -0.00972945 -0.05622415 -0.05197482
v -0.01095105 -0.05657370 -0.05386333
v -0.00674743 -0.05149372 -0.05749428
v -0.00393684 -0.05163555 -0.05508864
v -0.00517637 -0.05470805 -0.04910931
v -0.00575519 -0.05788767 -0.04173897
v -0.00691700 -0.05977723 -0.01039603
v -0.00668138 -0.06066038 -0.01910526
v -0.00658417 -0.05946627 -0.00992681
v -0.00555688 -0.06020737 -0.01135065
v -0.00697754 -0.05918812 -0.00460135
v -0.00537256 -0.05936739 -0.00641118
v -0.00216664 -0.06030176 -0.01033703
v -0.00474367 -0.06080674 -0.01667862
v -0.00163669 -0.06088779 -0.01555663
v -0.00532050 -0.05015297 -0.05817326
v -0.00876014 -0.05900918 -0.04328649
v -0.00522607 -0.05335276 -0.05116088
v -0.00710114 -0.06093038 -0.03108032
v -0.00625448 -0.06040206 -0.02754187
v -0.00521547 -0.06049420 -0.03219903
v -0.00526985 -0.06099801 -0.02621965
v -0.00531644 -0.06098921 -0.02202027
v -0.01015930 -0.05824714 -0.04785179
v -0.01520678 -0.06223511 -0.05122568
v -0.04810452 -0.06432325 -0.09468506
v -0.03366741 -0.06432742 -0.06859381
v -0.05535747 -0.06430119 -0.08004978
v -0.04722760 -0.06431688 -0.05906782
v -0.02274045 -0.06439109 0.03293146
v -0.02264384 -0.06455539 0.04908001
v -0.02678350 -0.06461828 0.04499785
v -0.02118731 -0.06423069 0.04448037
v -0.05584508 -0.06434373 -0.01786580
v -0.05570168 -0.06443916 -0.00869314
v -0.06002367 -0.06418001 -0.01875150
v -0.05979100 -0.06431701 -0.00766818
v -0.05390510 -0.06530177 0.09250117
v -0.05124611 -0.06545696 0.09427231
v -0.05665083 -0.06496109 0.09661636
v -0.05236343 -0.06497409 0.09929884
v -0.05578164 -0.06433804 0.10020859
v -0.02003334 -0.06411377 0.04609858
v -0.02118731 -0.06423069 0.04448037
v -0.02270914 -0.06418562 0.02249595
v -0.02021223 -0.06364151 0.01999689
v -0.01936668 -0.06336536 0.02166968
v -0.01909722 -0.06339350 0.01303020
v -0.02012700 -0.06382900 0.01037817
v -0.01702022 -0.06324856 0.00455282
v -0.01971209 -0.06394216 0.00320025
v -0.01678609 -0.06372443 -0.00336302
v -0.01311590 -0.06287031 -0.00589101
v -0.01325811 -0.06235684 -0.00104835
v -0.01547101 -0.06251943 0.00465027
v -0.01106233 -0.06168824 -0.00625498
v -0.01232641 -0.06138601 0.00098691
v -0.00907280 -0.05958741 -0.00326555
v -0.00900216 -0.05880315 0.00012286
v -0.01726884 -0.06246034 0.01198187
v -0.01489675 -0.06663911 0.08619967
v -0.00536176 -0.06678123 0.08852583
v -0.01356678 -0.06642706 0.09230648
v -0.00531497 -0.06635499 0.09212398
v -0.04940344 -0.06566813 0.07767357
v -0.04787409 -0.06596443 0.08342316
v -0.05299669 -0.06564894 0.08127885
v -0.05358400 -0.06569124 0.08612274
v -0.05463180 -0.06535764 0.08681830
v -0.03108765 -0.06620014 0.07420735
v -0.04940344 -0.06566813 0.07767357
v -0.03855807 -0.06577177 0.07285109
v -0.03176432 -0.06577953 0.06916938
v 0.00345894 -0.06653268 0.06175232
v 0.00410210 -0.06699679 0.06571078
v 0.00035246 -0.06674583 0.06245614
v -0.00013594 -0.06614693 0.05936580
v 0.00322894 -0.06540147 0.05923909
v -0.06232618 -0.06384588 0.01236716
v -0.05962243 -0.06431375 0.00779198
v -0.05976340 -0.06422218 0.02148236
v -0.05979100 -0.06431701 -0.00766818
v -0.06238762 -0.06384157 0.03311678
v -0.06260992 -0.06397577 0.05293971
v -0.06239234 -0.06372204 -0.03917367
v -0.06002367 -0.06418001 -0.01875150
v -0.06258563 -0.06369153 -0.01702880
v -0.06406171 -0.06318727 -0.04387999
v -0.06366467 -0.06330061 -0.06344675
v -0.06253210 -0.06364314 -0.06632294
v -0.01789816 -0.06413204 0.05164225
v -0.01619803 -0.06410728 0.05280896
v -0.01812668 -0.06469284 0.05460862
v -0.01636804 -0.06335415 0.05099215
v -0.05738333 -0.06342080 -0.09441102
v -0.05658196 -0.06395824 -0.09311034
v -0.06163994 -0.06299992 -0.09071662
v -0.01852863 -0.06338139 -0.06022914
v -0.01777936 -0.06339811 -0.05436568
v -0.01997408 -0.06398040 -0.05821295
v -0.01730529 -0.06267253 -0.05722472
v -0.01520678 -0.06223511 -0.05122568
v -0.00876014 -0.05900918 -0.04328649
v -0.00841815 -0.05661909 -0.04910435
v -0.00631897 -0.05846676 -0.04210450
v -0.01015930 -0.05824714 -0.04785179
v -0.00592017 -0.05703934 -0.04527154
v -0.00575519 -0.05788767 -0.04173897
v 0.02771105 -0.05901927 -0.03956026
v 0.03338939 -0.05969610 -0.03667058
v 0.02513216 -0.05975831 -0.03656617
v 0.03312562 -0.05810070 -0.04279764
v 0.03892075 -0.05853549 -0.04217119
v -0.00437394 -0.05336807 0.00769504
v 0.00272379 -0.05279155 0.00870845
v -0.00444229 -0.05040525 0.01171014
v -0.00519986 -0.05169160 0.00940246
v -0.00519457 -0.05260134 0.00834808
v -0.00551151 -0.05082911 0.01173724
v -0.00563722 -0.05431975 0.00548442
v -0.00517573 -0.05504925 0.00456450
v -0.00587994 -0.05541764 0.00253013
v -0.00393684 -0.05163555 -0.05508864
v -0.00445981 -0.05252227 -0.05337836
v -0.00519128 -0.05160709 -0.05430613
v -0.00522607 -0.05335276 -0.05116088
v -0.00514095 -0.05066388 -0.05554704
v -0.00440852 -0.04940631 -0.05785590
v -0.07034338 0.04280422 -0.03324126
v -0.07036008 0.03088263 -0.02171770
v -0.07033503 0.04256211 -0.02055652
v -0.07032162 0.03120574 -0.03934202
v -0.07036627 0.02207193 -0.03489582
v -0.07041964 0.04043016 -0.00582625
v -0.07043217 0.02959029 -0.00543158
v -0.07041418 0.04114243 0.00000920
v -0.07041656 0.02210786 -0.00782689
v -0.07038035 0.02189341 -0.01816284
v -0.07046772 0.04202092 -0.01007529
v -0.07044842 0.04278362 -0.01200163
v -0.07036310 0.02224927 -0.00070700
v -0.07033019 0.02195524 -0.04788789
v -0.07058246 0.02043941 -0.04205245
v -0.07041111 0.02213562 -0.05277899
v -0.07070178 0.02055730 -0.03318301
v -0.07075647 0.04340205 -0.01220958
v -0.07088033 0.04391260 -0.02241653
v -0.07061884 0.04187205 -0.00355634
v -0.07028747 0.04037603 -0.04649338
v -0.07024968 0.02595343 -0.05356722
v -0.07075004 0.02078656 -0.04997118
v -0.07035243 0.03860597 -0.05370927
v -0.07040991 0.04141911 -0.05234708
v -0.07052514 0.04046860 -0.05353359
v -0.07040209 0.04232457 -0.04785988
v -0.07034868 0.04278539 -0.04238993
v -0.07060948 0.04374309 -0.02988951
v -0.07025857 0.02385448 -0.05342041
v -0.07233033 0.04514151 -0.02056907
v -0.07242267 0.04532303 -0.02899334
v -0.07219389 0.04445637 -0.00981040
v -0.07242159 0.04554529 -0.01770750
v -0.07170234 0.04290796 -0.04899467
v -0.07224444 0.04282166 -0.05196199
v -0.07235125 0.04366002 -0.04838973
v -0.07193128 0.04167132 -0.05363099
v -0.07061539 0.02069524 -0.01829449
v -0.07041703 0.03040611 0.00170214
v -0.07037762 0.02318860 0.00183725
v -0.07049374 0.04044069 0.00134086
v -0.07101085 0.04188817 0.00080509
v -0.07105036 0.04113785 0.00200661
v -0.07096446 0.03949558 0.00269829
v -0.07244113 0.04175384 0.00231822
v -0.07236384 0.04250300 0.00124423
v -0.07225920 0.04321378 -0.00159835
v -0.07243319 0.04384125 0.00217917
v -0.07249229 0.04385548 -0.05223897
v -0.07207359 0.04375952 -0.04474273
v -0.07231454 0.04447203 -0.04314535
v -0.07101994 0.04422661 -0.03100832
v -0.07055156 0.02104061 -0.00117218
v -0.07100151 0.04322652 -0.04369877
v -0.07231773 0.04662973 -0.02470530
v -0.07213485 0.04592168 -0.00799991
v -0.07167322 0.04733870 -0.02186938
v -0.07154790 0.04735343 -0.02729465
v -0.07171682 0.04667618 -0.03930868
v -0.07154089 0.04674875 -0.01139735
v -0.07224165 0.04565857 -0.04553374
v -0.07095271 0.04295877 -0.00904074
v -0.07060874 0.02179347 0.00069910
v -0.07227410 0.04537299 -0.00759938
v -0.07116657 0.04265542 -0.00324564
v -0.07232481 0.04527127 -0.03447561
v -0.07086288 0.04383332 -0.03416489
v -0.07070066 0.02948409 0.00222560
v -0.07238775 0.04523699 -0.04526288
v -0.07235903 0.04133139 -0.05421859
v -0.07243432 0.04236970 -0.05619560
v -0.07236816 0.03769913 -0.05485229
v -0.07246447 0.02867506 -0.05497134
v -0.07252631 0.02463300 -0.05602094
v -0.07249058 0.02344036 -0.05401641
v -0.07244327 0.02124133 -0.05259906
v -0.07254181 0.01917876 -0.05180771
v -0.07239092 0.02005059 -0.04941530
v -0.07245995 0.01990614 -0.04172101
v -0.07245752 0.01815772 -0.03762919
v -0.07254865 0.01946013 -0.00123880
v -0.07244986 0.01816003 -0.01073174
v -0.07239983 0.02007659 -0.01726904
v -0.07239330 0.01996272 -0.01119701
v -0.07249505 0.01813096 -0.00022237
v -0.07252887 0.01854431 0.00282797
v -0.07245647 0.02166075 0.00115877
v -0.07235490 0.02076534 0.00007783
v -0.07249740 0.02283591 0.00208908
v -0.07257605 0.02263493 0.00585607
v -0.07237139 0.02064025 0.00578165
v -0.07254756 0.02431667 0.00264111
v -0.07194385 0.01743956 0.00201863
v -0.07244170 0.01782971 -0.05018436
v -0.07206594 0.01736023 -0.04702853
v -0.07240314 0.02001315 -0.00225847
v -0.07201339 0.01727189 -0.01143718
v -0.07223655 0.02584852 0.00711117
v -0.07177708 0.02345433 0.00712460
v -0.07241505 0.03451655 0.00714440
v -0.07259947 0.03460928 0.00623493
v -0.07245390 0.01884003 -0.05448904
v -0.07180269 0.01839759 0.00414787
v -0.07234186 0.04115434 0.00716854
v -0.07236423 0.03805625 -0.05742835
v -0.07216946 0.04130849 -0.05721315
v -0.07223638 0.02686034 -0.05438826
v -0.07190922 0.04402071 -0.05487044
v -0.07150472 0.04497698 -0.05326770
v -0.07193326 0.01754744 -0.05309811
v -0.07181393 0.01833619 -0.05513456
v -0.07179051 0.01953641 -0.05642922
v -0.07239727 0.02188120 -0.05695647
v -0.07206020 0.02279495 -0.05739204
v -0.07169750 0.01955783 0.00556577
v -0.07225378 0.04513327 -0.00137321
v -0.07165027 0.04584430 -0.00198925
v -0.07203094 0.04473332 0.00285304
v -0.07250008 0.04239513 0.00610181
v -0.07083695 0.04355248 -0.04150450
v -0.07220892 0.04375388 -0.00632264
v -0.07231454 0.04447203 -0.04314535
v -0.07086288 0.04383332 -0.03416489
v -0.07232481 0.04527127 -0.03447561
v -0.07238775 0.04523699 -0.04526288
v -0.07083695 0.04355248 -0.04150450
v -0.07219389 0.04445637 -0.00981040
v -0.07220892 0.04375388 -0.00632264
v -0.07243319 0.04384125 0.00217917
v -0.07227410 0.04537299 -0.00759938
v -0.07225378 0.04513327 -0.00137321
v -0.07203094 0.04473332 0.00285304
v -0.07250008 0.04239513 0.00610181
v -0.07175476 0.04286313 0.00686076
v -0.07234186 0.04115434 0.00716854
v -0.07244113 0.04175384 0.00231822
v -0.07248503 0.03964579 0.00334680
v -0.07250008 0.04239513 0.00610181
v -0.07257609 0.03039174 0.00340603
v -0.07259947 0.03460928 0.00623493
v -0.07254756 0.02431667 0.00264111
v -0.07257605 0.02263493 0.00585607
v -0.07224408 0.03003851 0.00285421
v -0.07249229 0.04385548 -0.05223897
v -0.07238775 0.04523699 -0.04526288
v -0.07224165 0.04565857 -0.04553374
v -0.07150472 0.04497698 -0.05326770
v -0.07133459 0.04589393 -0.04928029
v -0.00719733 0.00973817 0.02626252
v -0.00512084 0.00946143 0.02578616
v -0.00657622 0.01330767 0.02417709
v -0.00489336 0.01458801 0.02291954
v -0.00682613 0.01703686 0.02207531
v -0.00517970 0.01718937 0.02128391
v -0.00456622 0.00767911 0.02627112
v -0.00721077 0.01271693 0.02498677
v -0.00627252 0.00574436 0.02771920
v -0.00712654 0.00588769 0.02830606
v -0.00450069 0.00173771 0.02880256
v -0.00654709 0.00292501 0.02900653
v -0.00679134 0.02012730 0.02000238
v -0.00480702 0.01990512 0.01917425
v -0.00472852 0.02088119 0.01839203
v -0.00647118 0.02413731 0.01670910
v -0.00518879 0.02339847 0.01647426
v -0.00740114 0.02348496 0.01847282
v -0.00763633 0.02795915 0.01514433
v -0.00520257 0.02482227 0.01497940
v -0.00543898 0.02704671 0.01268752
v -0.00467823 0.01697428 0.02087292
v -0.00450826 0.00958477 0.02538657
v -0.00996292 0.02860588 0.01894327
v -0.00668456 0.02840402 0.01290018
v -0.00888610 0.02000126 0.02315865
v -0.00823160 0.01277059 0.02660488
v -0.00806301 0.00695133 0.03005857
v -0.00857601 0.00697268 0.03170947
v -0.00836033 0.00213441 0.03374644
v -0.00919398 0.00761584 0.03256816
v -0.00765598 -0.00303580 0.03430979
v -0.00817005 -0.00389905 0.03563958
v -0.00746354 -0.00746153 0.03514984
v -0.00824926 -0.01034098 0.03661868
v -0.00742342 -0.01348887 0.03555921
v -0.00917201 -0.00246249 0.03608223
v -0.01059715 -0.00865477 0.03775744
v -0.01185651 -0.00267563 0.03751349
v -0.01218423 -0.00587537 0.03845667
v -0.01188222 -0.00940506 0.03868913
v -0.01172690 -0.01550183 0.03874560
v -0.01336732 -0.01126785 0.04024404
v -0.01337664 -0.01741396 0.04000731
v -0.01354293 -0.00534221 0.04004349
v -0.01209698 0.00174424 0.03656528
v -0.01181229 -0.02105563 0.03843917
v -0.01314044 -0.02232356 0.03908593
v -0.01000984 -0.01474367 0.03763849
v -0.01423240 -0.01347791 0.04120818
v -0.00916443 -0.02196253 0.03669041
v -0.01009525 -0.02851427 0.03595902
v -0.01432533 -0.02810625 0.03845139
v -0.01439334 -0.02494333 0.03947658
v -0.01503620 -0.03249973 0.03891634
v -0.01510023 -0.02824022 0.04164093
v -0.01520999 -0.03483849 0.04101094
v -0.01466853 -0.02069418 0.04170687
v -0.01493075 -0.02226433 0.04272265
v -0.01450096 -0.00551773 0.04223129
v -0.01499339 -0.01514273 0.04415162
v -0.01477326 -0.00219230 0.04486820
v -0.01437031 0.00858770 0.04040101
v -0.01503657 -0.00093917 0.04730332
v -0.01465085 0.01161771 0.04619792
v -0.01527888 -0.01238406 0.04782446
v -0.01535827 -0.02117616 0.04813746
v -0.01515924 -0.01249113 0.04862699
v -0.01506487 -0.01155606 0.04898595
v -0.01516327 -0.02346169 0.04895257
v -0.01519345 -0.03693923 0.04902950
v -0.01528692 -0.04866135 0.04821977
v -0.01525275 -0.04283914 0.04592213
v -0.01542363 -0.05543294 0.03809108
v -0.01552838 -0.05752857 0.04306207
v -0.01543218 -0.05754220 0.04770332
v -0.01522480 -0.04599874 0.03747462
v -0.01524514 -0.05096742 0.03126523
v -0.01547896 -0.05750522 0.02658599
v -0.01523102 -0.05352293 0.02713234
v -0.01490606 -0.05463606 0.02323316
v -0.01493667 -0.05000311 0.02848425
v -0.01517717 -0.05729739 0.02135403
v -0.01584085 -0.05931525 0.02481635
v -0.01511598 -0.05856278 0.01805666
v -0.01642943 -0.06082262 0.01989362
v -0.01462030 -0.05868943 0.01531592
v -0.01659239 -0.06102273 0.02827544
v -0.01742843 -0.06197645 0.02319950
v -0.01728151 -0.06243180 0.04275192
v -0.01667423 -0.06144653 0.01603232
v -0.01492207 -0.04698370 0.03141616
v -0.01431982 -0.04757407 0.02894088
v -0.01426785 -0.05139927 0.02470073
v -0.01425189 -0.05481826 0.02050703
v -0.01425624 -0.04458618 0.03162035
v -0.01136317 -0.04552215 0.02723767
v -0.01183388 -0.04171119 0.03140281
v -0.01487192 -0.04197232 0.03482825
v -0.01432204 -0.04010155 0.03462222
v -0.00980620 -0.04292147 0.02772619
v -0.00942145 -0.03762778 0.03175189
v -0.00901708 -0.04187875 0.02724253
v -0.00899913 -0.04413301 0.02527168
v -0.00817184 -0.03998202 0.02558915
v -0.00997315 -0.04852458 0.02233808
v -0.00919515 -0.04675918 0.02276745
v -0.00835333 -0.03592674 0.03060428
v -0.00739614 -0.03511000 0.02729601
v -0.00734478 -0.03159691 0.02918188
v -0.00817158 -0.03049117 0.03290618
v -0.00729913 -0.02590182 0.03118328
v -0.00766786 -0.02224752 0.03457769
v -0.00839908 -0.02723951 0.03462557
v -0.00684658 -0.02018220 0.03178283
v -0.00732269 -0.03880429 0.02480835
v -0.00654420 -0.03579915 0.02606746
v -0.00457963 -0.03887530 0.02347495
v -0.00448238 -0.03562925 0.02536265
v -0.00534477 -0.04196550 0.02161137
v -0.00670366 -0.03278307 0.02751721
v -0.00738174 -0.04153223 0.02297677
v -0.00683074 -0.01361760 0.03263671
v -0.00654071 -0.01149405 0.03191965
v -0.01132085 -0.04914010 0.02360610
v -0.01633772 -0.06097348 0.04297444
v -0.01493379 -0.05192965 0.02615342
v -0.01579053 -0.05940337 0.04409992
v -0.01516857 -0.05268651 0.04923419
v -0.01535998 -0.05917308 0.04868411
v -0.01494755 -0.05914090 0.04932184
v -0.01549648 -0.06084946 0.04924842
v -0.01420608 -0.00054162 0.04025035
v -0.01433820 0.01467939 0.04749057
v -0.01411563 0.02074826 0.04639109
v -0.01447976 0.01245836 0.04435989
v -0.01434245 0.01540008 0.04016304
v -0.01404472 0.01975037 0.04266946
v -0.01412362 0.02096217 0.04109036
v -0.01426075 0.02711525 0.03921479
v -0.01422361 0.01227706 0.03665779
v -0.01451563 0.02367533 0.03537413
v -0.01437553 0.03186465 0.03785740
v -0.01464910 0.03205796 0.03104322
v -0.01366142 0.02898742 0.03913896
v -0.01365535 0.02780086 0.03987631
v -0.01361893 0.02625651 0.04084193
v -0.01446913 0.04060829 0.03334859
v -0.01455222 0.03963046 0.02668700
v -0.01446618 0.04099172 0.02048038
v -0.01463392 0.03343977 0.02666049
v -0.01428209 0.03997955 0.03786332
v -0.01435492 0.04461519 0.03706410
v -0.01448983 0.04466383 0.03187506
v -0.01479215 0.04719281 0.03442270
v -0.01437328 0.04672018 0.03859560
v -0.01511288 0.04863441 0.03652746
v -0.01455334 0.04859605 0.03950368
v -0.01603970 0.05014945 0.03727539
v -0.01518282 0.05015967 0.04026171
v -0.01383810 0.04884252 0.04011337
v -0.01738927 0.05080849 0.03636499
v -0.01642791 0.05012087 0.03185906
v -0.01649893 0.04994941 0.01897150
v -0.01565606 0.04911580 0.01649553
v -0.01652660 0.05008160 0.01531629
v -0.01646414 0.05119855 0.04112103
v -0.01516650 0.04935591 0.01473709
v -0.01435689 0.04685274 0.01543330
v -0.01504971 0.04800120 0.01701222
v -0.01475200 0.04697819 0.01816360
v -0.01356853 0.04588026 0.01480458
v -0.01286759 0.05002984 0.01345270
v -0.01248235 0.04663083 0.01425506
v -0.00933111 0.04647108 0.01361170
v -0.01160210 0.04350036 0.01441438
v -0.01567346 0.05215261 0.01346838
v -0.01395587 0.04118859 0.01596542
v -0.01319085 0.04093561 0.01494326
v -0.01313735 0.03827465 0.01637379
v -0.01097407 0.03690769 0.01392108
v -0.01431916 0.04077611 0.01791126
v -0.01174493 0.03943506 0.01426439
v -0.01040211 0.03797085 0.01349415
v -0.01023581 0.03749575 0.01237252
v -0.00969693 0.03449977 0.01290963
v -0.00960947 0.03685153 0.01109589
v -0.00925350 0.03755228 0.01040646
v -0.00820598 0.03742126 0.00822909
v -0.00775100 0.03635321 0.00653833
v -0.00725466 0.03695546 0.00564215
v -0.00695111 0.03637273 0.00292753
v -0.00632555 0.03720819 0.00228297
v -0.00680829 0.03650264 -0.00325361
v -0.00689218 0.03490130 -0.00407279
v -0.00598699 0.03683518 -0.00734004
v -0.00607355 0.03550513 -0.00802282
v -0.00627265 0.03374172 -0.00555005
v -0.00561665 0.03445471 -0.00750725
v -0.00630149 0.03710769 -0.00506354
v -0.00687692 0.03432207 0.00366391
v -0.00602410 0.03271293 -0.00360926
v -0.00669830 0.03321242 -0.00197712
v -0.00521203 0.03670989 -0.01088993
v -0.00528085 0.03583507 -0.01111062
v -0.00515532 0.03690980 -0.01324095
v -0.00546305 0.03581145 -0.01583090
v -0.00576047 0.03651977 -0.01780905
v -0.00544136 0.03530060 -0.01705549
v -0.00533530 0.03537377 -0.02071700
v -0.00571291 0.03652520 -0.02128313
v -0.00538089 0.03721767 -0.02263244
v -0.00592633 0.03554762 -0.02491872
v -0.00572144 0.03491404 -0.02721043
v -0.00607543 0.03634448 -0.02504079
v -0.00437737 0.03553810 -0.01289992
v -0.00610411 0.03432985 -0.03256887
v -0.00505818 0.03532130 -0.01073672
v -0.00546260 0.03712608 -0.01712617
v -0.00804985 0.03460913 0.00797797
v -0.01528960 0.04862894 0.03153536
v -0.01409973 0.04391596 0.03880412
v -0.01446029 0.01928589 0.03436074
v -0.01412421 0.01541557 0.03266339
v -0.01445139 0.02386168 0.03001911
v -0.01387545 0.00828401 0.03608427
v -0.01333106 0.01029644 0.03377202
v -0.01325416 0.01431089 0.03186391
v -0.01336429 0.00624555 0.03586627
v -0.01415353 0.01959259 0.03030382
v -0.01346529 0.02352414 0.04232555
v -0.01340934 0.01763252 0.03034270
v -0.01444556 -0.03064738 0.03774803
v -0.01520617 -0.02434088 0.04567750
v -0.01510600 -0.04412418 0.03571303
v -0.01430949 -0.02060598 0.04056699
v -0.00693116 -0.00663772 0.03243349
v -0.01495038 -0.00185000 0.04803183
v -0.00915761 0.00156801 0.03510912
v -0.01413620 0.02336555 0.02902647
v -0.01439816 0.00172330 0.04861581
v -0.01418857 -0.00610871 0.04118285
v -0.00904251 -0.03523160 0.03256665
v -0.01360278 -0.05050159 0.02466625
v -0.01322781 -0.05553866 0.01647322
v -0.01323511 -0.05733912 0.01398938
v -0.01148293 -0.05324045 0.01733259
v -0.01007187 -0.05486117 0.01258077
v -0.01373651 -0.05967744 0.01063324
v -0.01084238 -0.05708679 0.00970005
v -0.00918470 -0.05526433 0.01030327
v -0.00917662 -0.05197905 0.01549123
v -0.00862493 -0.05620397 0.00664160
v -0.00815016 -0.05427206 0.00950115
v -0.00773835 -0.05021171 0.01489074
v -0.00726380 -0.05208699 0.01150075
v -0.00958573 -0.05088746 0.01757037
v -0.00804717 -0.04799400 0.01778264
v -0.00823878 -0.01545706 0.03660727
v -0.00815746 -0.04484261 0.02123896
v -0.01102935 0.02513889 0.02318166
v -0.01443070 -0.03443238 0.03680494
v -0.01225694 -0.03462280 0.03556729
v -0.01479948 -0.05991494 0.01286999
v -0.00998077 -0.03497313 0.03379074
v -0.00851241 0.03152849 0.01308923
v -0.00657778 0.03305796 0.00282203
v -0.00606599 0.03176115 0.00343886
v -0.00664784 0.00107128 0.02966478
v -0.01156491 -0.05161653 0.02092187
v -0.00736069 -0.04459230 0.02048612
v -0.01391389 0.02309010 0.04541680
v -0.01360028 0.02414462 0.04643986
v -0.01354737 0.02514845 0.04400018
v -0.01296886 0.02518983 0.04314524
v -0.01297964 0.02452775 0.04195812
v -0.01296739 0.02526133 0.04607296
v -0.00866259 0.01587737 0.02557751
v -0.00916346 -0.04863305 0.02003052
v -0.00618600 0.03699904 -0.02810717
v -0.01645256 -0.06171634 0.04680578
v -0.01673628 -0.06238378 0.04799830
v -0.00619694 0.03223265 -0.00046928
v -0.01495191 -0.03635703 0.03702960
v -0.00715303 -0.00069907 0.03084609
v -0.00653022 -0.00235074 0.03044583
v -0.00653275 -0.00642578 0.03121533
v -0.00678056 0.03255040 0.00567561
v -0.00581432 0.03086522 0.00523902
v -0.00540884 0.02918725 0.00765574
v -0.00650452 0.02982436 0.00935128
v -0.00526826 0.02848436 0.00900212
v -0.01371089 -0.05353345 0.02112229
v -0.01577705 -0.06005656 0.04676398
v -0.00782841 0.03160050 0.01085490
v -0.00643005 0.03625508 -0.03068533
v -0.00657282 0.03607333 -0.03622219
v -0.00611887 0.03371285 -0.03666412
v -0.00677055 0.03524355 -0.03979429
v -0.00653825 0.03357233 -0.04217136
v -0.00676132 0.03500839 -0.04633926
v -0.00586111 0.03266863 -0.04632142
v -0.00686038 0.03678681 -0.04732102
v -0.00683296 0.03651569 -0.04111681
v -0.00588861 0.03241605 -0.04867523
v -0.00673303 0.03410519 -0.04933287
v -0.00578079 0.02981496 -0.05290996
v -0.00630385 0.02818757 -0.05679847
v -0.00754013 0.03175782 -0.05656212
v -0.00797071 0.03062537 -0.05985814
v -0.00617852 0.02389440 -0.06140428
v -0.00919576 0.03505794 -0.05938426
v -0.00961217 0.03225051 -0.06250541
v -0.00576750 0.02695704 -0.05725052
v -0.00567892 0.02284265 -0.06165153
v -0.00473085 0.02522490 -0.05851430
v -0.00476348 0.02717707 -0.05587464
v -0.00469293 0.02732929 -0.05460392
v -0.00466871 0.02427836 -0.05823208
v -0.00444175 0.02331857 -0.05966516
v -0.00477105 0.02835921 -0.05416324
v -0.00448437 0.02870785 -0.05260360
v -0.00446290 0.03025181 -0.05027109
v -0.00473015 0.02249641 -0.06151498
v -0.00822269 0.03509733 -0.05571132
v -0.00852101 0.03629937 -0.05716049
v -0.00933487 0.03597563 -0.05942786
v -0.00735061 0.03660855 -0.05307652
v -0.00726043 0.03616896 -0.05106355
v -0.00985855 0.03603641 -0.06080854
v -0.01092145 0.03709117 -0.06209741
v -0.01271124 0.03601073 -0.06513486
v -0.01011023 0.02549432 -0.06820441
v -0.01319051 0.03576155 -0.06621185
v -0.00812562 0.02015052 -0.06840912
v -0.01243832 0.02581532 -0.07179860
v -0.01422527 0.03040352 -0.07241263
v -0.01377877 0.03681748 -0.06667278
v -0.01344716 0.03659166 -0.06546243
v -0.01398452 0.02594198 -0.07425617
v -0.01405404 0.02306702 -0.07568830
v -0.01472760 0.02170100 -0.07777479
v -0.01404262 0.01601469 -0.07856570
v -0.01447749 0.02800125 -0.07468544
v -0.01485648 0.03172975 -0.07398669
v -0.01542846 0.03624457 -0.07179173
v -0.01460372 0.03657263 -0.06888617
v -0.01531477 0.04109558 -0.06832803
v -0.01681016 0.04395511 -0.07183610
v -0.01568379 0.03567393 -0.07296303
v -0.01612044 0.03874183 -0.07270743
v -0.01569169 0.03496113 -0.07461060
v -0.01585361 0.03733428 -0.07513633
v -0.01623993 0.03980056 -0.07528138
v -0.01637408 0.04059176 -0.07650115
v -0.01618571 0.03617716 -0.07618151
v -0.01769178 0.03986037 -0.07716291
v -0.01789784 0.03403014 -0.07753458
v -0.01658205 0.03313181 -0.07694101
v -0.01787616 0.03222193 -0.07804110
v -0.01831328 0.03298911 -0.07876125
v -0.01845275 0.03158955 -0.08015268
v -0.01798605 0.03083410 -0.07961837
v -0.01882372 0.03150458 -0.08093229
v -0.01891998 0.03140123 -0.08366500
v -0.01844081 0.03206078 -0.08246231
v -0.01846771 0.03721035 -0.07997701
v -0.01845637 0.03951929 -0.07838713
v -0.01879143 0.04138803 -0.07861129
v -0.01901507 0.04044295 -0.08104790
v -0.01892802 0.04147955 -0.08094846
v -0.01881244 0.04059675 -0.08298575
v -0.01837646 0.03743379 -0.08282162
v -0.01858517 0.03705776 -0.08559464
v -0.01891691 0.04154513 -0.08493858
v -0.01895989 0.04065666 -0.08538613
v -0.01866273 0.03989065 -0.08671135
v -0.01864240 0.03721430 -0.08711728
v -0.01895988 0.03405439 -0.08644210
v -0.01575410 0.03153467 -0.07721772
v -0.01811439 0.04054204 -0.07760845
v -0.01649587 0.03928340 -0.07263278
v -0.01680359 0.03993196 -0.07430325
v -0.01671972 0.04089359 -0.07469276
v -0.01672997 0.04255222 -0.07755874
v -0.01728959 0.04275034 -0.07613316
v -0.01710576 0.04408535 -0.07976480
v -0.01646697 0.04291592 -0.08010181
v -0.01645099 0.04385972 -0.08354367
v -0.01696472 0.04444101 -0.08471521
v -0.01672295 0.04330263 -0.08769493
v -0.01632310 0.04248790 -0.08774189
v -0.01677331 0.04180672 -0.08955434
v -0.01642149 0.04189309 -0.09049836
v -0.01670346 0.03960752 -0.09058730
v -0.01639237 0.04073454 -0.09151472
v -0.01611251 0.03437640 -0.09151898
v -0.01660687 0.03479679 -0.09017742
v -0.01623508 0.03247008 -0.08950529
v -0.01666413 0.03267125 -0.08901991
v -0.01623627 0.03464289 -0.08939835
v -0.01623404 0.03018348 -0.08582416
v -0.01619238 0.03506947 -0.08873668
v -0.01690365 0.03160250 -0.08814720
v -0.01637596 0.02925132 -0.08556923
v -0.01600081 0.02944410 -0.08306067
v -0.01619236 0.02853303 -0.07932390
v -0.01585408 0.02940559 -0.07943095
v -0.01591902 0.03000700 -0.07706757
v -0.01533938 0.02827269 -0.07894574
v -0.01565085 0.02791907 -0.08310616
v -0.01590701 0.03047854 -0.07850414
v -0.01634653 0.02842665 -0.08360802
v -0.01618757 0.03004814 -0.08158917
v -0.01618584 0.03065752 -0.08500969
v -0.01626279 0.03157138 -0.08630804
v -0.01626983 0.03320053 -0.08754865
v -0.01591843 0.03055848 -0.08853050
v -0.01625011 0.03753285 -0.09243924
v -0.01696481 0.04063803 -0.09363115
v -0.01683922 0.03657365 -0.09427025
v -0.01821706 0.04080086 -0.09902035
v -0.01777666 0.02781601 -0.09908911
v -0.01707919 0.02209507 -0.09703723
v -0.01727287 0.00933913 -0.09937123
v -0.01614390 0.00909738 -0.09473107
v -0.01843483 0.01986375 -0.10163788
v -0.01815149 0.00233087 -0.10191903
v -0.01725322 -0.01876382 -0.10023269
v -0.01799588 -0.03146621 -0.10201582
v -0.01867148 -0.02575082 -0.10282693
v -0.01629209 0.01904535 -0.09339382
v -0.01585197 0.02153450 -0.08865872
v -0.01503580 0.01375040 -0.08350868
v -0.01519160 0.02059628 -0.08207717
v -0.01921575 0.04048218 -0.10165423
v -0.01819376 -0.05924063 -0.10225235
v -0.01785789 -0.04544472 -0.10172285
v -0.01686648 -0.04345938 -0.09931482
v -0.01549655 0.00544049 -0.08910642
v -0.01690218 -0.03257561 -0.09913430
v -0.01900812 -0.05795012 -0.10320594
v -0.01905469 -0.06165857 -0.10300723
v -0.01829887 -0.06256605 -0.10172289
v -0.01917094 -0.06359077 -0.10209707
v -0.01849767 -0.06348673 -0.09999876
v -0.01782491 -0.06237385 -0.09972833
v -0.01732650 -0.06019865 -0.09965625
v -0.01720721 -0.06099667 -0.09677615
v -0.01708810 -0.06142753 -0.08669612
v -0.01683802 -0.05931127 -0.09581900
v -0.01737740 -0.06210697 -0.08524435
v -0.01651454 -0.05509020 -0.09589124
v -0.01615130 -0.05531938 -0.08883926
v -0.01636549 -0.05019121 -0.09560372
v -0.01617767 -0.05102280 -0.08994467
v -0.01585970 -0.04519558 -0.08764807
v -0.01584157 -0.04004837 -0.09163096
v -0.01548828 -0.04161400 -0.08223669
v -0.01541983 -0.03661321 -0.08600021
v -0.01503661 -0.03517105 -0.08342248
v -0.01490870 -0.03915057 -0.08022446
v -0.01416653 -0.03399575 -0.08139778
v -0.01424298 -0.03983561 -0.07790538
v -0.01484365 -0.04343893 -0.07680744
v -0.01502301 -0.04684574 -0.07435074
v -0.01422418 -0.04583592 -0.07327929
v -0.01495213 -0.05193004 -0.06926555
v -0.01317285 -0.03924169 -0.07668125
v -0.01293114 -0.04413554 -0.07280763
v -0.01066862 -0.03955133 -0.07390561
v -0.01184933 -0.03588207 -0.07719539
v -0.00649578 -0.03858897 -0.07064982
v -0.00804445 -0.04277653 -0.06889988
v -0.00480699 -0.04134779 -0.06708754
v -0.00490153 -0.03793523 -0.06963890
v -0.00500689 -0.03482403 -0.07151049
v -0.00494481 -0.03364464 -0.07042631
v -0.00504997 -0.03191199 -0.07135401
v -0.00496435 -0.03648530 -0.06895473
v -0.00501037 -0.03270460 -0.07256383
v -0.00501058 -0.03010758 -0.07326598
v -0.00487243 -0.02946500 -0.07200951
v -0.00509469 -0.02721790 -0.07255986
v -0.00496876 -0.02683009 -0.07430226
v -0.00503936 -0.02509005 -0.07379524
v -0.00507976 -0.02495737 -0.07536608
v -0.00504323 -0.02179128 -0.07465835
v -0.00504984 -0.02169129 -0.07589965
v -0.00516024 -0.01693552 -0.07543407
v -0.00505057 -0.01538800 -0.07492578
v -0.00489290 -0.02221258 -0.07421187
v -0.00515290 -0.00790916 -0.07485269
v -0.00526556 -0.00570237 -0.07606042
v -0.00524283 -0.01971157 -0.07654495
v -0.00670270 -0.02231423 -0.07701255
v -0.00618627 -0.01529211 -0.07726242
v -0.00745570 -0.01807563 -0.07808527
v -0.00821821 -0.02367174 -0.07811766
v -0.00993914 -0.01840412 -0.08070359
v -0.01025334 -0.02362255 -0.08017415
v -0.01044901 -0.02765032 -0.07928744
v -0.01317260 -0.02514511 -0.08266884
v -0.01305053 -0.02932069 -0.08147198
v -0.01078263 -0.03152740 -0.07828624
v -0.00951393 -0.01374405 -0.08046979
v -0.01293525 -0.01995853 -0.08314607
v -0.00656799 -0.02751191 -0.07566806
v -0.00726334 -0.01123952 -0.07789154
v -0.00966405 -0.00785201 -0.08041418
v -0.00885155 -0.00171124 -0.07885122
v -0.01007876 -0.00256586 -0.08026866
v -0.00979082 0.00349573 -0.07876286
v -0.00715298 -0.00241950 -0.07665460
v -0.01332947 0.00360779 -0.08219900
v -0.01280350 0.00692922 -0.08067770
v -0.00971434 0.00829277 -0.07708406
v -0.01298015 0.01555518 -0.07753461
v -0.01001714 0.01325657 -0.07528795
v -0.00828966 0.01076111 -0.07405727
v -0.01410470 0.00724285 -0.08209820
v -0.01293322 -0.00192305 -0.08272180
v -0.00808521 0.00417409 -0.07636636
v -0.01416108 -0.00014785 -0.08385698
v -0.01420535 -0.00694597 -0.08457769
v -0.01458806 0.00838590 -0.08273096
v -0.00696828 0.00642373 -0.07368379
v -0.00690224 0.00861259 -0.07258204
v -0.00696212 0.01093833 -0.07143796
v -0.00669305 0.01319380 -0.07002631
v -0.00517177 0.01179274 -0.07020718
v -0.00494124 0.01528613 -0.06771491
v -0.00490721 0.01232652 -0.06824085
v -0.00505093 0.01082993 -0.06930866
v -0.00504919 0.00914447 -0.07017032
v -0.00638343 0.01688784 -0.06724014
v -0.00491261 0.01669330 -0.06650610
v -0.00487732 0.01541394 -0.06619144
v -0.00485095 0.01852254 -0.06505438
v -0.00498375 0.01385037 -0.06717415
v -0.00491657 0.01660412 -0.06516282
v -0.00499407 0.01804364 -0.06376631
v -0.00473595 0.01949710 -0.06293591
v -0.00521907 0.00733132 -0.07257797
v -0.00542509 0.00442141 -0.07377664
v -0.00507715 0.00566751 -0.07191843
v -0.00510129 0.00340800 -0.07294389
v -0.00537070 0.00130884 -0.07469350
v -0.00505305 0.00050529 -0.07356482
v -0.00513843 0.00036358 -0.07382758
v -0.00515712 -0.00328580 -0.07413475
v -0.00527463 -0.00205000 -0.07542283
v -0.00645850 -0.00180278 -0.07581700
v -0.00505215 0.00744721 -0.07102614
v -0.00522303 0.00985645 -0.07134494
v -0.00495579 0.00410815 -0.07257999
v -0.00690727 0.00211249 -0.07504944
v -0.00641532 -0.00651366 -0.07676072
v -0.00506104 -0.00384853 -0.07459928
v -0.00508579 -0.01205641 -0.07656818
v -0.00489296 -0.03478784 -0.06938078
v -0.00523307 -0.03001329 -0.07378412
v -0.00499351 -0.04353954 -0.06516086
v -0.01049010 -0.04669041 -0.06773947
v -0.00475901 -0.04345992 -0.06371046
v -0.00491640 -0.04641124 -0.06201672
v -0.00547004 -0.04803242 -0.06105733
v -0.00484401 -0.04473341 -0.06214901
v -0.01073649 -0.04285768 -0.07150986
v -0.00477468 -0.03902730 -0.06713239
v -0.01412470 -0.04934459 -0.06978209
v -0.01540737 -0.05112347 -0.07232048
v -0.01545463 -0.05616796 -0.06668343
v -0.01459648 -0.05633152 -0.06295606
v -0.01573933 -0.05812266 -0.06500824
v -0.01583134 -0.05978270 -0.06091029
v -0.01352134 -0.05685444 -0.05964969
v -0.01299323 -0.05450742 -0.06214994
v -0.01085740 -0.05401762 -0.05918888
v -0.01024173 -0.05071551 -0.06296716
v -0.01205344 -0.05045596 -0.06556813
v -0.01661865 -0.06094780 -0.06365862
v -0.01625627 -0.06144824 -0.05774856
v -0.01550722 -0.04882240 -0.07480847
v -0.01589676 -0.04963138 -0.07807482
v -0.01294812 -0.04754693 -0.06973062
v -0.01678594 -0.06155250 -0.06075982
v -0.01757899 -0.06255627 -0.06288329
v -0.01565469 -0.05461966 -0.07089790
v -0.01588762 -0.05588695 -0.07459637
v -0.01610901 -0.05900300 -0.06838034
v -0.01670081 -0.06097808 -0.07504226
v -0.01609857 -0.05663004 -0.08034354
v -0.00532050 -0.05015297 -0.05817326
v -0.00494929 -0.04756068 -0.05933845
v -0.00507543 -0.04953305 -0.05687873
v -0.00514095 -0.05066388 -0.05554704
v -0.00554869 -0.05180269 -0.05593072
v -0.00519128 -0.05160709 -0.05430613
v -0.00522607 -0.05335276 -0.05116088
v -0.00565517 -0.05349341 -0.05247363
v -0.00517637 -0.05470805 -0.04910931
v -0.00484155 -0.04634628 -0.06089637
v -0.01297919 -0.03376705 -0.07962673
v -0.01398681 -0.05328168 -0.06530636
v -0.01428818 -0.03042043 -0.08307203
v -0.01530955 -0.03168817 -0.08653639
v -0.01579552 -0.02976041 -0.09233118
v -0.01539467 -0.02517162 -0.08837084
v -0.01499372 -0.02496020 -0.08602992
v -0.01519076 -0.00807357 -0.08797875
v -0.01477434 -0.01607238 -0.08596735
v -0.01480875 -0.00432741 -0.08594371
v -0.01409824 -0.01567531 -0.08463072
v -0.01605629 -0.05080069 -0.08071383
v -0.01687798 -0.05299118 -0.09888106
v -0.01640197 -0.05925884 -0.08092592
v -0.01841512 -0.06336663 -0.09290659
v -0.01545392 -0.04431531 -0.07937758
v -0.01664101 -0.06033341 -0.08255503
v -0.01561798 -0.00766553 -0.09103746
v -0.01872332 0.00441371 -0.10259291
v -0.01749642 -0.06247193 -0.07588887
v -0.01691287 0.00424416 -0.09815003
v -0.01707998 0.04324795 -0.09215907
v -0.01669763 0.04397633 -0.08863653
v -0.01842223 0.04668014 -0.09534220
v -0.01687581 0.04530261 -0.08576568
v -0.01816968 0.04799199 -0.08775832
v -0.01809702 0.04825401 -0.08125650
v -0.01917035 0.04995259 -0.08740356
v -0.01910159 0.05024087 -0.08065527
v -0.01815218 0.04779778 -0.07462528
v -0.01721941 0.04512872 -0.07530631
v -0.01791331 0.04747668 -0.07102828
v -0.01953443 0.04954268 -0.09277474
v -0.01949423 0.04995685 -0.07318772
v -0.01942579 0.04833931 -0.09664560
v -0.01617968 0.03847202 -0.08972730
v -0.01696749 0.04510288 -0.07938138
v -0.01631984 0.04295748 -0.08446539
v -0.01678944 -0.01905110 -0.09879222
v -0.01984967 0.03352043 -0.10295089
v -0.01622495 -0.04165869 -0.09571343
v -0.01839475 0.04404560 -0.09861584
v -0.01947988 0.04692019 -0.09971907
v -0.01975660 0.04430420 -0.10210363
v -0.01620524 -0.00578206 -0.09546520
v -0.01761709 -0.05889858 -0.10093496
v -0.01623642 0.03947438 -0.08839225
v -0.01670892 0.04456197 -0.08718757
v -0.01664319 0.04163397 -0.07794063
v -0.01850420 -0.06349701 -0.08436635
v -0.01629046 0.02946989 -0.09257500
v -0.01636402 0.04170250 -0.08697301
v -0.00641559 -0.03354476 -0.07332888
v -0.00477393 -0.04161957 -0.06492174
v -0.01556586 0.03279818 -0.07617631
v -0.01562050 0.03190376 -0.07524484
v -0.01497259 0.02964921 -0.07621262
v -0.01626435 0.04044683 -0.07214143
v -0.00947107 0.01778026 -0.07226525
v -0.01238056 0.01933297 -0.07527901
v -0.01444493 0.01541887 -0.07970058
v -0.01484225 0.01564474 -0.08157467
v -0.01870955 0.03202802 -0.08523950
v -0.00721750 0.03545762 -0.05032682
v -0.00598793 0.03259109 -0.03914887
v -0.01567773 0.02798679 -0.08527959
v -0.01432096 -0.02421625 -0.08438177
v -0.00470375 0.02208459 -0.06039822
v -0.01619193 -0.02023765 -0.09583400
v -0.01871614 0.03344717 -0.08694240
v -0.00637838 0.03721490 -0.03998936
v -0.00611701 0.02057710 -0.06398383
v -0.01494224 -0.03058205 -0.08474907
v -0.01124624 -0.03808392 0.03332044
v -0.00668456 0.02840402 0.01290018
v -0.00543898 0.02704671 0.01268752
v -0.00534721 0.02800020 0.01046143
v -0.00650452 0.02982436 0.00935128
v -0.00782841 0.03160050 0.01085490
v -0.00851241 0.03152849 0.01308923
v -0.00526826 0.02848436 0.00900212
v -0.00969693 0.03449977 0.01290963
v -0.00804985 0.03460913 0.00797797
v -0.01055991 0.03405526 0.01498950
v -0.00996292 0.02860588 0.01894327
v -0.01097407 0.03690769 0.01392108
v -0.01214805 0.03039841 0.02114180
v -0.01410116 0.03309379 0.02260479
v -0.01263543 0.02845429 0.02397699
v -0.01420824 0.02842349 0.02685273
v -0.01236274 0.02592705 0.02606613
v -0.01179911 0.02337293 0.02694189
v -0.01326893 0.02279124 0.02843114
v -0.01125453 0.01845584 0.02898064
v -0.01021692 0.01667371 0.02888852
v -0.01340934 0.01763252 0.03034270
v -0.01415353 0.01959259 0.03030382
v -0.01413620 0.02336555 0.02902647
v -0.01029344 0.01310182 0.03108893
v -0.00986099 0.01991498 0.02504878
v -0.01440173 0.03474245 0.02272702
v -0.01455112 0.02851828 0.02830577
v -0.01463392 0.03343977 0.02666049
v -0.01464910 0.03205796 0.03104322
v -0.01451563 0.02367533 0.03537413
v -0.01446618 0.04099172 0.02048038
v -0.01446029 0.01928589 0.03436074
v -0.01416714 0.03795697 0.01934527
v -0.01102935 0.02513889 0.02318166
v -0.01313735 0.03827465 0.01637379
v -0.00866259 0.01587737 0.02557751
v -0.01445139 0.02386168 0.03001911
v -0.01431916 0.04077611 0.01791126
v -0.01454116 0.04519213 0.01949431
v -0.01435689 0.04685274 0.01543330
v -0.01475200 0.04697819 0.01816360
v -0.01479215 0.04719281 0.03442270
v -0.01528960 0.04862894 0.03153536
v -0.01448983 0.04466383 0.03187506
v -0.00932395 0.01237461 0.03022454
v -0.00823160 0.01277059 0.02660488
v -0.00857601 0.00697268 0.03170947
v -0.01325416 0.01431089 0.03186391
v -0.01333106 0.01029644 0.03377202
v -0.01017032 0.00545539 0.03442809
v -0.01243130 0.00661669 0.03506064
v -0.01209698 0.00174424 0.03656528
v -0.00915761 0.00156801 0.03510912
v -0.01336429 0.00624555 0.03586627
v -0.01395587 0.04118859 0.01596542
v -0.01342068 0.00264119 0.03712064
v -0.01399706 0.00631301 0.03748379
v -0.01358105 0.00003881 0.03846040
v -0.01420608 -0.00054162 0.04025035
v -0.01437031 0.00858770 0.04040101
v -0.01422361 0.01227706 0.03665779
v -0.01387545 0.00828401 0.03608427
v -0.01354293 -0.00534221 0.04004349
v -0.01418857 -0.00610871 0.04118285
v -0.01218423 -0.00587537 0.03845667
v -0.01185651 -0.00267563 0.03751349
v -0.00888610 0.02000126 0.02315865
v -0.00919398 0.00761584 0.03256816
v -0.00506104 -0.00384853 -0.07459928
v -0.00526556 -0.00570237 -0.07606042
v -0.00527463 -0.00205000 -0.07542283
v -0.00645850 -0.00180278 -0.07581700
v -0.00641532 -0.00651366 -0.07676072
v -0.00508579 -0.01205641 -0.07656818
v -0.00715298 -0.00241950 -0.07665460
v -0.00690727 0.00211249 -0.07504944
v -0.00504919 0.00914447 -0.07017032
v -0.00505215 0.00744721 -0.07102614
v -0.00522303 0.00985645 -0.07134494
v -0.00470375 0.02208459 -0.06039822
v -0.00485095 0.01852254 -0.06505438
v -0.00473015 0.02249641 -0.06151498
v -0.00611701 0.02057710 -0.06398383
v -0.01520999 -0.03483849 0.04101094
v -0.01522480 -0.04599874 0.03747462
v -0.01510600 -0.04412418 0.03571303
v -0.01525275 -0.04283914 0.04592213
v -0.01520617 -0.02434088 0.04567750
v -0.01450096 -0.00551773 0.04223129
v -0.01423240 -0.01347791 0.04120818
v -0.01418857 -0.00610871 0.04118285
v -0.01466853 -0.02069418 0.04170687
v -0.01430949 -0.02060598 0.04056699
v -0.01549648 -0.06084946 0.04924842
v -0.01645256 -0.06171634 0.04680578
v -0.01577705 -0.06005656 0.04676398
v -0.01673628 -0.06238378 0.04799830
v -0.01577494 -0.06241622 0.05020351
v -0.01490606 -0.05463606 0.02323316
v -0.01425189 -0.05481826 0.02050703
v -0.01426785 -0.05139927 0.02470073
v -0.01493379 -0.05192965 0.02615342
v -0.01371089 -0.05353345 0.02112229
v -0.01495191 -0.03635703 0.03702960
v -0.01432204 -0.04010155 0.03462222
v -0.01443070 -0.03443238 0.03680494
v -0.01225694 -0.03462280 0.03556729
v -0.01124624 -0.03808392 0.03332044
v -0.00742342 -0.01348887 0.03555921
v -0.00766786 -0.02224752 0.03457769
v -0.00683074 -0.01361760 0.03263671
v -0.00825642 -0.02186957 0.03589634
v -0.00823878 -0.01545706 0.03660727
v -0.00916443 -0.02196253 0.03669041
v -0.00913149 -0.02837979 0.03523473
v -0.01009525 -0.02851427 0.03595902
v -0.00693116 -0.00663772 0.03243349
v -0.00839908 -0.02723951 0.03462557
v -0.00998077 -0.03497313 0.03379074
v -0.00904251 -0.03523160 0.03256665
v -0.00916346 -0.04863305 0.02003052
v -0.00804717 -0.04799400 0.01778264
v -0.00815746 -0.04484261 0.02123896
v -0.00736069 -0.04459230 0.02048612
v -0.00997315 -0.04852458 0.02233808
v -0.00958573 -0.05088746 0.01757037
v -0.00916346 -0.04863305 0.02003052
v -0.01156491 -0.05161653 0.02092187
v -0.01591902 0.03000700 -0.07706757
v -0.01590701 0.03047854 -0.07850414
v -0.01575410 0.03153467 -0.07721772
v -0.01562050 0.03190376 -0.07524484
v -0.01497259 0.02964921 -0.07621262
v -0.01565085 0.02791907 -0.08310616
v -0.01567773 0.02798679 -0.08527959
v -0.01637596 0.02925132 -0.08556923
v -0.01496729 0.02756022 -0.07768575
v -0.01634653 0.02842665 -0.08360802
v -0.01519160 0.02059628 -0.08207717
v -0.01472760 0.02170100 -0.07777479
v -0.01503580 0.01375040 -0.08350868
v -0.01484225 0.01564474 -0.08157467
v -0.01458806 0.00838590 -0.08273096
v -0.01444493 0.01541887 -0.07970058
v -0.01485267 0.00321867 -0.08497626
v -0.01549655 0.00544049 -0.08910642
v -0.01404262 0.01601469 -0.07856570
v -0.01519076 -0.00807357 -0.08797875
v -0.01561798 -0.00766553 -0.09103746
v -0.01447749 0.02800125 -0.07468544
v -0.01497259 0.02964921 -0.07621262
v -0.01480875 -0.00432741 -0.08594371
v -0.01420535 -0.00694597 -0.08457769
v -0.01409824 -0.01567531 -0.08463072
v -0.01416108 -0.00014785 -0.08385698
v -0.01533938 0.02827269 -0.07894574
v -0.01297772 -0.01059327 -0.08341487
v -0.01293525 -0.01995853 -0.08314607
v -0.01432096 -0.02421625 -0.08438177
v -0.00993914 -0.01840412 -0.08070359
v -0.00951393 -0.01374405 -0.08046979
v -0.01410470 0.00724285 -0.08209820
v -0.01280350 0.00692922 -0.08067770
v -0.01298015 0.01555518 -0.07753461
v -0.01293322 -0.00192305 -0.08272180
v -0.01238056 0.01933297 -0.07527901
v -0.00966405 -0.00785201 -0.08041418
v -0.01567773 0.02798679 -0.08527959
v -0.01585197 0.02153450 -0.08865872
v -0.01591843 0.03055848 -0.08853050
v -0.01629046 0.02946989 -0.09257500
v -0.01561798 -0.00766553 -0.09103746
v -0.01620524 -0.00578206 -0.09546520
v -0.01614390 0.00909738 -0.09473107
v -0.01619193 -0.02023765 -0.09583400
v -0.01609857 -0.05663004 -0.08034354
v -0.01615130 -0.05531938 -0.08883926
v -0.01605629 -0.05080069 -0.08071383
v -0.01640197 -0.05925884 -0.08092592
v -0.01589676 -0.04963138 -0.07807482
v -0.01605629 -0.05080069 -0.08071383
v -0.01585970 -0.04519558 -0.08764807
v -0.01545392 -0.04431531 -0.07937758
v -0.01636549 -0.05019121 -0.09560372
v -0.01687798 -0.05299118 -0.09888106
v -0.01686648 -0.04345938 -0.09931482
v -0.01622495 -0.04165869 -0.09571343
v -0.01761709 -0.05889858 -0.10093496
v -0.01670081 -0.06097808 -0.07504226
v -0.01708810 -0.06142753 -0.08669612
v -0.01664101 -0.06033341 -0.08255503
v -0.01749642 -0.06247193 -0.07588887
v -0.01681016 0.04395511 -0.07183610
v -0.01626435 0.04044683 -0.07214143
v -0.01703582 0.04397595 -0.07419849
v -0.01671972 0.04089359 -0.07469276
v -0.01721941 0.04512872 -0.07530631
v -0.01728959 0.04275034 -0.07613316
v -0.01710576 0.04408535 -0.07976480
v -0.01696749 0.04510288 -0.07938138
v -0.00686038 0.03678681 -0.04732102
v -0.00721750 0.03545762 -0.05032682
v -0.00726043 0.03616896 -0.05106355
v -0.00735061 0.03660855 -0.05307652
v -0.00611701 0.02057710 -0.06398383
v -0.00638343 0.01688784 -0.06724014
v -0.00812562 0.02015052 -0.06840912
v -0.00669305 0.01319380 -0.07002631
v -0.00947107 0.01778026 -0.07226525
v -0.00947107 0.01778026 -0.07226525
v -0.01238056 0.01933297 -0.07527901
v -0.01405404 0.02306702 -0.07568830
v -0.01001714 0.01325657 -0.07528795
v -0.01305053 -0.02932069 -0.08147198
v -0.01416653 -0.03399575 -0.08139778
v -0.01428818 -0.03042043 -0.08307203
v -0.01297919 -0.03376705 -0.07962673
v -0.01205344 -0.05045596 -0.06556813
v -0.01398681 -0.05328168 -0.06530636
v -0.01294812 -0.04754693 -0.06973062
v -0.01049010 -0.04669041 -0.06773947
v -0.01024173 -0.05071551 -0.06296716
v -0.01184933 -0.03588207 -0.07719539
v -0.01297919 -0.03376705 -0.07962673
v -0.01078263 -0.03152740 -0.07828624
v -0.00641559 -0.03354476 -0.07332888
v -0.01319085 0.04093561 0.01494326
v -0.01174493 0.03943506 0.01426439
v -0.01160210 0.04350036 0.01441438
v -0.07026874 0.04740811 -0.01691821
v -0.06933989 0.04746522 -0.02665463
v -0.07050488 0.04757672 -0.02898578
v -0.06753111 0.04708974 -0.02293820
v -0.06870755 0.04713248 -0.01447682
v -0.06986367 0.04667489 -0.00862695
v -0.06761036 0.04632999 -0.00864400
v -0.06818223 0.04621635 -0.00575906
v -0.07002140 0.04611649 -0.00286609
v -0.07146770 0.04633878 -0.00716821
v -0.07165027 0.04584430 -0.00198925
v -0.07213485 0.04592168 -0.00799991
v -0.06763935 0.04521947 -0.00036150
v -0.06913388 0.04535390 0.00103643
v -0.06892852 0.04723210 -0.03732229
v -0.07139622 0.04483877 0.00334523
v -0.07122050 0.04741857 -0.02008634
v -0.07154089 0.04674875 -0.01139735
v -0.06727386 0.04597488 -0.00357953
v -0.06748832 0.04674432 -0.01331289
v -0.06717392 0.04703979 -0.03034344
v -0.06747338 0.04673275 -0.03749380
v -0.06710395 0.04659737 -0.04016985
v -0.06748789 0.04619263 -0.04144195
v -0.07094007 0.04725693 -0.03764686
v -0.07154790 0.04735343 -0.02729465
v -0.07171682 0.04667618 -0.03930868
v -0.07133459 0.04589393 -0.04928029
v -0.07224165 0.04565857 -0.04553374
v -0.06715851 0.04697562 -0.01618197
v -0.07167322 0.04733870 -0.02186938
v -0.07203094 0.04473332 0.00285304
v -0.07175476 0.04286313 0.00686076
v -0.06939671 0.04363069 0.00620750
v -0.06990604 0.04265791 0.00732775
v -0.06849094 0.04299728 0.00668950
v -0.06756297 0.04369413 0.00478589
v -0.06764095 0.04239848 0.00628431
v -0.06719094 0.04456506 0.00304194
v -0.07017415 0.04671772 -0.04374083
v -0.06902852 0.04473218 0.00332235
v -0.07017395 0.04605980 -0.04910951
v -0.07001885 0.04472646 -0.05457407
v -0.07150472 0.04497698 -0.05326770
v -0.07190922 0.04402071 -0.05487044
v -0.07078801 0.04324061 -0.05659191
v -0.06890499 0.04553018 -0.05055812
v -0.06751589 0.04483863 -0.05087462
v -0.06852617 0.04413158 -0.05490570
v -0.06713734 0.04389159 -0.05368981
v -0.06708065 0.04483571 -0.05128423
v -0.07243432 0.04236970 -0.05619560
v -0.06975805 0.04318725 -0.05674548
v -0.06748514 0.04547156 -0.04778123
v -0.06712137 0.04558809 -0.04784542
v -0.06902852 0.04473218 0.00332235
v -0.06756297 0.04369413 0.00478589
v -0.06763935 0.04521947 -0.00036150
v -0.06719094 0.04456506 0.00304194
v -0.06723757 0.04256270 0.00744042
v -0.06751604 0.00542043 0.06134740
v -0.06741632 0.00393700 0.06946620
v -0.06728945 0.00500968 0.06793663
v -0.06728303 0.00360887 0.07225584
v -0.06747894 0.00668705 0.06870573
v -0.06740691 0.00237707 0.07390296
v -0.06900913 0.00405052 0.06678343
v -0.06746034 0.00403652 0.07483665
v -0.06846387 0.00234441 0.07284427
v -0.06758168 0.00683284 0.05981051
v -0.06899811 0.00317018 0.07012110
v -0.06862703 0.00500833 0.06088855
v -0.06922744 0.00436924 0.06278256
v -0.06924393 0.00422103 0.05784650
v -0.06933819 -0.00040277 0.06215657
v -0.06931360 -0.00079927 0.05649355
v -0.06905091 0.00391522 0.05512222
v -0.06915545 0.00142218 0.05069825
v -0.06914021 -0.00125173 0.05847139
v -0.06919575 -0.00272573 0.05545518
v -0.06849736 -0.00221721 0.05861355
v -0.06857085 -0.00189083 0.06205347
v -0.06924534 -0.00125458 0.06691332
v -0.06913462 -0.00141426 0.04807351
v -0.06749024 0.00074627 0.04922631
v -0.06744660 -0.00286517 0.04650226
v -0.06906114 -0.00372140 0.04670958
v -0.06918292 -0.00900659 0.04681339
v -0.06906326 -0.00540439 0.04604853
v -0.06764535 0.00404615 0.05020649
v -0.06757744 -0.00144344 0.04605086
v -0.06769262 0.00636420 0.04820327
v -0.06946054 -0.00387935 0.06147147
v -0.06947829 -0.00444273 0.05876020
v -0.06957540 -0.00510104 0.06122036
v -0.06935093 -0.00431031 0.06580513
v -0.06941979 -0.00666238 0.06933726
v -0.06940500 -0.00893698 0.06673717
v -0.06933283 -0.01041903 0.06859554
v -0.06915218 -0.01210895 0.06656100
v -0.06943126 -0.01261854 0.06430687
v -0.06947679 -0.00884980 0.06168504
v -0.06940188 -0.01179277 0.06071814
v -0.06935901 -0.01476348 0.06654978
v -0.06943924 -0.01523099 0.05951706
v -0.06943269 -0.01362638 0.05450211
v -0.06942547 -0.01918346 0.05895971
v -0.06945682 -0.02093359 0.06295794
v -0.06931530 -0.02089453 0.06149206
v -0.06938113 -0.01661551 0.06217048
v -0.06928525 -0.00962466 0.07227157
v -0.06864703 -0.00609217 0.07148482
v -0.06865841 -0.00869221 0.07325124
v -0.06886341 -0.01101748 0.07307899
v -0.06926960 -0.01316357 0.07219635
v -0.06926148 -0.01776318 0.05635563
v -0.06922681 -0.01568101 0.05467532
v -0.06838655 -0.01831658 0.05539526
v -0.06850170 -0.00378492 0.06842989
v -0.06917990 -0.01434621 0.06416496
v -0.06935863 -0.00710905 0.06057885
v -0.06756902 -0.00576787 0.04298746
v -0.06739167 -0.00233064 0.03410035
v -0.06759264 0.01122757 0.03708948
v -0.06739231 0.00388166 0.03507294
v -0.06687102 0.00105755 0.03386027
v -0.06691773 0.00528635 0.03459596
v -0.06767761 0.01490502 0.04499079
v -0.06758775 0.01279806 0.03785517
v -0.06768594 0.01540801 0.05826406
v -0.06763443 0.01566553 0.04906778
v -0.06757892 0.01622316 0.05657456
v -0.06686063 0.01704350 0.05398184
v -0.06698341 0.01689389 0.04742877
v -0.06705380 0.01928354 0.05248125
v -0.06714674 0.01667482 0.03897489
v -0.06703420 0.01950854 0.06499147
v -0.06709907 0.02860777 0.06028512
v -0.06701612 0.03003487 0.05926146
v -0.06723039 0.03007933 0.06006365
v -0.06686207 0.01757997 0.05834683
v -0.06734673 0.02762665 0.06207684
v -0.06679019 0.03030726 0.06107982
v -0.06666929 0.03144500 0.06166614
v -0.06668907 0.02842853 0.06216536
v -0.06719359 0.02861628 0.04386755
v -0.06647927 0.02901032 0.06272938
v -0.06686953 0.01820945 0.06480426
v -0.06715785 0.01830541 0.06916683
v -0.06712764 0.03498063 0.06001191
v -0.06740965 -0.00912086 0.03861991
v -0.06753937 -0.01387580 0.04157408
v -0.06745708 -0.01111471 0.04360334
v -0.06764368 -0.00725571 0.04447136
v -0.06755336 -0.01521060 0.04336077
v -0.06820238 -0.01284814 0.04395370
v -0.06786444 -0.01541153 0.04402640
v -0.06914613 -0.01738549 0.04501162
v -0.06743211 -0.02168027 0.03714458
v -0.06763889 -0.02365238 0.04546407
v -0.06742259 -0.02917209 0.03784063
v -0.06747691 -0.02389585 0.03414919
v -0.06771760 -0.02824313 0.04773341
v -0.06713934 0.02648116 0.06226368
v -0.06733748 -0.00916900 0.03400140
v -0.06694641 0.01895682 0.07011677
v -0.06684682 0.01933082 0.07578203
v -0.06756753 0.01424134 0.04015854
v -0.06688974 0.01451570 0.03977168
v -0.06753948 0.01751855 0.06180614
v -0.06689178 0.01315052 0.03732495
v -0.06760443 0.01773045 0.06963530
v -0.06691851 0.01535754 0.04209408
v -0.06743653 0.00361435 0.05274684
v -0.06854161 -0.00338470 0.05674664
v -0.06839470 -0.02163908 0.06084548
v -0.06686124 0.02022805 0.07953200
v -0.06708498 0.02760497 0.07189224
v -0.06700246 0.02888823 0.07406669
v -0.06715657 0.03062902 0.07407592
v -0.06664910 0.02862176 0.07217457
v -0.06685876 0.02805106 0.07964412
v -0.06706902 0.02613744 0.06842193
v -0.06682129 0.02083253 0.08243552
v -0.06660965 0.02955023 0.09334232
v -0.06653919 0.02280833 0.08923375
v -0.06612639 0.02233425 0.09503879
v -0.06637411 0.02858348 0.09611022
v -0.06653410 0.03520070 0.09560730
v -0.06677680 0.03393933 0.08503873
v -0.06672366 0.04233787 0.08412492
v -0.06680417 0.03614060 0.07495013
v -0.06666979 0.04164584 0.07933588
v -0.06637825 0.04561642 0.07944696
v -0.06645303 0.04780945 0.08153165
v -0.06577658 0.04779811 0.07830045
v -0.06606136 0.04689638 0.07562435
v -0.06639936 0.04527749 0.07579668
v -0.06668769 0.04588657 0.06305074
v -0.06636744 0.04680415 0.06359846
v -0.06677649 0.04467257 0.06485194
v -0.06671879 0.05038970 0.08607296
v -0.06672081 0.03546511 0.09025811
v -0.06559689 0.04950055 0.07977529
v -0.06686351 0.03164035 0.07512071
v -0.06670292 0.04116492 0.07395339
v -0.06624381 0.05165430 0.08314414
v -0.06657161 0.03169537 0.07331567
v -0.06695807 0.03597233 0.07391127
v -0.06641145 0.02102715 0.08903003
v -0.06655737 0.03614986 0.07300757
v -0.06717540 0.03879856 0.07175597
v -0.06664601 0.02738517 0.06955600
v -0.06927961 -0.00599688 0.05265472
v -0.06921952 -0.00356496 0.06263711
v -0.06683887 -0.00210053 0.03358443
v -0.06685278 0.03518941 0.07140852
v -0.06643926 0.03692015 0.07159170
v -0.06679673 0.01713934 0.05735093
v -0.06689039 0.03018232 0.07108272
v -0.06689520 0.03716320 0.06774615
v -0.06691303 0.04565950 0.04657259
v -0.06759281 -0.01877111 0.04444715
v -0.06656953 0.03779983 0.07177997
v -0.06705647 -0.01788889 0.03354027
v -0.06686031 -0.02275634 0.03365856
v -0.06702169 -0.02108770 0.03195711
v -0.06704012 -0.00923740 0.03159750
v -0.06685903 -0.01037203 0.03076863
v -0.06678018 -0.03302113 0.03073506
v -0.06669142 -0.02655975 0.03402526
v -0.06693838 0.01426261 0.03066006
v -0.06705749 0.01450220 0.03146000
v -0.06713478 0.01485735 0.02778736
v -0.06713768 0.01578595 0.03674721
v -0.06719055 0.01601432 0.01799746
v -0.06708589 0.01486515 0.01687132
v -0.06725724 0.01446321 0.00889752
v -0.06735018 0.01761564 0.01051051
v -0.06745292 0.01809802 0.00495019
v -0.06744493 0.02114789 0.00737586
v -0.06739477 0.03663984 0.00799033
v -0.06727118 0.01509958 0.00030078
v -0.06754427 0.01707594 0.00139844
v -0.06770288 0.01783524 0.00323659
v -0.06749537 0.01633555 -0.01088435
v -0.06771460 0.01708165 -0.01547813
v -0.06762331 0.03147651 0.00715039
v -0.06756755 0.02236014 0.00697341
v -0.06721294 0.01448957 -0.01317183
v -0.06764494 0.03727501 0.00740292
v -0.06748577 0.04153442 0.00716820
v -0.06723757 0.04256270 0.00744042
v -0.06764095 0.04239848 0.00628431
v -0.06712168 0.04256441 0.01431413
v -0.06692308 0.04613629 0.01865096
v -0.06707766 0.04771578 0.00338202
v -0.06676715 0.04753532 0.01721039
v -0.06678454 0.04667378 0.02458545
v -0.06639949 0.04723421 0.02841028
v -0.06719094 0.04456506 0.00304194
v -0.06727386 0.04597488 -0.00357953
v -0.06680277 0.01390338 0.02762572
v -0.06702824 0.05027194 -0.00201234
v -0.06727724 0.04681454 -0.00887418
v -0.06761036 0.04632999 -0.00864400
v -0.06748832 0.04674432 -0.01331289
v -0.06715851 0.04697562 -0.01618197
v -0.06816605 0.01749711 -0.01935185
v -0.06776551 0.01698804 -0.03298071
v -0.06674062 0.04874742 0.01065759
v -0.06709487 0.05069578 -0.01337959
v -0.06766670 0.01872896 0.00517587
v -0.06699530 -0.03097739 0.03359681
v -0.06692064 -0.03702536 0.03146658
v -0.06677910 -0.05161187 0.03096062
v -0.06653407 -0.05565018 0.03058577
v -0.06683907 -0.05532751 0.03316499
v -0.06749623 -0.02824605 0.03512453
v -0.06655372 -0.04088293 0.03051501
v -0.06660719 -0.05381061 0.02498941
v -0.06654975 -0.05599158 0.00756769
v -0.06636682 -0.05669867 0.02941689
v -0.06657020 -0.03884208 0.01418503
v -0.06655971 -0.04238670 -0.00396941
v -0.06662104 -0.02822782 0.00653715
v -0.06656831 -0.05477537 -0.01077415
v -0.06661841 -0.04122204 -0.02187418
v -0.06670596 -0.02294618 -0.01670196
v -0.06664973 -0.03369966 -0.03687288
v -0.06675721 -0.01187278 -0.03017865
v -0.06672278 -0.00978145 -0.04422340
v -0.06680980 0.01275421 -0.03640256
v -0.06676027 0.00646579 -0.04630442
v -0.06679260 0.01371884 -0.04785294
v -0.06674544 0.01375150 -0.05677755
v -0.06681154 0.01262300 -0.00780795
v -0.06709417 0.01491313 -0.05201201
v -0.06702176 0.01440194 -0.04969933
v -0.06690869 0.01412112 -0.02899812
v -0.06735130 0.01637237 -0.04712688
v -0.06712125 0.01678384 -0.05572779
v -0.06755996 0.01739474 -0.05200709
v -0.06740334 0.01806577 -0.05480064
v -0.06757722 0.01919829 -0.05573594
v -0.06710199 0.02103602 -0.05771991
v -0.06703483 0.01477422 -0.07215162
v -0.06765689 0.02017969 -0.05646954
v -0.06743260 0.02280095 -0.05733670
v -0.06719779 0.03377847 -0.05813805
v -0.06710376 0.03490045 -0.06125976
v -0.06710806 0.03976576 -0.05791316
v -0.06709668 0.04460474 -0.05642681
v -0.06710404 0.04297258 -0.05572964
v -0.06697339 0.04203805 -0.06803912
v -0.06693521 0.04500543 -0.06284804
v -0.06671765 0.04530877 -0.06654383
v -0.06668985 0.04863919 -0.05652364
v -0.06637418 0.04785700 -0.06327866
v -0.06620117 0.04982498 -0.05726727
v -0.06703381 0.03542175 -0.06763325
v -0.06697706 0.04088704 -0.07511927
v -0.06764754 0.04080738 -0.05639468
v -0.06632590 0.05125038 -0.05218056
v -0.06686796 0.05008133 -0.04852882
v -0.06658673 0.05227429 -0.04377951
v -0.06682349 0.05137064 -0.04220232
v -0.06695516 0.05298095 -0.02941003
v -0.06668862 0.05473696 -0.02585630
v -0.06701039 0.05303103 -0.02156512
v -0.06618611 0.05562435 -0.03302766
v -0.06631378 0.05607134 -0.02507067
v -0.06631837 0.05598426 -0.01865342
v -0.06667179 0.05441648 -0.01584925
v -0.06619031 0.05306651 -0.04468098
v -0.06768316 0.04302443 -0.05520476
v -0.06673358 0.04327635 -0.07199158
v -0.06695852 0.02139722 -0.08553824
v -0.06690400 0.03400972 -0.08641793
v -0.06686633 0.02004511 -0.09020577
v -0.06683175 0.03809309 -0.08825027
v -0.06746680 0.03767780 -0.05743053
v -0.06668587 0.03627359 -0.09060747
v -0.06671341 0.04006148 -0.08692717
v -0.06619225 0.05425152 -0.03966996
v -0.06681418 0.01089456 -0.08849646
v -0.06653660 0.01802783 -0.09171683
v -0.06663053 0.01956106 -0.09126486
v -0.06703482 0.04694658 -0.05228908
v -0.06694083 0.01375545 -0.08395640
v -0.06702673 0.01443784 -0.08001902
v -0.06690491 -0.00555467 -0.08385565
v -0.06671973 0.01363483 -0.08117034
v -0.06679994 -0.00840057 -0.08829906
v -0.06681144 -0.01838653 -0.08869329
v -0.06666432 0.01055773 -0.08305384
v -0.06663575 -0.00735942 -0.08303721
v -0.06671695 -0.00773322 -0.08063532
v -0.06636829 0.00805167 -0.09220020
v -0.06667460 -0.01205945 -0.08311034
v -0.06681936 0.01368042 -0.00513657
v -0.06764183 0.01706949 -0.04382905
v -0.06673490 -0.00438902 -0.06284401
v -0.06679195 -0.00439020 -0.01651651
v -0.06675867 -0.00656382 0.00354826
v -0.06662919 -0.04431911 -0.04724134
v -0.06667924 -0.03012279 -0.07258556
v -0.06663558 -0.04419297 -0.06940725
v -0.06669012 -0.03591548 -0.08264851
v -0.06668480 -0.05512739 -0.08217304
v -0.06651369 -0.05161323 -0.08301596
v -0.06631053 -0.05573388 -0.08297617
v -0.06682527 -0.05455939 -0.08328793
v -0.06679269 -0.05606771 -0.08409804
v -0.06651905 -0.05624369 -0.08157139
v -0.06670039 -0.03067332 -0.08308542
v -0.06665149 -0.05458625 -0.06586077
v -0.06671167 -0.01885103 -0.00010452
v -0.06700522 -0.05489096 -0.08398763
v -0.06670509 -0.05528478 -0.08916389
v -0.06681516 -0.04352820 -0.08857151
v -0.06638787 -0.04637957 -0.09209993
v -0.06590634 -0.05054569 -0.09481517
v -0.06603245 -0.03448807 -0.09410974
v -0.06582846 -0.05530042 -0.09451068
v -0.06497679 -0.05110906 -0.09801636
v -0.06563630 -0.02533101 -0.09591854
v -0.06490373 -0.05525098 -0.09790562
v -0.06613857 -0.05593425 -0.09035889
v -0.06696058 -0.03559960 -0.08363476
v -0.06409061 -0.05530562 -0.10011606
v -0.06394504 -0.04555028 -0.10058663
v -0.06311698 -0.05548722 -0.10191697
v -0.06262802 -0.02977997 -0.10270365
v -0.06374063 -0.02581864 -0.10080113
v -0.06282525 -0.02566732 -0.10233031
v -0.06283004 -0.02108853 -0.10239529
v -0.06397735 -0.02130868 -0.10045991
v -0.06364700 -0.01130839 -0.10093005
v -0.06288952 0.00970951 -0.10156022
v -0.06376087 0.00894559 -0.10015336
v -0.06409926 0.01662816 -0.09897096
v -0.06466063 0.00563390 -0.09844064
v -0.06230511 0.01647673 -0.10187982
v -0.06198160 0.00941742 -0.10266322
v -0.06235049 -0.00953776 -0.10264375
v -0.06530576 0.01564662 -0.09644059
v -0.06464087 -0.00958241 -0.09891543
v -0.06576755 0.01673812 -0.09421893
v -0.06156752 0.01752257 -0.10209396
v -0.06074907 0.01788988 -0.10308004
v -0.06034868 0.01964851 -0.10301127
v -0.06083194 0.01886563 -0.10142735
v -0.06220653 0.01788225 -0.09936116
v -0.06668916 0.02132479 -0.09141554
v -0.06660714 0.01308603 -0.08315858
v -0.06663056 -0.05476168 -0.03847250
v -0.06654000 -0.03529895 0.02892179
v -0.06697605 -0.02161223 -0.08374818
v -0.06663647 0.00552903 0.03022411
v -0.06677151 0.01413446 0.02983531
v -0.06654251 -0.05637567 -0.01453456
v -0.06642977 -0.05679575 -0.01064920
v -0.06645191 -0.05700168 0.00792208
v -0.06656251 -0.05675498 -0.03886806
v -0.06657938 -0.05831383 -0.01042302
v -0.06664113 -0.01520653 0.03033876
v -0.06655706 -0.00432169 0.02958524
v -0.06668340 -0.00079385 0.02710513
v -0.06625439 0.02099319 0.09039174
v -0.06683205 0.01363482 0.01132168
v -0.06626940 0.03964924 -0.09130399
v -0.06661403 -0.01982444 0.02682345
v -0.06671224 0.05054318 0.00329683
v -0.06695758 -0.00680390 0.03313214
v -0.06700070 0.01414361 0.01013354
v -0.06668109 0.04654792 0.04604497
v -0.06712118 0.04280855 0.04519401
v -0.06643779 0.04925648 0.01215522
v -0.06630045 -0.01525857 -0.09262740
v -0.06654504 -0.05850545 0.03398785
v -0.06654302 -0.05963006 0.00423113
v -0.06645398 -0.06037076 0.03615516
v -0.06667163 -0.05812249 0.04672324
v -0.06652070 -0.05996876 -0.01659337
v -0.06645293 -0.06065951 -0.00727248
v -0.06619908 -0.06130277 -0.01290397
v -0.06614133 -0.06142147 0.00911094
v -0.06591664 -0.06177401 -0.01051024
v -0.06524494 -0.06243018 0.00835683
v -0.06614432 -0.06156835 0.01728481
v -0.06465750 -0.06311610 0.01874934
v -0.06537583 -0.06247258 0.03515238
v -0.06610283 -0.06158721 0.03877725
v -0.06554875 -0.06238631 0.05977506
v -0.06615982 -0.06153226 0.06028069
v -0.06620680 -0.06196914 0.06697179
v -0.06548793 -0.06277580 0.06637627
v -0.06531197 -0.06318471 0.07814424
v -0.06623388 -0.06205148 0.08227043
v -0.06539874 -0.06295904 0.08631283
v -0.06651963 -0.06103057 0.07819210
v -0.06680912 -0.05796623 0.08158137
v -0.06622951 -0.06067746 0.08552797
v -0.06653926 -0.05790427 0.08525108
v -0.06655616 -0.05747494 0.08054500
v -0.06631579 -0.05771012 0.08536910
v -0.06648892 -0.05746778 0.07308430
v -0.06585545 -0.05870033 0.08874158
v -0.06673836 -0.05675528 0.08126537
v -0.06666989 -0.05737201 0.06448758
v -0.06678969 -0.05835270 0.06731537
v -0.06632359 -0.06098642 -0.03585568
v -0.06660930 -0.05930233 -0.03969979
v -0.06625426 -0.06096731 -0.04284485
v -0.06669113 -0.05895251 -0.05893931
v -0.06622393 -0.06096106 -0.06256465
v -0.06659977 -0.05913303 -0.06733570
v -0.06658130 -0.05911001 -0.07919466
v -0.06619185 -0.06066226 -0.07913178
v -0.06635655 -0.05938221 -0.08501483
v -0.06549119 -0.06182129 -0.08431442
v -0.06511598 -0.06172378 -0.08761369
v -0.06553027 -0.06015320 -0.08925401
v -0.06416444 -0.06175003 -0.09094069
v -0.06521412 -0.05852078 -0.09280364
v -0.06616182 -0.05815164 -0.08917603
v -0.06479959 -0.06269324 -0.08312797
v -0.06575908 -0.06180499 -0.06206790
v -0.06502992 -0.06260925 -0.01048403
v -0.06569843 -0.06179695 -0.07826726
v -0.06677655 -0.05755575 -0.04878688
v -0.06642553 -0.06062742 0.01550097
v -0.06581242 -0.06178401 -0.03697576
v -0.06611769 0.05111616 0.00618693
v -0.06585196 0.05055432 0.00927412
v -0.06642148 -0.03431623 0.03009445
v -0.06485938 -0.02407569 -0.09824119
v -0.06710395 0.04659737 -0.04016985
v -0.06712137 0.04558809 -0.04784542
v -0.06708065 0.04483571 -0.05128423
v -0.06486404 -0.06269470 -0.04355427
v -0.06477707 -0.06275972 -0.06538164
v -0.06591659 0.01539267 -0.09455711
v -0.06639085 0.04615149 -0.06792484
v -0.06621992 0.04495814 -0.07190434
v -0.06770038 -0.02119727 0.04544140
v -0.06774899 -0.02318327 0.04643566
v -0.06786351 -0.02506692 0.04807292
v -0.06769028 -0.02719580 0.05046966
v -0.06913567 -0.02512231 0.04901050
v -0.06916379 -0.02616067 0.05018028
v -0.06923628 -0.02788214 0.05256685
v -0.06909930 -0.02367488 0.04764024
v -0.06900417 -0.02715758 0.05132392
v -0.06767971 0.01273509 0.06180895
v -0.06693611 0.01121249 0.03591807
v -0.06636635 0.04821702 0.01696156
v -0.06713734 0.04389159 -0.05368981
v -0.06653883 0.03960306 0.09402714
v -0.06625678 0.03709036 0.09724310
v -0.06614679 0.04173208 0.09636058
v -0.06652612 0.04575954 0.09173677
v -0.06663441 0.03863022 0.09098646
v -0.06594870 0.04563528 0.09515510
v -0.06630020 0.05100039 0.08910725
v -0.06580376 0.05001525 0.09187734
v -0.06577034 0.05208139 0.08929302
v -0.06670755 -0.02284278 -0.08307706
v -0.06668518 0.04519852 0.08974161
v -0.06667949 0.04233620 -0.07786502
v -0.06641970 0.04189068 -0.08218048
v -0.06663857 -0.05813585 -0.03646557
v -0.06699921 0.02973442 0.06386675
v -0.06629813 0.04395357 -0.07474304
v -0.06640480 0.04079178 -0.08675331
v -0.06660969 -0.05687026 0.06610685
v -0.06687639 -0.05551969 0.06456263
v -0.06676258 -0.05562685 0.05618947
v -0.06677114 -0.05529063 0.03780551
v -0.06649293 -0.05643121 0.04351540
v -0.06693738 -0.05349927 0.04543214
v -0.06702547 -0.04906843 0.06091194
v -0.06697259 -0.05163600 0.06729681
v -0.06684282 -0.05122256 0.03647620
v -0.06657857 -0.05528128 0.03403719
v -0.06668680 -0.05193407 0.03409240
v -0.06694146 -0.03752892 0.03970519
v -0.06682385 -0.04873376 0.06491627
v -0.06689578 -0.04836143 0.06353739
v -0.06756905 -0.04838706 0.06652350
v -0.06672001 -0.04758583 0.06164057
v -0.06686362 -0.04679466 0.05782827
v -0.06683724 -0.04505739 0.05452631
v -0.06667583 -0.04607644 0.05748801
v -0.06694823 -0.04152589 0.04593698
v -0.06676900 -0.03747584 0.04256458
v -0.06697700 -0.03656290 0.04109237
v -0.06757833 -0.03717680 0.04309405
v -0.06696108 -0.04235895 0.04939720
v -0.06681108 -0.04183898 0.04859687
v -0.06751632 -0.04208474 0.05039167
v -0.06689000 -0.04364974 0.05188348
v -0.06752683 -0.03974209 0.04678925
v -0.06631239 -0.05641535 0.03431580
v -0.06688314 -0.04991940 0.06776784
v -0.06676805 -0.03613207 0.03429788
v -0.06698423 -0.04480533 0.05186644
v -0.06704481 -0.03540880 0.03965091
v -0.06753289 -0.04756690 0.06371282
v -0.06683276 -0.04024552 0.04636075
v -0.06687660 -0.05283195 0.07335566
v -0.06686277 -0.05150383 0.07158082
v -0.06683954 -0.05233894 0.07391655
v -0.06740964 -0.05185239 0.07546068
v -0.06741845 -0.05074856 0.07145904
v -0.06719676 -0.05076667 0.07667765
v -0.06726494 -0.04906319 0.07067651
v -0.06681476 -0.05269857 0.08127587
v -0.06755916 -0.04601923 0.05930884
v -0.06768850 -0.04507908 0.05698365
v -0.06753505 -0.04433847 0.05458659
v -0.06675167 0.01383708 -0.07440612
v -0.06649285 0.03800004 0.06844104
v -0.06674493 0.03711500 0.06452509
v -0.06671090 0.03878619 0.06568257
v -0.06724158 0.01450591 -0.03622184
v -0.06611975 0.05452084 -0.00615271
v -0.06867132 -0.00328168 0.06425583
v -0.06648512 0.03515812 -0.09172644
v -0.06635725 0.02401676 -0.09256264
v -0.06609228 0.02321337 -0.09274753
v -0.06532505 0.02814649 -0.09451313
v -0.06522612 0.03297665 -0.09404512
v -0.06414068 0.03024310 -0.09608556
v -0.06396545 0.02534270 -0.09943786
v -0.06258664 0.02826267 -0.10052247
v -0.06239911 0.02582432 -0.10199819
v -0.06106734 0.02962064 -0.10153499
v -0.06038067 0.03353582 -0.09969075
v -0.06254166 0.03210778 -0.09780823
v -0.06517026 0.02492448 -0.09621666
v -0.06706717 -0.02976234 0.03267850
v -0.06634162 0.05231167 0.08578250
v -0.06595195 0.03870052 -0.09252706
v -0.06694094 0.03596343 0.05922063
v -0.06726290 0.03681596 0.06060140
v -0.06690751 0.03867401 0.06156881
v -0.06738747 0.03834895 0.06207233
v -0.06678689 0.03962632 0.06332050
v -0.06735022 0.03949511 0.06431814
v -0.06669290 0.04062157 0.06779946
v -0.06726181 0.03977900 0.06676793
v -0.06722055 0.03977117 0.06935366
v -0.06764450 0.02046651 0.00622138
v -0.06787097 0.02220919 0.00683554
v -0.06683307 -0.02995706 0.03499972
v -0.06651974 -0.05635084 -0.08795338
v -0.06650561 -0.05661485 0.08543563
v -0.06749937 0.00583353 0.05647245
v -0.06698871 0.02147696 -0.06912366
v -0.06736325 0.00068652 0.07614867
v -0.06656021 -0.05987302 0.06006164
v -0.06737897 -0.05201129 0.08275607
v -0.06707538 -0.05105483 0.08256699
v -0.06708439 -0.04968259 0.08544508
v -0.06731763 -0.05156465 0.08442139
v -0.06691296 -0.04559312 0.08622926
v -0.06704440 -0.04747937 0.08665411
v -0.06703603 -0.04678858 0.08722060
v -0.06690853 -0.04385363 0.08729395
v -0.06710585 -0.04887985 0.08617676
v -0.06904184 -0.00563869 0.07245288
v -0.06910510 -0.00910888 0.07428010
v -0.06925510 -0.00532607 0.07358063
v -0.06913223 -0.00282871 0.06903458
v -0.06647286 -0.05729568 0.03214949
v -0.06874726 -0.00279947 0.06387290
v -0.06648360 0.02772021 0.06387769
v -0.06523364 0.02423619 -0.09571793
v -0.06824928 -0.02158226 0.06555278
v -0.06842669 -0.02242691 0.06148255
v -0.06838383 -0.02251255 0.06516586
v -0.06925028 -0.02339859 0.06403421
v -0.06942948 -0.02289523 0.05923002
v -0.06938419 -0.02444000 0.06657096
v -0.06932741 -0.02907669 0.06237209
v -0.06924219 -0.02874639 0.05423072
v -0.06923222 -0.02929061 0.06910156
v -0.06914615 -0.03028741 0.06630778
v -0.06923795 -0.03031419 0.05931613
v -0.06734349 -0.03027823 0.06957416
v -0.06922363 -0.02867383 0.07054215
v -0.06740315 -0.03096608 0.06726921
v -0.06731984 -0.03149490 0.06587517
v -0.06931209 -0.02240234 0.06819606
v -0.06926619 -0.02083456 0.06502773
v -0.06837697 -0.01861403 0.06993791
v -0.06928783 -0.01820879 0.06871335
v -0.06845409 -0.03112547 0.06242608
v -0.06900109 -0.00879935 0.04498186
v -0.06921208 -0.02957613 0.05591679
v -0.06795369 -0.03078084 0.05830871
v -0.06761791 -0.03043818 0.05611367
v -0.06787928 -0.02929446 0.05425011
v -0.06673009 0.00920232 0.01633842
v -0.06759762 -0.00523806 0.04491621
v -0.06690118 -0.03237482 0.03648621
v -0.06677451 0.03688693 0.06185459
v -0.06856483 -0.01568981 0.05329193
v -0.06912457 -0.01038614 0.05379361
v -0.06857096 -0.01397108 0.05259549
v -0.06862455 -0.00927862 0.05301028
v -0.06853147 -0.00668641 0.05394888
v -0.06907511 -0.00955627 0.05167471
v -0.06916784 -0.01364996 0.05117748
v -0.06926857 -0.01840916 0.05332426
v -0.06831836 -0.02127308 0.05898892
v -0.06948087 -0.00788248 0.05524597
v -0.06307551 0.03479091 -0.09648011
v -0.06067969 0.03854938 -0.09805560
v -0.06845277 -0.01855741 0.05489186
v -0.06916062 -0.02411135 0.07515427
v -0.06899473 -0.02580425 0.07482530
v -0.06928645 -0.02027695 0.07454176
v -0.06915274 -0.01639665 0.07957066
v -0.06906819 -0.01898194 0.07891152
v -0.06930635 -0.01523662 0.07392762
v -0.06768414 -0.01977473 0.07929777
v -0.06914545 -0.00940370 0.07984238
v -0.06755298 -0.01262675 0.08058972
v -0.06751849 -0.00875974 0.08040102
v -0.06911605 -0.00756494 0.07949004
v -0.06921941 -0.01148435 0.07469332
v -0.06730841 -0.00967036 0.08113169
v -0.06735814 -0.01812615 0.08045377
v -0.06733985 -0.00489174 0.07951697
v -0.06716604 -0.00348731 0.08166550
v -0.06698060 -0.00749862 0.08325018
v -0.06715716 -0.00642771 0.08403406
v -0.06738483 -0.00120187 0.08045928
v -0.06699414 -0.00493896 0.08656161
v -0.06732533 0.00427206 0.08095953
v -0.06726536 0.00404917 0.07961519
v -0.06749986 0.00920589 0.07741099
v -0.06715862 0.00829816 0.08431233
v -0.06719449 0.02013889 0.08268674
v -0.06691755 0.02088187 0.08840869
v -0.06736262 0.01929903 0.07791903
v -0.06752622 0.01841036 0.07375877
v -0.06684125 0.01050733 0.08847020
v -0.06705693 -0.01623579 0.08581819
v -0.06716206 -0.01371775 0.08432408
v -0.06716589 -0.02054552 0.08333598
v -0.06710739 -0.02264974 0.08466805
v -0.06682553 -0.02176284 0.08358361
v -0.06737015 -0.01971802 0.08208609
v -0.06728002 -0.02285009 0.08217762
v -0.06725516 -0.00196749 0.07825795
v -0.06905931 -0.00526787 0.07879148
v -0.06897088 -0.02197768 0.07770477
v -0.06765286 -0.01630483 0.08007565
v -0.06887988 -0.02780046 0.07237447
v -0.06717408 -0.02724684 0.07418503
v -0.05731091 0.03985556 -0.10149289
v -0.06073853 0.04032625 -0.09733434
v -0.05846071 0.04124892 -0.09953490
v -0.05612657 0.04263476 -0.10174028
v -0.05545954 0.04196003 -0.10269456
v -0.06856744 -0.01341260 0.07333759
v -0.06651890 0.02899877 0.07170790
v -0.06736257 -0.01378647 0.08349083
v -0.06943964 -0.01776469 0.06784497
v -0.06648591 -0.05664898 0.05734131
v -0.06780749 -0.02833173 0.05251105
v -0.06836159 -0.02125484 0.06810197
v -0.06733024 -0.04691053 0.06760134
v -0.06729123 -0.02421906 0.07720176
v -0.06660817 0.03890155 0.06963218
v -0.06918004 0.00146133 0.07207351
v -0.06735822 -0.02914211 0.07208449
v -0.06710195 0.05038555 -0.03037228
v -0.06523133 0.03981084 -0.09275686
v -0.06840142 -0.01603346 0.07255322
v -0.06911531 -0.00439227 0.05717921
v -0.06758507 -0.04681247 0.06136509
v -0.06668707 -0.03416429 -0.08949702
v -0.06570106 -0.00654278 -0.09586505
v -0.06663696 -0.05212512 0.08391856
v -0.06742387 0.00107796 0.07782699
v -0.06906489 0.00015955 0.07535368
v -0.06690113 0.02829405 0.06564130
v -0.06679004 -0.05705601 -0.08326631
v -0.06926733 -0.02080573 0.05601095
v -0.06760010 -0.02174192 0.07861556
v -0.06696270 0.01568426 0.04437471
v -0.06656566 -0.05596501 -0.06259594
v -0.06937484 -0.02034070 0.05421305
v -0.06732934 -0.03160300 0.06046622
v -0.06712991 0.02607901 0.06593018
v -0.06724974 0.03191375 0.01536439
v -0.06909087 -0.02255024 0.04676164
v -0.06690633 -0.05086743 0.06970789
v -0.06913412 0.00313225 0.05311362
v -0.06862674 -0.00268030 0.06628628
v -0.06869249 -0.00360658 0.05563420
v -0.06664987 -0.05038012 0.08567156
v -0.06312581 0.02403774 -0.10091047
v -0.06666929 0.02732306 0.06542378
v -0.06697809 0.04233454 0.05850199
v -0.06929323 -0.01274338 0.04962411
v -0.06732810 -0.02250658 0.07825718
v -0.06683517 0.04094128 0.06358215
v -0.06756568 0.00783807 0.07276501
v -0.06629036 0.04704383 0.04364598
v -0.06831612 -0.01411058 0.07307904
v -0.06919043 -0.02085629 0.04604183
v -0.06740177 0.00441074 0.05431902
v -0.06904206 -0.00262851 0.07771852
v -0.06698425 0.03491084 0.06379548
v -0.06709425 0.00302801 0.03290872
v -0.06717392 0.04703979 -0.03034344
v -0.06659320 0.03548447 0.06263795
v -0.06588514 0.05394932 -0.00298679
v -0.06686268 0.05186030 -0.00439324
v -0.06926944 -0.01776711 0.04665376
v -0.06740177 0.00441074 0.05431902
v -0.06743653 0.00361435 0.05274684
v -0.06905091 0.00391522 0.05512222
v -0.06913412 0.00313225 0.05311362
v -0.06765286 -0.01630483 0.08007565
v -0.06768414 -0.01977473 0.07929777
v -0.06735814 -0.01812615 0.08045377
v -0.06725516 -0.00196749 0.07825795
v -0.06736325 0.00068652 0.07614867
v -0.06904206 -0.00262851 0.07771852
v -0.06742387 0.00107796 0.07782699
v -0.06759762 -0.00523806 0.04491621
v -0.06764368 -0.00725571 0.04447136
v -0.06906326 -0.00540439 0.04604853
v -0.06900109 -0.00879935 0.04498186
v -0.06923628 -0.02788214 0.05256685
v -0.06780749 -0.02833173 0.05251105
v -0.06787928 -0.02929446 0.05425011
v -0.06924219 -0.02874639 0.05423072
v -0.06942948 -0.02289523 0.05923002
v -0.06937484 -0.02034070 0.05421305
v -0.06926944 -0.01776711 0.04665376
v -0.06856744 -0.01341260 0.07333759
v -0.06921941 -0.01148435 0.07469332
v -0.06910510 -0.00910888 0.07428010
v -0.06913223 -0.00282871 0.06903458
v -0.06925510 -0.00532607 0.07358063
v -0.06924534 -0.00125458 0.06691332
v -0.06918004 0.00146133 0.07207351
v -0.06862674 -0.00268030 0.06628628
v -0.06904206 -0.00262851 0.07771852
v -0.06911605 -0.00756494 0.07949004
v -0.06914545 -0.00940370 0.07984238
v -0.06921941 -0.01148435 0.07469332
v -0.06927623 -0.01832559 0.07230800
v -0.06928645 -0.02027695 0.07454176
v -0.06930635 -0.01523662 0.07392762
v -0.06938419 -0.02444000 0.06657096
v -0.06840142 -0.01603346 0.07255322
v -0.06831612 -0.01411058 0.07307904
v -0.06836159 -0.02125484 0.06810197
v -0.06856744 -0.01341260 0.07333759
v -0.06914613 -0.01738549 0.04501162
v -0.06926944 -0.01776711 0.04665376
v -0.06918292 -0.00900659 0.04681339
v -0.06900109 -0.00879935 0.04498186
v -0.06931209 -0.02240234 0.06819606
v -0.06938419 -0.02444000 0.06657096
v -0.06927623 -0.01832559 0.07230800
v -0.06836159 -0.02125484 0.06810197
v -0.06927961 -0.00599688 0.05265472
v -0.06929323 -0.01274338 0.04962411
v -0.06907511 -0.00955627 0.05167471
v -0.06853147 -0.00668641 0.05394888
v -0.06869249 -0.00360658 0.05563420
v -0.06854161 -0.00338470 0.05674664
v -0.06948087 -0.00788248 0.05524597
v -0.06911531 -0.00439227 0.05717921
v -0.06938113 -0.01661551 0.06217048
v -0.06943964 -0.01776469 0.06784497
v -0.06935901 -0.01476348 0.06654978
v -0.06917990 -0.01434621 0.06416496
v -0.06928783 -0.01820879 0.06871335
v -0.06926960 -0.01316357 0.07219635
v -0.06943964 -0.01776469 0.06784497
v -0.06837697 -0.01861403 0.06993791
v -0.06831612 -0.01411058 0.07307904
v -0.06756905 -0.04838706 0.06652350
v -0.06741845 -0.05074856 0.07145904
v -0.06726494 -0.04906319 0.07067651
v -0.06733024 -0.04691053 0.06760134
v -0.06690633 -0.05086743 0.06970789
v -0.06760443 0.01773045 0.06963530
v -0.06756568 0.00783807 0.07276501
v -0.06749986 0.00920589 0.07741099
v -0.06752622 0.01841036 0.07375877
v -0.06764535 0.00404615 0.05020649
v -0.06758168 0.00683284 0.05981051
v -0.06767971 0.01273509 0.06180895
v -0.06756568 0.00783807 0.07276501
v -0.06746034 0.00403652 0.07483665
v -0.06742387 0.00107796 0.07782699
v -0.06764535 0.00404615 0.05020649
v -0.06740177 0.00441074 0.05431902
v -0.06749937 0.00583353 0.05647245
v -0.06689000 -0.04364974 0.05188348
v -0.06683724 -0.04505739 0.05452631
v -0.06753505 -0.04433847 0.05458659
v -0.06698423 -0.04480533 0.05186644
v -0.06757833 -0.03717680 0.04309405
v -0.06683276 -0.04024552 0.04636075
v -0.06752683 -0.03974209 0.04678925
v -0.06667924 -0.03012279 -0.07258556
v -0.06672278 -0.00978145 -0.04422340
v -0.06673669 -0.01874346 -0.08304566
v -0.06673490 -0.00438902 -0.06284401
v -0.06671695 -0.00773322 -0.08063532
v -0.06675167 0.01383708 -0.07440612
v -0.06671973 0.01363483 -0.08117034
v -0.06666432 0.01055773 -0.08305384
v -0.06670039 -0.03067332 -0.08308542
v -0.06667460 -0.01205945 -0.08311034
v -0.06660714 0.01308603 -0.08315858
v -0.06690491 -0.00555467 -0.08385565
v -0.06697605 -0.02161223 -0.08374818
v -0.06670755 -0.02284278 -0.08307706
v -0.06696058 -0.03559960 -0.08363476
v -0.06681144 -0.01838653 -0.08869329
v -0.06668707 -0.03416429 -0.08949702
v -0.06681936 0.01368042 -0.00513657
v -0.06673009 0.00920232 0.01633842
v -0.06683205 0.01363482 0.01132168
v -0.06700070 0.01414361 0.01013354
v -0.06673009 0.00920232 0.01633842
v -0.06668340 -0.00079385 0.02710513
v -0.06680277 0.01390338 0.02762572
v -0.06675867 -0.00656382 0.00354826
v -0.06661403 -0.01982444 0.02682345
v -0.06663647 0.00552903 0.03022411
v -0.06677151 0.01413446 0.02983531
v -0.06661403 -0.01982444 0.02682345
v -0.06654000 -0.03529895 0.02892179
v -0.06655706 -0.00432169 0.02958524
v -0.06642148 -0.03431623 0.03009445
v -0.06677655 -0.05755575 -0.04878688
v -0.06663857 -0.05813585 -0.03646557
v -0.06656251 -0.05675498 -0.03886806
v -0.06666700 -0.05695294 -0.05759386
v -0.06679004 -0.05705601 -0.08326631
v -0.06651905 -0.05624369 -0.08157139
v -0.06644571 -0.05672586 -0.05506606
v -0.06656566 -0.05596501 -0.06259594
v -0.06647286 -0.05729568 0.03214949
v -0.06667163 -0.05812249 0.04672324
v -0.06649293 -0.05643121 0.04351540
v -0.06666989 -0.05737201 0.06448758
v -0.06678969 -0.05835270 0.06731537
v -0.06656021 -0.05987302 0.06006164
v -0.06648591 -0.05664898 0.05734131
v -0.06683907 -0.05532751 0.03316499
v -0.06699530 -0.03097739 0.03359681
v -0.06706717 -0.02976234 0.03267850
v -0.06676805 -0.03613207 0.03429788
v -0.06668680 -0.05193407 0.03409240
v -0.06657857 -0.05528128 0.03403719
v -0.06631239 -0.05641535 0.03431580
v -0.06683307 -0.02995706 0.03499972
v -0.06690118 -0.03237482 0.03648621
v -0.06760496 -0.03197160 0.03750726
v -0.06749623 -0.02824605 0.03512453
v -0.06704481 -0.03540880 0.03965091
v -0.06647286 -0.05729568 0.03214949
v -0.06724974 0.03191375 0.01536439
v -0.06719359 0.02861628 0.04386755
v -0.06712118 0.04280855 0.04519401
v -0.06697809 0.04233454 0.05850199
v -0.06724974 0.03191375 0.01536439
v -0.06713768 0.01578595 0.03674721
v -0.06714674 0.01667482 0.03897489
v -0.06689178 0.01315052 0.03732495
v -0.06693611 0.01121249 0.03591807
v -0.06688974 0.01451570 0.03977168
v -0.06691851 0.01535754 0.04209408
v -0.06696270 0.01568426 0.04437471
v -0.06692308 0.04613629 0.01865096
v -0.06712118 0.04280855 0.04519401
v -0.06691303 0.04565950 0.04657259
v -0.06678454 0.04667378 0.02458545
v -0.06668109 0.04654792 0.04604497
v -0.06683517 0.04094128 0.06358215
v -0.06670292 0.04116492 0.07395339
v -0.06677649 0.04467257 0.06485194
v -0.06669290 0.04062157 0.06779946
v -0.06678689 0.03962632 0.06332050
v -0.06668544 0.03942251 0.07208353
v -0.06680417 0.03614060 0.07495013
v -0.06695807 0.03597233 0.07391127
v -0.06717540 0.03879856 0.07175597
v -0.06715657 0.03062902 0.07407592
v -0.06686351 0.03164035 0.07512071
v -0.06722055 0.03977117 0.06935366
v -0.06690751 0.03867401 0.06156881
v -0.06660817 0.03890155 0.06963218
v -0.06710195 0.05038555 -0.03037228
v -0.06709487 0.05069578 -0.01337959
v -0.06701039 0.05303103 -0.02156512
v -0.06686268 0.05186030 -0.00439324
v -0.06695852 0.02139722 -0.08553824
v -0.06703483 0.01477422 -0.07215162
v -0.06698871 0.02147696 -0.06912366
v -0.06702673 0.01443784 -0.08001902
v -0.06675167 0.01383708 -0.07440612
v -0.06668518 0.04519852 0.08974161
v -0.06630020 0.05100039 0.08910725
v -0.06671879 0.05038970 0.08607296
v -0.06634162 0.05231167 0.08578250
v -0.06630045 -0.01525857 -0.09262740
v -0.06603245 -0.03448807 -0.09410974
v -0.06668707 -0.03416429 -0.08949702
v -0.06570106 -0.00654278 -0.09586505
v -0.06597619 -0.05629855 -0.09204076
v -0.06616182 -0.05815164 -0.08917603
v -0.06651974 -0.05635084 -0.08795338
v -0.06613857 -0.05593425 -0.09035889
v -0.06521412 -0.05852078 -0.09280364
v -0.06559376 -0.05585115 -0.09235196
v -0.06525594 -0.05732546 -0.09307096
v -0.06735130 0.01637237 -0.04712688
v -0.06724158 0.01450591 -0.03622184
v -0.06776551 0.01698804 -0.03298071
v -0.06764183 0.01706949 -0.04382905
v -0.06591659 0.01539267 -0.09455711
v -0.06570106 -0.00654278 -0.09586505
v -0.06636829 0.00805167 -0.09220020
v -0.06530576 0.01564662 -0.09644059
v -0.06645398 -0.06037076 0.03615516
v -0.06615982 -0.06153226 0.06028069
v -0.06656021 -0.05987302 0.06006164
v -0.06610283 -0.06158721 0.03877725
v -0.06614432 -0.06156835 0.01728481
v -0.06642553 -0.06062742 0.01550097
v -0.06724158 0.01450591 -0.03622184
v -0.06690869 0.01412112 -0.02899812
v -0.06721294 0.01448957 -0.01317183
v -0.06700070 0.01414361 0.01013354
v -0.06690113 0.02829405 0.06564130
v -0.06664601 0.02738517 0.06955600
v -0.06689039 0.03018232 0.07108272
v -0.06651890 0.02899877 0.07170790
v -0.06666929 0.02732306 0.06542378
v -0.06679673 0.01713934 0.05735093
v -0.06753948 0.01751855 0.06180614
v -0.06686207 0.01757997 0.05834683
v -0.06576755 0.01673812 -0.09421893
v -0.06591659 0.01539267 -0.09455711
v -0.06653660 0.01802783 -0.09171683
v -0.06735022 0.03949511 0.06431814
v -0.06677451 0.03688693 0.06185459
v -0.06671090 0.03878619 0.06568257
v -0.06726181 0.03977900 0.06676793
v -0.06660817 0.03890155 0.06963218
v -0.06756297 0.04369413 0.00478589
v -0.06764095 0.04239848 0.00628431
v -0.06723757 0.04256270 0.00744042
v -0.06479959 -0.06269324 -0.08312797
v -0.06575908 -0.06180499 -0.06206790
v -0.06569843 -0.06179695 -0.07826726
v -0.06477707 -0.06275972 -0.06538164
v 0.00078623 0.03286724 0.00216468
v 0.00152980 0.03296631 0.00075952
v -0.00157547 0.03286222 -0.00011456
v 0.00528836 0.03288832 0.00166128
v 0.00192854 0.03386197 -0.00090812
v -0.00564881 0.03214013 -0.00024211
v -0.00452983 0.03218635 0.00167856
v -0.00147172 0.03282426 0.00368128
v 0.00291299 0.03364740 0.00429330
v -0.00003033 0.03295355 0.00469506
v -0.00145544 0.03115630 0.00752262
v 0.00558568 0.03204254 0.00740847
v 0.00195833 0.03013587 0.00982979
v -0.00365338 0.02788014 0.01170450
v -0.00036457 0.02718043 0.01311692
v -0.00232758 0.02403960 0.01599658
v 0.00239463 0.02376190 0.01681689
v 0.00966240 0.02995007 0.01044340
v -0.00539429 0.03164492 0.00351263
v 0.00775958 0.03389419 0.00456671
v -0.00361903 0.03047821 0.00769695
v -0.00362369 0.02467870 0.01487661
v -0.00457016 0.03109486 0.00589302
v -0.00446634 0.02719201 0.01192280
v 0.00586293 0.03326845 0.00286349
v 0.00386879 0.02726934 0.01341999
v -0.00467211 0.02809809 0.01043342
v -0.00398634 0.03274359 -0.00209491
v 0.02182241 0.03066468 0.00960141
v 0.02113100 0.03376151 0.00509428
v -0.00127768 0.03461266 -0.00402846
v -0.00602410 0.03271293 -0.00360926
v -0.00619694 0.03223265 -0.00046928
v -0.00362223 0.02256190 0.01689271
v -0.00396403 0.03225630 0.00416509
v -0.00475169 0.03375293 -0.00554787
v 0.00453563 0.03343028 0.00032416
v 0.00252855 0.03472879 -0.00227553
v -0.00606599 0.03176115 0.00343886
v 0.01555805 0.03489145 0.00307345
v 0.01176553 0.03615948 0.00011244
v 0.01639058 0.03669596 -0.00038952
v 0.03176113 0.03649962 0.00015230
v 0.01791207 0.03811450 -0.00389718
v 0.03467901 0.03774107 -0.00307488
v 0.01412737 0.03784786 -0.00356202
v 0.00728645 0.03422702 0.00369958
v 0.00789519 0.03529137 0.00094061
v 0.00944575 0.03594777 -0.00061836
v 0.00591501 0.03542088 -0.00187386
v 0.00860185 0.03609595 -0.00347422
v 0.00694084 0.03614415 -0.00857396
v 0.00851073 0.03618945 -0.00870796
v 0.00937005 0.03674124 -0.00904886
v 0.00875611 0.03683443 -0.00957095
v 0.00553360 0.03697034 -0.01069866
v 0.00711643 0.03789494 -0.01123900
v 0.00901757 0.03883212 -0.01059856
v 0.00799288 0.03883300 -0.01279923
v 0.00999517 0.03952148 -0.01124495
v 0.00895810 0.03920943 -0.01674958
v 0.00550037 0.03820292 -0.01432498
v 0.01029302 0.04025584 -0.01740740
v 0.00571973 0.03813213 -0.01805498
v 0.00570859 0.03821895 -0.02287452
v 0.00777957 0.03888249 -0.02745802
v 0.00555506 0.03803180 -0.02637315
v 0.00233098 0.03754805 -0.02192779
v 0.00270141 0.03742995 -0.02424049
v 0.00253843 0.03641030 -0.02985494
v 0.00106557 0.03683547 -0.02537473
v 0.00054158 0.03701664 -0.02438482
v -0.00165998 0.03585119 -0.02380887
v -0.00120463 0.03558358 -0.02627550
v -0.00260946 0.03577649 -0.02454831
v -0.00233227 0.03558061 -0.02683556
v 0.00000430 0.03571654 -0.02706690
v 0.00029575 0.03604588 -0.02848481
v -0.00203401 0.03519356 -0.03021505
v -0.00471205 0.03455869 -0.02861419
v -0.00169718 0.03629344 -0.02258202
v 0.00025209 0.03626114 -0.02689669
v 0.00026132 0.03714458 -0.02149479
v 0.01203694 0.04030833 -0.01448838
v 0.01216293 0.04064433 -0.02047308
v 0.01874702 0.04115262 -0.01986073
v 0.01836538 0.04088834 -0.01625259
v 0.01879277 0.04045024 -0.01297704
v 0.03080398 0.04094297 -0.01634606
v 0.01800990 0.04108494 -0.02234001
v 0.01171558 0.04037986 -0.02736660
v 0.01836235 0.04089737 -0.02636305
v 0.01789381 0.04042011 -0.03027233
v 0.01028306 0.03935239 -0.03413644
v 0.01859447 0.03991310 -0.03311300
v 0.03444214 0.04043884 -0.03010541
v 0.03929793 0.03969658 -0.03351864
v 0.03946243 0.04050034 -0.02832852
v 0.04005994 0.03931357 -0.03336901
v 0.04027532 0.04001441 -0.02640212
v 0.03989260 0.04048992 -0.01902487
v 0.03881779 0.04096025 -0.02039977
v 0.03940243 0.04062187 -0.01555122
v 0.04039020 0.03985590 -0.01361919
v 0.03895845 0.04035257 -0.01336048
v 0.03996773 0.03961447 -0.01077300
v 0.04080198 0.03942881 -0.01002716
v 0.04069667 0.03885612 -0.00880657
v 0.03883384 0.03962067 -0.00970853
v 0.04093960 0.04036868 -0.01441242
v 0.04056295 0.04008863 -0.01607531
v 0.03751839 0.04080928 -0.02655145
v 0.03486170 0.03884356 -0.03681449
v 0.01870039 0.03886739 -0.03693671
v 0.01597869 0.03781373 -0.04001927
v 0.03579219 0.03796482 -0.03933469
v 0.03534086 0.03664254 -0.04276337
v 0.03981592 0.03657388 -0.04274443
v 0.01939827 0.03670918 -0.04288967
v 0.01402112 0.03666351 -0.04284713
v 0.01033516 0.03641903 -0.04288866
v 0.00733696 0.03506526 -0.04540169
v 0.00458268 0.03543074 -0.04282947
v 0.00218180 0.03377255 -0.04646684
v 0.01166853 0.03787761 -0.03923980
v -0.00072467 0.03142329 -0.05035485
v -0.00248036 0.03227144 -0.04784260
v -0.00352695 0.03089394 -0.05014738
v -0.00468360 0.03137983 -0.04824712
v -0.00446290 0.03025181 -0.05027109
v -0.00578079 0.02981496 -0.05290996
v -0.00477105 0.02835921 -0.05416324
v -0.00476348 0.02717707 -0.05587464
v -0.00576750 0.02695704 -0.05725052
v -0.00588861 0.03241605 -0.04867523
v -0.00500077 0.03208688 -0.04590842
v -0.00586111 0.03266863 -0.04632142
v -0.00598793 0.03259109 -0.03914887
v -0.00203169 0.02975070 -0.05288061
v 0.00227405 0.03007620 -0.05326071
v 0.00172200 0.02786172 -0.05616963
v 0.00838662 0.02778956 -0.05666374
v 0.00463275 0.02399169 -0.06055180
v 0.01714428 0.02559883 -0.05923957
v -0.00149138 0.02380182 -0.06029280
v 0.01682708 0.02178954 -0.06295599
v 0.01337031 0.03056847 -0.05339985
v 0.03518916 0.02422336 -0.06065045
v 0.03507721 0.02121613 -0.06352589
v 0.03964069 0.02268810 -0.06211645
v 0.01720131 0.01959784 -0.06484260
v 0.03047614 0.01803367 -0.06613275
v 0.01703477 0.01713042 -0.06676271
v 0.03261406 0.01623958 -0.06743516
v 0.01969063 0.01287349 -0.06957769
v 0.03168392 0.01302233 -0.06946399
v 0.02261343 0.00832437 -0.07204364
v 0.00328889 0.01100833 -0.07043098
v 0.03980625 0.01452888 -0.06862504
v 0.03976803 0.01180168 -0.07019702
v 0.04085453 0.01250078 -0.06928072
v 0.04084695 0.01006424 -0.07056661
v 0.01253922 0.00712776 -0.07250660
v 0.02668286 0.00590879 -0.07318243
v 0.00264826 0.00750587 -0.07226315
v 0.01627471 0.02869714 -0.05583168
v 0.03463434 0.00846566 -0.07191807
v 0.03961643 0.01812165 -0.06616809
v 0.04088472 0.02093584 -0.06320591
v 0.04092087 0.02458628 -0.05957833
v 0.04001271 0.02735973 -0.05718354
v 0.04086340 0.02751772 -0.05640005
v 0.04014483 0.03001069 -0.05407622
v 0.04100610 0.03052771 -0.05268455
v 0.04011403 0.03292561 -0.04973776
v 0.04103186 0.03232500 -0.04998163
v 0.04093629 0.03389373 -0.04716928
v 0.03995508 0.03436681 -0.04704283
v 0.04079886 0.03484815 -0.04496299
v 0.03243211 0.03160054 -0.05198775
v 0.02085035 0.03352695 -0.04888229
v 0.01288707 0.03290155 -0.04981230
v -0.00163075 0.02729405 -0.05633103
v 0.00253601 0.02009405 -0.06408403
v 0.04087455 0.01651625 -0.06684535
v 0.00267980 0.01364654 -0.06886783
v -0.00030620 0.03307628 -0.04669738
v 0.00093172 0.03405039 -0.04462752
v 0.01001492 0.03739735 -0.03914799
v 0.00855387 0.03298286 -0.04936206
v -0.00448437 0.02870785 -0.05260360
v 0.01009781 0.03843080 -0.03704614
v 0.00886800 0.03621171 -0.04207436
v -0.00435740 0.03204885 -0.04572754
v 0.03497916 0.03499207 -0.04610857
v 0.03954447 0.03856280 -0.03722261
v 0.01051103 0.04031862 -0.02376401
v 0.01062463 0.03873080 -0.03671433
v 0.00532982 0.03760888 -0.01217409
v 0.00344168 0.03777413 -0.01644995
v 0.02764392 0.04120870 -0.02221842
v 0.00558886 0.03716999 -0.02974700
v 0.01016846 0.03933066 -0.00889220
v 0.00692863 0.03468202 0.00124587
v 0.03940258 0.03633138 0.00018251
v 0.03261925 0.03881262 -0.00635404
v 0.01798241 0.03889318 -0.00632309
v 0.03942676 0.03766467 -0.00321419
v 0.03324353 0.03479909 0.00356358
v 0.00951242 0.03668795 -0.00438331
v 0.01003471 0.03741858 -0.00452117
v 0.03959819 0.00701864 -0.07251816
v 0.00670961 0.03569979 -0.03787898
v 0.00759093 0.03604968 -0.03422211
v 0.00835147 0.03612481 -0.03416139
v 0.00399453 0.03513657 -0.03669161
v 0.00265399 0.03509873 -0.03506916
v 0.00090221 0.03460462 -0.03773246
v 0.00152451 0.03475443 -0.04086690
v 0.00769208 0.03679297 -0.03245045
v 0.00929920 0.03672585 -0.03363567
v 0.00819769 0.03753592 -0.03198285
v 0.00992627 0.03912026 -0.03327945
v 0.00843076 0.03881752 -0.03049211
v 0.03945166 0.03474077 0.00335006
v 0.00241531 0.01634914 -0.06703638
v 0.03032743 0.04119865 -0.01977980
v 0.03954076 0.03284509 0.00663428
v 0.04072905 0.03292296 0.00495111
v 0.04068525 0.03148284 0.00706145
v 0.03947710 0.03025343 0.01019452
v 0.04059908 0.02978760 0.00941384
v 0.03394121 0.03064128 0.00984820
v 0.04099411 0.03079749 0.00834878
v 0.04090930 0.02775054 0.01151501
v 0.03339038 0.02714496 0.01389684
v 0.03930062 0.02749941 0.01334017
v 0.04067394 0.03415609 0.00285374
v 0.04076338 0.03495250 0.00144533
v 0.00925136 0.03939557 -0.02787664
v 0.00234438 0.03744759 -0.01476002
v 0.03305948 0.03009213 -0.05413565
v 0.04056154 0.03654541 -0.04132533
v 0.04044449 0.03747329 -0.03845843
v 0.04046019 0.03816325 -0.03608046
v 0.04010764 0.03845590 -0.03609193
v 0.00948310 0.03668300 -0.03988542
v 0.01106930 0.03745990 -0.00349130
v 0.04049867 0.03626972 -0.00128457
v -0.00350873 0.02691365 -0.05619580
v -0.00474688 0.03461997 -0.00836888
v -0.00172474 0.03544055 -0.00785656
v -0.00396070 0.03534931 -0.01017872
v -0.00012759 0.03681329 -0.01300457
v -0.00437737 0.03553810 -0.01289992
v -0.00221128 0.03618004 -0.01583714
v -0.00445457 0.03527018 -0.01718829
v -0.00251436 0.03593129 -0.01739576
v -0.00505818 0.03532130 -0.01073672
v -0.00491177 0.03547094 -0.01564588
v -0.00544136 0.03530060 -0.01705549
v -0.00533530 0.03537377 -0.02071700
v -0.00546305 0.03581145 -0.01583090
v -0.00183096 0.02101831 -0.06289593
v -0.00137176 0.00968558 -0.07096772
v -0.00200209 0.00601601 -0.07273864
v -0.00369793 0.00800343 -0.07152724
v -0.00399098 0.01025126 -0.07023649
v -0.00146205 0.03382547 -0.04069660
v -0.00561665 0.03445471 -0.00750725
v -0.00627265 0.03374172 -0.00555005
v 0.00153330 0.03467272 -0.04265295
v -0.00459187 0.03535289 -0.02151992
v 0.01709574 0.02709735 0.01385771
v -0.00164559 0.01780644 -0.06562527
v 0.03327909 0.03326579 0.00612289
v -0.00540884 0.02918725 0.00765574
v -0.00527647 0.03004945 0.00634672
v -0.00526826 0.02848436 0.00900212
v -0.00534721 0.02800020 0.01046143
v -0.00519567 0.02689742 0.01124082
v 0.02654809 0.04046577 -0.01300898
v -0.00194052 0.01286325 -0.06906065
v 0.04052791 0.02703087 0.01241744
v 0.00718282 0.03803660 -0.02935470
v 0.04058821 0.03903593 -0.03330567
v -0.00581432 0.03086522 0.00523902
v -0.00386452 0.01600124 -0.06649911
v 0.03451030 0.04109020 -0.02249510
v -0.00463162 0.03244614 -0.04014861
v -0.00322049 0.03270863 -0.04204645
v -0.00503623 0.03280000 -0.03791550
v -0.00558077 0.03327208 -0.03655105
v -0.00471288 0.03375775 -0.03409832
v -0.00610411 0.03432985 -0.03256887
v -0.00546083 0.03433634 -0.02959699
v -0.00611887 0.03371285 -0.03666412
v 0.00371428 0.03558999 -0.03369170
v 0.04087155 0.03626115 -0.00089735
v 0.03934735 0.03881482 -0.00681761
v 0.00605899 0.03386204 0.00357903
v 0.02802405 0.04099049 -0.02629018
v 0.00304532 0.03544077 -0.00478394
v 0.00583697 0.03348535 0.00062605
v 0.03539633 0.02761205 -0.05709098
v 0.00178184 0.03596263 -0.00846913
v 0.01072907 0.02396946 0.01683827
v 0.04093794 0.02658060 0.01331629
v 0.04076451 0.02495171 0.01468860
v 0.03280410 0.02392227 0.01702183
v 0.04073765 0.03734281 -0.00386034
v 0.04071836 0.03820278 -0.00654660
v -0.00342086 0.02014832 -0.06333566
v -0.00444175 0.02331857 -0.05966516
v -0.00466871 0.02427836 -0.05823208
v 0.00506711 0.03466053 -0.00068049
v -0.00229425 0.03617886 -0.01984361
v 0.00192818 0.03698758 -0.01201235
v 0.00622553 0.03345124 0.00153044
v -0.00141511 0.03628071 -0.01987009
v -0.00103922 0.03295778 -0.04382631
v 0.03915876 0.02380419 0.01690253
v 0.04012804 0.02559791 0.01426412
v 0.00054802 0.03713461 -0.01639510
v 0.00344634 0.03650107 -0.01010095
v 0.01457287 0.03530256 -0.04568940
v 0.01879628 0.03978016 -0.00960240
v 0.04045686 0.02370302 0.01587800
v 0.04068667 0.02197358 0.01743105
v 0.03985420 0.02310911 0.01678039
v 0.04011037 0.02137819 0.01778918
v 0.04073735 0.01997215 0.01896992
v 0.03986216 0.01986202 0.01929032
v 0.04063127 0.01830841 0.02025143
v 0.03999566 0.01814167 0.02025097
v 0.04016034 0.01658641 0.02100541
v 0.03923980 0.01996248 0.01992867
v -0.00186103 0.03580353 -0.01901596
v 0.04065529 0.04003671 -0.02591535
v 0.01019094 0.03890915 -0.00723254
v 0.00252855 0.03472879 -0.00227553
v 0.00591501 0.03542088 -0.00187386
v 0.00304532 0.03544077 -0.00478394
v 0.00506711 0.03466053 -0.00068049
v 0.00192818 0.03698758 -0.01201235
v 0.00234438 0.03744759 -0.01476002
v -0.00012759 0.03681329 -0.01300457
v 0.00054802 0.03713461 -0.01639510
v 0.01798241 0.03889318 -0.00632309
v 0.01016846 0.03933066 -0.00889220
v 0.01019094 0.03890915 -0.00723254
v 0.01879628 0.03978016 -0.00960240
v 0.03261925 0.03881262 -0.00635404
v 0.03883384 0.03962067 -0.00970853
v 0.01879628 0.03978016 -0.00960240
v 0.03934735 0.03881482 -0.00681761
v 0.03895845 0.04035257 -0.01336048
v 0.03080398 0.04094297 -0.01634606
v 0.02654809 0.04046577 -0.01300898
v 0.03940243 0.04062187 -0.01555122
v 0.03881779 0.04096025 -0.02039977
v 0.03032743 0.04119865 -0.01977980
v 0.03451030 0.04109020 -0.02249510
v -0.00457016 0.03109486 0.00589302
v -0.00539429 0.03164492 0.00351263
v -0.00581432 0.03086522 0.00523902
v -0.00396403 0.03225630 0.00416509
v 0.02182241 0.03066468 0.00960141
v 0.03394121 0.03064128 0.00984820
v 0.03327909 0.03326579 0.00612289
v 0.01709574 0.02709735 0.01385771
v 0.00506711 0.03466053 -0.00068049
v 0.00583697 0.03348535 0.00062605
v 0.00692863 0.03468202 0.00124587
v 0.00622553 0.03345124 0.00153044
v 0.03942676 0.03766467 -0.00321419
v 0.04071836 0.03820278 -0.00654660
v 0.03934735 0.03881482 -0.00681761
v 0.04069667 0.03885612 -0.00880657
v 0.02764392 0.04120870 -0.02221842
v 0.03751839 0.04080928 -0.02655145
v 0.02802405 0.04099049 -0.02629018
v 0.03451030 0.04109020 -0.02249510
v 0.01171558 0.04037986 -0.02736660
v 0.01028306 0.03935239 -0.03413644
v 0.00993941 0.03957743 -0.03129492
v 0.01051103 0.04031862 -0.02376401
v 0.00925136 0.03939557 -0.02787664
v 0.00777957 0.03888249 -0.02745802
v 0.00843076 0.03881752 -0.03049211
v 0.00718282 0.03803660 -0.02935470
v 0.00992627 0.03912026 -0.03327945
v 0.03981592 0.03657388 -0.04274443
v 0.03995508 0.03436681 -0.04704283
v 0.03497916 0.03499207 -0.04610857
v 0.04079886 0.03484815 -0.04496299
v 0.04056154 0.03654541 -0.04132533
v 0.01457287 0.03530256 -0.04568940
v 0.01288707 0.03290155 -0.04981230
v 0.00855387 0.03298286 -0.04936206
v 0.01337031 0.03056847 -0.05339985
v 0.03243211 0.03160054 -0.05198775
v 0.03305948 0.03009213 -0.05413565
v 0.01028306 0.03935239 -0.03413644
v 0.01062463 0.03873080 -0.03671433
v 0.01009781 0.03843080 -0.03704614
v -0.00471288 0.03375775 -0.03409832
v -0.00335938 0.03375314 -0.03599928
v -0.00503623 0.03280000 -0.03791550
v -0.00231956 0.03420280 -0.03491345
v -0.00471205 0.03455869 -0.02861419
v -0.00546083 0.03433634 -0.02959699
v -0.00203401 0.03519356 -0.03021505
v 0.00265399 0.03509873 -0.03506916
v 0.00090221 0.03460462 -0.03773246
v -0.00463162 0.03244614 -0.04014861
v 0.00253843 0.03641030 -0.02985494
v -0.00572144 0.03491404 -0.02721043
v -0.00610411 0.03432985 -0.03256887
v -0.00459187 0.03535289 -0.02151992
v -0.00533530 0.03537377 -0.02071700
v 0.00371428 0.03558999 -0.03369170
v -0.00146205 0.03382547 -0.04069660
v 0.00029575 0.03604588 -0.02848481
v 0.00025209 0.03626114 -0.02689669
v -0.00322049 0.03270863 -0.04204645
v -0.00103922 0.03295778 -0.04382631
v 0.00093172 0.03405039 -0.04462752
v 0.00153330 0.03467272 -0.04265295
v 0.00558886 0.03716999 -0.02974700
v 0.00769208 0.03679297 -0.03245045
v 0.00371428 0.03558999 -0.03369170
v 0.00718282 0.03803660 -0.02935470
v -0.00251436 0.03593129 -0.01739576
v 0.00054802 0.03713461 -0.01639510
v -0.00141511 0.03628071 -0.01987009
v -0.00448437 0.02870785 -0.05260360
v -0.00350873 0.02691365 -0.05619580
v -0.00469293 0.02732929 -0.05460392
v -0.00466871 0.02427836 -0.05823208
v -0.05263568 0.02144062 -0.10369436
v -0.05549502 0.02207938 -0.10368215
v -0.05527880 0.02299236 -0.10339141
v -0.05291442 0.02019742 -0.10393244
v -0.05051418 0.02244089 -0.10363019
v -0.05437313 0.02377634 -0.10381114
v -0.05500510 0.02545838 -0.10332227
v -0.05113532 0.02578950 -0.10371645
v -0.05602228 0.02579818 -0.10364870
v -0.05155000 0.02360320 -0.10400366
v -0.04987028 0.02222432 -0.10387950
v -0.05001509 0.01690322 -0.10407672
v -0.05539705 0.01779231 -0.10388391
v -0.05343289 0.01468468 -0.10387683
v -0.05056371 0.01040141 -0.10405061
v -0.05372914 0.01011831 -0.10387964
v -0.05408122 0.00417156 -0.10399586
v -0.05278418 -0.00101142 -0.10410611
v -0.05512944 0.00924613 -0.10375854
v -0.05575492 0.01005964 -0.10316339
v -0.05634061 0.00949864 -0.10294547
v -0.04960730 -0.00585197 -0.10418003
v -0.05704372 0.01044869 -0.10366273
v -0.05585276 -0.00449125 -0.10375355
v -0.04970039 -0.02772617 -0.10416024
v -0.05411646 0.01132045 -0.10359076
v -0.05662021 0.01400788 -0.10373630
v -0.05634917 0.01321326 -0.10349922
v -0.05377763 -0.02183039 -0.10401811
v -0.04522136 0.00869910 -0.10407743
v -0.04898849 0.02550811 -0.10382508
v -0.04639256 0.02635902 -0.10394841
v -0.05216695 0.02956400 -0.10386049
v -0.05016847 0.03353522 -0.10380328
v -0.05544251 0.03022075 -0.10388519
v -0.05205218 0.03614245 -0.10379160
v -0.05547380 0.02862272 -0.10361491
v -0.05437314 0.03605292 -0.10361995
v -0.05655202 0.03198205 -0.10349989
v -0.05271144 0.04097551 -0.10360775
v -0.05477338 0.04060113 -0.10337664
v -0.05079858 0.03899542 -0.10367740
v -0.04978996 0.04051255 -0.10369051
v -0.04962036 0.03912651 -0.10274304
v -0.04761509 0.04021354 -0.10277431
v -0.04426626 0.03301760 -0.10389442
v -0.04772103 0.03793405 -0.10361668
v -0.05143490 0.02766314 -0.10376870
v -0.04981455 0.02544155 -0.10334851
v -0.05814705 0.02752742 -0.10355406
v -0.05969157 0.02125890 -0.10348062
v -0.05019191 0.03751617 -0.10324351
v -0.05910660 0.01508077 -0.10346843
v -0.06074907 0.01788988 -0.10308004
v -0.06034868 0.01964851 -0.10301127
v -0.04047553 0.03399490 -0.10319406
v -0.04860235 0.03412644 -0.10334647
v -0.05875944 0.02848503 -0.10341738
v -0.05742639 0.01191938 -0.10352700
v -0.04647138 0.04101846 -0.10379918
v -0.04508483 0.04015955 -0.10298694
v -0.04254227 0.03890380 -0.10354902
v -0.03952677 0.03486539 -0.10367299
v -0.03459298 0.03573474 -0.10348259
v -0.03370121 0.03887647 -0.10332153
v -0.02844517 0.03639495 -0.10373759
v -0.02844145 0.04043558 -0.10332963
v -0.03125055 0.04075744 -0.10306264
v -0.02767892 0.04146935 -0.10395646
v -0.03711613 0.04064217 -0.10302522
v -0.03068466 0.03480604 -0.10367726
v -0.05660476 0.00708502 -0.10394202
v -0.05584384 -0.01317005 -0.10371340
v -0.05667670 -0.01850844 -0.10400259
v -0.05921819 -0.01947181 -0.10391215
v -0.05630173 -0.02032495 -0.10426566
v -0.04792804 0.03495681 -0.10366258
v -0.05563695 -0.02035267 -0.10375787
v -0.05924540 -0.02031382 -0.10420139
v -0.05842259 -0.02174398 -0.10405054
v -0.05931536 -0.02374167 -0.10414295
v -0.05710595 0.00901100 -0.10369208
v -0.04581862 0.04230121 -0.10388709
v -0.06108383 0.01010190 -0.10308997
v -0.03893310 0.03273724 -0.10360449
v -0.06198160 0.00941742 -0.10266322
v -0.06230511 0.01647673 -0.10187982
v -0.05774817 -0.02358952 -0.10389972
v -0.05632634 -0.02449723 -0.10421948
v -0.05863188 -0.02551614 -0.10388762
v -0.04992914 0.02342883 -0.10335361
v -0.06048056 -0.02339981 -0.10375937
v -0.06027217 -0.01999644 -0.10364282
v -0.05374069 0.01284179 -0.10375695
v -0.06146867 -0.00692958 -0.10315336
v -0.06235049 -0.00953776 -0.10264375
v -0.05603475 -0.02347142 -0.10414517
v -0.05968992 -0.02478701 -0.10371959
v -0.05587392 -0.02570937 -0.10376504
v -0.05677459 -0.02859881 -0.10399976
v -0.05566222 -0.03339555 -0.10378384
v -0.06064025 0.02098673 -0.10330467
v -0.04436243 0.04052394 -0.10334350
v -0.05680716 -0.05220915 -0.10421127
v -0.05547604 -0.04627750 -0.10393010
v -0.05529309 -0.01647511 -0.10383723
v -0.04617568 -0.02658078 -0.10415545
v -0.04247078 -0.01049312 -0.10405393
v -0.04239958 -0.03277373 -0.10407505
v -0.03907770 -0.01126490 -0.10377534
v -0.03938765 0.01795725 -0.10375525
v -0.03933039 -0.03346312 -0.10382248
v -0.03690177 -0.03459106 -0.10347003
v -0.03903800 -0.04471955 -0.10393531
v -0.03685380 -0.00401266 -0.10345039
v -0.03686888 0.01097952 -0.10343838
v -0.03659601 0.02572313 -0.10316316
v -0.03570324 0.00460720 -0.10300979
v -0.03571028 0.00194245 -0.10303829
v -0.03575026 0.00995248 -0.10298927
v -0.03602640 0.02920971 -0.10262397
v -0.03683510 0.02978921 -0.10302316
v -0.03565100 0.03084871 -0.10280654
v -0.03729532 0.03168152 -0.10332712
v -0.03565330 0.02871197 -0.10258632
v -0.03568348 -0.01476536 -0.10309129
v -0.03565404 -0.03049920 -0.10305622
v -0.03568595 -0.04850582 -0.10314586
v -0.03478379 -0.03010971 -0.10344298
v -0.03405421 -0.05418713 -0.10372629
v -0.03602314 -0.05145897 -0.10312896
v -0.03270597 -0.03874794 -0.10385679
v -0.03286530 -0.01258692 -0.10389770
v -0.03028987 -0.01981450 -0.10418364
v -0.03080522 -0.04572045 -0.10404273
v -0.03025038 -0.01408248 -0.10424443
v -0.02590221 -0.00925515 -0.10442277
v -0.02574510 -0.01983027 -0.10430298
v -0.02886820 0.00829002 -0.10437994
v -0.02546935 0.01507869 -0.10447132
v -0.03299342 0.00791354 -0.10390122
v -0.02223621 0.00737467 -0.10427760
v -0.02242020 0.02345777 -0.10425040
v -0.02947703 0.02495218 -0.10433394
v -0.02508484 0.03218797 -0.10443570
v -0.02204352 -0.01512261 -0.10422079
v -0.02021542 -0.01361731 -0.10385199
v -0.02029500 -0.03397037 -0.10394935
v -0.02043744 0.00691980 -0.10380693
v -0.01958644 0.00540717 -0.10338947
v -0.01931689 -0.02711445 -0.10342199
v -0.01867148 -0.02575082 -0.10282693
v -0.01872332 0.00441371 -0.10259291
v -0.01984967 0.03352043 -0.10295089
v -0.02060387 0.03483532 -0.10348795
v -0.02097004 0.04286173 -0.10331290
v -0.01975660 0.04430420 -0.10210363
v -0.02098379 0.04634221 -0.10226375
v -0.01947988 0.04692019 -0.09971907
v -0.02285506 0.04410030 -0.10407386
v -0.02266516 0.04576618 -0.10341088
v -0.02280416 0.04760476 -0.10217968
v -0.02564371 0.04607587 -0.10373192
v -0.02548974 0.04368082 -0.10440464
v -0.03304885 0.04543423 -0.10397387
v -0.03876230 0.04465624 -0.10398060
v -0.03902708 0.04308385 -0.10411005
v -0.04134036 0.04578527 -0.10343818
v -0.03262016 0.04692220 -0.10334044
v -0.02954347 -0.03125891 -0.10419860
v -0.02090938 0.01806357 -0.10379947
v -0.03157731 0.02045501 -0.10412140
v -0.03181292 -0.05397023 -0.10403806
v -0.03488294 -0.01892600 -0.10351564
v -0.03474487 -0.05335471 -0.10364636
v -0.03473924 -0.05459641 -0.10334919
v -0.03474012 -0.05555195 -0.10208680
v -0.03526871 -0.05288071 -0.10349503
v -0.03497745 -0.05524515 -0.10381369
v -0.03579865 -0.05308321 -0.10270949
v -0.03552011 -0.05565476 -0.10262261
v -0.03658600 -0.05330377 -0.10265400
v -0.03632996 -0.05545249 -0.10264611
v -0.03477108 -0.05658976 -0.10226425
v -0.03724063 -0.05523350 -0.10359053
v -0.03829715 -0.05421928 -0.10348943
v -0.03799396 -0.05565767 -0.10381738
v -0.03896038 -0.05301954 -0.10392307
v -0.03765036 -0.05680718 -0.10376174
v -0.03661018 -0.05674921 -0.10261466
v -0.02264636 0.03977815 -0.10430404
v -0.03401342 0.02610792 -0.10354375
v -0.01925207 -0.04403434 -0.10326590
v -0.01900812 -0.05795012 -0.10320594
v -0.04224989 0.02591379 -0.10397334
v -0.02009721 -0.05904815 -0.10387880
v -0.01905469 -0.06165857 -0.10300723
v -0.02027296 -0.06218063 -0.10362555
v -0.02340993 -0.06108881 -0.10402043
v -0.02325403 -0.05785552 -0.10415938
v -0.03314868 -0.06121027 -0.10406133
v -0.02209759 -0.04423216 -0.10407079
v -0.02536290 -0.04488750 -0.10412594
v -0.01917094 -0.06359077 -0.10209707
v -0.02284997 -0.06230553 -0.10378158
v -0.04303527 -0.04976049 -0.10421737
v -0.03686820 -0.04967469 -0.10366587
v -0.05702549 0.03447855 -0.10281519
v -0.05545954 0.04196003 -0.10269456
v -0.05731091 0.03985556 -0.10149289
v -0.06038067 0.03353582 -0.09969075
v -0.03087470 -0.05845572 -0.10418257
v -0.02558807 -0.03159553 -0.10428081
v -0.03477146 0.00631762 -0.10351169
v -0.03558366 0.03394453 -0.10298160
v -0.02030847 -0.04369619 -0.10381954
v -0.05384803 -0.04289599 -0.10410440
v -0.05187899 -0.06209247 -0.10401254
v -0.03782264 -0.06100545 -0.10412435
v -0.05265496 -0.05971304 -0.10441071
v -0.05624527 -0.06056521 -0.10417332
v -0.05563715 -0.06238769 -0.10343922
v -0.05812428 -0.06145568 -0.10334410
v -0.05899406 -0.05975223 -0.10386095
v -0.05218946 -0.06315985 -0.10329463
v -0.05654963 -0.05713470 -0.10437877
v -0.05039567 -0.05339940 -0.10413413
v -0.04632678 -0.05136688 -0.10421053
v -0.04809834 -0.05139801 -0.10407672
v -0.04889780 -0.05167698 -0.10349924
v -0.05032417 -0.05234041 -0.10370483
v -0.04938870 -0.04916433 -0.10372740
v -0.05069025 -0.05111640 -0.10402298
v -0.05086049 -0.04870772 -0.10391306
v -0.04825689 -0.04842884 -0.10413708
v -0.05270151 -0.04845206 -0.10411828
v -0.05205402 -0.04904876 -0.10356515
v -0.04976210 -0.06290090 -0.10356099
v -0.04263819 -0.05880588 -0.10434062
v -0.04840335 -0.04957935 -0.10387262
v -0.02535418 0.04801849 -0.10240581
v -0.03493984 -0.00533830 -0.10341964
v -0.03392345 -0.05638688 -0.10378986
v -0.05787668 0.03242201 -0.10270637
v -0.05501249 -0.05263411 -0.10409285
v -0.06165077 -0.02449294 -0.10332950
v -0.06175045 -0.03121231 -0.10330640
v -0.06149977 -0.05516963 -0.10352895
v -0.06262802 -0.02977997 -0.10270365
v -0.06282525 -0.02566732 -0.10233031
v -0.06283004 -0.02108853 -0.10239529
v -0.06235680 -0.05539984 -0.10285202
v -0.06102202 0.02749944 -0.10257696
v -0.03530986 0.02532372 -0.10295007
v -0.05919632 -0.05665000 -0.10417037
v -0.06106734 0.02962064 -0.10153499
v -0.02228917 -0.03153056 -0.10419510
v -0.03852738 -0.05722303 -0.10406282
v -0.02099025 -0.06344018 -0.10319682
v -0.02786564 0.03480681 -0.10423505
v -0.05525498 0.01393248 -0.10397382
v -0.06081407 0.02534135 -0.10302283
v -0.03124515 0.04163407 -0.10382709
v -0.05357184 0.04281922 -0.10323876
v -0.03674599 -0.05238577 -0.10353552
v -0.04842527 -0.04107489 -0.10428882
v -0.05169877 -0.05258657 -0.10357645
v -0.05254798 -0.05126808 -0.10336435
v -0.03252664 0.04243732 -0.10415289
v -0.06163842 -0.01913401 -0.10328797
v -0.03544001 -0.05758879 -0.10262642
v -0.05312516 0.02706220 -0.10385843
v -0.06239911 0.02582432 -0.10199819
v -0.06171335 0.02274794 -0.10255017
v -0.05033324 0.02504730 -0.10382535
v -0.05410484 -0.05108155 -0.10374314
v -0.05911162 0.01097913 -0.10364833
v -0.05439518 -0.04960629 -0.10374337
v -0.04913440 0.04489973 -0.10262431
v -0.05412953 0.04361546 -0.10250636
v -0.04542156 0.04562065 -0.10277487
v -0.05029007 0.03411806 -0.10371763
v -0.05544207 -0.02383733 -0.10377057
v -0.05825387 0.00933124 -0.10378396
v -0.04258568 0.03992886 -0.10325781
v -0.03351348 0.03329714 -0.10363640
v -0.05862535 0.01292182 -0.10363030
v -0.03512002 0.03206806 -0.10323437
v -0.03450035 -0.05787392 -0.10396640
v -0.04977524 0.03535777 -0.10336352
v -0.04059539 0.04149425 -0.10383447
v -0.05220273 -0.04720528 -0.10411079
v -0.03589163 -0.05811706 -0.10395875
v -0.06035934 -0.05868827 -0.10365435
v -0.05602228 0.02579818 -0.10364870
v -0.05549502 0.02207938 -0.10368215
v -0.05662926 0.02294042 -0.10375301
v -0.05547380 0.02862272 -0.10361491
v -0.05312516 0.02706220 -0.10385843
v -0.05814705 0.02752742 -0.10355406
v -0.05969157 0.02125890 -0.10348062
v -0.05539705 0.01779231 -0.10388391
v -0.06064025 0.02098673 -0.10330467
v -0.06081407 0.02534135 -0.10302283
v -0.06171335 0.02274794 -0.10255017
v -0.05291442 0.02019742 -0.10393244
v -0.05539705 0.01779231 -0.10388391
v -0.05662926 0.02294042 -0.10375301
v -0.03903800 -0.04471955 -0.10393531
v -0.03896038 -0.05301954 -0.10392307
v -0.04303527 -0.04976049 -0.10421737
v -0.03686820 -0.04967469 -0.10366587
v -0.03852738 -0.05722303 -0.10406282
v -0.04263819 -0.05880588 -0.10434062
v -0.04632678 -0.05136688 -0.10421053
v -0.04825689 -0.04842884 -0.10413708
v -0.03674599 -0.05238577 -0.10353552
v -0.04840335 -0.04957935 -0.10387262
v -0.05220273 -0.04720528 -0.10411079
v -0.03893310 0.03273724 -0.10360449
v -0.03938765 0.01795725 -0.10375525
v -0.04224989 0.02591379 -0.10397334
v -0.03659601 0.02572313 -0.10316316
v -0.03729532 0.03168152 -0.10332712
v -0.03512002 0.03206806 -0.10323437
v -0.05377763 -0.02183039 -0.10401811
v -0.05384803 -0.04289599 -0.10410440
v -0.05587392 -0.02570937 -0.10376504
v -0.05544207 -0.02383733 -0.10377057
v -0.05563695 -0.02035267 -0.10375787
v -0.05529309 -0.01647511 -0.10383723
v -0.05143490 0.02766314 -0.10376870
v -0.05113532 0.02578950 -0.10371645
v -0.05312516 0.02706220 -0.10385843
v -0.04981455 0.02544155 -0.10334851
v -0.05033324 0.02504730 -0.10382535
v -0.05634917 0.01321326 -0.10349922
v -0.05862535 0.01292182 -0.10363030
v -0.05662021 0.01400788 -0.10373630
v -0.05411646 0.01132045 -0.10359076
v -0.05525498 0.01393248 -0.10397382
v -0.05825387 0.00933124 -0.10378396
v -0.05921819 -0.01947181 -0.10391215
v -0.05911162 0.01097913 -0.10364833
v -0.06146867 -0.00692958 -0.10315336
v -0.06163842 -0.01913401 -0.10328797
v -0.03876230 0.04465624 -0.10398060
v -0.04581862 0.04230121 -0.10388709
v -0.05357184 0.04281922 -0.10323876
v -0.03902708 0.04308385 -0.10411005
v -0.03252664 0.04243732 -0.10415289
v -0.04059539 0.04149425 -0.10383447
v -0.02548974 0.04368082 -0.10440464
v -0.02679551 0.04227326 -0.10428207
v -0.02767892 0.04146935 -0.10395646
v -0.02786564 0.03480681 -0.10423505
v -0.02508484 0.03218797 -0.10443570
v -0.02264636 0.03977815 -0.10430404
v -0.03711613 0.04064217 -0.10302522
v -0.04258568 0.03992886 -0.10325781
v -0.04436243 0.04052394 -0.10334350
v -0.04059539 0.04149425 -0.10383447
v -0.05410484 -0.05108155 -0.10374314
v -0.05501249 -0.05263411 -0.10409285
v -0.05439518 -0.04960629 -0.10374337
v -0.05258880 -0.05302844 -0.10401387
v -0.05169877 -0.05258657 -0.10357645
v -0.05039567 -0.05339940 -0.10413413
v -0.03952677 0.03486539 -0.10367299
v -0.04047553 0.03399490 -0.10319406
v -0.04792804 0.03495681 -0.10366258
v -0.03558366 0.03394453 -0.10298160
v -0.05357184 0.04281922 -0.10323876
v -0.05545954 0.04196003 -0.10269456
v -0.05412953 0.04361546 -0.10250636
v -0.05612657 0.04263476 -0.10174028
v -0.02536290 -0.04488750 -0.10412594
v -0.03080522 -0.04572045 -0.10404273
v -0.02558807 -0.03159553 -0.10428081
v -0.02325403 -0.05785552 -0.10415938
v -0.03087470 -0.05845572 -0.10418257
v -0.05501249 -0.05263411 -0.10409285
v -0.05654963 -0.05713470 -0.10437877
v -0.05680716 -0.05220915 -0.10421127
v -0.05919632 -0.05665000 -0.10417037
v -0.02029500 -0.03397037 -0.10394935
v -0.02209759 -0.04423216 -0.10407079
v -0.02228917 -0.03153056 -0.10419510
v -0.02030847 -0.04369619 -0.10381954
v -0.02090938 0.01806357 -0.10379947
v -0.02242020 0.02345777 -0.10425040
v -0.02060387 0.03483532 -0.10348795
v -0.02264636 0.03977815 -0.10430404
v -0.06163842 -0.01913401 -0.10328797
v -0.06283004 -0.02108853 -0.10239529
v -0.06235049 -0.00953776 -0.10264375
v -0.03474012 -0.05555195 -0.10208680
v -0.03477108 -0.05658976 -0.10226425
v -0.03552011 -0.05565476 -0.10262261
v -0.03392345 -0.05638688 -0.10378986
v -0.03450035 -0.05787392 -0.10396640
v -0.00423735 -0.03700617 -0.06877668
v -0.00496435 -0.03648530 -0.06895473
v -0.00489296 -0.03478784 -0.06938078
v -0.00477468 -0.03902730 -0.06713239
v -0.00328484 -0.04087367 -0.06630499
v -0.00300469 -0.03660556 -0.06936842
v -0.00077735 -0.04168760 -0.06587517
v -0.00351081 -0.04589189 -0.06204740
v 0.00335512 -0.04420392 -0.06385680
v 0.00290447 -0.04799743 -0.06030281
v 0.00118961 -0.04939737 -0.05880224
v 0.00884938 -0.04666803 -0.06166367
v 0.00173172 -0.03783467 -0.06863069
v -0.00281716 -0.03507289 -0.07023984
v 0.03373651 -0.04934367 -0.05907206
v -0.00349483 -0.04895428 -0.05887931
v 0.00130851 -0.05144942 -0.05615947
v -0.00393684 -0.05163555 -0.05508864
v 0.01020913 -0.04111312 -0.06637811
v -0.00477393 -0.04161957 -0.06492174
v -0.00494481 -0.03364464 -0.07042631
v -0.00440852 -0.04940631 -0.05785590
v 0.03315609 -0.03467616 -0.07035711
v 0.00467514 -0.03078188 -0.07233019
v -0.00221533 -0.02927233 -0.07297743
v 0.00337855 -0.02555453 -0.07427957
v 0.03228474 -0.02871839 -0.07303478
v -0.00283321 -0.02365779 -0.07474405
v 0.00460065 -0.02028359 -0.07559223
v 0.03142696 -0.02164472 -0.07521352
v 0.03230914 -0.02534573 -0.07424072
v 0.03297128 -0.03812471 -0.06837787
v 0.03270587 -0.03132155 -0.07195304
v -0.00244811 -0.01902205 -0.07580528
v -0.00407250 -0.02168667 -0.07504683
v -0.00382625 -0.01650194 -0.07595420
v -0.00477121 -0.02008351 -0.07489029
v 0.00781925 -0.01540596 -0.07627221
v -0.00441914 -0.02698988 -0.07337379
v -0.00489290 -0.02221258 -0.07421187
v -0.00439984 -0.00998299 -0.07586679
v -0.00196942 -0.01068226 -0.07628368
v -0.00394641 -0.00676834 -0.07582695
v 0.03289406 -0.01651448 -0.07617802
v 0.03994218 -0.03728620 -0.06913662
v -0.00148486 -0.01528868 -0.07621908
v 0.01768599 -0.01418434 -0.07641585
v 0.03907273 -0.01380763 -0.07639350
v -0.00353200 -0.02860398 -0.07309769
v 0.02908050 -0.01223624 -0.07655736
v 0.02489191 -0.00915059 -0.07658589
v 0.01100681 -0.00945534 -0.07645437
v 0.02723669 -0.00584498 -0.07630472
v 0.01216909 -0.00587943 -0.07610357
v 0.01130979 -0.00268243 -0.07561337
v 0.00256635 -0.00275175 -0.07560492
v 0.01021409 0.00012162 -0.07487796
v -0.00036272 0.00125059 -0.07449858
v 0.01343127 0.00370782 -0.07385600
v -0.00352699 -0.00206655 -0.07510814
v 0.00137964 0.00441387 -0.07352274
v 0.01253922 0.00712776 -0.07250660
v 0.02668286 0.00590879 -0.07318243
v 0.00264826 0.00750587 -0.07226315
v 0.02605594 -0.00232490 -0.07571968
v -0.00416166 0.00375391 -0.07329318
v -0.00438385 -0.00088779 -0.07446113
v -0.00200209 0.00601601 -0.07273864
v 0.02857167 0.00105301 -0.07489548
v 0.03872766 -0.04062044 -0.06690098
v 0.04057066 -0.03889367 -0.06812196
v 0.04049226 -0.04097245 -0.06664184
v 0.03929772 -0.01922547 -0.07575528
v -0.00456008 -0.00398091 -0.07513894
v 0.00054463 -0.00616357 -0.07609058
v 0.03852969 -0.00967435 -0.07648065
v 0.03043639 -0.04656559 -0.06192092
v 0.03602711 -0.05074688 -0.05735884
v -0.00484155 -0.04634628 -0.06089637
v 0.04052420 -0.04387768 -0.06442271
v 0.04058137 -0.03670979 -0.06942018
v -0.00475901 -0.04345992 -0.06371046
v -0.00472736 -0.02508387 -0.07368878
v -0.00504323 -0.02179128 -0.07465835
v 0.02427107 0.00357305 -0.07405064
v 0.01641056 -0.05203398 -0.05548608
v 0.03569687 -0.05209710 -0.05547240
v 0.04049420 -0.05159394 -0.05661541
v 0.04048347 -0.04985345 -0.05878212
v 0.00386603 -0.05362601 -0.05291066
v 0.04039658 -0.05370037 -0.05362557
v 0.04053307 -0.02202683 -0.07511474
v 0.03911395 -0.00603574 -0.07613774
v 0.03064791 0.00346489 -0.07409269
v 0.03918158 -0.03384349 -0.07088691
v 0.04059148 -0.03441867 -0.07046137
v 0.04057770 -0.03087268 -0.07230460
v 0.04058145 -0.01851414 -0.07580542
v 0.04111361 -0.02208462 -0.07564146
v 0.04120497 -0.01593690 -0.07658461
v 0.04085824 -0.02350168 -0.07501015
v 0.04055957 -0.02573237 -0.07397720
v 0.04063457 -0.02755779 -0.07340994
v 0.04162315 -0.01860629 -0.07639155
v 0.04188025 -0.01374884 -0.07681978
v 0.04142648 -0.00870137 -0.07666666
v 0.04232287 -0.02145282 -0.07593446
v 0.05710620 -0.01904335 -0.07655913
v 0.05621915 -0.02314713 -0.07581107
v 0.05728573 -0.02288835 -0.07574601
v 0.05680116 -0.02791868 -0.07445583
v 0.05741931 -0.02708672 -0.07432620
v 0.05718848 -0.03377640 -0.07184384
v 0.05646978 -0.03266933 -0.07257573
v 0.05576529 -0.03788244 -0.06985602
v 0.05741010 -0.04213555 -0.06675444
v 0.05611258 -0.04251830 -0.06677944
v 0.04441345 -0.04159092 -0.06770916
v 0.04924185 -0.03774907 -0.07006666
v 0.04285583 -0.03880539 -0.06945975
v 0.04512098 -0.03469182 -0.07167379
v 0.04144057 -0.03483630 -0.07142485
v 0.04098137 -0.04085683 -0.06803347
v 0.04106083 -0.03836810 -0.06951325
v 0.04162295 -0.03109706 -0.07314884
v 0.04303068 -0.04441781 -0.06560878
v 0.05627689 -0.04641378 -0.06367227
v 0.05236511 -0.03304545 -0.07248588
v 0.05754692 -0.04632763 -0.06329371
v 0.05713667 -0.04886279 -0.06102269
v 0.05738559 -0.05176412 -0.05752606
v 0.05627556 -0.05334251 -0.05601950
v 0.05738971 -0.05632052 -0.05116308
v 0.05641249 -0.05512882 -0.05349195
v 0.04977851 -0.05412602 -0.05490671
v 0.05604173 -0.05749755 -0.04976188
v 0.05545952 -0.05088780 -0.05918498
v 0.05616863 -0.00971726 -0.07681793
v 0.04933540 -0.00572935 -0.07638300
v 0.04158495 -0.00498136 -0.07621064
v 0.04058638 -0.00349289 -0.07541868
v 0.04064259 -0.00624339 -0.07588867
v 0.03968268 -0.00353462 -0.07571613
v 0.03993854 -0.00079424 -0.07496436
v 0.04074197 -0.00114856 -0.07470901
v 0.04140003 -0.00193071 -0.07564616
v 0.05718360 -0.01383916 -0.07692381
v 0.05720998 -0.00948542 -0.07656608
v 0.05656338 -0.00539876 -0.07627248
v 0.04360944 -0.01538246 -0.07676198
v 0.04700185 -0.02516614 -0.07519919
v 0.03281671 -0.04117752 -0.06631548
v 0.02152509 -0.04444108 -0.06381642
v 0.05331229 -0.04430031 -0.06556846
v 0.04050403 -0.01489518 -0.07613409
v 0.03959819 0.00701864 -0.07251816
v 0.03960411 0.00438231 -0.07351677
v 0.04065342 0.00558419 -0.07272545
v 0.04084695 0.01006424 -0.07056661
v 0.03976803 0.01180168 -0.07019702
v 0.03552612 -0.00234956 -0.07565356
v 0.04095206 -0.04367206 -0.06596459
v 0.04107949 -0.04686188 -0.06319708
v 0.04255594 -0.04709235 -0.06321725
v 0.04177266 -0.05033921 -0.05983809
v 0.04093010 -0.05000774 -0.05977424
v 0.04100012 -0.05255354 -0.05700601
v 0.03262459 -0.04455939 -0.06369470
v 0.04097145 -0.03084160 -0.07306786
v 0.05717772 -0.00308139 -0.07550694
v 0.05706385 0.00145119 -0.07461689
v 0.05648843 0.00144765 -0.07484310
v 0.05715547 0.00535422 -0.07319856
v 0.05591446 0.00428336 -0.07394409
v 0.04855722 0.00446524 -0.07392678
v 0.05259037 0.00677811 -0.07302325
v 0.04144114 0.00430071 -0.07388380
v 0.04837602 0.00102636 -0.07495976
v 0.05643564 0.00862794 -0.07219503
v 0.03884905 0.00051270 -0.07480366
v -0.00494929 -0.04756068 -0.05933845
v -0.00507543 -0.04953305 -0.05687873
v -0.00514095 -0.05066388 -0.05554704
v 0.03802642 -0.02555424 -0.07422893
v 0.05704084 0.01149256 -0.07045640
v 0.05660501 0.01110762 -0.07100056
v 0.05649334 0.01423149 -0.06932421
v 0.04137523 0.01518752 -0.06882030
v 0.04134636 0.01304908 -0.06998392
v 0.05645258 0.01751195 -0.06725683
v 0.04152878 0.01899022 -0.06626972
v 0.04711153 0.01970719 -0.06578075
v 0.04558647 0.02308892 -0.06257348
v 0.04126686 0.02276583 -0.06267474
v 0.04141567 0.02627005 -0.05888141
v 0.04785448 0.02763604 -0.05747206
v 0.04138733 0.02880196 -0.05602508
v 0.05495844 0.02487227 -0.06037713
v 0.05568006 0.02814888 -0.05680305
v 0.05636822 0.02057858 -0.06485374
v 0.05638895 0.02927370 -0.05539107
v 0.05085045 -0.05745620 -0.04965455
v 0.05537343 -0.05929516 -0.04643696
v 0.04231850 -0.05477307 -0.05402822
v 0.04246242 -0.05727319 -0.04984151
v 0.04106899 -0.05487141 -0.05370589
v 0.04862459 -0.05939455 -0.04590662
v 0.04204415 -0.05939340 -0.04565677
v 0.04162249 -0.06093283 -0.04189827
v 0.04078220 -0.05843670 -0.04680562
v 0.05088069 -0.06135627 -0.04113635
v 0.05553983 -0.06131956 -0.04156568
v 0.05619050 -0.06312905 -0.03621725
v 0.04645081 -0.06295310 -0.03623160
v 0.04166404 -0.06266253 -0.03651846
v 0.04031917 -0.06037700 -0.04160220
v 0.04066321 -0.05879886 -0.04533879
v 0.04178846 -0.06368549 -0.03238855
v 0.04761598 -0.06372615 -0.03310760
v 0.04142991 -0.06417603 -0.02962944
v 0.05046966 -0.06428678 -0.03029233
v 0.05650056 -0.06452400 -0.03028056
v 0.05061251 -0.06473412 -0.02655128
v 0.05661476 -0.06484735 -0.02751451
v 0.05592896 -0.06502261 -0.02349474
v 0.05066027 -0.06488438 -0.02266867
v 0.05727384 -0.06480945 -0.02275542
v 0.05670318 -0.06469583 -0.01665120
v 0.05476128 -0.06499041 -0.01945908
v 0.04147391 -0.06456911 -0.02644864
v 0.04194009 -0.06470188 -0.02326634
v 0.05667517 -0.06384743 -0.03366575
v 0.04097387 -0.05669730 -0.05022543
v 0.04235370 -0.05270092 -0.05695817
v 0.05241043 -0.00244020 -0.07581329
v 0.05756347 -0.06235843 -0.03733034
v 0.04203057 0.01011539 -0.07149028
v 0.05218981 -0.04774084 -0.06259257
v -0.00369793 0.00800343 -0.07152724
v 0.04159495 -0.06472514 -0.01954547
v 0.05553512 -0.06478115 -0.01647651
v -0.00503936 -0.02509005 -0.07379524
v 0.05647286 0.02539514 -0.05982279
v -0.00487243 -0.02946500 -0.07200951
v 0.05669970 -0.06005216 -0.04459997
v 0.05760749 -0.06008217 -0.04333898
v 0.05752939 -0.05830192 -0.04737850
v 0.04653201 -0.02859609 -0.07417193
v -0.00509469 -0.02721790 -0.07255986
v -0.00415723 -0.03144442 -0.07173039
v 0.03865657 -0.04873764 -0.05988229
v 0.04052739 -0.04689016 -0.06184200
v 0.00393531 -0.01004357 -0.07647990
v -0.00476109 -0.03188740 -0.07113078
v -0.00504997 -0.03191199 -0.07135401
v -0.00484401 -0.04473341 -0.06214901
v 0.03844257 -0.04597219 -0.06260647
v 0.04062142 -0.00983746 -0.07619671
v 0.03927978 -0.02963061 -0.07282810
v 0.04151527 0.00120455 -0.07483770
v 0.04134576 0.00918780 -0.07190844
v 0.04145502 -0.02645721 -0.07474406
v 0.04052420 -0.04387768 -0.06442271
v 0.04052739 -0.04689016 -0.06184200
v 0.03844257 -0.04597219 -0.06260647
v 0.04063457 -0.02755779 -0.07340994
v 0.04057770 -0.03087268 -0.07230460
v 0.03927978 -0.02963061 -0.07282810
v 0.04062142 -0.00983746 -0.07619671
v 0.03911395 -0.00603574 -0.07613774
v 0.04064259 -0.00624339 -0.07588867
v 0.03968268 -0.00353462 -0.07571613
v 0.03552612 -0.00234956 -0.07565356
v 0.03884905 0.00051270 -0.07480366
v 0.00054463 -0.00616357 -0.07609058
v -0.00394641 -0.00676834 -0.07582695
v -0.00352699 -0.00206655 -0.07510814
v -0.00456008 -0.00398091 -0.07513894
v 0.04074197 -0.00114856 -0.07470901
v 0.03884905 0.00051270 -0.07480366
v 0.03960411 0.00438231 -0.07351677
v 0.04065342 0.00558419 -0.07272545
v 0.04151527 0.00120455 -0.07483770
v 0.04144114 0.00430071 -0.07388380
v 0.04134837 0.00710875 -0.07281455
v 0.05259037 0.00677811 -0.07302325
v 0.04203057 0.01011539 -0.07149028
v 0.04134576 0.00918780 -0.07190844
v 0.05718360 -0.01383916 -0.07692381
v 0.05710620 -0.01904335 -0.07655913
v 0.04360944 -0.01538246 -0.07676198
v 0.04145502 -0.02645721 -0.07474406
v 0.04097145 -0.03084160 -0.07306786
v 0.04085824 -0.02350168 -0.07501015
v 0.05218981 -0.04774084 -0.06259257
v 0.05545952 -0.05088780 -0.05918498
v 0.04177266 -0.05033921 -0.05983809
v 0.04235370 -0.05270092 -0.05695817
v 0.05241043 -0.00244020 -0.07581329
v 0.04140003 -0.00193071 -0.07564616
v 0.04837602 0.00102636 -0.07495976
v 0.04151527 0.00120455 -0.07483770
v 0.04235370 -0.05270092 -0.05695817
v 0.04231850 -0.05477307 -0.05402822
v 0.04100012 -0.05255354 -0.05700601
v 0.04106899 -0.05487141 -0.05370589
v -0.00477121 -0.02008351 -0.07489029
v -0.00504323 -0.02179128 -0.07465835
v -0.00505057 -0.01538800 -0.07492578
v 0.05729700 -0.00146079 -0.06877930
v 0.05703084 -0.00201449 -0.06913660
v 0.05707522 -0.00066794 -0.06845221
v 0.05790679 -0.00068534 -0.06853915
v 0.05733987 0.00174482 -0.06800599
v 0.05696511 -0.00563453 -0.06920810
v 0.05771799 -0.00589550 -0.06934864
v 0.05943016 -0.00332420 -0.06931240
v 0.06108395 0.00117826 -0.06817487
v 0.05910961 0.00386135 -0.06721866
v 0.07424440 0.00396980 -0.06753567
v 0.06072268 0.00623735 -0.06635391
v 0.07031839 0.00721615 -0.06605154
v 0.07428927 0.00873397 -0.06548323
v 0.06977527 0.01163869 -0.06374293
v 0.06137545 0.00939733 -0.06482492
v 0.07061434 0.00025013 -0.06859320
v 0.05895433 -0.00894508 -0.07001379
v 0.05815305 -0.01169957 -0.07007807
v 0.05745486 -0.01260652 -0.06997360
v 0.05759706 -0.01679365 -0.06964508
v 0.05721483 -0.00628325 -0.06961020
v 0.07075646 -0.00950889 -0.07015369
v 0.07045592 -0.00597728 -0.06981105
v 0.07429695 -0.00781122 -0.07013465
v 0.07425111 -0.01146602 -0.07025948
v 0.07430511 -0.00266322 -0.06930859
v 0.05849419 -0.01543643 -0.07000683
v 0.05718924 -0.01795580 -0.06922260
v 0.05859306 -0.02045180 -0.06936619
v 0.05709177 -0.01989416 -0.06908568
v 0.06646912 -0.01861075 -0.06967630
v 0.06401801 -0.02151889 -0.06908372
v 0.06988578 -0.02319175 -0.06866666
v 0.07432161 -0.01992027 -0.06944065
v 0.07440839 -0.01563442 -0.07012001
v 0.07406718 -0.02463032 -0.06829523
v 0.07436365 -0.02556266 -0.06781278
v 0.07429172 -0.02941345 -0.06660254
v 0.07362068 -0.02782101 -0.06726272
v 0.06285418 -0.02887120 -0.06670657
v 0.06414637 -0.03172221 -0.06543961
v 0.05856950 -0.03027843 -0.06632084
v 0.05835099 -0.03569234 -0.06347763
v 0.06432711 -0.03498043 -0.06372877
v 0.07062159 -0.03484009 -0.06385593
v 0.06818090 -0.03813281 -0.06159883
v 0.06094920 -0.03732939 -0.06233241
v 0.07394379 -0.03506682 -0.06383197
v 0.05742568 -0.03289941 -0.06475059
v 0.05745430 -0.03000405 -0.06618733
v 0.05764667 -0.03581445 -0.06364180
v 0.05739743 -0.02757984 -0.06704239
v 0.05778876 -0.02494776 -0.06775853
v 0.05726575 -0.02488893 -0.06762641
v 0.05730281 -0.02313879 -0.06828914
v 0.05707778 -0.02158369 -0.06845041
v 0.06075451 -0.00593147 -0.06976213
v 0.05743273 0.00755038 -0.06553574
v 0.06501651 -0.00247980 -0.06917999
v 0.05744574 0.00439231 -0.06681928
v 0.05736204 0.00231655 -0.06750540
v 0.07375628 0.00133788 -0.06841294
v 0.05725874 0.00650683 -0.06607725
v 0.05886366 -0.02474686 -0.06817092
v 0.06654405 -0.01562932 -0.07005371
v 0.06042664 0.01310240 -0.06288032
v 0.06242769 -0.04108296 -0.05953151
v 0.05768211 -0.04164445 -0.05942515
v 0.05753607 -0.04333384 -0.05801419
v 0.06079128 -0.04483881 -0.05630779
v 0.05782209 -0.04533722 -0.05615009
v 0.06899935 -0.04216090 -0.05849830
v 0.05751582 -0.04690207 -0.05443869
v 0.06073518 -0.04780097 -0.05331652
v 0.05748757 -0.04907484 -0.05221937
v 0.06154756 -0.05074974 -0.04979129
v 0.05789289 -0.05132941 -0.04937141
v 0.05753722 -0.05101204 -0.05028254
v 0.06045738 -0.05312276 -0.04642582
v 0.07237627 -0.05298571 -0.04628512
v 0.06163440 -0.05482206 -0.04329316
v 0.07070586 -0.05464251 -0.04343960
v 0.07422176 -0.05486182 -0.04322752
v 0.07404017 -0.05137217 -0.04881988
v 0.05786096 -0.05280254 -0.04722712
v 0.07426750 -0.05678608 -0.03916640
v 0.06895951 -0.05002957 -0.05043875
v 0.05742142 0.00998262 -0.06437986
v 0.05780863 -0.03731790 -0.06257240
v 0.06870663 -0.04677359 -0.05419530
v 0.07429270 -0.03972084 -0.06056450
v 0.07428856 -0.04328842 -0.05753328
v 0.05752956 -0.03937147 -0.06109333
v 0.07432949 -0.03351501 -0.06449058
v 0.07402543 -0.04600967 -0.05497919
v 0.05782877 -0.05437449 -0.04451574
v 0.05786726 -0.05616458 -0.04083343
v 0.07405598 -0.04939121 -0.05139712
v 0.07061434 0.00025013 -0.06859320
v 0.07045592 -0.00597728 -0.06981105
v 0.06501651 -0.00247980 -0.06917999
v 0.07430511 -0.00266322 -0.06930859
v 0.07375628 0.00133788 -0.06841294
v 0.07424440 0.00396980 -0.06753567
v 0.05790679 -0.00068534 -0.06853915
v 0.05736204 0.00231655 -0.06750540
v 0.05910961 0.00386135 -0.06721866
v 0.05771799 -0.00589550 -0.06934864
v 0.05721483 -0.00628325 -0.06961020
v 0.05696511 -0.00563453 -0.06920810
v 0.07440839 -0.01563442 -0.07012001
v 0.06654405 -0.01562932 -0.07005371
v 0.07425111 -0.01146602 -0.07025948
v 0.05886366 -0.02474686 -0.06817092
v 0.05730281 -0.02313879 -0.06828914
v 0.05859306 -0.02045180 -0.06936619
v 0.05707778 -0.02158369 -0.06845041
vt 0.24575607 0.68168646
vt 0.25579011 0.68539333
vt 0.24441223 0.69052708
vt 0.25766429 0.69502234
vt 0.24490428 0.70422322
vt 0.26417971 0.71652997
vt 0.24008954 0.71598673
vt 0.22746398 0.70680177
vt 0.23489770 0.69033527
vt 0.22611225 0.72238618
vt 0.21833803 0.71495283
vt 0.23794127 0.73287886
vt 0.25652432 0.73040932
vt 0.24936907 0.73986107
vt 0.28220356 0.72155946
vt 0.27830070 0.73261249
vt 0.22232857 0.73654521
vt 0.22040179 0.73250312
vt 0.28071323 0.69812948
vt 0.30162463 0.70885330
vt 0.28066391 0.68199188
vt 0.30020753 0.73423404
vt 0.29770806 0.75140542
vt 0.31245390 0.73374248
vt 0.27356333 0.74654078
vt 0.30446512 0.74624819
vt 0.28658682 0.75544822
vt 0.27679864 0.75855321
vt 0.31569174 0.71442848
vt 0.32300609 0.71714395
vt 0.32610273 0.70568478
vt 0.25166664 0.75157547
vt 0.24800792 0.75954169
vt 0.25575736 0.76251781
vt 0.22691754 0.75296980
vt 0.23690759 0.76089042
vt 0.20143202 0.71976888
vt 0.19469543 0.70583737
vt 0.21558690 0.73289251
vt 0.20047902 0.73437053
vt 0.32669994 0.68677872
vt 0.31508499 0.69244123
vt 0.29771125 0.67210805
vt 0.26635548 0.66909581
vt 0.28811198 0.65768969
vt 0.26886171 0.64226860
vt 0.24887319 0.66372651
vt 0.30607745 0.67210263
vt 0.20530362 0.68748897
vt 0.21686779 0.67344183
vt 0.21512899 0.67020017
vt 0.22688265 0.66215217
vt 0.24507909 0.65100795
vt 0.25037313 0.62876129
vt 0.23736294 0.62973595
vt 0.22569384 0.63892239
vt 0.21822593 0.62730658
vt 0.20467381 0.65862852
vt 0.18429972 0.70090538
vt 0.22783422 0.61627936
vt 0.21596782 0.61364329
vt 0.23132114 0.60860628
vt 0.24960640 0.61163092
vt 0.24627820 0.60399747
vt 0.25941837 0.60593921
vt 0.20526248 0.63713259
vt 0.20348358 0.62413633
vt 0.19774660 0.63066047
vt 0.19671801 0.64377052
vt 0.19322656 0.63590288
vt 0.18527339 0.64592403
vt 0.18809573 0.64923215
vt 0.18124467 0.65528280
vt 0.19221616 0.65818542
vt 0.18257654 0.67032295
vt 0.18882525 0.68000335
vt 0.17890087 0.68171263
vt 0.17822145 0.66836607
vt 0.18096952 0.69823557
vt 0.18672815 0.71597683
vt 0.31260362 0.73785353
vt 0.26389745 0.62254202
vt 0.28261992 0.63939071
vt 0.30144250 0.65094280
vt 0.29533741 0.62952369
vt 0.31288844 0.63690227
vt 0.31719807 0.64970636
vt 0.27418926 0.61967355
vt 0.32166997 0.66919708
vt 0.32661763 0.66993141
vt 0.32498500 0.66224706
vt 0.32253182 0.64968753
vt 0.31929383 0.64422125
vt 0.27423728 0.60724324
vt 0.19122733 0.72175652
vt 0.19709420 0.73619890
vt 0.21171328 0.74556017
vt 0.23410082 0.60446036
vt 0.22524232 0.60678250
vt 0.28441989 0.61139959
vt 0.30369845 0.62502420
vt 0.28351954 0.60806501
vt 0.21684888 0.73996121
vt 0.26710188 0.60228151
vt 0.25075921 0.60229439
vt 0.25854576 0.60211593
vt 0.29426989 0.61316049
vt 0.18969987 0.72429883
vt 0.30832082 0.62713778
vt 0.18374176 0.71685630
vt 0.20329188 0.74368078
vt 0.29147291 0.75574815
vt 0.21291739 0.75120103
vt 0.23374593 0.76104313
vt 0.27392757 0.60396165
vt 0.17697829 0.68912452
vt 0.27013391 0.76239276
vt 0.27881873 0.76003712
vt 0.17929800 0.70229423
vt 0.28378239 0.75808889
vt 0.32800999 0.69257241
vt 0.23814313 0.60290861
vt 0.24572486 0.76402944
vt 0.25122321 0.76400852
vt 0.29758862 0.75324404
vt 0.22039938 0.60860628
vt 0.21528283 0.61155373
vt 0.20971896 0.61622918
vt 0.27457967 0.76139623
vt 0.28693679 0.75780427
vt 0.30461350 0.74741036
vt 0.20893854 0.74919760
vt 0.32858378 0.68454391
vt 0.32795745 0.67744184
vt 0.20355603 0.62204754
vt 0.18992667 0.72929901
vt 0.24181293 0.76365525
vt 0.31826130 0.72809905
vt 0.19800876 0.62722027
vt 0.18872537 0.63855243
vt 0.17616268 0.68285316
vt 0.18683019 0.72456139
vt 0.26019707 0.76402944
vt 0.19298378 0.63351440
vt 0.22770230 0.75970936
vt 0.22037473 0.73621076
vt 0.21872967 0.73398882
vt 0.21857281 0.73637617
vt 0.23076792 0.60444963
vt 0.32481351 0.65513635
vt 0.32488784 0.65143704
vt 0.19318083 0.73430032
vt 0.18569556 0.64115113
vt 0.19594374 0.73820913
vt 0.32741541 0.66697574
vt 0.18169941 0.64908534
vt 0.17634669 0.67379797
vt 0.31706023 0.63847280
vt 0.17487046 0.69434369
vt 0.17715013 0.70077610
vt 0.17728572 0.70575440
vt 0.17869835 0.70995784
vt 0.17646891 0.66668946
vt 0.17802019 0.66000998
vt 0.18020345 0.71351153
vt 0.32485357 0.64859247
vt 0.32343644 0.64789110
vt 0.21579659 0.07378723
vt 0.22833088 0.06798790
vt 0.23360123 0.06934918
vt 0.25749171 0.06412297
vt 0.25465477 0.07096675
vt 0.23283541 0.07530515
vt 0.22035930 0.08160643
vt 0.23635654 0.08129222
vt 0.25869355 0.08345997
vt 0.26294932 0.06956260
vt 0.27095398 0.08394741
vt 0.21310182 0.08382628
vt 0.26697868 0.06112329
vt 0.21201128 0.07638934
vt 0.26902130 0.07328600
vt 0.26846597 0.06461861
vt 0.22458096 0.08444177
vt 0.24145545 0.06388939
vt 0.25848246 0.06113412
vt 0.24785344 0.08510328
vt 0.21717760 0.08692678
vt 0.21329476 0.08896352
vt 0.27730706 0.07385456
vt 0.28188092 0.08363274
vt 0.23842886 0.08363938
vt 0.27385432 0.06910120
vt 0.28513610 0.07545376
vt 0.29549313 0.08362675
vt 0.26809925 0.05682395
vt 0.30258453 0.08377170
vt 0.27056843 0.06231121
vt 0.27767450 0.06980322
vt 0.27502969 0.08577643
vt 0.26557428 0.08575630
vt 0.25633851 0.08549463
vt 0.28539628 0.08606195
vt 0.22036816 0.09010078
vt 0.21345650 0.09167454
vt 0.21856776 0.09289449
vt 0.22769570 0.09182304
vt 0.22650561 0.08729064
vt 0.23632887 0.09123757
vt 0.23981430 0.08761667
vt 0.25187284 0.09156861
vt 0.23950541 0.09252772
vt 0.25321859 0.09294783
vt 0.26329616 0.09150889
vt 0.26388308 0.09371311
vt 0.25571477 0.08930651
vt 0.24931122 0.08706414
vt 0.27268380 0.09220729
vt 0.27451527 0.09045250
vt 0.28284001 0.09138838
vt 0.28576690 0.08753163
vt 0.29540652 0.08717894
vt 0.28904068 0.08972268
vt 0.30140445 0.09115872
vt 0.30133784 0.08790392
vt 0.29538327 0.09307323
vt 0.30441728 0.09018682
vt 0.30469963 0.09429623
vt 0.26346216 0.05725507
vt 0.26369512 0.05286489
vt 0.21200345 0.07174762
vt 0.23274350 0.06149121
vt 0.21870847 0.06299214
vt 0.21563959 0.06345093
vt 0.21311291 0.06809846
vt 0.24283662 0.05795763
vt 0.21301691 0.09429622
vt 0.30872193 0.08894988
vt 0.30765188 0.08535632
vt 0.30350679 0.08924948
vt 0.25727823 0.04620278
vt 0.25371677 0.04558165
vt 0.25705239 0.05346822
vt 0.24246775 0.05005123
vt 0.22725305 0.05610172
vt 0.23248363 0.05450467
vt 0.25361326 0.04369825
vt 0.24592790 0.04694435
vt 0.62577045 0.74006814
vt 0.62479937 0.77371758
vt 0.61643177 0.77266014
vt 0.61591148 0.81072527
vt 0.62479591 0.81164008
vt 0.61397105 0.82401270
vt 0.62195909 0.82451385
vt 0.61668932 0.73677057
vt 0.60858661 0.80873436
vt 0.60919362 0.73955750
vt 0.60937595 0.77308989
vt 0.63030529 0.82424474
vt 0.63312888 0.73971361
vt 0.63182491 0.80318898
vt 0.63178289 0.73002130
vt 0.62476075 0.72381449
vt 0.61967969 0.72540200
vt 0.63828522 0.82264018
vt 0.64057857 0.73938930
vt 0.63935488 0.77914542
vt 0.60944980 0.72558933
vt 0.64130300 0.72624213
vt 0.60069060 0.80377924
vt 0.60108089 0.73615652
vt 0.60028505 0.76541126
vt 0.60188967 0.82389939
vt 0.63297045 0.72412932
vt 0.59377718 0.72585618
vt 0.59086448 0.81427491
vt 0.59132493 0.76673365
vt 0.59265125 0.73734236
vt 0.59285426 0.82412153
vt 0.64821434 0.72579902
vt 0.64553684 0.79522157
vt 0.64655572 0.73957813
vt 0.64648402 0.82228446
vt 0.64286178 0.82450360
vt 0.61261708 0.72353983
vt 0.65412426 0.81386119
vt 0.65488827 0.76470244
vt 0.65535152 0.73953080
vt 0.65962148 0.72771490
vt 0.65457278 0.82419145
vt 0.66151416 0.82287055
vt 0.66397858 0.73825985
vt 0.66424102 0.76655900
vt 0.63643539 0.82592481
vt 0.66790152 0.81090796
vt 0.59931266 0.72258711
vt 0.60904849 0.72283119
vt 0.59393996 0.72310531
vt 0.66892135 0.76779181
vt 0.66989827 0.74379325
vt 0.67198956 0.72664595
vt 0.66347182 0.72353673
vt 0.65925527 0.72536618
vt 0.65210027 0.72379702
vt 0.67623591 0.72314978
vt 0.67427880 0.82279366
vt 0.67819619 0.73925942
vt 0.67620856 0.81521022
vt 0.67668235 0.76509362
vt 0.68253952 0.72395581
vt 0.66135770 0.72182769
vt 0.66963685 0.82491916
vt 0.67879605 0.79227245
vt 0.68509889 0.72202283
vt 0.64298952 0.72348219
vt 0.68666577 0.75942069
vt 0.68559486 0.72567511
vt 0.68550265 0.82398224
vt 0.58203691 0.82381207
vt 0.58214498 0.80880958
vt 0.58242595 0.75674725
vt 0.58303219 0.73707443
vt 0.58160621 0.72581035
vt 0.58545840 0.72276092
vt 0.61443955 0.82557291
vt 0.69537640 0.72604316
vt 0.63570982 0.82757646
vt 0.62875617 0.82629246
vt 0.62839395 0.82763541
vt 0.62378502 0.82701993
vt 0.68764222 0.79082662
vt 0.69377208 0.82436877
vt 0.69696403 0.75575519
vt 0.66448140 0.82659006
vt 0.65171713 0.82630718
vt 0.66287071 0.82750297
vt 0.65097624 0.82726967
vt 0.64327472 0.82726520
vt 0.68601692 0.82783622
vt 0.68502945 0.82674468
vt 0.69295835 0.72381049
vt 0.70011848 0.82434505
vt 0.70256501 0.72599483
vt 0.70132852 0.75945663
vt 0.64346802 0.82808262
vt 0.68795305 0.72260052
vt 0.64318961 0.72168744
vt 0.65058672 0.72197515
vt 0.64793026 0.72079116
vt 0.61020017 0.82614428
vt 0.69510633 0.82754421
vt 0.70738399 0.80844784
vt 0.71008098 0.73523033
vt 0.70676798 0.72489119
vt 0.70095158 0.72292250
vt 0.70501661 0.82347965
vt 0.71192038 0.82479060
vt 0.71172160 0.72458756
vt 0.70230097 0.82555616
vt 0.71296638 0.77953553
vt 0.72089022 0.81337631
vt 0.71585983 0.72488737
vt 0.71818548 0.74135906
vt 0.65733337 0.72390908
vt 0.72226495 0.82476801
vt 0.70148498 0.82768166
vt 0.72405034 0.72577012
vt 0.72170728 0.72484738
vt 0.72852045 0.72468060
vt 0.71179670 0.82766235
vt 0.71778685 0.82693821
vt 0.71884698 0.82798731
vt 0.72421944 0.82790905
vt 0.73116183 0.80734855
vt 0.73190629 0.82504612
vt 0.73459584 0.74228400
vt 0.70680261 0.82775831
vt 0.61843967 0.82646352
vt 0.61594200 0.82811654
vt 0.61894900 0.82812160
vt 0.73728991 0.72380251
vt 0.72783685 0.82787359
vt 0.73695010 0.81096929
vt 0.73846322 0.74460751
vt 0.66089553 0.72405374
vt 0.74386388 0.72386694
vt 0.69464391 0.72230029
vt 0.74315929 0.82402968
vt 0.74720550 0.80680394
vt 0.73416376 0.82763898
vt 0.61300641 0.82724965
vt 0.60767680 0.82719803
vt 0.74820012 0.72438329
vt 0.74192208 0.82821292
vt 0.70752144 0.72237545
vt 0.71297050 0.72296077
vt 0.75090063 0.82504904
vt 0.74670821 0.82832658
vt 0.75104803 0.82840931
vt 0.73538679 0.82842684
vt 0.75171196 0.78738207
vt 0.75207049 0.72345775
vt 0.65323281 0.72178793
vt 0.65695339 0.72246063
vt 0.65649879 0.72119153
vt 0.75334615 0.74661601
vt 0.76036268 0.72354400
vt 0.71682161 0.72248381
vt 0.60348946 0.82649046
vt 0.60298920 0.82842684
vt 0.60044044 0.82720625
vt 0.59663439 0.82658529
vt 0.74237376 0.95625168
vt 0.73368222 0.96534854
vt 0.73612219 0.95631218
vt 0.73179442 0.96180606
vt 0.74959284 0.96378982
vt 0.74305838 0.97702599
vt 0.74884933 0.95656961
vt 0.73432338 0.99501669
vt 0.73971581 0.99661773
vt 0.74903792 0.99469239
vt 0.72368908 0.97119266
vt 0.72432613 0.96036083
vt 0.72476119 0.95612669
vt 0.73180217 0.95627052
vt 0.72319651 0.98645359
vt 0.72397768 0.99678016
vt 0.72155344 0.95638621
vt 0.71565551 0.95637387
vt 0.71285403 0.99656022
vt 0.71344286 0.96964759
vt 0.71109998 0.98493034
vt 0.70620692 0.96087044
vt 0.70333797 0.96981078
vt 0.70713639 0.99531472
vt 0.70025158 0.98539031
vt 0.69786060 0.99670094
vt 0.70614243 0.95633006
vt 0.69786847 0.95991433
vt 0.69173717 0.96778613
vt 0.68906969 0.98585725
vt 0.68867230 0.99672419
vt 0.68772244 0.95813626
vt 0.69541228 0.95662147
vt 0.68716151 0.95610434
vt 0.68098676 0.96383381
vt 0.67803931 0.99659944
vt 0.67720973 0.98607153
vt 0.67338926 0.95659912
vt 0.66968912 0.99678016
vt 0.68299663 0.95641989
vt 0.75514644 0.95654780
vt 0.75684136 0.96269453
vt 0.75671381 0.99455589
vt 0.74934763 0.99663651
vt 0.70992935 0.95538181
vt 0.76427984 0.95628768
vt 0.76371765 0.98223352
vt 0.76703471 0.95661384
vt 0.76692694 0.99621987
vt 0.77017552 0.98037714
vt 0.77225256 0.96008033
vt 0.77122855 0.95546389
vt 0.78202355 0.99644077
vt 0.77854961 0.98347771
vt 0.78125656 0.96026909
vt 0.77933902 0.95656186
vt 0.78970081 0.95681137
vt 0.79283226 0.97066730
vt 0.78584629 0.98764235
vt 0.79429936 0.98843497
vt 0.79751199 0.99633652
vt 0.79941088 0.95657545
vt 0.80131274 0.96174115
vt 0.80255210 0.98437208
vt 0.80678946 0.99631059
vt 0.81071198 0.95679641
vt 0.81112057 0.97619462
vt 0.81536210 0.99552268
vt 0.81697589 0.97553998
vt 0.81802070 0.95685405
vt 0.82433218 0.97895396
vt 0.82451457 0.99623358
vt 0.82480085 0.95759076
vt 0.82373321 0.95571578
vt 0.83470231 0.98674428
vt 0.83399707 0.99627286
vt 0.83150613 0.95697737
vt 0.83057386 0.95576632
vt 0.84147590 0.97753662
vt 0.83925623 0.95685834
vt 0.84164900 0.99499637
vt 0.84671700 0.95663339
vt 0.84839737 0.98432887
vt 0.85250944 0.99597013
vt 0.85535407 0.97944939
vt 0.85126823 0.95664877
vt 0.30641478 0.78211349
vt 0.29315141 0.78852415
vt 0.29495206 0.79003543
vt 0.27954632 0.79385597
vt 0.30127746 0.78247845
vt 0.28938711 0.78845406
vt 0.31870624 0.77156335
vt 0.27716735 0.79261065
vt 0.26867732 0.79467583
vt 0.26543114 0.79749882
vt 0.26124823 0.79605162
vt 0.25349265 0.79964030
vt 0.25061566 0.79785424
vt 0.23939453 0.80006200
vt 0.24155480 0.79785675
vt 0.22974034 0.79799736
vt 0.22549079 0.79905921
vt 0.26863283 0.79869592
vt 0.23629682 0.80266792
vt 0.31602672 0.77717990
vt 0.25446036 0.80195749
vt 0.32115322 0.77336812
vt 0.32666591 0.76758349
vt 0.28080136 0.79615188
vt 0.22106306 0.80185306
vt 0.14842378 0.63180351
vt 0.15052640 0.62759560
vt 0.14699645 0.63289851
vt 0.14743648 0.63755792
vt 0.15413634 0.62069869
vt 0.15574726 0.61671156
vt 0.14470600 0.64280695
vt 0.19744037 0.78666484
vt 0.20248863 0.78559536
vt 0.19486919 0.78063238
vt 0.20393510 0.78990149
vt 0.20581658 0.78523183
vt 0.18389839 0.77857792
vt 0.18679959 0.77627856
vt 0.17946078 0.76943529
vt 0.17136677 0.76929003
vt 0.16887158 0.76252699
vt 0.15465952 0.75433326
vt 0.16211489 0.75420511
vt 0.20786373 0.78581929
vt 0.21675949 0.78970385
vt 0.21597376 0.79339027
vt 0.22903912 0.79193807
vt 0.23655194 0.79089725
vt 0.24933101 0.79052240
vt 0.25313592 0.79015094
vt 0.26290756 0.79083854
vt 0.27233160 0.78651500
vt 0.28143412 0.78308833
vt 0.29376027 0.77708161
vt 0.29727373 0.77540207
vt 0.32201043 0.76600915
vt 0.31407681 0.76310307
vt 0.33356541 0.75367796
vt 0.32046703 0.75577503
vt 0.33281368 0.74667197
vt 0.32532430 0.74971730
vt 0.33071041 0.74234068
vt 0.33985734 0.74115348
vt 0.33779123 0.73103696
vt 0.34892231 0.72226679
vt 0.34694988 0.73478627
vt 0.35712141 0.71133834
vt 0.35182744 0.70980251
vt 0.35344633 0.69780648
vt 0.36214444 0.68885928
vt 0.35198954 0.68318158
vt 0.36304292 0.67221069
vt 0.35058957 0.67295969
vt 0.35340887 0.66588455
vt 0.36268789 0.65783060
vt 0.35118228 0.65507531
vt 0.34764755 0.70531756
vt 0.34276971 0.72025311
vt 0.34931603 0.64593136
vt 0.36064804 0.64201128
vt 0.34663171 0.63865495
vt 0.35688153 0.63088781
vt 0.34271452 0.62869251
vt 0.34326833 0.61743617
vt 0.35452822 0.62468797
vt 0.34677124 0.60984409
vt 0.32365099 0.58912146
vt 0.32371658 0.59611368
vt 0.31461066 0.59198797
vt 0.33446172 0.59217715
vt 0.32739678 0.58418423
vt 0.31285313 0.58227938
vt 0.32005221 0.57817161
vt 0.30788326 0.58506358
vt 0.30073020 0.58060449
vt 0.30532986 0.58494836
vt 0.29459131 0.57793486
vt 0.30754215 0.56941152
vt 0.29487008 0.56259483
vt 0.28565681 0.57362771
vt 0.27797660 0.56055230
vt 0.27999815 0.55778205
vt 0.26652017 0.55578053
vt 0.25800166 0.55771619
vt 0.25493035 0.55384636
vt 0.24194264 0.55374378
vt 0.34929985 0.66568917
vt 0.34863928 0.65806890
vt 0.34859622 0.69514048
vt 0.26407754 0.56452185
vt 0.27998677 0.57011384
vt 0.23796242 0.56530023
vt 0.24225844 0.56505597
vt 0.24927649 0.56468910
vt 0.31299356 0.59148616
vt 0.23173173 0.56568813
vt 0.22847386 0.55481893
vt 0.22362925 0.56601185
vt 0.21657239 0.55727905
vt 0.20751312 0.56050396
vt 0.21056423 0.57121134
vt 0.19159044 0.57316220
vt 0.20380418 0.57319659
vt 0.18954094 0.58163500
vt 0.17799799 0.58993626
vt 0.18466455 0.57160777
vt 0.16944106 0.58220202
vt 0.17137533 0.59592748
vt 0.15288539 0.60390210
vt 0.16356812 0.60167879
vt 0.15325350 0.61545914
vt 0.20272221 0.56133205
vt 0.14452425 0.61402500
vt 0.14190374 0.62651628
vt 0.13117212 0.65179938
vt 0.14312279 0.64981282
vt 0.14170577 0.65778100
vt 0.12964566 0.66343522
vt 0.14112991 0.66804349
vt 0.14013404 0.67301768
vt 0.14065112 0.68410593
vt 0.12857521 0.67970377
vt 0.13307422 0.69283593
vt 0.13953318 0.69345647
vt 0.14155316 0.71572399
vt 0.14415894 0.70504212
vt 0.13214931 0.70469725
vt 0.13581981 0.71872228
vt 0.14353028 0.73245084
vt 0.14978887 0.73043513
vt 0.14867821 0.72008884
vt 0.14524372 0.71146744
vt 0.15559420 0.75270450
vt 0.12971909 0.69266868
vt 0.15918848 0.74615741
vt 0.13707152 0.72499132
vt 0.34004343 0.74725968
vt 0.30920982 0.58825761
vt 0.15837522 0.61264360
vt 0.34740812 0.65212625
vt 0.34534204 0.64598900
vt 0.16230662 0.60672563
vt 0.13482821 0.63804030
vt 0.13957833 0.62379491
vt 0.34453422 0.64166635
vt 0.14204885 0.69294822
vt 0.14278941 0.69963634
vt 0.33529037 0.61832279
vt 0.32710955 0.60606927
vt 0.33964232 0.62713313
vt 0.16146137 0.58980471
vt 0.15336105 0.59865439
vt 0.17262858 0.75934178
vt 0.17880963 0.76317286
vt 0.18264177 0.76711804
vt 0.18654092 0.76992506
vt 0.35090241 0.67982644
vt 0.34985462 0.68331051
vt 0.34930423 0.68996131
vt 0.22416595 0.78878623
vt 0.22878343 0.78943342
vt 0.23395853 0.79003698
vt 0.22001450 0.78770548
vt 0.21685335 0.78590459
vt 0.32115528 0.59810919
vt 0.32547650 0.60531700
vt 0.20223868 0.78101248
vt 0.19609883 0.77769083
vt 0.16968076 0.75731772
vt 0.16774148 0.75177848
vt 0.19213834 0.77459061
vt 0.19055511 0.77202821
vt 0.16641663 0.60244203
vt 0.16629341 0.76789719
vt 0.15307884 0.72787368
vt 0.16275015 0.74624598
vt 0.15996581 0.73956573
vt 0.21357882 0.78511763
vt 0.21036604 0.78468156
vt 0.21423888 0.79584008
vt 0.18010490 0.77883226
vt 0.32548654 0.76536715
vt 0.33125383 0.75928336
vt 0.35016006 0.67731738
vt 0.31828174 0.59629071
vt 0.34285983 0.63840961
vt 0.26760390 0.56736672
vt 0.25831348 0.56516099
vt 0.34198052 0.63426679
vt 0.34419060 0.71392894
vt 0.34592667 0.70681727
vt 0.34722698 0.70149642
vt 0.36223403 0.69471043
vt 0.19815488 0.78986830
vt 0.14665367 0.71188956
vt 0.34411329 0.60366142
vt 0.14452209 0.70425266
vt 0.19457702 0.77496004
vt 0.20104203 0.77928960
vt 0.34004194 0.63015920
vt 0.27784649 0.57074577
vt 0.14151934 0.73676699
vt 0.36398965 0.68191117
vt 0.20567559 0.78227228
vt 0.25854632 0.78967530
vt 0.26686299 0.78816640
vt 0.35004687 0.61191326
vt 0.34576747 0.73870927
vt 0.22537221 0.56682169
vt 0.21928056 0.56830078
vt 0.17369889 0.75782776
vt 0.17577903 0.57509828
vt 0.35078159 0.73004866
vt 0.17158152 0.59704691
vt 0.14116225 0.67634183
vt 0.13005994 0.70595080
vt 0.13092753 0.64624727
vt 0.12832350 0.66309631
vt 0.17017096 0.75415581
vt 0.36398965 0.65861833
vt 0.29794401 0.58031869
vt 0.30299175 0.58367240
vt 0.12751667 0.67715746
vt 0.13521285 0.63196260
vt 0.21363614 0.55658185
vt 0.13233887 0.71601164
vt 0.14732508 0.60585040
vt 0.27106452 0.55508214
vt 0.25812584 0.55290335
vt 0.35860080 0.63167489
vt 0.14331526 0.69804960
vt 0.18004943 0.58921361
vt 0.19041796 0.56629252
vt 0.14684953 0.74711388
vt 0.31519008 0.76121259
vt 0.16611634 0.58293915
vt 0.12737478 0.68923080
vt 0.33565092 0.73417729
vt 0.33885825 0.72758883
vt 0.18773615 0.78651023
vt 0.15365617 0.59610808
vt 0.17399333 0.77713364
vt 0.35577029 0.62275988
vt 0.21998911 0.55511254
vt 0.35774609 0.71295899
vt 0.18812686 0.58357030
vt 0.19710961 0.57814616
vt 0.23129927 0.55328363
vt 0.28626981 0.55802894
vt 0.15925771 0.76372558
vt 0.13917169 0.62092561
vt 0.15162042 0.75481933
vt 0.28930891 0.57578361
vt 0.24876380 0.55243790
vt 0.30232906 0.56492555
vt 0.29448152 0.56104791
vt 0.16449800 0.77053016
vt 0.13651122 0.73080850
vt 0.19735162 0.79179865
vt 0.19824661 0.79463780
vt 0.14010432 0.61410367
vt 0.14490296 0.60528231
vt 0.13266858 0.63170886
vt 0.13617162 0.62116289
vt 0.57439256 0.87480104
vt 0.57672340 0.87325656
vt 0.58297068 0.87650609
vt 0.56731623 0.87177819
vt 0.56411529 0.87319672
vt 0.55368793 0.87015307
vt 0.55030137 0.87155956
vt 0.58485788 0.87457925
vt 0.58949918 0.87689495
vt 0.54005760 0.86982518
vt 0.53358984 0.87109178
vt 0.56356585 0.87676084
vt 0.59147978 0.87914294
vt 0.59715027 0.87962145
vt 0.57102346 0.87754387
vt 0.57851362 0.87959623
vt 0.58572888 0.88082051
vt 0.55176091 0.87556839
vt 0.59001732 0.88270468
vt 0.52720082 0.87249827
vt 0.52864850 0.87570059
vt 0.51828641 0.87356502
vt 0.51987666 0.87798309
vt 0.50866723 0.87642550
vt 0.51369089 0.87942106
vt 0.50867629 0.88119787
vt 0.50388598 0.88270468
vt 0.51118082 0.87462360
vt 0.81966048 0.77335352
vt 0.81095862 0.79127783
vt 0.82902449 0.79448301
vt 0.83335274 0.77497464
vt 0.83448428 0.78944868
vt 0.80139142 0.78616989
vt 0.80278343 0.76857746
vt 0.79468679 0.77068412
vt 0.79394108 0.79020852
vt 0.81668085 0.75344849
vt 0.80801934 0.74237067
vt 0.82849610 0.75266904
vt 0.81998664 0.74691254
vt 0.83423084 0.76409900
vt 0.79779714 0.74271464
vt 0.78247392 0.76543444
vt 0.78644854 0.78496784
vt 0.77910572 0.80159247
vt 0.79215682 0.80397362
vt 0.80348349 0.79327387
vt 0.78635609 0.76788080
vt 0.78687376 0.81176502
vt 0.82943499 0.74876159
vt 0.79517776 0.81447303
vt 0.79346788 0.81980240
vt 0.80187988 0.81730920
vt 0.80458355 0.82062572
vt 0.81784433 0.82098597
vt 0.83199614 0.79721695
vt 0.80475187 0.80932069
vt 0.79798096 0.80855083
vt 0.79489005 0.80449528
vt 0.80454743 0.80441898
vt 0.82747203 0.79724896
vt 0.82222211 0.80467665
vt 0.82922798 0.80453819
vt 0.84275293 0.75118113
vt 0.77936780 0.81073403
vt 0.84159523 0.78619218
vt 0.85211205 0.75531727
vt 0.84247667 0.80401611
vt 0.83164233 0.80458647
vt 0.84354049 0.80900353
vt 0.77497613 0.77862197
vt 0.82378840 0.80880880
vt 0.83449340 0.82167190
vt 0.83058071 0.80959141
vt 0.83681870 0.81119519
vt 0.84528494 0.81793654
vt 0.85672647 0.76922828
vt 0.84462947 0.77897167
vt 0.85198516 0.75155276
vt 0.85623735 0.75087816
vt 0.85922283 0.76222533
vt 0.84851992 0.79356486
vt 0.85431558 0.78200603
vt 0.80106252 0.73902172
vt 0.78582495 0.75292051
vt 0.77929753 0.76442027
vt 0.86593127 0.75778097
vt 0.78682274 0.74312341
vt 0.78880948 0.73582906
vt 0.77473903 0.80022591
vt 0.86384034 0.75054789
vt 0.87170249 0.75443012
vt 0.87158799 0.74846715
vt 0.87572563 0.75559407
vt 0.87508208 0.74831289
vt 0.87665129 0.77417976
vt 0.86451721 0.78265268
vt 0.87688774 0.78550279
vt 0.87127435 0.79417509
vt 0.86056674 0.79964995
vt 0.87694299 0.79680794
vt 0.87443846 0.80019468
vt 0.84860349 0.80229360
vt 0.84627140 0.82183999
vt 0.86375314 0.80931413
vt 0.85559696 0.81166202
vt 0.85151702 0.82045400
vt 0.78143609 0.75046170
vt 0.82589293 0.82183349
vt 0.78896308 0.73275656
vt 0.77974510 0.82005221
vt 0.77402544 0.76852119
vt 0.77396429 0.81059170
vt 0.85820556 0.81592011
vt 0.87269592 0.74467152
vt 0.87524152 0.73833990
vt 0.87474406 0.72660351
vt 0.85866010 0.74171919
vt 0.87096560 0.71303481
vt 0.85649806 0.72430617
vt 0.84890348 0.72947842
vt 0.84280092 0.74839610
vt 0.85861957 0.71316850
vt 0.84986973 0.71437675
vt 0.83056301 0.71593273
vt 0.84013641 0.71206248
vt 0.82352436 0.71012038
vt 0.83763468 0.74785215
vt 0.82538497 0.73331541
vt 0.82369053 0.72036815
vt 0.80912566 0.71622670
vt 0.84881085 0.70936155
vt 0.80069155 0.70711982
vt 0.80939198 0.70208746
vt 0.82435644 0.69689196
vt 0.81381315 0.68068618
vt 0.84115583 0.70043606
vt 0.82810885 0.68864906
vt 0.82131112 0.68078953
vt 0.79893464 0.68488818
vt 0.78993791 0.69016039
vt 0.81104159 0.67269897
vt 0.78872108 0.67036915
vt 0.81647658 0.66593915
vt 0.83992457 0.67733693
vt 0.85079551 0.68222284
vt 0.82503760 0.74524635
vt 0.79047710 0.70332384
vt 0.82948577 0.66622204
vt 0.82653958 0.65711135
vt 0.81452578 0.74166423
vt 0.79472995 0.66126150
vt 0.80468088 0.72084820
vt 0.78731686 0.65930259
vt 0.85412019 0.74877715
vt 0.81786257 0.65620112
vt 0.85838199 0.70953727
vt 0.85840833 0.71178347
vt 0.84086615 0.66139686
vt 0.78988665 0.71136796
vt 0.86298567 0.74774277
vt 0.79561764 0.64748108
vt 0.78644305 0.64494306
vt 0.86742973 0.69105577
vt 0.87200588 0.70883346
vt 0.87409687 0.69896615
vt 0.87369305 0.68063241
vt 0.87358505 0.66840005
vt 0.86382037 0.67976892
vt 0.86285108 0.66122437
vt 0.87346846 0.65229046
vt 0.85699272 0.65232885
vt 0.87086612 0.71043599
vt 0.84326077 0.65091079
vt 0.80317426 0.73349482
vt 0.79331744 0.72265691
vt 0.82672000 0.64730215
vt 0.87401932 0.71155465
vt 0.81188387 0.64237171
vt 0.79285777 0.64034414
vt 0.78551662 0.62981838
vt 0.79361928 0.63177019
vt 0.87433612 0.63342798
vt 0.86085904 0.63444537
vt 0.85046643 0.63536274
vt 0.82083893 0.63420540
vt 0.82758707 0.63315767
vt 0.78837311 0.71992224
vt 0.81627613 0.62068921
vt 0.79344040 0.61951560
vt 0.78589386 0.61855525
vt 0.86879832 0.74656719
vt 0.82090801 0.61144930
vt 0.82826465 0.61440533
vt 0.80417234 0.60909802
vt 0.84979767 0.61768568
vt 0.87502551 0.61823601
vt 0.79153258 0.72585100
vt 0.79670125 0.73180997
vt 0.78722495 0.61112410
vt 0.80619609 0.73941839
vt 0.83769345 0.60457033
vt 0.85213596 0.60538620
vt 0.82187349 0.59836257
vt 0.86580521 0.60850799
vt 0.82837427 0.60183781
vt 0.85234159 0.58786416
vt 0.80673474 0.59479010
vt 0.82219678 0.58011878
vt 0.82961392 0.58017761
vt 0.84417468 0.58064479
vt 0.87513614 0.60446227
vt 0.86518711 0.58711004
vt 0.85437393 0.57966560
vt 0.87674409 0.58845210
vt 0.79239774 0.59527230
vt 0.78869039 0.59502107
vt 0.78296286 0.67318910
vt 0.77771276 0.65472710
vt 0.77607453 0.68849427
vt 0.76906341 0.66117769
vt 0.76804006 0.65480268
vt 0.76380777 0.67828768
vt 0.80868256 0.58184499
vt 0.81426603 0.57905775
vt 0.87694299 0.58079845
vt 0.78960282 0.58506972
vt 0.79340577 0.58388776
vt 0.77508307 0.64173180
vt 0.77351105 0.63145643
vt 0.76514399 0.68658674
vt 0.76068825 0.66989219
vt 0.77046269 0.69611412
vt 0.79537642 0.56832504
vt 0.75823450 0.64546973
vt 0.77549243 0.61788917
vt 0.81859237 0.57532823
vt 0.79103458 0.56654364
vt 0.75199974 0.65580666
vt 0.79491389 0.73424947
vt 0.86997610 0.57244009
vt 0.75041384 0.62998146
vt 0.74622124 0.63929045
vt 0.76636958 0.61714661
vt 0.73827589 0.67989874
vt 0.72448707 0.66784215
vt 0.72044206 0.67983317
vt 0.70610178 0.67374498
vt 0.72010881 0.68890136
vt 0.70605552 0.68600720
vt 0.70014894 0.67764521
vt 0.69956273 0.67388386
vt 0.70213866 0.65514439
vt 0.73764968 0.65611571
vt 0.72261745 0.65471053
vt 0.70844674 0.64430988
vt 0.71939117 0.63912976
vt 0.70184439 0.64405102
vt 0.70536870 0.63010442
vt 0.72449327 0.63004559
vt 0.73401940 0.68963397
vt 0.75156879 0.69220805
vt 0.73647797 0.69784081
vt 0.71622062 0.69956452
vt 0.73123163 0.70377862
vt 0.74731535 0.71515846
vt 0.75964367 0.71480745
vt 0.76049989 0.70430005
vt 0.77277148 0.70878959
vt 0.77889061 0.72045368
vt 0.69900429 0.69462597
vt 0.77662474 0.60815459
vt 0.75582916 0.71803254
vt 0.73668760 0.71405756
vt 0.77493536 0.75548637
vt 0.70280969 0.70699096
vt 0.72309995 0.71190405
vt 0.70039022 0.64873886
vt 0.76514924 0.60766745
vt 0.73741287 0.62157387
vt 0.75404072 0.60787737
vt 0.78132534 0.73434615
vt 0.72145581 0.61975276
vt 0.70749706 0.61595714
vt 0.70153123 0.61574751
vt 0.70673960 0.60404676
vt 0.70159531 0.60553765
vt 0.72127986 0.60521626
vt 0.70100713 0.62789863
vt 0.70164490 0.59560919
vt 0.70318997 0.58812350
vt 0.77243704 0.59447151
vt 0.72465694 0.59412640
vt 0.69818866 0.70352030
vt 0.77373356 0.81996125
vt 0.76270056 0.59005892
vt 0.77359885 0.58370924
vt 0.78160101 0.56631720
vt 0.74252981 0.59313256
vt 0.78554595 0.73175830
vt 0.76954198 0.78262901
vt 0.77053767 0.79456633
vt 0.79779106 0.55587763
vt 0.79082596 0.55519778
vt 0.80306917 0.55618685
vt 0.72234130 0.58376241
vt 0.75056434 0.58515245
vt 0.80105489 0.73673373
vt 0.75926501 0.57770020
vt 0.70303243 0.57414871
vt 0.79042721 0.72921652
vt 0.76928264 0.80498689
vt 0.77876109 0.73167419
vt 0.77108485 0.73794603
vt 0.78761536 0.72470105
vt 0.72432327 0.57234377
vt 0.77103102 0.55772400
vt 0.70353645 0.55873471
vt 0.74975169 0.55951571
vt 0.72504908 0.55761892
vt 0.76938486 0.77091300
vt 0.71136451 0.71041089
vt 0.76555169 0.79652667
vt 0.77004105 0.81232178
vt 0.76918179 0.76246172
vt 0.81661034 0.82382703
vt 0.77048111 0.73284250
vt 0.76635283 0.73017842
vt 0.69818652 0.69374806
vt 0.76584750 0.77406818
vt 0.76323795 0.73475701
vt 0.79645604 0.82318491
vt 0.78552383 0.72890431
vt 0.78528017 0.72484267
vt 0.78863555 0.72408962
vt 0.76520330 0.76358587
vt 0.76517236 0.80663985
vt 0.76330590 0.74889857
vt 0.76875240 0.82148659
vt 0.86417127 0.81117725
vt 0.76431704 0.78346032
vt 0.76506513 0.81508613
vt 0.76345539 0.76702279
vt 0.75984281 0.80530614
vt 0.96069586 0.15313479
vt 0.96176237 0.15844794
vt 0.96132112 0.14902072
vt 0.95984459 0.14968921
vt 0.96004957 0.13463876
vt 0.97323054 0.15565887
vt 0.97729325 0.14695846
vt 0.96467215 0.13813558
vt 0.98728985 0.13637747
vt 0.99028605 0.14577506
vt 0.99928147 0.13782865
vt 0.99956822 0.15110892
vt 0.99037015 0.15486735
vt 0.99916387 0.12943479
vt 0.99824709 0.16446489
vt 0.99310082 0.16805971
vt 0.99885035 0.17279211
vt 0.97839051 0.16695917
vt 0.96265733 0.17019661
vt 0.96139616 0.16629696
vt 0.98536021 0.17419714
vt 0.97663289 0.17531319
vt 0.96376324 0.17870484
vt 0.96077567 0.17205247
vt 0.96054304 0.17716788
vt 0.98534673 0.18209800
vt 0.99851722 0.18258098
vt 0.97585380 0.18782292
vt 0.96421790 0.19060060
vt 0.96135223 0.18719815
vt 0.96003324 0.18201025
vt 0.98928976 0.19252723
vt 0.99869537 0.19213338
vt 0.97679967 0.19427343
vt 0.96110046 0.19556606
vt 0.96716118 0.19947439
vt 0.96262753 0.20101196
vt 0.96365529 0.12340389
vt 0.97610331 0.12347639
vt 0.96000016 0.12053163
vt 0.99900371 0.12182920
vt 0.96164042 0.11185316
vt 0.98432481 0.11394615
vt 0.99491656 0.10697488
vt 0.99945909 0.10515346
vt 0.97574818 0.10626656
vt 0.97912347 0.09864499
vt 0.96160930 0.10279595
vt 0.99807954 0.09819140
vt 0.96101606 0.09469974
vt 0.97378755 0.08899664
vt 0.99344933 0.08928738
vt 0.99912381 0.08287793
vt 0.96179801 0.08828446
vt 0.97119665 0.08177977
vt 0.96172118 0.08289392
vt 0.99956822 0.09620108
vt 0.96049404 0.19767486
vt 0.97934937 0.07418269
vt 0.96914721 0.07449238
vt 0.96164280 0.07548036
vt 0.99809706 0.07249159
vt 0.99919581 0.07873568
vt 0.96172559 0.06595838
vt 0.96567452 0.06394047
vt 0.99943727 0.06543053
vt 0.97937781 0.06383680
vt 0.99808663 0.05364749
vt 0.96077389 0.05754247
vt 0.98111010 0.05416034
vt 0.96570396 0.04785424
vt 0.96091777 0.04710273
vt 0.98833430 0.04550057
vt 0.96093106 0.07381499
vt 0.99896568 0.04353532
vt 0.96065342 0.11132580
vt 0.96105611 0.03887422
vt 0.96783531 0.03591676
vt 0.99918312 0.05058463
vt 0.98964930 0.03375097
vt 0.96119469 0.03157682
vt 0.99862790 0.03097784
vt 0.96284163 0.02573867
vt 0.98314375 0.02396756
vt 0.99849594 0.02087195
vt 0.96190763 0.01977921
vt 0.91845018 0.50630444
vt 0.87629265 0.50620151
vt 0.92833167 0.50419986
vt 0.85357344 0.50424159
vt 0.93485439 0.50946248
vt 0.95345706 0.51162475
vt 0.95711052 0.50420290
vt 0.95931983 0.51173711
vt 0.96441251 0.50746202
vt 0.93389642 0.51201588
vt 0.91155058 0.51211929
vt 0.90037167 0.50980419
vt 0.87362283 0.50998861
vt 0.85157138 0.50966018
vt 0.83981329 0.50732714
vt 0.84039897 0.51228368
vt 0.84204358 0.50431710
vt 0.88600796 0.51220107
vt 0.83589780 0.51304334
vt 0.96055853 0.50243807
vt 0.83426273 0.50726187
vt 0.83878982 0.50280768
vt 0.96488053 0.51267171
vt 0.94711965 0.50219387
vt 0.83115375 0.51309431
vt 0.96541470 0.50267214
vt 0.96788454 0.50772244
vt 0.86851698 0.50254488
vt 0.95819926 0.51313132
vt 0.94014633 0.51333541
vt 0.96433479 0.51379943
vt 0.83355874 0.50302899
vt 0.82992101 0.50736898
vt 0.96740049 0.51321411
vt 0.84021199 0.51379943
vt 0.91615295 0.51332492
vt 0.95413226 0.50091994
vt 0.82944733 0.50309795
vt 0.96934372 0.50250864
vt 0.96142274 0.68437302
vt 0.94139254 0.68728942
vt 0.95388544 0.69422746
vt 0.94214195 0.68050659
vt 0.95598996 0.67559248
vt 0.94078398 0.69815224
vt 0.96328920 0.69834775
vt 0.96684420 0.69475877
vt 0.96731192 0.68412030
vt 0.96614647 0.67353153
vt 0.96735704 0.67932028
vt 0.94222838 0.66981030
vt 0.95803279 0.66566646
vt 0.96669507 0.66203123
vt 0.94349766 0.66512221
vt 0.95708841 0.65903419
vt 0.96800780 0.66581297
vt 0.96700847 0.65372658
vt 0.94304639 0.65730232
vt 0.95550781 0.65403134
vt 0.95736003 0.70588386
vt 0.94052172 0.70740688
vt 0.96559966 0.70315707
vt 0.96782720 0.67467898
vt 0.96674120 0.71010393
vt 0.94923353 0.71552974
vt 0.94016457 0.71911383
vt 0.96664411 0.71426409
vt 0.95941395 0.71780008
vt 0.96527427 0.71964842
vt 0.96835428 0.66913295
vt 0.94049960 0.66326606
vt 0.96711606 0.70427316
vt 0.96867371 0.66064298
vt 0.96896124 0.65372831
vt 0.93916732 0.72937500
vt 0.96202189 0.72921771
vt 0.95426053 0.64937586
vt 0.94324565 0.64980972
vt 0.93899679 0.73719352
vt 0.96668094 0.72980112
vt 0.96432847 0.73366451
vt 0.96724415 0.72321963
vt 0.93474227 0.68204415
vt 0.93413979 0.71739703
vt 0.93394297 0.70266014
vt 0.93071574 0.70847279
vt 0.93048358 0.69652903
vt 0.93105513 0.72010982
vt 0.93379700 0.69363183
vt 0.93187201 0.68499041
vt 0.93601030 0.67397863
vt 0.93224782 0.67181170
vt 0.93245631 0.66425890
vt 0.93667132 0.66308302
vt 0.93266433 0.65546441
vt 0.93458253 0.72548378
vt 0.93235451 0.73152012
vt 0.93718386 0.65113163
vt 0.94341820 0.74426585
vt 0.93750823 0.74353772
vt 0.93218553 0.74248809
vt 0.95889550 0.74217695
vt 0.93521726 0.74526304
vt 0.94252068 0.75067580
vt 0.96635991 0.74660683
vt 0.95911258 0.74988323
vt 0.96821415 0.74766320
vt 0.96788836 0.75236517
vt 0.95928913 0.75630611
vt 0.96766907 0.64766055
vt 0.95005405 0.76183122
vt 0.93924201 0.75551718
vt 0.93403441 0.75558239
vt 0.96590042 0.76163012
vt 0.93474203 0.76487964
vt 0.94129324 0.76395178
vt 0.95929158 0.76309693
vt 0.93988407 0.76838994
vt 0.96870309 0.76049829
vt 0.96796584 0.77004009
vt 0.93506342 0.77319044
vt 0.94303250 0.77497554
vt 0.94015056 0.77744585
vt 0.93367428 0.64509255
vt 0.96861589 0.77485406
vt 0.96961564 0.64437437
vt 0.93675292 0.64098549
vt 0.93465298 0.63621628
vt 0.95734876 0.64588350
vt 0.93884254 0.63498789
vt 0.94459212 0.63939816
vt 0.93536431 0.62850189
vt 0.93763179 0.62902063
vt 0.96813899 0.63783419
vt 0.95985502 0.63801283
vt 0.95546764 0.78240514
vt 0.96931279 0.78088808
vt 0.94124931 0.78684366
vt 0.96960366 0.78664130
vt 0.94015342 0.62140071
vt 0.97052950 0.63179606
vt 0.94616997 0.63402492
vt 0.94510251 0.62795639
vt 0.96557164 0.63164169
vt 0.93643552 0.61873722
vt 0.94732225 0.62500870
vt 0.95616156 0.62475431
vt 0.94132805 0.61407542
vt 0.95482576 0.79266709
vt 0.94191068 0.79325169
vt 0.96940112 0.79608768
vt 0.96622545 0.62303543
vt 0.97107083 0.62048960
vt 0.97107083 0.79484963
vt 0.96951866 0.79959941
vt 0.95423734 0.80266792
vt 0.93310821 0.14739762
vt 0.93205827 0.16357829
vt 0.93700558 0.16337250
vt 0.94129968 0.15364023
vt 0.93974775 0.14020072
vt 0.94376361 0.16652180
vt 0.94469464 0.13922863
vt 0.93148053 0.12466442
vt 0.93771654 0.10882720
vt 0.93021870 0.11128084
vt 0.94553030 0.11185483
vt 0.94741070 0.13038497
vt 0.94728398 0.10351780
vt 0.93872553 0.09286929
vt 0.92662960 0.10249743
vt 0.92880052 0.08037773
vt 0.94129473 0.07826890
vt 0.94753087 0.08827558
vt 0.95386577 0.07431319
vt 0.94901520 0.06617579
vt 0.93761820 0.06680647
vt 0.92980891 0.06946312
vt 0.95662868 0.06520858
vt 0.92997497 0.06664747
vt 0.93447018 0.17692123
vt 0.93917185 0.17883050
vt 0.94077355 0.19137196
vt 0.93459696 0.19090894
vt 0.93349612 0.20475487
vt 0.93986118 0.20444982
vt 0.93262339 0.21859144
vt 0.93030387 0.21240367
vt 0.92357957 0.21995181
vt 0.94038016 0.21916543
vt 0.94445282 0.18082632
vt 0.92457908 0.11204606
vt 0.92398149 0.06853297
vt 0.94657212 0.15376703
vt 0.93238962 0.23600256
vt 0.94596028 0.19481005
vt 0.92702597 0.20626101
vt 0.92006642 0.07996272
vt 0.92195535 0.10168546
vt 0.92503089 0.12271556
vt 0.92424470 0.13768665
vt 0.92790693 0.14607407
vt 0.92615187 0.16207114
vt 0.92891532 0.19019036
vt 0.93837136 0.23278263
vt 0.94207698 0.23789106
vt 0.94510823 0.23220384
vt 0.94613230 0.20684764
vt 0.94798446 0.19520678
vt 0.91987842 0.06883460
vt 0.94659877 0.16669698
vt 0.92989653 0.17434953
vt 0.94852006 0.22081356
vt 0.92608929 0.23583782
vt 0.91795039 0.22002777
vt 0.91742194 0.21540384
vt 0.94594520 0.17585100
vt 0.94473809 0.23934077
vt 0.94988579 0.23911269
vt 0.92075688 0.20765980
vt 0.95270163 0.08219773
vt 0.95130187 0.09578728
vt 0.94962114 0.11306199
vt 0.92253721 0.20364507
vt 0.92314154 0.17495723
vt 0.92350143 0.18704690
vt 0.91620117 0.09944957
vt 0.91660404 0.06860869
vt 0.92171401 0.15093401
vt 0.91088676 0.21580467
vt 0.94759566 0.18976343
vt 0.93273622 0.23761930
vt 0.92172688 0.16263460
vt 0.91282851 0.21086904
vt 0.90818691 0.20879000
vt 0.90690452 0.20767504
vt 0.95051640 0.06517991
vt 0.94607466 0.06426534
vt 0.94784707 0.21260533
vt 0.91635329 0.10412476
vt 0.91237104 0.10442016
vt 0.92027164 0.10676716
vt 0.94613767 0.18135886
vt 0.92654002 0.23727728
vt 0.95218557 0.23255943
vt 0.92122924 0.23508447
vt 0.95559031 0.07260037
vt 0.90846205 0.22385263
vt 0.94877064 0.14098041
vt 0.91450000 0.23315051
vt 0.91397482 0.08136280
vt 0.91707516 0.20853412
vt 0.92205513 0.12362517
vt 0.92189747 0.13712524
vt 0.92127991 0.11312650
vt 0.93563133 0.23918939
vt 0.91714388 0.17273228
vt 0.91546094 0.14340501
vt 0.91510528 0.17379986
vt 0.91856951 0.18821758
vt 0.91371155 0.15203322
vt 0.91511351 0.11668433
vt 0.91274375 0.20006287
vt 0.91399926 0.20326003
vt 0.90999949 0.20342387
vt 0.91064000 0.17060794
vt 0.91084105 0.16007507
vt 0.91787660 0.12425010
vt 0.91608006 0.11032506
vt 0.91172153 0.11030949
vt 0.91747749 0.19981401
vt 0.91161013 0.12361677
vt 0.91800702 0.13823430
vt 0.90881240 0.23270413
vt 0.95159608 0.22679107
vt 0.95387226 0.23207738
vt 0.95588911 0.23704197
vt 0.95094502 0.23970522
vt 0.91619200 0.10772756
vt 0.95765001 0.06738236
vt 0.95898098 0.06445007
vt 0.91091388 0.08591421
vt 0.91003168 0.10472650
vt 0.91131961 0.10805971
vt 0.94988257 0.22051582
vt 0.90630400 0.22951946
vt 0.95607966 0.24004015
vt 0.91155112 0.06844772
vt 0.91768056 0.10876209
vt 0.93525994 0.06530140
vt 0.91349930 0.20713878
vt 0.90954399 0.20809174
vt 0.94975227 0.19949259
vt 0.95802206 0.06301748
vt 0.91755962 0.23523752
vt 0.91036540 0.11018845
vt 0.90848351 0.20716396
vt 0.91920018 0.06675444
vt 0.95405167 0.24393488
vt 0.95898098 0.24425022
vt 0.88721871 0.39306265
vt 0.88414907 0.38352752
vt 0.88329995 0.39178523
vt 0.89228129 0.39101931
vt 0.89169466 0.37879062
vt 0.88127911 0.37629902
vt 0.89231038 0.36691812
vt 0.88243449 0.36352563
vt 0.89265394 0.36089915
vt 0.88282186 0.35735145
vt 0.89409411 0.35103613
vt 0.87942696 0.37289307
vt 0.88423175 0.34525189
vt 0.89534169 0.34279671
vt 0.88655949 0.33611012
vt 0.88138324 0.39007488
vt 0.89279920 0.39571556
vt 0.88518000 0.40160072
vt 0.89452344 0.40473109
vt 0.87911552 0.38535014
vt 0.88814145 0.33018106
vt 0.89329547 0.33127728
vt 0.89777929 0.33592853
vt 0.90018189 0.32976967
vt 0.89690739 0.32454553
vt 0.89088726 0.32304481
vt 0.88312507 0.40446958
vt 0.88640738 0.40649459
vt 0.89145154 0.40951705
vt 0.88858777 0.41551802
vt 0.89658958 0.41937354
vt 0.89125991 0.42560813
vt 0.89430028 0.43150523
vt 0.90148127 0.42884570
vt 0.89734900 0.43740764
vt 0.90397400 0.43316415
vt 0.90753186 0.43966281
vt 0.90936077 0.44295543
vt 0.90159541 0.44306317
vt 0.90079153 0.44471434
vt 0.90915608 0.45097518
vt 0.90426230 0.45188555
vt 0.90743625 0.45628405
vt 0.91373444 0.45747137
vt 0.91171283 0.46198544
vt 0.91967934 0.46176308
vt 0.91406786 0.45004061
vt 0.91926020 0.45796940
vt 0.92076510 0.47138137
vt 0.89896941 0.42059860
vt 0.88566321 0.41661820
vt 0.88230115 0.42424765
vt 0.88851303 0.42568541
vt 0.87705499 0.40417308
vt 0.88173097 0.40523764
vt 0.88065767 0.39588705
vt 0.89109474 0.43225816
vt 0.87320149 0.38759375
vt 0.87273854 0.37950110
vt 0.87506932 0.35994500
vt 0.87701273 0.41616300
vt 0.87340295 0.39893475
vt 0.88486713 0.41086912
vt 0.86002576 0.39504033
vt 0.85500151 0.39267620
vt 0.85618156 0.39741844
vt 0.85915309 0.39012143
vt 0.86022973 0.40042043
vt 0.85735315 0.40876222
vt 0.86196423 0.41202193
vt 0.85801965 0.41387692
vt 0.85507822 0.38785687
vt 0.85973293 0.42067552
vt 0.86396015 0.42050543
vt 0.86112386 0.42719322
vt 0.86620927 0.42931622
vt 0.86350572 0.43445218
vt 0.86910325 0.43936604
vt 0.86448550 0.43940246
vt 0.86693001 0.44613335
vt 0.87249064 0.44722879
vt 0.85920018 0.37533829
vt 0.85491472 0.37781951
vt 0.86901557 0.43000582
vt 0.87399900 0.42454380
vt 0.86390167 0.40980554
vt 0.86906469 0.41250771
vt 0.87284356 0.41029501
vt 0.85460806 0.39835945
vt 0.86822248 0.40347579
vt 0.86090249 0.43238690
vt 0.88285965 0.43302265
vt 0.85750127 0.42037478
vt 0.87765580 0.43555695
vt 0.86880243 0.39766553
vt 0.86143756 0.38437927
vt 0.86826593 0.38919261
vt 0.85302323 0.38537961
vt 0.86479628 0.44607428
vt 0.88287747 0.44890505
vt 0.88896829 0.43892750
vt 0.85980564 0.36993384
vt 0.86315167 0.36914250
vt 0.89268714 0.46189547
vt 0.88252902 0.45905030
vt 0.86816925 0.37987036
vt 0.86877179 0.36805633
vt 0.86073589 0.36016884
vt 0.87030613 0.35782003
vt 0.89443672 0.43897742
vt 0.89883345 0.44740045
vt 0.90115964 0.46040541
vt 0.90312278 0.45553806
vt 0.88815987 0.46832836
vt 0.87277770 0.45443004
vt 0.90097272 0.47580740
vt 0.90468341 0.47161248
vt 0.90878594 0.46229562
vt 0.91704941 0.47251272
vt 0.86145180 0.35338360
vt 0.86255449 0.34767160
vt 0.87246048 0.34543252
vt 0.91472703 0.48169404
vt 0.90797710 0.48733154
vt 0.91525203 0.49289408
vt 0.92616624 0.49448022
vt 0.92789292 0.48914120
vt 0.89560258 0.47695589
vt 0.87774217 0.29226625
vt 0.87189919 0.30053547
vt 0.86765325 0.30800512
vt 0.87327993 0.30603912
vt 0.88584715 0.28795934
vt 0.88315171 0.28554481
vt 0.88894719 0.27904779
vt 0.89424735 0.27792752
vt 0.89738989 0.27135310
vt 0.90353370 0.26816928
vt 0.85568255 0.34087214
vt 0.86149096 0.33119237
vt 0.85901093 0.34269908
vt 0.85350084 0.35064963
vt 0.85199648 0.36102861
vt 0.85357857 0.36758041
vt 0.85194170 0.37576324
vt 0.86202615 0.31960216
vt 0.89974886 0.27573025
vt 0.90595043 0.27049527
vt 0.89468050 0.28033569
vt 0.85360694 0.40378821
vt 0.89104199 0.28470045
vt 0.88694215 0.28930715
vt 0.85109264 0.38389102
vt 0.85538656 0.37135035
vt 0.85624218 0.36425853
vt 0.85719395 0.35636804
vt 0.85103625 0.37636611
vt 0.86438799 0.32733980
vt 0.86198914 0.33594137
vt 0.86431271 0.33614895
vt 0.86751240 0.32905424
vt 0.86317015 0.34272581
vt 0.86635876 0.32644159
vt 0.87120831 0.32126164
vt 0.87205577 0.31072018
vt 0.87584615 0.31209409
vt 0.87923473 0.30387214
vt 0.87684757 0.30225646
vt 0.88208735 0.29555473
vt 0.88664150 0.29557982
vt 0.89504844 0.28607434
vt 0.89122778 0.29705238
vt 0.88043779 0.31537664
vt 0.87671953 0.32309070
vt 0.87575155 0.33107257
vt 0.88749248 0.31887847
vt 0.89178962 0.30674884
vt 0.89787322 0.30888948
vt 0.90112072 0.29949203
vt 0.91147363 0.29565591
vt 0.87617987 0.34844983
vt 0.90306956 0.28625369
vt 0.90254122 0.27864397
vt 0.90784663 0.28872553
vt 0.90757477 0.27412701
vt 0.91479218 0.28351089
vt 0.91900456 0.28713593
vt 0.87126446 0.36559647
vt 0.91233146 0.29987884
vt 0.92024416 0.28966156
vt 0.91840315 0.29459265
vt 0.90498406 0.30950484
vt 0.90086657 0.31570905
vt 0.89650965 0.31392002
vt 0.91832566 0.29872993
vt 0.91221362 0.30424783
vt 0.92789292 0.29115573
vt 0.85870826 0.34778377
vt 0.73318571 0.92257601
vt 0.74679732 0.91746634
vt 0.74695343 0.92390680
vt 0.74435002 0.93287861
vt 0.73180288 0.91555864
vt 0.73480427 0.90812147
vt 0.74470609 0.90978831
vt 0.75468588 0.91818368
vt 0.75166738 0.93366688
vt 0.75661755 0.91090727
vt 0.73242819 0.93162721
vt 0.72530174 0.92195243
vt 0.72538429 0.93145639
vt 0.72822046 0.90718889
vt 0.72562474 0.91304809
vt 0.76143265 0.93135309
vt 0.76288837 0.91998714
vt 0.75968802 0.93475413
vt 0.76446283 0.91129702
vt 0.71946430 0.91333365
vt 0.71876603 0.92370337
vt 0.72052473 0.90578938
vt 0.71982014 0.93175727
vt 0.71496731 0.93159556
vt 0.76855892 0.92034584
vt 0.77116984 0.91097325
vt 0.76622927 0.93543273
vt 0.77601886 0.92369592
vt 0.78170943 0.91236681
vt 0.77544135 0.93623179
vt 0.78304255 0.92216039
vt 0.70932943 0.91479087
vt 0.71464211 0.90614599
vt 0.70593041 0.90609241
vt 0.70936215 0.93172842
vt 0.72922188 0.90469664
vt 0.78233522 0.93575799
vt 0.76096439 0.90469354
vt 0.75330341 0.90416563
vt 0.76926512 0.90363985
vt 0.77599525 0.90493423
vt 0.74188060 0.90311527
vt 0.78457361 0.90737653
vt 0.78668720 0.91301757
vt 0.78681159 0.93869364
vt 0.78843558 0.92483938
vt 0.77576262 0.93769199
vt 0.69981247 0.91309863
vt 0.69811648 0.90645587
vt 0.70296079 0.92545712
vt 0.70247751 0.93193412
vt 0.79214406 0.93831241
vt 0.69047773 0.92526042
vt 0.69002557 0.90761566
vt 0.69443619 0.93259823
vt 0.68726552 0.93315244
vt 0.72842950 0.93224007
vt 0.68189186 0.91663867
vt 0.68054801 0.90811241
vt 0.68238688 0.93148267
vt 0.67458797 0.92151833
vt 0.67977244 0.93403047
vt 0.67359734 0.93486041
vt 0.66984981 0.93473315
vt 0.68784285 0.90118057
vt 0.67134959 0.90373242
vt 0.67143482 0.90955848
vt 0.66872144 0.92054158
vt 0.66385627 0.92345542
vt 0.80454504 0.94240963
vt 0.66427183 0.91171074
vt 0.80425709 0.94146472
vt 0.81735754 0.94434226
vt 0.65318656 0.87318611
vt 0.66078871 0.87091976
vt 0.63260126 0.88362485
vt 0.64650285 0.87589979
vt 0.61138493 0.89777529
vt 0.61980933 0.89294320
vt 0.61141378 0.89932251
vt 0.60169655 0.90677267
vt 0.61446941 0.89511240
vt 0.62540197 0.88829750
vt 0.63696206 0.88495088
vt 0.64595634 0.88043129
vt 0.65831608 0.87598872
vt 0.63192618 0.88820833
vt 0.62452281 0.89289123
vt 0.61996537 0.89620900
vt 0.61358845 0.90039557
vt 0.60518211 0.90806943
vt 0.60084963 0.91170633
vt 0.59227747 0.92141593
vt 0.59169924 0.91808712
vt 0.58680314 0.92345530
vt 0.58709568 0.92813694
vt 0.58364296 0.93259710
vt 0.57918727 0.93456501
vt 0.57383418 0.94434226
vt 0.58013773 0.93796378
vt 0.73189086 0.86460352
vt 0.74307573 0.86661530
vt 0.74141067 0.86706680
vt 0.75120366 0.86888748
vt 0.70145321 0.86393338
vt 0.71014565 0.86338544
vt 0.70240819 0.86597556
vt 0.69243449 0.86455822
vt 0.68623847 0.86770833
vt 0.67275721 0.86817908
vt 0.67134184 0.87032330
vt 0.71342367 0.86783570
vt 0.72186351 0.86519980
vt 0.72199363 0.86380398
vt 0.73124802 0.86945587
vt 0.73619491 0.86957955
vt 0.74398112 0.87185299
vt 0.74800736 0.87283170
vt 0.75824136 0.87306285
vt 0.72021431 0.86829031
vt 0.72688586 0.86876851
vt 0.70752436 0.86809343
vt 0.70099962 0.86868387
vt 0.75637972 0.87588501
vt 0.69374466 0.86921132
vt 0.68479145 0.87076235
vt 0.67800981 0.87175602
vt 0.66881752 0.87308073
vt 0.70304364 0.87302005
vt 0.69173819 0.87250942
vt 0.70796829 0.87289381
vt 0.71301985 0.87237769
vt 0.68438840 0.87546104
vt 0.67650437 0.87663293
vt 0.66641736 0.87653321
vt 0.65277261 0.88139874
vt 0.64377493 0.88483614
vt 0.66564912 0.87948579
vt 0.73253077 0.89472491
vt 0.73161685 0.89036590
vt 0.73982394 0.89603490
vt 0.74054652 0.89257789
vt 0.72524965 0.89484769
vt 0.72045386 0.89144075
vt 0.71281409 0.89578682
vt 0.71241903 0.89167035
vt 0.69866019 0.89320219
vt 0.70056260 0.89042497
vt 0.69691843 0.89531177
vt 0.70475829 0.89848650
vt 0.71919733 0.89985693
vt 0.72243100 0.89728624
vt 0.68746829 0.89799726
vt 0.69066572 0.89151025
vt 0.69154304 0.89558953
vt 0.73527217 0.90141505
vt 0.73982757 0.89937979
vt 0.72122926 0.88726354
vt 0.73027480 0.88687527
vt 0.74116814 0.88796222
vt 0.70151281 0.88751560
vt 0.75165129 0.89153874
vt 0.74872005 0.89624918
vt 0.74839580 0.89894205
vt 0.75150973 0.90275717
vt 0.73662144 0.87479532
vt 0.72886389 0.87365997
vt 0.71868545 0.87278146
vt 0.74087626 0.87565804
vt 0.74729633 0.87734652
vt 0.70633203 0.87787133
vt 0.68762773 0.88370413
vt 0.68445200 0.89497620
vt 0.67616171 0.89285666
vt 0.67877287 0.88538712
vt 0.67896986 0.88018715
vt 0.67592537 0.89698845
vt 0.66976482 0.89755869
vt 0.75608963 0.88043755
vt 0.66835141 0.89221483
vt 0.66460770 0.88685346
vt 0.65994674 0.89801246
vt 0.65253329 0.90455252
vt 0.64794958 0.88488472
vt 0.64277828 0.89586461
vt 0.64826167 0.89625025
vt 0.65852082 0.90346336
vt 0.63611633 0.90839714
vt 0.62945551 0.89528644
vt 0.63497084 0.90017074
vt 0.64982170 0.90828311
vt 0.62055850 0.90226763
vt 0.63132417 0.90639693
vt 0.61688787 0.91394639
vt 0.62661612 0.91521072
vt 0.60728461 0.91285431
vt 0.60659260 0.92640585
vt 0.61945075 0.92286915
vt 0.60208571 0.91523814
vt 0.59827983 0.92330223
vt 0.60815758 0.93651611
vt 0.63839495 0.91149724
vt 0.61277938 0.90548033
vt 0.62843835 0.91767108
vt 0.62186533 0.92511320
vt 0.61368489 0.93362409
vt 0.59584492 0.92144817
vt 0.59100199 0.93120086
vt 0.61902034 0.90037394
vt 0.65608835 0.90918845
vt 0.64202976 0.91600364
vt 0.64917600 0.91705972
vt 0.64052367 0.92232651
vt 0.65628618 0.91384888
vt 0.63300538 0.92668760
vt 0.76236498 0.88311237
vt 0.73849934 0.87116885
vt 0.76404071 0.87849075
vt 0.77041054 0.88118273
vt 0.87045836 0.08900407
vt 0.86480516 0.09162828
vt 0.85634655 0.10775128
vt 0.85240877 0.11931331
vt 0.88000071 0.07377946
vt 0.86105543 0.11100475
vt 0.85487580 0.12439287
vt 0.84871626 0.13501959
vt 0.85428572 0.12979017
vt 0.85240775 0.13895126
vt 0.84758204 0.14718835
vt 0.85247135 0.14882028
vt 0.84760249 0.15609415
vt 0.85201192 0.16007449
vt 0.85341847 0.16640204
vt 0.85379547 0.17137025
vt 0.84834450 0.16740882
vt 0.84977561 0.17709439
vt 0.85729891 0.18779787
vt 0.85395145 0.19247428
vt 0.85827392 0.20341675
vt 0.86092252 0.19797747
vt 0.86582804 0.21817668
vt 0.86681622 0.21025099
vt 0.87290102 0.21999833
vt 0.87209666 0.22598776
vt 0.87995481 0.22959116
vt 0.88467622 0.23918656
vt 0.89163089 0.24004807
vt 0.89698571 0.24865304
vt 0.90733218 0.25223315
vt 0.91057324 0.25678316
vt 0.91925967 0.26045030
vt 0.93652850 0.26540938
vt 0.87074798 0.08356276
vt 0.87778008 0.08132356
vt 0.88348514 0.07159414
vt 0.88650918 0.06721685
vt 0.88929433 0.06928299
vt 0.89493561 0.06416198
vt 0.89504492 0.06116438
vt 0.90490425 0.05733849
vt 0.90938407 0.05284103
vt 0.91913599 0.04893910
vt 0.92479110 0.04986409
vt 0.93652850 0.04553818
vt 0.86954534 0.09497627
vt 0.86004186 0.10006985
vt 0.26903760 0.81501967
vt 0.23606870 0.81463403
vt 0.27131698 0.81043720
vt 0.23192169 0.81248057
vt 0.28476146 0.81039506
vt 0.21717235 0.81002760
vt 0.29811466 0.81447643
vt 0.30456948 0.81057966
vt 0.21642452 0.81476748
vt 0.20012845 0.81022447
vt 0.19886617 0.81458378
vt 0.30693015 0.81578183
vt 0.30996394 0.81152987
vt 0.19263965 0.81108212
vt 0.31137735 0.81646734
vt 0.19214162 0.81646734
vt 0.31303972 0.81217843
vt 0.81438243 0.87554729
vt 0.81089240 0.90663773
vt 0.81745225 0.89148486
vt 0.81469899 0.90702689
vt 0.81167030 0.91593510
vt 0.81711680 0.91529912
vt 0.81889945 0.90929979
vt 0.81916809 0.87375116
vt 0.81679904 0.86875737
vt 0.81016803 0.87074143
vt 0.80937487 0.89261419
vt 0.80966318 0.86634463
vt 0.81489128 0.91908503
vt 0.82025993 0.87941587
vt 0.80931848 0.90634280
vt 0.81029826 0.91631961
vt 0.80892050 0.91654509
vt 0.81515270 0.86268955
vt 0.80969238 0.86154556
vt 0.80940235 0.87109846
vt 0.82060611 0.91547501
vt 0.81932479 0.91970176
vt 0.81910956 0.86376989
vt 0.82081175 0.86637366
vt 0.80872196 0.86815226
vt 0.82081175 0.89980298
vt 0.81142080 0.92042321
vt 0.80891234 0.91954267
vt 0.67027944 0.85887182
vt 0.64721757 0.85575640
vt 0.67875487 0.85407764
vt 0.64431423 0.86047488
vt 0.67811161 0.85885108
vt 0.68675643 0.85650325
vt 0.68484032 0.85298878
vt 0.67415637 0.85278255
vt 0.63755447 0.85697293
vt 0.63813442 0.86185175
vt 0.64032751 0.85368526
vt 0.67959422 0.85026276
vt 0.64717746 0.85218090
vt 0.64361566 0.85082823
vt 0.68950236 0.85368997
vt 0.68502289 0.84796017
vt 0.64427888 0.86203235
vt 0.67744058 0.86009711
vt 0.63600034 0.85199606
vt 0.68969578 0.85109967
vt 0.64130527 0.85010612
vt 0.67762208 0.84760451
vt 0.68473369 0.85945904
vt 0.63428324 0.85708290
vt 0.63538975 0.86246550
vt 0.69316953 0.85799426
vt 0.69044209 0.85989785
vt 0.69386876 0.86246550
vt 0.68821371 0.84682614
vt 0.68894136 0.86094600
vt 0.39046836 0.71224946
vt 0.38848564 0.72046971
vt 0.39292276 0.72580934
vt 0.38644442 0.71059799
vt 0.38999018 0.70647234
vt 0.38639659 0.70343167
vt 0.38824093 0.69247752
vt 0.38578728 0.69335783
vt 0.38589108 0.68420941
vt 0.38772663 0.72451764
vt 0.39101583 0.73747480
vt 0.39574590 0.73755425
vt 0.39390591 0.74670893
vt 0.39740819 0.74170953
vt 0.39912617 0.74596721
vt 0.39902791 0.75516903
vt 0.40107223 0.75064653
vt 0.40331441 0.75722831
vt 0.39959648 0.75957263
vt 0.40618077 0.77003741
vt 0.40738726 0.76407200
vt 0.40937328 0.76730692
vt 0.41233388 0.77211434
vt 0.41161346 0.77820253
vt 0.41667235 0.77809560
vt 0.41753024 0.78610855
vt 0.39545432 0.73410070
vt 0.38509470 0.71502984
vt 0.38803709 0.73004407
vt 0.38960928 0.68777114
vt 0.38972551 0.68252367
vt 0.38967523 0.67166072
vt 0.38610479 0.67735219
vt 0.38759390 0.66788620
vt 0.38653612 0.66417027
vt 0.39178705 0.66391093
vt 0.39170590 0.65502280
vt 0.38877797 0.65462023
vt 0.39886552 0.63130957
vt 0.39745060 0.62658966
vt 0.40262014 0.62361562
vt 0.40523210 0.60999411
vt 0.40523779 0.61990064
vt 0.39089817 0.64343065
vt 0.39507976 0.64866233
vt 0.40878445 0.61276871
vt 0.41124567 0.60724086
vt 0.41224971 0.59887183
vt 0.41309401 0.60583609
vt 0.41627240 0.59804666
vt 0.41753024 0.59107637
vt 0.40039548 0.63196844
vt 0.38371474 0.67849141
vt 0.38387999 0.70130736
vt 0.38325641 0.69356078
vt 0.39293733 0.62991190
vt 0.40191773 0.61373270
vt 0.39588347 0.62301844
vt 0.38951430 0.69559872
vt 0.38772586 0.64517641
vt 0.38387010 0.66545993
vt 0.38550511 0.65315533
vt 0.38642165 0.72882116
vt 0.40301707 0.60823601
vt 0.38934928 0.74106395
vt 0.39480442 0.75319976
vt 0.39814970 0.61682099
vt 0.38246855 0.71095014
vt 0.38320440 0.71887553
vt 0.38126078 0.69110942
vt 0.38185093 0.67637408
vt 0.38178959 0.70254391
vt 0.71042740 0.94289827
vt 0.71055877 0.93991584
vt 0.72304112 0.94064772
vt 0.71223909 0.93583012
vt 0.72516602 0.93697441
vt 0.69948417 0.94343787
vt 0.69494766 0.93692517
vt 0.68802685 0.94312388
vt 0.68004048 0.93909687
vt 0.67796230 0.94252670
vt 0.67034411 0.93981302
vt 0.67427152 0.94445306
vt 0.72853959 0.94204950
vt 0.73124582 0.93648338
vt 0.73423535 0.93831742
vt 0.73484212 0.94456100
vt 0.73552889 0.94229710
vt 0.74106497 0.93924856
vt 0.74199939 0.94526219
vt 0.74725026 0.94442624
vt 0.68922633 0.94526219
vt 0.74008411 0.93694776
vt 0.74504817 0.94015491
vt 0.74913645 0.93927377
vt 0.72625124 0.93514258
vt 0.72596723 0.94406575
vt 0.67970902 0.93801081
vt 0.66882557 0.93828398
vt 0.30594888 0.06263860
vt 0.30342501 0.05527759
vt 0.29579619 0.05644859
vt 0.30882815 0.05829323
vt 0.30886793 0.05586089
vt 0.30499643 0.06845225
vt 0.30401033 0.04954562
vt 0.29441208 0.05134876
vt 0.29121459 0.05264581
vt 0.29680479 0.06279445
vt 0.28885755 0.05241770
vt 0.30098143 0.06615490
vt 0.30958548 0.06853726
vt 0.30958548 0.05281359
vt 0.29089624 0.05731080
vt 0.28540587 0.04912984
vt 0.29995263 0.04646220
vt 0.30370915 0.04645814
vt 0.30727196 0.04827626
vt 0.11173955 0.02443868
vt 0.11864828 0.02017290
vt 0.11636600 0.02617189
vt 0.11196435 0.01962618
vt 0.10742337 0.02026134
vt 0.10909742 0.02609278
vt 0.10622521 0.02515871
vt 0.10112867 0.01915310
vt 0.09731977 0.02713891
vt 0.10049229 0.02109368
vt 0.10129997 0.02490315
vt 0.09415082 0.02154665
vt 0.09273895 0.02668498
vt 0.09024180 0.02084368
vt 0.11836109 0.02423232
vt 0.12182830 0.02461268
vt 0.11983461 0.01919265
vt 0.12749580 0.02062916
vt 0.12603551 0.02627813
vt 0.12980931 0.02435020
vt 0.13960461 0.02036686
vt 0.15192088 0.02597794
vt 0.15436161 0.02164858
vt 0.16537133 0.02375935
vt 0.16325334 0.02691883
vt 0.12765998 0.01839698
vt 0.14538138 0.02713891
vt 0.11244088 0.01793928
vt 0.49149361 0.93211329
vt 0.46229810 0.92638397
vt 0.49165389 0.92913330
vt 0.46836802 0.93017334
vt 0.42632151 0.92442006
vt 0.43342832 0.93238270
vt 0.40096992 0.92569631
vt 0.40203851 0.92240173
vt 0.36885735 0.92074656
vt 0.55520064 0.91007102
vt 0.55575430 0.90717006
vt 0.55741912 0.90855527
vt 0.55670398 0.91125739
vt 0.55718279 0.90389013
vt 0.55472827 0.90606946
vt 0.55254441 0.91079235
vt 0.55316579 0.91422027
vt 0.55945778 0.91581964
vt 0.55396110 0.91961837
vt 0.54999262 0.91669607
vt 0.55032015 0.91405904
vt 0.55955058 0.90379119
vt 0.55414808 0.89969909
vt 0.55887955 0.92366195
vt 0.54642087 0.90809208
vt 0.55234033 0.90535796
vt 0.55645794 0.89747065
vt 0.56197166 0.92168128
vt 0.54926789 0.89602852
vt 0.55212277 0.89959484
vt 0.54850841 0.90487623
vt 0.54455340 0.90152526
vt 0.56201142 0.91549975
vt 0.54920876 0.91176057
vt 0.55095047 0.90888208
vt 0.55615187 0.89063007
vt 0.56433505 0.92896783
vt 0.55515766 0.88785046
vt 0.55967355 0.87969804
vt 0.46465138 0.89785862
vt 0.42887238 0.89147520
vt 0.47684896 0.89551950
vt 0.43538168 0.89631009
vt 0.40460068 0.89108783
vt 0.47812891 0.89978397
vt 0.48997775 0.89813322
vt 0.40464497 0.89667237
vt 0.35450074 0.89159399
vt 0.36509764 0.88740760
vt 0.33534917 0.88843113
vt 0.33363503 0.88301659
vt 0.31841493 0.88489795
vt 0.31813502 0.89367718
vt 0.48937255 0.90247130
vt 0.35988212 0.89674079
vt 0.41634345 0.90085763
vt 0.46019423 0.90444374
vt 0.47702637 0.90594912
vt 0.49046898 0.90697610
vt 0.50249505 0.90365559
vt 0.31790712 0.90166795
vt 0.37021464 0.90567446
vt 0.34554210 0.90412033
vt 0.43106887 0.90504909
vt 0.50039893 0.90949309
vt 0.50621980 0.90858310
vt 0.51257461 0.90394372
vt 0.51410449 0.90881318
vt 0.50722229 0.90117705
vt 0.50288665 0.89794230
vt 0.52451819 0.90400839
vt 0.52909869 0.90894651
vt 0.53274286 0.90472710
vt 0.31595677 0.89311177
vt 0.53331268 0.89880228
vt 0.51815540 0.89776742
vt 0.54113579 0.90805072
vt 0.54058492 0.90251958
vt 0.40174142 0.88538688
vt 0.36073351 0.88219535
vt 0.31853279 0.87952375
vt 0.31583583 0.89872932
vt 0.48902401 0.89372015
vt 0.47084227 0.89141935
vt 0.43399835 0.88668251
vt 0.33398631 0.87862867
vt 0.31555131 0.90314704
vt 0.53801107 0.89442223
vt 0.48663932 0.88906324
vt 0.31862345 0.87496036
vt 0.54427439 0.89536321
vt 0.34668550 0.87577099
vt 0.33596492 0.87350506
vt 0.40269870 0.88142091
vt 0.53349882 0.89153659
vt 0.51716930 0.89346957
vt 0.49894589 0.88981801
vt 0.53970057 0.89293981
vt 0.54572976 0.91293234
vt 0.34591496 0.92440182
vt 0.33931011 0.92425585
vt 0.34790519 0.92045343
vt 0.36175168 0.91816378
vt 0.44468871 0.92302060
vt 0.40232992 0.92013466
vt 0.36670002 0.91397965
vt 0.41448659 0.91814423
vt 0.46706578 0.91892254
vt 0.43007174 0.91514933
vt 0.35210574 0.91484380
vt 0.46343651 0.91136676
vt 0.34350875 0.92005205
vt 0.48221314 0.91272956
vt 0.49111542 0.91955227
vt 0.49206078 0.92704546
vt 0.49269965 0.91363382
vt 0.43341601 0.91063589
vt 0.38947782 0.90926754
vt 0.34121203 0.91332912
vt 0.33746874 0.92321008
vt 0.31689441 0.91810489
vt 0.31798166 0.90994465
vt 0.31479934 0.91420943
vt 0.31658977 0.92608458
vt 0.33073431 0.92678100
vt 0.49582595 0.91621000
vt 0.50934869 0.91467243
vt 0.52311778 0.91602665
vt 0.52703583 0.91232663
vt 0.53644603 0.91348290
vt 0.31405666 0.92596102
vt 0.31270576 0.90967292
vt 0.31233478 0.91743839
vt 0.30538499 0.91750163
vt 0.30702797 0.92486525
vt 0.31340653 0.92630512
vt 0.30465075 0.90940821
vt 0.54433769 0.91487545
vt 0.30181348 0.92198569
vt 0.30287406 0.93238270
vt 0.33761814 0.92536676
vt 0.33445385 0.92647254
vt 0.33237115 0.92788392
vt 0.32797617 0.93017060
vt 0.36935630 0.96839893
vt 0.36889663 0.97420228
vt 0.36173341 0.97622097
vt 0.37568802 0.96667337
vt 0.36500871 0.97716284
vt 0.35874492 0.98087406
vt 0.36213163 0.98122072
vt 0.35621762 0.98850048
vt 0.37392169 0.96422970
vt 0.37867200 0.96514845
vt 0.37886879 0.96017343
vt 0.38314819 0.96141130
vt 0.38397440 0.95631838
vt 0.38765496 0.95822185
vt 0.39107820 0.95145452
vt 0.39060041 0.95600975
vt 0.39552069 0.95240551
vt 0.39408141 0.94965547
vt 0.40191007 0.94935048
vt 0.40005863 0.94623226
vt 0.40765333 0.94671065
vt 0.40530103 0.94378138
vt 0.41249391 0.94464344
vt 0.41503507 0.94293767
vt 0.41084123 0.94147193
vt 0.42088398 0.93806040
vt 0.42439941 0.93938476
vt 0.42724940 0.93631464
vt 0.45087117 0.93542087
vt 0.44451156 0.93367022
vt 0.45381194 0.93330264
vt 0.44973323 0.93676472
vt 0.46516111 0.93359768
vt 0.46621320 0.93654716
vt 0.47258350 0.93749452
vt 0.47801960 0.93599540
vt 0.47802517 0.93807364
vt 0.48464355 0.93877733
vt 0.48709670 0.93658102
vt 0.49471420 0.93841988
vt 0.49336320 0.94048798
vt 0.49859905 0.94138348
vt 0.50404805 0.94110578
vt 0.50545877 0.94330782
vt 0.51249242 0.94412911
vt 0.51218355 0.94586897
vt 0.52032334 0.94751877
vt 0.52172214 0.95056242
vt 0.52787340 0.95138556
vt 0.53022146 0.95505553
vt 0.53790402 0.95700294
vt 0.54005879 0.96095628
vt 0.54959357 0.96535146
vt 0.55048984 0.96843725
vt 0.55569410 0.96969098
vt 0.55837077 0.97558987
vt 0.55962157 0.97359318
vt 0.56278825 0.98003799
vt 0.56641740 0.98069692
vt 0.57037997 0.98850048
vt 0.56986284 0.98456794
vt 0.54795641 0.96282828
vt 0.43391928 0.93474716
vt 0.47413418 0.93422538
vt 0.44568750 0.63464195
vt 0.44408411 0.66710633
vt 0.44619107 0.66690856
vt 0.44277152 0.64593714
vt 0.44409144 0.63532686
vt 0.44462740 0.67111313
vt 0.44084629 0.65593302
vt 0.44127619 0.66610736
vt 0.44281155 0.67067420
vt 0.44618455 0.57827985
vt 0.44325569 0.58686566
vt 0.44580901 0.59518433
vt 0.44489601 0.57279116
vt 0.44430411 0.59440196
vt 0.44737205 0.57294559
vt 0.44775474 0.58653611
vt 0.44593999 0.61778200
vt 0.44633132 0.57083714
vt 0.44756189 0.62391412
vt 0.44754723 0.63468552
vt 0.44775474 0.66746664
vt 0.10281537 0.95343125
vt 0.10833168 0.95385438
vt 0.10289824 0.95622009
vt 0.09613442 0.95351052
vt 0.11542574 0.95623732
vt 0.11590228 0.95339924
vt 0.11893190 0.95325136
vt 0.12343375 0.95558608
vt 0.09055052 0.95734447
vt 0.09133827 0.95349121
vt 0.07870533 0.95684427
vt 0.08571889 0.95384407
vt 0.12364116 0.95170194
vt 0.09957061 0.95784843
vt 0.10946009 0.95772249
vt 0.11799025 0.95731872
vt 0.10761207 0.95217675
vt 0.11299108 0.95231193
vt 0.10025816 0.95199299
vt 0.08402110 0.95936990
vt 0.07352706 0.95768934
vt 0.09296993 0.97617620
vt 0.10832022 0.98773718
vt 0.10144528 0.98808587
vt 0.11715050 0.98189169
vt 0.08944716 0.98775828
vt 0.12062480 0.98929542
vt 0.12598364 0.95744944
vt 0.12620948 0.98029500
vt 0.11484382 0.99215472
vt 0.13184656 0.98888373
vt 0.13236474 0.97793460
vt 0.13098547 0.95830047
vt 0.07338855 0.99022013
vt 0.14022611 0.98524016
vt 0.13911250 0.95759487
vt 0.08745083 0.99085057
vt 0.13094479 0.99206847
vt 0.14078085 0.99169374
vt 0.10341116 0.99264187
vt 0.14793739 0.98868465
vt 0.15162154 0.97111648
vt 0.14855143 0.95724607
vt 0.09001686 0.99270970
vt 0.15539375 0.99014544
vt 0.16220111 0.95684403
vt 0.16311470 0.97016442
vt 0.16371882 0.98139554
vt 0.16513769 0.98969376
vt 0.06725486 0.99060595
vt 0.06306306 0.95792204
vt 0.06020096 0.99039775
vt 0.07378183 0.99274033
vt 0.17576806 0.95633173
vt 0.17720756 0.97542942
vt 0.17484631 0.98901606
vt 0.05711309 0.95814091
vt 0.04965458 0.99006045
vt 0.05092822 0.95803219
vt 0.18220808 0.95495796
vt 0.18751878 0.98854876
vt 0.18716611 0.97834492
vt 0.19122900 0.96975809
vt 0.17408492 0.99164116
vt 0.16277993 0.99218684
vt 0.18287185 0.99130177
vt 0.19347741 0.95729572
vt 0.19845028 0.97965437
vt 0.19763032 0.95461702
vt 0.20263742 0.99016136
vt 0.20161863 0.96965909
vt 0.20476173 0.95517099
vt 0.19435354 0.99122477
vt 0.21467343 0.98701161
vt 0.21110556 0.96934474
vt 0.21574470 0.95738971
vt 0.21412626 0.99114066
vt 0.22021678 0.98917109
vt 0.22005811 0.96792728
vt 0.22705384 0.95577520
vt 0.21698834 0.95426452
vt 0.22824566 0.98850262
vt 0.22907923 0.97273833
vt 0.20763068 0.95420545
vt 0.23657076 0.95647669
vt 0.23506826 0.98603559
vt 0.22629701 0.95400208
vt 0.23806025 0.95432830
vt 0.24525777 0.96890318
vt 0.24375428 0.98850012
vt 0.24553737 0.95600283
vt 0.23077005 0.99096781
vt 0.24180585 0.99076176
vt 0.25539792 0.97242457
vt 0.25799820 0.95668793
vt 0.25832361 0.98908913
vt 0.26240969 0.96838796
vt 0.25145900 0.95419937
vt 0.26704645 0.98934889
vt 0.26975125 0.95572585
vt 0.26822862 0.95445442
vt 0.27322313 0.97090918
vt 0.27682486 0.98500758
vt 0.24192618 0.99298662
vt 0.25920892 0.99310029
vt 0.27957088 0.95698702
vt 0.05957865 0.99310029
vt 0.27103058 0.99292511
vt 0.28108808 0.97363192
vt 0.35059699 0.01162921
vt 0.35794473 0.01885924
vt 0.35620174 0.01296083
vt 0.35005021 0.01885924
vt 0.34760445 0.01490266
vt 0.35224831 0.00965961
vt 0.35738492 0.00988783
vt 0.34758204 0.01221541
vt 0.85811406 0.07591783
vt 0.85643309 0.07199813
vt 0.86022401 0.04921971
vt 0.85850704 0.04763341
vt 0.85535407 0.08584843
vt 0.86053538 0.08882215
vt 0.86016989 0.07351995
vt 0.85649216 0.04867521
vt 0.85562056 0.08950015
vt 0.86053538 0.04532120
vt 0.85731041 0.04369825
vt 0.85608935 0.09245630
vt 0.86048216 0.09231637
vt 0.98307723 0.87409222
vt 0.97911805 0.86994559
vt 0.97480136 0.87177044
vt 0.98674083 0.86951292
vt 0.98980629 0.87306923
vt 0.98441488 0.86629313
vt 0.97426099 0.86457008
vt 0.97088212 0.86566478
vt 0.99102986 0.86574101
vt 0.99138677 0.86284381
vt 0.99375439 0.87004405
vt 0.99480420 0.86215615
vt 0.99536294 0.86653620
vt 0.99784112 0.85694569
vt 0.99206161 0.87633693
vt 0.99335939 0.87867796
vt 0.99060100 0.87893778
vt 0.98716331 0.87907469
vt 0.99784112 0.95722169
vt 0.98608470 0.87630743
vt 0.97928917 0.87443835
vt 0.97124076 0.87069112
vt 0.97020727 0.86981189
vt 0.97401834 0.87379509
vt 0.98144466 0.87633705
vt 0.14697851 0.30534315
vt 0.14188325 0.30481660
vt 0.14567895 0.30128539
vt 0.13803729 0.30088645
vt 0.13452877 0.30472106
vt 0.13322006 0.29886904
vt 0.13140193 0.30430552
vt 0.15089786 0.30007669
vt 0.15241796 0.30535224
vt 0.14746313 0.29882699
vt 0.13848887 0.29852805
vt 0.14627513 0.30680773
vt 0.13002858 0.29977462
vt 0.12826630 0.30359796
vt 0.13653846 0.30680773
vt 0.12737478 0.30428627
vt 0.12799802 0.30008551
vt 0.98890918 0.23104677
vt 0.98560405 0.23667833
vt 0.99172252 0.23431115
vt 0.98488772 0.23287813
vt 0.99265975 0.23960128
vt 0.99196362 0.23015250
vt 0.98682338 0.24149033
vt 0.98975450 0.22502895
vt 0.98507220 0.22448330
vt 0.99024367 0.22015768
vt 0.98545927 0.21690759
vt 0.99265975 0.22352713
vt 0.99172461 0.21527372
vt 0.98643839 0.21297148
vt 0.83826470 0.91532344
vt 0.84274918 0.92007834
vt 0.84395391 0.91772473
vt 0.84002548 0.91163486
vt 0.83925146 0.92081457
vt 0.83508813 0.91826516
vt 0.83462864 0.92138284
vt 0.84203619 0.92330968
vt 0.84528744 0.90738332
vt 0.84930915 0.91933358
vt 0.83731753 0.92480403
vt 0.83974689 0.90656835
vt 0.84280926 0.90358394
vt 0.84747112 0.92000753
vt 0.84930915 0.92962283
vt 0.84576422 0.92354351
vt 0.84556609 0.92178065
vt 0.83816642 0.90365624
vt 0.84179103 0.90110397
vt 0.83712417 0.90772456
vt 0.60946721 0.38055426
vt 0.60997897 0.37205628
vt 0.60940951 0.35835409
vt 0.60999870 0.36304978
vt 0.62245971 0.41114712
vt 0.62055796 0.42062667
vt 0.63753259 0.41411448
vt 0.63343292 0.42821920
vt 0.64633715 0.42159504
vt 0.64615917 0.42768648
vt 0.61732084 0.42746666
vt 0.61000919 0.43100277
vt 0.60962981 0.41286123
vt 0.60960013 0.42185199
vt 0.64517391 0.41251618
vt 0.63233906 0.40423995
vt 0.60952485 0.40240517
vt 0.64588815 0.39677712
vt 0.62352252 0.39531252
vt 0.64637303 0.41126674
vt 0.60924006 0.39358622
vt 0.62174290 0.38717493
vt 0.64494395 0.39061123
vt 0.64468712 0.37845135
vt 0.61670607 0.38010690
vt 0.64608419 0.39269522
vt 0.64637303 0.37094077
vt 0.63737416 0.37138796
vt 0.64586461 0.36881098
vt 0.63845003 0.36210415
vt 0.61635870 0.36225277
vt 0.64595574 0.36102027
vt 0.62614238 0.35433510
vt 0.64419609 0.35169822
vt 0.60942572 0.34805930
vt 0.64589334 0.35307458
vt 0.63667649 0.34643790
vt 0.64590752 0.34374079
vt 0.63749880 0.33716652
vt 0.57849669 0.32938308
vt 0.58738565 0.33070722
vt 0.57781845 0.33162871
vt 0.58682871 0.32921299
vt 0.56886798 0.33078361
vt 0.57282603 0.33421159
vt 0.59659475 0.33081424
vt 0.58876425 0.33483255
vt 0.59311968 0.33439538
vt 0.59663361 0.33419761
vt 0.59946930 0.33485898
vt 0.60334617 0.33106738
vt 0.57612181 0.33392096
vt 0.58233130 0.33476496
vt 0.57887554 0.33517852
vt 0.58642018 0.33390632
vt 0.60336053 0.33483326
vt 0.60661590 0.33563709
vt 0.61216104 0.33373612
vt 0.61002356 0.33655933
vt 0.61459744 0.33768886
vt 0.62305701 0.33899882
vt 0.56904852 0.33338028
vt 0.56386727 0.33523834
vt 0.55870849 0.33287793
vt 0.55737263 0.33602768
vt 0.55136377 0.33812109
vt 0.54483116 0.33992639
vt 0.54791731 0.33499110
vt 0.54188257 0.33913407
vt 0.61782044 0.33901563
vt 0.62054223 0.33992639
vt 0.59500521 0.32888684
vt 0.03110320 0.39455974
vt 0.03118161 0.40115777
vt 0.03720712 0.40203696
vt 0.02470092 0.39492837
vt 0.01968699 0.39662543
vt 0.02708743 0.39102837
vt 0.03681790 0.39488533
vt 0.03764036 0.39725131
vt 0.04415543 0.40263221
vt 0.04023474 0.39663380
vt 0.03932034 0.40619633
vt 0.04704833 0.40606606
vt 0.04749037 0.39776221
vt 0.05680418 0.40599915
vt 0.05303103 0.39883357
vt 0.05685430 0.40106732
vt 0.06256182 0.40726566
vt 0.06401035 0.41112638
vt 0.06632297 0.40830132
vt 0.07095519 0.41354495
vt 0.05779800 0.39593592
vt 0.06377249 0.39941719
vt 0.07143718 0.40969953
vt 0.07297375 0.41236755
vt 0.07098741 0.40240619
vt 0.06453585 0.39784959
vt 0.05405419 0.39118969
vt 0.04694513 0.38850871
vt 0.02335852 0.40182617
vt 0.01845630 0.40208295
vt 0.01544165 0.40179467
vt 0.04906190 0.41304627
vt 0.01798168 0.39370510
vt 0.02376007 0.39002579
vt 0.04798441 0.38550743
vt 0.05740335 0.39028895
vt 0.03946488 0.38654920
vt 0.07507051 0.40219849
vt 0.03820602 0.40997124
vt 0.06272709 0.41294265
vt 0.03329092 0.38724130
vt 0.02698695 0.38837671
vt 0.01765070 0.41225684
vt 0.02507920 0.41130602
vt 0.04484902 0.41828692
vt 0.07301470 0.39712045
vt 0.02413666 0.41618246
vt 0.01132927 0.41185898
vt 0.01747271 0.41904330
vt 0.07577312 0.39747435
vt 0.01079447 0.42088318
vt 0.01106468 0.40208390
vt 0.07427035 0.41516560
vt 0.06268739 0.41512117
vt 0.05839557 0.38753194
vt 0.07884458 0.39866686
vt 0.07722144 0.40351772
vt 0.07829350 0.40608087
vt 0.06679075 0.38665614
vt 0.07548787 0.38923755
vt 0.07896836 0.39431772
vt 0.07901753 0.39100930
vt 0.04077413 0.38436824
vt 0.05270232 0.38405281
vt 0.07713617 0.38533533
vt 0.07882138 0.38211605
vt 0.08074266 0.38364837
vt 0.06963998 0.38087806
vt 0.07916269 0.36466357
vt 0.07747533 0.36589235
vt 0.06374577 0.37304249
vt 0.04962603 0.36672351
vt 0.04164940 0.36589530
vt 0.07567370 0.36838382
vt 0.05827720 0.36789569
vt 0.06037077 0.36625612
vt 0.06887195 0.36475214
vt 0.04220729 0.35506746
vt 0.05856023 0.35692203
vt 0.04389458 0.34613964
vt 0.03787492 0.35032389
vt 0.07762062 0.35529441
vt 0.07564165 0.35645071
vt 0.05445938 0.34427062
vt 0.07565373 0.34343392
vt 0.06476523 0.35140026
vt 0.03568608 0.34693158
vt 0.04858597 0.34091562
vt 0.05867093 0.33911169
vt 0.07637364 0.33816224
vt 0.07836261 0.34006488
vt 0.06387787 0.33450919
vt 0.05519941 0.33718687
vt 0.07367215 0.33164674
vt 0.08074266 0.33650276
vt 0.51796275 0.44570503
vt 0.51102865 0.44446191
vt 0.51987654 0.44388559
vt 0.51131350 0.44774452
vt 0.50777584 0.44754922
vt 0.52222872 0.44835335
vt 0.52670509 0.44404772
vt 0.52570468 0.44848207
vt 0.51568031 0.44822216
vt 0.50441176 0.44437641
vt 0.50487673 0.44792295
vt 0.50097561 0.44757348
vt 0.52849227 0.44730678
vt 0.53180099 0.44727892
vt 0.53256851 0.44412506
vt 0.53670120 0.44461727
vt 0.51811004 0.44779804
vt 0.50003958 0.44388226
vt 0.49615082 0.44491947
vt 0.49762771 0.44777539
vt 0.49410099 0.44784591
vt 0.48939180 0.44808927
vt 0.48779282 0.44522265
vt 0.48594463 0.44835407
vt 0.48143351 0.44655395
vt 0.48308769 0.44848207
vt 0.85167491 0.23760571
vt 0.84708124 0.23830511
vt 0.84826088 0.24618353
vt 0.85686076 0.24412751
vt 0.85872924 0.23830472
vt 0.84962285 0.25109187
vt 0.86398965 0.23950830
vt 0.84029007 0.24520430
vt 0.83978760 0.24006848
vt 0.83758563 0.25096089
vt 0.84399116 0.25750065
vt 0.83717757 0.25778222
vt 0.83465147 0.24209674
vt 0.86175698 0.23455417
vt 0.84151208 0.23635693
vt 0.83396548 0.23770484
vt 0.82609719 0.23917852
vt 0.85358906 0.23413064
vt 0.85101056 0.47950432
vt 0.84409946 0.48044482
vt 0.84440428 0.48844543
vt 0.85202694 0.48912355
vt 0.85746962 0.47843006
vt 0.86355567 0.48711300
vt 0.86398965 0.47841591
vt 0.86195797 0.49000719
vt 0.84175885 0.49313161
vt 0.85070765 0.49245343
vt 0.83643651 0.48628163
vt 0.83098668 0.49294636
vt 0.83090061 0.49822217
vt 0.83626914 0.47283229
vt 0.84270483 0.47086740
vt 0.83439088 0.46938866
vt 0.84240609 0.45990774
vt 0.82941633 0.48550722
vt 0.82836848 0.47187969
vt 0.83454072 0.45238686
vt 0.82729888 0.46057400
vt 0.84022790 0.45013693
vt 0.84059566 0.43294543
vt 0.84913731 0.44435301
vt 0.84703255 0.42719886
vt 0.83973706 0.40919328
vt 0.84536844 0.40314445
vt 0.83880627 0.37828854
vt 0.84287268 0.35108528
vt 0.84778839 0.35667998
vt 0.84116375 0.31193221
vt 0.84653729 0.27455524
vt 0.84862578 0.32291827
vt 0.83898520 0.27440083
vt 0.83790362 0.25993782
vt 0.84913456 0.25990143
vt 0.83865088 0.35114121
vt 0.83870935 0.30517483
vt 0.83272845 0.44309130
vt 0.83446246 0.32337373
vt 0.82855541 0.47408909
vt 0.83188337 0.42570102
vt 0.83086407 0.36207551
vt 0.83110940 0.40976405
vt 0.82976544 0.37815234
vt 0.83237636 0.28496110
vt 0.83196813 0.27010980
vt 0.82992041 0.33246282
vt 0.82255602 0.48483267
vt 0.82360953 0.49309623
vt 0.82773751 0.26091570
vt 0.82035911 0.47436231
vt 0.82724643 0.27485675
vt 0.82810295 0.30192959
vt 0.81988394 0.46705130
vt 0.82801622 0.34703583
vt 0.82582873 0.45115319
vt 0.82451445 0.43149602
vt 0.82318819 0.49888611
vt 0.81547695 0.49844998
vt 0.80830258 0.49580771
vt 0.81406033 0.47465080
vt 0.82905388 0.25771222
vt 0.82724947 0.25118494
vt 0.82708263 0.24570131
vt 0.82399052 0.41193572
vt 0.82021284 0.25784871
vt 0.80665129 0.47546786
vt 0.82310164 0.33597195
vt 0.82181710 0.35920960
vt 0.82277274 0.37739727
vt 0.81970352 0.27492088
vt 0.82002211 0.30590838
vt 0.80672646 0.50266975
vt 0.80952775 0.47143421
vt 0.81948119 0.45414448
vt 0.80132735 0.49210209
vt 0.81946295 0.24916743
vt 0.80222672 0.50035608
vt 0.79802352 0.47630787
vt 0.82015175 0.33424774
vt 0.81877291 0.43927822
vt 0.81369334 0.50255769
vt 0.81976384 0.24322398
vt 0.81993890 0.41387919
vt 0.79514605 0.49842903
vt 0.81738901 0.42346683
vt 0.79622835 0.50446463
vt 0.81383067 0.27350071
vt 0.81335914 0.25781626
vt 0.78993893 0.47612521
vt 0.81755161 0.37832031
vt 0.81360799 0.31816578
vt 0.81455594 0.36516052
vt 0.81472170 0.40477601
vt 0.80146927 0.50661749
vt 0.79981714 0.47282818
vt 0.81012237 0.46468779
vt 0.81158221 0.25152388
vt 0.81575698 0.45450595
vt 0.81177074 0.24465723
vt 0.79085678 0.49873549
vt 0.80965728 0.27416793
vt 0.80831695 0.25710353
vt 0.79106241 0.50589961
vt 0.81247652 0.43143913
vt 0.81389642 0.44217235
vt 0.81190085 0.41368350
vt 0.80931681 0.36711267
vt 0.81003731 0.34227911
vt 0.78337324 0.47640562
vt 0.80906999 0.30747315
vt 0.78556609 0.50326198
vt 0.81146389 0.45086440
vt 0.80833435 0.45662802
vt 0.80406332 0.46426246
vt 0.79485959 0.50960863
vt 0.78663045 0.50942421
vt 0.81694120 0.23900624
vt 0.80770665 0.23919933
vt 0.77996480 0.47708246
vt 0.82443988 0.50187933
vt 0.78029823 0.51058531
vt 0.77574915 0.49306041
vt 0.84380931 0.49789420
vt 0.77824628 0.50546533
vt 0.77374887 0.47702411
vt 0.78007782 0.51382232
vt 0.78595036 0.51272094
vt 0.77520597 0.50960886
vt 0.76634938 0.47949213
vt 0.76572341 0.49748391
vt 0.77250767 0.51563936
vt 0.77003980 0.51252145
vt 0.76556009 0.50811446
vt 0.75930172 0.47843489
vt 0.80208552 0.40763274
vt 0.80590850 0.40594068
vt 0.79864413 0.39283496
vt 0.80455792 0.36529270
vt 0.79894257 0.35485360
vt 0.80549395 0.34379819
vt 0.80659801 0.42806169
vt 0.80107164 0.43717113
vt 0.79608357 0.40767637
vt 0.79167712 0.36425635
vt 0.79607344 0.43818992
vt 0.79249746 0.33471158
vt 0.79871708 0.29507288
vt 0.79298860 0.31306532
vt 0.79317290 0.27877617
vt 0.79566616 0.25664100
vt 0.78561085 0.27219039
vt 0.80361426 0.25659639
vt 0.79070598 0.40251240
vt 0.78596932 0.25689515
vt 0.78522152 0.31582561
vt 0.78361392 0.36097044
vt 0.78832418 0.41698086
vt 0.78172445 0.41088265
vt 0.77824020 0.38431102
vt 0.78764254 0.44066781
vt 0.77860767 0.25680158
vt 0.77752501 0.35222045
vt 0.76672727 0.36310098
vt 0.76582533 0.39211756
vt 0.77690542 0.40812975
vt 0.76594150 0.40499696
vt 0.77208918 0.41954085
vt 0.77488750 0.43127587
vt 0.77143073 0.43623629
vt 0.76052737 0.43680340
vt 0.75568825 0.43653145
vt 0.75792116 0.40470666
vt 0.75487816 0.42603919
vt 0.75982326 0.37764287
vt 0.76772457 0.33663175
vt 0.77812511 0.33138999
vt 0.77664769 0.31059805
vt 0.76815230 0.30031106
vt 0.77764946 0.28631103
vt 0.77487493 0.44336942
vt 0.75945151 0.35477862
vt 0.75968033 0.34158033
vt 0.76190102 0.31835568
vt 0.75490445 0.44720241
vt 0.76139033 0.44699454
vt 0.76337266 0.26642716
vt 0.77258837 0.25618666
vt 0.75511807 0.25512648
vt 0.74747896 0.43928540
vt 0.75218743 0.39953327
vt 0.75640672 0.37308249
vt 0.74975836 0.34728998
vt 0.74951410 0.36317852
vt 0.75414264 0.29033720
vt 0.75274950 0.32345921
vt 0.74873590 0.33772320
vt 0.75079930 0.30698049
vt 0.75078422 0.26891765
vt 0.75169802 0.25377604
vt 0.74765718 0.36350605
vt 0.74871808 0.44537649
vt 0.79543471 0.44714001
vt 0.78557086 0.45038235
vt 0.74816197 0.36576167
vt 0.74826390 0.41816753
vt 0.74617052 0.42736447
vt 0.80339903 0.44125080
vt 0.74822533 0.39696637
vt 0.74889272 0.38322452
vt 0.77507848 0.44914663
vt 0.74951595 0.37166271
vt 0.74587125 0.44973552
vt 0.80316538 0.45155364
vt 0.74950618 0.30601060
vt 0.74883032 0.45201603
vt 0.78442180 0.25076500
vt 0.79605222 0.24773937
vt 0.75718004 0.45092627
vt 0.79443055 0.45152673
vt 0.75689781 0.24999006
vt 0.75041986 0.24980159
vt 0.77508843 0.45137250
vt 0.77207035 0.24936958
vt 0.80921113 0.44303405
vt 0.80206001 0.32297602
vt 0.80309373 0.27246872
vt 0.80361480 0.24996485
vt 0.78659379 0.24535425
vt 0.80470049 0.31248012
vt 0.80494773 0.24311937
vt 0.80175650 0.45587102
vt 0.77301800 0.24332218
vt 0.78872728 0.45492625
vt 0.79489964 0.45699617
vt 0.74654204 0.38856021
vt 0.79866076 0.23971313
vt 0.74481863 0.44176620
vt 0.78629804 0.24102688
vt 0.75969547 0.24552490
vt 0.75292361 0.24688853
vt 0.75077903 0.24551217
vt 0.75786728 0.24216673
vt 0.77221203 0.24091101
vt 0.75787586 0.23980322
vt 0.78192443 0.23981909
vt 0.88418698 0.82656509
vt 0.88094115 0.82531303
vt 0.88270760 0.82886070
vt 0.88360250 0.82201523
vt 0.87711352 0.83021277
vt 0.88746995 0.82373857
vt 0.88535047 0.81949067
vt 0.89087820 0.82061774
vt 0.88624448 0.81678391
vt 0.87582052 0.82969850
vt 0.88158751 0.83336109
vt 0.87891150 0.83708185
vt 0.87416387 0.83468449
vt 0.87556428 0.84040201
vt 0.87211627 0.83809739
vt 0.87349010 0.84359103
vt 0.87011361 0.83890712
vt 0.87283593 0.84811997
vt 0.88577521 0.82792801
vt 0.86986470 0.85076249
vt 0.86771888 0.84519118
vt 0.86984968 0.84245884
vt 0.86379468 0.85110778
vt 0.86572176 0.85017848
vt 0.86779660 0.85537189
vt 0.86685705 0.86013484
vt 0.89065939 0.81433088
vt 0.89341754 0.81742734
vt 0.89569294 0.80942047
vt 0.89895445 0.81132466
vt 0.88964570 0.81326950
vt 0.90195090 0.80427742
vt 0.90470833 0.80734253
vt 0.90618473 0.80501252
vt 0.89378208 0.80838269
vt 0.90233636 0.80167937
vt 0.89711833 0.81677347
vt 0.90283120 0.81080180
vt 0.90344167 0.82210553
vt 0.91088563 0.80839896
vt 0.91439879 0.81249207
vt 0.91096950 0.82286763
vt 0.90225750 0.83260745
vt 0.89660752 0.83180398
vt 0.88790184 0.84645200
vt 0.89497197 0.84451693
vt 0.90345681 0.83764708
vt 0.90820336 0.83167964
vt 0.91116536 0.80310285
vt 0.91720879 0.79898804
vt 0.92262483 0.81361067
vt 0.92659158 0.80390131
vt 0.93295813 0.81035072
vt 0.93002766 0.81471676
vt 0.93648052 0.81099463
vt 0.91428250 0.82527000
vt 0.92268229 0.81934440
vt 0.94516408 0.80755651
vt 0.86912602 0.95187712
vt 0.86654526 0.95500761
vt 0.87136084 0.95889634
vt 0.87018394 0.96654171
vt 0.86564726 0.94560832
vt 0.86204952 0.94911295
vt 0.86062264 0.94216979
vt 0.86358380 0.93738264
vt 0.87528807 0.96644652
vt 0.87371230 0.97124410
vt 0.87849939 0.97234672
vt 0.87678838 0.97784173
vt 0.85842377 0.93169516
vt 0.86087102 0.92916191
vt 0.86405587 0.95521212
vt 0.85704726 0.93158257
vt 0.85948026 0.94507051
vt 0.88169175 0.97614765
vt 0.88029307 0.98236901
vt 0.88707739 0.98312569
vt 0.86164069 0.92038953
vt 0.87619054 0.95703733
vt 0.87620175 0.93437970
vt 0.87993920 0.94364101
vt 0.88337350 0.94251072
vt 0.88689584 0.95678765
vt 0.89078343 0.95596248
vt 0.88890105 0.94283754
vt 0.88559300 0.93468326
vt 0.88021660 0.92500007
vt 0.89248651 0.96613342
vt 0.89926761 0.96780962
vt 0.89492625 0.95760238
vt 0.89606333 0.95593619
vt 0.88013685 0.96639329
vt 0.86656249 0.93214834
vt 0.86836809 0.92404890
vt 0.88385344 0.92647243
vt 0.88426214 0.97434735
vt 0.90887517 0.97134012
vt 0.90631652 0.97182006
vt 0.87566024 0.92556512
vt 0.87073642 0.97261626
vt 0.86139619 0.95525903
vt 0.89545912 0.97577924
vt 0.90246665 0.97558933
vt 0.90801698 0.97781777
vt 0.88219488 0.91717607
vt 0.89456332 0.98949295
vt 0.87410474 0.90904593
vt 0.86760861 0.90855223
vt 0.86077321 0.91039157
vt 0.90209371 0.98545611
vt 0.87997776 0.90387732
vt 0.87714648 0.91201574
vt 0.86960727 0.89229423
vt 0.87461895 0.89220488
vt 0.86131293 0.89015257
vt 0.87805355 0.88561195
vt 0.86253214 0.87989652
vt 0.87313491 0.87854064
vt 0.88215500 0.88109326
vt 0.91676921 0.98500812
vt 0.86849189 0.86436743
vt 0.91864866 0.98240155
vt 0.86363131 0.87226069
vt 0.87948400 0.87652344
vt 0.88526541 0.86960959
vt 0.88386410 0.86440605
vt 0.87247157 0.86505169
vt 0.87944973 0.86017698
vt 0.88959712 0.85826278
vt 0.88868213 0.85351419
vt 0.89688158 0.84498572
vt 0.87964267 0.84336627
vt 0.88287443 0.84453875
vt 0.85785824 0.94583124
vt 0.89044160 0.83141744
vt 0.92710465 0.98770928
vt 0.92355818 0.99180633
vt 0.93266296 0.99292248
vt 0.93365341 0.99715430
vt 0.94516408 0.99954003
vt 0.85913920 0.89386368
vt 0.89614201 0.84862942
vt 0.85962933 0.91726887
vt 0.85362697 0.91217875
vt 0.85648507 0.92004055
vt 0.85578644 0.90428311
vt 0.85505271 0.89140928
vt 0.93739909 0.99164343
vt 0.91639161 0.97496617
vt 0.90664679 0.96344525
vt 0.92416990 0.98215032
vt 0.89857125 0.95148432
vt 0.90203971 0.95682532
vt 0.89155108 0.93744552
vt 0.89561218 0.94586021
vt 0.92895013 0.98024237
vt 0.92138606 0.97381407
vt 0.91285485 0.96898782
vt 0.93618977 0.96396565
vt 0.93382567 0.95320886
vt 0.93221068 0.96202153
vt 0.93258357 0.95151663
vt 0.93673015 0.95464623
vt 0.93742675 0.95784855
vt 0.93946600 0.95110369
vt 0.93925822 0.95728189
vt 0.93906331 0.96385312
vt 0.93825972 0.96763521
vt 0.94035947 0.94837749
vt 0.93467438 0.94667536
vt 0.93747270 0.93882245
vt 0.93333071 0.96827495
vt 0.94149745 0.96674812
vt 0.94170982 0.96918124
vt 0.94170982 0.94992566
vt 0.82512951 0.89485252
vt 0.82762289 0.89707303
vt 0.82791686 0.88771290
vt 0.82551271 0.88488585
vt 0.82602483 0.90579289
vt 0.82812667 0.90711606
vt 0.82890564 0.91362542
vt 0.82653320 0.91465735
vt 0.83049810 0.92209625
vt 0.82864630 0.87911612
vt 0.82628977 0.87667847
vt 0.82924038 0.87312150
vt 0.82744855 0.86995143
vt 0.83031571 0.86723280
vt 0.83189917 0.86153400
vt 0.83404571 0.85237777
vt 0.83258462 0.85107011
vt 0.83686918 0.84469056
vt 0.83981001 0.83486658
vt 0.82810587 0.92403245
vt 0.83074862 0.93288022
vt 0.83193994 0.92797649
vt 0.83552426 0.93694484
vt 0.83334649 0.94152033
vt 0.83496749 0.94465744
vt 0.83797163 0.94400221
vt 0.83981001 0.94960493
vt 0.83553964 0.95446181
vt 0.30040458 0.84094703
vt 0.30381969 0.84399807
vt 0.30049670 0.85140473
vt 0.29789609 0.84879065
vt 0.30603281 0.83895147
vt 0.30191064 0.83672106
vt 0.29649761 0.85274196
vt 0.29860654 0.85677463
vt 0.30321530 0.85394216
vt 0.30402383 0.86054194
vt 0.30043498 0.86148041
vt 0.30489400 0.83388913
vt 0.30613127 0.83210057
vt 0.30011225 0.83188146
vt 0.30231538 0.82474703
vt 0.30613127 0.86798531
vt 0.29786426 0.83477968
vt 0.29317790 0.84799176
vt 0.38699511 0.31849542
vt 0.37533468 0.31508741
vt 0.37473339 0.31817567
vt 0.38783583 0.31564596
vt 0.39276695 0.31968722
vt 0.36830744 0.31968722
vt 0.39594129 0.31890449
vt 0.83318597 0.04679088
vt 0.83365983 0.05910932
vt 0.83564389 0.04626522
vt 0.83542246 0.05873296
vt 0.83615643 0.03031183
vt 0.83388001 0.03494451
vt 0.83423376 0.07435083
vt 0.83305115 0.02766876
vt 0.83540070 0.01701932
vt 0.83014852 0.01983573
vt 0.81344539 0.02744324
vt 0.80615097 0.02176668
vt 0.78775227 0.03058147
vt 0.79328448 0.02250576
vt 0.78076434 0.02419693
vt 0.83881730 0.02751068
vt 0.83838063 0.03341293
vt 0.83724540 0.01886909
vt 0.74233687 0.03407721
vt 0.72902346 0.02833750
vt 0.68268460 0.03976653
vt 0.70519924 0.04544737
vt 0.66551620 0.04851488
vt 0.63824838 0.05044258
vt 0.63354808 0.04429285
vt 0.61770087 0.04798765
vt 0.61752188 0.05262456
vt 0.64392340 0.04172078
vt 0.69853419 0.03449091
vt 0.81221038 0.01775678
vt 0.84599859 0.03269843
vt 0.84367108 0.04340947
vt 0.61649698 0.04395633
vt 0.84740335 0.02772606
vt 0.84292644 0.01724004
vt 0.85103625 0.03042639
vt 0.61551070 0.05060234
vt 0.61666209 0.06144342
vt 0.61412394 0.05279864
vt 0.61432672 0.04591201
vt 0.60965681 0.04648010
vt 0.61330098 0.04008166
vt 0.84866673 0.01852983
vt 0.85050762 0.04153967
vt 0.76572794 0.11936104
vt 0.71395004 0.14018337
vt 0.79532760 0.13362795
vt 0.69511652 0.12697601
vt 0.66610777 0.14431682
vt 0.66971517 0.12081895
vt 0.63926107 0.12530921
vt 0.62717974 0.14760357
vt 0.62496328 0.13480306
vt 0.82097715 0.11100423
vt 0.82303429 0.13221495
vt 0.79946041 0.11271854
vt 0.75792146 0.11264298
vt 0.63573110 0.10699965
vt 0.69799614 0.10203060
vt 0.62426025 0.11431316
vt 0.82995743 0.09086675
vt 0.81280434 0.09222367
vt 0.83501428 0.11595792
vt 0.76366347 0.09663202
vt 0.66880357 0.09099245
vt 0.63854992 0.10021500
vt 0.63879287 0.08657532
vt 0.69820529 0.08152889
vt 0.74296659 0.08960623
vt 0.76029056 0.08090145
vt 0.79929149 0.07497717
vt 0.76125407 0.07357774
vt 0.83150619 0.07547129
vt 0.67205173 0.08084957
vt 0.62259573 0.08999450
vt 0.83517629 0.08978344
vt 0.83124959 0.13036121
vt 0.84170073 0.10809425
vt 0.62022269 0.10385359
vt 0.81954479 0.06258301
vt 0.80712730 0.06023585
vt 0.75956607 0.06523841
vt 0.67040890 0.07227542
vt 0.63938463 0.07541756
vt 0.62097657 0.07591636
vt 0.84135324 0.12738386
vt 0.64348310 0.15441509
vt 0.83104318 0.13935204
vt 0.76887697 0.14925210
vt 0.71461707 0.14984609
vt 0.67815274 0.15244123
vt 0.84003657 0.14310239
vt 0.82836074 0.14645885
vt 0.70236474 0.15632080
vt 0.65401262 0.15981263
vt 0.62818432 0.16236024
vt 0.81561142 0.04893870
vt 0.78234291 0.05328564
vt 0.70342124 0.06048482
vt 0.63786268 0.06634194
vt 0.62075150 0.06782594
vt 0.61937398 0.09095456
vt 0.84405506 0.10023027
vt 0.83650911 0.07153594
vt 0.84183347 0.07424267
vt 0.83579206 0.15484795
vt 0.79235524 0.15755075
vt 0.82277995 0.15618642
vt 0.73919141 0.16128293
vt 0.62356180 0.15221828
vt 0.62266195 0.14288551
vt 0.82250625 0.03547672
vt 0.78776217 0.04577093
vt 0.73004025 0.04993983
vt 0.80182588 0.03682470
vt 0.63922542 0.05800311
vt 0.62147707 0.12288830
vt 0.62080181 0.11349343
vt 0.62206554 0.13355307
vt 0.83880788 0.05736336
vt 0.78481674 0.03846582
vt 0.75374913 0.04089731
vt 0.61952305 0.05969176
vt 0.62446940 0.16633879
vt 0.69570982 0.16495784
vt 0.62848455 0.17044419
vt 0.84173346 0.15174173
vt 0.61806077 0.10377677
vt 0.61945075 0.11282416
vt 0.61370099 0.10409378
vt 0.61278236 0.08801881
vt 0.61781806 0.08772874
vt 0.61265898 0.07247081
vt 0.61653417 0.07394746
vt 0.61592650 0.12530838
vt 0.62035477 0.12179826
vt 0.62095940 0.13200790
vt 0.62175298 0.14179976
vt 0.61615586 0.15187183
vt 0.62237763 0.14896661
vt 0.62310213 0.15865211
vt 0.61490619 0.06051900
vt 0.61849028 0.17072196
vt 0.61433578 0.16364776
vt 0.62373650 0.17151845
vt 0.61731833 0.06955902
vt 0.61114478 0.11934515
vt 0.60893798 0.07922959
vt 0.60874712 0.06371561
vt 0.84478277 0.11232926
vt 0.84344167 0.12531357
vt 0.83651346 0.16232853
vt 0.82267994 0.16486217
vt 0.79918778 0.16647206
vt 0.75392228 0.17018160
vt 0.60757357 0.09328418
vt 0.62478280 0.17170566
vt 0.65408438 0.16939485
vt 0.69117516 0.17713051
vt 0.84547597 0.07660174
vt 0.84660798 0.05954843
vt 0.83316636 0.17218055
vt 0.84181666 0.16670433
vt 0.80006212 0.17316981
vt 0.82317990 0.17242579
vt 0.61070722 0.15620929
vt 0.60864812 0.14269564
vt 0.75666028 0.17624544
vt 0.72443342 0.17833948
vt 0.64975911 0.17935313
vt 0.62680626 0.18207227
vt 0.61960834 0.18172081
vt 0.61141086 0.17227992
vt 0.84009677 0.17090023
vt 0.62468433 0.17877859
vt 0.60679173 0.05366927
vt 0.61527205 0.18115145
vt 0.60689437 0.10511509
vt 0.60641795 0.12366915
vt 0.60517782 0.08026189
vt 0.60390270 0.06961232
vt 0.60484380 0.06059542
vt 0.61055213 0.18239053
vt 0.84713173 0.09396123
vt 0.60771179 0.16576593
vt 0.84859967 0.07439295
vt 0.60355049 0.09372273
vt 0.60805970 0.17841540
vt 0.60637218 0.15044704
vt 0.85016167 0.05790650
vt 0.60368878 0.04693649
vt 0.60200661 0.05062241
vt 0.60387319 0.13005908
vt 0.60146803 0.06055427
vt 0.60557395 0.17781250
vt 0.60461950 0.16356479
vt 0.60149139 0.08967023
vt 0.60738087 0.19433391
vt 0.72333997 0.22047544
vt 0.68845826 0.22530903
vt 0.72011524 0.22534287
vt 0.76437825 0.21891204
vt 0.76369900 0.22746263
vt 0.78647268 0.22602952
vt 0.80285257 0.22437346
vt 0.80327922 0.21663989
vt 0.82267749 0.21737818
vt 0.82350099 0.22536841
vt 0.69118464 0.22018985
vt 0.64351940 0.22410329
vt 0.64324939 0.22853501
vt 0.81740987 0.23220381
vt 0.62952143 0.22622323
vt 0.72211879 0.21536507
vt 0.64757681 0.21611525
vt 0.62939841 0.21556608
vt 0.68277884 0.21359718
vt 0.82721746 0.21618490
vt 0.82776511 0.22441861
vt 0.83493966 0.21653472
vt 0.83618850 0.22353123
vt 0.76348150 0.21300550
vt 0.78210628 0.21005522
vt 0.71352178 0.21233483
vt 0.83459294 0.20942655
vt 0.82519782 0.20946541
vt 0.80825955 0.20822200
vt 0.64674294 0.21097279
vt 0.75914448 0.20803760
vt 0.83715343 0.23104042
vt 0.82792008 0.23229071
vt 0.62656641 0.22534478
vt 0.62469596 0.21527548
vt 0.62171239 0.22570094
vt 0.61605150 0.21743675
vt 0.62754565 0.23183818
vt 0.61991167 0.20815261
vt 0.62715012 0.20776713
vt 0.68825507 0.20712645
vt 0.71559703 0.20642453
vt 0.82457274 0.20415370
vt 0.64848071 0.20696887
vt 0.83320957 0.19984527
vt 0.61301911 0.20926054
vt 0.79340219 0.20190132
vt 0.82364428 0.19854973
vt 0.83947414 0.19931683
vt 0.72312796 0.20208675
vt 0.76005918 0.20258138
vt 0.68776041 0.20300536
vt 0.64876258 0.20285627
vt 0.84297127 0.20921099
vt 0.62588614 0.19926964
vt 0.79139990 0.19609407
vt 0.62791258 0.19883297
vt 0.61495411 0.20091195
vt 0.61936969 0.19855614
vt 0.71920764 0.19753323
vt 0.64799351 0.19689997
vt 0.68658078 0.19670492
vt 0.82399255 0.19031700
vt 0.79569381 0.19109094
vt 0.83377331 0.18949240
vt 0.77813244 0.19238052
vt 0.84374440 0.19633031
vt 0.84142655 0.18889065
vt 0.72477174 0.19076243
vt 0.69830322 0.19120517
vt 0.62566859 0.18878651
vt 0.65169626 0.18657807
vt 0.76118946 0.18649836
vt 0.61649901 0.19078991
vt 0.80024630 0.18240005
vt 0.83199328 0.18090969
vt 0.61015546 0.20091121
vt 0.83836520 0.18082686
vt 0.72350359 0.18662706
vt 0.69462591 0.18393260
vt 0.84591687 0.21061936
vt 0.76193404 0.18206778
vt 0.84234834 0.17928861
vt 0.61057353 0.19038954
vt 0.60795820 0.21030766
vt 0.60610056 0.20240137
vt 0.84819251 0.20638628
vt 0.85103625 0.21712193
vt 0.85023463 0.22227068
vt 0.64378238 0.02108672
vt 0.64765733 0.02212317
vt 0.64465910 0.02535793
vt 0.64792770 0.03234828
vt 0.64982730 0.02069917
vt 0.64982730 0.03265869
vt 0.05888509 0.23972587
vt 0.05947213 0.23496449
vt 0.05488869 0.23771821
vt 0.05284757 0.24141526
vt 0.06261549 0.23880126
vt 0.05048673 0.24132560
vt 0.04962972 0.23488082
vt 0.05495682 0.23237570
vt 0.05219360 0.23272012
vt 0.05812541 0.24240179
vt 0.06347149 0.24015442
vt 0.04533679 0.23704050
vt 0.04585327 0.24305034
vt 0.06022248 0.22953083
vt 0.05279658 0.24313164
vt 0.06302102 0.23481351
vt 0.06220198 0.24272920
vt 0.06347150 0.24333027
vt 0.33599862 0.56173825
vt 0.32858378 0.56531739
vt 0.34131056 0.56346995
vt 0.34101713 0.56163752
vt 0.34526187 0.56207043
vt 0.35103628 0.56531739
vt 0.87956911 0.24377930
vt 0.88234860 0.24336763
vt 0.87864184 0.24977002
vt 0.88379771 0.24933945
vt 0.87608916 0.24421185
vt 0.87435234 0.24913569
vt 0.87673885 0.24080798
vt 0.88171631 0.24057038
vt 0.88644212 0.24977002
vt 0.15158041 0.95318419
vt 0.13975659 0.95270407
vt 0.14662358 0.95050055
vt 0.13773748 0.94886565
vt 0.13857150 0.95538181
vt 0.15328152 0.95538181
vt 0.13977946 0.94802207
vt 0.73257995 0.31588137
vt 0.73198450 0.33678538
vt 0.73344040 0.32073134
vt 0.73350561 0.33688113
vt 0.73537171 0.29904822
vt 0.73404181 0.29910618
vt 0.73539674 0.29777959
vt 0.73328012 0.33817345
vt 0.72427297 0.34500757
vt 0.72973323 0.31669173
vt 0.72571141 0.30412832
vt 0.72894812 0.34562322
vt 0.72426581 0.37336913
vt 0.70705062 0.36898974
vt 0.71288222 0.25036407
vt 0.72890151 0.26089355
vt 0.71620363 0.24058725
vt 0.72091353 0.27321965
vt 0.69913161 0.28384361
vt 0.70448309 0.30547154
vt 0.71753526 0.32131130
vt 0.70479441 0.32743865
vt 0.70388818 0.35105902
vt 0.69548649 0.34808376
vt 0.69637191 0.31020689
vt 0.73051035 0.24175747
vt 0.70950913 0.24800223
vt 0.72922760 0.23413064
vt 0.70002741 0.36644700
vt 0.70431107 0.38424292
vt 0.72400826 0.38377684
vt 0.71821487 0.39510038
vt 0.70233077 0.26625964
vt 0.73048502 0.28031862
vt 0.72231627 0.39399922
vt 0.70477706 0.38809693
vt 0.69395703 0.31104425
vt 0.69662970 0.29055479
vt 0.73299152 0.27492210
vt 0.73221141 0.29179785
vt 0.73053169 0.37296525
vt 0.71766096 0.23682898
vt 0.71516013 0.23736162
vt 0.70037919 0.37894577
vt 0.69743055 0.36651897
vt 0.71336138 0.23919694
vt 0.72573560 0.39409223
vt 0.69300520 0.33318245
vt 0.73350739 0.23486653
vt 0.73375714 0.25012860
vt 0.70754039 0.39179757
vt 0.73086280 0.35526127
vt 0.69346440 0.34304592
vt 0.73418695 0.36890692
vt 0.73516792 0.35880065
vt 0.73394710 0.34868190
vt 0.71956646 0.39719000
vt 0.69302970 0.32305732
vt 0.73626941 0.27681911
vt 0.73704666 0.29066864
vt 0.73495728 0.27146035
vt 0.72911298 0.38915068
vt 0.73701715 0.23542981
vt 0.73626018 0.25280026
vt 0.72674918 0.39816523
vt 0.73253506 0.37332019
vt 0.72225964 0.23527598
vt 0.72087210 0.40001604
vt 0.73194796 0.40622389
vt 0.73704666 0.41444343
vt 0.97961867 0.49448022
vt 0.97554111 0.49424213
vt 0.97660929 0.48841348
vt 0.98229706 0.48973086
vt 0.97087926 0.49400917
vt 0.96895969 0.48851162
vt 0.94545078 0.48868710
vt 0.94283080 0.49302605
vt 0.93681788 0.48774040
vt 0.93867630 0.49272919
vt 0.94495052 0.48712051
vt 0.93578446 0.48939544
vt 0.93566495 0.49448022
vt 0.43868053 0.03499803
vt 0.44409144 0.03728916
vt 0.44496438 0.03369678
vt 0.44211945 0.03005984
vt 0.43505836 0.03217055
vt 0.43494278 0.03730359
vt 0.42803225 0.03391166
vt 0.42752409 0.03803002
vt 0.42836261 0.02842190
vt 0.44065100 0.02355274
vt 0.43325052 0.02345906
vt 0.41863456 0.03609913
vt 0.41804323 0.02752737
vt 0.42395338 0.02421240
vt 0.44593617 0.02362535
vt 0.45096627 0.02878428
vt 0.45003951 0.03519658
vt 0.41692474 0.03935904
vt 0.41139358 0.03586481
vt 0.40803108 0.04001840
vt 0.43037495 0.03990918
vt 0.45207253 0.03789660
vt 0.43983996 0.04001840
vt 0.84173119 0.55797064
vt 0.84050596 0.56202376
vt 0.84279823 0.56284589
vt 0.84423482 0.55650657
vt 0.84162825 0.55310136
vt 0.83943462 0.56339902
vt 0.84449232 0.55265135
vt 0.84635383 0.56811881
vt 0.84280461 0.56955165
vt 0.84671849 0.56418675
vt 0.83822340 0.56646383
vt 0.83376509 0.56502479
vt 0.83982998 0.56978410
vt 0.84671849 0.57083714
vt 0.83950877 0.55246454
vt 0.84355038 0.54875803
vt 0.84007609 0.54920161
vt 0.73102540 0.54429954
vt 0.73383367 0.54649830
vt 0.73140544 0.54919940
vt 0.72792935 0.54679525
vt 0.72730190 0.54938233
vt 0.72869056 0.54102647
vt 0.72524261 0.54387736
vt 0.72126812 0.54621404
vt 0.72050613 0.54219347
vt 0.71599931 0.54426163
vt 0.71590483 0.54764569
vt 0.71218848 0.54678732
vt 0.70964205 0.54056150
vt 0.71632296 0.54093260
vt 0.71304297 0.54063046
vt 0.71543568 0.53847992
vt 0.70705098 0.54642057
vt 0.72555608 0.54166365
vt 0.70599371 0.53803170
vt 0.70509499 0.54136944
vt 0.70994794 0.53626883
vt 0.71436566 0.53660232
vt 0.73253644 0.54158431
vt 0.71578974 0.53403866
vt 0.73016328 0.53748482
vt 0.71142393 0.54921937
vt 0.71105176 0.55090082
vt 0.70705521 0.55427784
vt 0.72320986 0.55427784
vt 0.73038930 0.55365431
vt 0.73572820 0.54370946
vt 0.73519194 0.55144173
vt 0.73777980 0.54822499
vt 0.73963732 0.54490948
vt 0.87646061 0.55894548
vt 0.87776315 0.56238967
vt 0.87295485 0.56202841
vt 0.87349540 0.55870855
vt 0.87369341 0.55450261
vt 0.87785286 0.55335784
vt 0.87953371 0.55710375
vt 0.87089813 0.55890304
vt 0.87120831 0.55353826
vt 0.87741536 0.56715733
vt 0.87269425 0.56715733
vt 0.19247220 0.29328245
vt 0.19261606 0.29744929
vt 0.18665557 0.29452437
vt 0.18509459 0.29169655
vt 0.18436961 0.29575479
vt 0.18810305 0.29760811
vt 0.19524224 0.29227856
vt 0.19559586 0.29760811
vt 0.19276284 0.29024839
vt 0.51789081 0.96952194
vt 0.51955324 0.97263265
vt 0.52077436 0.96693343
vt 0.52202070 0.97200447
vt 0.51786095 0.96537614
vt 0.51816672 0.96225715
vt 0.51710355 0.96207386
vt 0.51370341 0.95993590
vt 0.51437587 0.96861243
vt 0.51581562 0.97251332
vt 0.51286620 0.97169203
vt 0.51850688 0.97704148
vt 0.51252156 0.97475863
vt 0.51638347 0.97930086
vt 0.51894540 0.95354187
vt 0.52195072 0.96894497
vt 0.52195072 0.97698140
vt 0.73976713 0.47836059
vt 0.74050087 0.46275741
vt 0.73874241 0.47675747
vt 0.73891431 0.47968045
vt 0.73972100 0.48160073
vt 0.73854071 0.41332281
vt 0.74047941 0.41946697
vt 0.74050087 0.40524378
vt 0.74006063 0.42059475
vt 0.73704666 0.43176779
vt 0.73880422 0.43084705
vt 0.73740369 0.44163927
vt 0.73953301 0.44666663
vt 0.73817873 0.45166823
vt 0.74010640 0.45575973
vt 0.73865139 0.46310571
vt 0.94665897 0.95906162
vt 0.94775474 0.96933228
vt 0.94602764 0.97427303
vt 0.94775474 0.98075342
vt 0.94621348 0.98666054
vt 0.01945811 0.21481141
vt 0.02235188 0.21849459
vt 0.01759866 0.21870273
vt 0.02595689 0.21581204
vt 0.02588258 0.21882197
vt 0.01412771 0.21813822
vt 0.02979275 0.22051570
vt 0.01549119 0.22113626
vt 0.01134977 0.22125115
vt 0.02306554 0.21999468
vt 0.00734024 0.21983306
vt 0.02695635 0.22125113
vt 0.02353821 0.22017644
vt 0.60745943 0.68468893
vt 0.59486842 0.68491364
vt 0.60077471 0.68392235
vt 0.60069788 0.68143731
vt 0.61017799 0.67785072
vt 0.61384028 0.68252677
vt 0.60413903 0.67537248
vt 0.59400749 0.67739701
vt 0.59269786 0.68277752
vt 0.60798585 0.67448401
vt 0.61085236 0.67533082
vt 0.59525663 0.67494011
vt 0.61416495 0.67638659
vt 0.61853224 0.67344034
vt 0.62275141 0.67782295
vt 0.61296630 0.67059302
vt 0.62528735 0.67197794
vt 0.61644936 0.66613525
vt 0.62238753 0.66190749
vt 0.62019759 0.65872192
vt 0.61270368 0.66535825
vt 0.60890484 0.66904187
vt 0.60738575 0.66721994
vt 0.61088580 0.67087340
vt 0.59692639 0.66726053
vt 0.59436888 0.67033833
vt 0.60657990 0.67071080
vt 0.59035331 0.66437852
vt 0.59187680 0.67268157
vt 0.58817023 0.66946721
vt 0.58589149 0.66523492
vt 0.58989000 0.67494619
vt 0.59085858 0.67707163
vt 0.58510149 0.66972321
vt 0.58802569 0.66305494
vt 0.58281225 0.66266578
vt 0.59787548 0.66488266
vt 0.59243339 0.66033709
vt 0.58881354 0.66027552
vt 0.58870125 0.65715981
vt 0.58227289 0.66581404
vt 0.62665492 0.66441357
vt 0.62843692 0.65433371
vt 0.62588799 0.64929229
vt 0.63065833 0.64681929
vt 0.62703389 0.63700032
vt 0.63141984 0.63782394
vt 0.62248337 0.65245301
vt 0.62961906 0.62831545
vt 0.62416899 0.64596850
vt 0.63429284 0.64133894
vt 0.63270807 0.65658861
vt 0.63521022 0.65065104
vt 0.58381838 0.67629462
vt 0.58807307 0.67931396
vt 0.62998646 0.66944569
vt 0.63770509 0.64513630
vt 0.63662976 0.65804893
vt 0.57857198 0.66813433
vt 0.57844132 0.66300225
vt 0.64023495 0.64007539
vt 0.63940769 0.64992803
vt 0.55837417 0.59875405
vt 0.55121523 0.59259880
vt 0.55912328 0.58401096
vt 0.57133257 0.60335296
vt 0.56963950 0.58257329
vt 0.56297296 0.57605225
vt 0.58210665 0.59220099
vt 0.57304126 0.60968554
vt 0.58751547 0.59524149
vt 0.56165129 0.61266601
vt 0.54002357 0.61382198
vt 0.54298174 0.59697849
vt 0.56157720 0.62231296
vt 0.55567205 0.62105840
vt 0.53438526 0.59832013
vt 0.52473634 0.61096007
vt 0.53637260 0.62085116
vt 0.52950144 0.59726417
vt 0.57767427 0.57688642
vt 0.56427085 0.57001919
vt 0.61880535 0.58148497
vt 0.59582049 0.59020656
vt 0.56449723 0.56098294
vt 0.61283141 0.56735796
vt 0.58329028 0.56344515
vt 0.57828951 0.55248427
vt 0.56749040 0.54494596
vt 0.63091177 0.57003981
vt 0.64958781 0.57615918
vt 0.64431643 0.56925219
vt 0.62588757 0.59171742
vt 0.65327543 0.56174970
vt 0.65966100 0.57318473
vt 0.63805759 0.59184414
vt 0.65158743 0.58821225
vt 0.64366961 0.55937886
vt 0.61300910 0.58957070
vt 0.65908992 0.56051981
vt 0.66791803 0.56720930
vt 0.64781237 0.54869980
vt 0.66516703 0.58369708
vt 0.59275079 0.55375123
vt 0.61292845 0.55550814
vt 0.63779640 0.54068166
vt 0.63717759 0.54458445
vt 0.62594491 0.54464215
vt 0.63086408 0.59657645
vt 0.61236894 0.58612186
vt 0.56262368 0.55164397
vt 0.64268810 0.60173535
vt 0.60599154 0.53574955
vt 0.62372953 0.53095424
vt 0.60987371 0.51626050
vt 0.59615523 0.51587343
vt 0.59090441 0.53630680
vt 0.63593364 0.53323621
vt 0.57869607 0.52075452
vt 0.57514226 0.54546887
vt 0.58051270 0.53422689
vt 0.63145804 0.51529109
vt 0.63626248 0.52540964
vt 0.63982230 0.51428175
vt 0.57519925 0.51209706
vt 0.56803483 0.53144830
vt 0.55904460 0.54550350
vt 0.55394113 0.53995299
vt 0.56515890 0.51749659
vt 0.61012566 0.50790095
vt 0.63570058 0.60382378
vt 0.55858123 0.53110701
vt 0.54496515 0.53161919
vt 0.54634005 0.53471029
vt 0.53608096 0.53287214
vt 0.52954233 0.52691984
vt 0.55316275 0.52254546
vt 0.56413418 0.62313622
vt 0.65857524 0.59103644
vt 0.53142148 0.53405815
vt 0.66975951 0.57084912
vt 0.52219766 0.60436618
vt 0.52390051 0.59375226
vt 0.51164109 0.61181295
vt 0.55038637 0.51049876
vt 0.63454586 0.61195016
vt 0.52447873 0.53911477
vt 0.52184218 0.52813917
vt 0.57061017 0.50546753
vt 0.51647305 0.61842406
vt 0.66209459 0.55651820
vt 0.61979628 0.59258133
vt 0.51563615 0.60304868
vt 0.52998304 0.50260258
vt 0.52214026 0.53786922
vt 0.51889360 0.54688424
vt 0.65316397 0.60477191
vt 0.64390516 0.61790824
vt 0.63717520 0.61856914
vt 0.64050043 0.54004699
vt 0.52187693 0.51552302
vt 0.51834184 0.50126481
vt 0.67114371 0.55391634
vt 0.53697723 0.50265944
vt 0.66491425 0.60435194
vt 0.66107804 0.61507171
vt 0.67619741 0.57425362
vt 0.63929319 0.62873077
vt 0.67752600 0.59781802
vt 0.67658168 0.60551614
vt 0.66322327 0.54516870
vt 0.64921457 0.54031372
vt 0.50524217 0.62077665
vt 0.68314666 0.57219493
vt 0.51186782 0.54275090
vt 0.51676106 0.55362380
vt 0.51188046 0.53596616
vt 0.67942238 0.54846781
vt 0.68638104 0.54764879
vt 0.65122318 0.63252091
vt 0.63197446 0.60299712
vt 0.51353317 0.51105613
vt 0.51163089 0.50073755
vt 0.51483488 0.58929813
vt 0.51870662 0.58788919
vt 0.51559854 0.57943714
vt 0.63354814 0.50960922
vt 0.49277166 0.53534758
vt 0.51035321 0.52751958
vt 0.51143557 0.62154037
vt 0.55119455 0.62455314
vt 0.56185752 0.62630183
vt 0.66454554 0.62383252
vt 0.50506753 0.60834211
vt 0.66722155 0.52666754
vt 0.67341995 0.53893638
vt 0.67262542 0.52854127
vt 0.66483784 0.52024060
vt 0.67304510 0.52074981
vt 0.68016905 0.52978563
vt 0.65808111 0.52591711
vt 0.65844202 0.52053666
vt 0.66293615 0.53168166
vt 0.68581784 0.53682721
vt 0.63893926 0.66145515
vt 0.50952905 0.59700650
vt 0.68591237 0.53142822
vt 0.65246129 0.52573699
vt 0.67640531 0.54156214
vt 0.64351010 0.53352624
vt 0.63982069 0.52451056
vt 0.64382458 0.52670449
vt 0.66698354 0.51347506
vt 0.65436023 0.64294869
vt 0.64542603 0.66391426
vt 0.63873416 0.67511410
vt 0.64879358 0.67442882
vt 0.66507924 0.63854784
vt 0.65780962 0.65265560
vt 0.62918937 0.67979968
vt 0.67480171 0.62555879
vt 0.62993598 0.68943083
vt 0.61292517 0.68681359
vt 0.60976464 0.69590193
vt 0.58729446 0.68902445
vt 0.58190745 0.68140477
vt 0.57580703 0.68114251
vt 0.58414257 0.67869800
vt 0.57163364 0.66823512
vt 0.57715791 0.66848284
vt 0.64275205 0.68183392
vt 0.57429147 0.65895623
vt 0.56910610 0.65964526
vt 0.56942183 0.64770091
vt 0.57353586 0.64907533
vt 0.57455420 0.64215934
vt 0.57191914 0.63938653
vt 0.57558626 0.63479841
vt 0.57313800 0.62871927
vt 0.56916261 0.63694435
vt 0.57959861 0.62446493
vt 0.58271343 0.61479777
vt 0.58494377 0.61615455
vt 0.58803165 0.61197543
vt 0.59080440 0.60810000
vt 0.57107854 0.62792796
vt 0.58504087 0.63990158
vt 0.58446240 0.64649159
vt 0.58612686 0.63543719
vt 0.58405310 0.62209845
vt 0.58765686 0.63105589
vt 0.59074086 0.62531739
vt 0.59273416 0.62213320
vt 0.59419906 0.60880417
vt 0.60052341 0.61511177
vt 0.60517335 0.60958874
vt 0.59555912 0.60674602
vt 0.59908462 0.60534942
vt 0.60559732 0.61282575
vt 0.60618246 0.61493725
vt 0.50282705 0.62080741
vt 0.63011217 0.60535985
vt 0.62380368 0.59848231
vt 0.62326074 0.60077256
vt 0.61853176 0.59906393
vt 0.61370069 0.59560496
vt 0.61183101 0.59877992
vt 0.60277826 0.59727770
vt 0.60331720 0.60022271
vt 0.59898561 0.60138702
vt 0.59553814 0.60313827
vt 0.59483999 0.59954053
vt 0.58980834 0.60441852
vt 0.69349074 0.57755584
vt 0.69075108 0.55787474
vt 0.68381858 0.60925466
vt 0.63068795 0.69479322
vt 0.62361050 0.69769204
vt 0.66359466 0.66454303
vt 0.58957464 0.69397974
vt 0.50736523 0.58775032
vt 0.51122618 0.57856983
vt 0.50757372 0.54925483
vt 0.50725317 0.55830950
vt 0.49276152 0.55266714
vt 0.49943313 0.55995113
vt 0.49754754 0.57425332
vt 0.49229360 0.54384446
vt 0.48989731 0.54040951
vt 0.48836923 0.55893099
vt 0.49036178 0.56651133
vt 0.48695651 0.57731587
vt 0.49125659 0.51808017
vt 0.49039823 0.57769144
vt 0.48812923 0.58386838
vt 0.49307922 0.51458579
vt 0.67967570 0.52144045
vt 0.64564019 0.68993396
vt 0.51151991 0.56075311
vt 0.67798549 0.64459652
vt 0.65658915 0.68149823
vt 0.68600625 0.61510277
vt 0.58341676 0.69146883
vt 0.59770674 0.69653755
vt 0.69536597 0.58322746
vt 0.69752449 0.55440700
vt 0.67419994 0.66215378
vt 0.51126528 0.62900251
vt 0.50300729 0.62973917
vt 0.68170869 0.63108480
vt 0.69257843 0.53814262
vt 0.57685673 0.68527895
vt 0.56968683 0.67066121
vt 0.64335781 0.69456804
vt 0.51552200 0.51769960
vt 0.50020242 0.52137703
vt 0.58178395 0.65044802
vt 0.58654279 0.65661108
vt 0.58188993 0.65865707
vt 0.66233969 0.51377654
vt 0.49954265 0.59457874
vt 0.51243770 0.49908003
vt 0.51517010 0.56757361
vt 0.49166676 0.50516003
vt 0.49444410 0.50517911
vt 0.49394393 0.50134474
vt 0.48946100 0.50311136
vt 0.48713195 0.50003237
vt 0.50308603 0.50618267
vt 0.60745925 0.60886836
vt 0.61236459 0.60742897
vt 0.60966933 0.61019158
vt 0.61260647 0.61422467
vt 0.61971289 0.62096566
vt 0.60643697 0.62475401
vt 0.60054058 0.61834085
vt 0.60266441 0.63455105
vt 0.59044641 0.63054562
vt 0.58883399 0.63465899
vt 0.61019814 0.63145685
vt 0.61189991 0.60986304
vt 0.62009883 0.62608051
vt 0.62341720 0.62994319
vt 0.60556233 0.64200997
vt 0.59018254 0.64299905
vt 0.58761972 0.63892806
vt 0.58675170 0.64771330
vt 0.61817408 0.64428151
vt 0.62455368 0.63749933
vt 0.61872244 0.61440659
vt 0.62103182 0.62196654
vt 0.61918628 0.61142212
vt 0.61472803 0.60939687
vt 0.58982539 0.65085465
vt 0.60653394 0.64832747
vt 0.58766615 0.64984012
vt 0.61489546 0.65357018
vt 0.60688221 0.65881550
vt 0.65845114 0.51540816
vt 0.59561145 0.59268194
vt 0.60014218 0.59162104
vt 0.69678980 0.59066659
vt 0.49742705 0.58622324
vt 0.70046455 0.57049745
vt 0.70250434 0.55448705
vt 0.70068568 0.54135275
vt 0.67440546 0.66766888
vt 0.67487097 0.51638353
vt 0.48984191 0.51684636
vt 0.47213745 0.50816274
vt 0.48291811 0.52101368
vt 0.46241716 0.52302122
vt 0.47799650 0.53421783
vt 0.45954269 0.53347510
vt 0.48013195 0.54992920
vt 0.48819208 0.54173952
vt 0.48682833 0.55337143
vt 0.47784719 0.56410319
vt 0.45972919 0.56116360
vt 0.47542545 0.58012122
vt 0.48542097 0.56913781
vt 0.45719010 0.54886961
vt 0.48328295 0.58439040
vt 0.47996140 0.58538127
vt 0.47476470 0.58540958
vt 0.47937512 0.59111798
vt 0.48731777 0.59112114
vt 0.47378910 0.59262741
vt 0.46580219 0.49929032
vt 0.69905460 0.58669049
vt 0.65554160 0.69101745
vt 0.68462414 0.64682978
vt 0.66247630 0.68483239
vt 0.61761129 0.69975591
vt 0.57623965 0.65816885
vt 0.58138508 0.61261207
vt 0.68981302 0.61919612
vt 0.62930393 0.70053309
vt 0.49158242 0.59431446
vt 0.56710547 0.65285218
vt 0.69612002 0.60568738
vt 0.67026758 0.67756891
vt 0.50054687 0.60948771
vt 0.57422233 0.61128604
vt 0.58959472 0.59644240
vt 0.62505651 0.61853951
vt 0.62338597 0.61182809
vt 0.57894099 0.65409595
vt 0.64220792 0.51729864
vt 0.64400047 0.51279545
vt 0.68969125 0.53060573
vt 0.57298815 0.68103480
vt 0.69639933 0.53492522
vt 0.61603802 0.60840583
vt 0.61392051 0.60608929
vt 0.61830276 0.60831970
vt 0.61993110 0.60973197
vt 0.60826570 0.60483778
vt 0.63000602 0.61962861
vt 0.65414584 0.51966041
vt 0.46895012 0.61404014
vt 0.48286998 0.60266298
vt 0.47483745 0.63474476
vt 0.46446353 0.63797802
vt 0.47533259 0.64926356
vt 0.46832666 0.67309827
vt 0.46326512 0.66704696
vt 0.45945022 0.69270402
vt 0.46683571 0.69530344
vt 0.64996475 0.69635642
vt 0.48287970 0.63968593
vt 0.48666677 0.63129121
vt 0.69363439 0.62362838
vt 0.68380868 0.66035455
vt 0.49680540 0.60154021
vt 0.61469191 0.50697398
vt 0.64114392 0.50820929
vt 0.56642741 0.64371562
vt 0.48019758 0.66614115
vt 0.47841358 0.68043900
vt 0.47467253 0.69606453
vt 0.61056536 0.70061839
vt 0.69104803 0.63596743
vt 0.67758352 0.67306745
vt 0.64058286 0.69992203
vt 0.48399362 0.65625530
vt 0.62086594 0.61297613
vt 0.62149227 0.61176258
vt 0.67089146 0.68273127
vt 0.48804834 0.60429424
vt 0.48877329 0.59345663
vt 0.45956367 0.69640106
vt 0.44130543 0.69777787
vt 0.43705121 0.69531834
vt 0.41386765 0.69841582
vt 0.40198618 0.70331186
vt 0.56688064 0.66042095
vt 0.62234795 0.60771483
vt 0.47049624 0.69768953
vt 0.49084041 0.60548669
vt 0.56670284 0.63333088
vt 0.49985206 0.62125421
vt 0.48988655 0.62314165
vt 0.48704267 0.58777970
vt 0.49478444 0.61912102
vt 0.64690465 0.52363646
vt 0.63014960 0.61261749
vt 0.48664495 0.64061534
vt 0.48617089 0.64509857
vt 0.63647723 0.63033968
vt 0.61710471 0.70331186
vt 0.65966976 0.69392169
vt 0.52099144 0.55318511
vt 0.52382147 0.54515415
vt 0.52648979 0.54702306
vt 0.52764279 0.55402529
vt 0.52237463 0.56118691
vt 0.52800775 0.56606376
vt 0.54003507 0.56288391
vt 0.53529966 0.56984174
vt 0.52736354 0.57922089
vt 0.53675097 0.58021879
vt 0.54274440 0.57104659
vt 0.54698819 0.57873976
vt 0.55081654 0.57078826
vt 0.55055743 0.56298977
vt 0.52168232 0.56915772
vt 0.54185623 0.58520985
vt 0.53569853 0.58547223
vt 0.54135245 0.55447537
vt 0.52835935 0.58524442
vt 0.55704850 0.56291920
vt 0.55254674 0.55251116
vt 0.55624181 0.57099694
vt 0.53659546 0.54639190
vt 0.51929617 0.57882321
vt 0.52284062 0.58492905
vt 0.55712873 0.57841134
vt 0.54871982 0.58482182
vt 0.55445027 0.58390832
vt 0.54614478 0.54538333
vt 0.55782121 0.55539924
vt 0.53373903 0.53929865
vt 0.54761368 0.59064430
vt 0.51837218 0.56123370
vt 0.53332484 0.59371376
vt 0.53972149 0.59398967
vt 0.54304326 0.53721815
vt 0.51756197 0.57027823
vt 0.55007821 0.54071873
vt 0.55477017 0.54559147
vt 0.56045347 0.56950921
vt 0.56085742 0.56209958
vt 0.52781177 0.59299910
vt 0.53710186 0.53629172
vt 0.55954552 0.55302930
vt 0.56321353 0.55708480
vt 0.53025115 0.53804702
vt 0.56798017 0.62776995
vt 0.61569107 0.60247946
vt 0.57355380 0.61828536
vt 0.60028952 0.70044923
vt 0.58885890 0.69575620
vt 0.48264688 0.66640580
vt 0.63718539 0.70327783
vt 0.48930642 0.63949972
vt 0.49635714 0.63031560
vt 0.56915718 0.67438722
vt 0.47557682 0.69800901
vt 0.49179634 0.64082336
vt 0.47964808 0.68152559
vt 0.49917343 0.63882393
vt 0.49720588 0.64633763
vt 0.48291838 0.67398351
vt 0.48783556 0.66386229
vt 0.49547118 0.66776633
vt 0.48249128 0.67869657
vt 0.49770376 0.68979090
vt 0.49183300 0.69904763
vt 0.48977634 0.70178205
vt 0.50604361 0.67739618
vt 0.50496650 0.65046084
vt 0.59739912 0.89372331
vt 0.59392196 0.89149785
vt 0.59372354 0.89440691
vt 0.59801382 0.88928115
vt 0.59453452 0.88822448
vt 0.59192294 0.88950688
vt 0.59110534 0.89284277
vt 0.59469628 0.89742410
vt 0.59801382 0.89723015
vt 0.94358993 0.28104874
vt 0.94232243 0.27920884
vt 0.93393785 0.28104874
vt 0.94948184 0.27999741
vt 0.37299126 0.12676477
vt 0.37372676 0.13264081
vt 0.37521589 0.11913524
vt 0.37262520 0.13256334
vt 0.37323633 0.13849859
vt 0.37521589 0.14305428
vt 0.68527335 0.70925683
vt 0.68430948 0.71342498
vt 0.68153399 0.71125704
vt 0.69244063 0.71049720
vt 0.67573404 0.70903164
vt 0.69302577 0.70791167
vt 0.69693106 0.70804065
vt 0.69452345 0.71051127
vt 0.70044971 0.70998633
vt 0.69211507 0.71343148
vt 0.70090348 0.71342498
vt 0.70423144 0.71108216
vt 0.97193438 0.20619446
vt 0.96618801 0.21021347
vt 0.97131687 0.20828512
vt 0.96819562 0.21189646
vt 0.96839625 0.20469181
vt 0.96157169 0.21688695
vt 0.96509778 0.21789156
vt 0.96368587 0.22355543
vt 0.96924490 0.22095315
vt 0.97193438 0.22769089
vt 0.78713298 0.94792956
vt 0.78386211 0.94947785
vt 0.78408611 0.94526219
vt 0.78108805 0.94705629
vt 0.78138459 0.95170194
vt 0.78635323 0.95170194
vt 0.95811743 0.23045078
vt 0.96675301 0.23045078
vt 0.96145016 0.22861086
vt 0.57210708 0.39555639
vt 0.57406700 0.39456177
vt 0.57211912 0.39221102
vt 0.57505858 0.39168432
vt 0.57585758 0.39880404
vt 0.57679623 0.39566183
vt 0.57890362 0.39243409
vt 0.57793641 0.38960442
vt 0.58160621 0.39667946
vt 0.57895404 0.39865544
vt 0.58160621 0.39082396
vt 0.87712747 0.03157264
vt 0.88001609 0.03149193
vt 0.87830764 0.03048277
vt 0.87434697 0.03812347
vt 0.88114011 0.03710709
vt 0.87503564 0.02672901
vt 0.86990511 0.02828148
vt 0.85794473 0.01701932
vt 0.87746727 0.02523097
vt 0.87786388 0.04524923
vt 0.86849278 0.04762306
vt 0.87235594 0.05563621
vt 0.88244402 0.04328619
vt 0.87918460 0.05076461
vt 0.88550699 0.05049901
vt 0.88046050 0.02701187
vt 0.88122261 0.02934365
vt 0.86160719 0.05255792
vt 0.88316709 0.03115523
vt 0.87841010 0.05784719
vt 0.88417488 0.05439474
vt 0.86453205 0.05808274
vt 0.86876357 0.06338806
vt 0.88182342 0.06107382
vt 0.88644212 0.06393744
vt 0.87835878 0.02313640
vt 0.88644212 0.02235799
vt 0.87571913 0.02332155
vt 0.68422991 0.70331186
vt 0.68111366 0.70699173
vt 0.68091536 0.70418561
vt 0.68486875 0.70565403
vt 0.68782383 0.70699173
vt 0.40889466 0.71343142
vt 0.39528418 0.71251148
vt 0.39421415 0.71343148
vt 0.40630397 0.04737810
vt 0.40889466 0.04737810
vt 0.40788734 0.04461822
vt 0.13514681 0.61223549
vt 0.13428324 0.59664887
vt 0.13514681 0.58831644
vt 0.06161844 0.31511521
vt 0.06967781 0.31411013
vt 0.06537088 0.31535149
vt 0.07208043 0.31060758
vt 0.07309557 0.31332695
vt 0.06050162 0.31163260
vt 0.05374800 0.31692731
vt 0.07719352 0.31306496
vt 0.08528671 0.31087133
vt 0.05051814 0.31667957
vt 0.08126684 0.31230986
vt 0.08722393 0.30893913
vt 0.08952419 0.31167445
vt 0.09372965 0.31136814
vt 0.09290089 0.30772769
vt 0.10314117 0.30834225
vt 0.09813791 0.31110516
vt 0.10188504 0.31069773
vt 0.10365878 0.31085032
vt 0.11374808 0.30902168
vt 0.11023978 0.31103393
vt 0.11870228 0.31195480
vt 0.12076406 0.30955023
vt 0.12020481 0.31125805
vt 0.12914617 0.31259578
vt 0.13415255 0.31042743
vt 0.14553761 0.31537643
vt 0.15587220 0.31692731
vt 0.08534249 0.31201312
vt 0.87435234 0.11729531
vt 0.88212436 0.11729531
vt 0.87601638 0.11637534
vt 0.17028064 0.16007307
vt 0.16851060 0.16116631
vt 0.17055267 0.16329347
vt 0.16656375 0.15844470
vt 0.16623488 0.16123825
vt 0.17055267 0.15593377
vt 0.36529636 0.77194136
vt 0.37814415 0.77227455
vt 0.37124562 0.77249628
vt 0.36773649 0.77242827
vt 0.36358267 0.77422220
vt 0.37053484 0.77594417
vt 0.36192968 0.78501886
vt 0.36848086 0.78877765
vt 0.37523961 0.79047745
vt 0.37049186 0.80427605
vt 0.36228785 0.80181944
vt 0.37836292 0.80279422
vt 0.38807622 0.77730435
vt 0.38872543 0.80371392
vt 0.37538823 0.77237457
vt 0.38196838 0.77229404
vt 0.38740796 0.77264774
vt 0.37573433 0.81125963
vt 0.36647332 0.81185937
vt 0.38143545 0.81186754
vt 0.39268801 0.81162095
vt 0.39586958 0.77283514
vt 0.39528722 0.78648591
vt 0.39594129 0.80376840
vt 0.35793981 0.81151283
vt 0.35258928 0.77375674
vt 0.35163546 0.79193455
vt 0.35535914 0.80607647
vt 0.35736698 0.77192038
vt 0.36260667 0.77143377
vt 0.35266367 0.77227736
vt 0.34641996 0.81181723
vt 0.34639156 0.80563635
vt 0.34688482 0.77482826
vt 0.34838399 0.77185237
vt 0.34323475 0.79480082
vt 0.33607617 0.78408009
vt 0.33685762 0.79747653
vt 0.34142023 0.77384454
vt 0.34480381 0.77125096
vt 0.34147739 0.77046919
vt 0.33634919 0.81179613
vt 0.33840767 0.77575970
vt 0.33118257 0.77785695
vt 0.33085996 0.80592906
vt 0.32426599 0.81186754
vt 0.33009824 0.79443985
vt 0.32645354 0.78830665
vt 0.32478020 0.80174905
vt 0.33353403 0.77566385
vt 0.33231235 0.77291101
vt 0.33883449 0.77168494
vt 0.33774880 0.77421814
vt 0.33823022 0.77055275
vt 0.48834196 0.29392824
vt 0.48747841 0.29153448
vt 0.48834196 0.28748849
vt 0.29490501 0.60211593
vt 0.29111350 0.60211593
vt 0.29140154 0.60027599
vt 0.28972366 0.60162443
vt 0.14275239 0.81511658
vt 0.14331824 0.82327950
vt 0.14364362 0.81998652
vt 0.13874082 0.81834722
vt 0.14209901 0.81152588
vt 0.13773748 0.80945826
vt 0.13836928 0.80381697
vt 0.13968243 0.82513839
vt 0.14395696 0.82600832
vt 0.14446208 0.82978582
vt 0.14304344 0.83383709
vt 0.14550950 0.83411288
vt 0.14205147 0.80827338
vt 0.14206165 0.80433220
vt 0.14467700 0.83762652
vt 0.14233883 0.79870576
vt 0.13866588 0.79355294
vt 0.14189695 0.79351586
vt 0.14253709 0.78730798
vt 0.13828166 0.78976303
vt 0.13949405 0.77701396
vt 0.14318974 0.78081894
vt 0.14368862 0.77433997
vt 0.14075038 0.76844651
vt 0.14414093 0.76743996
vt 0.14550950 0.75850964
vt 0.14509793 0.76441348
vt 0.44948187 0.65838331
vt 0.45034543 0.65271389
vt 0.45034543 0.66743332
vt 0.50561315 0.24548003
vt 0.50486308 0.24436140
vt 0.50249106 0.24609016
vt 0.50214529 0.24400073
vt 0.50561315 0.24151789
vt 0.50327140 0.24070188
vt 0.49941140 0.24230188
vt 0.49719089 0.24506910
vt 0.49953592 0.23781049
vt 0.49697754 0.23986661
vt 0.96657342 0.91701251
vt 0.96284467 0.91427320
vt 0.96449083 0.91594541
vt 0.96877068 0.92116034
vt 0.89853197 0.89958316
vt 0.90359747 0.88681602
vt 0.90222508 0.88323796
vt 0.91760445 0.90632296
vt 0.91170204 0.87493831
vt 0.93054116 0.89079571
vt 0.91852832 0.86987495
vt 0.92883575 0.86825669
vt 0.93064594 0.88110536
vt 0.93243754 0.86956692
vt 0.93290150 0.87757510
vt 0.93082947 0.89882803
vt 0.93249625 0.90770566
vt 0.90715444 0.91204870
vt 0.90998244 0.91579044
vt 0.93821692 0.91954362
vt 0.93008965 0.86316502
vt 0.92338192 0.85617280
vt 0.93838483 0.85097450
vt 0.93502086 0.86572993
vt 0.95094711 0.87221098
vt 0.93709195 0.87234050
vt 0.94292462 0.88804066
vt 0.95066059 0.85028702
vt 0.95622820 0.86243403
vt 0.95283520 0.83071721
vt 0.95715481 0.84313452
vt 0.96643656 0.83873832
vt 0.96075177 0.82605702
vt 0.96337807 0.85322326
vt 0.96765250 0.84433228
vt 0.96157813 0.85754842
vt 0.97262841 0.84764206
vt 0.97249001 0.84075540
vt 0.98380631 0.83937824
vt 0.93660557 0.87859327
vt 0.93773204 0.88618296
vt 0.97795331 0.81810367
vt 0.94491142 0.92415023
vt 0.95724881 0.82339472
vt 0.94911134 0.82954556
vt 0.93891680 0.83985645
vt 0.93028688 0.84785748
vt 0.96809751 0.82108921
vt 0.94807059 0.88728827
vt 0.94848388 0.89535886
vt 0.93479824 0.88953072
vt 0.93431711 0.88536531
vt 0.93435377 0.89763069
vt 0.95260382 0.90402198
vt 0.96195853 0.91641480
vt 0.94200921 0.91689056
vt 0.93573463 0.90536290
vt 0.95771241 0.92124104
vt 0.96428239 0.92348909
vt 0.97550559 0.93116301
vt 0.98574352 0.92920661
vt 0.92005461 0.86076123
vt 0.95624536 0.92691457
vt 0.96876991 0.93458200
vt 0.96000499 0.93763661
vt 0.99179620 0.94526219
vt 0.92926055 0.92861134
vt 0.97232461 0.81512499
vt 0.99179620 0.81407410
vt 0.98193383 0.81278747
vt 0.96138722 0.91286629
vt 0.95179385 0.88750207
vt 0.95209163 0.88185352
vt 0.95222604 0.89394951
vt 0.95462102 0.90008533
vt 0.95206118 0.87834245
vt 0.95587623 0.86631864
vt 0.95862830 0.90916014
vt 0.96543080 0.85438246
vt 0.96873587 0.85128981
vt 0.93147463 0.86585510
vt 0.95937860 0.86222702
vt 0.93544072 0.87838840
vt 0.95903677 0.92531568
vt 0.94054669 0.91890496
vt 0.93479443 0.90733719
vt 0.96338230 0.81688631
vt 0.75458765 0.54783809
vt 0.74740934 0.54875803
vt 0.75777203 0.54875803
vt 0.58937824 0.99402022
vt 0.59974092 0.99402022
vt 0.59430546 0.99310029
vt 0.46934369 0.45032197
vt 0.46433413 0.44940203
vt 0.46243525 0.45032197
vt 0.32685664 0.95446181
vt 0.32685664 0.96182156
vt 0.32599309 0.95888913
vt 0.00761752 0.97942984
vt 0.00490654 0.98996013
vt 0.03404627 0.99048615
vt 0.03424067 0.98096526
vt 0.00057496 0.99710995
vt 0.03404682 0.99954003
vt 0.00083725 0.98720104
vt 0.00516122 0.97179377
vt 0.03452659 0.97064686
vt 0.00106933 0.96864027
vt 0.00524420 0.96315295
vt 0.03463266 0.96231675
vt 0.00114993 0.95649785
vt 0.02521108 0.95619339
vt 0.03469351 0.94837356
vt 0.00501130 0.94863111
vt 0.00095813 0.94962931
vt 0.00665172 0.93887705
vt 0.03490819 0.93880051
vt 0.00257141 0.93555427
vt 0.00514046 0.93297946
vt 0.02554145 0.92924166
vt 0.03506864 0.92671651
vt 0.00471199 0.92251331
vt 0.00155467 0.92313766
vt 0.02429721 0.92126548
vt 0.03513925 0.91681123
vt 0.00043178 0.93711656
vt 0.03583764 0.95270026
vt 0.00336785 0.91021925
vt 0.02521296 0.90689462
vt 0.00193380 0.90520221
vt 0.03504096 0.90549111
vt 0.00949700 0.89844483
vt 0.03559220 0.89825082
vt 0.00221023 0.89222205
vt 0.00707175 0.88738710
vt 0.02123684 0.89061129
vt 0.03563689 0.89126337
vt 0.03301928 0.88527513
vt 0.00836984 0.87568575
vt 0.03537227 0.88006788
vt 0.00239324 0.87344784
vt 0.03550030 0.87375718
vt 0.00554269 0.86744106
vt 0.03545008 0.86768591
vt 0.03566565 0.86050218
vt 0.00477981 0.86057317
vt 0.03574965 0.85685360
vt 0.00497106 0.85036135
vt 0.03576611 0.84792119
vt 0.00560309 0.84237957
vt 0.03583765 0.84130633
vt 0.00285267 0.84379131
vt 0.42389673 0.99197626
vt 0.43171471 0.98954093
vt 0.43769675 0.97185141
vt 0.42578080 0.95889509
vt 0.43735763 0.95882189
vt 0.43872976 0.98918504
vt 0.44705200 0.97262323
vt 0.44685265 0.98432606
vt 0.44774726 0.96014565
vt 0.45239019 0.98954642
vt 0.42353308 0.99476939
vt 0.45610508 0.97445315
vt 0.46159449 0.96075773
vt 0.46197113 0.97950733
vt 0.46342814 0.98898786
vt 0.43866420 0.99387288
vt 0.41827568 0.95846599
vt 0.41753024 0.98998106
vt 0.45108774 0.99494022
vt 0.47234252 0.96098220
vt 0.46568301 0.99477285
vt 0.47919044 0.98110765
vt 0.48028737 0.96114558
vt 0.47196883 0.99072582
vt 0.48236531 0.99093962
vt 0.44967252 0.95814168
vt 0.48593146 0.97846276
vt 0.48762336 0.96173418
vt 0.48969617 0.99004638
vt 0.48389214 0.99494022
vt 0.49870467 0.99470133
vt 0.40414214 0.55370086
vt 0.38848767 0.57185221
vt 0.39775068 0.57553345
vt 0.39539367 0.55317700
vt 0.38896608 0.57985932
vt 0.41092497 0.57091290
vt 0.41393578 0.55457062
vt 0.40421501 0.58095676
vt 0.41514760 0.57957530
vt 0.39560595 0.58059597
vt 0.42351130 0.55282927
vt 0.42181748 0.56361312
vt 0.38536826 0.55182713
vt 0.38263905 0.57931614
vt 0.37939981 0.56528139
vt 0.37200630 0.57864338
vt 0.36954480 0.57618785
vt 0.37773752 0.55134845
vt 0.36977527 0.56554145
vt 0.36992872 0.55157417
vt 0.42577961 0.58006716
vt 0.42735976 0.56294405
vt 0.43156454 0.55160064
vt 0.41750950 0.55059797
vt 0.42969030 0.58047503
vt 0.43356061 0.56398886
vt 0.43876007 0.55223948
vt 0.43296102 0.58095676
vt 0.44173378 0.56638110
vt 0.44430053 0.55250740
vt 0.36431789 0.57750785
vt 0.36312607 0.55106026
vt 0.98327488 0.61100817
vt 0.99691069 0.61883068
vt 0.99765080 0.61002600
vt 0.98105741 0.62048507
vt 0.97443587 0.61026073
vt 0.97290242 0.61785132
vt 0.97295386 0.62593478
vt 0.98051059 0.60526401
vt 0.99719113 0.60486639
vt 0.98145723 0.62967592
vt 0.99672246 0.63569582
vt 0.97288048 0.60455298
vt 0.98176396 0.59764344
vt 0.99708402 0.59717524
vt 0.97310013 0.59260714
vt 0.97504324 0.58721924
vt 0.97253704 0.63307720
vt 0.97219831 0.64350605
vt 0.97879213 0.64542085
vt 0.99669248 0.64505213
vt 0.97387969 0.65434998
vt 0.97171319 0.65554738
vt 0.99656391 0.64991963
vt 0.97977102 0.65586793
vt 0.97436184 0.65548408
vt 0.97151041 0.65915495
vt 0.98096818 0.65774494
vt 0.98576218 0.65915537
vt 0.97792089 0.66021335
vt 0.97324586 0.66125846
vt 0.99670440 0.66233903
vt 0.98903149 0.66793352
vt 0.97299999 0.66282785
vt 0.99678624 0.67431700
vt 0.98311466 0.67031962
vt 0.97457546 0.66733432
vt 0.97202343 0.67471880
vt 0.97107083 0.66860801
vt 0.98883575 0.67765784
vt 0.99705684 0.68045777
vt 0.98087209 0.67966616
vt 0.99718785 0.69054264
vt 0.97116560 0.66217864
vt 0.98146480 0.68945360
vt 0.97180367 0.68980914
vt 0.98759735 0.58723938
vt 0.99720764 0.59326470
vt 0.99722379 0.58438796
vt 0.98870879 0.57533705
vt 0.97843289 0.57763779
vt 0.97358263 0.58052558
vt 0.99784112 0.57451701
vt 0.98214906 0.69536585
vt 0.99784112 0.69896269
vt 0.98301220 0.70271915
vt 0.99738210 0.70651257
vt 0.97259468 0.70385802
vt 0.98560983 0.70987630
vt 0.99729675 0.71343148
vt 0.53922403 0.65394861
vt 0.53235710 0.64860749
vt 0.53219920 0.66322893
vt 0.53232706 0.67714763
vt 0.53929186 0.64627415
vt 0.52314395 0.67341536
vt 0.52926892 0.65160275
vt 0.52328146 0.64867139
vt 0.52366799 0.65377849
vt 0.52543050 0.68299335
vt 0.53656131 0.69008666
vt 0.53929186 0.69963199
vt 0.52081168 0.66401631
vt 0.52029359 0.65750092
vt 0.57987911 0.03909844
vt 0.59656119 0.03531727
vt 0.60383505 0.03751183
vt 0.61114007 0.03355110
vt 0.61198390 0.03640708
vt 0.61590904 0.03627413
vt 0.62199730 0.03413067
vt 0.62581098 0.03699797
vt 0.63470364 0.03691278
vt 0.62981015 0.03423850
vt 0.64118135 0.03515708
vt 0.64723659 0.03909844
vt 0.63199753 0.03159711
vt 0.61192948 0.03081877
vt 0.43825561 0.67111313
vt 0.43393782 0.66520661
vt 0.43825561 0.65915364
vt 0.00302245 0.77332634
vt 0.00734024 0.76992255
vt 0.00734024 0.77874887
vt 0.00347870 0.76769853
vt 0.00690692 0.76068163
vt 0.00321234 0.75945032
vt 0.00682804 0.75114995
vt 0.15140259 0.83486658
vt 0.14810017 0.83670652
vt 0.16450778 0.83670652
vt 0.44170985 0.01241950
vt 0.44948187 0.01241950
vt 0.44434491 0.00965961
vt 0.49956822 0.27117440
vt 0.50129533 0.26816928
vt 0.50129533 0.27920884
vt 0.82858378 0.94604784
vt 0.83031088 0.93698251
vt 0.83031088 0.95170194
vt 0.71680248 0.85418582
vt 0.71113992 0.85510582
vt 0.71977550 0.85510582
vt 0.46588945 0.47028849
vt 0.46761659 0.46780130
vt 0.46761659 0.47240111
vt 0.86574978 0.52634883
vt 0.86290526 0.52763796
vt 0.85799539 0.52852339
vt 0.86872399 0.52630895
vt 0.90178084 0.51567864
vt 0.90649742 0.52132332
vt 0.89847523 0.52032131
vt 0.91084754 0.51670545
vt 0.92631286 0.52385640
vt 0.92276776 0.52035314
vt 0.93490249 0.52252853
vt 0.93552577 0.52635264
vt 0.92203587 0.51807714
vt 0.94090724 0.52152723
vt 0.94706041 0.52411896
vt 0.94469720 0.52951008
vt 0.89185911 0.51989037
vt 0.89411485 0.51471943
vt 0.94955248 0.52549040
vt 0.95604151 0.53335279
vt 0.96035033 0.52904493
vt 0.96448052 0.53734505
vt 0.96834797 0.53301007
vt 0.97331172 0.54139835
vt 0.93770671 0.52895451
vt 0.95467252 0.53415757
vt 0.95344591 0.52366549
vt 0.92879307 0.52733952
vt 0.96584666 0.52874833
vt 0.90621889 0.52435839
vt 0.90948874 0.52528530
vt 0.91420710 0.52389723
vt 0.97366148 0.53286493
vt 0.89043516 0.52394879
vt 0.87759936 0.52115661
vt 0.88098484 0.52464372
vt 0.87487644 0.52547973
vt 0.89603269 0.52429062
vt 0.90080816 0.52459633
vt 0.87295455 0.52170181
vt 0.86193508 0.52422333
vt 0.85404414 0.52626765
vt 0.85266304 0.52938962
vt 0.84898239 0.53035539
vt 0.84655064 0.52782017
vt 0.84594250 0.53116584
vt 0.84387773 0.52882117
vt 0.84277642 0.53283143
vt 0.83918852 0.53184426
vt 0.83844835 0.53504056
vt 0.83698678 0.53122216
vt 0.83531588 0.53578782
vt 0.83282214 0.53355712
vt 0.83290190 0.53713763
vt 0.82942069 0.53849560
vt 0.82625794 0.53698760
vt 0.82553053 0.54053140
vt 0.82253885 0.54139835
vt 0.86055809 0.52335173
vt 0.52288431 0.99862003
vt 0.52152079 0.99678016
vt 0.52029359 0.99862003
vt 0.20983140 0.44021195
vt 0.21524751 0.43435195
vt 0.22712861 0.44063750
vt 0.19507490 0.43333513
vt 0.16079403 0.44007045
vt 0.16487485 0.43336740
vt 0.12664819 0.43598726
vt 0.12002046 0.44125336
vt 0.19672111 0.42415833
vt 0.21048024 0.42451322
vt 0.22709329 0.43361586
vt 0.17398158 0.42530000
vt 0.22530079 0.44921482
vt 0.23625726 0.44657412
vt 0.25505760 0.45438921
vt 0.19591771 0.44659784
vt 0.22151983 0.42479965
vt 0.14350791 0.43170536
vt 0.13600290 0.42936319
vt 0.22920303 0.50444722
vt 0.25176808 0.49899784
vt 0.27909416 0.50389284
vt 0.27872512 0.45540747
vt 0.27257201 0.44767994
vt 0.28406328 0.44717744
vt 0.28659356 0.46870762
vt 0.29889217 0.45504120
vt 0.30702373 0.44711083
vt 0.30747300 0.49491796
vt 0.27710876 0.51593697
vt 0.33374482 0.51049519
vt 0.33738023 0.48116478
vt 0.34031001 0.51678979
vt 0.36555967 0.46326041
vt 0.35856873 0.51584083
vt 0.38608170 0.51337022
vt 0.38105175 0.46754688
vt 0.39390391 0.49301958
vt 0.34275901 0.52510893
vt 0.40297061 0.50961053
vt 0.37097049 0.45142934
vt 0.41248474 0.51912421
vt 0.24157725 0.44039509
vt 0.25382647 0.51761591
vt 0.39527059 0.48341990
vt 0.37971812 0.45745191
vt 0.37223029 0.44511011
vt 0.25370118 0.44759041
vt 0.35025635 0.45548201
vt 0.35258284 0.44229305
vt 0.34254101 0.44662243
vt 0.34593660 0.43976039
vt 0.33590156 0.44051930
vt 0.34226790 0.43449029
vt 0.37643585 0.41511196
vt 0.38623726 0.45125520
vt 0.38648337 0.42214024
vt 0.39822140 0.46578735
vt 0.40762630 0.45225233
vt 0.40891799 0.47708699
vt 0.41997778 0.47221616
vt 0.39905235 0.42302239
vt 0.41397634 0.42262870
vt 0.40404233 0.39306685
vt 0.41412196 0.39650491
vt 0.40690652 0.37733257
vt 0.41882157 0.50491077
vt 0.42024592 0.38679039
vt 0.41618040 0.37832475
vt 0.42396134 0.38700610
vt 0.42387486 0.39846322
vt 0.36451000 0.41084707
vt 0.36581132 0.43482941
vt 0.39018020 0.39540920
vt 0.40507492 0.52632958
vt 0.27853292 0.44124156
vt 0.29184619 0.52506965
vt 0.11484727 0.43662086
vt 0.20037413 0.41743189
vt 0.43005541 0.50357562
vt 0.42930046 0.47048441
vt 0.44174969 0.49372455
vt 0.44009328 0.46208718
vt 0.44784582 0.46201766
vt 0.44169727 0.41875935
vt 0.45053339 0.45581612
vt 0.44674256 0.43191957
vt 0.45065212 0.44234088
vt 0.43773937 0.42439196
vt 0.44093445 0.50801116
vt 0.44770151 0.42244101
vt 0.41140327 0.37176779
vt 0.39712080 0.37044722
vt 0.40001222 0.36840263
vt 0.39277178 0.36758083
vt 0.34807491 0.43540275
vt 0.43428501 0.51758885
vt 0.38709715 0.46752828
vt 0.42931053 0.40520561
vt 0.45291969 0.48341972
vt 0.38484091 0.37086457
vt 0.36303598 0.43833289
vt 0.33291438 0.43635800
vt 0.33968189 0.43139642
vt 0.44279614 0.51262230
vt 0.28210953 0.44012049
vt 0.38509324 0.36764678
vt 0.28989133 0.43642619
vt 0.27088872 0.43696421
vt 0.28529763 0.43437451
vt 0.26946846 0.43279013
vt 0.26060680 0.43571991
vt 0.26234403 0.42736074
vt 0.25721121 0.42533699
vt 0.25106502 0.43023989
vt 0.24414591 0.43336222
vt 0.24796441 0.42581046
vt 0.25491047 0.41630840
vt 0.23546697 0.42636132
vt 0.23976992 0.41489273
vt 0.24776371 0.41134107
vt 0.24070966 0.40724489
vt 0.23233509 0.41209117
vt 0.23358521 0.40754172
vt 0.22811180 0.40960911
vt 0.23552640 0.40459424
vt 0.22208749 0.41445157
vt 0.24582945 0.40530330
vt 0.24459048 0.40300959
vt 0.25165394 0.40326777
vt 0.25448382 0.40741864
vt 0.22886355 0.40644377
vt 0.22391580 0.40811795
vt 0.22692099 0.38728723
vt 0.22106235 0.38939190
vt 0.23461811 0.38806385
vt 0.23995097 0.39967343
vt 0.24187805 0.40264779
vt 0.24899110 0.39871696
vt 0.21956618 0.35872233
vt 0.23041852 0.35562494
vt 0.21077129 0.32391062
vt 0.22528604 0.31956378
vt 0.21309152 0.30308655
vt 0.20381829 0.30502886
vt 0.20222126 0.32367069
vt 0.21937738 0.29975238
vt 0.22863749 0.31481495
vt 0.22511247 0.29808551
vt 0.19890696 0.30612209
vt 0.23405278 0.30187887
vt 0.23385227 0.29550380
vt 0.24040709 0.35206848
vt 0.24118902 0.38488790
vt 0.20580713 0.30367342
vt 0.25942749 0.40244561
vt 0.24813685 0.35729188
vt 0.25853720 0.36282885
vt 0.25718790 0.38011551
vt 0.26635766 0.36909857
vt 0.25764063 0.32969132
vt 0.26546499 0.39314288
vt 0.24370524 0.29489461
vt 0.24439618 0.30299598
vt 0.22586015 0.41876552
vt 0.21497874 0.41724685
vt 0.20949025 0.41695967
vt 0.19424587 0.30768946
vt 0.19562447 0.32737479
vt 0.18924792 0.30917624
vt 0.18941301 0.33186543
vt 0.18291242 0.31180954
vt 0.18310247 0.33325529
vt 0.16997546 0.31567281
vt 0.17530175 0.33740765
vt 0.16753228 0.34075382
vt 0.20329903 0.38439193
vt 0.19736177 0.38838273
vt 0.18947791 0.38730174
vt 0.20714264 0.40543139
vt 0.16315593 0.31633025
vt 0.15664721 0.31980053
vt 0.16376011 0.34559906
vt 0.15540263 0.34387156
vt 0.16586787 0.38705510
vt 0.15716274 0.39284277
vt 0.14560813 0.34610194
vt 0.16054858 0.41808236
vt 0.17325960 0.41454092
vt 0.13997701 0.32550550
vt 0.16286518 0.42635205
vt 0.17558415 0.42258239
vt 0.18450087 0.42000374
vt 0.18291338 0.41099778
vt 0.19548061 0.41532564
vt 0.20733717 0.41390601
vt 0.15389864 0.40456915
vt 0.19346710 0.42007008
vt 0.17556112 0.39225882
vt 0.14799193 0.32317474
vt 0.17732696 0.31239849
vt 0.15683661 0.42784712
vt 0.25531384 0.39958143
vt 0.25957099 0.39572290
vt 0.25964937 0.39736959
vt 0.26778468 0.40034327
vt 0.27047366 0.39246255
vt 0.27537763 0.39750701
vt 0.27842405 0.38784260
vt 0.28300413 0.39116421
vt 0.28592297 0.38358682
vt 0.21697187 0.42142418
vt 0.23806094 0.40571794
vt 0.25132033 0.39952427
vt 0.15768816 0.43060049
vt 0.21944687 0.41231427
vt 0.24080266 0.29272437
vt 0.39675164 0.49146059
vt 0.41398787 0.51705354
vt 0.37691778 0.37085107
vt 0.37362370 0.37567466
vt 0.37938380 0.37607482
vt 0.36924025 0.37533212
vt 0.36866644 0.38196325
vt 0.26311284 0.44034675
vt 0.24777493 0.29024839
vt 0.22057828 0.29855356
vt 0.32827801 0.43325105
vt 0.42368239 0.37994039
vt 0.40609390 0.50869077
vt 0.42487514 0.51824373
vt 0.14971979 0.43032485
vt 0.21546523 0.30034804
vt 0.44213840 0.41105309
vt 0.23297685 0.29492804
vt 0.20269558 0.30351499
vt 0.13820699 0.34710580
vt 0.21135695 0.50101328
vt 0.14069523 0.44985738
vt 0.39106786 0.53305286
vt 0.42147982 0.53254873
vt 0.42207065 0.53962767
vt 0.43532208 0.53295332
vt 0.43271729 0.53857273
vt 0.44162112 0.53428304
vt 0.44769150 0.52571285
vt 0.42994764 0.54271150
vt 0.44448933 0.53613883
vt 0.41900215 0.54339188
vt 0.42510840 0.54707521
vt 0.40712896 0.54688644
vt 0.39074668 0.54068679
vt 0.24977674 0.52529675
vt 0.14901163 0.47658396
vt 0.16934301 0.52693748
vt 0.08341519 0.45477271
vt 0.08381139 0.47425637
vt 0.04792763 0.47128966
vt 0.13480222 0.52509564
vt 0.14030242 0.53547662
vt 0.10260834 0.52760804
vt 0.08090372 0.53574771
vt 0.05892055 0.52521169
vt 0.05480526 0.53616083
vt 0.05896418 0.54164457
vt 0.04133964 0.52938342
vt 0.16208142 0.53512532
vt 0.14894839 0.54117376
vt 0.04743123 0.54384637
vt 0.06278253 0.54567617
vt 0.05225624 0.54793894
vt 0.04012891 0.54638088
vt 0.04226782 0.54967803
vt 0.04031677 0.54273272
vt 0.03487659 0.54773319
vt 0.03526285 0.54101700
vt 0.09130133 0.54788673
vt 0.09556352 0.54499871
vt 0.13861214 0.54603744
vt 0.13932455 0.54824364
vt 0.21208411 0.54883695
vt 0.20995666 0.54632610
vt 0.19769487 0.54248172
vt 0.21679848 0.54200983
vt 0.25356928 0.54636043
vt 0.25353655 0.54957527
vt 0.27641076 0.54756916
vt 0.08922629 0.54201013
vt 0.19386877 0.53561717
vt 0.02200100 0.45577517
vt 0.04330050 0.44801277
vt 0.01593706 0.44889635
vt 0.02661716 0.50846076
vt 0.10496711 0.50585997
vt 0.04179267 0.53553677
vt 0.01193146 0.44354770
vt 0.03140052 0.44310260
vt 0.06356151 0.44331130
vt 0.06704044 0.44566798
vt 0.08612891 0.44297716
vt 0.04890406 0.43865168
vt 0.03011232 0.43840930
vt 0.01450907 0.43877062
vt 0.10200980 0.43838599
vt 0.09616390 0.43545434
vt 0.00950484 0.46924052
vt 0.00962392 0.44407523
vt 0.00702105 0.44504347
vt 0.00649752 0.51810455
vt 0.00938328 0.51099241
vt 0.01068917 0.51981938
vt 0.00964596 0.52639145
vt 0.00561313 0.52633142
vt 0.00741157 0.53528273
vt 0.01425018 0.53507954
vt 0.02195415 0.53728223
vt 0.02323678 0.54507124
vt 0.01928548 0.52970517
vt 0.02590956 0.54164487
vt 0.02636359 0.54722464
vt 0.02773499 0.53853422
vt 0.01881704 0.53375113
vt 0.06754903 0.43524304
vt 0.02634135 0.53871053
vt 0.10862606 0.43508890
vt 0.10079060 0.43238017
vt 0.10744770 0.43132254
vt 0.11454058 0.43044075
vt 0.11019342 0.42098895
vt 0.11604293 0.41445610
vt 0.10277950 0.41901144
vt 0.26236561 0.54189962
vt 0.12189971 0.43054020
vt 0.45731673 0.48147580
vt 0.45856002 0.47718066
vt 0.34207320 0.53377408
vt 0.28236708 0.53397936
vt 0.11878082 0.44736630
vt 0.14960693 0.41810197
vt 0.21592075 0.52493382
vt 0.01727082 0.51130825
vt 0.33238560 0.44324729
vt 0.26935756 0.52641040
vt 0.37175584 0.39239839
vt 0.36443010 0.40079793
vt 0.35672009 0.41144019
vt 0.36484498 0.39363751
vt 0.36173654 0.39513829
vt 0.00953505 0.44050750
vt 0.22039710 0.42272410
vt 0.13093288 0.32888648
vt 0.13549036 0.32438552
vt 0.12845892 0.32729104
vt 0.12109815 0.32988995
vt 0.12988570 0.34247473
vt 0.13947074 0.32257313
vt 0.45393226 0.51515293
vt 0.42612308 0.52101845
vt 0.25225586 0.53386289
vt 0.10377635 0.40990117
vt 0.10363682 0.40077528
vt 0.09454204 0.40331241
vt 0.09645136 0.39349324
vt 0.08217365 0.39694402
vt 0.08903552 0.38269696
vt 0.10833360 0.39895493
vt 0.09993242 0.39098859
vt 0.11163589 0.40339455
vt 0.39072490 0.37666821
vt 0.45728198 0.49751762
vt 0.46076867 0.50962132
vt 0.46243525 0.50062680
vt 0.33362421 0.45639169
vt 0.43360105 0.54386538
vt 0.18429886 0.30950564
vt 0.10645111 0.44203103
vt 0.23656663 0.35799414
vt 0.30981243 0.54702359
vt 0.30797583 0.54189110
vt 0.31247434 0.54967803
vt 0.43730384 0.40503204
vt 0.18198977 0.39200380
vt 0.45849869 0.51479197
vt 0.23317119 0.41666642
vt 0.41911277 0.37369233
vt 0.35738564 0.40122452
vt 0.35766885 0.39657891
vt 0.35355470 0.41042426
vt 0.35084429 0.42524457
vt 0.35591093 0.42613512
vt 0.35004854 0.43149737
vt 0.42434031 0.42762178
vt 0.14735372 0.32123199
vt 0.23115434 0.42974490
vt 0.25738424 0.44123110
vt 0.10715790 0.39428082
vt 0.36619630 0.54568148
vt 0.36663747 0.54916549
vt 0.38117254 0.54822600
vt 0.24890645 0.29341808
vt 0.24737011 0.38184431
vt 0.21358515 0.39021021
vt 0.35452765 0.43598622
vt 0.34627166 0.43172434
vt 0.43755022 0.39821202
vt 0.19577798 0.52550447
vt 0.14433935 0.42170936
vt 0.14103709 0.41071168
vt 0.13515913 0.41749519
vt 0.12940028 0.39881021
vt 0.12596984 0.35713953
vt 0.12565024 0.41342682
vt 0.11007617 0.36125115
vt 0.12801914 0.42627028
vt 0.11972988 0.41990641
vt 0.11306249 0.39945850
vt 0.12095011 0.36873195
vt 0.10051818 0.36062989
vt 0.10704245 0.34817708
vt 0.09795402 0.34370902
vt 0.10475762 0.33871388
vt 0.09593203 0.33773372
vt 0.10035475 0.33549777
vt 0.09128348 0.33664110
vt 0.10715308 0.33350548
vt 0.09278884 0.35813260
vt 0.08828968 0.34470725
vt 0.08393560 0.35099080
vt 0.08598769 0.33874941
vt 0.10202094 0.38920134
vt 0.11536811 0.34722823
vt 0.36197162 0.42928267
vt 0.43314514 0.39387861
vt 0.11373530 0.33386156
vt 0.21831721 0.53514922
vt 0.02272965 0.53366679
vt 0.02545154 0.53142929
vt 0.45147327 0.52961767
vt 0.46112055 0.51939559
vt 0.43008602 0.38419551
vt 0.25407228 0.39782721
vt 0.21712530 0.41040355
vt 0.36333260 0.38407412
vt 0.19582641 0.40746352
vt 0.02919518 0.52910161
vt 0.13459292 0.36082503
vt 0.02462167 0.53489095
vt 0.12761332 0.42885575
vt 0.35135853 0.54104698
vt 0.37819880 0.38269165
vt 0.45633265 0.52355421
vt 0.43891627 0.51907873
vt 0.34436154 0.42949548
vt 0.34987491 0.42529708
vt 0.11276938 0.33161539
vt 0.20987540 0.41512790
vt 0.02398086 0.52141088
vt 0.21064369 0.35361013
vt 0.45709619 0.52860361
vt 0.49203369 0.02976669
vt 0.47919264 0.04060522
vt 0.48145938 0.02802887
vt 0.48074284 0.04624573
vt 0.49921086 0.01470450
vt 0.48712838 0.04428571
vt 0.50188816 0.02373374
vt 0.49776056 0.03944179
vt 0.47169119 0.05811363
vt 0.48692983 0.05378099
vt 0.47697389 0.06246600
vt 0.46360001 0.06515739
vt 0.46934065 0.06935970
vt 0.45189139 0.08073493
vt 0.45569655 0.08321468
vt 0.47415993 0.06885145
vt 0.50664473 0.03247850
vt 0.50811064 0.02348561
vt 0.51392078 0.00646098
vt 0.51577055 0.02072318
vt 0.49143037 0.04538396
vt 0.50657237 0.01146881
vt 0.46219152 0.05730307
vt 0.44689119 0.07836016
vt 0.50574785 0.03824731
vt 0.51634246 0.03302904
vt 0.50339025 0.04369426
vt 0.51052791 0.03894460
vt 0.51115119 0.04132697
vt 0.51610780 0.03624069
vt 0.51902640 0.03648271
vt 0.51911646 0.04740464
vt 0.52917320 0.04782004
vt 0.53284782 0.03675452
vt 0.52939796 0.02854729
vt 0.54311889 0.02481210
vt 0.54282492 0.03944274
vt 0.55110186 0.03495484
vt 0.54107302 0.01799409
vt 0.55623913 0.05596298
vt 0.57018131 0.06112072
vt 0.55430007 0.02436312
vt 0.57383019 0.05377018
vt 0.58979940 0.08652268
vt 0.60060447 0.08969466
vt 0.52441370 0.02926176
vt 0.52926093 0.02562788
vt 0.52266628 0.02855301
vt 0.52836299 0.02330414
vt 0.52573293 0.01811244
vt 0.53767610 0.01808314
vt 0.54059094 0.00874830
vt 0.54482335 0.01301720
vt 0.52871394 0.01124012
vt 0.52940780 0.00586922
vt 0.54602361 0.00844348
vt 0.54517537 0.01610143
vt 0.53186339 0.02399455
vt 0.51682210 0.03463572
vt 0.46056876 0.08034407
vt 0.47515109 0.06645443
vt 0.46039641 0.08189083
vt 0.46462780 0.08153509
vt 0.45098424 0.08969464
vt 0.45647529 0.08969641
vt 0.46794412 0.08918469
vt 0.47480038 0.07457157
vt 0.47751844 0.08188614
vt 0.55038947 0.01004516
vt 0.51503360 0.02668670
vt 0.53587055 0.02001378
vt 0.49478740 0.04703133
vt 0.49036625 0.05440765
vt 0.50015289 0.04988989
vt 0.48941636 0.05846998
vt 0.48212212 0.06458178
vt 0.52092856 0.01744629
vt 0.51541793 0.00229991
vt 0.64291883 0.98666054
vt 0.57688963 0.98666054
vt 0.62233883 0.95516258
vt 0.57297063 0.94802207
vt 0.36830744 0.75336272
vt 0.33376512 0.76586938
vt 0.33965361 0.75298989
vt 0.34465235 0.76586938
vt 0.17573403 0.79673481
vt 0.17584758 0.81881154
vt 0.18523315 0.79438823
vt 0.18523316 0.82106715
vt 0.28449705 0.38132474
vt 0.27739474 0.38132474
vt 0.28454232 0.36924514
vt 0.27331606 0.36954767
vt 0.27853587 0.36292547
vt 0.31476685 0.85418582
vt 0.31137049 0.85716480
vt 0.29555985 0.90639067
vt 0.29955757 0.91366708
vt 0.30242154 0.91040951
vt 0.29792666 0.93025315
vt 0.29401401 0.93560541
vt 0.29728842 0.95086396
vt 0.29058722 0.95219123
vt 0.29286954 0.96899807
vt 0.29939544 0.97712231
vt 0.30226597 0.96603179
vt 0.30099726 0.95164895
vt 0.30427337 0.97930086
vt 0.30614126 0.96203488
vt 0.31191078 0.97385967
vt 0.31476685 0.96623290
vt 0.30167913 0.93384379
vt 0.39335060 0.98482060
vt 0.41493955 0.99084818
vt 0.39609313 0.99954003
vt 0.41487342 0.99954003
vt 0.38903281 0.60763568
vt 0.40198618 0.60480464
vt 0.39266345 0.59603649
vt 0.40171278 0.58959371
vt 0.40198618 0.58647656
vt 0.52635914 0.07865685
vt 0.56606215 0.09061638
vt 0.53990299 0.08970975
vt 0.52288431 0.09061638
vt 0.80921996 0.01385387
vt 0.80008638 0.01425943
vt 0.80842125 0.00623527
vt 0.81563038 0.00597976
vt 0.81547081 0.01425943
vt 0.77997798 0.84866607
vt 0.79014498 0.85510582
vt 0.75992209 0.85510582
vt 0.82426596 0.85429311
vt 0.73417598 0.84907514
vt 0.69041449 0.84913373
vt 0.61405849 0.71275771
vt 0.56869072 0.71619135
vt 0.56519860 0.70911461
vt 0.62465638 0.70883167
vt 0.66779912 0.71268404
vt 0.67400688 0.71619135
vt 0.55915374 0.63949281
vt 0.55483592 0.64206254
vt 0.55915374 0.64719409
vt 0.55538255 0.63707453
vt 0.51683939 0.66467339
vt 0.51252156 0.66517794
vt 0.51683939 0.67847288
vt 0.08333334 0.23597056
vt 0.07890889 0.22266303
vt 0.07815199 0.23329125
vt 0.08333334 0.22804858
vt 0.08151511 0.21297148
vt 0.28990981 0.30496779
vt 0.27677029 0.29877758
vt 0.29391053 0.29973099
vt 0.27890006 0.30496779
vt 0.28685072 0.29576817
vt 0.29490501 0.29783839
vt 0.02733968 0.38408464
vt 0.02008825 0.37028518
vt 0.03583765 0.38093546
vt 0.01314973 0.38408464
vt 0.00302245 0.37490699
vt 0.53982061 0.06697159
vt 0.52547497 0.07497700
vt 0.53331774 0.05705091
vt 0.53828824 0.06101511
vt 0.54007077 0.06380829
vt 0.53555650 0.05565777
vt 0.54539591 0.06964260
vt 0.54612792 0.07262045
vt 0.55051816 0.07497700
vt 0.21286701 0.59571302
vt 0.21416122 0.60027039
vt 0.21623333 0.59730619
vt 0.21632124 0.60579574
vt 0.21632124 0.59362662
vt 0.21454854 0.58739650
vt 0.93447912 0.41324058
vt 0.95645219 0.38213879
vt 0.93067354 0.38370377
vt 0.96176857 0.42317283
vt 0.98010010 0.40951839
vt 0.93027675 0.34872812
vt 0.95369953 0.34385762
vt 0.92673618 0.33544055
vt 0.97077841 0.34668916
vt 0.97477382 0.37060666
vt 0.92826450 0.35917214
vt 0.92726588 0.36392295
vt 0.96804005 0.33021060
vt 0.98479033 0.43963793
vt 0.98612994 0.42552918
vt 0.98612064 0.45105359
vt 0.98288167 0.40497261
vt 0.92583340 0.36465329
vt 0.92813170 0.38854614
vt 0.92633891 0.34398887
vt 0.94428164 0.44312075
vt 0.97804064 0.45428252
vt 0.98819184 0.44403005
vt 0.95059156 0.45922834
vt 0.94401103 0.45709392
vt 0.94646817 0.45953292
vt 0.94050866 0.44700778
vt 0.93764114 0.43447480
vt 0.93121380 0.40581357
vt 0.98257387 0.45318002
vt 0.92340910 0.38489231
vt 0.92566603 0.40454832
vt 0.92120373 0.35966539
vt 0.92155719 0.37839201
vt 0.93813145 0.45045438
vt 0.93887502 0.45750138
vt 0.93571258 0.44956374
vt 0.94179744 0.46117389
vt 0.97745693 0.37046707
vt 0.94949031 0.32759288
vt 0.96512973 0.32464647
vt 0.92780471 0.33208713
vt 0.92455065 0.33368406
vt 0.92577606 0.33062187
vt 0.92918563 0.32832944
vt 0.92261565 0.32923782
vt 0.92149150 0.33207700
vt 0.91992229 0.33876026
vt 0.91836691 0.33022106
vt 0.93663526 0.45846498
vt 0.93423665 0.44111100
vt 0.93194866 0.43775803
vt 0.93018663 0.40863419
vt 0.97085279 0.33084044
vt 0.93623555 0.43798020
vt 0.92143583 0.39503139
vt 0.91752654 0.35596585
vt 0.91852397 0.38872346
vt 0.91988701 0.40139055
vt 0.92469746 0.42919511
vt 0.91628873 0.36419362
vt 0.92892009 0.44336599
vt 0.92547619 0.35711724
vt 0.96860814 0.32674661
vt 0.91853327 0.35486203
vt 0.92345852 0.34336510
vt 0.92764699 0.41727373
vt 0.93217087 0.41583523
vt 0.95129204 0.32586008
vt 0.93083799 0.44266272
vt 0.94216627 0.46299192
vt 0.93995303 0.46760106
vt 0.95006186 0.46438220
vt 0.96964920 0.46447742
vt 0.97844213 0.46682882
vt 0.98099130 0.46215600
vt 0.98573619 0.45882300
vt 0.99020886 0.45696393
vt 0.98827493 0.45142269
vt 0.98856616 0.43358284
vt 0.99233532 0.42408460
vt 0.98928112 0.33972469
vt 0.99216843 0.36172488
vt 0.98801202 0.37689409
vt 0.98819947 0.36281541
vt 0.99216175 0.33735928
vt 0.99124342 0.33028996
vt 0.98448771 0.33417913
vt 0.98629427 0.33680984
vt 0.98193288 0.33202606
vt 0.98235106 0.32328960
vt 0.98670405 0.32342523
vt 0.97871548 0.33075157
vt 0.99398208 0.33212328
vt 0.99313360 0.45319042
vt 0.99438685 0.44586352
vt 0.98809487 0.34211987
vt 0.99438685 0.36334270
vt 0.97547829 0.32001966
vt 0.98076093 0.31970328
vt 0.95667201 0.31936979
vt 0.95640349 0.32151288
vt 0.99098325 0.46317828
vt 0.99214774 0.32692409
vt 0.94227612 0.31876725
vt 0.94933712 0.47037739
vt 0.94225800 0.47003675
vt 0.97355324 0.46292436
vt 0.93607765 0.46469709
vt 0.93360186 0.46114647
vt 0.99405473 0.46000654
vt 0.99261773 0.46483785
vt 0.99037457 0.46815521
vt 0.98470134 0.46926332
vt 0.98271018 0.47056118
vt 0.98960441 0.32346660
vt 0.91664463 0.34116274
vt 0.91493952 0.34285164
vt 0.91550213 0.33179480
vt 0.92982632 0.32115233
vt 0.93514800 0.43270147
vt 0.92036808 0.35101730
vt 0.62176508 0.93587542
vt 0.64205527 0.93255329
vt 0.64124930 0.93790251
vt 0.61701208 0.93790251
vt 0.62557912 0.93146276
vt 0.08333334 0.01490762
vt 0.07542947 0.01517939
vt 0.05682944 0.01140529
vt 0.07882899 0.01173541
vt 0.06510074 0.00969815
vt 0.05569151 0.00873965
vt 0.04767854 0.01321750
vt 0.04604794 0.01097677
vt 0.04447323 0.01517939
vt 0.94385684 0.47332108
vt 0.94859630 0.47572732
vt 0.94257343 0.48252070
vt 0.96922868 0.47548604
vt 0.95993614 0.48252070
vt 0.98274189 0.47337654
vt 0.98661488 0.48109949
vt 0.96997631 0.47390166
vt 0.44940987 0.05289789
vt 0.43307427 0.05289789
vt 0.43349144 0.05166503
vt 0.45120898 0.04877509
vt 0.44181362 0.04829807
vt 0.65896416 0.41670594
vt 0.65447026 0.41635320
vt 0.65706456 0.42581588
vt 0.65315402 0.42939901
vt 0.65693539 0.43538651
vt 0.65318495 0.43628779
vt 0.65337336 0.41220948
vt 0.65879613 0.42391467
vt 0.65735686 0.40714645
vt 0.65954632 0.40699399
vt 0.65382385 0.39780083
vt 0.65817195 0.40025574
vt 0.65614456 0.44365069
vt 0.65161353 0.44382569
vt 0.65113777 0.44657707
vt 0.65413421 0.45505661
vt 0.65125537 0.45371428
vt 0.65737951 0.45189422
vt 0.65644640 0.46431345
vt 0.65048635 0.45824927
vt 0.64971751 0.46535110
vt 0.65175229 0.43626642
vt 0.65300232 0.41690105
vt 0.66547954 0.46138945
vt 0.65250725 0.46770632
vt 0.66332120 0.44015676
vt 0.66271359 0.42267597
vt 0.66424221 0.40763232
vt 0.66761369 0.40619648
vt 0.66731960 0.39445594
vt 0.67015970 0.40676087
vt 0.66374594 0.38335764
vt 0.66587269 0.38039827
vt 0.66169459 0.37351790
vt 0.66286707 0.36618721
vt 0.65793735 0.36061874
vt 0.66897088 0.38272977
vt 0.66915596 0.36804184
vt 0.67493731 0.38024873
vt 0.67440504 0.37277734
vt 0.67182350 0.36533204
vt 0.66760105 0.35246035
vt 0.67485547 0.35985219
vt 0.67045146 0.34692666
vt 0.67885238 0.37236521
vt 0.67731208 0.39004716
vt 0.66361880 0.34076968
vt 0.66564244 0.33698815
vt 0.66408581 0.35549390
vt 0.67597991 0.35425225
vt 0.65669835 0.34119743
vt 0.65287757 0.32688093
vt 0.66287756 0.32404745
vt 0.66637182 0.33048439
vt 0.66222531 0.31406862
vt 0.66959363 0.32221019
vt 0.66558701 0.30801827
vt 0.67281771 0.33875465
vt 0.67429334 0.33483639
vt 0.68036234 0.37173876
vt 0.68027943 0.34977186
vt 0.68723786 0.37780777
vt 0.68263227 0.40344337
vt 0.69281107 0.37943423
vt 0.69583988 0.40744042
vt 0.68903369 0.35413584
vt 0.68593448 0.33474755
vt 0.69065803 0.35353690
vt 0.69181240 0.35542047
vt 0.68669969 0.32936716
vt 0.68118006 0.29981753
vt 0.67458034 0.27450743
vt 0.67229122 0.28828549
vt 0.65089417 0.26419041
vt 0.66024673 0.25737795
vt 0.66979665 0.25528187
vt 0.65357965 0.28513485
vt 0.63871628 0.27702206
vt 0.62634528 0.26477879
vt 0.62913632 0.27327651
vt 0.62061346 0.27263546
vt 0.63338321 0.28042060
vt 0.61564994 0.26758617
vt 0.62196130 0.26147684
vt 0.60832942 0.26630262
vt 0.61118662 0.25984126
vt 0.60260379 0.26761031
vt 0.62842977 0.25601935
vt 0.61746782 0.25519821
vt 0.65782356 0.24702887
vt 0.60295558 0.25984883
vt 0.64069253 0.28571141
vt 0.63520038 0.28577623
vt 0.62486124 0.27930477
vt 0.61489469 0.27369013
vt 0.64196980 0.29112393
vt 0.63098347 0.29346177
vt 0.64143121 0.29952174
vt 0.64996725 0.29499769
vt 0.65042424 0.29915470
vt 0.63227463 0.30018556
vt 0.64274824 0.31005898
vt 0.63142496 0.30316800
vt 0.62635076 0.29921359
vt 0.62872440 0.30835864
vt 0.61892015 0.29018235
vt 0.62015021 0.29447818
vt 0.64084309 0.31479588
vt 0.63424551 0.31843272
vt 0.63973612 0.32515702
vt 0.64806730 0.32551783
vt 0.64655501 0.33652434
vt 0.65530813 0.34269342
vt 0.65324169 0.33163825
vt 0.65041721 0.34873891
vt 0.62733328 0.31173092
vt 0.63079423 0.31824577
vt 0.62183487 0.31522542
vt 0.62724084 0.32133442
vt 0.61751258 0.30838758
vt 0.63573664 0.32356820
vt 0.62238675 0.30661419
vt 0.65540487 0.36254266
vt 0.65491307 0.36756444
vt 0.62195849 0.28718722
vt 0.65889841 0.25068718
vt 0.62777799 0.27723560
vt 0.66170615 0.25327587
vt 0.67500138 0.26523542
vt 0.67114317 0.25127527
vt 0.67271960 0.25101015
vt 0.67125291 0.24731305
vt 0.67836970 0.38354030
vt 0.69982743 0.41357797
vt 0.70014727 0.42736974
vt 0.69241601 0.41012377
vt 0.68503153 0.41845548
vt 0.69202894 0.42686865
vt 0.68928087 0.43022269
vt 0.68795961 0.44452691
vt 0.67649645 0.41320643
vt 0.67861110 0.43869537
vt 0.68712932 0.45552909
vt 0.67317742 0.45896658
vt 0.68928546 0.44868889
vt 0.69006646 0.44568080
vt 0.69112509 0.44177023
vt 0.68148327 0.47666940
vt 0.66736937 0.47747886
vt 0.65517002 0.48322085
vt 0.66473228 0.46393576
vt 0.69051963 0.47329569
vt 0.69079548 0.48380125
vt 0.68013912 0.48620200
vt 0.68642306 0.49067336
vt 0.69483221 0.48771784
vt 0.69133317 0.49305299
vt 0.69750166 0.49142605
vt 0.69337541 0.49676722
vt 0.69964492 0.49486557
vt 0.69940794 0.49065667
vt 0.69157517 0.50018936
vt 0.68203348 0.49793097
vt 0.65500486 0.49893305
vt 0.64971399 0.49650937
vt 0.64734918 0.49951476
vt 0.70164078 0.49843493
vt 0.64586210 0.49619523
vt 0.64790428 0.49051994
vt 0.65099663 0.49377137
vt 0.65360379 0.49163297
vt 0.64664674 0.48769230
vt 0.64029318 0.49488333
vt 0.64365220 0.48789877
vt 0.63801116 0.48394027
vt 0.64540213 0.48087090
vt 0.64212507 0.50183994
vt 0.65224540 0.47865161
vt 0.64989698 0.47716779
vt 0.65411180 0.47212708
vt 0.64866972 0.46673155
vt 0.65647191 0.47904703
vt 0.64812177 0.47265306
vt 0.64639992 0.46826172
vt 0.64492548 0.46600896
vt 0.64849001 0.46024212
vt 0.64293009 0.46324417
vt 0.64080137 0.46380880
vt 0.63645917 0.46100795
vt 0.63436079 0.45700929
vt 0.63186944 0.45712098
vt 0.62774843 0.45268622
vt 0.62532341 0.45360482
vt 0.61737859 0.44438431
vt 0.61811060 0.44043940
vt 0.60998386 0.43935886
vt 0.61059636 0.43607876
vt 0.61698204 0.43618986
vt 0.61271542 0.43441057
vt 0.61345267 0.44297540
vt 0.63162434 0.45010024
vt 0.62160593 0.43658280
vt 0.62376446 0.44016394
vt 0.60404259 0.43426606
vt 0.60481602 0.43242073
vt 0.59989864 0.43137997
vt 0.59709048 0.42581156
vt 0.59289068 0.42423701
vt 0.59580767 0.42318133
vt 0.58989042 0.41795808
vt 0.58734065 0.41920599
vt 0.58414489 0.41853318
vt 0.58265805 0.41241843
vt 0.57998407 0.40791261
vt 0.58159882 0.41339436
vt 0.60327917 0.42820165
vt 0.57194495 0.39940250
vt 0.60611379 0.43190357
vt 0.59312660 0.42636561
vt 0.63871837 0.45565978
vt 0.68113947 0.49555579
vt 0.69346130 0.48182747
vt 0.67473185 0.42955872
vt 0.66959846 0.42184031
vt 0.66773236 0.44149441
vt 0.67361033 0.40471348
vt 0.66940814 0.41002601
vt 0.66694856 0.41958994
vt 0.67212492 0.40027380
vt 0.66650963 0.43202364
vt 0.69296467 0.43522337
vt 0.66525674 0.42754212
vt 0.66047549 0.31873029
vt 0.67952102 0.32894933
vt 0.65079153 0.28996915
vt 0.67044657 0.33944497
vt 0.65751392 0.37759686
vt 0.69396412 0.37710929
vt 0.67030758 0.39196008
vt 0.66539991 0.44082338
vt 0.69692093 0.38466868
vt 0.67983580 0.37021211
vt 0.64546400 0.31505153
vt 0.62490380 0.28167114
vt 0.60612708 0.27476928
vt 0.60020441 0.27215880
vt 0.60831845 0.28104556
vt 0.59742111 0.28115276
vt 0.59252632 0.26800901
vt 0.59085906 0.27671385
vt 0.59232730 0.28213364
vt 0.60437959 0.28681830
vt 0.58434612 0.28185111
vt 0.59084010 0.28542560
vt 0.60357827 0.29200017
vt 0.59560400 0.29009163
vt 0.60928947 0.28773621
vt 0.61075294 0.29490367
vt 0.65945458 0.35547611
vt 0.61773050 0.29971319
vt 0.67018265 0.45009217
vt 0.65682650 0.31099895
vt 0.65177250 0.31248748
vt 0.59716249 0.26586682
vt 0.64725602 0.31402999
vt 0.65760922 0.47358307
vt 0.63195211 0.44662216
vt 0.63482535 0.44504073
vt 0.65849292 0.39592418
vt 0.61589175 0.28268144
vt 0.61609793 0.30101478
vt 0.69909048 0.43288317
vt 0.70164078 0.43479937
vt 0.69705564 0.43801039
vt 0.69505614 0.43885031
vt 0.69242054 0.43775764
vt 0.70153254 0.43775249
vt 0.66365117 0.42987505
vt 0.61429483 0.29154354
vt 0.57590336 0.41016719
vt 0.66643393 0.24773563
vt 0.66860348 0.24573545
vt 0.62777072 0.44010174
vt 0.65697706 0.30596921
vt 0.65937459 0.39116877
vt 0.65665549 0.38839173
vt 0.65488338 0.37901476
vt 0.63711089 0.44961959
vt 0.63874102 0.44583073
vt 0.64457333 0.44617030
vt 0.64610523 0.45029008
vt 0.64752948 0.44671270
vt 0.61652929 0.27662805
vt 0.66665161 0.25074729
vt 0.64584959 0.45474663
vt 0.57314402 0.40579382
vt 0.56280488 0.39830011
vt 0.56489629 0.39286709
vt 0.55692917 0.39207634
vt 0.55447268 0.38557994
vt 0.54478383 0.38310629
vt 0.54783851 0.37803641
vt 0.54074681 0.38543275
vt 0.55286980 0.39296594
vt 0.54361212 0.37455565
vt 0.54006207 0.37752256
vt 0.53829294 0.36404103
vt 0.53212577 0.35622796
vt 0.52812546 0.36426407
vt 0.52269304 0.35812068
vt 0.52773070 0.34184051
vt 0.51830858 0.36819887
vt 0.51478690 0.35878310
vt 0.53295845 0.35294288
vt 0.52875251 0.33920041
vt 0.53379893 0.34730056
vt 0.53648633 0.35463855
vt 0.53873676 0.35656640
vt 0.53547758 0.34573725
vt 0.53390318 0.34191555
vt 0.53833121 0.35922521
vt 0.54099077 0.36190057
vt 0.54352129 0.36804619
vt 0.53097087 0.33805126
vt 0.52592462 0.37237203
vt 0.52172983 0.37336597
vt 0.51719743 0.37008873
vt 0.52997053 0.37861246
vt 0.53452206 0.37962213
vt 0.51415968 0.36869204
vt 0.50980103 0.36957133
vt 0.50337029 0.36402136
vt 0.51035249 0.33816153
vt 0.50118744 0.36232051
vt 0.51698351 0.32650006
vt 0.50117874 0.33500114
vt 0.49404153 0.34410614
vt 0.49879342 0.36407107
vt 0.50150752 0.36504114
vt 0.49505329 0.33260652
vt 0.49501747 0.32492965
vt 0.49183643 0.31976789
vt 0.49625424 0.30677637
vt 0.49190298 0.33653256
vt 0.48932874 0.34519988
vt 0.48871145 0.35722920
vt 0.49448469 0.36106676
vt 0.49067500 0.37128985
vt 0.48021317 0.37357152
vt 0.48685282 0.35475749
vt 0.48409471 0.36156553
vt 0.48432913 0.35142460
vt 0.48078263 0.35583973
vt 0.47788101 0.36094001
vt 0.47462466 0.36127189
vt 0.47972390 0.35220936
vt 0.47241724 0.35812807
vt 0.47752714 0.34529448
vt 0.48131427 0.34485865
vt 0.47888902 0.34105787
vt 0.47637460 0.34152719
vt 0.47562954 0.33687702
vt 0.47785273 0.33616444
vt 0.47408694 0.33561856
vt 0.46813458 0.33405715
vt 0.47057089 0.33561268
vt 0.46974102 0.34838998
vt 0.47023961 0.35464692
vt 0.46778461 0.35803956
vt 0.46428949 0.35349154
vt 0.46340224 0.35563329
vt 0.46053824 0.35169488
vt 0.46421769 0.34558254
vt 0.45957503 0.34171119
vt 0.45596850 0.35147226
vt 0.45602542 0.34909534
vt 0.45439482 0.34597743
vt 0.45658612 0.34023806
vt 0.46129933 0.33475628
vt 0.48417446 0.34176522
vt 0.47034979 0.35803697
vt 0.48361740 0.36306298
vt 0.47954431 0.36299187
vt 0.47744820 0.36407980
vt 0.47026122 0.36372972
vt 0.47261578 0.36627349
vt 0.46439627 0.36434862
vt 0.46514750 0.36127272
vt 0.45766973 0.35908872
vt 0.45463660 0.35945714
vt 0.44985151 0.35409272
vt 0.45061797 0.35215619
vt 0.44719595 0.34935188
vt 0.44503936 0.34890625
vt 0.44643843 0.34378973
vt 0.44370103 0.34563902
vt 0.44745263 0.33147556
vt 0.45016766 0.33335301
vt 0.45274273 0.32839462
vt 0.45388198 0.32938960
vt 0.45204139 0.33371279
vt 0.46215326 0.32604435
vt 0.45317355 0.33508098
vt 0.45632318 0.32747659
vt 0.46315306 0.32409745
vt 0.46827921 0.32600161
vt 0.47649345 0.32568613
vt 0.47586370 0.32771802
vt 0.48060206 0.33001557
vt 0.47828844 0.32459420
vt 0.47094440 0.31917500
vt 0.47740588 0.33049157
vt 0.46831354 0.32168069
vt 0.47103244 0.32825997
vt 0.46354994 0.32758459
vt 0.46035081 0.32877231
vt 0.45685554 0.33155453
vt 0.45571747 0.32431090
vt 0.44366175 0.33792678
vt 0.43914253 0.34415120
vt 0.44011787 0.33469045
vt 0.42741904 0.34129885
vt 0.43457431 0.31223893
vt 0.44223195 0.30067733
vt 0.44431517 0.27077234
vt 0.45449108 0.27299911
vt 0.43333516 0.29291558
vt 0.44240251 0.25353086
vt 0.45770708 0.20734417
vt 0.46043968 0.17777897
vt 0.45517388 0.18999332
vt 0.45173842 0.29602444
vt 0.46034870 0.30439472
vt 0.47560370 0.29005152
vt 0.47476402 0.30620214
vt 0.42165449 0.33897644
vt 0.47457364 0.11534180
vt 0.46855497 0.14662442
vt 0.47298482 0.15254904
vt 0.46841103 0.26815990
vt 0.46752280 0.17704278
vt 0.47124526 0.11752443
vt 0.47346762 0.10926892
vt 0.47707230 0.10802015
vt 0.47588804 0.10504697
vt 0.48065740 0.10555477
vt 0.48152465 0.10848399
vt 0.48189732 0.11363117
vt 0.48810801 0.11159626
vt 0.50994205 0.10951203
vt 0.49034095 0.11549049
vt 0.51300287 0.10762200
vt 0.49046502 0.12527953
vt 0.50578815 0.12431717
vt 0.49138761 0.13658899
vt 0.50363666 0.13431652
vt 0.50898534 0.14765340
vt 0.50064129 0.15980227
vt 0.52096832 0.15560561
vt 0.51309681 0.16740684
vt 0.51882231 0.17061619
vt 0.52557635 0.16124804
vt 0.52357334 0.17340609
vt 0.53082663 0.15969571
vt 0.53273499 0.15111309
vt 0.53773487 0.14297843
vt 0.54048753 0.14551187
vt 0.54831386 0.13074264
vt 0.53418833 0.16149016
vt 0.54251504 0.15008669
vt 0.54231274 0.16217436
vt 0.53405350 0.16992211
vt 0.55313087 0.16688186
vt 0.55521286 0.15601778
vt 0.56222230 0.16138981
vt 0.55678838 0.16936868
vt 0.55251586 0.17642969
vt 0.55479771 0.17923027
vt 0.55265981 0.18317139
vt 0.55818182 0.17276908
vt 0.55008519 0.18125187
vt 0.54838425 0.18720295
vt 0.55107683 0.18879609
vt 0.54964912 0.19395058
vt 0.54582030 0.19466814
vt 0.54676229 0.19874026
vt 0.54333943 0.19889826
vt 0.54459614 0.20627958
vt 0.54189265 0.20639369
vt 0.54248148 0.21742733
vt 0.54347837 0.22104979
vt 0.54567093 0.20537023
vt 0.54294324 0.23833482
vt 0.54011536 0.24331906
vt 0.54018158 0.21087268
vt 0.53772581 0.20439634
vt 0.53630930 0.22061640
vt 0.53383482 0.21378128
vt 0.53406477 0.20072500
vt 0.52612919 0.21206483
vt 0.52781039 0.20004807
vt 0.52992219 0.19077004
vt 0.51995242 0.19543435
vt 0.52305925 0.18594687
vt 0.53197813 0.18174104
vt 0.52595836 0.22289614
vt 0.51822537 0.20735441
vt 0.54123640 0.19257930
vt 0.53260165 0.22954467
vt 0.52428007 0.23626591
vt 0.52630776 0.25072530
vt 0.52253032 0.24826097
vt 0.52370650 0.26251444
vt 0.53242397 0.24992692
vt 0.51314235 0.26147595
vt 0.51537871 0.26958013
vt 0.52511531 0.27404925
vt 0.51760757 0.29045928
vt 0.52607137 0.28610638
vt 0.53122318 0.28099638
vt 0.51118404 0.26972559
vt 0.51433390 0.24877240
vt 0.52981132 0.26501301
vt 0.51032877 0.25236171
vt 0.51086205 0.23675153
vt 0.50912833 0.27204475
vt 0.53504872 0.27136195
vt 0.53626996 0.27684575
vt 0.53737611 0.28268871
vt 0.53935146 0.28846645
vt 0.54206455 0.28466612
vt 0.54504573 0.29402265
vt 0.54583251 0.28716242
vt 0.54454178 0.28315160
vt 0.54382759 0.27886671
vt 0.54277670 0.29848492
vt 0.54633045 0.29806292
vt 0.54799724 0.29560646
vt 0.54791617 0.30316153
vt 0.54718095 0.29132724
vt 0.54910713 0.29898146
vt 0.55086565 0.30313972
vt 0.55141062 0.30694386
vt 0.53952551 0.27343309
vt 0.53789037 0.26639432
vt 0.54151481 0.26988980
vt 0.54011446 0.26438311
vt 0.53703171 0.25898975
vt 0.53979570 0.25756645
vt 0.53925174 0.25714892
vt 0.53980112 0.24874985
vt 0.53663844 0.25109899
vt 0.53394848 0.25169033
vt 0.54281777 0.27425203
vt 0.54090834 0.27967748
vt 0.54086035 0.26604819
vt 0.53391397 0.26097077
vt 0.53439182 0.24070469
vt 0.54107803 0.24751589
vt 0.53898174 0.22849612
vt 0.55715233 0.17666793
vt 0.54699636 0.18736008
vt 0.56582612 0.15582182
vt 0.55497289 0.14501771
vt 0.56902045 0.15568994
vt 0.57198566 0.14847356
vt 0.57327330 0.14414555
vt 0.57209414 0.15236688
vt 0.54723310 0.15432581
vt 0.56225419 0.16687983
vt 0.54780483 0.13710889
vt 0.54165834 0.13281879
vt 0.55335915 0.12053586
vt 0.56166184 0.12000579
vt 0.55667943 0.11570090
vt 0.56525230 0.11108392
vt 0.56925583 0.11912819
vt 0.56432688 0.12519801
vt 0.57197255 0.12771511
vt 0.56441146 0.13619359
vt 0.55754834 0.13534169
vt 0.55896878 0.10858722
vt 0.57161725 0.10625137
vt 0.53644359 0.13835530
vt 0.52923876 0.13675661
vt 0.54872179 0.14183001
vt 0.56502831 0.10642802
vt 0.56015068 0.10411181
vt 0.54437667 0.12456506
vt 0.53622639 0.12198397
vt 0.54927212 0.11415166
vt 0.53462481 0.11086099
vt 0.52378458 0.12087681
vt 0.57897389 0.13850452
vt 0.57735711 0.14490445
vt 0.58198845 0.13952546
vt 0.58447790 0.13647239
vt 0.58320200 0.13387135
vt 0.58684093 0.13388830
vt 0.59303099 0.12881020
vt 0.59001631 0.12870952
vt 0.59709179 0.12511460
vt 0.57442302 0.14829676
vt 0.52777630 0.17460768
vt 0.55704683 0.12762436
vt 0.51944023 0.18234009
vt 0.51221138 0.17882562
vt 0.49969044 0.18361375
vt 0.50857925 0.19398850
vt 0.51374632 0.19435082
vt 0.51034635 0.23347422
vt 0.51442170 0.21488671
vt 0.51502174 0.24202450
vt 0.51769376 0.21572435
vt 0.52358919 0.13426429
vt 0.48402518 0.13028741
vt 0.52244860 0.11518510
vt 0.49609780 0.10457586
vt 0.52698171 0.14920294
vt 0.51899606 0.11233052
vt 0.49299413 0.23563001
vt 0.43944195 0.25770715
vt 0.53269470 0.10687792
vt 0.44975132 0.26009634
vt 0.44056734 0.35087305
vt 0.44743782 0.35485151
vt 0.43143597 0.35645312
vt 0.45237181 0.35990664
vt 0.44612303 0.36480215
vt 0.45919451 0.37034562
vt 0.44521877 0.36984181
vt 0.45877287 0.37563342
vt 0.47296458 0.37472948
vt 0.47369558 0.36808255
vt 0.48055276 0.37676597
vt 0.43439689 0.36514401
vt 0.47403535 0.38135272
vt 0.42731103 0.35959080
vt 0.44909203 0.34188128
vt 0.46499613 0.36534160
vt 0.45681208 0.35623753
vt 0.46104771 0.20756324
vt 0.42222250 0.32253525
vt 0.48568705 0.15749252
vt 0.42638057 0.34863499
vt 0.42206290 0.35440111
vt 0.41839379 0.34724054
vt 0.46102163 0.23923056
vt 0.47808516 0.11679100
vt 0.45122653 0.34497726
vt 0.44986948 0.35729080
vt 0.47065610 0.36145183
vt 0.51480937 0.10349586
vt 0.44772923 0.31980586
vt 0.45280474 0.35106632
vt 0.54698145 0.17855442
vt 0.56692815 0.16042043
vt 0.48386621 0.34536961
vt 0.48637003 0.34467024
vt 0.48570544 0.33556554
vt 0.48358387 0.36620343
vt 0.51869625 0.30950901
vt 0.51098138 0.30873081
vt 0.49435493 0.30428231
vt 0.49026564 0.30276296
vt 0.46549931 0.33341637
vt 0.53655797 0.37902835
vt 0.56158471 0.38722923
vt 0.46423277 0.32084846
vt 0.51636672 0.19650094
vt 0.54408616 0.32643634
vt 0.48038098 0.20655780
vt 0.46140590 0.33313832
vt 0.55529761 0.39592862
vt 0.52943909 0.32810330
vt 0.51632488 0.18221217
vt 0.64650750 0.30740166
vt 0.54952210 0.42868453
vt 0.54589814 0.42664686
vt 0.54911298 0.42208660
vt 0.55443710 0.42135760
vt 0.55800968 0.42637888
vt 0.55699021 0.43177083
vt 0.55095798 0.41904324
vt 0.56389272 0.43345004
vt 0.56595457 0.42141312
vt 0.56231534 0.43858233
vt 0.54853314 0.44471544
vt 0.56903893 0.43754548
vt 0.55228859 0.45213068
vt 0.55815923 0.45797178
vt 0.54698676 0.45803618
vt 0.54624599 0.46570763
vt 0.54043794 0.46140108
vt 0.53437036 0.46202743
vt 0.53320813 0.46698490
vt 0.52280301 0.46464410
vt 0.51857775 0.46281236
vt 0.52158910 0.47081274
vt 0.52612352 0.47183219
vt 0.53459990 0.46938384
vt 0.51003993 0.46658671
vt 0.52709466 0.45518443
vt 0.56172431 0.45907858
vt 0.54588634 0.46920621
vt 0.55725759 0.46760634
vt 0.55241984 0.47711259
vt 0.53240997 0.48336840
vt 0.57622731 0.45667687
vt 0.52331036 0.47906557
vt 0.57009679 0.45264706
vt 0.53965211 0.45378438
vt 0.57174897 0.44538704
vt 0.51777673 0.45404911
vt 0.53519827 0.47138119
vt 0.57684654 0.45062548
vt 0.58577621 0.45629960
vt 0.59110534 0.44764134
vt 0.59027481 0.45409068
vt 0.58342391 0.49172032
vt 0.58801883 0.48578471
vt 0.57920265 0.48465961
vt 0.50847608 0.46356323
vt 0.51055497 0.45492962
vt 0.49605533 0.46443775
vt 0.51384562 0.47314560
vt 0.50461066 0.47658417
vt 0.49246594 0.47226164
vt 0.49582669 0.47724736
vt 0.48480856 0.47965014
vt 0.48350057 0.47208104
vt 0.49518076 0.48018378
vt 0.57850093 0.44616443
vt 0.48714599 0.48272738
vt 0.49522245 0.48424733
vt 0.48130602 0.48561198
vt 0.47990799 0.49000224
vt 0.49992362 0.49135461
vt 0.50840420 0.48301178
vt 0.49969935 0.48119658
vt 0.46932811 0.48867631
vt 0.46761659 0.49172032
vt 0.46806669 0.48381793
vt 0.47502524 0.48147631
vt 0.52772337 0.45020288
vt 0.49731931 0.46727982
vt 0.56174439 0.36222392
vt 0.56535751 0.36638653
vt 0.56338602 0.35781968
vt 0.56606251 0.35670373
vt 0.56865287 0.36779639
vt 0.56780982 0.38132474
vt 0.56865287 0.35790414
vt 0.56458819 0.34728611
vt 0.65112239 0.94802207
vt 0.65500861 0.95078194
vt 0.64896375 0.95078194
vt 0.96416235 0.56807727
vt 0.96416235 0.55427784
vt 0.96178514 0.56657785
vt 0.95984459 0.55876333
vt 0.13721368 0.57411945
vt 0.16278066 0.56970382
vt 0.16083165 0.57543701
vt 0.14813058 0.55519778
vt 0.11183074 0.57543701
vt 0.36917099 0.63155472
vt 0.36678109 0.61268437
vt 0.36606485 0.63008493
vt 0.36917099 0.59567618
vt 0.36571676 0.59579754
vt 0.42875648 0.36733538
vt 0.42464787 0.37277940
vt 0.42875648 0.37396505
vt 0.42357513 0.36944145
vt 0.42581117 0.36384544
vt 0.60948408 0.31968722
vt 0.61528498 0.32268023
vt 0.60306245 0.32520697
vt 0.60060447 0.32207310
vt 0.61274195 0.32520700
vt 0.15473354 0.15815525
vt 0.15414508 0.16881324
vt 0.15807809 0.15501380
vt 0.16278066 0.15819357
vt 0.16278064 0.16828242
vt 0.40100256 0.01535470
vt 0.42008686 0.01881849
vt 0.40089086 0.02253910
vt 0.41949451 0.01528431
vt 0.40555602 0.01257902
vt 0.41997275 0.01241950
vt 0.43394184 0.01641929
vt 0.43454158 0.01357412
vt 0.38557857 0.02195877
vt 0.43120661 0.01865868
vt 0.44870511 0.01882330
vt 0.44948187 0.02253909
vt 0.62823832 0.95262188
vt 0.62219346 0.95262188
vt 0.62749135 0.94286782
vt 0.62489146 0.94250232
vt 0.67659760 0.98206073
vt 0.66709846 0.97329050
vt 0.67090756 0.98055702
vt 0.67659760 0.97286111
vt 0.85430998 0.55728149
vt 0.85449052 0.55335784
vt 0.85099602 0.55548888
vt 0.84844559 0.55992609
vt 0.85449052 0.56071758
vt 0.55481708 0.31867409
vt 0.54996169 0.31794432
vt 0.54874527 0.32115978
vt 0.56716466 0.31900156
vt 0.55351263 0.32057816
vt 0.55912095 0.30158955
vt 0.56853533 0.30532077
vt 0.55773556 0.28524578
vt 0.56161064 0.29017422
vt 0.56096131 0.27293816
vt 0.56596220 0.29013312
vt 0.55717307 0.26030993
vt 0.54724586 0.26440260
vt 0.56854594 0.29177999
vt 0.55322677 0.23320298
vt 0.54620034 0.23335049
vt 0.57386851 0.32082668
vt 0.56988609 0.32428703
vt 0.55694330 0.24246836
vt 0.56090301 0.23672050
vt 0.56291735 0.21635276
vt 0.56084317 0.25274000
vt 0.56407845 0.32041138
vt 0.56550372 0.22859500
vt 0.56809455 0.20678678
vt 0.56489801 0.19641215
vt 0.57641631 0.21132940
vt 0.57642490 0.22231792
vt 0.56292278 0.27038550
vt 0.56728321 0.26975039
vt 0.57189834 0.29074490
vt 0.56478703 0.24898107
vt 0.57641631 0.30004019
vt 0.57494164 0.23601028
vt 0.93048358 0.02980628
vt 0.94430053 0.04001840
vt 0.93464547 0.02084421
vt 0.94430053 0.01885924
vt 0.36485320 0.73144138
vt 0.37521586 0.72727978
vt 0.37438655 0.69227231
vt 0.37521589 0.76126957
vt 0.59900886 0.21599570
vt 0.60492229 0.19641215
vt 0.58765113 0.20896433
vt 0.60492229 0.21757130
vt 0.30645216 0.93422264
vt 0.30440414 0.94094783
vt 0.31908461 0.95630175
vt 0.31908461 0.93595809
vt 0.54533678 0.67935616
vt 0.55224115 0.68687975
vt 0.55569947 0.66440266
vt 0.54775286 0.65915364
vt 0.55569947 0.70147192
vt 0.01424870 0.36936522
vt 0.04015544 0.36537865
vt 0.03113408 0.36936522
vt 0.01583092 0.36476541
vt 0.88644212 0.19671063
vt 0.87865865 0.19457221
vt 0.88477796 0.20210008
vt 0.87780654 0.20079048
vt 0.88644212 0.20551758
vt 0.88078743 0.20562947
vt 0.88107800 0.21481141
vt 0.88353848 0.21472701
vt 0.87262523 0.20009200
vt 0.86917096 0.20740840
vt 0.87121159 0.20911855
vt 0.87262523 0.21389145
vt 0.40198618 0.86769027
vt 0.41232306 0.87132180
vt 0.41144428 0.86215866
vt 0.42184800 0.87534499
vt 0.42184800 0.86154556
vt 0.59440607 0.23689052
vt 0.58835965 0.24542363
vt 0.57901555 0.24609016
vt 0.60319519 0.24609016
vt 0.04792746 0.22493100
vt 0.03783247 0.21985228
vt 0.04703256 0.21941122
vt 0.03670121 0.22493100
vt 0.91187400 0.41022184
vt 0.90544039 0.41536337
vt 0.90926498 0.39788407
vt 0.91672707 0.40008289
vt 0.91753024 0.41536337
vt 0.45542350 0.59107637
vt 0.45207253 0.58387858
vt 0.45910725 0.58095676
vt 0.47107083 0.59107637
vt 0.55224526 0.07683513
vt 0.55656302 0.08049678
vt 0.55656302 0.07037719
vt 0.69455099 0.84014630
vt 0.71580821 0.83729768
vt 0.72098148 0.83994406
vt 0.70755488 0.83313930
vt 0.68910676 0.83652210
vt 0.67631149 0.83956844
vt 0.67617929 0.83411282
vt 0.66989177 0.83565921
vt 0.66364753 0.84022015
vt 0.67313266 0.84350681
vt 0.66175109 0.84418744
vt 0.67490584 0.84544432
vt 0.65786391 0.83446705
vt 0.65492421 0.83817858
vt 0.73913187 0.83550686
vt 0.64982164 0.84379476
vt 0.70154059 0.84222418
vt 0.68245173 0.84350753
vt 0.66506928 0.83354151
vt 0.68645173 0.83356905
vt 0.72374290 0.83176452
vt 0.73943037 0.83181471
vt 0.74526238 0.83068025
vt 0.74814868 0.83146119
vt 0.73998624 0.84029663
vt 0.71737450 0.84265965
vt 0.74373251 0.84240735
vt 0.76563680 0.84138507
vt 0.75752032 0.84399039
vt 0.69273698 0.83262163
vt 0.70547855 0.84333706
vt 0.65086210 0.84537262
vt 0.64114267 0.84590614
vt 0.64251620 0.83993435
vt 0.63946462 0.84168237
vt 0.64051151 0.83804256
vt 0.64436537 0.83474058
vt 0.64005494 0.83541000
vt 0.65029997 0.83342576
vt 0.75330740 0.83812022
vt 0.64936692 0.83782995
vt 0.76529849 0.83853561
vt 0.77777761 0.83877569
vt 0.77468646 0.84223521
vt 0.77873117 0.84361058
vt 0.78311831 0.84128839
vt 0.76882255 0.83560038
vt 0.77004421 0.83199954
vt 0.77897722 0.83501911
vt 0.77665359 0.83128768
vt 0.77093011 0.83092123
vt 0.78308988 0.84590614
vt 0.78367877 0.83834493
vt 0.76278567 0.83140975
vt 0.76268226 0.83026677
vt 0.94655883 0.26356944
vt 0.95004207 0.26812127
vt 0.93825561 0.26689854
vt 0.94574249 0.26908922
vt 0.95639032 0.26908922
vt 0.07367668 0.12228741
vt 0.05568107 0.12155872
vt 0.05944407 0.11986071
vt 0.04958103 0.12085650
vt 0.05860094 0.11563595
vt 0.04549130 0.12284897
vt 0.06138834 0.12552741
vt 0.04427293 0.11857977
vt 0.04792477 0.12517183
vt 0.07762585 0.11980747
vt 0.05404189 0.12555549
vt 0.07444013 0.12513195
vt 0.07010005 0.12660360
vt 0.08075293 0.12832727
vt 0.07020532 0.13781323
vt 0.08236817 0.14031225
vt 0.08668734 0.12924261
vt 0.09550641 0.13679223
vt 0.07795589 0.14086854
vt 0.08414588 0.14504993
vt 0.07715996 0.14345376
vt 0.06992570 0.14118242
vt 0.05980091 0.13764335
vt 0.10045069 0.14408176
vt 0.10055941 0.13721409
vt 0.10614651 0.14589801
vt 0.10368727 0.14928241
vt 0.10403925 0.16158931
vt 0.10545865 0.15304063
vt 0.09875315 0.12942512
vt 0.10727803 0.14262702
vt 0.10334474 0.12423928
vt 0.07018179 0.14642601
vt 0.07575182 0.14892477
vt 0.07020501 0.14934243
vt 0.06072145 0.14544389
vt 0.05216765 0.14922951
vt 0.05676464 0.15560462
vt 0.05215590 0.15814833
vt 0.05578858 0.16295211
vt 0.06045495 0.16509204
vt 0.06762625 0.15762736
vt 0.06848472 0.16478440
vt 0.05460189 0.16902144
vt 0.06963849 0.17317563
vt 0.08104516 0.17171623
vt 0.06920093 0.18245867
vt 0.05991219 0.18469858
vt 0.06307839 0.18528993
vt 0.06338014 0.17516980
vt 0.04462552 0.15466763
vt 0.04760383 0.14672266
vt 0.04271632 0.15185745
vt 0.04190898 0.15723927
vt 0.04300242 0.16272034
vt 0.07538317 0.18038021
vt 0.07985178 0.17637032
vt 0.07758548 0.18267725
vt 0.05508519 0.14257970
vt 0.05998104 0.16914359
vt 0.07072041 0.15416038
vt 0.11353718 0.15300302
vt 0.13324617 0.14592937
vt 0.12804224 0.11407705
vt 0.13174987 0.13137467
vt 0.13445914 0.13803294
vt 0.13324054 0.12811543
vt 0.11117586 0.10470374
vt 0.12652601 0.11034418
vt 0.08229323 0.10215874
vt 0.10236353 0.10250828
vt 0.08605604 0.10042242
vt 0.09183870 0.09822965
vt 0.10609484 0.09947719
vt 0.09540357 0.09321520
vt 0.12448310 0.10114620
vt 0.06818748 0.09093533
vt 0.07963490 0.07044613
vt 0.08205623 0.06727053
vt 0.08025596 0.06703115
vt 0.08240210 0.09637418
vt 0.07556740 0.07247443
vt 0.07792378 0.06617305
vt 0.07698038 0.06335373
vt 0.07497665 0.07013418
vt 0.11538582 0.07272391
vt 0.07388960 0.06859411
vt 0.06842132 0.09400546
vt 0.05891901 0.09308328
vt 0.08144391 0.05568918
vt 0.12273648 0.16125755
vt 0.11582784 0.17201124
vt 0.11166768 0.16537878
vt 0.11014716 0.15630195
vt 0.11180589 0.17493460
vt 0.10989860 0.16942915
vt 0.11021361 0.17544284
vt 0.10653168 0.17989896
vt 0.12472395 0.19062775
vt 0.10639232 0.19434877
vt 0.12247683 0.20798327
vt 0.13103782 0.19609322
vt 0.10099504 0.20479155
vt 0.07507242 0.07514136
vt 0.13279694 0.16184922
vt 0.05694542 0.09135132
vt 0.04466300 0.08961602
vt 0.12164759 0.10674458
vt 0.12296804 0.10543132
vt 0.07477695 0.09687197
vt 0.12811607 0.10894972
vt 0.05773079 0.09558503
vt 0.11792414 0.10308436
vt 0.09385468 0.12949462
vt 0.08086783 0.14671031
vt 0.06429776 0.18814559
vt 0.03663053 0.08694658
vt 0.05433240 0.07098076
vt 0.04977986 0.06766457
vt 0.05003298 0.06360402
vt 0.05428375 0.06832262
vt 0.03751269 0.06875245
vt 0.06167497 0.07492688
vt 0.03039571 0.08509587
vt 0.00790130 0.06316380
vt 0.01586451 0.07946692
vt 0.00312651 0.07969398
vt 0.00171746 0.06499522
vt 0.00376395 0.04969255
vt 0.02661460 0.05424183
vt 0.02981200 0.03486745
vt 0.04889537 0.05067616
vt 0.04014008 0.03720683
vt 0.04047851 0.02793954
vt 0.03624111 0.02253386
vt 0.04343370 0.02294432
vt 0.04905294 0.02572183
vt 0.04833931 0.02951805
vt 0.07614998 0.03106635
vt 0.07515234 0.02869683
vt 0.07198010 0.03347889
vt 0.02669216 0.01586663
vt 0.01546291 0.04988889
vt 0.04056152 0.01866776
vt 0.04783886 0.06111643
vt 0.05163516 0.03932276
vt 0.03328994 0.01333749
vt 0.05206374 0.06106282
vt 0.05027294 0.05114990
vt 0.01603702 0.08364814
vt 0.05241813 0.05067229
vt 0.05410545 0.04393711
vt 0.05945178 0.07194543
vt 0.08993454 0.15399078
vt 0.06783925 0.14502385
vt 0.13489784 0.14540029
vt 0.05602929 0.05279028
vt 0.05540844 0.04867784
vt 0.08455887 0.09750410
vt 0.05708589 0.06442007
vt 0.06385955 0.04788898
vt 0.11189063 0.03529464
vt 0.10949029 0.18322396
vt 0.05479337 0.04660995
vt 0.13319011 0.18218847
vt 0.13287328 0.19353005
vt 0.13661148 0.18965469
vt 0.13751958 0.16206500
vt 0.13935637 0.16471839
vt 0.13918458 0.21745797
vt 0.13233259 0.20241749
vt 0.13986112 0.10735714
vt 0.13809948 0.10678876
vt 0.14608830 0.10571288
vt 0.12649046 0.10413565
vt 0.16736917 0.10237963
vt 0.16989586 0.10499202
vt 0.18731599 0.10536026
vt 0.18359607 0.09812994
vt 0.19569284 0.09661937
vt 0.19020405 0.08968940
vt 0.18784665 0.05367462
vt 0.20602411 0.10329507
vt 0.20351574 0.09871799
vt 0.19950448 0.09691359
vt 0.23034805 0.09968954
vt 0.24032466 0.09760820
vt 0.19009246 0.06562951
vt 0.19104034 0.08683786
vt 0.23544504 0.10386536
vt 0.18919432 0.05214847
vt 0.18921451 0.04220826
vt 0.18836972 0.03982999
vt 0.19105548 0.04007412
vt 0.17339031 0.04065463
vt 0.16353121 0.03286635
vt 0.19662301 0.02734639
vt 0.16650397 0.02941221
vt 0.15053625 0.03233328
vt 0.14211215 0.03133430
vt 0.19772446 0.03463620
vt 0.21199360 0.03055851
vt 0.14650372 0.10805324
vt 0.20808385 0.02074257
vt 0.22343358 0.02795931
vt 0.22303858 0.02936799
vt 0.23312162 0.02752226
vt 0.23927599 0.02598252
vt 0.24874689 0.09599289
vt 0.27850592 0.09682819
vt 0.18063983 0.02578939
vt 0.23261499 0.01817028
vt 0.19524103 0.09505593
vt 0.13342713 0.21266147
vt 0.13751088 0.22677223
vt 0.13847710 0.26074401
vt 0.13939129 0.27015460
vt 0.13367489 0.26940161
vt 0.12932308 0.20631181
vt 0.13973516 0.23576988
vt 0.15162587 0.26594755
vt 0.18960696 0.27127579
vt 0.14192674 0.27264428
vt 0.17539984 0.23124823
vt 0.21496108 0.23976220
vt 0.19222835 0.20664223
vt 0.22964101 0.26870689
vt 0.25404102 0.23730698
vt 0.24300222 0.19467647
vt 0.28686619 0.22000615
vt 0.27255446 0.16908506
vt 0.30322540 0.16441743
vt 0.28646538 0.11182991
vt 0.30798456 0.12661518
vt 0.31146070 0.10974836
vt 0.33093300 0.10980101
vt 0.22407624 0.11172345
vt 0.32054770 0.10692590
vt 0.31549111 0.10807584
vt 0.27032378 0.10872065
vt 0.30992073 0.10336629
vt 0.32870346 0.10267385
vt 0.32057595 0.10097376
vt 0.32671824 0.09958939
vt 0.32879481 0.09695305
vt 0.33352062 0.09302349
vt 0.36437404 0.10856335
vt 0.33032775 0.09460820
vt 0.33294255 0.08879279
vt 0.33783117 0.06369334
vt 0.34489426 0.06199299
vt 0.33895314 0.04979147
vt 0.33703300 0.03818336
vt 0.33508554 0.04175553
vt 0.36149025 0.04743880
vt 0.35104910 0.03909038
vt 0.35914773 0.03942417
vt 0.33836067 0.02882268
vt 0.35280710 0.03250572
vt 0.34036720 0.02611497
vt 0.35883543 0.06261279
vt 0.37651181 0.05212684
vt 0.33557341 0.04715454
vt 0.32970679 0.02142911
vt 0.32142621 0.02322082
vt 0.31177551 0.01668442
vt 0.30809611 0.01835756
vt 0.28084987 0.01088052
vt 0.27366650 0.00570280
vt 0.26389009 0.00840886
vt 0.28947061 0.00564470
vt 0.27237177 0.00225987
vt 0.25847095 0.00045998
vt 0.25193399 0.00333958
vt 0.31400171 0.01494753
vt 0.33337665 0.04178421
vt 0.37039164 0.04568303
vt 0.39384198 0.10015002
vt 0.39913183 0.07125542
vt 0.40358785 0.10461108
vt 0.40419653 0.06234319
vt 0.33729082 0.05450567
vt 0.40882245 0.06722322
vt 0.40186653 0.05740421
vt 0.30347320 0.01075947
vt 0.39743486 0.12526931
vt 0.40637514 0.10972842
vt 0.40580168 0.10605043
vt 0.32870549 0.03157308
vt 0.38836819 0.11735724
vt 0.38002366 0.11465267
vt 0.38297033 0.16195287
vt 0.38227478 0.11698134
vt 0.39183062 0.16980240
vt 0.39000487 0.19299206
vt 0.38546857 0.12447774
vt 0.38062194 0.16587768
vt 0.37531781 0.16605255
vt 0.40474239 0.13291520
vt 0.37952811 0.17676148
vt 0.21826144 0.10946091
vt 0.30272743 0.10159841
vt 0.34392413 0.15212880
vt 0.24284713 0.15146504
vt 0.19904010 0.15623757
vt 0.30934507 0.24488267
vt 0.36483175 0.21219015
vt 0.35770801 0.24490732
vt 0.38670906 0.22582297
vt 0.38541344 0.27055153
vt 0.38734195 0.26238230
vt 0.38732982 0.27198964
vt 0.38852504 0.26919389
vt 0.38996473 0.27287343
vt 0.38436237 0.27349055
vt 0.38706818 0.21363142
vt 0.34983063 0.26905739
vt 0.20684470 0.18490237
vt 0.39004850 0.27007854
vt 0.40114731 0.27258906
vt 0.40325731 0.24526958
vt 0.41011608 0.25295058
vt 0.41486618 0.26342180
vt 0.41799134 0.22614202
vt 0.41285858 0.27430895
vt 0.42190221 0.26578432
vt 0.42475694 0.20560363
vt 0.42047852 0.27531368
vt 0.40362838 0.27476895
vt 0.39350614 0.22532523
vt 0.42555106 0.27620021
vt 0.42957491 0.25386438
vt 0.42991838 0.27728632
vt 0.43978819 0.21831983
vt 0.43623999 0.20846668
vt 0.44013631 0.20870012
vt 0.44165322 0.19816059
vt 0.43672553 0.19793318
vt 0.44102392 0.17506397
vt 0.44947618 0.12690617
vt 0.44566745 0.12812670
vt 0.44545844 0.11001086
vt 0.44045439 0.13511306
vt 0.45279554 0.11147349
vt 0.45247960 0.12802622
vt 0.44630441 0.17168549
vt 0.43909770 0.11133377
vt 0.43667838 0.17034009
vt 0.43464747 0.10789558
vt 0.45439234 0.10897837
vt 0.45726058 0.10846346
vt 0.45811746 0.10436119
vt 0.45418063 0.10509598
vt 0.44857356 0.10677721
vt 0.40658036 0.10200621
vt 0.38637233 0.11874825
vt 0.29007283 0.26907241
vt 0.14329091 0.22278754
vt 0.37842593 0.19903019
vt 0.14087726 0.12770224
vt 0.14169635 0.10766026
vt 0.23782375 0.27248862
vt 0.22934060 0.27344173
vt 0.18881956 0.27366844
vt 0.29090878 0.27372223
vt 0.22883846 0.27699238
vt 0.14034289 0.17598295
vt 0.14214651 0.15064894
vt 0.14760600 0.14246552
vt 0.01304673 0.08354750
vt 0.18207999 0.10753784
vt 0.41131103 0.05955912
vt 0.14805633 0.18678319
vt 0.19646534 0.02069371
vt 0.13493189 0.15641560
vt 0.18471658 0.10676617
vt 0.10852245 0.03449294
vt 0.11018437 0.04304655
vt 0.17728849 0.02466340
vt 0.39943188 0.18689921
vt 0.13191468 0.27681661
vt 0.19684026 0.27985343
vt 0.12716004 0.28113577
vt 0.10412543 0.27573025
vt 0.24228275 0.28093603
vt 0.22193186 0.28242177
vt 0.23421563 0.28408805
vt 0.18616913 0.28417730
vt 0.22898652 0.28534406
vt 0.18780167 0.28732830
vt 0.16832817 0.28434363
vt 0.16511270 0.28932843
vt 0.12932308 0.28693071
vt 0.12142279 0.28422657
vt 0.07558803 0.28627738
vt 0.07449454 0.28382626
vt 0.05987526 0.28452903
vt 0.06117386 0.28704628
vt 0.03548928 0.28801876
vt 0.02648714 0.28460774
vt 0.01766188 0.28746924
vt 0.03539337 0.28216207
vt 0.02799162 0.27499875
vt 0.01936612 0.28143740
vt 0.01996034 0.27493694
vt 0.03019788 0.27360633
vt 0.01966244 0.27426618
vt 0.04646115 0.27275333
vt 0.01223463 0.27695832
vt 0.02858712 0.27191940
vt 0.06521440 0.27199259
vt 0.05913036 0.27521506
vt 0.28430900 0.28357869
vt 0.29271737 0.27964586
vt 0.29956293 0.28364685
vt 0.33470941 0.27902830
vt 0.34259933 0.28387266
vt 0.35303178 0.27958089
vt 0.37891296 0.27967399
vt 0.37875900 0.28340077
vt 0.39161575 0.28048152
vt 0.39008114 0.28650782
vt 0.39733043 0.28660840
vt 0.40093043 0.28284696
vt 0.40483168 0.28754279
vt 0.40894818 0.27966386
vt 0.40083948 0.27795622
vt 0.38759100 0.28920853
vt 0.34150591 0.28611165
vt 0.22891705 0.28818110
vt 0.37686926 0.28640410
vt 0.31256998 0.27563676
vt 0.17223352 0.28207675
vt 0.28674558 0.28578147
vt 0.19002151 0.01940359
vt 0.18327211 0.02076585
vt 0.14073339 0.22048254
vt 0.43065494 0.20352440
vt 0.30237123 0.02880394
vt 0.31870845 0.03340415
vt 0.32594648 0.03615507
vt 0.30109200 0.28890181
vt 0.34872749 0.28932843
vt 0.42334494 0.11390313
vt 0.36240479 0.03778644
vt 0.37073860 0.04160181
vt 0.10687252 0.18865542
vt 0.10435232 0.19307141
vt 0.10044588 0.19712515
vt 0.09498298 0.20179869
vt 0.09735408 0.19549477
vt 0.09455598 0.19757815
vt 0.08894682 0.20091012
vt 0.10055021 0.19268787
vt 0.09199740 0.19984578
vt 0.07477303 0.10735083
vt 0.13050264 0.11404431
vt 0.16691446 0.02756949
vt 0.33090281 0.03904719
vt 0.00783007 0.03969468
vt 0.00043178 0.04503553
vt 0.00299440 0.03436780
vt 0.01368561 0.02572230
vt 0.01432022 0.04241709
vt 0.00611632 0.02543900
vt 0.02006396 0.01386414
vt 0.01377243 0.01564882
vt 0.01958625 0.01107187
vt 0.39086929 0.19550975
vt 0.01797847 0.02734120
vt 0.38284847 0.04955468
vt 0.39211991 0.05169060
vt 0.28567469 0.27686203
vt 0.07221339 0.06562380
vt 0.37659150 0.04474529
vt 0.40175697 0.05551600
vt 0.06161243 0.27074292
vt 0.06484799 0.26739064
vt 0.08309574 0.26686028
vt 0.12309944 0.26423818
vt 0.11077639 0.26754445
vt 0.10632384 0.26080978
vt 0.07220335 0.25203294
vt 0.05853522 0.25863031
vt 0.12562343 0.25465190
vt 0.13131656 0.26386085
vt 0.13088880 0.25608236
vt 0.11734848 0.22313531
vt 0.06344148 0.25163347
vt 0.06641576 0.25063771
vt 0.05975853 0.25015506
vt 0.07046831 0.24859127
vt 0.07871962 0.24644561
vt 0.08577039 0.24211907
vt 0.07937138 0.24467775
vt 0.10413886 0.23302855
vt 0.11110459 0.22327015
vt 0.11425523 0.22099687
vt 0.10954162 0.22160780
vt 0.09667846 0.23529963
vt 0.09835619 0.23394120
vt 0.09418259 0.23472317
vt 0.09189761 0.23935734
vt 0.10107718 0.22795627
vt 0.13083039 0.26664880
vt 0.05723523 0.25440255
vt 0.12902784 0.21940140
vt 0.09175435 0.24144571
vt 0.11742500 0.21835430
vt 0.06575949 0.24834321
vt 0.10276841 0.22959128
vt 0.04544979 0.26201284
vt 0.04918991 0.25874728
vt 0.04418081 0.26092127
vt 0.04065191 0.25959438
vt 0.04923870 0.25654814
vt 0.03786813 0.25718310
vt 0.05074634 0.25251994
vt 0.02822411 0.26281807
vt 0.07503318 0.24382104
vt 0.07993416 0.24122199
vt 0.08552980 0.24024448
vt 0.36892688 0.11128345
vt 0.06219225 0.04585007
vt 0.07088639 0.04726746
vt 0.06810613 0.04356563
vt 0.28586552 0.10502167
vt 0.22374144 0.00497842
vt 0.06448143 0.14314477
vt 0.41100821 0.07011455
vt 0.40988010 0.09611801
vt 0.41027939 0.09808988
vt 0.41572803 0.08717106
vt 0.41617879 0.07587317
vt 0.42050228 0.08282005
vt 0.42581579 0.09544328
vt 0.43005687 0.08892453
vt 0.43244249 0.09507263
vt 0.43406871 0.08579887
vt 0.43251485 0.07572567
vt 0.42602891 0.07883748
vt 0.41835320 0.09519395
vt 0.13507518 0.20983003
vt 0.02751548 0.01116019
vt 0.41391101 0.06212713
vt 0.08340523 0.05360065
vt 0.08051587 0.05132015
vt 0.07920787 0.04659639
vt 0.07771666 0.04739369
vt 0.07607557 0.04339206
vt 0.07357599 0.04356676
vt 0.06763934 0.03772438
vt 0.06887871 0.04081050
vt 0.06369176 0.03850870
vt 0.19281995 0.09112947
vt 0.19144283 0.08707282
vt 0.13040780 0.21037309
vt 0.39824063 0.27426153
vt 0.01951827 0.27169102
vt 0.08432388 0.12374593
vt 0.35831201 0.09465653
vt 0.03970823 0.12500593
vt 0.07503583 0.27937791
vt 0.02490448 0.26098174
vt 0.02517651 0.25863984
vt 0.01871665 0.25603923
vt 0.02123535 0.26023188
vt 0.01628456 0.24676460
vt 0.01570587 0.25120047
vt 0.01435766 0.24971978
vt 0.01366673 0.24296877
vt 0.01698701 0.25433767
vt 0.04559204 0.14514470
vt 0.04012677 0.15213740
vt 0.04329875 0.14386562
vt 0.05399758 0.14004795
vt 0.13590007 0.27310395
vt 0.06559299 0.14236182
vt 0.07116226 0.07153459
vt 0.41715455 0.09650237
vt 0.05392832 0.18734649
vt 0.06279232 0.18991233
vt 0.05466414 0.18960871
vt 0.05704010 0.19264203
vt 0.06771004 0.19263467
vt 0.05124765 0.19454326
vt 0.05945610 0.20639370
vt 0.07741150 0.20752436
vt 0.04462635 0.20532800
vt 0.05054118 0.20833202
vt 0.06589643 0.21001698
vt 0.04243999 0.20991126
vt 0.04155054 0.20364226
vt 0.04738886 0.21196908
vt 0.05031721 0.21358408
vt 0.04792284 0.19009981
vt 0.05532299 0.18449059
vt 0.04359519 0.18150786
vt 0.04651103 0.17946969
vt 0.05857408 0.21237768
vt 0.10742145 0.16021210
vt 0.07352661 0.20908073
vt 0.06822333 0.21315305
vt 0.07318033 0.21336044
vt 0.07783091 0.21121034
vt 0.17168540 0.11955069
vt 0.10939097 0.15159670
vt 0.12391164 0.21102966
vt 0.07739779 0.05028907
vt 0.08311275 0.17728044
vt 0.08442013 0.16475756
vt 0.08542055 0.17368004
vt 0.08697348 0.16272299
vt 0.08659472 0.15624693
vt 0.08982693 0.16418557
vt 0.08886978 0.17379802
vt 0.08219762 0.18382274
vt 0.06854523 0.18789776
vt 0.08208910 0.15823978
vt 0.42353493 0.07230446
vt 0.43016690 0.06394475
vt 0.07851430 0.18333371
vt 0.03231364 0.19181624
vt 0.03265072 0.19591185
vt 0.03449280 0.18289490
vt 0.02418163 0.17258918
vt 0.02507923 0.17885084
vt 0.03692260 0.17112768
vt 0.02207469 0.18106103
vt 0.02506426 0.15600865
vt 0.02062505 0.16332164
vt 0.02136238 0.15416741
vt 0.02560565 0.15160294
vt 0.03602142 0.16208850
vt 0.01958903 0.15625137
vt 0.02013566 0.17637382
vt 0.02342307 0.14500238
vt 0.01870481 0.14155042
vt 0.01494196 0.15097488
vt 0.01324961 0.14836109
vt 0.02146068 0.13614433
vt 0.00768987 0.14470057
vt 0.02060242 0.12313168
vt 0.02358388 0.12372520
vt 0.02869222 0.11157223
vt 0.01331332 0.11342482
vt 0.01740146 0.08543602
vt 0.00471185 0.08342803
vt 0.02796027 0.08763095
vt 0.03716885 0.08991594
vt 0.00414739 0.10799530
vt 0.00881146 0.17154033
vt 0.01217798 0.16565058
vt 0.01418613 0.18175410
vt 0.01119212 0.18667346
vt 0.01378348 0.18475655
vt 0.01684456 0.17959976
vt 0.01726062 0.18696800
vt 0.02634412 0.13809113
vt 0.02690058 0.14633608
vt 0.02690910 0.18626520
vt 0.02090340 0.17233273
vt 0.03751816 0.20132984
vt 0.03185607 0.20156656
vt 0.44059560 0.06161227
vt 0.42917717 0.05969919
vt 0.43603754 0.05797353
vt 0.44304940 0.05521566
vt 0.44542509 0.05694399
vt 0.03970014 0.16357157
vt 0.05547702 0.06744771
vt 0.01367025 0.16587412
vt 0.04980168 0.17630903
vt 0.08085532 0.26976779
vt 0.09022732 0.20432283
vt 0.04833234 0.18675365
vt 0.05748475 0.24673840
vt 0.02560795 0.19350022
vt 0.05988878 0.04294080
vt 0.04933245 0.12934615
vt 0.03668612 0.20635542
vt 0.27881008 0.01670248
vt 0.41543186 0.05966318
vt 0.03724504 0.17667705
vt 0.07933655 0.14928266
vt 0.07055526 0.24583837
vt 0.40262485 0.22513178
vt 0.42703322 0.16292129
vt 0.02247057 0.26201034
vt 0.02972028 0.12892307
vt 0.04164528 0.12984526
vt 0.06762914 0.06856206
vt 0.38800675 0.27499878
vt 0.07579311 0.18871225
vt 0.02312078 0.18601400
vt 0.11268165 0.10243279
vt 0.34223858 0.27382743
vt 0.07994828 0.18819985
vt 0.06294345 0.21575572
vt 0.06701782 0.07561561
vt 0.17310669 0.06569388
vt 0.10229179 0.19046319
vt 0.05302162 0.25695783
vt 0.09098309 0.13190815
vt 0.06033410 0.14091329
vt 0.08328169 0.14742884
vt 0.01821110 0.25961852
vt 0.42878234 0.09895314
vt 0.06787379 0.07213897
vt 0.08561600 0.03932908
vt 0.09348369 0.17187276
vt 0.02323200 0.18854721
vt 0.07501199 0.04191597
vt 0.04776282 0.11349098
vt 0.11315419 0.03343178
vt 0.03778154 0.16909187
vt 0.10426018 0.18689500
vt 0.08939063 0.12634611
vt 0.03103132 0.13786836
vt 0.07335450 0.05376589
vt 0.13681822 0.13318270
vt 0.27831295 0.02608188
vt 0.07566411 0.05284455
vt 0.21490714 0.00753872
vt 0.21820934 0.01348973
vt 0.10118916 0.18386492
vt 0.45704517 0.38776448
vt 0.45293608 0.38776448
vt 0.45811746 0.38316467
vt 0.45308927 0.38327032
vt 0.04274612 0.33900645
vt 0.04274612 0.32980680
vt 0.04015544 0.33462974
vt 0.74037123 0.49371642
vt 0.74712837 0.49816006
vt 0.73791021 0.49816006
vt 0.74740934 0.49356025
vt 0.13477826 0.29300827
vt 0.13977496 0.29343855
vt 0.13428324 0.29760811
vt 0.14291883 0.29760808
vt 0.94501758 0.60716873
vt 0.94170982 0.60750097
vt 0.94177604 0.61223233
vt 0.94498330 0.61162895
vt 0.96157169 0.61591536
vt 0.96157169 0.60252154
vt 0.95905185 0.58371663
vt 0.19473229 0.80174792
vt 0.19995429 0.79898804
vt 0.20509499 0.80174792
vt 0.91607445 0.75928837
vt 0.90513313 0.75555140
vt 0.92184800 0.76024765
vt 0.91819644 0.74668974
vt 0.92049509 0.76402944
vt 0.90302598 0.74379027
vt 0.89248538 0.74906522
vt 0.88903284 0.75156397
vt 0.89367098 0.76402944
vt 0.97592551 0.89906204
vt 0.97494525 0.89190429
vt 0.98379165 0.89981472
vt 0.95725387 0.90276378
vt 0.98049670 0.90251446
vt 0.98483711 0.90386385
vt 0.96501231 0.90386385
vt 0.98661488 0.90379792
vt 0.78980315 0.53635418
vt 0.79058725 0.54047841
vt 0.77111590 0.54047841
vt 0.77072537 0.53587854
vt 0.50856996 0.43393007
vt 0.50906736 0.44020239
vt 0.50906736 0.41996321
vt 0.50561315 0.43201375
vt 0.89149183 0.77874887
vt 0.90630400 0.78702849
vt 0.89815849 0.78410679
vt 0.88993979 0.78232932
vt 0.88273335 0.77874935
vt 0.88039726 0.77993798
vt 0.88904959 0.78702849
vt 0.88087612 0.78285438
vt 0.60405874 0.49540019
vt 0.59110534 0.49540019
vt 0.59527963 0.48896044
vt 0.60070950 0.48908806
vt 0.74805349 0.01356708
vt 0.76208979 0.01609936
vt 0.74740934 0.01609934
vt 0.74943900 0.00965961
vt 0.76202732 0.01180126
vt 0.16595836 0.72907084
vt 0.15414508 0.72558665
vt 0.15789801 0.72355103
vt 0.16623488 0.72440058
vt 0.15683874 0.72907084
vt 0.85189980 0.88086474
vt 0.85189980 0.85625708
vt 0.84067357 0.85602576
vt 0.84230888 0.87945169
vt 0.17746115 0.60487580
vt 0.19808771 0.59659612
vt 0.20941278 0.60487580
vt 0.89853197 0.36108556
vt 0.89680481 0.37135521
vt 0.89853197 0.38132474
vt 0.48488775 0.30864766
vt 0.48229706 0.31838810
vt 0.48488775 0.32428703
vt 0.87003452 0.03541858
vt 0.86777496 0.04267242
vt 0.87003452 0.04277829
vt 0.86744386 0.03580442
vt 0.99611402 0.51471943
vt 0.98575127 0.51471943
vt 0.98608387 0.51195949
vt 0.35276338 0.37915513
vt 0.35276338 0.29668814
vt 0.31873718 0.38356879
vt 0.31897914 0.32501447
vt 0.30201095 0.36377925
vt 0.27119035 0.32211569
vt 0.26281223 0.33538178
vt 0.26592213 0.34323695
vt 0.34018463 0.40007314
vt 0.30660680 0.37448999
vt 0.26122627 0.33996063
vt 0.29384908 0.36708337
vt 0.32296640 0.38892758
vt 0.32609734 0.38925469
vt 0.34804544 0.40804064
vt 0.31079963 0.39386719
vt 0.33787632 0.41720331
vt 0.59628671 0.39696413
vt 0.59628671 0.34544617
vt 0.58832932 0.35910541
vt 0.58765113 0.36209369
vt 0.99048191 0.26904401
vt 0.95866644 0.27691165
vt 0.97384405 0.24636555
vt 0.99784112 0.31600735
vt 0.93825561 0.31600735
vt 0.95959675 0.26041013
vt 0.96982747 0.24333027
vt 0.16364421 0.66230845
vt 0.16782561 0.69871205
vt 0.17055267 0.62603498
vt 0.17055267 0.69645357
vt 0.51305026 0.09629281
vt 0.48575130 0.09705611
vt 0.49114010 0.09342114
vt 0.53257036 0.09514904
vt 0.58937824 0.09705612
vt 0.58566856 0.09460770
vt 0.52699023 0.09414010
vt 0.54368913 0.09245630
vt 0.72063905 0.49908003
vt 0.71944213 0.46467990
vt 0.71622431 0.47258428
vt 0.71390885 0.42313910
vt 0.71557051 0.41628334
vt 0.72063905 0.43298212
vt 0.71373057 0.44007984
vt 0.36339346 0.30936265
vt 0.41725504 0.30917862
vt 0.41991338 0.31140754
vt 0.40587568 0.30727899
vt 0.37092489 0.30723512
vt 0.36351743 0.30720106
vt 0.36098835 0.30635479
vt 0.41955718 0.30585891
vt 0.41426760 0.30222470
vt 0.41541365 0.29938141
vt 0.42357513 0.30517748
vt 0.40741411 0.29484820
vt 0.35880828 0.31140754
vt 0.89939553 0.09061638
vt 0.87089813 0.15106757
vt 0.89939553 0.16548397
vt 0.88830590 0.19457221
vt 0.20941278 0.83578658
vt 0.26800135 0.82704842
vt 0.27133569 0.83152676
vt 0.27197346 0.82218003
vt 0.27132159 0.81646734
vt 0.27522230 0.82791042
vt 0.27878490 0.83240646
vt 0.28281519 0.83578658
vt 0.42443869 0.95396501
vt 0.48357749 0.94618213
vt 0.48661485 0.95315361
vt 0.43764687 0.95538181
vt 0.48543099 0.95538181
vt 0.32386291 0.31063607
vt 0.30450276 0.29668814
vt 0.32599309 0.30142161
vt 0.31547737 0.30581388
vt 0.32276165 0.31364402
vt 0.30591586 0.30265424
vt 0.29649341 0.30555850
vt 0.29825285 0.30729398
vt 0.30589339 0.30472100
vt 0.29135209 0.31784728
vt 0.29058722 0.31437039
vt 0.31151116 0.30573905
vt 0.32494622 0.31784728
vt 0.30988228 0.30765042
vt 0.22495683 0.83118677
vt 0.18714102 0.83118677
vt 0.20525625 0.82474703
vt 0.16709845 0.82856327
vt 0.62046629 0.45952162
vt 0.60538644 0.49095631
vt 0.62046629 0.49816006
vt 0.60471410 0.47243378
vt 0.60319519 0.48564219
vt 0.39075994 0.68859243
vt 0.40217248 0.68123275
vt 0.40497896 0.68859243
vt 0.40889466 0.68621153
vt 0.00905461 0.33725429
vt 0.01511226 0.29208833
vt 0.00474957 0.29214901
vt 0.01511226 0.35832566
vt 0.15449405 0.65152234
vt 0.14872847 0.65731370
vt 0.14550950 0.65295023
vt 0.15071306 0.65108138
vt 0.15700816 0.65731370
vt 0.15515997 0.64995402
vt 0.15759932 0.65353751
vt 0.62305701 0.01417164
vt 0.64772016 0.00965961
vt 0.65500861 0.01609936
vt 0.63050133 0.01609936
vt 0.61199915 0.01405620
vt 0.56347150 0.01885924
vt 0.59557283 0.00873965
vt 0.61269432 0.01885924
vt 0.60056281 0.99610680
vt 0.54706389 0.99954003
vt 0.54753774 0.99494022
vt 0.59475636 0.99954003
vt 0.64242363 0.99927545
vt 0.64637303 0.99661469
vt 0.59801382 0.23873045
vt 0.61402911 0.23689052
vt 0.64911187 0.23873045
vt 0.70077717 0.23735870
vt 0.59715027 0.13696425
vt 0.59196889 0.14514078
vt 0.59715027 0.15081222
vt 0.59385359 0.15133394
vt 0.59504873 0.13569458
vt 0.26122627 0.31048757
vt 0.26122627 0.29944801
vt 0.26036268 0.30798751
vt 0.65771437 0.91674334
vt 0.66018999 0.91950321
vt 0.65155441 0.91950321
vt 0.59289038 0.10165593
vt 0.59974092 0.10717572
vt 0.59030688 0.10502594
vt 0.58739847 0.10254055
vt 0.58160621 0.10717572
vt 0.63341969 0.98942041
vt 0.63785863 0.98758048
vt 0.64032817 0.98942041
vt 0.94257343 0.57019734
vt 0.98920554 0.57359707
vt 0.95334113 0.57359707
vt 0.98186213 0.56991720
vt 0.10748240 0.62158233
vt 0.10581807 0.62484598
vt 0.11259115 0.62695855
vt 0.09762616 0.62262475
vt 0.10471358 0.62920165
vt 0.12163690 0.62720793
vt 0.11919954 0.62272096
vt 0.11239561 0.61800653
vt 0.10265518 0.61647844
vt 0.10927157 0.61558211
vt 0.11314018 0.60815990
vt 0.09762838 0.60770828
vt 0.10626312 0.60151160
vt 0.11926931 0.59645218
vt 0.11250216 0.59195316
vt 0.11802375 0.58273071
vt 0.10798738 0.57945162
vt 0.08966532 0.59810704
vt 0.12128732 0.61836189
vt 0.09211472 0.61503643
vt 0.11807567 0.60751981
vt 0.12055688 0.58602971
vt 0.11988115 0.61210078
vt 0.12136100 0.59524739
vt 0.09635497 0.61992127
vt 0.10331591 0.59032184
vt 0.12155780 0.59945172
vt 0.11784661 0.63160610
vt 0.06297617 0.59750605
vt 0.06315727 0.61044508
vt 0.11110804 0.63685781
vt 0.12226243 0.63519496
vt 0.12282715 0.62779915
vt 0.12146258 0.57927978
vt 0.11798336 0.61687988
vt 0.11908156 0.64008337
vt 0.09918018 0.62594092
vt 0.10305525 0.63265347
vt 0.12278804 0.61860913
vt 0.07472894 0.61722457
vt 0.08223478 0.62563521
vt 0.07199851 0.62607610
vt 0.03870353 0.62088788
vt 0.06780060 0.63447452
vt 0.03154500 0.62817997
vt 0.07615422 0.63446033
vt 0.09293579 0.61730611
vt 0.09097097 0.62403357
vt 0.08724158 0.62761837
vt 0.09494037 0.63086468
vt 0.08876758 0.63438416
vt 0.09191556 0.64644343
vt 0.08847043 0.64659894
vt 0.08621433 0.64732015
vt 0.08727352 0.64883947
vt 0.09348603 0.65327376
vt 0.08943418 0.65437239
vt 0.08468802 0.65333992
vt 0.08710875 0.65838271
vt 0.08223536 0.65513521
vt 0.08549716 0.66775793
vt 0.09296238 0.66149437
vt 0.08192625 0.66963255
vt 0.09315192 0.67021406
vt 0.09388550 0.68143708
vt 0.08987191 0.69247621
vt 0.09489757 0.68955058
vt 0.10123259 0.67860264
vt 0.10089988 0.68406451
vt 0.10278887 0.69723457
vt 0.10487741 0.68640995
vt 0.10571885 0.68391877
vt 0.11119746 0.68271768
vt 0.11053229 0.68856215
vt 0.11336931 0.68431461
vt 0.11307097 0.68970191
vt 0.10799474 0.69059676
vt 0.10753243 0.69402623
vt 0.11319918 0.69767016
vt 0.11889058 0.69360083
vt 0.11117050 0.67967284
vt 0.10694040 0.68999326
vt 0.10609670 0.67707169
vt 0.07786207 0.66298467
vt 0.07804646 0.67697620
vt 0.06355869 0.67615616
vt 0.06412397 0.66768712
vt 0.06297387 0.66000742
vt 0.03693401 0.66884333
vt 0.06539054 0.68186998
vt 0.07966296 0.69301826
vt 0.06500278 0.69129646
vt 0.06643872 0.70042533
vt 0.08353495 0.70881414
vt 0.06523435 0.70723546
vt 0.03026720 0.70203137
vt 0.02005292 0.71075732
vt 0.01908629 0.69853711
vt 0.01816081 0.71066284
vt 0.01641057 0.69441992
vt 0.01525844 0.67718714
vt 0.01823626 0.67996222
vt 0.01523773 0.66899395
vt 0.01194601 0.66493070
vt 0.01511882 0.66374081
vt 0.01157161 0.65820348
vt 0.00942823 0.65686947
vt 0.00906736 0.65373671
vt 0.01357971 0.65527499
vt 0.01089907 0.66722327
vt 0.01277511 0.67063081
vt 0.02297286 0.69394720
vt 0.03012692 0.71816134
vt 0.06544749 0.71648794
vt 0.07175738 0.72375691
vt 0.02839190 0.72449327
vt 0.02978677 0.73300529
vt 0.02000941 0.73355299
vt 0.06462878 0.73133183
vt 0.07637466 0.73063976
vt 0.08445510 0.73049557
vt 0.09135593 0.73675197
vt 0.09722414 0.73051560
vt 0.10292142 0.73954314
vt 0.08110277 0.72149527
vt 0.10994765 0.74965382
vt 0.11348949 0.74326563
vt 0.11619589 0.74934024
vt 0.11859388 0.74468213
vt 0.11858584 0.75011450
vt 0.12250317 0.75567907
vt 0.12018134 0.76009679
vt 0.12030955 0.76494938
vt 0.12295192 0.76779866
vt 0.12215048 0.74408352
vt 0.11790345 0.73897940
vt 0.12034741 0.73890370
vt 0.11425246 0.72347438
vt 0.11332966 0.75645638
vt 0.10390934 0.75761372
vt 0.10582621 0.76599711
vt 0.09138105 0.76840383
vt 0.10067046 0.78021252
vt 0.07299344 0.77816129
vt 0.11401444 0.77873743
vt 0.07478079 0.79045713
vt 0.07967369 0.75949484
vt 0.03410004 0.78670496
vt 0.03520131 0.79634786
vt 0.02484276 0.79261601
vt 0.07456243 0.79725873
vt 0.04607077 0.80489314
vt 0.07557089 0.80448639
vt 0.04187322 0.81051576
vt 0.07084368 0.81693053
vt 0.04468665 0.81914741
vt 0.06554886 0.82959813
vt 0.10698755 0.81806606
vt 0.02664042 0.81694216
vt 0.02737777 0.82424718
vt 0.02459832 0.82203978
vt 0.02510342 0.82844710
vt 0.08775423 0.83033520
vt 0.05724300 0.83670652
vt 0.10920161 0.82710820
vt 0.07394958 0.76725370
vt 0.03933484 0.83183223
vt 0.02615320 0.80679393
vt 0.02244937 0.79762536
vt 0.02111792 0.78569949
vt 0.02227241 0.77697611
vt 0.02002903 0.77567554
vt 0.02073180 0.76758200
vt 0.01812699 0.76469761
vt 0.01857582 0.75560325
vt 0.01668626 0.75728011
vt 0.01528579 0.74991184
vt 0.01733698 0.74858516
vt 0.01418230 0.74441767
vt 0.03616987 0.75808519
vt 0.05945936 0.74445271
vt 0.07702147 0.74339473
vt 0.11326330 0.76640964
vt 0.10633416 0.79199153
vt 0.02354858 0.81104153
vt 0.10767951 0.81078643
vt 0.10854769 0.74032909
vt 0.10557383 0.73514390
vt 0.08487477 0.72145170
vt 0.08933473 0.74748468
vt 0.11934521 0.75659257
vt 0.08426091 0.71602124
vt 0.08772567 0.72865289
vt 0.11713727 0.73880935
vt 0.02870994 0.74289155
vt 0.01982855 0.71982086
vt 0.08201716 0.68449205
vt 0.08307060 0.71511316
vt 0.09330319 0.65660644
vt 0.09788832 0.66607541
vt 0.04432068 0.68252164
vt 0.09602820 0.69758713
vt 0.08137137 0.64991254
vt 0.09342727 0.62316662
vt 0.02210185 0.61876410
vt 0.03521243 0.63670218
vt 0.06704758 0.64036870
vt 0.02119098 0.62723309
vt 0.03637685 0.61166799
vt 0.08633104 0.63642609
vt 0.08434404 0.63648421
vt 0.02884655 0.83656210
vt 0.09265804 0.71892428
vt 0.09067689 0.71037698
vt 0.08900850 0.71022093
vt 0.09873795 0.71621352
vt 0.10165544 0.71241808
vt 0.10559005 0.71866024
vt 0.10414182 0.72598648
vt 0.09035683 0.70590597
vt 0.08678198 0.70857787
vt 0.08890713 0.70412207
vt 0.08305663 0.70431513
vt 0.08836620 0.69954431
vt 0.02282136 0.61050844
vt 0.10758872 0.80309540
vt 0.03822483 0.67696905
vt 0.02349816 0.60167897
vt 0.02007808 0.60482144
vt 0.02048029 0.59886891
vt 0.02399567 0.59140676
vt 0.02090375 0.59210896
vt 0.03606706 0.59307355
vt 0.01980980 0.59546149
vt 0.02068678 0.58523953
vt 0.03769173 0.58063400
vt 0.02443978 0.58164912
vt 0.01966257 0.61048800
vt 0.01912137 0.61422831
vt 0.08640019 0.69378710
vt 0.10010698 0.66194963
vt 0.03641765 0.76504606
vt 0.01788276 0.73057014
vt 0.01762570 0.72352660
vt 0.01711993 0.71776402
vt 0.01809458 0.71750611
vt 0.08565518 0.72326458
vt 0.08275836 0.63437569
vt 0.01892304 0.62144065
vt 0.11765018 0.76623356
vt 0.11875648 0.64698052
vt 0.11185189 0.64604789
vt 0.11680108 0.65143919
vt 0.10804471 0.65841311
vt 0.11776275 0.65781409
vt 0.11303044 0.66486353
vt 0.11843089 0.66784465
vt 0.11395329 0.66849321
vt 0.11920567 0.65275121
vt 0.11927619 0.66415983
vt 0.12057947 0.66742188
vt 0.12074335 0.67599326
vt 0.12073870 0.66437972
vt 0.11556527 0.78753680
vt 0.11745262 0.82032847
vt 0.11968080 0.82966936
vt 0.12292151 0.82389271
vt 0.12305699 0.81779617
vt 0.11100553 0.72563803
vt 0.12071862 0.64505571
vt 0.12251768 0.64034075
vt 0.10413030 0.73023367
vt 0.11838450 0.67757553
vt 0.07416177 0.58453995
vt 0.11607522 0.79743892
vt 0.03699811 0.60447258
vt 0.12285484 0.60653311
vt 0.12220457 0.61016059
vt 0.12282274 0.60295218
vt 0.12305699 0.59934616
vt 0.12294857 0.59615791
vt 0.04360738 0.65863276
vt 0.11799323 0.81153792
vt 0.02136068 0.58257139
vt 0.09204264 0.69786811
vt 0.01656422 0.71091563
vt 0.12263618 0.61365408
vt 0.12154872 0.80168104
vt 0.02875344 0.68356264
vt 0.11252955 0.72690302
vt 0.11138455 0.73223853
vt 0.11124925 0.72179908
vt 0.11102972 0.71825725
vt 0.10704189 0.71390229
vt 0.10830653 0.70915562
vt 0.10408674 0.70380247
vt 0.11240306 0.71756548
vt 0.09997067 0.70835853
vt 0.01811101 0.62050521
vt 0.01586607 0.64239252
vt 0.09574870 0.61764753
vt 0.04392230 0.69213784
vt 0.10135306 0.63841379
vt 0.09638637 0.62531275
vt 0.03238639 0.77508253
vt 0.10357370 0.64741457
vt 0.08976113 0.57686245
vt 0.02030866 0.58037323
vt 0.02095440 0.57556468
vt 0.04019207 0.56931549
vt 0.01789709 0.62803751
vt 0.01712517 0.63478231
vt 0.11936947 0.78935671
vt 0.12073057 0.77775949
vt 0.12112350 0.77367860
vt 0.09756938 0.62869626
vt 0.11317818 0.67345172
vt 0.10186476 0.65599543
vt 0.09540489 0.62265605
vt 0.11083514 0.67308134
vt 0.10991979 0.73535609
vt 0.02520025 0.56874698
vt 0.02216927 0.57711607
vt 0.10562512 0.66529089
vt 0.09873147 0.65141952
vt 0.07475434 0.73892766
vt 0.06280611 0.64943385
vt 0.02144613 0.57125473
vt 0.02060572 0.56553531
vt 0.02273905 0.56826723
vt 0.02164346 0.56378698
vt 0.01976483 0.55981636
vt 0.02157275 0.55886334
vt 0.01929794 0.55502164
vt 0.02060619 0.55445486
vt 0.01968281 0.55059797
vt 0.02290407 0.55752844
vt 0.11246099 0.67112976
vt 0.01536154 0.69248265
vt 0.08365788 0.64356840
vt 0.76381695 0.53948963
vt 0.76899827 0.54622346
vt 0.76899827 0.53587854
vt 0.76524067 0.54691809
vt 0.35967186 0.01333947
vt 0.35989299 0.02040274
vt 0.36485320 0.01474778
vt 0.36485320 0.02345906
vt 0.50388598 0.39058128
vt 0.51165801 0.37245074
vt 0.50764632 0.37212512
vt 0.51165801 0.39328426
vt 0.82740587 0.51471943
vt 0.84127599 0.52299911
vt 0.79663211 0.52299911
vt 0.84240067 0.51575208
vt 0.56976414 0.19089237
vt 0.58756828 0.18315844
vt 0.59715027 0.19089237
vt 0.56865287 0.18568102
vt 0.56963313 0.17410302
vt 0.58840132 0.17495205
vt 0.57899147 0.16881324
vt 0.55138171 0.98685360
vt 0.55656302 0.98298067
vt 0.55189145 0.98301291
vt 0.55656302 0.98758048
vt 0.97557521 0.94415784
vt 0.95025796 0.95354187
vt 0.94861829 0.94250232
vt 0.98920554 0.95354187
vt 0.99956822 0.37672493
vt 0.99656451 0.38024670
vt 0.99956822 0.38316467
vt 0.99611402 0.38257179
vt 0.32772020 0.00709639
vt 0.32012048 0.01057958
vt 0.31911254 0.00689972
vt 0.31476685 0.01057958
vt 0.14550950 0.80174792
vt 0.15500863 0.82566696
vt 0.15500863 0.80293500
vt 0.14571249 0.81819314
vt 0.71373057 0.49859059
vt 0.71373057 0.48160073
vt 0.71156514 0.48818845
vt 0.70913452 0.50643975
vt 0.70805538 0.49581659
vt 0.70434147 0.49587533
vt 0.70733553 0.48903126
vt 0.70336789 0.49072912
vt 0.71222156 0.48329115
vt 0.57137108 0.68684626
vt 0.56260794 0.69412452
vt 0.57210708 0.70147192
vt 0.56479263 0.68909532
vt 0.57210708 0.68307269
vt 0.99093264 0.76300889
vt 0.97956759 0.76239932
vt 0.97675288 0.77230912
vt 0.97107083 0.75749135
vt 0.99093264 0.71716839
vt 0.98600280 0.71343148
vt 0.68868738 0.29852805
vt 0.68696028 0.30483338
vt 0.68868738 0.30588776
vt 0.50150466 0.41750774
vt 0.50535131 0.41376057
vt 0.51022744 0.41758934
vt 0.50261575 0.41143578
vt 0.48931760 0.41878873
vt 0.49168620 0.42036361
vt 0.49199212 0.41168597
vt 0.50165164 0.39928642
vt 0.50797528 0.40287352
vt 0.51512426 0.41613817
vt 0.48982263 0.40048844
vt 0.48633793 0.42153496
vt 0.49827272 0.42180312
vt 0.47357652 0.41986576
vt 0.47193438 0.42180312
vt 0.49827537 0.39696413
vt 0.51511556 0.40781319
vt 0.48744705 0.40633878
vt 0.48393300 0.40682083
vt 0.51879442 0.41214082
vt 0.52214926 0.40650359
vt 0.52288431 0.40087134
vt 0.51829386 0.39978576
vt 0.17659758 0.00869066
vt 0.18436961 0.01132203
vt 0.18436961 0.00045998
vt 0.17660829 0.01333947
vt 0.91666669 0.03270988
vt 0.92184800 0.03909844
vt 0.92184800 0.02897884
vt 0.33203799 0.81714332
vt 0.34101894 0.81370747
vt 0.33760831 0.81738728
vt 0.34844559 0.81738728
vt 0.22876851 0.86250865
vt 0.22995739 0.85577673
vt 0.23206142 0.85622811
vt 0.22598627 0.86194569
vt 0.23107702 0.86740750
vt 0.23388809 0.85846108
vt 0.23748097 0.85641873
vt 0.23915704 0.86536956
vt 0.23794761 0.85364377
vt 0.23380613 0.86500162
vt 0.23051772 0.86899024
vt 0.21888171 0.86884403
vt 0.22065341 0.85622197
vt 0.21392493 0.86091584
vt 0.20466158 0.86778486
vt 0.20394066 0.86038268
vt 0.19093621 0.85978162
vt 0.17965686 0.86300498
vt 0.20199285 0.85712463
vt 0.20398980 0.85535663
vt 0.20287777 0.85379475
vt 0.16918971 0.87060827
vt 0.20564787 0.85250640
vt 0.17196387 0.85585457
vt 0.12140558 0.87117296
vt 0.20662144 0.85941070
vt 0.21234497 0.85347921
vt 0.21098183 0.85439968
vt 0.13414781 0.86140895
vt 0.20111908 0.88033617
vt 0.23771986 0.87094003
vt 0.23965460 0.87699002
vt 0.24649417 0.86339074
vt 0.25522652 0.86794317
vt 0.24783520 0.85571152
vt 0.26086828 0.86345929
vt 0.24429396 0.85568208
vt 0.26062098 0.85801953
vt 0.25169447 0.85298371
vt 0.27141526 0.86177504
vt 0.27055901 0.85694504
vt 0.26713997 0.86630625
vt 0.27048072 0.86862189
vt 0.26697165 0.86983126
vt 0.26989749 0.87414944
vt 0.25426018 0.88176084
vt 0.26462615 0.87486833
vt 0.24235359 0.86514878
vt 0.23729393 0.86875153
vt 0.24184537 0.84945416
vt 0.22807968 0.84601104
vt 0.26342323 0.86835968
vt 0.21460325 0.84759289
vt 0.22067130 0.84352624
vt 0.22457975 0.84408438
vt 0.25694630 0.89060473
vt 0.25687853 0.87159514
vt 0.24396168 0.84792459
vt 0.20864254 0.85224634
vt 0.27333239 0.87585837
vt 0.27056831 0.88004482
vt 0.26855192 0.88645107
vt 0.26090831 0.89493895
vt 0.26454368 0.90599763
vt 0.27164072 0.90686595
vt 0.26810706 0.91995692
vt 0.27686113 0.91841340
vt 0.27662233 0.91177708
vt 0.27948150 0.92020178
vt 0.27428880 0.89830679
vt 0.26387849 0.91537535
vt 0.19723104 0.85371220
vt 0.15300578 0.85614198
vt 0.14132103 0.85423160
vt 0.13915326 0.84831083
vt 0.13732810 0.85519254
vt 0.25849533 0.87431812
vt 0.13753803 0.85713679
vt 0.13720734 0.84830862
vt 0.13410245 0.85029984
vt 0.12971631 0.84825408
vt 0.20098411 0.85262537
vt 0.27544984 0.87723655
vt 0.20364645 0.84310263
vt 0.25411734 0.89426666
vt 0.20211896 0.84080225
vt 0.21755528 0.83895326
vt 0.13008581 0.85195863
vt 0.12785260 0.85518432
vt 0.12574357 0.84968442
vt 0.23319501 0.86868572
vt 0.13041498 0.84537160
vt 0.13802968 0.84562290
vt 0.20989384 0.86036545
vt 0.16642970 0.84294832
vt 0.16070153 0.84065145
vt 0.13040271 0.85623491
vt 0.12733245 0.84715354
vt 0.12498277 0.85610437
vt 0.11877839 0.85359722
vt 0.10818940 0.85568738
vt 0.22762065 0.84371877
vt 0.27252117 0.88133204
vt 0.06729133 0.85025054
vt 0.08005992 0.85438371
vt 0.14584567 0.85744214
vt 0.12402911 0.87937826
vt 0.15929276 0.88746107
vt 0.11063028 0.88843262
vt 0.15772262 0.89544863
vt 0.22153865 0.89366835
vt 0.10922908 0.89565748
vt 0.10684906 0.90143609
vt 0.08465044 0.89671564
vt 0.17363949 0.90043825
vt 0.20638472 0.89985865
vt 0.23860209 0.90004456
vt 0.19250949 0.90299869
vt 0.18668839 0.90306026
vt 0.20418726 0.90271848
vt 0.24625878 0.90167874
vt 0.24749371 0.89954877
vt 0.24991356 0.90226042
vt 0.25159562 0.89814633
vt 0.24520724 0.90260339
vt 0.15019555 0.90369427
vt 0.11583129 0.90436006
vt 0.07649913 0.90488189
vt 0.11670699 0.90657574
vt 0.06413579 0.90909380
vt 0.07003726 0.90420145
vt 0.09789786 0.91178745
vt 0.15503687 0.91065955
vt 0.13932092 0.91693044
vt 0.08272023 0.91645700
vt 0.15184315 0.91687119
vt 0.16249850 0.92691427
vt 0.13940148 0.92756051
vt 0.20074724 0.91950190
vt 0.21566220 0.92726690
vt 0.19981214 0.90975660
vt 0.19891523 0.93504608
vt 0.23404129 0.93419003
vt 0.23712690 0.91761905
vt 0.25304484 0.92770159
vt 0.14977604 0.93610132
vt 0.15310979 0.94042265
vt 0.10864694 0.94072700
vt 0.19796738 0.93940556
vt 0.19468904 0.94166601
vt 0.12365325 0.94314086
vt 0.12665871 0.94514889
vt 0.19255483 0.94444478
vt 0.25611207 0.94099802
vt 0.25896043 0.93879676
vt 0.27650651 0.93814170
vt 0.27972156 0.94208902
vt 0.28434321 0.93951738
vt 0.28646982 0.94618213
vt 0.27937287 0.93349731
vt 0.28313586 0.93474269
vt 0.28784835 0.93594003
vt 0.28477314 0.92792159
vt 0.27936870 0.92721111
vt 0.28626612 0.91060513
vt 0.28690681 0.89713907
vt 0.28362706 0.89584702
vt 0.29058722 0.89171678
vt 0.28957415 0.91226852
vt 0.11434241 0.91899580
vt 0.22230458 0.93809420
vt 0.22724771 0.91277105
vt 0.06467302 0.91436380
vt 0.14113721 0.90604925
vt 0.06581859 0.90730858
vt 0.06303088 0.90740252
vt 0.05957847 0.90718162
vt 0.06687281 0.90605140
vt 0.06166904 0.90679896
vt 0.06652459 0.90381658
vt 0.06087201 0.90370774
vt 0.06625868 0.90192157
vt 0.06153174 0.90188736
vt 0.05848654 0.90513235
vt 0.06226867 0.89887887
vt 0.06504223 0.89715582
vt 0.06176377 0.89686000
vt 0.06785399 0.89567125
vt 0.05914466 0.89702535
vt 0.05864732 0.90083855
vt 0.26982838 0.93313283
vt 0.23953648 0.90676796
vt 0.08669427 0.94398016
vt 0.05629794 0.94494045
vt 0.23883173 0.88675368
vt 0.05386458 0.94197834
vt 0.04818689 0.94520897
vt 0.04698752 0.94203842
vt 0.04899090 0.93451518
vt 0.05606952 0.93441868
vt 0.04743553 0.91179782
vt 0.08593177 0.93530184
vt 0.08409464 0.92776406
vt 0.04360264 0.94618213
vt 0.04636927 0.93601507
vt 0.07350934 0.88752514
vt 0.07391445 0.90192890
vt 0.25724056 0.85136753
vt 0.27362102 0.85483146
vt 0.26922154 0.84947813
vt 0.25575823 0.84054029
vt 0.05432713 0.91671526
vt 0.11349559 0.92732173
vt 0.19627365 0.90548956
vt 0.25849095 0.90326244
vt 0.08737468 0.94060284
vt 0.08753027 0.85985845
vt 0.04298657 0.86817867
vt 0.04726698 0.90085059
vt 0.04814562 0.86601716
vt 0.04573981 0.85775656
vt 0.04151261 0.85939652
vt 0.04303139 0.85339361
vt 0.04679812 0.85110492
vt 0.04015544 0.86754251
vt 0.05319254 0.85651547
vt 0.06226329 0.87029338
vt 0.06728300 0.87948245
vt 0.06697209 0.87533778
vt 0.06681168 0.87294561
vt 0.06474710 0.86996263
vt 0.07196484 0.87054777
vt 0.06721181 0.86837149
vt 0.07232309 0.86693603
vt 0.07429219 0.87271321
vt 0.07217158 0.86256319
vt 0.07092240 0.86432898
vt 0.04118416 0.87322873
vt 0.05152039 0.88927424
vt 0.07131200 0.87394553
vt 0.28976524 0.92990792
vt 0.17080976 0.90528190
vt 0.05974383 0.91072810
vt 0.25275490 0.84943515
vt 0.06466997 0.85689175
vt 0.12799802 0.84246290
vt 0.11326075 0.84214884
vt 0.06070833 0.84256929
vt 0.11641577 0.83966851
vt 0.12544933 0.83882046
vt 0.13549225 0.83899653
vt 0.06021824 0.84002441
vt 0.24197620 0.84224284
vt 0.23787269 0.90375632
vt 0.05600236 0.84824842
vt 0.24668136 0.84154397
vt 0.11372984 0.93550628
vt 0.05758979 0.89610714
vt 0.04346306 0.94086987
vt 0.26276782 0.92179388
vt 0.21221943 0.85679674
vt 0.23704642 0.84298283
vt 0.27917260 0.91150635
vt 0.27893469 0.86018670
vt 0.06872091 0.90234429
vt 0.09201759 0.87425393
vt 0.06364715 0.86680287
vt 0.06602357 0.86420369
vt 0.28095111 0.90825403
vt 0.13984914 0.84250295
vt 0.05603839 0.90272468
vt 0.24146551 0.86074978
vt 0.23867987 0.83854645
vt 0.23144741 0.83973342
vt 0.23683849 0.86753702
vt 0.06595276 0.86044139
vt 0.20621666 0.84804142
vt 0.07058671 0.85855865
vt 0.28616911 0.87100631
vt 0.28131160 0.85811889
vt 0.28921506 0.88066721
vt 0.25607812 0.86757696
vt 0.12928559 0.85792375
vt 0.20233335 0.84990913
vt 0.27159411 0.88613617
vt 0.25782794 0.90789634
vt 0.21038769 0.84917563
vt 0.25338849 0.90404129
vt 0.05493508 0.90791124
vt 0.25928289 0.86934161
vt 0.27569750 0.88887841
vt 0.07658271 0.86408138
vt 0.05520899 0.90292907
vt 0.05021888 0.84491307
vt 0.47915432 0.40856782
vt 0.48232585 0.40031084
vt 0.47933584 0.40165532
vt 0.47878075 0.41536337
vt 0.48488775 0.41314730
vt 0.47344339 0.41133434
vt 0.47342229 0.39606214
vt 0.48488775 0.39052439
vt 0.47142491 0.39489847
vt 0.46857184 0.40479818
vt 0.46761659 0.39828426
vt 0.43048358 0.87074518
vt 0.42271158 0.87210679
vt 0.43048358 0.88178474
vt 0.40724832 0.35648575
vt 0.39022928 0.34862408
vt 0.40056512 0.34281626
vt 0.39516008 0.35648575
vt 0.38126078 0.34547070
vt 0.38174629 0.33490062
vt 0.40026352 0.33404040
vt 0.40800565 0.33266306
vt 0.38949278 0.35416815
vt 0.40578431 0.33110091
vt 0.41407600 0.32520700
vt 0.90804577 0.96012902
vt 0.91839379 0.92686296
vt 0.90630400 0.94222379
vt 0.91839379 0.94647032
vt 0.91232443 0.95913869
vt 0.91655028 0.96182156
vt 0.98335397 0.54783809
vt 0.93652850 0.54783809
vt 0.97471857 0.54231828
vt 0.97888458 0.54342806
vt 0.98662943 0.54289615
vt 0.99525040 0.54379761
vt 0.56174439 0.17217824
vt 0.56471062 0.17566623
vt 0.56519860 0.16973321
vt 0.56342292 0.17893285
vt 0.56519860 0.17837827
vt 0.58644056 0.19945273
vt 0.58160621 0.20193192
vt 0.58525634 0.19759123
vt 0.59283245 0.20193192
vt 0.58828413 0.19641215
vt 0.94330877 0.01425943
vt 0.87953371 0.01425943
vt 0.94689119 0.01180514
vt 0.90711206 0.00689972
vt 0.88010633 0.00757690
vt 0.41272050 0.64183235
vt 0.42307717 0.62810892
vt 0.42789292 0.61039561
vt 0.41621628 0.64254642
vt 0.41258860 0.65750450
vt 0.42078471 0.64036697
vt 0.40457687 0.67211211
vt 0.40852764 0.67036021
vt 0.41100565 0.66908115
vt 0.42480308 0.67468071
vt 0.42789292 0.68307269
vt 0.41025943 0.68175560
vt 0.99956822 0.50551981
vt 0.99956822 0.49213153
vt 0.99769139 0.48804048
vt 0.99611402 0.49740082
vt 0.85691851 0.29818684
vt 0.85276341 0.29702818
vt 0.85880828 0.30128795
vt 0.85615760 0.29217741
vt 0.85861528 0.29147315
vt 0.85880828 0.28748849
vt 0.29293147 0.80634773
vt 0.29088193 0.80910766
vt 0.27417961 0.80683517
vt 0.30181348 0.80910766
vt 0.41508967 0.62051517
vt 0.41493955 0.62555468
vt 0.41839379 0.62142295
vt 0.41839379 0.62695491
vt 0.80368418 0.88751280
vt 0.79127675 0.88846785
vt 0.80554318 0.85602576
vt 0.80613124 0.91858327
vt 0.78886008 0.91858327
vt 0.55915374 0.95722169
vt 0.54798782 0.95722169
vt 0.55872089 0.95278633
vt 0.54706389 0.95078194
vt 0.43393782 0.61354297
vt 0.43911916 0.63799447
vt 0.43911916 0.60763568
vt 0.43434405 0.63678455
vt 0.38730571 0.00301901
vt 0.37525576 0.00689972
vt 0.35000986 0.00137994
vt 0.33894646 0.00689972
vt 0.32319236 0.99126035
vt 0.32772020 0.99494022
vt 0.30181348 0.99494022
vt 0.55789095 0.47635570
vt 0.55979729 0.47820342
vt 0.56001729 0.47516099
vt 0.55656302 0.48123565
vt 0.56001729 0.48344067
vt 0.47547784 0.70870471
vt 0.47678798 0.70709449
vt 0.48060089 0.70754719
vt 0.46993032 0.70680082
vt 0.46527565 0.70993686
vt 0.47666824 0.71178597
vt 0.46275210 0.71557450
vt 0.45098823 0.70783228
vt 0.45479381 0.72441524
vt 0.44357380 0.72209585
vt 0.43950367 0.71759641
vt 0.44635278 0.73639363
vt 0.47254461 0.72249240
vt 0.48047233 0.71261990
vt 0.43243414 0.79336554
vt 0.44138849 0.70677263
vt 0.43219274 0.71698838
vt 0.43139991 0.70448512
vt 0.46200636 0.74132645
vt 0.46252620 0.70581025
vt 0.48381040 0.70772386
vt 0.43924895 0.70428324
vt 0.47376251 0.79647744
vt 0.48929518 0.73114306
vt 0.49432841 0.71546775
vt 0.50173175 0.72938389
vt 0.48820916 0.79592508
vt 0.50729054 0.71535534
vt 0.51331854 0.73344523
vt 0.50461948 0.79560035
vt 0.49605200 0.79679489
vt 0.46513310 0.79515135
vt 0.48196554 0.79626876
vt 0.51757842 0.71731502
vt 0.51188922 0.71289665
vt 0.52332503 0.71455818
vt 0.51544392 0.71132922
vt 0.52338415 0.74203879
vt 0.49986407 0.71067703
vt 0.51065820 0.71019775
vt 0.53760964 0.71327960
vt 0.53605020 0.71904004
vt 0.54464984 0.71434951
vt 0.51572752 0.80018550
vt 0.46607047 0.81164229
vt 0.52571064 0.72024643
vt 0.52400726 0.76529074
vt 0.52035844 0.81517971
vt 0.49609300 0.71246576
vt 0.52588779 0.79226178
vt 0.53348750 0.78319299
vt 0.53570843 0.75078690
vt 0.54023921 0.78938341
vt 0.54330468 0.75428265
vt 0.55053324 0.75298578
vt 0.55217022 0.73260516
vt 0.55707800 0.75106341
vt 0.56182134 0.72668403
vt 0.56455678 0.75936651
vt 0.55512726 0.71856415
vt 0.56868744 0.73145980
vt 0.57275504 0.75808078
vt 0.56688780 0.79073340
vt 0.57571334 0.73513401
vt 0.54826146 0.78740931
vt 0.56855160 0.71834373
vt 0.55816662 0.71672690
vt 0.57323027 0.72392249
vt 0.55530828 0.79402143
vt 0.45758173 0.80789208
vt 0.46179241 0.81267130
vt 0.45624739 0.81189913
vt 0.50840014 0.81448740
vt 0.55107462 0.71399122
vt 0.54530519 0.72656798
vt 0.52951783 0.81484187
vt 0.44192684 0.78667969
vt 0.42683831 0.79809886
vt 0.44878361 0.70412570
vt 0.44827244 0.81112868
vt 0.46732754 0.81328297
vt 0.45768756 0.70550394
vt 0.50419754 0.71005738
vt 0.51195180 0.70967126
vt 0.56195450 0.78457636
vt 0.42661858 0.75188679
vt 0.42186612 0.79673356
vt 0.42336777 0.80822277
vt 0.42942402 0.80889660
vt 0.42305955 0.72192794
vt 0.41542757 0.80704945
vt 0.50187588 0.81673115
vt 0.53736782 0.81702173
vt 0.56041437 0.79939032
vt 0.47464269 0.81075662
vt 0.47280863 0.81389308
vt 0.48152336 0.81474751
vt 0.50968087 0.81764221
vt 0.50180399 0.81857061
vt 0.51539695 0.81979454
vt 0.49858993 0.81723768
vt 0.49348962 0.81524569
vt 0.48933718 0.81460720
vt 0.50948817 0.82044935
vt 0.52013791 0.82164663
vt 0.53123683 0.82093686
vt 0.50306427 0.82154924
vt 0.50591892 0.85653204
vt 0.49695414 0.85368574
vt 0.49729586 0.85623509
vt 0.48601347 0.85422707
vt 0.48757440 0.85601777
vt 0.47194418 0.85505766
vt 0.47481880 0.85330552
vt 0.46190357 0.85185134
vt 0.45050159 0.85615855
vt 0.44973418 0.85309714
vt 0.45170194 0.82560182
vt 0.46192807 0.83655995
vt 0.45880094 0.82170284
vt 0.46920255 0.82664788
vt 0.46840423 0.81804287
vt 0.45319346 0.81750101
vt 0.45956030 0.81745017
vt 0.47744238 0.81813234
vt 0.44388497 0.82263070
vt 0.43883824 0.85406244
vt 0.47384563 0.84355706
vt 0.43861398 0.85716391
vt 0.43110552 0.85675728
vt 0.42128411 0.85864359
vt 0.41625816 0.85662758
vt 0.40430194 0.86129475
vt 0.40958384 0.85798419
vt 0.41126227 0.84202313
vt 0.39988405 0.85871017
vt 0.42476144 0.85342234
vt 0.52803731 0.85538304
vt 0.53727120 0.83966011
vt 0.53944218 0.82156473
vt 0.54298115 0.81896102
vt 0.53686070 0.81899834
vt 0.54280913 0.81673795
vt 0.54901427 0.81759495
vt 0.54832917 0.81960809
vt 0.54615450 0.82140201
vt 0.51893258 0.85747111
vt 0.52850419 0.85790175
vt 0.53754485 0.85667866
vt 0.51634866 0.82558638
vt 0.49387452 0.83175027
vt 0.45706356 0.79396564
vt 0.45034009 0.76670712
vt 0.44476303 0.84674650
vt 0.51764256 0.81804520
vt 0.56706375 0.82103485
vt 0.56092691 0.82044405
vt 0.56376350 0.82329130
vt 0.57450724 0.82510883
vt 0.57855636 0.82290989
vt 0.54627657 0.80946159
vt 0.44552448 0.81768602
vt 0.43626165 0.81821764
vt 0.43598586 0.82170999
vt 0.42567328 0.82003075
vt 0.42605263 0.81794107
vt 0.41779605 0.81814200
vt 0.44758666 0.79254454
vt 0.47782242 0.81644756
vt 0.54274637 0.85868132
vt 0.55288607 0.85919845
vt 0.55287892 0.85774761
vt 0.56191456 0.86061764
vt 0.55951905 0.85725474
vt 0.56186318 0.84016722
vt 0.56620353 0.85026830
vt 0.56346190 0.82355124
vt 0.55408162 0.83871973
vt 0.56958252 0.85985082
vt 0.55209696 0.81676722
vt 0.44450596 0.70327473
vt 0.43765905 0.70206285
vt 0.43385366 0.70147192
vt 0.49471024 0.80979669
vt 0.57658511 0.86270493
vt 0.57551491 0.86122203
vt 0.58321792 0.86258048
vt 0.59200329 0.82820451
vt 0.58675867 0.82702810
vt 0.59160793 0.86425591
vt 0.60182434 0.83064896
vt 0.60131216 0.84392047
vt 0.61202502 0.84250921
vt 0.61319643 0.83239973
vt 0.62429464 0.83504736
vt 0.62585038 0.85078532
vt 0.63255614 0.83668005
vt 0.61422849 0.86540431
vt 0.62441313 0.86922610
vt 0.60014266 0.86586899
vt 0.62802005 0.87166512
vt 0.39806294 0.84665549
vt 0.39143711 0.85844493
vt 0.40648970 0.82504255
vt 0.39591563 0.82705462
vt 0.40537378 0.82224232
vt 0.38815978 0.84291840
vt 0.38556668 0.82768756
vt 0.37658718 0.82808489
vt 0.38826448 0.82410288
vt 0.37763903 0.84990960
vt 0.38000429 0.86061054
vt 0.36791092 0.86400527
vt 0.36501774 0.84133273
vt 0.36430210 0.83007586
vt 0.37588888 0.82476825
vt 0.38478935 0.82375705
vt 0.35507715 0.83176291
vt 0.35836986 0.84510189
vt 0.34886342 0.83183563
vt 0.35298213 0.85267210
vt 0.35469657 0.86673278
vt 0.34481433 0.85420537
vt 0.34866181 0.86788553
vt 0.33968982 0.86754942
vt 0.33635825 0.85553199
vt 0.33849290 0.87095761
vt 0.32502213 0.87166512
vt 0.33054519 0.86613029
vt 0.34190953 0.83295876
vt 0.33510733 0.83504534
vt 0.36227965 0.86601484
vt 0.39672846 0.82322288
vt 0.41538081 0.82303524
vt 0.54470026 0.84718663
vt 0.37117249 0.86691308
vt 0.57814676 0.82690799
vt 0.43448848 0.84451801
vt 0.57859939 0.72028565
vt 0.32688233 0.83537418
vt 0.32426599 0.86898899
vt 0.50427997 0.70928389
vt 0.61524642 0.86926144
vt 0.49383038 0.70859230
vt 0.38754189 0.86233425
vt 0.38522851 0.86503345
vt 0.39494500 0.86346483
vt 0.48481965 0.82973111
vt 0.49893907 0.70863783
vt 0.48928615 0.71017331
vt 0.43323714 0.80518883
vt 0.43846869 0.81019759
vt 0.53613240 0.73381066
vt 0.48800832 0.70833498
vt 0.48818913 0.70747983
vt 0.45336998 0.70446801
vt 0.44207373 0.80585736
vt 0.52859062 0.81923968
vt 0.48494372 0.81181294
vt 0.55444282 0.82258040
vt 0.57598770 0.82447827
vt 0.49058563 0.81725377
vt 0.58009255 0.43652254
vt 0.58506048 0.44480219
vt 0.57901555 0.44480219
vt 0.23186529 0.59383625
vt 0.23186529 0.58555657
vt 0.22841105 0.58868998
vt 0.13299479 0.77414906
vt 0.13166699 0.78365916
vt 0.13514681 0.78234619
vt 0.13452074 0.78907514
vt 0.12564766 0.79424018
vt 0.13514681 0.79898804
vt 0.28367877 0.99770010
vt 0.28974137 0.98850048
vt 0.29663211 0.99770010
vt 0.29528224 0.99238950
vt 0.95103389 0.97838086
vt 0.94948184 0.97256833
vt 0.95615822 0.96567637
vt 0.95999646 0.96456712
vt 0.95591426 0.97557324
vt 0.95995671 0.96912563
vt 0.96342635 0.96295208
vt 0.98402417 0.97838086
vt 0.96868646 0.95722169
vt 0.96616995 0.95837921
vt 0.54533678 0.91674334
vt 0.53324699 0.91832012
vt 0.54533678 0.94894207
vt 0.28948820 0.42916283
vt 0.30008635 0.43100274
vt 0.28281519 0.43100277
vt 0.19236508 0.60763568
vt 0.19732296 0.62051517
vt 0.16761561 0.61125118
vt 0.16709845 0.62051517
vt 0.63169259 0.48896044
vt 0.63169259 0.46238336
vt 0.62392056 0.47882771
vt 0.62422180 0.46228150
vt 0.50561315 0.06890581
vt 0.50585622 0.07790689
vt 0.50906736 0.06853726
vt 0.50906736 0.07865685
vt 0.75863558 0.47005439
vt 0.75949913 0.47424102
vt 0.75949913 0.45860165
vt 0.89157605 0.69394016
vt 0.89079851 0.69245720
vt 0.89127427 0.69603252
vt 0.89312816 0.69571692
vt 0.89251643 0.70177960
vt 0.89194804 0.68389070
vt 0.89267963 0.68333149
vt 0.89656049 0.68929893
vt 0.90009934 0.70025003
vt 0.89565170 0.70687395
vt 0.92906016 0.70738244
vt 0.89912850 0.71286970
vt 0.92027009 0.71561921
vt 0.92897838 0.71956909
vt 0.91887057 0.72731382
vt 0.90043777 0.72112548
vt 0.92116410 0.69818360
vt 0.89541316 0.67600089
vt 0.89349037 0.66957825
vt 0.89186037 0.66750950
vt 0.89176440 0.65763766
vt 0.89144617 0.68239295
vt 0.92142266 0.67396325
vt 0.92095387 0.68231368
vt 0.92933339 0.67772990
vt 0.92902172 0.66914886
vt 0.92962003 0.68997467
vt 0.89396399 0.66077578
vt 0.89070153 0.65479565
vt 0.89375812 0.64889759
vt 0.89039743 0.65023637
vt 0.91128600 0.65257406
vt 0.90563112 0.64582562
vt 0.91842890 0.64125741
vt 0.92849392 0.64875364
vt 0.92904752 0.65893281
vt 0.92752659 0.63739699
vt 0.92826933 0.63495934
vt 0.92804080 0.62547827
vt 0.92653811 0.62951905
vt 0.90278941 0.62659514
vt 0.90567875 0.61928248
vt 0.89333934 0.62314677
vt 0.89296120 0.60877740
vt 0.90614015 0.61064059
vt 0.92002958 0.61118525
vt 0.91470480 0.60176682
vt 0.89873201 0.60415924
vt 0.92736048 0.61073357
vt 0.89083564 0.61596066
vt 0.89081633 0.62355429
vt 0.89134794 0.60863578
vt 0.89048976 0.62958473
vt 0.89109397 0.63602656
vt 0.88989639 0.63603002
vt 0.88992399 0.64042717
vt 0.88999093 0.64601797
vt 0.89950007 0.68303144
vt 0.89179164 0.71632773
vt 0.90896845 0.69130486
vt 0.89193845 0.70832086
vt 0.89179415 0.70318347
vt 0.92807347 0.70084876
vt 0.89138091 0.71357018
vt 0.89386290 0.63745844
vt 0.91172200 0.65969169
vt 0.89818197 0.73091078
vt 0.90208328 0.59319472
vt 0.89161241 0.59188658
vt 0.89135015 0.58671516
vt 0.89862567 0.58152223
vt 0.89207548 0.58030200
vt 0.91661763 0.58987975
vt 0.89151806 0.57484257
vt 0.89868861 0.57163829
vt 0.89159513 0.56755108
vt 0.90073091 0.56089890
vt 0.89270222 0.55905169
vt 0.89153117 0.56111908
vt 0.89860511 0.55115730
vt 0.92488784 0.55192751
vt 0.90145439 0.54288417
vt 0.92143828 0.54407537
vt 0.92921197 0.54364991
vt 0.92834270 0.55910385
vt 0.89295363 0.55296129
vt 0.92962003 0.53311867
vt 0.91700697 0.56361729
vt 0.89167643 0.72265917
vt 0.89186281 0.60439843
vt 0.91617954 0.57516772
vt 0.92819768 0.59744275
vt 0.92826039 0.58649558
vt 0.89126199 0.59847885
vt 0.92832744 0.61464471
vt 0.92776412 0.57783103
vt 0.89304584 0.54565990
vt 0.89337319 0.53612709
vt 0.92807853 0.56652218
vt 0.34962133 0.94873226
vt 0.33808291 0.95799470
vt 0.35189983 0.96366143
vt 0.33915892 0.94570792
vt 0.34748408 0.94100767
vt 0.35189983 0.93606257
vt 0.48229706 0.26908922
vt 0.47884282 0.27628538
vt 0.48229706 0.28104874
vt 0.08333334 0.57260817
vt 0.08506045 0.57359707
vt 0.08506045 0.57083714
vt 0.41493955 0.22125115
vt 0.41493955 0.20193192
vt 0.40544042 0.22086102
vt 0.47020724 0.41260350
vt 0.46641839 0.41673747
vt 0.47020724 0.42364305
vt 0.46588945 0.42060724
f 8046/8046 8116/8116 8048/8048
f 8226/8226 8227/8227 8228/8228
f 8050/8050 8048/8048 8116/8116
f 4623/4623 4624/4624 4625/4625
f 3626/3626 3620/3620 3625/3625
f 3626/3626 3624/3624 3620/3620
f 4567/4567 4565/4565 4564/4564
f 3437/3437 3438/3438 3422/3422
f 3437/3437 3422/3422 3421/3421
f 3436/3436 3421/3421 3325/3325
f 3446/3446 3438/3438 3437/3437
f 3439/3439 3445/3445 3437/3437
f 3439/3439 3437/3437 3421/3421
f 3439/3439 3421/3421 3436/3436
f 3330/3330 3436/3436 3325/3325
f 3446/3446 3437/3437 3445/3445
f 3337/3337 3445/3445 3439/3439
f 3335/3335 3439/3439 3436/3436
f 3332/3332 3436/3436 3330/3330
f 3337/3337 3439/3439 3335/3335
f 3335/3335 3436/3436 3332/3332
f 3398/3398 3391/3391 3389/3389
f 3398/3398 3389/3389 3392/3392
f 3395/3395 3396/3396 3394/3394
f 3404/3404 3395/3395 3397/3397
f 3331/3331 3326/3326 3397/3397
f 3409/3409 3399/3399 3391/3391
f 3407/3407 3398/3398 3392/3392
f 3406/3406 3392/3392 3396/3396
f 3406/3406 3396/3396 3395/3395
f 3444/3444 3428/3428 3429/3429
f 3407/3407 3391/3391 3398/3398
f 3405/3405 3395/3395 3404/3404
f 3326/3326 3404/3404 3397/3397
f 3408/3408 3391/3391 3407/3407
f 3407/3407 3392/3392 3406/3406
f 3406/3406 3395/3395 3405/3405
f 3457/3457 3472/3472 3455/3455
f 3457/3457 3455/3455 3456/3456
f 3457/3457 3456/3456 3458/3458
f 3408/3408 3409/3409 3391/3391
f 3485/3485 3444/3444 3429/3429
f 3356/3356 3444/3444 3485/3485
f 3424/3424 3409/3409 3408/3408
f 3473/3473 3472/3472 3457/3457
f 3425/3425 3409/3409 3424/3424
f 3423/3423 3407/3407 3406/3406
f 3422/3422 3406/3406 3405/3405
f 3421/3421 3405/3405 3404/3404
f 3421/3421 3404/3404 3326/3326
f 3325/3325 3421/3421 3326/3326
f 3327/3327 3328/3328 3428/3428
f 3327/3327 3428/3428 3444/3444
f 3505/3505 3504/3504 3473/3473
f 3470/3470 3409/3409 3425/3425
f 3424/3424 3408/3408 3407/3407
f 3423/3423 3424/3424 3407/3407
f 3422/3422 3423/3423 3406/3406
f 3422/3422 3405/3405 3421/3421
f 3327/3327 3326/3326 3328/3328
f 3466/3466 3457/3457 3458/3458
f 3362/3362 3458/3458 3470/3470
f 3466/3466 3458/3458 3362/3362
f 3325/3325 3326/3326 3327/3327
f 3506/3506 3505/3505 3473/3473
f 3362/3362 3470/3470 3425/3425
f 3440/3440 3447/3447 3425/3425
f 3440/3440 3425/3425 3424/3424
f 3440/3440 3424/3424 3423/3423
f 3440/3440 3423/3423 3438/3438
f 3438/3438 3423/3423 3422/3422
f 3341/3341 3327/3327 3444/3444
f 3466/3466 3473/3473 3457/3457
f 3447/3447 3362/3362 3425/3425
f 3341/3341 3444/3444 3356/3356
f 3329/3329 3325/3325 3327/3327
f 3500/3500 3473/3473 3466/3466
f 3363/3363 3466/3466 3362/3362
f 3351/3351 3362/3362 3447/3447
f 3348/3348 3351/3351 3447/3447
f 3348/3348 3447/3447 3440/3440
f 3348/3348 3440/3440 3347/3347
f 3438/3438 3347/3347 3440/3440
f 3329/3329 3327/3327 3341/3341
f 3500/3500 3506/3506 3473/3473
f 3363/3363 3500/3500 3466/3466
f 3361/3361 3363/3363 3362/3362
f 3346/3346 3347/3347 3438/3438
f 3346/3346 3438/3438 3446/3446
f 3341/3341 3356/3356 3355/3355
f 3365/3365 3500/3500 3363/3363
f 3350/3350 3351/3351 3348/3348
f 3350/3350 3348/3348 3349/3349
f 3364/3364 3365/3365 3363/3363
f 3364/3364 3363/3363 3361/3361
f 3345/3345 3349/3349 3348/3348
f 3345/3345 3348/3348 3347/3347
f 3345/3345 3347/3347 3346/3346
f 3345/3345 3346/3346 3343/3343
f 3343/3343 3346/3346 3446/3446
f 3343/3343 3446/3446 3445/3445
f 3337/3337 3343/3343 3445/3445
f 3340/3340 3329/3329 3341/3341
f 3340/3340 3341/3341 3355/3355
f 3340/3340 3355/3355 3358/3358
f 3352/3352 3349/3349 3345/3345
f 3353/3353 3352/3352 3345/3345
f 3359/3359 3340/3340 3358/3358
f 3353/3353 3345/3345 3344/3344
f 3344/3344 3345/3345 3343/3343
f 3339/3339 3343/3343 3337/3337
f 3336/3336 3337/3337 3335/3335
f 3342/3342 3340/3340 3359/3359
f 3344/3344 3343/3343 3339/3339
f 3338/3338 3339/3339 3337/3337
f 3338/3338 3337/3337 3336/3336
f 3336/3336 3335/3335 3334/3334
f 3334/3334 3335/3335 3332/3332
f 3333/3333 3334/3334 3332/3332
f 3333/3333 3332/3332 3329/3329
f 3333/3333 3329/3329 3340/3340
f 3342/3342 3333/3333 3340/3340
f 3354/3354 3338/3338 3336/3336
f 3354/3354 3336/3336 3334/3334
f 3428/3428 3400/3400 3427/3427
f 3429/3429 3428/3428 3427/3427
f 3426/3426 3452/3452 3403/3403
f 3397/3397 3385/3385 3331/3331
f 3456/3456 3452/3452 3426/3426
f 3391/3391 3399/3399 3390/3390
f 3392/3392 3389/3389 3393/3393
f 3395/3395 3386/3386 3397/3397
f 3397/3397 3386/3386 3385/3385
f 3455/3455 3480/3480 3454/3454
f 3455/3455 3454/3454 3452/3452
f 3455/3455 3452/3452 3456/3456
f 3391/3391 3390/3390 3389/3389
f 3394/3394 3392/3392 3393/3393
f 3395/3395 3394/3394 3393/3393
f 3395/3395 3393/3393 3386/3386
f 3504/3504 3480/3480 3472/3472
f 3472/3472 3480/3480 3455/3455
f 3409/3409 3426/3426 3399/3399
f 3328/3328 3331/3331 3428/3428
f 3485/3485 3429/3429 3484/3484
f 3470/3470 3426/3426 3409/3409
f 3504/3504 3472/3472 3473/3473
f 3368/3368 3356/3356 3485/3485
f 3506/3506 3518/3518 3505/3505
f 3355/3355 3356/3356 3368/3368
f 3516/3516 3518/3518 3506/3506
f 3361/3361 3362/3362 3351/3351
f 3516/3516 3506/3506 3500/3500
f 3355/3355 3368/3368 3360/3360
f 3361/3361 3351/3351 3357/3357
f 3515/3515 3516/3516 3500/3500
f 3515/3515 3500/3500 3365/3365
f 3357/3357 3351/3351 3350/3350
f 3358/3358 3355/3355 3360/3360
f 3349/3349 3357/3357 3350/3350
f 2288/2288 2292/2292 2295/2295
f 2288/2288 2295/2295 2294/2294
f 2282/2282 2288/2288 2294/2294
f 2296/2296 2282/2282 2294/2294
f 2281/2281 2282/2282 2296/2296
f 2281/2281 2296/2296 2287/2287
f 2286/2286 2287/2287 2291/2291
f 2285/2285 2286/2286 2291/2291
f 2272/2272 2285/2285 2291/2291
f 2272/2272 2291/2291 2299/2299
f 2290/2290 2300/2300 2293/2293
f 2272/2272 2299/2299 2298/2298
f 2278/2278 2272/2272 2298/2298
f 2278/2278 2298/2298 2297/2297
f 2278/2278 2297/2297 2277/2277
f 2290/2290 2277/2277 2297/2297
f 3452/3452 3454/3454 3453/3453
f 3331/3331 3385/3385 3400/3400
f 3452/3452 3453/3453 3403/3403
f 3390/3390 3399/3399 3384/3384
f 3390/3390 3384/3384 3382/3382
f 3389/3389 3382/3382 3383/3383
f 3393/3393 3388/3388 3386/3386
f 3331/3331 3400/3400 3428/3428
f 3427/3427 3400/3400 3402/3402
f 3393/3393 3383/3383 3388/3388
f 3480/3480 3502/3502 3471/3471
f 3480/3480 3471/3471 3454/3454
f 3399/3399 3403/3403 3384/3384
f 3426/3426 3403/3403 3399/3399
f 3429/3429 3427/3427 3484/3484
f 3511/3511 3502/3502 3480/3480
f 3504/3504 3511/3511 3480/3480
f 3485/3485 3484/3484 3510/3510
f 3521/3521 3511/3511 3504/3504
f 3514/3514 3485/3485 3510/3510
f 3521/3521 3504/3504 3505/3505
f 5396/5396 5434/5434 5433/5433
f 5445/5445 5433/5433 5501/5501
f 3638/3638 3641/3641 3640/3640
f 4444/4444 4445/4445 4442/4442
f 3639/3639 3638/3638 3640/3640
f 3367/3367 3358/3358 3360/3360
f 3743/3743 3757/3757 3756/3756
f 3755/3755 3743/3743 3756/3756
f 3366/3366 3365/3365 3364/3364
f 2283/2283 2292/2292 2288/2288
f 2253/2253 2283/2283 2288/2288
f 2282/2282 2253/2253 2288/2288
f 3359/3359 3358/3358 3367/3367
f 2251/2251 2253/2253 2282/2282
f 2251/2251 2282/2282 2281/2281
f 2246/2246 2251/2251 2281/2281
f 2243/2243 2246/2246 2281/2281
f 2243/2243 2281/2281 2287/2287
f 2243/2243 2287/2287 2286/2286
f 2244/2244 2243/2243 2286/2286
f 2285/2285 2244/2244 2286/2286
f 2248/2248 2244/2244 2285/2285
f 2277/2277 2290/2290 2280/2280
f 2280/2280 2290/2290 2293/2293
f 2271/2271 2272/2272 2278/2278
f 3388/3388 3381/3381 3380/3380
f 3386/3386 3388/3388 3380/3380
f 3400/3400 3387/3387 3402/3402
f 3453/3453 3459/3459 3460/3460
f 3375/3375 3382/3382 3384/3384
f 3383/3383 3374/3374 3381/3381
f 3382/3382 3375/3375 3374/3374
f 3454/3454 3459/3459 3453/3453
f 3454/3454 3471/3471 3459/3459
f 3382/3382 3374/3374 3383/3383
f 3388/3388 3383/3383 3381/3381
f 3385/3385 3386/3386 3378/3378
f 3403/3403 3453/3453 3442/3442
f 3403/3403 3442/3442 3384/3384
f 3484/3484 3427/3427 3508/3508
f 4275/4275 4286/4286 4247/4247
f 4249/4249 4275/4275 4190/4190
f 5432/5432 5396/5396 5433/5433
f 5445/5445 5432/5432 5433/5433
f 4251/4251 4250/4250 4191/4191
f 5501/5501 5513/5513 5445/5445
f 3742/3742 3762/3762 3757/3757
f 3743/3743 3742/3742 3757/3757
f 2231/2231 2238/2238 2229/2229
f 3744/3744 3743/3743 3755/3755
f 4441/4441 4444/4444 4442/4442
f 3636/3636 3638/3638 3639/3639
f 3744/3744 3755/3755 3750/3750
f 2254/2254 2283/2283 2253/2253
f 2242/2242 2245/2245 2243/2243
f 2242/2242 2243/2243 2244/2244
f 2234/2234 2293/2293 2231/2231
f 2247/2247 2244/2244 2248/2248
f 2248/2248 2285/2285 2272/2272
f 2280/2280 2293/2293 2234/2234
f 2262/2262 2248/2248 2272/2272
f 2262/2262 2272/2272 2271/2271
f 2269/2269 2271/2271 2278/2278
f 2269/2269 2278/2278 2273/2273
f 2273/2273 2278/2278 2277/2277
f 2273/2273 2277/2277 2275/2275
f 3381/3381 3372/3372 3369/3369
f 3460/3460 3459/3459 3461/3461
f 3460/3460 3461/3461 3441/3441
f 3384/3384 3377/3377 3375/3375
f 3381/3381 3374/3374 3372/3372
f 3381/3381 3369/3369 3380/3380
f 3427/3427 3402/3402 3474/3474
f 3441/3441 3377/3377 3384/3384
f 3385/3385 3378/3378 3387/3387
f 3385/3385 3387/3387 3400/3400
f 3442/3442 3441/3441 3384/3384
f 3502/3502 3503/3503 3471/3471
f 5513/5513 5501/5501 5521/5521
f 3741/3741 3742/3742 3743/3743
f 2231/2231 2229/2229 2225/2225
f 3741/3741 3743/3743 3744/3744
f 2252/2252 2254/2254 2253/2253
f 2252/2252 2253/2253 2251/2251
f 2250/2250 2251/2251 2246/2246
f 2245/2245 2246/2246 2243/2243
f 2242/2242 2244/2244 2247/2247
f 2256/2256 2247/2247 2248/2248
f 2256/2256 2248/2248 2262/2262
f 2275/2275 2277/2277 2280/2280
f 2269/2269 2262/2262 2271/2271
f 3372/3372 3370/3370 3369/3369
f 3372/3372 3373/3373 3370/3370
f 3461/3461 3459/3459 3462/3462
f 3380/3380 3371/3371 3378/3378
f 3378/3378 3371/3371 3379/3379
f 3443/3443 3461/3461 3462/3462
f 3375/3375 3377/3377 3376/3376
f 3380/3380 3369/3369 3371/3371
f 3387/3387 3379/3379 3401/3401
f 3402/3402 3387/3387 3410/3410
f 3402/3402 3410/3410 3475/3475
f 3374/3374 3373/3373 3372/3372
f 3378/3378 3379/3379 3387/3387
f 3474/3474 3402/3402 3475/3475
f 3441/3441 3443/3443 3377/3377
f 3463/3463 3459/3459 3471/3471
f 3503/3503 3491/3491 3471/3471
f 4286/4286 4318/4318 4282/4282
f 5150/5150 5397/5397 5396/5396
f 5162/5162 5148/5148 5396/5396
f 5162/5162 5396/5396 5432/5432
f 4160/4160 4191/4191 4159/4159
f 5419/5419 5432/5432 5445/5445
f 5419/5419 5445/5445 5513/5513
f 5500/5500 5513/5513 5521/5521
f 3746/3746 3742/3742 3741/3741
f 3636/3636 3637/3637 3638/3638
f 2250/2250 2252/2252 2251/2251
f 2249/2249 2250/2250 2246/2246
f 2249/2249 2246/2246 2245/2245
f 2233/2233 2234/2234 2231/2231
f 2245/2245 2242/2242 2259/2259
f 2259/2259 2242/2242 2247/2247
f 2267/2267 2256/2256 2262/2262
f 2268/2268 2262/2262 2269/2269
f 2270/2270 2269/2269 2273/2273
f 2274/2274 2273/2273 2275/2275
f 2270/2270 2273/2273 2274/2274
f 3462/3462 3463/3463 3464/3464
f 3459/3459 3463/3463 3462/3462
f 3375/3375 3376/3376 3373/3373
f 3387/3387 3401/3401 3410/3410
f 3374/3374 3375/3375 3373/3373
f 3377/3377 3435/3435 3376/3376
f 3443/3443 3462/3462 3435/3435
f 3443/3443 3435/3435 3377/3377
f 3491/3491 3463/3463 3471/3471
f 3517/3517 3503/3503 3511/3511
f 5148/5148 5150/5150 5396/5396
f 5162/5162 5432/5432 5419/5419
f 2225/2225 2229/2229 2224/2224
f 3763/3763 3742/3742 3746/3746
f 3745/3745 3741/3741 3744/3744
f 3745/3745 3744/3744 3750/3750
f 2255/2255 2254/2254 2252/2252
f 2255/2255 2252/2252 2250/2250
f 2257/2257 2250/2250 2249/2249
f 2258/2258 2249/2249 2245/2245
f 2259/2259 2258/2258 2245/2245
f 2259/2259 2247/2247 2260/2260
f 2260/2260 2247/2247 2256/2256
f 2260/2260 2256/2256 2261/2261
f 2227/2227 2280/2280 2234/2234
f 2279/2279 2280/2280 2227/2227
f 2261/2261 2256/2256 2267/2267
f 2279/2279 2275/2275 2280/2280
f 2267/2267 2262/2262 2268/2268
f 2268/2268 2269/2269 2270/2270
f 2279/2279 2274/2274 2275/2275
f 3371/3371 3413/3413 3412/3412
f 3434/3434 3464/3464 3465/3465
f 3376/3376 3411/3411 3373/3373
f 3373/3373 3411/3411 3415/3415
f 3373/3373 3415/3415 3414/3414
f 3370/3370 3373/3373 3414/3414
f 3379/3379 3371/3371 3412/3412
f 3401/3401 3379/3379 3412/3412
f 3401/3401 3412/3412 3416/3416
f 3410/3410 3401/3401 3416/3416
f 3410/3410 3416/3416 3475/3475
f 3491/3491 3490/3490 3463/3463
f 3435/3435 3434/3434 3376/3376
f 5614/5614 5615/5615 5616/5616
f 5308/5308 5513/5513 5500/5500
f 3751/3751 3745/3745 3750/3750
f 3749/3749 3745/3745 3751/3751
f 2255/2255 2276/2276 2254/2254
f 2257/2257 2255/2255 2250/2250
f 2257/2257 2249/2249 2258/2258
f 2258/2258 2259/2259 2266/2266
f 2301/2301 2279/2279 2227/2227
f 2331/2331 2270/2270 2274/2274
f 3411/3411 3420/3420 3419/3419
f 3415/3415 3419/3419 3418/3418
f 3414/3414 3418/3418 3413/3413
f 3412/3412 3417/3417 3416/3416
f 3463/3463 3468/3468 3467/3467
f 3463/3463 3467/3467 3465/3465
f 3434/3434 3420/3420 3376/3376
f 3376/3376 3420/3420 3411/3411
f 3411/3411 3419/3419 3415/3415
f 3414/3414 3415/3415 3418/3418
f 3412/3412 3413/3413 3417/3417
f 3475/3475 3416/3416 3451/3451
f 3491/3491 3513/3513 3490/3490
f 3517/3517 3513/3513 3491/3491
f 5148/5148 5149/5149 5150/5150
f 5146/5146 5148/5148 5162/5162
f 3761/3761 3763/3763 3746/3746
f 2216/2216 2225/2225 2224/2224
f 3746/3746 3741/3741 3745/3745
f 2284/2284 2276/2276 2255/2255
f 2266/2266 2264/2264 2258/2258
f 2315/2315 2260/2260 2261/2261
f 2318/2318 2315/2315 2261/2261
f 2318/2318 2261/2261 2267/2267
f 2332/2332 2274/2274 2279/2279
f 2340/2340 2332/2332 2279/2279
f 2340/2340 2279/2279 2301/2301
f 2329/2329 2268/2268 2270/2270
f 2330/2330 2329/2329 2270/2270
f 2330/2330 2270/2270 2331/2331
f 2331/2331 2274/2274 2332/2332
f 3418/3418 3449/3449 3433/3433
f 3465/3465 3469/3469 3448/3448
f 3419/3419 3450/3450 3449/3449
f 3419/3419 3449/3449 3418/3418
f 3417/3417 3431/3431 3432/3432
f 3417/3417 3432/3432 3430/3430
f 3416/3416 3430/3430 3451/3451
f 3467/3467 3469/3469 3465/3465
f 3420/3420 3450/3450 3419/3419
f 3413/3413 3418/3418 3433/3433
f 3413/3413 3433/3433 3431/3431
f 3413/3413 3431/3431 3417/3417
f 3417/3417 3430/3430 3416/3416
f 3434/3434 3465/3465 3448/3448
f 3434/3434 3448/3448 3420/3420
f 5149/5149 5153/5153 5150/5150
f 2217/2217 2232/2232 2225/2225
f 2217/2217 2225/2225 2216/2216
f 2220/2220 2216/2216 2224/2224
f 3748/3748 3761/3761 3746/3746
f 3747/3747 3746/3746 3745/3745
f 3747/3747 3745/3745 3749/3749
f 2257/2257 2263/2263 2255/2255
f 2265/2265 2257/2257 2264/2264
f 2264/2264 2257/2257 2258/2258
f 2313/2313 2319/2319 2266/2266
f 2313/2313 2266/2266 2259/2259
f 2313/2313 2259/2259 2315/2315
f 2315/2315 2259/2259 2260/2260
f 2329/2329 2267/2267 2268/2268
f 3431/3431 3433/3433 3479/3479
f 3430/3430 3476/3476 3451/3451
f 3450/3450 3482/3482 3449/3449
f 3468/3468 3497/3497 3467/3467
f 3448/3448 3450/3450 3420/3420
f 3509/3509 3497/3497 3490/3490
f 3490/3490 3497/3497 3468/3468
f 3509/3509 3490/3490 3513/3513
f 5296/5296 5153/5153 5149/5149
f 5147/5147 5149/5149 5148/5148
f 5146/5146 5147/5147 5148/5148
f 5144/5144 5146/5146 5162/5162
f 5144/5144 5162/5162 5419/5419
f 5144/5144 5419/5419 5167/5167
f 5613/5613 5615/5615 5614/5614
f 5307/5307 5308/5308 5500/5500
f 5307/5307 5500/5500 5310/5310
f 2213/2213 2217/2217 2216/2216
f 2218/2218 2228/2228 2217/2217
f 2213/2213 2216/2216 2214/2214
f 2214/2214 2216/2216 2220/2220
f 3748/3748 3746/3746 3747/3747
f 3754/3754 3749/3749 3751/3751
f 2284/2284 2289/2289 2276/2276
f 2284/2284 2255/2255 2263/2263
f 2265/2265 2263/2263 2257/2257
f 2320/2320 2264/2264 2266/2266
f 2320/2320 2266/2266 2319/2319
f 2328/2328 2318/2318 2267/2267
f 2328/2328 2267/2267 2329/2329
f 7278/7278 7279/7279 7280/7280
f 3477/3477 3431/3431 3478/3478
f 3432/3432 3477/3477 3476/3476
f 3469/3469 3467/3467 3496/3496
f 3469/3469 3496/3496 3499/3499
f 3449/3449 3482/3482 3483/3483
f 3431/3431 3477/3477 3432/3432
f 3430/3430 3432/3432 3476/3476
f 3451/3451 3476/3476 3487/3487
f 3481/3481 3450/3450 3448/3448
f 3520/3520 3509/3509 3513/3513
f 4185/4185 4277/4277 4192/4192
f 5147/5147 5296/5296 5149/5149
f 5152/5152 5144/5144 5167/5167
f 2213/2213 2218/2218 2217/2217
f 2215/2215 2214/2214 2220/2220
f 2289/2289 2284/2284 2263/2263
f 2308/2308 2265/2265 2264/2264
f 2311/2311 2319/2319 2313/2313
f 2311/2311 2313/2313 2310/2310
f 2315/2315 2310/2310 2313/2313
f 2316/2316 2315/2315 2318/2318
f 2223/2223 2222/2222 2227/2227
f 2328/2328 2316/2316 2318/2318
f 6943/6943 6946/6946 6947/6947
f 7278/7278 6947/6947 7279/7279
f 3482/3482 3494/3494 3483/3483
f 3449/3449 3483/3483 3479/3479
f 3467/3467 3501/3501 3496/3496
f 3481/3481 3495/3495 3450/3450
f 3450/3450 3495/3495 3494/3494
f 3482/3482 3450/3450 3494/3494
f 3497/3497 3507/3507 3501/3501
f 3512/3512 3507/3507 3497/3497
f 3509/3509 3512/3512 3497/3497
f 3519/3519 3512/3512 3509/3509
f 3519/3519 3509/3509 3520/3520
f 5145/5145 5147/5147 5146/5146
f 5145/5145 5146/5146 5144/5144
f 5305/5305 5308/5308 5307/5307
f 4182/4182 4296/4296 4092/4092
f 2212/2212 2218/2218 2213/2213
f 2212/2212 2213/2213 2214/2214
f 2212/2212 2214/2214 2215/2215
f 2215/2215 2218/2218 2212/2212
f 2219/2219 2223/2223 2218/2218
f 2219/2219 2218/2218 2215/2215
f 3752/3752 3747/3747 3749/3749
f 2324/2324 2263/2263 2265/2265
f 2308/2308 2264/2264 2320/2320
f 2311/2311 2320/2320 2319/2319
f 2310/2310 2315/2315 2316/2316
f 7281/7281 7280/7280 7283/7283
f 2340/2340 2301/2301 2222/2222
f 6943/6943 6945/6945 6946/6946
f 7281/7281 7278/7278 7280/7280
f 3477/3477 3489/3489 3486/3486
f 3476/3476 3486/3486 3498/3498
f 3479/3479 3493/3493 3492/3492
f 3479/3479 3492/3492 3488/3488
f 3478/3478 3488/3488 3489/3489
f 3476/3476 3477/3477 3486/3486
f 3476/3476 3498/3498 3487/3487
f 4319/4319 4329/4329 4252/4252
f 5443/5443 5467/5467 5296/5296
f 5443/5443 5296/5296 5147/5147
f 5151/5151 5147/5147 5145/5145
f 5612/5612 5613/5613 5614/5614
f 3758/3758 3761/3761 3748/3748
f 3752/3752 3748/3748 3747/3747
f 2220/2220 2219/2219 2215/2215
f 2221/2221 2219/2219 2220/2220
f 3753/3753 3752/3752 3749/3749
f 3753/3753 3749/3749 3754/3754
f 2324/2324 2265/2265 2321/2321
f 2222/2222 2223/2223 2219/2219
f 2221/2221 2222/2222 2219/2219
f 2312/2312 2321/2321 2265/2265
f 2312/2312 2265/2265 2308/2308
f 2308/2308 2320/2320 2311/2311
f 2317/2317 2316/2316 2328/2328
f 6968/6968 7188/7188 6945/6945
f 6944/6944 6945/6945 6943/6943
f 6961/6961 6943/6943 6947/6947
f 6961/6961 6947/6947 7278/7278
f 3483/3483 3594/3594 3602/3602
f 3483/3483 3602/3602 3493/3493
f 3501/3501 3606/3606 3596/3596
f 3501/3501 3596/3596 3496/3496
f 3496/3496 3593/3593 3499/3499
f 3499/3499 3593/3593 3495/3495
f 3494/3494 3594/3594 3483/3483
f 3507/3507 3606/3606 3501/3501
f 5151/5151 5443/5443 5147/5147
f 5159/5159 5152/5152 5167/5167
f 5159/5159 5167/5167 5514/5514
f 5420/5420 5514/5514 5308/5308
f 5420/5420 5308/5308 5305/5305
f 5306/5306 5307/5307 5310/5310
f 3752/3752 3758/3758 3748/3748
f 2289/2289 2263/2263 2324/2324
f 2309/2309 2311/2311 2310/2310
f 2310/2310 2316/2316 2317/2317
f 6944/6944 6968/6968 6945/6945
f 2221/2221 2340/2340 2222/2222
f 7282/7282 6961/6961 7278/7278
f 3488/3488 3492/3492 3604/3604
f 3488/3488 3604/3604 3597/3597
f 3489/3489 3598/3598 3486/3486
f 3498/3498 3486/3486 3600/3600
f 3498/3498 3600/3600 3605/3605
f 3602/3602 3601/3601 3493/3493
f 3492/3492 3601/3601 3604/3604
f 3498/3498 3605/3605 3487/3487
f 3496/3496 3596/3596 3593/3593
f 3495/3495 3593/3593 3594/3594
f 5143/5143 5145/5145 5144/5144
f 5143/5143 5144/5144 5142/5142
f 5306/5306 5310/5310 5309/5309
f 5309/5309 5310/5310 5436/5436
f 2230/2230 2220/2220 2235/2235
f 2325/2325 2334/2334 2289/2289
f 2226/2226 2221/2221 2220/2220
f 2309/2309 2308/2308 2311/2311
f 7284/7284 7281/7281 7283/7283
f 7284/7284 7283/7283 7285/7285
f 7288/7288 7278/7278 7281/7281
f 3604/3604 3601/3601 3595/3595
f 3604/3604 3595/3595 3597/3597
f 3486/3486 3598/3598 3600/3600
f 3602/3602 3592/3592 3601/3601
f 3593/3593 3579/3579 3594/3594
f 3602/3602 3594/3594 3592/3592
f 3507/3507 3522/3522 3606/3606
f 3522/3522 3507/3507 3512/3512
f 5443/5443 5495/5495 5467/5467
f 5636/5636 5638/5638 5637/5637
f 4106/4106 4185/4185 4103/4103
f 5143/5143 5151/5151 5145/5145
f 5142/5142 5144/5144 5152/5152
f 5142/5142 5152/5152 5159/5159
f 2325/2325 2289/2289 2324/2324
f 2336/2336 2339/2339 2334/2334
f 2335/2335 2334/2334 2325/2325
f 2323/2323 2324/2324 2321/2321
f 2305/2305 2312/2312 2308/2308
f 2305/2305 2308/2308 2307/2307
f 2307/2307 2308/2308 2309/2309
f 2306/2306 2307/2307 2309/2309
f 2306/2306 2309/2309 2310/2310
f 2204/2204 2306/2306 2310/2310
f 7288/7288 7282/7282 7278/7278
f 7288/7288 7281/7281 7284/7284
f 3597/3597 3585/3585 3598/3598
f 3601/3601 3591/3591 3595/3595
f 3597/3597 3586/3586 3585/3585
f 3605/3605 3600/3600 3590/3590
f 3596/3596 3580/3580 3581/3581
f 3593/3593 3581/3581 3577/3577
f 3596/3596 3581/3581 3593/3593
f 3596/3596 3599/3599 3580/3580
f 3606/3606 3599/3599 3596/3596
f 5132/5132 5495/5495 5443/5443
f 5161/5161 5132/5132 5443/5443
f 5306/5306 5305/5305 5307/5307
f 2336/2336 2334/2334 2335/2335
f 2322/2322 2323/2323 2321/2321
f 2322/2322 2321/2321 2312/2312
f 2314/2314 2312/2312 2305/2305
f 2211/2211 2305/2305 2210/2210
f 2210/2210 2305/2305 2307/2307
f 2210/2210 2307/2307 2306/2306
f 2207/2207 2210/2210 2306/2306
f 2204/2204 2310/2310 2317/2317
f 2205/2205 2204/2204 2317/2317
f 7284/7284 7285/7285 7286/7286
f 7737/7737 7738/7738 7739/7739
f 3598/3598 3585/3585 3587/3587
f 3595/3595 3591/3591 3588/3588
f 3597/3597 3595/3595 3588/3588
f 3597/3597 3588/3588 3586/3586
f 3606/3606 3522/3522 3599/3599
f 5420/5420 5159/5159 5514/5514
f 5293/5293 5159/5159 5420/5420
f 3758/3758 3752/3752 3759/3759
f 2323/2323 2325/2325 2324/2324
f 2314/2314 2322/2322 2312/2312
f 2304/2304 2314/2314 2305/2305
f 2304/2304 2305/2305 2211/2211
f 2204/2204 2207/2207 2306/2306
f 6948/6948 6943/6943 6961/6961
f 6961/6961 7282/7282 7288/7288
f 3600/3600 3587/3587 3590/3590
f 3591/3591 3584/3584 3582/3582
f 5291/5291 5502/5502 5495/5495
f 5132/5132 5291/5291 5495/5495
f 5635/5635 5636/5636 5637/5637
f 5454/5454 5151/5151 5143/5143
f 5303/5303 5420/5420 5305/5305
f 5304/5304 5303/5303 5305/5305
f 5304/5304 5305/5305 5306/5306
f 3760/3760 3758/3758 3759/3759
f 2304/2304 2303/2303 2314/2314
f 2302/2302 2304/2304 2211/2211
f 2209/2209 2211/2211 2210/2210
f 2209/2209 2210/2210 2207/2207
f 2206/2206 2207/2207 2204/2204
f 2203/2203 2204/2204 2205/2205
f 2206/2206 2204/2204 2203/2203
f 3586/3586 3588/3588 3578/3578
f 3586/3586 3578/3578 3585/3585
f 3588/3588 3582/3582 3578/3578
f 3583/3583 3575/3575 3584/3584
f 5293/5293 5142/5142 5159/5159
f 5312/5312 5309/5309 5436/5436
f 2333/2333 2325/2325 2323/2323
f 2303/2303 2322/2322 2314/2314
f 3310/3310 3309/3309 3315/3315
f 2302/2302 2303/2303 2304/2304
f 2209/2209 2207/2207 2208/2208
f 2208/2208 2207/2207 2206/2206
f 7740/7740 7739/7739 7738/7738
f 3582/3582 3572/3572 3578/3578
f 3574/3574 3572/3572 3582/3582
f 3599/3599 3568/3568 3580/3580
f 3522/3522 3607/3607 3599/3599
f 5130/5130 5132/5132 5161/5161
f 5133/5133 5161/5161 5454/5454
f 5123/5123 5454/5454 5143/5143
f 5123/5123 5143/5143 5142/5142
f 5304/5304 5306/5306 5309/5309
f 2337/2337 2336/2336 2335/2335
f 2338/2338 2335/2335 2325/2325
f 2333/2333 2338/2338 2325/2325
f 2326/2326 2323/2323 2322/2322
f 2344/2344 2327/2327 2322/2322
f 6942/6942 6968/6968 6944/6944
f 2343/2343 2322/2322 2303/2303
f 2344/2344 2322/2322 2343/2343
f 7386/7386 7388/7388 7389/7389
f 4712/4712 4688/4688 4736/4736
f 4712/4712 4736/4736 4734/4734
f 4725/4725 4712/4712 4734/4734
f 4732/4732 4725/4725 4734/4734
f 4732/4732 4734/4734 4733/4733
f 4733/4733 4734/4734 4735/4735
f 6940/6940 6943/6943 6948/6948
f 6948/6948 6961/6961 7288/7288
f 6949/6949 7288/7288 6960/6960
f 3578/3578 3573/3573 3569/3569
f 3575/3575 3566/3566 3574/3574
f 3608/3608 3607/3607 3522/3522
f 5133/5133 5130/5130 5161/5161
f 5129/5129 5123/5123 5142/5142
f 5129/5129 5142/5142 5293/5293
f 5311/5311 5304/5304 5309/5309
f 2337/2337 2341/2341 2336/2336
f 2326/2326 2333/2333 2323/2323
f 7223/7223 7222/7222 7227/7227
f 2327/2327 2326/2326 2322/2322
f 2345/2345 2327/2327 2344/2344
f 7386/7386 7387/7387 7388/7388
f 4689/4689 4688/4688 4712/4712
f 7470/7470 7460/7460 7458/7458
f 7464/7464 7460/7460 7469/7469
f 7464/7464 7469/7469 7466/7466
f 6942/6942 6944/6944 6943/6943
f 6948/6948 7288/7288 6949/6949
f 3574/3574 3563/3563 3564/3564
f 5131/5131 5291/5291 5132/5132
f 5311/5311 5309/5309 5312/5312
f 3307/3307 3309/3309 3310/3310
f 7507/7507 7377/7377 7525/7525
f 2346/2346 2327/2327 2345/2345
f 7384/7384 7390/7390 7387/7387
f 7386/7386 7384/7384 7387/7387
f 4677/4677 4687/4687 4688/4688
f 4677/4677 4688/4688 4689/4689
f 7472/7472 7473/7473 7470/7470
f 7472/7472 7470/7470 7471/7471
f 7471/7471 7470/7470 7458/7458
f 7461/7461 7460/7460 7464/7464
f 3573/3573 3553/3553 3569/3569
f 5130/5130 5131/5131 5132/5132
f 5127/5127 5133/5133 5454/5454
f 5127/5127 5454/5454 5125/5125
f 5641/5641 5642/5642 5643/5643
f 2342/2342 2341/2341 2337/2337
f 3308/3308 3309/3309 3307/3307
f 7228/7228 7377/7377 7507/7507
f 7383/7383 7384/7384 7386/7386
f 3320/3320 3319/3319 3323/3323
f 4727/4727 4732/4732 4753/4753
f 7474/7474 7473/7473 7472/7472
f 7459/7459 7458/7458 7460/7460
f 6940/6940 6942/6942 6943/6943
f 6953/6953 6949/6949 6960/6960
f 6965/6965 6960/6960 7362/7362
f 7459/7459 7460/7460 7461/7461
f 3569/3569 3547/3547 3551/3551
f 5137/5137 5420/5420 5303/5303
f 7228/7228 7225/7225 7377/7377
f 7224/7224 7225/7225 7228/7228
f 7221/7221 7218/7218 7222/7222
f 7221/7221 7222/7222 7223/7223
f 4674/4674 4687/4687 4677/4677
f 4686/4686 4677/4677 4689/4689
f 4725/4725 4754/4754 4712/4712
f 4727/4727 4725/4725 4732/4732
f 7475/7475 7472/7472 7490/7490
f 7490/7490 7472/7472 7471/7471
f 7457/7457 7471/7471 7458/7458
f 3853/3853 3867/3867 3854/3854
f 6965/6965 6953/6953 6960/6960
f 7382/7382 7385/7385 7384/7384
f 7465/7465 7464/7464 7466/7466
f 5154/5154 5291/5291 5131/5131
f 5127/5127 5130/5130 5133/5133
f 5121/5121 5454/5454 5123/5123
f 5641/5641 5640/5640 5642/5642
f 5104/5104 5281/5281 5420/5420
f 5137/5137 5104/5104 5420/5420
f 4244/4244 4205/4205 4087/4087
f 5313/5313 5311/5311 5312/5312
f 3302/3302 3307/3307 3306/3306
f 7217/7217 7219/7219 7218/7218
f 3302/3302 3308/3308 3307/3307
f 7382/7382 7507/7507 7385/7385
f 4677/4677 4675/4675 4674/4674
f 3318/3318 3319/3319 3320/3320
f 7453/7453 7490/7490 7471/7471
f 7453/7453 7471/7471 7457/7457
f 7456/7456 7457/7457 7458/7458
f 7461/7461 7464/7464 7463/7463
f 7463/7463 7464/7464 7465/7465
f 2831/2831 2835/2835 2844/2844
f 2831/2831 2844/2844 2848/2848
f 5125/5125 5126/5126 5127/5127
f 5121/5121 5125/5125 5454/5454
f 7337/7337 7228/7228 7507/7507
f 7337/7337 7507/7507 7382/7382
f 3318/3318 3321/3321 3319/3319
f 4725/4725 4755/4755 4754/4754
f 7475/7475 7474/7474 7472/7472
f 7476/7476 7474/7474 7475/7475
f 7456/7456 7453/7453 7457/7457
f 7456/7456 7458/7458 7459/7459
f 5128/5128 5130/5130 5127/5127
f 5122/5122 5123/5123 5129/5129
f 5639/5639 5640/5640 5641/5641
f 6962/6962 6953/6953 6965/6965
f 3301/3301 3308/3308 3302/3302
f 7220/7220 7218/7218 7221/7221
f 7455/7455 7453/7453 7456/7456
f 3866/3866 3867/3867 3853/3853
f 6940/6940 6948/6948 6949/6949
f 6952/6952 6949/6949 6953/6953
f 4724/4724 4725/4725 4727/4727
f 4673/4673 4728/4728 4729/4729
f 4673/4673 4729/4729 4730/4730
f 3551/3551 3530/3530 3550/3550
f 3526/3526 3547/3547 3546/3546
f 2834/2834 2833/2833 2836/2836
f 5128/5128 5154/5154 5131/5131
f 5128/5128 5131/5131 5130/5130
f 5121/5121 5123/5123 5122/5122
f 5292/5292 5122/5122 5129/5129
f 6954/6954 6952/6952 6953/6953
f 6954/6954 6953/6953 6962/6962
f 4726/4726 4755/4755 4725/4725
f 7450/7450 7453/7453 7455/7455
f 7462/7462 7459/7459 7461/7461
f 3865/3865 3867/3867 3866/3866
f 6935/6935 6942/6942 6940/6940
f 6950/6950 6940/6940 6949/6949
f 6952/6952 6951/6951 6949/6949
f 4724/4724 4727/4727 4728/4728
f 4724/4724 4728/4728 4673/4673
f 7449/7449 7480/7480 7454/7454
f 7444/7444 7480/7480 7449/7449
f 7449/7449 7454/7454 7453/7453
f 7449/7449 7453/7453 7450/7450
f 7448/7448 7449/7449 7450/7450
f 7451/7451 7448/7448 7450/7450
f 7448/7448 7444/7444 7449/7449
f 2832/2832 2831/2831 2848/2848
f 5128/5128 5127/5127 5126/5126
f 5314/5314 5304/5304 5311/5311
f 3300/3300 3301/3301 3302/3302
f 3300/3300 3302/3302 3303/3303
f 3322/3322 3321/3321 3318/3318
f 7477/7477 7455/7455 7456/7456
f 6951/6951 6950/6950 6949/6949
f 4722/4722 4725/4725 4724/4724
f 4672/4672 4724/4724 4673/4673
f 4670/4670 4672/4672 4673/4673
f 7549/7549 7550/7550 7551/7551
f 7444/7444 7447/7447 7480/7480
f 7445/7445 7447/7447 7444/7444
f 7478/7478 7450/7450 7455/7455
f 7451/7451 7450/7450 7478/7478
f 7478/7478 7455/7455 7537/7537
f 4102/4102 4116/4116 4101/4101
f 5124/5124 5125/5125 5121/5121
f 5102/5102 5281/5281 5104/5104
f 5302/5302 5137/5137 5303/5303
f 3316/3316 3300/3300 3317/3317
f 7226/7226 7224/7224 7228/7228
f 4685/4685 4677/4677 4686/4686
f 3322/3322 3324/3324 3321/3321
f 4447/4447 4449/4449 4451/4451
f 4722/4722 4755/4755 4726/4726
f 7477/7477 7456/7456 7459/7459
f 7477/7477 7459/7459 7508/7508
f 7508/7508 7459/7459 7462/7462
f 7463/7463 7508/7508 7462/7462
f 7463/7463 7462/7462 7461/7461
f 4722/4722 4726/4726 4725/4725
f 4723/4723 4722/4722 4724/4724
f 4723/4723 4724/4724 4740/4740
f 4671/4671 4740/4740 4724/4724
f 4670/4670 4671/4671 4672/4672
f 7479/7479 7513/7513 7447/7447
f 7537/7537 7455/7455 7477/7477
f 7445/7445 7479/7479 7447/7447
f 5155/5155 5154/5154 5128/5128
f 5136/5136 5126/5126 5124/5124
f 5124/5124 5126/5126 5125/5125
f 5120/5120 5122/5122 5292/5292
f 5102/5102 5292/5292 5281/5281
f 3305/3305 3304/3304 3300/3300
f 7215/7215 7218/7218 7220/7220
f 7333/7333 7337/7337 7382/7382
f 3864/3864 3865/3865 3866/3866
f 6963/6963 6940/6940 6950/6950
f 6952/6952 6964/6964 6951/6951
f 4747/4747 4723/4723 4740/4740
f 7479/7479 7496/7496 7530/7530
f 7530/7530 7513/7513 7479/7479
f 7467/7467 7463/7463 7465/7465
f 7468/7468 7463/7463 7467/7467
f 7441/7441 7479/7479 7445/7445
f 7441/7441 7445/7445 7444/7444
f 7451/7451 7478/7478 7537/7537
f 2845/2845 2832/2832 2848/2848
f 5156/5156 5154/5154 5155/5155
f 5644/5644 5645/5645 5646/5646
f 5302/5302 5303/5303 5304/5304
f 7295/7295 7226/7226 7228/7228
f 6955/6955 6952/6952 6954/6954
f 3311/3311 3312/3312 3304/3304
f 4678/4678 4675/4675 4677/4677
f 4679/4679 4677/4677 4685/4685
f 7553/7553 7552/7552 7555/7555
f 6937/6937 6935/6935 6940/6940
f 6937/6937 6940/6940 6963/6963
f 6956/6956 6964/6964 6952/6952
f 6955/6955 6956/6956 6952/6952
f 7509/7509 7537/7537 7380/7380
f 7442/7442 7496/7496 7479/7479
f 7443/7443 7441/7441 7444/7444
f 7446/7446 7444/7444 7448/7448
f 7452/7452 7446/7446 7448/7448
f 7571/7571 7578/7578 7577/7577
f 7571/7571 7577/7577 7576/7576
f 7571/7571 7576/7576 7575/7575
f 3946/3946 3947/3947 3942/3942
f 5120/5120 5121/5121 5122/5122
f 4096/4096 4351/4351 4097/4097
f 7215/7215 7217/7217 7218/7218
f 7332/7332 7330/7330 7337/7337
f 7332/7332 7337/7337 7333/7333
f 4450/4450 4456/4456 4448/4448
f 4447/4447 4448/4448 4449/4449
f 4450/4450 4448/4448 4447/4447
f 7380/7380 7508/7508 6826/6826
f 7443/7443 7444/7444 7446/7446
f 3947/3947 3943/3943 3938/3938
f 3942/3942 3947/3947 3938/3938
f 3936/3936 3942/3942 3938/3938
f 3946/3946 3942/3942 3936/3936
f 4355/4355 3946/3946 3936/3936
f 4053/4053 3946/3946 4355/4355
f 5119/5119 5124/5124 5121/5121
f 5280/5280 5107/5107 5292/5292
f 5314/5314 5311/5311 5313/5313
f 7330/7330 7228/7228 7337/7337
f 4744/4744 4723/4723 4747/4747
f 3863/3863 3865/3865 3864/3864
f 6937/6937 6936/6936 6935/6935
f 6950/6950 6951/6951 6964/6964
f 4679/4679 4678/4678 4677/4677
f 4719/4719 4722/4722 4723/4723
f 7442/7442 7482/7482 7496/7496
f 7441/7441 7442/7442 7479/7479
f 7573/7573 7571/7571 7575/7575
f 5431/5431 5128/5128 5126/5126
f 3938/3938 3943/3943 3937/3937
f 3936/3936 3938/3938 3930/3930
f 3932/3932 3936/3936 3930/3930
f 5120/5120 5119/5119 5121/5121
f 5100/5100 5280/5280 5292/5292
f 5100/5100 5292/5292 5102/5102
f 4008/4008 4294/4294 4096/4096
f 7230/7230 7220/7220 7221/7221
f 4452/4452 4450/4450 4447/4447
f 6824/6824 7380/7380 6826/6826
f 6824/6824 6826/6826 6822/6822
f 6938/6938 6937/6937 6963/6963
f 7723/7723 7724/7724 7720/7720
f 7723/7723 7720/7720 7721/7721
f 4720/4720 4722/4722 4719/4719
f 7624/7624 7625/7625 7626/7626
f 7532/7532 7508/7508 7463/7463
f 7617/7617 7618/7618 7619/7619
f 7620/7620 7617/7617 7619/7619
f 4657/4657 4658/4658 4659/4659
f 7498/7498 7537/7537 7509/7509
f 3937/3937 3943/3943 3927/3927
f 3928/3928 3938/3938 3937/3937
f 4304/4304 4355/4355 3934/3934
f 4352/4352 4044/4044 4304/4304
f 4031/4031 4044/4044 4352/4352
f 3314/3314 3311/3311 3313/3313
f 3862/3862 3863/3863 3864/3864
f 6936/6936 6937/6937 6938/6938
f 6966/6966 6938/6938 6967/6967
f 7719/7719 7721/7721 7720/7720
f 7719/7719 7720/7720 7715/7715
f 7334/7334 7333/7333 7335/7335
f 7334/7334 7335/7335 7336/7336
f 6871/6871 7488/7488 7392/7392
f 7579/7579 7580/7580 7581/7581
f 3543/3543 3555/3555 3554/3554
f 5431/5431 5155/5155 5128/5128
f 3943/3943 3941/3941 3927/3927
f 5119/5119 5136/5136 5124/5124
f 4147/4147 4031/4031 4352/4352
f 5647/5647 5644/5644 5646/5646
f 5098/5098 5102/5102 5104/5104
f 5314/5314 5302/5302 5304/5304
f 4453/4453 4454/4454 4450/4450
f 7331/7331 7332/7332 7333/7333
f 7331/7331 7333/7333 7334/7334
f 4453/4453 4450/4450 4452/4452
f 4743/4743 4719/4719 4744/4744
f 6924/6924 6925/6925 6935/6935
f 7722/7722 7721/7721 7719/7719
f 6959/6959 6964/6964 6956/6956
f 4696/4696 4720/4720 4719/4719
f 7481/7481 7482/7482 7442/7442
f 7481/7481 7499/7499 7482/7482
f 7579/7579 7581/7581 7583/7583
f 7584/7584 7583/7583 7581/7581
f 6872/6872 7488/7488 6871/6871
f 6873/6873 7488/7488 6872/6872
f 6869/6869 6873/6873 6872/6872
f 6869/6869 6872/6872 6871/6871
f 7391/7391 6871/6871 7392/7392
f 7391/7391 7392/7392 7393/7393
f 4162/4162 4283/4283 4163/4163
f 5136/5136 5431/5431 5126/5126
f 3928/3928 3937/3937 3927/3927
f 4292/4292 4352/4352 4304/4304
f 4147/4147 4352/4352 4292/4292
f 5100/5100 5102/5102 5098/5098
f 7489/7489 6939/6939 6966/6966
f 7489/7489 6966/6966 6978/6978
f 6975/6975 6966/6966 6969/6969
f 6978/6978 6966/6966 6975/6975
f 6976/6976 6975/6975 6969/6969
f 6982/6982 6976/6976 6969/6969
f 6982/6982 6969/6969 6970/6970
f 7717/7717 7719/7719 7715/7715
f 7296/7296 7295/7295 7228/7228
f 7296/7296 7228/7228 7330/7330
f 4454/4454 4457/4457 4456/4456
f 4455/4455 4457/4457 4454/4454
f 4710/4710 4720/4720 4696/4696
f 6820/6820 6824/6824 6822/6822
f 4680/4680 4678/4678 4679/4679
f 4718/4718 4696/4696 4719/4719
f 7411/7411 7481/7481 7442/7442
f 6873/6873 7534/7534 7488/7488
f 6870/6870 6871/6871 7391/7391
f 6869/6869 6871/6871 6870/6870
f 7411/7411 7442/7442 7441/7441
f 7404/7404 7441/7441 7443/7443
f 6829/6829 7498/7498 7509/7509
f 3941/3941 3902/3902 3927/3927
f 3928/3928 3927/3927 3904/3904
f 3931/3931 3929/3929 3935/3935
f 4234/4234 3931/3931 3935/3935
f 4228/4228 3931/3931 4234/4234
f 4304/4304 4291/4291 4292/4292
f 4147/4147 4292/4292 4343/4343
f 5160/5160 5118/5118 5120/5120
f 5099/5099 5107/5107 5100/5100
f 4455/4455 4454/4454 4453/4453
f 7489/7489 6971/6971 6939/6939
f 7497/7497 6982/6982 6970/6970
f 7331/7331 7330/7330 7332/7332
f 4741/4741 4719/4719 4743/4743
f 6823/6823 6822/6822 6826/6826
f 6924/6924 6907/6907 6925/6925
f 4710/4710 4721/4721 4720/4720
f 4709/4709 4721/4721 4710/4710
f 7411/7411 7499/7499 7481/7481
f 7416/7416 7502/7502 7534/7534
f 6855/6855 6869/6869 6870/6870
f 7411/7411 7441/7441 7404/7404
f 7579/7579 7582/7582 7580/7580
f 7394/7394 7391/7391 7393/7393
f 7572/7572 7571/7571 7573/7573
f 5512/5512 5431/5431 5136/5136
f 3941/3941 3900/3900 3902/3902
f 3935/3935 3929/3929 3933/3933
f 4291/4291 4228/4228 4236/4236
f 4343/4343 4292/4292 4333/4333
f 4148/4148 4037/4037 3994/3994
f 5098/5098 5104/5104 5137/5137
f 3878/3878 3881/3881 3883/3883
f 7771/7771 7773/7773 7772/7772
f 6979/6979 6975/6975 6976/6976
f 7497/7497 6976/6976 6982/6982
f 7725/7725 7719/7719 7717/7717
f 7302/7302 7330/7330 7331/7331
f 7521/7521 7331/7331 7334/7334
f 6821/6821 6822/6822 6823/6823
f 6924/6924 6935/6935 6936/6936
f 6924/6924 6936/6936 6941/6941
f 7725/7725 7727/7727 7722/7722
f 7725/7725 7722/7722 7719/7719
f 7714/7714 7717/7717 7715/7715
f 7714/7714 7715/7715 7716/7716
f 7612/7612 7613/7613 7614/7614
f 7410/7410 7499/7499 7411/7411
f 6823/6823 6826/6826 7532/7532
f 7274/7274 7532/7532 6930/6930
f 7585/7585 7579/7579 7583/7583
f 7608/7608 7610/7610 7611/7611
f 6877/6877 6855/6855 6870/6870
f 6877/6877 6870/6870 7391/7391
f 6877/6877 7391/7391 7394/7394
f 7591/7591 7592/7592 7593/7593
f 6857/6857 6873/6873 6869/6869
f 7570/7570 7571/7571 7572/7572
f 5169/5169 5157/5157 5163/5163
f 5163/5163 5155/5155 5431/5431
f 5284/5284 5163/5163 5431/5431
f 3927/3927 3902/3902 3899/3899
f 3904/3904 3927/3927 3899/3899
f 3929/3929 3904/3904 3933/3933
f 5118/5118 5119/5119 5120/5120
f 4332/4332 4292/4292 4236/4236
f 4302/4302 4343/4343 4333/4333
f 4149/4149 4147/4147 4343/4343
f 5108/5108 5118/5118 5160/5160
f 5097/5097 5098/5098 5137/5137
f 4015/4015 4072/4072 4007/4007
f 7342/7342 6979/6979 6976/6976
f 7342/7342 6976/6976 7497/7497
f 7215/7215 7220/7220 7381/7381
f 7381/7381 7220/7220 7230/7230
f 7229/7229 7230/7230 7221/7221
f 7521/7521 7302/7302 7331/7331
f 7612/7612 7616/7616 7613/7613
f 4458/4458 4457/4457 4455/4455
f 4709/4709 4752/4752 4721/4721
f 6820/6820 6822/6822 6821/6821
f 6957/6957 6956/6956 6955/6955
f 4680/4680 4679/4679 4681/4681
f 7407/7407 7410/7410 7411/7411
f 7594/7594 7591/7591 7593/7593
f 7607/7607 7610/7610 7608/7608
f 7607/7607 7608/7608 7609/7609
f 7491/7491 6873/6873 6857/6857
f 6857/6857 6869/6869 6855/6855
f 4234/4234 3935/3935 4233/4233
f 5099/5099 5160/5160 5107/5107
f 5459/5459 5314/5314 5313/5313
f 7216/7216 7217/7217 7215/7215
f 7324/7324 7521/7521 7309/7309
f 3878/3878 3880/3880 3881/3881
f 3875/3875 3880/3880 3878/3878
f 3861/3861 3863/3863 3862/3862
f 6895/6895 6907/6907 6924/6924
f 6979/6979 6978/6978 6975/6975
f 4682/4682 4681/4681 4679/4679
f 4709/4709 4710/4710 4696/4696
f 6823/6823 7532/7532 7274/7274
f 7404/7404 7407/7407 7411/7411
f 6856/6856 6857/6857 6855/6855
f 7498/7498 6829/6829 6825/6825
f 4301/4301 4343/4343 4302/4302
f 4301/4301 4149/4149 4343/4343
f 5098/5098 5099/5099 5100/5100
f 7324/7324 7302/7302 7521/7521
f 3860/3860 3861/3861 3862/3862
f 7770/7770 7771/7771 7772/7772
f 7371/7371 7372/7372 7370/7370
f 4683/4683 4681/4681 4682/4682
f 4694/4694 4696/4696 4718/4718
f 7408/7408 7410/7410 7407/7407
f 7412/7412 7410/7410 7408/7408
f 6888/6888 7274/7274 6930/6930
f 6862/6862 7491/7491 6857/6857
f 5282/5282 5169/5169 5163/5163
f 5406/5406 5512/5512 5136/5136
f 5117/5117 5136/5136 5119/5119
f 5117/5117 5119/5119 5118/5118
f 4150/4150 4149/4149 4301/4301
f 4405/4405 4150/4150 4301/4301
f 5108/5108 5160/5160 5099/5099
f 4037/4037 4148/4148 4151/4151
f 5459/5459 5313/5313 5461/5461
f 7518/7518 6941/6941 6971/6971
f 7774/7774 7771/7771 7770/7770
f 7371/7371 7497/7497 7372/7372
f 7296/7296 7330/7330 7302/7302
f 7307/7307 7324/7324 7309/7309
f 4683/4683 4682/4682 4684/4684
f 3882/3882 3880/3880 3875/3875
f 4695/4695 4752/4752 4709/4709
f 6828/6828 6821/6821 6823/6823
f 6895/6895 6924/6924 7518/7518
f 7518/7518 6924/6924 6941/6941
f 7292/7292 7510/7510 6978/6978
f 7292/7292 6978/6978 6979/6979
f 4695/4695 4709/4709 4696/4696
f 7399/7399 7494/7494 7416/7416
f 7415/7415 7399/7399 7416/7416
f 7415/7415 7416/7416 7417/7417
f 6854/6854 6855/6855 6877/6877
f 7523/7523 6854/6854 6877/6877
f 7523/7523 6877/6877 7394/7394
f 7405/7405 7407/7407 7404/7404
f 6858/6858 6862/6862 6857/6857
f 6856/6856 6858/6858 6857/6857
f 6853/6853 6856/6856 6855/6855
f 5512/5512 5284/5284 5431/5431
f 4300/4300 4405/4405 4301/4301
f 7229/7229 7226/7226 7295/7295
f 7527/7527 7518/7518 6971/6971
f 7344/7344 7342/7342 7497/7497
f 7783/7783 7785/7785 7784/7784
f 3874/3874 3882/3882 3875/3875
f 4745/4745 4718/4718 4742/4742
f 6819/6819 6820/6820 6821/6821
f 6906/6906 6907/6907 6895/6895
f 7369/7369 7371/7371 7370/7370
f 6958/6958 6957/6957 6955/6955
f 4695/4695 4696/4696 4694/4694
f 7413/7413 7412/7412 7408/7408
f 7401/7401 7494/7494 7399/7399
f 7401/7401 7414/7414 7494/7494
f 7491/7491 7415/7415 7417/7417
f 6878/6878 6862/6862 6858/6858
f 6853/6853 6855/6855 6854/6854
f 6831/6831 7498/7498 6825/6825
f 5283/5283 5163/5163 5284/5284
f 5406/5406 5136/5136 5117/5117
f 5117/5117 5118/5118 5108/5108
f 4152/4152 4150/4150 4405/4405
f 4151/4151 3984/3984 4037/4037
f 5096/5096 5099/5099 5098/5098
f 5511/5511 5314/5314 5459/5459
f 7344/7344 7343/7343 7342/7342
f 4629/4629 4628/4628 4627/4627
f 7538/7538 7292/7292 6979/6979
f 7328/7328 7309/7309 7495/7495
f 4690/4690 4680/4680 4681/4681
f 3873/3873 3874/3874 3875/3875
f 7405/7405 7408/7408 7407/7407
f 7402/7402 7404/7404 7414/7414
f 7603/7603 7604/7604 7605/7605
f 6878/6878 6858/6858 6859/6859
f 6859/6859 6858/6858 6856/6856
f 6879/6879 6856/6856 6853/6853
f 6833/6833 6841/6841 7498/7498
f 6831/6831 6833/6833 7498/7498
f 2949/2949 2932/2932 2967/2967
f 5286/5286 5284/5284 5512/5512
f 3901/3901 3898/3898 3896/3896
f 4226/4226 4238/4238 4218/4218
f 5109/5109 5117/5117 5108/5108
f 4216/4216 4238/4238 4226/4226
f 5511/5511 5302/5302 5314/5314
f 7308/7308 7307/7307 7309/7309
f 7397/7397 7527/7527 7510/7510
f 7427/7427 7343/7343 7344/7344
f 7781/7781 7782/7782 7783/7783
f 7214/7214 7215/7215 7381/7381
f 7302/7302 7324/7324 7307/7307
f 7308/7308 7309/7309 7328/7328
f 4690/4690 4681/4681 4750/4750
f 4750/4750 4681/4681 4683/4683
f 4626/4626 4627/4627 4628/4628
f 6828/6828 6819/6819 6821/6821
f 7343/7343 7538/7538 6979/6979
f 7781/7781 7783/7783 7784/7784
f 6959/6959 6956/6956 6957/6957
f 4691/4691 4731/4731 4680/4680
f 4691/4691 4680/4680 4690/4690
f 3876/3876 3874/3874 3873/3873
f 6928/6928 6888/6888 6930/6930
f 7396/7396 7347/7347 7523/7523
f 6840/6840 7396/7396 7523/7523
f 6840/6840 7523/7523 6841/6841
f 6866/6866 7415/7415 7491/7491
f 6868/6868 6866/6866 7491/7491
f 7603/7603 7605/7605 7606/7606
f 6860/6860 6859/6859 6856/6856
f 6879/6879 6860/6860 6856/6856
f 5283/5283 5284/5284 5286/5286
f 5648/5648 5649/5649 5650/5650
f 5103/5103 5108/5108 5099/5099
f 4303/4303 4405/4405 4300/4300
f 4303/4303 4152/4152 4405/4405
f 6905/6905 7397/7397 7510/7510
f 6905/6905 7510/7510 7292/7292
f 7301/7301 7296/7296 7302/7302
f 3877/3877 3884/3884 3885/3885
f 7418/7418 7517/7517 7413/7413
f 7368/7368 7367/7367 7369/7369
f 3877/3877 3874/3874 3876/3876
f 7418/7418 7413/7413 7408/7408
f 6934/6934 7399/7399 6866/6866
f 6866/6866 7399/7399 7415/7415
f 5285/5285 5282/5282 5283/5283
f 5103/5103 5109/5109 5108/5108
f 5101/5101 5137/5137 5302/5302
f 5460/5460 5459/5459 5461/5461
f 7213/7213 7216/7216 7215/7215
f 6903/6903 7397/7397 6905/6905
f 6902/6902 6905/6905 7292/7292
f 6902/6902 7538/7538 7541/7541
f 7427/7427 7541/7541 7343/7343
f 7718/7718 7717/7717 7714/7714
f 7301/7301 7302/7302 7307/7307
f 7301/7301 7307/7307 7308/7308
f 7310/7310 7308/7308 7328/7328
f 3879/3879 3884/3884 3877/3877
f 6922/6922 6895/6895 7518/7518
f 6922/6922 7518/7518 6900/6900
f 6902/6902 7292/7292 7538/7538
f 7367/7367 7427/7427 7369/7369
f 3879/3879 3877/3877 3876/3876
f 7400/7400 7401/7401 7399/7399
f 7409/7409 7418/7418 7408/7408
f 6973/6973 7347/7347 7396/7396
f 6973/6973 7396/7396 6840/6840
f 6837/6837 6840/6840 6841/6841
f 7409/7409 7408/7408 7405/7405
f 6861/6861 6859/6859 6860/6860
f 6851/6851 6853/6853 6854/6854
f 6851/6851 6854/6854 6973/6973
f 6837/6837 6841/6841 6833/6833
f 5285/5285 5283/5283 5286/5286
f 5406/5406 5117/5117 5134/5134
f 5134/5134 5117/5117 5109/5109
f 4154/4154 4152/4152 4303/4303
f 4153/4153 3984/3984 4151/4151
f 7214/7214 7213/7213 7215/7215
f 7297/7297 7295/7295 7296/7296
f 6901/6901 6903/6903 6905/6905
f 6901/6901 6905/6905 6902/6902
f 7427/7427 6902/6902 7541/7541
f 6908/6908 6902/6902 7427/7427
f 7301/7301 7308/7308 7310/7310
f 7504/7504 7310/7310 7328/7328
f 7378/7378 6819/6819 6828/6828
f 7367/7367 7365/7365 7427/7427
f 7366/7366 7367/7367 7368/7368
f 7726/7726 7718/7718 7714/7714
f 4694/4694 4693/4693 4695/4695
f 7400/7400 7399/7399 6934/6934
f 6934/6934 6866/6866 6867/6867
f 6851/6851 6973/6973 6840/6840
f 6834/6834 6837/6837 6833/6833
f 5135/5135 5134/5134 5109/5109
f 5164/5164 5135/5135 5109/5109
f 5164/5164 5109/5109 5103/5103
f 5096/5096 5103/5103 5099/5099
f 7492/7492 7295/7295 7297/7297
f 4522/4522 4523/4523 4524/4524
f 6899/6899 6906/6906 6895/6895
f 6900/6900 6903/6903 6901/6901
f 6898/6898 6900/6900 6901/6901
f 6908/6908 7427/7427 7365/7365
f 4692/4692 4691/4691 4690/4690
f 4692/4692 4690/4690 4693/4693
f 4692/4692 4693/4693 4694/4694
f 4698/4698 4694/4694 4746/4746
f 7274/7274 6828/6828 6823/6823
f 6896/6896 6922/6922 6900/6900
f 6839/6839 6851/6851 6840/6840
f 7403/7403 7404/7404 7402/7402
f 6866/6866 6868/6868 6863/6863
f 6863/6863 6868/6868 6878/6878
f 6863/6863 6878/6878 6859/6859
f 6863/6863 6859/6859 6861/6861
f 5505/5505 5285/5285 5286/5286
f 5652/5652 5648/5648 5651/5651
f 5651/5651 5648/5648 5650/5650
f 5407/5407 5409/5409 5406/5406
f 5407/5407 5406/5406 5134/5134
f 4143/4143 4303/4303 4216/4216
f 4246/4246 3984/3984 4153/4153
f 5398/5398 5101/5101 5302/5302
f 7311/7311 7301/7301 7310/7310
f 6898/6898 6901/6901 6902/6902
f 6908/6908 6898/6898 6902/6902
f 7528/7528 7366/7366 7531/7531
f 7528/7528 7531/7531 6959/6959
f 4697/4697 4692/4692 4694/4694
f 4697/4697 4694/4694 4698/4698
f 7409/7409 7517/7517 7418/7418
f 7436/7436 7400/7400 6934/6934
f 6896/6896 6900/6900 6898/6898
f 6934/6934 6867/6867 6865/6865
f 6839/6839 6840/6840 6837/6837
f 7405/7405 7404/7404 7403/7403
f 6865/6865 6867/6867 6866/6866
f 6879/6879 6861/6861 6860/6860
f 3890/3890 3886/3886 3889/3889
f 3086/3086 3080/3080 2968/2968
f 5096/5096 5164/5164 5103/5103
f 7338/7338 7310/7310 7504/7504
f 7313/7313 7310/7310 7338/7338
f 6896/6896 6895/6895 6922/6922
f 6897/6897 6896/6896 6898/6898
f 6897/6897 6898/6898 6908/6908
f 7364/7364 6908/6908 7365/7365
f 7364/7364 7365/7365 7366/7366
f 7528/7528 7364/7364 7366/7366
f 7436/7436 7403/7403 7400/7400
f 6865/6865 7436/7436 6934/6934
f 7406/7406 7409/7409 7405/7405
f 6832/6832 6833/6833 6831/6831
f 5410/5410 5505/5505 5409/5409
f 5494/5494 5134/5134 5135/5135
f 5494/5494 5135/5135 5164/5164
f 5398/5398 5302/5302 5511/5511
f 7311/7311 7310/7310 7313/7313
f 7775/7775 7776/7776 7777/7777
f 6897/6897 6908/6908 7364/7364
f 7339/7339 7338/7338 7504/7504
f 4716/4716 4691/4691 4692/4692
f 4751/4751 4698/4698 4746/4746
f 7421/7421 7517/7517 7409/7409
f 6890/6890 6888/6888 6928/6928
f 7406/7406 7405/7405 7403/7403
f 6865/6865 6866/6866 6863/6863
f 7437/7437 6879/6879 6853/6853
f 5449/5449 5505/5505 5410/5410
f 5410/5410 5409/5409 5407/5407
f 5408/5408 5407/5407 5134/5134
f 5494/5494 5408/5408 5134/5134
f 5112/5112 5164/5164 5096/5096
f 4155/4155 4154/4154 4143/4143
f 4143/4143 4154/4154 4303/4303
f 7339/7339 7313/7313 7338/7338
f 6893/6893 6895/6895 6896/6896
f 4705/4705 4698/4698 4751/4751
f 6876/6876 7436/7436 6865/6865
f 6876/6876 6865/6865 6874/6874
f 6933/6933 6852/6852 6839/6839
f 7503/7503 6852/6852 6933/6933
f 6864/6864 6863/6863 6861/6861
f 6864/6864 6861/6861 6879/6879
f 6852/6852 7437/7437 6853/6853
f 3078/3078 3086/3086 3088/3088
f 5448/5448 5449/5449 5410/5410
f 5410/5410 5407/5407 5408/5408
f 5452/5452 5408/5408 5494/5494
f 5465/5465 5494/5494 5164/5164
f 5097/5097 5096/5096 5098/5098
f 5101/5101 5097/5097 5137/5137
f 6891/6891 6899/6899 6895/6895
f 7528/7528 6897/6897 7364/7364
f 4715/4715 4716/4716 4692/4692
f 4703/4703 4697/4697 4698/4698
f 7420/7420 7421/7421 7409/7409
f 7420/7420 7409/7409 7406/7406
f 6864/6864 6865/6865 6863/6863
f 7437/7437 6864/6864 6879/6879
f 5448/5448 5410/5410 5408/5408
f 5465/5465 5452/5452 5494/5494
f 4138/4138 4140/4140 4221/4221
f 4142/4142 4155/4155 4143/4143
f 7678/7678 7682/7682 7681/7681
f 7678/7678 7681/7681 7680/7680
f 7536/7536 6819/6819 7378/7378
f 7196/7196 7528/7528 6959/6959
f 6980/6980 7196/7196 6959/6959
f 6980/6980 6959/6959 6957/6957
f 4703/4703 4698/4698 4705/4705
f 7420/7420 7422/7422 7421/7421
f 7440/7440 7512/7512 7436/7436
f 6838/6838 6933/6933 6839/6839
f 7524/7524 6933/6933 6838/6838
f 6838/6838 6839/6839 6837/6837
f 7516/7516 7403/7403 7512/7512
f 6838/6838 6837/6837 6834/6834
f 6832/6832 6834/6834 6833/6833
f 5465/5465 5164/5164 5112/5112
f 4156/4156 4155/4155 4142/4142
f 4245/4245 4246/4246 4157/4157
f 5111/5111 5096/5096 5094/5094
f 7300/7300 7296/7296 7301/7301
f 7312/7312 7301/7301 7311/7311
f 7312/7312 7311/7311 7313/7313
f 7340/7340 7313/7313 7339/7339
f 7312/7312 7313/7313 7340/7340
f 6891/6891 6890/6890 6977/6977
f 6893/6893 6891/6891 6895/6895
f 3871/3871 3872/3872 3870/3870
f 6875/6875 6876/6876 6874/6874
f 7601/7601 7602/7602 7600/7600
f 6874/6874 6865/6865 6864/6864
f 7437/7437 6852/6852 7503/7503
f 3093/3093 3088/3088 3095/3095
f 5450/5450 5448/5448 5408/5408
f 5111/5111 5112/5112 5096/5096
f 4130/4130 4156/4156 4142/4142
f 6977/6977 6899/6899 6891/6891
f 6893/6893 6896/6896 6897/6897
f 6889/6889 6888/6888 6890/6890
f 7423/7423 7420/7420 7406/7406
f 7428/7428 6876/6876 6875/6875
f 7440/7440 6876/6876 7428/7428
f 7598/7598 7601/7601 7600/7600
f 7599/7599 7598/7598 7600/7600
f 7560/7560 7563/7563 7564/7564
f 7435/7435 7516/7516 7512/7512
f 6875/6875 6874/6874 6864/6864
f 7522/7522 6832/6832 6835/6835
f 3073/3073 3066/3066 3078/3078
f 5450/5450 5408/5408 5451/5451
f 5451/5451 5408/5408 5452/5452
f 5465/5465 5453/5453 5452/5452
f 5158/5158 5465/5465 5112/5112
f 7300/7300 7301/7301 7326/7326
f 7326/7326 7301/7301 7312/7312
f 6980/6980 6957/6957 6958/6958
f 7195/7195 6980/6980 6958/6958
f 4703/4703 4705/4705 4748/4748
f 6886/6886 6850/6850 6888/6888
f 6886/6886 6888/6888 6889/6889
f 7428/7428 6875/6875 6864/6864
f 7431/7431 7429/7429 7432/7432
f 7595/7595 7598/7598 7599/7599
f 6972/6972 7524/7524 6838/6838
f 7429/7429 6864/6864 7437/7437
f 7522/7522 6836/6836 6832/6832
f 3092/3092 3082/3082 3094/3094
f 5665/5665 5666/5666 5667/5667
f 5096/5096 5097/5097 5095/5095
f 5101/5101 5095/5095 5097/5097
f 7298/7298 7297/7297 7296/7296
f 7298/7298 7296/7296 7300/7300
f 7630/7630 7631/7631 7632/7632
f 7627/7627 7628/7628 7629/7629
f 4703/4703 4700/4700 4697/4697
f 4749/4749 4703/4703 4748/4748
f 7560/7560 7561/7561 7562/7562
f 4528/4528 4529/4529 4530/4530
f 7621/7621 7622/7622 7623/7623
f 6850/6850 7274/7274 6888/6888
f 7560/7560 7562/7562 7563/7563
f 7435/7435 7440/7440 7428/7428
f 7430/7430 7428/7428 7429/7429
f 7430/7430 7429/7429 7431/7431
f 7560/7560 7564/7564 7565/7565
f 6972/6972 6838/6838 6834/6834
f 6836/6836 6834/6834 6832/6832
f 2748/2748 2753/2753 2756/2756
f 4232/4232 4239/4239 4241/4241
f 5466/5466 5451/5451 5453/5453
f 5516/5516 5451/5451 5466/5466
f 5113/5113 5112/5112 5111/5111
f 4158/4158 4290/4290 4157/4157
f 7299/7299 7492/7492 7297/7297
f 7633/7633 7631/7631 7630/7630
f 7320/7320 7321/7321 7340/7340
f 6848/6848 6932/6932 7536/7536
f 6889/6889 6890/6890 6891/6891
f 6904/6904 6893/6893 6897/6897
f 3869/3869 3871/3871 3870/3870
f 4699/4699 4715/4715 4692/4692
f 4699/4699 4692/4692 4697/4697
f 6850/6850 6848/6848 7274/7274
f 7434/7434 7435/7435 7428/7428
f 7434/7434 7428/7428 7430/7430
f 7433/7433 7430/7430 7431/7431
f 7433/7433 7431/7431 7432/7432
f 7597/7597 7598/7598 7595/7595
f 7529/7529 7516/7516 7435/7435
f 7529/7529 7435/7435 7434/7434
f 2748/2748 2756/2756 2754/2754
f 3090/3090 3089/3089 3092/3092
f 4231/4231 4134/4134 4224/4224
f 5668/5668 5666/5666 5665/5665
f 5114/5114 5158/5158 5112/5112
f 5114/5114 5112/5112 5113/5113
f 5442/5442 5459/5459 5460/5460
f 4706/4706 4703/4703 4749/4749
f 7273/7273 7493/7493 7271/7271
f 7268/7268 7493/7493 7273/7273
f 7434/7434 7430/7430 7433/7433
f 7273/7273 7271/7271 7270/7270
f 7595/7595 7596/7596 7597/7597
f 4232/4232 4241/4241 4133/4133
f 5116/5116 5466/5466 5158/5158
f 5116/5116 5158/5158 5114/5114
f 5435/5435 5111/5111 5094/5094
f 5094/5094 5096/5096 5095/5095
f 7318/7318 7321/7321 7320/7320
f 4704/4704 4700/4700 4703/4703
f 4704/4704 4703/4703 4706/4706
f 7270/7270 7268/7268 7273/7273
f 7560/7560 7565/7565 7566/7566
f 7544/7544 7516/7516 7529/7529
f 7529/7529 7434/7434 7433/7433
f 6842/6842 6972/6972 6834/6834
f 6846/6846 6972/6972 6842/6842
f 6842/6842 6834/6834 6836/6836
f 2742/2742 2761/2761 2740/2740
f 2742/2742 2740/2740 2714/2714
f 2714/2714 2739/2739 2738/2738
f 3920/3920 3916/3916 3921/3921
f 2748/2748 2754/2754 2741/2741
f 2749/2749 2741/2741 2754/2754
f 4289/4289 4158/4158 4281/4281
f 7760/7760 7761/7761 7762/7762
f 7318/7318 7326/7326 7321/7321
f 6848/6848 6843/6843 6932/6932
f 4699/4699 4697/4697 4700/4700
f 4701/4701 4700/4700 4704/4704
f 7269/7269 7268/7268 7270/7270
f 6846/6846 7529/7529 6972/6972
f 2714/2714 2738/2738 2711/2711
f 2720/2720 2748/2748 2741/2741
f 5115/5115 5114/5114 5113/5113
f 7300/7300 7326/7326 7318/7318
f 6892/6892 6889/6889 6891/6891
f 4707/4707 4701/4701 4704/4704
f 7269/7269 7270/7270 7271/7271
f 7535/7535 7269/7269 7271/7271
f 7535/7535 7271/7271 7544/7544
f 6845/6845 6846/6846 6842/6842
f 2742/2742 2714/2714 2715/2715
f 2715/2715 2714/2714 2713/2713
f 2713/2713 2714/2714 2711/2711
f 2718/2718 2712/2712 2720/2720
f 2721/2721 2718/2718 2720/2720
f 2727/2727 2741/2741 2749/2749
f 5440/5440 5459/5459 5442/5442
f 7679/7679 7678/7678 7680/7680
f 7322/7322 7319/7319 7320/7320
f 6848/6848 6844/6844 6843/6843
f 6893/6893 6892/6892 6891/6891
f 3868/3868 3869/3869 3870/3870
f 4701/4701 4699/4699 4700/4700
f 4707/4707 4704/4704 4706/4706
f 6918/6918 7268/7268 7267/7267
f 7699/7699 7698/7698 7700/7700
f 7267/7267 7269/7269 7272/7272
f 7272/7272 7269/7269 7535/7535
f 7544/7544 7529/7529 6846/6846
f 2710/2710 2713/2713 2711/2711
f 2710/2710 2711/2711 2712/2712
f 2723/2723 2741/2741 2727/2727
f 6145/6145 5981/5981 5983/5983
f 5165/5165 5166/5166 5116/5116
f 5435/5435 5113/5113 5111/5111
f 6849/6849 6844/6844 6848/6848
f 7514/7514 6889/6889 6892/6892
f 4707/4707 4706/4706 4708/4708
f 6918/6918 7267/7267 7266/7266
f 7266/7266 7267/7267 7272/7272
f 6850/6850 6849/6849 6848/6848
f 7528/7528 6904/6904 6897/6897
f 7520/7520 7272/7272 7535/7535
f 6847/6847 6846/6846 6845/6845
f 2743/2743 2742/2742 2715/2715
f 2715/2715 2713/2713 2710/2710
f 2717/2717 2710/2710 2712/2712
f 2717/2717 2712/2712 2718/2718
f 2723/2723 2718/2718 2721/2721
f 2729/2729 2727/2727 2749/2749
f 5165/5165 5116/5116 5115/5115
f 5404/5404 5115/5115 5113/5113
f 4289/4289 4281/4281 4406/4406
f 5093/5093 5094/5094 5095/5095
f 5440/5440 5511/5511 5459/5459
f 7314/7314 7318/7318 7319/7319
f 7329/7329 7314/7314 7319/7319
f 7533/7533 7195/7195 6958/6958
f 4714/4714 4715/4715 4699/4699
f 4702/4702 4699/4699 4701/4701
f 6880/6880 6849/6849 6850/6850
f 6882/6882 6850/6850 6886/6886
f 2715/2715 2710/2710 2716/2716
f 2716/2716 2710/2710 2717/2717
f 2719/2719 2716/2716 2717/2717
f 2719/2719 2717/2717 2718/2718
f 2722/2722 2719/2719 2718/2718
f 2722/2722 2718/2718 2723/2723
f 2722/2722 2723/2723 2724/2724
f 2726/2726 2723/2723 2727/2727
f 2728/2728 2726/2726 2727/2727
f 2728/2728 2727/2727 2729/2729
f 2732/2732 2728/2728 2729/2729
f 2732/2732 2729/2729 2733/2733
f 5915/5915 5912/5912 5913/5913
f 7212/7212 7213/7213 7214/7214
f 7211/7211 7213/7213 7212/7212
f 7763/7763 7761/7761 7760/7760
f 7300/7300 7318/7318 7314/7314
f 7315/7315 7314/7314 7329/7329
f 7634/7634 7635/7635 7636/7636
f 6849/6849 7425/7425 6844/6844
f 6918/6918 7266/7266 7265/7265
f 6916/6916 7535/7535 7544/7544
f 7587/7587 7588/7588 7589/7589
f 7587/7587 7589/7589 7590/7590
f 7419/7419 6846/6846 6847/6847
f 2750/2750 2715/2715 2716/2716
f 2725/2725 2724/2724 2723/2723
f 2725/2725 2723/2723 2726/2726
f 6125/6125 6128/6128 6124/6124
f 5977/5977 6132/6132 5941/5941
f 7315/7315 7329/7329 7317/7317
f 6894/6894 7514/7514 6892/6892
f 6894/6894 6892/6892 6893/6893
f 6894/6894 6893/6893 6904/6904
f 4713/4713 4714/4714 4699/4699
f 6981/6981 6918/6918 7265/7265
f 6880/6880 7425/7425 6849/6849
f 2750/2750 2716/2716 2746/2746
f 2737/2737 2722/2722 2724/2724
f 2731/2731 2726/2726 2728/2728
f 2725/2725 2726/2726 2731/2731
f 2546/2546 2543/2543 2547/2547
f 4702/4702 4713/4713 4699/4699
f 4702/4702 4701/4701 4707/4707
f 6913/6913 6981/6981 6915/6915
f 2746/2746 2719/2719 2737/2737
f 2730/2730 2736/2736 2724/2724
f 2730/2730 2724/2724 2725/2725
f 2730/2730 2725/2725 2731/2731
f 2731/2731 2728/2728 2734/2734
f 2541/2541 2542/2542 2543/2543
f 2544/2544 2542/2542 2541/2541
f 2541/2541 2545/2545 2544/2544
f 2541/2541 2543/2543 2546/2546
f 6125/6125 6082/6082 6126/6126
f 5511/5511 5399/5399 5398/5398
f 7299/7299 7297/7297 7298/7298
f 7201/7201 7381/7381 7202/7202
f 6880/6880 6911/6911 6912/6912
f 6912/6912 7425/7425 6880/6880
f 2744/2744 2737/2737 2736/2736
f 2735/2735 2730/2730 2731/2731
f 2548/2548 2545/2545 2541/2541
f 5290/5290 5166/5166 5165/5165
f 5604/5604 5607/5607 5605/5605
f 7306/7306 7300/7300 7314/7314
f 6910/6910 6913/6913 6911/6911
f 6926/6926 6886/6886 6931/6931
f 7707/7707 7708/7708 7703/7703
f 4717/4717 4713/4713 4702/4702
f 6918/6918 6981/6981 6910/6910
f 6910/6910 6981/6981 6913/6913
f 6887/6887 6882/6882 6886/6886
f 6887/6887 6886/6886 6926/6926
f 2744/2744 2746/2746 2737/2737
f 2745/2745 2736/2736 2730/2730
f 2745/2745 2730/2730 2735/2735
f 2735/2735 2731/2731 2734/2734
f 2735/2735 2734/2734 2747/2747
f 6621/6621 6619/6619 6618/6618
f 6618/6618 6619/6619 6620/6620
f 4397/4397 3967/3967 3953/3953
f 3970/3970 3967/3967 4398/4398
f 4398/4398 3967/3967 4397/4397
f 4402/4402 3970/3970 4398/4398
f 7677/7677 7678/7678 7679/7679
f 7306/7306 7314/7314 7315/7315
f 7316/7316 7315/7315 7317/7317
f 6919/6919 6921/6921 6918/6918
f 6881/6881 6880/6880 6850/6850
f 2745/2745 2744/2744 2736/2736
f 2755/2755 2747/2747 2759/2759
f 5901/5901 6087/6087 5895/5895
f 5901/5901 5895/5895 5894/5894
f 2759/2759 2747/2747 2765/2765
f 5604/5604 5605/5605 5606/5606
f 5090/5090 5435/5435 5089/5089
f 4397/4397 3953/3953 4383/4383
f 4401/4401 4402/4402 4398/4398
f 4401/4401 3996/3996 4402/4402
f 5139/5139 5101/5101 5398/5398
f 5139/5139 5398/5398 5399/5399
f 5657/5657 5655/5655 5658/5658
f 7199/7199 7201/7201 7202/7202
f 7199/7199 7202/7202 7395/7395
f 7303/7303 7300/7300 7306/7306
f 7306/7306 7315/7315 7316/7316
f 7327/7327 7316/7316 7317/7317
f 6927/6927 6926/6926 6931/6931
f 4737/4737 4713/4713 4717/4717
f 4717/4717 4702/4702 4711/4711
f 4711/4711 4702/4702 4707/4707
f 6917/6917 6918/6918 6910/6910
f 6909/6909 6910/6910 6880/6880
f 5894/5894 5893/5893 5892/5892
f 6087/6087 5905/5905 5899/5899
f 5906/5906 5905/5905 5907/5907
f 4383/4383 3950/3950 4385/4385
f 4377/4377 4387/4387 4398/4398
f 4012/4012 3996/3996 4401/4401
f 5139/5139 5093/5093 5095/5095
f 5095/5095 5101/5101 5139/5139
f 7018/7018 7195/7195 7533/7533
f 6881/6881 6909/6909 6880/6880
f 6882/6882 6881/6881 6850/6850
f 5895/5895 5898/5898 5893/5893
f 5899/5899 5898/5898 5895/5895
f 2774/2774 2769/2769 2771/2771
f 6586/6586 6588/6588 6587/6587
f 4396/4396 4012/4012 4401/4401
f 5441/5441 5511/5511 5440/5440
f 7298/7298 7300/7300 7303/7303
f 7692/7692 7695/7695 7693/7693
f 6929/6929 6887/6887 6927/6927
f 7703/7703 7706/7706 7707/7707
f 7704/7704 7706/7706 7703/7703
f 4711/4711 4737/4737 4717/4717
f 5893/5893 5900/5900 5889/5889
f 5899/5899 5902/5902 5898/5898
f 5891/5891 5892/5892 5889/5889
f 5891/5891 5889/5889 5890/5890
f 5904/5904 5903/5903 5899/5899
f 6587/6587 6594/6594 6595/6595
f 5994/5994 5996/5996 5991/5991
f 5620/5620 5617/5617 5619/5619
f 5091/5091 5435/5435 5094/5094
f 7702/7702 7704/7704 7703/7703
f 6919/6919 6918/6918 6917/6917
f 6909/6909 6917/6917 6910/6910
f 5898/5898 5902/5902 6110/6110
f 5898/5898 6110/6110 5900/5900
f 5900/5900 6110/6110 5886/5886
f 5889/5889 5900/5900 5886/5886
f 5889/5889 5886/5886 5888/5888
f 5890/5890 5889/5889 5888/5888
f 5899/5899 5903/5903 5902/5902
f 6084/6084 6113/6113 5903/5903
f 6084/6084 5903/5903 5904/5904
f 6585/6585 6595/6595 6581/6581
f 4385/4385 3949/3949 4389/4389
f 4383/4383 4384/4384 4369/4369
f 5091/5091 5094/5094 5093/5093
f 4013/4013 4012/4012 4396/4396
f 4395/4395 4013/4013 4396/4396
f 7298/7298 7323/7323 7299/7299
f 7325/7325 7316/7316 7327/7327
f 7426/7426 7325/7325 7327/7327
f 6923/6923 6909/6909 6881/6881
f 6883/6883 6881/6881 6882/6882
f 6643/6643 6641/6641 6642/6642
f 6645/6645 6644/6644 6643/6643
f 6643/6643 6644/6644 6641/6641
f 5888/5888 5886/5886 5884/5884
f 5897/5897 5890/5890 5888/5888
f 5897/5897 5888/5888 6090/6090
f 6114/6114 5903/5903 6113/6113
f 6583/6583 6585/6585 6581/6581
f 5089/5089 5435/5435 5091/5091
f 7325/7325 7306/7306 7316/7316
f 7275/7275 6882/6882 6887/6887
f 7275/7275 6887/6887 6929/6929
f 6920/6920 6919/6919 6917/6917
f 6644/6644 6647/6647 6641/6641
f 5888/5888 5884/5884 6090/6090
f 6581/6581 6582/6582 6579/6579
f 6581/6581 6579/6579 6580/6580
f 6583/6583 6581/6581 6580/6580
f 7323/7323 7298/7298 7304/7304
f 7304/7304 7298/7298 7303/7303
f 7325/7325 7303/7303 7306/7306
f 6885/6885 6883/6883 6882/6882
f 6885/6885 6882/6882 7275/7275
f 7705/7705 7704/7704 7702/7702
f 4738/4738 4737/4737 4711/4711
f 4739/4739 4737/4737 4738/4738
f 6917/6917 6909/6909 6923/6923
f 6645/6645 6648/6648 6644/6644
f 6114/6114 6116/6116 5903/5903
f 6114/6114 6528/6528 6116/6116
f 6583/6583 6580/6580 6578/6578
f 5170/5170 5290/5290 5165/5165
f 4395/4395 4019/4019 4013/4013
f 7305/7305 7304/7304 7303/7303
f 7305/7305 7303/7303 7325/7325
f 6923/6923 6920/6920 6917/6917
f 6648/6648 6649/6649 6644/6644
f 6644/6644 6649/6649 6647/6647
f 6578/6578 6580/6580 6579/6579
f 4049/4049 4034/4034 4030/4030
f 7684/7684 7689/7689 7688/7688
f 7687/7687 7692/7692 7691/7691
f 6884/6884 6881/6881 6883/6883
f 6974/6974 6881/6881 6884/6884
f 6884/6884 6883/6883 6885/6885
f 7539/7539 6885/6885 7275/7275
f 6991/6991 7275/7275 6993/6993
f 5883/5883 5885/5885 6088/6088
f 6578/6578 6579/6579 6553/6553
f 6578/6578 6553/6553 6577/6577
f 4393/4393 4019/4019 4395/4395
f 7684/7684 7690/7690 7689/7689
f 7696/7696 7690/7690 7684/7684
f 6984/6984 7032/7032 6989/6989
f 7764/7764 7763/7763 7760/7760
f 7684/7684 7688/7688 7687/7687
f 7685/7685 7684/7684 7687/7687
f 7685/7685 7687/7687 7691/7691
f 7032/7032 7375/7375 6989/6989
f 6983/6983 6923/6923 7193/7193
f 7193/7193 6923/6923 6881/6881
f 6974/6974 7193/7193 6881/6881
f 7539/7539 6884/6884 6885/6885
f 7712/7712 7711/7711 7713/7713
f 7017/7017 7195/7195 7018/7018
f 5964/5964 5963/5963 5966/5966
f 6579/6579 6597/6597 6553/6553
f 5947/5947 5949/5949 5951/5951
f 7684/7684 7685/7685 7686/7686
f 7361/7361 7032/7032 6985/6985
f 6985/6985 7032/7032 6984/6984
f 6985/6985 6984/6984 6983/6983
f 7193/7193 6974/6974 7539/7539
f 7539/7539 6974/6974 6884/6884
f 6991/6991 7539/7539 7275/7275
f 2480/2480 2495/2495 2496/2496
f 2492/2492 2497/2497 2487/2487
f 2487/2487 2497/2497 2495/2495
f 2487/2487 2495/2495 2480/2480
f 2486/2486 2492/2492 2487/2487
f 2493/2493 2492/2492 2486/2486
f 2479/2479 2486/2486 2487/2487
f 2479/2479 2487/2487 2480/2480
f 2479/2479 2480/2480 2476/2476
f 2478/2478 2479/2479 2476/2476
f 2478/2478 2486/2486 2479/2479
f 2473/2473 2478/2478 2476/2476
f 2494/2494 2493/2493 2486/2486
f 2477/2477 2478/2478 2473/2473
f 2491/2491 2494/2494 2486/2486
f 2485/2485 2486/2486 2478/2478
f 2485/2485 2478/2478 2477/2477
f 2491/2491 2486/2486 2485/2485
f 791/791 794/794 790/790
f 795/795 794/794 791/791
f 5011/5011 5012/5012 5009/5009
f 5010/5010 5011/5011 5009/5009
f 5014/5014 5015/5015 5011/5011
f 5013/5013 5014/5014 5011/5011
f 5013/5013 5011/5011 5010/5010
f 5008/5008 5013/5013 5010/5010
f 6553/6553 6597/6597 6574/6574
f 5939/5939 5977/5977 5941/5941
f 5168/5168 5165/5165 5115/5115
f 5621/5621 5617/5617 5620/5620
f 7035/7035 7036/7036 7034/7034
f 7033/7033 7034/7034 7036/7036
f 7033/7033 7036/7036 7361/7361
f 7033/7033 7361/7361 6985/6985
f 6986/6986 6985/6985 6983/6983
f 6986/6986 6983/6983 7193/7193
f 6986/6986 7193/7193 7539/7539
f 6986/6986 7539/7539 6991/6991
f 7701/7701 7702/7702 7703/7703
f 7709/7709 7710/7710 7711/7711
f 7014/7014 7013/7013 7196/7196
f 778/778 722/722 656/656
f 778/778 656/656 746/746
f 2492/2492 2501/2501 2504/2504
f 2492/2492 2504/2504 2497/2497
f 2472/2472 2476/2476 2470/2470
f 2466/2466 2472/2472 2470/2470
f 2499/2499 2501/2501 2492/2492
f 2499/2499 2492/2492 2493/2493
f 2473/2473 2476/2476 2472/2472
f 2473/2473 2472/2472 2466/2466
f 2502/2502 2499/2499 2494/2494
f 2494/2494 2499/2499 2493/2493
f 2498/2498 2502/2502 2494/2494
f 2474/2474 2473/2473 2467/2467
f 2498/2498 2494/2494 2491/2491
f 2500/2500 2503/2503 2498/2498
f 2491/2491 2500/2500 2498/2498
f 804/804 806/806 795/795
f 789/789 790/790 788/788
f 791/791 790/790 789/789
f 296/296 309/309 307/307
f 296/296 307/307 292/292
f 294/294 296/296 292/292
f 310/310 314/314 309/309
f 300/300 296/296 294/294
f 300/300 309/309 296/296
f 310/310 309/309 300/300
f 301/301 310/310 300/300
f 301/301 300/300 294/294
f 308/308 310/310 301/301
f 301/301 294/294 293/293
f 5015/5015 5019/5019 5016/5016
f 5015/5015 5016/5016 5012/5012
f 5010/5010 5009/5009 5008/5008
f 5008/5008 5009/5009 5006/5006
f 5005/5005 5008/5008 5006/5006
f 5949/5949 5952/5952 5953/5953
f 6553/6553 6574/6574 6549/6549
f 5947/5947 5948/5948 5949/5949
f 6577/6577 6553/6553 6550/6550
f 4400/4400 4019/4019 4393/4393
f 4020/4020 4019/4019 4400/4400
f 7035/7035 7395/7395 7036/7036
f 6988/6988 7034/7034 7033/7033
f 6988/6988 7033/7033 6985/6985
f 6988/6988 6985/6985 6987/6987
f 6987/6987 6985/6985 6986/6986
f 6987/6987 6986/6986 6990/6990
f 6990/6990 6986/6986 6991/6991
f 6904/6904 7519/7519 6894/6894
f 2462/2462 2466/2466 2470/2470
f 2467/2467 2473/2473 2466/2466
f 2503/2503 2502/2502 2498/2498
f 785/785 789/789 788/788
f 785/785 788/788 786/786
f 804/804 795/795 802/802
f 802/802 795/795 791/791
f 313/313 335/335 291/291
f 307/307 319/319 313/313
f 292/292 307/307 313/313
f 292/292 313/313 291/291
f 287/287 291/291 284/284
f 287/287 292/292 291/291
f 309/309 319/319 307/307
f 314/314 319/319 309/309
f 282/282 287/287 284/284
f 317/317 332/332 319/319
f 317/317 319/319 314/314
f 288/288 294/294 287/287
f 288/288 287/287 282/282
f 314/314 310/310 317/317
f 317/317 310/310 308/308
f 289/289 294/294 288/288
f 293/293 294/294 289/289
f 318/318 317/317 308/308
f 318/318 327/327 317/317
f 290/290 293/293 289/289
f 311/311 318/318 308/308
f 302/302 308/308 301/301
f 302/302 301/301 293/293
f 290/290 302/302 293/293
f 302/302 311/311 308/308
f 306/306 311/311 302/302
f 306/306 302/302 303/303
f 303/303 302/302 290/290
f 303/303 290/290 304/304
f 306/306 315/315 311/311
f 312/312 306/306 303/303
f 5019/5019 5020/5020 5016/5016
f 5019/5019 5021/5021 5020/5020
f 5005/5005 5006/5006 5007/5007
f 5005/5005 5007/5007 5017/5017
f 5018/5018 5005/5005 5017/5017
f 6553/6553 6549/6549 6548/6548
f 6550/6550 6553/6553 6548/6548
f 5092/5092 5091/5091 5093/5093
f 5092/5092 5093/5093 5139/5139
f 7041/7041 7395/7395 7035/7035
f 7255/7255 7038/7038 7185/7185
f 7179/7179 7178/7178 6990/6990
f 2462/2462 2470/2470 2469/2469
f 2499/2499 2505/2505 2501/2501
f 2463/2463 2466/2466 2462/2462
f 2502/2502 2505/2505 2499/2499
f 2467/2467 2466/2466 2463/2463
f 2506/2506 2505/2505 2502/2502
f 2464/2464 2467/2467 2463/2463
f 2503/2503 2506/2506 2502/2502
f 785/785 786/786 787/787
f 787/787 786/786 792/792
f 808/808 812/812 806/806
f 805/805 806/806 804/804
f 805/805 804/804 802/802
f 335/335 340/340 337/337
f 341/341 340/340 335/335
f 796/796 802/802 791/791
f 336/336 337/337 338/338
f 335/335 337/337 336/336
f 796/796 791/791 789/789
f 796/796 789/789 785/785
f 799/799 796/796 785/785
f 333/333 341/341 319/319
f 319/319 341/341 313/313
f 291/291 335/335 336/336
f 285/285 291/291 336/336
f 284/284 291/291 285/285
f 284/284 285/285 266/266
f 332/332 333/333 319/319
f 266/266 282/282 284/284
f 268/268 282/282 266/266
f 334/334 333/333 332/332
f 283/283 282/282 268/268
f 288/288 282/282 283/283
f 334/334 332/332 317/317
f 267/267 283/283 268/268
f 327/327 334/334 317/317
f 290/290 283/283 281/281
f 281/281 283/283 267/267
f 305/305 304/304 290/290
f 305/305 290/290 281/281
f 342/342 318/318 347/347
f 347/347 318/318 311/311
f 4998/4998 4999/4999 5000/5000
f 386/386 304/304 365/365
f 365/365 304/304 305/305
f 6120/6120 5862/5862 5863/5863
f 6136/6136 5863/5863 5861/5861
f 6547/6547 6550/6550 6548/6548
f 6551/6551 6550/6550 6547/6547
f 6552/6552 6551/6551 6547/6547
f 5168/5168 5170/5170 5165/5165
f 5084/5084 5091/5091 5092/5092
f 7176/7176 7038/7038 7255/7255
f 7255/7255 7185/7185 7186/7186
f 7666/7666 7668/7668 7667/7667
f 7186/7186 7185/7185 7178/7178
f 6992/6992 6990/6990 6991/6991
f 7697/7697 7698/7698 7699/7699
f 777/777 762/762 694/694
f 2505/2505 2508/2508 2501/2501
f 2458/2458 2462/2462 2469/2469
f 2460/2460 2463/2463 2462/2462
f 2459/2459 2464/2464 2463/2463
f 2459/2459 2463/2463 2460/2460
f 2503/2503 2507/2507 2506/2506
f 787/787 792/792 793/793
f 808/808 806/806 807/807
f 807/807 806/806 805/805
f 341/341 352/352 340/340
f 339/339 338/338 346/346
f 333/333 360/360 352/352
f 333/333 352/352 341/341
f 295/295 285/285 339/339
f 343/343 360/360 333/333
f 266/266 285/285 295/295
f 266/266 295/295 260/260
f 262/262 266/266 260/260
f 268/268 266/266 262/262
f 334/334 343/343 333/333
f 345/345 343/343 334/334
f 267/267 268/268 261/261
f 327/327 345/345 334/334
f 344/344 345/345 327/327
f 263/263 267/267 261/261
f 270/270 267/267 263/263
f 281/281 267/267 270/270
f 316/316 281/281 270/270
f 356/356 344/344 327/327
f 342/342 356/356 327/327
f 342/342 327/327 318/318
f 305/305 281/281 316/316
f 347/347 388/388 342/342
f 405/405 365/365 305/305
f 404/404 405/405 305/305
f 406/406 405/405 404/404
f 5021/5021 5022/5022 5020/5020
f 5863/5863 5862/5862 5860/5860
f 5021/5021 5023/5023 5022/5022
f 5861/5861 5863/5863 5860/5860
f 6548/6548 6549/6549 6546/6546
f 5944/5944 5948/5948 5947/5947
f 6547/6547 6548/6548 6546/6546
f 5084/5084 5089/5089 5091/5091
f 4360/4360 4380/4380 4375/4375
f 4763/4763 4764/4764 4765/4765
f 7039/7039 7035/7035 7038/7038
f 7187/7187 7186/7186 7178/7178
f 7660/7660 7663/7663 7664/7664
f 6992/6992 6991/6991 6993/6993
f 7519/7519 7196/7196 7013/7013
f 2505/2505 2509/2509 2508/2508
f 2460/2460 2462/2462 2458/2458
f 2456/2456 2460/2460 2458/2458
f 2506/2506 2510/2510 2505/2505
f 2459/2459 2460/2460 2456/2456
f 2507/2507 2510/2510 2506/2506
f 2503/2503 2511/2511 2507/2507
f 797/797 793/793 798/798
f 2512/2512 2511/2511 2503/2503
f 2515/2515 2512/2512 2503/2503
f 797/797 787/787 793/793
f 809/809 808/808 807/807
f 328/328 339/339 346/346
f 295/295 339/339 328/328
f 800/800 799/799 785/785
f 800/800 785/785 787/787
f 360/360 343/343 357/357
f 353/353 357/357 343/343
f 262/262 260/260 253/253
f 250/250 262/262 253/253
f 353/353 343/343 345/345
f 261/261 262/262 250/250
f 345/345 354/354 353/353
f 344/344 354/354 345/345
f 263/263 261/261 249/249
f 355/355 354/354 344/344
f 270/270 263/263 275/275
f 356/356 355/355 344/344
f 316/316 270/270 275/275
f 356/356 342/342 388/388
f 349/349 305/305 316/316
f 348/348 349/349 316/316
f 350/350 349/349 348/348
f 5860/5860 5862/5862 5858/5858
f 5861/5861 5860/5860 5852/5852
f 5944/5944 6095/6095 5948/5948
f 6547/6547 6546/6546 6544/6544
f 4025/4025 4020/4020 4400/4400
f 7665/7665 7666/7666 7667/7667
f 7187/7187 7191/7191 7186/7186
f 7659/7659 7663/7663 7660/7660
f 7021/7021 6990/6990 6992/6992
f 7709/7709 7711/7711 7712/7712
f 2458/2458 2469/2469 2461/2461
f 2454/2454 2458/2458 2461/2461
f 2456/2456 2458/2458 2454/2454
f 2505/2505 2513/2513 2509/2509
f 2510/2510 2513/2513 2505/2505
f 2447/2447 2459/2459 2456/2456
f 810/810 808/808 809/809
f 329/329 328/328 330/330
f 801/801 800/800 787/787
f 801/801 787/787 797/797
f 360/360 371/371 378/378
f 360/360 378/378 367/367
f 260/260 329/329 255/255
f 357/357 358/358 360/360
f 358/358 357/357 353/353
f 253/253 260/260 255/255
f 354/354 361/361 353/353
f 359/359 354/354 355/355
f 275/275 263/263 264/264
f 396/396 355/355 356/356
f 348/348 316/316 275/275
f 4654/4654 4655/4655 4653/4653
f 4995/4995 4996/4996 4997/4997
f 5968/5968 5970/5970 5972/5972
f 5023/5023 5024/5024 5022/5022
f 5852/5852 5858/5858 5853/5853
f 5860/5860 5858/5858 5852/5852
f 5960/5960 5968/5968 5972/5972
f 6095/6095 5944/5944 5945/5945
f 5088/5088 5089/5089 5084/5084
f 4021/4021 4020/4020 4025/4025
f 5394/5394 5441/5441 5440/5440
f 7209/7209 7211/7211 7212/7212
f 7039/7039 7038/7038 7176/7176
f 2513/2513 2523/2523 2509/2509
f 2509/2509 2523/2523 2508/2508
f 2510/2510 2514/2514 2513/2513
f 2447/2447 2456/2456 2446/2446
f 2436/2436 2447/2447 2446/2446
f 2512/2512 2518/2518 2511/2511
f 2439/2439 2447/2447 2436/2436
f 2080/2080 2079/2079 2081/2081
f 811/811 808/808 810/810
f 803/803 801/801 797/797
f 329/329 330/330 331/331
f 2438/2438 2444/2444 2439/2439
f 358/358 371/371 360/360
f 253/253 255/255 254/254
f 362/362 358/358 353/353
f 252/252 253/253 254/254
f 361/361 362/362 353/353
f 250/250 253/253 252/252
f 251/251 250/250 252/252
f 249/249 250/250 251/251
f 354/354 364/364 361/361
f 256/256 249/249 251/251
f 363/363 364/364 354/354
f 359/359 363/363 354/354
f 264/264 263/263 256/256
f 397/397 359/359 396/396
f 396/396 359/359 355/355
f 4652/4652 4656/4656 4654/4654
f 5853/5853 5858/5858 5874/5874
f 5960/5960 5967/5967 5968/5968
f 5955/5955 5954/5954 5952/5952
f 6544/6544 6545/6545 6543/6543
f 5085/5085 5089/5089 5088/5088
f 4403/4403 4388/4388 4359/4359
f 6995/6995 7021/7021 6992/6992
f 1173/1173 1170/1170 1174/1174
f 1139/1139 1141/1141 1140/1140
f 1138/1138 1139/1139 1140/1140
f 1138/1138 1140/1140 1143/1143
f 1172/1172 1170/1170 1173/1173
f 1136/1136 1139/1139 1138/1138
f 1138/1138 1143/1143 1168/1168
f 1168/1168 1143/1143 1170/1170
f 1168/1168 1170/1170 1172/1172
f 1137/1137 1138/1138 1168/1168
f 1137/1137 1136/1136 1138/1138
f 2454/2454 2446/2446 2456/2456
f 2514/2514 2510/2510 2511/2511
f 2438/2438 2439/2439 2436/2436
f 2437/2437 2438/2438 2436/2436
f 2078/2078 2075/2075 2079/2079
f 2078/2078 2079/2079 2080/2080
f 372/372 373/373 371/371
f 379/379 331/331 381/381
f 358/358 366/366 372/372
f 255/255 379/379 326/326
f 254/254 255/255 326/326
f 362/362 366/366 358/358
f 364/364 362/362 361/361
f 364/364 368/368 362/362
f 363/363 368/368 364/364
f 369/369 368/368 363/363
f 264/264 256/256 265/265
f 2818/2818 2819/2819 2820/2820
f 4652/4652 4653/4653 4650/4650
f 5967/5967 5969/5969 5968/5968
f 5968/5968 5969/5969 5970/5970
f 5948/5948 6095/6095 5976/5976
f 5085/5085 5090/5090 5089/5089
f 4032/4032 4403/4403 4359/4359
f 4032/4032 4025/4025 4403/4403
f 5349/5349 5440/5440 5442/5442
f 7658/7658 7659/7659 7660/7660
f 6994/6994 6992/6992 6993/6993
f 1142/1142 1144/1144 1141/1141
f 1173/1173 1174/1174 1178/1178
f 1139/1139 1142/1142 1141/1141
f 1172/1172 1173/1173 1175/1175
f 1136/1136 1142/1142 1139/1139
f 1135/1135 1142/1142 1136/1136
f 1171/1171 1172/1172 1175/1175
f 1132/1132 1135/1135 1136/1136
f 1132/1132 1136/1136 1137/1137
f 1171/1171 1168/1168 1172/1172
f 1167/1167 1168/1168 1171/1171
f 1167/1167 1137/1137 1168/1168
f 1134/1134 1137/1137 1167/1167
f 1134/1134 1132/1132 1137/1137
f 1169/1169 1134/1134 1167/1167
f 1171/1171 1169/1169 1167/1167
f 1133/1133 1130/1130 1132/1132
f 1133/1133 1132/1132 1134/1134
f 1205/1205 1169/1169 1171/1171
f 2514/2514 2517/2517 2513/2513
f 2516/2516 2517/2517 2514/2514
f 2511/2511 2516/2516 2514/2514
f 2518/2518 2516/2516 2511/2511
f 2433/2433 2437/2437 2436/2436
f 2078/2078 2077/2077 2075/2075
f 379/379 381/381 380/380
f 326/326 379/379 380/380
f 366/366 374/374 372/372
f 257/257 252/252 254/254
f 259/259 251/251 257/257
f 256/256 251/251 259/259
f 258/258 256/256 259/259
f 265/265 256/256 269/269
f 286/286 265/265 269/269
f 264/264 265/265 286/286
f 2818/2818 2811/2811 2819/2819
f 2817/2817 2811/2811 2818/2818
f 4651/4651 4652/4652 4650/4650
f 5855/5855 5853/5853 5874/5874
f 5854/5854 5853/5853 5855/5855
f 5952/5952 5957/5957 5955/5955
f 1178/1178 1174/1174 1186/1186
f 1145/1145 1144/1144 1142/1142
f 1176/1176 1178/1178 1181/1181
f 1176/1176 1175/1175 1173/1173
f 1135/1135 1147/1147 1142/1142
f 1171/1171 1175/1175 1176/1176
f 1131/1131 1135/1135 1132/1132
f 1177/1177 1171/1171 1176/1176
f 1130/1130 1131/1131 1132/1132
f 673/673 731/731 739/739
f 2513/2513 2524/2524 2523/2523
f 2521/2521 2524/2524 2513/2513
f 2517/2517 2521/2521 2513/2513
f 2445/2445 2454/2454 2455/2455
f 2446/2446 2454/2454 2445/2445
f 2518/2518 2519/2519 2516/2516
f 2448/2448 2449/2449 2433/2433
f 2434/2434 2436/2436 2446/2446
f 2433/2433 2436/2436 2434/2434
f 2445/2445 2434/2434 2446/2446
f 2449/2449 2437/2437 2433/2433
f 351/351 392/392 393/393
f 366/366 383/383 374/374
f 375/375 376/376 366/366
f 362/362 375/375 366/366
f 259/259 257/257 271/271
f 375/375 362/362 368/368
f 273/273 258/258 259/259
f 370/370 375/375 368/368
f 369/369 370/370 368/368
f 4648/4648 4650/4650 4649/4649
f 2812/2812 2811/2811 2817/2817
f 5059/5059 5040/5040 5041/5041
f 5967/5967 5971/5971 5969/5969
f 5856/5856 5854/5854 5855/5855
f 5973/5973 5971/5971 5967/5967
f 5956/5956 6111/6111 5973/5973
f 6095/6095 6121/6121 5976/5976
f 5085/5085 5087/5087 5090/5090
f 1144/1144 1146/1146 1141/1141
f 1182/1182 1178/1178 1186/1186
f 1145/1145 1146/1146 1144/1144
f 1181/1181 1178/1178 1182/1182
f 1147/1147 1145/1145 1142/1142
f 1176/1176 1181/1181 1180/1180
f 1148/1148 1147/1147 1135/1135
f 1148/1148 1135/1135 1131/1131
f 1177/1177 1176/1176 1179/1179
f 1179/1179 1176/1176 1180/1180
f 1149/1149 1148/1148 1131/1131
f 646/646 715/715 717/717
f 2455/2455 2471/2471 2475/2475
f 2520/2520 2521/2521 2517/2517
f 2516/2516 2520/2520 2517/2517
f 2519/2519 2522/2522 2516/2516
f 2073/2073 2074/2074 2075/2075
f 2076/2076 2073/2073 2075/2075
f 2077/2077 2076/2076 2075/2075
f 271/271 257/257 274/274
f 273/273 259/259 271/271
f 370/370 377/377 375/375
f 272/272 258/258 273/273
f 269/269 258/258 272/272
f 298/298 286/286 269/269
f 2810/2810 2807/2807 2811/2811
f 2805/2805 2807/2807 2810/2810
f 4648/4648 4649/4649 4646/4646
f 4647/4647 4648/4648 4646/4646
f 2812/2812 2810/2810 2811/2811
f 6095/6095 6144/6144 6121/6121
f 5349/5349 5394/5394 5440/5440
f 6994/6994 6995/6995 6992/6992
f 7016/7016 7017/7017 7018/7018
f 4207/4207 4049/4049 4039/4039
f 1150/1150 1146/1146 1145/1145
f 1147/1147 1150/1150 1145/1145
f 1151/1151 1150/1150 1147/1147
f 1180/1180 1181/1181 1182/1182
f 1184/1184 1180/1180 1182/1182
f 1148/1148 1152/1152 1151/1151
f 1148/1148 1151/1151 1147/1147
f 1179/1179 1180/1180 1183/1183
f 1153/1153 1148/1148 1149/1149
f 667/667 717/717 751/751
f 2453/2453 2455/2455 2457/2457
f 2445/2445 2455/2455 2453/2453
f 2516/2516 2522/2522 2520/2520
f 2432/2432 2433/2433 2434/2434
f 2071/2071 2074/2074 2073/2073
f 391/391 401/401 383/383
f 393/393 411/411 410/410
f 376/376 391/391 383/383
f 274/274 410/410 280/280
f 375/375 384/384 376/376
f 271/271 274/274 277/277
f 382/382 377/377 370/370
f 2805/2805 2806/2806 2807/2807
f 298/298 269/269 297/297
f 2821/2821 2805/2805 2810/2810
f 5001/5001 5004/5004 5002/5002
f 5857/5857 5855/5855 5873/5873
f 6630/6630 6629/6629 6632/6632
f 5086/5086 5087/5087 5085/5085
f 7200/7200 7201/7201 7199/7199
f 7182/7182 7199/7199 7395/7395
f 4047/4047 4207/4207 4039/4039
f 6994/6994 6993/6993 7519/7519
f 1150/1150 1156/1156 1146/1146
f 1155/1155 1156/1156 1150/1150
f 1151/1151 1155/1155 1150/1150
f 1184/1184 1182/1182 1188/1188
f 1189/1189 1184/1184 1188/1188
f 1183/1183 1180/1180 1184/1184
f 1185/1185 1183/1183 1184/1184
f 1148/1148 1154/1154 1152/1152
f 1153/1153 1154/1154 1148/1148
f 2455/2455 2475/2475 2468/2468
f 2457/2457 2455/2455 2468/2468
f 2440/2440 2445/2445 2453/2453
f 2068/2068 2121/2121 2074/2074
f 2450/2450 2432/2432 2435/2435
f 2068/2068 2074/2074 2071/2071
f 410/410 411/411 412/412
f 277/277 274/274 280/280
f 385/385 384/384 375/375
f 271/271 277/277 278/278
f 273/273 271/271 278/278
f 377/377 385/385 375/375
f 272/272 273/273 278/278
f 279/279 272/272 278/278
f 382/382 385/385 377/377
f 269/269 272/272 276/276
f 276/276 272/272 279/279
f 2808/2808 2806/2806 2805/2805
f 2813/2813 2808/2808 2805/2805
f 4647/4647 4646/4646 4645/4645
f 4645/4645 4646/4646 4636/4636
f 2813/2813 2805/2805 2821/2821
f 5003/5003 5042/5042 5041/5041
f 6122/6122 5971/5971 5973/5973
f 5856/5856 5857/5857 5864/5864
f 5171/5171 5170/5170 5168/5168
f 1182/1182 1192/1192 1191/1191
f 1188/1188 1182/1182 1191/1191
f 1157/1157 1155/1155 1151/1151
f 1152/1152 1157/1157 1151/1151
f 1185/1185 1184/1184 1189/1189
f 1154/1154 1160/1160 1152/1152
f 2440/2440 2453/2453 2451/2451
f 2529/2529 2526/2526 2522/2522
f 2435/2435 2432/2432 2434/2434
f 2440/2440 2434/2434 2445/2445
f 2435/2435 2434/2434 2440/2440
f 8128/8128 8126/8126 8127/8127
f 384/384 389/389 376/376
f 382/382 387/387 385/385
f 297/297 276/276 299/299
f 5653/5653 5655/5655 5657/5657
f 7014/7014 7017/7017 7016/7016
f 1156/1156 1161/1161 1162/1162
f 1155/1155 1161/1161 1156/1156
f 1157/1157 1161/1161 1155/1155
f 1158/1158 1157/1157 1152/1152
f 1185/1185 1189/1189 1190/1190
f 1159/1159 1158/1158 1152/1152
f 1160/1160 1159/1159 1152/1152
f 714/714 779/779 780/780
f 691/691 718/718 692/692
f 2520/2520 2525/2525 2521/2521
f 2522/2522 2526/2526 2520/2520
f 2072/2072 2071/2071 2073/2073
f 395/395 401/401 391/391
f 8125/8125 8126/8126 8124/8124
f 8127/8127 8126/8126 8125/8125
f 389/389 395/395 376/376
f 376/376 395/395 391/391
f 385/385 389/389 384/384
f 390/390 389/389 385/385
f 385/385 387/387 390/390
f 2809/2809 2814/2814 2806/2806
f 2809/2809 2806/2806 2808/2808
f 4645/4645 4636/4636 4643/4643
f 5271/5271 5273/5273 5272/5272
f 6108/6108 6121/6121 6098/6098
f 6098/6098 6121/6121 6144/6144
f 5085/5085 5088/5088 5084/5084
f 7210/7210 7211/7211 7209/7209
f 7661/7661 7659/7659 7658/7658
f 1191/1191 1192/1192 1195/1195
f 1188/1188 1191/1191 1195/1195
f 1157/1157 1163/1163 1161/1161
f 1196/1196 1188/1188 1195/1195
f 1189/1189 1188/1188 1196/1196
f 1158/1158 1163/1163 1157/1157
f 1193/1193 1190/1190 1189/1189
f 1203/1203 1190/1190 1193/1193
f 2521/2521 2527/2527 2535/2535
f 2525/2525 2527/2527 2521/2521
f 2526/2526 2525/2525 2520/2520
f 2441/2441 2435/2435 2440/2440
f 2441/2441 2440/2440 2442/2442
f 2070/2070 2071/2071 2072/2072
f 277/277 280/280 320/320
f 394/394 390/390 387/387
f 325/325 299/299 276/276
f 2815/2815 2814/2814 2809/2809
f 4634/4634 4636/4636 4635/4635
f 4642/4642 4636/4636 4634/4634
f 5864/5864 5866/5866 5867/5867
f 5869/5869 5864/5864 5867/5867
f 5138/5138 5087/5087 5086/5086
f 7765/7765 7764/7764 7760/7760
f 7251/7251 7201/7201 7200/7200
f 7040/7040 7041/7041 7035/7035
f 7040/7040 7035/7035 7039/7039
f 7042/7042 7039/7039 7176/7176
f 4068/4068 4207/4207 4047/4047
f 4613/4613 4614/4614 4617/4617
f 4615/4615 4613/4613 4617/4617
f 4616/4616 4615/4615 4617/4617
f 1158/1158 1165/1165 1163/1163
f 1194/1194 1189/1189 1196/1196
f 1166/1166 1165/1165 1158/1158
f 1193/1193 1189/1189 1194/1194
f 1164/1164 1166/1166 1158/1158
f 1159/1159 1164/1164 1158/1158
f 641/641 735/735 640/640
f 2465/2465 2457/2457 2468/2468
f 2465/2465 2451/2451 2457/2457
f 2528/2528 2527/2527 2525/2525
f 2066/2066 2120/2120 2068/2068
f 2443/2443 2441/2441 2442/2442
f 2070/2070 2068/2068 2071/2071
f 8123/8123 8124/8124 8121/8121
f 398/398 399/399 395/395
f 390/390 398/398 389/389
f 322/322 278/278 321/321
f 394/394 402/402 390/390
f 323/323 278/278 322/322
f 279/279 278/278 323/323
f 276/276 323/323 324/324
f 2816/2816 2823/2823 2822/2822
f 2816/2816 2822/2822 2814/2814
f 2815/2815 2816/2816 2814/2814
f 5270/5270 5271/5271 5272/5272
f 5269/5269 5271/5271 5270/5270
f 6538/6538 6541/6541 6539/6539
f 6144/6144 6096/6096 6098/6098
f 5942/5942 5937/5937 5940/5940
f 5173/5173 5172/5172 5171/5171
f 5287/5287 5171/5171 5168/5168
f 4208/4208 4167/4167 4172/4172
f 5405/5405 5092/5092 5139/5139
f 5405/5405 5139/5139 5399/5399
f 4613/4613 4610/4610 4614/4614
f 1196/1196 1195/1195 1197/1197
f 4616/4616 4605/4605 4615/4615
f 4612/4612 4605/4605 4616/4616
f 1194/1194 1196/1196 1200/1200
f 687/687 536/536 724/724
f 1187/1187 1166/1166 1164/1164
f 2528/2528 2525/2525 2526/2526
f 2069/2069 2068/2068 2070/2070
f 8122/8122 8121/8121 8120/8120
f 8123/8123 8121/8121 8122/8122
f 398/398 390/390 402/402
f 403/403 402/402 394/394
f 403/403 407/407 402/402
f 4633/4633 4634/4634 4635/4635
f 2824/2824 2823/2823 2816/2816
f 5622/5622 5621/5621 5620/5620
f 5077/5077 5086/5086 5085/5085
f 7184/7184 7200/7200 7199/7199
f 7184/7184 7199/7199 7182/7182
f 7044/7044 7042/7042 7176/7176
f 7044/7044 7176/7176 7191/7191
f 1909/1909 1916/1916 1905/1905
f 4615/4615 4606/4606 4613/4613
f 1199/1199 1196/1196 1197/1197
f 4605/4605 4606/4606 4615/4615
f 1200/1200 1196/1196 1199/1199
f 4611/4611 4605/4605 4612/4612
f 4618/4618 4611/4611 4612/4612
f 4618/4618 4612/4612 4619/4619
f 1193/1193 1194/1194 1198/1198
f 2528/2528 2530/2530 2527/2527
f 2353/2353 2354/2354 2352/2352
f 8120/8120 8121/8121 8101/8101
f 398/398 400/400 399/399
f 8028/8028 8102/8102 8029/8029
f 5223/5223 5226/5226 5462/5462
f 4630/4630 4634/4634 4633/4633
f 4631/4631 4630/4630 4633/4633
f 2825/2825 2823/2823 2824/2824
f 5268/5268 5269/5269 5270/5270
f 6103/6103 6098/6098 6099/6099
f 6098/6098 6097/6097 6099/6099
f 5942/5942 5938/5938 5937/5937
f 4288/4288 4079/4079 4146/4146
f 7189/7189 7424/7424 7021/7021
f 7197/7197 7016/7016 7276/7276
f 4613/4613 4606/4606 4610/4610
f 4607/4607 4605/4605 4611/4611
f 4621/4621 4611/4611 4618/4618
f 4563/4563 4564/4564 4565/4565
f 4432/4432 4433/4433 4429/4429
f 4428/4428 4429/4429 4430/4430
f 4428/4428 4430/4430 4435/4435
f 4436/4436 4428/4428 4435/4435
f 2531/2531 2533/2533 2528/2528
f 2531/2531 2528/2528 2526/2526
f 2066/2066 2084/2084 2120/2120
f 2067/2067 2066/2066 2068/2068
f 2067/2067 2068/2068 2069/2069
f 5225/5225 5462/5462 5226/5226
f 5220/5220 5226/5226 5223/5223
f 5220/5220 5223/5223 5222/5222
f 7809/7809 8099/8099 7818/7818
f 408/408 407/407 403/403
f 2826/2826 2827/2827 2823/2823
f 2825/2825 2826/2826 2823/2823
f 6020/6020 6029/6029 6023/6023
f 4288/4288 4146/4146 4347/4347
f 5077/5077 5085/5085 5084/5084
f 5347/5347 5394/5394 5349/5349
f 7208/7208 7210/7210 7209/7209
f 7206/7206 7209/7209 7251/7251
f 7189/7189 7021/7021 6995/6995
f 6997/6997 6994/6994 7519/7519
f 1204/1204 1197/1197 1208/1208
f 4606/4606 4601/4601 4610/4610
f 1202/1202 1197/1197 1204/1204
f 1199/1199 1197/1197 1202/1202
f 4604/4604 4601/4601 4606/4606
f 4605/4605 4604/4604 4606/4606
f 4620/4620 4607/4607 4611/4611
f 4620/4620 4611/4611 4621/4621
f 4431/4431 4432/4432 4429/4429
f 4431/4431 4429/4429 4428/4428
f 1198/1198 1200/1200 1201/1201
f 2539/2539 2536/2536 2527/2527
f 2527/2527 2530/2530 2539/2539
f 2531/2531 2526/2526 2532/2532
f 2082/2082 2067/2067 2069/2069
f 8115/8115 8120/8120 8101/8101
f 5225/5225 5288/5288 5462/5462
f 5279/5279 5288/5288 5225/5225
f 5221/5221 5220/5220 5222/5222
f 5224/5224 5221/5221 5222/5222
f 7807/7807 7809/7809 7818/7818
f 7808/7808 7809/7809 7807/7807
f 4946/4946 4951/4951 4947/4947
f 4951/4951 4952/4952 4953/4953
f 6030/6030 6032/6032 6034/6034
f 4946/4946 4952/4952 4951/4951
f 4949/4949 4946/4946 4945/4945
f 6756/6756 6757/6757 6758/6758
f 4973/4973 4974/4974 4975/4975
f 6023/6023 6027/6027 6025/6025
f 6024/6024 6023/6023 6025/6025
f 6019/6019 6023/6023 6024/6024
f 6028/6028 6017/6017 6019/6019
f 4347/4347 4194/4194 4412/4412
f 4350/4350 4347/4347 4412/4412
f 4288/4288 4347/4347 4350/4350
f 5110/5110 5138/5138 5086/5086
f 7206/7206 7208/7208 7209/7209
f 7029/7029 7016/7016 7197/7197
f 4601/4601 4600/4600 4610/4610
f 1200/1200 1199/1199 1202/1202
f 4602/4602 4604/4604 4605/4605
f 4602/4602 4605/4605 4607/4607
f 4566/4566 4567/4567 4564/4564
f 4666/4666 4663/4663 4665/4665
f 4566/4566 4564/4564 4563/4563
f 4568/4568 4566/4566 4563/4563
f 4666/4666 4665/4665 4668/4668
f 4470/4470 4473/4473 4472/4472
f 4669/4669 4666/4666 4668/4668
f 4609/4609 4607/4607 4620/4620
f 4662/4662 4663/4663 4666/4666
f 4667/4667 4662/4662 4666/4666
f 4470/4470 4472/4472 4471/4471
f 4469/4469 4470/4470 4471/4471
f 4469/4469 4474/4474 4470/4470
f 2533/2533 2534/2534 2530/2530
f 2530/2530 2528/2528 2533/2533
f 2351/2351 2353/2353 2352/2352
f 8076/8076 8101/8101 8100/8100
f 2351/2351 2352/2352 2349/2349
f 2058/2058 2066/2066 2067/2067
f 2082/2082 2058/2058 2067/2067
f 8115/8115 8101/8101 8076/8076
f 7808/7808 7807/7807 7806/7806
f 4947/4947 4950/4950 4948/4948
f 4947/4947 4948/4948 4945/4945
f 4953/4953 4957/4957 4950/4950
f 5267/5267 5269/5269 5268/5268
f 4951/4951 4950/4950 4947/4947
f 5267/5267 5268/5268 5218/5218
f 1493/1493 1434/1434 1433/1433
f 4958/4958 4957/4957 4953/4953
f 1502/1502 1493/1493 1514/1514
f 4953/4953 4950/4950 4951/4951
f 4945/4945 4946/4946 4947/4947
f 1515/1515 1502/1502 1514/1514
f 6032/6032 6035/6035 6034/6034
f 4417/4417 4427/4427 4418/4418
f 6028/6028 6019/6019 6024/6024
f 5174/5174 5175/5175 5173/5173
f 5174/5174 5173/5173 5171/5171
f 5174/5174 5171/5171 5287/5287
f 5623/5623 5622/5622 5620/5620
f 5457/5457 5138/5138 5110/5110
f 4320/4320 4350/4350 4348/4348
f 5083/5083 5077/5077 5084/5084
f 5421/5421 5405/5405 5399/5399
f 7015/7015 7014/7014 7016/7016
f 7015/7015 7016/7016 7029/7029
f 1920/1920 1806/1806 1912/1912
f 1913/1913 1920/1920 1912/1912
f 4595/4595 4601/4601 4604/4604
f 4602/4602 4595/4595 4604/4604
f 4608/4608 4602/4602 4607/4607
f 4608/4608 4607/4607 4609/4609
f 2481/2481 2484/2484 2538/2538
f 2452/2452 2481/2481 2482/2482
f 2065/2065 2118/2118 2084/2084
f 2065/2065 2084/2084 2066/2066
f 2058/2058 2065/2065 2066/2066
f 5214/5214 5279/5279 5225/5225
f 5225/5225 5226/5226 5213/5213
f 5213/5213 5226/5226 5220/5220
f 5213/5213 5220/5220 5219/5219
f 5219/5219 5220/5220 5221/5221
f 4948/4948 4954/4954 4955/4955
f 1447/1447 1459/1459 1471/1471
f 4948/4948 4950/4950 4954/4954
f 4421/4421 4426/4426 4423/4423
f 1421/1421 1471/1471 1433/1433
f 1447/1447 1471/1471 1421/1421
f 2828/2828 2827/2827 2826/2826
f 2828/2828 2829/2829 2827/2827
f 4639/4639 4638/4638 4637/4637
f 4417/4417 4418/4418 4415/4415
f 4412/4412 4417/4417 4415/4415
f 4411/4411 4412/4412 4415/4415
f 4350/4350 4412/4412 4411/4411
f 5110/5110 5086/5086 5077/5077
f 4173/4173 4060/4060 4170/4170
f 7194/7194 7189/7189 6995/6995
f 1921/1921 1806/1806 1920/1920
f 1200/1200 1202/1202 1207/1207
f 4603/4603 4602/4602 4608/4608
f 1201/1201 1200/1200 1206/1206
f 2348/2348 2351/2351 2349/2349
f 2347/2347 2348/2348 2349/2349
f 5214/5214 5297/5297 5279/5279
f 3727/3727 3726/3726 3725/3725
f 1459/1459 1461/1461 1510/1510
f 1429/1429 1461/1461 1459/1459
f 4954/4954 4956/4956 4955/4955
f 1410/1410 1459/1459 1447/1447
f 1429/1429 1459/1459 1410/1410
f 1410/1410 1447/1447 1421/1421
f 7816/7816 7814/7814 7806/7806
f 2830/2830 2829/2829 2828/2828
f 1422/1422 1421/1421 1433/1433
f 4418/4418 4421/4421 4420/4420
f 4415/4415 4418/4418 4420/4420
f 5218/5218 5265/5265 5267/5267
f 1422/1422 1433/1433 1434/1434
f 1460/1460 1434/1434 1493/1493
f 1492/1492 1493/1493 1502/1502
f 1460/1460 1493/1493 1492/1492
f 6100/6100 6097/6097 6115/6115
f 5176/5176 5175/5175 5174/5174
f 4350/4350 4411/4411 4348/4348
f 4959/4959 4960/4960 4961/4961
f 4345/4345 4348/4348 4335/4335
f 4284/4284 4345/4345 4335/4335
f 4336/4336 4284/4284 4335/4335
f 4272/4272 4284/4284 4336/4336
f 5106/5106 5084/5084 5092/5092
f 6996/6996 7194/7194 6995/6995
f 6996/6996 6995/6995 6994/6994
f 6997/6997 6996/6996 6994/6994
f 4596/4596 4600/4600 4601/4601
f 4596/4596 4593/4593 4600/4600
f 1202/1202 1204/1204 1209/1209
f 4596/4596 4601/4601 4595/4595
f 3232/3232 3234/3234 3244/3244
f 4602/4602 4594/4594 4595/4595
f 1207/1207 1206/1206 1200/1200
f 4594/4594 4602/4602 4603/4603
f 4599/4599 4594/4594 4603/4603
f 4852/4852 4853/4853 4851/4851
f 2540/2540 2533/2533 2537/2537
f 2537/2537 2533/2533 2531/2531
f 5213/5213 5214/5214 5225/5225
f 3725/3725 3722/3722 3714/3714
f 3726/3726 3722/3722 3725/3725
f 1465/1465 1510/1510 1461/1461
f 4423/4423 4424/4424 4422/4422
f 4420/4420 4421/4421 4422/4422
f 5221/5221 5224/5224 5266/5266
f 5266/5266 5463/5463 5221/5221
f 1420/1420 1410/1410 1421/1421
f 1420/1420 1421/1421 1422/1422
f 4525/4525 4526/4526 4527/4527
f 4641/4641 4639/4639 4640/4640
f 1422/1422 1434/1434 1460/1460
f 4965/4965 4966/4966 4964/4964
f 4354/4354 4331/4331 4316/4316
f 1491/1491 1460/1460 1492/1492
f 4962/4962 4965/4965 4964/4964
f 4963/4963 4962/4962 4964/4964
f 6102/6102 6099/6099 6101/6101
f 4353/4353 4354/4354 4316/4316
f 4353/4353 4316/4316 4317/4317
f 4961/4961 4962/4962 4963/4963
f 4960/4960 4962/4962 4961/4961
f 4272/4272 4336/4336 4307/4307
f 4986/4986 4987/4987 4988/4988
f 4180/4180 4284/4284 4349/4349
f 5106/5106 5092/5092 5405/5405
f 5348/5348 5347/5347 5349/5349
f 7011/7011 7013/7013 7014/7014
f 6999/6999 6997/6997 7000/7000
f 7000/7000 6997/6997 7519/7519
f 1809/1809 1806/1806 1921/1921
f 1209/1209 1204/1204 1211/1211
f 2540/2540 2534/2534 2533/2533
f 2488/2488 2482/2482 2483/2483
f 2083/2083 2124/2124 2118/2118
f 2083/2083 2118/2118 2065/2065
f 2350/2350 2348/2348 2347/2347
f 8076/8076 8027/8027 8024/8024
f 8029/8029 8076/8076 8024/8024
f 5215/5215 5213/5213 5219/5219
f 5219/5219 5463/5463 5215/5215
f 4424/4424 4425/4425 4414/4414
f 1465/1465 1489/1489 1510/1510
f 4422/4422 4424/4424 4414/4414
f 5463/5463 5219/5219 5221/5221
f 4325/4325 4419/4419 4416/4416
f 4967/4967 4969/4969 4970/4970
f 4409/4409 4325/4325 4324/4324
f 4968/4968 4969/4969 4967/4967
f 5688/5688 5689/5689 5690/5690
f 4965/4965 4968/4968 4967/4967
f 7819/7819 7816/7816 7806/7806
f 5691/5691 5690/5690 5693/5693
f 4644/4644 4641/4641 4640/4640
f 8072/8072 8073/8073 7819/7819
f 4965/4965 4967/4967 4966/4966
f 4180/4180 4349/4349 4268/4268
f 4268/4268 4177/4177 4180/4180
f 4266/4266 4177/4177 4268/4268
f 4175/4175 4177/4177 4266/4266
f 5421/5421 5315/5315 5405/5405
f 7000/7000 7519/7519 7013/7013
f 4594/4594 4575/4575 4595/4595
f 4597/4597 4594/4594 4599/4599
f 1206/1206 1207/1207 1210/1210
f 4849/4849 4847/4847 4851/4851
f 2123/2123 2124/2124 2083/2083
f 2057/2057 2083/2083 2065/2065
f 2058/2058 2057/2057 2065/2065
f 5211/5211 5297/5297 5214/5214
f 5211/5211 5214/5214 5213/5213
f 8025/8025 8023/8023 8020/8020
f 3704/3704 3714/3714 3722/3722
f 4422/4422 4414/4414 4326/4326
f 4983/4983 4984/4984 4985/4985
f 4416/4416 4326/4326 4325/4325
f 4419/4419 4422/4422 4416/4416
f 1404/1404 1429/1429 1410/1410
f 1405/1405 1410/1410 1420/1420
f 5688/5688 5690/5690 5691/5691
f 5192/5192 5265/5265 5218/5218
f 5193/5193 5192/5192 5218/5218
f 1490/1490 1460/1460 1491/1491
f 5179/5179 5176/5176 5177/5177
f 5177/5177 5176/5176 5174/5174
f 5624/5624 5634/5634 5622/5622
f 5624/5624 5622/5622 5623/5623
f 4262/4262 4175/4175 4266/4266
f 4261/4261 4175/4175 4262/4262
f 5083/5083 5084/5084 5106/5106
f 5315/5315 5106/5106 5405/5405
f 7042/7042 7040/7040 7039/7039
f 7000/7000 7013/7013 7011/7011
f 1810/1810 1809/1809 1921/1921
f 3171/3171 3172/3172 3173/3173
f 4579/4579 4596/4596 4595/4595
f 4575/4575 4579/4579 4595/4595
f 4573/4573 4575/4575 4594/4594
f 4573/4573 4594/4594 4597/4597
f 518/518 513/513 516/516
f 4847/4847 4852/4852 4851/4851
f 4861/4861 4856/4856 4863/4863
f 4845/4845 4849/4849 4850/4850
f 2059/2059 2083/2083 2057/2057
f 2056/2056 2057/2057 2058/2058
f 5210/5210 5211/5211 5213/5213
f 5210/5210 5213/5213 5215/5215
f 1463/1463 1489/1489 1465/1465
f 1430/1430 1465/1465 1461/1461
f 1402/1402 1410/1410 1405/1405
f 7819/7819 7806/7806 7813/7813
f 5692/5692 5688/5688 5691/5691
f 5265/5265 5276/5276 5503/5503
f 5192/5192 5276/5276 5265/5265
f 1428/1428 1422/1422 1460/1460
f 5179/5179 5180/5180 5176/5176
f 4178/4178 4174/4174 4261/4261
f 4254/4254 4178/4178 4261/4261
f 5653/5653 5654/5654 5655/5655
f 7043/7043 7042/7042 7044/7044
f 7011/7011 7014/7014 7015/7015
f 4593/4593 4596/4596 4579/4579
f 1212/1212 1209/1209 1213/1213
f 1210/1210 1207/1207 1212/1212
f 4844/4844 4847/4847 4849/4849
f 4844/4844 4849/4849 4845/4845
f 2350/2350 2347/2347 2355/2355
f 2356/2356 2350/2350 2355/2355
f 5211/5211 5289/5289 5297/5297
f 5209/5209 5211/5211 5210/5210
f 5205/5205 5209/5209 5210/5210
f 8160/8160 8161/8161 8162/8162
f 5439/5439 5210/5210 5215/5215
f 5463/5463 5439/5439 5215/5215
f 1463/1463 1465/1465 1430/1430
f 1430/1430 1461/1461 1429/1429
f 1404/1404 1430/1430 1429/1429
f 7815/7815 7819/7819 7813/7813
f 8069/8069 7819/7819 7815/7815
f 1405/1405 1420/1420 1422/1422
f 8069/8069 8071/8071 7819/7819
f 1428/1428 1460/1460 1490/1490
f 6104/6104 6102/6102 6101/6101
f 5178/5178 5177/5177 5174/5174
f 5629/5629 5634/5634 5624/5624
f 5076/5076 5457/5457 5110/5110
f 4254/4254 4209/4209 4178/4178
f 4212/4212 4209/4209 4254/4254
f 7043/7043 7040/7040 7042/7042
f 2001/2001 1999/1999 2002/2002
f 1998/1998 1999/1999 2000/2000
f 2000/2000 1999/1999 2001/2001
f 2003/2003 2001/2001 2002/2002
f 2003/2003 2002/2002 2010/2010
f 2006/2006 1998/1998 2005/2005
f 2000/2000 2005/2005 1998/1998
f 2004/2004 2000/2000 2001/2001
f 2004/2004 2001/2001 2003/2003
f 2019/2019 2003/2003 2010/2010
f 2011/2011 2005/2005 2000/2000
f 2011/2011 2000/2000 2004/2004
f 2018/2018 2004/2004 2003/2003
f 2018/2018 2003/2003 2019/2019
f 2023/2023 2011/2011 2004/2004
f 2018/2018 2023/2023 2004/2004
f 3165/3165 3172/3172 3171/3171
f 4598/4598 4573/4573 4597/4597
f 4846/4846 4847/4847 4844/4844
f 2056/2056 2059/2059 2057/2057
f 5216/5216 5439/5439 5463/5463
f 1404/1404 1410/1410 1402/1402
f 5216/5216 5463/5463 5201/5201
f 5694/5694 5688/5688 5692/5692
f 1428/1428 1405/1405 1422/1422
f 8070/8070 8069/8069 7815/7815
f 6142/6142 6141/6141 6139/6139
f 5183/5183 5190/5190 5192/5192
f 5182/5182 5183/5183 5180/5180
f 4307/4307 4308/4308 4306/4306
f 7204/7204 7206/7206 7251/7251
f 7204/7204 7251/7251 7200/7200
f 7192/7192 7029/7029 7197/7197
f 7192/7192 7197/7197 7253/7253
f 6998/6998 6996/6996 6997/6997
f 6998/6998 6997/6997 6999/6999
f 7007/7007 6999/6999 7006/7006
f 2007/2007 2017/2017 2008/2008
f 7006/7006 6999/6999 7000/7000
f 7009/7009 7006/7006 7000/7000
f 7010/7010 7009/7009 7000/7000
f 2013/2013 2012/2012 2014/2014
f 7010/7010 7000/7000 7011/7011
f 1998/1998 2007/2007 2008/2008
f 1998/1998 2008/2008 1999/1999
f 2002/2002 2013/2013 2024/2024
f 2010/2010 2002/2002 2024/2024
f 2006/2006 2007/2007 1998/1998
f 2005/2005 2021/2021 2006/2006
f 5801/5801 5794/5794 5802/5802
f 5838/5838 5837/5837 5836/5836
f 4587/4587 4593/4593 4579/4579
f 4578/4578 4579/4579 4576/4576
f 4576/4576 4579/4579 4575/4575
f 4598/4598 4569/4569 4573/4573
f 527/527 531/531 528/528
f 4846/4846 4852/4852 4847/4847
f 2357/2357 2356/2356 2355/2355
f 5209/5209 5289/5289 5211/5211
f 5205/5205 5210/5210 5439/5439
f 7804/7804 7822/7822 7812/7812
f 6042/6042 6040/6040 6041/6041
f 5625/5625 5624/5624 5623/5623
f 5105/5105 5457/5457 5076/5076
f 5346/5346 5394/5394 5347/5347
f 7055/7055 7123/7123 7424/7424
f 7373/7373 6999/6999 7374/7374
f 2007/2007 2022/2022 2017/2017
f 7012/7012 7010/7010 7011/7011
f 2015/2015 2009/2009 2006/2006
f 2006/2006 2009/2009 2007/2007
f 2020/2020 2015/2015 2006/2006
f 2021/2021 2020/2020 2006/2006
f 5793/5793 5794/5794 5801/5801
f 5793/5793 5801/5801 5803/5803
f 5804/5804 5793/5793 5803/5803
f 5804/5804 5803/5803 5807/5807
f 5822/5822 5804/5804 5807/5807
f 3164/3164 3163/3163 3165/3165
f 3164/3164 3165/3165 3171/3171
f 3254/3254 3245/3245 3253/3253
f 4865/4865 4864/4864 4859/4859
f 4572/4572 4573/4573 4569/4569
f 119/119 159/159 116/116
f 4819/4819 4820/4820 4818/4818
f 4836/4836 4844/4844 4845/4845
f 2109/2109 2123/2123 2083/2083
f 2358/2358 2356/2356 2357/2357
f 2109/2109 2083/2083 2059/2059
f 2060/2060 2059/2059 2056/2056
f 5209/5209 5295/5295 5289/5289
f 5203/5203 5205/5205 5439/5439
f 1445/1445 1463/1463 1430/1430
f 5203/5203 5439/5439 5216/5216
f 4311/4311 4314/4314 4313/4313
f 5199/5199 5216/5216 5201/5201
f 5200/5200 5199/5199 5201/5201
f 5695/5695 5688/5688 5694/5694
f 8079/8079 8070/8070 7815/7815
f 5184/5184 5190/5190 5183/5183
f 5076/5076 5110/5110 5077/5077
f 7661/7661 7662/7662 7659/7659
f 7022/7022 7015/7015 7029/7029
f 7022/7022 7029/7029 7192/7192
f 7031/7031 6998/6998 6999/6999
f 7031/7031 6999/6999 7373/7373
f 7786/7786 7787/7787 7788/7788
f 2016/2016 2009/2009 2015/2015
f 3163/3163 3196/3196 3165/3165
f 4578/4578 4587/4587 4579/4579
f 4574/4574 4576/4576 4575/4575
f 4574/4574 4575/4575 4573/4573
f 4574/4574 4573/4573 4572/4572
f 4571/4571 4574/4574 4572/4572
f 520/520 511/511 518/518
f 4837/4837 4846/4846 4844/4844
f 4837/4837 4844/4844 4836/4836
f 4836/4836 4845/4845 4842/4842
f 2123/2123 2109/2109 2127/2127
f 2358/2358 2357/2357 2359/2359
f 2061/2061 2109/2109 2059/2059
f 2061/2061 2059/2059 2060/2060
f 5206/5206 5209/5209 5205/5205
f 7822/7822 8001/8001 7832/7832
f 4314/4314 4337/4337 4313/4313
f 1451/1451 1463/1463 1445/1445
f 5198/5198 5216/5216 5199/5199
f 5184/5184 5183/5183 5182/5182
f 4264/4264 4260/4260 4263/4263
f 7136/7136 7044/7044 7191/7191
f 7019/7019 7011/7011 7015/7015
f 7001/7001 6996/6996 6998/6998
f 1247/1247 1248/1248 1253/1253
f 1236/1236 1248/1248 1247/1247
f 5806/5806 5818/5818 5794/5794
f 5789/5789 5794/5794 5793/5793
f 5792/5792 5789/5789 5793/5793
f 5792/5792 5793/5793 5795/5795
f 5844/5844 5845/5845 5843/5843
f 4578/4578 4586/4586 4587/4587
f 3163/3163 3164/3164 3162/3162
f 4577/4577 4578/4578 4576/4576
f 4876/4876 4877/4877 4864/4864
f 4875/4875 4864/4864 4865/4865
f 4577/4577 4576/4576 4574/4574
f 4846/4846 4843/4843 4852/4852
f 2360/2360 2358/2358 2359/2359
f 5206/5206 5295/5295 5209/5209
f 5198/5198 5203/5203 5216/5216
f 1431/1431 1445/1445 1430/1430
f 1431/1431 1430/1430 1404/1404
f 1403/1403 1404/1404 1402/1402
f 5188/5188 5199/5199 5200/5200
f 1423/1423 1405/1405 1428/1428
f 7831/7831 8079/8079 7811/7811
f 1454/1454 1428/1428 1500/1500
f 5181/5181 5179/5179 5177/5177
f 5181/5181 5177/5177 5178/5178
f 5106/5106 5082/5082 5083/5083
f 4255/4255 4213/4213 4256/4256
f 7136/7136 7191/7191 7123/7123
f 7002/7002 7001/7001 6998/6998
f 7003/7003 6998/6998 7031/7031
f 1234/1234 1240/1240 1236/1236
f 1237/1237 1236/1236 1247/1247
f 5789/5789 5806/5806 5794/5794
f 5844/5844 5843/5843 5842/5842
f 5842/5842 5843/5843 5841/5841
f 5840/5840 5842/5842 5841/5841
f 5839/5839 5840/5840 5841/5841
f 5748/5748 5822/5822 5751/5751
f 5832/5832 5836/5836 5835/5835
f 3157/3157 3163/3163 3162/3162
f 496/496 497/497 494/494
f 4571/4571 4583/4583 4574/4574
f 5204/5204 5206/5206 5205/5205
f 5204/5204 5205/5205 5203/5203
f 5202/5202 5204/5204 5203/5203
f 5202/5202 5203/5203 5198/5198
f 1454/1454 1423/1423 1428/1428
f 5188/5188 5200/5200 5275/5275
f 5696/5696 5695/5695 5694/5694
f 6043/6043 6044/6044 6042/6042
f 5456/5456 5181/5181 5178/5178
f 7003/7003 7002/7002 6998/6998
f 1230/1230 1231/1231 1234/1234
f 1230/1230 1236/1236 1237/1237
f 5796/5796 5806/5806 5789/5789
f 4580/4580 4586/4586 4578/4578
f 4580/4580 4578/4578 4577/4577
f 4879/4879 4875/4875 4878/4878
f 4878/4878 4875/4875 4874/4874
f 4837/4837 4843/4843 4846/4846
f 2125/2125 2127/2127 2109/2109
f 2361/2361 2360/2360 2359/2359
f 1449/1449 1445/1445 1431/1431
f 1467/1467 1449/1449 1431/1431
f 8111/8111 7817/7817 8093/8093
f 1435/1435 1431/1431 1404/1404
f 1403/1403 1435/1435 1404/1404
f 5188/5188 5198/5198 5199/5199
f 1401/1401 1402/1402 1405/1405
f 1401/1401 1405/1405 1423/1423
f 7799/7799 7811/7811 7827/7827
f 5185/5185 5184/5184 5182/5182
f 5182/5182 5179/5179 5446/5446
f 5446/5446 5179/5179 5181/5181
f 5628/5628 5629/5629 5624/5624
f 1083/1083 1102/1102 1094/1094
f 5082/5082 5106/5106 5315/5315
f 4257/4257 4255/4255 4256/4256
f 7045/7045 7040/7040 7043/7043
f 6815/6815 6817/6817 6816/6816
f 1231/1231 1250/1250 1234/1234
f 1232/1232 1230/1230 1237/1237
f 2551/2551 2550/2550 2552/2552
f 2549/2549 2550/2550 2551/2551
f 5790/5790 5789/5789 5792/5792
f 5846/5846 5844/5844 5842/5842
f 3157/3157 3162/3162 3156/3156
f 3179/3179 3188/3188 3184/3184
f 4570/4570 4577/4577 4574/4574
f 4570/4570 4574/4574 4583/4583
f 4836/4836 4842/4842 4835/4835
f 4989/4989 4990/4990 4991/4991
f 2362/2362 2360/2360 2361/2361
f 2063/2063 2109/2109 2061/2061
f 2062/2062 2063/2063 2061/2061
f 2062/2062 2061/2061 2060/2060
f 2114/2114 2062/2062 2060/2060
f 8017/8017 8030/8030 8031/8031
f 5217/5217 5295/5295 5206/5206
f 5217/5217 5206/5206 5207/5207
f 5207/5207 5206/5206 5204/5204
f 7832/7832 7835/7835 7834/7834
f 1450/1450 1451/1451 1445/1445
f 1450/1450 1445/1445 1449/1449
f 5196/5196 5202/5202 5198/5198
f 1435/1435 1467/1467 1431/1431
f 1400/1400 1403/1403 1402/1402
f 5196/5196 5198/5198 5188/5188
f 1400/1400 1402/1402 1401/1401
f 5186/5186 5188/5188 5275/5275
f 5446/5446 5185/5185 5182/5182
f 5065/5065 5105/5105 5076/5076
f 4267/4267 4260/4260 4264/4264
f 4259/4259 4257/4257 4258/4258
f 7542/7542 7346/7346 7253/7253
f 7055/7055 7424/7424 7119/7119
f 7346/7346 7192/7192 7253/7253
f 5742/5742 5771/5771 5747/5747
f 5744/5744 5742/5742 5747/5747
f 5744/5744 5747/5747 5746/5746
f 5745/5745 5744/5744 5746/5746
f 5745/5745 5746/5746 5748/5748
f 5749/5749 5745/5745 5748/5748
f 5788/5788 5796/5796 5789/5789
f 5749/5749 5748/5748 5751/5751
f 4588/4588 4586/4586 4580/4580
f 3179/3179 3184/3184 3180/3180
f 3249/3249 3187/3187 3246/3246
f 4880/4880 4876/4876 4879/4879
f 4881/4881 4879/4879 4878/4878
f 2363/2363 2362/2362 2361/2361
f 2110/2110 2109/2109 2063/2063
f 1507/1507 1512/1512 1450/1450
f 1506/1506 1450/1450 1449/1449
f 1507/1507 1450/1450 1506/1506
f 1506/1506 1449/1449 1467/1467
f 8165/8165 8167/8167 8166/8166
f 5194/5194 5196/5196 5188/5188
f 5626/5626 5624/5624 5625/5625
f 4259/4259 4260/4260 4267/4267
f 5756/5756 5766/5766 5743/5743
f 5715/5715 5756/5756 5743/5743
f 5715/5715 5743/5743 5742/5742
f 5710/5710 5742/5742 5744/5744
f 5710/5710 5744/5744 5745/5745
f 5788/5788 5789/5789 5784/5784
f 5784/5784 5789/5789 5790/5790
f 5791/5791 5784/5784 5790/5790
f 3155/3155 3157/3157 3156/3156
f 1366/1366 1371/1371 1370/1370
f 4815/4815 4817/4817 4813/4813
f 2363/2363 2361/2361 2364/2364
f 1480/1480 1507/1507 1506/1506
f 1435/1435 1479/1479 1467/1467
f 8164/8164 8165/8165 8166/8166
f 7797/7797 7829/7829 8108/8108
f 1400/1400 1412/1412 1403/1403
f 5187/5187 5188/5188 5186/5186
f 1012/1012 1023/1023 1083/1083
f 7654/7654 7655/7655 7656/7656
f 7020/7020 7019/7019 7015/7015
f 5710/5710 5715/5715 5742/5742
f 5750/5750 5745/5745 5749/5749
f 5750/5750 5749/5749 5751/5751
f 4582/4582 4588/4588 4580/4580
f 4581/4581 4582/4582 4580/4580
f 4581/4581 4580/4580 4577/4577
f 4882/4882 4880/4880 4879/4879
f 4581/4581 4577/4577 4570/4570
f 1364/1364 1371/1371 1366/1366
f 4581/4581 4570/4570 4584/4584
f 5207/5207 5298/5298 5217/5217
f 2418/2418 2419/2419 2416/2416
f 2412/2412 2418/2418 2416/2416
f 2413/2413 2412/2412 2416/2416
f 2413/2413 2416/2416 2431/2431
f 7842/7842 8108/8108 7840/7840
f 1439/1439 1435/1435 1412/1412
f 5197/5197 5196/5196 5194/5194
f 5194/5194 5188/5188 5187/5187
f 1424/1424 1423/1423 1454/1454
f 5627/5627 5628/5628 5624/5624
f 5626/5626 5627/5627 5624/5624
f 5082/5082 5077/5077 5083/5083
f 7008/7008 7194/7194 6996/6996
f 7008/7008 6996/6996 7001/7001
f 1219/1219 1230/1230 1232/1232
f 5799/5799 5784/5784 5791/5791
f 5834/5834 5832/5832 5835/5835
f 4589/4589 4588/4588 4582/4582
f 4883/4883 4880/4880 4882/4882
f 4585/4585 4581/4581 4584/4584
f 4832/4832 4843/4843 4837/4837
f 4832/4832 4837/4837 4836/4836
f 4834/4834 4832/4832 4836/4836
f 4835/4835 4834/4834 4836/4836
f 2064/2064 2108/2108 2110/2110
f 2064/2064 2110/2110 2063/2063
f 2062/2062 2064/2064 2063/2063
f 5212/5212 5298/5298 5207/5207
f 5212/5212 5207/5207 5208/5208
f 5208/5208 5207/5207 5204/5204
f 5520/5520 5208/5208 5204/5204
f 5520/5520 5204/5204 5202/5202
f 5520/5520 5202/5202 5196/5196
f 5197/5197 5520/5520 5196/5196
f 1478/1478 1480/1480 1479/1479
f 1411/1411 1401/1401 1423/1423
f 6046/6046 6045/6045 6043/6043
f 5227/5227 5185/5185 5446/5446
f 5075/5075 5076/5076 5077/5077
f 5075/5075 5077/5077 5082/5082
f 5402/5402 5082/5082 5315/5315
f 5497/5497 5315/5315 5421/5421
f 5344/5344 5346/5346 5347/5347
f 7543/7543 7022/7022 7192/7192
f 1229/1229 1231/1231 1230/1230
f 1219/1219 1229/1229 1230/1230
f 5709/5709 5715/5715 5710/5710
f 5768/5768 5745/5745 5750/5750
f 1651/1651 1652/1652 1650/1650
f 3154/3154 3155/3155 3156/3156
f 3181/3181 3180/3180 3186/3186
f 3248/3248 3187/3187 3249/3249
f 1354/1354 1364/1364 1366/1366
f 509/509 520/520 517/517
f 4841/4841 4843/4843 4832/4832
f 2108/2108 2125/2125 2110/2110
f 2365/2365 2363/2363 2364/2364
f 2085/2085 2064/2064 2062/2062
f 8133/8133 8134/8134 8135/8135
f 1441/1441 1439/1439 1412/1412
f 5195/5195 5197/5197 5194/5194
f 1411/1411 1423/1423 1424/1424
f 5630/5630 5631/5631 5628/5628
f 5656/5656 5654/5654 5653/5653
f 5497/5497 5394/5394 5346/5346
f 7022/7022 7020/7020 7015/7015
f 7543/7543 7192/7192 7346/7346
f 5708/5708 5709/5709 5710/5710
f 5768/5768 5710/5710 5745/5745
f 5722/5722 5710/5710 5768/5768
f 3159/3159 3168/3168 3155/3155
f 3178/3178 3179/3179 3180/3180
f 3248/3248 3181/3181 3187/3187
f 1353/1353 1365/1365 1364/1364
f 4829/4829 4832/4832 4834/4834
f 4829/4829 4834/4834 4831/4831
f 4831/4831 4834/4834 4835/4835
f 4831/4831 4835/4835 4848/4848
f 2365/2365 2364/2364 2366/2366
f 5208/5208 5230/5230 5212/5212
f 5464/5464 5520/5520 5197/5197
f 5464/5464 5197/5197 5195/5195
f 1398/1398 1400/1400 1401/1401
f 5464/5464 5195/5195 5504/5504
f 1411/1411 1398/1398 1401/1401
f 5195/5195 5194/5194 5187/5187
f 5189/5189 5185/5185 5227/5227
f 5632/5632 5631/5631 5630/5630
f 7047/7047 7044/7044 7136/7136
f 7004/7004 7001/7001 7002/7002
f 5708/5708 5710/5710 5722/5722
f 4592/4592 4589/4589 4582/4582
f 4591/4591 4592/4592 4582/4582
f 4591/4591 4582/4582 4581/4581
f 3251/3251 3181/3181 3248/3248
f 1351/1351 1353/1353 1364/1364
f 4590/4590 4591/4591 4581/4581
f 4590/4590 4581/4581 4585/4585
f 1351/1351 1364/1364 1354/1354
f 4830/4830 4832/4832 4829/4829
f 4812/4812 4814/4814 4809/4809
f 2086/2086 2064/2064 2085/2085
f 5520/5520 5231/5231 5208/5208
f 5231/5231 5520/5520 5464/5464
f 3709/3709 3698/3698 3711/3711
f 2417/2417 2418/2418 2412/2412
f 7828/7828 7820/7820 7823/7823
f 5064/5064 5073/5073 5105/5105
f 5064/5064 5105/5105 5065/5065
f 7180/7180 7041/7041 7040/7040
f 7205/7205 7206/7206 7204/7204
f 7122/7122 7136/7136 7123/7123
f 5824/5824 5768/5768 5750/5750
f 5824/5824 5750/5750 5751/5751
f 5833/5833 5832/5832 5834/5834
f 3158/3158 3155/3155 3154/3154
f 65/65 64/64 105/105
f 2088/2088 2108/2108 2064/2064
f 5231/5231 5230/5230 5208/5208
f 2411/2411 2412/2412 2413/2413
f 2411/2411 2413/2413 2431/2431
f 1481/1481 1480/1480 1478/1478
f 1419/1419 1441/1441 1412/1412
f 1419/1419 1412/1412 1399/1399
f 1399/1399 1400/1400 1398/1398
f 5278/5278 5504/5504 5195/5195
f 5278/5278 5195/5195 5187/5187
f 5228/5228 5189/5189 5227/5227
f 5063/5063 5065/5065 5075/5075
f 5343/5343 5347/5347 5348/5348
f 7055/7055 7122/7122 7123/7123
f 7654/7654 7656/7656 7657/7657
f 1233/1233 1250/1250 1231/1231
f 1233/1233 1231/1231 1229/1229
f 1243/1243 1232/1232 1237/1237
f 5800/5800 5796/5796 5788/5788
f 6768/6768 6770/6770 6769/6769
f 5759/5759 5767/5767 5819/5819
f 487/487 491/491 486/486
f 4838/4838 4841/4841 4832/4832
f 2367/2367 2365/2365 2366/2366
f 2367/2367 2366/2366 2368/2368
f 2087/2087 2088/2088 2064/2064
f 2087/2087 2064/2064 2086/2086
f 5232/5232 5230/5230 5231/5231
f 8132/8132 7836/7836 7999/7999
f 1474/1474 1478/1478 1479/1479
f 1475/1475 1479/1479 1486/1486
f 8044/8044 7823/7823 8095/8095
f 8098/8098 8044/8044 8095/8095
f 1446/1446 1411/1411 1424/1424
f 5274/5274 5227/5227 5412/5412
f 5627/5627 5630/5630 5628/5628
f 5063/5063 5064/5064 5065/5065
f 5300/5300 5075/5075 5082/5082
f 5300/5300 5082/5082 5402/5402
f 5344/5344 5347/5347 5343/5343
f 7207/7207 7208/7208 7206/7206
f 7181/7181 7182/7182 7041/7041
f 7045/7045 7180/7180 7040/7040
f 7023/7023 7020/7020 7022/7022
f 7030/7030 7023/7023 7022/7022
f 5711/5711 5756/5756 5715/5715
f 1219/1219 1232/1232 1243/1243
f 5785/5785 5800/5800 5788/5788
f 5785/5785 5788/5788 5784/5784
f 5830/5830 5831/5831 5832/5832
f 5830/5830 5832/5832 5833/5833
f 3160/3160 3170/3170 3159/3159
f 3160/3160 3159/3159 3158/3158
f 2643/2643 2649/2649 2648/2648
f 1338/1338 1353/1353 1337/1337
f 1337/1337 1353/1353 1351/1351
f 503/503 509/509 517/517
f 1351/1351 1354/1354 1352/1352
f 4828/4828 4832/4832 4830/4830
f 4829/4829 4828/4828 4830/4830
f 2116/2116 2126/2126 2108/2108
f 5232/5232 5437/5437 5230/5230
f 3616/3616 3617/3617 3615/3615
f 3613/3613 3616/3616 3615/3615
f 2414/2414 2417/2417 2412/2412
f 2414/2414 2412/2412 2411/2411
f 2430/2430 2411/2411 2431/2431
f 6048/6048 6049/6049 6050/6050
f 5228/5228 5227/5227 5274/5274
f 5072/5072 5079/5079 5073/5073
f 1001/1001 1013/1013 1012/1012
f 5402/5402 5315/5315 5497/5497
f 1228/1228 1229/1229 1219/1219
f 5711/5711 5715/5715 5709/5709
f 5713/5713 5708/5708 5722/5722
f 5765/5765 5722/5722 5768/5768
f 5713/5713 5722/5722 5765/5765
f 5765/5765 5768/5768 5824/5824
f 2651/2651 2649/2649 2643/2643
f 3161/3161 3160/3160 3158/3158
f 2643/2643 2648/2648 2645/2645
f 2646/2646 2645/2645 2647/2647
f 503/503 517/517 523/523
f 1340/1340 1351/1351 1352/1352
f 4828/4828 4838/4838 4832/4832
f 96/96 108/108 95/95
f 2090/2090 2116/2116 2108/2108
f 5233/5233 5231/5231 5464/5464
f 5233/5233 5464/5464 5239/5239
f 1474/1474 1479/1479 1475/1475
f 5242/5242 5464/5464 5504/5504
f 1406/1406 1411/1411 1446/1446
f 5518/5518 5504/5504 5278/5278
f 1092/1092 1091/1091 1084/1084
f 5518/5518 5278/5278 5189/5189
f 1000/1000 998/998 997/997
f 7181/7181 7041/7041 7180/7180
f 7181/7181 7184/7184 7182/7182
f 7047/7047 7043/7043 7044/7044
f 7030/7030 7022/7022 7543/7543
f 7092/7092 7543/7543 7346/7346
f 2644/2644 2645/2645 2646/2646
f 4825/4825 4828/4828 4829/4829
f 4825/4825 4829/4829 4831/4831
f 4827/4827 4825/4825 4831/4831
f 2369/2369 2367/2367 2368/2368
f 2370/2370 2369/2369 2368/2368
f 2370/2370 2368/2368 2371/2371
f 2089/2089 2090/2090 2108/2108
f 2089/2089 2108/2108 2088/2088
f 5234/5234 5437/5437 5232/5232
f 5234/5234 5232/5232 5233/5233
f 5233/5233 5232/5232 5231/5231
f 3612/3612 3613/3613 3614/3614
f 5242/5242 5239/5239 5464/5464
f 1396/1396 1399/1399 1398/1398
f 5064/5064 5072/5072 5073/5073
f 7207/7207 7206/7206 7205/7205
f 7203/7203 7204/7204 7200/7200
f 7203/7203 7200/7200 7184/7184
f 7122/7122 7047/7047 7136/7136
f 1228/1228 1233/1233 1229/1229
f 5741/5741 5756/5756 5711/5711
f 5735/5735 5765/5765 5824/5824
f 5787/5787 5784/5784 5799/5799
f 3169/3169 3170/3170 3160/3160
f 3176/3176 3177/3177 3178/3178
f 3182/3182 3181/3181 3250/3250
f 2644/2644 2643/2643 2645/2645
f 1337/1337 1351/1351 1340/1340
f 2089/2089 2088/2088 2087/2087
f 3616/3616 3613/3613 3612/3612
f 8117/8117 8098/8098 7844/7844
f 1396/1396 1419/1419 1399/1399
f 1397/1397 1396/1396 1398/1398
f 1406/1406 1397/1397 1398/1398
f 1406/1406 1398/1398 1411/1411
f 1458/1458 1406/1406 1446/1446
f 5583/5583 5584/5584 5586/5586
f 5141/5141 5412/5412 5079/5079
f 5141/5141 5079/5079 5072/5072
f 7248/7248 7208/7208 7207/7207
f 5704/5704 5711/5711 5709/5709
f 5704/5704 5709/5709 5708/5708
f 2642/2642 2643/2643 2644/2644
f 1333/1333 1336/1336 1338/1338
f 1333/1333 1338/1338 1337/1337
f 1335/1335 1337/1337 1340/1340
f 7847/7847 7846/7846 7995/7995
f 7850/7850 7847/7847 7995/7995
f 7849/7849 7847/7847 7850/7850
f 7848/7848 7847/7847 7849/7849
f 5229/5229 5189/5189 5228/5228
f 1002/1002 1077/1077 1057/1057
f 7005/7005 7004/7004 7002/7002
f 7005/7005 7002/7002 7027/7027
f 5714/5714 5713/5713 5765/5765
f 5714/5714 5765/5765 5720/5720
f 2650/2650 2651/2651 2643/2643
f 3166/3166 3160/3160 3161/3161
f 2652/2652 2644/2644 2646/2646
f 2657/2657 2652/2652 2646/2646
f 4824/4824 4828/4828 4825/4825
f 2372/2372 2370/2370 2371/2371
f 5263/5263 5437/5437 5234/5234
f 5234/5234 5233/5233 5235/5235
f 5235/5235 5233/5233 5239/5239
f 1440/1440 1475/1475 1441/1441
f 1472/1472 1475/1475 1440/1440
f 5240/5240 5239/5239 5242/5242
f 1427/1427 1419/1419 1396/1396
f 5584/5584 5587/5587 5586/5586
f 997/997 982/982 1000/1000
f 7046/7046 7043/7043 7047/7047
f 7058/7058 7119/7119 7194/7194
f 7767/7767 7769/7769 7768/7768
f 7008/7008 7001/7001 7004/7004
f 3167/3167 3166/3166 3161/3161
f 2642/2642 2650/2650 2643/2643
f 1326/1326 1337/1337 1335/1335
f 502/502 503/503 523/523
f 4824/4824 4838/4838 4828/4828
f 2090/2090 2089/2089 2087/2087
f 5240/5240 5235/5235 5239/5239
f 2415/2415 2414/2414 2411/2411
f 1472/1472 1474/1474 1475/1475
f 1427/1427 1440/1440 1441/1441
f 5063/5063 5066/5066 5064/5064
f 5351/5351 5497/5497 5346/5346
f 5345/5345 5346/5346 5344/5344
f 1333/1333 1330/1330 1336/1336
f 1331/1331 1333/1333 1337/1337
f 1331/1331 1337/1337 1326/1326
f 1326/1326 1335/1335 1332/1332
f 4833/4833 4838/4838 4824/4824
f 1332/1332 1335/1335 1329/1329
f 1334/1334 1329/1329 1335/1335
f 111/111 154/154 96/96
f 2091/2091 2090/2090 2087/2087
f 2092/2092 2090/2090 2091/2091
f 1476/1476 1481/1481 1478/1478
f 7851/7851 7849/7849 7850/7850
f 1476/1476 1478/1478 1474/1474
f 6057/6057 6055/6055 6056/6056
f 5534/5534 5536/5536 5535/5535
f 5071/5071 5072/5072 5064/5064
f 5610/5610 5609/5609 5611/5611
f 7730/7730 7729/7729 7731/7731
f 2653/2653 2642/2642 2644/2644
f 502/502 501/501 503/503
f 4826/4826 4825/4825 4827/4827
f 2373/2373 2370/2370 2372/2372
f 5236/5236 5263/5263 5234/5234
f 5588/5588 5587/5587 5584/5584
f 5537/5537 5584/5584 5583/5583
f 7203/7203 7205/7205 7204/7204
f 7180/7180 7184/7184 7181/7181
f 7046/7046 7045/7045 7043/7043
f 7088/7088 7543/7543 7092/7092
f 5786/5786 5784/5784 5787/5787
f 3241/3241 3169/3169 3166/3166
f 2654/2654 2650/2650 2642/2642
f 4823/4823 4833/4833 4824/4824
f 2093/2093 2117/2117 2116/2116
f 2093/2093 2116/2116 2090/2090
f 2093/2093 2090/2090 2092/2092
f 5235/5235 5236/5236 5234/5234
f 5241/5241 5235/5235 5240/5240
f 5506/5506 5240/5240 5242/5242
f 5589/5589 5587/5587 5588/5588
f 5537/5537 5583/5583 5581/5581
f 5066/5066 5071/5071 5064/5064
f 5468/5468 5300/5300 5402/5402
f 5608/5608 5609/5609 5610/5610
f 5345/5345 5351/5351 5346/5346
f 990/990 982/982 997/997
f 7030/7030 7026/7026 7023/7023
f 7005/7005 7008/7008 7004/7004
f 5705/5705 5708/5708 5713/5713
f 5705/5705 5713/5713 5714/5714
f 5736/5736 5735/5735 5767/5767
f 5736/5736 5767/5767 5759/5759
f 2196/2196 2198/2198 2199/2199
f 2197/2197 2198/2198 2196/2196
f 2654/2654 2642/2642 2653/2653
f 1327/1327 1330/1330 1333/1333
f 2653/2653 2644/2644 2652/2652
f 1324/1324 1332/1332 1329/1329
f 4823/4823 4824/4824 4825/4825
f 2374/2374 2373/2373 2372/2372
f 5236/5236 5235/5235 5237/5237
f 7853/7853 7852/7852 7855/7855
f 5241/5241 5240/5240 5506/5506
f 1377/1377 1396/1396 1397/1397
f 1377/1377 1397/1397 1406/1406
f 1377/1377 1406/1406 1432/1432
f 1377/1377 1432/1432 1426/1426
f 5733/5733 5735/5735 5736/5736
f 1327/1327 1333/1333 1331/1331
f 2655/2655 2652/2652 2657/2657
f 1324/1324 1326/1326 1332/1332
f 4823/4823 4825/4825 4826/4826
f 2100/2100 2092/2092 2091/2091
f 5243/5243 5263/5263 5236/5236
f 5241/5241 5237/5237 5235/5235
f 1418/1418 1448/1448 1440/1440
f 1418/1418 1440/1440 1427/1427
f 1374/1374 1396/1396 1377/1377
f 5078/5078 5063/5063 5075/5075
f 985/985 1002/1002 1057/1057
f 5078/5078 5075/5075 5300/5300
f 981/981 988/988 987/987
f 5712/5712 5741/5741 5711/5711
f 5712/5712 5711/5711 5704/5704
f 1328/1328 1330/1330 1327/1327
f 1319/1319 1331/1331 1326/1326
f 2655/2655 2653/2653 2652/2652
f 1323/1323 1324/1324 1329/1329
f 1482/1482 1481/1481 1476/1476
f 1373/1373 1427/1427 1396/1396
f 5255/5255 5257/5257 5258/5258
f 5255/5255 5258/5258 5260/5260
f 1327/1327 1331/1331 1319/1319
f 1324/1324 1319/1319 1326/1326
f 8862/8862 8861/8861 8874/8874
f 4839/4839 4823/4823 4826/4826
f 2115/2115 2117/2117 2093/2093
f 5238/5238 5236/5236 5237/5237
f 3660/3660 3659/3659 3661/3661
f 2427/2427 2411/2411 2430/2430
f 2429/2429 2427/2427 2430/2430
f 1473/1473 1476/1476 1474/1474
f 5506/5506 5444/5444 5241/5241
f 1373/1373 1396/1396 1374/1374
f 5532/5532 5534/5534 5533/5533
f 5530/5530 5533/5533 5544/5544
f 5720/5720 5735/5735 5733/5733
f 5758/5758 5736/5736 5759/5759
f 3203/3203 3195/3195 3208/3208
f 2656/2656 2654/2654 2653/2653
f 2656/2656 2653/2653 2655/2655
f 1321/1321 1324/1324 1323/1323
f 2099/2099 2115/2115 2093/2093
f 5243/5243 5236/5236 5238/5238
f 3658/3658 3659/3659 3660/3660
f 5256/5256 5444/5444 5506/5506
f 5256/5256 5506/5506 5257/5257
f 5530/5530 5532/5532 5533/5533
f 5704/5704 5708/5708 5705/5705
f 2658/2658 2654/2654 2656/2656
f 3207/3207 3183/3183 3201/3201
f 1321/1321 1319/1319 1324/1324
f 500/500 501/501 502/502
f 4839/4839 4840/4840 4823/4823
f 5238/5238 5237/5237 5241/5241
f 5238/5238 5241/5241 5444/5444
f 8109/8109 8130/8130 8112/8112
f 1375/1375 1374/1374 1377/1377
f 1375/1375 1377/1377 1409/1409
f 1409/1409 1377/1377 1426/1426
f 976/976 975/975 985/985
f 7051/7051 7122/7122 7055/7055
f 2195/2195 2197/2197 2196/2196
f 1318/1318 1328/1328 1327/1327
f 1318/1318 1327/1327 1319/1319
f 1320/1320 1321/1321 1323/1323
f 2094/2094 2092/2092 2100/2100
f 1372/1372 1418/1418 1373/1373
f 8065/8065 8049/8049 8050/8050
f 5078/5078 5300/5300 5468/5468
f 7291/7291 7184/7184 7180/7180
f 7766/7766 7767/7767 7768/7768
f 7345/7345 7008/7008 7005/7005
f 5705/5705 5714/5714 5720/5720
f 1316/1316 1328/1328 1318/1318
f 1314/1314 1319/1319 1321/1321
f 1317/1317 1314/1314 1321/1321
f 2660/2660 2655/2655 2663/2663
f 8858/8858 8860/8860 8861/8861
f 8858/8858 8861/8861 8862/8862
f 1322/1322 1320/1320 1323/1323
f 2375/2375 2373/2373 2374/2374
f 2376/2376 2374/2374 2409/2409
f 5244/5244 5243/5243 5238/5238
f 5245/5245 5238/5238 5444/5444
f 1473/1473 1474/1474 1472/1472
f 1444/1444 1473/1473 1472/1472
f 5255/5255 5256/5256 5257/5257
f 5525/5525 5530/5530 5544/5544
f 5067/5067 5066/5066 5063/5063
f 7049/7049 7047/7047 7122/7122
f 7053/7053 7055/7055 7119/7119
f 7053/7053 7119/7119 7058/7058
f 7087/7087 7088/7088 7092/7092
f 7087/7087 7092/7092 7091/7091
f 7090/7090 7087/7087 7091/7091
f 7028/7028 7345/7345 7005/7005
f 7028/7028 7005/7005 7027/7027
f 1227/1227 1233/1233 1228/1228
f 5721/5721 5705/5705 5720/5720
f 5721/5721 5720/5720 5733/5733
f 2658/2658 2656/2656 2659/2659
f 1315/1315 1318/1318 1319/1319
f 1314/1314 1315/1315 1319/1319
f 2659/2659 2656/2656 2655/2655
f 2660/2660 2659/2659 2655/2655
f 1317/1317 1321/1321 1320/1320
f 8859/8859 8858/8858 8862/8862
f 8859/8859 8862/8862 8873/8873
f 8859/8859 8873/8873 8864/8864
f 2107/2107 2094/2094 2100/2100
f 5455/5455 5243/5243 5244/5244
f 5244/5244 5238/5238 5245/5245
f 5261/5261 5245/5245 5444/5444
f 8032/8032 7853/7853 7855/7855
f 5256/5256 5261/5261 5444/5444
f 1444/1444 1448/1448 1418/1418
f 1372/1372 1373/1373 1374/1374
f 5594/5594 5597/5597 5537/5537
f 5594/5594 5537/5537 5582/5582
f 5523/5523 5525/5525 5544/5544
f 5074/5074 5071/5071 5066/5066
f 5067/5067 5063/5063 5078/5078
f 7252/7252 7248/7248 7207/7207
f 7252/7252 7207/7207 7205/7205
f 7291/7291 7203/7203 7184/7184
f 7048/7048 7046/7046 7047/7047
f 1218/1218 1217/1217 1219/1219
f 5707/5707 5712/5712 5704/5704
f 1218/1218 1219/1219 1243/1243
f 2194/2194 2195/2195 2196/2196
f 2661/2661 2660/2660 2663/2663
f 2095/2095 2099/2099 2093/2093
f 7989/7989 8032/8032 7855/7855
f 1417/1417 1444/1444 1418/1418
f 5341/5341 5345/5345 5344/5344
f 7231/7231 7205/7205 7203/7203
f 7500/7500 7026/7026 7030/7030
f 7728/7728 7729/7729 7730/7730
f 1216/1216 1217/1217 1218/1218
f 2638/2638 2658/2658 2659/2659
f 1294/1294 1315/1315 1314/1314
f 1296/1296 1314/1314 1317/1317
f 1296/1296 1317/1317 1320/1320
f 2111/2111 2115/2115 2099/2099
f 2094/2094 2095/2095 2093/2093
f 1375/1375 1372/1372 1374/1374
f 5068/5068 5074/5074 5066/5066
f 5068/5068 5066/5066 5067/5067
f 5659/5659 5660/5660 5661/5661
f 7540/7540 7026/7026 7500/7500
f 7086/7086 7088/7088 7087/7087
f 5703/5703 5704/5704 5705/5705
f 5783/5783 5785/5785 5784/5784
f 5734/5734 5733/5733 5736/5736
f 5734/5734 5736/5736 5758/5758
f 3211/3211 3237/3237 3205/3205
f 3210/3210 3203/3203 3208/3208
f 1312/1312 1316/1316 1318/1318
f 2661/2661 2659/2659 2660/2660
f 1294/1294 1314/1314 1296/1296
f 1296/1296 1320/1320 1322/1322
f 8863/8863 8864/8864 8873/8873
f 2375/2375 2374/2374 2376/2376
f 5245/5245 5246/5246 5244/5244
f 5245/5245 5261/5261 5247/5247
f 1378/1378 1375/1375 1409/1409
f 5596/5596 5597/5597 5594/5594
f 5317/5317 5078/5078 5468/5468
f 5341/5341 5344/5344 5343/5343
f 5734/5734 5721/5721 5733/5733
f 5782/5782 5783/5783 5784/5784
f 5782/5782 5784/5784 5786/5786
f 2662/2662 2638/2638 2659/2659
f 1312/1312 1318/1318 1315/1315
f 8856/8856 8858/8858 8859/8859
f 8863/8863 8856/8856 8859/8859
f 8863/8863 8859/8859 8864/8864
f 5262/5262 5455/5455 5244/5244
f 5247/5247 5261/5261 5251/5251
f 5251/5251 5261/5261 5256/5256
f 5251/5251 5256/5256 5255/5255
f 5254/5254 5251/5251 5255/5255
f 7872/7872 8065/8065 7867/7867
f 5531/5531 5532/5532 5530/5530
f 7183/7183 7291/7291 7180/7180
f 7175/7175 7180/7180 7045/7045
f 7049/7049 7122/7122 7051/7051
f 2192/2192 2195/2195 2194/2194
f 2661/2661 2662/2662 2659/2659
f 1312/1312 1315/1315 1294/1294
f 2664/2664 2661/2661 2663/2663
f 8857/8857 8860/8860 8858/8858
f 8857/8857 8858/8858 8856/8856
f 1295/1295 1296/1296 1322/1322
f 2095/2095 2111/2111 2099/2099
f 5246/5246 5262/5262 5244/5244
f 5247/5247 5246/5246 5245/5245
f 1487/1487 1482/1482 1476/1476
f 1488/1488 1473/1473 1444/1444
f 1376/1376 1372/1372 1375/1375
f 1376/1376 1375/1375 1378/1378
f 5527/5527 5531/5531 5530/5530
f 5527/5527 5530/5530 5525/5525
f 5317/5317 5468/5468 5351/5351
f 5317/5317 5351/5351 5329/5329
f 7046/7046 7175/7175 7045/7045
f 1226/1226 1251/1251 1233/1233
f 1226/1226 1233/1233 1227/1227
f 5731/5731 5705/5705 5721/5721
f 2200/2200 2195/2195 2192/2192
f 2377/2377 2375/2375 2376/2376
f 2113/2113 2111/2111 2095/2095
f 2426/2426 2427/2427 2429/2429
f 7872/7872 7867/7867 7868/7868
f 5301/5301 5067/5067 5078/5078
f 7183/7183 7180/7180 7175/7175
f 7049/7049 7048/7048 7047/7047
f 5755/5755 5731/5731 5721/5721
f 5755/5755 5721/5721 5734/5734
f 1303/1303 1316/1316 1312/1312
f 2639/2639 2662/2662 2661/2661
f 1291/1291 1290/1290 1294/1294
f 1291/1291 1294/1294 1296/1296
f 506/506 500/500 519/519
f 1295/1295 1291/1291 1296/1296
f 2378/2378 2375/2375 2377/2377
f 1416/1416 1444/1444 1417/1417
f 7051/7051 7055/7055 7053/7053
f 7086/7086 7500/7500 7088/7088
f 2639/2639 2638/2638 2662/2662
f 1311/1311 1312/1312 1290/1290
f 2665/2665 2639/2639 2661/2661
f 2096/2096 2095/2095 2094/2094
f 2096/2096 2094/2094 2107/2107
f 5252/5252 5455/5455 5262/5262
f 5418/5418 5455/5455 5252/5252
f 1416/1416 1469/1469 1444/1444
f 5250/5250 5247/5247 5251/5251
f 7870/7870 7869/7869 7874/7874
f 1383/1383 1378/1378 1409/1409
f 1383/1383 1409/1409 1464/1464
f 5542/5542 5531/5531 5527/5527
f 5703/5703 5705/5705 5731/5731
f 1676/1676 1678/1678 1673/1673
f 2193/2193 2192/2192 2194/2194
f 2665/2665 2661/2661 2666/2666
f 521/521 506/506 519/519
f 8854/8854 8856/8856 8863/8863
f 8853/8853 8854/8854 8863/8863
f 5252/5252 5262/5262 5246/5246
f 5249/5249 5252/5252 5246/5246
f 5248/5248 5249/5249 5246/5246
f 5248/5248 5246/5246 5247/5247
f 3662/3662 3658/3658 3660/3660
f 3663/3663 3658/3658 3662/3662
f 2422/2422 2427/2427 2426/2426
f 5250/5250 5251/5251 5253/5253
f 5542/5542 5593/5593 5531/5531
f 5301/5301 5078/5078 5316/5316
f 5342/5342 5341/5341 5343/5343
f 1311/1311 1290/1290 1281/1281
f 2666/2666 2661/2661 2664/2664
f 1283/1283 1290/1290 1291/1291
f 8855/8855 8857/8857 8856/8856
f 8855/8855 8856/8856 8854/8854
f 8182/8182 8183/8183 8181/8181
f 5248/5248 5247/5247 5250/5250
f 5595/5595 5596/5596 5594/5594
f 7260/7260 7248/7248 7252/7252
f 7124/7124 7046/7046 7048/7048
f 5707/5707 5741/5741 5712/5712
f 5769/5769 5755/5755 5734/5734
f 2190/2190 2192/2192 2193/2193
f 1303/1303 1312/1312 1311/1311
f 1281/1281 1290/1290 1283/1283
f 1283/1283 1291/1291 1284/1284
f 1284/1284 1291/1291 1295/1295
f 1284/1284 1295/1295 1297/1297
f 2379/2379 2378/2378 2377/2377
f 1379/1379 1416/1416 1417/1417
f 1376/1376 1379/1379 1372/1372
f 5548/5548 5595/5595 5594/5594
f 5316/5316 5078/5078 5317/5317
f 5329/5329 5351/5351 5330/5330
f 5659/5659 5661/5661 5662/5662
f 2668/2668 2641/2641 2639/2639
f 2191/2191 2192/2192 2190/2190
f 2667/2667 2639/2639 2665/2665
f 522/522 506/506 521/521
f 86/86 85/85 101/101
f 8852/8852 8853/8853 8851/8851
f 2097/2097 2095/2095 2096/2096
f 5414/5414 5418/5418 5252/5252
f 5299/5299 5252/5252 5249/5249
f 5259/5259 5249/5249 5248/5248
f 3662/3662 3664/3664 3663/3663
f 8014/8014 8077/8077 8016/8016
f 1477/1477 1476/1476 1473/1473
f 8199/8199 8203/8203 8202/8202
f 5522/5522 5525/5525 5523/5523
f 947/947 964/964 965/965
f 7124/7124 7175/7175 7046/7046
f 7089/7089 7087/7087 7090/7090
f 2176/2176 2191/2191 2190/2190
f 2189/2189 2176/2176 2190/2190
f 2667/2667 2665/2665 2666/2666
f 1280/1280 1281/1281 1283/1283
f 8852/8852 8865/8865 8855/8855
f 8852/8852 8855/8855 8854/8854
f 8852/8852 8854/8854 8853/8853
f 2112/2112 2122/2122 2113/2113
f 2112/2112 2113/2113 2095/2095
f 2112/2112 2095/2095 2097/2097
f 2098/2098 2097/2097 2096/2096
f 5413/5413 5414/5414 5252/5252
f 5413/5413 5252/5252 5299/5299
f 1483/1483 1473/1473 1488/1488
f 1468/1468 1469/1469 1416/1416
f 1415/1415 1468/1468 1416/1416
f 5522/5522 5527/5527 5525/5525
f 7232/7232 7231/7231 7203/7203
f 7232/7232 7203/7203 7291/7291
f 5719/5719 5741/5741 5707/5707
f 5706/5706 5704/5704 5703/5703
f 2189/2189 2177/2177 2176/2176
f 1299/1299 1303/1303 1311/1311
f 1299/1299 1311/1311 1281/1281
f 2669/2669 2667/2667 2666/2666
f 1282/1282 1283/1283 1284/1284
f 1282/1282 1284/1284 1297/1297
f 5415/5415 5414/5414 5413/5413
f 5259/5259 5299/5299 5249/5249
f 8013/8013 8014/8014 8015/8015
f 8177/8177 8184/8184 8178/8178
f 1415/1415 1416/1416 1379/1379
f 5529/5529 5593/5593 5542/5542
f 5529/5529 5542/5542 5527/5527
f 5528/5528 5529/5529 5527/5527
f 5528/5528 5527/5527 5522/5522
f 7084/7084 7086/7086 7087/7087
f 7084/7084 7087/7087 7089/7089
f 5770/5770 5703/5703 5731/5731
f 5770/5770 5731/5731 5755/5755
f 5783/5783 5800/5800 5785/5785
f 5417/5417 5413/5413 5299/5299
f 3652/3652 3655/3655 3654/3654
f 2421/2421 2424/2424 2422/2422
f 1477/1477 1487/1487 1476/1476
f 1379/1379 1376/1376 1380/1380
f 5264/5264 5253/5253 5277/5277
f 1438/1438 1383/1383 1464/1464
f 5522/5522 5523/5523 5524/5524
f 5321/5321 5316/5316 5317/5317
f 5322/5322 5317/5317 5329/5329
f 7252/7252 7205/7205 7231/7231
f 2175/2175 2178/2178 2176/2176
f 2175/2175 2176/2176 2177/2177
f 1299/1299 1281/1281 1276/1276
f 1276/1276 1281/1281 1280/1280
f 2673/2673 2667/2667 2669/2669
f 8846/8846 8865/8865 8852/8852
f 8846/8846 8852/8852 8847/8847
f 8847/8847 8852/8852 8851/8851
f 2119/2119 2122/2122 2112/2112
f 3656/3656 3655/3655 3652/3652
f 3653/3653 3652/3652 3654/3654
f 5264/5264 5250/5250 5253/5253
f 7257/7257 7540/7540 7500/7500
f 1220/1220 1226/1226 1227/1227
f 1220/1220 1227/1227 1216/1216
f 5770/5770 5755/5755 5769/5769
f 2640/2640 2641/2641 2668/2668
f 1301/1301 1303/1303 1299/1299
f 2670/2670 2668/2668 2667/2667
f 455/455 459/459 461/461
f 1275/1275 1280/1280 1283/1283
f 1275/1275 1283/1283 1282/1282
f 1279/1279 1275/1275 1282/1282
f 8848/8848 8847/8847 8851/8851
f 2410/2410 2382/2382 2379/2379
f 2119/2119 2112/2112 2097/2097
f 5508/5508 5417/5417 5299/5299
f 5401/5401 5299/5299 5259/5259
f 2420/2420 2421/2421 2422/2422
f 2420/2420 2422/2422 2426/2426
f 5401/5401 5259/5259 5250/5250
f 5264/5264 5401/5401 5250/5250
f 1380/1380 1376/1376 1378/1378
f 1382/1382 1380/1380 1378/1378
f 1382/1382 1378/1378 1383/1383
f 7050/7050 7049/7049 7051/7051
f 7085/7085 7500/7500 7086/7086
f 1245/1245 1251/1251 1226/1226
f 2670/2670 2667/2667 2671/2671
f 2671/2671 2667/2667 2673/2673
f 1275/1275 1276/1276 1280/1280
f 2097/2097 2098/2098 2101/2101
f 2102/2102 2097/2097 2101/2101
f 5401/5401 5508/5508 5299/5299
f 3651/3651 3656/3656 3652/3652
f 3651/3651 3652/3652 3653/3653
f 2425/2425 2420/2420 2426/2426
f 5546/5546 5593/5593 5529/5529
f 7084/7084 7085/7085 7086/7086
f 7103/7103 7084/7084 7089/7089
f 1225/1225 1245/1245 1226/1226
f 1225/1225 1226/1226 1220/1220
f 1239/1239 1218/1218 1243/1243
f 5798/5798 5800/5800 5783/5783
f 5825/5825 5826/5826 5827/5827
f 5764/5764 5758/5758 5762/5762
f 5772/5772 5769/5769 5734/5734
f 5772/5772 5734/5734 5758/5758
f 2672/2672 2640/2640 2668/2668
f 2179/2179 2178/2178 2175/2175
f 2179/2179 2175/2175 2180/2180
f 2672/2672 2668/2668 2670/2670
f 1300/1300 1301/1301 1299/1299
f 1300/1300 1299/1299 1276/1276
f 1277/1277 1275/1275 1279/1279
f 1277/1277 1279/1279 1287/1287
f 109/109 158/158 93/93
f 8844/8844 8846/8846 8847/8847
f 5294/5294 5401/5401 5264/5264
f 5294/5294 5264/5264 5277/5277
f 5549/5549 5550/5550 5548/5548
f 5538/5538 5546/5546 5529/5529
f 5543/5543 5528/5528 5522/5522
f 5716/5716 5707/5707 5706/5706
f 2181/2181 2179/2179 2180/2180
f 4917/4917 4919/4919 4916/4916
f 8869/8869 8865/8865 8846/8846
f 2103/2103 2119/2119 2097/2097
f 2383/2383 2381/2381 2382/2382
f 2104/2104 2102/2102 2101/2101
f 5416/5416 5415/5415 5413/5413
f 5416/5416 5413/5413 5417/5417
f 5508/5508 5401/5401 5470/5470
f 5469/5469 5470/5470 5401/5401
f 5547/5547 5549/5549 5548/5548
f 5543/5543 5522/5522 5526/5526
f 5526/5526 5522/5522 5524/5524
f 7752/7752 7753/7753 7754/7754
f 7752/7752 7754/7754 7755/7755
f 5730/5730 5723/5723 5703/5703
f 5764/5764 5772/5772 5758/5758
f 2182/2182 2202/2202 2179/2179
f 2182/2182 2179/2179 2181/2181
f 2183/2183 2181/2181 2180/2180
f 2674/2674 2672/2672 2670/2670
f 1302/1302 1301/1301 1300/1300
f 2674/2674 2670/2670 2671/2671
f 2675/2675 2674/2674 2671/2671
f 1260/1260 1276/1276 1275/1275
f 1260/1260 1275/1275 1261/1261
f 1261/1261 1275/1275 1277/1277
f 8842/8842 8847/8847 8848/8848
f 8842/8842 8848/8848 8849/8849
f 2103/2103 2097/2097 2102/2102
f 2104/2104 2103/2103 2102/2102
f 5496/5496 5416/5416 5417/5417
f 5683/5683 5684/5684 5685/5685
f 2423/2423 2421/2421 2420/2420
f 7985/7985 8006/8006 8007/8007
f 1470/1470 1468/1468 1415/1415
f 1407/1407 1415/1415 1379/1379
f 1381/1381 1379/1379 1380/1380
f 5469/5469 5401/5401 5294/5294
f 5528/5528 5538/5538 5529/5529
f 7057/7057 7053/7053 7058/7058
f 7057/7057 7058/7058 7345/7345
f 5730/5730 5703/5703 5770/5770
f 2184/2184 2182/2182 2181/2181
f 1300/1300 1276/1276 1260/1260
f 2675/2675 2671/2671 2673/2673
f 4921/4921 4920/4920 4917/4917
f 1262/1262 1277/1277 1287/1287
f 2384/2384 2383/2383 2382/2382
f 5473/5473 5508/5508 5470/5470
f 2425/2425 2423/2423 2420/2420
f 1485/1485 1487/1487 1477/1477
f 1407/1407 1470/1470 1415/1415
f 1381/1381 1407/1407 1379/1379
f 5552/5552 5553/5553 5550/5550
f 5551/5551 5550/5550 5549/5549
f 5551/5551 5549/5549 5580/5580
f 7233/7233 7252/7252 7231/7231
f 7233/7233 7231/7231 7232/7232
f 7232/7232 7291/7291 7250/7250
f 7669/7669 7670/7670 7671/7671
f 1218/1218 1220/1220 1216/1216
f 5717/5717 5719/5719 5707/5707
f 5723/5723 5706/5706 5703/5703
f 5823/5823 5730/5730 5770/5770
f 5829/5829 5826/5826 5825/5825
f 2185/2185 2184/2184 2181/2181
f 2676/2676 2672/2672 2674/2674
f 2676/2676 2674/2674 2675/2675
f 8878/8878 8879/8879 8869/8869
f 8878/8878 8869/8869 8846/8846
f 1257/1257 1260/1260 1261/1261
f 8878/8878 8846/8846 8845/8845
f 1262/1262 1261/1261 1277/1277
f 8844/8844 8847/8847 8842/8842
f 2105/2105 2103/2103 2104/2104
f 5517/5517 5416/5416 5496/5496
f 5547/5547 5546/5546 5538/5538
f 5070/5070 5067/5067 5301/5301
f 5321/5321 5317/5317 5322/5322
f 5322/5322 5329/5329 5330/5330
f 7085/7085 7257/7257 7500/7500
f 2183/2183 2184/2184 2185/2185
f 9025/9025 9029/9029 9024/9024
f 1304/1304 1302/1302 1300/1300
f 5687/5687 5684/5684 5686/5686
f 5686/5686 5684/5684 5683/5683
f 5493/5493 5473/5473 5479/5479
f 5472/5472 5473/5473 5470/5470
f 2428/2428 2423/2423 2425/2425
f 1484/1484 1485/1485 1477/1477
f 1457/1457 1470/1470 1407/1407
f 1386/1386 1407/1407 1381/1381
f 5552/5552 5554/5554 5553/5553
f 5552/5552 5550/5550 5551/5551
f 5591/5591 5547/5547 5538/5538
f 5069/5069 5068/5068 5067/5067
f 7048/7048 7049/7049 7050/7050
f 5716/5716 5717/5717 5707/5707
f 2186/2186 2182/2182 2184/2184
f 2186/2186 2184/2184 2183/2183
f 1256/1256 1260/1260 1257/1257
f 2385/2385 2384/2384 2382/2382
f 5479/5479 5473/5473 5472/5472
f 1498/1498 1511/1511 1499/1499
f 5471/5471 5472/5472 5470/5470
f 1456/1456 1499/1499 1485/1485
f 1456/1456 1485/1485 1484/1484
f 1494/1494 1456/1456 1484/1484
f 1494/1494 1484/1484 1504/1504
f 1504/1504 1455/1455 1494/1494
f 1414/1414 1457/1457 1407/1407
f 5471/5471 5470/5470 5469/5469
f 1386/1386 1381/1381 1380/1380
f 1384/1384 1382/1382 1383/1383
f 1384/1384 1383/1383 1438/1438
f 5539/5539 5541/5541 5538/5538
f 5539/5539 5538/5538 5528/5528
f 5069/5069 5080/5080 5068/5068
f 931/931 944/944 930/930
f 5757/5757 5823/5823 5754/5754
f 5828/5828 5825/5825 5827/5827
f 3223/3223 3228/3228 3113/3113
f 3224/3224 3228/3228 3223/3223
f 1255/1255 1257/1257 1261/1261
f 1456/1456 1498/1498 1499/1499
f 1455/1455 1456/1456 1494/1494
f 1386/1386 1414/1414 1407/1407
f 8220/8220 8219/8219 8215/8215
f 1384/1384 1380/1380 1382/1382
f 5552/5552 5551/5551 5580/5580
f 5540/5540 5539/5539 5528/5528
f 5540/5540 5528/5528 5543/5543
f 7107/7107 7257/7257 7085/7085
f 5757/5757 5730/5730 5823/5823
f 2188/2188 2182/2182 2186/2186
f 2188/2188 2186/2186 2187/2187
f 2187/2187 2186/2186 2183/2183
f 3121/3121 3113/3113 3120/3120
f 1703/1703 1622/1622 1621/1621
f 1298/1298 1304/1304 1260/1260
f 1298/1298 1260/1260 1256/1256
f 1255/1255 1258/1258 1256/1256
f 9024/9024 9040/9040 9039/9039
f 1255/1255 1256/1256 1257/1257
f 4910/4910 4912/4912 4909/4909
f 4906/4906 4910/4910 4909/4909
f 8836/8836 8845/8845 8844/8844
f 4907/4907 4910/4910 4906/4906
f 1255/1255 1261/1261 1262/1262
f 1263/1263 1255/1255 1262/1262
f 4911/4911 4910/4910 4907/4907
f 8840/8840 8844/8844 8842/8842
f 8841/8841 8840/8840 8842/8842
f 2386/2386 2384/2384 2385/2385
f 2106/2106 2103/2103 2105/2105
f 3297/3297 3296/3296 3298/3298
f 5487/5487 5517/5517 5496/5496
f 5483/5483 5487/5487 5496/5496
f 5483/5483 5496/5496 5493/5493
f 5475/5475 5493/5493 5479/5479
f 5475/5475 5479/5479 5472/5472
f 1455/1455 1457/1457 1414/1414
f 5567/5567 5552/5552 5580/5580
f 5567/5567 5580/5580 5569/5569
f 1437/1437 1384/1384 1438/1438
f 7050/7050 7051/7051 7052/7052
f 7107/7107 7258/7258 7257/7257
f 7093/7093 7084/7084 7103/7103
f 5797/5797 5798/5798 5783/5783
f 5753/5753 5757/5757 5754/5754
f 5780/5780 5783/5783 5782/5782
f 3119/3119 3118/3118 3120/3120
f 3115/3115 3119/3119 3120/3120
f 1305/1305 1302/1302 1304/1304
f 1305/1305 1304/1304 1298/1298
f 8836/8836 8878/8878 8845/8845
f 5474/5474 5475/5475 5472/5472
f 5474/5474 5472/5472 5471/5471
f 1442/1442 1456/1456 1455/1455
f 1442/1442 1455/1455 1414/1414
f 5476/5476 5474/5474 5471/5471
f 1384/1384 1385/1385 1380/1380
f 5556/5556 5552/5552 5567/5567
f 5677/5677 5678/5678 5679/5679
f 5541/5541 5539/5539 5540/5540
f 5069/5069 5067/5067 5070/5070
f 5070/5070 5301/5301 5400/5400
f 9023/9023 9026/9026 9025/9025
f 9023/9023 9025/9025 9024/9024
f 3238/3238 3227/3227 3225/3225
f 9022/9022 9023/9023 9024/9024
f 1516/1516 1517/1517 1518/1518
f 9028/9028 9022/9022 9024/9024
f 9028/9028 9024/9024 9039/9039
f 1265/1265 1255/1255 1263/1263
f 8840/8840 8836/8836 8844/8844
f 3295/3295 3299/3299 3296/3296
f 2388/2388 2387/2387 2386/2386
f 5481/5481 5483/5483 5493/5493
f 5475/5475 5481/5481 5493/5493
f 1497/1497 1498/1498 1456/1456
f 5556/5556 5555/5555 5552/5552
f 5678/5678 5681/5681 5679/5679
f 5069/5069 5081/5081 5080/5080
f 5356/5356 5316/5316 5321/5321
f 7247/7247 7260/7260 7252/7252
f 7234/7234 7233/7233 7232/7232
f 7057/7057 7345/7345 7059/7059
f 5729/5729 5730/5730 5757/5757
f 5739/5739 5753/5753 5754/5754
f 5739/5739 5754/5754 5772/5772
f 3116/3116 3118/3118 3119/3119
f 3115/3115 3116/3116 3119/3119
f 3141/3141 3140/3140 3226/3226
f 1255/1255 1259/1259 1258/1258
f 4904/4904 4908/4908 4905/4905
f 759/759 758/758 564/564
f 4906/4906 4904/4904 4903/4903
f 1264/1264 1255/1255 1265/1265
f 8843/8843 8841/8841 8842/8842
f 3294/3294 3296/3296 3297/3297
f 3295/3295 3296/3296 3294/3294
f 5485/5485 5487/5487 5483/5483
f 1385/1385 1386/1386 1380/1380
f 5570/5570 5569/5569 5571/5571
f 5598/5598 5591/5591 5541/5541
f 7234/7234 7232/7232 7250/7250
f 7083/7083 7085/7085 7084/7084
f 5718/5718 5717/5717 5716/5716
f 5729/5729 5723/5723 5730/5730
f 5797/5797 5783/5783 5780/5780
f 5781/5781 5780/5780 5782/5782
f 9027/9027 9026/9026 9023/9023
f 3116/3116 3112/3112 3118/3118
f 3111/3111 3116/3116 3115/3115
f 3111/3111 3115/3115 3113/3113
f 1573/1573 1574/1574 1621/1621
f 1266/1266 1256/1256 1258/1258
f 1259/1259 1266/1266 1258/1258
f 4904/4904 4905/4905 4896/4896
f 1264/1264 1259/1259 1255/1255
f 90/90 91/91 155/155
f 5556/5556 5567/5567 5568/5568
f 5568/5568 5567/5567 5569/5569
f 5570/5570 5568/5568 5569/5569
f 5680/5680 5678/5678 5677/5677
f 7050/7050 7124/7124 7048/7048
f 7083/7083 7107/7107 7085/7085
f 7082/7082 7084/7084 7093/7093
f 1221/1221 1245/1245 1225/1225
f 1221/1221 1225/1225 1220/1220
f 5716/5716 5706/5706 5723/5723
f 3117/3117 3112/3112 3116/3116
f 3117/3117 3116/3116 3111/3111
f 1306/1306 1305/1305 1298/1298
f 9019/9019 9023/9023 9022/9022
f 1518/1518 1531/1531 1542/1542
f 1533/1533 1518/1518 1542/1542
f 1259/1259 1269/1269 1266/1266
f 9020/9020 9022/9022 9028/9028
f 9019/9019 9022/9022 9020/9020
f 8766/8766 8880/8880 8878/8878
f 8766/8766 8878/8878 8769/8769
f 8769/8769 8878/8878 8836/8836
f 8836/8836 8840/8840 8835/8835
f 4903/4903 4904/4904 4895/4895
f 1264/1264 1265/1265 1278/1278
f 8835/8835 8840/8840 8838/8838
f 8838/8838 8840/8840 8841/8841
f 5484/5484 5485/5485 5483/5483
f 5484/5484 5483/5483 5482/5482
f 5482/5482 5483/5483 5481/5481
f 5478/5478 5475/5475 5474/5474
f 5477/5477 5478/5478 5474/5474
f 1466/1466 1456/1456 1442/1442
f 1389/1389 1384/1384 1437/1437
f 5598/5598 5541/5541 5540/5540
f 7053/7053 7052/7052 7051/7051
f 1221/1221 1220/1220 1218/1218
f 5725/5725 5717/5717 5718/5718
f 5737/5737 5729/5729 5757/5757
f 5737/5737 5757/5757 5753/5753
f 5737/5737 5753/5753 5739/5739
f 1597/1597 1598/1598 1587/1587
f 3109/3109 3111/3111 3113/3113
f 1307/1307 1305/1305 1306/1306
f 9030/9030 9023/9023 9019/9019
f 1267/1267 1269/1269 1259/1259
f 4904/4904 4896/4896 4895/4895
f 1267/1267 1259/1259 1264/1264
f 4903/4903 4895/4895 4902/4902
f 1285/1285 1264/1264 1278/1278
f 8866/8866 8841/8841 8843/8843
f 2389/2389 2390/2390 2388/2388
f 2389/2389 2388/2388 2386/2386
f 3292/3292 3295/3295 3294/3294
f 1385/1385 1387/1387 1386/1386
f 5570/5570 5579/5579 5568/5568
f 5599/5599 5598/5598 5540/5540
f 5395/5395 5510/5510 5081/5081
f 5140/5140 5081/5081 5069/5069
f 5323/5323 5356/5356 5321/5321
f 7121/7121 7050/7050 7052/7052
f 7082/7082 7083/7083 7084/7084
f 7061/7061 7059/7059 7120/7120
f 1244/1244 1245/1245 1221/1221
f 1222/1222 1221/1221 1218/1218
f 5727/5727 5723/5723 5729/5729
f 5847/5847 5848/5848 5849/5849
f 3112/3112 3117/3117 3111/3111
f 3110/3110 3112/3112 3111/3111
f 3110/3110 3111/3111 3109/3109
f 9027/9027 9023/9023 9030/9030
f 3113/3113 3107/3107 3109/3109
f 3138/3138 3140/3140 3141/3141
f 1571/1571 1573/1573 1569/1569
f 3227/3227 3142/3142 3141/3141
f 1264/1264 1268/1268 1267/1267
f 8835/8835 8769/8769 8836/8836
f 1271/1271 1268/1268 1264/1264
f 1271/1271 1264/1264 1285/1285
f 8866/8866 8838/8838 8841/8841
f 3292/3292 3294/3294 3293/3293
f 5480/5480 5482/5482 5481/5481
f 5480/5480 5481/5481 5475/5475
f 5480/5480 5475/5475 5478/5478
f 1387/1387 1414/1414 1386/1386
f 5560/5560 5556/5556 5579/5579
f 1389/1389 1385/1385 1384/1384
f 5575/5575 5571/5571 5598/5598
f 951/951 952/952 949/949
f 7259/7259 7258/7258 7107/7107
f 7056/7056 7057/7057 7059/7059
f 5732/5732 5718/5718 5716/5716
f 1222/1222 1218/1218 1239/1239
f 5738/5738 5737/5737 5739/5739
f 3109/3109 3108/3108 3110/3110
f 1543/1543 1533/1533 1542/1542
f 1534/1534 1544/1544 1546/1546
f 1269/1269 1286/1286 1266/1266
f 1565/1565 1534/1534 1546/1546
f 4895/4895 4896/4896 4887/4887
f 8837/8837 8835/8835 8838/8838
f 2391/2391 2390/2390 2389/2389
f 1388/1388 1385/1385 1389/1389
f 5557/5557 5556/5556 5560/5560
f 5592/5592 5560/5560 5579/5579
f 1436/1436 1389/1389 1437/1437
f 5140/5140 5395/5395 5081/5081
f 5350/5350 5322/5322 5330/5330
f 7676/7676 7675/7675 7671/7671
f 7135/7135 7175/7175 7124/7124
f 7054/7054 7052/7052 7053/7053
f 5732/5732 5716/5716 5724/5724
f 5724/5724 5716/5716 5723/5723
f 5752/5752 5738/5738 5739/5739
f 5779/5779 5780/5780 5781/5781
f 5752/5752 5739/5739 5772/5772
f 3105/3105 3112/3112 3110/3110
f 3107/3107 3108/3108 3109/3109
f 9041/9041 9027/9027 9030/9030
f 1543/1543 1542/1542 1578/1578
f 1306/1306 1308/1308 1307/1307
f 1309/1309 1308/1308 1306/1306
f 1286/1286 1309/1309 1306/1306
f 9017/9017 9030/9030 9019/9019
f 1270/1270 1273/1273 1269/1269
f 1270/1270 1269/1269 1267/1267
f 8767/8767 8766/8766 8769/8769
f 1267/1267 1268/1268 1270/1270
f 1288/1288 1268/1268 1271/1271
f 5484/5484 5482/5482 5489/5489
f 5489/5489 5482/5482 5488/5488
f 5488/5488 5482/5482 5480/5480
f 5492/5492 5488/5488 5480/5480
f 5492/5492 5480/5480 5478/5478
f 1443/1443 1466/1466 1442/1442
f 5561/5561 5558/5558 5559/5559
f 5557/5557 5558/5558 5555/5555
f 1387/1387 1385/1385 1388/1388
f 7983/7983 7922/7922 7920/7920
f 5571/5571 5572/5572 5570/5570
f 5576/5576 5598/5598 5599/5599
f 7672/7672 7669/7669 7671/7671
f 7515/7515 7183/7183 7175/7175
f 7056/7056 7053/7053 7057/7057
f 7076/7076 7083/7083 7082/7082
f 7060/7060 7056/7056 7059/7059
f 7060/7060 7059/7059 7061/7061
f 5726/5726 5723/5723 5727/5727
f 5727/5727 5729/5729 5737/5737
f 5738/5738 5727/5727 5737/5737
f 1235/1235 1222/1222 1239/1239
f 1235/1235 1239/1239 1252/1252
f 1582/1582 1587/1587 1580/1580
f 3100/3100 3108/3108 3107/3107
f 3107/3107 3106/3106 3100/3100
f 1545/1545 1543/1543 1578/1578
f 9033/9033 9030/9030 9017/9017
f 1269/1269 1273/1273 1286/1286
f 9017/9017 9019/9019 9018/9018
f 4889/4889 4895/4895 4887/4887
f 4892/4892 4895/4895 4889/4889
f 8767/8767 8769/8769 8768/8768
f 8768/8768 8769/8769 8835/8835
f 8768/8768 8835/8835 8837/8837
f 8839/8839 8837/8837 8838/8838
f 8839/8839 8838/8838 8866/8866
f 2392/2392 2390/2390 2391/2391
f 3280/3280 3292/3292 3293/3293
f 1413/1413 1443/1443 1442/1442
f 5562/5562 5561/5561 5559/5559
f 1413/1413 1442/1442 1414/1414
f 5559/5559 5558/5558 5557/5557
f 5140/5140 5069/5069 5070/5070
f 7135/7135 7515/7515 7175/7175
f 7054/7054 7053/7053 7056/7056
f 1223/1223 1244/1244 1221/1221
f 1223/1223 1221/1221 1222/1222
f 5726/5726 5724/5724 5723/5723
f 1994/1994 1991/1991 1996/1996
f 1579/1579 1580/1580 1581/1581
f 1582/1582 1580/1580 1579/1579
f 9041/9041 9030/9030 9033/9033
f 1610/1610 1605/1605 1603/1603
f 1577/1577 1610/1610 1603/1603
f 1309/1309 1310/1310 1308/1308
f 1546/1546 1544/1544 1545/1545
f 1274/1274 1293/1293 1273/1273
f 1270/1270 1274/1274 1273/1273
f 1272/1272 1274/1274 1270/1270
f 4892/4892 4889/4889 4891/4891
f 1268/1268 1272/1272 1270/1270
f 1288/1288 1272/1272 1268/1268
f 1289/1289 1272/1272 1288/1288
f 3291/3291 3292/3292 3280/3280
f 5489/5489 5486/5486 5484/5484
f 5491/5491 5486/5486 5489/5489
f 1387/1387 1413/1413 1414/1414
f 5699/5699 5698/5698 5700/5700
f 5573/5573 5572/5572 5571/5571
f 5675/5675 5676/5676 5673/5673
f 7126/7126 7135/7135 7124/7124
f 7277/7277 7259/7259 7107/7107
f 7076/7076 7107/7107 7083/7083
f 7062/7062 7060/7060 7061/7061
f 5728/5728 5726/5726 5727/5727
f 3739/3739 3737/3737 3740/3740
f 3730/3730 3731/3731 3728/3728
f 5740/5740 5727/5727 5738/5738
f 5740/5740 5738/5738 5752/5752
f 3098/3098 3100/3100 3106/3106
f 3098/3098 3097/3097 3100/3100
f 1545/1545 1566/1566 1568/1568
f 1547/1547 1545/1545 1568/1568
f 1309/1309 1313/1313 1310/1310
f 1313/1313 1286/1286 1273/1273
f 1273/1273 1293/1293 1313/1313
f 1565/1565 1546/1546 1549/1549
f 1274/1274 1292/1292 1293/1293
f 4886/4886 4887/4887 4888/4888
f 4889/4889 4887/4887 4886/4886
f 4890/4890 4889/4889 4886/4886
f 1272/1272 1292/1292 1274/1274
f 4891/4891 4889/4889 4890/4890
f 2394/2394 2392/2392 2393/2393
f 2393/2393 2392/2392 2391/2391
f 5578/5578 5557/5557 5560/5560
f 1388/1388 1389/1389 1390/1390
f 6449/6449 6451/6451 6452/6452
f 1390/1390 1389/1389 1436/1436
f 5575/5575 5573/5573 5571/5571
f 5387/5387 5390/5390 5395/5395
f 5663/5663 5659/5659 5662/5662
f 7247/7247 7252/7252 7233/7233
f 1224/1224 1223/1223 1222/1222
f 1224/1224 1222/1222 1235/1235
f 3734/3734 3732/3732 3735/3735
f 3730/3730 3729/3729 3732/3732
f 3733/3733 3730/3730 3732/3732
f 3733/3733 3732/3732 3734/3734
f 3736/3736 3735/3735 3737/3737
f 3734/3734 3735/3735 3736/3736
f 3736/3736 3737/3737 3739/3739
f 5805/5805 5813/5813 5797/5797
f 5773/5773 5740/5740 5752/5752
f 5805/5805 5797/5797 5780/5780
f 5780/5780 5779/5779 5777/5777
f 5777/5777 5779/5779 5778/5778
f 3097/3097 3105/3105 3100/3100
f 1579/1579 1581/1581 1583/1583
f 3096/3096 3097/3097 3098/3098
f 3114/3114 3096/3096 3098/3098
f 3139/3139 3134/3134 3231/3231
f 1577/1577 1603/1603 1576/1576
f 1566/1566 1569/1569 1567/1567
f 1549/1549 1546/1546 1548/1548
f 1292/1292 1346/1346 1293/1293
f 4893/4893 4888/4888 4894/4894
f 1344/1344 1346/1346 1292/1292
f 4886/4886 4888/4888 4893/4893
f 8765/8765 8766/8766 8767/8767
f 1325/1325 1344/1344 1292/1292
f 1325/1325 1292/1292 1272/1272
f 4890/4890 4886/4886 4893/4893
f 4891/4891 4890/4890 4897/4897
f 1341/1341 1325/1325 1289/1289
f 1289/1289 1325/1325 1272/1272
f 5490/5490 5491/5491 5489/5489
f 5490/5490 5489/5489 5488/5488
f 5566/5566 5565/5565 5564/5564
f 5564/5564 5565/5565 5562/5562
f 5563/5563 5559/5559 5557/5557
f 5697/5697 5698/5698 5699/5699
f 5574/5574 5572/5572 5573/5573
f 5391/5391 5392/5392 5390/5390
f 5438/5438 5070/5070 5400/5400
f 5356/5356 5319/5319 5316/5316
f 5323/5323 5321/5321 5322/5322
f 5663/5663 5664/5664 5659/5659
f 7054/7054 7121/7121 7052/7052
f 7072/7072 7277/7277 7107/7107
f 1246/1246 1244/1244 1223/1223
f 1238/1238 1246/1246 1223/1223
f 1238/1238 1223/1223 1224/1224
f 5814/5814 5813/5813 5805/5805
f 3738/3738 3733/3733 3734/3734
f 5776/5776 5810/5810 5775/5775
f 3738/3738 3734/3734 3736/3736
f 5805/5805 5780/5780 5777/5777
f 5776/5776 5777/5777 5778/5778
f 5774/5774 5773/5773 5752/5752
f 5811/5811 5774/5774 5752/5752
f 3096/3096 3099/3099 3097/3097
f 3101/3101 3099/3099 3096/3096
f 1313/1313 1339/1339 1310/1310
f 1346/1346 1345/1345 1293/1293
f 4898/4898 4894/4894 4899/4899
f 1344/1344 1350/1350 1346/1346
f 1357/1357 1346/1346 1350/1350
f 4898/4898 4893/4893 4894/4894
f 8764/8764 8766/8766 8765/8765
f 1349/1349 1350/1350 1344/1344
f 1349/1349 1344/1344 1325/1325
f 4897/4897 4893/4893 4898/4898
f 4897/4897 4890/4890 4893/4893
f 1341/1341 1349/1349 1325/1325
f 8938/8938 8937/8937 8939/8939
f 3279/3279 3291/3291 3280/3280
f 3279/3279 3280/3280 3278/3278
f 8721/8721 8724/8724 8720/8720
f 1393/1393 1387/1387 1388/1388
f 5563/5563 5557/5557 5578/5578
f 5577/5577 5574/5574 5573/5573
f 5438/5438 5140/5140 5070/5070
f 7071/7071 7072/7072 7107/7107
f 1249/1249 1246/1246 1238/1238
f 1242/1242 1238/1238 1224/1224
f 1241/1241 1224/1224 1235/1235
f 5774/5774 5776/5776 5775/5775
f 5774/5774 5775/5775 5773/5773
f 1583/1583 1581/1581 1584/1584
f 1585/1585 1583/1583 1584/1584
f 3101/3101 3102/3102 3099/3099
f 3114/3114 3103/3103 3101/3101
f 1547/1547 1568/1568 1572/1572
f 1548/1548 1547/1547 1572/1572
f 1313/1313 1342/1342 1339/1339
f 1345/1345 1342/1342 1313/1313
f 1552/1552 1551/1551 1550/1550
f 1552/1552 1550/1550 1553/1553
f 1346/1346 1358/1358 1345/1345
f 1361/1361 1358/1358 1357/1357
f 1357/1357 1358/1358 1346/1346
f 4931/4931 4932/4932 4933/4933
f 4931/4931 4899/4899 4932/4932
f 4934/4934 4933/4933 4937/4937
f 1362/1362 1361/1361 1357/1357
f 9014/9014 9013/9013 9016/9016
f 4931/4931 4933/4933 4934/4934
f 1359/1359 1362/1362 1357/1357
f 1359/1359 1357/1357 1350/1350
f 4898/4898 4899/4899 4901/4901
f 4901/4901 4899/4899 4931/4931
f 1349/1349 1359/1359 1350/1350
f 4897/4897 4898/4898 4900/4900
f 8765/8765 8767/8767 8768/8768
f 1356/1356 1349/1349 1341/1341
f 8867/8867 8768/8768 8837/8837
f 1408/1408 1413/1413 1387/1387
f 1408/1408 1387/1387 1393/1393
f 5702/5702 5697/5697 5701/5701
f 8815/8815 8655/8655 8816/8816
f 5576/5576 5573/5573 5575/5575
f 963/963 951/951 950/950
f 7235/7235 7233/7233 7234/7234
f 7078/7078 7076/7076 7082/7082
f 7060/7060 7062/7062 7063/7063
f 5815/5815 5814/5814 5805/5805
f 5777/5777 5816/5816 5805/5805
f 5774/5774 5777/5777 5776/5776
f 3102/3102 3104/3104 3105/3105
f 9015/9015 9038/9038 9033/9033
f 1342/1342 1343/1343 1339/1339
f 1550/1550 1572/1572 1625/1625
f 1548/1548 1572/1572 1550/1550
f 1345/1345 1343/1343 1342/1342
f 1553/1553 1554/1554 1556/1556
f 1562/1562 1556/1556 1559/1559
f 1562/1562 1559/1559 1563/1563
f 1563/1563 1559/1559 1561/1561
f 609/609 712/712 577/577
f 4901/4901 4931/4931 4934/4934
f 4935/4935 4901/4901 4934/4934
f 1359/1359 1367/1367 1362/1362
f 4936/4936 4901/4901 4935/4935
f 4901/4901 4900/4900 4898/4898
f 1368/1368 1367/1367 1356/1356
f 1356/1356 1367/1367 1359/1359
f 1356/1356 1359/1359 1349/1349
f 4900/4900 4901/4901 4936/4936
f 8770/8770 8765/8765 8768/8768
f 8936/8936 8937/8937 8938/8938
f 2395/2395 2396/2396 2394/2394
f 2395/2395 2394/2394 2393/2393
f 8711/8711 8721/8721 8720/8720
f 8711/8711 8720/8720 8719/8719
f 8711/8711 8719/8719 8650/8650
f 1425/1425 1443/1443 1413/1413
f 1425/1425 1413/1413 1408/1408
f 1392/1392 1393/1393 1388/1388
f 8649/8649 8650/8650 8651/8651
f 8649/8649 8651/8651 8655/8655
f 5393/5393 5422/5422 5392/5392
f 5393/5393 5392/5392 5391/5391
f 5389/5389 5391/5391 5390/5390
f 958/958 950/950 942/942
f 5339/5339 5341/5341 5342/5342
f 7074/7074 7071/7071 7107/7107
f 7074/7074 7107/7107 7076/7076
f 7064/7064 7063/7063 7066/7066
f 7060/7060 7063/7063 7064/7064
f 2042/2042 2035/2035 2029/2029
f 7064/7064 7066/7066 7067/7067
f 2043/2043 2030/2030 2048/2048
f 7070/7070 7100/7100 7081/7081
f 7070/7070 7081/7081 7072/7072
f 2034/2034 2049/2049 2044/2044
f 5816/5816 5777/5777 5808/5808
f 5808/5808 5777/5777 5774/5774
f 5809/5809 5808/5808 5774/5774
f 1585/1585 1584/1584 1586/1586
f 3103/3103 3104/3104 3102/3102
f 3103/3103 3122/3122 3104/3104
f 3123/3123 3122/3122 3103/3103
f 3103/3103 3102/3102 3101/3101
f 1602/1602 1601/1601 1589/1589
f 1576/1576 1600/1600 1607/1607
f 1345/1345 1347/1347 1343/1343
f 1348/1348 1347/1347 1345/1345
f 1550/1550 1625/1625 1555/1555
f 4981/4981 4982/4982 4980/4980
f 1554/1554 1550/1550 1555/1555
f 1345/1345 1355/1355 1348/1348
f 1561/1561 1559/1559 1560/1560
f 3276/3276 3279/3279 3278/3278
f 8722/8722 8721/8721 8711/8711
f 8644/8644 8711/8711 8650/8650
f 8644/8644 8650/8650 8649/8649
f 1391/1391 1392/1392 1388/1388
f 1391/1391 1388/1388 1390/1390
f 5590/5590 5574/5574 5577/5577
f 5423/5423 5428/5428 5430/5430
f 5672/5672 5673/5673 5674/5674
f 5318/5318 5301/5301 5316/5316
f 7261/7261 7260/7260 7247/7247
f 7235/7235 7247/7247 7233/7233
f 7071/7071 7070/7070 7072/7072
f 7068/7068 7064/7064 7067/7067
f 7068/7068 7067/7067 7100/7100
f 7068/7068 7100/7100 7070/7070
f 5817/5817 5816/5816 5808/5808
f 3132/3132 3123/3123 3103/3103
f 3150/3150 3148/3148 3149/3149
f 3149/3149 3148/3148 3146/3146
f 4979/4979 4981/4981 4980/4980
f 4979/4979 4980/4980 4977/4977
f 1355/1355 1360/1360 1347/1347
f 1348/1348 1355/1355 1347/1347
f 8763/8763 8765/8765 8770/8770
f 3276/3276 3278/3278 3277/3277
f 8884/8884 8722/8722 8711/8711
f 8648/8648 8711/8711 8644/8644
f 1513/1513 1443/1443 1425/1425
f 204/204 188/188 208/208
f 1395/1395 1408/1408 1393/1393
f 1395/1395 1393/1393 1392/1392
f 8655/8655 8815/8815 8814/8814
f 1394/1394 1391/1391 1390/1390
f 1394/1394 1390/1390 1462/1462
f 5423/5423 5430/5430 5392/5392
f 5422/5422 5423/5423 5392/5392
f 5675/5675 5673/5673 5672/5672
f 5318/5318 5400/5400 5301/5301
f 5319/5319 5318/5318 5316/5316
f 5340/5340 5341/5341 5339/5339
f 7069/7069 7070/7070 7071/7071
f 9034/9034 9035/9035 9015/9015
f 1585/1585 1586/1586 1588/1588
f 1589/1589 1585/1585 1588/1588
f 3125/3125 3124/3124 3123/3123
f 3123/3123 3124/3124 3122/3122
f 3132/3132 3125/3125 3123/3123
f 3136/3136 3135/3135 3134/3134
f 1626/1626 1616/1616 1627/1627
f 1628/1628 1626/1626 1627/1627
f 4976/4976 4977/4977 4978/4978
f 4979/4979 4977/4977 4976/4976
f 1355/1355 1363/1363 1360/1360
f 9010/9010 9012/9012 9011/9011
f 8798/8798 8867/8867 8800/8800
f 8798/8798 8800/8800 8799/8799
f 8884/8884 8711/8711 8648/8648
f 1395/1395 1513/1513 1408/1408
f 208/208 184/184 192/192
f 1505/1505 1395/1395 1392/1392
f 1394/1394 1452/1452 1391/1391
f 7069/7069 7068/7068 7070/7070
f 7077/7077 7076/7076 7078/7078
f 3124/3124 3130/3130 3126/3126
f 3133/3133 3125/3125 3132/3132
f 1600/1600 1599/1599 1609/1609
f 2397/2397 2396/2396 2395/2395
f 3273/3273 3276/3276 3277/3277
f 8643/8643 8648/8648 8644/8644
f 232/232 233/233 245/245
f 1505/1505 1392/1392 1453/1453
f 1453/1453 1392/1392 1391/1391
f 210/210 187/187 217/217
f 5429/5429 5458/5458 5428/5428
f 5425/5425 5429/5429 5428/5428
f 5425/5425 5428/5428 5423/5423
f 217/217 187/187 202/202
f 1496/1496 1394/1394 1495/1495
f 5367/5367 5388/5388 5387/5387
f 7069/7069 7064/7064 7068/7068
f 1589/1589 1588/1588 1590/1590
f 1591/1591 1589/1589 1590/1590
f 3125/3125 3127/3127 3124/3124
f 3128/3128 3127/3127 3125/3125
f 8989/8989 9034/9034 9015/9015
f 3133/3133 3128/3128 3125/3125
f 1607/1607 1609/1609 1615/1615
f 8885/8885 8722/8722 8884/8884
f 8648/8648 8890/8890 8884/8884
f 8710/8710 8648/8648 8643/8643
f 169/169 233/233 232/232
f 5424/5424 5423/5423 5422/5422
f 5367/5367 5387/5387 5366/5366
f 5362/5362 5366/5366 5438/5438
f 7065/7065 7060/7060 7064/7064
f 7073/7073 7069/7069 7071/7071
f 7075/7075 7074/7074 7076/7076
f 7077/7077 7075/7075 7076/7076
f 3144/3144 3128/3128 3133/3133
f 3144/3144 3129/3129 3128/3128
f 1619/1619 1616/1616 1615/1615
f 677/677 704/704 678/678
f 8760/8760 8770/8770 8871/8871
f 8797/8797 8871/8871 8798/8798
f 8797/8797 8798/8798 8796/8796
f 2397/2397 2398/2398 2396/2396
f 8890/8890 8885/8885 8884/8884
f 8710/8710 8890/8890 8648/8648
f 8642/8642 8643/8643 8641/8641
f 8641/8641 8712/8712 8889/8889
f 6394/6394 6390/6390 6522/6522
f 5362/5362 5438/5438 5400/5400
f 5353/5353 5361/5361 5400/5400
f 5353/5353 5400/5400 5318/5318
f 7065/7065 7056/7056 7060/7060
f 7079/7079 7069/7069 7073/7073
f 1591/1591 1590/1590 1592/1592
f 1591/1591 1592/1592 1593/1593
f 3131/3131 3127/3127 3129/3129
f 2147/2147 2150/2150 2151/2151
f 3129/3129 3127/3127 3128/3128
f 3272/3272 3276/3276 3273/3273
f 3272/3272 3273/3273 3274/3274
f 185/185 232/232 236/236
f 8715/8715 8641/8641 8889/8889
f 5424/5424 5425/5425 5423/5423
f 220/220 219/219 203/203
f 221/221 220/220 203/203
f 7236/7236 7235/7235 7234/7234
f 2147/2147 2145/2145 2150/2150
f 2146/2146 2145/2145 2147/2147
f 1615/1615 1599/1599 1596/1596
f 8759/8759 8871/8871 8797/8797
f 8896/8896 8897/8897 8898/8898
f 8801/8801 8710/8710 8786/8786
f 8786/8786 8710/8710 8642/8642
f 7236/7236 7234/7234 7250/7250
f 7074/7074 7073/7073 7071/7071
f 2145/2145 2149/2149 2151/2151
f 1593/1593 1592/1592 1594/1594
f 2144/2144 2142/2142 2145/2145
f 2144/2144 2146/2146 2143/2143
f 8762/8762 8763/8763 8760/8760
f 3275/3275 3272/3272 3274/3274
f 8638/8638 8715/8715 8653/8653
f 4534/4534 4531/4531 4536/4536
f 4531/4531 4532/4532 4533/4533
f 7379/7379 7065/7065 7064/7064
f 1972/1972 1970/1970 1971/1971
f 2142/2142 2141/2141 2149/2149
f 1593/1593 1594/1594 1595/1595
f 1596/1596 1593/1593 1595/1595
f 2140/2140 2142/2142 2143/2143
f 2143/2143 2142/2142 2144/2144
f 8787/8787 8871/8871 8759/8759
f 2399/2399 2400/2400 2398/2398
f 2399/2399 2398/2398 2397/2397
f 2408/2408 2399/2399 2397/2397
f 8652/8652 8785/8785 8786/8786
f 5427/5427 5429/5429 5425/5425
f 5324/5324 5322/5322 5350/5350
f 7674/7674 7675/7675 7676/7676
f 7639/7639 7638/7638 7640/7640
f 7341/7341 7054/7054 7056/7056
f 7379/7379 7064/7064 7069/7069
f 7079/7079 7379/7379 7069/7069
f 1971/1971 1970/1970 1969/1969
f 2139/2139 2138/2138 2137/2137
f 2137/2137 2138/2138 2136/2136
f 2140/2140 2132/2132 2141/2141
f 2140/2140 2141/2141 2142/2142
f 2135/2135 2139/2139 2137/2137
f 2153/2153 2128/2128 2140/2140
f 3275/3275 3274/3274 3281/3281
f 4534/4534 4535/4535 4532/4532
f 6750/6750 6751/6751 6747/6747
f 4489/4489 4490/4490 4491/4491
f 5363/5363 5367/5367 5366/5366
f 1968/1968 1969/1969 1937/1937
f 2134/2134 2136/2136 2154/2154
f 2131/2131 2152/2152 2132/2132
f 2132/2132 2152/2152 2141/2141
f 8981/8981 8991/8991 8984/8984
f 2135/2135 2136/2136 2134/2134
f 2133/2133 2135/2135 2134/2134
f 2133/2133 2134/2134 2131/2131
f 2129/2129 2133/2133 2131/2131
f 2129/2129 2131/2131 2130/2130
f 2130/2130 2131/2131 2132/2132
f 2133/2133 2129/2129 2128/2128
f 2128/2128 2129/2129 2130/2130
f 608/608 574/574 576/576
f 3282/3282 3275/3275 3281/3281
f 5361/5361 5362/5362 5400/5400
f 5325/5325 5356/5356 5323/5323
f 7126/7126 7124/7124 7125/7125
f 7637/7637 7638/7638 7639/7639
f 7263/7263 7075/7075 7077/7077
f 3282/3282 3281/3281 3283/3283
f 8646/8646 8785/8785 8652/8652
f 8665/8665 8785/8785 8646/8646
f 8646/8646 8652/8652 8640/8640
f 8639/8639 8640/8640 8638/8638
f 6415/6415 6325/6325 6414/6414
f 6424/6424 6426/6426 6442/6442
f 7125/7125 7124/7124 7050/7050
f 2402/2402 2400/2400 2401/2401
f 2401/2401 2400/2400 2399/2399
f 8635/8635 8634/8634 8637/8637
f 5602/5602 5601/5601 5603/5603
f 901/901 902/902 900/900
f 7075/7075 7073/7073 7074/7074
f 8752/8752 8748/8748 8751/8751
f 2403/2403 2402/2402 2401/2401
f 3284/3284 3282/3282 3283/3283
f 3284/3284 3283/3283 3285/3285
f 8075/8075 8060/8060 8080/8080
f 4475/4475 4476/4476 4477/4477
f 4539/4539 4559/4559 4541/4541
f 6422/6422 6437/6437 6456/6456
f 5332/5332 5340/5340 5339/5339
f 7511/7511 7236/7236 7250/7250
f 7673/7673 7669/7669 7672/7672
f 7095/7095 7073/7073 7075/7075
f 720/720 581/581 583/583
f 2404/2404 2402/2402 2403/2403
f 3284/3284 3285/3285 3286/3286
f 7237/7237 7235/7235 7236/7236
f 7263/7263 7095/7095 7075/7075
f 8755/8755 8754/8754 8753/8753
f 2405/2405 2406/2406 2404/2404
f 2405/2405 2404/2404 2403/2403
f 8883/8883 8654/8654 8887/8887
f 6321/6321 6420/6420 6437/6437
f 5363/5363 5366/5366 5362/5362
f 5332/5332 5350/5350 5340/5340
f 7732/7732 7733/7733 7734/7734
f 587/587 583/583 584/584
f 587/587 591/591 593/593
f 8754/8754 8761/8761 8752/8752
f 3284/3284 3286/3286 3287/3287
f 8657/8657 8656/8656 8647/8647
f 8883/8883 8887/8887 8877/8877
f 6318/6318 6321/6321 6437/6437
f 5333/5333 5332/5332 5339/5339
f 7789/7789 7792/7792 7790/7790
f 7249/7249 7247/7247 7235/7235
f 7065/7065 7341/7341 7056/7056
f 7096/7096 7379/7379 7079/7079
f 7080/7080 7079/7079 7073/7073
f 7264/7264 7095/7095 7263/7263
f 587/587 590/590 591/591
f 8802/8802 8755/8755 8757/8757
f 2407/2407 2406/2406 2405/2405
f 3288/3288 3284/3284 3287/3287
f 8682/8682 8883/8883 8877/8877
f 8672/8672 8877/8877 8882/8882
f 5325/5325 5323/5323 5324/5324
f 7238/7238 7249/7249 7235/7235
f 7238/7238 7235/7235 7237/7237
f 7237/7237 7236/7236 7511/7511
f 7080/7080 7073/7073 7095/7095
f 8917/8917 8915/8915 8918/8918
f 3288/3288 3287/3287 3289/3289
f 7289/7289 7095/7095 7264/7264
f 8895/8895 8758/8758 8802/8802
f 8916/8916 8912/8912 8915/8915
f 8916/8916 8915/8915 8917/8917
f 3290/3290 3288/3288 3289/3289
f 8734/8734 8736/8736 8735/8735
f 4554/4554 4552/4552 4553/4553
f 4553/4553 4552/4552 4550/4550
f 4550/4550 4552/4552 4551/4551
f 7789/7789 7790/7790 7791/7791
f 7641/7641 7639/7639 7640/7640
f 7735/7735 7733/7733 7732/7732
f 8784/8784 8744/8744 8881/8881
f 8774/8774 8778/8778 8779/8779
f 8779/8779 8778/8778 8893/8893
f 4558/4558 4557/4557 4556/4556
f 4556/4556 4557/4557 4555/4555
f 4553/4553 4556/4556 4555/4555
f 4553/4553 4555/4555 4554/4554
f 6359/6359 6413/6413 6507/6507
f 6235/6235 6234/6234 6205/6205
f 5361/5361 5360/5360 5362/5362
f 7341/7341 7121/7121 7054/7054
f 7289/7289 7080/7080 7095/7095
f 7293/7293 7289/7289 7264/7264
f 8742/8742 8744/8744 8784/8784
f 8784/8784 8895/8895 8732/8732
f 8773/8773 8774/8774 8779/8779
f 8732/8732 8725/8725 8731/8731
f 8706/8706 8725/8725 8663/8663
f 6359/6359 6507/6507 6356/6356
f 6323/6323 6324/6324 6322/6322
f 6509/6509 6203/6203 6510/6510
f 5327/5327 5326/5326 5324/5324
f 5327/5327 5324/5324 5350/5350
f 7128/7128 7515/7515 7135/7135
f 7128/7128 7135/7135 7126/7126
f 7641/7641 7640/7640 7642/7642
f 7735/7735 7736/7736 7733/7733
f 8733/8733 8737/8737 8732/8732
f 8739/8739 8733/8733 8891/8891
f 8773/8773 8739/8739 8774/8774
f 6231/6231 6509/6509 6510/6510
f 7096/7096 7079/7079 7080/7080
f 6348/6348 6346/6346 6347/6347
f 2600/2600 2602/2602 2603/2603
f 5326/5326 5325/5325 5324/5324
f 5327/5327 5350/5350 5332/5332
f 7128/7128 7126/7126 7127/7127
f 7127/7127 7126/7126 7125/7125
f 7111/7111 7341/7341 7109/7109
f 6260/6260 6258/6258 6259/6259
f 2593/2593 2600/2600 2599/2599
f 5320/5320 5318/5318 5319/5319
f 2591/2591 2593/2593 2592/2592
f 5360/5360 5361/5361 5353/5353
f 7134/7134 7127/7127 7125/7125
f 7643/7643 7641/7641 7642/7642
f 2590/2590 2591/2591 2592/2592
f 2597/2597 2590/2590 2592/2592
f 7128/7128 7133/7133 7515/7515
f 7290/7290 7289/7289 7293/7293
f 2591/2591 2598/2598 2601/2601
f 7240/7240 7249/7249 7238/7238
f 7639/7639 7645/7645 7637/7637
f 7102/7102 7099/7099 7080/7080
f 7289/7289 7102/7102 7080/7080
f 6257/6257 6259/6259 6258/6258
f 2588/2588 2591/2591 2590/2590
f 6502/6502 6491/6491 6241/6241
f 5352/5352 5318/5318 5320/5320
f 5600/5600 5601/5601 5602/5602
f 5331/5331 5327/5327 5332/5332
f 7240/7240 7246/7246 7249/7249
f 7639/7639 7641/7641 7646/7646
f 7108/7108 7111/7111 7109/7109
f 2588/2588 2598/2598 2591/2591
f 2589/2589 2588/2588 2590/2590
f 7130/7130 7133/7133 7128/7128
f 7129/7129 7130/7130 7128/7128
f 7239/7239 7238/7238 7237/7237
f 7132/7132 7511/7511 7133/7133
f 7650/7650 7645/7645 7639/7639
f 7115/7115 7118/7118 7116/7116
f 7115/7115 7116/7116 7114/7114
f 7644/7644 7641/7641 7643/7643
f 7174/7174 7111/7111 7108/7108
f 6256/6256 6257/6257 6258/6258
f 2587/2587 2598/2598 2588/2588
f 2587/2587 2588/2588 2589/2589
f 2589/2589 2590/2590 2597/2597
f 5320/5320 5319/5319 5355/5355
f 5328/5328 5325/5325 5326/5326
f 5357/5357 5328/5328 5326/5326
f 5331/5331 5326/5326 5327/5327
f 7131/7131 7130/7130 7129/7129
f 7131/7131 7129/7129 7134/7134
f 7131/7131 7134/7134 7287/7287
f 7239/7239 7237/7237 7511/7511
f 7649/7649 7650/7650 7639/7639
f 7097/7097 7096/7096 7080/7080
f 7102/7102 7289/7289 7290/7290
f 2596/2596 2589/2589 2597/2597
f 5352/5352 5353/5353 5318/5318
f 5331/5331 5332/5332 5333/5333
f 7239/7239 7240/7240 7238/7238
f 7132/7132 7130/7130 7131/7131
f 7137/7137 7131/7131 7148/7148
f 7148/7148 7131/7131 7287/7287
f 7651/7651 7650/7650 7649/7649
f 7648/7648 7649/7649 7639/7639
f 7648/7648 7639/7639 7646/7646
f 7110/7110 7118/7118 7115/7115
f 7110/7110 7115/7115 7114/7114
f 7110/7110 7114/7114 7108/7108
f 7108/7108 7114/7114 7174/7174
f 2604/2604 2607/2607 2605/2605
f 5355/5355 5325/5325 5328/5328
f 5357/5357 5326/5326 5331/5331
f 883/883 881/881 882/882
f 7137/7137 7132/7132 7131/7131
f 7108/7108 7109/7109 7096/7096
f 7097/7097 7080/7080 7099/7099
f 6458/6458 6461/6461 6527/6527
f 2595/2595 2598/2598 2587/2587
f 2594/2594 2587/2587 2589/2589
f 2595/2595 2587/2587 2594/2594
f 5359/5359 5363/5363 5362/5362
f 2594/2594 2589/2589 2596/2596
f 3269/3269 3264/3264 3270/3270
f 5359/5359 5362/5362 5360/5360
f 5359/5359 5360/5360 5353/5353
f 7139/7139 7137/7137 7148/7148
f 7294/7294 7102/7102 7290/7290
f 3264/3264 3255/3255 3268/3268
f 6241/6241 6242/6242 6502/6502
f 3263/3263 3264/3264 3269/3269
f 5334/5334 5331/5331 5333/5333
f 7241/7241 7246/7246 7240/7240
f 7376/7376 7239/7239 7511/7511
f 7245/7245 7239/7239 7376/7376
f 7376/7376 7511/7511 7132/7132
f 7652/7652 7651/7651 7649/7649
f 7113/7113 7177/7177 7110/7110
f 7112/7112 7113/7113 7110/7110
f 7112/7112 7110/7110 7104/7104
f 7104/7104 7110/7110 7108/7108
f 7104/7104 7108/7108 7096/7096
f 6255/6255 6256/6256 6269/6269
f 3265/3265 3266/3266 3256/3256
f 3255/3255 3257/3257 3268/3268
f 3261/3261 3265/3265 3256/3256
f 3261/3261 3256/3256 3259/3259
f 3260/3260 3259/3259 3255/3255
f 3262/3262 3261/3261 3259/3259
f 3262/3262 3259/3259 3260/3260
f 817/817 851/851 816/816
f 5336/5336 5357/5357 5331/5331
f 5334/5334 5336/5336 5331/5331
f 7241/7241 7240/7240 7239/7239
f 7242/7242 7241/7241 7239/7239
f 7138/7138 7132/7132 7137/7137
f 7138/7138 7137/7137 7139/7139
f 7505/7505 7139/7139 7148/7148
f 7653/7653 7651/7651 7652/7652
f 7098/7098 7096/7096 7097/7097
f 6255/6255 6269/6269 6250/6250
f 3256/3256 3258/3258 3257/3257
f 3255/3255 3259/3259 3256/3256
f 3255/3255 3256/3256 3257/3257
f 7242/7242 7239/7239 7245/7245
f 7147/7147 7132/7132 7138/7138
f 7098/7098 7104/7104 7096/7096
f 6252/6252 6253/6253 6251/6251
f 6255/6255 6250/6250 6251/6251
f 5337/5337 5334/5334 5335/5335
f 7098/7098 7097/7097 7101/7101
f 7101/7101 7097/7097 7099/7099
f 5336/5336 5507/5507 5357/5357
f 7243/7243 7241/7241 7242/7242
f 7745/7745 7746/7746 7747/7747
f 7745/7745 7747/7747 7748/7748
f 7140/7140 7138/7138 7139/7139
f 7113/7113 7112/7112 7104/7104
f 7113/7113 7104/7104 7117/7117
f 7190/7190 7102/7102 7294/7294
f 5507/5507 5328/5328 5357/5357
f 5338/5338 5507/5507 5336/5336
f 5338/5338 5336/5336 5334/5334
f 7244/7244 7242/7242 7245/7245
f 7105/7105 7117/7117 7104/7104
f 7105/7105 7104/7104 7098/7098
f 7098/7098 7101/7101 7173/7173
f 7190/7190 7101/7101 7099/7099
f 7190/7190 7099/7099 7102/7102
f 5337/5337 5338/5338 5334/5334
f 7244/7244 7243/7243 7242/7242
f 7749/7749 7746/7746 7745/7745
f 7140/7140 7139/7139 7505/7505
f 7198/7198 7505/7505 7113/7113
f 7198/7198 7113/7113 7117/7117
f 7106/7106 7105/7105 7098/7098
f 7173/7173 7106/7106 7098/7098
f 7348/7348 7173/7173 7101/7101
f 7190/7190 7348/7348 7101/7101
f 5352/5352 5354/5354 5353/5353
f 5352/5352 5320/5320 5355/5355
f 5519/5519 5355/5355 5328/5328
f 853/853 851/851 841/841
f 4460/4460 4464/4464 4465/4465
f 4465/4465 4464/4464 4466/4466
f 2170/2170 2166/2166 2171/2171
f 7143/7143 7147/7147 7138/7138
f 7141/7141 7138/7138 7140/7140
f 7349/7349 7173/7173 7348/7348
f 7363/7363 7348/7348 7190/7190
f 5669/5669 5670/5670 5671/5671
f 4460/4460 4463/4463 4464/4464
f 3765/3765 3769/3769 3766/3766
f 4467/4467 4465/4465 4466/4466
f 3773/3773 3766/3766 3771/3771
f 2637/2637 2629/2629 2635/2635
f 3781/3781 3782/3782 3783/3783
f 3784/3784 3781/3781 3783/3783
f 3785/3785 3783/3783 3810/3810
f 7141/7141 7143/7143 7138/7138
f 7351/7351 7349/7349 7348/7348
f 7363/7363 7190/7190 7501/7501
f 7140/7140 7505/7505 7142/7142
f 7741/7741 7742/7742 7743/7743
f 7262/7262 7117/7117 7105/7105
f 7778/7778 7779/7779 7780/7780
f 5364/5364 5363/5363 5359/5359
f 5381/5381 5386/5386 5383/5383
f 5381/5381 5383/5383 5382/5382
f 2158/2158 2163/2163 2164/2164
f 3805/3805 3803/3803 3786/3786
f 3786/3786 3803/3803 3781/3781
f 3786/3786 3781/3781 3784/3784
f 3785/3785 3784/3784 3783/3783
f 2569/2569 2584/2584 2583/2583
f 7398/7398 7350/7350 7349/7349
f 7352/7352 7351/7351 7348/7348
f 7352/7352 7348/7348 7363/7363
f 844/844 832/832 831/831
f 4459/4459 4463/4463 4460/4460
f 4459/4459 4460/4460 4461/4461
f 5509/5509 5383/5383 5386/5386
f 3779/3779 3768/3768 3770/3770
f 2162/2162 2173/2173 2172/2172
f 2162/2162 2172/2172 2163/2163
f 5379/5379 5381/5381 5382/5382
f 3627/3627 3628/3628 3618/3618
f 3634/3634 3628/3628 3627/3627
f 3787/3787 3786/3786 3784/3784
f 3788/3788 3784/3784 3785/3785
f 2568/2568 2569/2569 2564/2564
f 2564/2564 2569/2569 2583/2583
f 3809/3809 3785/3785 3810/3810
f 7439/7439 7363/7363 7501/7501
f 2165/2165 2166/2166 2170/2170
f 7142/7142 7141/7141 7140/7140
f 7744/7744 7742/7742 7741/7741
f 7756/7756 7757/7757 7758/7758
f 7360/7360 7398/7398 7349/7349
f 7360/7360 7349/7349 7351/7351
f 5509/5509 5386/5386 5378/5378
f 3780/3780 3778/3778 3768/3768
f 3780/3780 3768/3768 3779/3779
f 2174/2174 2173/2173 2162/2162
f 5378/5378 5386/5386 5381/5381
f 3832/3832 3827/3827 3826/3826
f 3833/3833 3827/3827 3832/3832
f 3832/3832 3826/3826 3834/3834
f 5379/5379 5378/5378 5381/5381
f 2157/2157 2162/2162 2163/2163
f 2157/2157 2163/2163 2158/2158
f 2564/2564 2583/2583 2585/2585
f 2165/2165 2158/2158 2164/2164
f 2620/2620 2626/2626 2621/2621
f 7439/7439 7438/7438 7363/7363
f 2165/2165 2164/2164 2166/2166
f 7353/7353 7351/7351 7352/7352
f 7438/7438 7353/7353 7352/7352
f 7438/7438 7352/7352 7363/7363
f 7145/7145 7141/7141 7142/7142
f 7145/7145 7142/7142 7506/7506
f 7165/7165 7262/7262 7167/7167
f 5358/5358 5359/5359 5353/5353
f 5403/5403 5355/5355 5519/5519
f 5374/5374 5519/5519 5507/5507
f 5374/5374 5507/5507 5380/5380
f 5380/5380 5507/5507 5499/5499
f 5380/5380 5499/5499 5498/5498
f 5384/5384 5380/5380 5498/5498
f 5384/5384 5498/5498 5509/5509
f 3817/3817 3824/3824 3825/3825
f 3649/3649 3643/3643 3642/3642
f 3644/3644 3643/3643 3645/3645
f 3642/3642 3643/3643 3644/3644
f 3789/3789 3798/3798 3787/3787
f 3789/3789 3787/3787 3788/3788
f 3791/3791 3788/3788 3785/3785
f 7484/7484 7439/7439 7501/7501
f 2563/2563 2568/2568 2564/2564
f 2582/2582 2564/2564 2585/2585
f 7165/7165 7167/7167 7160/7160
f 7144/7144 7143/7143 7141/7141
f 7757/7757 7756/7756 7759/7759
f 5365/5365 5364/5364 5359/5359
f 5403/5403 5352/5352 5355/5355
f 3836/3836 3846/3846 3851/3851
f 3838/3838 3836/3836 3851/3851
f 3836/3836 3844/3844 3846/3846
f 2169/2169 2174/2174 2162/2162
f 2160/2160 2169/2169 2162/2162
f 3816/3816 3824/3824 3817/3817
f 2160/2160 2162/2162 2157/2157
f 3648/3648 3649/3649 3642/3642
f 3646/3646 3648/3648 3642/3642
f 3646/3646 3642/3642 3644/3644
f 3647/3647 3646/3646 3644/3644
f 3790/3790 3789/3789 3788/3788
f 2563/2563 2567/2567 2568/2568
f 3791/3791 3785/3785 3809/3809
f 3807/3807 3791/3791 3809/3809
f 7359/7359 7353/7353 7438/7438
f 7146/7146 7143/7143 7144/7144
f 7144/7144 7141/7141 7145/7145
f 7506/7506 7256/7256 7145/7145
f 7354/7354 7360/7360 7351/7351
f 5358/5358 5365/5365 5359/5359
f 5354/5354 5358/5358 5353/5353
f 5354/5354 5352/5352 5403/5403
f 5377/5377 5380/5380 5384/5384
f 5377/5377 5384/5384 5378/5378
f 3835/3835 3844/3844 3836/3836
f 3815/3815 3816/3816 3817/3817
f 3818/3818 3815/3815 3817/3817
f 3845/3845 3844/3844 3835/3835
f 3843/3843 3845/3845 3835/3835
f 3821/3821 3816/3816 3815/3815
f 3818/3818 3817/3817 3822/3822
f 3819/3819 3818/3818 3822/3822
f 5376/5376 5378/5378 5379/5379
f 3823/3823 3819/3819 3822/3822
f 2634/2634 2619/2619 2625/2625
f 3794/3794 3789/3789 3790/3790
f 3791/3791 3790/3790 3788/3788
f 2167/2167 2161/2161 2158/2158
f 2634/2634 2631/2631 2620/2620
f 2562/2562 2563/2563 2564/2564
f 2562/2562 2564/2564 2582/2582
f 2167/2167 2158/2158 2165/2165
f 7526/7526 7398/7398 7360/7360
f 7354/7354 7351/7351 7353/7353
f 7256/7256 7144/7144 7145/7145
f 7166/7166 7256/7256 7506/7506
f 7166/7166 7506/7506 7161/7161
f 7161/7161 7506/7506 7165/7165
f 7160/7160 7161/7161 7165/7165
f 5373/5373 5403/5403 5519/5519
f 5373/5373 5519/5519 5374/5374
f 861/861 888/888 855/855
f 3837/3837 3836/3836 3838/3838
f 3835/3835 3836/3836 3837/3837
f 3839/3839 3835/3835 3837/3837
f 3837/3837 3838/3838 3850/3850
f 2159/2159 2160/2160 2157/2157
f 5377/5377 5378/5378 5376/5376
f 3843/3843 3835/3835 3839/3839
f 2159/2159 2157/2157 2156/2156
f 3820/3820 3821/3821 3815/3815
f 3819/3819 3815/3815 3818/3818
f 3820/3820 3815/3815 3819/3819
f 899/899 1125/1125 890/890
f 2571/2571 2568/2568 2567/2567
f 2156/2156 2157/2157 2158/2158
f 3802/3802 3804/3804 3796/3796
f 2156/2156 2158/2158 2161/2161
f 2565/2565 2567/2567 2563/2563
f 3806/3806 3791/3791 3807/3807
f 2565/2565 2563/2563 2562/2562
f 7354/7354 7526/7526 7360/7360
f 7355/7355 7353/7353 7359/7359
f 5368/5368 5354/5354 5403/5403
f 5372/5372 5403/5403 5373/5373
f 7483/7483 7439/7439 7484/7484
f 7483/7483 7484/7484 7485/7485
f 3840/3840 3839/3839 3837/3837
f 3841/3841 3839/3839 3840/3840
f 7358/7358 7438/7438 7439/7439
f 7358/7358 7439/7439 7483/7483
f 3795/3795 3796/3796 3794/3794
f 3802/3802 3796/3796 3795/3795
f 3795/3795 3794/3794 3790/3790
f 3793/3793 3795/3795 3790/3790
f 3793/3793 3790/3790 3792/3792
f 7358/7358 7359/7359 7438/7438
f 3792/3792 3790/3790 3791/3791
f 7355/7355 7354/7354 7353/7353
f 7149/7149 7146/7146 7144/7144
f 7150/7150 7149/7149 7144/7144
f 7150/7150 7144/7144 7256/7256
f 7150/7150 7256/7256 7153/7153
f 7153/7153 7256/7256 7156/7156
f 7166/7166 7156/7156 7256/7256
f 7159/7159 7161/7161 7160/7160
f 5368/5368 5403/5403 5372/5372
f 5374/5374 5380/5380 5377/5377
f 3793/3793 3802/3802 3795/3795
f 3801/3801 3802/3802 3793/3793
f 7357/7357 7355/7355 7358/7358
f 7356/7356 7354/7354 7355/7355
f 7157/7157 7156/7156 7166/7166
f 7157/7157 7166/7166 7159/7159
f 7159/7159 7166/7166 7161/7161
f 5411/5411 5365/5365 5358/5358
f 5369/5369 5411/5411 5358/5358
f 5368/5368 5358/5358 5354/5354
f 5376/5376 5374/5374 5377/5377
f 8440/8440 8443/8443 8442/8442
f 8476/8476 8488/8488 8443/8443
f 3849/3849 3841/3841 3840/3840
f 2168/2168 2156/2156 2161/2161
f 7168/7168 7172/7172 7171/7171
f 3797/3797 3793/3793 3792/3792
f 3797/3797 3792/3792 3806/3806
f 2566/2566 2565/2565 2562/2562
f 3797/3797 3806/3806 3807/3807
f 7150/7150 7151/7151 7149/7149
f 7155/7155 7156/7156 7157/7157
f 7158/7158 7157/7157 7159/7159
f 7158/7158 7159/7159 7160/7160
f 7158/7158 7160/7160 7162/7162
f 7356/7356 7526/7526 7354/7354
f 5369/5369 5358/5358 5368/5368
f 5371/5371 5373/5373 5374/5374
f 7483/7483 7485/7485 7486/7486
f 2570/2570 2571/2571 2567/2567
f 3799/3799 3801/3801 3793/3793
f 2570/2570 2567/2567 2565/2565
f 7170/7170 7168/7168 7171/7171
f 3799/3799 3793/3793 3797/3797
f 7357/7357 7356/7356 7355/7355
f 7163/7163 7158/7158 7162/7162
f 3808/3808 3797/3797 3807/3807
f 7151/7151 7150/7150 7152/7152
f 7152/7152 7150/7150 7153/7153
f 7152/7152 7153/7153 7154/7154
f 7154/7154 7153/7153 7155/7155
f 7155/7155 7153/7153 7156/7156
f 7155/7155 7157/7157 7158/7158
f 8430/8430 8429/8429 8436/8436
f 5370/5370 5411/5411 5369/5369
f 8632/8632 8633/8633 8630/8630
f 8632/8632 8630/8630 8629/8629
f 8362/8362 8475/8475 8409/8409
f 8362/8362 8409/8409 8408/8408
f 4517/4517 4518/4518 4519/4519
f 8486/8486 8355/8355 8520/8520
f 8412/8412 8411/8411 8413/8413
f 8497/8497 8410/8410 8412/8412
f 8486/8486 8352/8352 8357/8357
f 8497/8497 8412/8412 8414/8414
f 5371/5371 5368/5368 5372/5372
f 8335/8335 8293/8293 8277/8277
f 8292/8292 8335/8335 8277/8277
f 8277/8277 8276/8276 8275/8275
f 5371/5371 5372/5372 5373/5373
f 5375/5375 5371/5371 5374/5374
f 5375/5375 5374/5374 5376/5376
f 2575/2575 2571/2571 2573/2573
f 2573/2573 2571/2571 2570/2570
f 2570/2570 2565/2565 2566/2566
f 7169/7169 7168/7168 7170/7170
f 3800/3800 3799/3799 3797/3797
f 2576/2576 2566/2566 2581/2581
f 2578/2578 2576/2576 2579/2579
f 8318/8318 8319/8319 8286/8286
f 7169/7169 7162/7162 7168/7168
f 2578/2578 2579/2579 2580/2580
f 8478/8478 8482/8482 8483/8483
f 7164/7164 7158/7158 7163/7163
f 5370/5370 5369/5369 5368/5368
f 8301/8301 8298/8298 8299/8299
f 8495/8495 8301/8301 8300/8300
f 5370/5370 5368/5368 5371/5371
f 8518/8518 8424/8424 8520/8520
f 8495/8495 8300/8300 8302/8302
f 8495/8495 8302/8302 8523/8523
f 8410/8410 8411/8411 8412/8412
f 8295/8295 8303/8303 8447/8447
f 8601/8601 8604/8604 8602/8602
f 8497/8497 8414/8414 8420/8420
f 8594/8594 8591/8591 8593/8593
f 8309/8309 8288/8288 8289/8289
f 8601/8601 8602/8602 8603/8603
f 8275/8275 8292/8292 8277/8277
f 8461/8461 8462/8462 8472/8472
f 8263/8263 8281/8281 8280/8280
f 8463/8463 8459/8459 8499/8499
f 8463/8463 8499/8499 8465/8465
f 8465/8465 8499/8499 8469/8469
f 8466/8466 8465/8465 8469/8469
f 8468/8468 8466/8466 8469/8469
f 8504/8504 8240/8240 8239/8239
f 8248/8248 8258/8258 8326/8326
f 8504/8504 8239/8239 8241/8241
f 8272/8272 8270/8270 8273/8273
f 8238/8238 8235/8235 8239/8239
f 8571/8571 8572/8572 8569/8569
f 8255/8255 8253/8253 8516/8516
f 2572/2572 2573/2573 2570/2570
f 2572/2572 2570/2570 2566/2566
f 2577/2577 2572/2572 2576/2576
f 8575/8575 8578/8578 8577/8577
f 8535/8535 8537/8537 8536/8536
f 3330/3330 3325/3325 3329/3329
f 3332/3332 3330/3330 3329/3329
f 3396/3396 3392/3392 3394/3394
f 3456/3456 3426/3426 3458/3458
f 3458/3458 3426/3426 3470/3470
f 3326/3326 3331/3331 3328/3328
f 3390/3390 3382/3382 3389/3389
f 3393/3393 3389/3389 3383/3383
f 3485/3485 3514/3514 3368/3368
f 2240/2240 2241/2241 2238/2238
f 4445/4445 4446/4446 4442/4442
f 3484/3484 3508/3508 3510/3510
f 2240/2240 2238/2238 2231/2231
f 3386/3386 3380/3380 3378/3378
f 3460/3460 3441/3441 3442/3442
f 3453/3453 3460/3460 3442/3442
f 3508/3508 3427/3427 3474/3474
f 4275/4275 4247/4247 4190/4190
f 4249/4249 4190/4190 4159/4159
f 4250/4250 4249/4249 4159/4159
f 3441/3441 3461/3461 3443/3443
f 3502/3502 3511/3511 3503/3503
f 4250/4250 4159/4159 4191/4191
f 4251/4251 4191/4191 4196/4196
f 4441/4441 4442/4442 4443/4443
f 2231/2231 2225/2225 2232/2232
f 2231/2231 2232/2232 2233/2233
f 2234/2234 2233/2233 2227/2227
f 3369/3369 3370/3370 3371/3371
f 4282/4282 4187/4187 4286/4286
f 4251/4251 4196/4196 4298/4298
f 3464/3464 3434/3434 3435/3435
f 3462/3462 3464/3464 3435/3435
f 4318/4318 4328/4328 4277/4277
f 3503/3503 3517/3517 3491/3491
f 4318/4318 4277/4277 4282/4282
f 4286/4286 4187/4187 4247/4247
f 4298/4298 4196/4196 4296/4296
f 2232/2232 2228/2228 2233/2233
f 3464/3464 3463/3463 3465/3465
f 3370/3370 3414/3414 3371/3371
f 3371/3371 3414/3414 3413/3413
f 4247/4247 4187/4187 4161/4161
f 4247/4247 4161/4161 4190/4190
f 4159/4159 4190/4190 4161/4161
f 4160/4160 4159/4159 4059/4059
f 4191/4191 4160/4160 4064/4064
f 4196/4196 4191/4191 4064/4064
f 2233/2233 2228/2228 2237/2237
f 3463/3463 3490/3490 3468/3468
f 4328/4328 4319/4319 4277/4277
f 4282/4282 4195/4195 4187/4187
f 4159/4159 4161/4161 4054/4054
f 4196/4196 4064/4064 4089/4089
f 4196/4196 4089/4089 4092/4092
f 4296/4296 4196/4196 4092/4092
f 2232/2232 2217/2217 2228/2228
f 2233/2233 2237/2237 2236/2236
f 4282/4282 4277/4277 4195/4195
f 4159/4159 4054/4054 4059/4059
f 4160/4160 4059/4059 4064/4064
f 2227/2227 2233/2233 2236/2236
f 2227/2227 2222/2222 2301/2301
f 3433/3433 3449/3449 3479/3479
f 3448/3448 3469/3469 3481/3481
f 4277/4277 4185/4185 4195/4195
f 4187/4187 4106/4106 4161/4161
f 2228/2228 2218/2218 2237/2237
f 2227/2227 2236/2236 2223/2223
f 3431/3431 3479/3479 3478/3478
f 3467/3467 3497/3497 3501/3501
f 3469/3469 3499/3499 3481/3481
f 4187/4187 4195/4195 4106/4106
f 4161/4161 4055/4055 4054/4054
f 4064/4064 4059/4059 4063/4063
f 4064/4064 4063/4063 4089/4089
f 4092/4092 4089/4089 4085/4085
f 4092/4092 4085/4085 4182/4182
f 2236/2236 2218/2218 2223/2223
f 2237/2237 2218/2218 2236/2236
f 3479/3479 3483/3483 3493/3493
f 3478/3478 3479/3479 3488/3488
f 3477/3477 3478/3478 3489/3489
f 3481/3481 3499/3499 3495/3495
f 4319/4319 4252/4252 4277/4277
f 4277/4277 4252/4252 4192/4192
f 4195/4195 4185/4185 4106/4106
f 4059/4059 4052/4052 4063/4063
f 2224/2224 2235/2235 2220/2220
f 3495/3495 3594/3594 3494/3494
f 4161/4161 4106/4106 4055/4055
f 4089/4089 4081/4081 4085/4085
f 3489/3489 3488/3488 3597/3597
f 3489/3489 3597/3597 3598/3598
f 4329/4329 4287/4287 4252/4252
f 4063/4063 4052/4052 4048/4048
f 4089/4089 4063/4063 4094/4094
f 4089/4089 4094/4094 4081/4081
f 4182/4182 4085/4085 4084/4084
f 3492/3492 3493/3493 3601/3601
f 5467/5467 5495/5495 5502/5502
f 3512/3512 3519/3519 3522/3522
f 4192/4192 4164/4164 4185/4185
f 4059/4059 4054/4054 4052/4052
f 4094/4094 4063/4063 4081/4081
f 4085/4085 4081/4081 4082/4082
f 2220/2220 2230/2230 2226/2226
f 3593/3593 3577/3577 3579/3579
f 3594/3594 3579/3579 3583/3583
f 4329/4329 4334/4334 4287/4287
f 4185/4185 4164/4164 4103/4103
f 4054/4054 3988/3988 4052/4052
f 4048/4048 4052/4052 4026/4026
f 4063/4063 4048/4048 4081/4081
f 4182/4182 4084/4084 4253/4253
f 3598/3598 3587/3587 3600/3600
f 3601/3601 3592/3592 3591/3591
f 3594/3594 3583/3583 3592/3592
f 4334/4334 4278/4278 4287/4287
f 4054/4054 4055/4055 4050/4050
f 4052/4052 3988/3988 4026/4026
f 4085/4085 4082/4082 4084/4084
f 3856/3856 3852/3852 3855/3855
f 3591/3591 3582/3582 3588/3588
f 3592/3592 3584/3584 3591/3591
f 3583/3583 3584/3584 3592/3592
f 4106/4106 4103/4103 4078/4078
f 4106/4106 4078/4078 4055/4055
f 4054/4054 4050/4050 3988/3988
f 4026/4026 3986/3986 4048/4048
f 4081/4081 4048/4048 4080/4080
f 3855/3855 3852/3852 3854/3854
f 3605/3605 3590/3590 3589/3589
f 3583/3583 3579/3579 3575/3575
f 4287/4287 4278/4278 4252/4252
f 4252/4252 4186/4186 4192/4192
f 4164/4164 4104/4104 4103/4103
f 4055/4055 4078/4078 4051/4051
f 4050/4050 4024/4024 3988/3988
f 4048/4048 3986/3986 4036/4036
f 4081/4081 4080/4080 4082/4082
f 4084/4084 4082/4082 4083/4083
f 4253/4253 4084/4084 4098/4098
f 2230/2230 2239/2239 2226/2226
f 7286/7286 7362/7362 7284/7284
f 3590/3590 3587/3587 3571/3571
f 3582/3582 3584/3584 3574/3574
f 4334/4334 4357/4357 4278/4278
f 3581/3581 3580/3580 3561/3561
f 3577/3577 3581/3581 3561/3561
f 3577/3577 3561/3561 3562/3562
f 3584/3584 3575/3575 3574/3574
f 4252/4252 4278/4278 4186/4186
f 4192/4192 4186/4186 4164/4164
f 4055/4055 4051/4051 4050/4050
f 4026/4026 3988/3988 3986/3986
f 4048/4048 4056/4056 4080/4080
f 4082/4082 4080/4080 4083/4083
f 4084/4084 4083/4083 4098/4098
f 3578/3578 3569/3569 3570/3570
f 3585/3585 3578/3578 3570/3570
f 3585/3585 3570/3570 3567/3567
f 3585/3585 3567/3567 3587/3587
f 3587/3587 3567/3567 3571/3571
f 3578/3578 3572/3572 3573/3573
f 4357/4357 4276/4276 4278/4278
f 3580/3580 3568/3568 3561/3561
f 3577/3577 3562/3562 3579/3579
f 3579/3579 3562/3562 3575/3575
f 4103/4103 4099/4099 4078/4078
f 3988/3988 4024/4024 3982/3982
f 3986/3986 3988/3988 3980/3980
f 4036/4036 3986/3986 3985/3985
f 4048/4048 4036/4036 4056/4056
f 4080/4080 4056/4056 4088/4088
f 3590/3590 3571/3571 3589/3589
f 3574/3574 3564/3564 3572/3572
f 3574/3574 3566/3566 3563/3563
f 3575/3575 3562/3562 3566/3566
f 3599/3599 3607/3607 3568/3568
f 3567/3567 3570/3570 3565/3565
f 3572/3572 3564/3564 3553/3553
f 3573/3573 3572/3572 3553/3553
f 3566/3566 3562/3562 3552/3552
f 3566/3566 3552/3552 3563/3563
f 2837/2837 2844/2844 2835/2835
f 4278/4278 4276/4276 4186/4186
f 4186/4186 4102/4102 4164/4164
f 4164/4164 4102/4102 4104/4104
f 4104/4104 4099/4099 4103/4103
f 4051/4051 4042/4042 4050/4050
f 4050/4050 4042/4042 4024/4024
f 3988/3988 3982/3982 3980/3980
f 3986/3986 3980/3980 3985/3985
f 4056/4056 4036/4036 3987/3987
f 4080/4080 4088/4088 4086/4086
f 4098/4098 4083/4083 4205/4205
f 3852/3852 3853/3853 3854/3854
f 3569/3569 3551/3551 3565/3565
f 3569/3569 3565/3565 3570/3570
f 4276/4276 4357/4357 4315/4315
f 3563/3563 3548/3548 3564/3564
f 3564/3564 3548/3548 3553/3553
f 3552/3552 3541/3541 3563/3563
f 2837/2837 2835/2835 2834/2834
f 3568/3568 3559/3559 3561/3561
f 3561/3561 3559/3559 3557/3557
f 3561/3561 3557/3557 3562/3562
f 3562/3562 3557/3557 3540/3540
f 3562/3562 3540/3540 3552/3552
f 5447/5447 5291/5291 5154/5154
f 4078/4078 4099/4099 4065/4065
f 4078/4078 4065/4065 4051/4051
f 3980/3980 3979/3979 3985/3985
f 4083/4083 4080/4080 4086/4086
f 7525/7525 7385/7385 7507/7507
f 3565/3565 3551/3551 3550/3550
f 3565/3565 3550/3550 3567/3567
f 3571/3571 3549/3549 3576/3576
f 3567/3567 3549/3549 3571/3571
f 3553/3553 3547/3547 3569/3569
f 3589/3589 3571/3571 3576/3576
f 3548/3548 3563/3563 3541/3541
f 3552/3552 3540/3540 3539/3539
f 3552/3552 3539/3539 3541/3541
f 4088/4088 4056/4056 4086/4086
f 4086/4086 4087/4087 4083/4083
f 4083/4083 4087/4087 4205/4205
f 7384/7384 7383/7383 7382/7382
f 3567/3567 3550/3550 3549/3549
f 3576/3576 3603/3603 3589/3589
f 3553/3553 3548/3548 3546/3546
f 3547/3547 3553/3553 3546/3546
f 3589/3589 3603/3603 3609/3609
f 4186/4186 4276/4276 4183/4183
f 4104/4104 4102/4102 4100/4100
f 4104/4104 4100/4100 4099/4099
f 3980/3980 3976/3976 3979/3979
f 4036/4036 3985/3985 3987/3987
f 4056/4056 4057/4057 4086/4086
f 3302/3302 3306/3306 3303/3303
f 7223/7223 7224/7224 7221/7221
f 7225/7225 7224/7224 7223/7223
f 3546/3546 3548/3548 3538/3538
f 3548/3548 3541/3541 3538/3538
f 3557/3557 3559/3559 3558/3558
f 3557/3557 3558/3558 3556/3556
f 3557/3557 3556/3556 3540/3540
f 4276/4276 4315/4315 4199/4199
f 4276/4276 4199/4199 4183/4183
f 2835/2835 2831/2831 2834/2834
f 4186/4186 4116/4116 4102/4102
f 4051/4051 4043/4043 4042/4042
f 4042/4042 3997/3997 4024/4024
f 3980/3980 3982/3982 3976/3976
f 3979/3979 3976/3976 3977/3977
f 4056/4056 3987/3987 4057/4057
f 4086/4086 4093/4093 4087/4087
f 3547/3547 3526/3526 3530/3530
f 3551/3551 3547/3547 3530/3530
f 3550/3550 3542/3542 3549/3549
f 3546/3546 3538/3538 3526/3526
f 3541/3541 3539/3539 3534/3534
f 3541/3541 3534/3534 3533/3533
f 3541/3541 3533/3533 3538/3538
f 2834/2834 2831/2831 2833/2833
f 3540/3540 3556/3556 3537/3537
f 4186/4186 4183/4183 4116/4116
f 4051/4051 4065/4065 4053/4053
f 4024/4024 3997/3997 3982/3982
f 3985/3985 3979/3979 3987/3987
f 4244/4244 4087/4087 4305/4305
f 3306/3306 3317/3317 3303/3303
f 7382/7382 7383/7383 7333/7333
f 3530/3530 3531/3531 3550/3550
f 3550/3550 3531/3531 3542/3542
f 3549/3549 3542/3542 3544/3544
f 2855/2855 2853/2853 2854/2854
f 3538/3538 3523/3523 3526/3526
f 3538/3538 3533/3533 3523/3523
f 3539/3539 3537/3537 3534/3534
f 3540/3540 3537/3537 3539/3539
f 4100/4100 4090/4090 4099/4099
f 4065/4065 4099/4099 4090/4090
f 4065/4065 4090/4090 3946/3946
f 4051/4051 4053/4053 4043/4043
f 3979/3979 3977/3977 3983/3983
f 4086/4086 4057/4057 4093/4093
f 4093/4093 4305/4305 4087/4087
f 3317/3317 3300/3300 3303/3303
f 2854/2854 2853/2853 2852/2852
f 2854/2854 2852/2852 2856/2856
f 3533/3533 3534/3534 3524/3524
f 3533/3533 3524/3524 3523/3523
f 2831/2831 2832/2832 2833/2833
f 4065/4065 3946/3946 4053/4053
f 4042/4042 4043/4043 3997/3997
f 4093/4093 4097/4097 4351/4351
f 4305/4305 4093/4093 4351/4351
f 3301/3301 3300/3300 3304/3304
f 4724/4724 4672/4672 4671/4671
f 3530/3530 3526/3526 3529/3529
f 3531/3531 3530/3530 3529/3529
f 3609/3609 3603/3603 3610/3610
f 3525/3525 3526/3526 3523/3523
f 3523/3523 3524/3524 3525/3525
f 4315/4315 4330/4330 4199/4199
f 3534/3534 3535/3535 3524/3524
f 3537/3537 3556/3556 3560/3560
f 4102/4102 4101/4101 4100/4100
f 4043/4043 4053/4053 4044/4044
f 3997/3997 3981/3981 3982/3982
f 3982/3982 3981/3981 3976/3976
f 4093/4093 4057/4057 4095/4095
f 4305/4305 4351/4351 4294/4294
f 3304/3304 3305/3305 3311/3311
f 7224/7224 7226/7226 7221/7221
f 4674/4674 4675/4675 4676/4676
f 3531/3531 3529/3529 3532/3532
f 3531/3531 3532/3532 3542/3542
f 3544/3544 3542/3542 3543/3543
f 2853/2853 2849/2849 2852/2852
f 3529/3529 3526/3526 3528/3528
f 2856/2856 2852/2852 2858/2858
f 3603/3603 3611/3611 3610/3610
f 3526/3526 3525/3525 3527/3527
f 3556/3556 3558/3558 3560/3560
f 3537/3537 3535/3535 3534/3534
f 4100/4100 4101/4101 4090/4090
f 4090/4090 3947/3947 3946/3946
f 3979/3979 3983/3983 3991/3991
f 4057/4057 3987/3987 4045/4045
f 4093/4093 4095/4095 4097/4097
f 3300/3300 3316/3316 3305/3305
f 7552/7552 7553/7553 7554/7554
f 3542/3542 3532/3532 3543/3543
f 3544/3544 3543/3543 3545/3545
f 3526/3526 3527/3527 3528/3528
f 2880/2880 2879/2879 2881/2881
f 2833/2833 2832/2832 2838/2838
f 2836/2836 2833/2833 2840/2840
f 2836/2836 2840/2840 2841/2841
f 4199/4199 4162/4162 4183/4183
f 4116/4116 4183/4183 4107/4107
f 3947/3947 4090/4090 3943/3943
f 4043/4043 4044/4044 3997/3997
f 3987/3987 3979/3979 3991/3991
f 3987/3987 3991/3991 4045/4045
f 4057/4057 4045/4045 4095/4095
f 4351/4351 4096/4096 4294/4294
f 4295/4295 4294/4294 4009/4009
f 3305/3305 3313/3313 3311/3311
f 2878/2878 2877/2877 2875/2875
f 2878/2878 2881/2881 2879/2879
f 2878/2878 2879/2879 2877/2877
f 4330/4330 4283/4283 4199/4199
f 4199/4199 4283/4283 4162/4162
f 2832/2832 2839/2839 2838/2838
f 2833/2833 2838/2838 2840/2840
f 2884/2884 2841/2841 2883/2883
f 2880/2880 2884/2884 2883/2883
f 2880/2880 2883/2883 2882/2882
f 2832/2832 2845/2845 2839/2839
f 4183/4183 4162/4162 4107/4107
f 3997/3997 4044/4044 4031/4031
f 3997/3997 4031/4031 4016/4016
f 3997/3997 4016/4016 3981/3981
f 2852/2852 2849/2849 2851/2851
f 2873/2873 2875/2875 2874/2874
f 2880/2880 2882/2882 2879/2879
f 4116/4116 4107/4107 4105/4105
f 4116/4116 4105/4105 4101/4101
f 3936/3936 3932/3932 4355/4355
f 4053/4053 4355/4355 4044/4044
f 3981/3981 3978/3978 3976/3976
f 3977/3977 3976/3976 3975/3975
f 4095/4095 4045/4045 4003/4003
f 4097/4097 4095/4095 4096/4096
f 4095/4095 4003/4003 4096/4096
f 4294/4294 4008/4008 4009/4009
f 7380/7380 6824/6824 6827/6827
f 7509/7509 7380/7380 6827/6827
f 7488/7488 7446/7446 7452/7452
f 7567/7567 7568/7568 7569/7569
f 3532/3532 3529/3529 3536/3536
f 3543/3543 3532/3532 3555/3555
f 2873/2873 2871/2871 2872/2872
f 2875/2875 2877/2877 2876/2876
f 2879/2879 2885/2885 2877/2877
f 2879/2879 2882/2882 2886/2886
f 2839/2839 2843/2843 2838/2838
f 2841/2841 2840/2840 2842/2842
f 2841/2841 2842/2842 2883/2883
f 2845/2845 2846/2846 2839/2839
f 4101/4101 3941/3941 4090/4090
f 3943/3943 4090/4090 3941/3941
f 3938/3938 3928/3928 3930/3930
f 4355/4355 3932/3932 3934/3934
f 4044/4044 4355/4355 4304/4304
f 4016/4016 4031/4031 4066/4066
f 4016/4016 3994/3994 3981/3981
f 3977/3977 3975/3975 3983/3983
f 3983/3983 3992/3992 3991/3991
f 4045/4045 3991/3991 4003/4003
f 4096/4096 4003/4003 4008/4008
f 4009/4009 4008/4008 4007/4007
f 3311/3311 3314/3314 3312/3312
f 4454/4454 4456/4456 4450/4450
f 6969/6969 6966/6966 6967/6967
f 4744/4744 4719/4719 4723/4723
f 7584/7584 7581/7581 7586/7586
f 2872/2872 2871/2871 2865/2865
f 3532/3532 3536/3536 3555/3555
f 3545/3545 3543/3543 3554/3554
f 2849/2849 2850/2850 2851/2851
f 2858/2858 2852/2852 2857/2857
f 2873/2873 2874/2874 2871/2871
f 2875/2875 2876/2876 2874/2874
f 4330/4330 4410/4410 4283/4283
f 2877/2877 2885/2885 2876/2876
f 2879/2879 2886/2886 2888/2888
f 2885/2885 2879/2879 2888/2888
f 2838/2838 2843/2843 2840/2840
f 2839/2839 2846/2846 2843/2843
f 5156/5156 5155/5155 5157/5157
f 4101/4101 4105/4105 3941/3941
f 3932/3932 3931/3931 3934/3934
f 4066/4066 4031/4031 4147/4147
f 4016/4016 4066/4066 3994/3994
f 3981/3981 3994/3994 3978/3978
f 5107/5107 5280/5280 5100/5100
f 4009/4009 4007/4007 4072/4072
f 6939/6939 6936/6936 6938/6938
f 6966/6966 6939/6939 6938/6938
f 6969/6969 6967/6967 6970/6970
f 2871/2871 2870/2870 2865/2865
f 2852/2852 2851/2851 2857/2857
f 2883/2883 2842/2842 2899/2899
f 3930/3930 3928/3928 3929/3929
f 3930/3930 3929/3929 3931/3931
f 3932/3932 3930/3930 3931/3931
f 3934/3934 3931/3931 4228/4228
f 6827/6827 6820/6820 6829/6829
f 6824/6824 6820/6820 6827/6827
f 7509/7509 6827/6827 6829/6829
f 2870/2870 2868/2868 2865/2865
f 2850/2850 2859/2859 2851/2851
f 2858/2858 2857/2857 2973/2973
f 2876/2876 2892/2892 2874/2874
f 2885/2885 2891/2891 2876/2876
f 2885/2885 2888/2888 2891/2891
f 2886/2886 2882/2882 2894/2894
f 2886/2886 2894/2894 2888/2888
f 2840/2840 2843/2843 2913/2913
f 2842/2842 2840/2840 2911/2911
f 2842/2842 2911/2911 2899/2899
f 2883/2883 2895/2895 2882/2882
f 2882/2882 2895/2895 2894/2894
f 5155/5155 5163/5163 5157/5157
f 3934/3934 4228/4228 4291/4291
f 4304/4304 3934/3934 4291/4291
f 4066/4066 4147/4147 4148/4148
f 4066/4066 4148/4148 3994/3994
f 3976/3976 3978/3978 3968/3968
f 3976/3976 3968/3968 3975/3975
f 3983/3983 3975/3975 3971/3971
f 3991/3991 3992/3992 3993/3993
f 4008/4008 4003/4003 3999/3999
f 4008/4008 3999/3999 4007/4007
f 6939/6939 6971/6971 6936/6936
f 2863/2863 2865/2865 2864/2864
f 2863/2863 2864/2864 2862/2862
f 2863/2863 2862/2862 2850/2850
f 2874/2874 2890/2890 2871/2871
f 2871/2871 2887/2887 2870/2870
f 2874/2874 2892/2892 2890/2890
f 2888/2888 2896/2896 2891/2891
f 2894/2894 2896/2896 2888/2888
f 2840/2840 2912/2912 2911/2911
f 2883/2883 2899/2899 2895/2895
f 2846/2846 2847/2847 2843/2843
f 3928/3928 3904/3904 3929/3929
f 4147/4147 4149/4149 4148/4148
f 3994/3994 4037/4037 3978/3978
f 3983/3983 3971/3971 3990/3990
f 3983/3983 3993/3993 3992/3992
f 3991/3991 3999/3999 4003/4003
f 4719/4719 4741/4741 4718/4718
f 7502/7502 7416/7416 7494/7494
f 2865/2865 2868/2868 2864/2864
f 2850/2850 2862/2862 2859/2859
f 2870/2870 2887/2887 2868/2868
f 2871/2871 2890/2890 2887/2887
f 2857/2857 2861/2861 2973/2973
f 2876/2876 2891/2891 2893/2893
f 2876/2876 2893/2893 2892/2892
f 2896/2896 2894/2894 2902/2902
f 2840/2840 2913/2913 2912/2912
f 2843/2843 2847/2847 2913/2913
f 4105/4105 3900/3900 3941/3941
f 4292/4292 4291/4291 4236/4236
f 4292/4292 4332/4332 4333/4333
f 3983/3983 3990/3990 3993/3993
f 3991/3991 3993/3993 3999/3999
f 7221/7221 7226/7226 7229/7229
f 6936/6936 6971/6971 6941/6941
f 2851/2851 2859/2859 2857/2857
f 4283/4283 4279/4279 4163/4163
f 2896/2896 2904/2904 2891/2891
f 2899/2899 2901/2901 2895/2895
f 2895/2895 2901/2901 2894/2894
f 2894/2894 2901/2901 2902/2902
f 4107/4107 3891/3891 4105/4105
f 3902/3902 3900/3900 3899/3899
f 3904/3904 3905/3905 3933/3933
f 4236/4236 4228/4228 4227/4227
f 4227/4227 4219/4219 4236/4236
f 4219/4219 4237/4237 4236/4236
f 4236/4236 4237/4237 4332/4332
f 4333/4333 4332/4332 4302/4302
f 4237/4237 4302/4302 4332/4332
f 7614/7614 7615/7615 7612/7612
f 6829/6829 6820/6820 6825/6825
f 2859/2859 2862/2862 2866/2866
f 2857/2857 2859/2859 2860/2860
f 2891/2891 2904/2904 2893/2893
f 2902/2902 2917/2917 2896/2896
f 2896/2896 2917/2917 2904/2904
f 2911/2911 2915/2915 2899/2899
f 2913/2913 2847/2847 2932/2932
f 4107/4107 4108/4108 3891/3891
f 3904/3904 3899/3899 3903/3903
f 3935/3935 3933/3933 4233/4233
f 4237/4237 4219/4219 4235/4235
f 4302/4302 4237/4237 4299/4299
f 4302/4302 4299/4299 4301/4301
f 4149/4149 4150/4150 4148/4148
f 4072/4072 4015/4015 4322/4322
f 4741/4741 4742/4742 4718/4718
f 2862/2862 2864/2864 2867/2867
f 2857/2857 2860/2860 2861/2861
f 2890/2890 2906/2906 2887/2887
f 2887/2887 2906/2906 2905/2905
f 4283/4283 4356/4356 4279/4279
f 2890/2890 2892/2892 2914/2914
f 2893/2893 2914/2914 2892/2892
f 2904/2904 2918/2918 2893/2893
f 2893/2893 2918/2918 2919/2919
f 4162/4162 4163/4163 4109/4109
f 4162/4162 4109/4109 4107/4107
f 2911/2911 2912/2912 2915/2915
f 2902/2902 2901/2901 2920/2920
f 4107/4107 4109/4109 4108/4108
f 2913/2913 2932/2932 2926/2926
f 2913/2913 2926/2926 2912/2912
f 2899/2899 2915/2915 2901/2901
f 4105/4105 3891/3891 3900/3900
f 3905/3905 3904/3904 3903/3903
f 3933/3933 3905/3905 4242/4242
f 4233/4233 3933/3933 4242/4242
f 4148/4148 4150/4150 4151/4151
f 3978/3978 4037/4037 3984/3984
f 4322/4322 4015/4015 4321/4321
f 3878/3878 3873/3873 3875/3875
f 7574/7574 7570/7570 7572/7572
f 2864/2864 2869/2869 2867/2867
f 2862/2862 2867/2867 2889/2889
f 2862/2862 2889/2889 2866/2866
f 2859/2859 2866/2866 2860/2860
f 2868/2868 2887/2887 2869/2869
f 2864/2864 2868/2868 2869/2869
f 2890/2890 2914/2914 2906/2906
f 2893/2893 2919/2919 2914/2914
f 2904/2904 2917/2917 2918/2918
f 2902/2902 2920/2920 2921/2921
f 2902/2902 2921/2921 2917/2917
f 5282/5282 5163/5163 5283/5283
f 3899/3899 3900/3900 3891/3891
f 3905/3905 3903/3903 3906/3906
f 4234/4234 4233/4233 4225/4225
f 4228/4228 4234/4234 4225/4225
f 4228/4228 4225/4225 4227/4227
f 4237/4237 4235/4235 4238/4238
f 4237/4237 4238/4238 4299/4299
f 4301/4301 4299/4299 4300/4300
f 3968/3968 3984/3984 3995/3995
f 3978/3978 3984/3984 3968/3968
f 7342/7342 7343/7343 6979/6979
f 6820/6820 6819/6819 6825/6825
f 7414/7414 7401/7401 7402/7402
f 2887/2887 2905/2905 2869/2869
f 4163/4163 4279/4279 4109/4109
f 2917/2917 2921/2921 2929/2929
f 2912/2912 2926/2926 2915/2915
f 2901/2901 2915/2915 2920/2920
f 2847/2847 2967/2967 2932/2932
f 3899/3899 3891/3891 3898/3898
f 3899/3899 3898/3898 3901/3901
f 3899/3899 3901/3901 3903/3903
f 3905/3905 3906/3906 4242/4242
f 4227/4227 4225/4225 4219/4219
f 4235/4235 4218/4218 4238/4238
f 3971/3971 3975/3975 3968/3968
f 3993/3993 3998/3998 3999/3999
f 4007/4007 3999/3999 4000/4000
f 7368/7368 7369/7369 7370/7370
f 4718/4718 4745/4745 4694/4694
f 6825/6825 6819/6819 6830/6830
f 6854/6854 7347/7347 6973/6973
f 7523/7523 7347/7347 6854/6854
f 6825/6825 6830/6830 6831/6831
f 4279/4279 4356/4356 4327/4327
f 2914/2914 2933/2933 2906/2906
f 2914/2914 2919/2919 2933/2933
f 2919/2919 2918/2918 2940/2940
f 2917/2917 2929/2929 2918/2918
f 4235/4235 4219/4219 4218/4218
f 4299/4299 4238/4238 4216/4216
f 4300/4300 4299/4299 4216/4216
f 4150/4150 4152/4152 4151/4151
f 3999/3999 3998/3998 4000/4000
f 7518/7518 7397/7397 6900/6900
f 7527/7527 7397/7397 7518/7518
f 3861/3861 3860/3860 3857/3857
f 3885/3885 3874/3874 3877/3877
f 2889/2889 2867/2867 2900/2900
f 2866/2866 2889/2889 2897/2897
f 2860/2860 2866/2866 2898/2898
f 2860/2860 2898/2898 2907/2907
f 2861/2861 2860/2860 2907/2907
f 2906/2906 2930/2930 2905/2905
f 2906/2906 2933/2933 2935/2935
f 2919/2919 2940/2940 2933/2933
f 2918/2918 2929/2929 2942/2942
f 2918/2918 2942/2942 2940/2940
f 2915/2915 2926/2926 2938/2938
f 2915/2915 2938/2938 2920/2920
f 2920/2920 2938/2938 2937/2937
f 2921/2921 2920/2920 2937/2937
f 2932/2932 2949/2949 2926/2926
f 3898/3898 3891/3891 3890/3890
f 3898/3898 3890/3890 3896/3896
f 3901/3901 3909/3909 3907/3907
f 3903/3903 3901/3901 3907/3907
f 3903/3903 3907/3907 3906/3906
f 3906/3906 4243/4243 4242/4242
f 4242/4242 4240/4240 4233/4233
f 4233/4233 4240/4240 4229/4229
f 4219/4219 4225/4225 4220/4220
f 4218/4218 4219/4219 4145/4145
f 4226/4226 4218/4218 4217/4217
f 4226/4226 4217/4217 4216/4216
f 4007/4007 4000/4000 4015/4015
f 7343/7343 7541/7541 7538/7538
f 4745/4745 4746/4746 4694/4694
f 2869/2869 2905/2905 2903/2903
f 2869/2869 2903/2903 2867/2867
f 2867/2867 2903/2903 2900/2900
f 2889/2889 2900/2900 2897/2897
f 2866/2866 2897/2897 2898/2898
f 2905/2905 2930/2930 2924/2924
f 4279/4279 4327/4327 4109/4109
f 2906/2906 2935/2935 2930/2930
f 2933/2933 2940/2940 2943/2943
f 2933/2933 2943/2943 2935/2935
f 2929/2929 2921/2921 2941/2941
f 2929/2929 2941/2941 2942/2942
f 2921/2921 2937/2937 2941/2941
f 3891/3891 4108/4108 3886/3886
f 2926/2926 2949/2949 2947/2947
f 2926/2926 2947/2947 2938/2938
f 3896/3896 3909/3909 3901/3901
f 3906/3906 3907/3907 3908/3908
f 4242/4242 4243/4243 4240/4240
f 4233/4233 4229/4229 4225/4225
f 4219/4219 4220/4220 4145/4145
f 4218/4218 4145/4145 4217/4217
f 4216/4216 4217/4217 4215/4215
f 3990/3990 3998/3998 3993/3993
f 7397/7397 6903/6903 6900/6900
f 3860/3860 3858/3858 3857/3857
f 7401/7401 7400/7400 7402/7402
f 2905/2905 2924/2924 2903/2903
f 2861/2861 2907/2907 2970/2970
f 2935/2935 2954/2954 2930/2930
f 2943/2943 2956/2956 2935/2935
f 2940/2940 2942/2942 2943/2943
f 2937/2937 2938/2938 2952/2952
f 2937/2937 2951/2951 2941/2941
f 2949/2949 2968/2968 3080/3080
f 2967/2967 2968/2968 2949/2949
f 3891/3891 3886/3886 3890/3890
f 3896/3896 3890/3890 3895/3895
f 3896/3896 3895/3895 3909/3909
f 3909/3909 3895/3895 3912/3912
f 3909/3909 3912/3912 3907/3907
f 4217/4217 4145/4145 4215/4215
f 4216/4216 4303/4303 4300/4300
f 2898/2898 2908/2908 2907/2907
f 2924/2924 2923/2923 2903/2903
f 4109/4109 4327/4327 4189/4189
f 2924/2924 2930/2930 2948/2948
f 2930/2930 2955/2955 2948/2948
f 2930/2930 2954/2954 2955/2955
f 2935/2935 2956/2956 2954/2954
f 2943/2943 2942/2942 2957/2957
f 2942/2942 2958/2958 2957/2957
f 2941/2941 2958/2958 2942/2942
f 2951/2951 2960/2960 2941/2941
f 2941/2941 2960/2960 2958/2958
f 2947/2947 2952/2952 2938/2938
f 2937/2937 2952/2952 2951/2951
f 2949/2949 3080/3080 3077/3077
f 3906/3906 3908/3908 3922/3922
f 4243/4243 3906/3906 3922/3922
f 4225/4225 4229/4229 4222/4222
f 4225/4225 4222/4222 4220/4220
f 4145/4145 4144/4144 4215/4215
f 4144/4144 4141/4141 4215/4215
f 4151/4151 4152/4152 4153/4153
f 3990/3990 3989/3989 3998/3998
f 7366/7366 7365/7365 7367/7367
f 7402/7402 7400/7400 7403/7403
f 2898/2898 2897/2897 2908/2908
f 2924/2924 2948/2948 2923/2923
f 2954/2954 3074/3074 2955/2955
f 2943/2943 2957/2957 2956/2956
f 2960/2960 2951/2951 3079/3079
f 2949/2949 3077/3077 2947/2947
f 2947/2947 3077/3077 2952/2952
f 4216/4216 4215/4215 4143/4143
f 3857/3857 3858/3858 3859/3859
f 6851/6851 6839/6839 6852/6852
f 6831/6831 6830/6830 6832/6832
f 6853/6853 6851/6851 6852/6852
f 2900/2900 2903/2903 2910/2910
f 2900/2900 2910/2910 2897/2897
f 2907/2907 2908/2908 2931/2931
f 2970/2970 2907/2907 2931/2931
f 2923/2923 2948/2948 2946/2946
f 2948/2948 2955/2955 2962/2962
f 2955/2955 3074/3074 2962/2962
f 2956/2956 2986/2986 2991/2991
f 2956/2956 2991/2991 2954/2954
f 2956/2956 2957/2957 2986/2986
f 2957/2957 2988/2988 2986/2986
f 2960/2960 3079/3079 2958/2958
f 2958/2958 3079/3079 2990/2990
f 2958/2958 2990/2990 2957/2957
f 2957/2957 2990/2990 2988/2988
f 3886/3886 3888/3888 3889/3889
f 2951/2951 2952/2952 3002/3002
f 2951/2951 3002/3002 3076/3076
f 2951/2951 3076/3076 3079/3079
f 3890/3890 3892/3892 3895/3895
f 4144/4144 4140/4140 4141/4141
f 4215/4215 4141/4141 4143/4143
f 4152/4152 4154/4154 4153/4153
f 3984/3984 4246/4246 3969/3969
f 3984/3984 3969/3969 3995/3995
f 2897/2897 2909/2909 2908/2908
f 2948/2948 2962/2962 2963/2963
f 2962/2962 3074/3074 3063/3063
f 4109/4109 4110/4110 4108/4108
f 2954/2954 2991/2991 3074/3074
f 3074/3074 2991/2991 3057/3057
f 2986/2986 2985/2985 2991/2991
f 2990/2990 3079/3079 3075/3075
f 2990/2990 3075/3075 2989/2989
f 2990/2990 2989/2989 2988/2988
f 3890/3890 3889/3889 3892/3892
f 3077/3077 3002/3002 2952/2952
f 3079/3079 3076/3076 3075/3075
f 3077/3077 3080/3080 3067/3067
f 3895/3895 3892/3892 3912/3912
f 3080/3080 3086/3086 3067/3067
f 3908/3908 3907/3907 3910/3910
f 3908/3908 3910/3910 3922/3922
f 4229/4229 4230/4230 4222/4222
f 4220/4220 4221/4221 4145/4145
f 4145/4145 4221/4221 4140/4140
f 4144/4144 4145/4145 4140/4140
f 3990/3990 3971/3971 3989/3989
f 4000/4000 3998/3998 4001/4001
f 7295/7295 7492/7492 7229/7229
f 6928/6928 6977/6977 6890/6890
f 2903/2903 2923/2923 2910/2910
f 2897/2897 2910/2910 2909/2909
f 4327/4327 4407/4407 4189/4189
f 4109/4109 4189/4189 4165/4165
f 2948/2948 2963/2963 2946/2946
f 2962/2962 3063/3063 2963/2963
f 4108/4108 4110/4110 3886/3886
f 2991/2991 2985/2985 2992/2992
f 3057/3057 2991/2991 2992/2992
f 3886/3886 3887/3887 3888/3888
f 2986/2986 2988/2988 2987/2987
f 2985/2985 2986/2986 2987/2987
f 2988/2988 2989/2989 2987/2987
f 3002/3002 3077/3077 3000/3000
f 3002/3002 3000/3000 2997/2997
f 3076/3076 3002/3002 2997/2997
f 3075/3075 3076/3076 2997/2997
f 3075/3075 2997/2997 2989/2989
f 3077/3077 3067/3067 3000/3000
f 4229/4229 4239/4239 4230/4230
f 4240/4240 4239/4239 4229/4229
f 4154/4154 4155/4155 4153/4153
f 3995/3995 3969/3969 3968/3968
f 7436/7436 7512/7512 7403/7403
f 2946/2946 2963/2963 2964/2964
f 3074/3074 3057/3057 3063/3063
f 3886/3886 4110/4110 3887/3887
f 3888/3888 3894/3894 3889/3889
f 2992/2992 2985/2985 2995/2995
f 3892/3892 3889/3889 3893/3893
f 2985/2985 2987/2987 2993/2993
f 3892/3892 3893/3893 3897/3897
f 2997/2997 2999/2999 2998/2998
f 2989/2989 2997/2997 2996/2996
f 2997/2997 3000/3000 2999/2999
f 3907/3907 3912/3912 3911/3911
f 3907/3907 3911/3911 3910/3910
f 3086/3086 3078/3078 3067/3067
f 4221/4221 4220/4220 4222/4222
f 4140/4140 4139/4139 4141/4141
f 4153/4153 4157/4157 4246/4246
f 4246/4246 4245/4245 3969/3969
f 3968/3968 3966/3966 3971/3971
f 4000/4000 4001/4001 4015/4015
f 6819/6819 7536/7536 6830/6830
f 2910/2910 2916/2916 2909/2909
f 2908/2908 2909/2909 2922/2922
f 2908/2908 2922/2922 2931/2931
f 2760/2760 2758/2758 2757/2757
f 2963/2963 3063/3063 3081/3081
f 3063/3063 3057/3057 3052/3052
f 3057/3057 2992/2992 3052/3052
f 3888/3888 3887/3887 3894/3894
f 2992/2992 2995/2995 3052/3052
f 2985/2985 2993/2993 2995/2995
f 2993/2993 2987/2987 3003/3003
f 3892/3892 3897/3897 3912/3912
f 2997/2997 2998/2998 2996/2996
f 2989/2989 2996/2996 2994/2994
f 2989/2989 2994/2994 2987/2987
f 2987/2987 2994/2994 3003/3003
f 3912/3912 3897/3897 3911/3911
f 3000/3000 3067/3067 3004/3004
f 3067/3067 3078/3078 3066/3066
f 3922/3922 3923/3923 4243/4243
f 4141/4141 4139/4139 4142/4142
f 4143/4143 4141/4141 4142/4142
f 4153/4153 4156/4156 4157/4157
f 4155/4155 4156/4156 4153/4153
f 3998/3998 4002/4002 4001/4001
f 7422/7422 7420/7420 7423/7423
f 6876/6876 7440/7440 7436/7436
f 6830/6830 7536/7536 6835/6835
f 6832/6832 6830/6830 6835/6835
f 2923/2923 2916/2916 2910/2910
f 2923/2923 2946/2946 2945/2945
f 2757/2757 2758/2758 2752/2752
f 3081/3081 3063/3063 3069/3069
f 3081/3081 3069/3069 3084/3084
f 3063/3063 3052/3052 3069/3069
f 3889/3889 3894/3894 3893/3893
f 2995/2995 2993/2993 3007/3007
f 2993/2993 3003/3003 3007/3007
f 2995/2995 3007/3007 3010/3010
f 2999/2999 3001/3001 2998/2998
f 2996/2996 2998/2998 3005/3005
f 2994/2994 2996/2996 3006/3006
f 2999/2999 3000/3000 3001/3001
f 3067/3067 3066/3066 3004/3004
f 3088/3088 3082/3082 3078/3078
f 4240/4240 4243/4243 4239/4239
f 4222/4222 4223/4223 4221/4221
f 4223/4223 4138/4138 4221/4221
f 4140/4140 4138/4138 4139/4139
f 3968/3968 3954/3954 3966/3966
f 3969/3969 3954/3954 3968/3968
f 3998/3998 3989/3989 4002/4002
f 2909/2909 2927/2927 2922/2922
f 2946/2946 2964/2964 2945/2945
f 4109/4109 4165/4165 4110/4110
f 2752/2752 2758/2758 2756/2756
f 3084/3084 3069/3069 3083/3083
f 2995/2995 3010/3010 3052/3052
f 3069/3069 3052/3052 3053/3053
f 3052/3052 3010/3010 3053/3053
f 3897/3897 3914/3914 3911/3911
f 3003/3003 3008/3008 3007/3007
f 3003/3003 2994/2994 3006/3006
f 3003/3003 3006/3006 3008/3008
f 3910/3910 3911/3911 3913/3913
f 3001/3001 3000/3000 3004/3004
f 2998/2998 3001/3001 3005/3005
f 2996/2996 3005/3005 3006/3006
f 3922/3922 3910/3910 3913/3913
f 3922/3922 3913/3913 3923/3923
f 3088/3088 3093/3093 3082/3082
f 4222/4222 4230/4230 4224/4224
f 4222/4222 4224/4224 4223/4223
f 4137/4137 4138/4138 4223/4223
f 4138/4138 4129/4129 4139/4139
f 4139/4139 4130/4130 4142/4142
f 4156/4156 4158/4158 4157/4157
f 4245/4245 4157/4157 4290/4290
f 4245/4245 4290/4290 3956/3956
f 4245/4245 3956/3956 3969/3969
f 3971/3971 3972/3972 3989/3989
f 7545/7545 7546/7546 7547/7547
f 7440/7440 7435/7435 7512/7512
f 7432/7432 7429/7429 7437/7437
f 2923/2923 2945/2945 2928/2928
f 2923/2923 2928/2928 2916/2916
f 2931/2931 2922/2922 2944/2944
f 4189/4189 4407/4407 4408/4408
f 4189/4189 4408/4408 4165/4165
f 3894/3894 3940/3940 3918/3918
f 3893/3893 3894/3894 3918/3918
f 3897/3897 3893/3893 3914/3914
f 3893/3893 3918/3918 3914/3914
f 3083/3083 3069/3069 3053/3053
f 3911/3911 3914/3914 3913/3913
f 3010/3010 3030/3030 3053/3053
f 3007/3007 3008/3008 3018/3018
f 3010/3010 3007/3007 3018/3018
f 3030/3030 3010/3010 3018/3018
f 3005/3005 3026/3026 3006/3006
f 3008/3008 3006/3006 3009/3009
f 3008/3008 3009/3009 3015/3015
f 3008/3008 3015/3015 3018/3018
f 3066/3066 3011/3011 3004/3004
f 3001/3001 3004/3004 3011/3011
f 3001/3001 3011/3011 3029/3029
f 3001/3001 3029/3029 3027/3027
f 3001/3001 3027/3027 3005/3005
f 3005/3005 3027/3027 3026/3026
f 3006/3006 3026/3026 3012/3012
f 3006/3006 3012/3012 3009/3009
f 3066/3066 3037/3037 3011/3011
f 4239/4239 4243/4243 3923/3923
f 3066/3066 3073/3073 3037/3037
f 3078/3078 3082/3082 3073/3073
f 3082/3082 3093/3093 3094/3094
f 4223/4223 4136/4136 4137/4137
f 3971/3971 3966/3966 3972/3972
f 7547/7547 7546/7546 7548/7548
f 7428/7428 6864/6864 7429/7429
f 2916/2916 2928/2928 2925/2925
f 2916/2916 2925/2925 2909/2909
f 2757/2757 2740/2740 2761/2761
f 2757/2757 2752/2752 2740/2740
f 2756/2756 2753/2753 2752/2752
f 3894/3894 3887/3887 4113/4113
f 3894/3894 4113/4113 3940/3940
f 3914/3914 3918/3918 3917/3917
f 3083/3083 3053/3053 3072/3072
f 3053/3053 3060/3060 3072/3072
f 3053/3053 3030/3030 3060/3060
f 3923/3923 3913/3913 3924/3924
f 3923/3923 3924/3924 3925/3925
f 3018/3018 3015/3015 3017/3017
f 3029/3029 3028/3028 3027/3027
f 3026/3026 3025/3025 3012/3012
f 3012/3012 3013/3013 3009/3009
f 3082/3082 3092/3092 3089/3089
f 5452/5452 5453/5453 5451/5451
f 4138/4138 4137/4137 4129/4129
f 4139/4139 4129/4129 4130/4130
f 4156/4156 4130/4130 4158/4158
f 4002/4002 4004/4004 4001/4001
f 2909/2909 2925/2925 2927/2927
f 2922/2922 2927/2927 2936/2936
f 2922/2922 2936/2936 2944/2944
f 2752/2752 2739/2739 2740/2740
f 2739/2739 2752/2752 2738/2738
f 3887/3887 4110/4110 4111/4111
f 3887/3887 4111/4111 4113/4113
f 3918/3918 3940/3940 3917/3917
f 3914/3914 3917/3917 3915/3915
f 3914/3914 3915/3915 3913/3913
f 3084/3084 3083/3083 3072/3072
f 3913/3913 3920/3920 3924/3924
f 3018/3018 3019/3019 3030/3030
f 3009/3009 3014/3014 3015/3015
f 3015/3015 3016/3016 3017/3017
f 3923/3923 3925/3925 4241/4241
f 3029/3029 3011/3011 3037/3037
f 3029/3029 3037/3037 3028/3028
f 3026/3026 3027/3027 3025/3025
f 3009/3009 3013/3013 3014/3014
f 3015/3015 3014/3014 3016/3016
f 4239/4239 3923/3923 4241/4241
f 3027/3027 3028/3028 3025/3025
f 3012/3012 3025/3025 3013/3013
f 3037/3037 3036/3036 3028/3028
f 4230/4230 4239/4239 4232/4232
f 4230/4230 4232/4232 4231/4231
f 3037/3037 3073/3073 3038/3038
f 4224/4224 4230/4230 4231/4231
f 3082/3082 3089/3089 3070/3070
f 3073/3073 3082/3082 3070/3070
f 4224/4224 4136/4136 4223/4223
f 4134/4134 4136/4136 4224/4224
f 4136/4136 4135/4135 4137/4137
f 4129/4129 4137/4137 4135/4135
f 4001/4001 4004/4004 4010/4010
f 7522/7522 6932/6932 6836/6836
f 4110/4110 4165/4165 4188/4188
f 2752/2752 2753/2753 2738/2738
f 3940/3940 4113/4113 3939/3939
f 3940/3940 3939/3939 3917/3917
f 3915/3915 3917/3917 3919/3919
f 3913/3913 3915/3915 3916/3916
f 3913/3913 3916/3916 3920/3920
f 3925/3925 3924/3924 4203/4203
f 3060/3060 3030/3030 3035/3035
f 3060/3060 3035/3035 3072/3072
f 3925/3925 4203/4203 4241/4241
f 3017/3017 3016/3016 3019/3019
f 3018/3018 3017/3017 3019/3019
f 3019/3019 3020/3020 3030/3030
f 4203/4203 4133/4133 4241/4241
f 3028/3028 3033/3033 3025/3025
f 3037/3037 3038/3038 3036/3036
f 3025/3025 3033/3033 3032/3032
f 3073/3073 3070/3070 3038/3038
f 3028/3028 3036/3036 3033/3033
f 4132/4132 4134/4134 4231/4231
f 3070/3070 3089/3089 3090/3090
f 5516/5516 5466/5466 5515/5515
f 3090/3090 3092/3092 3091/3091
f 4129/4129 4135/4135 4128/4128
f 4158/4158 4130/4130 4281/4281
f 4002/4002 4006/4006 4004/4004
f 4001/4001 4010/4010 4015/4015
f 2925/2925 2928/2928 2934/2934
f 2925/2925 2934/2934 2927/2927
f 2927/2927 2934/2934 2936/2936
f 2740/2740 2739/2739 2714/2714
f 2753/2753 2748/2748 2738/2738
f 2738/2738 2748/2748 2720/2720
f 3917/3917 3939/3939 3919/3919
f 3915/3915 3919/3919 3916/3916
f 3924/3924 3920/3920 4204/4204
f 3924/3924 4204/4204 4203/4203
f 3019/3019 3016/3016 3020/3020
f 3016/3016 3014/3014 3022/3022
f 3014/3014 3013/3013 3024/3024
f 3014/3014 3024/3024 3022/3022
f 3013/3013 3025/3025 3032/3032
f 3013/3013 3032/3032 3031/3031
f 3013/3013 3031/3031 3024/3024
f 4231/4231 4232/4232 4132/4132
f 4232/4232 4133/4133 4132/4132
f 3036/3036 3038/3038 3044/3044
f 3033/3033 3036/3036 3044/3044
f 3033/3033 3045/3045 3032/3032
f 3031/3031 3041/3041 3024/3024
f 3033/3033 3044/3044 3045/3045
f 4136/4136 4134/4134 4135/4135
f 4135/4135 4126/4126 4128/4128
f 3969/3969 3956/3956 3954/3954
f 3972/3972 3973/3973 3989/3989
f 3989/3989 3973/3973 4002/4002
f 6836/6836 6932/6932 6843/6843
f 2945/2945 2939/2939 2928/2928
f 2928/2928 2939/2939 2934/2934
f 2944/2944 2936/2936 2965/2965
f 4165/4165 4408/4408 4188/4188
f 3939/3939 3944/3944 3919/3919
f 4203/4203 4204/4204 4202/4202
f 2749/2749 2754/2754 2763/2763
f 4133/4133 4203/4203 4202/4202
f 3072/3072 3035/3035 3068/3068
f 3030/3030 3020/3020 3035/3035
f 3020/3020 3016/3016 3021/3021
f 3016/3016 3022/3022 3023/3023
f 3016/3016 3023/3023 3021/3021
f 3024/3024 3041/3041 3040/3040
f 3022/3022 3024/3024 3040/3040
f 3032/3032 3042/3042 3031/3031
f 3041/3041 3031/3031 3043/3043
f 3041/3041 3059/3059 3040/3040
f 3032/3032 3045/3045 3042/3042
f 3031/3031 3042/3042 3043/3043
f 3041/3041 3043/3043 3054/3054
f 3041/3041 3054/3054 3061/3061
f 3041/3041 3061/3061 3059/3059
f 3038/3038 3070/3070 3049/3049
f 3038/3038 3049/3049 3048/3048
f 3044/3044 3038/3038 3048/3048
f 3044/3044 3048/3048 3047/3047
f 3045/3045 3044/3044 3047/3047
f 3045/3045 3047/3047 3046/3046
f 3042/3042 3045/3045 3046/3046
f 3070/3070 3090/3090 3071/3071
f 3070/3070 3071/3071 3049/3049
f 3047/3047 3048/3048 3064/3064
f 3047/3047 3064/3064 3046/3046
f 3090/3090 3091/3091 3071/3071
f 5466/5466 5166/5166 5515/5515
f 4135/4135 4134/4134 4126/4126
f 4129/4129 4128/4128 4127/4127
f 4130/4130 4127/4127 4281/4281
f 4129/4129 4127/4127 4130/4130
f 4158/4158 4289/4289 4290/4290
f 7318/7318 7320/7320 7319/7319
f 7267/7267 7268/7268 7269/7269
f 4110/4110 4188/4188 4112/4112
f 4111/4111 4110/4110 4112/4112
f 2738/2738 2720/2720 2711/2711
f 3939/3939 4113/4113 4115/4115
f 3939/3939 4115/4115 3944/3944
f 3919/3919 3944/3944 3926/3926
f 3916/3916 3919/3919 3926/3926
f 3916/3916 3926/3926 3921/3921
f 3920/3920 3921/3921 4204/4204
f 2720/2720 2741/2741 2721/2721
f 3035/3035 3034/3034 3068/3068
f 3020/3020 3021/3021 3034/3034
f 3020/3020 3034/3034 3035/3035
f 3022/3022 3040/3040 3023/3023
f 3040/3040 3059/3059 3058/3058
f 3040/3040 3058/3058 3055/3055
f 3023/3023 3040/3040 3055/3055
f 4134/4134 4132/4132 4126/4126
f 3042/3042 3046/3046 3050/3050
f 3042/3042 3050/3050 3043/3043
f 3043/3043 3050/3050 3054/3054
f 3061/3061 3054/3054 3059/3059
f 5982/5982 5983/5983 5981/5981
f 5982/5982 5981/5981 5980/5980
f 6627/6627 6626/6626 6623/6623
f 5466/5466 5116/5116 5166/5166
f 5114/5114 5115/5115 5116/5116
f 4128/4128 4126/4126 4127/4127
f 4290/4290 4289/4289 3956/3956
f 3956/3956 3955/3955 3954/3954
f 4002/4002 3973/3973 4005/4005
f 6836/6836 6843/6843 6842/6842
f 2934/2934 2939/2939 2950/2950
f 2936/2936 2950/2950 2953/2953
f 2934/2934 2950/2950 2936/2936
f 2936/2936 2953/2953 2965/2965
f 2720/2720 2712/2712 2711/2711
f 3926/3926 3944/3944 3945/3945
f 3926/3926 3945/3945 3921/3921
f 3921/3921 3945/3945 4204/4204
f 4202/4202 4204/4204 4293/4293
f 4133/4133 4202/4202 4121/4121
f 4133/4133 4121/4121 4123/4123
f 4133/4133 4123/4123 4132/4132
f 3021/3021 3023/3023 3039/3039
f 3034/3034 3021/3021 3051/3051
f 3023/3023 3055/3055 3039/3039
f 3021/3021 3039/3039 3051/3051
f 6092/6092 6089/6089 5985/5985
f 3055/3055 3058/3058 3056/3056
f 4132/4132 4123/4123 4126/4126
f 3054/3054 3085/3085 3059/3059
f 3059/3059 3085/3085 3058/3058
f 5981/5981 5927/5927 5980/5980
f 5980/5980 5927/5927 5923/5923
f 5922/5922 5980/5980 5923/5923
f 5922/5922 5923/5923 5918/5918
f 5921/5921 5922/5922 5918/5918
f 5919/5919 5921/5921 5918/5918
f 5919/5919 5918/5918 5917/5917
f 5920/5920 5919/5919 5917/5917
f 5920/5920 5917/5917 6089/6089
f 6623/6623 6626/6626 6624/6624
f 4126/4126 4124/4124 4127/4127
f 4127/4127 4131/4131 4281/4281
f 4289/4289 3955/3955 3956/3956
f 3972/3972 3966/3966 3973/3973
f 4002/4002 4005/4005 4006/4006
f 7683/7683 7679/7679 7680/7680
f 6844/6844 6842/6842 6843/6843
f 2965/2965 2953/2953 2966/2966
f 4112/4112 4188/4188 4197/4197
f 4113/4113 4111/4111 4114/4114
f 3945/3945 3944/3944 4280/4280
f 3945/3945 4280/4280 4204/4204
f 4204/4204 4280/4280 4293/4293
f 2741/2741 2723/2723 2721/2721
f 3068/3068 3034/3034 3065/3065
f 2763/2763 2729/2729 2749/2749
f 3034/3034 3051/3051 3065/3065
f 3051/3051 3039/3039 3062/3062
f 3055/3055 3056/3056 3039/3039
f 3039/3039 3056/3056 3087/3087
f 6089/6089 5915/5915 5985/5985
f 5918/5918 5923/5923 5924/5924
f 6089/6089 5917/5917 5915/5915
f 6623/6623 6624/6624 6625/6625
f 3966/3966 3954/3954 3952/3952
f 7319/7319 7322/7322 7329/7329
f 7266/7266 7272/7272 7520/7520
f 6844/6844 6845/6845 6842/6842
f 2950/2950 2939/2939 2959/2959
f 2950/2950 2959/2959 2961/2961
f 2950/2950 2961/2961 2953/2953
f 2953/2953 2961/2961 2966/2966
f 2965/2965 2966/2966 2977/2977
f 4111/4111 4112/4112 4114/4114
f 4113/4113 4114/4114 4115/4115
f 3944/3944 4115/4115 4117/4117
f 4280/4280 3944/3944 4117/4117
f 4280/4280 4120/4120 4293/4293
f 4293/4293 4120/4120 4202/4202
f 3051/3051 3062/3062 3065/3065
f 2729/2729 2762/2762 2733/2733
f 3039/3039 3087/3087 3062/3062
f 5915/5915 5916/5916 5985/5985
f 5985/5985 5916/5916 5986/5986
f 5981/5981 6145/6145 5927/5927
f 5918/5918 5924/5924 6085/6085
f 4126/4126 4123/4123 4124/4124
f 4124/4124 4131/4131 4127/4127
f 3955/3955 3951/3951 3954/3954
f 3954/3954 3951/3951 3952/3952
f 4321/4321 4015/4015 4034/4034
f 7266/7266 7520/7520 7265/7265
f 6844/6844 6847/6847 6845/6845
f 7265/7265 7520/7520 7535/7535
f 2743/2743 2715/2715 2751/2751
f 4280/4280 4117/4117 4120/4120
f 4202/4202 4120/4120 4121/4121
f 6124/6124 5986/5986 6123/6123
f 5916/5916 5915/5915 5913/5913
f 5917/5917 5918/5918 5912/5912
f 5917/5917 5912/5912 5915/5915
f 4281/4281 4131/4131 4406/4406
f 3973/3973 3966/3966 3970/3970
f 3973/3973 3974/3974 4005/4005
f 4005/4005 4011/4011 4006/4006
f 4015/4015 4010/4010 4034/4034
f 6847/6847 6844/6844 7425/7425
f 7265/7265 7535/7535 6981/6981
f 7556/7556 7557/7557 7558/7558
f 6981/6981 7535/7535 6916/6916
f 7557/7557 7559/7559 7558/7558
f 2959/2959 2969/2969 2961/2961
f 2961/2961 2971/2971 2966/2966
f 2751/2751 2715/2715 2750/2750
f 2961/2961 2969/2969 2972/2972
f 2961/2961 2972/2972 2974/2974
f 2961/2961 2974/2974 2971/2971
f 2977/2977 2966/2966 2976/2976
f 2966/2966 2971/2971 2976/2976
f 4197/4197 4297/4297 4112/4112
f 4115/4115 4114/4114 4117/4117
f 4123/4123 4121/4121 4122/4122
f 6124/6124 6123/6123 6125/6125
f 4123/4123 4122/4122 4124/4124
f 5916/5916 5913/5913 5987/5987
f 5986/5986 5916/5916 5987/5987
f 5986/5986 5987/5987 6123/6123
f 6145/6145 5979/5979 5926/5926
f 5927/5927 6145/6145 5926/5926
f 5923/5923 5927/5927 5926/5926
f 6085/6085 5912/5912 5918/5918
f 6132/6132 5977/5977 6145/6145
f 6145/6145 5977/5977 5979/5979
f 3973/3973 3970/3970 3974/3974
f 4005/4005 3974/3974 4011/4011
f 4006/4006 4011/4011 4004/4004
f 6889/6889 7514/7514 6886/6886
f 6912/6912 6911/6911 7419/7419
f 6981/6981 6916/6916 6915/6915
f 6915/6915 6916/6916 6914/6914
f 6914/6914 6916/6916 7419/7419
f 6911/6911 6914/6914 7419/7419
f 2969/2969 2975/2975 2972/2972
f 2971/2971 2974/2974 2978/2978
f 2976/2976 2971/2971 2981/2981
f 4112/4112 4297/4297 4198/4198
f 4297/4297 4413/4413 4198/4198
f 2746/2746 2716/2716 2719/2719
f 2719/2719 2722/2722 2737/2737
f 4117/4117 4114/4114 4118/4118
f 4117/4117 4118/4118 4119/4119
f 4120/4120 4117/4117 4119/4119
f 4121/4121 4120/4120 4119/4119
f 4121/4121 4119/4119 4122/4122
f 4122/4122 4125/4125 4124/4124
f 5913/5913 5912/5912 5911/5911
f 6616/6616 6613/6613 6617/6617
f 5912/5912 6085/6085 5910/5910
f 6132/6132 6133/6133 5941/5941
f 4131/4131 4404/4404 4406/4406
f 4406/4406 4023/4023 4289/4289
f 4289/4289 4023/4023 3955/3955
f 3966/3966 3952/3952 3967/3967
f 6913/6913 6914/6914 6911/6911
f 6914/6914 6913/6913 6915/6915
f 2972/2972 2980/2980 2974/2974
f 2974/2974 2980/2980 2978/2978
f 2971/2971 2978/2978 2981/2981
f 4112/4112 4198/4198 4114/4114
f 4114/4114 4198/4198 4118/4118
f 2737/2737 2724/2724 2736/2736
f 4122/4122 4119/4119 4125/4125
f 6123/6123 5989/5989 6082/6082
f 6123/6123 6082/6082 6125/6125
f 4124/4124 4125/4125 4131/4131
f 5913/5913 5911/5911 5914/5914
f 6123/6123 5987/5987 5989/5989
f 5923/5923 5926/5926 5925/5925
f 5923/5923 5925/5925 5924/5924
f 6085/6085 5908/5908 5907/5907
f 6085/6085 5907/5907 5910/5910
f 4406/4406 4404/4404 4023/4023
f 3955/3955 4023/4023 3960/3960
f 3955/3955 3957/3957 3951/3951
f 3951/3951 3950/3950 3952/3952
f 3952/3952 3950/3950 3953/3953
f 3952/3952 3953/3953 3967/3967
f 3970/3970 3966/3966 3967/3967
f 4004/4004 4011/4011 4014/4014
f 4010/4010 4004/4004 4014/4014
f 6886/6886 7514/7514 6931/6931
f 2750/2750 2746/2746 2772/2772
f 2972/2972 2975/2975 2979/2979
f 2981/2981 2978/2978 2982/2982
f 2796/2796 2790/2790 2789/2789
f 2796/2796 2789/2789 2797/2797
f 4413/4413 4342/4342 4198/4198
f 4118/4118 4198/4198 4342/4342
f 4342/4342 4285/4285 4118/4118
f 4119/4119 4118/4118 4285/4285
f 4119/4119 4323/4323 4125/4125
f 4323/4323 4346/4346 4125/4125
f 6126/6126 6082/6082 6127/6127
f 4131/4131 4125/4125 4346/4346
f 5912/5912 5910/5910 5911/5911
f 5913/5913 5914/5914 5987/5987
f 5987/5987 5988/5988 5989/5989
f 4346/4346 4077/4077 4404/4404
f 4131/4131 4346/4346 4404/4404
f 4404/4404 4077/4077 4023/4023
f 3955/3955 3960/3960 3957/3957
f 3951/3951 3957/3957 3948/3948
f 3951/3951 3948/3948 3950/3950
f 3974/3974 3970/3970 3996/3996
f 6911/6911 6880/6880 6910/6910
f 2972/2972 2979/2979 2980/2980
f 2979/2979 2984/2984 2980/2980
f 2978/2978 2980/2980 2983/2983
f 2978/2978 2983/2983 2982/2982
f 2772/2772 2746/2746 2744/2744
f 2790/2790 2787/2787 2789/2789
f 2787/2787 2788/2788 2789/2789
f 2789/2789 2788/2788 2793/2793
f 2789/2789 2793/2793 2797/2797
f 2797/2797 2793/2793 2798/2798
f 2797/2797 2798/2798 2802/2802
f 2802/2802 2798/2798 2801/2801
f 4119/4119 4285/4285 4323/4323
f 2735/2735 2755/2755 2745/2745
f 2735/2735 2747/2747 2755/2755
f 2798/2798 2799/2799 2801/2801
f 2801/2801 2799/2799 2803/2803
f 2766/2766 2767/2767 2765/2765
f 2747/2747 2766/2766 2765/2765
f 5989/5989 5990/5990 6082/6082
f 5910/5910 5907/5907 5909/5909
f 5910/5910 5909/5909 5911/5911
f 5914/5914 5911/5911 5984/5984
f 2799/2799 2804/2804 2803/2803
f 3974/3974 3996/3996 4012/4012
f 3974/3974 4013/4013 4011/4011
f 2744/2744 2773/2773 2781/2781
f 2744/2744 2781/2781 2782/2782
f 2782/2782 2781/2781 2787/2787
f 2744/2744 2745/2745 2764/2764
f 2744/2744 2764/2764 2773/2773
f 2787/2787 2781/2781 2785/2785
f 2787/2787 2785/2785 2788/2788
f 2793/2793 2788/2788 2795/2795
f 2764/2764 2745/2745 2755/2755
f 2793/2793 2795/2795 2794/2794
f 2798/2798 2793/2793 2794/2794
f 2798/2798 2794/2794 2799/2799
f 2759/2759 2765/2765 2770/2770
f 6093/6093 5901/5901 5894/5894
f 6093/6093 5894/5894 5896/5896
f 5911/5911 6093/6093 5984/5984
f 6082/6082 5990/5990 5991/5991
f 6082/6082 5991/5991 5998/5998
f 2794/2794 2800/2800 2799/2799
f 5907/5907 5905/5905 5909/5909
f 5909/5909 5905/5905 6087/6087
f 6621/6621 6622/6622 6619/6619
f 5987/5987 5914/5914 5988/5988
f 5990/5990 5989/5989 5988/5988
f 2804/2804 2799/2799 2800/2800
f 4023/4023 4077/4077 3960/3960
f 3970/3970 4402/4402 3996/3996
f 2781/2781 2773/2773 2780/2780
f 2781/2781 2780/2780 2784/2784
f 2781/2781 2784/2784 2785/2785
f 2764/2764 2768/2768 2773/2773
f 2764/2764 2755/2755 2768/2768
f 2795/2795 2786/2786 2792/2792
f 2768/2768 2755/2755 2769/2769
f 2755/2755 2759/2759 2769/2769
f 2795/2795 2792/2792 2794/2794
f 2769/2769 2770/2770 2771/2771
f 2759/2759 2770/2770 2769/2769
f 5894/5894 5895/5895 5893/5893
f 5894/5894 5892/5892 5896/5896
f 6087/6087 5899/5899 5895/5895
f 6593/6593 6592/6592 6588/6588
f 5998/5998 5991/5991 5997/5997
f 6012/6012 6073/6073 6009/6009
f 2792/2792 2791/2791 2794/2794
f 6011/6011 6012/6012 6009/6009
f 5925/5925 5928/5928 5924/5924
f 6613/6613 6616/6616 6614/6614
f 3960/3960 4077/4077 4076/4076
f 3960/3960 3961/3961 3957/3957
f 3953/3953 3950/3950 4383/4383
f 4397/4397 4383/4383 4379/4379
f 4397/4397 4379/4379 4398/4398
f 4398/4398 4379/4379 4377/4377
f 4398/4398 4387/4387 4401/4401
f 3974/3974 4012/4012 4013/4013
f 4011/4011 4013/4013 4017/4017
f 4011/4011 4017/4017 4014/4014
f 7299/7299 7323/7323 7395/7395
f 4756/4756 4713/4713 4737/4737
f 6927/6927 6887/6887 6926/6926
f 2773/2773 2777/2777 2780/2780
f 2773/2773 2768/2768 2777/2777
f 2785/2785 2784/2784 2786/2786
f 2784/2784 2780/2780 2783/2783
f 2784/2784 2783/2783 2786/2786
f 2785/2785 2786/2786 2788/2788
f 2788/2788 2786/2786 2795/2795
f 2777/2777 2768/2768 2774/2774
f 2786/2786 2783/2783 2779/2779
f 2786/2786 2779/2779 2792/2792
f 2768/2768 2769/2769 2774/2774
f 5896/5896 5892/5892 5891/5891
f 6592/6592 6594/6594 6587/6587
f 2774/2774 2771/2771 2775/2775
f 2792/2792 2779/2779 2791/2791
f 6592/6592 6587/6587 6588/6588
f 5997/5997 5991/5991 5996/5996
f 5988/5988 5914/5914 5992/5992
f 5988/5988 5991/5991 5990/5990
f 6009/6009 6073/6073 6007/6007
f 5908/5908 6086/6086 5906/5906
f 5908/5908 5906/5906 5907/5907
f 6011/6011 6010/6010 6013/6013
f 6018/6018 6011/6011 6013/6013
f 3960/3960 4076/4076 3961/3961
f 4401/4401 4387/4387 4396/4396
f 4014/4014 4017/4017 4022/4022
f 4014/4014 4030/4030 4010/4010
f 2780/2780 2777/2777 2783/2783
f 5892/5892 5893/5893 5889/5889
f 2777/2777 2774/2774 2775/2775
f 2777/2777 2775/2775 2783/2783
f 2783/2783 2775/2775 2779/2779
f 5905/5905 5904/5904 5899/5899
f 2771/2771 2776/2776 2775/2775
f 2775/2775 2776/2776 2778/2778
f 2775/2775 2778/2778 2779/2779
f 2779/2779 2778/2778 2791/2791
f 5906/5906 6084/6084 5904/5904
f 5906/5906 5904/5904 5905/5905
f 6589/6589 6588/6588 6586/6586
f 5991/5991 5988/5988 5993/5993
f 6613/6613 6614/6614 6615/6615
f 6011/6011 6009/6009 6010/6010
f 5617/5617 5618/5618 5619/5619
f 3948/3948 3957/3957 3958/3958
f 3948/3948 3949/3949 3950/3950
f 4377/4377 4379/4379 4370/4370
f 4377/4377 4371/4371 4378/4378
f 4377/4377 4378/4378 4387/4387
f 4387/4387 4378/4378 4396/4396
f 5893/5893 5898/5898 5900/5900
f 6587/6587 6595/6595 6585/6585
f 6587/6587 6585/6585 6586/6586
f 5906/5906 6135/6135 6113/6113
f 6084/6084 5906/5906 6113/6113
f 6589/6589 6586/6586 6590/6590
f 5988/5988 5992/5992 6074/6074
f 5991/5991 5993/5993 5994/5994
f 6003/6003 6004/6004 6073/6073
f 6007/6007 6073/6073 6004/6004
f 6086/6086 6135/6135 5906/5906
f 6009/6009 6007/6007 6008/6008
f 6009/6009 6008/6008 6010/6010
f 3950/3950 3949/3949 4385/4385
f 4385/4385 4384/4384 4383/4383
f 4377/4377 4370/4370 4371/4371
f 4017/4017 4013/4013 4018/4018
f 4010/4010 4030/4030 4034/4034
f 6586/6586 6583/6583 6591/6591
f 6585/6585 6583/6583 6586/6586
f 6586/6586 6591/6591 6590/6590
f 5988/5988 6074/6074 5993/5993
f 6007/6007 6004/6004 6006/6006
f 6007/6007 6006/6006 6008/6008
f 3957/3957 3961/3961 3964/3964
f 3957/3957 3964/3964 3958/3958
f 4385/4385 4389/4389 4384/4384
f 4379/4379 4369/4369 4370/4370
f 4383/4383 4369/4369 4379/4379
f 4396/4396 4378/4378 4395/4395
f 7692/7692 7693/7693 7691/7691
f 7691/7691 7693/7693 7694/7694
f 6642/6642 6641/6641 6638/6638
f 6110/6110 5887/5887 5886/5886
f 5886/5886 5887/5887 5885/5885
f 5886/5886 5885/5885 5884/5884
f 6633/6633 6634/6634 6635/6635
f 5925/5925 5929/5929 5928/5928
f 6086/6086 5950/5950 6135/6135
f 5979/5979 5977/5977 5935/5935
f 5404/5404 5090/5090 5087/5087
f 3948/3948 3958/3958 3959/3959
f 3948/3948 3959/3959 3949/3949
f 4017/4017 4018/4018 4022/4022
f 6641/6641 6647/6647 6639/6639
f 6641/6641 6639/6639 6638/6638
f 5884/5884 5885/5885 5883/5883
f 6635/6635 6634/6634 6636/6636
f 6077/6077 6080/6080 6078/6078
f 6135/6135 5950/5950 5951/5951
f 5992/5992 6075/6075 6074/6074
f 6003/6003 5994/5994 5999/5999
f 6003/6003 5999/5999 6004/6004
f 6004/6004 6005/6005 6006/6006
f 6010/6010 6014/6014 6013/6013
f 4369/4369 4368/4368 4370/4370
f 4370/4370 4368/4368 4371/4371
f 4378/4378 4371/4371 4375/4375
f 4378/4378 4386/4386 4395/4395
f 4013/4013 4019/4019 4018/4018
f 4014/4014 4022/4022 4030/4030
f 7375/7375 7037/7037 6989/6989
f 6989/6989 7037/7037 6920/6920
f 5885/5885 5887/5887 6088/6088
f 5884/5884 5883/5883 5881/5881
f 5884/5884 5881/5881 6090/6090
f 6579/6579 6582/6582 6597/6597
f 6636/6636 6634/6634 6637/6637
f 6077/6077 6078/6078 6075/6075
f 5992/5992 6077/6077 6075/6075
f 6004/6004 5999/5999 6005/6005
f 5926/5926 5930/5930 5925/5925
f 5928/5928 5929/5929 6086/6086
f 3961/3961 4076/4076 3964/3964
f 3949/3949 3959/3959 4389/4389
f 4384/4384 4389/4389 4373/4373
f 4384/4384 4373/4373 4369/4369
f 4378/4378 4375/4375 4386/4386
f 6989/6989 6920/6920 6984/6984
f 6984/6984 6920/6920 6983/6983
f 6983/6983 6920/6920 6923/6923
f 5964/5964 5966/5966 5974/5974
f 6638/6638 6639/6639 6640/6640
f 6638/6638 6640/6640 6646/6646
f 5965/5965 5962/5962 5964/5964
f 5965/5965 6094/6094 5962/5962
f 6090/6090 5881/5881 5882/5882
f 6528/6528 5953/5953 6116/6116
f 5994/5994 5993/5993 5995/5995
f 5994/5994 5995/5995 5999/5999
f 5925/5925 5930/5930 5929/5929
f 5950/5950 6086/6086 5943/5943
f 6008/6008 6006/6006 6072/6072
f 6010/6010 6008/6008 6072/6072
f 6010/6010 6072/6072 6014/6014
f 4389/4389 3959/3959 4392/4392
f 4371/4371 4368/4368 4364/4364
f 4371/4371 4364/4364 4375/4375
f 4395/4395 4386/4386 4393/4393
f 5964/5964 5962/5962 5963/5963
f 5883/5883 6088/6088 6136/6136
f 5883/5883 6136/6136 5879/5879
f 5883/5883 5879/5879 5881/5881
f 5881/5881 5879/5879 5880/5880
f 5881/5881 5880/5880 5882/5882
f 6116/6116 5953/5953 6094/6094
f 5951/5951 5949/5949 6528/6528
f 6075/6075 6078/6078 6079/6079
f 5950/5950 5943/5943 5947/5947
f 5950/5950 5947/5947 5951/5951
f 6074/6074 6075/6075 6076/6076
f 5979/5979 5935/5935 5930/5930
f 5926/5926 5979/5979 5930/5930
f 6086/6086 5929/5929 5943/5943
f 4389/4389 4392/4392 4373/4373
f 4022/4022 4018/4018 4021/4021
f 4022/4022 4021/4021 4030/4030
f 5974/5974 5966/5966 5975/5975
f 5974/5974 5975/5975 6088/6088
f 6088/6088 5975/5975 6138/6138
f 6088/6088 6138/6138 6136/6136
f 6094/6094 5959/5959 5962/5962
f 6528/6528 5949/5949 5953/5953
f 6075/6075 6079/6079 6081/6081
f 6561/6561 6556/6556 6559/6559
f 6559/6559 6556/6556 6558/6558
f 3959/3959 3958/3958 3962/3962
f 4373/4373 4392/4392 4374/4374
f 4369/4369 4373/4373 4367/4367
f 4369/4369 4367/4367 4368/4368
f 4364/4364 4368/4368 4365/4365
f 4386/4386 4375/4375 4380/4380
f 4386/4386 4380/4380 4388/4388
f 4386/4386 4388/4388 4393/4393
f 2480/2480 2496/2496 2476/2476
f 2477/2477 2473/2473 2474/2474
f 5011/5011 5015/5015 5012/5012
f 5014/5014 5027/5027 5015/5015
f 6138/6138 6137/6137 6136/6136
f 5962/5962 5959/5959 5961/5961
f 5962/5962 5961/5961 5963/5963
f 6094/6094 5953/5953 5959/5959
f 6597/6597 6576/6576 6574/6574
f 6081/6081 6079/6079 6083/6083
f 5943/5943 5944/5944 5947/5947
f 6075/6075 6081/6081 6076/6076
f 6561/6561 6566/6566 6556/6556
f 5977/5977 5939/5939 5935/5935
f 5290/5290 5170/5170 5172/5172
f 3959/3959 3962/3962 4392/4392
f 4373/4373 4374/4374 4367/4367
f 4019/4019 4020/4020 4018/4018
f 7035/7035 7034/7034 6988/6988
f 7035/7035 6988/6988 7038/7038
f 7038/7038 6988/6988 7185/7185
f 7185/7185 6988/6988 6987/6987
f 7178/7178 7185/7185 6987/6987
f 7178/7178 6987/6987 6990/6990
f 772/772 770/770 542/542
f 772/772 542/542 754/754
f 754/754 542/542 722/722
f 722/722 542/542 656/656
f 294/294 292/292 287/287
f 5012/5012 5016/5016 5025/5025
f 5012/5012 5025/5025 5028/5028
f 5009/5009 5012/5012 5028/5028
f 5009/5009 5028/5028 5032/5032
f 5009/5009 5032/5032 5006/5006
f 5027/5027 5029/5029 5021/5021
f 5015/5015 5027/5027 5021/5021
f 5015/5015 5021/5021 5019/5019
f 6136/6136 6137/6137 6120/6120
f 5949/5949 5948/5948 5952/5952
f 5943/5943 5933/5933 5944/5944
f 5999/5999 5995/5995 6000/6000
f 5929/5929 5931/5931 5933/5933
f 5929/5929 5933/5933 5943/5943
f 5941/5941 5940/5940 5939/5939
f 4392/4392 4391/4391 4374/4374
f 4367/4367 4365/4365 4368/4368
f 4393/4393 4388/4388 4400/4400
f 4030/4030 4021/4021 4039/4039
f 4030/4030 4039/4039 4049/4049
f 770/770 694/694 542/542
f 542/542 653/653 649/649
f 656/656 542/542 649/649
f 656/656 649/649 648/648
f 656/656 648/648 746/746
f 313/313 341/341 335/335
f 288/288 283/283 289/289
f 289/289 283/283 290/290
f 5016/5016 5020/5020 5026/5026
f 2705/2705 2701/2701 2704/2704
f 2706/2706 2705/2705 2704/2704
f 5006/5006 5032/5032 5031/5031
f 5006/5006 5031/5031 5030/5030
f 5006/5006 5030/5030 5007/5007
f 6136/6136 6120/6120 5863/5863
f 5959/5959 5960/5960 5961/5961
f 6136/6136 5861/5861 5879/5879
f 5953/5953 5954/5954 5959/5959
f 6574/6574 6576/6576 6575/6575
f 5953/5953 5952/5952 5954/5954
f 6081/6081 6091/6091 6076/6076
f 6558/6558 6556/6556 6557/6557
f 6005/6005 5999/5999 6001/6001
f 5929/5929 5930/5930 5931/5931
f 6571/6571 6570/6570 6572/6572
f 4392/4392 3962/3962 4391/4391
f 4365/4365 4363/4363 4364/4364
f 4018/4018 4020/4020 4021/4021
f 770/770 777/777 694/694
f 746/746 648/648 736/736
f 336/336 338/338 339/339
f 336/336 339/339 285/285
f 2701/2701 2703/2703 2704/2704
f 5007/5007 5030/5030 5039/5039
f 5029/5029 5033/5033 5023/5023
f 5029/5029 5023/5023 5021/5021
f 5880/5880 5879/5879 5878/5878
f 6574/6574 6575/6575 6565/6565
f 6574/6574 6565/6565 6549/6549
f 6566/6566 6552/6552 6544/6544
f 6556/6556 6566/6566 6544/6544
f 5995/5995 6002/6002 6000/6000
f 6072/6072 6022/6022 6021/6021
f 3964/3964 4076/4076 4075/4075
f 3958/3958 3963/3963 3962/3962
f 4374/4374 4391/4391 4376/4376
f 4375/4375 4364/4364 4361/4361
f 653/653 542/542 543/543
f 762/762 701/701 694/694
f 649/649 650/650 645/645
f 649/649 645/645 648/648
f 736/736 648/648 647/647
f 360/360 367/367 352/352
f 268/268 262/262 261/261
f 305/305 349/349 404/404
f 5020/5020 5022/5022 5026/5026
f 2701/2701 2702/2702 2703/2703
f 404/404 349/349 350/350
f 5007/5007 5039/5039 5038/5038
f 5007/5007 5038/5038 5034/5034
f 5017/5017 5007/5007 5034/5034
f 5959/5959 5956/5956 5960/5960
f 5879/5879 5861/5861 5878/5878
f 5954/5954 5956/5956 5959/5959
f 6552/6552 6547/6547 6544/6544
f 5933/5933 5945/5945 5944/5944
f 5931/5931 5978/5978 5933/5933
f 6072/6072 6021/6021 6016/6016
f 3962/3962 3963/3963 3965/3965
f 3962/3962 3965/3965 4399/4399
f 4391/4391 3962/3962 4399/4399
f 4374/4374 4376/4376 4366/4366
f 4374/4374 4366/4366 4367/4367
f 4367/4367 4366/4366 4365/4365
f 4365/4365 4366/4366 4363/4363
f 4364/4364 4363/4363 4361/4361
f 4375/4375 4361/4361 4360/4360
f 4380/4380 4360/4360 4388/4388
f 4400/4400 4388/4388 4403/4403
f 4400/4400 4403/4403 4025/4025
f 694/694 701/701 540/540
f 694/694 540/540 542/542
f 542/542 540/540 541/541
f 543/543 542/542 541/541
f 653/653 543/543 655/655
f 653/653 655/655 650/650
f 649/649 653/653 650/650
f 648/648 645/645 647/647
f 736/736 647/647 654/654
f 736/736 654/654 757/757
f 260/260 328/328 329/329
f 295/295 328/328 260/260
f 261/261 250/250 249/249
f 2701/2701 2681/2681 2700/2700
f 2701/2701 2700/2700 2702/2702
f 5017/5017 5034/5034 5035/5035
f 5861/5861 5852/5852 5878/5878
f 6549/6549 6565/6565 6554/6554
f 6549/6549 6554/6554 6546/6546
f 6544/6544 6546/6546 6545/6545
f 5933/5933 5978/5978 5945/5945
f 5999/5999 6000/6000 6001/6001
f 5939/5939 5937/5937 5935/5935
f 6014/6014 6015/6015 6013/6013
f 5939/5939 5940/5940 5937/5937
f 3958/3958 3964/3964 3963/3963
f 4391/4391 4399/4399 4376/4376
f 543/543 541/541 655/655
f 647/647 645/645 643/643
f 2507/2507 2511/2511 2510/2510
f 255/255 329/329 331/331
f 263/263 249/249 256/256
f 2681/2681 2699/2699 2700/2700
f 5034/5034 5036/5036 5035/5035
f 5960/5960 5956/5956 5967/5967
f 5852/5852 5859/5859 5878/5878
f 5878/5878 5859/5859 6129/6129
f 6546/6546 6554/6554 6545/6545
f 6556/6556 6544/6544 6555/6555
f 6557/6557 6556/6556 6555/6555
f 6573/6573 6560/6560 6568/6568
f 6573/6573 6568/6568 6571/6571
f 5930/5930 5935/5935 5934/5934
f 4376/4376 4382/4382 4366/4366
f 4363/4363 4362/4362 4361/4361
f 4388/4388 4360/4360 4359/4359
f 701/701 537/537 540/540
f 540/540 537/537 539/539
f 541/541 540/540 539/539
f 762/762 760/760 701/701
f 541/541 673/673 689/689
f 655/655 541/541 689/689
f 655/655 689/689 696/696
f 650/650 695/695 651/651
f 650/650 651/651 645/645
f 647/647 643/643 654/654
f 655/655 696/696 650/650
f 650/650 696/696 695/695
f 358/358 372/372 371/371
f 255/255 331/331 379/379
f 4653/4653 4652/4652 4654/4654
f 2681/2681 2677/2677 2679/2679
f 2681/2681 2679/2679 2682/2682
f 2681/2681 2682/2682 2699/2699
f 397/397 409/409 359/359
f 5035/5035 5037/5037 5040/5040
f 5035/5035 5036/5036 5037/5037
f 5852/5852 5853/5853 5854/5854
f 5859/5859 5852/5852 5854/5854
f 5954/5954 5955/5955 5956/5956
f 5948/5948 5976/5976 5952/5952
f 6554/6554 6563/6563 6545/6545
f 6545/6545 6563/6563 6543/6543
f 6555/6555 6544/6544 6542/6542
f 6571/6571 6568/6568 6570/6570
f 5930/5930 5934/5934 5932/5932
f 5931/5931 5930/5930 5932/5932
f 5931/5931 5932/5932 5978/5978
f 4076/4076 4193/4193 4075/4075
f 3964/3964 4035/4035 3963/3963
f 3963/3963 4027/4027 3965/3965
f 3965/3965 4027/4027 4028/4028
f 4399/4399 3965/3965 4028/4028
f 4028/4028 4070/4070 4399/4399
f 4376/4376 4399/4399 4382/4382
f 4363/4363 4366/4366 4372/4372
f 4363/4363 4372/4372 4362/4362
f 4025/4025 4032/4032 4021/4021
f 1787/1787 1788/1788 1789/1789
f 1790/1790 1787/1787 1789/1789
f 541/541 539/539 673/673
f 645/645 651/651 652/652
f 645/645 652/652 646/646
f 645/645 646/646 644/644
f 643/643 645/645 644/644
f 757/757 654/654 642/642
f 757/757 642/642 743/743
f 689/689 673/673 690/690
f 696/696 689/689 690/690
f 696/696 690/690 697/697
f 696/696 697/697 695/695
f 252/252 257/257 251/251
f 256/256 258/258 269/269
f 2682/2682 2679/2679 2689/2689
f 6129/6129 5859/5859 5877/5877
f 6565/6565 6596/6596 6554/6554
f 5952/5952 5976/5976 5957/5957
f 6544/6544 6543/6543 6542/6542
f 6000/6000 6002/6002 6001/6001
f 3964/3964 4075/4075 4035/4035
f 4366/4366 4382/4382 4381/4381
f 4372/4372 4366/4366 4381/4381
f 4361/4361 4362/4362 4358/4358
f 4361/4361 4358/4358 4360/4360
f 4039/4039 4021/4021 4046/4046
f 1823/1823 1824/1824 1799/1799
f 1788/1788 1823/1823 1799/1799
f 1788/1788 1799/1799 1798/1798
f 1788/1788 1798/1798 1789/1789
f 1178/1178 1176/1176 1173/1173
f 537/537 538/538 539/539
f 760/760 714/714 701/701
f 1205/1205 1171/1171 1177/1177
f 652/652 651/651 715/715
f 654/654 643/643 642/642
f 690/690 673/673 739/739
f 2461/2461 2471/2471 2455/2455
f 2454/2454 2461/2461 2455/2455
f 326/326 380/380 392/392
f 372/372 374/374 373/373
f 326/326 392/392 351/351
f 326/326 351/351 254/254
f 4650/4650 4648/4648 4651/4651
f 2677/2677 2680/2680 2678/2678
f 2677/2677 2678/2678 2679/2679
f 2679/2679 2678/2678 2690/2690
f 5040/5040 5001/5001 5041/5041
f 2679/2679 2690/2690 2689/2689
f 5040/5040 5004/5004 5001/5001
f 5037/5037 5004/5004 5040/5040
f 5859/5859 5854/5854 5856/5856
f 5967/5967 5956/5956 5973/5973
f 5955/5955 5958/5958 5956/5956
f 5955/5955 5957/5957 5958/5958
f 6554/6554 6596/6596 6563/6563
f 6631/6631 6628/6628 6630/6630
f 6557/6557 6555/6555 6560/6560
f 6072/6072 6016/6016 6014/6014
f 4027/4027 4038/4038 4028/4028
f 4399/4399 4070/4070 4382/4382
f 4070/4070 4381/4381 4382/4382
f 4358/4358 4359/4359 4360/4360
f 4032/4032 4041/4041 4040/4040
f 4359/4359 4041/4041 4032/4032
f 4032/4032 4040/4040 4033/4033
f 4032/4032 4033/4033 4021/4021
f 4021/4021 4033/4033 4046/4046
f 1823/1823 1822/1822 1824/1824
f 1799/1799 1824/1824 1841/1841
f 1798/1798 1799/1799 1849/1849
f 1798/1798 1797/1797 1789/1789
f 1789/1789 1797/1797 1796/1796
f 1841/1841 1848/1848 1799/1799
f 1799/1799 1848/1848 1849/1849
f 1798/1798 1849/1849 1850/1850
f 1797/1797 1798/1798 1850/1850
f 701/701 714/714 532/532
f 701/701 532/532 537/537
f 760/760 779/779 714/714
f 539/539 675/675 674/674
f 673/673 539/539 674/674
f 673/673 674/674 731/731
f 652/652 715/715 646/646
f 646/646 717/717 667/667
f 644/644 646/646 667/667
f 351/351 393/393 274/274
f 254/254 351/351 274/274
f 366/366 376/376 383/383
f 254/254 274/274 257/257
f 2689/2689 2690/2690 2691/2691
f 5859/5859 5856/5856 5877/5877
f 5956/5956 5958/5958 6111/6111
f 5976/5976 6121/6121 5957/5957
f 6543/6543 6563/6563 6541/6541
f 6543/6543 6541/6541 6542/6542
f 5945/5945 6144/6144 6095/6095
f 4028/4028 4069/4069 4070/4070
f 4070/4070 4071/4071 4381/4381
f 4372/4372 4381/4381 4394/4394
f 4372/4372 4394/4394 4390/4390
f 4372/4372 4390/4390 4362/4362
f 4362/4362 4390/4390 4358/4358
f 4358/4358 4061/4061 4041/4041
f 4359/4359 4358/4358 4041/4041
f 1821/1821 1822/1822 1823/1823
f 1824/1824 1822/1822 1840/1840
f 1824/1824 1840/1840 1841/1841
f 1797/1797 1800/1800 1796/1796
f 1796/1796 1800/1800 1801/1801
f 1796/1796 1801/1801 1792/1792
f 1795/1795 1796/1796 1792/1792
f 1840/1840 1847/1847 1841/1841
f 1841/1841 1847/1847 1848/1848
f 1797/1797 1850/1850 1800/1800
f 1800/1800 1850/1850 1902/1902
f 1847/1847 1851/1851 1848/1848
f 1848/1848 1851/1851 1849/1849
f 1849/1849 1851/1851 1897/1897
f 1849/1849 1897/1897 1850/1850
f 539/539 538/538 676/676
f 539/539 676/676 675/675
f 2448/2448 2433/2433 2432/2432
f 274/274 393/393 410/410
f 5059/5059 5041/5041 5042/5042
f 2680/2680 2683/2683 2678/2678
f 2709/2709 2683/2683 2680/2680
f 2690/2690 2678/2678 2692/2692
f 5855/5855 5857/5857 5856/5856
f 6628/6628 6629/6629 6630/6630
f 6555/6555 6542/6542 6562/6562
f 6555/6555 6562/6562 6560/6560
f 3963/3963 4035/4035 4029/4029
f 4027/4027 3963/3963 4029/4029
f 4038/4038 4069/4069 4028/4028
f 4381/4381 4071/4071 4394/4394
f 4071/4071 4208/4208 4394/4394
f 4208/4208 4390/4390 4394/4394
f 4390/4390 4208/4208 4061/4061
f 4358/4358 4390/4390 4061/4061
f 4039/4039 4046/4046 4047/4047
f 1821/1821 1820/1820 1822/1822
f 1818/1818 1820/1820 1821/1821
f 1822/1822 1839/1839 1840/1840
f 1839/1839 1846/1846 1840/1840
f 1801/1801 1800/1800 1902/1902
f 1791/1791 1795/1795 1792/1792
f 1840/1840 1846/1846 1847/1847
f 1850/1850 1897/1897 1902/1902
f 1897/1897 1851/1851 1894/1894
f 537/537 532/532 534/534
f 537/537 534/534 538/538
f 538/538 691/691 692/692
f 676/676 538/538 692/692
f 667/667 751/751 666/666
f 644/644 667/667 666/666
f 644/644 666/666 641/641
f 643/643 644/644 641/641
f 643/643 641/641 642/642
f 743/743 642/642 638/638
f 738/738 743/743 638/638
f 280/280 410/410 412/412
f 2678/2678 2683/2683 2684/2684
f 2692/2692 2678/2678 2684/2684
f 5001/5001 5002/5002 5003/5003
f 5041/5041 5001/5001 5003/5003
f 5973/5973 6111/6111 6122/6122
f 5877/5877 5856/5856 5864/5864
f 5958/5958 6130/6130 6111/6111
f 5957/5957 6130/6130 5958/5958
f 5875/5875 5877/5877 5869/5869
f 6112/6112 5877/5877 5875/5875
f 6563/6563 6539/6539 6541/6541
f 5932/5932 5934/5934 5946/5946
f 5934/5934 5935/5935 5936/5936
f 5170/5170 5171/5171 5172/5172
f 4027/4027 4029/4029 4038/4038
f 4069/4069 4038/4038 4091/4091
f 4070/4070 4069/4069 4071/4071
f 4041/4041 4061/4061 4060/4060
f 4041/4041 4060/4060 4040/4040
f 4046/4046 4033/4033 4200/4200
f 1818/1818 1819/1819 1820/1820
f 1822/1822 1838/1838 1839/1839
f 1792/1792 1801/1801 1802/1802
f 1791/1791 1792/1792 1793/1793
f 1839/1839 1838/1838 1843/1843
f 1839/1839 1843/1843 1846/1846
f 1801/1801 1902/1902 1922/1922
f 1802/1802 1801/1801 1922/1922
f 1851/1851 1847/1847 1889/1889
f 1851/1851 1889/1889 1894/1894
f 1897/1897 1894/1894 1898/1898
f 1897/1897 1898/1898 1902/1902
f 538/538 534/534 691/691
f 1203/1203 1185/1185 1190/1190
f 642/642 641/641 638/638
f 280/280 412/412 413/413
f 269/269 276/276 297/297
f 5042/5042 5003/5003 5043/5043
f 2684/2684 2683/2683 2685/2685
f 6542/6542 6541/6541 6538/6538
f 5934/5934 5936/5936 5946/5946
f 6560/6560 6562/6562 6567/6567
f 5935/5935 5937/5937 5936/5936
f 6014/6014 6016/6016 6015/6015
f 4029/4029 4035/4035 4058/4058
f 4071/4071 4167/4167 4208/4208
f 4208/4208 4184/4184 4061/4061
f 4040/4040 4062/4062 4033/4033
f 4046/4046 4200/4200 4067/4067
f 4046/4046 4067/4067 4047/4047
f 1792/1792 1802/1802 1803/1803
f 1803/1803 1802/1802 1922/1922
f 1792/1792 1803/1803 1793/1793
f 1922/1922 1902/1902 1905/1905
f 1847/1847 1846/1846 1889/1889
f 1902/1902 1898/1898 1903/1903
f 714/714 535/535 532/532
f 532/532 533/533 534/534
f 691/691 534/534 688/688
f 691/691 688/688 718/718
f 2453/2453 2457/2457 2451/2451
f 8129/8129 8127/8127 8125/8125
f 2709/2709 2688/2688 2683/2683
f 2683/2683 2686/2686 2685/2685
f 5857/5857 5873/5873 5865/5865
f 5857/5857 5865/5865 5864/5864
f 5877/5877 5864/5864 5869/5869
f 6650/6650 6651/6651 6652/6652
f 6654/6654 6657/6657 6655/6655
f 4069/4069 4091/4091 4166/4166
f 4069/4069 4166/4166 4167/4167
f 4069/4069 4167/4167 4071/4071
f 4061/4061 4184/4184 4169/4169
f 4061/4061 4169/4169 4168/4168
f 4060/4060 4061/4061 4168/4168
f 4040/4040 4060/4060 4062/4062
f 4033/4033 4062/4062 4074/4074
f 4033/4033 4074/4074 4200/4200
f 1820/1820 1836/1836 1838/1838
f 1822/1822 1820/1820 1838/1838
f 1836/1836 1842/1842 1843/1843
f 1838/1838 1836/1836 1843/1843
f 1922/1922 1905/1905 1916/1916
f 1803/1803 1922/1922 1916/1916
f 1843/1843 1842/1842 1846/1846
f 1846/1846 1885/1885 1889/1889
f 1902/1902 1903/1903 1905/1905
f 1889/1889 1888/1888 1894/1894
f 1898/1898 1894/1894 1899/1899
f 1894/1894 1893/1893 1899/1899
f 532/532 535/535 533/533
f 534/534 533/533 688/688
f 738/738 638/638 635/635
f 279/279 323/323 276/276
f 4636/4636 4642/4642 4643/4643
f 2683/2683 2688/2688 2687/2687
f 2683/2683 2687/2687 2686/2686
f 5043/5043 5044/5044 5042/5042
f 5042/5042 5044/5044 5045/5045
f 5865/5865 5866/5866 5864/5864
f 6652/6652 6651/6651 6653/6653
f 6654/6654 6655/6655 6656/6656
f 6542/6542 6538/6538 6564/6564
f 6542/6542 6564/6564 6562/6562
f 6560/6560 6567/6567 6568/6568
f 4035/4035 4075/4075 4058/4058
f 4047/4047 4067/4067 4068/4068
f 7395/7395 7041/7041 7182/7182
f 1820/1820 1835/1835 1836/1836
f 1791/1791 1793/1793 1794/1794
f 1836/1836 1835/1835 1842/1842
f 1846/1846 1842/1842 1885/1885
f 1889/1889 1885/1885 1888/1888
f 1888/1888 1893/1893 1894/1894
f 714/714 700/700 535/535
f 688/688 687/687 719/719
f 533/533 687/687 688/688
f 688/688 719/719 718/718
f 641/641 640/640 638/638
f 8125/8125 8124/8124 8123/8123
f 8125/8125 8123/8123 8129/8129
f 389/389 398/398 395/395
f 277/277 321/321 278/278
f 2688/2688 2693/2693 2687/2687
f 5044/5044 5046/5046 5045/5045
f 5045/5045 5046/5046 5047/5047
f 5866/5866 5868/5868 5867/5867
f 6130/6130 6108/6108 6109/6109
f 5875/5875 5869/5869 5870/5870
f 5946/5946 6096/6096 6144/6144
f 5946/5946 5936/5936 5938/5938
f 6567/6567 6562/6562 6584/6584
f 6568/6568 6569/6569 6570/6570
f 6015/6015 6016/6016 6017/6017
f 4193/4193 4194/4194 4075/4075
f 4029/4029 4058/4058 4079/4079
f 4038/4038 4029/4029 4079/4079
f 4038/4038 4079/4079 4091/4091
f 4208/4208 4172/4172 4184/4184
f 4184/4184 4172/4172 4169/4169
f 1793/1793 1803/1803 1804/1804
f 1793/1793 1804/1804 1794/1794
f 1835/1835 1844/1844 1842/1842
f 1804/1804 1803/1803 1916/1916
f 1903/1903 1906/1906 1905/1905
f 1898/1898 1899/1899 1901/1901
f 1898/1898 1901/1901 1903/1903
f 1899/1899 1893/1893 1895/1895
f 533/533 535/535 536/536
f 2527/2527 2536/2536 2535/2535
f 533/533 536/536 687/687
f 2440/2440 2451/2451 2442/2442
f 8129/8129 8123/8123 8122/8122
f 8129/8129 8122/8122 8114/8114
f 277/277 320/320 321/321
f 276/276 324/324 325/325
f 2688/2688 2694/2694 2693/2693
f 5047/5047 5046/5046 5048/5048
f 5051/5051 5047/5047 5049/5049
f 5946/5946 5938/5938 6096/6096
f 6562/6562 6564/6564 6584/6584
f 6568/6568 6567/6567 6569/6569
f 5937/5937 5938/5938 5936/5936
f 4075/4075 4194/4194 4058/4058
f 4091/4091 4079/4079 4206/4206
f 4166/4166 4091/4091 4206/4206
f 4167/4167 4166/4166 4248/4248
f 4167/4167 4248/4248 4172/4172
f 4062/4062 4060/4060 4073/4073
f 4062/4062 4073/4073 4074/4074
f 1819/1819 1827/1827 1826/1826
f 1819/1819 1826/1826 1825/1825
f 1820/1820 1825/1825 1835/1835
f 1819/1819 1825/1825 1820/1820
f 1804/1804 1805/1805 1794/1794
f 1195/1195 1208/1208 1197/1197
f 1825/1825 1845/1845 1844/1844
f 1835/1835 1825/1825 1844/1844
f 1804/1804 1916/1916 1912/1912
f 1805/1805 1804/1804 1912/1912
f 1842/1842 1844/1844 1884/1884
f 1905/1905 1907/1907 1909/1909
f 1842/1842 1884/1884 1885/1885
f 1905/1905 1906/1906 1907/1907
f 1888/1888 1885/1885 1887/1887
f 1903/1903 1901/1901 1906/1906
f 1893/1893 1888/1888 1887/1887
f 1899/1899 1895/1895 1896/1896
f 1899/1899 1896/1896 1901/1901
f 1893/1893 1887/1887 1891/1891
f 1895/1895 1891/1891 1896/1896
f 1893/1893 1891/1891 1895/1895
f 4433/4433 4434/4434 4430/4430
f 4429/4429 4433/4433 4430/4430
f 535/535 546/546 545/545
f 535/535 545/545 544/544
f 535/535 544/544 536/536
f 536/536 544/544 724/724
f 4478/4478 4482/4482 4479/4479
f 4478/4478 4479/4479 4480/4480
f 4479/4479 4482/4482 4483/4483
f 4479/4479 4483/4483 4481/4481
f 4480/4480 4479/4479 4481/4481
f 640/640 735/735 639/639
f 638/638 640/640 639/639
f 738/738 635/635 737/737
f 2468/2468 2475/2475 2484/2484
f 2468/2468 2484/2484 2465/2465
f 2451/2451 2465/2465 2452/2452
f 2451/2451 2452/2452 2442/2442
f 2688/2688 2695/2695 2694/2694
f 5047/5047 5048/5048 5049/5049
f 5869/5869 5867/5867 5870/5870
f 6108/6108 6103/6103 6106/6106
f 6108/6108 6106/6106 6109/6109
f 6108/6108 6098/6098 6103/6103
f 6096/6096 6097/6097 6098/6098
f 6033/6033 6029/6029 6020/6020
f 6022/6022 6020/6020 6021/6021
f 4058/4058 4194/4194 4146/4146
f 4058/4058 4146/4146 4079/4079
f 4166/4166 4206/4206 4248/4248
f 4169/4169 4172/4172 4171/4171
f 4169/4169 4170/4170 4168/4168
f 4200/4200 4074/4074 4201/4201
f 4067/4067 4201/4201 4214/4214
f 4200/4200 4201/4201 4067/4067
f 1916/1916 1909/1909 1912/1912
f 1844/1844 1845/1845 1884/1884
f 1885/1885 1884/1884 1867/1867
f 1906/1906 1908/1908 1907/1907
f 1885/1885 1867/1867 1886/1886
f 1885/1885 1886/1886 1887/1887
f 1194/1194 1200/1200 1198/1198
f 700/700 546/546 535/535
f 4482/4482 4487/4487 4486/4486
f 4483/4483 4482/4482 4486/4486
f 4483/4483 4486/4486 4484/4484
f 4481/4481 4483/4483 4484/4484
f 4481/4481 4484/4484 4485/4485
f 8122/8122 8120/8120 8114/8114
f 8114/8114 8029/8029 8102/8102
f 8102/8102 8028/8028 8066/8066
f 8099/8099 8102/8102 8066/8066
f 4633/4633 4637/4637 4631/4631
f 7808/7808 7814/7814 7826/7826
f 4630/4630 4631/4631 4632/4632
f 2695/2695 2696/2696 2694/2694
f 5049/5049 5048/5048 5050/5050
f 5049/5049 5050/5050 5051/5051
f 5867/5867 5868/5868 5871/5871
f 5875/5875 5870/5870 5876/5876
f 6538/6538 6539/6539 6534/6534
f 5938/5938 6097/6097 6096/6096
f 6031/6031 6030/6030 6029/6029
f 6029/6029 6030/6030 6023/6023
f 6016/6016 6020/6020 6019/6019
f 6021/6021 6020/6020 6016/6016
f 6016/6016 6019/6019 6017/6017
f 4288/4288 4320/4320 4206/4206
f 4079/4079 4288/4288 4206/4206
f 4169/4169 4171/4171 4170/4170
f 4168/4168 4170/4170 4060/4060
f 4067/4067 4214/4214 4068/4068
f 1826/1826 1833/1833 1825/1825
f 1805/1805 1806/1806 1794/1794
f 1794/1794 1806/1806 1807/1807
f 1833/1833 1881/1881 1845/1845
f 1825/1825 1833/1833 1845/1845
f 1806/1806 1805/1805 1912/1912
f 1845/1845 1881/1881 1884/1884
f 1867/1867 1884/1884 1874/1874
f 1901/1901 1915/1915 1917/1917
f 1906/1906 1901/1901 1908/1908
f 1901/1901 1917/1917 1908/1908
f 1887/1887 1886/1886 1890/1890
f 1891/1891 1887/1887 1890/1890
f 1896/1896 1904/1904 1915/1915
f 1901/1901 1896/1896 1915/1915
f 1891/1891 1890/1890 1900/1900
f 1900/1900 1890/1890 1779/1779
f 1896/1896 1891/1891 1900/1900
f 1896/1896 1900/1900 1904/1904
f 4660/4660 4661/4661 4662/4662
f 544/544 545/545 698/698
f 544/544 698/698 699/699
f 638/638 639/639 637/637
f 638/638 637/637 635/635
f 8120/8120 8115/8115 8114/8114
f 8099/8099 8066/8066 7818/7818
f 2695/2695 2698/2698 2697/2697
f 2695/2695 2697/2697 2696/2696
f 5051/5051 5050/5050 5052/5052
f 5051/5051 5052/5052 5053/5053
f 5870/5870 5867/5867 5876/5876
f 5875/5875 5876/5876 6117/6117
f 6564/6564 6538/6538 6540/6540
f 6031/6031 6032/6032 6030/6030
f 5938/5938 6115/6115 6097/6097
f 6020/6020 6023/6023 6019/6019
f 5938/5938 5942/5942 6115/6115
f 4146/4146 4194/4194 4347/4347
f 4172/4172 4248/4248 4179/4179
f 1909/1909 1907/1907 1910/1910
f 1867/1867 1868/1868 1886/1886
f 1886/1886 1868/1868 1866/1866
f 1886/1886 1866/1866 1890/1890
f 1890/1890 1866/1866 1779/1779
f 1904/1904 1900/1900 1923/1923
f 1900/1900 1779/1779 1923/1923
f 1779/1779 1784/1784 1923/1923
f 4664/4664 4665/4665 4663/4663
f 4661/4661 4664/4664 4663/4663
f 700/700 515/515 546/546
f 516/516 515/515 700/700
f 4662/4662 4661/4661 4663/4663
f 4622/4622 4609/4609 4620/4620
f 1781/1781 1774/1774 1777/1777
f 1782/1782 1781/1781 1777/1777
f 4872/4872 4884/4884 4870/4870
f 4484/4484 4486/4486 4488/4488
f 4485/4485 4484/4484 4488/4488
f 4870/4870 4884/4884 4869/4869
f 2452/2452 2465/2465 2481/2481
f 8114/8114 8115/8115 8029/8029
f 4631/4631 4637/4637 4638/4638
f 5053/5053 5052/5052 5054/5054
f 5053/5053 5054/5054 5055/5055
f 5053/5053 5055/5055 5056/5056
f 5867/5867 5871/5871 5872/5872
f 5867/5867 5872/5872 5876/5876
f 6106/6106 6105/6105 6107/6107
f 6103/6103 6102/6102 6105/6105
f 6106/6106 6103/6103 6105/6105
f 6103/6103 6099/6099 6102/6102
f 6538/6538 6534/6534 6536/6536
f 6538/6538 6536/6536 6540/6540
f 6025/6025 6026/6026 6024/6024
f 4288/4288 4350/4350 4320/4320
f 4206/4206 4320/4320 4284/4284
f 4172/4172 4176/4176 4171/4171
f 4074/4074 4073/4073 4201/4201
f 4214/4214 4201/4201 4210/4210
f 4068/4068 4214/4214 4211/4211
f 1827/1827 1814/1814 1826/1826
f 1826/1826 1834/1834 1833/1833
f 1807/1807 1806/1806 1808/1808
f 1909/1909 1910/1910 1912/1912
f 1908/1908 1911/1911 1907/1907
f 1867/1867 1874/1874 1861/1861
f 1908/1908 1917/1917 1911/1911
f 1860/1860 1862/1862 1868/1868
f 1867/1867 1861/1861 1860/1860
f 1867/1867 1860/1860 1868/1868
f 3235/3235 3236/3236 3234/3234
f 3234/3234 3236/3236 3244/3244
f 3235/3235 3234/3234 3233/3233
f 1904/1904 1923/1923 1924/1924
f 1779/1779 1866/1866 1778/1778
f 1778/1778 1772/1772 1779/1779
f 1779/1779 1772/1772 1780/1780
f 1784/1784 1779/1779 1780/1780
f 1923/1923 1784/1784 1927/1927
f 4873/4873 4885/4885 4872/4872
f 4871/4871 4873/4873 4872/4872
f 4871/4871 4872/4872 4868/4868
f 1780/1780 1781/1781 1782/1782
f 1781/1781 1780/1780 1774/1774
f 545/545 683/683 684/684
f 698/698 545/545 684/684
f 4872/4872 4870/4870 4868/4868
f 4868/4868 4870/4870 4869/4869
f 635/635 637/637 636/636
f 737/737 635/635 663/663
f 4868/4868 4869/4869 4867/4867
f 2465/2465 2484/2484 2481/2481
f 1774/1774 1773/1773 1776/1776
f 1777/1777 1774/1774 1776/1776
f 1773/1773 1775/1775 1776/1776
f 156/156 73/73 164/164
f 153/153 140/140 71/71
f 156/156 153/153 71/71
f 156/156 71/71 73/73
f 7818/7818 8066/8066 7810/7810
f 7808/7808 7806/7806 7814/7814
f 4637/4637 4640/4640 4639/4639
f 4426/4426 4421/4421 4427/4427
f 2698/2698 2707/2707 2697/2697
f 6037/6037 6036/6036 6032/6032
f 6035/6035 6032/6032 6036/6036
f 6097/6097 6100/6100 6099/6099
f 4320/4320 4348/4348 4345/4345
f 4320/4320 4345/4345 4284/4284
f 4248/4248 4206/4206 4284/4284
f 4248/4248 4284/4284 4180/4180
f 4248/4248 4180/4180 4179/4179
f 4171/4171 4176/4176 4170/4170
f 4060/4060 4173/4173 4073/4073
f 7276/7276 7254/7254 7197/7197
f 1833/1833 1834/1834 1881/1881
f 1834/1834 1880/1880 1881/1881
f 1920/1920 1913/1913 1921/1921
f 1881/1881 1880/1880 1871/1871
f 1912/1912 1910/1910 1913/1913
f 1884/1884 1881/1881 1871/1871
f 1868/1868 1862/1862 1866/1866
f 1778/1778 1767/1767 1772/1772
f 1923/1923 1927/1927 1925/1925
f 1924/1924 1923/1923 1925/1925
f 4866/4866 4871/4871 4868/4868
f 1780/1780 1772/1772 1774/1774
f 4866/4866 4868/4868 4855/4855
f 1772/1772 1771/1771 1774/1774
f 546/546 515/515 545/545
f 1771/1771 1773/1773 1774/1774
f 1771/1771 1766/1766 1773/1773
f 737/737 663/663 744/744
f 4868/4868 4867/4867 4855/4855
f 1773/1773 1766/1766 1769/1769
f 4855/4855 4867/4867 4858/4858
f 1773/1773 1769/1769 1775/1775
f 140/140 144/144 70/70
f 140/140 70/70 71/71
f 164/164 73/73 78/78
f 163/163 164/164 78/78
f 71/71 72/72 73/73
f 2482/2482 2481/2481 2483/2483
f 8100/8100 8027/8027 8076/8076
f 8115/8115 8076/8076 8029/8029
f 2698/2698 2708/2708 2707/2707
f 4427/4427 4421/4421 4418/4418
f 6529/6529 6533/6533 6534/6534
f 6036/6036 6037/6037 6038/6038
f 6099/6099 6100/6100 6101/6101
f 4172/4172 4179/4179 4176/4176
f 1814/1814 1816/1816 1829/1829
f 1814/1814 1829/1829 1828/1828
f 1826/1826 1814/1814 1828/1828
f 1834/1834 1826/1826 1828/1828
f 1808/1808 1806/1806 1809/1809
f 1884/1884 1871/1871 1874/1874
f 1911/1911 1910/1910 1907/1907
f 1917/1917 1918/1918 1911/1911
f 3233/3233 3232/3232 3216/3216
f 3234/3234 3232/3232 3233/3233
f 1862/1862 1863/1863 1866/1866
f 1866/1866 1863/1863 1778/1778
f 1924/1924 1925/1925 1926/1926
f 4866/4866 4855/4855 4857/4857
f 1772/1772 1767/1767 1771/1771
f 1771/1771 1767/1767 1766/1766
f 545/545 515/515 547/547
f 545/545 680/680 683/683
f 524/524 518/518 516/516
f 1766/1766 1768/1768 1769/1769
f 4856/4856 4858/4858 4863/4863
f 4855/4855 4858/4858 4856/4856
f 144/144 139/139 68/68
f 144/144 68/68 70/70
f 8028/8028 8023/8023 8025/8025
f 8029/8029 8023/8023 8028/8028
f 8066/8066 8028/8028 8025/8025
f 8163/8163 8161/8161 8160/8160
f 8066/8066 7821/7821 7810/7810
f 7818/7818 7810/7810 7805/7805
f 4423/4423 4422/4422 4421/4421
f 7807/7807 7818/7818 7805/7805
f 7807/7807 7805/7805 7806/7806
f 4971/4971 4968/4968 4972/4972
f 5056/5056 5055/5055 5057/5057
f 5056/5056 5057/5057 5058/5058
f 6529/6529 6530/6530 6531/6531
f 6534/6534 6533/6533 6536/6536
f 4972/4972 4965/4965 4962/4962
f 6036/6036 6038/6038 6039/6039
f 4335/4335 4307/4307 4336/4336
f 4179/4179 4180/4180 4177/4177
f 4176/4176 4179/4179 4177/4177
f 4176/4176 4177/4177 4175/4175
f 4170/4170 4176/4176 4175/4175
f 4170/4170 4175/4175 4173/4173
f 4201/4201 4073/4073 4181/4181
f 4201/4201 4181/4181 4210/4210
f 4214/4214 4210/4210 4211/4211
f 1814/1814 1815/1815 1816/1816
f 1834/1834 1828/1828 1880/1880
f 1874/1874 1871/1871 1861/1861
f 1860/1860 1861/1861 1859/1859
f 1202/1202 1209/1209 1207/1207
f 1859/1859 1858/1858 1860/1860
f 1911/1911 1918/1918 1919/1919
f 1860/1860 1858/1858 1862/1862
f 3216/3216 3232/3232 3218/3218
f 3232/3232 3244/3244 3252/3252
f 3232/3232 3252/3252 3247/3247
f 1778/1778 1762/1762 1767/1767
f 1924/1924 1926/1926 1928/1928
f 1762/1762 1761/1761 1767/1767
f 4857/4857 4855/4855 4854/4854
f 1767/1767 1761/1761 1766/1766
f 4854/4854 4855/4855 4856/4856
f 545/545 547/547 680/680
f 2481/2481 2538/2538 2483/2483
f 1766/1766 1764/1764 1768/1768
f 135/135 67/67 139/139
f 139/139 67/67 68/68
f 71/71 70/70 69/69
f 163/163 78/78 157/157
f 71/71 69/69 72/72
f 73/73 72/72 74/74
f 4420/4420 4422/4422 4419/4419
f 4971/4971 4969/4969 4968/4968
f 4409/4409 4324/4324 4331/4331
f 4972/4972 4968/4968 4965/4965
f 5267/5267 5265/5265 5503/5503
f 6529/6529 6531/6531 6532/6532
f 6529/6529 6532/6532 6533/6533
f 4316/4316 4331/4331 4310/4310
f 6037/6037 6071/6071 6038/6038
f 4335/4335 4317/4317 4307/4307
f 4349/4349 4272/4272 4268/4268
f 4173/4173 4175/4175 4174/4174
f 4073/4073 4173/4173 4174/4174
f 1829/1829 1930/1930 1828/1828
f 1808/1808 1809/1809 1810/1810
f 1808/1808 1810/1810 1811/1811
f 1880/1880 1828/1828 1879/1879
f 1828/1828 1930/1930 1879/1879
f 1861/1861 1871/1871 1859/1859
f 1862/1862 1858/1858 1863/1863
f 3218/3218 3232/3232 3247/3247
f 1863/1863 1747/1747 1762/1762
f 1778/1778 1863/1863 1762/1762
f 1761/1761 1763/1763 1766/1766
f 547/547 681/681 680/680
f 636/636 531/531 635/635
f 4859/4859 4856/4856 4861/4861
f 1766/1766 1763/1763 1764/1764
f 128/128 67/67 135/135
f 70/70 68/68 69/69
f 73/73 74/74 75/75
f 78/78 73/73 75/75
f 8027/8027 8026/8026 8024/8024
f 8029/8029 8024/8024 8023/8023
f 7810/7810 7821/7821 7804/7804
f 3714/3714 3704/3704 3692/3692
f 3689/3689 3714/3714 3692/3692
f 3714/3714 3689/3689 3708/3708
f 7810/7810 7804/7804 7805/7805
f 7819/7819 8071/8071 8072/8072
f 6531/6531 6535/6535 6532/6532
f 4331/4331 4324/4324 4310/4310
f 6146/6146 6142/6142 6139/6139
f 6536/6536 6533/6533 6537/6537
f 6102/6102 6104/6104 6105/6105
f 6038/6038 6071/6071 6041/6041
f 6038/6038 6041/6041 6040/6040
f 6039/6039 6038/6038 6040/6040
f 4317/4317 4316/4316 4308/4308
f 4307/4307 4317/4317 4308/4308
f 4272/4272 4307/4307 4271/4271
f 4272/4272 4271/4271 4269/4269
f 4272/4272 4269/4269 4268/4268
f 4175/4175 4261/4261 4174/4174
f 4073/4073 4174/4174 4178/4178
f 4181/4181 4073/4073 4178/4178
f 7197/7197 7254/7254 7253/7253
f 1871/1871 1880/1880 1872/1872
f 3202/3202 3206/3206 3198/3198
f 3202/3202 3198/3198 3192/3192
f 1859/1859 1871/1871 1857/1857
f 1910/1910 1911/1911 1914/1914
f 1914/1914 1911/1911 1919/1919
f 3206/3206 3199/3199 3198/3198
f 1207/1207 1209/1209 1212/1212
f 1747/1747 1745/1745 1761/1761
f 1762/1762 1747/1747 1761/1761
f 1745/1745 1748/1748 1761/1761
f 1761/1761 1748/1748 1763/1763
f 4854/4854 4856/4856 4859/4859
f 663/663 635/635 634/634
f 744/744 663/663 664/664
f 4859/4859 4861/4861 4862/4862
f 783/783 744/744 771/771
f 1763/1763 1748/1748 1764/1764
f 68/68 67/67 66/66
f 157/157 78/78 141/141
f 141/141 78/78 77/77
f 78/78 75/75 77/77
f 2488/2488 2483/2483 2489/2489
f 3708/3708 3689/3689 3693/3693
f 1489/1489 1463/1463 1501/1501
f 7806/7806 7805/7805 7803/7803
f 6142/6142 6143/6143 6141/6141
f 5193/5193 5183/5183 5192/5192
f 4316/4316 4310/4310 4308/4308
f 4181/4181 4178/4178 4209/4209
f 4210/4210 4181/4181 4209/4209
f 4210/4210 4209/4209 4211/4211
f 1811/1811 1810/1810 1812/1812
f 3173/3173 3202/3202 3171/3171
f 1880/1880 1879/1879 1872/1872
f 1209/1209 1211/1211 1213/1213
f 1857/1857 1858/1858 1859/1859
f 3216/3216 3218/3218 3193/3193
f 3200/3200 3216/3216 3194/3194
f 3218/3218 3247/3247 3245/3245
f 1858/1858 1864/1864 1863/1863
f 1863/1863 1746/1746 1747/1747
f 3247/3247 3252/3252 3253/3253
f 3245/3245 3247/3247 3253/3253
f 4860/4860 4854/4854 4859/4859
f 516/516 513/513 515/515
f 515/515 548/548 547/547
f 681/681 547/547 682/682
f 635/635 531/531 527/527
f 635/635 527/527 634/634
f 663/663 634/634 664/664
f 744/744 664/664 771/771
f 1745/1745 1737/1737 1748/1748
f 783/783 771/771 784/784
f 159/159 141/141 116/116
f 128/128 127/127 61/61
f 128/128 61/61 67/67
f 68/68 66/66 69/69
f 2488/2488 2489/2489 2490/2490
f 8024/8024 8026/8026 8022/8022
f 8024/8024 8022/8022 8023/8023
f 8023/8023 8022/8022 8020/8020
f 3693/3693 3689/3689 3687/3687
f 4414/4414 4344/4344 4326/4326
f 4325/4325 4326/4326 4314/4314
f 4325/4325 4311/4311 4324/4324
f 7805/7805 7804/7804 7803/7803
f 4324/4324 4311/4311 4310/4310
f 7806/7806 7803/7803 7813/7813
f 4271/4271 4307/4307 4306/4306
f 4271/4271 4270/4270 4269/4269
f 4268/4268 4269/4269 4265/4265
f 4268/4268 4265/4265 4266/4266
f 4262/4262 4266/4266 4263/4263
f 4261/4261 4262/4262 4260/4260
f 1815/1815 1817/1817 1816/1816
f 1829/1829 1816/1816 1830/1830
f 1829/1829 1830/1830 1930/1930
f 1810/1810 1813/1813 1812/1812
f 1879/1879 1930/1930 1882/1882
f 3171/3171 3202/3202 3192/3192
f 1211/1211 1214/1214 1213/1213
f 1871/1871 1853/1853 1857/1857
f 1857/1857 1856/1856 1858/1858
f 3216/3216 3193/3193 3194/3194
f 3218/3218 3245/3245 3193/3193
f 1863/1863 1864/1864 1746/1746
f 1747/1747 1746/1746 1745/1745
f 515/515 514/514 548/548
f 547/547 548/548 682/682
f 518/518 511/511 513/513
f 126/126 61/61 127/127
f 67/67 61/61 66/66
f 72/72 69/69 74/74
f 141/141 77/77 116/116
f 75/75 76/76 77/77
f 8025/8025 8020/8020 8068/8068
f 7821/7821 7822/7822 7804/7804
f 3689/3689 3692/3692 3688/3688
f 3689/3689 3688/3688 3687/3687
f 4325/4325 4314/4314 4311/4311
f 7813/7813 7803/7803 7815/7815
f 5276/5276 5190/5190 5191/5191
f 5192/5192 5190/5190 5276/5276
f 6071/6071 6139/6139 6052/6052
f 6146/6146 6139/6139 6071/6071
f 5180/5180 5179/5179 5182/5182
f 4271/4271 4306/4306 4273/4273
f 4271/4271 4273/4273 4270/4270
f 4269/4269 4270/4270 4265/4265
f 4262/4262 4263/4263 4260/4260
f 4254/4254 4261/4261 4256/4256
f 4211/4211 4209/4209 4212/4212
f 4211/4211 4212/4212 4213/4213
f 1999/1999 2008/2008 2012/2012
f 1999/1999 2012/2012 2013/2013
f 2002/2002 1999/1999 2013/2013
f 1816/1816 1831/1831 1830/1830
f 1930/1930 1830/1830 1882/1882
f 1872/1872 1879/1879 1873/1873
f 1871/1871 1872/1872 1853/1853
f 1858/1858 1856/1856 1865/1865
f 1858/1858 1865/1865 1864/1864
f 1864/1864 1735/1735 1746/1746
f 4860/4860 4859/4859 4864/4864
f 1212/1212 1213/1213 1215/1215
f 1746/1746 1733/1733 1745/1745
f 1733/1733 1734/1734 1745/1745
f 513/513 514/514 515/515
f 1745/1745 1734/1734 1737/1737
f 4865/4865 4859/4859 4862/4862
f 1734/1734 1736/1736 1737/1737
f 126/126 99/99 61/61
f 8022/8022 8021/8021 8020/8020
f 7821/7821 8068/8068 7822/7822
f 3692/3692 3704/3704 3688/3688
f 4326/4326 4344/4344 4314/4314
f 7803/7803 7804/7804 7801/7801
f 7803/7803 7827/7827 7815/7815
f 8069/8069 8070/8070 8079/8079
f 6141/6141 6140/6140 6139/6139
f 1490/1490 1500/1500 1428/1428
f 4265/4265 4263/4263 4266/4266
f 2013/2013 2014/2014 2025/2025
f 2013/2013 2025/2025 2024/2024
f 6793/6793 6794/6794 6792/6792
f 6793/6793 6792/6792 6791/6791
f 1816/1816 1832/1832 1831/1831
f 1817/1817 1832/1832 1816/1816
f 3198/3198 3199/3199 3184/3184
f 498/498 497/497 496/496
f 1853/1853 1852/1852 1856/1856
f 1857/1857 1853/1853 1856/1856
f 3199/3199 3200/3200 3185/3185
f 1735/1735 1733/1733 1746/1746
f 527/527 528/528 525/525
f 61/61 57/57 66/66
f 69/69 66/66 58/58
f 74/74 69/69 58/58
f 4820/4820 4819/4819 4821/4821
f 7803/7803 7801/7801 7802/7802
f 4311/4311 4312/4312 4309/4309
f 4310/4310 4311/4311 4309/4309
f 6071/6071 6052/6052 6043/6043
f 6071/6071 6043/6043 6041/6041
f 4310/4310 4309/4309 4308/4308
f 4308/4308 4309/4309 4306/4306
f 1089/1089 1023/1023 1088/1088
f 4260/4260 4258/4258 4261/4261
f 4261/4261 4258/4258 4256/4256
f 4254/4254 4256/4256 4213/4213
f 4254/4254 4213/4213 4212/4212
f 6818/6818 6817/6817 6815/6815
f 6794/6794 6796/6796 6795/6795
f 6794/6794 6795/6795 6792/6792
f 6791/6791 6792/6792 6774/6774
f 6791/6791 6774/6774 6790/6790
f 5837/5837 5835/5835 5836/5836
f 3157/3157 3196/3196 3163/3163
f 1830/1830 1831/1831 1883/1883
f 1882/1882 1830/1830 1883/1883
f 3171/3171 3192/3192 3188/3188
f 3171/3171 3188/3188 3164/3164
f 1882/1882 1883/1883 1873/1873
f 1879/1879 1882/1882 1873/1873
f 1872/1872 1873/1873 1853/1853
f 3199/3199 3185/3185 3184/3184
f 3200/3200 3194/3194 3185/3185
f 1856/1856 1852/1852 1865/1865
f 1864/1864 1749/1749 1735/1735
f 498/498 496/496 495/495
f 498/498 495/495 499/499
f 1733/1733 1725/1725 1734/1734
f 4572/4572 4569/4569 4571/4571
f 1725/1725 1726/1726 1734/1734
f 4865/4865 4862/4862 4874/4874
f 1736/1736 1734/1734 1726/1726
f 159/159 160/160 161/161
f 159/159 119/119 160/160
f 61/61 60/60 57/57
f 74/74 58/58 75/75
f 77/77 76/76 59/59
f 116/116 77/77 79/79
f 119/119 116/116 79/79
f 8020/8020 8021/8021 8017/8017
f 8020/8020 8017/8017 8001/8001
f 8068/8068 8020/8020 8001/8001
f 8068/8068 8001/8001 7822/7822
f 3693/3693 3687/3687 3701/3701
f 4314/4314 4344/4344 4337/4337
f 3704/3704 3698/3698 3688/3688
f 3704/3704 3719/3719 3698/3698
f 7804/7804 7812/7812 7801/7801
f 4311/4311 4313/4313 4312/4312
f 7803/7803 7802/7802 7827/7827
f 8156/8156 8157/8157 8158/8158
f 5190/5190 5184/5184 5191/5191
f 6041/6041 6043/6043 6042/6042
f 1248/1248 1236/1236 1240/1240
f 6792/6792 6799/6799 6774/6774
f 1831/1831 1832/1832 1837/1837
f 1831/1831 1837/1837 1883/1883
f 3164/3164 3188/3188 3162/3162
f 3198/3198 3184/3184 3192/3192
f 3192/3192 3184/3184 3188/3188
f 3185/3185 3194/3194 3186/3186
f 1852/1852 1870/1870 1865/1865
f 3193/3193 3245/3245 3246/3246
f 4864/4864 4875/4875 4876/4876
f 1727/1727 1728/1728 1735/1735
f 1735/1735 1728/1728 1733/1733
f 513/513 511/511 512/512
f 513/513 512/512 514/514
f 4865/4865 4874/4874 4875/4875
f 664/664 634/634 633/633
f 4820/4820 4822/4822 4818/4818
f 61/61 99/99 62/62
f 61/61 62/62 60/60
f 66/66 57/57 58/58
f 77/77 59/59 79/79
f 8017/8017 8021/8021 8030/8030
f 7822/7822 7832/7832 7812/7812
f 3687/3687 3688/3688 3671/3671
f 7812/7812 7839/7839 8093/8093
f 7801/7801 7812/7812 8093/8093
f 7802/7802 7801/7801 7800/7800
f 7802/7802 7800/7800 7827/7827
f 8156/8156 8159/8159 8157/8157
f 6140/6140 6119/6119 6139/6139
f 6139/6139 6119/6119 6118/6118
f 6139/6139 6118/6118 6052/6052
f 1102/1102 1104/1104 1094/1094
f 1089/1089 1102/1102 1083/1083
f 1089/1089 1083/1083 1023/1023
f 1088/1088 1023/1023 1019/1019
f 6792/6792 6795/6795 6799/6799
f 3196/3196 3157/3157 3197/3197
f 497/497 489/489 494/494
f 1883/1883 1875/1875 1873/1873
f 3194/3194 3193/3193 3186/3186
f 1865/1865 1869/1869 1864/1864
f 1864/1864 1869/1869 1749/1749
f 1749/1749 1727/1727 1735/1735
f 1725/1725 1733/1733 1728/1728
f 514/514 512/512 549/549
f 514/514 549/549 548/548
f 4766/4766 4767/4767 4768/4768
f 4569/4569 4570/4570 4571/4571
f 525/525 526/526 527/527
f 160/160 119/119 161/161
f 149/149 98/98 99/99
f 99/99 98/98 62/62
f 75/75 58/58 76/76
f 8093/8093 7817/7817 7801/7801
f 7793/7793 7800/7800 7801/7801
f 5191/5191 5184/5184 5275/5275
f 1090/1090 1088/1088 1019/1019
f 1236/1236 1230/1230 1234/1234
f 5846/5846 5842/5842 5840/5840
f 2550/2550 2556/2556 2552/2552
f 4437/4437 4438/4438 4439/4439
f 1883/1883 1837/1837 1892/1892
f 1883/1883 1892/1892 1875/1875
f 1853/1853 1873/1873 1855/1855
f 1852/1852 1853/1853 1854/1854
f 1855/1855 1854/1854 1853/1853
f 3186/3186 3193/3193 3187/3187
f 3193/3193 3246/3246 3187/3187
f 1852/1852 1854/1854 1870/1870
f 1865/1865 1870/1870 1869/1869
f 4876/4876 4875/4875 4879/4879
f 496/496 492/492 495/495
f 1728/1728 1727/1727 1718/1718
f 495/495 492/492 493/493
f 1728/1728 1718/1718 1725/1725
f 1725/1725 1714/1714 1724/1724
f 634/634 527/527 530/530
f 634/634 530/530 631/631
f 634/634 631/631 633/633
f 781/781 771/771 747/747
f 1726/1726 1725/1725 1724/1724
f 781/781 747/747 782/782
f 1726/1726 1724/1724 1770/1770
f 161/161 119/119 110/110
f 57/57 60/60 55/55
f 4819/4819 4818/4818 4817/4817
f 3688/3688 3670/3670 3671/3671
f 7812/7812 7833/7833 7839/7839
f 7839/7839 7833/7833 7840/7840
f 7839/7839 7996/7996 8111/8111
f 8093/8093 7839/7839 8111/8111
f 7817/7817 7796/7796 7793/7793
f 7801/7801 7817/7817 7793/7793
f 7800/7800 7793/7793 7799/7799
f 7800/7800 7799/7799 7827/7827
f 7811/7811 7799/7799 7798/7798
f 7811/7811 7798/7798 7831/7831
f 4258/4258 4260/4260 4259/4259
f 4256/4256 4258/4258 4257/4257
f 6814/6814 6815/6815 6816/6816
f 5743/5743 5771/5771 5742/5742
f 6799/6799 6772/6772 6774/6774
f 2554/2554 2557/2557 2553/2553
f 2554/2554 2553/2553 2549/2549
f 2555/2555 2554/2554 2549/2549
f 2555/2555 2549/2549 2551/2551
f 2558/2558 2551/2551 2552/2552
f 2558/2558 2552/2552 2559/2559
f 2549/2549 2553/2553 2550/2550
f 2552/2552 2556/2556 2559/2559
f 4437/4437 4440/4440 4438/4438
f 3197/3197 3157/3157 3168/3168
f 3162/3162 3188/3188 3175/3175
f 1873/1873 1875/1875 1855/1855
f 494/494 492/492 496/496
f 1855/1855 1877/1877 1854/1854
f 3184/3184 3185/3185 3180/3180
f 3180/3180 3185/3185 3186/3186
f 1749/1749 1719/1719 1727/1727
f 1725/1725 1718/1718 1714/1714
f 526/526 529/529 527/527
f 771/771 664/664 747/747
f 161/161 110/110 162/162
f 57/57 56/56 58/58
f 8017/8017 7997/7997 7835/7835
f 8001/8001 8017/8017 7835/7835
f 8001/8001 7835/7835 7832/7832
f 7832/7832 7834/7834 7833/7833
f 7812/7812 7832/7832 7833/7833
f 3687/3687 3671/3671 3686/3686
f 3687/3687 3686/3686 3701/3701
f 7839/7839 7840/7840 7996/7996
f 7817/7817 8111/8111 7796/7796
f 7793/7793 7796/7796 7794/7794
f 1103/1103 1101/1101 1105/1105
f 5184/5184 5186/5186 5275/5275
f 6119/6119 6054/6054 6118/6118
f 5184/5184 5185/5185 5186/5186
f 6043/6043 6052/6052 6046/6046
f 1090/1090 1019/1019 1022/1022
f 4263/4263 4265/4265 4264/4264
f 4213/4213 4255/4255 4274/4274
f 6799/6799 6771/6771 6772/6772
f 2554/2554 2560/2560 2557/2557
f 2561/2561 2560/2560 2554/2554
f 1653/1653 1662/1662 1663/1663
f 1855/1855 1875/1875 1876/1876
f 1855/1855 1876/1876 1877/1877
f 1727/1727 1719/1719 1718/1718
f 549/549 512/512 550/550
f 527/527 529/529 530/530
f 162/162 110/110 165/165
f 4818/4818 4816/4816 4817/4817
f 58/58 56/56 51/51
f 76/76 58/58 59/59
f 79/79 59/59 80/80
f 119/119 79/79 80/80
f 119/119 80/80 110/110
f 8017/8017 8031/8031 8041/8041
f 8017/8017 8041/8041 7997/7997
f 3701/3701 3686/3686 3702/3702
f 4313/4313 4337/4337 4338/4338
f 3688/3688 3698/3698 3670/3670
f 7796/7796 8111/8111 8096/8096
f 7796/7796 8096/8096 7829/7829
f 1103/1103 1095/1095 1101/1101
f 7796/7796 7829/7829 7794/7794
f 1403/1403 1412/1412 1435/1435
f 7793/7793 7794/7794 7795/7795
f 7793/7793 7795/7795 7798/7798
f 7799/7799 7793/7793 7798/7798
f 1104/1104 1105/1105 1101/1101
f 7831/7831 7798/7798 7825/7825
f 6119/6119 6134/6134 6054/6054
f 6118/6118 6054/6054 6052/6052
f 6772/6772 6767/6767 6774/6774
f 1997/1997 1995/1995 1993/1993
f 1837/1837 1931/1931 1929/1929
f 1892/1892 1837/1837 1929/1929
f 3157/3157 3155/3155 3168/3168
f 3162/3162 3175/3175 3156/3156
f 492/492 494/494 488/488
f 1854/1854 1877/1877 1870/1870
f 1869/1869 1870/1870 1755/1755
f 1749/1749 1755/1755 1719/1719
f 1869/1869 1755/1755 1749/1749
f 511/511 509/509 510/510
f 511/511 510/510 512/512
f 512/512 551/551 550/550
f 511/511 520/520 509/509
f 747/747 664/664 633/633
f 122/122 64/64 98/98
f 98/98 64/64 62/62
f 57/57 55/55 56/56
f 8031/8031 8091/8091 8041/8041
f 4313/4313 4338/4338 4339/4339
f 1450/1450 1512/1512 1451/1451
f 7833/7833 7841/7841 7840/7840
f 1480/1480 1506/1506 1479/1479
f 7996/7996 7840/7840 8108/8108
f 1467/1467 1479/1479 1506/1506
f 8096/8096 8108/8108 7829/7829
f 7794/7794 7829/7829 7797/7797
f 7794/7794 7797/7797 7795/7795
f 7798/7798 7795/7795 7820/7820
f 6043/6043 6045/6045 6044/6044
f 6052/6052 6054/6054 6046/6046
f 5633/5633 5631/5631 5632/5632
f 1022/1022 1019/1019 1010/1010
f 6797/6797 6777/6777 6771/6771
f 1992/1992 1993/1993 1995/1995
f 6774/6774 6767/6767 6769/6769
f 6774/6774 6769/6769 6790/6790
f 1653/1653 1651/1651 1662/1662
f 494/494 489/489 488/488
f 1700/1700 1699/1699 1701/1701
f 492/492 488/488 490/490
f 492/492 490/490 493/493
f 512/512 510/510 551/551
f 550/550 551/551 725/725
f 633/633 631/631 629/629
f 1370/1370 1369/1369 1366/1366
f 62/62 63/63 60/60
f 59/59 38/38 80/80
f 4817/4817 4816/4816 4813/4813
f 7997/7997 8000/8000 7837/7837
f 7835/7835 7997/7997 7837/7837
f 7833/7833 8040/8040 7841/7841
f 3723/3723 3711/3711 3698/3698
f 7840/7840 7841/7841 7842/7842
f 1435/1435 1439/1439 1479/1479
f 7797/7797 8108/8108 7830/7830
f 1454/1454 1508/1508 1424/1424
f 5186/5186 5185/5185 5187/5187
f 1104/1104 1101/1101 1094/1094
f 1019/1019 1009/1009 1010/1010
f 1026/1026 999/999 1011/1011
f 1993/1993 1992/1992 1988/1988
f 5821/5821 5820/5820 5819/5819
f 1653/1653 1652/1652 1651/1651
f 1700/1700 1698/1698 1697/1697
f 3156/3156 3175/3175 3154/3154
f 1700/1700 1697/1697 1699/1699
f 3188/3188 3179/3179 3175/3175
f 1755/1755 1720/1720 1719/1719
f 1718/1718 1719/1719 1715/1715
f 1718/1718 1715/1715 1714/1714
f 633/633 629/629 672/672
f 747/747 633/633 672/672
f 747/747 672/672 761/761
f 747/747 761/761 782/782
f 1724/1724 1714/1714 1717/1717
f 122/122 105/105 64/64
f 58/58 51/51 49/49
f 59/59 58/58 49/49
f 4815/4815 4813/4813 4814/4814
f 7997/7997 8041/8041 8000/8000
f 7835/7835 7837/7837 7836/7836
f 7835/7835 7836/7836 7834/7834
f 7841/7841 7843/7843 7842/7842
f 1439/1439 1486/1486 1479/1479
f 8136/8136 8134/8134 8133/8133
f 7797/7797 7830/7830 7795/7795
f 7795/7795 7823/7823 7820/7820
f 7798/7798 7820/7820 7824/7824
f 7798/7798 7824/7824 7825/7825
f 1023/1023 1012/1012 1019/1019
f 1022/1022 1010/1010 994/994
f 1022/1022 994/994 995/995
f 6772/6772 6771/6771 6767/6767
f 3179/3179 3177/3177 3175/3175
f 1870/1870 1877/1877 1878/1878
f 1870/1870 1878/1878 1755/1755
f 1706/1706 1710/1710 1712/1712
f 1719/1719 1720/1720 1715/1715
f 1714/1714 1715/1715 1716/1716
f 530/530 529/529 659/659
f 631/631 530/530 659/659
f 631/631 630/630 629/629
f 1714/1714 1716/1716 1717/1717
f 1366/1366 1369/1369 1354/1354
f 60/60 63/63 55/55
f 59/59 49/49 38/38
f 8091/8091 8103/8103 8041/8041
f 7834/7834 7836/7836 7838/7838
f 7833/7833 7834/7834 7838/7838
f 7833/7833 7838/7838 8040/8040
f 7841/7841 8040/8040 7843/7843
f 1400/1400 1399/1399 1412/1412
f 7795/7795 7830/7830 7823/7823
f 6134/6134 6053/6053 6054/6054
f 5185/5185 5189/5189 5187/5187
f 1094/1094 1082/1082 1083/1083
f 1083/1083 1082/1082 1012/1012
f 1019/1019 1012/1012 1013/1013
f 1019/1019 1013/1013 1009/1009
f 1662/1662 1651/1651 1664/1664
f 1931/1931 1932/1932 1929/1929
f 489/489 485/485 488/488
f 3179/3179 3178/3178 3177/3177
f 1755/1755 1752/1752 1720/1720
f 491/491 493/493 490/490
f 631/631 659/659 662/662
f 631/631 662/662 630/630
f 4816/4816 4811/4811 4813/4813
f 64/64 63/63 62/62
f 80/80 38/38 95/95
f 8041/8041 8103/8103 8000/8000
f 7843/7843 8003/8003 8002/8002
f 8040/8040 8003/8003 7843/7843
f 1101/1101 1095/1095 1091/1091
f 7830/7830 8095/8095 7823/7823
f 6054/6054 6053/6053 6046/6046
f 5065/5065 5076/5076 5075/5075
f 6771/6771 6777/6777 6766/6766
f 6771/6771 6766/6766 6767/6767
f 1992/1992 1987/1987 1988/1988
f 3168/3168 3159/3159 3197/3197
f 1698/1698 1664/1664 1686/1686
f 3159/3159 3155/3155 3158/3158
f 1698/1698 1687/1687 1697/1697
f 3154/3154 3175/3175 3176/3176
f 1701/1701 1699/1699 1695/1695
f 1702/1702 1701/1701 1695/1695
f 1702/1702 1695/1695 1705/1705
f 3180/3180 3181/3181 3178/3178
f 3187/3187 3181/3181 3186/3186
f 488/488 484/484 490/490
f 490/490 484/484 486/486
f 509/509 508/508 510/510
f 56/56 52/52 51/51
f 51/51 52/52 50/50
f 110/110 95/95 108/108
f 80/80 95/95 110/110
f 110/110 108/108 142/142
f 4814/4814 4813/4813 4809/4809
f 3702/3702 3686/3686 3681/3681
f 4339/4339 4338/4338 4340/4340
f 3711/3711 3712/3712 3709/3709
f 7842/7842 7844/7844 8095/8095
f 7820/7820 7828/7828 7824/7824
f 6053/6053 6049/6049 6046/6046
f 5187/5187 5189/5189 5278/5278
f 1101/1101 1092/1092 1094/1094
f 999/999 996/996 992/992
f 1011/1011 999/999 998/998
f 3197/3197 3159/3159 3170/3170
f 1698/1698 1686/1686 1687/1687
f 485/485 484/484 488/488
f 1705/1705 1695/1695 1704/1704
f 1705/1705 1704/1704 1706/1706
f 1752/1752 1723/1723 1720/1720
f 725/725 551/551 726/726
f 64/64 65/65 63/63
f 142/142 108/108 136/136
f 105/105 106/106 65/65
f 7837/7837 8000/8000 7998/7998
f 7836/7836 7837/7837 7998/7998
f 7836/7836 7998/7998 7999/7999
f 8040/8040 7838/7838 8132/8132
f 3670/3670 3666/3666 3671/3671
f 7842/7842 7843/7843 7844/7844
f 1439/1439 1441/1441 1486/1486
f 1101/1101 1091/1091 1092/1092
f 7824/7824 7828/7828 8062/8062
f 7824/7824 8062/8062 8063/8063
f 1094/1094 1092/1092 1081/1081
f 1094/1094 1081/1081 1082/1082
f 1010/1010 1009/1009 994/994
f 995/995 994/994 991/991
f 995/995 991/991 996/996
f 1011/1011 998/998 1000/1000
f 5820/5820 5759/5759 5819/5819
f 1651/1651 1648/1648 1666/1666
f 1650/1650 1648/1648 1651/1651
f 1664/1664 1651/1651 1666/1666
f 3197/3197 3170/3170 3230/3230
f 1664/1664 1666/1666 1686/1686
f 3175/3175 3177/3177 3176/3176
f 3178/3178 3181/3181 3182/3182
f 510/510 508/508 551/551
f 490/490 486/486 491/491
f 1716/1716 1721/1721 1722/1722
f 1717/1717 1716/1716 1722/1722
f 4813/4813 4811/4811 4809/4809
f 38/38 49/49 11/11
f 38/38 37/37 95/95
f 8103/8103 8104/8104 8000/8000
f 8168/8168 8169/8169 8170/8170
f 8000/8000 8092/8092 7998/7998
f 7838/7838 7836/7836 8132/8132
f 8040/8040 8132/8132 8003/8003
f 1091/1091 1095/1095 1076/1076
f 1486/1486 1441/1441 1475/1475
f 7823/7823 8043/8043 7828/7828
f 6046/6046 6049/6049 6048/6048
f 6045/6045 6046/6046 6047/6047
f 6045/6045 6047/6047 6051/6051
f 994/994 1009/1009 993/993
f 999/999 992/992 998/998
f 6767/6767 6766/6766 6764/6764
f 6769/6769 6767/6767 6768/6768
f 1650/1650 1649/1649 1648/1648
f 3154/3154 3189/3189 3158/3158
f 3154/3154 3176/3176 3189/3189
f 485/485 481/481 484/484
f 1706/1706 1704/1704 1710/1710
f 1715/1715 1720/1720 1723/1723
f 1715/1715 1723/1723 1721/1721
f 1716/1716 1715/1715 1721/1721
f 509/509 503/503 508/508
f 551/551 508/508 552/552
f 551/551 552/552 726/726
f 55/55 63/63 54/54
f 55/55 53/53 56/56
f 4812/4812 4809/4809 4810/4810
f 3686/3686 3671/3671 3680/3680
f 3686/3686 3680/3680 3681/3681
f 3702/3702 3681/3681 3710/3710
f 3698/3698 3709/3709 3669/3669
f 3698/3698 3669/3669 3670/3670
f 3670/3670 3669/3669 3666/3666
f 4338/4338 4341/4341 4340/4340
f 8002/8002 7846/7846 7843/7843
f 7823/7823 8044/8044 8043/8043
f 6046/6046 6048/6048 6047/6047
f 1009/1009 1013/1013 1001/1001
f 991/991 994/994 989/989
f 992/992 996/996 991/991
f 7020/7020 7023/7023 7024/7024
f 3251/3251 3250/3250 3181/3181
f 486/486 484/484 483/483
f 508/508 503/503 507/507
f 56/56 53/53 52/52
f 4809/4809 4808/4808 4810/4810
f 7999/7999 7998/7998 8119/8119
f 8141/8141 8144/8144 8142/8142
f 8141/8141 8142/8142 8143/8143
f 3712/3712 3713/3713 3709/3709
f 7843/7843 7846/7846 7845/7845
f 7843/7843 7845/7845 7844/7844
f 8044/8044 8045/8045 8043/8043
f 8062/8062 7828/7828 8043/8043
f 1082/1082 1077/1077 1012/1012
f 1012/1012 1002/1002 1001/1001
f 994/994 993/993 989/989
f 998/998 992/992 990/990
f 6766/6766 6777/6777 6765/6765
f 6767/6767 6764/6764 6768/6768
f 1666/1666 1648/1648 1667/1667
f 1666/1666 1667/1667 1685/1685
f 1686/1686 1666/1666 1685/1685
f 3158/3158 3189/3189 3161/3161
f 484/484 481/481 482/482
f 1699/1699 1694/1694 1695/1695
f 1710/1710 1704/1704 1711/1711
f 483/483 484/484 482/482
f 508/508 507/507 553/553
f 508/508 553/553 552/552
f 486/486 483/483 487/487
f 662/662 693/693 630/630
f 672/672 629/629 671/671
f 672/672 671/671 761/761
f 4811/4811 4804/4804 4805/4805
f 4809/4809 4811/4811 4805/4805
f 49/49 51/51 50/50
f 49/49 50/50 11/11
f 38/38 11/11 37/37
f 108/108 96/96 136/136
f 8170/8170 8169/8169 8171/8171
f 8148/8148 8146/8146 8145/8145
f 8095/8095 7844/7844 8098/8098
f 1091/1091 1076/1076 1078/1078
f 8043/8043 8051/8051 8062/8062
f 1092/1092 1084/1084 1081/1081
f 1012/1012 1077/1077 1002/1002
f 1009/1009 1001/1001 993/993
f 6766/6766 6765/6765 6764/6764
f 1992/1992 1981/1981 1987/1987
f 1988/1988 1987/1987 1985/1985
f 6768/6768 6776/6776 6770/6770
f 3170/3170 3169/3169 3230/3230
f 1686/1686 1685/1685 1687/1687
f 1699/1699 1697/1697 1694/1694
f 1752/1752 1751/1751 1723/1723
f 1721/1721 1723/1723 1730/1730
f 1721/1721 1730/1730 1729/1729
f 1722/1722 1721/1721 1729/1729
f 630/630 628/628 629/629
f 761/761 671/671 756/756
f 1722/1722 1729/1729 1731/1731
f 37/37 40/40 95/95
f 136/136 96/96 152/152
f 106/106 104/104 65/65
f 96/96 95/95 40/40
f 4805/4805 4808/4808 4809/4809
f 8092/8092 7900/7900 7901/7901
f 8145/8145 8146/8146 8147/8147
f 7845/7845 7846/7846 7847/7847
f 7844/7844 7845/7845 8117/8117
f 1091/1091 1078/1078 1084/1084
f 6048/6048 6069/6069 6056/6056
f 6050/6050 6069/6069 6048/6048
f 6048/6048 6056/6056 6055/6055
f 6047/6047 6048/6048 6055/6055
f 1082/1082 1081/1081 1077/1077
f 998/998 990/990 997/997
f 7346/7346 7091/7091 7092/7092
f 6768/6768 6764/6764 6776/6776
f 1987/1987 1981/1981 1985/1985
f 5720/5720 5765/5765 5735/5735
f 3160/3160 3166/3166 3169/3169
f 1694/1694 1693/1693 1695/1695
f 1695/1695 1693/1693 1704/1704
f 1704/1704 1693/1693 1707/1707
f 1704/1704 1707/1707 1711/1711
f 1723/1723 1732/1732 1730/1730
f 630/630 693/693 628/628
f 55/55 54/54 53/53
f 152/152 96/96 154/154
f 7900/7900 7899/7899 7898/7898
f 7901/7901 7900/7900 7898/7898
f 7901/7901 8074/8074 8119/8119
f 3671/3671 3666/3666 3680/3680
f 7995/7995 7852/7852 7850/7850
f 7845/7845 7847/7847 7848/7848
f 8117/8117 7845/7845 7848/7848
f 8098/8098 8117/8117 8110/8110
f 8098/8098 8110/8110 8044/8044
f 8043/8043 8045/8045 8051/8051
f 5585/5585 5581/5581 5583/5583
f 5535/5535 5545/5545 5533/5533
f 991/991 987/987 992/992
f 7024/7024 7023/7023 7025/7025
f 485/485 478/478 481/481
f 1697/1697 1687/1687 1694/1694
f 482/482 481/481 480/480
f 3178/3178 3182/3182 3176/3176
f 1751/1751 1732/1732 1723/1723
f 483/483 482/482 479/479
f 503/503 505/505 507/507
f 629/629 628/628 627/627
f 671/671 629/629 627/627
f 54/54 63/63 46/46
f 104/104 94/94 65/65
f 4808/4808 4805/4805 4806/4806
f 4810/4810 4808/4808 4807/4807
f 7901/7901 7898/7898 7897/7897
f 8119/8119 7880/7880 7995/7995
f 7995/7995 7876/7876 7852/7852
f 3710/3710 3681/3681 3705/3705
f 8044/8044 8110/8110 8046/8046
f 8044/8044 8046/8046 8045/8045
f 992/992 988/988 990/990
f 1649/1649 1644/1644 1648/1648
f 1667/1667 1648/1648 1684/1684
f 3230/3230 3169/3169 3240/3240
f 1966/1966 1963/1963 1965/1965
f 1667/1667 1684/1684 1685/1685
f 3176/3176 3182/3182 3183/3183
f 3182/3182 3191/3191 3183/3183
f 1751/1751 1753/1753 1732/1732
f 482/482 480/480 479/479
f 693/693 734/734 628/628
f 63/63 65/65 82/82
f 65/65 94/94 88/88
f 8074/8074 7880/7880 8119/8119
f 7995/7995 7880/7880 7876/7876
f 3709/3709 3713/3713 3669/3669
f 1076/1076 1075/1075 1071/1071
f 7848/7848 7849/7849 7991/7991
f 8117/8117 7848/7848 7991/7991
f 8117/8117 7991/7991 8110/8110
f 1076/1076 1071/1071 1078/1078
f 1441/1441 1419/1419 1427/1427
f 8051/8051 8045/8045 8047/8047
f 6069/6069 6067/6067 6056/6056
f 1406/1406 1458/1458 1432/1432
f 1081/1081 1084/1084 1064/1064
f 1077/1077 1081/1081 1064/1064
f 1077/1077 1064/1064 1057/1057
f 992/992 987/987 988/988
f 6764/6764 6759/6759 6776/6776
f 1694/1694 1687/1687 1692/1692
f 3176/3176 3195/3195 3189/3189
f 481/481 478/478 480/480
f 1693/1693 1708/1708 1707/1707
f 1753/1753 1739/1739 1732/1732
f 1730/1730 1738/1738 1740/1740
f 1729/1729 1730/1730 1740/1740
f 1731/1731 1729/1729 1740/1740
f 52/52 53/53 47/47
f 52/52 47/47 1/1
f 50/50 52/52 1/1
f 50/50 9/9 8/8
f 65/65 88/88 82/82
f 4808/4808 4806/4806 4807/4807
f 7899/7899 7896/7896 7898/7898
f 8074/8074 7901/7901 7897/7897
f 7850/7850 7852/7852 7851/7851
f 7849/7849 7851/7851 7991/7991
f 8110/8110 7991/7991 7854/7854
f 8045/8045 8046/8046 8047/8047
f 1084/1084 1078/1078 1064/1064
f 6764/6764 6765/6765 6763/6763
f 6764/6764 6763/6763 6759/6759
f 1219/1219 1217/1217 1228/1228
f 1648/1648 1647/1647 1684/1684
f 3167/3167 3161/3161 3174/3174
f 3189/3189 3190/3190 3161/3161
f 3189/3189 3195/3195 3190/3190
f 1694/1694 1692/1692 1693/1693
f 480/480 478/478 477/477
f 1732/1732 1739/1739 1738/1738
f 480/480 477/477 479/479
f 1732/1732 1738/1738 1730/1730
f 628/628 734/734 625/625
f 627/627 628/628 625/625
f 671/671 627/627 756/756
f 50/50 1/1 9/9
f 50/50 8/8 11/11
f 37/37 39/39 40/40
f 104/104 115/115 94/94
f 7899/7899 7902/7902 7896/7896
f 7898/7898 7896/7896 7897/7897
f 3680/3680 3679/3679 3681/3681
f 3713/3713 3665/3665 3669/3669
f 7991/7991 7851/7851 7854/7854
f 1078/1078 1071/1071 1073/1073
f 8110/8110 7854/7854 8033/8033
f 8137/8137 8138/8138 8139/8139
f 6056/6056 6067/6067 6058/6058
f 6056/6056 6058/6058 6057/6057
f 1064/1064 1078/1078 1066/1066
f 993/993 980/980 989/989
f 6765/6765 6778/6778 6763/6763
f 1648/1648 1644/1644 1647/1647
f 3169/3169 3241/3241 3240/3240
f 3161/3161 3190/3190 3174/3174
f 1693/1693 1709/1709 1708/1708
f 3183/3183 3191/3191 3201/3201
f 507/507 505/505 553/553
f 734/734 752/752 625/625
f 54/54 46/46 53/53
f 4806/4806 4805/4805 4802/4802
f 4807/4807 4806/4806 4803/4803
f 7896/7896 7902/7902 7903/7903
f 7897/7897 7896/7896 7895/7895
f 8149/8149 8150/8150 8151/8151
f 7852/7852 7876/7876 7855/7855
f 3669/3669 3665/3665 3659/3659
f 1075/1075 1072/1072 1071/1071
f 7851/7851 7852/7852 7853/7853
f 7851/7851 7853/7853 7854/7854
f 8139/8139 8138/8138 8140/8140
f 8046/8046 8048/8048 8047/8047
f 8047/8047 8052/8052 8055/8055
f 5581/5581 5536/5536 5537/5537
f 1066/1066 1078/1078 1073/1073
f 5535/5535 5533/5533 5534/5534
f 5072/5072 5071/5071 5141/5141
f 1002/1002 985/985 1001/1001
f 993/993 1001/1001 985/985
f 993/993 985/985 980/980
f 7023/7023 7026/7026 7025/7025
f 1985/1985 1981/1981 1983/1983
f 1684/1684 1647/1647 1683/1683
f 1685/1685 1684/1684 1682/1682
f 3167/3167 3174/3174 3239/3239
f 3176/3176 3183/3183 3195/3195
f 1738/1738 1739/1739 1741/1741
f 479/479 476/476 475/475
f 503/503 501/501 505/505
f 1738/1738 1741/1741 1740/1740
f 4805/4805 4804/4804 4802/4802
f 94/94 100/100 88/88
f 96/96 40/40 97/97
f 4806/4806 4802/4802 4803/4803
f 8149/8149 8152/8152 8150/8150
f 8074/8074 7881/7881 7880/7880
f 7880/7880 7879/7879 7876/7876
f 3659/3659 3665/3665 3661/3661
f 7854/7854 7992/7992 8033/8033
f 8047/8047 8048/8048 8049/8049
f 8047/8047 8049/8049 8052/8052
f 5536/5536 5534/5534 5537/5537
f 989/989 980/980 978/978
f 989/989 978/978 979/979
f 991/991 989/989 979/979
f 987/987 991/991 979/979
f 1684/1684 1683/1683 1682/1682
f 1687/1687 1681/1681 1688/1688
f 1685/1685 1681/1681 1687/1687
f 1687/1687 1688/1688 1692/1692
f 1753/1753 1754/1754 1739/1739
f 479/479 477/477 476/476
f 553/553 505/505 554/554
f 4804/4804 4800/4800 4802/4802
f 63/63 82/82 83/83
f 11/11 10/10 37/37
f 37/37 10/10 39/39
f 115/115 102/102 94/94
f 40/40 39/39 103/103
f 40/40 103/103 97/97
f 96/96 97/97 111/111
f 7880/7880 7881/7881 7879/7879
f 8049/8049 8048/8048 8050/8050
f 6057/6057 6058/6058 6059/6059
f 6057/6057 6059/6059 6070/6070
f 988/988 981/981 990/990
f 6778/6778 6788/6788 6762/6762
f 6776/6776 6759/6759 6775/6775
f 1644/1644 1645/1645 1646/1646
f 1644/1644 1646/1646 1647/1647
f 478/478 474/474 477/477
f 627/627 625/625 626/626
f 1740/1740 1741/1741 1743/1743
f 9/9 1/1 3/3
f 1329/1329 1334/1334 1323/1323
f 94/94 102/102 100/100
f 7896/7896 7903/7903 7893/7893
f 7896/7896 7893/7893 7895/7895
f 3669/3669 3667/3667 3666/3666
f 3669/3669 3659/3659 3667/3667
f 7854/7854 7853/7853 7856/7856
f 1440/1440 1448/1448 1472/1472
f 7854/7854 7856/7856 7992/7992
f 1427/1427 1373/1373 1418/1418
f 8049/8049 8053/8053 8052/8052
f 8052/8052 8053/8053 8055/8055
f 3195/3195 3203/3203 3190/3190
f 1692/1692 1691/1691 1693/1693
f 3195/3195 3183/3183 3208/3208
f 1739/1739 1754/1754 1742/1742
f 1739/1739 1742/1742 1741/1741
f 505/505 555/555 554/554
f 53/53 46/46 47/47
f 11/11 8/8 10/10
f 46/46 63/63 83/83
f 39/39 10/10 18/18
f 82/82 88/88 83/83
f 111/111 97/97 113/113
f 111/111 113/113 132/132
f 4802/4802 4800/4800 4799/4799
f 4802/4802 4799/4799 4803/4803
f 4803/4803 4799/4799 4801/4801
f 7879/7879 7878/7878 7876/7876
f 7876/7876 7877/7877 7855/7855
f 3680/3680 3678/3678 3679/3679
f 1071/1071 1072/1072 1070/1070
f 1071/1071 1069/1069 1073/1073
f 8033/8033 7992/7992 7860/7860
f 8033/8033 7860/7860 8116/8116
f 8053/8053 8049/8049 8054/8054
f 6058/6058 6060/6060 6059/6059
f 5534/5534 5582/5582 5537/5537
f 1057/1057 976/976 985/985
f 980/980 985/985 975/975
f 980/980 975/975 978/978
f 987/987 979/979 981/981
f 990/990 981/981 982/982
f 6778/6778 6762/6762 6763/6763
f 6776/6776 6775/6775 6789/6789
f 5763/5763 5760/5760 5759/5759
f 1682/1682 1683/1683 1680/1680
f 1682/1682 1680/1680 1681/1681
f 1682/1682 1681/1681 1685/1685
f 3174/3174 3205/3205 3239/3239
f 477/477 474/474 473/473
f 3190/3190 3204/3204 3174/3174
f 3190/3190 3203/3203 3204/3204
f 476/476 477/477 473/473
f 1708/1708 1709/1709 1540/1540
f 501/501 504/504 505/505
f 505/505 504/504 555/555
f 756/756 627/627 732/732
f 1741/1741 1744/1744 1743/1743
f 39/39 18/18 147/147
f 39/39 147/147 148/148
f 39/39 148/148 103/103
f 1740/1740 1743/1743 1760/1760
f 7895/7895 7893/7893 7894/7894
f 8152/8152 8153/8153 8150/8150
f 8150/8150 8153/8153 8154/8154
f 3681/3681 3679/3679 3682/3682
f 3680/3680 3666/3666 3678/3678
f 3659/3659 3658/3658 3667/3667
f 1071/1071 1070/1070 1069/1069
f 1073/1073 1068/1068 1065/1065
f 1066/1066 1073/1073 1065/1065
f 5534/5534 5532/5532 5582/5582
f 1064/1064 1066/1066 1029/1029
f 1064/1064 1029/1029 1021/1021
f 1057/1057 1064/1064 1021/1021
f 1057/1057 1021/1021 976/976
f 6763/6763 6762/6762 6759/6759
f 1965/1965 1963/1963 1964/1964
f 1692/1692 1688/1688 1691/1691
f 1693/1693 1691/1691 1541/1541
f 1693/1693 1541/1541 1709/1709
f 1709/1709 1541/1541 1540/1540
f 476/476 473/473 471/471
f 1754/1754 1756/1756 1742/1742
f 1744/1744 1741/1741 1742/1742
f 476/476 471/471 475/475
f 501/501 500/500 504/504
f 752/752 766/766 625/625
f 9/9 3/3 5/5
f 9/9 5/5 8/8
f 10/10 8/8 7/7
f 147/147 18/18 146/146
f 147/147 146/146 148/148
f 7881/7881 8019/8019 7878/7878
f 7879/7879 7881/7881 7878/7878
f 7876/7876 7878/7878 7877/7877
f 8050/8050 8130/8130 8109/8109
f 6070/6070 6059/6059 6063/6063
f 1066/1066 1065/1065 1029/1029
f 975/975 974/974 978/978
f 5759/5759 5760/5760 5758/5758
f 1683/1683 1647/1647 1680/1680
f 3241/3241 3242/3242 3240/3240
f 3183/3183 3207/3207 3208/3208
f 475/475 471/471 470/470
f 627/627 626/626 732/732
f 1743/1743 1744/1744 1750/1750
f 46/46 44/44 47/47
f 18/18 10/10 17/17
f 18/18 17/17 146/146
f 148/148 146/146 103/103
f 146/146 17/17 103/103
f 1760/1760 1743/1743 1758/1758
f 88/88 85/85 83/83
f 4800/4800 4798/4798 4799/4799
f 3705/3705 3681/3681 3694/3694
f 3705/3705 3694/3694 3715/3715
f 1073/1073 1069/1069 1068/1068
f 7856/7856 7857/7857 7992/7992
f 8116/8116 7860/7860 7875/7875
f 8050/8050 8109/8109 8065/8065
f 8049/8049 8065/8065 8054/8054
f 6059/6059 6061/6061 6062/6062
f 6060/6060 6061/6061 6059/6059
f 6059/6059 6062/6062 6063/6063
f 1964/1964 1963/1963 1962/1962
f 3174/3174 3204/3204 3205/3205
f 1742/1742 1756/1756 1757/1757
f 1742/1742 1757/1757 1744/1744
f 625/625 766/766 624/624
f 1/1 47/47 2/2
f 1/1 2/2 3/3
f 8/8 5/5 7/7
f 1743/1743 1750/1750 1758/1758
f 10/10 12/12 17/17
f 88/88 100/100 85/85
f 2373/2373 2375/2375 2378/2378
f 7903/7903 7902/7902 8131/8131
f 7903/7903 8131/8131 7893/7893
f 8154/8154 8153/8153 8155/8155
f 8019/8019 7993/7993 7878/7878
f 7878/7878 7882/7882 7877/7877
f 7855/7855 7877/7877 7989/7989
f 3681/3681 3682/3682 3694/3694
f 7856/7856 7853/7853 7857/7857
f 1472/1472 1448/1448 1444/1444
f 7992/7992 7857/7857 7860/7860
f 8112/8112 7873/7873 8109/8109
f 1065/1065 1027/1027 1029/1029
f 976/976 1021/1021 966/966
f 979/979 972/972 981/981
f 982/982 981/981 969/969
f 474/474 466/466 473/473
f 1541/1541 1536/1536 1540/1540
f 473/473 472/472 471/471
f 625/625 624/624 622/622
f 625/625 622/622 626/626
f 47/47 44/44 2/2
f 97/97 103/103 35/35
f 4801/4801 4799/4799 4795/4795
f 8019/8019 8081/8081 7993/7993
f 3679/3679 3677/3677 3682/3682
f 3666/3666 3668/3668 3678/3678
f 7853/7853 7858/7858 7857/7857
f 978/978 971/971 972/972
f 979/979 978/978 972/972
f 982/982 969/969 968/968
f 1228/1228 1217/1217 1227/1227
f 1681/1681 1680/1680 1679/1679
f 2196/2196 2201/2201 2194/2194
f 473/473 466/466 472/472
f 1691/1691 1688/1688 1689/1689
f 1691/1691 1689/1689 1536/1536
f 1691/1691 1536/1536 1541/1541
f 1540/1540 1536/1536 1537/1537
f 1540/1540 1537/1537 1539/1539
f 1744/1744 1757/1757 1759/1759
f 1750/1750 1759/1759 1758/1758
f 1744/1744 1759/1759 1750/1750
f 102/102 107/107 100/100
f 4799/4799 4798/4798 4794/4794
f 4799/4799 4794/4794 4795/4795
f 7878/7878 7993/7993 7882/7882
f 7882/7882 7883/7883 7877/7877
f 3679/3679 3678/3678 3677/3677
f 1418/1418 1372/1372 1417/1417
f 1068/1068 1045/1045 1065/1065
f 8109/8109 7873/7873 8065/8065
f 6061/6061 6064/6064 6062/6062
f 6788/6788 6779/6779 6762/6762
f 6759/6759 6762/6762 6760/6760
f 1217/1217 1216/1216 1227/1227
f 1981/1981 1982/1982 1983/1983
f 1680/1680 1678/1678 1679/1679
f 1688/1688 1679/1679 1689/1689
f 1681/1681 1679/1679 1688/1688
f 1537/1537 1538/1538 1539/1539
f 4944/4944 4941/4941 4943/4943
f 470/470 471/471 468/468
f 46/46 45/45 44/44
f 3/3 4/4 5/5
f 103/103 17/17 35/35
f 2092/2092 2094/2094 2093/2093
f 7893/7893 8131/8131 7892/7892
f 7875/7875 7861/7861 7864/7864
f 7860/7860 7861/7861 7875/7875
f 8213/8213 8212/8212 8210/8210
f 6061/6061 6065/6065 6064/6064
f 5532/5532 5531/5531 5582/5582
f 975/975 976/976 967/967
f 981/981 970/970 969/969
f 6775/6775 6759/6759 6761/6761
f 6775/6775 6761/6761 6789/6789
f 1983/1983 1982/1982 1984/1984
f 1646/1646 1654/1654 1647/1647
f 1680/1680 1647/1647 1673/1673
f 1680/1680 1673/1673 1678/1678
f 3205/3205 3204/3204 3211/3211
f 3204/3204 3203/3203 3209/3209
f 3208/3208 3207/3207 3210/3210
f 470/470 468/468 469/469
f 504/504 500/500 506/506
f 4798/4798 4800/4800 4793/4793
f 4798/4798 4793/4793 4792/4792
f 1758/1758 1759/1759 1765/1765
f 3/3 2/2 4/4
f 100/100 101/101 85/85
f 100/100 107/107 101/101
f 7893/7893 7892/7892 7890/7890
f 7893/7893 7890/7890 7894/7894
f 7894/7894 7904/7904 8081/8081
f 8175/8175 8173/8173 8172/8172
f 7993/7993 8094/8094 7884/7884
f 7993/7993 7884/7884 7882/7882
f 7877/7877 7883/7883 7989/7989
f 1069/1069 1070/1070 1044/1044
f 1068/1068 1069/1069 1044/1044
f 7860/7860 7857/7857 7859/7859
f 7860/7860 7859/7859 7861/7861
f 1068/1068 1044/1044 1045/1045
f 7873/7873 7865/7865 7867/7867
f 8065/8065 7873/7873 7867/7867
f 6062/6062 6064/6064 6066/6066
f 6062/6062 6066/6066 6063/6063
f 1029/1029 1027/1027 1015/1015
f 1029/1029 1015/1015 1021/1021
f 966/966 1021/1021 1015/1015
f 976/976 966/966 967/967
f 975/975 967/967 974/974
f 978/978 974/974 971/971
f 981/981 972/972 970/970
f 1646/1646 1661/1661 1654/1654
f 472/472 466/466 467/467
f 472/472 467/467 471/471
f 504/504 506/506 556/556
f 504/504 556/556 555/555
f 624/624 766/766 623/623
f 732/732 626/626 753/753
f 17/17 12/12 35/35
f 8172/8172 8173/8173 8174/8174
f 3666/3666 3667/3667 3668/3668
f 1070/1070 1074/1074 1044/1044
f 7857/7857 7858/7858 7859/7859
f 7864/7864 7861/7861 7863/7863
f 6759/6759 6760/6760 6761/6761
f 1647/1647 1655/1655 1673/1673
f 1963/1963 1961/1961 1962/1962
f 1689/1689 1679/1679 1676/1676
f 3204/3204 3209/3209 3211/3211
f 1689/1689 1690/1690 1530/1530
f 1536/1536 1689/1689 1530/1530
f 3203/3203 3210/3210 3209/3209
f 1537/1537 1536/1536 1529/1529
f 1537/1537 1529/1529 1538/1538
f 471/471 467/467 468/468
f 4943/4943 4941/4941 4940/4940
f 766/766 767/767 623/623
f 4943/4943 4940/4940 4942/4942
f 7/7 6/6 13/13
f 10/10 7/7 12/12
f 4798/4798 4792/4792 4794/4794
f 12/12 32/32 35/35
f 97/97 35/35 36/36
f 97/97 36/36 114/114
f 113/113 97/97 114/114
f 113/113 114/114 145/145
f 7894/7894 7890/7890 7904/7904
f 7883/7883 7882/7882 7884/7884
f 7867/7867 7866/7866 7868/7868
f 7865/7865 7866/7866 7867/7867
f 8212/8212 8203/8203 8210/8210
f 6066/6066 6131/6131 6063/6063
f 5582/5582 5531/5531 5594/5594
f 1065/1065 1045/1045 1027/1027
f 974/974 967/967 971/971
f 1647/1647 1654/1654 1655/1655
f 1679/1679 1678/1678 1676/1676
f 3240/3240 3242/3242 3243/3243
f 1689/1689 1676/1676 1690/1690
f 1536/1536 1530/1530 1529/1529
f 1294/1294 1290/1290 1312/1312
f 2/2 44/44 21/21
f 5/5 4/4 6/6
f 7/7 5/5 6/6
f 4795/4795 4794/4794 4790/4790
f 4795/4795 4790/4790 4791/4791
f 7853/7853 8032/8032 7858/7858
f 7861/7861 7862/7862 7863/7863
f 6066/6066 6064/6064 6147/6147
f 6066/6066 6147/6147 6131/6131
f 6789/6789 6761/6761 6784/6784
f 3207/3207 3215/3215 3212/3212
f 3207/3207 3212/3212 3210/3210
f 4940/4940 4939/4939 4938/4938
f 4941/4941 4939/4939 4940/4940
f 468/468 464/464 469/469
f 555/555 556/556 557/557
f 624/624 623/623 622/622
f 4942/4942 4940/4940 4938/4938
f 46/46 83/83 45/45
f 1758/1758 1765/1765 1783/1783
f 107/107 109/109 101/101
f 7904/7904 7888/7888 8094/8094
f 3678/3678 3668/3668 3677/3677
f 7861/7861 7859/7859 7862/7862
f 8217/8217 8209/8209 8216/8216
f 7863/7863 7862/7862 7874/7874
f 7866/7866 7869/7869 7868/7868
f 6064/6064 6068/6068 6147/6147
f 6065/6065 6068/6068 6064/6064
f 1027/1027 1045/1045 1028/1028
f 967/967 966/966 965/965
f 971/971 967/967 964/964
f 5760/5760 5761/5761 5758/5758
f 467/467 466/466 463/463
f 1530/1530 1528/1528 1529/1529
f 467/467 463/463 468/468
f 13/13 12/12 7/7
f 1765/1765 1785/1785 1783/1783
f 7884/7884 8094/8094 7885/7885
f 3677/3677 3676/3676 3682/3682
f 8180/8180 8179/8179 8178/8178
f 7859/7859 7858/7858 7994/7994
f 1444/1444 1469/1469 1488/1488
f 1044/1044 1042/1042 1045/1045
f 7869/7869 7870/7870 7868/7868
f 1045/1045 1042/1042 1028/1028
f 5251/5251 5254/5254 5253/5253
f 1027/1027 1020/1020 1015/1015
f 966/966 1015/1015 1014/1014
f 966/966 1014/1014 948/948
f 967/967 965/965 964/964
f 969/969 957/957 968/968
f 2638/2638 2639/2639 2640/2640
f 466/466 462/462 463/463
f 468/468 463/463 464/464
f 469/469 464/464 461/461
f 469/469 461/461 465/465
f 626/626 622/622 632/632
f 626/626 632/632 753/753
f 4792/4792 4788/4788 4789/4789
f 4793/4793 4788/4788 4792/4792
f 4794/4794 4792/4792 4789/4789
f 7890/7890 7888/7888 7904/7904
f 8094/8094 7888/7888 7885/7885
f 7883/7883 7884/7884 7885/7885
f 3694/3694 3682/3682 3695/3695
f 8179/8179 8176/8176 8178/8178
f 1074/1074 1063/1063 1043/1043
f 1044/1044 1074/1074 1043/1043
f 3658/3658 3663/3663 3667/3667
f 8180/8180 8178/8178 8181/8181
f 7858/7858 8077/8077 7994/7994
f 1044/1044 1041/1041 1042/1042
f 7859/7859 7994/7994 7862/7862
f 7870/7870 7871/7871 7868/7868
f 7868/7868 7871/7871 7872/7872
f 8210/8210 8203/8203 8204/8204
f 8210/8210 8204/8204 8211/8211
f 5531/5531 5593/5593 5594/5594
f 1027/1027 1028/1028 1020/1020
f 1015/1015 1020/1020 1014/1014
f 966/966 948/948 965/965
f 972/972 971/971 962/962
f 972/972 959/959 970/970
f 970/970 959/959 957/957
f 970/970 957/957 969/969
f 2640/2640 2639/2639 2641/2641
f 1962/1962 1961/1961 1960/1960
f 1690/1690 1676/1676 1677/1677
f 1690/1690 1637/1637 1530/1530
f 1529/1529 1528/1528 1526/1526
f 4939/4939 4927/4927 4938/4938
f 4942/4942 4938/4938 4930/4930
f 12/12 14/14 32/32
f 83/83 85/85 84/84
f 35/35 32/32 33/33
f 35/35 33/33 36/36
f 4794/4794 4789/4789 4790/4790
f 7892/7892 8131/8131 7891/7891
f 7892/7892 7891/7891 7890/7890
f 8181/8181 8178/8178 8182/8182
f 1372/1372 1379/1379 1417/1417
f 8216/8216 8209/8209 8205/8205
f 971/971 964/964 962/962
f 972/972 962/962 959/959
f 968/968 957/957 956/956
f 6762/6762 6779/6779 6773/6773
f 6762/6762 6773/6773 6760/6760
f 1673/1673 1675/1675 1676/1676
f 2192/2192 2191/2191 2200/2200
f 1676/1676 1675/1675 1677/1677
f 3209/3209 3214/3214 3213/3213
f 1530/1530 1637/1637 1696/1696
f 1530/1530 1696/1696 1528/1528
f 4938/4938 4927/4927 4929/4929
f 622/622 620/620 632/632
f 4938/4938 4929/4929 4930/4930
f 21/21 19/19 2/2
f 2/2 19/19 4/4
f 83/83 84/84 45/45
f 45/45 43/43 44/44
f 8131/8131 8078/8078 7891/7891
f 7885/7885 7886/7886 7883/7883
f 8176/8176 8177/8177 8178/8178
f 1044/1044 1043/1043 1041/1041
f 8205/8205 8202/8202 8203/8203
f 8203/8203 8199/8199 8204/8204
f 6784/6784 6761/6761 6783/6783
f 1673/1673 1655/1655 1674/1674
f 1673/1673 1674/1674 1675/1675
f 2193/2193 2177/2177 2190/2190
f 3209/3209 3213/3213 3211/3211
f 463/463 462/462 460/460
f 3209/3209 3210/3210 3214/3214
f 2668/2668 2639/2639 2667/2667
f 463/463 461/461 464/464
f 506/506 522/522 702/702
f 506/506 702/702 556/556
f 461/461 459/459 465/465
f 622/622 623/623 621/621
f 622/622 621/621 620/620
f 12/12 13/13 14/14
f 4790/4790 4789/4789 4787/4787
f 4790/4790 4787/4787 4791/4791
f 2378/2378 2379/2379 2380/2380
f 7888/7888 7887/7887 7885/7885
f 3682/3682 3676/3676 3695/3695
f 3667/3667 3697/3697 3691/3691
f 3667/3667 3691/3691 3668/3668
f 8016/8016 8015/8015 8014/8014
f 8077/8077 8014/8014 8012/8012
f 8222/8222 8225/8225 8223/8223
f 5248/5248 5250/5250 5259/5259
f 7862/7862 7994/7994 8090/8090
f 5594/5594 5593/5593 5548/5548
f 6760/6760 6773/6773 6761/6761
f 1961/1961 1959/1959 1960/1960
f 2200/2200 2191/2191 2202/2202
f 1690/1690 1677/1677 1637/1637
f 2190/2190 2177/2177 2189/2189
f 3210/3210 3212/3212 3214/3214
f 1526/1526 1528/1528 1525/1525
f 463/463 460/460 461/461
f 4927/4927 4926/4926 4929/4929
f 755/755 557/557 559/559
f 4793/4793 4796/4796 4788/4788
f 6/6 4/4 19/19
f 44/44 43/43 21/21
f 85/85 86/86 84/84
f 7890/7890 7891/7891 7889/7889
f 7888/7888 7890/7890 7889/7889
f 7885/7885 7887/7887 7886/7886
f 3667/3667 3663/3663 3697/3697
f 8178/8178 8184/8184 8182/8182
f 1488/1488 1469/1469 1483/1483
f 8222/8222 8223/8223 8224/8224
f 1042/1042 1041/1041 1040/1040
f 8205/8205 8209/8209 8206/8206
f 1028/1028 1042/1042 1040/1040
f 8088/8088 8086/8086 8087/8087
f 6147/6147 6068/6068 6148/6148
f 1014/1014 1020/1020 1007/1007
f 965/965 948/948 947/947
f 964/964 941/941 962/962
f 6784/6784 6783/6783 6785/6785
f 1983/1983 1984/1984 1986/1986
f 5761/5761 5762/5762 5758/5758
f 1674/1674 1655/1655 1656/1656
f 1674/1674 1656/1656 1675/1675
f 2191/2191 2176/2176 2202/2202
f 114/114 36/36 137/137
f 101/101 109/109 86/86
f 4789/4789 4786/4786 4787/4787
f 7888/7888 7889/7889 7887/7887
f 8013/8013 8012/8012 8014/8014
f 8012/8012 8006/8006 8090/8090
f 1473/1473 1483/1483 1477/1477
f 1469/1469 1468/1468 1483/1483
f 8209/8209 8214/8214 8206/8206
f 1028/1028 1040/1040 1020/1020
f 964/964 947/947 941/941
f 1655/1655 1654/1654 1656/1656
f 1675/1675 1656/1656 1677/1677
f 2176/2176 2178/2178 2202/2202
f 1677/1677 1636/1636 1637/1637
f 3212/3212 3220/3220 3214/3214
f 3215/3215 3220/3220 3212/3212
f 1526/1526 1525/1525 1524/1524
f 4926/4926 4925/4925 4924/4924
f 4927/4927 4925/4925 4926/4926
f 4789/4789 4788/4788 4784/4784
f 4789/4789 4784/4784 4786/4786
f 1785/1785 1786/1786 1783/1783
f 2380/2380 2379/2379 2381/2381
f 3664/3664 3717/3717 3697/3697
f 3663/3663 3664/3664 3697/3697
f 8012/8012 8013/8013 8007/8007
f 8012/8012 8007/8007 8006/8006
f 8205/8205 8206/8206 8202/8202
f 6131/6131 6147/6147 6525/6525
f 962/962 941/941 935/935
f 5707/5707 5704/5704 5706/5706
f 2177/2177 2180/2180 2175/2175
f 462/462 456/456 460/460
f 1696/1696 1575/1575 1528/1528
f 461/461 460/460 455/455
f 557/557 556/556 558/558
f 557/557 558/558 559/559
f 632/632 620/620 745/745
f 4796/4796 4785/4785 4788/4788
f 4929/4929 4926/4926 4922/4922
f 4930/4930 4929/4929 4922/4922
f 6/6 15/15 13/13
f 86/86 87/87 84/84
f 137/137 36/36 123/123
f 4787/4787 4786/4786 4783/4783
f 2379/2379 2382/2382 2381/2381
f 8078/8078 8037/8037 8038/8038
f 8078/8078 8038/8038 7988/7988
f 7891/7891 8078/8078 7988/7988
f 7891/7891 7988/7988 7889/7889
f 7889/7889 7905/7905 7887/7887
f 1043/1043 1063/1063 1038/1038
f 8013/8013 8039/8039 8007/8007
f 8090/8090 8006/8006 8009/8009
f 8202/8202 8200/8200 8199/8199
f 6147/6147 6148/6148 6525/6525
f 5593/5593 5546/5546 5548/5548
f 1020/1020 1039/1039 1024/1024
f 1040/1040 1039/1039 1020/1020
f 1020/1020 1024/1024 1007/1007
f 1014/1014 1007/1007 1004/1004
f 1014/1014 1004/1004 948/948
f 947/947 937/937 941/941
f 959/959 962/962 935/935
f 956/956 957/957 955/955
f 6779/6779 6780/6780 6773/6773
f 1654/1654 1657/1657 1656/1656
f 1696/1696 1637/1637 1575/1575
f 1528/1528 1575/1575 1525/1525
f 1525/1525 1523/1523 1524/1524
f 460/460 456/456 455/455
f 702/702 522/522 703/703
f 556/556 702/702 703/703
f 556/556 703/703 558/558
f 621/621 730/730 618/618
f 621/621 618/618 620/620
f 4788/4788 4785/4785 4784/4784
f 45/45 84/84 43/43
f 36/36 34/34 123/123
f 33/33 34/34 36/36
f 7886/7886 7887/7887 7990/7990
f 3654/3654 3657/3657 3653/3653
f 1041/1041 1043/1043 1038/1038
f 1041/1041 1038/1038 1040/1040
f 8087/8087 8086/8086 8085/8085
f 8087/8087 8085/8085 8089/8089
f 6068/6068 6149/6149 6148/6148
f 948/948 1004/1004 939/939
f 948/948 939/939 947/947
f 6779/6779 6781/6781 6780/6780
f 1677/1677 1656/1656 1713/1713
f 1677/1677 1713/1713 1636/1636
f 1637/1637 1636/1636 1624/1624
f 1637/1637 1624/1624 1575/1575
f 3214/3214 3217/3217 3213/3213
f 3215/3215 3221/3221 3220/3220
f 459/459 455/455 454/454
f 559/559 558/558 560/560
f 559/559 560/560 561/561
f 620/620 619/619 745/745
f 123/123 34/34 124/124
f 4786/4786 4784/4784 4783/4783
f 7889/7889 7988/7988 7905/7905
f 7887/7887 7905/7905 7906/7906
f 7887/7887 7906/7906 7990/7990
f 3697/3697 3696/3696 3691/3691
f 3668/3668 3691/3691 3673/3673
f 8196/8196 8197/8197 8198/8198
f 8009/8009 8006/8006 8008/8008
f 8009/8009 8008/8008 8010/8010
f 8206/8206 8207/8207 8202/8202
f 8199/8199 8200/8200 8201/8201
f 8086/8086 8084/8084 8085/8085
f 947/947 939/939 937/937
f 959/959 935/935 944/944
f 957/957 959/959 944/944
f 957/957 944/944 955/955
f 6761/6761 6773/6773 6783/6783
f 462/462 457/457 456/456
f 2178/2178 2179/2179 2202/2202
f 1636/1636 1635/1635 1624/1624
f 3213/3213 3217/3217 3219/3219
f 3221/3221 3222/3222 3220/3220
f 1524/1524 1523/1523 1522/1522
f 4925/4925 4919/4919 4924/4924
f 620/620 618/618 619/619
f 43/43 84/84 48/48
f 86/86 109/109 93/93
f 8037/8037 8036/8036 7988/7988
f 8038/8038 8037/8037 7988/7988
f 7990/7990 7917/7917 7984/7984
f 3668/3668 3675/3675 3677/3677
f 8006/8006 7985/7985 8005/8005
f 8006/8006 8005/8005 8008/8008
f 8202/8202 8207/8207 8215/8215
f 8202/8202 8215/8215 8200/8200
f 8200/8200 8208/8208 8201/8201
f 956/956 955/955 953/953
f 1713/1713 1671/1671 1635/1635
f 1959/1959 1958/1958 1960/1960
f 456/456 457/457 423/423
f 1713/1713 1635/1635 1636/1636
f 3214/3214 3223/3223 3217/3217
f 3214/3214 3220/3220 3224/3224
f 1523/1523 1525/1525 1527/1527
f 1522/1522 1523/1523 1521/1521
f 456/456 418/418 455/455
f 455/455 418/418 454/454
f 4924/4924 4919/4919 4920/4920
f 4926/4926 4924/4924 4920/4920
f 4926/4926 4920/4920 4922/4922
f 6/6 19/19 15/15
f 13/13 16/16 14/14
f 86/86 93/93 87/87
f 84/84 87/87 48/48
f 7905/7905 7988/7988 7908/7908
f 3677/3677 3675/3675 3676/3676
f 3717/3717 3716/3716 3697/3697
f 1483/1483 1484/1484 1477/1477
f 1468/1468 1470/1470 1484/1484
f 1483/1483 1468/1468 1484/1484
f 8008/8008 8011/8011 8010/8010
f 6148/6148 6150/6150 6155/6155
f 6148/6148 6155/6155 6525/6525
f 5548/5548 5546/5546 5547/5547
f 1713/1713 1656/1656 1671/1671
f 1959/1959 1957/1957 1958/1958
f 1624/1624 1635/1635 1623/1623
f 3219/3219 3217/3217 3121/3121
f 1575/1575 1624/1624 1703/1703
f 3214/3214 3224/3224 3223/3223
f 3220/3220 3222/3222 3224/3224
f 1525/1525 1575/1575 1527/1527
f 1522/1522 1521/1521 1520/1520
f 4919/4919 4917/4917 4920/4920
f 454/454 418/418 420/420
f 730/730 729/729 618/618
f 4784/4784 4785/4785 4781/4781
f 8845/8845 8846/8846 8844/8844
f 4922/4922 4921/4921 4923/4923
f 21/21 43/43 19/19
f 13/13 15/15 16/16
f 14/14 16/16 25/25
f 14/14 25/25 32/32
f 4783/4783 4784/4784 4781/4781
f 4783/4783 4781/4781 4782/4782
f 7905/7905 7908/7908 7907/7907
f 7905/7905 7907/7907 7906/7906
f 7990/7990 7906/7906 7907/7907
f 7990/7990 7907/7907 7917/7917
f 1038/1038 1063/1063 1037/1037
f 3697/3697 3716/3716 3696/3696
f 8007/8007 8039/8039 7985/7985
f 8008/8008 8005/8005 7915/7915
f 1040/1040 1038/1038 1031/1031
f 1040/1040 1031/1031 1039/1039
f 8200/8200 8215/8215 8208/8208
f 8085/8085 8084/8084 7930/7930
f 8085/8085 7930/7930 8089/8089
f 6148/6148 6149/6149 6150/6150
f 1007/1007 1024/1024 1017/1017
f 1007/1007 1017/1017 1006/1006
f 941/941 937/937 929/929
f 6780/6780 6781/6781 6782/6782
f 1982/1982 1989/1989 1984/1984
f 1656/1656 1657/1657 1658/1658
f 3221/3221 3225/3225 3222/3222
f 456/456 423/423 418/418
f 703/703 657/657 558/558
f 745/745 619/619 764/764
f 4922/4922 4920/4920 4921/4921
f 124/124 34/34 143/143
f 4797/4797 4783/4783 4780/4780
f 8036/8036 8035/8035 7988/7988
f 3695/3695 3676/3676 3690/3690
f 7984/7984 7917/7917 7981/7981
f 8008/8008 7915/7915 8011/8011
f 8010/8010 8011/8011 8061/8061
f 8084/8084 8082/8082 7930/7930
f 5549/5549 5547/5547 5580/5580
f 6149/6149 6519/6519 6151/6151
f 6149/6149 6151/6151 6150/6150
f 1007/1007 1006/1006 939/939
f 1007/1007 939/939 1004/1004
f 939/939 928/928 937/937
f 941/941 929/929 935/935
f 935/935 934/934 944/944
f 955/955 954/954 953/953
f 6780/6780 6782/6782 6773/6773
f 1984/1984 1989/1989 1986/1986
f 1656/1656 1658/1658 1659/1659
f 1671/1671 1656/1656 1659/1659
f 1635/1635 1671/1671 1623/1623
f 2181/2181 2183/2183 2185/2185
f 1624/1624 1623/1623 1622/1622
f 423/423 419/419 418/418
f 618/618 617/617 619/619
f 43/43 48/48 42/42
f 19/19 43/43 20/20
f 15/15 19/19 20/20
f 48/48 87/87 89/89
f 33/33 32/32 28/28
f 4783/4783 4782/4782 4780/4780
f 7988/7988 8035/8035 7910/7910
f 7908/7908 7988/7988 7910/7910
f 7917/7917 7907/7907 7913/7913
f 1038/1038 1037/1037 1033/1033
f 1470/1470 1504/1504 1484/1484
f 8208/8208 8215/8215 8218/8218
f 935/935 929/929 934/934
f 944/944 931/931 955/955
f 6783/6783 6786/6786 6785/6785
f 457/457 422/422 423/423
f 1623/1623 1618/1618 1622/1622
f 1624/1624 1622/1622 1703/1703
f 1523/1523 1527/1527 1521/1521
f 1300/1300 1260/1260 1304/1304
f 4917/4917 4916/4916 4913/4913
f 561/561 560/560 562/562
f 729/729 616/616 618/618
f 618/618 616/616 617/617
f 619/619 617/617 764/764
f 4921/4921 4917/4917 4918/4918
f 4923/4923 4918/4918 4928/4928
f 4921/4921 4918/4918 4923/4923
f 87/87 91/91 89/89
f 87/87 93/93 92/92
f 33/33 28/28 34/34
f 7908/7908 7910/7910 7909/7909
f 7908/7908 7909/7909 7907/7907
f 7907/7907 7912/7912 7913/7913
f 3676/3676 3675/3675 3672/3672
f 3676/3676 3672/3672 3690/3690
f 7981/7981 7917/7917 7913/7913
f 3668/3668 3673/3673 3675/3675
f 7981/7981 7913/7913 7985/7985
f 8039/8039 7981/7981 7985/7985
f 1470/1470 1457/1457 1504/1504
f 8011/8011 8064/8064 8061/8061
f 1039/1039 1031/1031 1017/1017
f 1039/1039 1017/1017 1024/1024
f 1017/1017 1008/1008 1006/1006
f 939/939 1006/1006 1003/1003
f 1671/1671 1659/1659 1670/1670
f 9029/9029 9025/9025 9026/9026
f 1671/1671 1670/1670 1623/1623
f 423/423 422/422 419/419
f 1575/1575 1703/1703 1574/1574
f 3222/3222 3226/3226 3224/3224
f 1575/1575 1574/1574 1527/1527
f 418/418 415/415 414/414
f 420/420 418/418 414/414
f 764/764 617/617 768/768
f 4918/4918 4913/4913 4914/4914
f 4917/4917 4913/4913 4918/4918
f 4781/4781 4778/4778 4779/4779
f 4781/4781 4780/4780 4782/4782
f 7909/7909 7911/7911 7907/7907
f 7907/7907 7911/7911 7912/7912
f 3716/3716 3718/3718 3696/3696
f 8005/8005 7985/7985 7915/7915
f 1038/1038 1033/1033 1031/1031
f 8011/8011 7915/7915 8064/8064
f 5538/5538 5541/5541 5591/5591
f 937/937 928/928 927/927
f 929/929 937/937 927/927
f 955/955 931/931 954/954
f 6773/6773 6782/6782 6798/6798
f 6773/6773 6798/6798 6783/6783
f 6783/6783 6798/6798 6786/6786
f 1958/1958 1957/1957 1955/1955
f 1623/1623 1670/1670 1617/1617
f 1618/1618 1623/1623 1617/1617
f 3223/3223 3113/3113 3217/3217
f 3217/3217 3113/3113 3121/3121
f 1521/1521 1517/1517 1520/1520
f 418/418 419/419 415/415
f 558/558 657/657 563/563
f 560/560 558/558 563/563
f 4913/4913 4912/4912 4914/4914
f 4918/4918 4914/4914 4915/4915
f 92/92 166/166 151/151
f 167/167 166/166 92/92
f 43/43 42/42 20/20
f 28/28 32/32 25/25
f 87/87 92/92 91/91
f 4781/4781 4779/4779 4780/4780
f 8842/8842 8849/8849 8850/8850
f 8189/8189 8188/8188 8185/8185
f 1504/1504 1457/1457 1455/1455
f 7985/7985 7913/7913 7915/7915
f 8221/8221 8220/8220 8215/8215
f 8215/8215 8219/8219 8218/8218
f 8082/8082 7986/7986 7930/7930
f 5682/5682 5679/5679 5681/5681
f 1006/1006 1008/1008 1003/1003
f 939/939 1003/1003 928/928
f 944/944 934/934 930/930
f 1986/1986 1989/1989 1990/1990
f 1957/1957 1956/1956 1955/1955
f 1622/1622 1618/1618 1621/1621
f 1527/1527 1574/1574 1535/1535
f 3222/3222 3225/3225 3226/3226
f 1521/1521 1527/1527 1535/1535
f 1520/1520 1517/1517 1519/1519
f 560/560 563/563 562/562
f 562/562 564/564 758/758
f 92/92 151/151 150/150
f 92/92 150/150 91/91
f 28/28 25/25 27/27
f 34/34 117/117 143/143
f 7913/7913 7914/7914 7915/7915
f 8083/8083 8113/8113 7986/7986
f 8082/8082 8083/8083 7986/7986
f 7930/7930 7986/7986 7928/7928
f 7930/7930 7928/7928 7929/7929
f 6519/6519 6153/6153 6151/6151
f 6155/6155 6154/6154 6525/6525
f 6150/6150 6151/6151 6152/6152
f 929/929 927/927 921/921
f 929/929 924/924 934/934
f 934/934 924/924 930/930
f 1955/1955 1956/1956 1953/1953
f 3120/3120 3113/3113 3115/3115
f 1703/1703 1621/1621 1574/1574
f 1521/1521 1518/1518 1517/1517
f 1519/1519 1517/1517 1516/1516
f 4916/4916 4908/4908 4913/4913
f 4913/4913 4909/4909 4912/4912
f 414/414 415/415 416/416
f 562/562 563/563 564/564
f 16/16 15/15 22/22
f 34/34 28/28 117/117
f 4779/4779 4777/4777 4780/4780
f 2384/2384 2386/2386 2387/2387
f 8185/8185 8188/8188 8186/8186
f 7971/7971 7969/7969 7970/7970
f 8185/8185 8186/8186 8187/8187
f 7909/7909 7910/7910 7987/7987
f 7911/7911 8118/8118 7912/7912
f 7913/7913 7912/7912 7914/7914
f 7915/7915 7914/7914 7916/7916
f 1031/1031 1033/1033 1032/1032
f 8064/8064 7915/7915 7980/7980
f 5554/5554 5552/5552 5555/5555
f 1031/1031 1030/1030 1017/1017
f 6155/6155 6150/6150 6154/6154
f 927/927 928/928 925/925
f 927/927 925/925 921/921
f 929/929 921/921 924/924
f 6781/6781 6813/6813 6782/6782
f 6785/6785 6786/6786 6787/6787
f 1659/1659 1658/1658 1660/1660
f 1670/1670 1659/1659 1669/1669
f 1670/1670 1669/1669 1617/1617
f 422/422 421/421 419/419
f 3226/3226 3140/3140 3224/3224
f 3225/3225 3227/3227 3226/3226
f 1521/1521 1535/1535 1531/1531
f 1518/1518 1521/1521 1531/1531
f 419/419 421/421 415/415
f 4913/4913 4908/4908 4909/4909
f 416/416 415/415 417/417
f 416/416 417/417 427/427
f 4906/4906 4909/4909 4904/4904
f 4907/4907 4906/4906 4903/4903
f 15/15 20/20 22/22
f 150/150 155/155 91/91
f 48/48 89/89 42/42
f 4779/4779 4776/4776 4777/4777
f 7909/7909 7987/7987 8118/8118
f 7909/7909 8118/8118 7911/7911
f 3691/3691 3696/3696 3673/3673
f 7912/7912 8118/8118 7914/7914
f 3718/3718 3721/3721 3696/3696
f 1037/1037 1036/1036 1033/1033
f 7980/7980 7915/7915 7916/7916
f 8113/8113 7980/7980 7979/7979
f 8113/8113 7979/7979 7986/7986
f 1030/1030 1031/1031 1032/1032
f 6150/6150 6152/6152 6154/6154
f 1017/1017 1030/1030 1008/1008
f 925/925 928/928 926/926
f 1617/1617 1669/1669 1597/1597
f 1618/1618 1611/1611 1621/1621
f 3224/3224 3140/3140 3229/3229
f 3224/3224 3229/3229 3228/3228
f 1535/1535 1574/1574 1573/1573
f 3227/3227 3141/3141 3226/3226
f 4909/4909 4908/4908 4904/4904
f 8879/8879 8878/8878 8880/8880
f 657/657 728/728 566/566
f 563/563 657/657 566/566
f 563/563 566/566 564/564
f 616/616 612/612 606/606
f 617/617 616/616 606/606
f 117/117 28/28 129/129
f 91/91 90/90 89/89
f 7980/7980 7916/7916 7979/7979
f 6151/6151 6153/6153 6152/6152
f 953/953 954/954 949/949
f 952/952 953/953 949/949
f 1658/1658 1672/1672 1660/1660
f 1659/1659 1660/1660 1598/1598
f 1669/1669 1659/1659 1598/1598
f 422/422 429/429 421/421
f 1617/1617 1597/1597 1611/1611
f 1618/1618 1617/1617 1611/1611
f 421/421 424/424 415/415
f 1256/1256 1266/1266 1298/1298
f 1519/1519 1516/1516 1532/1532
f 617/617 606/606 768/768
f 4779/4779 4778/4778 4776/4776
f 20/20 42/42 29/29
f 129/129 28/28 118/118
f 7970/7970 7967/7967 7987/7987
f 3690/3690 3672/3672 3684/3684
f 3696/3696 3721/3721 3707/3707
f 5474/5474 5476/5476 5477/5477
f 7979/7979 7919/7919 7986/7986
f 7928/7928 7921/7921 7927/7927
f 7928/7928 7927/7927 7929/7929
f 6153/6153 6156/6156 6152/6152
f 928/928 1003/1003 926/926
f 6782/6782 6813/6813 6812/6812
f 6798/6798 6812/6812 6800/6800
f 6782/6782 6812/6812 6798/6798
f 1989/1989 1991/1991 1990/1990
f 1598/1598 1660/1660 1613/1613
f 1956/1956 1954/1954 1953/1953
f 1669/1669 1598/1598 1597/1597
f 1621/1621 1611/1611 1612/1612
f 1621/1621 1612/1612 1573/1573
f 1535/1535 1573/1573 1571/1571
f 421/421 428/428 424/424
f 1535/1535 1571/1571 1531/1531
f 1516/1516 1518/1518 1533/1533
f 1298/1298 1266/1266 1306/1306
f 1532/1532 1516/1516 1533/1533
f 1532/1532 1533/1533 1534/1534
f 415/415 424/424 417/417
f 759/759 564/564 578/578
f 612/612 613/613 606/606
f 16/16 22/22 23/23
f 28/28 27/27 118/118
f 89/89 90/90 41/41
f 4776/4776 4769/4769 4777/4777
f 8118/8118 7973/7973 7974/7974
f 8190/8190 8191/8191 8192/8192
f 1037/1037 1114/1114 1036/1036
f 3675/3675 3673/3673 3672/3672
f 8118/8118 7982/7982 7914/7914
f 1456/1456 1466/1466 1497/1497
f 1033/1033 1036/1036 1035/1035
f 1033/1033 1035/1035 1032/1032
f 7979/7979 7916/7916 7919/7919
f 7919/7919 7920/7920 7921/7921
f 7986/7986 7919/7919 7921/7921
f 7986/7986 7921/7921 7928/7928
f 6152/6152 6156/6156 6157/6157
f 1003/1003 1008/1008 1005/1005
f 1003/1003 1005/1005 926/926
f 924/924 923/923 930/930
f 421/421 429/429 428/428
f 1597/1597 1582/1582 1611/1611
f 1531/1531 1571/1571 1542/1542
f 3238/3238 3142/3142 3227/3227
f 417/417 424/424 425/425
f 417/417 425/425 426/426
f 427/427 417/417 426/426
f 728/728 733/733 566/566
f 566/566 565/565 564/564
f 9028/9028 9021/9021 9020/9020
f 90/90 155/155 134/134
f 25/25 16/16 23/23
f 27/27 120/120 118/118
f 4777/4777 4769/4769 4772/4772
f 7969/7969 7967/7967 7970/7970
f 5485/5485 5484/5484 5486/5486
f 7987/7987 7967/7967 7973/7973
f 7987/7987 7973/7973 8118/8118
f 1032/1032 1035/1035 1034/1034
f 7916/7916 7914/7914 7918/7918
f 7916/7916 7918/7918 7919/7919
f 1032/1032 1034/1034 1030/1030
f 1034/1034 1046/1046 1030/1030
f 5556/5556 5568/5568 5579/5579
f 6152/6152 6157/6157 6518/6518
f 6730/6730 6731/6731 6732/6732
f 6152/6152 6518/6518 6154/6154
f 1008/1008 1047/1047 1016/1016
f 1008/1008 1016/1016 1005/1005
f 930/930 923/923 922/922
f 930/930 922/922 931/931
f 954/954 931/931 949/949
f 6812/6812 6813/6813 6806/6806
f 6798/6798 6800/6800 6786/6786
f 1598/1598 1613/1613 1587/1587
f 1597/1597 1587/1587 1582/1582
f 3228/3228 3107/3107 3113/3113
f 426/426 425/425 430/430
f 578/578 564/564 565/565
f 606/606 774/774 768/768
f 4778/4778 4775/4775 4776/4776
f 90/90 134/134 41/41
f 89/89 41/41 42/42
f 25/25 23/23 27/27
f 7969/7969 7968/7968 7967/7967
f 1036/1036 1114/1114 1056/1056
f 3673/3673 3696/3696 3683/3683
f 7914/7914 7982/7982 7918/7918
f 5555/5555 5556/5556 5557/5557
f 7919/7919 7918/7918 7920/7920
f 7921/7921 7920/7920 7922/7922
f 6453/6453 6452/6452 6451/6451
f 1030/1030 1047/1047 1008/1008
f 924/924 921/921 923/923
f 6813/6813 6809/6809 6806/6806
f 6812/6812 6806/6806 6805/6805
f 6812/6812 6805/6805 6800/6800
f 5851/5851 5850/5850 5849/5849
f 3229/3229 3106/3106 3107/3107
f 3228/3228 3229/3229 3107/3107
f 3140/3140 3231/3231 3229/3229
f 1573/1573 1612/1612 1577/1577
f 1542/1542 1571/1571 1570/1570
f 1533/1533 1543/1543 1544/1544
f 1266/1266 1286/1286 1306/1306
f 1533/1533 1544/1544 1534/1534
f 9019/9019 9020/9020 9018/9018
f 9020/9020 9021/9021 9018/9018
f 4895/4895 4892/4892 4902/4902
f 22/22 20/20 29/29
f 120/120 27/27 130/130
f 7967/7967 7972/7972 7973/7973
f 7973/7973 7972/7972 7974/7974
f 1036/1036 1056/1056 1035/1035
f 7920/7920 7918/7918 7931/7931
f 7921/7921 7922/7922 7923/7923
f 7921/7921 7923/7923 7927/7927
f 5579/5579 5570/5570 5572/5572
f 6156/6156 6158/6158 6157/6157
f 6730/6730 6732/6732 6733/6733
f 1672/1672 1668/1668 1660/1660
f 3110/3110 3108/3108 3105/3105
f 1612/1612 1610/1610 1577/1577
f 3140/3140 3139/3139 3231/3231
f 3140/3140 3138/3138 3139/3139
f 1573/1573 1577/1577 1569/1569
f 3141/3141 3142/3142 3138/3138
f 1571/1571 1569/1569 1570/1570
f 425/425 424/424 431/431
f 425/425 431/431 430/430
f 613/613 614/614 604/604
f 606/606 613/613 604/604
f 4776/4776 4775/4775 4770/4770
f 4776/4776 4770/4770 4769/4769
f 134/134 133/133 41/41
f 41/41 29/29 42/42
f 27/27 23/23 112/112
f 27/27 112/112 130/130
f 4772/4772 4769/4769 4771/4771
f 7967/7967 7966/7966 7965/7965
f 7968/7968 7966/7966 7967/7967
f 7918/7918 7982/7982 7932/7932
f 6174/6174 6173/6173 6172/6172
f 7922/7922 7924/7924 7923/7923
f 6158/6158 6159/6159 6157/6157
f 1030/1030 1046/1046 1047/1047
f 5598/5598 5576/5576 5575/5575
f 923/923 921/921 920/920
f 931/931 942/942 949/949
f 949/949 942/942 950/950
f 949/949 950/950 951/951
f 7671/7671 7675/7675 7672/7672
f 1951/1951 1952/1952 1953/1953
f 1954/1954 1951/1951 1953/1953
f 3108/3108 3100/3100 3105/3105
f 428/428 429/429 432/432
f 1611/1611 1582/1582 1579/1579
f 1611/1611 1579/1579 1612/1612
f 1610/1610 1612/1612 1605/1605
f 3142/3142 3143/3143 3138/3138
f 1578/1578 1542/1542 1570/1570
f 428/428 433/433 424/424
f 1544/1544 1543/1543 1545/1545
f 431/431 424/424 433/433
f 578/578 577/577 710/710
f 604/604 605/605 606/606
f 606/606 605/605 774/774
f 41/41 133/133 121/121
f 4769/4769 4770/4770 4771/4771
f 7967/7967 7965/7965 7972/7972
f 8191/8191 8194/8194 8193/8193
f 8191/8191 8193/8193 8192/8192
f 3696/3696 3707/3707 3683/3683
f 3672/3672 3673/3673 3674/3674
f 1035/1035 1056/1056 1034/1034
f 7918/7918 7932/7932 7931/7931
f 1034/1034 1048/1048 1046/1046
f 5392/5392 5395/5395 5390/5390
f 1016/1016 1018/1018 1005/1005
f 925/925 919/919 921/921
f 921/921 919/919 920/920
f 942/942 931/931 917/917
f 6805/6805 6806/6806 6801/6801
f 6805/6805 6801/6801 6800/6800
f 6786/6786 6801/6801 6802/6802
f 6800/6800 6801/6801 6786/6786
f 1990/1990 1991/1991 1994/1994
f 5849/5849 5850/5850 5847/5847
f 1660/1660 1668/1668 1665/1665
f 1613/1613 1660/1660 1665/1665
f 1587/1587 1613/1613 1580/1580
f 9041/9041 9033/9033 9038/9038
f 1612/1612 1579/1579 1605/1605
f 3229/3229 3231/3231 3114/3114
f 3229/3229 3114/3114 3106/3106
f 1578/1578 1570/1570 1566/1566
f 433/433 428/428 434/434
f 9017/9017 9018/9018 9016/9016
f 578/578 565/565 577/577
f 430/430 431/431 458/458
f 614/614 610/610 604/604
f 430/430 458/458 426/426
f 41/41 121/121 31/31
f 29/29 41/41 31/31
f 22/22 24/24 23/23
f 23/23 24/24 26/26
f 23/23 125/125 112/112
f 3672/3672 3674/3674 3684/3684
f 7982/7982 7939/7939 7932/7932
f 1056/1056 1049/1049 1034/1034
f 1034/1034 1049/1049 1048/1048
f 7931/7931 8042/8042 7920/7920
f 8042/8042 7983/7983 7920/7920
f 1046/1046 1048/1048 1047/1047
f 1016/1016 1047/1047 1018/1018
f 1005/1005 933/933 926/926
f 923/923 920/920 922/922
f 6806/6806 6809/6809 6808/6808
f 6806/6806 6808/6808 6807/6807
f 6806/6806 6807/6807 6801/6801
f 1580/1580 1613/1613 1604/1604
f 9041/9041 9038/9038 9035/9035
f 3106/3106 3114/3114 3098/3098
f 428/428 432/432 434/434
f 432/432 437/437 434/434
f 3143/3143 3151/3151 3137/3137
f 3143/3143 3137/3137 3138/3138
f 1578/1578 1566/1566 1545/1545
f 1545/1545 1547/1547 1546/1546
f 1286/1286 1313/1313 1309/1309
f 431/431 433/433 435/435
f 566/566 733/733 567/567
f 565/565 566/566 567/567
f 565/565 567/567 568/568
f 577/577 565/565 568/568
f 708/708 707/707 610/610
f 29/29 31/31 30/30
f 7966/7966 7964/7964 7965/7965
f 7972/7972 7965/7965 8034/8034
f 8194/8194 8195/8195 8193/8193
f 5562/5562 5559/5559 5564/5564
f 3673/3673 3683/3683 3674/3674
f 8229/8229 8230/8230 8231/8231
f 6173/6173 6169/6169 6172/6172
f 6451/6451 6449/6449 6450/6450
f 6159/6159 6160/6160 6157/6157
f 6518/6518 6157/6157 6176/6176
f 6518/6518 6176/6176 6180/6180
f 931/931 922/922 917/917
f 2053/2053 2052/2052 2051/2051
f 3728/3728 3729/3729 3730/3730
f 5752/5752 5812/5812 5811/5811
f 1978/1978 1976/1976 1977/1977
f 1581/1581 1580/1580 1604/1604
f 1951/1951 1950/1950 1952/1952
f 3139/3139 3138/3138 3134/3134
f 1569/1569 1577/1577 1576/1576
f 1569/1569 1566/1566 1570/1570
f 434/434 436/436 433/433
f 9033/9033 9017/9017 9013/9013
f 433/433 436/436 435/435
f 431/431 435/435 440/440
f 710/710 577/577 711/711
f 605/605 749/749 774/774
f 4770/4770 4775/4775 4773/4773
f 29/29 24/24 22/22
f 23/23 131/131 125/125
f 26/26 131/131 23/23
f 4770/4770 4773/4773 4771/4771
f 8034/8034 7958/7958 7939/7939
f 7958/7958 7934/7934 7939/7939
f 3684/3684 3674/3674 3703/3703
f 1114/1114 1079/1079 1056/1056
f 8719/8719 8723/8723 8650/8650
f 7932/7932 7939/7939 7934/7934
f 7932/7932 7934/7934 7933/7933
f 7932/7932 7933/7933 7931/7931
f 7931/7931 7975/7975 8042/8042
f 6157/6157 6160/6160 6176/6176
f 6180/6180 6176/6176 6179/6179
f 1047/1047 1048/1048 1053/1053
f 1047/1047 1053/1053 1018/1018
f 925/925 918/918 919/919
f 2053/2053 2055/2055 2052/2052
f 5778/5778 5810/5810 5776/5776
f 1579/1579 1583/1583 1601/1601
f 3114/3114 3101/3101 3096/3096
f 1579/1579 1601/1601 1605/1605
f 3114/3114 3231/3231 3103/3103
f 1605/1605 1602/1602 1603/1603
f 3138/3138 3137/3137 3134/3134
f 1569/1569 1576/1576 1567/1567
f 1546/1546 1547/1547 1548/1548
f 9013/9013 9017/9017 9016/9016
f 733/733 765/765 567/567
f 711/711 577/577 712/712
f 29/29 30/30 24/24
f 4771/4771 4773/4773 4774/4774
f 7965/7965 7964/7964 7963/7963
f 7965/7965 8097/8097 8034/8034
f 1056/1056 1061/1061 1049/1049
f 7931/7931 7933/7933 7975/7975
f 1048/1048 1049/1049 1050/1050
f 5697/5697 5699/5699 5701/5701
f 6450/6450 6449/6449 6448/6448
f 6169/6169 6168/6168 6172/6172
f 7924/7924 7925/7925 7923/7923
f 1005/1005 1018/1018 933/933
f 925/925 926/926 918/918
f 920/920 919/919 912/912
f 7081/7081 7094/7094 7072/7072
f 1249/1249 1238/1238 1242/1242
f 1242/1242 1224/1224 1241/1241
f 6802/6802 6801/6801 6803/6803
f 3097/3097 3099/3099 3105/3105
f 3231/3231 3134/3134 3103/3103
f 3151/3151 3152/3152 3137/3137
f 1566/1566 1567/1567 1568/1568
f 438/438 436/436 434/434
f 1293/1293 1345/1345 1313/1313
f 1549/1549 1548/1548 1550/1550
f 1549/1549 1550/1550 1551/1551
f 441/441 440/440 435/435
f 605/605 603/603 749/749
f 604/604 603/603 605/605
f 24/24 30/30 81/81
f 26/26 24/24 81/81
f 26/26 81/81 131/131
f 7963/7963 8097/8097 7965/7965
f 8034/8034 8097/8097 7958/7958
f 3707/3707 3706/3706 3683/3683
f 3674/3674 3700/3700 3703/3703
f 3721/3721 3720/3720 3707/3707
f 1056/1056 1079/1079 1061/1061
f 1497/1497 1466/1466 1503/1503
f 6448/6448 6449/6449 6445/6445
f 6448/6448 6445/6445 6447/6447
f 6179/6179 6176/6176 6177/6177
f 1436/1436 1462/1462 1390/1390
f 5387/5387 5389/5389 5390/5390
f 1018/1018 1053/1053 1054/1054
f 920/920 912/912 922/922
f 2050/2050 2049/2049 2034/2034
f 2035/2035 2050/2050 2034/2034
f 2052/2052 2048/2048 2031/2031
f 2051/2051 2052/2052 2031/2031
f 2051/2051 2031/2031 2040/2040
f 6801/6801 6811/6811 6804/6804
f 6807/6807 6811/6811 6801/6801
f 1242/1242 1241/1241 1254/1254
f 6801/6801 6804/6804 6803/6803
f 6803/6803 6804/6804 6810/6810
f 5815/5815 5805/5805 5816/5816
f 1584/1584 1581/1581 1604/1604
f 1951/1951 1948/1948 1950/1950
f 3099/3099 3102/3102 3105/3105
f 1583/1583 1585/1585 1601/1601
f 434/434 437/437 438/438
f 1605/1605 1601/1601 1602/1602
f 3134/3134 3132/3132 3103/3103
f 9035/9035 9038/9038 9015/9015
f 1576/1576 1603/1603 1600/1600
f 9033/9033 9013/9013 9015/9015
f 1553/1553 1550/1550 1554/1554
f 1553/1553 1556/1556 1562/1562
f 9013/9013 9014/9014 9012/9012
f 441/441 446/446 440/440
f 577/577 568/568 569/569
f 30/30 138/138 81/81
f 8834/8834 8832/8832 8830/8830
f 8830/8830 8832/8832 8829/8829
f 8768/8768 8867/8867 8770/8770
f 7936/7936 7934/7934 7958/7958
f 3683/3683 3706/3706 3685/3685
f 3674/3674 3685/3685 3699/3699
f 3683/3683 3685/3685 3674/3674
f 3674/3674 3699/3699 3700/3700
f 3707/3707 3720/3720 3706/3706
f 237/237 205/205 206/206
f 1466/1466 1443/1443 1503/1503
f 1049/1049 1062/1062 1050/1050
f 6168/6168 6169/6169 6167/6167
f 6169/6169 6170/6170 6167/6167
f 7923/7923 7925/7925 7926/7926
f 6158/6158 6165/6165 6159/6159
f 1018/1018 945/945 933/933
f 926/926 933/933 918/918
f 918/918 912/912 919/919
f 922/922 912/912 917/917
f 917/917 943/943 942/942
f 943/943 958/958 942/942
f 2042/2042 2029/2029 2026/2026
f 2042/2042 2026/2026 2043/2043
f 2043/2043 2026/2026 2030/2030
f 2035/2035 2034/2034 2029/2029
f 2029/2029 2034/2034 2027/2027
f 2029/2029 2027/2027 2026/2026
f 2030/2030 2026/2026 2028/2028
f 2048/2048 2030/2030 2031/2031
f 2030/2030 2028/2028 2031/2031
f 2034/2034 2036/2036 2027/2027
f 2031/2031 2032/2032 2040/2040
f 2040/2040 2032/2032 2045/2045
f 2034/2034 2044/2044 2036/2036
f 2032/2032 2041/2041 2045/2045
f 2036/2036 2044/2044 2039/2039
f 2045/2045 2041/2041 2054/2054
f 2044/2044 2046/2046 2039/2039
f 432/432 439/439 437/437
f 437/437 439/439 438/438
f 1603/1603 1602/1602 1600/1600
f 3134/3134 3137/3137 3136/3136
f 1567/1567 1576/1576 1607/1607
f 3152/3152 3149/3149 3137/3137
f 1568/1568 1567/1567 1572/1572
f 1572/1572 1567/1567 1625/1625
f 1564/1564 1561/1561 1560/1560
f 9015/9015 9013/9013 9010/9010
f 435/435 436/436 441/441
f 9010/9010 9013/9013 9012/9012
f 577/577 569/569 609/609
f 707/707 611/611 610/610
f 603/603 748/748 749/749
f 8834/8834 8876/8876 8832/8832
f 8831/8831 8829/8829 8832/8832
f 7964/7964 7962/7962 7963/7963
f 7958/7958 8097/8097 7936/7936
f 189/189 179/179 188/188
f 205/205 189/189 204/204
f 188/188 179/179 184/184
f 189/189 188/188 204/204
f 205/205 204/204 206/206
f 188/188 184/184 208/208
f 7934/7934 7935/7935 7933/7933
f 1049/1049 1061/1061 1062/1062
f 7933/7933 7937/7937 7975/7975
f 7975/7975 7937/7937 8042/8042
f 1050/1050 1062/1062 1059/1059
f 8231/8231 8230/8230 8232/8232
f 6447/6447 6445/6445 6446/6446
f 6168/6168 6167/6167 6165/6165
f 6160/6160 6159/6159 6161/6161
f 6176/6176 6163/6163 6177/6177
f 911/911 943/943 917/917
f 958/958 943/943 908/908
f 950/950 958/958 904/904
f 950/950 904/904 963/963
f 2026/2026 2027/2027 2028/2028
f 2028/2028 2027/2027 2033/2033
f 2031/2031 2028/2028 2032/2032
f 2027/2027 2036/2036 2038/2038
f 2033/2033 2027/2027 2038/2038
f 2033/2033 2038/2038 2037/2037
f 2028/2028 2033/2033 2037/2037
f 2028/2028 2037/2037 2032/2032
f 2032/2032 2037/2037 2041/2041
f 2038/2038 2036/2036 2039/2039
f 2038/2038 2039/2039 2037/2037
f 2037/2037 2039/2039 2047/2047
f 2037/2037 2047/2047 2041/2041
f 1977/1977 1976/1976 1974/1974
f 1604/1604 1608/1608 1586/1586
f 1584/1584 1604/1604 1586/1586
f 1950/1950 1948/1948 1949/1949
f 3122/3122 3126/3126 3104/3104
f 1589/1589 1601/1601 1585/1585
f 1602/1602 1589/1589 1600/1600
f 3137/3137 3146/3146 3136/3136
f 1567/1567 1607/1607 1616/1616
f 3137/3137 3149/3149 3146/3146
f 1567/1567 1616/1616 1625/1625
f 1625/1625 1616/1616 1626/1626
f 1554/1554 1555/1555 1556/1556
f 1556/1556 1555/1555 1557/1557
f 1559/1559 1558/1558 1560/1560
f 436/436 442/442 441/441
f 441/441 445/445 446/446
f 8765/8765 8763/8763 8764/8764
f 609/609 569/569 571/571
f 609/609 571/571 679/679
f 707/707 721/721 611/611
f 610/610 601/601 604/604
f 604/604 601/601 603/603
f 8830/8830 8829/8829 8828/8828
f 8097/8097 7940/7940 7936/7936
f 3699/3699 3685/3685 3724/3724
f 179/179 174/174 184/184
f 206/206 204/204 207/207
f 1425/1425 1408/1408 1513/1513
f 174/174 192/192 184/184
f 1061/1061 1107/1107 1062/1062
f 7935/7935 7937/7937 7933/7933
f 6160/6160 6161/6161 6163/6163
f 6176/6176 6160/6160 6163/6163
f 6177/6177 6163/6163 6178/6178
f 1462/1462 1495/1495 1394/1394
f 1050/1050 1051/1051 1048/1048
f 1048/1048 1052/1052 1053/1053
f 5391/5391 5389/5389 5393/5393
f 918/918 933/933 945/945
f 917/917 912/912 911/911
f 958/958 908/908 904/904
f 1948/1948 1947/1947 1945/1945
f 1948/1948 1945/1945 1949/1949
f 439/439 443/443 438/438
f 1607/1607 1600/1600 1609/1609
f 3150/3150 3153/3153 3148/3148
f 436/436 443/443 442/442
f 438/438 443/443 436/436
f 1556/1556 1557/1557 1558/1558
f 1559/1559 1556/1556 1558/1558
f 442/442 445/445 441/441
f 445/445 447/447 446/446
f 8764/8764 8763/8763 8762/8762
f 567/567 765/765 713/713
f 568/568 567/567 569/569
f 721/721 600/600 611/611
f 601/601 602/602 603/603
f 603/603 602/602 748/748
f 8832/8832 8876/8876 8831/8831
f 8829/8829 8831/8831 8826/8826
f 8929/8929 8931/8931 8930/8930
f 8828/8828 8829/8829 8826/8826
f 7962/7962 7942/7942 7963/7963
f 7936/7936 7935/7935 7934/7934
f 181/181 231/231 168/168
f 181/181 168/168 179/179
f 235/235 234/234 168/168
f 231/231 235/235 168/168
f 179/179 168/168 174/174
f 168/168 234/234 233/233
f 168/168 173/173 174/174
f 192/192 174/174 175/175
f 174/174 173/173 175/175
f 204/204 208/208 207/207
f 207/207 208/208 209/209
f 207/207 209/209 212/212
f 208/208 192/192 210/210
f 208/208 210/210 209/209
f 210/210 192/192 187/187
f 8107/8107 8042/8042 8106/8106
f 8042/8042 8105/8105 8106/8106
f 8712/8712 8655/8655 8814/8814
f 8649/8649 8655/8655 8712/8712
f 6170/6170 6171/6171 6167/6167
f 6167/6167 6166/6166 6165/6165
f 6165/6165 6162/6162 6159/6159
f 1050/1050 1059/1059 1051/1051
f 1048/1048 1051/1051 1052/1052
f 6434/6434 6427/6427 6428/6428
f 6434/6434 6438/6438 6427/6427
f 5387/5387 5388/5388 5389/5389
f 911/911 909/909 943/943
f 5322/5322 5324/5324 5323/5323
f 943/943 909/909 908/908
f 7675/7675 7674/7674 7672/7672
f 1974/1974 1976/1976 1975/1975
f 1588/1588 1586/1586 1608/1608
f 3122/3122 3124/3124 3126/3126
f 444/444 443/443 439/439
f 1600/1600 1589/1589 1599/1599
f 3134/3134 3135/3135 3133/3133
f 3134/3134 3133/3133 3132/3132
f 3146/3146 3148/3148 3147/3147
f 3146/3146 3147/3147 3136/3136
f 1633/1633 1628/1628 1627/1627
f 9015/9015 9010/9010 8989/8989
f 611/611 601/601 610/610
f 8928/8928 8929/8929 8930/8930
f 7961/7961 7942/7942 7962/7962
f 8097/8097 7942/7942 7940/7940
f 7963/7963 7942/7942 8097/8097
f 168/168 233/233 169/169
f 168/168 169/169 170/170
f 168/168 170/170 173/173
f 245/245 246/246 232/232
f 8643/8643 8644/8644 8641/8641
f 232/232 246/246 236/236
f 8644/8644 8649/8649 8641/8641
f 246/246 244/244 236/236
f 8042/8042 7937/7937 8105/8105
f 192/192 175/175 187/187
f 209/209 210/210 211/211
f 209/209 211/211 212/212
f 8649/8649 8712/8712 8641/8641
f 4536/4536 4537/4537 4540/4540
f 210/210 217/217 211/211
f 212/212 211/211 213/213
f 6171/6171 6175/6175 6167/6167
f 175/175 176/176 187/187
f 6446/6446 6445/6445 6417/6417
f 6446/6446 6417/6417 6454/6454
f 6167/6167 6175/6175 6166/6166
f 1391/1391 1452/1452 1453/1453
f 211/211 217/217 216/216
f 6165/6165 6166/6166 6162/6162
f 6159/6159 6162/6162 6161/6161
f 244/244 248/248 242/242
f 187/187 176/176 202/202
f 1452/1452 1394/1394 1509/1509
f 217/217 202/202 216/216
f 1394/1394 1496/1496 1509/1509
f 6163/6163 6181/6181 6178/6178
f 216/216 202/202 201/201
f 6428/6428 6429/6429 6430/6430
f 1053/1053 1052/1052 1054/1054
f 916/916 918/918 938/938
f 912/912 918/918 916/916
f 912/912 916/916 915/915
f 911/911 912/912 910/910
f 911/911 910/910 909/909
f 963/963 904/904 902/902
f 1947/1947 1946/1946 1945/1945
f 1599/1599 1589/1589 1591/1591
f 1642/1642 1638/1638 1641/1641
f 1607/1607 1615/1615 1616/1616
f 1627/1627 1616/1616 1619/1619
f 1634/1634 1633/1633 1627/1627
f 9010/9010 9011/9011 8990/8990
f 442/442 448/448 445/445
f 9011/9011 9036/9036 9032/9032
f 445/445 453/453 447/447
f 8763/8763 8770/8770 8760/8760
f 679/679 571/571 678/678
f 8828/8828 8826/8826 8827/8827
f 8798/8798 8799/8799 8796/8796
f 7940/7940 7938/7938 7936/7936
f 7936/7936 7938/7938 7935/7935
f 7937/7937 8056/8056 8105/8105
f 4537/4537 4536/4536 4531/4531
f 175/175 173/173 172/172
f 172/172 176/176 175/175
f 6171/6171 6522/6522 6175/6175
f 6445/6445 6418/6418 6417/6417
f 236/236 244/244 242/242
f 213/213 211/211 214/214
f 213/213 214/214 215/215
f 6163/6163 6161/6161 6164/6164
f 202/202 176/176 201/201
f 211/211 216/216 214/214
f 216/216 201/201 214/214
f 176/176 178/178 201/201
f 6428/6428 6425/6425 6429/6429
f 214/214 201/201 200/200
f 6428/6428 6427/6427 6425/6425
f 1054/1054 973/973 1018/1018
f 1018/1018 973/973 945/945
f 918/918 945/945 938/938
f 910/910 912/912 915/915
f 1590/1590 1588/1588 1608/1608
f 3124/3124 3127/3127 3131/3131
f 3124/3124 3131/3131 3130/3130
f 8991/8991 9034/9034 8989/8989
f 3133/3133 3135/3135 3144/3144
f 1627/1627 1619/1619 1632/1632
f 1634/1634 1627/1627 1632/1632
f 1634/1634 1632/1632 1638/1638
f 443/443 450/450 442/442
f 450/450 448/448 442/442
f 9010/9010 8990/8990 8989/8989
f 8990/8990 9011/9011 9032/9032
f 567/567 713/713 570/570
f 569/569 567/567 570/570
f 569/569 570/570 571/571
f 678/678 571/571 677/677
f 8876/8876 8833/8833 8831/8831
f 8643/8643 8645/8645 8710/8710
f 8645/8645 8643/8643 8642/8642
f 7935/7935 7976/7976 7937/7937
f 169/169 232/232 185/185
f 173/173 170/170 172/172
f 236/236 242/242 243/243
f 176/176 172/172 177/177
f 6181/6181 6163/6163 6164/6164
f 176/176 177/177 178/178
f 6181/6181 6164/6164 6182/6182
f 242/242 247/247 241/241
f 6430/6430 6429/6429 6431/6431
f 215/215 214/214 218/218
f 214/214 219/219 218/218
f 1051/1051 1058/1058 1052/1052
f 214/214 200/200 219/219
f 201/201 178/178 200/200
f 1058/1058 1055/1055 1052/1052
f 200/200 203/203 219/219
f 1054/1054 1052/1052 1055/1055
f 1054/1054 1055/1055 973/973
f 908/908 909/909 906/906
f 908/908 905/905 904/904
f 1590/1590 1608/1608 1606/1606
f 1946/1946 1944/1944 1945/1945
f 8991/8991 8989/8989 8988/8988
f 449/449 443/443 444/444
f 1609/1609 1599/1599 1615/1615
f 1641/1641 1638/1638 1640/1640
f 3135/3135 3145/3145 3144/3144
f 1632/1632 1631/1631 1638/1638
f 8988/8988 8989/8989 8987/8987
f 8987/8987 8990/8990 8986/8986
f 8989/8989 8990/8990 8987/8987
f 8986/8986 8990/8990 9032/9032
f 448/448 451/451 445/445
f 8986/8986 9032/9032 8994/8994
f 451/451 453/453 445/445
f 741/741 597/597 773/773
f 773/773 597/597 600/600
f 611/611 600/600 601/601
f 7942/7942 7941/7941 7940/7940
f 8890/8890 8710/8710 8801/8801
f 7940/7940 7941/7941 7938/7938
f 8710/8710 8645/8645 8642/8642
f 7938/7938 7976/7976 7935/7935
f 169/169 185/185 171/171
f 169/169 171/171 170/170
f 6609/6609 6610/6610 6611/6611
f 6454/6454 6417/6417 6419/6419
f 6419/6419 6417/6417 6416/6416
f 6175/6175 6526/6526 6166/6166
f 6161/6161 6162/6162 6526/6526
f 6161/6161 6526/6526 6164/6164
f 243/243 242/242 229/229
f 242/242 241/241 229/229
f 177/177 182/182 178/178
f 6438/6438 6433/6433 6427/6427
f 200/200 178/178 191/191
f 218/218 219/219 220/220
f 218/218 220/220 226/226
f 200/200 191/191 203/203
f 220/220 221/221 223/223
f 221/221 203/203 222/222
f 221/221 222/222 223/223
f 908/908 906/906 905/905
f 1975/1975 1973/1973 1974/1974
f 1974/1974 1973/1973 1972/1972
f 9037/9037 9034/9034 8991/8991
f 1590/1590 1606/1606 1592/1592
f 1944/1944 1943/1943 1945/1945
f 1599/1599 1591/1591 1593/1593
f 1638/1638 1639/1639 1640/1640
f 443/443 449/449 450/450
f 1632/1632 1619/1619 1631/1631
f 1638/1638 1631/1631 1639/1639
f 9009/9009 8958/8958 9031/9031
f 704/704 677/677 573/573
f 8986/8986 8994/8994 8992/8992
f 602/602 769/769 748/748
f 8826/8826 8831/8831 8833/8833
f 8890/8890 8801/8801 8713/8713
f 7941/7941 7943/7943 7938/7938
f 7937/7937 7976/7976 8056/8056
f 8641/8641 8715/8715 8638/8638
f 6394/6394 6393/6393 6390/6390
f 6611/6611 6610/6610 6612/6612
f 6166/6166 6526/6526 6162/6162
f 185/185 236/236 186/186
f 236/236 243/243 186/186
f 185/185 186/186 171/171
f 170/170 171/171 172/172
f 172/172 171/171 177/177
f 6182/6182 6164/6164 6183/6183
f 243/243 229/229 186/186
f 241/241 230/230 229/229
f 177/177 183/183 182/182
f 6427/6427 6426/6426 6425/6425
f 178/178 182/182 190/190
f 6427/6427 6433/6433 6426/6426
f 178/178 190/190 191/191
f 6438/6438 6439/6439 6433/6433
f 191/191 195/195 203/203
f 220/220 223/223 224/224
f 220/220 224/224 226/226
f 203/203 195/195 222/222
f 223/223 222/222 224/224
f 226/226 224/224 228/228
f 222/222 225/225 224/224
f 1119/1119 1100/1100 1120/1120
f 224/224 225/225 227/227
f 224/224 227/227 228/228
f 945/945 973/973 961/961
f 945/945 961/961 938/938
f 909/909 910/910 906/906
f 1592/1592 1606/1606 1594/1594
f 1944/1944 1942/1942 1943/1943
f 2150/2150 2145/2145 2151/2151
f 1599/1599 1593/1593 1596/1596
f 2146/2146 2144/2144 2145/2145
f 1615/1615 1596/1596 1619/1619
f 8988/8988 8987/8987 8984/8984
f 8957/8957 8958/8958 9009/9009
f 8987/8987 8986/8986 8984/8984
f 8984/8984 8986/8986 8985/8985
f 8986/8986 8992/8992 8985/8985
f 677/677 571/571 573/573
f 741/741 595/595 597/597
f 600/600 599/599 601/601
f 601/601 599/599 602/602
f 8760/8760 8871/8871 8787/8787
f 8833/8833 8825/8825 8826/8826
f 8825/8825 8824/8824 8826/8826
f 8826/8826 8824/8824 8827/8827
f 7961/7961 7960/7960 7942/7942
f 7942/7942 7960/7960 7941/7941
f 7944/7944 7943/7943 7941/7941
f 7943/7943 7976/7976 7938/7938
f 7976/7976 8067/8067 8056/8056
f 8642/8642 8641/8641 8640/8640
f 8056/8056 8067/8067 8105/8105
f 8641/8641 8638/8638 8640/8640
f 4534/4534 4532/4532 4531/4531
f 6417/6417 6418/6418 6414/6414
f 6417/6417 6414/6414 6416/6416
f 6393/6393 6392/6392 6390/6390
f 171/171 186/186 180/180
f 171/171 180/180 177/177
f 6429/6429 6432/6432 6431/6431
f 4515/4515 4514/4514 4504/4504
f 4507/4507 4515/4515 4504/4504
f 186/186 229/229 180/180
f 6429/6429 6456/6456 6432/6432
f 4504/4504 4505/4505 4507/4507
f 4507/4507 4505/4505 4490/4490
f 229/229 230/230 180/180
f 180/180 183/183 177/177
f 6425/6425 6456/6456 6429/6429
f 183/183 193/193 182/182
f 182/182 193/193 190/190
f 190/190 194/194 191/191
f 194/194 195/195 191/191
f 222/222 195/195 197/197
f 222/222 197/197 225/225
f 227/227 238/238 228/228
f 973/973 983/983 961/961
f 938/938 961/961 960/960
f 906/906 910/910 907/907
f 904/904 903/903 902/902
f 1972/1972 1973/1973 1970/1970
f 9037/9037 8991/8991 8981/8981
f 2145/2145 2142/2142 2149/2149
f 452/452 450/450 449/449
f 8984/8984 8991/8991 8988/8988
f 8956/8956 8955/8955 8957/8957
f 1596/1596 1620/1620 1619/1619
f 1619/1619 1629/1629 1631/1631
f 8957/8957 8955/8955 8958/8958
f 8954/8954 9031/9031 8958/8958
f 8954/8954 9001/9001 9031/9031
f 8985/8985 8992/8992 8993/8993
f 570/570 713/713 723/723
f 8762/8762 8760/8760 8749/8749
f 607/607 573/573 574/574
f 742/742 595/595 741/741
f 600/600 597/597 599/599
f 602/602 599/599 769/769
f 8759/8759 8796/8796 8795/8795
f 8797/8797 8796/8796 8759/8759
f 7961/7961 7977/7977 7960/7960
f 8705/8705 8713/8713 8703/8703
f 8703/8703 8713/8713 8785/8785
f 7941/7941 7960/7960 7944/7944
f 8713/8713 8801/8801 8785/8785
f 8801/8801 8786/8786 8785/8785
f 8786/8786 8642/8642 8652/8652
f 8642/8642 8640/8640 8652/8652
f 7976/7976 8018/8018 8067/8067
f 8067/8067 8080/8080 8105/8105
f 8638/8638 8653/8653 8637/8637
f 6416/6416 6414/6414 6326/6326
f 6416/6416 6326/6326 6508/6508
f 6392/6392 6388/6388 6390/6390
f 6390/6390 6387/6387 6526/6526
f 6164/6164 6526/6526 6186/6186
f 5425/5425 5424/5424 5426/5426
f 4514/4514 4497/4497 4504/4504
f 4507/4507 4490/4490 4493/4493
f 230/230 196/196 180/180
f 183/183 196/196 198/198
f 180/180 196/196 183/183
f 6425/6425 6319/6319 6456/6456
f 6426/6426 6424/6424 6425/6425
f 6425/6425 6424/6424 6319/6319
f 183/183 198/198 193/193
f 190/190 199/199 194/194
f 195/195 194/194 197/197
f 1119/1119 1118/1118 1100/1100
f 227/227 240/240 239/239
f 227/227 239/239 238/238
f 915/915 916/916 914/914
f 1595/1595 1594/1594 1614/1614
f 1942/1942 1940/1940 1943/1943
f 2148/2148 2139/2139 2135/2135
f 1619/1619 1620/1620 1629/1629
f 1631/1631 1629/1629 1643/1643
f 1631/1631 1643/1643 1639/1639
f 2143/2143 2153/2153 2140/2140
f 8955/8955 8954/8954 8958/8958
f 8984/8984 8985/8985 8983/8983
f 8954/8954 8952/8952 9001/9001
f 8985/8985 8993/8993 8995/8995
f 8952/8952 9003/9003 9001/9001
f 571/571 570/570 572/572
f 571/571 572/572 573/573
f 573/573 572/572 574/574
f 9001/9001 9003/9003 9006/9006
f 8749/8749 8760/8760 8750/8750
f 607/607 574/574 608/608
f 742/742 596/596 595/595
f 597/597 598/598 599/599
f 8760/8760 8787/8787 8750/8750
f 8823/8823 8825/8825 8833/8833
f 7943/7943 7944/7944 7945/7945
f 7943/7943 7945/7945 7976/7976
f 7945/7945 8018/8018 7976/7976
f 6508/6508 6326/6326 6421/6421
f 6392/6392 6389/6389 6388/6388
f 6390/6390 6388/6388 6387/6387
f 5427/5427 5425/5425 5426/5426
f 6164/6164 6186/6186 6184/6184
f 6164/6164 6184/6184 6183/6183
f 4514/4514 4516/4516 4497/4497
f 4501/4501 4493/4493 4498/4498
f 190/190 193/193 199/199
f 1118/1118 1113/1113 1098/1098
f 1118/1118 895/895 1100/1100
f 936/936 914/914 916/916
f 915/915 914/914 910/910
f 902/902 903/903 900/900
f 2136/2136 2155/2155 2154/2154
f 1595/1595 1614/1614 1630/1630
f 1942/1942 1941/1941 1940/1940
f 2137/2137 2136/2136 2135/2135
f 2140/2140 2130/2130 2132/2132
f 8981/8981 8984/8984 8983/8983
f 2133/2133 2148/2148 2135/2135
f 2140/2140 2128/2128 2130/2130
f 8956/8956 8953/8953 8955/8955
f 8981/8981 8983/8983 8982/8982
f 8955/8955 8953/8953 8954/8954
f 8983/8983 8985/8985 9007/9007
f 8985/8985 8995/8995 8996/8996
f 9007/9007 8985/8985 8996/8996
f 8952/8952 9004/9004 9003/9003
f 570/570 723/723 572/572
f 8996/8996 8995/8995 8997/8997
f 658/658 594/594 596/596
f 595/595 596/596 594/594
f 599/599 776/776 769/769
f 8787/8787 8759/8759 8750/8750
f 8750/8750 8759/8759 8751/8751
f 8751/8751 8759/8759 8756/8756
f 8756/8756 8759/8759 8795/8795
f 8704/8704 8705/8705 8703/8703
f 7977/7977 7951/7951 7960/7960
f 7960/7960 7946/7946 7944/7944
f 7946/7946 7945/7945 7944/7944
f 8018/8018 8075/8075 8067/8067
f 8067/8067 8075/8075 8080/8080
f 4534/4534 4538/4538 4535/4535
f 6421/6421 6326/6326 6327/6327
f 6389/6389 6391/6391 6383/6383
f 6389/6389 6383/6383 6388/6388
f 6734/6734 6735/6735 6736/6736
f 6747/6747 6749/6749 6750/6750
f 6183/6183 6184/6184 6185/6185
f 6747/6747 6748/6748 6749/6749
f 6190/6190 6185/6185 6189/6189
f 4491/4491 4497/4497 4494/4494
f 4491/4491 4494/4494 4489/4489
f 4490/4490 4489/4489 4492/4492
f 4493/4493 4490/4490 4492/4492
f 6433/6433 6442/6442 6426/6426
f 4501/4501 4498/4498 4502/4502
f 4501/4501 4502/4502 4503/4503
f 4503/4503 4502/4502 4509/4509
f 4509/4509 4512/4512 4513/4513
f 1113/1113 1116/1116 1112/1112
f 1098/1098 1113/1113 1112/1112
f 1118/1118 1098/1098 1085/1085
f 1118/1118 1085/1085 895/895
f 1096/1096 1100/1100 895/895
f 895/895 1025/1025 1096/1096
f 1096/1096 1025/1025 984/984
f 1096/1096 984/984 983/983
f 983/983 984/984 961/961
f 961/961 984/984 960/960
f 916/916 938/938 936/936
f 910/910 914/914 913/913
f 904/904 905/905 903/903
f 1970/1970 1937/1937 1969/1969
f 8980/8980 8981/8981 8979/8979
f 8981/8981 8982/8982 8979/8979
f 1968/1968 1937/1937 1933/1933
f 1968/1968 1933/1933 1979/1979
f 1979/1979 1933/1933 1938/1938
f 1941/1941 1939/1939 1940/1940
f 9005/9005 8959/8959 8953/8953
f 8979/8979 8982/8982 9007/9007
f 8953/8953 8959/8959 8951/8951
f 8953/8953 8951/8951 8952/8952
f 8982/8982 8983/8983 9007/9007
f 8954/8954 8953/8953 8952/8952
f 8951/8951 8946/8946 8952/8952
f 9007/9007 8996/8996 8998/8998
f 9048/9048 9049/9049 9050/9050
f 8996/8996 8997/8997 8998/8998
f 8946/8946 8945/8945 8947/8947
f 4560/4560 4561/4561 4562/4562
f 608/608 576/576 660/660
f 660/660 576/576 661/661
f 658/658 615/615 594/594
f 595/595 594/594 592/592
f 597/597 595/595 592/592
f 597/597 592/592 598/598
f 8825/8825 8823/8823 8824/8824
f 8823/8823 8821/8821 8824/8824
f 2408/2408 2401/2401 2399/2399
f 7977/7977 7953/7953 7951/7951
f 8678/8678 8704/8704 8703/8703
f 7960/7960 7951/7951 7946/7946
f 8703/8703 8785/8785 8665/8665
f 7946/7946 7947/7947 7945/7945
f 8646/8646 8640/8640 8639/8639
f 8639/8639 8638/8638 8634/8634
f 8638/8638 8637/8637 8634/8634
f 4539/4539 4541/4541 4538/4538
f 4539/4539 4538/4538 4534/4534
f 6421/6421 6327/6327 6331/6331
f 6391/6391 6384/6384 6383/6383
f 6388/6388 6383/6383 6387/6387
f 6326/6326 6414/6414 6325/6325
f 6456/6456 6319/6319 6422/6422
f 4489/4489 4494/4494 4492/4492
f 4498/4498 4493/4493 4492/4492
f 4509/4509 4502/4502 4508/4508
f 4512/4512 4509/4509 4508/4508
f 1085/1085 1067/1067 874/874
f 1098/1098 1067/1067 1085/1085
f 895/895 1085/1085 874/874
f 938/938 960/960 936/936
f 1938/1938 1933/1933 1936/1936
f 1939/1939 1938/1938 1936/1936
f 1939/1939 1936/1936 1940/1940
f 9045/9045 9046/9046 9047/9047
f 8977/8977 8979/8979 8976/8976
f 8979/8979 9007/9007 8976/8976
f 8976/8976 9007/9007 8975/8975
f 8959/8959 9002/9002 8951/8951
f 9002/9002 8950/8950 8951/8951
f 8975/8975 9007/9007 8972/8972
f 8951/8951 8950/8950 8946/8946
f 9057/9057 9058/9058 9059/9059
f 9059/9059 9058/9058 9060/9060
f 8950/8950 8949/8949 8946/8946
f 574/574 572/572 575/575
f 574/574 575/575 576/576
f 8972/8972 8999/8999 8973/8973
f 8972/8972 8973/8973 8971/8971
f 8949/8949 8943/8943 8946/8946
f 8945/8945 8946/8946 8943/8943
f 8749/8749 8750/8750 8748/8748
f 576/576 579/579 661/661
f 661/661 579/579 665/665
f 8943/8943 8948/8948 8944/8944
f 8949/8949 8948/8948 8943/8943
f 594/594 589/589 592/592
f 615/615 589/589 594/594
f 8748/8748 8750/8750 8751/8751
f 8820/8820 8821/8821 8823/8823
f 8751/8751 8756/8756 8753/8753
f 8704/8704 8678/8678 8714/8714
f 7953/7953 7952/7952 7951/7951
f 8703/8703 8665/8665 8678/8678
f 7948/7948 7947/7947 7946/7946
f 7947/7947 7978/7978 7945/7945
f 7945/7945 7978/7978 8018/8018
f 8018/8018 7978/7978 8075/8075
f 4534/4534 4542/4542 4539/4539
f 8634/8634 8635/8635 8636/8636
f 6384/6384 6385/6385 6382/6382
f 6384/6384 6382/6382 6383/6383
f 6387/6387 6383/6383 6381/6381
f 4494/4494 4495/4495 4492/4492
f 5367/5367 5363/5363 5385/5385
f 1112/1112 1116/1116 1099/1099
f 1098/1098 1112/1112 1099/1099
f 1098/1098 1099/1099 1067/1067
f 895/895 874/874 869/869
f 1025/1025 895/895 869/869
f 1025/1025 1093/1093 984/984
f 910/910 913/913 907/907
f 905/905 906/906 903/903
f 1937/1937 1967/1967 1934/1934
f 1933/1933 1937/1937 1934/1934
f 8980/8980 8979/8979 8977/8977
f 1936/1936 1933/1933 1935/1935
f 9046/9046 9045/9045 9042/9042
f 8977/8977 8976/8976 8974/8974
f 8976/8976 8975/8975 8974/8974
f 9042/9042 9043/9043 9044/9044
f 8966/8966 9000/9000 9002/9002
f 9000/9000 8950/8950 9002/9002
f 8975/8975 8972/8972 8974/8974
f 8974/8974 8972/8972 8970/8970
f 9000/9000 8960/8960 8950/8950
f 8950/8950 8960/8960 8949/8949
f 8970/8970 8972/8972 8971/8971
f 8970/8970 8971/8971 8963/8963
f 8970/8970 8963/8963 8961/8961
f 8960/8960 8961/8961 8949/8949
f 8961/8961 8963/8963 8962/8962
f 8949/8949 8961/8961 8962/8962
f 8949/8949 8962/8962 8964/8964
f 665/665 579/579 581/581
f 665/665 581/581 706/706
f 706/706 581/581 709/709
f 9051/9051 9052/9052 9053/9053
f 705/705 685/685 589/589
f 8943/8943 8944/8944 8945/8945
f 598/598 775/775 599/599
f 776/776 599/599 775/775
f 8752/8752 8751/8751 8753/8753
f 8753/8753 8756/8756 8757/8757
f 8714/8714 8678/8678 8728/8728
f 8729/8729 8714/8714 8728/8728
f 8678/8678 8665/8665 8656/8656
f 7952/7952 7948/7948 7951/7951
f 7946/7946 7951/7951 7948/7948
f 8656/8656 8665/8665 8646/8646
f 8656/8656 8646/8646 8647/8647
f 7947/7947 7950/7950 7978/7978
f 8647/8647 8646/8646 8639/8639
f 8639/8639 8634/8634 8654/8654
f 4542/4542 4543/4543 4539/4539
f 4539/4539 4543/4543 4559/4559
f 6326/6326 6324/6324 6327/6327
f 6383/6383 6382/6382 6381/6381
f 6326/6326 6325/6325 6324/6324
f 6735/6735 6737/6737 6736/6736
f 6325/6325 6415/6415 6420/6420
f 6424/6424 6442/6442 6440/6440
f 6424/6424 6423/6423 6319/6319
f 4492/4492 4499/4499 4498/4498
f 6439/6439 6474/6474 6433/6433
f 4502/4502 4498/4498 4500/4500
f 4508/4508 4502/4502 4500/4500
f 1093/1093 1025/1025 869/869
f 960/960 1093/1093 986/986
f 984/984 1093/1093 960/960
f 869/869 986/986 1093/1093
f 903/903 946/946 900/900
f 1933/1933 1934/1934 1935/1935
f 1934/1934 1980/1980 1935/1935
f 8977/8977 8974/8974 8978/8978
f 8978/8978 8974/8974 9008/9008
f 8967/8967 8968/8968 8965/8965
f 8967/8967 8966/8966 8969/8969
f 8967/8967 8965/8965 8966/8966
f 9042/9042 9045/9045 9043/9043
f 9054/9054 9055/9055 9056/9056
f 8968/8968 9008/9008 8961/8961
f 8968/8968 8961/8961 8965/8965
f 8965/8965 8961/8961 8960/8960
f 8966/8966 8960/8960 9000/9000
f 8965/8965 8960/8960 8966/8966
f 8974/8974 8970/8970 9008/9008
f 8961/8961 9008/9008 8970/8970
f 723/723 740/740 572/572
f 579/579 576/576 575/575
f 8746/8746 8749/8749 8748/8748
f 709/709 581/581 720/720
f 720/720 583/583 670/670
f 670/670 583/583 668/668
f 686/686 669/669 588/588
f 685/685 686/686 588/588
f 589/589 685/685 588/588
f 589/589 587/587 592/592
f 592/592 593/593 598/598
f 8820/8820 8819/8819 8821/8821
f 8819/8819 8822/8822 8821/8821
f 8752/8752 8753/8753 8754/8754
f 8753/8753 8757/8757 8755/8755
f 7953/7953 7954/7954 7952/7952
f 8728/8728 8678/8678 8656/8656
f 7950/7950 8057/8057 7978/7978
f 7978/7978 8057/8057 8075/8075
f 8057/8057 8059/8059 8060/8060
f 8075/8075 8057/8057 8060/8060
f 8639/8639 8654/8654 8647/8647
f 8647/8647 8654/8654 8883/8883
f 4542/4542 4544/4544 4543/4543
f 6331/6331 6327/6327 6329/6329
f 6412/6412 6331/6331 6329/6329
f 6385/6385 6386/6386 6382/6382
f 6186/6186 6513/6513 6184/6184
f 6415/6415 6437/6437 6420/6420
f 6189/6189 6185/6185 6188/6188
f 4494/4494 4496/4496 4495/4495
f 6424/6424 6440/6440 6423/6423
f 6198/6198 6197/6197 6199/6199
f 6433/6433 6443/6443 6442/6442
f 4498/4498 4499/4499 4500/4500
f 1067/1067 893/893 873/873
f 1067/1067 873/873 874/874
f 869/869 874/874 827/827
f 869/869 823/823 986/986
f 960/960 986/986 936/936
f 903/903 906/906 907/907
f 901/901 900/900 880/880
f 575/575 572/572 740/740
f 579/579 575/575 580/580
f 8746/8746 8748/8748 8747/8747
f 668/668 583/583 588/588
f 668/668 588/588 669/669
f 589/589 588/588 587/587
f 592/592 587/587 593/593
f 8818/8818 8819/8819 8820/8820
f 8747/8747 8748/8748 8761/8761
f 8761/8761 8748/8748 8752/8752
f 8812/8812 8870/8870 8819/8819
f 8819/8819 8870/8870 8822/8822
f 8870/8870 8894/8894 8822/8822
f 8730/8730 8729/8729 8728/8728
f 8728/8728 8656/8656 8666/8666
f 7952/7952 7959/7959 7948/7948
f 7948/7948 7949/7949 7947/7947
f 7949/7949 7950/7950 7947/7947
f 4542/4542 4545/4545 4544/4544
f 8887/8887 8888/8888 8877/8877
f 6327/6327 6328/6328 6329/6329
f 6329/6329 6328/6328 6330/6330
f 8887/8887 8654/8654 8888/8888
f 6606/6606 6607/6607 6608/6608
f 6382/6382 6386/6386 6406/6406
f 6327/6327 6324/6324 6328/6328
f 6382/6382 6406/6406 6380/6380
f 6381/6381 6382/6382 6380/6380
f 6737/6737 6738/6738 6736/6736
f 6513/6513 6187/6187 6184/6184
f 6185/6185 6184/6184 6187/6187
f 6437/6437 6422/6422 6318/6318
f 6442/6442 6441/6441 6440/6440
f 6199/6199 6197/6197 6200/6200
f 4508/4508 4511/4511 4512/4512
f 1099/1099 1060/1060 1067/1067
f 874/874 873/873 827/827
f 823/823 936/936 986/986
f 914/914 936/936 932/932
f 914/914 932/932 913/913
f 903/903 907/907 940/940
f 900/900 946/946 977/977
f 977/977 878/878 900/900
f 581/581 579/579 580/580
f 581/581 582/582 583/583
f 588/588 583/583 587/587
f 8818/8818 8812/8812 8819/8819
f 8806/8806 8812/8812 8818/8818
f 8730/8730 8728/8728 8892/8892
f 8792/8792 8791/8791 8789/8789
f 8792/8792 8789/8789 8793/8793
f 7952/7952 8004/8004 7959/7959
f 8892/8892 8728/8728 8666/8666
f 7959/7959 7949/7949 7948/7948
f 8666/8666 8656/8656 8657/8657
f 7949/7949 7955/7955 7950/7950
f 7955/7955 7957/7957 7950/7950
f 7950/7950 7957/7957 8057/8057
f 8657/8657 8647/8647 8658/8658
f 7957/7957 8058/8058 8057/8057
f 8057/8057 8058/8058 8059/8059
f 8647/8647 8883/8883 8658/8658
f 8658/8658 8883/8883 8682/8682
f 8701/8701 8699/8699 8872/8872
f 4546/4546 4548/4548 4547/4547
f 4546/4546 4547/4547 4544/4544
f 4546/4546 4544/4544 4545/4545
f 6405/6405 6397/6397 6395/6395
f 6406/6406 6405/6405 6395/6395
f 6395/6395 6379/6379 6406/6406
f 6328/6328 6324/6324 6507/6507
f 6406/6406 6379/6379 6380/6380
f 6381/6381 6380/6380 6371/6371
f 6381/6381 6371/6371 6513/6513
f 6324/6324 6325/6325 6322/6322
f 6325/6325 6420/6420 6322/6322
f 6185/6185 6187/6187 6188/6188
f 6422/6422 6319/6319 6318/6318
f 6318/6318 6319/6319 6317/6317
f 6319/6319 6423/6423 6317/6317
f 6198/6198 6188/6188 6197/6197
f 6442/6442 6443/6443 6468/6468
f 6200/6200 6197/6197 6512/6512
f 6433/6433 6474/6474 6443/6443
f 1099/1099 1116/1116 1123/1123
f 1067/1067 1060/1060 893/893
f 869/869 827/827 823/823
f 936/936 823/823 825/825
f 936/936 825/825 932/932
f 903/903 940/940 946/946
f 876/876 878/878 946/946
f 946/946 878/878 977/977
f 900/900 878/878 880/880
f 581/581 580/580 582/582
f 584/584 583/583 582/582
f 8812/8812 8809/8809 8870/8870
f 8919/8919 8918/8918 8920/8920
f 8754/8754 8755/8755 8758/8758
f 8758/8758 8755/8755 8802/8802
f 8920/8920 8918/8918 8921/8921
f 8899/8899 8900/8900 8901/8901
f 8791/8791 8790/8790 8789/8789
f 8892/8892 8666/8666 8660/8660
f 8004/8004 7956/7956 7959/7959
f 7959/7959 7956/7956 7949/7949
f 8660/8660 8666/8666 8657/8657
f 7949/7949 7956/7956 7955/7955
f 8695/8695 8694/8694 8697/8697
f 8697/8697 8694/8694 8701/8701
f 8682/8682 8877/8877 8672/8672
f 4546/4546 4549/4549 4548/4548
f 8672/8672 8882/8882 8716/8716
f 6328/6328 6507/6507 6332/6332
f 6328/6328 6332/6332 6330/6330
f 6330/6330 6332/6332 6333/6333
f 6334/6334 6330/6330 6333/6333
f 6334/6334 6333/6333 6335/6335
f 6407/6407 6398/6398 6397/6397
f 6395/6395 6378/6378 6379/6379
f 6188/6188 6196/6196 6197/6197
f 6197/6197 6201/6201 6202/6202
f 6197/6197 6202/6202 6512/6512
f 6202/6202 6233/6233 6512/6512
f 4499/4499 4506/4506 4500/4500
f 4500/4500 4510/4510 4508/4508
f 4508/4508 4510/4510 4511/4511
f 1099/1099 1123/1123 1121/1121
f 1099/1099 1121/1121 1110/1110
f 873/873 870/870 827/827
f 825/825 835/835 932/932
f 932/932 835/835 913/913
f 940/940 876/876 946/946
f 865/865 876/876 940/940
f 7672/7672 7674/7674 7673/7673
f 587/587 584/584 590/590
f 8812/8812 8807/8807 8809/8809
f 8747/8747 8761/8761 8744/8744
f 8761/8761 8881/8881 8744/8744
f 8761/8761 8754/8754 8758/8758
f 8761/8761 8758/8758 8881/8881
f 8919/8919 8917/8917 8918/8918
f 8808/8808 8810/8810 8809/8809
f 8912/8912 8914/8914 8915/8915
f 8736/8736 8892/8892 8817/8817
f 8735/8735 8736/8736 8817/8817
f 8790/8790 8727/8727 8789/8789
f 8892/8892 8660/8660 8664/8664
f 8892/8892 8664/8664 8817/8817
f 8789/8789 8727/8727 8696/8696
f 8696/8696 8692/8692 8695/8695
f 8660/8660 8657/8657 8659/8659
f 8657/8657 8658/8658 8659/8659
f 8695/8695 8692/8692 8694/8694
f 8659/8659 8658/8658 8661/8661
f 8658/8658 8682/8682 8661/8661
f 8701/8701 8691/8691 8699/8699
f 8661/8661 8682/8682 8672/8672
f 8661/8661 8672/8672 8668/8668
f 8668/8668 8672/8672 8716/8716
f 4550/4550 4551/4551 4549/4549
f 4546/4546 4550/4550 4549/4549
f 8716/8716 8875/8875 8673/8673
f 6400/6400 6402/6402 6401/6401
f 6413/6413 6332/6332 6507/6507
f 6332/6332 6413/6413 6333/6333
f 6335/6335 6333/6333 6336/6336
f 6335/6335 6336/6336 6337/6337
f 8716/8716 8882/8882 8875/8875
f 6400/6400 6401/6401 6399/6399
f 6400/6400 6399/6399 6398/6398
f 6398/6398 6399/6399 6396/6396
f 6397/6397 6398/6398 6396/6396
f 6395/6395 6397/6397 6396/6396
f 6395/6395 6396/6396 6378/6378
f 6380/6380 6379/6379 6371/6371
f 6420/6420 6321/6321 6322/6322
f 6187/6187 6513/6513 6192/6192
f 6187/6187 6191/6191 6188/6188
f 6197/6197 6196/6196 6201/6201
f 6512/6512 6234/6234 6235/6235
f 6233/6233 6234/6234 6512/6512
f 6723/6723 6725/6725 6724/6724
f 6722/6722 6723/6723 6724/6724
f 6722/6722 6724/6724 6726/6726
f 6486/6486 6485/6485 6484/6484
f 1099/1099 1110/1110 1060/1060
f 873/873 893/893 870/870
f 823/823 822/822 825/825
f 835/835 849/849 907/907
f 4992/4992 4993/4993 4994/4994
f 849/849 864/864 940/940
f 907/907 849/849 940/940
f 864/864 865/865 940/940
f 878/878 877/877 879/879
f 880/880 878/878 879/879
f 575/575 740/740 580/580
f 8746/8746 8747/8747 8744/8744
f 8745/8745 8746/8746 8744/8744
f 8806/8806 8805/8805 8807/8807
f 8812/8812 8806/8806 8807/8807
f 8809/8809 8807/8807 8808/8808
f 8805/8805 8808/8808 8807/8807
f 8805/8805 8811/8811 8808/8808
f 8811/8811 8810/8810 8808/8808
f 8784/8784 8881/8881 8895/8895
f 8881/8881 8758/8758 8895/8895
f 8925/8925 8926/8926 8927/8927
f 8734/8734 8735/8735 8725/8725
f 8777/8777 8813/8813 8778/8778
f 8912/8912 8913/8913 8914/8914
f 8725/8725 8735/8735 8817/8817
f 8725/8725 8817/8817 8663/8663
f 8790/8790 8813/8813 8727/8727
f 8817/8817 8664/8664 8663/8663
f 8813/8813 8702/8702 8727/8727
f 8727/8727 8702/8702 8718/8718
f 8727/8727 8718/8718 8696/8696
f 8718/8718 8702/8702 8692/8692
f 8696/8696 8718/8718 8692/8692
f 8664/8664 8660/8660 8659/8659
f 8702/8702 8690/8690 8692/8692
f 8690/8690 8691/8691 8692/8692
f 8692/8692 8691/8691 8694/8694
f 8694/8694 8691/8691 8701/8701
f 8691/8691 8693/8693 8699/8699
f 8693/8693 8700/8700 8699/8699
f 8668/8668 8716/8716 8673/8673
f 8668/8668 8673/8673 8670/8670
f 8707/8707 8700/8700 8693/8693
f 8670/8670 8673/8673 8717/8717
f 8940/8940 8941/8941 8942/8942
f 6333/6333 6413/6413 6336/6336
f 6337/6337 6336/6336 6338/6338
f 6337/6337 6338/6338 6339/6339
f 6343/6343 6337/6337 6339/6339
f 6396/6396 6399/6399 6408/6408
f 6396/6396 6408/6408 6378/6378
f 6324/6324 6323/6323 6507/6507
f 6379/6379 6378/6378 6371/6371
f 6739/6739 6742/6742 6740/6740
f 6191/6191 6187/6187 6192/6192
f 6188/6188 6191/6191 6195/6195
f 6188/6188 6195/6195 6196/6196
f 6440/6440 6441/6441 6436/6436
f 6423/6423 6436/6436 6435/6435
f 6440/6440 6436/6436 6423/6423
f 6442/6442 6444/6444 6441/6441
f 6201/6201 6203/6203 6202/6202
f 6233/6233 6202/6202 6205/6205
f 6233/6233 6205/6205 6234/6234
f 6725/6725 6727/6727 6724/6724
f 1110/1110 897/897 1060/1060
f 827/827 820/820 823/823
f 825/825 822/822 824/824
f 825/825 824/824 835/835
f 876/876 872/872 877/877
f 878/878 876/876 877/877
f 8745/8745 8744/8744 8743/8743
f 580/580 750/750 582/582
f 582/582 585/585 584/584
f 584/584 585/585 586/586
f 584/584 586/586 590/590
f 8804/8804 8803/8803 8782/8782
f 8804/8804 8782/8782 8805/8805
f 8806/8806 8804/8804 8805/8805
f 8868/8868 8811/8811 8805/8805
f 8810/8810 8811/8811 8893/8893
f 8732/8732 8895/8895 8734/8734
f 8732/8732 8734/8734 8725/8725
f 8725/8725 8706/8706 8731/8731
f 8778/8778 8774/8774 8777/8777
f 8774/8774 8776/8776 8777/8777
f 8777/8777 8776/8776 8813/8813
f 8907/8907 8905/8905 8906/8906
f 8813/8813 8794/8794 8702/8702
f 8702/8702 8698/8698 8688/8688
f 8664/8664 8659/8659 8663/8663
f 8702/8702 8688/8688 8690/8690
f 8663/8663 8659/8659 8662/8662
f 8690/8690 8689/8689 8691/8691
f 8662/8662 8659/8659 8661/8661
f 8662/8662 8661/8661 8667/8667
f 8689/8689 8693/8693 8691/8691
f 8661/8661 8668/8668 8667/8667
f 8667/8667 8668/8668 8669/8669
f 8910/8910 8909/8909 8911/8911
f 8668/8668 8670/8670 8669/8669
f 8669/8669 8670/8670 8674/8674
f 8674/8674 8707/8707 8676/8676
f 6336/6336 6413/6413 6338/6338
f 6413/6413 6359/6359 6338/6338
f 6339/6339 6338/6338 6340/6340
f 6339/6339 6340/6340 6341/6341
f 6342/6342 6339/6339 6341/6341
f 6342/6342 6341/6341 6344/6344
f 6344/6344 6341/6341 6345/6345
f 6344/6344 6345/6345 6410/6410
f 6598/6598 6599/6599 6600/6600
f 6410/6410 6403/6403 6402/6402
f 6401/6401 6402/6402 6403/6403
f 6403/6403 6404/6404 6399/6399
f 6401/6401 6403/6403 6399/6399
f 6399/6399 6404/6404 6408/6408
f 6378/6378 6408/6408 6374/6374
f 6378/6378 6374/6374 6371/6371
f 6513/6513 6371/6371 6370/6370
f 6322/6322 6321/6321 6320/6320
f 6739/6739 6740/6740 6741/6741
f 6318/6318 6317/6317 6315/6315
f 6321/6321 6318/6318 6320/6320
f 6320/6320 6318/6318 6315/6315
f 6195/6195 6511/6511 6196/6196
f 6423/6423 6435/6435 6317/6317
f 6201/6201 6196/6196 6510/6510
f 6201/6201 6510/6510 6203/6203
f 6203/6203 6204/6204 6202/6202
f 6202/6202 6204/6204 6205/6205
f 870/870 828/828 827/827
f 823/823 819/819 822/822
f 835/835 824/824 849/849
f 849/849 852/852 864/864
f 864/864 852/852 865/865
f 876/876 865/865 872/872
f 585/585 582/582 750/750
f 590/590 586/586 716/716
f 8781/8781 8782/8782 8803/8803
f 8743/8743 8744/8744 8742/8742
f 8782/8782 8868/8868 8805/8805
f 8742/8742 8784/8784 8740/8740
f 8932/8932 8933/8933 8934/8934
f 8935/8935 8934/8934 8933/8933
f 8784/8784 8732/8732 8740/8740
f 8740/8740 8732/8732 8737/8737
f 8733/8733 8732/8732 8731/8731
f 8733/8733 8731/8731 8788/8788
f 8733/8733 8788/8788 8891/8891
f 8739/8739 8891/8891 8775/8775
f 8739/8739 8775/8775 8774/8774
f 8731/8731 8706/8706 8681/8681
f 8788/8788 8731/8731 8681/8681
f 8891/8891 8788/8788 8681/8681
f 8891/8891 8681/8681 8709/8709
f 8891/8891 8709/8709 8726/8726
f 8902/8902 8903/8903 8904/8904
f 8904/8904 8903/8903 8905/8905
f 8774/8774 8775/8775 8776/8776
f 8706/8706 8677/8677 8681/8681
f 8905/8905 8903/8903 8906/8906
f 8794/8794 8686/8686 8698/8698
f 8794/8794 8698/8698 8702/8702
f 8706/8706 8663/8663 8662/8662
f 8677/8677 8706/8706 8662/8662
f 8698/8698 8686/8686 8688/8688
f 8686/8686 8687/8687 8688/8688
f 8677/8677 8662/8662 8671/8671
f 8687/8687 8708/8708 8689/8689
f 8688/8688 8687/8687 8689/8689
f 8671/8671 8662/8662 8667/8667
f 8690/8690 8688/8688 8689/8689
f 8671/8671 8667/8667 8679/8679
f 8689/8689 8708/8708 8693/8693
f 8708/8708 8675/8675 8676/8676
f 8908/8908 8909/8909 8910/8910
f 8679/8679 8667/8667 8669/8669
f 8679/8679 8669/8669 8675/8675
f 8675/8675 8669/8669 8674/8674
f 8676/8676 8675/8675 8674/8674
f 6338/6338 6359/6359 6347/6347
f 6338/6338 6347/6347 6346/6346
f 6340/6340 6338/6338 6346/6346
f 6341/6341 6340/6340 6411/6411
f 6345/6345 6341/6341 6411/6411
f 6599/6599 6602/6602 6601/6601
f 6600/6600 6599/6599 6601/6601
f 6605/6605 6601/6601 6604/6604
f 6755/6755 6752/6752 6754/6754
f 6371/6371 6374/6374 6368/6368
f 6322/6322 6320/6320 6323/6323
f 6317/6317 6316/6316 6315/6315
f 6191/6191 6192/6192 6193/6193
f 6191/6191 6193/6193 6195/6195
f 6196/6196 6511/6511 6510/6510
f 6662/6662 6658/6658 6661/6661
f 6203/6203 6509/6509 6204/6204
f 6718/6718 6721/6721 6719/6719
f 6235/6235 6205/6205 6236/6236
f 6235/6235 6236/6236 6237/6237
f 6488/6488 6484/6484 6483/6483
f 870/870 893/893 871/871
f 823/823 820/820 819/819
f 824/824 826/826 849/849
f 865/865 852/852 866/866
f 865/865 866/866 872/872
f 585/585 750/750 763/763
f 585/585 763/763 727/727
f 586/586 585/585 727/727
f 586/586 727/727 716/716
f 8743/8743 8742/8742 8741/8741
f 8781/8781 8771/8771 8782/8782
f 8782/8782 8772/8772 8868/8868
f 8782/8782 8771/8771 8772/8772
f 8922/8922 8923/8923 8924/8924
f 8741/8741 8740/8740 8737/8737
f 8742/8742 8740/8740 8741/8741
f 8741/8741 8737/8737 8783/8783
f 8780/8780 8783/8783 8738/8738
f 8868/8868 8772/8772 8779/8779
f 8780/8780 8738/8738 8771/8771
f 8771/8771 8738/8738 8739/8739
f 8779/8779 8772/8772 8773/8773
f 8772/8772 8771/8771 8739/8739
f 8772/8772 8739/8739 8773/8773
f 8783/8783 8737/8737 8738/8738
f 8737/8737 8733/8733 8738/8738
f 8738/8738 8733/8733 8739/8739
f 8681/8681 8683/8683 8709/8709
f 8794/8794 8726/8726 8686/8686
f 8726/8726 8709/8709 8686/8686
f 8709/8709 8684/8684 8686/8686
f 8681/8681 8677/8677 8680/8680
f 8681/8681 8680/8680 8683/8683
f 8709/8709 8683/8683 8684/8684
f 8683/8683 8680/8680 8684/8684
f 8677/8677 8671/8671 8680/8680
f 8684/8684 8680/8680 8685/8685
f 8684/8684 8685/8685 8686/8686
f 8686/8686 8685/8685 8687/8687
f 8680/8680 8671/8671 8886/8886
f 8680/8680 8886/8886 8685/8685
f 8687/8687 8685/8685 8708/8708
f 8685/8685 8886/8886 8708/8708
f 8671/8671 8679/8679 8886/8886
f 8886/8886 8679/8679 8675/8675
f 8886/8886 8675/8675 8708/8708
f 6340/6340 6346/6346 6411/6411
f 6603/6603 6602/6602 6599/6599
f 6411/6411 6348/6348 6409/6409
f 6601/6601 6602/6602 6604/6604
f 6359/6359 6356/6356 6353/6353
f 6408/6408 6365/6365 6374/6374
f 6370/6370 6371/6371 6368/6368
f 6370/6370 6368/6368 6369/6369
f 6370/6370 6369/6369 6514/6514
f 6514/6514 6194/6194 6192/6192
f 6679/6679 6669/6669 6666/6666
f 6436/6436 6441/6441 6466/6466
f 6317/6317 6435/6435 6470/6470
f 6317/6317 6470/6470 6316/6316
f 6679/6679 6666/6666 6680/6680
f 6442/6442 6468/6468 6444/6444
f 6661/6661 6658/6658 6660/6660
f 6509/6509 6231/6231 6210/6210
f 6204/6204 6509/6509 6207/6207
f 6509/6509 6210/6210 6207/6207
f 6204/6204 6207/6207 6206/6206
f 6204/6204 6206/6206 6205/6205
f 6207/6207 6210/6210 6209/6209
f 6206/6206 6207/6207 6208/6208
f 6205/6205 6206/6206 6236/6236
f 1123/1123 1128/1128 1121/1121
f 827/827 828/828 820/820
f 879/879 877/877 881/881
f 8781/8781 8780/8780 8771/8771
f 6411/6411 6346/6346 6348/6348
f 6347/6347 6349/6349 6348/6348
f 6348/6348 6349/6349 6360/6360
f 6409/6409 6348/6348 6360/6360
f 6409/6409 6360/6360 6365/6365
f 6359/6359 6353/6353 6350/6350
f 6359/6359 6350/6350 6347/6347
f 6374/6374 6365/6365 6362/6362
f 6374/6374 6364/6364 6368/6368
f 6695/6695 6693/6693 6676/6676
f 6192/6192 6194/6194 6193/6193
f 6441/6441 6444/6444 6466/6466
f 6680/6680 6666/6666 6685/6685
f 6511/6511 6261/6261 6260/6260
f 6231/6231 6211/6211 6210/6210
f 2600/2600 2603/2603 2599/2599
f 6210/6210 6211/6211 6209/6209
f 6207/6207 6209/6209 6208/6208
f 6208/6208 6209/6209 6232/6232
f 6724/6724 6727/6727 6728/6728
f 6726/6726 6728/6728 6729/6729
f 6724/6724 6728/6728 6726/6726
f 1060/1060 871/871 893/893
f 828/828 833/833 820/820
f 824/824 822/822 813/813
f 824/824 816/816 826/826
f 852/852 849/849 826/826
f 877/877 872/872 881/881
f 6347/6347 6350/6350 6349/6349
f 6365/6365 6360/6360 6362/6362
f 6374/6374 6362/6362 6364/6364
f 6323/6323 6320/6320 6455/6455
f 6752/6752 6753/6753 6754/6754
f 6316/6316 6313/6313 6315/6315
f 6194/6194 6515/6515 6193/6193
f 6435/6435 6436/6436 6470/6470
f 6316/6316 6470/6470 6313/6313
f 6260/6260 6261/6261 6258/6258
f 6260/6260 6259/6259 6263/6263
f 6658/6658 6659/6659 6660/6660
f 6474/6474 6303/6303 6301/6301
f 2614/2614 2613/2613 2616/2616
f 2617/2617 2614/2614 2616/2616
f 2602/2602 2600/2600 2593/2593
f 6206/6206 6503/6503 6236/6236
f 6474/6474 6504/6504 6303/6303
f 2593/2593 2599/2599 2592/2592
f 6237/6237 6236/6236 6238/6238
f 6484/6484 6485/6485 6481/6481
f 6211/6211 6212/6212 6209/6209
f 6209/6209 6212/6212 6232/6232
f 6232/6232 6212/6212 6219/6219
f 6232/6232 6219/6219 6220/6220
f 870/870 871/871 828/828
f 813/813 816/816 824/824
f 6360/6360 6349/6349 6357/6357
f 6350/6350 6352/6352 6351/6351
f 6349/6349 6350/6350 6351/6351
f 6360/6360 6361/6361 6362/6362
f 6353/6353 6352/6352 6350/6350
f 6368/6368 6367/6367 6369/6369
f 6320/6320 6315/6315 6455/6455
f 2593/2593 2591/2591 2601/2601
f 6236/6236 6503/6503 6239/6239
f 6211/6211 6214/6214 6213/6213
f 6211/6211 6213/6213 6212/6212
f 6212/6212 6218/6218 6219/6219
f 6219/6219 6218/6218 6220/6220
f 6484/6484 6481/6481 6483/6483
f 1060/1060 897/897 871/871
f 852/852 826/826 862/862
f 852/852 862/862 866/866
f 6349/6349 6351/6351 6357/6357
f 6360/6360 6357/6357 6361/6361
f 6362/6362 6363/6363 6364/6364
f 6364/6364 6363/6363 6366/6366
f 6356/6356 6355/6355 6353/6353
f 6364/6364 6367/6367 6368/6368
f 6356/6356 6455/6455 6355/6355
f 6693/6693 6692/6692 6676/6676
f 6315/6315 6314/6314 6455/6455
f 6515/6515 6516/6516 6193/6193
f 6669/6669 6668/6668 6666/6666
f 6443/6443 6471/6471 6468/6468
f 6263/6263 6259/6259 6265/6265
f 6718/6718 6719/6719 6720/6720
f 2614/2614 2612/2612 2613/2613
f 6236/6236 6239/6239 6238/6238
f 6485/6485 6491/6491 6481/6481
f 1110/1110 1106/1106 897/897
f 872/872 866/866 882/882
f 6362/6362 6361/6361 6363/6363
f 6351/6351 6352/6352 6358/6358
f 6364/6364 6366/6366 6367/6367
f 6692/6692 6691/6691 6676/6676
f 6315/6315 6313/6313 6314/6314
f 6470/6470 6310/6310 6313/6313
f 6669/6669 6671/6671 6670/6670
f 6669/6669 6670/6670 6668/6668
f 6504/6504 6469/6469 6303/6303
f 2613/2613 2612/2612 2611/2611
f 6491/6491 6238/6238 6241/6241
f 6218/6218 6212/6212 6217/6217
f 6218/6218 6224/6224 6221/6221
f 6220/6220 6218/6218 6221/6221
f 6220/6220 6221/6221 6222/6222
f 1121/1121 1115/1115 1110/1110
f 822/822 819/819 813/813
f 6690/6690 6689/6689 6686/6686
f 6363/6363 6373/6373 6366/6366
f 6353/6353 6355/6355 6354/6354
f 6367/6367 6366/6366 6372/6372
f 6746/6746 6744/6744 6743/6743
f 6676/6676 6691/6691 6672/6672
f 6676/6676 6672/6672 6673/6673
f 6313/6313 6310/6310 6312/6312
f 6668/6668 6664/6664 6666/6666
f 6666/6666 6664/6664 6663/6663
f 6685/6685 6666/6666 6663/6663
f 6261/6261 6262/6262 6258/6258
f 6259/6259 6257/6257 6265/6265
f 6238/6238 6239/6239 6240/6240
f 6491/6491 6502/6502 6479/6479
f 6491/6491 6479/6479 6481/6481
f 6212/6212 6213/6213 6217/6217
f 6218/6218 6217/6217 6224/6224
f 1121/1121 1128/1128 1115/1115
f 1110/1110 1115/1115 1106/1106
f 6689/6689 6687/6687 6686/6686
f 6696/6696 6690/6690 6686/6686
f 6696/6696 6686/6686 6694/6694
f 6353/6353 6354/6354 6352/6352
f 6352/6352 6354/6354 6358/6358
f 6363/6363 6361/6361 6373/6373
f 6743/6743 6744/6744 6745/6745
f 6313/6313 6312/6312 6314/6314
f 6314/6314 6312/6312 6457/6457
f 6673/6673 6672/6672 6671/6671
f 6712/6712 6709/6709 6711/6711
f 6470/6470 6308/6308 6310/6310
f 6258/6258 6262/6262 6264/6264
f 6239/6239 6492/6492 6240/6240
f 6221/6221 6224/6224 6223/6223
f 6213/6213 6216/6216 6217/6217
f 6215/6215 6216/6216 6213/6213
f 6221/6221 6223/6223 6222/6222
f 826/826 816/816 863/863
f 862/862 826/826 863/863
f 872/872 882/882 881/881
f 7133/7133 7130/7130 7132/7132
f 7129/7129 7128/7128 7127/7127
f 7129/7129 7127/7127 7134/7134
f 7647/7647 7644/7644 7643/7643
f 6355/6355 6457/6457 6354/6354
f 6366/6366 6375/6375 6372/6372
f 6373/6373 6375/6375 6366/6366
f 6672/6672 6670/6670 6671/6671
f 6709/6709 6710/6710 6711/6711
f 6258/6258 6264/6264 6256/6256
f 6238/6238 6240/6240 6241/6241
f 2611/2611 2612/2612 2604/2604
f 2611/2611 2604/2604 2609/2609
f 866/866 862/862 882/882
f 6354/6354 6457/6457 6521/6521
f 6354/6354 6521/6521 6358/6358
f 6687/6687 6688/6688 6683/6683
f 6686/6686 6687/6687 6683/6683
f 6694/6694 6686/6686 6682/6682
f 6373/6373 6376/6376 6375/6375
f 6372/6372 6375/6375 6377/6377
f 6705/6705 6706/6706 6707/6707
f 6257/6257 6256/6256 6253/6253
f 6265/6265 6257/6257 6266/6266
f 2612/2612 2607/2607 2604/2604
f 6217/6217 6216/6216 6517/6517
f 6222/6222 6223/6223 6226/6226
f 1106/1106 1086/1086 897/897
f 897/897 1086/1086 856/856
f 6686/6686 6683/6683 6682/6682
f 6457/6457 6312/6312 6527/6527
f 6457/6457 6527/6527 6521/6521
f 6684/6684 6682/6682 6674/6674
f 6684/6684 6674/6674 6672/6672
f 6672/6672 6674/6674 6670/6670
f 6312/6312 6310/6310 6311/6311
f 6520/6520 6286/6286 6284/6284
f 6663/6663 6664/6664 6665/6665
f 6466/6466 6307/6307 6308/6308
f 6663/6663 6665/6665 6667/6667
f 6257/6257 6253/6253 6266/6266
f 2609/2609 2604/2604 2606/2606
f 6217/6217 6517/6517 6225/6225
f 6217/6217 6225/6225 6224/6224
f 6224/6224 6225/6225 6227/6227
f 6223/6223 6224/6224 6227/6227
f 6481/6481 6480/6480 6482/6482
f 6483/6483 6481/6481 6482/6482
f 6223/6223 6227/6227 6226/6226
f 1128/1128 1126/1126 1115/1115
f 897/897 856/856 871/871
f 819/819 820/820 818/818
f 819/819 818/818 813/813
f 862/862 863/863 868/868
f 882/882 862/862 868/868
f 6521/6521 6527/6527 6461/6461
f 6521/6521 6461/6461 6463/6463
f 6521/6521 6463/6463 6465/6465
f 6465/6465 6463/6463 6464/6464
f 6682/6682 6683/6683 6681/6681
f 6682/6682 6681/6681 6674/6674
f 6310/6310 6309/6309 6311/6311
f 6312/6312 6311/6311 6458/6458
f 6527/6527 6312/6312 6458/6458
f 6285/6285 6284/6284 6286/6286
f 6705/6705 6708/6708 6706/6706
f 6266/6266 6253/6253 6267/6267
f 2604/2604 2605/2605 2606/2606
f 6481/6481 6479/6479 6480/6480
f 6517/6517 6524/6524 6230/6230
f 6517/6517 6230/6230 6225/6225
f 1106/1106 1115/1115 1086/1086
f 871/871 856/856 828/828
f 828/828 829/829 833/833
f 820/820 833/833 829/829
f 863/863 816/816 851/851
f 6310/6310 6308/6308 6309/6309
f 6670/6670 6674/6674 6675/6675
f 6466/6466 6305/6305 6307/6307
f 6256/6256 6520/6520 6269/6269
f 6492/6492 6506/6506 6243/6243
f 6240/6240 6492/6492 6243/6243
f 6240/6240 6243/6243 6242/6242
f 6240/6240 6242/6242 6241/6241
f 2606/2606 2605/2605 2608/2608
f 6225/6225 6229/6229 6228/6228
f 6225/6225 6230/6230 6229/6229
f 6225/6225 6228/6228 6227/6227
f 820/820 829/829 821/821
f 820/820 821/821 818/818
f 5334/5334 5333/5333 5335/5335
f 7132/7132 7147/7147 7376/7376
f 6463/6463 6461/6461 6462/6462
f 6464/6464 6463/6463 6462/6462
f 6681/6681 6677/6677 6674/6674
f 6285/6285 6291/6291 6277/6277
f 6267/6267 6253/6253 6268/6268
f 6468/6468 6471/6471 6302/6302
f 6468/6468 6302/6302 6305/6305
f 6253/6253 6256/6256 6255/6255
f 2605/2605 2610/2610 2608/2608
f 3262/3262 3260/3260 3263/3263
f 3263/3263 3260/3260 3255/3255
f 3264/3264 3263/3263 3255/3255
f 3271/3271 3265/3265 3261/3261
f 3271/3271 3261/3261 3262/3262
f 813/813 818/818 814/814
f 863/863 867/867 868/868
f 6458/6458 6460/6460 6461/6461
f 6462/6462 6461/6461 6460/6460
f 6674/6674 6677/6677 6675/6675
f 6697/6697 6698/6698 6699/6699
f 3266/3266 3267/3267 3258/3258
f 3266/3266 3258/3258 3256/3256
f 6506/6506 6501/6501 6243/6243
f 6253/6253 6255/6255 6251/6251
f 6479/6479 6502/6502 6477/6477
f 6303/6303 6469/6469 6298/6298
f 1115/1115 1126/1126 1108/1108
f 1115/1115 1108/1108 1086/1086
f 816/816 813/813 815/815
f 816/816 815/815 817/817
f 882/882 884/884 883/883
f 6677/6677 6678/6678 6675/6675
f 6285/6285 6277/6277 6284/6284
f 6699/6699 6698/6698 6700/6700
f 6253/6253 6252/6252 6254/6254
f 6254/6254 6252/6252 6490/6490
f 6501/6501 6254/6254 6490/6490
f 6501/6501 6490/6490 6243/6243
f 6243/6243 6490/6490 6244/6244
f 6471/6471 6301/6301 6300/6300
f 6471/6471 6300/6300 6302/6302
f 6243/6243 6244/6244 6242/6242
f 6502/6502 6242/6242 6477/6477
f 856/856 1086/1086 875/875
f 828/828 856/856 830/830
f 828/828 830/830 829/829
f 813/813 814/814 815/815
f 863/863 851/851 867/867
f 6311/6311 6309/6309 6458/6458
f 6462/6462 6460/6460 6472/6472
f 6250/6250 6269/6269 6248/6248
f 6490/6490 6252/6252 6249/6249
f 6490/6490 6249/6249 6246/6246
f 6252/6252 6251/6251 6249/6249
f 6490/6490 6246/6246 6244/6244
f 6242/6242 6245/6245 6477/6477
f 6244/6244 6245/6245 6242/6242
f 856/856 875/875 830/830
f 818/818 821/821 814/814
f 868/868 867/867 885/885
f 882/882 868/868 885/885
f 883/883 884/884 886/886
f 6284/6284 6277/6277 6283/6283
f 6305/6305 6304/6304 6306/6306
f 6305/6305 6306/6306 6307/6307
f 6251/6251 6250/6250 6249/6249
f 6244/6244 6246/6246 6245/6245
f 6477/6477 6245/6245 6476/6476
f 6479/6479 6477/6477 6478/6478
f 6480/6480 6479/6479 6478/6478
f 1086/1086 1108/1108 1087/1087
f 882/882 885/885 884/884
f 6458/6458 6309/6309 6459/6459
f 6458/6458 6459/6459 6460/6460
f 6291/6291 6472/6472 6277/6277
f 6284/6284 6283/6283 6505/6505
f 6249/6249 6250/6250 6248/6248
f 6303/6303 6298/6298 6301/6301
f 6246/6246 6248/6248 6247/6247
f 6249/6249 6248/6248 6246/6246
f 6245/6245 6246/6246 6247/6247
f 6245/6245 6247/6247 6476/6476
f 6482/6482 6480/6480 6487/6487
f 829/829 831/831 821/821
f 814/814 821/821 832/832
f 814/814 846/846 815/815
f 817/817 815/815 841/841
f 851/851 817/817 841/841
f 7748/7748 7750/7750 7745/7745
f 3782/3782 3814/3814 3813/3813
f 3811/3811 3814/3814 3782/3782
f 3782/3782 3813/3813 3812/3812
f 3783/3783 3782/3782 3812/3812
f 6460/6460 6459/6459 6472/6472
f 6307/6307 6306/6306 6308/6308
f 6269/6269 6505/6505 6248/6248
f 6247/6247 6248/6248 6270/6270
f 1086/1086 1087/1087 875/875
f 829/829 830/830 831/831
f 814/814 832/832 846/846
f 888/888 885/885 867/867
f 4460/4460 4465/4465 4462/4462
f 4462/4462 4465/4465 4467/4467
f 3766/3766 3769/3769 3771/3771
f 3803/3803 3811/3811 3782/3782
f 3781/3781 3803/3803 3782/3782
f 884/884 885/885 887/887
f 4467/4467 4466/4466 4468/4468
f 2635/2635 2629/2629 2630/2630
f 884/884 887/887 886/886
f 7751/7751 7749/7749 7745/7745
f 7750/7750 7751/7751 7745/7745
f 2635/2635 2630/2630 2636/2636
f 3783/3783 3812/3812 3810/3810
f 7350/7350 7173/7173 7349/7349
f 6459/6459 6309/6309 6495/6495
f 6459/6459 6495/6495 6523/6523
f 6472/6472 6459/6459 6523/6523
f 6701/6701 6704/6704 6702/6702
f 6308/6308 6306/6306 6309/6309
f 6248/6248 6505/6505 6270/6270
f 6505/6505 6272/6272 6270/6270
f 6247/6247 6270/6270 6271/6271
f 6247/6247 6271/6271 6476/6476
f 6480/6480 6478/6478 6487/6487
f 832/832 845/845 846/846
f 851/851 853/853 867/867
f 867/867 853/853 888/888
f 5519/5519 5328/5328 5507/5507
f 3764/3764 3765/3765 3766/3766
f 3767/3767 3764/3764 3766/3766
f 3767/3767 3766/3766 3773/3773
f 3774/3774 3775/3775 3772/3772
f 3769/3769 3774/3774 3772/3772
f 3769/3769 3772/3772 3771/3771
f 3775/3775 3776/3776 3772/3772
f 3777/3777 3771/3771 3772/3772
f 2630/2630 2626/2626 2636/2636
f 6701/6701 6702/6702 6703/6703
f 6505/6505 6283/6283 6275/6275
f 6270/6270 6272/6272 6271/6271
f 6477/6477 6476/6476 6478/6478
f 821/821 831/831 832/832
f 815/815 846/846 848/848
f 841/841 848/848 854/854
f 815/815 848/848 841/841
f 4461/4461 4460/4460 4462/4462
f 3770/3770 3768/3768 3767/3767
f 3768/3768 3764/3764 3767/3767
f 3828/3828 3830/3830 3829/3829
f 885/885 890/890 887/887
f 3635/3635 3628/3628 3634/3634
f 2637/2637 2621/2621 2629/2629
f 2629/2629 2621/2621 2626/2626
f 2629/2629 2626/2626 2630/2630
f 7506/7506 7198/7198 7117/7117
f 6309/6309 6306/6306 6495/6495
f 6283/6283 6277/6277 6275/6275
f 6305/6305 6302/6302 6304/6304
f 6505/6505 6275/6275 6272/6272
f 6469/6469 6297/6297 6298/6298
f 6271/6271 6496/6496 6476/6476
f 6487/6487 6478/6478 6489/6489
f 1087/1087 1108/1108 1097/1097
f 1087/1087 1097/1097 875/875
f 846/846 845/845 847/847
f 846/846 847/847 848/848
f 3633/3633 3631/3631 3619/3619
f 3768/3768 3778/3778 3764/3764
f 3827/3827 3831/3831 3828/3828
f 3826/3826 3827/3827 3828/3828
f 3826/3826 3828/3828 3829/3829
f 3643/3643 3650/3650 3645/3645
f 3826/3826 3829/3829 3834/3834
f 3622/3622 3619/3619 3618/3618
f 3633/3633 3619/3619 3622/3622
f 3622/3622 3618/3618 3628/3628
f 3831/3831 3830/3830 3828/3828
f 3798/3798 3786/3786 3787/3787
f 3788/3788 3787/3787 3784/3784
f 6476/6476 6496/6496 6478/6478
f 832/832 844/844 845/845
f 841/841 854/854 853/853
f 885/885 888/888 891/891
f 885/885 891/891 890/890
f 2623/2623 2622/2622 2618/2618
f 2618/2618 2620/2620 2621/2621
f 6277/6277 6499/6499 6475/6475
f 6301/6301 6298/6298 6300/6300
f 6271/6271 6272/6272 6273/6273
f 1108/1108 1122/1122 1097/1097
f 875/875 1097/1097 898/898
f 847/847 845/845 842/842
f 847/847 857/857 848/848
f 853/853 854/854 855/855
f 5509/5509 5378/5378 5384/5384
f 3848/3848 3846/3846 3847/3847
f 3619/3619 3631/3631 3625/3625
f 2623/2623 2624/2624 2622/2622
f 2618/2618 2622/2622 2619/2619
f 2618/2618 2619/2619 2620/2620
f 887/887 890/890 1125/1125
f 3627/3627 3621/3621 3632/3632
f 3618/3618 3621/3621 3627/3627
f 2626/2626 2620/2620 2627/2627
f 6716/6716 6713/6713 6715/6715
f 6523/6523 6495/6495 6493/6493
f 6523/6523 6493/6493 6499/6499
f 6499/6499 6493/6493 6475/6475
f 6302/6302 6299/6299 6304/6304
f 6306/6306 6304/6304 6467/6467
f 6277/6277 6475/6475 6276/6276
f 6275/6275 6277/6277 6276/6276
f 6272/6272 6275/6275 6274/6274
f 6271/6271 6273/6273 6496/6496
f 6478/6478 6496/6496 6497/6497
f 1122/1122 1129/1129 1127/1127
f 844/844 831/831 843/843
f 844/844 843/843 842/842
f 845/845 844/844 842/842
f 847/847 842/842 857/857
f 848/848 857/857 859/859
f 848/848 859/859 854/854
f 854/854 859/859 860/860
f 854/854 860/860 855/855
f 853/853 855/855 888/888
f 3846/3846 3844/3844 3847/3847
f 2624/2624 2628/2628 2622/2622
f 3847/3847 3844/3844 3845/3845
f 2620/2620 2631/2631 2627/2627
f 6302/6302 6300/6300 6299/6299
f 6304/6304 6299/6299 6467/6467
f 6713/6713 6714/6714 6715/6715
f 6495/6495 6290/6290 6292/6292
f 6495/6495 6292/6292 6493/6493
f 6275/6275 6276/6276 6274/6274
f 6273/6273 6272/6272 6274/6274
f 1097/1097 1109/1109 898/898
f 831/831 830/830 834/834
f 888/888 892/892 891/891
f 2622/2622 2628/2628 2625/2625
f 2622/2622 2625/2625 2619/2619
f 2620/2620 2619/2619 2634/2634
f 3621/3621 3623/3623 3632/3632
f 6300/6300 6298/6298 6299/6299
f 1122/1122 1127/1127 1109/1109
f 1097/1097 1122/1122 1109/1109
f 875/875 898/898 850/850
f 830/830 875/875 850/850
f 830/830 850/850 834/834
f 831/831 834/834 836/836
f 843/843 831/831 836/836
f 855/855 860/860 861/861
f 888/888 861/861 892/892
f 890/890 891/891 899/899
f 3624/3624 3629/3629 3623/3623
f 2634/2634 2625/2625 2633/2633
f 2586/2586 2581/2581 2562/2562
f 2582/2582 2586/2586 2562/2562
f 6493/6493 6292/6292 6280/6280
f 6475/6475 6493/6493 6280/6280
f 6475/6475 6280/6280 6276/6276
f 6299/6299 6500/6500 6467/6467
f 1109/1109 1127/1127 1124/1124
f 843/843 836/836 842/842
f 842/842 836/836 838/838
f 842/842 838/838 840/840
f 842/842 840/840 857/857
f 860/860 859/859 858/858
f 3839/3839 3841/3841 3842/3842
f 3623/3623 3629/3629 3630/3630
f 2634/2634 2633/2633 2631/2631
f 7359/7359 7358/7358 7355/7355
f 6297/6297 6295/6295 6298/6298
f 6714/6714 6717/6717 6715/6715
f 6292/6292 6290/6290 6281/6281
f 6292/6292 6281/6281 6280/6280
f 6276/6276 6278/6278 6274/6274
f 6274/6274 6287/6287 6273/6273
f 6496/6496 6273/6273 6287/6287
f 6496/6496 6287/6287 6498/6498
f 6497/6497 6496/6496 6498/6498
f 898/898 896/896 850/850
f 850/850 896/896 834/834
f 836/836 834/834 837/837
f 859/859 857/857 858/858
f 860/860 858/858 861/861
f 899/899 891/891 892/892
f 8440/8440 8476/8476 8443/8443
f 3802/3802 3801/3801 3804/3804
f 2631/2631 2633/2633 2632/2632
f 2631/2631 2632/2632 2627/2627
f 7168/7168 7162/7162 7160/7160
f 6298/6298 6295/6295 6299/6299
f 6299/6299 6295/6295 6500/6500
f 6290/6290 6500/6500 6289/6289
f 6290/6290 6289/6289 6281/6281
f 6280/6280 6281/6281 6279/6279
f 6280/6280 6279/6279 6276/6276
f 6276/6276 6279/6279 6278/6278
f 6297/6297 6296/6296 6295/6295
f 6274/6274 6278/6278 6287/6287
f 1109/1109 1080/1080 898/898
f 898/898 1080/1080 896/896
f 836/836 837/837 838/838
f 857/857 840/840 858/858
f 861/861 889/889 892/892
f 3842/3842 3841/3841 3849/3849
f 2562/2562 2581/2581 2566/2566
f 6295/6295 6294/6294 6288/6288
f 6500/6500 6295/6295 6288/6288
f 6289/6289 6500/6500 6288/6288
f 6289/6289 6288/6288 6281/6281
f 6295/6295 6296/6296 6294/6294
f 6287/6287 6278/6278 6494/6494
f 8389/8389 8388/8388 8390/8390
f 8391/8391 8389/8389 8390/8390
f 1109/1109 1124/1124 1080/1080
f 834/834 896/896 837/837
f 838/838 837/837 839/839
f 8629/8629 8630/8630 8631/8631
f 8486/8486 8357/8357 8355/8355
f 8416/8416 8503/8503 8422/8422
f 8416/8416 8422/8422 8415/8415
f 8413/8413 8416/8416 8415/8415
f 8413/8413 8415/8415 8414/8414
f 8412/8412 8413/8413 8414/8414
f 8357/8357 8352/8352 8353/8353
f 8357/8357 8353/8353 8355/8355
f 8355/8355 8353/8353 8354/8354
f 838/838 839/839 840/840
f 840/840 894/894 858/858
f 861/861 858/858 889/889
f 7487/7487 7483/7483 7486/7486
f 8441/8441 8440/8440 8442/8442
f 8476/8476 8485/8485 8488/8488
f 8485/8485 8505/8505 8488/8488
f 7164/7164 7155/7155 7158/7158
f 6288/6288 6294/6294 6293/6293
f 6288/6288 6293/6293 6282/6282
f 8384/8384 8426/8426 8425/8425
f 6281/6281 6288/6288 6282/6282
f 8384/8384 8425/8425 8383/8383
f 6279/6279 6281/6281 6282/6282
f 8384/8384 8383/8383 8382/8382
f 6279/6279 6282/6282 6473/6473
f 8385/8385 8384/8384 8382/8382
f 6278/6278 6279/6279 6473/6473
f 8430/8430 8436/8436 8491/8491
f 8385/8385 8382/8382 8386/8386
f 6278/6278 6473/6473 6494/6494
f 6287/6287 6494/6494 6498/6498
f 8386/8386 8387/8387 8388/8388
f 8389/8389 8386/8386 8388/8388
f 8390/8390 8393/8393 8394/8394
f 8394/8394 8393/8393 8473/8473
f 896/896 1117/1117 837/837
f 8299/8299 8298/8298 8297/8297
f 8492/8492 8303/8303 8298/8298
f 8299/8299 8300/8300 8301/8301
f 8298/8298 8296/8296 8297/8297
f 8299/8299 8297/8297 8300/8300
f 8300/8300 8297/8297 8302/8302
f 8416/8416 8521/8521 8503/8503
f 8362/8362 8408/8408 8407/8407
f 8362/8362 8363/8363 8360/8360
f 8362/8362 8360/8360 8361/8361
f 8424/8424 8446/8446 8486/8486
f 8424/8424 8486/8486 8520/8520
f 8518/8518 8520/8520 8447/8447
f 4518/4518 4517/4517 4520/4520
f 8407/8407 8410/8410 8363/8363
f 8362/8362 8407/8407 8363/8363
f 8361/8361 8360/8360 8359/8359
f 8361/8361 8359/8359 8406/8406
f 8406/8406 8359/8359 8358/8358
f 8406/8406 8358/8358 8474/8474
f 8474/8474 8358/8358 8351/8351
f 8474/8474 8351/8351 8446/8446
f 8446/8446 8351/8351 8350/8350
f 8446/8446 8350/8350 8352/8352
f 8446/8446 8352/8352 8486/8486
f 837/837 1117/1117 839/839
f 8363/8363 8410/8410 8497/8497
f 8520/8520 8355/8355 8356/8356
f 8297/8297 8296/8296 8294/8294
f 1117/1117 1111/1111 839/839
f 8422/8422 8503/8503 8421/8421
f 8363/8363 8497/8497 8439/8439
f 8360/8360 8363/8363 8439/8439
f 8360/8360 8439/8439 8345/8345
f 8359/8359 8360/8360 8345/8345
f 8359/8359 8345/8345 8358/8358
f 8358/8358 8345/8345 8347/8347
f 8351/8351 8358/8358 8347/8347
f 8350/8350 8351/8351 8347/8347
f 8350/8350 8347/8347 8348/8348
f 8350/8350 8348/8348 8352/8352
f 8353/8353 8352/8352 8349/8349
f 8352/8352 8348/8348 8349/8349
f 8353/8353 8349/8349 8354/8354
f 8355/8355 8354/8354 8356/8356
f 8520/8520 8317/8317 8447/8447
f 8422/8422 8421/8421 8417/8417
f 8415/8415 8422/8422 8417/8417
f 8417/8417 8421/8421 8419/8419
f 8415/8415 8417/8417 8414/8414
f 8414/8414 8417/8417 8418/8418
f 8414/8414 8418/8418 8420/8420
f 8348/8348 8347/8347 8343/8343
f 8348/8348 8343/8343 8349/8349
f 8354/8354 8349/8349 8356/8356
f 8557/8557 8556/8556 8552/8552
f 8447/8447 8317/8317 8288/8288
f 8297/8297 8294/8294 8302/8302
f 8556/8556 8555/8555 8552/8552
f 839/839 1111/1111 840/840
f 8302/8302 8294/8294 8517/8517
f 8591/8591 8592/8592 8593/8593
f 8317/8317 8278/8278 8288/8288
f 8523/8523 8335/8335 8292/8292
f 8294/8294 8279/8279 8293/8293
f 8517/8517 8294/8294 8293/8293
f 8517/8517 8293/8293 8335/8335
f 840/840 1111/1111 894/894
f 8288/8288 8266/8266 8289/8289
f 8293/8293 8279/8279 8277/8277
f 8513/8513 8400/8400 8511/8511
f 8309/8309 8289/8289 8522/8522
f 8279/8279 8522/8522 8284/8284
f 8309/8309 8522/8522 8279/8279
f 8279/8279 8284/8284 8276/8276
f 8277/8277 8279/8279 8276/8276
f 8472/8472 8462/8462 8464/8464
f 8263/8263 8323/8323 8281/8281
f 8289/8289 8514/8514 8522/8522
f 8400/8400 8496/8496 8511/8511
f 8462/8462 8463/8463 8464/8464
f 8522/8522 8514/8514 8284/8284
f 8276/8276 8284/8284 8274/8274
f 8275/8275 8276/8276 8274/8274
f 8567/8567 8565/8565 8564/8564
f 8511/8511 8496/8496 8512/8512
f 8469/8469 8499/8499 8500/8500
f 8237/8237 8236/8236 8233/8233
f 8500/8500 8508/8508 8469/8469
f 8272/8272 8273/8273 8496/8496
f 8233/8233 8234/8234 8235/8235
f 8248/8248 8252/8252 8258/8258
f 8273/8273 8441/8441 8496/8496
f 8605/8605 8606/8606 8607/8607
f 8251/8251 8253/8253 8252/8252
f 8258/8258 8252/8252 8260/8260
f 8235/8235 8234/8234 8241/8241
f 8235/8235 8241/8241 8239/8239
f 8608/8608 8607/8607 8606/8606
f 8252/8252 8253/8253 8255/8255
f 8252/8252 8255/8255 8291/8291
f 8260/8260 8252/8252 8291/8291
f 8271/8271 8440/8440 8273/8273
f 8273/8273 8440/8440 8441/8441
f 8314/8314 8516/8516 8253/8253
f 8260/8260 8291/8291 8519/8519
f 8440/8440 8271/8271 8476/8476
f 8271/8271 8290/8290 8476/8476
f 8286/8286 8287/8287 8283/8283
f 8283/8283 8287/8287 8334/8334
f 8476/8476 8290/8290 8485/8485
f 8327/8327 8316/8316 8509/8509
f 8285/8285 8509/8509 8316/8316
f 8285/8285 8316/8316 8286/8286
f 8290/8290 8494/8494 8485/8485
f 2572/2572 2566/2566 2576/2576
f 8327/8327 8318/8318 8316/8316
f 8316/8316 8318/8318 8286/8286
f 8494/8494 8506/8506 8505/8505
f 8494/8494 8505/8505 8485/8485
f 2576/2576 2578/2578 2577/2577
f 8480/8480 8484/8484 8479/8479
f 8479/8479 8484/8484 8481/8481
f 8479/8479 8481/8481 8478/8478
f 8478/8478 8481/8481 8482/8482
f 8478/8478 8483/8483 8502/8502
f 8626/8626 8627/8627 8628/8628
f 8502/8502 8328/8328 8327/8327
f 8318/8318 8327/8327 8328/8328
f 8429/8429 8430/8430 8428/8428
f 8429/8429 8428/8428 8426/8426
f 8426/8426 8428/8428 8425/8425
f 8425/8425 8428/8428 8448/8448
f 8425/8425 8448/8448 8380/8380
f 8383/8383 8425/8425 8380/8380
f 8383/8383 8380/8380 8379/8379
f 8383/8383 8379/8379 8382/8382
f 8382/8382 8379/8379 8381/8381
f 8382/8382 8381/8381 8403/8403
f 8382/8382 8403/8403 8387/8387
f 8386/8386 8382/8382 8387/8387
f 8430/8430 8431/8431 8428/8428
f 8428/8428 8434/8434 8448/8448
f 8618/8618 8621/8621 8619/8619
f 8380/8380 8378/8378 8379/8379
f 8379/8379 8378/8378 8374/8374
f 8379/8379 8374/8374 8381/8381
f 8381/8381 8374/8374 8403/8403
f 8622/8622 8623/8623 8624/8624
f 8624/8624 8623/8623 8625/8625
f 8387/8387 8423/8423 8388/8388
f 8430/8430 8491/8491 8437/8437
f 8430/8430 8437/8437 8431/8431
f 8428/8428 8431/8431 8432/8432
f 8428/8428 8432/8432 8434/8434
f 8618/8618 8619/8619 8620/8620
f 8380/8380 8489/8489 8378/8378
f 8403/8403 8374/8374 8375/8375
f 8388/8388 8423/8423 8392/8392
f 8388/8388 8392/8392 8390/8390
f 8390/8390 8392/8392 8393/8393
f 8434/8434 8432/8432 8435/8435
f 8489/8489 8434/8434 8445/8445
f 8434/8434 8435/8435 8445/8445
f 8489/8489 8445/8445 8370/8370
f 8378/8378 8489/8489 8370/8370
f 8378/8378 8370/8370 8369/8369
f 8590/8590 8589/8589 8585/8585
f 8392/8392 8423/8423 8396/8396
f 8393/8393 8392/8392 8395/8395
f 8473/8473 8393/8393 8395/8395
f 8378/8378 8369/8369 8374/8374
f 8374/8374 8369/8369 8372/8372
f 8375/8375 8374/8374 8372/8372
f 8375/8375 8372/8372 8377/8377
f 8423/8423 8375/8375 8377/8377
f 8392/8392 8396/8396 8395/8395
f 8589/8589 8588/8588 8585/8585
f 8585/8585 8588/8588 8586/8586
f 8491/8491 8470/8470 8437/8437
f 8432/8432 8433/8433 8444/8444
f 8431/8431 8433/8433 8432/8432
f 8609/8609 8612/8612 8610/8610
f 8586/8586 8588/8588 8587/8587
f 8473/8473 8395/8395 8401/8401
f 8609/8609 8610/8610 8611/8611
f 8370/8370 8445/8445 8402/8402
f 8370/8370 8402/8402 8366/8366
f 8369/8369 8370/8370 8366/8366
f 8369/8369 8366/8366 8368/8368
f 8377/8377 8376/8376 8492/8492
f 8492/8492 8298/8298 8301/8301
f 8396/8396 8397/8397 8395/8395
f 8395/8395 8397/8397 8401/8401
f 8431/8431 8437/8437 8433/8433
f 8610/8610 8612/8612 8613/8613
f 8445/8445 8367/8367 8402/8402
f 8369/8369 8368/8368 8371/8371
f 8586/8586 8587/8587 8583/8583
f 8586/8586 8583/8583 8585/8585
f 8371/8371 8368/8368 8376/8376
f 8301/8301 8495/8495 8501/8501
f 8437/8437 8470/8470 8450/8450
f 8437/8437 8450/8450 8433/8433
f 8367/8367 8444/8444 8405/8405
f 8402/8402 8367/8367 8366/8366
f 8376/8376 8368/8368 8404/8404
f 8492/8492 8376/8376 8518/8518
f 8396/8396 8398/8398 8397/8397
f 8376/8376 8404/8404 8518/8518
f 8444/8444 8433/8433 8521/8521
f 8444/8444 8521/8521 8405/8405
f 8367/8367 8405/8405 8364/8364
f 8366/8366 8364/8364 8365/8365
f 8367/8367 8364/8364 8366/8366
f 8366/8366 8365/8365 8368/8368
f 8368/8368 8365/8365 8373/8373
f 8404/8404 8368/8368 8373/8373
f 8303/8303 8492/8492 8518/8518
f 8447/8447 8303/8303 8518/8518
f 8298/8298 8303/8303 8296/8296
f 8405/8405 8521/8521 8475/8475
f 8405/8405 8475/8475 8362/8362
f 8405/8405 8362/8362 8364/8364
f 8373/8373 8424/8424 8404/8404
f 8404/8404 8424/8424 8518/8518
f 8585/8585 8583/8583 8582/8582
f 8396/8396 8399/8399 8398/8398
f 8491/8491 8457/8457 8470/8470
f 8433/8433 8451/8451 8521/8521
f 8364/8364 8362/8362 8361/8361
f 8364/8364 8361/8361 8365/8365
f 8365/8365 8361/8361 8406/8406
f 8365/8365 8406/8406 8474/8474
f 8365/8365 8474/8474 8446/8446
f 8373/8373 8365/8365 8446/8446
f 8373/8373 8446/8446 8424/8424
f 8296/8296 8303/8303 8295/8295
f 8521/8521 8451/8451 8525/8525
f 8503/8503 8521/8521 8525/8525
f 4520/4520 4517/4517 4521/4521
f 8407/8407 8411/8411 8410/8410
f 8495/8495 8523/8523 8501/8501
f 8525/8525 8451/8451 8490/8490
f 8503/8503 8525/8525 8421/8421
f 8525/8525 8490/8490 8421/8421
f 8418/8418 8417/8417 8419/8419
f 8397/8397 8398/8398 8400/8400
f 8397/8397 8400/8400 8401/8401
f 8419/8419 8421/8421 8490/8490
f 8549/8549 8542/8542 8544/8544
f 8345/8345 8439/8439 8346/8346
f 8345/8345 8346/8346 8344/8344
f 8345/8345 8344/8344 8342/8342
f 8345/8345 8342/8342 8347/8347
f 8343/8343 8347/8347 8342/8342
f 8490/8490 8451/8451 8471/8471
f 8419/8419 8490/8490 8420/8420
f 8418/8418 8419/8419 8420/8420
f 8544/8544 8542/8542 8541/8541
f 8552/8552 8555/8555 8553/8553
f 8296/8296 8295/8295 8294/8294
f 8583/8583 8584/8584 8580/8580
f 8583/8583 8580/8580 8582/8582
f 8545/8545 8546/8546 8543/8543
f 8542/8542 8545/8545 8543/8543
f 8552/8552 8553/8553 8554/8554
f 8433/8433 8450/8450 8451/8451
f 8541/8541 8542/8542 8543/8543
f 8346/8346 8438/8438 8341/8341
f 8344/8344 8346/8346 8341/8341
f 8342/8342 8344/8344 8341/8341
f 8342/8342 8341/8341 8340/8340
f 8343/8343 8342/8342 8340/8340
f 8343/8343 8340/8340 8427/8427
f 8317/8317 8427/8427 8278/8278
f 8294/8294 8295/8295 8279/8279
f 8340/8340 8341/8341 8339/8339
f 8427/8427 8340/8340 8262/8262
f 8523/8523 8292/8292 8315/8315
f 8546/8546 8547/8547 8543/8543
f 8438/8438 8498/8498 8341/8341
f 8341/8341 8498/8498 8339/8339
f 8427/8427 8264/8264 8278/8278
f 8427/8427 8262/8262 8244/8244
f 8266/8266 8288/8288 8278/8278
f 8582/8582 8580/8580 8579/8579
f 8471/8471 8452/8452 8460/8460
f 8340/8340 8339/8339 8262/8262
f 8295/8295 8309/8309 8279/8279
f 8460/8460 8461/8461 8472/8472
f 8547/8547 8550/8550 8548/8548
f 8547/8547 8548/8548 8543/8543
f 8262/8262 8247/8247 8244/8244
f 8427/8427 8244/8244 8264/8264
f 8579/8579 8580/8580 8581/8581
f 8398/8398 8496/8496 8400/8400
f 8460/8460 8452/8452 8459/8459
f 8460/8460 8459/8459 8461/8461
f 8339/8339 8254/8254 8262/8262
f 8264/8264 8244/8244 8263/8263
f 8292/8292 8275/8275 8315/8315
f 8548/8548 8551/8551 8543/8543
f 8438/8438 8524/8524 8498/8498
f 8498/8498 8257/8257 8339/8339
f 8339/8339 8257/8257 8254/8254
f 8262/8262 8254/8254 8247/8247
f 8244/8244 8236/8236 8243/8243
f 8263/8263 8244/8244 8243/8243
f 8278/8278 8264/8264 8266/8266
f 8289/8289 8266/8266 8514/8514
f 8461/8461 8459/8459 8462/8462
f 8472/8472 8464/8464 8467/8467
f 8323/8323 8263/8263 8243/8243
f 8264/8264 8263/8263 8265/8265
f 8264/8264 8265/8265 8266/8266
f 8315/8315 8275/8275 8272/8272
f 8315/8315 8272/8272 8496/8496
f 8462/8462 8459/8459 8463/8463
f 8464/8464 8465/8465 8466/8466
f 8254/8254 8250/8250 8247/8247
f 8323/8323 8243/8243 8237/8237
f 8263/8263 8280/8280 8265/8265
f 8464/8464 8463/8463 8465/8465
f 8467/8467 8466/8466 8468/8468
f 8464/8464 8466/8466 8467/8467
f 8467/8467 8468/8468 8524/8524
f 8254/8254 8257/8257 8250/8250
f 8237/8237 8243/8243 8236/8236
f 8323/8323 8237/8237 8507/8507
f 8507/8507 8237/8237 8242/8242
f 8281/8281 8323/8323 8507/8507
f 8567/8567 8568/8568 8565/8565
f 8507/8507 8242/8242 8240/8240
f 8514/8514 8266/8266 8268/8268
f 8284/8284 8514/8514 8274/8274
f 8514/8514 8268/8268 8274/8274
f 8275/8275 8274/8274 8272/8272
f 8470/8470 8457/8457 8450/8450
f 8599/8599 8600/8600 8598/8598
f 8498/8498 8524/8524 8449/8449
f 8498/8498 8449/8449 8257/8257
f 8257/8257 8449/8449 8261/8261
f 8247/8247 8250/8250 8249/8249
f 8247/8247 8249/8249 8248/8248
f 8247/8247 8248/8248 8246/8246
f 8244/8244 8247/8247 8246/8246
f 8244/8244 8245/8245 8236/8236
f 8237/8237 8233/8233 8242/8242
f 8564/8564 8565/8565 8566/8566
f 8274/8274 8268/8268 8272/8272
f 8452/8452 8458/8458 8459/8459
f 8459/8459 8458/8458 8477/8477
f 4760/4760 4761/4761 4762/4762
f 8469/8469 8508/8508 8468/8468
f 8524/8524 8337/8337 8449/8449
f 8257/8257 8261/8261 8250/8250
f 8244/8244 8246/8246 8245/8245
f 8242/8242 8233/8233 8238/8238
f 8239/8239 8240/8240 8238/8238
f 8240/8240 8242/8242 8238/8238
f 8280/8280 8504/8504 8265/8265
f 8266/8266 8265/8265 8267/8267
f 8266/8266 8267/8267 8268/8268
f 8450/8450 8457/8457 8454/8454
f 8599/8599 8598/8598 8595/8595
f 8500/8500 8499/8499 8508/8508
f 8508/8508 8510/8510 8468/8468
f 8468/8468 8510/8510 8524/8524
f 8250/8250 8261/8261 8249/8249
f 8246/8246 8248/8248 8326/8326
f 8233/8233 8235/8235 8238/8238
f 8268/8268 8270/8270 8272/8272
f 8598/8598 8596/8596 8595/8595
f 8595/8595 8596/8596 8597/8597
f 8524/8524 8510/8510 8337/8337
f 8449/8449 8337/8337 8333/8333
f 8558/8558 8559/8559 8560/8560
f 8558/8558 8560/8560 8561/8561
f 8558/8558 8561/8561 8562/8562
f 8558/8558 8562/8562 8563/8563
f 8261/8261 8338/8338 8249/8249
f 8248/8248 8249/8249 8251/8251
f 8246/8246 8326/8326 8493/8493
f 8233/8233 8236/8236 8234/8234
f 8265/8265 8504/8504 8269/8269
f 8265/8265 8269/8269 8267/8267
f 8268/8268 8267/8267 8270/8270
f 8450/8450 8454/8454 8453/8453
f 8449/8449 8333/8333 8331/8331
f 8515/8515 8329/8329 8310/8310
f 8338/8338 8305/8305 8256/8256
f 8249/8249 8338/8338 8256/8256
f 8249/8249 8256/8256 8251/8251
f 8252/8252 8248/8248 8251/8251
f 8326/8326 8258/8258 8493/8493
f 8531/8531 8527/8527 8530/8530
f 8454/8454 8455/8455 8453/8453
f 8614/8614 8615/8615 8616/8616
f 8337/8337 8510/8510 8477/8477
f 8333/8333 8332/8332 8331/8331
f 8310/8310 8329/8329 8308/8308
f 8338/8338 8310/8310 8306/8306
f 8305/8305 8338/8338 8306/8306
f 8256/8256 8304/8304 8251/8251
f 8573/8573 8572/8572 8571/8571
f 8246/8246 8493/8493 8259/8259
f 8245/8245 8246/8246 8259/8259
f 8538/8538 8539/8539 8540/8540
f 4757/4757 4758/4758 4759/4759
f 8269/8269 8282/8282 8267/8267
f 8270/8270 8267/8267 8271/8271
f 8270/8270 8271/8271 8273/8273
f 8337/8337 8477/8477 8336/8336
f 8337/8337 8336/8336 8332/8332
f 8337/8337 8332/8332 8333/8333
f 8515/8515 8331/8331 8321/8321
f 8310/8310 8308/8308 8306/8306
f 8305/8305 8306/8306 8304/8304
f 8256/8256 8305/8305 8304/8304
f 8251/8251 8304/8304 8314/8314
f 8253/8253 8251/8251 8314/8314
f 8245/8245 8259/8259 8283/8283
f 8534/8534 8533/8533 8529/8529
f 8527/8527 8528/8528 8529/8529
f 8527/8527 8529/8529 8530/8530
f 8453/8453 8455/8455 8456/8456
f 8458/8458 8453/8453 8487/8487
f 8616/8616 8615/8615 8617/8617
f 8329/8329 8321/8321 8320/8320
f 8329/8329 8320/8320 8312/8312
f 8329/8329 8312/8312 8308/8308
f 8304/8304 8306/8306 8307/8307
f 8255/8255 8516/8516 8509/8509
f 8255/8255 8509/8509 8291/8291
f 8569/8569 8570/8570 8571/8571
f 8283/8283 8259/8259 8285/8285
f 8530/8530 8529/8529 8532/8532
f 8271/8271 8267/8267 8290/8290
f 8267/8267 8282/8282 8290/8290
f 8453/8453 8456/8456 8487/8487
f 8336/8336 8487/8487 8322/8322
f 8336/8336 8322/8322 8332/8332
f 8332/8332 8322/8322 8331/8331
f 8321/8321 8331/8331 8322/8322
f 8321/8321 8322/8322 8313/8313
f 8321/8321 8313/8313 8320/8320
f 8320/8320 8313/8313 8312/8312
f 8308/8308 8312/8312 8311/8311
f 8308/8308 8311/8311 8307/8307
f 8308/8308 8307/8307 8306/8306
f 8304/8304 8307/8307 8516/8516
f 8314/8314 8304/8304 8516/8516
f 8259/8259 8519/8519 8285/8285
f 8529/8529 8533/8533 8532/8532
f 2574/2574 2573/2573 2572/2572
f 8322/8322 8487/8487 8330/8330
f 8313/8313 8322/8322 8330/8330
f 8574/8574 8575/8575 8576/8576
f 8291/8291 8509/8509 8519/8519
f 8519/8519 8509/8509 8285/8285
f 8533/8533 8535/8535 8532/8532
f 8532/8532 8535/8535 8536/8536
f 8282/8282 8494/8494 8290/8290
f 8487/8487 8456/8456 8526/8526
f 8487/8487 8526/8526 8480/8480
f 8330/8330 8487/8487 8480/8480
f 8313/8313 8330/8330 8324/8324
f 8311/8311 8324/8324 8325/8325
f 8313/8313 8324/8324 8311/8311
f 8307/8307 8311/8311 8325/8325
f 8283/8283 8285/8285 8286/8286
f 8330/8330 8480/8480 8479/8479
f 8478/8478 8330/8330 8479/8479
f 8330/8330 8478/8478 8324/8324
f 8307/8307 8325/8325 8502/8502
f 8576/8576 8575/8575 8577/8577
f 8325/8325 8324/8324 8502/8502
f 8324/8324 8478/8478 8502/8502
f 8372/8372 8376/8376 8377/8377
f 8369/8369 8371/8371 8372/8372
f 8372/8372 8371/8371 8376/8376
f 8451/8451 8452/8452 8471/8471
f 8451/8451 8450/8450 8452/8452
f 8452/8452 8450/8450 8453/8453
f 8452/8452 8453/8453 8458/8458
f 8515/8515 8321/8321 8329/8329
f 8312/8312 8313/8313 8311/8311
f 3791/3791 3806/3806 3792/3792
f 3625/3625 3620/3620 3619/3619
f 3618/3618 3619/3619 3620/3620
f 3618/3618 3620/3620 3621/3621
f 3621/3621 3620/3620 3623/3623
f 3623/3623 3620/3620 3624/3624
f 2613/2613 2611/2611 2615/2615
f 2609/2609 2615/2615 2611/2611
f 6213/6213 6214/6214 6215/6215
f 4491/4491 4490/4490 4504/4504
f 4490/4490 4505/4505 4504/4504
f 4497/4497 4491/4491 4504/4504
f 4912/4912 4910/4910 4914/4914
f 4911/4911 4915/4915 4910/4910
f 4914/4914 4910/4910 4915/4915
f 7874/7874 7869/7869 7866/7866
f 7866/7866 7863/7863 7874/7874
f 7875/7875 7873/7873 8112/8112
f 7864/7864 7865/7865 7875/7875
f 7865/7865 7873/7873 7875/7875
f 7865/7865 7863/7863 7866/7866
f 7875/7875 8112/8112 8116/8116
f 7863/7863 7865/7865 7864/7864
f 3614/3614 3613/3613 3615/3615
f 5060/5060 5061/5061 5062/5062
f 386/386 365/365 406/406
f 406/406 312/312 386/386
f 386/386 312/312 303/303
f 311/311 315/315 347/347

