# https://github.com/mikedh/trimesh

o geometry_0
v 0.21255964 -0.20521807 -0.02637779
v 0.21029713 -0.22230521 -0.02637779
v 0.21017144 -0.22230521 -0.04281742
v 0.21230826 -0.20521807 -0.04281742
v 0.21251774 -0.20521807 -0.00993818
v 0.20874687 -0.23345405 -0.02637779
v 0.20757372 -0.24157554 -0.04281742
v 0.20870498 -0.23333761 -0.04281742
v 0.21243395 -0.20582937 -0.00993818
v 0.20740613 -0.24009096 -0.05930889
v 0.20849549 -0.23185303 -0.05930889
v 0.20971054 -0.22230521 -0.05930889
v 0.21172166 -0.20521807 -0.05930889
v 0.21222446 -0.20521807 0.00655329
v 0.20757372 -0.24169198 -0.02637779
v 0.19634494 -0.32110202 -0.05930889
v 0.19860745 -0.30462617 -0.05930889
v 0.20535311 -0.25522776 -0.05930889
v 0.21214067 -0.20582937 0.00655329
v 0.21008764 -0.22230521 -0.00993818
v 0.19244838 -0.34700923 -0.07056251
v 0.20468272 -0.25522776 -0.07574851
v 0.20832790 -0.23065956 -0.06776207
v 0.20891446 -0.22210144 -0.07424457
v 0.21071610 -0.20521807 -0.07574851
v 0.21121890 -0.20521807 0.03948439
v 0.20862118 -0.23249343 -0.00993818
v 0.19387294 -0.33754873 -0.05930889
v 0.20845359 -0.23135819 0.00147101
v 0.21113510 -0.20582937 0.03948439
v 0.19571645 -0.32110202 -0.07574851
v 0.19240648 -0.34668903 -0.05930889
v 0.19052104 -0.35489786 -0.05930889
v 0.19077246 -0.35309306 -0.07590409
v 0.19202940 -0.34447675 -0.08155682
v 0.19332825 -0.33839292 -0.07590409
v 0.20711285 -0.23718003 -0.07424457
v 0.20325819 -0.25522776 -0.09218812
v 0.20539500 -0.23875194 -0.09218812
v 0.20799272 -0.22742844 -0.07870453
v 0.20857928 -0.21645425 -0.08658725
v 0.20916587 -0.20521807 -0.09213627
v 0.21063231 -0.20521807 0.05592401
v 0.20736423 -0.24073136 -0.00993818
v 0.20510172 -0.25522776 -0.00993818
v 0.20883067 -0.21735663 0.05592401
v 0.20753182 -0.22556544 0.05592401
v 0.21054851 -0.20582937 0.05592401
v 0.20748993 -0.22163569 0.07381570
v 0.19223889 -0.34578667 -0.05106315
v 0.18574464 -0.37044219 -0.05930889
v 0.18561892 -0.37044219 -0.07574851
v 0.19244838 -0.29714510 0.07765334
v 0.19018587 -0.30497549 0.07765334
v 0.18842612 -0.31076824 0.07765334
v 0.18842612 -0.35399546 -0.09218812
v 0.16018656 -0.39559260 -0.21685954
v 0.17619178 -0.34610687 -0.18315055
v 0.17652698 -0.31495995 -0.21831162
v 0.17979506 -0.30462617 -0.20736917
v 0.18222515 -0.30462617 -0.19092955
v 0.18721107 -0.28815032 -0.17448992
v 0.19286738 -0.26736634 -0.15805031
v 0.19282548 -0.33350256 -0.08772816
v 0.16781209 -0.37044219 -0.20736917
v 0.20124706 -0.25522776 -0.10867960
v 0.20350957 -0.23875194 -0.10867960
v 0.20736423 -0.22210144 -0.09213627
v 0.20552070 -0.22230521 -0.10867960
v 0.20803462 -0.21089438 -0.09758156
v 0.20740613 -0.20521807 -0.10774612
v 0.20987813 -0.20521807 0.07163759
v 0.20878877 -0.21133102 0.07765334
v 0.20857928 -0.21569741 0.06930390
v 0.20799272 -0.21700732 0.07765334
v 0.20723854 -0.22181035 0.07765334
v 0.20656816 -0.22606030 0.07765334
v 0.20451513 -0.23875194 0.07765334
v 0.20476652 -0.23875194 0.07236363
v 0.20355147 -0.24407893 0.07765334
v 0.20149844 -0.25522776 0.07765334
v 0.19814658 -0.27170361 0.07765334
v 0.19441760 -0.28855787 0.07765334
v 0.19349584 -0.29266227 0.07765334
v 0.17594039 -0.39469020 -0.05448590
v 0.17878949 -0.38828617 -0.05967191
v 0.17623367 -0.39541792 -0.06542837
v 0.17623367 -0.39541792 -0.06833253
v 0.18515805 -0.32110202 0.07765334
v 0.18297933 -0.32736050 0.07765334
v 0.17912467 -0.33810180 0.07765334
v 0.17749062 -0.34243908 0.07765334
v 0.15737938 -0.40511131 -0.20736917
v 0.15943241 -0.39282720 -0.22780200
v 0.16156923 -0.38718001 -0.22292716
v 0.15683469 -0.40199663 -0.22292716
v 0.17091258 -0.35399546 -0.20736917
v 0.17459965 -0.32069447 -0.22380878
v 0.17568901 -0.30972028 -0.22930594
v 0.18478097 -0.28815032 -0.19092955
v 0.19223889 -0.26349479 -0.16629605
v 0.19705722 -0.25522776 -0.14155884
v 0.19919404 -0.25522776 -0.12511921
v 0.16521438 -0.37044219 -0.22380878
v 0.20149844 -0.23875194 -0.12511921
v 0.20350957 -0.22230521 -0.12511921
v 0.20518552 -0.20582937 -0.12511921
v 0.20732234 -0.20521807 -0.10842030
v 0.20975244 -0.20521807 0.07366013
v 0.20950105 -0.20521807 0.07765334
v 0.16006087 -0.42816584 -0.05090758
v 0.16475351 -0.41984060 -0.05930889
v 0.17304939 -0.40188019 -0.05967191
v 0.17614988 -0.34590311 0.07765334
v 0.17275611 -0.35361706 0.07765334
v 0.17015840 -0.35946801 0.07765334
v 0.16035418 -0.42874803 -0.07574851
v 0.16001897 -0.42807851 -0.08399424
v 0.14912539 -0.41984060 -0.22380878
v 0.15792405 -0.38718001 -0.24030026
v 0.16081505 -0.38185302 -0.23480310
v 0.15293813 -0.40339387 -0.24030026
v 0.12775715 -0.41154446 -0.33064036
v 0.14401378 -0.42828227 -0.23246940
v 0.17145727 -0.32110202 -0.24030026
v 0.17644316 -0.29874610 -0.23319544
v 0.18448766 -0.27170361 -0.20736917
v 0.18716918 -0.27170361 -0.19092955
v 0.19278358 -0.25522776 -0.16977067
v 0.19462709 -0.25522776 -0.15805031
v 0.19148471 -0.25522776 -0.17801641
v 0.19927783 -0.23875194 -0.14155884
v 0.20120516 -0.22230521 -0.14155884
v 0.20283919 -0.20521807 -0.14218115
v 0.20514362 -0.20521807 -0.12574153
v -0.21283537 -0.20521807 0.07765334
v 0.14267301 -0.45916719 -0.05930889
v 0.14778462 -0.45092928 -0.05930889
v 0.15582913 -0.43701506 -0.05930889
v 0.16039607 -0.42880624 -0.05930889
v 0.16500489 -0.37044219 0.07765334
v 0.16353846 -0.37349867 0.07765334
v 0.16052177 -0.37964071 0.07765334
v 0.15595482 -0.38787865 0.07765334
v 0.15335713 -0.39233236 0.07765334
v 0.14786842 -0.40132711 0.07765334
v 0.15599672 -0.43698594 -0.07574851
v 0.14020102 -0.43762634 -0.22380878
v 0.14460034 -0.42938843 -0.22380878
v 0.12939120 -0.40057027 -0.33442614
v 0.14631819 -0.41981149 -0.23890004
v 0.11254803 -0.42877715 -0.33261105
v 0.11690547 -0.42027724 -0.33847124
v 0.11418207 -0.41509578 -0.35091760
v 0.12549464 -0.40499487 -0.33956028
v 0.13869266 -0.43477366 -0.23890004
v 0.13031297 -0.44819301 -0.24030026
v 0.12863703 -0.44571873 -0.25087971
v 0.12390252 -0.45643092 -0.24030026
v 0.13215651 -0.45113304 -0.22380878
v 0.16659704 -0.32110202 -0.25673986
v 0.17409685 -0.30439329 -0.23931492
v 0.17690406 -0.25522776 -0.25108713
v 0.17971126 -0.25522776 -0.24030026
v 0.18163859 -0.23875194 -0.24030026
v 0.18339831 -0.25522776 -0.22380878
v 0.18654069 -0.25522776 -0.20736917
v 0.18938979 -0.25522776 -0.19092955
v 0.19676391 -0.23875194 -0.15805031
v 0.19207130 -0.24573815 -0.18185405
v 0.19860745 -0.22230521 -0.15805031
v 0.20032529 -0.20521807 -0.15805031
v -0.21069855 -0.22210144 0.07765334
v -0.21312865 -0.20521807 0.07236363
v 0.12763146 -0.47727316 -0.05204849
v 0.13370674 -0.47078181 -0.05821983
v 0.12851133 -0.47823376 -0.06299094
v 0.13605307 -0.46923898 -0.07574851
v 0.14313391 -0.45974939 -0.07574851
v 0.14246353 -0.40956502 0.07765334
v 0.14795221 -0.45151145 -0.07574851
v 0.14225404 -0.45829391 -0.09218812
v 0.12691921 -0.38691805 -0.34547232
v 0.13056436 -0.38691805 -0.33727842
v 0.10961514 -0.42606996 -0.34360538
v 0.11585801 -0.46510547 -0.24030026
v 0.11338600 -0.46257298 -0.25181318
v 0.10613757 -0.47334341 -0.24030026
v 0.09574675 -0.47756424 -0.24870156
v 0.10454543 -0.42106317 -0.35662222
v 0.09951761 -0.41602729 -0.36808328
v 0.11024361 -0.40845889 -0.36191192
v 0.11640269 -0.40313187 -0.35605174
v 0.12650021 -0.45937095 -0.22380878
v 0.12754767 -0.46065175 -0.21048076
v 0.15997707 -0.27508029 -0.29765742
v 0.17543760 -0.23875194 -0.26275565
v 0.17790962 -0.23875194 -0.25456175
v 0.18310503 -0.22230521 -0.24030026
v 0.18524184 -0.23875194 -0.22380878
v 0.18834233 -0.23875194 -0.20736917
v 0.19269976 -0.23476397 -0.18527681
v 0.19378915 -0.23965432 -0.17563085
v 0.19584217 -0.22230521 -0.17448992
v 0.19743429 -0.20582937 -0.17448992
v 0.19747619 -0.20521807 -0.17448992
v -0.20847794 -0.23875194 0.07765334
v -0.21392472 -0.20521807 0.05592401
v -0.21007006 -0.22865102 0.07236363
v 0.12126290 -0.48356075 -0.05821983
v 0.14011722 -0.41267973 0.07765334
v 0.12859513 -0.42775831 0.07765334
v 0.12809236 -0.42839871 0.07765334
v 0.11229664 -0.44510744 0.07765334
v 0.09507637 -0.46059355 0.07765334
v 0.11749205 -0.48248371 -0.04281742
v 0.11975457 -0.48603503 -0.07574851
v 0.12880464 -0.47849576 -0.07574851
v 0.12838564 -0.47808823 -0.08705398
v 0.14158365 -0.28815032 -0.34184214
v 0.11258993 -0.39748468 -0.36491983
v 0.12059252 -0.38691805 -0.35548132
v 0.12863703 -0.29857145 -0.36502354
v 0.14514504 -0.28815032 -0.33359638
v 0.09888913 -0.43026171 -0.35133251
v 0.09432220 -0.42700147 -0.36227498
v 0.11841381 -0.46781265 -0.22380878
v 0.10978273 -0.47605056 -0.22380878
v 0.09809306 -0.47901969 -0.24030026
v 0.08753466 -0.48460870 -0.24030026
v 0.07144564 -0.48556931 -0.25673986
v 0.08619390 -0.47939812 -0.25518408
v 0.06302406 -0.44440881 -0.36336402
v 0.07240931 -0.44242937 -0.35693335
v 0.08841452 -0.43395858 -0.35625919
v 0.08904299 -0.42152892 -0.37347672
v 0.08376379 -0.41605638 -0.38431545
v 0.09448980 -0.40962326 -0.37902571
v 0.10374935 -0.40356851 -0.37197277
v 0.11133297 -0.47718581 -0.21333306
v 0.17598229 -0.22841815 -0.26462260
v 0.17824480 -0.22268363 -0.25814010
v 0.18415249 -0.20521807 -0.24030026
v 0.18775577 -0.20521807 -0.22380878
v 0.18666641 -0.22230521 -0.22380878
v 0.18980879 -0.22230521 -0.20736917
v 0.19404053 -0.20521807 -0.19222605
v -0.20583832 -0.25522776 0.07765334
v -0.21027955 -0.23016470 0.06297698
v -0.21053096 -0.23179483 0.05203451
v -0.20944160 -0.23787866 0.05685749
v -0.20676009 -0.25522776 0.05592401
v -0.21451131 -0.20521807 0.03948439
v -0.21224878 -0.22230521 0.03948439
v -0.21141083 -0.22373156 0.05685749
v 0.10923805 -0.49275926 -0.05930889
v 0.08745085 -0.46647362 0.07765334
v 0.10613757 -0.49069251 -0.04281742
v 0.11015982 -0.49322502 -0.07574851
v 0.10890287 -0.49258462 -0.09218812
v 0.12105342 -0.48335699 -0.09239556
v 0.11212904 -0.47782621 -0.20239060
v 0.13467040 -0.28815032 -0.35548132
v 0.14543832 -0.27170361 -0.33395941
v 0.17325888 -0.20521807 -0.27442413
v 0.15042424 -0.27170361 -0.32260206
v 0.09725509 -0.39864907 -0.38198176
v 0.09867964 -0.38691805 -0.38369314
v 0.10676604 -0.38691805 -0.37425463
v 0.11401448 -0.30462617 -0.38307081
v 0.12268747 -0.28815032 -0.37368415
v 0.12897223 -0.28815032 -0.36543839
v 0.17351029 -0.22268363 -0.27183114
v 0.08359620 -0.43066923 -0.36792768
v 0.07810750 -0.42703059 -0.37887014
v 0.10173822 -0.48152311 -0.22380878
v 0.08606821 -0.49008122 -0.22246042
v 0.07668295 -0.49305038 -0.22702410
v 0.07136185 -0.49150758 -0.24050769
v 0.06143192 -0.49337058 -0.24616044
v 0.05577562 -0.49144938 -0.25689546
v 0.05229805 -0.44630092 -0.36730537
v 0.05673929 -0.44190541 -0.37243951
v 0.06733960 -0.43031994 -0.38343383
v 0.07219982 -0.43419146 -0.37280253
v 0.07266070 -0.42106317 -0.38934587
v 0.06725580 -0.41509578 -0.39976975
v 0.07798181 -0.40930306 -0.39530977
v 0.08786984 -0.40397606 -0.38867171
v 0.10504821 -0.48216351 -0.20768032
v 0.17631747 -0.21744395 -0.26545236
v 0.17966936 -0.20521807 -0.25673986
v 0.19106574 -0.20693553 -0.20664312
v -0.20257025 -0.27170361 0.07765334
v -0.21074045 -0.23330851 0.03948439
v -0.20952540 -0.24154642 0.03948439
v -0.20738858 -0.25522776 0.03948439
v -0.20340822 -0.27170361 0.05592401
v -0.21497218 -0.20521807 0.02299292
v -0.21094993 -0.23505506 0.02299292
v 0.10119355 -0.49622329 -0.05930889
v 0.09809306 -0.49500067 -0.04281742
v 0.07978344 -0.47194617 0.07765334
v 0.09578865 -0.49404007 -0.03436424
v 0.07534221 -0.47506085 0.07765334
v 0.10211531 -0.49651440 -0.07574851
v 0.10081646 -0.49601950 -0.09218812
v 0.08895920 -0.49127470 -0.20736917
v 0.14112278 -0.27170361 -0.34220513
v 0.16617804 -0.20521807 -0.28967098
v 0.16617804 -0.20582937 -0.28967098
v 0.17648506 -0.20521807 -0.26648954
v 0.08120799 -0.39832887 -0.39826579
v 0.08300962 -0.38691805 -0.40018460
v 0.09105412 -0.38691805 -0.39188701
v 0.10689174 -0.30462617 -0.39131656
v 0.11464295 -0.28815032 -0.38353754
v 0.12851133 -0.27804941 -0.36466052
v 0.16098264 -0.20521807 -0.29936880
v 0.17661078 -0.20521807 -0.26617841
v 0.05983977 -0.42606996 -0.39437627
v 0.07969964 -0.49401098 -0.21602979
v 0.06591505 -0.49468047 -0.23521798
v 0.07136185 -0.49529178 -0.22246042
v 0.05577562 -0.49613597 -0.24050769
v 0.05070591 -0.49488426 -0.25150201
v 0.04261951 -0.49307946 -0.26244448
v 0.03922574 -0.45445148 -0.35548132
v 0.03817827 -0.44731973 -0.37243951
v 0.04287090 -0.44350641 -0.37824784
v 0.03805258 -0.49048875 -0.27177928
v 0.05481196 -0.43261955 -0.38872357
v 0.04911377 -0.42892267 -0.39774717
v 0.04902997 -0.41294170 -0.41418680
v 0.05975598 -0.40758562 -0.41071218
v 0.06436481 -0.39661140 -0.41387563
v -0.19863179 -0.28815032 0.07765334
v -0.21002816 -0.24474845 0.00655329
v -0.20977678 -0.24326386 0.02299292
v -0.20403668 -0.27170361 0.03948439
v -0.20784945 -0.25522776 0.02299292
v -0.20500035 -0.27170361 0.00655329
v -0.20453948 -0.27170361 0.02299292
v -0.21534926 -0.20521807 0.00655329
v -0.21308675 -0.22230521 0.00655329
v -0.21115942 -0.23653963 0.00655329
v 0.08753466 -0.50018216 -0.05930889
v 0.08753466 -0.49808626 -0.04281742
v 0.06729770 -0.47939812 0.07765334
v 0.05933699 -0.48251280 0.07765334
v 0.05535664 -0.48396828 0.07765334
v 0.08753466 -0.50061877 -0.07574851
v 0.08753466 -0.49974549 -0.09218812
v 0.08091469 -0.49444765 -0.20736917
v 0.07429474 -0.38691805 -0.40837850
v 0.09884723 -0.30462617 -0.39961415
v 0.10672414 -0.28815032 -0.39178327
v 0.11321841 -0.27761280 -0.38172245
v 0.14682096 -0.20521807 -0.31777909
v 0.15457218 -0.20521807 -0.30797755
v 0.03922574 -0.42400320 -0.40863778
v 0.07144564 -0.49695101 -0.20736917
v 0.05535664 -0.49895954 -0.22380878
v 0.03922574 -0.49916333 -0.24030026
v 0.03805258 -0.49558289 -0.25689546
v 0.03189351 -0.49406921 -0.26540050
v 0.02313673 -0.44985224 -0.37197277
v 0.03214490 -0.44475813 -0.38058152
v 0.02313673 -0.49165311 -0.27468344
v 0.03817827 -0.43943113 -0.38701219
v 0.03922574 -0.43069835 -0.40044391
v 0.03922574 -0.41576529 -0.41677982
v 0.03964472 -0.40342299 -0.42528486
v 0.05477006 -0.40260791 -0.41688354
v 0.04525911 -0.39224504 -0.42850017
v 0.04861099 -0.38127082 -0.43047086
v 0.06625024 -0.38691805 -0.41553515
v -0.19532182 -0.29996869 0.07765334
v -0.20106189 -0.28815032 0.00655329
v -0.19729105 -0.30462617 -0.00993818
v -0.20826842 -0.25522776 0.00655329
v -0.21128511 -0.23718003 -0.00993818
v -0.21011196 -0.24541795 -0.00993818
v -0.20851983 -0.25522776 -0.00993818
v -0.20533555 -0.27170361 -0.00993818
v -0.20156469 -0.28815032 -0.00993818
v -0.21547498 -0.20521807 -0.00993818
v -0.21329624 -0.22230521 -0.00993818
v 0.07144564 -0.50221977 -0.05930889
v 0.07144564 -0.50093897 -0.04281742
v 0.04442114 -0.48687919 0.07765334
v 0.03922574 -0.48821823 0.07765334
v 0.07144564 -0.50230709 -0.07574851
v 0.03922574 -0.50213245 -0.20736917
v 0.05535664 -0.50032772 -0.20736917
v 0.06784238 -0.37044219 -0.41729839
v 0.09867964 -0.28815032 -0.39930298
v 0.08946198 -0.30462617 -0.40785988
v 0.09679421 -0.27860249 -0.39769531
v 0.09591435 -0.23004827 -0.38047781
v 0.13894407 -0.20521807 -0.32628410
v 0.13923735 -0.20521807 -0.32597296
v 0.02313673 -0.42673948 -0.41143823
v 0.03922574 -0.50128832 -0.22380878
v 0.02313673 -0.50018216 -0.24030026
v 0.02313673 -0.49706742 -0.25673986
v 0.02313673 -0.49441850 -0.26643769
v 0.00704772 -0.45148236 -0.37197277
v 0.02313673 -0.44542764 -0.38187805
v 0.02313673 -0.44088658 -0.39012375
v 0.00704772 -0.49450582 -0.26669700
v 0.00704772 -0.49168225 -0.27494273
v 0.02313673 -0.43267778 -0.40319250
v 0.02313673 -0.41850157 -0.41952839
v 0.02313673 -0.40883730 -0.42777412
v 0.03453311 -0.39797955 -0.43114502
v 0.03964472 -0.38683069 -0.43332314
v 0.03922574 -0.37044219 -0.43824985
v 0.05016123 -0.37044219 -0.43166361
v 0.05824763 -0.37044219 -0.42554415
v -0.19452574 -0.30261765 0.07765334
v -0.19460954 -0.31417400 -0.00993818
v -0.19255651 -0.32337254 -0.02637779
v -0.19217944 -0.32241194 -0.00993818
v -0.19766812 -0.30462617 -0.02637779
v -0.19486092 -0.31516372 -0.02637779
v -0.21124321 -0.23709270 -0.02637779
v -0.21007006 -0.24533062 -0.02637779
v -0.20851983 -0.25522776 -0.02637779
v -0.20541935 -0.27170361 -0.02637779
v -0.20177417 -0.28815032 -0.02637779
v -0.19791951 -0.30462617 -0.04281742
v -0.21530736 -0.20521807 -0.02637779
v -0.21321244 -0.22230521 -0.02637779
v 0.05535664 -0.50210336 -0.05930889
v 0.05535664 -0.50149205 -0.04281742
v 0.02313673 -0.48842199 0.07765334
v 0.00704772 -0.50251088 -0.20736917
v 0.02313673 -0.50259821 -0.20736917
v 0.02313673 -0.50187048 -0.22380878
v 0.08116608 -0.29298247 -0.41434240
v 0.08141747 -0.30462617 -0.41454982
v 0.08753466 -0.22608940 -0.38415985
v 0.10328847 -0.20521807 -0.35745198
v 0.11317651 -0.20521807 -0.34956927
v 0.11355359 -0.20521807 -0.34925808
v 0.13119284 -0.20521807 -0.33401126
v 0.06784238 -0.22789418 -0.39893999
v 0.00704772 -0.43343462 -0.40417784
v 0.00704772 -0.42749632 -0.41237171
v 0.00704772 -0.41928752 -0.42051372
v 0.00704772 -0.50006569 -0.24030026
v 0.00704772 -0.49709657 -0.25673986
v -0.00212804 -0.46120483 -0.34785789
v -0.00904128 -0.45057996 -0.37197277
v 0.00704772 -0.44621357 -0.38333009
v 0.00704772 -0.44167253 -0.39157585
v -0.00212804 -0.49418562 -0.26576350
v -0.02043766 -0.47823376 -0.29988739
v -0.00811952 -0.45791551 -0.35423664
v 0.00704772 -0.41040918 -0.42870762
v 0.00704772 -0.40217127 -0.43394547
v 0.02313673 -0.40059939 -0.43275269
v 0.02313673 -0.38691805 -0.43933889
v 0.02376520 -0.37102439 -0.44442117
v 0.02992428 -0.35399546 -0.44566581
v 0.03922574 -0.35399546 -0.44053168
v 0.05120869 -0.35399546 -0.43264894
v -0.19280790 -0.30820661 0.07765334
v -0.19280790 -0.32412938 -0.04281742
v -0.18886944 -0.33754873 -0.04281742
v -0.18815719 -0.33754873 -0.02637779
v -0.19502851 -0.31589144 -0.04281742
v -0.21111752 -0.23627765 -0.04281742
v -0.20998627 -0.24451557 -0.04281742
v -0.20831032 -0.25522776 -0.04281742
v -0.20529363 -0.27170361 -0.04281742
v -0.20177417 -0.28815032 -0.04281742
v -0.19783571 -0.30462617 -0.05930889
v -0.19502851 -0.31606611 -0.05930889
v -0.19293359 -0.32430402 -0.05930889
v -0.21497218 -0.20521807 -0.04281742
v -0.21291916 -0.22230521 -0.04281742
v -0.02513029 -0.49939620 -0.05930889
v -0.02513029 -0.49997837 -0.07574851
v -0.02513029 -0.50018216 -0.09218812
v -0.00904128 -0.48818914 0.07765334
v -0.02513029 -0.48760692 0.07765334
v -0.02513029 -0.49817358 -0.04281742
v -0.00904128 -0.50155028 -0.20736917
v 0.00704772 -0.50172493 -0.22380878
v -0.04126120 -0.49930882 -0.09218812
v 0.07144564 -0.30462617 -0.42103234
v 0.06000737 -0.30462617 -0.42782600
v 0.04982604 -0.29315714 -0.43078200
v 0.02979858 -0.24888196 -0.42912247
v 0.05016123 -0.24253614 -0.41517216
v 0.08724136 -0.20521807 -0.36896489
v 0.04605518 -0.23156195 -0.41252731
v 0.02250825 -0.20521807 -0.40630407
v 0.02317863 -0.20521807 -0.40594107
v -0.00904128 -0.43264867 -0.40303691
v -0.00904128 -0.42656483 -0.41123078
v -0.00904128 -0.41832692 -0.41958025
v -0.00904128 -0.49866842 -0.24030026
v -0.00904128 -0.50064792 -0.22380878
v -0.00811952 -0.49549551 -0.25663615
v -0.02391524 -0.44702864 -0.37181720
v -0.01771426 -0.44472901 -0.38052967
v -0.00904128 -0.44563140 -0.38213733
v -0.02554928 -0.47503173 -0.30569569
v -0.00904128 -0.44088658 -0.39038309
v -0.02052146 -0.49468047 -0.25103528
v -0.01285404 -0.49302126 -0.26202960
v -0.00904128 -0.40904106 -0.42777412
v -0.00904128 -0.40083227 -0.43321942
v 0.00570697 -0.38534613 -0.44265794
v -0.00120627 -0.37879654 -0.44608069
v -0.00057780 -0.37879654 -0.44608069
v 0.01014821 -0.37690446 -0.44556210
v 0.01882119 -0.36593025 -0.44696231
v 0.02187978 -0.35399546 -0.44799953
v 0.02271774 -0.33754873 -0.44851812
v 0.03076225 -0.33754873 -0.44587327
v 0.03922574 -0.33754873 -0.44084284
v -0.18865995 -0.32110202 0.07765334
v -0.18924654 -0.33754873 -0.05930889
v -0.18354834 -0.35399546 -0.04281742
v -0.18426063 -0.35399546 -0.05930889
v -0.21086614 -0.23453109 -0.05930889
v -0.20973488 -0.24276901 -0.05930889
v -0.20789135 -0.25522776 -0.05930889
v -0.20491655 -0.27170361 -0.05930889
v -0.20152279 -0.28815032 -0.05930889
v -0.19745864 -0.30462617 -0.07574851
v -0.19494472 -0.31562947 -0.07574851
v -0.19284979 -0.32386738 -0.07574851
v -0.18920465 -0.33754873 -0.07574851
v -0.21438559 -0.20521807 -0.05868657
v -0.21430180 -0.20582937 -0.05930889
v -0.21237447 -0.22230521 -0.05930889
v -0.04126120 -0.49773697 -0.05930889
v -0.04126120 -0.49858116 -0.07574851
v -0.04126120 -0.48425936 0.07765334
v -0.06468243 -0.49380719 -0.05277452
v -0.05852336 -0.49526269 -0.05868657
v -0.04126120 -0.49633970 -0.04281742
v -0.02513029 -0.49936706 -0.20736917
v -0.05735020 -0.49715480 -0.10867960
v -0.05735020 -0.49730030 -0.09218812
v 0.03922574 -0.32110202 -0.44011680
v 0.02925390 -0.32110202 -0.44530279
v 0.05196287 -0.30462617 -0.43197478
v 0.03922574 -0.30462617 -0.43845727
v 0.02234066 -0.28849966 -0.44276165
v 0.01643298 -0.29423418 -0.44649558
v 0.01010631 -0.28325999 -0.44530279
v 0.02393280 -0.25470380 -0.43259709
v 0.01907258 -0.24489398 -0.43073014
v 0.00838847 -0.20521807 -0.41263102
v 0.00968732 -0.20521807 -0.41216425
v -0.02513029 -0.43029083 -0.39966600
v -0.02513029 -0.42339192 -0.40785988
v -0.02513029 -0.41515401 -0.41641677
v -0.02513029 -0.49846469 -0.22380878
v -0.02559117 -0.49584486 -0.24076700
v -0.03589819 -0.44568961 -0.36626815
v -0.02844027 -0.44309889 -0.37726248
v -0.02391524 -0.43884894 -0.38696033
v -0.03116367 -0.47695296 -0.29579044
v -0.03702945 -0.46353358 -0.32260206
v -0.03128936 -0.49348699 -0.24652346
v -0.02148513 -0.39777579 -0.43124876
v -0.02613585 -0.40330655 -0.42538858
v -0.00753294 -0.38534613 -0.44162075
v -0.01189038 -0.37466303 -0.44483605
v -0.00753294 -0.36968536 -0.44722162
v -0.00904128 -0.35399546 -0.45017765
v 0.00704772 -0.35399546 -0.45085181
v 0.00570697 -0.37102439 -0.44758465
v 0.00704772 -0.33754873 -0.45204459
v 0.00704772 -0.32110202 -0.45137043
v 0.02120940 -0.32110202 -0.44810324
v -0.18304558 -0.33754873 0.07765334
v -0.17990317 -0.36724016 -0.05930889
v -0.18442821 -0.35399546 -0.07574851
v -0.17998699 -0.36756036 -0.07574851
v -0.21061475 -0.23252255 -0.07170343
v -0.20709527 -0.25522776 -0.07574851
v -0.20424617 -0.27170361 -0.07574851
v -0.20097809 -0.28815032 -0.07574851
v -0.19687205 -0.30462617 -0.09218812
v -0.19469333 -0.31463975 -0.09218812
v -0.19259841 -0.32287767 -0.09218812
v -0.18832477 -0.33754873 -0.10867960
v -0.18882754 -0.33754873 -0.09218812
v -0.18413493 -0.35399546 -0.09218812
v -0.21350575 -0.20521807 -0.07512619
v -0.21136890 -0.22352780 -0.07663013
v -0.05735020 -0.49651440 -0.07574851
v -0.05735020 -0.48041696 0.07765334
v -0.07260124 -0.49240998 -0.05868657
v -0.06665166 -0.49424386 -0.06376885
v -0.04938950 -0.49398189 -0.21582233
v -0.06933316 -0.49485511 -0.10867960
v -0.06954265 -0.49494249 -0.09218812
v -0.06820190 -0.49462229 -0.07574851
v 0.02661430 -0.30462617 -0.44431746
v 0.01856980 -0.30462617 -0.44716977
v 0.00704772 -0.30462617 -0.44945160
v 0.00566507 -0.28849966 -0.44701417
v -0.00061969 -0.27967956 -0.44608069
v 0.00566507 -0.27318817 -0.44333213
v 0.00704772 -0.25522776 -0.43731637
v 0.00704772 -0.24291456 -0.43187107
v 0.00646114 -0.20521807 -0.41294216
v -0.03422225 -0.42860247 -0.39733232
v -0.03468314 -0.41259241 -0.41403123
v -0.03577250 -0.49468047 -0.23558099
v -0.04117740 -0.49523354 -0.22230484
v -0.04666610 -0.44336089 -0.36030426
v -0.04126120 -0.44053726 -0.37181720
v -0.04025563 -0.43165895 -0.38810123
v -0.04117740 -0.49153670 -0.24076700
v -0.05735020 -0.48495799 -0.24030026
v -0.08139991 -0.47741869 -0.23189894
v -0.03221113 -0.39442821 -0.42917433
v -0.02613585 -0.38811152 -0.43451592
v -0.01846844 -0.36368885 -0.44644372
v -0.02437612 -0.36968536 -0.44260608
v -0.02098234 -0.35399546 -0.44727348
v -0.00904128 -0.33754873 -0.45168157
v -0.00904128 -0.32110202 -0.45142229
v -0.00904128 -0.30462617 -0.44965905
v -0.17914901 -0.34829006 0.07765334
v -0.17692840 -0.37547810 -0.05930889
v -0.17705409 -0.37579830 -0.07574851
v -0.17986127 -0.36724016 -0.09218812
v -0.17697030 -0.37544899 -0.09218812
v -0.21023765 -0.22981539 -0.08264589
v -0.20948350 -0.23831530 -0.07663013
v -0.20600591 -0.25522776 -0.09218812
v -0.20227697 -0.27170361 -0.10867960
v -0.20328250 -0.27170361 -0.09218812
v -0.19934407 -0.28815032 -0.10867960
v -0.20022392 -0.28815032 -0.09218812
v -0.19440005 -0.31362092 -0.10468638
v -0.19414867 -0.31257300 -0.11568070
v -0.19268221 -0.31990854 -0.10956122
v -0.18748680 -0.33754873 -0.12511921
v -0.18296175 -0.35399546 -0.12511921
v -0.18371593 -0.35399546 -0.10867960
v -0.17969368 -0.36659976 -0.10867960
v -0.21346385 -0.20521807 -0.07574851
v -0.21082424 -0.21834635 -0.09218812
v -0.06652596 -0.47785536 0.07765334
v -0.08957011 -0.48763606 -0.05930889
v -0.07624641 -0.49267194 -0.07574851
v -0.05579996 -0.49051786 -0.22230484
v -0.04649850 -0.49310858 -0.22681666
v -0.07737766 -0.49296306 -0.10867960
v -0.08957011 -0.48842199 -0.12511921
v -0.07762905 -0.49296306 -0.09218812
v -0.00158336 -0.27967956 -0.44608069
v -0.00904128 -0.25522776 -0.43809425
v -0.00904128 -0.24233238 -0.43223409
v 0.00310927 -0.20521807 -0.41294216
v -0.05177771 -0.42950487 -0.38239661
v -0.04499016 -0.42560423 -0.39333908
v -0.03983665 -0.41911288 -0.40397038
v -0.05324415 -0.41463005 -0.39966600
v -0.04540914 -0.40854622 -0.41066033
v -0.04050702 -0.40319011 -0.41776516
v -0.06686115 -0.42912647 -0.36585330
v -0.05722450 -0.43212471 -0.37160975
v -0.07498945 -0.48198887 -0.22536457
v -0.08416521 -0.47887416 -0.22090461
v -0.08952821 -0.47447865 -0.22536457
v -0.10067320 -0.46315518 -0.23708493
v -0.09723753 -0.46079731 -0.24802740
v -0.04205727 -0.38811152 -0.42658133
v -0.03723894 -0.38345402 -0.43187107
v -0.05186150 -0.39757203 -0.41486099
v -0.02902685 -0.35399546 -0.44462863
v -0.04205727 -0.37067507 -0.43404918
v -0.02345435 -0.33754873 -0.44815510
v -0.02353815 -0.32110202 -0.44815510
v -0.02148513 -0.30462617 -0.44742905
v -0.01901312 -0.29338999 -0.44659929
v -0.00778433 -0.28800479 -0.44706603
v -0.17805966 -0.35093899 0.07765334
v -0.17642561 -0.37416819 -0.04281742
v -0.17248715 -0.38691805 -0.07574851
v -0.17211007 -0.38691805 -0.05930889
v -0.17236146 -0.38691805 -0.09218812
v -0.17671889 -0.37483770 -0.10867960
v -0.17190059 -0.38691805 -0.10867960
v -0.20986057 -0.22658426 -0.09218812
v -0.20705337 -0.23875194 -0.10867960
v -0.20835222 -0.23875194 -0.09218812
v -0.20483276 -0.25522776 -0.10867960
v -0.20097809 -0.27170361 -0.12511921
v -0.19821282 -0.28815032 -0.12511921
v -0.19548941 -0.30264673 -0.12511921
v -0.19381346 -0.31088467 -0.12511921
v -0.19150905 -0.32110202 -0.12511921
v -0.18614606 -0.33754873 -0.14155884
v -0.18162101 -0.35399546 -0.14155884
v -0.17860432 -0.36357241 -0.14155884
v -0.17931660 -0.36549361 -0.12511921
v -0.21224878 -0.20521807 -0.09218812
v -0.21220688 -0.20582937 -0.09218812
v -0.21044716 -0.21499878 -0.10162664
v -0.06912367 -0.47695296 0.07765334
v -0.08957011 -0.48556931 -0.04281742
v -0.10725126 -0.48088271 -0.05770124
v -0.08957011 -0.48862575 -0.07574851
v -0.08957011 -0.48920795 -0.10867960
v -0.10452786 -0.48158132 -0.12511921
v -0.10264243 -0.48041696 -0.14155884
v -0.08957011 -0.48923706 -0.09218812
v -0.01230936 -0.28241580 -0.44556210
v -0.00778433 -0.27318817 -0.44385072
v -0.02513029 -0.25522776 -0.43570871
v -0.02513029 -0.24381694 -0.43130062
v -0.00665307 -0.20521807 -0.41257916
v -0.06250371 -0.42615731 -0.37684763
v -0.05789488 -0.42039368 -0.38887914
v -0.06397016 -0.41029277 -0.39536163
v -0.05793678 -0.40391783 -0.40537059
v -0.08114852 -0.42784564 -0.34671694
v -0.07834133 -0.42563335 -0.35548132
v -0.07356490 -0.42010257 -0.37223205
v -0.09355047 -0.47514817 -0.20736917
v -0.10348040 -0.46554214 -0.22380878
v -0.11068693 -0.47543925 -0.14155884
v -0.11152491 -0.45925454 -0.22380878
v -0.10591051 -0.45744975 -0.24164862
v -0.04796495 -0.37632227 -0.42875948
v -0.05726641 -0.38633585 -0.41750584
v -0.06262941 -0.39145908 -0.41102335
v -0.03149885 -0.33754873 -0.44540653
v -0.04126120 -0.35399546 -0.43845727
v -0.05081404 -0.36534808 -0.43057457
v -0.03158265 -0.32110202 -0.44545839
v -0.02952963 -0.30462617 -0.44483605
v -0.02471130 -0.28800479 -0.44385072
v -0.02513029 -0.27170361 -0.44032425
v -0.17575522 -0.35649886 0.07765334
v -0.16549010 -0.40254971 -0.07574851
v -0.16549010 -0.40252059 -0.09218812
v -0.16523872 -0.40179287 -0.05930889
v -0.17097882 -0.38691805 -0.04281742
v -0.16528062 -0.40205483 -0.10867960
v -0.17629991 -0.37373155 -0.12511921
v -0.17102071 -0.38691805 -0.12511921
v -0.20919019 -0.22119905 -0.10774612
v -0.20747237 -0.22230521 -0.12511921
v -0.20554504 -0.23875194 -0.12511921
v -0.20340822 -0.25522776 -0.12511921
v -0.19926028 -0.27170361 -0.14155884
v -0.19611787 -0.28980955 -0.14321836
v -0.19486092 -0.29953206 -0.13881026
v -0.19008452 -0.32110202 -0.14155884
v -0.18442821 -0.33754873 -0.15805031
v -0.17986127 -0.35449033 -0.15665008
v -0.17818535 -0.36237893 -0.15027131
v -0.17554573 -0.37181032 -0.14155884
v -0.21090803 -0.20521807 -0.10774612
v -0.21090803 -0.20524719 -0.10774612
v -0.20994437 -0.21031220 -0.11256910
v -0.07457047 -0.47488620 0.07765334
v -0.11370362 -0.47747692 -0.05111502
v -0.11475108 -0.47814641 -0.06210932
v -0.10565912 -0.48251280 -0.07574851
v -0.10565912 -0.48242548 -0.09218812
v -0.10708367 -0.48114468 -0.10852402
v -0.11341033 -0.47727316 -0.11391746
v -0.11261426 -0.47669096 -0.12511921
v -0.04658230 -0.25036653 -0.42886319
v -0.03581440 -0.24565082 -0.43021155
v -0.04121930 -0.23959610 -0.42559600
v -0.05735020 -0.22868014 -0.41475725
v -0.06585559 -0.23022292 -0.41330518
v -0.00992115 -0.20521807 -0.41138635
v -0.08022676 -0.41029277 -0.37855901
v -0.06950075 -0.41515401 -0.38436731
v -0.07469616 -0.40482022 -0.38970890
v -0.06916557 -0.39931859 -0.40002903
v -0.08965391 -0.42382856 -0.34033819
v -0.08948632 -0.41660945 -0.35444410
v -0.11529576 -0.44606804 -0.25134644
v -0.08408141 -0.41407697 -0.36761654
v -0.12015599 -0.46720134 -0.14155884
v -0.11990460 -0.45101660 -0.22380878
v -0.11776777 -0.44845500 -0.24030026
v -0.05663793 -0.37067507 -0.42461067
v -0.06652596 -0.38048490 -0.41397934
v -0.07989157 -0.39265256 -0.39505046
v -0.07318782 -0.38656873 -0.40469643
v -0.04126120 -0.33754873 -0.43996123
v -0.05223859 -0.35399546 -0.43161176
v -0.06874658 -0.37044219 -0.41574261
v -0.06028309 -0.35399546 -0.42569972
v -0.04126120 -0.32110202 -0.43985751
v -0.08194459 -0.26090407 -0.41340892
v -0.07465426 -0.25534420 -0.41677982
v -0.05022746 -0.26136983 -0.43000409
v -0.16967994 -0.37044219 0.07765334
v -0.16159354 -0.41078762 -0.07574851
v -0.16159354 -0.41072941 -0.09218812
v -0.16138406 -0.41029277 -0.10867960
v -0.16121647 -0.41000166 -0.05930889
v -0.16398177 -0.38260986 0.07765334
v -0.16590910 -0.37856367 0.07765334
v -0.16477785 -0.40109423 -0.12511921
v -0.16092319 -0.40933214 -0.12511921
v -0.16938666 -0.38691805 -0.14155884
v -0.20935778 -0.20524719 -0.12465248
v -0.20567073 -0.22230521 -0.14155884
v -0.20374340 -0.23875194 -0.14155884
v -0.20160658 -0.25522776 -0.14155884
v -0.19720725 -0.27170361 -0.15805031
v -0.19511230 -0.28503564 -0.15805031
v -0.19423246 -0.29638826 -0.14980457
v -0.19167664 -0.30462617 -0.15805031
v -0.19331069 -0.30485905 -0.14321836
v -0.18832477 -0.32110202 -0.15805031
v -0.18229140 -0.33754873 -0.17448992
v -0.17919091 -0.34925066 -0.17448992
v -0.17751496 -0.36031217 -0.16126563
v -0.17483345 -0.36889940 -0.15665008
v -0.20935778 -0.20521807 -0.12465248
v -0.08957011 -0.46775442 0.07765334
v -0.13050491 -0.46190347 -0.04888503
v -0.12078446 -0.47247013 -0.05770124
v -0.09908106 -0.46207811 0.07765334
v -0.10167877 -0.46006959 0.07765334
v -0.10712556 -0.45555764 0.07765334
v -0.11659462 -0.44731973 0.07765334
v -0.13142668 -0.46298050 -0.05930889
v -0.12300507 -0.47142221 -0.07574851
v -0.11496057 -0.47832108 -0.07574851
v -0.11433210 -0.47791356 -0.09218812
v -0.11391311 -0.47762248 -0.10292314
v -0.13008591 -0.46129218 -0.11905160
v -0.12308889 -0.46714314 -0.12475620
v -0.05630274 -0.25560620 -0.42606274
v -0.06924936 -0.23875194 -0.41506845
v -0.05735020 -0.23875194 -0.42015070
v -0.07729387 -0.23875194 -0.41081593
v -0.08550596 -0.22751576 -0.39945855
v -0.07209846 -0.22565276 -0.40490388
v -0.02860786 -0.20521807 -0.40282945
v -0.08491939 -0.39931859 -0.38405614
v -0.09484932 -0.40828422 -0.35921521
v -0.08986340 -0.40380139 -0.37249139
v -0.10067320 -0.41471737 -0.33904166
v -0.09815930 -0.41221397 -0.34822089
v -0.12581227 -0.43960578 -0.24030026
v -0.13042111 -0.42895179 -0.25010180
v -0.12166432 -0.43593802 -0.25622127
v -0.12933175 -0.46047711 -0.12999405
v -0.12794909 -0.44208006 -0.22380878
v -0.08320155 -0.38167838 -0.39831765
v -0.07679109 -0.37044219 -0.40894895
v -0.09564539 -0.39175017 -0.37731433
v -0.08944442 -0.38671426 -0.38830866
v -0.05286707 -0.33754873 -0.43233781
v -0.08194459 -0.26599819 -0.41340892
v -0.07063201 -0.35399546 -0.41750584
v -0.09962574 -0.25522776 -0.39852508
v -0.08822936 -0.25534420 -0.40775616
v -0.08081334 -0.24992989 -0.41268287
v -0.15711042 -0.41984060 -0.09218812
v -0.14521125 -0.44315710 -0.07574851
v -0.15673334 -0.41984060 -0.10867960
v -0.15979193 -0.39084777 0.07765334
v -0.16264100 -0.38525881 0.07765334
v -0.16389798 -0.39914391 -0.14155884
v -0.15991762 -0.40738183 -0.14155884
v -0.15568588 -0.41984060 -0.12511921
v -0.17177487 -0.37044219 -0.17448992
v -0.16708226 -0.38691805 -0.15805031
v -0.20747237 -0.20521807 -0.14155884
v -0.20353391 -0.22230521 -0.15805031
v -0.20164848 -0.23875194 -0.15805031
v -0.19955356 -0.25522776 -0.15805031
v -0.19720725 -0.25522776 -0.17448992
v -0.19444195 -0.28125144 -0.16769626
v -0.19368777 -0.29327358 -0.15805031
v -0.18920465 -0.30462617 -0.17448992
v -0.18602034 -0.32110202 -0.17448992
v -0.17969368 -0.33749052 -0.19025536
v -0.17843673 -0.34686371 -0.18439519
v -0.17663509 -0.35745946 -0.17448992
v -0.12463912 -0.43905270 0.07765334
v -0.12983452 -0.43349283 0.07765334
v -0.13222275 -0.43084390 0.07765334
v -0.14026723 -0.42071388 0.07765334
v -0.14454089 -0.41512489 0.07765334
v -0.13796282 -0.45276316 -0.05930889
v -0.13901028 -0.45276316 -0.07574851
v -0.13167806 -0.46318427 -0.07574851
v -0.14651012 -0.41247594 0.07765334
v -0.15233399 -0.40339387 0.07765334
v -0.13490423 -0.45410219 -0.12475620
v -0.13716674 -0.45276316 -0.10867960
v -0.09036618 -0.23875194 -0.40194783
v -0.09623196 -0.23325027 -0.39562094
v -0.05705691 -0.20521807 -0.38856797
v -0.10205585 -0.22643872 -0.38462662
v -0.09401135 -0.21546453 -0.37762553
v -0.07436097 -0.20521807 -0.37705505
v -0.09920676 -0.39731004 -0.36637190
v -0.10176256 -0.40301543 -0.35444410
v -0.10934618 -0.40356851 -0.33992331
v -0.13188755 -0.43136787 -0.24030026
v -0.13821421 -0.41984060 -0.24030026
v -0.13322832 -0.41989881 -0.25606570
v -0.11558906 -0.39818331 -0.33504848
v -0.13477854 -0.45092928 -0.14155884
v -0.13339590 -0.43384215 -0.22380878
v -0.14282305 -0.43946025 -0.14155884
v -0.09862018 -0.38077598 -0.38156685
v -0.09371806 -0.37044219 -0.39219818
v -0.08567356 -0.37044219 -0.40070322
v -0.07867651 -0.35399546 -0.41055659
v -0.10193016 -0.38651049 -0.37186906
v -0.09937435 -0.27170361 -0.39836951
v -0.10767024 -0.25522776 -0.39038309
v -0.09866208 -0.24422447 -0.39759160
v -0.14944299 -0.43477366 -0.09218812
v -0.14441520 -0.44167253 -0.05930889
v -0.14500176 -0.44298245 -0.09218812
v -0.14931730 -0.43416235 -0.10867960
v -0.16272483 -0.39655320 -0.15805031
v -0.15359096 -0.41984060 -0.14155884
v -0.14542077 -0.41049653 -0.22790572
v -0.14873074 -0.43320174 -0.12511921
v -0.16456833 -0.38744201 -0.17293413
v -0.16909338 -0.37044219 -0.19092955
v -0.16381418 -0.38252254 -0.19092955
v -0.16205444 -0.39521416 -0.16645162
v -0.20520983 -0.20521807 -0.15805031
v -0.20110379 -0.22230521 -0.17448992
v -0.19930218 -0.23875194 -0.17448992
v -0.19507041 -0.25522776 -0.18698819
v -0.19440005 -0.26454274 -0.18361728
v -0.19507041 -0.27071390 -0.17371203
v -0.19356208 -0.27551693 -0.17863873
v -0.19243082 -0.28730616 -0.17371203
v -0.18635555 -0.30462617 -0.19092955
v -0.18325506 -0.32110202 -0.19092955
v -0.17877191 -0.33193065 -0.20228689
v -0.17738927 -0.34290484 -0.19528579
v -0.17546194 -0.35300574 -0.19025536
v -0.14462469 -0.44240029 -0.10867960
v -0.14403810 -0.44143966 -0.12511921
v -0.10574292 -0.23869371 -0.38841237
v -0.11278186 -0.23313385 -0.37912946
v -0.13687346 -0.20521807 -0.32856596
v -0.12329838 -0.20521807 -0.34018262
v -0.14873074 -0.20521807 -0.31751978
v -0.12279558 -0.20521807 -0.34059747
v -0.10507254 -0.20521807 -0.35491084
v -0.08114852 -0.20521807 -0.37233580
v -0.11311704 -0.39410801 -0.34599092
v -0.11060314 -0.38793685 -0.35636293
v -0.14206887 -0.41838513 -0.22297902
v -0.14416379 -0.40776026 -0.24030026
v -0.14194318 -0.40260791 -0.25642872
v -0.12618937 -0.38648138 -0.32291323
v -0.11898283 -0.38793685 -0.33992331
v -0.14764138 -0.43122231 -0.14155884
v -0.11290755 -0.37608939 -0.36237869
v -0.10905289 -0.37052952 -0.37114301
v -0.10042181 -0.37044219 -0.38400428
v -0.09535210 -0.35399546 -0.39406513
v -0.08730759 -0.35399546 -0.40231089
v -0.10746076 -0.27170361 -0.38970890
v -0.11533766 -0.25522776 -0.38213733
v -0.11458349 -0.24410803 -0.38120386
v -0.15639814 -0.38691805 -0.22380878
v -0.14785086 -0.39952235 -0.24030026
v -0.16389798 -0.36738572 -0.22380878
v -0.16092319 -0.37562363 -0.22380878
v -0.20269594 -0.20521807 -0.17448992
v -0.20265404 -0.20582937 -0.17448992
v -0.19817089 -0.22230521 -0.19092955
v -0.19607597 -0.23977076 -0.19212232
v -0.19406484 -0.24591281 -0.19844925
v -0.19347828 -0.25522776 -0.19518207
v -0.19226323 -0.27071390 -0.18978862
v -0.18920465 -0.28815032 -0.19092955
v -0.18304558 -0.30462617 -0.20736917
v -0.17990317 -0.32124755 -0.20762846
v -0.17764066 -0.32680742 -0.21328119
v -0.17625802 -0.33749052 -0.20762846
v -0.17169107 -0.35399546 -0.20736917
v -0.16272483 -0.36432925 -0.23501054
v -0.11927612 -0.23869371 -0.37295810
v -0.16356277 -0.20521807 -0.29936880
v -0.15706852 -0.20521807 -0.30761453
v -0.14902402 -0.20521807 -0.31720864
v -0.11592424 -0.38310473 -0.35143622
v -0.14655202 -0.39661140 -0.25067225
v -0.14487607 -0.39279809 -0.26166657
v -0.12912224 -0.37655514 -0.32856596
v -0.11449969 -0.36511520 -0.36507540
v -0.12656645 -0.37082060 -0.33873052
v -0.11780967 -0.37052952 -0.35636293
v -0.10993276 -0.35399546 -0.37461762
v -0.10188826 -0.35399546 -0.38587123
v -0.11479298 -0.27170361 -0.38146314
v -0.12296317 -0.25522776 -0.37197277
v -0.12807478 -0.23875194 -0.36118587
v -0.15317196 -0.38691805 -0.24030026
v -0.15949862 -0.37006376 -0.24040398
v -0.19980494 -0.20521807 -0.19030723
v -0.19963735 -0.20582937 -0.19092955
v -0.19540561 -0.22230521 -0.20430942
v -0.19477713 -0.23493863 -0.20156085
v -0.19088057 -0.25522776 -0.20736917
v -0.18853426 -0.27170361 -0.20736917
v -0.18585275 -0.28815032 -0.20736917
v -0.18220760 -0.28815032 -0.22380878
v -0.17952609 -0.30386933 -0.22360134
v -0.17868812 -0.31583323 -0.21800047
v -0.17629991 -0.32124755 -0.22360134
v -0.16863248 -0.33754873 -0.24030026
v -0.17261284 -0.33754873 -0.22380878
v -0.16431695 -0.35434478 -0.24040398
v -0.16812972 -0.35399546 -0.22380878
v -0.16138406 -0.36007929 -0.24600485
v -0.16993136 -0.20521807 -0.28967098
v -0.14885643 -0.38715089 -0.25642872
v -0.14722238 -0.38182390 -0.26908254
v -0.14546266 -0.37745754 -0.28002501
v -0.13088198 -0.36558096 -0.33302590
v -0.14567215 -0.36141833 -0.29713880
v -0.14412189 -0.35515982 -0.30683662
v -0.11546336 -0.35399546 -0.36642375
v -0.12824240 -0.35399546 -0.34412394
v -0.12191571 -0.35399546 -0.35548132
v -0.12861947 -0.27170361 -0.36186007
v -0.12162243 -0.27170361 -0.37197277
v -0.12937365 -0.25522776 -0.36300099
v -0.15501550 -0.37044219 -0.25673986
v -0.19967925 -0.20521807 -0.19092955
v -0.19603407 -0.20521807 -0.20788776
v -0.19352018 -0.22230521 -0.21255516
v -0.18539188 -0.23875194 -0.24030026
v -0.18920465 -0.23875194 -0.22380878
v -0.18719352 -0.25522776 -0.22380878
v -0.18484719 -0.27170361 -0.22380878
v -0.18044786 -0.27240222 -0.24128559
v -0.17839484 -0.29787282 -0.23298800
v -0.17738927 -0.30884701 -0.22894292
v -0.17211007 -0.32110202 -0.24030026
v -0.16297621 -0.34913422 -0.25186504
v -0.16427505 -0.33766516 -0.25710289
v -0.15995952 -0.35434478 -0.25710289
v -0.17018274 -0.20521807 -0.28925610
v -0.14952681 -0.37137368 -0.27400925
v -0.14747379 -0.36648332 -0.28619633
v -0.13234844 -0.35399546 -0.33587824
v -0.13838182 -0.35399546 -0.32260206
v -0.15535068 -0.35399546 -0.27317949
v -0.14952681 -0.35515982 -0.29086376
v -0.14726427 -0.35047326 -0.30180620
v -0.14537884 -0.34293395 -0.31274867
v -0.12941555 -0.33754873 -0.34656137
v -0.13356349 -0.27170361 -0.35366619
v -0.14257166 -0.33749052 -0.32161673
v -0.14349343 -0.32110202 -0.32581739
v -0.13406626 -0.33754873 -0.33831564
v -0.13402436 -0.25522776 -0.35475527
v -0.17667699 -0.20521807 -0.27774318
v -0.19423246 -0.20521807 -0.21556304
v -0.19398105 -0.21115636 -0.21457771
v -0.19083867 -0.22230521 -0.22380878
v -0.18338075 -0.25522776 -0.24030026
v -0.18685831 -0.22230521 -0.24030026
v -0.18262657 -0.22230521 -0.25673986
v -0.18057355 -0.24017830 -0.25829567
v -0.17977747 -0.25522776 -0.25440618
v -0.17881381 -0.26736634 -0.25098342
v -0.16775264 -0.32110202 -0.25673986
v -0.16272483 -0.33225085 -0.26731931
v -0.16138406 -0.34322504 -0.26280750
v -0.15975003 -0.33766516 -0.27297207
v -0.15459653 -0.33754873 -0.28967098
v -0.14642633 -0.33195977 -0.31549726
v -0.14864694 -0.33749052 -0.30683662
v -0.14454089 -0.30462617 -0.32809922
v -0.14240408 -0.27263510 -0.33779705
v -0.14734807 -0.32110202 -0.31757163
v -0.14843743 -0.30462617 -0.31985349
v -0.14625871 -0.26774474 -0.33147012
v -0.14206887 -0.25522776 -0.34013076
v -0.17667699 -0.20582937 -0.27774318
v -0.17680268 -0.20521807 -0.27743201
v -0.19243082 -0.20574205 -0.22266787
v -0.18819908 -0.20521807 -0.23978166
v -0.18384162 -0.20521807 -0.25611756
v -0.18367403 -0.20521807 -0.25673986
v -0.17923281 -0.22230521 -0.26820092
v -0.17864622 -0.23563725 -0.26648954
v -0.17810155 -0.24664053 -0.26483002
v -0.17743117 -0.25522776 -0.26260005
v -0.16377229 -0.32110202 -0.27069021
v -0.16125836 -0.32110202 -0.27893596
v -0.15773891 -0.32110202 -0.28967098
v -0.15187312 -0.32110202 -0.30611057
v -0.14533694 -0.28815032 -0.32970689
v -0.14931730 -0.28815032 -0.32146116
v -0.14579784 -0.27871893 -0.33058850
v -0.17374409 -0.25522776 -0.27317949
v -0.17596474 -0.24017830 -0.27245344
v -0.16704036 -0.25522776 -0.28967098
v -0.16880010 -0.23875194 -0.28967098
v -0.14646823 -0.25522776 -0.33188500
v -0.14944299 -0.27263510 -0.32410601
v -0.17625802 -0.22230521 -0.27644668
v -0.17973558 -0.20582937 -0.26949742
v -0.17973558 -0.20521807 -0.26949742
v -0.17990317 -0.20521807 -0.26903068
v -0.16197065 -0.31245656 -0.28126965
f 1 2 3
f 1 3 4
f 1 4 13
f 1 13 25
f 1 25 42
f 1 42 71
f 1 71 108
f 1 108 135
f 1 135 134
f 1 134 172
f 1 172 206
f 1 206 247
f 1 247 244
f 1 244 243
f 1 243 292
f 1 292 320
f 1 320 312
f 1 312 265
f 1 265 310
f 1 310 319
f 1 319 360
f 1 360 359
f 1 359 402
f 1 402 401
f 1 401 447
f 1 447 446
f 1 446 445
f 1 445 444
f 1 444 498
f 1 498 501
f 1 501 500
f 1 500 561
f 1 561 560
f 1 560 616
f 1 616 667
f 1 667 726
f 1 726 785
f 1 785 854
f 1 854 911
f 1 911 914
f 1 914 967
f 1 967 966
f 1 966 965
f 1 965 963
f 1 963 962
f 1 962 964
f 1 964 1005
f 1 1005 1004
f 1 1004 1003
f 1 1003 1036
f 1 1036 1064
f 1 1064 1079
f 1 1079 1103
f 1 1103 1127
f 1 1127 1128
f 1 1128 1107
f 1 1107 1106
f 1 1106 1105
f 1 1105 1080
f 1 1080 1051
f 1 1051 1050
f 1 1050 1020
f 1 1020 988
f 1 988 945
f 1 945 885
f 1 885 833
f 1 833 769
f 1 769 711
f 1 711 654
f 1 654 598
f 1 598 539
f 1 539 482
f 1 482 433
f 1 433 387
f 1 387 344
f 1 344 299
f 1 299 253
f 1 253 208
f 1 208 174
f 1 174 136
f 1 136 110
f 1 110 109
f 1 109 72
f 1 72 43
f 1 43 26
f 1 26 14
f 1 14 5
f 1 5 2
f 2 6 7
f 2 7 8
f 2 8 3
f 2 5 9
f 2 9 6
f 3 8 10
f 3 10 11
f 3 11 12
f 3 12 4
f 4 12 13
f 5 14 19
f 5 19 9
f 6 15 16
f 6 16 7
f 6 9 20
f 6 20 15
f 7 16 17
f 7 17 8
f 8 17 18
f 8 18 10
f 9 19 20
f 10 18 21
f 10 21 22
f 10 22 23
f 10 23 11
f 11 23 12
f 12 23 13
f 13 23 24
f 13 24 25
f 14 26 30
f 14 30 19
f 15 20 27
f 15 27 16
f 16 28 21
f 16 21 17
f 16 27 28
f 17 21 18
f 19 29 27
f 19 27 20
f 19 30 29
f 21 31 22
f 21 28 32
f 21 32 33
f 21 33 34
f 21 34 35
f 21 35 36
f 21 36 31
f 22 37 23
f 22 31 38
f 22 38 39
f 22 39 40
f 22 40 37
f 23 37 40
f 23 40 24
f 24 40 25
f 25 40 41
f 25 41 42
f 26 43 48
f 26 48 30
f 27 29 44
f 27 44 28
f 28 44 29
f 28 29 45
f 28 45 46
f 28 46 47
f 28 47 32
f 29 30 46
f 29 46 45
f 30 48 46
f 31 36 35
f 31 35 38
f 32 47 49
f 32 49 50
f 32 50 33
f 33 51 52
f 33 52 34
f 33 50 53
f 33 53 54
f 33 54 55
f 33 55 51
f 34 56 35
f 34 52 57
f 34 57 56
f 35 58 59
f 35 59 60
f 35 60 61
f 35 61 62
f 35 62 63
f 35 63 64
f 35 64 38
f 35 56 65
f 35 65 58
f 38 64 66
f 38 66 67
f 38 67 39
f 39 68 41
f 39 41 40
f 39 67 69
f 39 69 68
f 41 68 70
f 41 70 42
f 42 70 71
f 43 72 73
f 43 73 74
f 43 74 48
f 46 48 74
f 46 74 49
f 46 49 47
f 49 74 75
f 49 75 76
f 49 76 77
f 49 77 78
f 49 78 79
f 49 79 50
f 50 79 78
f 50 78 80
f 50 80 81
f 50 81 82
f 50 82 83
f 50 83 84
f 50 84 53
f 51 85 86
f 51 86 87
f 51 87 88
f 51 88 52
f 51 55 89
f 51 89 90
f 51 90 91
f 51 91 92
f 51 92 85
f 52 88 93
f 52 93 57
f 53 84 83
f 53 83 82
f 53 82 81
f 53 81 80
f 53 80 78
f 53 78 77
f 53 77 76
f 53 76 75
f 53 75 73
f 53 73 110
f 53 110 136
f 53 136 173
f 53 173 207
f 53 207 248
f 53 248 294
f 53 294 337
f 53 337 378
f 53 378 421
f 53 421 469
f 53 469 526
f 53 526 584
f 53 584 635
f 53 635 691
f 53 691 749
f 53 749 809
f 53 809 815
f 53 815 814
f 53 814 879
f 53 879 878
f 53 878 906
f 53 906 905
f 53 905 901
f 53 901 900
f 53 900 899
f 53 899 898
f 53 898 897
f 53 897 840
f 53 840 839
f 53 839 838
f 53 838 837
f 53 837 834
f 53 834 772
f 53 772 714
f 53 714 656
f 53 656 601
f 53 601 544
f 53 544 488
f 53 488 487
f 53 487 437
f 53 437 392
f 53 392 391
f 53 391 351
f 53 351 350
f 53 350 349
f 53 349 305
f 53 305 303
f 53 303 257
f 53 257 215
f 53 215 214
f 53 214 213
f 53 213 212
f 53 212 211
f 53 211 180
f 53 180 146
f 53 146 145
f 53 145 144
f 53 144 143
f 53 143 142
f 53 142 141
f 53 141 116
f 53 116 115
f 53 115 114
f 53 114 92
f 53 92 91
f 53 91 90
f 53 90 89
f 53 89 55
f 53 55 54
f 56 57 94
f 56 94 95
f 56 95 65
f 57 93 96
f 57 96 94
f 58 65 97
f 58 97 98
f 58 98 59
f 59 98 99
f 59 99 60
f 60 99 100
f 60 100 63
f 60 63 61
f 61 63 62
f 63 100 101
f 63 101 102
f 63 102 64
f 64 102 103
f 64 103 66
f 65 95 104
f 65 104 98
f 65 98 97
f 66 103 105
f 66 105 67
f 67 105 106
f 67 106 69
f 68 69 70
f 69 71 70
f 69 106 71
f 71 106 107
f 71 107 108
f 72 109 73
f 73 109 110
f 73 75 74
f 85 111 112
f 85 112 113
f 85 113 87
f 85 87 86
f 85 92 114
f 85 114 115
f 85 115 116
f 85 116 111
f 87 113 112
f 87 112 88
f 88 112 117
f 88 117 118
f 88 118 119
f 88 119 93
f 93 119 96
f 94 120 121
f 94 121 95
f 94 96 122
f 94 122 123
f 94 123 120
f 95 121 104
f 96 119 124
f 96 124 122
f 98 104 99
f 99 104 125
f 99 125 126
f 99 126 127
f 99 127 128
f 99 128 101
f 99 101 100
f 101 129 130
f 101 130 102
f 101 128 131
f 101 131 129
f 102 130 132
f 102 132 105
f 102 105 103
f 104 121 125
f 105 132 106
f 106 132 133
f 106 133 107
f 107 133 134
f 107 134 135
f 107 135 108
f 111 137 138
f 111 138 139
f 111 139 140
f 111 140 112
f 111 116 141
f 111 141 142
f 111 142 143
f 111 143 144
f 111 144 145
f 111 145 146
f 111 146 137
f 112 140 117
f 117 140 147
f 117 147 118
f 118 147 148
f 118 148 149
f 118 149 119
f 119 149 124
f 120 123 121
f 121 123 150
f 121 150 125
f 122 124 151
f 122 151 123
f 123 152 153
f 123 153 154
f 123 154 155
f 123 155 150
f 123 151 124
f 123 124 156
f 123 156 157
f 123 157 158
f 123 158 159
f 123 159 152
f 124 149 148
f 124 148 160
f 124 160 157
f 124 157 156
f 125 161 162
f 125 162 126
f 125 150 161
f 126 162 163
f 126 163 164
f 126 164 165
f 126 165 166
f 126 166 167
f 126 167 127
f 127 167 168
f 127 168 128
f 128 168 131
f 129 169 130
f 129 131 169
f 130 169 132
f 131 168 170
f 131 170 169
f 132 169 133
f 133 169 171
f 133 171 134
f 134 171 172
f 136 174 173
f 137 175 176
f 137 176 177
f 137 177 178
f 137 178 179
f 137 179 138
f 137 146 180
f 137 180 175
f 138 179 181
f 138 181 139
f 139 181 140
f 140 181 147
f 147 181 148
f 148 181 182
f 148 182 160
f 150 155 183
f 150 183 184
f 150 184 161
f 152 185 153
f 152 159 186
f 152 186 187
f 152 187 188
f 152 188 189
f 152 189 185
f 153 185 154
f 154 185 190
f 154 190 191
f 154 191 192
f 154 192 193
f 154 193 155
f 155 193 183
f 157 160 194
f 157 194 159
f 157 159 158
f 159 194 186
f 160 195 194
f 160 182 195
f 161 196 163
f 161 163 162
f 161 184 196
f 163 196 197
f 163 197 198
f 163 198 165
f 163 165 164
f 165 198 199
f 165 199 200
f 165 200 166
f 166 200 167
f 167 200 201
f 167 201 202
f 167 202 170
f 167 170 168
f 169 170 203
f 169 203 171
f 170 202 203
f 171 203 202
f 171 202 204
f 171 204 172
f 172 204 205
f 172 205 206
f 173 174 208
f 173 208 209
f 173 209 207
f 175 210 177
f 175 177 176
f 175 180 211
f 175 211 212
f 175 212 213
f 175 213 214
f 175 214 215
f 175 215 216
f 175 216 210
f 177 217 218
f 177 218 178
f 177 210 217
f 178 218 219
f 178 219 179
f 179 182 181
f 179 219 195
f 179 195 182
f 183 220 184
f 183 193 221
f 183 221 222
f 183 222 223
f 183 223 220
f 184 224 196
f 184 220 224
f 185 225 226
f 185 226 190
f 185 189 225
f 186 188 187
f 186 194 227
f 186 227 228
f 186 228 188
f 188 229 189
f 188 228 229
f 189 229 230
f 189 230 231
f 189 231 232
f 189 232 233
f 189 233 234
f 189 234 235
f 189 235 225
f 190 226 191
f 191 226 236
f 191 236 237
f 191 237 238
f 191 238 192
f 192 238 239
f 192 239 221
f 192 221 193
f 194 195 240
f 194 240 227
f 195 219 240
f 196 241 197
f 196 224 241
f 197 241 198
f 198 241 242
f 198 242 199
f 199 243 244
f 199 244 245
f 199 245 200
f 199 242 243
f 200 245 246
f 200 246 201
f 201 246 205
f 201 205 202
f 202 205 204
f 205 246 245
f 205 245 247
f 205 247 206
f 207 209 249
f 207 249 250
f 207 250 251
f 207 251 252
f 207 252 248
f 208 253 254
f 208 254 250
f 208 250 255
f 208 255 209
f 209 255 249
f 210 216 256
f 210 256 217
f 215 257 216
f 216 257 258
f 216 258 256
f 217 259 260
f 217 260 261
f 217 261 219
f 217 219 218
f 217 256 259
f 219 261 262
f 219 262 240
f 220 223 263
f 220 263 264
f 220 264 265
f 220 265 266
f 220 266 224
f 221 239 267
f 221 267 268
f 221 268 269
f 221 269 270
f 221 270 223
f 221 223 222
f 223 270 271
f 223 271 272
f 223 272 263
f 224 266 273
f 224 273 241
f 225 235 274
f 225 274 226
f 226 274 275
f 226 275 236
f 227 240 228
f 228 240 276
f 228 276 229
f 229 276 230
f 230 276 277
f 230 277 278
f 230 278 279
f 230 279 231
f 231 279 280
f 231 280 281
f 231 281 233
f 231 233 232
f 233 282 283
f 233 283 284
f 233 284 285
f 233 285 274
f 233 274 235
f 233 235 234
f 233 281 282
f 236 275 237
f 237 275 286
f 237 286 287
f 237 287 288
f 237 288 238
f 238 288 289
f 238 289 267
f 238 267 239
f 240 262 260
f 240 260 290
f 240 290 276
f 241 273 291
f 241 291 292
f 241 292 242
f 242 292 243
f 244 247 293
f 244 293 245
f 245 293 247
f 248 252 294
f 249 255 250
f 250 254 295
f 250 295 296
f 250 296 251
f 251 296 297
f 251 297 252
f 252 297 340
f 252 340 298
f 252 298 294
f 253 299 254
f 254 299 300
f 254 300 295
f 256 301 259
f 256 258 302
f 256 302 301
f 257 303 258
f 258 304 302
f 258 303 305
f 258 305 304
f 259 306 307
f 259 307 260
f 259 301 306
f 260 307 308
f 260 308 290
f 260 262 261
f 263 309 264
f 263 272 309
f 264 309 310
f 264 310 311
f 264 311 265
f 265 311 310
f 265 312 273
f 265 273 266
f 267 289 313
f 267 313 314
f 267 314 315
f 267 315 268
f 268 270 269
f 268 315 316
f 268 316 270
f 270 317 271
f 270 316 317
f 271 317 318
f 271 318 272
f 272 318 319
f 272 319 309
f 273 312 320
f 273 320 291
f 274 285 275
f 275 284 321
f 275 321 286
f 275 285 284
f 276 290 308
f 276 308 277
f 277 308 322
f 277 322 278
f 278 323 279
f 278 322 324
f 278 324 323
f 279 323 280
f 280 323 325
f 280 325 326
f 280 326 281
f 281 326 327
f 281 327 282
f 282 328 329
f 282 329 330
f 282 330 283
f 282 327 331
f 282 331 328
f 283 330 332
f 283 332 284
f 284 332 333
f 284 333 321
f 286 321 287
f 287 321 334
f 287 334 335
f 287 335 288
f 288 335 336
f 288 336 313
f 288 313 289
f 291 320 292
f 294 298 337
f 295 300 338
f 295 338 339
f 295 339 296
f 296 339 297
f 297 339 338
f 297 338 341
f 297 341 342
f 297 342 343
f 297 343 340
f 298 340 337
f 299 344 345
f 299 345 300
f 300 345 346
f 300 346 338
f 301 347 306
f 301 302 348
f 301 348 347
f 302 304 348
f 304 305 349
f 304 349 350
f 304 350 351
f 304 351 348
f 306 352 307
f 306 347 352
f 307 352 353
f 307 353 354
f 307 354 308
f 308 354 322
f 309 319 310
f 313 336 355
f 313 355 314
f 314 356 316
f 314 316 315
f 314 355 356
f 316 356 357
f 316 357 317
f 317 358 318
f 317 357 358
f 318 358 359
f 318 359 360
f 318 360 319
f 321 333 361
f 321 361 334
f 322 354 362
f 322 362 324
f 323 324 363
f 323 363 325
f 324 362 363
f 325 363 364
f 325 364 326
f 326 364 365
f 326 365 327
f 327 366 331
f 327 365 366
f 328 367 368
f 328 368 329
f 328 331 369
f 328 369 367
f 329 368 330
f 330 368 370
f 330 370 371
f 330 371 333
f 330 333 332
f 331 366 369
f 333 371 361
f 334 361 372
f 334 372 373
f 334 373 374
f 334 374 335
f 335 374 336
f 336 374 375
f 336 375 376
f 336 376 377
f 336 377 355
f 337 340 379
f 337 379 380
f 337 380 378
f 338 381 341
f 338 346 382
f 338 382 383
f 338 383 384
f 338 384 381
f 340 343 386
f 340 386 379
f 341 381 342
f 342 381 385
f 342 385 386
f 342 386 343
f 344 387 388
f 344 388 345
f 345 388 382
f 345 382 346
f 347 389 352
f 347 348 390
f 347 390 389
f 348 351 391
f 348 391 392
f 348 392 390
f 352 389 393
f 352 393 394
f 352 394 395
f 352 395 353
f 353 395 362
f 353 362 354
f 355 377 396
f 355 396 356
f 356 397 357
f 356 396 398
f 356 398 397
f 357 397 399
f 357 399 358
f 358 400 401
f 358 401 402
f 358 402 359
f 358 399 400
f 361 403 372
f 361 371 403
f 362 395 363
f 363 404 364
f 363 395 404
f 364 404 405
f 364 405 406
f 364 406 365
f 365 406 366
f 366 407 369
f 366 406 407
f 367 408 409
f 367 409 368
f 367 369 408
f 368 409 410
f 368 410 370
f 369 407 411
f 369 411 412
f 369 412 408
f 370 410 413
f 370 413 371
f 371 413 403
f 372 414 415
f 372 415 416
f 372 416 373
f 372 403 414
f 373 416 375
f 373 375 374
f 375 416 417
f 375 417 376
f 376 417 418
f 376 418 419
f 376 419 420
f 376 420 377
f 377 420 396
f 378 380 422
f 378 422 423
f 378 423 424
f 378 424 421
f 379 386 380
f 380 386 425
f 380 425 426
f 380 426 423
f 380 423 422
f 381 384 385
f 382 388 427
f 382 427 428
f 382 428 383
f 383 428 429
f 383 429 384
f 384 429 430
f 384 430 385
f 385 430 431
f 385 431 386
f 386 431 432
f 386 432 425
f 387 433 434
f 387 434 388
f 388 434 427
f 389 435 393
f 389 390 436
f 389 436 435
f 390 392 436
f 392 437 436
f 393 435 438
f 393 438 439
f 393 439 394
f 394 439 440
f 394 440 404
f 394 404 395
f 396 420 398
f 397 398 441
f 397 441 399
f 398 442 441
f 398 420 442
f 399 441 400
f 400 443 444
f 400 444 445
f 400 445 446
f 400 446 447
f 400 447 401
f 400 441 448
f 400 448 443
f 403 413 449
f 403 449 450
f 403 450 451
f 403 451 414
f 404 440 405
f 405 452 453
f 405 453 406
f 405 440 452
f 406 453 411
f 406 411 407
f 408 454 455
f 408 455 456
f 408 456 409
f 408 412 454
f 409 456 457
f 409 457 410
f 410 457 413
f 411 458 412
f 411 453 458
f 412 458 459
f 412 459 460
f 412 460 454
f 413 457 449
f 414 451 461
f 414 461 415
f 415 461 462
f 415 462 463
f 415 463 416
f 416 463 464
f 416 464 417
f 417 464 465
f 417 465 418
f 418 465 466
f 418 466 467
f 418 467 419
f 419 467 468
f 419 468 420
f 420 468 442
f 421 424 469
f 423 426 470
f 423 470 471
f 423 471 424
f 424 471 472
f 424 472 469
f 425 432 473
f 425 473 426
f 426 473 470
f 427 434 474
f 427 474 475
f 427 475 428
f 428 475 476
f 428 476 429
f 429 476 477
f 429 477 430
f 430 477 478
f 430 478 431
f 431 478 432
f 432 478 479
f 432 479 480
f 432 480 481
f 432 481 473
f 433 482 483
f 433 483 434
f 434 483 474
f 435 436 484
f 435 484 485
f 435 485 486
f 435 486 438
f 436 437 487
f 436 487 488
f 436 488 489
f 436 489 484
f 438 490 491
f 438 491 440
f 438 440 439
f 438 486 492
f 438 492 490
f 440 491 452
f 441 442 493
f 441 493 494
f 441 494 495
f 441 495 496
f 441 496 497
f 441 497 448
f 442 468 467
f 442 467 493
f 443 498 444
f 443 448 498
f 448 497 499
f 448 499 500
f 448 500 501
f 448 501 498
f 449 457 502
f 449 502 450
f 450 502 503
f 450 503 504
f 450 504 451
f 451 504 461
f 452 505 453
f 452 491 506
f 452 506 505
f 453 505 507
f 453 507 458
f 454 460 455
f 455 508 509
f 455 509 510
f 455 510 456
f 455 460 459
f 455 459 511
f 455 511 508
f 456 510 457
f 457 510 512
f 457 512 502
f 458 507 513
f 458 513 514
f 458 514 459
f 459 514 511
f 461 504 515
f 461 515 516
f 461 516 462
f 462 517 463
f 462 516 518
f 462 518 519
f 462 519 517
f 463 517 464
f 464 517 520
f 464 520 465
f 465 520 521
f 465 521 466
f 466 521 522
f 466 522 523
f 466 523 524
f 466 524 467
f 467 525 493
f 467 524 525
f 469 472 526
f 470 473 481
f 470 481 527
f 470 527 471
f 471 528 472
f 471 527 529
f 471 529 528
f 472 528 526
f 474 483 530
f 474 530 531
f 474 531 475
f 475 531 532
f 475 532 476
f 476 532 533
f 476 533 477
f 477 533 534
f 477 534 478
f 478 534 479
f 479 534 535
f 479 535 536
f 479 536 480
f 480 536 537
f 480 537 481
f 481 537 538
f 481 538 527
f 482 539 540
f 482 540 541
f 482 541 483
f 483 541 530
f 484 542 543
f 484 543 492
f 484 492 485
f 484 489 542
f 485 492 486
f 488 544 545
f 488 545 546
f 488 546 547
f 488 547 489
f 489 547 542
f 490 548 565
f 490 565 506
f 490 506 491
f 490 492 549
f 490 549 548
f 492 543 550
f 492 550 549
f 493 525 524
f 493 524 494
f 494 524 551
f 494 551 552
f 494 552 553
f 494 553 495
f 495 553 554
f 495 554 555
f 495 555 496
f 496 555 556
f 496 556 557
f 496 557 558
f 496 558 559
f 496 559 560
f 496 560 561
f 496 561 499
f 496 499 497
f 499 561 500
f 502 512 562
f 502 562 503
f 503 562 563
f 503 563 564
f 503 564 504
f 504 564 515
f 505 506 565
f 505 565 566
f 505 566 513
f 505 513 507
f 508 567 568
f 508 568 509
f 508 511 567
f 509 568 569
f 509 569 512
f 509 512 510
f 511 514 570
f 511 570 571
f 511 571 567
f 512 569 562
f 513 566 572
f 513 572 514
f 514 572 570
f 515 573 516
f 515 564 574
f 515 574 573
f 516 575 518
f 516 573 575
f 517 519 520
f 518 575 576
f 518 576 577
f 518 577 578
f 518 578 579
f 518 579 580
f 518 580 519
f 519 580 520
f 520 580 521
f 521 580 579
f 521 579 522
f 522 579 581
f 522 581 523
f 523 581 582
f 523 582 583
f 523 583 524
f 524 583 552
f 524 552 551
f 526 528 585
f 526 585 584
f 527 538 586
f 527 586 529
f 528 529 585
f 529 586 587
f 529 587 585
f 530 541 588
f 530 588 531
f 531 588 589
f 531 589 532
f 532 589 590
f 532 590 533
f 533 590 591
f 533 591 534
f 534 591 535
f 535 591 592
f 535 592 593
f 535 593 536
f 536 593 594
f 536 594 537
f 537 594 595
f 537 595 596
f 537 596 538
f 538 596 597
f 538 597 586
f 539 598 540
f 540 598 599
f 540 599 588
f 540 588 541
f 542 600 543
f 542 547 546
f 542 546 600
f 543 600 550
f 544 601 545
f 545 602 603
f 545 603 546
f 545 601 602
f 546 603 600
f 548 604 565
f 548 549 605
f 548 605 604
f 549 550 605
f 550 606 605
f 550 600 607
f 550 607 606
f 552 608 554
f 552 554 553
f 552 583 609
f 552 609 608
f 554 608 555
f 555 608 556
f 556 608 609
f 556 609 582
f 556 582 610
f 556 610 611
f 556 611 557
f 557 611 612
f 557 612 613
f 557 613 614
f 557 614 558
f 558 614 559
f 559 614 615
f 559 615 560
f 560 615 616
f 562 569 617
f 562 617 563
f 563 618 564
f 563 617 618
f 564 618 574
f 565 619 566
f 565 604 620
f 565 620 619
f 566 619 572
f 567 621 622
f 567 622 568
f 567 571 621
f 568 622 623
f 568 623 617
f 568 617 569
f 570 572 624
f 570 624 625
f 570 625 626
f 570 626 571
f 571 626 621
f 572 619 624
f 573 574 627
f 573 627 628
f 573 628 575
f 574 618 627
f 575 628 576
f 576 629 577
f 576 628 630
f 576 630 629
f 577 629 578
f 578 629 631
f 578 631 632
f 578 632 579
f 579 632 581
f 581 632 633
f 581 633 582
f 582 633 634
f 582 634 610
f 582 609 583
f 584 585 636
f 584 636 635
f 585 587 637
f 585 637 636
f 586 597 638
f 586 638 587
f 587 638 639
f 587 639 637
f 588 599 640
f 588 640 641
f 588 641 589
f 589 641 642
f 589 642 643
f 589 643 644
f 589 644 590
f 590 644 645
f 590 645 646
f 590 646 591
f 591 646 592
f 592 647 593
f 592 646 648
f 592 648 647
f 593 647 649
f 593 649 595
f 593 595 594
f 595 649 650
f 595 650 651
f 595 651 652
f 595 652 596
f 596 652 597
f 597 652 653
f 597 653 638
f 598 654 599
f 599 654 655
f 599 655 640
f 600 603 607
f 601 656 602
f 602 657 658
f 602 658 603
f 602 656 657
f 603 658 607
f 604 659 660
f 604 660 620
f 604 605 661
f 604 661 662
f 604 662 659
f 605 606 661
f 606 663 661
f 606 607 658
f 606 658 663
f 610 634 612
f 610 612 611
f 612 634 664
f 612 664 665
f 612 665 614
f 612 614 613
f 614 665 615
f 615 665 666
f 615 666 616
f 616 666 667
f 617 623 668
f 617 668 669
f 617 669 670
f 617 670 618
f 618 670 671
f 618 671 672
f 618 672 673
f 618 673 627
f 619 620 660
f 619 660 624
f 621 674 675
f 621 675 622
f 621 626 674
f 622 675 668
f 622 668 623
f 624 660 676
f 624 676 625
f 625 676 626
f 626 676 677
f 626 677 678
f 626 678 679
f 626 679 680
f 626 680 674
f 627 681 682
f 627 682 628
f 627 673 683
f 627 683 681
f 628 682 630
f 629 630 684
f 629 684 631
f 630 682 685
f 630 685 684
f 631 686 632
f 631 684 686
f 632 686 687
f 632 687 633
f 633 687 688
f 633 688 634
f 634 688 689
f 634 689 690
f 634 690 664
f 635 636 692
f 635 692 691
f 636 637 693
f 636 693 694
f 636 694 692
f 637 639 695
f 637 695 693
f 638 653 639
f 639 653 696
f 639 696 697
f 639 697 695
f 640 655 698
f 640 698 699
f 640 699 700
f 640 700 641
f 641 700 642
f 642 700 701
f 642 701 643
f 643 645 644
f 643 701 702
f 643 702 703
f 643 703 645
f 645 703 704
f 645 704 648
f 645 648 646
f 647 648 649
f 648 704 705
f 648 705 706
f 648 706 650
f 648 650 649
f 650 706 707
f 650 707 708
f 650 708 651
f 651 708 709
f 651 709 710
f 651 710 652
f 652 710 653
f 653 710 696
f 654 711 712
f 654 712 655
f 655 712 713
f 655 713 698
f 656 714 715
f 656 715 657
f 657 715 716
f 657 716 717
f 657 717 658
f 658 717 663
f 659 662 677
f 659 677 676
f 659 676 660
f 661 663 718
f 661 718 662
f 662 718 719
f 662 719 720
f 662 720 677
f 663 721 718
f 663 717 721
f 664 690 722
f 664 722 723
f 664 723 665
f 665 723 724
f 665 724 725
f 665 725 666
f 666 725 726
f 666 726 667
f 668 675 727
f 668 727 728
f 668 728 669
f 669 728 671
f 669 671 670
f 671 728 729
f 671 729 730
f 671 730 672
f 672 730 683
f 672 683 673
f 674 731 732
f 674 732 733
f 674 733 727
f 674 727 675
f 674 680 731
f 677 734 735
f 677 735 678
f 677 720 736
f 677 736 734
f 678 735 679
f 679 735 737
f 679 737 738
f 679 738 680
f 680 738 731
f 681 739 682
f 681 683 740
f 681 740 739
f 682 739 685
f 683 730 741
f 683 741 740
f 684 742 686
f 684 685 743
f 684 743 742
f 685 739 744
f 685 744 743
f 686 742 745
f 686 745 687
f 687 745 746
f 687 746 688
f 688 746 689
f 689 746 747
f 689 747 748
f 689 748 722
f 689 722 690
f 691 692 749
f 692 694 749
f 693 750 694
f 693 695 751
f 693 751 750
f 694 752 753
f 694 753 749
f 694 750 752
f 695 697 754
f 695 754 751
f 696 710 755
f 696 755 697
f 697 755 756
f 697 756 754
f 698 713 699
f 699 701 700
f 699 713 757
f 699 757 758
f 699 758 759
f 699 759 760
f 699 760 701
f 701 760 702
f 702 760 761
f 702 761 762
f 702 762 703
f 703 762 763
f 703 763 704
f 704 763 705
f 705 763 764
f 705 764 706
f 706 764 707
f 707 764 765
f 707 765 708
f 708 765 766
f 708 766 767
f 708 767 709
f 709 767 768
f 709 768 755
f 709 755 710
f 711 769 770
f 711 770 712
f 712 770 713
f 713 770 771
f 713 771 758
f 713 758 757
f 714 772 715
f 715 772 716
f 716 773 774
f 716 774 775
f 716 775 717
f 716 772 773
f 717 775 721
f 718 721 775
f 718 775 776
f 718 776 777
f 718 777 719
f 719 777 778
f 719 778 779
f 719 779 720
f 720 779 736
f 722 748 723
f 723 748 724
f 724 748 780
f 724 780 781
f 724 781 725
f 725 781 726
f 726 781 782
f 726 782 783
f 726 783 784
f 726 784 785
f 727 786 787
f 727 787 728
f 727 733 786
f 728 787 729
f 729 787 786
f 729 786 788
f 729 788 789
f 729 789 730
f 730 789 741
f 731 790 791
f 731 791 732
f 731 738 792
f 731 792 790
f 732 791 793
f 732 793 733
f 733 793 786
f 734 736 735
f 735 736 737
f 736 779 794
f 736 794 737
f 737 795 796
f 737 796 738
f 737 794 795
f 738 796 792
f 739 797 744
f 739 740 798
f 739 798 797
f 740 741 798
f 741 789 799
f 741 799 800
f 741 800 798
f 742 743 801
f 742 801 745
f 743 744 802
f 743 802 801
f 744 797 803
f 744 803 804
f 744 804 802
f 745 801 805
f 745 805 806
f 745 806 807
f 745 807 808
f 745 808 746
f 746 808 747
f 747 808 748
f 748 808 780
f 749 753 809
f 750 810 752
f 750 751 810
f 751 811 810
f 751 754 812
f 751 812 811
f 752 810 813
f 752 813 814
f 752 814 815
f 752 815 753
f 753 815 809
f 754 756 816
f 754 816 817
f 754 817 812
f 755 768 756
f 756 768 818
f 756 818 816
f 758 819 820
f 758 820 821
f 758 821 759
f 758 771 819
f 759 821 822
f 759 822 760
f 760 822 761
f 761 822 888
f 761 888 823
f 761 823 824
f 761 824 762
f 762 824 825
f 762 825 763
f 763 825 826
f 763 826 827
f 763 827 764
f 764 827 828
f 764 828 765
f 765 828 829
f 765 829 830
f 765 830 766
f 766 830 831
f 766 831 767
f 767 831 832
f 767 832 768
f 768 832 818
f 769 833 819
f 769 819 770
f 770 819 771
f 772 834 773
f 773 835 836
f 773 836 774
f 773 834 837
f 773 837 838
f 773 838 839
f 773 839 840
f 773 840 835
f 774 841 842
f 774 842 843
f 774 843 775
f 774 836 841
f 775 843 776
f 776 843 777
f 777 843 844
f 777 844 845
f 777 845 778
f 778 846 847
f 778 847 779
f 778 845 842
f 778 842 846
f 779 847 794
f 780 808 848
f 780 848 849
f 780 849 850
f 780 850 781
f 781 850 782
f 782 850 784
f 782 784 783
f 784 850 849
f 784 849 851
f 784 851 852
f 784 852 853
f 784 853 854
f 784 854 785
f 786 855 788
f 786 793 856
f 786 856 857
f 786 857 855
f 788 799 789
f 788 855 799
f 790 858 859
f 790 859 791
f 790 792 858
f 791 859 793
f 792 796 860
f 792 860 861
f 792 861 862
f 792 862 858
f 793 859 856
f 794 847 863
f 794 863 795
f 795 864 860
f 795 860 796
f 795 863 864
f 797 798 803
f 798 800 865
f 798 865 866
f 798 866 803
f 799 855 867
f 799 867 868
f 799 868 865
f 799 865 800
f 801 802 869
f 801 869 870
f 801 870 806
f 801 806 805
f 802 804 869
f 803 871 804
f 803 866 871
f 804 871 870
f 804 870 869
f 806 870 872
f 806 872 873
f 806 873 874
f 806 874 807
f 807 848 808
f 807 874 848
f 810 811 875
f 810 875 876
f 810 876 813
f 811 812 877
f 811 877 875
f 812 817 877
f 813 876 878
f 813 878 879
f 813 879 814
f 816 818 880
f 816 880 817
f 817 880 881
f 817 881 882
f 817 882 877
f 818 832 883
f 818 883 884
f 818 884 880
f 819 833 885
f 819 885 820
f 820 885 886
f 820 886 887
f 820 887 821
f 821 887 888
f 821 888 822
f 823 888 889
f 823 889 890
f 823 890 824
f 824 890 891
f 824 891 825
f 825 891 826
f 826 891 890
f 826 890 892
f 826 892 893
f 826 893 828
f 826 828 827
f 828 893 829
f 829 893 894
f 829 894 895
f 829 895 830
f 830 895 896
f 830 896 831
f 831 896 883
f 831 883 832
f 835 841 836
f 835 840 897
f 835 897 898
f 835 898 899
f 835 899 900
f 835 900 901
f 835 901 841
f 841 902 876
f 841 876 903
f 841 903 904
f 841 904 842
f 841 901 905
f 841 905 906
f 841 906 902
f 842 845 844
f 842 844 843
f 842 904 846
f 846 907 863
f 846 863 847
f 846 904 908
f 846 908 907
f 848 874 849
f 849 874 851
f 851 874 909
f 851 909 910
f 851 910 852
f 852 911 853
f 852 910 912
f 852 912 913
f 852 913 914
f 852 914 911
f 853 911 854
f 855 857 867
f 856 915 857
f 856 859 916
f 856 916 915
f 857 915 867
f 858 917 859
f 858 862 861
f 858 861 917
f 859 917 916
f 860 918 861
f 860 864 918
f 861 918 919
f 861 919 920
f 861 920 921
f 861 921 917
f 863 907 922
f 863 922 864
f 864 923 918
f 864 922 924
f 864 924 923
f 865 868 925
f 865 925 926
f 865 926 927
f 865 927 866
f 866 928 871
f 866 927 928
f 867 925 868
f 867 915 929
f 867 929 925
f 870 930 872
f 870 871 930
f 871 928 930
f 872 930 931
f 872 931 932
f 872 932 873
f 873 932 874
f 874 932 909
f 875 877 933
f 875 933 876
f 876 902 934
f 876 934 878
f 876 933 935
f 876 935 903
f 877 936 933
f 877 882 936
f 878 934 902
f 878 902 906
f 880 884 937
f 880 937 881
f 881 938 882
f 881 937 939
f 881 939 938
f 882 938 940
f 882 940 936
f 883 941 884
f 883 896 942
f 883 942 943
f 883 943 941
f 884 941 944
f 884 944 937
f 885 945 886
f 886 945 946
f 886 946 947
f 886 947 887
f 887 947 889
f 887 889 888
f 889 947 948
f 889 948 949
f 889 949 950
f 889 950 890
f 890 950 951
f 890 951 952
f 890 952 892
f 892 952 953
f 892 953 954
f 892 954 893
f 893 954 894
f 894 954 955
f 894 955 956
f 894 956 895
f 895 956 957
f 895 957 896
f 896 957 942
f 903 935 958
f 903 958 904
f 904 958 908
f 907 908 959
f 907 959 922
f 908 958 959
f 909 932 910
f 910 932 960
f 910 960 961
f 910 961 912
f 912 962 963
f 912 963 913
f 912 961 964
f 912 964 962
f 913 963 965
f 913 965 966
f 913 966 967
f 913 967 914
f 915 916 968
f 915 968 969
f 915 969 929
f 916 917 968
f 917 921 968
f 918 923 970
f 918 970 919
f 919 939 971
f 919 971 972
f 919 972 920
f 919 970 939
f 920 972 973
f 920 973 921
f 921 974 968
f 921 973 974
f 922 959 924
f 923 924 975
f 923 975 970
f 924 959 975
f 925 929 976
f 925 976 977
f 925 977 978
f 925 978 926
f 926 979 927
f 926 978 979
f 927 979 980
f 927 980 928
f 928 980 930
f 929 969 976
f 930 979 981
f 930 981 931
f 930 980 979
f 931 982 983
f 931 983 932
f 931 981 982
f 932 983 960
f 933 936 935
f 935 936 958
f 936 940 959
f 936 959 958
f 937 944 939
f 938 975 940
f 938 939 970
f 938 970 975
f 939 943 942
f 939 942 984
f 939 984 985
f 939 985 971
f 939 944 941
f 939 941 943
f 940 975 959
f 942 986 987
f 942 987 984
f 942 957 986
f 945 988 989
f 945 989 946
f 946 989 990
f 946 990 991
f 946 991 947
f 947 991 948
f 948 991 992
f 948 992 993
f 948 993 949
f 949 993 994
f 949 994 951
f 949 951 950
f 951 994 995
f 951 995 952
f 952 995 953
f 953 995 996
f 953 996 997
f 953 997 954
f 954 997 998
f 954 998 955
f 955 998 999
f 955 999 956
f 956 999 1000
f 956 1000 957
f 957 1000 1001
f 957 1001 986
f 960 983 961
f 961 983 1002
f 961 1002 1003
f 961 1003 1004
f 961 1004 1005
f 961 1005 964
f 968 1006 969
f 968 974 1006
f 969 1006 976
f 971 985 1007
f 971 1007 972
f 972 1007 1008
f 972 1008 1009
f 972 1009 973
f 973 1009 974
f 974 1009 1006
f 976 1010 977
f 976 1006 1011
f 976 1011 1012
f 976 1012 1010
f 977 1010 978
f 978 1010 1013
f 978 1013 1014
f 978 1014 979
f 979 1014 1015
f 979 1015 981
f 981 1015 982
f 982 1015 1016
f 982 1016 983
f 983 1016 1017
f 983 1017 1002
f 984 987 1018
f 984 1018 985
f 985 1018 1007
f 986 1001 987
f 987 1001 1019
f 987 1019 1018
f 988 1020 989
f 989 1020 1021
f 989 1021 990
f 990 1021 1022
f 990 1022 1023
f 990 1023 991
f 991 1023 992
f 992 1023 1024
f 992 1024 993
f 993 1024 1025
f 993 1025 994
f 994 1025 995
f 995 1025 1026
f 995 1026 996
f 996 1026 1027
f 996 1027 1028
f 996 1028 1029
f 996 1029 997
f 997 1029 998
f 998 1029 1030
f 998 1030 1031
f 998 1031 1032
f 998 1032 999
f 999 1032 1033
f 999 1033 1034
f 999 1034 1000
f 1000 1034 1001
f 1001 1034 1033
f 1001 1033 1035
f 1001 1035 1019
f 1002 1017 1003
f 1003 1017 1036
f 1006 1009 1011
f 1007 1037 1008
f 1007 1018 1037
f 1008 1037 1038
f 1008 1038 1039
f 1008 1039 1009
f 1009 1040 1011
f 1009 1039 1041
f 1009 1041 1042
f 1009 1042 1040
f 1010 1043 1013
f 1010 1012 1044
f 1010 1044 1045
f 1010 1045 1043
f 1011 1040 1012
f 1012 1040 1044
f 1013 1043 1046
f 1013 1046 1047
f 1013 1047 1014
f 1014 1047 1015
f 1015 1047 1016
f 1016 1047 1048
f 1016 1048 1017
f 1017 1048 1036
f 1018 1019 1037
f 1019 1035 1049
f 1019 1049 1037
f 1020 1050 1021
f 1021 1050 1051
f 1021 1051 1022
f 1022 1051 1052
f 1022 1052 1023
f 1023 1052 1053
f 1023 1053 1054
f 1023 1054 1055
f 1023 1055 1024
f 1024 1055 1056
f 1024 1056 1025
f 1025 1056 1027
f 1025 1027 1026
f 1027 1056 1057
f 1027 1057 1058
f 1027 1058 1028
f 1028 1058 1059
f 1028 1059 1029
f 1029 1059 1030
f 1030 1059 1060
f 1030 1060 1031
f 1031 1061 1032
f 1031 1060 1062
f 1031 1062 1061
f 1032 1061 1033
f 1033 1061 1035
f 1035 1061 1063
f 1035 1063 1049
f 1036 1048 1064
f 1037 1049 1038
f 1038 1065 1039
f 1038 1049 1065
f 1039 1065 1066
f 1039 1066 1041
f 1040 1067 1044
f 1040 1042 1068
f 1040 1068 1067
f 1041 1066 1069
f 1041 1069 1070
f 1041 1070 1071
f 1041 1071 1042
f 1042 1071 1072
f 1042 1072 1068
f 1043 1045 1073
f 1043 1073 1074
f 1043 1074 1046
f 1044 1067 1075
f 1044 1075 1076
f 1044 1076 1077
f 1044 1077 1045
f 1045 1077 1073
f 1046 1048 1047
f 1046 1074 1048
f 1048 1074 1078
f 1048 1078 1079
f 1048 1079 1064
f 1049 1063 1069
f 1049 1069 1066
f 1049 1066 1065
f 1051 1080 1081
f 1051 1081 1052
f 1052 1081 1082
f 1052 1082 1053
f 1053 1083 1055
f 1053 1055 1054
f 1053 1082 1084
f 1053 1084 1085
f 1053 1085 1086
f 1053 1086 1087
f 1053 1087 1083
f 1055 1083 1056
f 1056 1083 1057
f 1057 1083 1088
f 1057 1088 1058
f 1058 1088 1089
f 1058 1089 1060
f 1058 1060 1059
f 1060 1089 1090
f 1060 1090 1062
f 1061 1062 1091
f 1061 1091 1069
f 1061 1069 1063
f 1062 1090 1091
f 1067 1068 1072
f 1067 1072 1075
f 1069 1091 1092
f 1069 1092 1093
f 1069 1093 1070
f 1070 1093 1071
f 1071 1093 1072
f 1072 1094 1075
f 1072 1093 1095
f 1072 1095 1094
f 1073 1077 1076
f 1073 1076 1096
f 1073 1096 1074
f 1074 1096 1097
f 1074 1097 1078
f 1075 1094 1076
f 1076 1094 1098
f 1076 1098 1099
f 1076 1099 1096
f 1078 1097 1100
f 1078 1100 1101
f 1078 1101 1102
f 1078 1102 1079
f 1079 1102 1103
f 1080 1104 1084
f 1080 1084 1082
f 1080 1082 1081
f 1080 1105 1104
f 1083 1087 1088
f 1084 1104 1105
f 1084 1105 1085
f 1085 1105 1106
f 1085 1106 1107
f 1085 1107 1108
f 1085 1108 1109
f 1085 1109 1086
f 1086 1109 1110
f 1086 1110 1087
f 1087 1110 1111
f 1087 1111 1088
f 1088 1111 1112
f 1088 1112 1089
f 1089 1112 1090
f 1090 1112 1113
f 1090 1113 1093
f 1090 1093 1092
f 1090 1092 1091
f 1093 1113 1114
f 1093 1114 1095
f 1094 1095 1115
f 1094 1115 1098
f 1095 1114 1115
f 1096 1116 1097
f 1096 1099 1117
f 1096 1117 1116
f 1097 1116 1118
f 1097 1118 1100
f 1098 1115 1119
f 1098 1119 1120
f 1098 1120 1121
f 1098 1121 1099
f 1099 1121 1122
f 1099 1122 1117
f 1100 1123 1101
f 1100 1118 1124
f 1100 1124 1122
f 1100 1122 1102
f 1100 1102 1123
f 1101 1123 1102
f 1102 1122 1125
f 1102 1125 1126
f 1102 1126 1103
f 1103 1126 1127
f 1107 1128 1126
f 1107 1126 1108
f 1108 1126 1125
f 1108 1125 1109
f 1109 1125 1120
f 1109 1120 1110
f 1110 1120 1119
f 1110 1119 1115
f 1110 1115 1114
f 1110 1114 1129
f 1110 1129 1111
f 1111 1129 1113
f 1111 1113 1112
f 1113 1129 1114
f 1116 1117 1118
f 1117 1124 1118
f 1117 1122 1124
f 1120 1125 1121
f 1121 1125 1122
f 1126 1128 1127

o geometry_1
v -0.21830726 0.03712164 0.07770520
v -0.21644632 0.03712164 0.08887697
v -0.21800431 0.04114683 0.07770520
v 0.22364361 0.03712164 0.07770520
v -0.21614338 0.04114683 0.08887697
v -0.21285429 0.03712164 0.10646535
v -0.21661944 0.05762118 0.07770520
v 0.22373017 0.04114683 0.07770520
v 0.22299445 0.03712164 0.08887697
v -0.21471521 0.05762118 0.08887697
v -0.21229167 0.04273763 0.10695233
v -0.21107990 0.03712164 0.11474392
v -0.20095294 0.16023936 0.10918668
v -0.20160210 0.16023936 0.10534818
v -0.21493161 0.07408347 0.07770520
v 0.22381673 0.07408347 0.07770520
v 0.22329739 0.07408347 0.08887697
v 0.22325411 0.05762118 0.08887697
v 0.22308101 0.04114683 0.08887697
v 0.22134990 0.04114683 0.10534818
v 0.22122006 0.03712164 0.10534818
v -0.19554324 0.16023936 0.13860569
v -0.19809661 0.16023936 0.12528549
v -0.19874578 0.16023936 0.12179073
v -0.19394197 0.07869918 0.17819387
v -0.19502390 0.16023936 0.14104056
v -0.20233783 0.03712164 0.15470450
v -0.20203488 0.04114683 0.15470450
v -0.20363615 0.16023936 0.09271548
v -0.20580004 0.16023936 0.07770520
v -0.20419876 0.16023936 0.08887697
v 0.22373017 0.09054577 0.07770520
v 0.22160956 0.07408347 0.10534818
v 0.22321083 0.09054577 0.08887697
v 0.22156628 0.05762118 0.10534818
v 0.21892635 0.04114683 0.12179073
v 0.21883979 0.03712164 0.12179073
v 0.22065746 0.03712164 0.10935856
v -0.19402852 0.16023936 0.14559521
v -0.19826973 0.04114683 0.17117570
v -0.19437474 0.06772031 0.17976937
v -0.19264363 0.04114683 0.19114167
v -0.17896792 0.16023936 0.19787338
v -0.18182423 0.16023936 0.19002449
v -0.18264651 0.16023936 0.18761826
v -0.18662805 0.16023936 0.17501421
v -0.18779655 0.16023936 0.17117570
v -0.19104237 0.16023936 0.15842843
v -0.19225415 0.16023936 0.15355867
v -0.19948150 0.03712164 0.16713667
v 0.21983518 0.16023936 0.07770520
v 0.22351377 0.10699601 0.07770520
v 0.22303773 0.10699601 0.08887697
v 0.22152300 0.09054577 0.10534818
v 0.21914274 0.07408347 0.12179073
v 0.21914274 0.05762118 0.12179073
v 0.21602676 0.04114683 0.13826194
v 0.21814735 0.03712164 0.12582977
v -0.19852939 0.03712164 0.17117570
v -0.19472096 0.05762118 0.18091519
v -0.19281675 0.03712164 0.19159999
v -0.17546243 0.16023936 0.20612330
v 0.22000830 0.16023936 0.08887697
v 0.22074402 0.15639494 0.07770520
v 0.22316755 0.12345831 0.07770520
v 0.22269151 0.12345831 0.08887697
v 0.22104696 0.12345831 0.10534818
v 0.22134990 0.10699601 0.10534818
v 0.21905619 0.09054577 0.12179073
v 0.21624314 0.07408347 0.13826194
v 0.21624314 0.05762118 0.13826194
v 0.21247799 0.04114683 0.15470450
v 0.21594020 0.03712164 0.13826194
v -0.19537012 0.03712164 0.18337872
v -0.19524030 0.04114683 0.18292039
v -0.16836490 0.16023936 0.22056068
v -0.17381788 0.16023936 0.20950347
v -0.18593561 0.03712164 0.20408947
v -0.13253105 0.09054577 0.29899225
v -0.13209827 0.10699601 0.29847663
v 0.22070074 0.15639494 0.08887697
v 0.21866669 0.16023936 0.10534818
v 0.22238856 0.13993265 0.07770520
v 0.22204234 0.13993265 0.08887697
v 0.22044108 0.13993265 0.10534818
v 0.21858013 0.12345831 0.12179073
v 0.21888307 0.10699601 0.12179073
v 0.21611330 0.09054577 0.13826194
v 0.21260783 0.07408347 0.15470450
v 0.21265111 0.05762118 0.15470450
v 0.21169899 0.03712164 0.15756906
v 0.21239143 0.03712164 0.15470450
v -0.16710986 0.16023936 0.22288096
v -0.13923908 0.03712164 0.28343771
v -0.13863319 0.05762118 0.28635954
v -0.13231467 0.07408347 0.29850527
v -0.12712135 0.09054577 0.30721352
v -0.12686169 0.10699601 0.30672657
v -0.13101634 0.11910773 0.29675789
v -0.16299848 0.16023936 0.23035746
v 0.21922929 0.15639494 0.10534818
v 0.21628642 0.16023936 0.12179073
v 0.21680575 0.15639494 0.12179073
v 0.21797425 0.13993265 0.12179073
v 0.21555070 0.12345831 0.13826194
v 0.21589692 0.10699601 0.13826194
v 0.21243471 0.09054577 0.15470450
v 0.20944856 0.07408347 0.16650647
v 0.20944856 0.05762118 0.16667834
v 0.20940528 0.04114683 0.16662105
v 0.20936200 0.03712164 0.16656377
v -0.13742143 0.03712164 0.28635954
v -0.13772437 0.04114683 0.28635954
v -0.13192517 0.05762118 0.29764590
v -0.12664529 0.07408347 0.30672657
v -0.11907172 0.09054577 0.31741134
v -0.11881206 0.10699601 0.31701032
v -0.12560664 0.12414525 0.30248700
v -0.11695111 0.12345831 0.31466136
v -0.15745894 0.16023936 0.23857873
v 0.21325699 0.16023936 0.13826194
v 0.21377632 0.15639494 0.13826194
v 0.21494482 0.13993265 0.13826194
v 0.21174227 0.12345831 0.15470450
v 0.21217505 0.10699601 0.15470450
v 0.20931872 0.09054577 0.16616272
v 0.20685191 0.07408347 0.17472775
v 0.20693845 0.05762118 0.17492828
v 0.20698173 0.03712164 0.17481369
v 0.20879940 0.03712164 0.16859760
v -0.13257433 0.03712164 0.29412252
v -0.13131928 0.04114683 0.29661466
v -0.12573647 0.05762118 0.30586720
v -0.11859566 0.07408347 0.31658064
v -0.11175780 0.09054577 0.32563264
v -0.11123847 0.10699601 0.32523159
v -0.11483051 0.13318383 0.31231243
v -0.10846870 0.12345831 0.32291130
v -0.15559801 0.16023936 0.24107090
v 0.20962166 0.16023936 0.15327222
v 0.21104983 0.13993265 0.15470450
v 0.20983806 0.15484031 0.15507690
v 0.20892923 0.12345831 0.16484503
v 0.20918890 0.10699601 0.16567575
v 0.20672207 0.09054577 0.17438400
v 0.20243759 0.05762118 0.18761826
v 0.20265397 0.04114683 0.18761826
v 0.20269725 0.03712164 0.18761826
v 0.20594307 0.03712164 0.17796470
v -0.13110289 0.03712164 0.29632821
v -0.12599613 0.03712164 0.30254430
v -0.12452470 0.04114683 0.30486459
v -0.11768683 0.05762118 0.31529159
v -0.11089225 0.07408347 0.32480191
v -0.10284262 0.07408347 0.33182006
v -0.10366489 0.09054577 0.33242162
v -0.10318884 0.10699601 0.33190600
v -0.10041907 0.12345831 0.32967164
v -0.09808208 0.13213535 0.32783833
v -0.10336195 0.13814903 0.31729677
v -0.09795225 0.14835663 0.31130986
v -0.13400249 0.16023936 0.26587796
v -0.14205212 0.16023936 0.25757076
v -0.14940931 0.16023936 0.24934949
v 0.20776073 0.16023936 0.16000393
v 0.20767417 0.15928730 0.16080600
v 0.20832334 0.14832047 0.16298307
v 0.20853973 0.13993265 0.16367056
v 0.20615946 0.12345831 0.17309495
v 0.20650569 0.10699601 0.17389703
v 0.20213465 0.07408347 0.18761826
v 0.20122581 0.03712164 0.19165729
v -0.12422176 0.03712164 0.30457815
v -0.11811961 0.03712164 0.31139579
v -0.11647506 0.04114683 0.31388793
v -0.11617212 0.03712164 0.31354418
v -0.10937753 0.05762118 0.32354152
v -0.10132790 0.05762118 0.33058831
v -0.09193666 0.07408347 0.34004136
v -0.09267238 0.09054577 0.34064292
v -0.09159044 0.10699601 0.34012730
v -0.08206937 0.11590204 0.34428091
v -0.08955639 0.13422026 0.32992945
v -0.07345712 0.11897516 0.34628609
v -0.07345712 0.12720631 0.34127312
v -0.10704054 0.16023936 0.28647414
v -0.00525162 0.16023936 0.34032781
v -0.08548830 0.16023936 0.30177087
v -0.08752234 0.16023936 0.30048181
v 0.20758763 0.16023936 0.16054819
v 0.20460146 0.15484031 0.16954291
v 0.20334642 0.16023936 0.17002988
v 0.20551030 0.13993265 0.17189185
v 0.20079304 0.10699601 0.18761826
v 0.20161531 0.09054577 0.18761826
v 0.19464762 0.03712164 0.20804256
v 0.19581611 0.03712164 0.20520665
v -0.10946409 0.03712164 0.31976030
v -0.09955352 0.04114683 0.32907009
v -0.08864757 0.05712707 0.33958304
v -0.08267525 0.06229715 0.34468192
v -0.08388703 0.07408347 0.34542672
v -0.08462274 0.09054577 0.34582777
v -0.08354081 0.10699601 0.34514027
v -0.07345712 0.10699601 0.35003867
v -0.04775023 0.11225045 0.35989274
v -0.06298394 0.13052046 0.34296319
v -0.03701739 0.11743258 0.36161148
v -0.05753097 0.12441036 0.34929388
v -0.05225110 0.13268973 0.34511161
v -0.04190775 0.12313292 0.35593965
v -0.02511604 0.11938491 0.36281460
v 0.00703922 0.16023936 0.34276268
v 0.19564301 0.16023936 0.18395163
v 0.19607579 0.15639494 0.18435266
v 0.19927832 0.12345831 0.18761826
v 0.19456106 0.10699601 0.19876138
v 0.19516695 0.09054577 0.20027961
v 0.19218079 0.04875130 0.21222480
v 0.19257029 0.03712164 0.21291230
v -0.10076529 0.03712164 0.32726544
v -0.09907747 0.03712164 0.32866907
v -0.08064121 0.05131826 0.34353611
v -0.07453906 0.05712707 0.34754651
v -0.07345712 0.07408347 0.35055429
v -0.09275893 0.03712164 0.33290861
v -0.08981606 0.03712164 0.33479922
v -0.07345712 0.09054577 0.35147093
v -0.05030361 0.10127157 0.36080938
v -0.05636247 0.10685139 0.35742924
v -0.04190775 0.10685139 0.36261406
v -0.02511604 0.10699601 0.36656715
v -0.00901678 0.10699601 0.36791351
v -0.00901678 0.12008389 0.36338749
v 0.00703922 0.12014416 0.36361666
v 0.02313848 0.12016826 0.36375990
v 0.01361741 0.16023936 0.34273404
v 0.15928981 0.16023936 0.24402140
v 0.19655183 0.13867930 0.18827711
v 0.19339256 0.12345831 0.19709995
v 0.11648827 0.10699601 0.31781239
v 0.12536018 0.09054577 0.30672657
v 0.11731055 0.09054577 0.31867176
v 0.11718071 0.07408347 0.31815614
v 0.12449462 0.05762118 0.30623958
v 0.19226735 0.03712164 0.21331335
v -0.08146348 0.03712164 0.33984086
v -0.07769833 0.03712164 0.34201791
v -0.06964870 0.03712164 0.34599964
v -0.05735786 0.05762118 0.35490841
v -0.05735786 0.03712164 0.35155687
v -0.04290314 0.03712164 0.35774432
v -0.05605953 0.07474630 0.35768705
v -0.05852635 0.09054577 0.35783026
v -0.05047672 0.09054577 0.36083805
v -0.04125859 0.09054577 0.36378854
v -0.02511604 0.09054577 0.36768433
v -0.00901678 0.09054577 0.36946034
v 0.00703922 0.09054577 0.37034837
v 0.00703922 0.10699601 0.36860100
v 0.02313848 0.10699601 0.36874424
v 0.03923775 0.11873413 0.36278593
v 0.02045527 0.16023936 0.34115854
v 0.15310113 0.16023936 0.25307341
v 0.11042940 0.10699601 0.32603366
v 0.14552754 0.16023936 0.26355767
v 0.11120840 0.09054577 0.32692169
v 0.11068907 0.07408347 0.32640607
v 0.11644499 0.05762118 0.31686708
v 0.12921188 0.03712164 0.29661466
v -0.03485350 0.03712164 0.36112450
v -0.04982755 0.08068768 0.36060887
v -0.04203758 0.07474630 0.36238491
v -0.02511604 0.03712164 0.36410365
v -0.02511604 0.07408347 0.36673903
v -0.00901678 0.03712164 0.36751246
v -0.00901678 0.07408347 0.36903066
v 0.00703922 0.07408347 0.36997596
v 0.02313848 0.09054577 0.37011923
v 0.03923775 0.10699601 0.36656715
v 0.04992732 0.11674564 0.36141094
v 0.02586497 0.16023936 0.33912470
v 0.10696720 0.12345831 0.32268215
v 0.09891756 0.12345831 0.33038780
v 0.10237977 0.10699601 0.33371067
v 0.10315877 0.09054577 0.33468465
v 0.13570352 0.16023936 0.27263831
v 0.09614780 0.13211126 0.32792427
v 0.10926091 0.05762118 0.32508838
v 0.10263943 0.07408347 0.33393985
v 0.11518994 0.04114683 0.31497647
v 0.12285008 0.03712164 0.30483596
v 0.12323958 0.04114683 0.30515104
v -0.02736648 0.03712164 0.36344479
v -0.01295504 0.03712164 0.36673903
v 0.00703922 0.03712164 0.36888745
v 0.02313848 0.07408347 0.36937440
v 0.03923775 0.09054577 0.36742652
v 0.06342993 0.09881307 0.36043700
v 0.05529374 0.10538112 0.36218437
v 0.06066017 0.10979195 0.35917658
v 0.08195274 0.11755309 0.34554129
v 0.08675655 0.16023936 0.30684114
v 0.09277215 0.10699601 0.34196061
v 0.09415703 0.09054577 0.34293455
v 0.12860600 0.16023936 0.27871119
v 0.10008606 0.16023936 0.29867714
v 0.08809816 0.16023936 0.30603907
v 0.10701048 0.04114683 0.32319777
v 0.11480045 0.03712164 0.31448949
v 0.10121128 0.05762118 0.33230705
v 0.09303181 0.07408347 0.34216112
v 0.02313848 0.03712164 0.36759839
v 0.03421755 0.03712164 0.36433279
v 0.05637568 0.09208836 0.36241355
v 0.06342993 0.09860820 0.36043700
v 0.06983501 0.09208836 0.35705683
v 0.08610739 0.09054577 0.34820533
v 0.08472251 0.10699601 0.34734597
v 0.06983501 0.10538112 0.35579644
v 0.10605837 0.03712164 0.32299724
v 0.09896084 0.04114683 0.33021593
v 0.09052171 0.05762118 0.34055699
v 0.08498218 0.07408347 0.34740327
v 0.03733354 0.03712164 0.36324428
v 0.06243454 0.08764136 0.36009325
v 0.07143629 0.07408347 0.35442145
v 0.09831168 0.03712164 0.32967164
v 0.08710278 0.03712164 0.33729139
v 0.08247208 0.05762118 0.34579910
v 0.08043803 0.04747385 0.34451005
v 0.04343568 0.03712164 0.36066618
v 0.06001100 0.07408347 0.35920525
v 0.07143629 0.05762118 0.35121312
v 0.07753843 0.03712164 0.34296319
v 0.06741147 0.03712164 0.34834857
f 1130 1131 1134
f 1130 1134 1132
f 1130 1132 1136
f 1130 1136 1144
f 1130 1144 1159
f 1130 1159 1180
f 1130 1180 1193
f 1130 1193 1212
f 1130 1212 1194
f 1130 1194 1181
f 1130 1181 1161
f 1130 1161 1145
f 1130 1145 1137
f 1130 1137 1133
f 1130 1133 1138
f 1130 1138 1150
f 1130 1150 1167
f 1130 1167 1166
f 1130 1166 1187
f 1130 1187 1202
f 1130 1202 1221
f 1130 1221 1220
f 1130 1220 1240
f 1130 1240 1259
f 1130 1259 1258
f 1130 1258 1278
f 1130 1278 1277
f 1130 1277 1301
f 1130 1301 1326
f 1130 1326 1325
f 1130 1325 1349
f 1130 1349 1375
f 1130 1375 1399
f 1130 1399 1421
f 1130 1421 1439
f 1130 1439 1450
f 1130 1450 1457
f 1130 1457 1458
f 1130 1458 1464
f 1130 1464 1465
f 1130 1465 1461
f 1130 1461 1454
f 1130 1454 1443
f 1130 1443 1442
f 1130 1442 1425
f 1130 1425 1405
f 1130 1405 1424
f 1130 1424 1403
f 1130 1403 1423
f 1130 1423 1400
f 1130 1400 1381
f 1130 1381 1380
f 1130 1380 1378
f 1130 1378 1377
f 1130 1377 1376
f 1130 1376 1356
f 1130 1356 1355
f 1130 1355 1351
f 1130 1351 1350
f 1130 1350 1327
f 1130 1327 1305
f 1130 1305 1303
f 1130 1303 1302
f 1130 1302 1280
f 1130 1280 1279
f 1130 1279 1260
f 1130 1260 1241
f 1130 1241 1223
f 1130 1223 1207
f 1130 1207 1190
f 1130 1190 1203
f 1130 1203 1188
f 1130 1188 1179
f 1130 1179 1156
f 1130 1156 1141
f 1130 1141 1135
f 1130 1135 1131
f 1131 1135 1134
f 1132 1134 1136
f 1133 1137 1148
f 1133 1148 1138
f 1134 1139 1136
f 1134 1135 1140
f 1134 1140 1139
f 1135 1141 1140
f 1136 1139 1142
f 1136 1142 1143
f 1136 1143 1144
f 1137 1145 1146
f 1137 1146 1147
f 1137 1147 1148
f 1138 1148 1149
f 1138 1149 1150
f 1139 1140 1151
f 1139 1151 1152
f 1139 1152 1153
f 1139 1153 1142
f 1140 1141 1154
f 1140 1154 1155
f 1140 1155 1151
f 1141 1156 1157
f 1141 1157 1154
f 1142 1153 1152
f 1142 1152 1151
f 1142 1151 1155
f 1142 1155 1168
f 1142 1168 1178
f 1142 1178 1177
f 1142 1177 1176
f 1142 1176 1175
f 1142 1175 1174
f 1142 1174 1173
f 1142 1173 1172
f 1142 1172 1191
f 1142 1191 1206
f 1142 1206 1205
f 1142 1205 1222
f 1142 1222 1229
f 1142 1229 1249
f 1142 1249 1268
f 1142 1268 1293
f 1142 1293 1292
f 1142 1292 1291
f 1142 1291 1315
f 1142 1315 1318
f 1142 1318 1317
f 1142 1317 1316
f 1142 1316 1342
f 1142 1342 1366
f 1142 1366 1392
f 1142 1392 1411
f 1142 1411 1432
f 1142 1432 1437
f 1142 1437 1436
f 1142 1436 1435
f 1142 1435 1416
f 1142 1416 1395
f 1142 1395 1393
f 1142 1393 1367
f 1142 1367 1343
f 1142 1343 1321
f 1142 1321 1319
f 1142 1319 1294
f 1142 1294 1269
f 1142 1269 1250
f 1142 1250 1231
f 1142 1231 1211
f 1142 1211 1192
f 1142 1192 1180
f 1142 1180 1159
f 1142 1159 1160
f 1142 1160 1158
f 1142 1158 1143
f 1143 1158 1144
f 1144 1158 1160
f 1144 1160 1159
f 1145 1161 1163
f 1145 1163 1146
f 1146 1162 1164
f 1146 1164 1147
f 1146 1163 1183
f 1146 1183 1162
f 1147 1164 1148
f 1148 1164 1149
f 1149 1165 1166
f 1149 1166 1167
f 1149 1167 1150
f 1149 1164 1185
f 1149 1185 1165
f 1154 1168 1155
f 1154 1157 1156
f 1154 1156 1169
f 1154 1169 1170
f 1154 1170 1171
f 1154 1171 1172
f 1154 1172 1173
f 1154 1173 1174
f 1154 1174 1175
f 1154 1175 1176
f 1154 1176 1177
f 1154 1177 1178
f 1154 1178 1168
f 1156 1179 1169
f 1161 1181 1182
f 1161 1182 1163
f 1162 1183 1198
f 1162 1198 1184
f 1162 1184 1185
f 1162 1185 1164
f 1163 1182 1197
f 1163 1197 1183
f 1165 1185 1200
f 1165 1200 1186
f 1165 1186 1187
f 1165 1187 1166
f 1169 1188 1170
f 1169 1179 1188
f 1170 1188 1189
f 1170 1189 1190
f 1170 1190 1171
f 1171 1190 1172
f 1172 1190 1191
f 1180 1192 1193
f 1181 1194 1195
f 1181 1195 1182
f 1182 1195 1196
f 1182 1196 1197
f 1183 1197 1216
f 1183 1216 1198
f 1184 1198 1199
f 1184 1199 1200
f 1184 1200 1185
f 1186 1200 1201
f 1186 1201 1221
f 1186 1221 1202
f 1186 1202 1187
f 1188 1203 1204
f 1188 1204 1189
f 1189 1204 1190
f 1190 1205 1206
f 1190 1206 1191
f 1190 1204 1203
f 1190 1207 1208
f 1190 1208 1209
f 1190 1209 1205
f 1192 1210 1193
f 1192 1211 1210
f 1193 1210 1212
f 1194 1212 1213
f 1194 1213 1195
f 1195 1213 1214
f 1195 1214 1196
f 1196 1214 1233
f 1196 1233 1215
f 1196 1215 1216
f 1196 1216 1197
f 1198 1216 1217
f 1198 1217 1199
f 1199 1217 1218
f 1199 1218 1219
f 1199 1219 1200
f 1200 1219 1201
f 1201 1219 1220
f 1201 1220 1221
f 1205 1209 1222
f 1207 1223 1224
f 1207 1224 1225
f 1207 1225 1208
f 1208 1225 1226
f 1208 1226 1227
f 1208 1227 1209
f 1209 1227 1228
f 1209 1228 1229
f 1209 1229 1222
f 1210 1211 1230
f 1210 1230 1213
f 1210 1213 1212
f 1211 1231 1230
f 1213 1230 1214
f 1214 1230 1232
f 1214 1232 1233
f 1215 1233 1252
f 1215 1252 1234
f 1215 1234 1235
f 1215 1235 1216
f 1216 1235 1217
f 1217 1235 1236
f 1217 1236 1218
f 1218 1236 1237
f 1218 1237 1238
f 1218 1238 1219
f 1219 1238 1239
f 1219 1239 1220
f 1220 1239 1240
f 1223 1241 1242
f 1223 1242 1243
f 1223 1243 1224
f 1224 1243 1225
f 1225 1243 1244
f 1225 1244 1226
f 1226 1244 1245
f 1226 1245 1246
f 1226 1246 1227
f 1227 1247 1228
f 1227 1246 1248
f 1227 1248 1247
f 1228 1247 1229
f 1229 1247 1249
f 1230 1231 1232
f 1231 1250 1251
f 1231 1251 1232
f 1232 1251 1252
f 1232 1252 1233
f 1234 1252 1253
f 1234 1253 1254
f 1234 1254 1235
f 1235 1254 1236
f 1236 1254 1255
f 1236 1255 1237
f 1237 1255 1274
f 1237 1274 1256
f 1237 1256 1257
f 1237 1257 1238
f 1238 1257 1258
f 1238 1258 1239
f 1239 1258 1259
f 1239 1259 1240
f 1241 1260 1243
f 1241 1243 1242
f 1243 1260 1261
f 1243 1261 1244
f 1244 1262 1263
f 1244 1263 1245
f 1244 1261 1262
f 1245 1263 1264
f 1245 1264 1246
f 1246 1264 1265
f 1246 1265 1248
f 1247 1248 1266
f 1247 1266 1249
f 1248 1265 1267
f 1248 1267 1266
f 1249 1266 1268
f 1250 1269 1251
f 1251 1270 1252
f 1251 1269 1271
f 1251 1271 1270
f 1252 1270 1253
f 1253 1270 1272
f 1253 1272 1273
f 1253 1273 1254
f 1254 1273 1255
f 1255 1273 1274
f 1256 1274 1275
f 1256 1275 1276
f 1256 1276 1277
f 1256 1277 1257
f 1257 1277 1278
f 1257 1278 1258
f 1260 1279 1261
f 1261 1279 1262
f 1262 1279 1280
f 1262 1280 1281
f 1262 1281 1282
f 1262 1282 1263
f 1263 1282 1283
f 1263 1283 1264
f 1264 1283 1284
f 1264 1284 1285
f 1264 1285 1265
f 1265 1285 1286
f 1265 1286 1287
f 1265 1287 1267
f 1266 1267 1288
f 1266 1288 1289
f 1266 1289 1290
f 1266 1290 1291
f 1266 1291 1292
f 1266 1292 1293
f 1266 1293 1268
f 1267 1287 1288
f 1269 1294 1295
f 1269 1295 1271
f 1270 1271 1296
f 1270 1296 1297
f 1270 1297 1272
f 1271 1295 1296
f 1272 1297 1298
f 1272 1298 1299
f 1272 1299 1273
f 1273 1299 1274
f 1274 1299 1300
f 1274 1300 1275
f 1275 1300 1301
f 1275 1301 1276
f 1276 1301 1277
f 1280 1302 1281
f 1281 1302 1282
f 1282 1302 1303
f 1282 1303 1304
f 1282 1304 1283
f 1283 1304 1305
f 1283 1305 1306
f 1283 1306 1307
f 1283 1307 1284
f 1284 1307 1308
f 1284 1308 1285
f 1285 1308 1309
f 1285 1309 1286
f 1286 1309 1310
f 1286 1310 1287
f 1287 1310 1311
f 1287 1311 1288
f 1288 1312 1290
f 1288 1290 1289
f 1288 1311 1313
f 1288 1313 1314
f 1288 1314 1312
f 1290 1315 1291
f 1290 1312 1316
f 1290 1316 1317
f 1290 1317 1318
f 1290 1318 1315
f 1294 1319 1295
f 1295 1320 1296
f 1295 1319 1321
f 1295 1321 1320
f 1296 1320 1322
f 1296 1322 1298
f 1296 1298 1297
f 1298 1322 1323
f 1298 1323 1324
f 1298 1324 1299
f 1299 1324 1300
f 1300 1324 1325
f 1300 1325 1326
f 1300 1326 1301
f 1303 1305 1304
f 1305 1327 1306
f 1306 1327 1307
f 1307 1328 1329
f 1307 1329 1308
f 1307 1327 1328
f 1308 1329 1330
f 1308 1330 1331
f 1308 1331 1309
f 1309 1331 1332
f 1309 1332 1310
f 1310 1332 1333
f 1310 1333 1311
f 1311 1333 1334
f 1311 1334 1335
f 1311 1335 1313
f 1312 1314 1336
f 1312 1336 1316
f 1313 1335 1337
f 1313 1337 1338
f 1313 1338 1314
f 1314 1338 1336
f 1316 1336 1339
f 1316 1339 1340
f 1316 1340 1337
f 1316 1337 1341
f 1316 1341 1342
f 1320 1321 1343
f 1320 1343 1344
f 1320 1344 1345
f 1320 1345 1322
f 1322 1345 1323
f 1323 1345 1346
f 1323 1346 1347
f 1323 1347 1348
f 1323 1348 1349
f 1323 1349 1324
f 1324 1349 1325
f 1327 1350 1328
f 1328 1350 1351
f 1328 1351 1329
f 1329 1351 1330
f 1330 1352 1353
f 1330 1353 1354
f 1330 1354 1331
f 1330 1351 1355
f 1330 1355 1356
f 1330 1356 1352
f 1331 1354 1357
f 1331 1357 1332
f 1332 1357 1333
f 1333 1357 1334
f 1334 1357 1358
f 1334 1358 1359
f 1334 1359 1335
f 1335 1359 1358
f 1335 1358 1360
f 1335 1360 1337
f 1336 1338 1340
f 1336 1340 1339
f 1337 1340 1338
f 1337 1360 1361
f 1337 1361 1341
f 1341 1361 1362
f 1341 1362 1363
f 1341 1363 1342
f 1342 1364 1365
f 1342 1365 1366
f 1342 1363 1364
f 1343 1367 1344
f 1344 1367 1368
f 1344 1368 1345
f 1345 1368 1367
f 1345 1367 1369
f 1345 1369 1346
f 1346 1348 1347
f 1346 1369 1367
f 1346 1367 1348
f 1348 1367 1370
f 1348 1370 1371
f 1348 1371 1372
f 1348 1372 1349
f 1349 1372 1373
f 1349 1373 1374
f 1349 1374 1375
f 1352 1376 1377
f 1352 1377 1378
f 1352 1378 1353
f 1352 1356 1376
f 1353 1379 1354
f 1353 1378 1380
f 1353 1380 1381
f 1353 1381 1379
f 1354 1379 1382
f 1354 1382 1383
f 1354 1383 1357
f 1357 1383 1358
f 1358 1383 1384
f 1358 1384 1385
f 1358 1385 1360
f 1360 1385 1386
f 1360 1386 1361
f 1361 1386 1387
f 1361 1387 1362
f 1362 1387 1388
f 1362 1388 1389
f 1362 1389 1363
f 1363 1389 1364
f 1364 1389 1365
f 1365 1389 1390
f 1365 1390 1391
f 1365 1391 1366
f 1366 1391 1392
f 1367 1393 1370
f 1370 1394 1372
f 1370 1372 1371
f 1370 1393 1395
f 1370 1395 1394
f 1372 1394 1396
f 1372 1396 1373
f 1373 1396 1397
f 1373 1397 1398
f 1373 1398 1374
f 1374 1398 1399
f 1374 1399 1375
f 1379 1381 1400
f 1379 1400 1382
f 1382 1401 1383
f 1382 1400 1401
f 1383 1401 1384
f 1384 1401 1385
f 1385 1401 1402
f 1385 1402 1403
f 1385 1403 1404
f 1385 1404 1386
f 1386 1404 1405
f 1386 1405 1406
f 1386 1406 1387
f 1387 1406 1407
f 1387 1407 1388
f 1388 1407 1408
f 1388 1408 1390
f 1388 1390 1389
f 1390 1408 1409
f 1390 1409 1391
f 1391 1409 1410
f 1391 1410 1392
f 1392 1410 1411
f 1394 1412 1413
f 1394 1413 1414
f 1394 1414 1415
f 1394 1415 1396
f 1394 1395 1412
f 1395 1416 1417
f 1395 1417 1412
f 1396 1415 1397
f 1397 1418 1398
f 1397 1415 1419
f 1397 1419 1418
f 1398 1418 1420
f 1398 1420 1421
f 1398 1421 1422
f 1398 1422 1399
f 1399 1422 1421
f 1400 1423 1401
f 1401 1423 1402
f 1402 1423 1403
f 1403 1424 1404
f 1404 1424 1405
f 1405 1425 1406
f 1406 1425 1407
f 1407 1425 1408
f 1408 1426 1427
f 1408 1427 1409
f 1408 1425 1426
f 1409 1427 1428
f 1409 1428 1429
f 1409 1429 1410
f 1410 1429 1430
f 1410 1430 1431
f 1410 1431 1417
f 1410 1417 1411
f 1411 1417 1432
f 1412 1417 1413
f 1413 1433 1414
f 1413 1417 1431
f 1413 1431 1433
f 1414 1433 1434
f 1414 1434 1415
f 1415 1434 1419
f 1416 1435 1417
f 1417 1435 1436
f 1417 1436 1437
f 1417 1437 1432
f 1418 1438 1439
f 1418 1439 1420
f 1418 1419 1440
f 1418 1440 1438
f 1419 1434 1441
f 1419 1441 1440
f 1420 1439 1421
f 1425 1442 1426
f 1426 1442 1427
f 1427 1442 1443
f 1427 1443 1444
f 1427 1444 1445
f 1427 1445 1428
f 1428 1445 1446
f 1428 1446 1447
f 1428 1447 1448
f 1428 1448 1449
f 1428 1449 1430
f 1428 1430 1429
f 1430 1449 1431
f 1431 1449 1448
f 1431 1448 1433
f 1433 1448 1434
f 1434 1448 1447
f 1434 1447 1441
f 1438 1450 1439
f 1438 1440 1451
f 1438 1451 1450
f 1440 1441 1452
f 1440 1452 1451
f 1441 1447 1453
f 1441 1453 1459
f 1441 1459 1452
f 1443 1454 1455
f 1443 1455 1444
f 1444 1455 1445
f 1445 1455 1446
f 1446 1455 1456
f 1446 1456 1453
f 1446 1453 1447
f 1450 1451 1457
f 1451 1452 1457
f 1452 1458 1457
f 1452 1459 1460
f 1452 1460 1458
f 1453 1456 1459
f 1454 1461 1456
f 1454 1456 1462
f 1454 1462 1455
f 1455 1462 1456
f 1456 1463 1459
f 1456 1461 1463
f 1458 1460 1464
f 1459 1463 1461
f 1459 1461 1460
f 1460 1461 1465
f 1460 1465 1464

o geometry_2
v -0.00682464 0.46684621 0.07770520
v 0.00655581 0.46558567 0.07770520
v -0.08960835 0.42689969 0.07770520
v -0.08485642 0.42960078 0.08888386
v -0.08293897 0.42882047 0.10533246
v -0.05734522 0.43857451 0.12178107
v -0.04650747 0.44340651 0.12178107
v -0.03846253 0.44661784 0.12178107
v -0.03579477 0.44550739 0.13415744
v -0.02512376 0.45184000 0.12178107
v -0.02624922 0.44796839 0.13908137
v -0.00903388 0.45364075 0.13825629
v 0.00705601 0.45451109 0.13825629
v 0.00705601 0.45754233 0.12178107
v 0.02314590 0.45114969 0.13825629
v 0.02314590 0.45379079 0.12178107
v 0.03719328 0.44670787 0.13825629
v 0.04711399 0.44445693 0.12790271
v 0.08904773 0.43068123 0.07770520
v -0.09219274 0.42557914 0.07770520
v -0.09290136 0.42551911 0.08888386
v -0.08173015 0.42819020 0.11430201
v -0.07397699 0.43086132 0.12058335
v -0.05734522 0.43530314 0.13825629
v -0.03233503 0.44418684 0.14512317
v -0.02120550 0.44613763 0.15470490
v -0.04117196 0.44214599 0.13908137
v -0.00903388 0.44973912 0.15470490
v -0.00169756 0.44469705 0.17988349
v -0.01807923 0.44490715 0.16436645
v 0.00705601 0.45069954 0.15470490
v 0.01926932 0.44556739 0.16700141
v 0.02402125 0.44715806 0.15555660
v 0.03398364 0.44547736 0.15063267
v 0.04523822 0.44379666 0.13825629
v 0.05532567 0.43953490 0.13825629
v 0.08279519 0.42960078 0.12178107
v 0.07145724 0.43452284 0.12178107
v 0.09292431 0.42680966 0.10533246
v 0.08487937 0.43023105 0.10533246
v 0.10367869 0.42398847 0.07770520
v -0.10607339 0.41765586 0.07770520
v -0.09102560 0.42413853 0.10533246
v -0.10944977 0.41558499 0.07770520
v -0.11445180 0.41219359 0.08473178
v -0.10707380 0.41651538 0.08968233
v -0.08810775 0.42293805 0.12058335
v -0.07972933 0.42707975 0.12529437
v -0.06880822 0.42981087 0.13825629
v -0.06634888 0.42855035 0.14815739
v -0.05738690 0.43086132 0.15406611
v -0.04125533 0.43776417 0.15470490
v -0.00786673 0.44589754 0.17038163
v -0.01241025 0.44328645 0.17533218
v -0.00786673 0.44058533 0.18627130
v -0.00407352 0.42915060 0.21445750
v 0.00705601 0.42990090 0.21632061
v 0.00705601 0.43518311 0.20407731
v 0.00072010 0.44469705 0.17988349
v -0.02412335 0.44043530 0.17038163
v 0.01143279 0.44412678 0.17796714
v 0.00647244 0.44628769 0.17195196
v 0.02314590 0.43899469 0.18762871
v 0.02402125 0.44304636 0.17195196
v 0.02998201 0.44418684 0.16159840
v 0.03931915 0.44244611 0.15555660
v 0.05532567 0.43620351 0.15470490
v 0.07249933 0.43161163 0.13852244
v 0.08071100 0.42870041 0.13322590
v 0.09084013 0.42545908 0.12178107
v 0.10363701 0.42068711 0.10533246
v 0.11910164 0.41522483 0.07770520
v -0.10394753 0.41591514 0.10533246
v -0.11461854 0.41231362 0.07770520
v -0.11340971 0.41135326 0.09569752
v -0.11920375 0.40838201 0.07770520
v -0.13154210 0.39691728 0.07770520
v -0.13095853 0.39634704 0.08611581
v -0.10119641 0.41414438 0.12178107
v -0.09069213 0.41672547 0.13876199
v -0.07685316 0.42545908 0.13825629
v -0.07239301 0.42326817 0.15406611
v -0.06280577 0.42683966 0.15912312
v -0.05209308 0.42930066 0.16646909
v -0.02608249 0.43290217 0.18856027
v -0.02137223 0.43005099 0.19973893
v -0.00928398 0.43209184 0.20476933
v -0.01482790 0.42716978 0.21070466
v -0.00257291 0.41243368 0.24676914
v 0.00705601 0.41366420 0.24900489
v 0.00705601 0.41984674 0.23697452
v 0.00705601 0.42596929 0.22457153
v 0.02314590 0.42008687 0.23697452
v 0.02314590 0.42599929 0.22385290
v 0.02314590 0.42942072 0.21562859
v 0.00647244 0.44193590 0.18627130
v -0.04196395 0.43206181 0.17165919
v -0.03708697 0.42987090 0.18371617
v 0.02314590 0.43371251 0.20407731
v 0.03260808 0.42852035 0.21352594
v 0.03848548 0.42999096 0.20325222
v 0.03923578 0.43437275 0.18762871
v 0.03923578 0.43863451 0.17118010
v 0.05111562 0.42984090 0.18762871
v 0.05624271 0.43167166 0.17152612
v 0.06503795 0.42891051 0.16628279
v 0.06795581 0.43035111 0.15470490
v 0.07854345 0.42755996 0.14419161
v 0.10480415 0.41660541 0.12223354
v 0.08667177 0.42401847 0.13852244
v 0.11284909 0.41246371 0.11701683
v 0.11451644 0.41366420 0.10533246
v 0.12614617 0.41033283 0.07770520
v -0.11199247 0.41024277 0.10533246
v -0.12979139 0.39511653 0.09710816
v -0.12066266 0.40198938 0.10533246
v -0.13646077 0.39112489 0.07770520
v -0.14354699 0.38260134 0.07770520
v -0.14608970 0.37887979 0.08148465
v -0.13796138 0.38701316 0.08928310
v -0.09898718 0.41261377 0.13362512
v -0.10924135 0.40799186 0.12178107
v -0.08631535 0.41474465 0.15470490
v -0.09681963 0.41099308 0.14459087
v -0.08335581 0.41282383 0.16620293
v -0.07414373 0.41612523 0.17149950
v -0.05738690 0.42482881 0.17165919
v -0.04779966 0.42731984 0.17746144
v -0.03212661 0.42749993 0.19468192
v -0.06393123 0.39454628 0.22760573
v -0.06805791 0.38017034 0.24727485
v -0.00611602 0.39838786 0.26587935
v 0.00705601 0.40898226 0.25722919
v 0.02314590 0.41390429 0.24945735
v 0.03419206 0.41273380 0.24738133
v 0.03944420 0.41552499 0.23742699
v 0.03848548 0.42380838 0.21959436
v 0.04332078 0.42656953 0.20817615
v 0.04819776 0.42849032 0.19721042
v 0.06220347 0.42746990 0.17727515
v 0.07600076 0.42611935 0.15470490
v 0.08900605 0.41759583 0.15608892
v 0.10080252 0.41516480 0.13825629
v 0.11097333 0.41102311 0.12800918
v 0.11880986 0.40589098 0.12223354
v 0.12256137 0.40715150 0.10533246
v 0.13369092 0.40081889 0.08888386
v 0.13489975 0.40228950 0.07770520
v -0.11841176 0.39973844 0.12178107
v -0.12870761 0.39388601 0.10533246
v -0.14492255 0.37731916 0.09247700
v -0.13541868 0.38563261 0.10533246
v -0.13337618 0.38305152 0.12178107
v -0.14633980 0.37917991 0.07770520
v -0.14909091 0.37536837 0.07770520
v -0.15696912 0.36378358 0.07770520
v -0.15021638 0.37125664 0.08773938
v -0.11578568 0.39712737 0.13825629
v -0.11416002 0.39556671 0.14762507
v -0.10486456 0.40628113 0.13876199
v -0.09436029 0.40922238 0.15470490
v -0.10611508 0.40009859 0.15374671
v -0.08902479 0.40667132 0.17149950
v -0.07993775 0.41072298 0.17719529
v -0.06922505 0.41363420 0.18366295
v -0.06413965 0.41099308 0.19462868
v -0.08047964 0.39457631 0.21121037
v -0.06976694 0.39724740 0.21664000
v -0.07443551 0.39226534 0.22148408
v -0.07343510 0.38362176 0.23710759
v -0.07877061 0.37680894 0.24267031
v -0.07376857 0.37071643 0.25368927
v -0.05734522 0.37626873 0.25895923
v -0.00903388 0.38248131 0.28184885
v 0.00705601 0.39394604 0.27689830
v 0.00705601 0.40075886 0.26867400
v 0.02314590 0.40919235 0.25768165
v 0.03923578 0.39895813 0.26633181
v 0.03944420 0.40745162 0.25310372
v 0.04494644 0.41054292 0.24320263
v 0.05011521 0.41324402 0.23223689
v 0.05540903 0.41552499 0.22010006
v 0.05428357 0.42299805 0.20325222
v 0.05916056 0.42581923 0.18762871
v 0.07279112 0.41738574 0.18879980
v 0.07083198 0.42416853 0.17152612
v 0.08517115 0.41540492 0.17118010
v 0.09538365 0.41144329 0.16250334
v 0.09788466 0.41321402 0.15151099
v 0.10884746 0.40937241 0.13825629
v 0.12026877 0.40003856 0.13692549
v 0.12798026 0.39529662 0.13056430
v 0.12927245 0.39664716 0.12178107
v 0.13156505 0.39889807 0.10533246
v 0.14315310 0.39427619 0.07770520
v -0.12645670 0.39127492 0.12178107
v -0.14346362 0.37533834 0.10533246
v -0.14938269 0.36711494 0.10533246
v -0.14142112 0.37263722 0.12178107
v -0.13112526 0.38029040 0.13825629
v -0.16013707 0.35904160 0.07770520
v -0.15922004 0.35745094 0.08888386
v -0.12387231 0.38851380 0.13825629
v -0.12991643 0.37878976 0.14682659
v -0.12107950 0.38605276 0.15273531
v -0.11724461 0.38236125 0.17118010
v -0.11182574 0.39331577 0.15861742
v -0.10082126 0.39784765 0.17118010
v -0.09844528 0.39583683 0.18105459
v -0.08977509 0.39955837 0.18696332
v -0.08452295 0.39718737 0.20024462
v -0.07414373 0.40865213 0.18853365
v -0.08977509 0.39094480 0.20506210
v -0.08948330 0.38326161 0.21983391
v -0.08406443 0.38050046 0.23170458
v -0.09019193 0.37101655 0.23769314
v -0.08556504 0.36582440 0.24911133
v -0.06876654 0.36465391 0.26364361
v -0.07947923 0.36030212 0.26010372
v -0.01045112 0.37113661 0.29084503
v -0.00603265 0.36612452 0.29755222
v 0.00705601 0.37662888 0.29297429
v 0.00705601 0.38572264 0.28474999
v 0.02314590 0.39379598 0.27689830
v 0.02314590 0.40096895 0.26867400
v 0.03923578 0.39085477 0.27455611
v 0.04923986 0.39670719 0.26367021
v 0.06086959 0.40982262 0.22531676
v 0.06478785 0.41252371 0.21435103
v 0.06812254 0.41462459 0.20407731
v 0.07904366 0.41129323 0.19508115
v 0.08191983 0.41327405 0.18408880
v 0.09321610 0.40982262 0.17118010
v 0.10442899 0.40096895 0.17112687
v 0.10342859 0.40742162 0.15608892
v 0.11522506 0.39826783 0.15470490
v 0.13960999 0.38977431 0.10533246
v 0.12597944 0.39313571 0.14153004
v 0.13210694 0.38734331 0.13692549
v 0.14457034 0.37957010 0.11571265
v 0.14607095 0.38155091 0.10533246
v 0.14173585 0.39259546 0.08888386
v 0.14819681 0.38434207 0.08888386
v 0.14873871 0.38683310 0.07770520
v -0.14746525 0.36441382 0.12178107
v -0.13983714 0.36909576 0.13745781
v -0.14629810 0.36273312 0.13144262
v -0.16167937 0.35640051 0.07770520
v -0.15809457 0.35312915 0.10581154
v -0.16397197 0.34922754 0.08888386
v -0.16276315 0.34709666 0.10062145
v -0.12799899 0.37650882 0.15781894
v -0.14475581 0.36042218 0.14240836
v -0.13387638 0.37077646 0.15326763
v -0.11486865 0.37990022 0.18187968
v -0.12528955 0.37314743 0.17118010
v -0.10886620 0.39058464 0.17118010
v -0.09527733 0.39331577 0.19202032
v -0.10532309 0.38659301 0.18693670
v -0.10119641 0.38209113 0.20407731
v -0.09857034 0.37954010 0.21387195
v -0.09477713 0.37620870 0.22483768
v -0.10048778 0.36522415 0.23268936
v -0.09631942 0.36078230 0.24368172
v -0.07385194 0.35447970 0.26744967
v -0.01191005 0.32470738 0.32467377
v -0.00119735 0.32938932 0.32760154
v -0.09056708 0.35507997 0.25446114
v -0.09556912 0.34328508 0.25981094
v -0.08481474 0.34934760 0.26412270
v 0.01610136 0.32959941 0.32778783
v 0.02314590 0.37527831 0.29225566
v 0.02314590 0.38554255 0.28403136
v 0.00705601 0.32962944 0.32778783
v 0.03923578 0.38263137 0.28118346
v 0.04836450 0.37990022 0.27894772
v 0.05415852 0.38542252 0.26875385
v 0.06441270 0.37999025 0.26287176
v 0.11093164 0.34487575 0.24440035
v 0.11097333 0.36135255 0.22776543
v 0.09505018 0.37809949 0.22805821
v 0.09913517 0.38221119 0.21709246
v 0.08892268 0.38830370 0.22236241
v 0.07866850 0.39436622 0.22765897
v 0.08275350 0.39769759 0.21669322
v 0.07616749 0.40916232 0.20407731
v 0.08788059 0.40042871 0.20373130
v 0.09680089 0.39619698 0.19800889
v 0.08738038 0.40745162 0.18879980
v 0.09951033 0.39841789 0.18762871
v 0.11289077 0.39622698 0.16561739
v 0.12331170 0.39004443 0.15470490
v 0.13023117 0.38179101 0.15470490
v 0.13902642 0.36981606 0.15523720
v 0.14106892 0.37470806 0.13825629
v 0.14694632 0.36648467 0.13825629
v 0.14869702 0.37119664 0.12143506
v 0.15478283 0.36924582 0.10490661
v 0.15624177 0.37299737 0.08888386
v 0.15740890 0.37470806 0.07770520
v -0.15392621 0.35396951 0.12178107
v -0.14971617 0.35453973 0.13745781
v -0.16484733 0.35081821 0.07770520
v -0.16159600 0.34493575 0.11158719
v -0.17168344 0.33749269 0.07770520
v -0.16997442 0.33749269 0.08888386
v -0.16605615 0.33866317 0.10581154
v -0.13179220 0.36489403 0.17118010
v -0.14283837 0.35760100 0.15470490
v -0.14817388 0.34937760 0.15470490
v -0.12120455 0.36972600 0.18635115
v -0.11645262 0.36561433 0.20407731
v -0.11220089 0.37701903 0.19284541
v -0.12999981 0.36246303 0.17985687
v -0.10924135 0.37383773 0.20407731
v -0.11428506 0.36291321 0.21349933
v -0.10490625 0.36954594 0.21916850
v -0.11124216 0.35904160 0.22443844
v -0.10603171 0.35441969 0.23748021
v -0.11161732 0.34268484 0.24227107
v -0.10086294 0.34982778 0.24884520
v -0.01787081 0.31375286 0.32805400
v -0.00753326 0.31993541 0.33023650
v 0.00705601 0.32101587 0.33393611
v -0.10569824 0.33749269 0.25347634
v -0.09973748 0.33230054 0.26364361
v -0.08877468 0.33653229 0.26936603
v -0.08193857 0.32974948 0.27841541
v 0.02214549 0.32179620 0.33217947
v 0.02685574 0.32779869 0.32621751
v 0.03923578 0.31612383 0.33018326
v 0.04769756 0.31324265 0.32784107
v 0.11455812 0.31621387 0.26428239
v 0.11535011 0.33389120 0.24900489
v 0.12606281 0.32698832 0.24296308
v 0.12072730 0.33866317 0.23819884
v 0.11535011 0.35039803 0.23340800
v 0.11459981 0.36567433 0.21679969
v 0.10984787 0.37665888 0.20921417
v 0.10505425 0.37188691 0.22244225
v 0.12610449 0.34343515 0.22611524
v 0.12035215 0.35468979 0.22145746
v 0.09350788 0.39319574 0.20900124
v 0.10334522 0.38662301 0.20362484
v 0.11297414 0.38005031 0.19824844
v 0.10755527 0.39103483 0.18762871
v 0.11030639 0.39379598 0.17658312
v 0.11543348 0.38281143 0.18762871
v 0.12614617 0.37662888 0.17533218
v 0.12835541 0.37936001 0.16436645
v 0.13260714 0.37086649 0.17038163
v 0.14327815 0.36129252 0.16109269
v 0.14511223 0.36390361 0.15012696
v 0.15911793 0.36069227 0.11012332
v 0.16053518 0.36297321 0.09915758
v 0.16161896 0.36477397 0.08888386
v 0.16257767 0.36648467 0.07770520
v -0.16042886 0.34280487 0.12178107
v -0.15909498 0.33728260 0.13969354
v -0.15505168 0.33749269 0.15470490
v -0.16480565 0.33455148 0.12178107
v -0.17689391 0.32638808 0.07770520
v -0.17606022 0.32455732 0.08888386
v -0.17505983 0.32017553 0.10570508
v -0.17147503 0.32101587 0.12178107
v -0.14025398 0.35297909 0.17067440
v -0.14663158 0.34682654 0.16487215
v -0.12754047 0.35904160 0.19082262
v -0.13333450 0.35369939 0.18627130
v -0.12503944 0.35369939 0.20458302
v -0.12891604 0.34433551 0.21041189
v -0.11770313 0.35369939 0.21956774
v -0.11532717 0.34805706 0.23130534
v -0.11862016 0.33731260 0.23686806
v -0.11520211 0.33173029 0.24714176
v -0.02083035 0.30459907 0.32978401
v -0.00903388 0.30459907 0.33654447
v -0.08518989 0.32101587 0.28065115
v -0.09669458 0.31120180 0.27743064
v -0.07810367 0.30459907 0.29254843
v 0.00705601 0.30459907 0.34152163
v 0.02314590 0.30459907 0.34090947
v -0.11124216 0.32101587 0.25895923
v -0.11365982 0.31273244 0.26162080
v -0.10319722 0.32101587 0.26675767
v -0.09323483 0.32101587 0.27498197
v 0.03923578 0.30459907 0.33614522
v 0.05090720 0.30459907 0.33005018
v 0.05899383 0.30459907 0.32305021
v 0.07912703 0.29571540 0.31067383
v 0.11889322 0.30336856 0.26909986
v 0.12531250 0.30928101 0.25895923
v 0.12031047 0.32161611 0.25398204
v 0.12989770 0.31600380 0.24799348
v 0.12993938 0.33245060 0.23199735
v 0.12943918 0.34802706 0.21514951
v 0.12531250 0.35901158 0.20767044
v 0.11914332 0.36969600 0.20295944
v 0.13314903 0.33776278 0.22057914
v 0.12823036 0.36273312 0.19670471
v 0.12347842 0.37344755 0.18762871
v 0.13018948 0.36519415 0.18762871
v 0.14144407 0.35871145 0.17118010
v 0.14702968 0.35048806 0.17118010
v 0.14919722 0.35507997 0.15523720
v 0.15745058 0.35793115 0.12178107
v 0.16074359 0.34703663 0.13272019
v 0.16224420 0.34970772 0.12178107
v 0.16374482 0.35471982 0.10490661
v 0.16762139 0.35396951 0.08888386
v 0.16449512 0.36300324 0.07770520
v -0.16326336 0.33164026 0.13516883
v -0.16192947 0.32908920 0.14616118
v -0.14971617 0.33776278 0.17067440
v -0.16080402 0.32665820 0.15470490
v -0.17801936 0.32374699 0.07770520
v -0.17956165 0.31633393 0.08888386
v -0.17868630 0.31411302 0.10046176
v -0.17776926 0.31174202 0.11142750
v -0.17672717 0.30868077 0.12178107
v -0.16655635 0.32257650 0.13969354
v -0.14454740 0.34340512 0.17583788
v -0.13145872 0.34805706 0.19944616
v -0.13529362 0.33830302 0.20458302
v -0.13229241 0.33335096 0.21722555
v -0.12683184 0.33830302 0.22183010
v -0.12949960 0.32872905 0.22819128
v -0.12683184 0.32233641 0.23790607
v -0.12899940 0.31114177 0.24400111
v -0.11828670 0.32101587 0.25073492
v -0.03200156 0.29379462 0.32669658
v -0.08102152 0.29529522 0.29427847
v -0.00903388 0.28812225 0.33963190
v -0.03450258 0.28281007 0.32832014
v -0.02604080 0.28824231 0.33154068
v -0.06564026 0.21438174 0.32765475
v -0.10665696 0.30648986 0.27085650
v -0.09961243 0.30024728 0.27963975
v -0.09060876 0.30525935 0.28397815
v 0.00705601 0.28812225 0.34338475
v 0.02314590 0.28812225 0.34303871
v 0.03923578 0.28812225 0.33944560
v -0.12262180 0.30642983 0.25448774
v -0.11624420 0.30174789 0.26425576
v 0.05640944 0.28722189 0.33127451
v 0.06245357 0.29211392 0.32664337
v 0.08212825 0.28473086 0.31325559
v 0.11518337 0.28812225 0.28136979
v 0.11247394 0.29745610 0.27881464
v 0.12893897 0.29829647 0.26292497
v 0.13285725 0.30411886 0.25344973
v 0.14373667 0.29601553 0.24493266
v 0.14131903 0.30459907 0.24109998
v 0.14407014 0.31312259 0.22904299
v 0.13527489 0.32002544 0.23601634
v 0.14365331 0.32881908 0.21176929
v 0.14090218 0.33812293 0.20540810
v 0.13164842 0.35369939 0.20295944
v 0.14127733 0.32503753 0.22052592
v 0.14286132 0.34403539 0.19335112
v 0.13873463 0.35336924 0.18776179
v 0.14507054 0.34745681 0.18238539
v 0.15544978 0.33659230 0.17083409
v 0.15765900 0.34148433 0.15470490
v 0.15553314 0.35309915 0.13822967
v 0.15924298 0.34430551 0.14368591
v 0.16211916 0.33326093 0.15470490
v 0.16386988 0.33830302 0.13822967
v 0.16853844 0.33749269 0.12178107
v 0.17274848 0.33650227 0.10517276
v 0.17408236 0.34091408 0.08888386
v 0.17141461 0.34976775 0.07770520
v 0.16933043 0.35396951 0.07770520
v -0.16455555 0.31843480 0.15470490
v -0.14771535 0.33242060 0.18400894
v -0.15851141 0.32068572 0.17136641
v -0.16297156 0.31498338 0.16599002
v -0.18031196 0.31816468 0.07770520
v -0.18385507 0.30838065 0.07770520
v -0.18377171 0.30459907 0.08888386
v -0.18072880 0.30558947 0.10570508
v -0.17943661 0.30045735 0.12178107
v -0.17489309 0.30357865 0.13745781
v -0.17843620 0.29739610 0.13144262
v -0.14554780 0.32860902 0.19497469
v -0.14267163 0.33776278 0.18874658
v -0.14396382 0.32227638 0.20570087
v -0.14588128 0.31279247 0.21227500
v -0.13233409 0.31774450 0.23300876
v -0.13529362 0.30522935 0.23790607
v -0.13150042 0.30015722 0.24738133
v -0.08914984 0.28914267 0.29071194
v -0.08348086 0.28434070 0.29582218
v -0.04125533 0.22227502 0.33627830
v -0.02770815 0.20579819 0.34261288
v -0.01849606 0.21576232 0.34423644
v -0.09406850 0.27167546 0.29230890
v -0.08431453 0.21900365 0.31336204
v -0.08452295 0.20579819 0.31341528
v -0.06564026 0.21327129 0.32765475
v -0.04125533 0.20579819 0.33806155
v -0.11045018 0.28812225 0.27532799
v -0.10240523 0.28812225 0.28174240
v 0.00705601 0.18935139 0.34961284
v 0.02314590 0.18935139 0.34916038
v 0.03569267 0.18935139 0.34596647
v 0.06945642 0.18935139 0.33050264
v -0.12708194 0.28812225 0.25848013
v -0.11903701 0.28812225 0.26710368
v 0.07750136 0.18935139 0.32637720
v 0.06370408 0.28112937 0.32768138
v 0.08404569 0.27167546 0.31453313
v 0.09209064 0.27167546 0.30809211
v 0.10163620 0.27167546 0.29984117
v 0.10968113 0.27167546 0.29270812
v 0.12627123 0.27452664 0.27660553
v 0.12322832 0.28812225 0.27381088
v 0.13135663 0.28812225 0.26558657
v 0.14023524 0.28956286 0.25368927
v 0.14607095 0.28503098 0.24839273
v 0.14978080 0.28956286 0.23846500
v 0.14611263 0.30459907 0.23287567
v 0.15211509 0.30459907 0.22052592
v 0.14607095 0.31681414 0.22052592
v 0.14982249 0.32242644 0.20540810
v 0.14607095 0.33305084 0.20080356
v 0.14848861 0.33812293 0.18776179
v 0.15899289 0.32704835 0.17610404
v 0.16066023 0.33052981 0.16513830
v 0.16799656 0.32101587 0.15470490
v 0.17266512 0.32014550 0.13799012
v 0.17433246 0.32503753 0.12178107
v 0.17554129 0.32782869 0.11052255
v 0.17658338 0.33037975 0.09955682
v 0.17741705 0.33269069 0.08888386
v 0.17483266 0.34259478 0.07770520
v -0.17005778 0.30459907 0.15470490
v -0.15117509 0.32227638 0.18874658
v -0.16122086 0.31084165 0.17698237
v -0.16513912 0.30504926 0.17136641
v -0.18518894 0.30459907 0.07770520
v -0.18860700 0.29343446 0.07770520
v -0.18881542 0.28812225 0.08888386
v -0.18618935 0.28812225 0.10533246
v -0.18327150 0.28812225 0.12178107
v -0.17714401 0.29325437 0.14240836
v -0.17997849 0.28791216 0.13745781
v -0.14834060 0.31762447 0.20128264
v -0.15163361 0.30621974 0.20570087
v -0.14825724 0.30180792 0.21695939
v -0.14550611 0.29526522 0.22792512
v -0.14392214 0.30621974 0.22167039
v -0.14229648 0.28911267 0.23692128
v -0.13366796 0.28812225 0.25025583
v -0.01907963 0.19391328 0.34450260
v -0.01966320 0.20579819 0.34458245
v -0.10665696 0.27158543 0.28331272
v -0.11449349 0.26606312 0.27884127
v -0.11586905 0.25519863 0.28006561
v -0.10186335 0.22227502 0.29824425
v -0.10223850 0.20579819 0.29885640
v -0.09256790 0.20579819 0.30708070
v -0.08748249 0.16026936 0.30047996
v -0.07197618 0.20699868 0.32219849
v -0.13400143 0.16026936 0.26587935
v -0.10703211 0.16026936 0.28648003
v -0.06372282 0.20231675 0.32648365
v -0.05797047 0.20699868 0.33052928
v -0.01641188 0.18292873 0.34362425
v -0.05301012 0.19385325 0.32959771
v -0.11274278 0.27704767 0.27727092
v 0.00705601 0.17287456 0.34809574
v -0.01024270 0.18878116 0.34623261
v 0.02310421 0.17215428 0.34708433
v 0.03519247 0.17716635 0.34580676
v 0.06745561 0.17791666 0.32978401
v -0.12899940 0.27707770 0.26074247
v 0.08754712 0.18935139 0.31959013
v 0.09805140 0.20075610 0.31288294
v 0.11551685 0.20579819 0.29795145
v 0.12864719 0.25519863 0.27886788
v 0.12785520 0.26354209 0.27814924
v 0.12043551 0.27008479 0.28323288
v 0.14256952 0.27167546 0.25989076
v 0.14386171 0.26315194 0.26159419
v 0.14828019 0.27167546 0.25166648
v 0.15678365 0.27242576 0.23670835
v 0.15957646 0.27839825 0.22771219
v 0.15811753 0.28968289 0.22153731
v 0.15995160 0.29622562 0.21216853
v 0.15815921 0.30570953 0.20564765
v 0.15961814 0.31192211 0.19476176
v 0.15724217 0.32134599 0.18861350
v 0.16149390 0.31609383 0.18379603
v 0.16320293 0.32134599 0.17083409
v 0.17020578 0.30459907 0.17118010
v 0.17429078 0.30507929 0.15608892
v 0.17537455 0.31090168 0.14331329
v 0.17662506 0.31405299 0.13232094
v 0.17770885 0.31678411 0.12178107
v 0.17879262 0.32182620 0.10517276
v 0.18158542 0.32101587 0.08888386
v 0.17800063 0.33437139 0.07770520
v -0.17097483 0.28812225 0.17118010
v -0.17564339 0.28791216 0.15475812
v -0.15942846 0.30504926 0.18826748
v -0.16334672 0.29988713 0.18318386
v -0.19023267 0.28812225 0.07770520
v -0.19210843 0.28100931 0.07770520
v -0.19344230 0.27581716 0.07770520
v -0.19285874 0.27167546 0.08981542
v -0.19044109 0.27167546 0.10533246
v -0.18768997 0.27167546 0.12178107
v -0.18427190 0.27167546 0.13825629
v -0.17885303 0.28226982 0.14927525
v -0.16138758 0.29457492 0.19414959
v -0.15922004 0.28869249 0.20421038
v -0.15088330 0.28911267 0.22167039
v -0.14754861 0.28428067 0.23138519
v -0.14413056 0.27167546 0.24259047
v -0.13525194 0.27161543 0.25451438
v -0.00478214 0.17287456 0.34556725
v -0.12174645 0.27155540 0.26987173
v -0.13050001 0.26609315 0.26247251
v -0.12395567 0.25519863 0.27210744
v -0.12570639 0.23872181 0.27397057
v -0.11766145 0.23872181 0.28176901
v -0.10990829 0.22227502 0.29132410
v -0.11887027 0.22227502 0.28309979
v -0.11028344 0.20579819 0.29143058
v -0.08552336 0.16026936 0.30178414
v -0.11899532 0.20579819 0.28320627
v -0.12704026 0.20579819 0.27540783
v -0.14204638 0.16026936 0.25757520
v -0.00140577 0.16420099 0.34420983
v 0.00705601 0.16339065 0.34471553
v 0.01772702 0.16342067 0.34471553
v 0.02843972 0.16618180 0.34290565
v 0.08675513 0.16026936 0.30684117
v 0.08808901 0.16026936 0.30604266
v 0.10009390 0.16026936 0.29869671
v 0.12860551 0.16026936 0.27870819
v 0.09567543 0.18100793 0.31112630
v 0.09750951 0.18935139 0.31248372
v 0.10555445 0.18935139 0.30551036
v 0.12356178 0.20579819 0.29079179
v 0.13131495 0.22227502 0.28142300
v 0.13810938 0.23872181 0.27240022
v 0.14498718 0.25219739 0.26289837
v 0.14957238 0.25669924 0.25504669
v 0.15824258 0.25519863 0.24189845
v 0.16116043 0.26744370 0.23106579
v 0.16386988 0.27242576 0.22153731
v 0.16186906 0.28524107 0.21671984
v 0.16445344 0.28968289 0.20564765
v 0.17199818 0.28674167 0.18624468
v 0.16182738 0.30093756 0.20120280
v 0.16416166 0.30570953 0.18861350
v 0.17474930 0.29229398 0.17118010
v 0.17599981 0.29604553 0.16250334
v 0.17741705 0.29991713 0.15153759
v 0.17866756 0.30507929 0.13799012
v 0.18204393 0.30459907 0.12178107
v 0.18471169 0.30459907 0.10533246
v 0.18437823 0.31573368 0.07770520
v 0.18266919 0.32101587 0.07770520
v 0.17933450 0.33061984 0.07770520
v 0.18687924 0.30459907 0.08888386
v -0.17051631 0.27167546 0.18762871
v -0.16534754 0.28869249 0.18826748
v -0.17739411 0.27710770 0.16026760
v -0.17572676 0.27164543 0.17091395
v -0.19419261 0.27281591 0.07770520
v -0.19485955 0.26618318 0.08494471
v -0.19406757 0.26252167 0.09591044
v -0.18785669 0.25519863 0.13825629
v -0.19110802 0.25519863 0.12178107
v -0.18393843 0.25519863 0.15470490
v -0.18022860 0.27164543 0.15475812
v -0.16322166 0.28359037 0.19883399
v -0.16097076 0.27611728 0.20979972
v -0.15780279 0.27104518 0.21948789
v -0.14950775 0.27167546 0.23436616
v -0.14550611 0.26162130 0.24456004
v -0.13175052 0.25519863 0.26388314
v -0.14675663 0.25063675 0.24634329
v -0.14075419 0.25576888 0.25246493
v -0.14809050 0.23872181 0.24804672
v -0.14150449 0.23872181 0.25627102
v -0.13345954 0.23872181 0.26574626
v -0.12691522 0.22227502 0.27519490
v -0.00524066 0.16026936 0.34032393
v -0.13500184 0.20579819 0.26715689
v -0.14275501 0.18935139 0.25821399
v -0.14942439 0.16026936 0.24935090
v 0.00705601 0.16026936 0.34277257
v 0.01360034 0.16026936 0.34274593
v 0.02047814 0.16026936 0.34114898
v 0.02585533 0.16026936 0.33912620
v 0.12977266 0.16026936 0.27772342
v 0.13569173 0.16026936 0.27263978
v 0.13023117 0.17287456 0.28022530
v 0.13181514 0.18935139 0.28206178
v 0.13214862 0.20579819 0.28256749
v 0.13940157 0.22227502 0.27338502
v 0.14598759 0.23872181 0.26417591
v 0.15349064 0.23872181 0.25344973
v 0.15945140 0.23872181 0.24416080
v 0.16386988 0.23872181 0.23593650
v 0.16249431 0.25519863 0.23367415
v 0.16845506 0.25519863 0.22052592
v 0.17441584 0.25663924 0.20442331
v 0.17070598 0.27167546 0.20407731
v 0.17624991 0.28031904 0.17983027
v 0.17750042 0.28407058 0.17118010
v 0.17979303 0.28959286 0.15608892
v 0.18429485 0.28812225 0.13825629
v 0.18721271 0.28812225 0.12178107
v 0.18996382 0.28677170 0.10440091
v 0.18779628 0.30459907 0.07770520
v 0.19075581 0.29070331 0.08888386
v 0.19121434 0.29238401 0.07770520
v -0.16864055 0.25519863 0.20407731
v -0.16463891 0.27104518 0.20421038
v -0.17718569 0.25910024 0.17623712
v -0.17505983 0.25423824 0.18645761
v -0.17881135 0.26615315 0.16527139
v -0.19531808 0.26804394 0.07770520
v -0.19706878 0.25985055 0.07770520
v -0.19619343 0.25630909 0.08981542
v -0.19344230 0.25630909 0.10679633
v -0.19510966 0.25156715 0.10229825
v -0.18698134 0.23872181 0.15470490
v -0.19352568 0.24019242 0.12295216
v -0.19073287 0.23872181 0.13825629
v -0.19415093 0.24664509 0.11326399
v -0.18260456 0.23872181 0.17118010
v -0.17977007 0.25423824 0.17091395
v -0.16247135 0.26513273 0.21331301
v -0.15955351 0.25519863 0.22398598
v -0.15092499 0.25576888 0.23825208
v -0.15538514 0.23872181 0.23697452
v -0.15838637 0.22389569 0.23609619
v -0.14942439 0.22227502 0.24967028
v -0.14271331 0.22227502 0.25789458
v -0.13466837 0.22227502 0.26697060
v -0.14304679 0.20579819 0.25840028
v -0.14984121 0.18935139 0.24998966
v -0.15746932 0.16026936 0.23857146
v 0.14552907 0.16026936 0.26356376
v 0.13831780 0.17287456 0.27277287
v 0.13986009 0.18935139 0.27362455
v 0.14019356 0.20579819 0.27383748
v 0.14669622 0.22227502 0.26516072
v 0.15574156 0.22305534 0.25203910
v 0.15990992 0.22905781 0.24503912
v 0.16403660 0.22305534 0.23851824
v 0.17287354 0.22227502 0.22188332
v 0.17228996 0.23746130 0.21900881
v 0.17533287 0.24211322 0.21011911
v 0.17729200 0.25210736 0.19915337
v 0.17604149 0.26309191 0.19561346
v 0.17483266 0.27167546 0.19186063
v 0.17750042 0.27167546 0.18363633
v 0.18125194 0.27167546 0.17118010
v 0.18567042 0.27167546 0.15470490
v 0.18963036 0.27020485 0.13689887
v 0.19092255 0.27452664 0.12178107
v 0.19175622 0.27791803 0.10924499
v 0.19288169 0.28244991 0.08888386
v 0.19267327 0.28680170 0.07770520
v -0.16372187 0.25519863 0.21573506
v -0.17660212 0.23872181 0.19103555
v -0.17193354 0.23872181 0.20407731
v -0.17835282 0.24811569 0.18020288
v -0.19790246 0.25552879 0.07770520
v -0.19948644 0.23872181 0.08888386
v -0.19631847 0.24019242 0.10679633
v -0.19294210 0.22323541 0.13804336
v -0.18927394 0.22227502 0.15470490
v -0.18506390 0.22227502 0.17118010
v -0.19502628 0.23566055 0.11824115
v -0.19406757 0.22932793 0.12923351
v -0.17918651 0.23872181 0.18281124
v -0.16126254 0.23872181 0.22733958
v -0.16201285 0.23046840 0.22872360
v -0.15801121 0.20579819 0.23905056
v -0.16276315 0.21948387 0.23002778
v -0.14996627 0.20579819 0.25014938
v -0.15792785 0.18935139 0.23905056
v -0.16301325 0.16026936 0.23034717
v 0.15307380 0.16026936 0.25307711
v 0.14623769 0.17287456 0.26452193
v 0.14677958 0.18935139 0.26540025
v 0.14690462 0.20579819 0.26558657
v 0.15499126 0.20579819 0.25400867
v 0.16028508 0.21807327 0.24562468
v 0.17320701 0.20579819 0.22310766
v 0.20334428 0.16026936 0.17003561
v 0.17675012 0.22227502 0.21365902
v 0.17620823 0.23112867 0.21254115
v 0.20759601 0.16026936 0.16056037
v 0.17825073 0.23746130 0.20442331
v 0.18408643 0.23872181 0.18762871
v 0.17970965 0.25663924 0.18911920
v 0.18558704 0.25519863 0.17118010
v 0.19004720 0.25459839 0.15406611
v 0.19146444 0.25970048 0.14150341
v 0.19229811 0.26372215 0.13053769
v 0.19288169 0.26627321 0.12178107
v 0.21684977 0.17287456 0.10533246
v 0.19542439 0.27167546 0.08888386
v 0.19334020 0.28416061 0.07770520
v 0.19634142 0.27167546 0.07770520
v -0.16538922 0.23872181 0.21908865
v -0.17756083 0.22611660 0.19412297
v -0.17501813 0.22128459 0.20266667
v -0.20086199 0.23872181 0.07770520
v -0.19906960 0.22227502 0.10533246
v -0.20173736 0.22227502 0.08888386
v -0.19473450 0.21837340 0.13240078
v -0.18664788 0.20579819 0.17118010
v -0.19348398 0.20579819 0.14312700
v -0.19081624 0.20579819 0.15470490
v -0.17826946 0.21516208 0.19622563
v -0.18006186 0.22128459 0.18824088
v -0.19590164 0.22323541 0.12295216
v -0.16609784 0.22389569 0.22214948
v -0.16322166 0.20579819 0.23082626
v -0.16326336 0.18935139 0.23082626
v -0.16847381 0.20579819 0.22052592
v -0.16709824 0.16026936 0.22284149
v 0.15928467 0.16026936 0.24402771
v 0.15524136 0.17446523 0.25179954
v 0.15482452 0.18935139 0.25371590
v 0.16036845 0.20579819 0.24578437
v 0.16549553 0.20579819 0.23697452
v 0.19567449 0.16026936 0.18395572
v 0.20776275 0.16026936 0.16000144
v 0.20905494 0.17287456 0.14906232
v 0.20647056 0.17287456 0.15728662
v 0.18963036 0.23770139 0.16992916
v 0.20834631 0.18115801 0.14656044
v 0.21464055 0.17287456 0.12178107
v 0.21868385 0.16026936 0.10533246
v 0.21997605 0.16026936 0.08888386
v 0.21772514 0.17287456 0.08888386
v 0.19750857 0.26636324 0.07770520
v -0.17530993 0.20579819 0.20516856
v -0.20307123 0.22227502 0.07770520
v -0.20065357 0.20579819 0.10533246
v -0.20415500 0.21111039 0.07770520
v -0.20327965 0.20579819 0.08888386
v -0.19777740 0.20579819 0.12178107
v -0.19523470 0.20579819 0.13487606
v -0.18731481 0.18935139 0.17118010
v -0.18168751 0.20579819 0.18762871
v -0.19381746 0.18935139 0.14459087
v -0.19556818 0.18935139 0.13636656
v -0.19148318 0.18935139 0.15470490
v -0.17851956 0.20579819 0.19694426
v -0.16868223 0.18935139 0.22052592
v -0.16851549 0.17287456 0.22052592
v -0.16834875 0.16026936 0.22052592
v -0.17547665 0.18935139 0.20586058
v 0.15965982 0.17005341 0.24458666
v 0.16003498 0.18103795 0.24522543
v 0.16016002 0.18935139 0.24549160
v 0.20959683 0.16026936 0.15326763
v 0.21326498 0.16026936 0.13825629
v 0.21155596 0.17287456 0.13825629
v 0.21397361 0.16026936 0.13442360
v 0.21630789 0.16026936 0.12178107
v 0.21980932 0.16026936 0.07770520
v 0.19988454 0.25519863 0.07770520
v -0.17881135 0.18935139 0.19763627
v -0.20127883 0.18935139 0.10533246
v -0.20461352 0.20579819 0.07770520
v -0.20511373 0.19463357 0.07770520
v -0.20382154 0.18935139 0.08888386
v -0.19840267 0.18935139 0.12178107
v -0.18781501 0.16026936 0.17118010
v -0.18664788 0.16026936 0.17501278
v -0.18227110 0.18935139 0.18762871
v -0.19227517 0.16026936 0.15356040
v -0.19402588 0.16026936 0.14560227
v -0.19502628 0.16026936 0.14105094
v -0.19552648 0.16026936 0.13860229
v -0.17547665 0.17287456 0.20607351
v -0.17543497 0.16026936 0.20610011
v -0.17380932 0.16026936 0.20948033
v -0.17893640 0.17287456 0.19784920
v -0.20578066 0.16026936 0.07770520
v -0.18252120 0.17287456 0.18762871
v -0.20423836 0.16026936 0.08888386
v -0.20161230 0.16026936 0.10533246
v -0.19877781 0.16026936 0.12178107
v -0.20528045 0.18935139 0.07770520
v -0.20578066 0.16170995 0.07770520
v -0.20544719 0.16026936 0.08031356
v -0.18264624 0.16026936 0.18762871
v -0.17897809 0.16026936 0.19787581
v -0.18181257 0.16026936 0.18999752
f 1466 1467 1484
f 1466 1484 1506
f 1466 1506 1537
f 1466 1537 1578
f 1466 1578 1613
f 1466 1613 1660
f 1466 1660 1709
f 1466 1709 1765
f 1466 1765 1822
f 1466 1822 1876
f 1466 1876 1938
f 1466 1938 1937
f 1466 1937 2001
f 1466 2001 2068
f 1466 2068 2132
f 1466 2132 2131
f 1466 2131 2130
f 1466 2130 2185
f 1466 2185 2187
f 1466 2187 2236
f 1466 2236 2278
f 1466 2278 2279
f 1466 2279 2313
f 1466 2313 2340
f 1466 2340 2339
f 1466 2339 2358
f 1466 2358 2364
f 1466 2364 2363
f 1466 2363 2344
f 1466 2344 2343
f 1466 2343 2317
f 1466 2317 2315
f 1466 2315 2283
f 1466 2283 2241
f 1466 2241 2194
f 1466 2194 2193
f 1466 2193 2138
f 1466 2138 2075
f 1466 2075 2074
f 1466 2074 2073
f 1466 2073 2007
f 1466 2007 2006
f 1466 2006 1944
f 1466 1944 1943
f 1466 1943 1881
f 1466 1881 1827
f 1466 1827 1770
f 1466 1770 1768
f 1466 1768 1713
f 1466 1713 1666
f 1466 1666 1621
f 1466 1621 1620
f 1466 1620 1619
f 1466 1619 1583
f 1466 1583 1582
f 1466 1582 1542
f 1466 1542 1541
f 1466 1541 1539
f 1466 1539 1509
f 1466 1509 1507
f 1466 1507 1485
f 1466 1485 1468
f 1466 1468 1469
f 1466 1469 1470
f 1466 1470 1471
f 1466 1471 1472
f 1466 1472 1473
f 1466 1473 1474
f 1466 1474 1475
f 1466 1475 1476
f 1466 1476 1477
f 1466 1477 1478
f 1466 1478 1479
f 1466 1479 1467
f 1467 1479 1480
f 1467 1480 1481
f 1467 1481 1482
f 1467 1482 1483
f 1467 1483 1484
f 1468 1485 1486
f 1468 1486 1469
f 1469 1486 1470
f 1470 1486 1487
f 1470 1487 1471
f 1471 1487 1488
f 1471 1488 1489
f 1471 1489 1472
f 1472 1474 1473
f 1472 1489 1474
f 1474 1490 1491
f 1474 1491 1476
f 1474 1476 1475
f 1474 1489 1492
f 1474 1492 1490
f 1476 1491 1477
f 1477 1493 1494
f 1477 1494 1478
f 1477 1491 1495
f 1477 1495 1493
f 1478 1494 1496
f 1478 1496 1497
f 1478 1497 1498
f 1478 1498 1480
f 1478 1480 1479
f 1480 1498 1499
f 1480 1499 1482
f 1480 1482 1481
f 1482 1499 1500
f 1482 1500 1483
f 1483 1500 1501
f 1483 1501 1502
f 1483 1502 1503
f 1483 1503 1504
f 1483 1504 1505
f 1483 1505 1484
f 1484 1505 1504
f 1484 1504 1506
f 1485 1507 1486
f 1486 1508 1487
f 1486 1507 1509
f 1486 1509 1510
f 1486 1510 1511
f 1486 1511 1508
f 1487 1508 1512
f 1487 1512 1513
f 1487 1513 1488
f 1488 1514 1489
f 1488 1513 1514
f 1489 1514 1515
f 1489 1515 1516
f 1489 1516 1517
f 1489 1517 1492
f 1490 1492 1495
f 1490 1495 1491
f 1492 1517 1495
f 1493 1518 1494
f 1493 1495 1518
f 1494 1518 1519
f 1494 1519 1520
f 1494 1520 1521
f 1494 1521 1522
f 1494 1522 1523
f 1494 1523 1524
f 1494 1524 1496
f 1495 1517 1525
f 1495 1525 1519
f 1495 1519 1518
f 1496 1526 1497
f 1496 1524 1527
f 1496 1527 1526
f 1497 1526 1528
f 1497 1528 1529
f 1497 1529 1530
f 1497 1530 1498
f 1498 1530 1499
f 1499 1530 1531
f 1499 1531 1500
f 1500 1531 1532
f 1500 1532 1501
f 1501 1532 1533
f 1501 1533 1502
f 1502 1533 1534
f 1502 1534 1535
f 1502 1535 1504
f 1502 1504 1503
f 1504 1535 1536
f 1504 1536 1537
f 1504 1537 1506
f 1508 1511 1538
f 1508 1538 1512
f 1509 1539 1510
f 1510 1540 1511
f 1510 1539 1541
f 1510 1541 1542
f 1510 1542 1543
f 1510 1543 1540
f 1511 1540 1538
f 1512 1538 1544
f 1512 1544 1545
f 1512 1545 1513
f 1513 1545 1546
f 1513 1546 1514
f 1514 1546 1515
f 1515 1546 1547
f 1515 1547 1548
f 1515 1548 1516
f 1516 1548 1549
f 1516 1549 1525
f 1516 1525 1517
f 1519 1525 1550
f 1519 1550 1520
f 1520 1550 1551
f 1520 1551 1552
f 1520 1552 1521
f 1521 1552 1553
f 1521 1553 1554
f 1521 1554 1555
f 1521 1555 1556
f 1521 1556 1557
f 1521 1557 1522
f 1522 1557 1558
f 1522 1558 1559
f 1522 1559 1523
f 1523 1559 1560
f 1523 1560 1561
f 1523 1561 1524
f 1524 1561 1526
f 1524 1526 1527
f 1525 1549 1562
f 1525 1562 1563
f 1525 1563 1550
f 1526 1564 1528
f 1526 1561 1564
f 1528 1564 1565
f 1528 1565 1566
f 1528 1566 1567
f 1528 1567 1530
f 1528 1530 1529
f 1530 1567 1568
f 1530 1568 1531
f 1531 1568 1569
f 1531 1569 1532
f 1532 1569 1570
f 1532 1570 1571
f 1532 1571 1572
f 1532 1572 1533
f 1533 1572 1573
f 1533 1573 1534
f 1534 1573 1535
f 1535 1574 1536
f 1535 1573 1575
f 1535 1575 1574
f 1536 1574 1576
f 1536 1576 1577
f 1536 1577 1537
f 1537 1577 1578
f 1538 1540 1579
f 1538 1579 1544
f 1540 1543 1580
f 1540 1580 1581
f 1540 1581 1579
f 1542 1582 1543
f 1543 1582 1583
f 1543 1583 1584
f 1543 1584 1585
f 1543 1585 1580
f 1544 1586 1545
f 1544 1579 1587
f 1544 1587 1586
f 1545 1588 1546
f 1545 1586 1589
f 1545 1589 1588
f 1546 1588 1547
f 1547 1588 1590
f 1547 1590 1591
f 1547 1591 1548
f 1548 1592 1593
f 1548 1593 1549
f 1548 1591 1592
f 1549 1593 1562
f 1550 1563 1594
f 1550 1594 1551
f 1551 1553 1552
f 1551 1594 1595
f 1551 1595 1553
f 1553 1595 1554
f 1554 1595 1596
f 1554 1596 1597
f 1554 1597 1598
f 1554 1598 1555
f 1555 1598 1599
f 1555 1599 1556
f 1556 1599 1558
f 1556 1558 1557
f 1558 1599 1600
f 1558 1600 1565
f 1558 1565 1559
f 1559 1565 1560
f 1560 1564 1561
f 1560 1565 1564
f 1562 1593 1563
f 1563 1593 1594
f 1565 1600 1601
f 1565 1601 1602
f 1565 1602 1603
f 1565 1603 1566
f 1566 1603 1604
f 1566 1604 1567
f 1567 1604 1568
f 1568 1604 1569
f 1569 1605 1570
f 1569 1604 1605
f 1570 1605 1571
f 1571 1606 1573
f 1571 1573 1572
f 1571 1605 1606
f 1573 1606 1607
f 1573 1607 1608
f 1573 1608 1575
f 1574 1609 1576
f 1574 1575 1608
f 1574 1608 1609
f 1576 1609 1610
f 1576 1610 1611
f 1576 1611 1578
f 1576 1578 1577
f 1578 1611 1612
f 1578 1612 1613
f 1579 1581 1614
f 1579 1614 1587
f 1580 1615 1614
f 1580 1614 1581
f 1580 1585 1616
f 1580 1616 1617
f 1580 1617 1618
f 1580 1618 1615
f 1583 1619 1584
f 1584 1619 1620
f 1584 1620 1621
f 1584 1621 1622
f 1584 1622 1616
f 1584 1616 1585
f 1586 1587 1589
f 1587 1614 1623
f 1587 1623 1624
f 1587 1624 1625
f 1587 1625 1589
f 1588 1589 1626
f 1588 1626 1590
f 1589 1625 1624
f 1589 1624 1627
f 1589 1627 1626
f 1590 1626 1628
f 1590 1628 1629
f 1590 1629 1591
f 1591 1629 1592
f 1592 1629 1630
f 1592 1630 1593
f 1593 1630 1594
f 1594 1630 1631
f 1594 1631 1632
f 1594 1632 1633
f 1594 1633 1595
f 1595 1633 1632
f 1595 1632 1634
f 1595 1634 1635
f 1595 1635 1596
f 1596 1635 1636
f 1596 1636 1637
f 1596 1637 1638
f 1596 1638 1597
f 1597 1638 1639
f 1597 1639 1640
f 1597 1640 1641
f 1597 1641 1598
f 1598 1641 1642
f 1598 1642 1599
f 1599 1642 1600
f 1600 1642 1643
f 1600 1643 1644
f 1600 1644 1645
f 1600 1645 1601
f 1601 1645 1646
f 1601 1646 1602
f 1602 1646 1603
f 1603 1646 1647
f 1603 1647 1648
f 1603 1648 1604
f 1604 1648 1649
f 1604 1649 1605
f 1605 1649 1650
f 1605 1650 1651
f 1605 1651 1606
f 1606 1651 1652
f 1606 1652 1607
f 1607 1653 1654
f 1607 1654 1608
f 1607 1652 1653
f 1608 1654 1609
f 1609 1654 1655
f 1609 1655 1656
f 1609 1656 1657
f 1609 1657 1610
f 1610 1657 1658
f 1610 1658 1611
f 1611 1658 1659
f 1611 1659 1612
f 1612 1659 1660
f 1612 1660 1613
f 1614 1615 1661
f 1614 1661 1623
f 1615 1618 1661
f 1616 1662 1617
f 1616 1622 1663
f 1616 1663 1662
f 1617 1662 1618
f 1618 1662 1664
f 1618 1664 1665
f 1618 1665 1661
f 1621 1666 1622
f 1622 1666 1667
f 1622 1667 1663
f 1623 1661 1668
f 1623 1668 1624
f 1624 1668 1669
f 1624 1669 1670
f 1624 1670 1671
f 1624 1671 1672
f 1624 1672 1627
f 1626 1627 1673
f 1626 1673 1674
f 1626 1674 1628
f 1627 1672 1673
f 1628 1675 1629
f 1628 1674 1675
f 1629 1675 1676
f 1629 1676 1632
f 1629 1632 1677
f 1629 1677 1630
f 1630 1677 1632
f 1630 1632 1631
f 1632 1676 1678
f 1632 1678 1679
f 1632 1679 1680
f 1632 1680 1634
f 1634 1680 1635
f 1635 1680 1636
f 1636 1680 1681
f 1636 1681 1682
f 1636 1682 1637
f 1637 1683 1638
f 1637 1682 1684
f 1637 1684 1683
f 1638 1683 1639
f 1639 1683 1685
f 1639 1685 1686
f 1639 1686 1687
f 1639 1687 1688
f 1639 1688 1640
f 1640 1688 1689
f 1640 1689 1690
f 1640 1690 1641
f 1641 1690 1642
f 1642 1690 1643
f 1643 1691 1692
f 1643 1692 1644
f 1643 1690 1689
f 1643 1689 1691
f 1644 1692 1645
f 1645 1692 1646
f 1646 1692 1693
f 1646 1693 1694
f 1646 1694 1647
f 1647 1694 1648
f 1648 1694 1695
f 1648 1695 1649
f 1649 1695 1650
f 1650 1695 1696
f 1650 1696 1697
f 1650 1697 1651
f 1651 1697 1652
f 1652 1697 1653
f 1653 1697 1698
f 1653 1698 1699
f 1653 1699 1700
f 1653 1700 1655
f 1653 1655 1654
f 1655 1700 1701
f 1655 1701 1656
f 1656 1701 1657
f 1657 1702 1658
f 1657 1701 1703
f 1657 1703 1704
f 1657 1704 1705
f 1657 1705 1706
f 1657 1706 1702
f 1658 1702 1707
f 1658 1707 1659
f 1659 1707 1660
f 1660 1707 1708
f 1660 1708 1709
f 1661 1665 1669
f 1661 1669 1668
f 1662 1663 1710
f 1662 1710 1664
f 1663 1667 1710
f 1664 1711 1665
f 1664 1710 1712
f 1664 1712 1711
f 1665 1711 1669
f 1666 1713 1667
f 1667 1714 1710
f 1667 1713 1715
f 1667 1715 1716
f 1667 1716 1714
f 1669 1717 1670
f 1669 1711 1718
f 1669 1718 1719
f 1669 1719 1717
f 1670 1717 1671
f 1671 1720 1672
f 1671 1717 1721
f 1671 1721 1720
f 1672 1720 1722
f 1672 1722 1674
f 1672 1674 1673
f 1674 1723 1675
f 1674 1722 1724
f 1674 1724 1725
f 1674 1725 1723
f 1675 1723 1676
f 1676 1723 1678
f 1678 1723 1726
f 1678 1726 1679
f 1679 1726 1727
f 1679 1727 1680
f 1680 1727 1681
f 1681 1727 1728
f 1681 1728 1729
f 1681 1729 1682
f 1682 1729 1684
f 1683 1684 1730
f 1683 1730 1731
f 1683 1731 1732
f 1683 1732 1686
f 1683 1686 1685
f 1684 1729 1733
f 1684 1733 1734
f 1684 1734 1735
f 1684 1735 1730
f 1686 1732 1687
f 1687 1736 1737
f 1687 1737 1738
f 1687 1738 1689
f 1687 1689 1688
f 1687 1732 1739
f 1687 1739 1736
f 1689 1738 1691
f 1691 1738 1740
f 1691 1740 1741
f 1691 1741 1692
f 1692 1741 1742
f 1692 1742 1743
f 1692 1743 1744
f 1692 1744 1745
f 1692 1745 1746
f 1692 1746 1747
f 1692 1747 1748
f 1692 1748 1749
f 1692 1749 1750
f 1692 1750 1693
f 1693 1750 1694
f 1694 1750 1751
f 1694 1751 1696
f 1694 1696 1695
f 1696 1751 1752
f 1696 1752 1753
f 1696 1753 1754
f 1696 1754 1698
f 1696 1698 1697
f 1698 1755 1699
f 1698 1754 1755
f 1699 1756 1700
f 1699 1755 1756
f 1700 1756 1701
f 1701 1756 1703
f 1702 1706 1707
f 1703 1757 1758
f 1703 1758 1704
f 1703 1756 1757
f 1704 1758 1759
f 1704 1759 1760
f 1704 1760 1705
f 1705 1761 1762
f 1705 1762 1763
f 1705 1763 1706
f 1705 1760 1761
f 1706 1763 1764
f 1706 1764 1708
f 1706 1708 1707
f 1708 1764 1765
f 1708 1765 1709
f 1710 1714 1712
f 1711 1712 1718
f 1712 1714 1766
f 1712 1766 1767
f 1712 1767 1718
f 1713 1768 1715
f 1714 1716 1769
f 1714 1769 1766
f 1715 1768 1770
f 1715 1770 1771
f 1715 1771 1716
f 1716 1771 1772
f 1716 1772 1769
f 1717 1719 1773
f 1717 1773 1721
f 1718 1774 1719
f 1718 1767 1775
f 1718 1775 1774
f 1719 1774 1773
f 1720 1721 1776
f 1720 1776 1777
f 1720 1777 1778
f 1720 1778 1725
f 1720 1725 1724
f 1720 1724 1722
f 1721 1773 1779
f 1721 1779 1776
f 1723 1725 1726
f 1725 1778 1726
f 1726 1778 1780
f 1726 1780 1781
f 1726 1781 1782
f 1726 1782 1728
f 1726 1728 1727
f 1728 1782 1783
f 1728 1783 1784
f 1728 1784 1729
f 1729 1784 1785
f 1729 1785 1786
f 1729 1786 1733
f 1730 1735 1731
f 1731 1787 1788
f 1731 1788 1732
f 1731 1735 1787
f 1732 1788 1789
f 1732 1789 1739
f 1733 1786 1734
f 1734 1786 1790
f 1734 1790 1791
f 1734 1791 1792
f 1734 1792 1735
f 1735 1792 1793
f 1735 1793 1787
f 1736 1794 1737
f 1736 1739 1789
f 1736 1789 1794
f 1737 1794 1795
f 1737 1795 1740
f 1737 1740 1738
f 1740 1795 1796
f 1740 1796 1741
f 1741 1796 1797
f 1741 1797 1798
f 1741 1798 1742
f 1742 1798 1743
f 1743 1798 1799
f 1743 1799 1744
f 1744 1799 1800
f 1744 1800 1801
f 1744 1801 1802
f 1744 1802 1745
f 1745 1803 1804
f 1745 1804 1805
f 1745 1805 1746
f 1745 1802 1806
f 1745 1806 1807
f 1745 1807 1803
f 1746 1805 1747
f 1747 1808 1748
f 1747 1805 1804
f 1747 1804 1808
f 1748 1808 1749
f 1749 1808 1750
f 1750 1808 1752
f 1750 1752 1751
f 1752 1808 1753
f 1753 1808 1809
f 1753 1809 1810
f 1753 1810 1811
f 1753 1811 1812
f 1753 1812 1755
f 1753 1755 1754
f 1755 1812 1756
f 1756 1812 1757
f 1757 1813 1814
f 1757 1814 1815
f 1757 1815 1758
f 1757 1812 1813
f 1758 1815 1816
f 1758 1816 1817
f 1758 1817 1759
f 1759 1817 1818
f 1759 1818 1760
f 1760 1818 1761
f 1761 1818 1819
f 1761 1819 1762
f 1762 1819 1763
f 1763 1819 1820
f 1763 1820 1764
f 1764 1820 1821
f 1764 1821 1765
f 1765 1821 1822
f 1766 1769 1823
f 1766 1823 1767
f 1767 1823 1824
f 1767 1824 1825
f 1767 1825 1775
f 1769 1772 1826
f 1769 1826 1823
f 1770 1827 1828
f 1770 1828 1771
f 1771 1828 1829
f 1771 1829 1830
f 1771 1830 1772
f 1772 1830 1826
f 1773 1774 1831
f 1773 1831 1779
f 1774 1775 1832
f 1774 1832 1831
f 1775 1825 1832
f 1776 1779 1777
f 1777 1781 1778
f 1777 1779 1781
f 1778 1781 1780
f 1779 1833 1781
f 1779 1831 1834
f 1779 1834 1833
f 1781 1833 1835
f 1781 1835 1836
f 1781 1836 1837
f 1781 1837 1783
f 1781 1783 1782
f 1783 1837 1838
f 1783 1838 1784
f 1784 1838 1785
f 1785 1838 1839
f 1785 1839 1840
f 1785 1840 1790
f 1785 1790 1786
f 1787 1841 1842
f 1787 1842 1788
f 1787 1793 1843
f 1787 1843 1844
f 1787 1844 1845
f 1787 1845 1841
f 1788 1846 1789
f 1788 1842 1846
f 1789 1846 1847
f 1789 1847 1794
f 1790 1840 1791
f 1791 1840 1848
f 1791 1848 1849
f 1791 1849 1850
f 1791 1850 1844
f 1791 1844 1851
f 1791 1851 1793
f 1791 1793 1792
f 1793 1851 1843
f 1794 1847 1796
f 1794 1796 1795
f 1796 1847 1852
f 1796 1852 1797
f 1797 1852 1853
f 1797 1853 1854
f 1797 1854 1855
f 1797 1855 1856
f 1797 1856 1798
f 1798 1856 1857
f 1798 1857 1858
f 1798 1858 1799
f 1799 1858 1800
f 1800 1806 1801
f 1800 1858 1857
f 1800 1857 1859
f 1800 1859 1860
f 1800 1860 1806
f 1801 1806 1802
f 1803 1807 1861
f 1803 1861 1862
f 1803 1862 1804
f 1804 1862 1863
f 1804 1863 1810
f 1804 1810 1809
f 1804 1809 1808
f 1806 1860 1864
f 1806 1864 1861
f 1806 1861 1807
f 1810 1812 1811
f 1810 1863 1865
f 1810 1865 1866
f 1810 1866 1813
f 1810 1813 1812
f 1813 1866 1814
f 1814 1866 1867
f 1814 1867 1816
f 1814 1816 1815
f 1816 1867 1868
f 1816 1868 1817
f 1817 1869 1870
f 1817 1870 1818
f 1817 1868 1869
f 1818 1870 1871
f 1818 1871 1819
f 1819 1871 1872
f 1819 1872 1873
f 1819 1873 1874
f 1819 1874 1820
f 1820 1874 1875
f 1820 1875 1821
f 1821 1875 1822
f 1822 1875 1876
f 1823 1826 1877
f 1823 1877 1824
f 1824 1877 1878
f 1824 1878 1825
f 1825 1879 1832
f 1825 1878 1880
f 1825 1880 1879
f 1826 1830 1877
f 1827 1881 1828
f 1828 1881 1882
f 1828 1882 1883
f 1828 1883 1829
f 1829 1883 1884
f 1829 1884 1830
f 1830 1884 1885
f 1830 1885 1886
f 1830 1886 1878
f 1830 1878 1877
f 1831 1832 1887
f 1831 1887 1834
f 1832 1879 1887
f 1833 1834 1888
f 1833 1888 1835
f 1834 1887 1888
f 1835 1888 1836
f 1836 1888 1889
f 1836 1889 1890
f 1836 1890 1891
f 1836 1891 1838
f 1836 1838 1837
f 1838 1891 1892
f 1838 1892 1839
f 1839 1892 1840
f 1840 1892 1893
f 1840 1893 1894
f 1840 1894 1895
f 1840 1895 1848
f 1841 1896 1842
f 1841 1845 1897
f 1841 1897 1896
f 1842 1898 1846
f 1842 1896 1899
f 1842 1899 1900
f 1842 1900 1901
f 1842 1901 1898
f 1843 1851 1844
f 1844 1850 1849
f 1844 1849 1902
f 1844 1902 1903
f 1844 1903 1904
f 1844 1904 1845
f 1845 1904 1897
f 1846 1905 1906
f 1846 1906 1847
f 1846 1898 1905
f 1847 1906 1907
f 1847 1907 1852
f 1848 1895 1849
f 1849 1895 1894
f 1849 1894 1908
f 1849 1908 1909
f 1849 1909 1902
f 1852 1907 1910
f 1852 1910 1853
f 1853 1910 1911
f 1853 1911 1855
f 1853 1855 1854
f 1855 1912 1913
f 1855 1913 1914
f 1855 1914 1856
f 1855 1911 1912
f 1856 1915 1857
f 1856 1914 1915
f 1857 1915 1859
f 1859 1916 1917
f 1859 1917 1918
f 1859 1918 1919
f 1859 1919 1920
f 1859 1920 1860
f 1859 1915 1916
f 1860 1920 1919
f 1860 1919 1864
f 1861 1864 1921
f 1861 1921 1922
f 1861 1922 1923
f 1861 1923 1862
f 1862 1923 1865
f 1862 1865 1863
f 1864 1919 1924
f 1864 1924 1921
f 1865 1923 1925
f 1865 1925 1926
f 1865 1926 1867
f 1865 1867 1866
f 1867 1926 1868
f 1868 1926 1927
f 1868 1927 1869
f 1869 1927 1928
f 1869 1928 1929
f 1869 1929 1870
f 1870 1930 1871
f 1870 1929 1930
f 1871 1931 1872
f 1871 1930 1931
f 1872 1932 1933
f 1872 1933 1873
f 1872 1931 1932
f 1873 1933 1934
f 1873 1934 1874
f 1874 1934 1935
f 1874 1935 1875
f 1875 1935 1936
f 1875 1936 1937
f 1875 1937 1938
f 1875 1938 1876
f 1878 1886 1939
f 1878 1939 1880
f 1879 1940 1887
f 1879 1880 1941
f 1879 1941 1940
f 1880 1939 1942
f 1880 1942 1941
f 1881 1943 1882
f 1882 1943 1944
f 1882 1944 1945
f 1882 1945 1883
f 1883 1945 1884
f 1884 1945 1946
f 1884 1946 1947
f 1884 1947 1885
f 1885 1948 1939
f 1885 1939 1886
f 1885 1947 1949
f 1885 1949 1948
f 1887 1950 1951
f 1887 1951 1888
f 1887 1940 1950
f 1888 1951 1889
f 1889 1951 1950
f 1889 1950 1890
f 1890 1892 1891
f 1890 1950 1952
f 1890 1952 1892
f 1892 1894 1893
f 1892 1952 1953
f 1892 1953 1954
f 1892 1954 1894
f 1894 1954 1955
f 1894 1955 1956
f 1894 1956 1908
f 1896 1897 1899
f 1897 1904 1903
f 1897 1903 1957
f 1897 1957 1958
f 1897 1958 1901
f 1897 1901 1899
f 1898 1959 1960
f 1898 1960 1961
f 1898 1961 1905
f 1898 1901 1959
f 1899 1901 1900
f 1901 1958 1957
f 1901 1957 1962
f 1901 1962 1963
f 1901 1963 1964
f 1901 1964 1965
f 1901 1965 1966
f 1901 1966 1959
f 1902 1909 1967
f 1902 1967 1903
f 1903 1967 1968
f 1903 1968 1957
f 1905 1969 1906
f 1905 1961 1969
f 1906 1970 1907
f 1906 1969 1970
f 1907 1970 1971
f 1907 1971 1972
f 1907 1972 1910
f 1908 1956 1909
f 1909 1956 1973
f 1909 1973 1974
f 1909 1974 1967
f 1910 1972 1975
f 1910 1975 1976
f 1910 1976 1911
f 1911 1976 1977
f 1911 1977 1912
f 1912 1977 1978
f 1912 1978 1979
f 1912 1979 1980
f 1912 1980 1981
f 1912 1981 1913
f 1913 1981 1982
f 1913 1982 1915
f 1913 1915 1914
f 1915 1982 1983
f 1915 1983 1984
f 1915 1984 1917
f 1915 1917 1916
f 1917 1985 1986
f 1917 1986 1987
f 1917 1987 1919
f 1917 1919 1918
f 1917 1984 1985
f 1919 1921 1924
f 1919 1987 1988
f 1919 1988 1989
f 1919 1989 1921
f 1921 1989 1990
f 1921 1990 1991
f 1921 1991 1925
f 1921 1925 1922
f 1922 1925 1923
f 1925 1991 1992
f 1925 1992 1927
f 1925 1927 1926
f 1927 1992 1928
f 1928 1992 1993
f 1928 1993 1994
f 1928 1994 1929
f 1929 1994 1931
f 1929 1931 1930
f 1931 1994 1932
f 1932 1994 1995
f 1932 1995 1934
f 1932 1934 1933
f 1934 1995 1996
f 1934 1996 1997
f 1934 1997 1935
f 1935 1997 1998
f 1935 1998 1936
f 1936 1998 1999
f 1936 1999 2000
f 1936 2000 2001
f 1936 2001 1937
f 1939 1948 2002
f 1939 2002 1942
f 1940 1941 2003
f 1940 2003 1950
f 1941 1942 2004
f 1941 2004 2003
f 1942 2002 2005
f 1942 2005 2004
f 1944 2006 1945
f 1945 2006 2007
f 1945 2007 2008
f 1945 2008 2009
f 1945 2009 1946
f 1946 2009 2010
f 1946 2010 1947
f 1947 2010 1949
f 1948 1949 2011
f 1948 2011 2002
f 1949 2010 2012
f 1949 2012 2011
f 1950 1953 1952
f 1950 2003 2013
f 1950 2013 1953
f 1953 2013 2014
f 1953 2014 2015
f 1953 2015 2016
f 1953 2016 2017
f 1953 2017 1954
f 1954 2017 2016
f 1954 2016 1955
f 1955 2016 1956
f 1956 2016 2018
f 1956 2018 2019
f 1956 2019 1973
f 1957 1968 1962
f 1959 1966 1960
f 1960 1966 2020
f 1960 2020 2021
f 1960 2021 1961
f 1961 2021 1969
f 1962 1968 2022
f 1962 2022 1963
f 1963 2022 2023
f 1963 2023 2024
f 1963 2024 2025
f 1963 2025 2026
f 1963 2026 2027
f 1963 2027 1964
f 1964 2028 2029
f 1964 2029 1965
f 1964 2027 2030
f 1964 2030 2031
f 1964 2031 2028
f 1965 2029 2032
f 1965 2032 2033
f 1965 2033 1966
f 1966 2034 2020
f 1966 2033 2035
f 1966 2035 2034
f 1967 1974 2036
f 1967 2036 1968
f 1968 2036 2022
f 1969 2037 1970
f 1969 2021 2038
f 1969 2038 2037
f 1970 2039 2040
f 1970 2040 1971
f 1970 2037 2039
f 1971 2040 1972
f 1972 2041 1975
f 1972 2040 2041
f 1973 2019 2042
f 1973 2042 1974
f 1974 2042 2036
f 1975 2043 2044
f 1975 2044 1976
f 1975 2041 2043
f 1976 2044 1977
f 1977 2044 1978
f 1978 2044 2045
f 1978 2045 1979
f 1979 2045 2046
f 1979 2046 2047
f 1979 2047 1980
f 1980 2047 2048
f 1980 2048 1981
f 1981 2049 1983
f 1981 1983 1982
f 1981 2048 2047
f 1981 2047 2050
f 1981 2050 2049
f 1983 2049 1984
f 1984 2049 1985
f 1985 2051 2052
f 1985 2052 2053
f 1985 2053 1986
f 1985 2049 2051
f 1986 2053 2054
f 1986 2054 1987
f 1987 2054 2055
f 1987 2055 1988
f 1988 2055 2056
f 1988 2056 1989
f 1989 2056 1990
f 1990 2056 2057
f 1990 2057 2058
f 1990 2058 1991
f 1991 2058 1992
f 1992 2058 1993
f 1993 2058 2057
f 1993 2057 2059
f 1993 2059 2060
f 1993 2060 1994
f 1994 2060 1995
f 1995 2061 2062
f 1995 2062 2063
f 1995 2063 1996
f 1995 2060 2061
f 1996 2063 2064
f 1996 2064 1997
f 1997 2064 2065
f 1997 2065 1998
f 1998 2065 1999
f 1999 2065 2066
f 1999 2066 2000
f 2000 2066 2067
f 2000 2067 2068
f 2000 2068 2001
f 2002 2069 2005
f 2002 2011 2070
f 2002 2070 2069
f 2003 2004 2071
f 2003 2071 2013
f 2004 2005 2072
f 2004 2072 2071
f 2005 2069 2072
f 2007 2073 2008
f 2008 2073 2074
f 2008 2074 2075
f 2008 2075 2076
f 2008 2076 2077
f 2008 2077 2009
f 2009 2077 2078
f 2009 2078 2010
f 2010 2078 2079
f 2010 2079 2012
f 2011 2012 2080
f 2011 2080 2070
f 2012 2079 2080
f 2013 2071 2014
f 2014 2071 2081
f 2014 2081 2082
f 2014 2082 2015
f 2015 2082 2083
f 2015 2083 2016
f 2016 2083 2084
f 2016 2084 2018
f 2018 2084 2085
f 2018 2085 2019
f 2019 2085 2086
f 2019 2086 2042
f 2020 2034 2087
f 2020 2087 2038
f 2020 2038 2021
f 2022 2036 2023
f 2023 2036 2088
f 2023 2088 2089
f 2023 2089 2090
f 2023 2090 2024
f 2024 2090 2091
f 2024 2091 2092
f 2024 2092 2025
f 2025 2092 2093
f 2025 2093 2026
f 2026 2093 2094
f 2026 2094 2095
f 2026 2095 2030
f 2026 2030 2027
f 2028 2096 2029
f 2028 2031 2030
f 2028 2030 2099
f 2028 2099 2160
f 2028 2160 2214
f 2028 2214 2256
f 2028 2256 2297
f 2028 2297 2329
f 2028 2329 2356
f 2028 2356 2355
f 2028 2355 2367
f 2028 2367 2368
f 2028 2368 2366
f 2028 2366 2348
f 2028 2348 2347
f 2028 2347 2350
f 2028 2350 2351
f 2028 2351 2352
f 2028 2352 2353
f 2028 2353 2362
f 2028 2362 2361
f 2028 2361 2360
f 2028 2360 2365
f 2028 2365 2358
f 2028 2358 2339
f 2028 2339 2311
f 2028 2311 2310
f 2028 2310 2338
f 2028 2338 2337
f 2028 2337 2335
f 2028 2335 2334
f 2028 2334 2304
f 2028 2304 2267
f 2028 2267 2264
f 2028 2264 2303
f 2028 2303 2298
f 2028 2298 2257
f 2028 2257 2215
f 2028 2215 2166
f 2028 2166 2165
f 2028 2165 2107
f 2028 2107 2106
f 2028 2106 2105
f 2028 2105 2104
f 2028 2104 2164
f 2028 2164 2163
f 2028 2163 2162
f 2028 2162 2161
f 2028 2161 2157
f 2028 2157 2096
f 2029 2096 2032
f 2030 2095 2097
f 2030 2097 2098
f 2030 2098 2099
f 2032 2035 2033
f 2032 2096 2035
f 2034 2100 2087
f 2034 2035 2096
f 2034 2096 2100
f 2036 2042 2088
f 2037 2101 2102
f 2037 2102 2039
f 2037 2038 2087
f 2037 2087 2100
f 2037 2100 2101
f 2039 2102 2103
f 2039 2103 2040
f 2040 2103 2041
f 2041 2104 2105
f 2041 2105 2106
f 2041 2106 2107
f 2041 2107 2108
f 2041 2108 2043
f 2041 2103 2104
f 2042 2089 2088
f 2042 2086 2089
f 2043 2108 2109
f 2043 2109 2044
f 2044 2109 2110
f 2044 2110 2045
f 2045 2111 2046
f 2045 2110 2111
f 2046 2111 2112
f 2046 2112 2113
f 2046 2113 2047
f 2047 2113 2114
f 2047 2114 2050
f 2049 2050 2051
f 2050 2114 2115
f 2050 2115 2051
f 2051 2115 2116
f 2051 2116 2052
f 2052 2116 2117
f 2052 2117 2053
f 2053 2117 2118
f 2053 2118 2119
f 2053 2119 2055
f 2053 2055 2054
f 2055 2057 2056
f 2055 2119 2120
f 2055 2120 2121
f 2055 2121 2122
f 2055 2122 2057
f 2057 2122 2123
f 2057 2123 2059
f 2059 2123 2061
f 2059 2061 2060
f 2061 2121 2124
f 2061 2124 2125
f 2061 2125 2062
f 2061 2123 2121
f 2062 2125 2126
f 2062 2126 2063
f 2063 2126 2127
f 2063 2127 2064
f 2064 2127 2128
f 2064 2128 2065
f 2065 2128 2066
f 2066 2128 2129
f 2066 2129 2067
f 2067 2130 2131
f 2067 2131 2132
f 2067 2132 2068
f 2067 2129 2133
f 2067 2133 2130
f 2069 2134 2135
f 2069 2135 2072
f 2069 2070 2136
f 2069 2136 2137
f 2069 2137 2134
f 2070 2080 2136
f 2071 2072 2081
f 2072 2135 2081
f 2075 2138 2076
f 2076 2138 2139
f 2076 2139 2140
f 2076 2140 2077
f 2077 2140 2078
f 2078 2141 2079
f 2078 2140 2142
f 2078 2142 2141
f 2079 2141 2143
f 2079 2143 2144
f 2079 2144 2080
f 2080 2144 2136
f 2081 2135 2145
f 2081 2145 2082
f 2082 2145 2146
f 2082 2146 2083
f 2083 2146 2147
f 2083 2147 2084
f 2084 2147 2148
f 2084 2148 2085
f 2085 2149 2086
f 2085 2148 2149
f 2086 2149 2089
f 2089 2150 2090
f 2089 2149 2151
f 2089 2151 2152
f 2089 2152 2153
f 2089 2153 2154
f 2089 2154 2150
f 2090 2150 2091
f 2091 2150 2155
f 2091 2155 2211
f 2091 2211 2156
f 2091 2156 2094
f 2091 2094 2092
f 2092 2094 2093
f 2094 2156 2098
f 2094 2098 2097
f 2094 2097 2095
f 2096 2157 2100
f 2098 2156 2158
f 2098 2158 2099
f 2099 2158 2159
f 2099 2159 2160
f 2100 2157 2161
f 2100 2161 2101
f 2101 2161 2102
f 2102 2162 2163
f 2102 2163 2103
f 2102 2161 2162
f 2103 2163 2164
f 2103 2164 2104
f 2107 2165 2109
f 2107 2109 2108
f 2109 2165 2166
f 2109 2166 2110
f 2110 2166 2167
f 2110 2167 2168
f 2110 2168 2111
f 2111 2168 2169
f 2111 2169 2112
f 2112 2169 2170
f 2112 2170 2113
f 2113 2170 2171
f 2113 2171 2114
f 2114 2171 2172
f 2114 2172 2115
f 2115 2172 2173
f 2115 2173 2116
f 2116 2173 2174
f 2116 2174 2175
f 2116 2175 2117
f 2117 2175 2176
f 2117 2176 2118
f 2118 2176 2177
f 2118 2177 2178
f 2118 2178 2119
f 2119 2178 2120
f 2120 2178 2179
f 2120 2179 2121
f 2121 2179 2124
f 2121 2123 2122
f 2124 2179 2180
f 2124 2180 2125
f 2125 2180 2181
f 2125 2181 2126
f 2126 2181 2182
f 2126 2182 2127
f 2127 2182 2128
f 2128 2182 2183
f 2128 2183 2129
f 2129 2183 2184
f 2129 2184 2133
f 2130 2133 2185
f 2133 2184 2186
f 2133 2186 2187
f 2133 2187 2185
f 2134 2188 2189
f 2134 2189 2145
f 2134 2145 2135
f 2134 2137 2190
f 2134 2190 2191
f 2134 2191 2188
f 2136 2144 2192
f 2136 2192 2137
f 2137 2192 2190
f 2138 2193 2139
f 2139 2193 2194
f 2139 2194 2195
f 2139 2195 2140
f 2140 2196 2142
f 2140 2195 2197
f 2140 2197 2196
f 2141 2198 2143
f 2141 2142 2199
f 2141 2199 2200
f 2141 2200 2198
f 2142 2196 2197
f 2142 2197 2201
f 2142 2201 2199
f 2143 2202 2203
f 2143 2203 2192
f 2143 2192 2144
f 2143 2198 2202
f 2145 2189 2146
f 2146 2189 2204
f 2146 2204 2147
f 2147 2205 2148
f 2147 2204 2205
f 2148 2205 2206
f 2148 2206 2149
f 2149 2206 2151
f 2150 2154 2155
f 2151 2206 2207
f 2151 2207 2153
f 2151 2153 2152
f 2153 2207 2208
f 2153 2208 2209
f 2153 2209 2154
f 2154 2209 2210
f 2154 2210 2155
f 2155 2210 2211
f 2156 2211 2158
f 2158 2211 2212
f 2158 2212 2159
f 2159 2212 2213
f 2159 2213 2160
f 2160 2213 2214
f 2166 2215 2216
f 2166 2216 2167
f 2167 2216 2168
f 2168 2216 2215
f 2168 2215 2217
f 2168 2217 2169
f 2169 2217 2218
f 2169 2218 2170
f 2170 2218 2219
f 2170 2219 2171
f 2171 2219 2172
f 2172 2219 2220
f 2172 2220 2221
f 2172 2221 2173
f 2173 2221 2222
f 2173 2222 2174
f 2174 2222 2223
f 2174 2223 2224
f 2174 2224 2175
f 2175 2224 2176
f 2176 2224 2225
f 2176 2225 2177
f 2177 2225 2226
f 2177 2226 2227
f 2177 2227 2178
f 2178 2227 2228
f 2178 2228 2179
f 2179 2228 2229
f 2179 2229 2230
f 2179 2230 2180
f 2180 2230 2231
f 2180 2231 2181
f 2181 2231 2182
f 2182 2231 2232
f 2182 2232 2183
f 2183 2232 2233
f 2183 2233 2234
f 2183 2234 2184
f 2184 2234 2186
f 2186 2234 2235
f 2186 2235 2236
f 2186 2236 2187
f 2188 2237 2204
f 2188 2204 2189
f 2188 2191 2238
f 2188 2238 2239
f 2188 2239 2237
f 2190 2192 2203
f 2190 2203 2240
f 2190 2240 2191
f 2191 2240 2238
f 2194 2241 2195
f 2195 2241 2242
f 2195 2242 2197
f 2197 2242 2243
f 2197 2243 2201
f 2198 2200 2244
f 2198 2244 2245
f 2198 2245 2246
f 2198 2246 2202
f 2199 2201 2243
f 2199 2243 2247
f 2199 2247 2248
f 2199 2248 2200
f 2200 2248 2244
f 2202 2246 2249
f 2202 2249 2240
f 2202 2240 2203
f 2204 2237 2205
f 2205 2237 2250
f 2205 2250 2206
f 2206 2250 2207
f 2207 2250 2251
f 2207 2251 2208
f 2208 2252 2209
f 2208 2251 2253
f 2208 2253 2252
f 2209 2252 2254
f 2209 2254 2210
f 2210 2212 2211
f 2210 2254 2212
f 2212 2254 2213
f 2213 2254 2255
f 2213 2255 2214
f 2214 2255 2256
f 2215 2257 2258
f 2215 2258 2217
f 2217 2258 2259
f 2217 2259 2218
f 2218 2259 2260
f 2218 2260 2219
f 2219 2260 2261
f 2219 2261 2220
f 2220 2261 2262
f 2220 2262 2221
f 2221 2262 2222
f 2222 2262 2263
f 2222 2263 2223
f 2223 2263 2264
f 2223 2264 2265
f 2223 2265 2266
f 2223 2266 2224
f 2224 2266 2225
f 2225 2266 2267
f 2225 2267 2268
f 2225 2268 2269
f 2225 2269 2226
f 2226 2269 2270
f 2226 2270 2227
f 2227 2270 2229
f 2227 2229 2228
f 2229 2270 2271
f 2229 2271 2230
f 2230 2271 2231
f 2231 2271 2272
f 2231 2272 2273
f 2231 2273 2232
f 2232 2273 2274
f 2232 2274 2233
f 2233 2274 2275
f 2233 2275 2234
f 2234 2275 2276
f 2234 2276 2277
f 2234 2277 2235
f 2235 2278 2236
f 2235 2277 2279
f 2235 2279 2278
f 2237 2239 2280
f 2237 2280 2250
f 2238 2281 2239
f 2238 2240 2249
f 2238 2249 2281
f 2239 2281 2282
f 2239 2282 2280
f 2241 2283 2242
f 2242 2284 2243
f 2242 2283 2285
f 2242 2285 2284
f 2243 2284 2248
f 2243 2248 2247
f 2244 2248 2286
f 2244 2286 2245
f 2245 2287 2246
f 2245 2286 2288
f 2245 2288 2289
f 2245 2289 2287
f 2246 2287 2290
f 2246 2290 2291
f 2246 2291 2249
f 2248 2284 2292
f 2248 2292 2286
f 2249 2291 2281
f 2250 2280 2251
f 2251 2280 2293
f 2251 2293 2253
f 2252 2253 2294
f 2252 2294 2295
f 2252 2295 2255
f 2252 2255 2254
f 2253 2293 2296
f 2253 2296 2294
f 2255 2295 2256
f 2256 2295 2297
f 2257 2298 2299
f 2257 2299 2258
f 2258 2299 2259
f 2259 2299 2300
f 2259 2300 2261
f 2259 2261 2260
f 2261 2300 2301
f 2261 2301 2262
f 2262 2301 2302
f 2262 2302 2263
f 2263 2302 2303
f 2263 2303 2264
f 2264 2267 2265
f 2265 2267 2266
f 2267 2304 2305
f 2267 2305 2306
f 2267 2306 2269
f 2267 2269 2268
f 2269 2307 2271
f 2269 2271 2270
f 2269 2306 2308
f 2269 2308 2307
f 2271 2307 2308
f 2271 2308 2272
f 2272 2308 2273
f 2273 2308 2309
f 2273 2309 2274
f 2274 2309 2275
f 2275 2309 2276
f 2276 2309 2310
f 2276 2310 2311
f 2276 2311 2312
f 2276 2312 2279
f 2276 2279 2277
f 2279 2312 2313
f 2280 2282 2293
f 2281 2291 2290
f 2281 2290 2282
f 2282 2314 2296
f 2282 2296 2293
f 2282 2290 2314
f 2283 2315 2285
f 2284 2285 2316
f 2284 2316 2286
f 2284 2286 2292
f 2285 2315 2317
f 2285 2317 2318
f 2285 2318 2316
f 2286 2316 2319
f 2286 2319 2320
f 2286 2320 2288
f 2287 2289 2325
f 2287 2325 2321
f 2287 2321 2322
f 2287 2322 2290
f 2288 2323 2289
f 2288 2320 2324
f 2288 2324 2323
f 2289 2323 2325
f 2290 2322 2326
f 2290 2326 2314
f 2294 2296 2327
f 2294 2327 2295
f 2295 2327 2328
f 2295 2328 2329
f 2295 2329 2297
f 2296 2314 2330
f 2296 2330 2327
f 2298 2303 2331
f 2298 2331 2299
f 2299 2331 2332
f 2299 2332 2300
f 2300 2332 2333
f 2300 2333 2301
f 2301 2333 2303
f 2301 2303 2302
f 2303 2333 2332
f 2303 2332 2331
f 2304 2334 2305
f 2305 2308 2306
f 2305 2334 2335
f 2305 2335 2336
f 2305 2336 2308
f 2308 2336 2309
f 2309 2336 2335
f 2309 2335 2337
f 2309 2337 2338
f 2309 2338 2310
f 2311 2339 2312
f 2312 2339 2340
f 2312 2340 2313
f 2314 2326 2341
f 2314 2341 2330
f 2316 2318 2342
f 2316 2342 2346
f 2316 2346 2319
f 2317 2343 2318
f 2318 2343 2344
f 2318 2344 2345
f 2318 2345 2342
f 2319 2346 2320
f 2320 2346 2324
f 2321 2347 2348
f 2321 2348 2349
f 2321 2349 2322
f 2321 2325 2350
f 2321 2350 2347
f 2322 2349 2326
f 2323 2351 2350
f 2323 2350 2325
f 2323 2324 2352
f 2323 2352 2351
f 2324 2353 2352
f 2324 2346 2353
f 2326 2349 2341
f 2327 2330 2354
f 2327 2354 2355
f 2327 2355 2356
f 2327 2356 2328
f 2328 2356 2329
f 2330 2341 2357
f 2330 2357 2354
f 2341 2349 2359
f 2341 2359 2357
f 2342 2345 2360
f 2342 2360 2361
f 2342 2361 2362
f 2342 2362 2346
f 2344 2363 2345
f 2345 2363 2364
f 2345 2364 2365
f 2345 2365 2360
f 2346 2362 2353
f 2348 2366 2359
f 2348 2359 2349
f 2354 2357 2367
f 2354 2367 2355
f 2357 2359 2366
f 2357 2366 2368
f 2357 2368 2367
f 2358 2365 2364

o geometry_3
v -0.22160521 -0.05764915 0.07770520
v -0.22156163 -0.07414895 0.07770520
v -0.22012333 -0.07414895 0.08888019
v -0.22003615 -0.05764915 0.08888019
v -0.22147447 -0.04120088 0.07770520
v -0.22125654 -0.09059720 0.07770520
v -0.21994899 -0.09059720 0.08888019
v -0.21763898 -0.07414895 0.10533756
v -0.21763898 -0.09059720 0.10533756
v -0.21986181 -0.04120088 0.08888019
v -0.22125654 -0.02475263 0.07770520
v -0.22068994 -0.10704546 0.07770520
v -0.21951313 -0.10704546 0.08888019
v -0.21733388 -0.10704546 0.10533756
v -0.21489311 -0.07414895 0.12179493
v -0.21737746 -0.05764915 0.10533756
v -0.21506745 -0.09059720 0.12179493
v -0.21493669 -0.10704546 0.12179493
v -0.21951313 -0.02475263 0.08888019
v -0.22086428 -0.00825283 0.07770520
v -0.21986181 -0.12354528 0.07770520
v -0.21877219 -0.12354528 0.08888019
v -0.21685444 -0.12354528 0.10533756
v -0.21458803 -0.12354528 0.12179493
v -0.21162423 -0.07358177 0.13975882
v -0.21454443 -0.05764915 0.12179493
v -0.21214726 -0.09059720 0.13825229
v -0.21049102 -0.09059720 0.14740587
v -0.21219084 -0.10704546 0.13825229
v -0.21053460 -0.10704546 0.14759657
v -0.21201650 -0.12354528 0.13825229
v -0.21907728 -0.00825283 0.08888019
v -0.22064634 -0.00299351 0.07770520
v -0.21885936 -0.13999352 0.07770520
v -0.21781332 -0.13999352 0.08888019
v -0.21606991 -0.13999352 0.10533756
v -0.21397782 -0.13999352 0.12179493
v -0.21136273 -0.13958102 0.13939648
v -0.21040384 -0.13380610 0.14689099
v -0.21027310 -0.06775528 0.14626167
v -0.21040384 -0.07873796 0.14689099
v -0.21654935 -0.02475263 0.10533756
v -0.20887836 -0.09059720 0.15562502
v -0.20896554 -0.10704546 0.15583479
v -0.21049102 -0.12354528 0.14729146
v -0.21589557 -0.00825283 0.10533756
v -0.21833633 0.00819544 0.08888019
v -0.22016691 0.00819544 0.07770520
v -0.21763898 -0.15644178 0.07770520
v -0.21668011 -0.15644178 0.08888019
v -0.21502387 -0.15644178 0.10533756
v -0.21206008 -0.17294160 0.12179493
v -0.21310613 -0.15644178 0.12179493
v -0.21118839 -0.15644178 0.13565878
v -0.21018592 -0.14478877 0.14565143
v -0.20900912 -0.13958102 0.15331756
v -0.20547873 -0.13999352 0.17116704
v -0.20892196 -0.12354528 0.15552967
v -0.20900912 -0.07358177 0.15331756
v -0.20813743 -0.05764915 0.15470966
v -0.21009876 -0.05764915 0.14527003
v -0.20556590 -0.09059720 0.17116704
v -0.20582741 -0.10704546 0.17116704
v -0.20578383 -0.12354528 0.17116704
v -0.21258310 -0.00825283 0.12179493
v -0.21506745 0.00819544 0.10533756
v -0.21410858 0.02464369 0.10533756
v -0.21733388 0.02464369 0.08888019
v -0.21986181 0.01350631 0.07770520
v -0.21624425 -0.17294160 0.07770520
v -0.21532896 -0.17294160 0.08888019
v -0.21258310 -0.18938983 0.10533756
v -0.21384708 -0.17294160 0.10533756
v -0.21005517 -0.19341168 0.12724893
v -0.21040384 -0.18242898 0.13064338
v -0.21070894 -0.17294160 0.13262666
v -0.20992441 -0.15644178 0.14389700
v -0.20953215 -0.17294160 0.14086489
v -0.20726572 -0.17294160 0.15470966
v -0.20805025 -0.15644178 0.15470966
v -0.20425835 -0.17294160 0.17116704
v -0.20120739 -0.15644178 0.18760533
v -0.20164324 -0.13999352 0.18760533
v -0.20024852 -0.18938983 0.18760533
v -0.19571567 -0.20485842 0.20541666
v -0.19410303 -0.20965368 0.21180510
v -0.20513006 -0.07414895 0.17116704
v -0.20443269 -0.05764915 0.17116704
v -0.20735289 -0.04120088 0.15470966
v -0.20970649 -0.04120088 0.14342026
v -0.20138173 -0.09059720 0.18760533
v -0.20177400 -0.10704546 0.18760533
v -0.20186116 -0.12354528 0.18760533
v -0.21062178 -0.00825283 0.13132990
v -0.21036026 0.00056426 0.13024292
v -0.20447627 0.00819544 0.15470966
v -0.20329948 0.02464369 0.15470966
v -0.21110121 0.03712166 0.11473904
v -0.21284461 0.03712166 0.10644361
v -0.21389066 0.03712166 0.10133287
v -0.21641859 0.03712166 0.08888019
v -0.21916446 0.02464369 0.07770520
v -0.21689803 0.03712166 0.08615318
v -0.21711596 0.03712166 0.08485643
v -0.21881578 0.02995455 0.07770520
v -0.21463161 -0.18938983 0.07770520
v -0.21384708 -0.18938983 0.08888019
v -0.21009876 -0.21171615 0.11023854
v -0.21062178 -0.20073346 0.11628371
v -0.20953215 -0.20604433 0.12177586
v -0.20765799 -0.20583810 0.13825229
v -0.20913988 -0.18851329 0.13697461
v -0.20639401 -0.18938983 0.15470966
v -0.20539156 -0.20583810 0.15470966
v -0.20273287 -0.20583810 0.17116704
v -0.20356098 -0.18938983 0.17116704
v -0.19959474 -0.20583810 0.18760533
v -0.19445170 -0.17294160 0.21308279
v -0.19423377 -0.19867098 0.21239626
v -0.19432095 -0.18938983 0.21266324
v -0.19388509 -0.22233790 0.21067997
v -0.19144434 -0.22233790 0.22052006
v -0.18712941 -0.22233790 0.23697744
v -0.19235961 -0.20485842 0.21893726
v -0.20077155 -0.07414895 0.18760533
v -0.19994342 -0.05764915 0.18760533
v -0.20356098 -0.04120088 0.17116704
v -0.20652477 -0.02475263 0.15470966
v -0.20931423 -0.02475263 0.14149418
v -0.19663096 -0.09059720 0.20335711
v -0.19641303 -0.10585954 0.20566457
v -0.19715398 -0.12354528 0.20406270
v -0.19453887 -0.15644178 0.21325441
v -0.19719756 -0.13999352 0.20406270
v -0.20556590 -0.00825283 0.15470966
v -0.20055362 0.00819544 0.17116704
v -0.19942041 0.02464369 0.17116704
v -0.19950757 0.03712166 0.16714327
v -0.20234061 0.03712166 0.15470966
v -0.21829275 0.03712166 0.07770520
v -0.21275745 -0.20583810 0.07770520
v -0.21214726 -0.20583810 0.08888019
v -0.21049102 -0.21522237 0.09927331
v -0.20935781 -0.22135824 0.10499430
v -0.20791949 -0.22233790 0.12179493
v -0.20608893 -0.22233790 0.13825229
v -0.20399684 -0.22233790 0.15470966
v -0.20159966 -0.22233790 0.17116704
v -0.19867946 -0.22233790 0.18760533
v -0.19567209 -0.22233790 0.20246082
v -0.18743449 -0.20583810 0.23697744
v -0.19336208 -0.23873460 0.20801017
v -0.19057263 -0.23873460 0.22052006
v -0.18643204 -0.23873460 0.23697744
v -0.18224787 -0.22233790 0.25343481
v -0.19628228 -0.07414895 0.20204129
v -0.19584643 -0.05764915 0.20059197
v -0.19902813 -0.04120088 0.18760533
v -0.20264571 -0.02475263 0.17116704
v -0.19401585 -0.09059720 0.21159533
v -0.19419019 -0.09956898 0.21222464
v -0.19445170 -0.12354528 0.21302557
v -0.19436453 -0.11055167 0.21268231
v -0.19449529 -0.13999352 0.21321627
v -0.18756525 -0.18938983 0.23697744
v -0.18752167 -0.17294160 0.23697744
v -0.20164324 -0.00825283 0.17116704
v -0.19536699 0.03712166 0.18335273
v -0.19623869 0.03712166 0.18001549
v -0.19854870 0.03712166 0.17116704
v 0.22366018 0.03712166 0.07770520
v -0.21105763 -0.21945045 0.07770520
v -0.21075253 -0.21743952 0.08888019
v -0.20722214 -0.23873460 0.10533756
v -0.20595817 -0.23873460 0.12179493
v -0.20425835 -0.23873460 0.13825229
v -0.20234061 -0.23873460 0.15470966
v -0.20011776 -0.23873460 0.17116704
v -0.19732832 -0.23873460 0.18760533
v -0.19501830 -0.23873460 0.19979102
v -0.18255297 -0.20583810 0.25343481
v -0.19449529 -0.24909853 0.19727379
v -0.18909073 -0.25518283 0.22052006
v -0.18512449 -0.25518283 0.23697744
v -0.18155051 -0.23873460 0.25343481
v -0.18011221 -0.25415161 0.25438830
v -0.17884823 -0.22233790 0.26365629
v -0.17902257 -0.20583810 0.26417118
v -0.19105206 -0.09059720 0.22052006
v -0.18551675 -0.09059720 0.23697744
v -0.19536699 -0.04120088 0.19916173
v -0.19488756 -0.02475263 0.19771240
v -0.19449529 -0.01201684 0.19660634
v -0.19414661 -0.00103415 0.19565286
v -0.19388509 0.00819544 0.19473750
v -0.19340566 0.02464369 0.19304026
v -0.19802568 -0.02475263 0.18760533
v -0.19632586 0.00819544 0.18651834
v -0.18634488 -0.10704546 0.23697744
v -0.18686789 -0.12354528 0.23697744
v -0.19188018 -0.12354528 0.22126380
v -0.18259655 -0.18938983 0.25343481
v -0.18242221 -0.17294160 0.25343481
v -0.18717299 -0.13999352 0.23697744
v -0.19575925 0.02464369 0.18480205
v -0.19283905 0.03712166 0.19159096
v 0.22352944 0.02464369 0.07770520
v 0.22300641 0.03712166 0.08888019
v -0.21070894 -0.22213167 0.07770520
v -0.20970649 -0.22568943 0.08888019
v -0.20800667 -0.23873460 0.08888019
v -0.20469420 -0.25518283 0.10533756
v -0.20360458 -0.25518283 0.12179493
v -0.20207910 -0.25518283 0.13825229
v -0.20029210 -0.25518283 0.15470966
v -0.19806926 -0.25518283 0.17116704
v -0.19541057 -0.25482192 0.18764347
v -0.19379793 -0.26008123 0.19315468
v -0.19266471 -0.25482192 0.20328082
v -0.18704223 -0.27163110 0.22052006
v -0.18329392 -0.27163110 0.23697744
v -0.17967634 -0.27163110 0.25005941
v -0.17845597 -0.23873460 0.26264559
v -0.17819446 -0.24796417 0.26190186
v -0.17775860 -0.25894686 0.26050974
v -0.17540501 -0.23873460 0.27086474
v -0.17553577 -0.22233790 0.27252382
v -0.17597162 -0.20583810 0.27240940
v -0.17902257 -0.18938983 0.26417118
v -0.18041729 -0.09059720 0.25126082
v -0.18085315 -0.10704546 0.25265293
v -0.17980710 -0.07414895 0.24958266
v -0.17915333 -0.05764915 0.24777101
v -0.18172485 -0.13999352 0.25343481
v -0.18063523 -0.12277184 0.25499854
v -0.18211711 -0.15644178 0.25343481
v -0.17889181 -0.17294160 0.26378979
v -0.18595261 0.03712166 0.20406270
v -0.17562293 -0.05764915 0.25600924
v -0.16908518 -0.05764915 0.26989216
v -0.16782120 -0.05764915 0.27252382
v 0.22300641 -0.00825283 0.07770520
v 0.22257057 0.03712166 0.09290395
v 0.22209112 -0.00825283 0.08888019
v -0.20848610 -0.23873460 0.07770520
v -0.20539156 -0.25518283 0.08888019
v -0.20159966 -0.27163110 0.10533756
v -0.20072795 -0.27163110 0.12179493
v -0.19942041 -0.27163110 0.13825229
v -0.19772059 -0.27163110 0.15470966
v -0.19554133 -0.27168265 0.17116704
v -0.19466963 -0.26626866 0.18217040
v -0.19292622 -0.27168265 0.18764347
v -0.19018036 -0.27163110 0.20406270
v -0.18464506 -0.28813092 0.22052006
v -0.18054805 -0.28900746 0.23817885
v -0.17880465 -0.28410907 0.24735148
v -0.17706125 -0.27163110 0.25829763
v -0.17527425 -0.25415161 0.26838564
v -0.17300783 -0.27163110 0.26989216
v -0.17475124 -0.23873460 0.27252382
v -0.17483841 -0.23698149 0.27252382
v -0.17366161 -0.25440942 0.27252382
v -0.17592804 -0.20583810 0.27252382
v -0.17592804 -0.18923515 0.27252382
v -0.17780220 -0.10704546 0.26087209
v -0.17723559 -0.09059720 0.25947997
v -0.17806370 -0.11679066 0.26152047
v -0.17658181 -0.07414895 0.25782089
v -0.17871747 -0.15644178 0.26321769
v -0.17828163 -0.12777336 0.26201628
v -0.17579728 -0.17294160 0.27202801
v -0.14546204 0.03712166 0.27252382
v -0.16725460 -0.05517416 0.27252382
v -0.17117726 -0.07414895 0.26989216
v -0.16943384 -0.07033337 0.27252382
v 0.22265773 -0.02475263 0.07770520
v 0.22121943 0.03712166 0.10533756
v 0.22169886 -0.02475263 0.08888019
v -0.20582741 -0.25518283 0.07770520
v -0.20360458 -0.26637179 0.07770520
v -0.20255853 -0.27163110 0.07770520
v -0.19798209 -0.28813092 0.10533756
v -0.19724115 -0.28813092 0.12179493
v -0.19584643 -0.28926528 0.13832857
v -0.19527982 -0.28477938 0.15470966
v -0.19466963 -0.28184035 0.16569395
v -0.19379793 -0.27725135 0.17664011
v -0.18747809 -0.28813092 0.20406270
v -0.18185561 -0.30457915 0.22052006
v -0.17841239 -0.31422125 0.22990248
v -0.17928408 -0.30457915 0.23318252
v -0.17793294 -0.29509177 0.24447192
v -0.17370519 -0.30457915 0.25343481
v -0.17627672 -0.28900746 0.25307246
v -0.17091574 -0.28813092 0.26989216
v -0.17226688 -0.26905301 0.27252382
v -0.17200537 -0.27163110 0.27252382
v -0.16995687 -0.28797623 0.27252382
v -0.17557935 -0.17294160 0.27252382
v -0.17379236 -0.10704546 0.26989216
v -0.17257198 -0.09059720 0.26989216
v -0.17527425 -0.12277184 0.26846193
v -0.17501275 -0.15644178 0.27252382
v -0.17505633 -0.13999352 0.27078846
v -0.17544859 -0.15644178 0.27145591
v 0.14403021 0.03712166 0.27252382
v -0.16991329 -0.07414895 0.27252382
v -0.17104650 -0.08740036 0.27252382
v 0.22217830 -0.04120088 0.07770520
v 0.22065282 0.03712166 0.10936132
v 0.22091433 0.02464369 0.10533756
v 0.21969395 -0.02475263 0.10533756
v 0.21925809 -0.04120088 0.10533756
v 0.22117583 -0.04120088 0.08888019
v -0.19859228 -0.28813092 0.07770520
v -0.19837436 -0.28813092 0.08888019
v -0.19510548 -0.29937140 0.10533756
v -0.19475680 -0.29828862 0.12179493
v -0.19440811 -0.29715425 0.13289364
v -0.19401585 -0.29550426 0.14387793
v -0.19349282 -0.29302931 0.15470966
v -0.19013678 -0.28813092 0.18760533
v -0.18682431 -0.30457915 0.18760533
v -0.18451430 -0.30457915 0.20406270
v -0.17924050 -0.31788215 0.22052006
v -0.17745351 -0.32613204 0.22052006
v -0.17562293 -0.32025400 0.23602393
v -0.17710483 -0.30457915 0.24142072
v -0.16847497 -0.30457915 0.26989216
v -0.17069782 -0.32102742 0.25343481
v -0.16433440 -0.32334772 0.27252382
v -0.16755970 -0.30457915 0.27252382
v -0.17340009 -0.12292653 0.27252382
v -0.17252840 -0.10725170 0.27252382
v -0.17130801 -0.09059720 0.27252382
v -0.17427180 -0.13999352 0.27252382
v 0.19227891 0.03712166 0.21329255
v 0.17188109 -0.07414895 0.27252382
v 0.17619601 -0.04908986 0.26180650
v 0.22200396 -0.04651177 0.07770520
v 0.21882224 0.03712166 0.12179493
v 0.21856074 0.02464369 0.12179493
v 0.21690450 -0.04120088 0.12179493
v 0.21646865 -0.05764915 0.12179493
v 0.21594563 -0.07414895 0.12179493
v 0.21873508 -0.05764915 0.10533756
v 0.21812488 -0.07414895 0.10533756
v 0.21995546 -0.07414895 0.08888019
v 0.22161169 -0.05764915 0.07770520
v -0.19532340 -0.29993861 0.07770520
v -0.19523624 -0.29978392 0.08888019
v -0.19270829 -0.30762132 0.10533756
v -0.19253395 -0.30653851 0.12179493
v -0.19244679 -0.30339324 0.13832857
v -0.19070339 -0.30457915 0.15470966
v -0.18298882 -0.32102742 0.18760533
v -0.18882923 -0.30457915 0.17116704
v -0.18041729 -0.32262583 0.20555016
v -0.17810728 -0.32912263 0.21203393
v -0.17431538 -0.33752723 0.22052006
v -0.17109008 -0.33752723 0.23697744
v -0.16686233 -0.33752723 0.25343481
v -0.16468307 -0.32133678 0.27252382
v -0.16328835 -0.33752723 0.26571586
v -0.16246024 -0.33216479 0.27252382
v 0.19254042 0.03712166 0.21289208
v 0.17201184 -0.07471613 0.27252382
v 0.17667545 -0.05764915 0.26268373
v 0.21812488 0.03712166 0.12581868
v 0.21533544 0.00819544 0.13825229
v 0.21372278 -0.05764915 0.13825229
v 0.21328694 -0.07414895 0.13825229
v 0.21267675 -0.09059720 0.13825229
v 0.21529184 -0.09059720 0.12179493
v 0.21742753 -0.09059720 0.10533756
v 0.21917093 -0.09059720 0.08888019
v 0.22021696 -0.09059720 0.07770520
v 0.22095791 -0.07414895 0.07770520
v -0.19453887 -0.30256824 0.07770520
v -0.19279547 -0.30803382 0.08888019
v -0.18869847 -0.32102742 0.10533756
v -0.18830620 -0.32102742 0.12179493
v -0.18756525 -0.32102742 0.13825229
v -0.18630128 -0.32102742 0.15470966
v -0.18468864 -0.32102742 0.17116704
v -0.17950202 -0.33371165 0.18760533
v -0.17876107 -0.33133980 0.20104964
v -0.17649464 -0.33711474 0.20555016
v -0.16886725 -0.35397547 0.22052006
v -0.16516251 -0.35510983 0.23777837
v -0.16333193 -0.34959271 0.25343481
v -0.16219872 -0.34624121 0.26218792
v -0.16115268 -0.33752723 0.27252382
v 0.19463250 0.03712166 0.20802925
v 0.18081604 -0.05764915 0.25343481
v 0.17323223 -0.09085501 0.27252382
v 0.17715488 -0.07414895 0.26375165
v 0.21594563 0.03712166 0.13825229
v 0.21568411 0.02464369 0.13825229
v 0.20875409 -0.05764915 0.16481673
v 0.21071541 -0.05764915 0.15470966
v 0.21032315 -0.07414895 0.15470966
v 0.20823106 -0.09590809 0.16245206
v 0.20805672 -0.10704546 0.16130786
v 0.20770804 -0.12354528 0.15928645
v 0.20910277 -0.12354528 0.15104824
v 0.21193580 -0.10704546 0.13825229
v 0.21110768 -0.12354528 0.13825229
v 0.21446373 -0.10704546 0.12179493
v 0.21659940 -0.10704546 0.10533756
v 0.21829922 -0.10704546 0.08888019
v 0.21930169 -0.10704546 0.07770520
v -0.19279547 -0.30813695 0.07770520
v -0.18874205 -0.32102742 0.08888019
v -0.18338108 -0.33752723 0.10533756
v -0.18311958 -0.33752723 0.12179493
v -0.18255297 -0.33752723 0.13825229
v -0.18076598 -0.33912564 0.15625433
v -0.18033013 -0.33623819 0.17116704
v -0.17693049 -0.34191000 0.18760533
v -0.17100292 -0.35397547 0.20406270
v -0.16394214 -0.36702065 0.22052006
v -0.16285250 -0.36433943 0.23282018
v -0.16171929 -0.36134885 0.24380447
v -0.16054250 -0.35784263 0.25343481
v -0.15160755 -0.37042374 0.26989216
v -0.15810173 -0.35263487 0.26857635
v -0.15675059 -0.35294424 0.27252382
v 0.19580931 0.03712166 0.20518783
v 0.18138265 -0.07414895 0.25343481
v 0.18717946 -0.05764915 0.23697744
v 0.18661285 -0.04120088 0.23697744
v 0.20121386 0.03712166 0.19162908
v 0.17371166 -0.10704546 0.27252382
v 0.17379884 -0.11008761 0.27252382
v 0.17501921 -0.15376056 0.27252382
v 0.21241523 0.03712166 0.15470966
v 0.20888485 -0.04120088 0.16533163
v 0.20687992 -0.05764915 0.17303588
v 0.20674916 -0.07414895 0.17221588
v 0.20853616 -0.07414895 0.16399673
v 0.20840540 -0.08492539 0.16329115
v 0.20609539 -0.10704546 0.17116704
v 0.20552879 -0.12354528 0.17116704
v 0.20487500 -0.13999352 0.17116704
v 0.20409047 -0.15644178 0.17116704
v 0.20735937 -0.13999352 0.15673108
v 0.20866691 -0.13999352 0.14851192
v 0.20840540 -0.14911998 0.14691006
v 0.21346128 -0.12354528 0.12179493
v 0.21559695 -0.12354528 0.10533756
v 0.21734035 -0.12354528 0.08888019
v 0.21899659 -0.11235634 0.07770520
v -0.18865489 -0.32102742 0.07770520
v -0.18329392 -0.33752723 0.08888019
v -0.17937126 -0.34892243 0.10533756
v -0.17928408 -0.34876771 0.12179493
v -0.17902257 -0.34814898 0.13825229
v -0.17863031 -0.34701462 0.15179196
v -0.17810728 -0.34567403 0.16275718
v -0.17771502 -0.34443653 0.17116704
v -0.17257198 -0.35397547 0.18760533
v -0.16498817 -0.36949564 0.20406270
v -0.16062966 -0.37527055 0.22052006
v -0.15958362 -0.37006279 0.23777837
v -0.15592247 -0.37042374 0.25343481
v -0.14685676 -0.38083925 0.27252382
v -0.15086660 -0.37026905 0.27252382
v 0.17528072 -0.16953850 0.27252382
v 0.17532431 -0.17294160 0.27252382
v 0.17772149 -0.17294160 0.26604004
v 0.18726663 -0.07414895 0.23697744
v 0.19110212 -0.05764915 0.22538291
v 0.19380439 -0.04120088 0.21691584
v 0.20269576 0.03712166 0.18760533
v 0.20936427 0.03712166 0.16657117
v 0.20692351 -0.04120088 0.17355077
v 0.20295726 -0.07414895 0.18760533
v 0.20269576 -0.09059720 0.18760533
v 0.20234707 -0.10704546 0.18760533
v 0.20195481 -0.12354528 0.18760533
v 0.20687992 -0.09049408 0.16973678
v 0.20147538 -0.13999352 0.18760533
v 0.20086518 -0.15644178 0.18760533
v 0.20701068 -0.15535897 0.15331756
v 0.20003706 -0.17294160 0.18760533
v 0.20304444 -0.17294160 0.17116704
v 0.20552879 -0.17294160 0.15470966
v 0.20801314 -0.16010268 0.14393514
v 0.21232807 -0.13999352 0.12179493
v 0.21437657 -0.13999352 0.10533756
v 0.21603279 -0.13999352 0.08888019
v 0.21786337 -0.12880459 0.07770520
v 0.21825564 -0.12354528 0.07770520
v -0.18303240 -0.33752723 0.07770520
v -0.17928408 -0.34866461 0.08888019
v -0.17610238 -0.35717232 0.10533756
v -0.17605878 -0.35701764 0.12179493
v -0.17579728 -0.35634735 0.13825229
v -0.17584086 -0.35309895 0.15625433
v -0.16163211 -0.37774553 0.20406270
v -0.15548662 -0.38692355 0.22052006
v -0.15265359 -0.38692355 0.23697744
v -0.14894886 -0.38749073 0.25303432
v -0.14720544 -0.38166424 0.26989216
v -0.14620299 -0.38233456 0.27252382
v 0.17501921 -0.18938983 0.27252382
v 0.17759074 -0.18938983 0.26565865
v 0.18181849 -0.18938983 0.25343481
v 0.18208000 -0.17294160 0.25343481
v 0.19384797 -0.05764915 0.21716376
v 0.19807574 -0.04120088 0.20406270
v 0.20596463 0.03712166 0.17795593
v 0.20879767 0.03712166 0.16859258
v 0.20313160 -0.05764915 0.18760533
v 0.19794498 -0.09059720 0.20406270
v 0.19777064 -0.10704546 0.20406270
v 0.19755271 -0.12354528 0.20406270
v 0.19720403 -0.13999352 0.20406270
v 0.19681177 -0.15644178 0.20406270
v 0.19633232 -0.17294160 0.20406270
v 0.19550421 -0.18938983 0.20406270
v 0.19886027 -0.18938983 0.18760533
v 0.20169330 -0.18938983 0.17116704
v 0.20757729 -0.17361189 0.13836671
v 0.20871050 -0.16861039 0.13296991
v 0.20404689 -0.18938983 0.15470966
v 0.21106409 -0.15644178 0.12179493
v 0.21289467 -0.15644178 0.10533756
v 0.21694808 -0.13999352 0.07770520
v 0.21446373 -0.15644178 0.08888019
v -0.17910975 -0.34825211 0.07770520
v -0.17806370 -0.35093333 0.07770520
v -0.17597162 -0.35691450 0.08888019
v -0.17047989 -0.37042374 0.10533756
v -0.17039273 -0.37042374 0.12179493
v -0.16986971 -0.37042374 0.13825229
v -0.16882366 -0.37042374 0.15470966
v -0.16198080 -0.37857053 0.19540493
v -0.15740436 -0.38692355 0.20406270
v -0.14881810 -0.40074215 0.22052006
v -0.14746696 -0.39821561 0.23697744
v -0.14642092 -0.39615315 0.24729427
v -0.14511336 -0.39331722 0.25825949
v -0.14319562 -0.38914072 0.27252382
v 0.17432185 -0.20511622 0.27252382
v 0.17719848 -0.20583810 0.26459074
v 0.18112113 -0.20583810 0.25343481
v 0.18700511 -0.18938983 0.23697744
v 0.18731022 -0.17294160 0.23697744
v 0.19807574 -0.07414895 0.20406270
v 0.19811932 -0.05764915 0.20406270
v 0.20696710 0.03712166 0.17480939
v 0.20313160 -0.02475263 0.18760533
v 0.19097136 -0.17294160 0.22427684
v 0.19323779 -0.17294160 0.21605770
v 0.19297628 -0.18938983 0.21516140
v 0.19258402 -0.20207407 0.21369303
v 0.19393515 -0.20686933 0.20545480
v 0.19742196 -0.20583810 0.18760533
v 0.20012423 -0.20583810 0.17116704
v 0.20609539 -0.18938983 0.13825229
v 0.20818748 -0.17959308 0.12866012
v 0.20940786 -0.17361189 0.12261493
v 0.20239065 -0.20583810 0.15470966
v 0.20875409 -0.18516175 0.11767582
v 0.21123844 -0.17294160 0.10533756
v 0.21533544 -0.15644178 0.07770520
v 0.20932069 -0.19011171 0.10569989
v 0.21263315 -0.17294160 0.08888019
v -0.17575369 -0.35650204 0.07770520
v -0.17013121 -0.37042374 0.08888019
v -0.16442156 -0.38346892 0.10533756
v -0.16442156 -0.38341734 0.12179493
v -0.16411646 -0.38290171 0.13825229
v -0.16363703 -0.38197361 0.15470966
v -0.16298325 -0.38073612 0.17116704
v -0.15906060 -0.38893446 0.17116704
v -0.14973339 -0.40239211 0.20406270
v -0.15914776 -0.38578919 0.18899743
v -0.14450317 -0.40899207 0.22052006
v -0.14319562 -0.40641395 0.23697744
v -0.14171372 -0.40234056 0.25303432
v -0.13504520 -0.40471241 0.27252382
v 0.17406034 -0.20965368 0.27252382
v 0.17371166 -0.22233790 0.27147498
v 0.17667545 -0.22233790 0.26325583
v 0.17632677 -0.23337216 0.26226420
v 0.18007509 -0.22233790 0.25343481
v 0.18626417 -0.20583810 0.23697744
v 0.19079702 -0.18938983 0.22339962
v 0.19070985 -0.20686933 0.21971913
v 0.18931512 -0.22233790 0.22052006
v 0.19214815 -0.21305676 0.21186231
v 0.19171231 -0.22233790 0.20949763
v 0.19323779 -0.22233790 0.20127848
v 0.19572214 -0.22233790 0.18760533
v 0.19829366 -0.22233790 0.17116704
v 0.20439558 -0.20583810 0.13825229
v 0.20051651 -0.22233790 0.15470966
v 0.20605181 -0.20583810 0.12179493
v 0.20814390 -0.19609290 0.11143994
v 0.21346128 -0.17294160 0.07770520
v 0.20749011 -0.20552872 0.10569989
v 0.20857974 -0.19985691 0.10047472
v 0.21071541 -0.18938983 0.08888019
v -0.16969536 -0.37042374 0.07770520
v -0.16590346 -0.37857053 0.07770520
v -0.16420364 -0.38300484 0.08888019
v -0.16019381 -0.39171881 0.10533756
v -0.16023740 -0.39166723 0.12179493
v -0.15997589 -0.39115163 0.13825229
v -0.15954003 -0.39022350 0.15470966
v -0.14960263 -0.40486709 0.18789138
v -0.14576714 -0.41136390 0.19355516
v -0.14537488 -0.41064203 0.20406270
v -0.13766031 -0.41982005 0.22052006
v -0.13434785 -0.42090283 0.23669139
v -0.13321464 -0.41667478 0.25343481
v -0.13134048 -0.41383888 0.26617353
v -0.11739324 -0.43343239 0.27252382
v 0.17331939 -0.22233790 0.27252382
v 0.17205542 -0.24239550 0.27252382
v 0.17371166 -0.23878616 0.26861446
v 0.17205542 -0.25518283 0.26989216
v 0.17593450 -0.24435485 0.26106279
v 0.18517455 -0.22233790 0.23697744
v 0.17841885 -0.23878616 0.25473155
v 0.18377982 -0.23873460 0.23697744
v 0.18774606 -0.23873460 0.22052006
v 0.18600266 -0.25518283 0.22052006
v 0.19097136 -0.23909553 0.20373851
v 0.19262760 -0.23383621 0.19803659
v 0.19197381 -0.24476734 0.19418447
v 0.19363005 -0.23909553 0.18825371
v 0.19620158 -0.23873460 0.17116704
v 0.20239065 -0.22233790 0.13825229
v 0.19825008 -0.23873460 0.15470966
v 0.20404689 -0.22233790 0.12179493
v 0.21093333 -0.19387573 0.07770520
v 0.20539803 -0.22233790 0.10533756
v 0.20801314 -0.21150990 0.08888019
v 0.20901559 -0.20331156 0.08888019
v 0.20831824 -0.21393331 0.08027965
v -0.16398572 -0.38259234 0.07770520
v -0.16263458 -0.38527359 0.07770520
v -0.15980155 -0.39084223 0.07770520
v -0.15997589 -0.39125476 0.08888019
v -0.15339453 -0.40337179 0.10533756
v -0.15348170 -0.40337179 0.12179493
v -0.15304585 -0.40337179 0.13825229
v -0.15239208 -0.40337179 0.15470966
v -0.15147679 -0.40337179 0.17116704
v -0.14607223 -0.41187952 0.18258993
v -0.14171372 -0.41837633 0.18789138
v -0.13953447 -0.41982005 0.20406270
v -0.13103538 -0.42966839 0.22052006
v -0.13029443 -0.42868871 0.23102761
v -0.12911763 -0.42709027 0.24199282
v -0.11190151 -0.44152763 0.27252382
v 0.17092222 -0.25781250 0.27252382
v 0.17057354 -0.27163110 0.26989216
v 0.17545506 -0.25518283 0.25953718
v 0.17802659 -0.25518283 0.25131803
v 0.18212359 -0.25518283 0.23697744
v 0.18020584 -0.27163110 0.23697744
v 0.18391058 -0.27163110 0.22052006
v 0.18896645 -0.25518283 0.20406270
v 0.19136362 -0.25605941 0.18825371
v 0.19280194 -0.25116102 0.18320017
v 0.19206099 -0.26214371 0.17766988
v 0.20003706 -0.23873460 0.13825229
v 0.20160612 -0.23873460 0.12179493
v 0.20875409 -0.21135522 0.07770520
v 0.20287010 -0.23873460 0.10533756
v 0.20653124 -0.22233790 0.08888019
v 0.20657482 -0.22605036 0.07770520
v 0.20722861 -0.22182229 0.07770520
v 0.20796956 -0.21702703 0.07770520
v -0.15234849 -0.40337179 0.07770520
v -0.15287151 -0.40337179 0.08888019
v -0.14716186 -0.41342635 0.10533756
v -0.14724904 -0.41352952 0.12179493
v -0.14707470 -0.41327167 0.13825229
v -0.14676960 -0.41291075 0.15470966
v -0.14637733 -0.41239515 0.17116704
v -0.14110353 -0.42059347 0.17116704
v -0.13269161 -0.43198866 0.18760533
v -0.13203783 -0.43095743 0.20406270
v -0.12419251 -0.43791831 0.22052006
v -0.10392544 -0.45276810 0.27252382
v 0.16965825 -0.27163110 0.27252382
v 0.17467053 -0.27163110 0.25675297
v 0.16939673 -0.27410609 0.27252382
v 0.16878654 -0.28813092 0.26989216
v 0.17711130 -0.27163110 0.24853382
v 0.17645753 -0.28230443 0.24637893
v 0.17785225 -0.28792468 0.23754953
v 0.18670003 -0.27163110 0.20406270
v 0.17698054 -0.30127920 0.23243878
v 0.18142623 -0.28813092 0.22052006
v 0.19105854 -0.27132173 0.17179633
v 0.19262760 -0.26564993 0.16672374
v 0.19563497 -0.25518283 0.15470966
v 0.18408492 -0.28813092 0.20406270
v 0.18626417 -0.28813092 0.18760533
v 0.19729121 -0.25518283 0.13825229
v 0.19877309 -0.25518283 0.12179493
v 0.19994990 -0.25518283 0.10533756
v 0.20391613 -0.23873460 0.08888019
v 0.20448274 -0.23873460 0.07770520
v -0.14846942 -0.40940454 0.07770520
v -0.14681318 -0.41291075 0.08888019
v -0.14110353 -0.42162473 0.10533756
v -0.14127787 -0.42172783 0.12179493
v -0.14127787 -0.42152159 0.13825229
v -0.13304030 -0.43240116 0.17116704
v -0.14123429 -0.42116068 0.15470966
v -0.12645894 -0.44065108 0.17116704
v -0.12606668 -0.44018703 0.18760533
v -0.12519497 -0.43920735 0.20406270
v -0.11612927 -0.44699320 0.22052006
v -0.10165902 -0.45524309 0.27252382
v 0.16787125 -0.28813092 0.27252382
v 0.17397318 -0.28792468 0.25250037
v 0.16752258 -0.29122463 0.27252382
v 0.16660729 -0.30457915 0.26989216
v 0.17131449 -0.30457915 0.25343481
v 0.17567300 -0.29328712 0.24340401
v 0.17501921 -0.30591978 0.23754953
v 0.17602167 -0.31226189 0.22810990
v 0.18800758 -0.28813092 0.17116704
v 0.19175589 -0.27719980 0.15470966
v 0.19323779 -0.26894988 0.15470966
v 0.18103396 -0.30457915 0.20406270
v 0.18303887 -0.30457915 0.18760533
v 0.19214815 -0.27957163 0.14576586
v 0.19559139 -0.27163110 0.12179493
v 0.19663743 -0.27163110 0.10533756
v 0.20090877 -0.25518283 0.08888019
v 0.20352387 -0.24404547 0.07770520
v -0.14650809 -0.41244671 0.07770520
v -0.14454675 -0.41512793 0.07770520
v -0.14066769 -0.42116068 0.08888019
v -0.13308388 -0.43204024 0.10533756
v -0.13321464 -0.43234961 0.12179493
v -0.13321464 -0.43240116 0.13825229
v -0.13317104 -0.43240116 0.15470966
v -0.12615384 -0.44059950 0.12179493
v -0.11839570 -0.44910724 0.17116704
v -0.11804701 -0.44890097 0.18760533
v -0.11713173 -0.44802443 0.20406270
v -0.10845829 -0.45627435 0.20406270
v -0.09947977 -0.46256489 0.22052006
v -0.09167803 -0.46406019 0.27252382
v 0.16573559 -0.30457915 0.27252382
v 0.16516898 -0.30865255 0.27252382
v 0.16277181 -0.32370864 0.27252382
v 0.16839428 -0.32102742 0.25343481
v 0.17222976 -0.32102742 0.23697744
v 0.16848145 -0.33752723 0.23697744
v 0.17493205 -0.32133678 0.22177868
v 0.17684979 -0.31602592 0.21714469
v 0.18460794 -0.30457915 0.17116704
v 0.17750356 -0.32133678 0.20299477
v 0.17933414 -0.32102742 0.18760533
v 0.19097136 -0.28756374 0.13945370
v 0.19258402 -0.28168567 0.13478156
v 0.19306344 -0.28374816 0.12179493
v 0.19358647 -0.28591375 0.10533756
v 0.19759630 -0.27163110 0.08888019
v 0.20042933 -0.26049372 0.07770520
v 0.20147538 -0.25518283 0.07770520
v -0.14023184 -0.42069663 0.07770520
v -0.13264803 -0.43136993 0.08888019
v -0.12593592 -0.44029013 0.10533756
v -0.11787267 -0.44848848 0.10533756
v -0.11809060 -0.44859161 0.12179493
v -0.10924282 -0.45735713 0.17116704
v -0.10915566 -0.45715087 0.18760533
v -0.10043864 -0.46323520 0.20406270
v -0.08923727 -0.46596797 0.27252382
v 0.16076689 -0.33376320 0.27252382
v 0.16120273 -0.33613506 0.26897681
v 0.16486389 -0.33752723 0.25343481
v 0.17127089 -0.33752723 0.22052006
v 0.16150783 -0.35052084 0.25343481
v 0.16316407 -0.35552236 0.23842675
v 0.16665088 -0.35397547 0.22052006
v 0.17558582 -0.32700859 0.20776227
v 0.18587190 -0.30457915 0.15470966
v 0.18077244 -0.32102742 0.17116704
v 0.17623960 -0.32968984 0.19677798
v 0.17671903 -0.33144293 0.18760533
v 0.19127646 -0.29199805 0.12179493
v 0.19171231 -0.29416367 0.10533756
v 0.19371723 -0.28926528 0.08832717
v 0.19685535 -0.27750917 0.07770520
v 0.19811932 -0.27163110 0.07770520
v -0.13221217 -0.43080275 0.07770520
v -0.12981500 -0.43348397 0.07770520
v -0.12523856 -0.43961982 0.08888019
v -0.11717531 -0.44786974 0.08888019
v -0.10763017 -0.45611967 0.08888019
v -0.10824037 -0.45673840 0.10533756
v -0.10117958 -0.46354456 0.17116704
v -0.10113600 -0.46354456 0.18760533
v -0.08954236 -0.47076323 0.20406270
v -0.08954236 -0.46983510 0.22052006
v -0.07912552 -0.47648659 0.22052006
v -0.07755645 -0.47566159 0.23697744
v -0.07267492 -0.47385692 0.27252382
v 0.15950291 -0.33948659 0.27252382
v 0.16033104 -0.34680839 0.26287441
v 0.17388600 -0.33613506 0.20299477
v 0.15893631 -0.35871918 0.25343481
v 0.15993877 -0.36201916 0.24489145
v 0.16098481 -0.36480348 0.23390717
v 0.16203086 -0.36763938 0.22052006
v 0.16865580 -0.35397547 0.20406270
v 0.17741640 -0.33391789 0.17116704
v 0.18813833 -0.30457915 0.12179493
v 0.17449619 -0.33969282 0.18760533
v 0.19232250 -0.29669021 0.08249176
v 0.19349931 -0.29261681 0.07770520
v -0.12467196 -0.43905267 0.07770520
v -0.11660871 -0.44730256 0.07770520
v -0.10715074 -0.45555246 0.07770520
v -0.10170260 -0.46003835 0.07770520
v -0.09908749 -0.46210084 0.07770520
v -0.09956693 -0.46241020 0.08888019
v -0.10017712 -0.46277115 0.10533756
v -0.08954236 -0.47081478 0.17116704
v -0.08954236 -0.47107259 0.18760533
v -0.07977930 -0.47674443 0.20406270
v -0.07106228 -0.47952878 0.22052006
v -0.06949321 -0.47901315 0.23697744
v -0.05715863 -0.47937410 0.27252382
v 0.15832612 -0.34407559 0.27252382
v 0.15688782 -0.35294424 0.26897681
v 0.15109099 -0.37042374 0.26989216
v 0.15806461 -0.37037215 0.23842675
v 0.15497006 -0.37042374 0.25343481
v 0.15893631 -0.37588931 0.22052006
v 0.15967726 -0.37779711 0.20871577
v 0.16251029 -0.37155810 0.20356687
v 0.17009410 -0.35397547 0.18760533
v 0.17506280 -0.34211623 0.17116704
v 0.17785225 -0.33525851 0.15470966
v 0.19245326 -0.29710267 0.07770520
v 0.18896645 -0.30457915 0.10533756
v -0.08954236 -0.46772106 0.07770520
v -0.08954236 -0.46895856 0.10533756
v -0.07969213 -0.47674443 0.18760533
v -0.07171605 -0.47973499 0.20406270
v -0.05733297 -0.48360212 0.20406270
v -0.05733297 -0.48308655 0.22052006
v -0.05733297 -0.48226155 0.23697744
v -0.04125006 -0.48324123 0.27252382
v 0.15579819 -0.35315047 0.27252382
v 0.15475214 -0.35655359 0.27252382
v 0.15035005 -0.37047532 0.27252382
v 0.14952193 -0.37279559 0.27252382
v 0.14573003 -0.38274702 0.27252382
v 0.14607871 -0.38346892 0.26989216
v 0.14760419 -0.38805791 0.25404505
v 0.15143968 -0.38692355 0.23697744
v 0.15405479 -0.38692355 0.22052006
v 0.16020028 -0.37903457 0.19775054
v 0.15662630 -0.38547980 0.20356687
v 0.16416653 -0.37042374 0.18760533
v 0.17118373 -0.35397547 0.17116704
v 0.17545506 -0.34345685 0.15470966
v 0.19018683 -0.30494010 0.07770520
v -0.07459267 -0.47488818 0.07770520
v -0.07664117 -0.47576475 0.12179493
v -0.07899477 -0.47653817 0.17116704
v -0.07162888 -0.47968346 0.18760533
v -0.05733297 -0.48370528 0.18760533
v -0.04125006 -0.48695368 0.18760533
v -0.02512358 -0.48715994 0.25343481
v -0.02512358 -0.48618026 0.27252382
v 0.14198171 -0.39084223 0.27252382
v 0.14224321 -0.39171881 0.26989216
v 0.14350719 -0.39434848 0.25991860
v 0.14468398 -0.39651407 0.24895335
v 0.14577361 -0.39847343 0.23697744
v 0.14708117 -0.40079370 0.22052006
v 0.15653914 -0.38795478 0.18760533
v 0.16050538 -0.37975644 0.18760533
v 0.14795286 -0.40234056 0.20406270
v 0.16499464 -0.37042374 0.17116704
v 0.17179392 -0.35397547 0.15470966
v 0.17562940 -0.34428185 0.13825229
v 0.18517455 -0.32102742 0.07770520
v 0.18839985 -0.31071504 0.07770520
v -0.06910094 -0.47695063 0.07770520
v -0.06944963 -0.47885847 0.13825229
v -0.07093152 -0.47942562 0.17116704
v -0.05733297 -0.48329275 0.17116704
v -0.04125006 -0.48679900 0.17116704
v -0.02512358 -0.48757241 0.07770520
v -0.02512358 -0.48803646 0.15470966
v -0.02512358 -0.48808804 0.17116704
v -0.02512358 -0.48772709 0.23697744
v -0.00904067 -0.48783020 0.25343481
v -0.00904067 -0.48648963 0.27252382
v 0.14036905 -0.39403911 0.27252382
v 0.11447951 -0.43776360 0.27252382
v 0.14084849 -0.40672332 0.23697744
v 0.14233039 -0.40904359 0.22052006
v 0.14328926 -0.41059048 0.20406270
v 0.14847588 -0.40311400 0.18760533
v 0.15680064 -0.38867667 0.17116704
v 0.16085405 -0.38042675 0.17116704
v 0.16538690 -0.37042374 0.15470966
v 0.17214260 -0.35397547 0.13825229
v 0.17580374 -0.34484903 0.12179493
v 0.18295170 -0.32731795 0.07770520
v -0.06652942 -0.47782721 0.07770520
v -0.05733297 -0.48040530 0.07770520
v -0.05214634 -0.48164282 0.07770520
v -0.04125006 -0.48422091 0.07770520
v -0.03606344 -0.48530369 0.07770520
v -0.01993695 -0.48777867 0.07770520
v -0.00904067 -0.48819114 0.07770520
v 0.03925162 -0.48963487 0.20406270
v 0.03925162 -0.48953177 0.22052006
v 0.03925162 -0.48886145 0.23697744
v 0.02569665 -0.48489122 0.27252382
v 0.02312513 -0.48752083 0.25343481
v 0.11073118 -0.44374480 0.27252382
v 0.10410626 -0.45369623 0.27252382
v 0.14376869 -0.41136390 0.18760533
v 0.13648998 -0.41982005 0.20406270
v 0.13762320 -0.41982005 0.18760533
v 0.14786570 -0.40502178 0.17257821
v 0.15688782 -0.38893446 0.15470966
v 0.16098481 -0.38068457 0.15470966
v 0.16556124 -0.37042374 0.13825229
v 0.17615243 -0.34588026 0.07770520
v 0.17236052 -0.35397547 0.12179493
v 0.17606526 -0.34557089 0.09235092
v 0.17911622 -0.33804283 0.07770520
v 0.02312513 -0.48839741 0.07770520
v 0.03925162 -0.48824272 0.07770520
v 0.05533452 -0.48561305 0.18760533
v 0.05533452 -0.48571616 0.20406270
v 0.05533452 -0.48504590 0.22052006
v 0.06841005 -0.47777563 0.27252382
v 0.05816756 -0.48066314 0.27252382
v 0.04177956 -0.48329275 0.27252382
v 0.09687112 -0.46282270 0.27252382
v 0.12908052 -0.42961683 0.20406270
v 0.14389945 -0.41157016 0.17900479
v 0.12973429 -0.43033867 0.18760533
v 0.13919226 -0.41827319 0.17257821
v 0.14398663 -0.41172484 0.16803955
v 0.14895533 -0.40337179 0.15470966
v 0.15688782 -0.38898604 0.13825229
v 0.16102839 -0.38073612 0.13825229
v 0.16556124 -0.37042374 0.12179493
v 0.17467053 -0.34923179 0.07770520
v 0.17750356 -0.34237404 0.07770520
v 0.04443825 -0.48690210 0.07770520
v 0.05533452 -0.48396306 0.07770520
v 0.06884591 -0.47988967 0.12179493
v 0.06902025 -0.47999283 0.13825229
v 0.06884591 -0.48014751 0.17116704
v 0.06849722 -0.48025062 0.18760533
v 0.07534008 -0.47540380 0.27252382
v 0.08662862 -0.46988668 0.27252382
v 0.08754391 -0.46916479 0.13825229
v 0.09704546 -0.46220394 0.13825229
v 0.10515230 -0.45519151 0.15470966
v 0.11421799 -0.44694162 0.15470966
v 0.11421799 -0.44694162 0.17116704
v 0.12228124 -0.43884641 0.17116704
v 0.12210690 -0.43858859 0.18760533
v 0.12995223 -0.43059651 0.17116704
v 0.14403021 -0.41177639 0.15470966
v 0.13797188 -0.42002632 0.15470966
v 0.14891173 -0.40337179 0.13825229
v 0.15680064 -0.38888291 0.12179493
v 0.16098481 -0.38063298 0.12179493
v 0.17013768 -0.35944104 0.07770520
v 0.17275279 -0.35356300 0.07770520
v 0.05934435 -0.48251934 0.07770520
v 0.06836647 -0.47968346 0.10533756
v 0.07690915 -0.47612570 0.12179493
v 0.07708349 -0.47622880 0.13825229
v 0.07703990 -0.47617722 0.15470966
v 0.08754391 -0.46895856 0.12179493
v 0.09687112 -0.46204926 0.12179493
v 0.10510871 -0.45513999 0.13825229
v 0.11413082 -0.44689007 0.13825229
v 0.12219408 -0.43869172 0.13825229
v 0.12990863 -0.43054493 0.15470966
v 0.14398663 -0.41167326 0.13825229
v 0.12986505 -0.43044183 0.13825229
v 0.13788470 -0.41992318 0.13825229
v 0.14394303 -0.41162171 0.12871732
v 0.14782211 -0.40491868 0.12265308
v 0.15658272 -0.38857351 0.10533756
v 0.16085405 -0.38037520 0.10533756
v 0.16355634 -0.37351745 0.07770520
v 0.06727684 -0.47942562 0.07770520
v 0.07642971 -0.47591943 0.10533756
v 0.08754391 -0.46833982 0.10533756
v 0.09639169 -0.46163679 0.10533756
v 0.10445493 -0.45462436 0.10533756
v 0.10489079 -0.45498528 0.12179493
v 0.11395648 -0.44673538 0.12179493
v 0.12201973 -0.43848546 0.12179493
v 0.12969071 -0.43023557 0.12179493
v 0.13893075 -0.41822164 0.12265308
v 0.14381229 -0.41146703 0.11775210
v 0.14851947 -0.40275306 0.10533756
v 0.15623403 -0.38816104 0.08888019
v 0.16050538 -0.37965331 0.07770520
v 0.16067972 -0.37996267 0.08888019
v 0.07534008 -0.47504286 0.07770520
v 0.07586311 -0.47555849 0.08888019
v 0.08906939 -0.46622578 0.08819367
v 0.09591225 -0.46127584 0.09322814
v 0.10223209 -0.45529467 0.08819367
v 0.11360781 -0.44637444 0.10533756
v 0.12162745 -0.43802141 0.10533756
v 0.12929844 -0.42977152 0.10533756
v 0.13692583 -0.41982005 0.10533756
v 0.14350719 -0.41100295 0.10533756
v 0.14817080 -0.40192806 0.08888019
v 0.15335742 -0.39228599 0.07770520
v 0.15592893 -0.38785168 0.07770520
v 0.07978576 -0.47189759 0.07770520
v 0.08745674 -0.46643202 0.07770520
v 0.09543282 -0.46086334 0.08226292
v 0.11291044 -0.44570415 0.08888019
v 0.12097368 -0.43724800 0.08888019
v 0.12864467 -0.42904962 0.08888019
v 0.13570545 -0.41982005 0.08888019
v 0.14294058 -0.41017795 0.08888019
v 0.14786570 -0.40130933 0.07770520
v 0.09508414 -0.46055395 0.07770520
v 0.11230025 -0.44508539 0.07770520
v 0.12812165 -0.42843089 0.07823916
v 0.14015113 -0.41265294 0.07770520
v 0.14246114 -0.40955922 0.07770520
v 0.12807806 -0.42837931 0.07770520
v 0.12855749 -0.42776058 0.07770520
f 2369 2370 2371
f 2369 2371 2372
f 2369 2372 2373
f 2369 2373 2379
f 2369 2379 2388
f 2369 2388 2401
f 2369 2401 2416
f 2369 2416 2437
f 2369 2437 2470
f 2369 2470 2473
f 2369 2473 2508
f 2369 2508 2539
f 2369 2539 2575
f 2369 2575 2610
f 2369 2610 2645
f 2369 2645 2678
f 2369 2678 2709
f 2369 2709 2718
f 2369 2718 2747
f 2369 2747 2746
f 2369 2746 2781
f 2369 2781 2822
f 2369 2822 2863
f 2369 2863 2862
f 2369 2862 2899
f 2369 2899 2937
f 2369 2937 2972
f 2369 2972 3009
f 2369 3009 3043
f 2369 3043 3048
f 2369 3048 3047
f 2369 3047 3046
f 2369 3046 3080
f 2369 3080 3110
f 2369 3110 3142
f 2369 3142 3141
f 2369 3141 3168
f 2369 3168 3167
f 2369 3167 3194
f 2369 3194 3219
f 2369 3219 3243
f 2369 3243 3265
f 2369 3265 3264
f 2369 3264 3288
f 2369 3288 3313
f 2369 3313 3333
f 2369 3333 3310
f 2369 3310 3332
f 2369 3332 3356
f 2369 3356 3355
f 2369 3355 3375
f 2369 3375 3389
f 2369 3389 3403
f 2369 3403 3402
f 2369 3402 3412
f 2369 3412 3417
f 2369 3417 3416
f 2369 3416 3419
f 2369 3419 3418
f 2369 3418 3414
f 2369 3414 3413
f 2369 3413 3405
f 2369 3405 3404
f 2369 3404 3391
f 2369 3391 3376
f 2369 3376 3357
f 2369 3357 3335
f 2369 3335 3334
f 2369 3334 3315
f 2369 3315 3314
f 2369 3314 3295
f 2369 3295 3294
f 2369 3294 3271
f 2369 3271 3293
f 2369 3293 3292
f 2369 3292 3291
f 2369 3291 3290
f 2369 3290 3289
f 2369 3289 3266
f 2369 3266 3244
f 2369 3244 3221
f 2369 3221 3199
f 2369 3199 3198
f 2369 3198 3197
f 2369 3197 3196
f 2369 3196 3195
f 2369 3195 3170
f 2369 3170 3169
f 2369 3169 3143
f 2369 3143 3112
f 2369 3112 3111
f 2369 3111 3081
f 2369 3081 3049
f 2369 3049 3016
f 2369 3016 3015
f 2369 3015 3014
f 2369 3014 2977
f 2369 2977 2976
f 2369 2976 2940
f 2369 2940 2902
f 2369 2902 2901
f 2369 2901 2864
f 2369 2864 2823
f 2369 2823 2782
f 2369 2782 2748
f 2369 2748 2719
f 2369 2719 2684
f 2369 2684 2650
f 2369 2650 2649
f 2369 2649 2648
f 2369 2648 2613
f 2369 2613 2577
f 2369 2577 2540
f 2369 2540 2509
f 2369 2509 2474
f 2369 2474 2438
f 2369 2438 2417
f 2369 2417 2402
f 2369 2402 2389
f 2369 2389 2380
f 2369 2380 2374
f 2369 2374 2370
f 2370 2374 2375
f 2370 2375 2371
f 2371 2376 2372
f 2371 2375 2377
f 2371 2377 2376
f 2372 2376 2378
f 2372 2378 2373
f 2373 2378 2379
f 2374 2380 2381
f 2374 2381 2375
f 2375 2381 2382
f 2375 2382 2377
f 2376 2383 2384
f 2376 2384 2378
f 2376 2377 2385
f 2376 2385 2383
f 2377 2382 2386
f 2377 2386 2385
f 2378 2387 2379
f 2378 2384 2394
f 2378 2394 2387
f 2379 2387 2388
f 2380 2389 2390
f 2380 2390 2381
f 2381 2390 2391
f 2381 2391 2382
f 2382 2391 2392
f 2382 2392 2386
f 2383 2393 2394
f 2383 2394 2384
f 2383 2385 2395
f 2383 2395 2396
f 2383 2396 2393
f 2385 2386 2397
f 2385 2397 2398
f 2385 2398 2395
f 2386 2392 2399
f 2386 2399 2397
f 2387 2400 2388
f 2387 2394 2400
f 2388 2400 2401
f 2389 2402 2403
f 2389 2403 2390
f 2390 2403 2404
f 2390 2404 2391
f 2391 2404 2405
f 2391 2405 2392
f 2392 2405 2406
f 2392 2406 2407
f 2392 2407 2399
f 2393 2408 2394
f 2393 2396 2409
f 2393 2409 2408
f 2394 2408 2410
f 2394 2410 2400
f 2395 2398 2396
f 2396 2411 2409
f 2396 2398 2412
f 2396 2412 2411
f 2397 2399 2413
f 2397 2413 2398
f 2398 2413 2426
f 2398 2426 2412
f 2399 2407 2413
f 2400 2410 2414
f 2400 2414 2415
f 2400 2415 2416
f 2400 2416 2401
f 2402 2417 2418
f 2402 2418 2403
f 2403 2418 2419
f 2403 2419 2404
f 2404 2419 2420
f 2404 2420 2421
f 2404 2421 2405
f 2405 2421 2422
f 2405 2422 2406
f 2406 2422 2423
f 2406 2423 2407
f 2407 2423 2424
f 2407 2424 2425
f 2407 2425 2426
f 2407 2426 2413
f 2408 2409 2427
f 2408 2427 2428
f 2408 2428 2429
f 2408 2429 2410
f 2409 2411 2427
f 2410 2429 2414
f 2411 2430 2427
f 2411 2412 2431
f 2411 2431 2430
f 2412 2426 2432
f 2412 2432 2431
f 2414 2433 2434
f 2414 2434 2415
f 2414 2429 2433
f 2415 2434 2435
f 2415 2435 2436
f 2415 2436 2437
f 2415 2437 2416
f 2417 2438 2439
f 2417 2439 2440
f 2417 2440 2418
f 2418 2441 2419
f 2418 2440 2441
f 2419 2441 2442
f 2419 2442 2420
f 2420 2443 2421
f 2420 2442 2443
f 2421 2443 2444
f 2421 2444 2422
f 2422 2445 2423
f 2422 2444 2446
f 2422 2446 2445
f 2423 2445 2447
f 2423 2447 2448
f 2423 2448 2424
f 2424 2448 2449
f 2424 2449 2425
f 2425 2450 2451
f 2425 2451 2432
f 2425 2432 2426
f 2425 2449 2452
f 2425 2452 2453
f 2425 2453 2454
f 2425 2454 2450
f 2427 2430 2455
f 2427 2455 2428
f 2428 2455 2456
f 2428 2456 2457
f 2428 2457 2458
f 2428 2458 2429
f 2429 2458 2433
f 2430 2459 2455
f 2430 2431 2460
f 2430 2460 2459
f 2431 2432 2461
f 2431 2461 2460
f 2432 2451 2461
f 2433 2458 2462
f 2433 2462 2434
f 2434 2462 2463
f 2434 2463 2435
f 2435 2463 2464
f 2435 2464 2465
f 2435 2465 2466
f 2435 2466 2467
f 2435 2467 2468
f 2435 2468 2469
f 2435 2469 2436
f 2436 2470 2437
f 2436 2469 2471
f 2436 2471 2472
f 2436 2472 2473
f 2436 2473 2470
f 2438 2474 2475
f 2438 2475 2440
f 2438 2440 2439
f 2440 2475 2476
f 2440 2476 2477
f 2440 2477 2441
f 2441 2477 2442
f 2442 2477 2478
f 2442 2478 2479
f 2442 2479 2480
f 2442 2480 2443
f 2443 2480 2444
f 2444 2480 2446
f 2445 2446 2481
f 2445 2481 2447
f 2446 2480 2482
f 2446 2482 2481
f 2447 2481 2483
f 2447 2483 2484
f 2447 2484 2448
f 2448 2484 2449
f 2449 2484 2485
f 2449 2485 2452
f 2450 2454 2451
f 2451 2486 2461
f 2451 2454 2487
f 2451 2487 2488
f 2451 2488 2486
f 2452 2485 2489
f 2452 2489 2453
f 2453 2489 2454
f 2454 2489 2490
f 2454 2490 2491
f 2454 2491 2492
f 2454 2492 2487
f 2455 2493 2456
f 2455 2459 2493
f 2456 2493 2494
f 2456 2494 2495
f 2456 2495 2496
f 2456 2496 2457
f 2457 2496 2497
f 2457 2497 2458
f 2458 2497 2462
f 2459 2498 2493
f 2459 2460 2499
f 2459 2499 2498
f 2460 2461 2500
f 2460 2500 2499
f 2461 2486 2501
f 2461 2501 2502
f 2461 2502 2500
f 2462 2497 2496
f 2462 2496 2463
f 2463 2496 2503
f 2463 2503 2464
f 2464 2504 2505
f 2464 2505 2506
f 2464 2506 2465
f 2464 2503 2535
f 2464 2535 2504
f 2465 2506 2507
f 2465 2507 2466
f 2466 2507 2506
f 2466 2506 2538
f 2466 2538 2537
f 2466 2537 2536
f 2466 2536 2574
f 2466 2574 2606
f 2466 2606 2641
f 2466 2641 2675
f 2466 2675 2706
f 2466 2706 2735
f 2466 2735 2763
f 2466 2763 2798
f 2466 2798 2802
f 2466 2802 2844
f 2466 2844 2882
f 2466 2882 2922
f 2466 2922 2883
f 2466 2883 2845
f 2466 2845 2806
f 2466 2806 2767
f 2466 2767 2738
f 2466 2738 2710
f 2466 2710 2679
f 2466 2679 2646
f 2466 2646 2611
f 2466 2611 2576
f 2466 2576 2539
f 2466 2539 2508
f 2466 2508 2472
f 2466 2472 2471
f 2466 2471 2469
f 2466 2469 2468
f 2466 2468 2467
f 2472 2508 2473
f 2474 2509 2510
f 2474 2510 2511
f 2474 2511 2476
f 2474 2476 2475
f 2476 2511 2512
f 2476 2512 2513
f 2476 2513 2477
f 2477 2513 2478
f 2478 2513 2514
f 2478 2514 2479
f 2479 2482 2480
f 2479 2514 2515
f 2479 2515 2482
f 2481 2482 2483
f 2482 2515 2516
f 2482 2516 2483
f 2483 2485 2484
f 2483 2516 2517
f 2483 2517 2485
f 2485 2517 2518
f 2485 2518 2489
f 2486 2488 2519
f 2486 2519 2501
f 2487 2492 2488
f 2488 2492 2519
f 2489 2518 2520
f 2489 2520 2521
f 2489 2521 2490
f 2490 2521 2522
f 2490 2522 2491
f 2491 2523 2549
f 2491 2549 2519
f 2491 2519 2492
f 2491 2522 2553
f 2491 2553 2523
f 2493 2524 2494
f 2493 2498 2524
f 2494 2524 2525
f 2494 2525 2526
f 2494 2526 2527
f 2494 2527 2495
f 2495 2527 2496
f 2496 2527 2503
f 2498 2528 2524
f 2498 2499 2529
f 2498 2529 2528
f 2499 2500 2530
f 2499 2530 2531
f 2499 2531 2529
f 2500 2502 2501
f 2500 2501 2532
f 2500 2532 2530
f 2501 2519 2533
f 2501 2533 2534
f 2501 2534 2532
f 2503 2527 2535
f 2504 2536 2505
f 2504 2535 2536
f 2505 2536 2537
f 2505 2537 2538
f 2505 2538 2506
f 2509 2540 2541
f 2509 2541 2511
f 2509 2511 2510
f 2511 2541 2542
f 2511 2542 2512
f 2512 2542 2543
f 2512 2543 2513
f 2513 2543 2544
f 2513 2544 2514
f 2514 2544 2545
f 2514 2545 2515
f 2515 2545 2546
f 2515 2546 2516
f 2516 2546 2547
f 2516 2547 2517
f 2517 2547 2548
f 2517 2548 2520
f 2517 2520 2518
f 2519 2549 2533
f 2520 2548 2550
f 2520 2550 2551
f 2520 2551 2521
f 2521 2551 2552
f 2521 2552 2522
f 2522 2552 2554
f 2522 2554 2553
f 2523 2555 2556
f 2523 2556 2549
f 2523 2553 2555
f 2524 2528 2557
f 2524 2557 2525
f 2525 2558 2559
f 2525 2559 2526
f 2525 2557 2558
f 2526 2559 2560
f 2526 2560 2561
f 2526 2561 2562
f 2526 2562 2563
f 2526 2563 2564
f 2526 2564 2565
f 2526 2565 2566
f 2526 2566 2535
f 2526 2535 2527
f 2528 2529 2567
f 2528 2567 2557
f 2529 2531 2568
f 2529 2568 2567
f 2530 2569 2531
f 2530 2532 2534
f 2530 2534 2570
f 2530 2570 2571
f 2530 2571 2572
f 2530 2572 2569
f 2531 2569 2568
f 2533 2549 2570
f 2533 2570 2534
f 2535 2566 2573
f 2535 2573 2536
f 2536 2573 2564
f 2536 2564 2574
f 2539 2576 2575
f 2540 2577 2542
f 2540 2542 2578
f 2540 2578 2541
f 2541 2578 2542
f 2542 2577 2579
f 2542 2579 2580
f 2542 2580 2581
f 2542 2581 2543
f 2543 2581 2582
f 2543 2582 2544
f 2544 2582 2583
f 2544 2583 2545
f 2545 2583 2584
f 2545 2584 2546
f 2546 2584 2585
f 2546 2585 2550
f 2546 2550 2547
f 2547 2550 2548
f 2549 2556 2570
f 2550 2585 2586
f 2550 2586 2587
f 2550 2587 2551
f 2551 2587 2588
f 2551 2588 2589
f 2551 2589 2552
f 2552 2589 2590
f 2552 2590 2554
f 2553 2591 2555
f 2553 2554 2592
f 2553 2592 2591
f 2554 2590 2593
f 2554 2593 2592
f 2555 2591 2594
f 2555 2594 2595
f 2555 2595 2596
f 2555 2596 2556
f 2556 2596 2597
f 2556 2597 2570
f 2557 2567 2558
f 2558 2598 2564
f 2558 2564 2563
f 2558 2563 2562
f 2558 2562 2561
f 2558 2561 2560
f 2558 2560 2559
f 2558 2567 2599
f 2558 2599 2598
f 2564 2573 2566
f 2564 2566 2565
f 2564 2598 2600
f 2564 2600 2601
f 2564 2601 2574
f 2567 2568 2602
f 2567 2602 2603
f 2567 2603 2599
f 2568 2569 2572
f 2568 2572 2604
f 2568 2604 2602
f 2570 2597 2571
f 2571 2605 2604
f 2571 2604 2572
f 2571 2597 2605
f 2574 2601 2607
f 2574 2607 2608
f 2574 2608 2609
f 2574 2609 2606
f 2575 2576 2610
f 2576 2611 2612
f 2576 2612 2610
f 2577 2613 2579
f 2579 2613 2580
f 2580 2613 2614
f 2580 2614 2615
f 2580 2615 2616
f 2580 2616 2581
f 2581 2616 2617
f 2581 2617 2582
f 2582 2617 2618
f 2582 2618 2583
f 2583 2618 2619
f 2583 2619 2584
f 2584 2619 2620
f 2584 2620 2586
f 2584 2586 2585
f 2586 2620 2621
f 2586 2621 2622
f 2586 2622 2587
f 2587 2622 2588
f 2588 2622 2623
f 2588 2623 2624
f 2588 2624 2589
f 2589 2625 2590
f 2589 2624 2625
f 2590 2626 2593
f 2590 2625 2626
f 2591 2592 2594
f 2592 2593 2627
f 2592 2627 2594
f 2593 2626 2628
f 2593 2628 2627
f 2594 2629 2630
f 2594 2630 2595
f 2594 2627 2631
f 2594 2631 2629
f 2595 2632 2596
f 2595 2630 2629
f 2595 2629 2631
f 2595 2631 2665
f 2595 2665 2666
f 2595 2666 2667
f 2595 2667 2701
f 2595 2701 2732
f 2595 2732 2700
f 2595 2700 2734
f 2595 2734 2762
f 2595 2762 2797
f 2595 2797 2837
f 2595 2837 2836
f 2595 2836 2875
f 2595 2875 2914
f 2595 2914 2953
f 2595 2953 2990
f 2595 2990 3029
f 2595 3029 3060
f 2595 3060 3092
f 2595 3092 3124
f 2595 3124 3151
f 2595 3151 3181
f 2595 3181 3207
f 2595 3207 3228
f 2595 3228 3251
f 2595 3251 3276
f 2595 3276 3299
f 2595 3299 3321
f 2595 3321 3320
f 2595 3320 3319
f 2595 3319 3340
f 2595 3340 3341
f 2595 3341 3322
f 2595 3322 3302
f 2595 3302 3301
f 2595 3301 3278
f 2595 3278 3277
f 2595 3277 3252
f 2595 3252 3233
f 2595 3233 3232
f 2595 3232 3231
f 2595 3231 3230
f 2595 3230 3229
f 2595 3229 3208
f 2595 3208 3182
f 2595 3182 3152
f 2595 3152 3127
f 2595 3127 3126
f 2595 3126 3125
f 2595 3125 3095
f 2595 3095 3093
f 2595 3093 3063
f 2595 3063 3061
f 2595 3061 3030
f 2595 3030 2992
f 2595 2992 2991
f 2595 2991 2954
f 2595 2954 2915
f 2595 2915 2876
f 2595 2876 2839
f 2595 2839 2838
f 2595 2838 2805
f 2595 2805 2804
f 2595 2804 2803
f 2595 2803 2765
f 2595 2765 2736
f 2595 2736 2707
f 2595 2707 2675
f 2595 2675 2641
f 2595 2641 2642
f 2595 2642 2609
f 2595 2609 2644
f 2595 2644 2676
f 2595 2676 2677
f 2595 2677 2704
f 2595 2704 2703
f 2595 2703 2702
f 2595 2702 2705
f 2595 2705 2672
f 2595 2672 2668
f 2595 2668 2633
f 2595 2633 2632
f 2596 2632 2633
f 2596 2633 2597
f 2597 2633 2605
f 2598 2599 2634
f 2598 2634 2635
f 2598 2635 2600
f 2599 2603 2636
f 2599 2636 2634
f 2600 2635 2637
f 2600 2637 2601
f 2601 2637 2607
f 2602 2604 2638
f 2602 2638 2639
f 2602 2639 2603
f 2603 2639 2636
f 2604 2605 2638
f 2605 2640 2638
f 2605 2633 2640
f 2606 2609 2642
f 2606 2642 2641
f 2607 2637 2643
f 2607 2643 2608
f 2608 2643 2644
f 2608 2644 2609
f 2610 2612 2645
f 2611 2646 2612
f 2612 2646 2647
f 2612 2647 2645
f 2613 2648 2614
f 2614 2648 2615
f 2615 2648 2649
f 2615 2649 2650
f 2615 2650 2651
f 2615 2651 2652
f 2615 2652 2616
f 2616 2652 2653
f 2616 2653 2617
f 2617 2654 2618
f 2617 2653 2654
f 2618 2654 2655
f 2618 2655 2619
f 2619 2655 2656
f 2619 2656 2620
f 2620 2656 2621
f 2621 2656 2657
f 2621 2657 2622
f 2622 2657 2623
f 2623 2657 2658
f 2623 2658 2659
f 2623 2659 2660
f 2623 2660 2624
f 2624 2660 2661
f 2624 2661 2625
f 2625 2661 2662
f 2625 2662 2663
f 2625 2663 2626
f 2626 2663 2664
f 2626 2664 2628
f 2627 2628 2665
f 2627 2665 2631
f 2628 2666 2665
f 2628 2664 2667
f 2628 2667 2666
f 2633 2668 2640
f 2634 2636 2669
f 2634 2669 2635
f 2635 2669 2670
f 2635 2670 2643
f 2635 2643 2637
f 2636 2671 2669
f 2636 2639 2672
f 2636 2672 2673
f 2636 2673 2671
f 2638 2640 2639
f 2639 2640 2674
f 2639 2674 2672
f 2640 2668 2672
f 2640 2672 2674
f 2643 2676 2644
f 2643 2670 2677
f 2643 2677 2676
f 2645 2647 2678
f 2646 2679 2680
f 2646 2680 2647
f 2647 2681 2682
f 2647 2682 2715
f 2647 2715 2683
f 2647 2683 2678
f 2647 2680 2681
f 2650 2684 2685
f 2650 2685 2651
f 2651 2685 2686
f 2651 2686 2687
f 2651 2687 2652
f 2652 2687 2688
f 2652 2688 2653
f 2653 2688 2689
f 2653 2689 2654
f 2654 2689 2690
f 2654 2690 2655
f 2655 2691 2656
f 2655 2690 2692
f 2655 2692 2693
f 2655 2693 2691
f 2656 2691 2657
f 2657 2691 2693
f 2657 2693 2658
f 2658 2693 2694
f 2658 2694 2659
f 2659 2694 2695
f 2659 2695 2696
f 2659 2696 2697
f 2659 2697 2660
f 2660 2697 2661
f 2661 2697 2662
f 2662 2698 2663
f 2662 2697 2699
f 2662 2699 2700
f 2662 2700 2698
f 2663 2698 2664
f 2664 2698 2701
f 2664 2701 2667
f 2669 2671 2702
f 2669 2702 2703
f 2669 2703 2704
f 2669 2704 2670
f 2670 2704 2677
f 2671 2673 2705
f 2671 2705 2702
f 2672 2705 2673
f 2675 2707 2708
f 2675 2708 2706
f 2678 2683 2709
f 2679 2710 2711
f 2679 2711 2681
f 2679 2681 2680
f 2681 2712 2713
f 2681 2713 2682
f 2681 2711 2712
f 2682 2713 2714
f 2682 2714 2715
f 2683 2715 2716
f 2683 2716 2717
f 2683 2717 2718
f 2683 2718 2709
f 2684 2719 2720
f 2684 2720 2686
f 2684 2686 2685
f 2686 2720 2721
f 2686 2721 2722
f 2686 2722 2687
f 2687 2722 2723
f 2687 2723 2688
f 2688 2723 2689
f 2689 2723 2724
f 2689 2724 2690
f 2690 2724 2725
f 2690 2725 2726
f 2690 2726 2692
f 2692 2726 2725
f 2692 2725 2727
f 2692 2727 2693
f 2693 2727 2728
f 2693 2728 2694
f 2694 2728 2695
f 2695 2728 2729
f 2695 2729 2730
f 2695 2730 2696
f 2696 2699 2697
f 2696 2730 2731
f 2696 2731 2699
f 2698 2700 2732
f 2698 2732 2701
f 2699 2731 2733
f 2699 2733 2734
f 2699 2734 2700
f 2706 2708 2735
f 2707 2736 2708
f 2708 2736 2737
f 2708 2737 2735
f 2710 2738 2711
f 2711 2738 2739
f 2711 2739 2740
f 2711 2740 2712
f 2712 2740 2741
f 2712 2741 2713
f 2713 2741 2714
f 2714 2741 2742
f 2714 2742 2743
f 2714 2743 2716
f 2714 2716 2715
f 2716 2743 2744
f 2716 2744 2717
f 2717 2744 2745
f 2717 2745 2746
f 2717 2746 2747
f 2717 2747 2718
f 2719 2748 2749
f 2719 2749 2720
f 2720 2749 2721
f 2721 2749 2750
f 2721 2750 2751
f 2721 2751 2722
f 2722 2751 2752
f 2722 2752 2723
f 2723 2752 2753
f 2723 2753 2724
f 2724 2753 2754
f 2724 2754 2725
f 2725 2754 2755
f 2725 2755 2756
f 2725 2756 2728
f 2725 2728 2727
f 2728 2756 2757
f 2728 2757 2729
f 2729 2757 2758
f 2729 2758 2759
f 2729 2759 2730
f 2730 2759 2760
f 2730 2760 2761
f 2730 2761 2731
f 2731 2761 2733
f 2733 2761 2762
f 2733 2762 2734
f 2735 2737 2764
f 2735 2764 2763
f 2736 2765 2737
f 2737 2766 2764
f 2737 2765 2766
f 2738 2767 2768
f 2738 2768 2739
f 2739 2768 2769
f 2739 2769 2770
f 2739 2770 2771
f 2739 2771 2740
f 2740 2771 2741
f 2741 2771 2772
f 2741 2772 2773
f 2741 2773 2742
f 2742 2773 2774
f 2742 2774 2775
f 2742 2775 2776
f 2742 2776 2743
f 2743 2776 2777
f 2743 2777 2778
f 2743 2778 2779
f 2743 2779 2744
f 2744 2779 2745
f 2745 2779 2780
f 2745 2780 2746
f 2746 2780 2781
f 2748 2782 2783
f 2748 2783 2750
f 2748 2750 2749
f 2750 2783 2784
f 2750 2784 2785
f 2750 2785 2751
f 2751 2785 2786
f 2751 2786 2752
f 2752 2786 2787
f 2752 2787 2753
f 2753 2787 2788
f 2753 2788 2755
f 2753 2755 2754
f 2755 2788 2789
f 2755 2789 2757
f 2755 2757 2756
f 2757 2789 2790
f 2757 2790 2758
f 2758 2790 2791
f 2758 2791 2792
f 2758 2792 2759
f 2759 2792 2793
f 2759 2793 2760
f 2760 2793 2794
f 2760 2794 2761
f 2761 2794 2795
f 2761 2795 2796
f 2761 2796 2797
f 2761 2797 2762
f 2763 2764 2798
f 2764 2766 2799
f 2764 2799 2800
f 2764 2800 2801
f 2764 2801 2802
f 2764 2802 2798
f 2765 2803 2766
f 2766 2803 2804
f 2766 2804 2805
f 2766 2805 2799
f 2767 2806 2769
f 2767 2769 2768
f 2769 2807 2808
f 2769 2808 2809
f 2769 2809 2810
f 2769 2810 2770
f 2769 2806 2807
f 2770 2810 2771
f 2771 2810 2811
f 2771 2811 2772
f 2772 2812 2813
f 2772 2813 2773
f 2772 2811 2812
f 2773 2813 2814
f 2773 2814 2774
f 2774 2814 2815
f 2774 2815 2816
f 2774 2816 2775
f 2775 2816 2817
f 2775 2817 2777
f 2775 2777 2776
f 2777 2817 2818
f 2777 2818 2778
f 2778 2818 2819
f 2778 2819 2820
f 2778 2820 2779
f 2779 2820 2821
f 2779 2821 2780
f 2780 2821 2822
f 2780 2822 2781
f 2782 2823 2783
f 2783 2823 2824
f 2783 2824 2784
f 2784 2824 2825
f 2784 2825 2826
f 2784 2826 2785
f 2785 2826 2827
f 2785 2827 2786
f 2786 2827 2828
f 2786 2828 2787
f 2787 2828 2829
f 2787 2829 2788
f 2788 2829 2830
f 2788 2830 2789
f 2789 2830 2790
f 2790 2831 2832
f 2790 2832 2791
f 2790 2830 2829
f 2790 2829 2831
f 2791 2832 2833
f 2791 2833 2792
f 2792 2833 2834
f 2792 2834 2793
f 2793 2834 2835
f 2793 2835 2794
f 2794 2835 2795
f 2795 2835 2836
f 2795 2836 2837
f 2795 2837 2796
f 2796 2837 2797
f 2799 2805 2838
f 2799 2838 2839
f 2799 2839 2840
f 2799 2840 2800
f 2800 2840 2841
f 2800 2841 2842
f 2800 2842 2843
f 2800 2843 2844
f 2800 2844 2802
f 2800 2802 2801
f 2806 2845 2846
f 2806 2846 2808
f 2806 2808 2807
f 2808 2847 2848
f 2808 2848 2809
f 2808 2846 2847
f 2809 2848 2849
f 2809 2849 2850
f 2809 2850 2851
f 2809 2851 2810
f 2810 2851 2811
f 2811 2851 2812
f 2812 2850 2852
f 2812 2852 2813
f 2812 2851 2850
f 2813 2852 2853
f 2813 2853 2814
f 2814 2853 2815
f 2815 2854 2818
f 2815 2818 2816
f 2815 2853 2855
f 2815 2855 2856
f 2815 2856 2854
f 2816 2818 2817
f 2818 2854 2857
f 2818 2857 2858
f 2818 2858 2859
f 2818 2859 2819
f 2819 2859 2820
f 2820 2859 2860
f 2820 2860 2821
f 2821 2860 2861
f 2821 2861 2862
f 2821 2862 2863
f 2821 2863 2822
f 2823 2864 2824
f 2824 2864 2865
f 2824 2865 2825
f 2825 2865 2866
f 2825 2866 2867
f 2825 2867 2826
f 2826 2867 2827
f 2827 2867 2868
f 2827 2868 2828
f 2828 2868 2869
f 2828 2869 2832
f 2828 2832 2831
f 2828 2831 2829
f 2832 2869 2870
f 2832 2870 2833
f 2833 2870 2871
f 2833 2871 2872
f 2833 2872 2834
f 2834 2872 2873
f 2834 2873 2835
f 2835 2874 2836
f 2835 2873 2874
f 2836 2874 2875
f 2839 2876 2877
f 2839 2877 2840
f 2840 2877 2878
f 2840 2878 2879
f 2840 2879 2841
f 2841 2879 2842
f 2842 2879 2880
f 2842 2880 2843
f 2843 2880 2881
f 2843 2881 2882
f 2843 2882 2844
f 2845 2883 2884
f 2845 2884 2846
f 2846 2884 2847
f 2847 2885 2886
f 2847 2886 2887
f 2847 2887 2848
f 2847 2884 2885
f 2848 2887 2888
f 2848 2888 2849
f 2849 2888 2850
f 2850 2888 2889
f 2850 2889 2890
f 2850 2890 2852
f 2852 2890 2853
f 2853 2890 2855
f 2854 2856 2857
f 2855 2890 2891
f 2855 2891 2892
f 2855 2892 2856
f 2856 2892 2893
f 2856 2893 2857
f 2857 2894 2895
f 2857 2895 2858
f 2857 2893 2896
f 2857 2896 2894
f 2858 2895 2897
f 2858 2897 2859
f 2859 2897 2860
f 2860 2897 2898
f 2860 2898 2861
f 2861 2899 2862
f 2861 2898 2900
f 2861 2900 2899
f 2864 2901 2865
f 2865 2901 2902
f 2865 2902 2903
f 2865 2903 2866
f 2866 2903 2904
f 2866 2904 2905
f 2866 2905 2867
f 2867 2905 2906
f 2867 2906 2868
f 2868 2906 2907
f 2868 2907 2869
f 2869 2907 2870
f 2870 2907 2908
f 2870 2908 2909
f 2870 2909 2871
f 2871 2909 2910
f 2871 2910 2911
f 2871 2911 2872
f 2872 2911 2912
f 2872 2912 2873
f 2873 2912 2913
f 2873 2913 2874
f 2874 2913 2914
f 2874 2914 2875
f 2876 2915 2877
f 2877 2915 2916
f 2877 2916 2917
f 2877 2917 2878
f 2878 2917 2918
f 2878 2918 2919
f 2878 2919 2879
f 2879 2919 2920
f 2879 2920 2921
f 2879 2921 2880
f 2880 2921 2881
f 2881 2921 2922
f 2881 2922 2882
f 2883 2922 2884
f 2884 2923 2921
f 2884 2921 2920
f 2884 2920 2885
f 2884 2922 2923
f 2885 2920 2919
f 2885 2919 2886
f 2886 2919 2887
f 2887 2919 2924
f 2887 2924 2925
f 2887 2925 2888
f 2888 2925 2889
f 2889 2925 2890
f 2890 2925 2926
f 2890 2926 2891
f 2891 2926 2927
f 2891 2927 2928
f 2891 2928 2892
f 2892 2928 2929
f 2892 2929 2893
f 2893 2929 2930
f 2893 2930 2896
f 2894 2896 2931
f 2894 2931 2895
f 2895 2931 2932
f 2895 2932 2933
f 2895 2933 2897
f 2896 2930 2934
f 2896 2934 2931
f 2897 2933 2898
f 2898 2933 2935
f 2898 2935 2936
f 2898 2936 2900
f 2899 2900 2937
f 2900 2936 2938
f 2900 2938 2939
f 2900 2939 2937
f 2902 2940 2903
f 2903 2940 2941
f 2903 2941 2904
f 2904 2941 2942
f 2904 2942 2943
f 2904 2943 2905
f 2905 2943 2906
f 2906 2943 2944
f 2906 2944 2945
f 2906 2945 2907
f 2907 2945 2946
f 2907 2946 2908
f 2908 2946 2909
f 2909 2947 2948
f 2909 2948 2910
f 2909 2946 2949
f 2909 2949 2947
f 2910 2948 2950
f 2910 2950 2951
f 2910 2951 2911
f 2911 2951 2912
f 2912 2951 2952
f 2912 2952 2913
f 2913 2952 2953
f 2913 2953 2914
f 2915 2954 2916
f 2916 2954 2955
f 2916 2955 2956
f 2916 2956 2917
f 2917 2956 2957
f 2917 2957 2958
f 2917 2958 2959
f 2917 2959 2918
f 2918 2959 2960
f 2918 2960 2924
f 2918 2924 2919
f 2921 2923 2922
f 2924 2960 2925
f 2925 2960 2926
f 2926 2960 2959
f 2926 2959 2927
f 2927 2959 2961
f 2927 2961 2962
f 2927 2962 2963
f 2927 2963 2928
f 2928 2963 2929
f 2929 2963 2964
f 2929 2964 2965
f 2929 2965 2966
f 2929 2966 2930
f 2930 2966 2967
f 2930 2967 2934
f 2931 2934 2968
f 2931 2968 2932
f 2932 2935 2933
f 2932 2968 2935
f 2934 2967 2969
f 2934 2969 2968
f 2935 2968 2970
f 2935 2970 2971
f 2935 2971 2936
f 2936 2971 2938
f 2937 2939 2972
f 2938 2971 2973
f 2938 2973 2974
f 2938 2974 2975
f 2938 2975 2939
f 2939 2975 2972
f 2940 2976 2941
f 2941 2976 2977
f 2941 2977 2978
f 2941 2978 2942
f 2942 2978 3017
f 2942 3017 2979
f 2942 2979 2980
f 2942 2980 2943
f 2943 2980 2981
f 2943 2981 2944
f 2944 2981 2982
f 2944 2982 2945
f 2945 2982 2947
f 2945 2947 2946
f 2946 2947 2949
f 2947 2982 2983
f 2947 2983 2948
f 2948 2983 2984
f 2948 2984 2985
f 2948 2985 2950
f 2950 2985 2986
f 2950 2986 2987
f 2950 2987 2951
f 2951 2987 2988
f 2951 2988 2952
f 2952 2988 2953
f 2953 2988 2989
f 2953 2989 2990
f 2954 2991 2955
f 2955 2991 2992
f 2955 2992 2993
f 2955 2993 2956
f 2956 2993 2957
f 2957 2993 2994
f 2957 2994 2995
f 2957 2995 2958
f 2958 2996 2959
f 2958 2995 2997
f 2958 2997 2996
f 2959 2996 2961
f 2961 2996 2962
f 2962 2996 2998
f 2962 2998 2999
f 2962 2999 2963
f 2963 2999 2964
f 2964 2999 3000
f 2964 3000 3001
f 2964 3001 3002
f 2964 3002 2965
f 2965 3002 2966
f 2966 3002 3003
f 2966 3003 3004
f 2966 3004 2967
f 2967 3004 3005
f 2967 3005 2969
f 2968 2969 3006
f 2968 3006 3008
f 2968 3008 2970
f 2969 3005 3007
f 2969 3007 3006
f 2970 3008 2971
f 2971 3008 2973
f 2972 2975 3009
f 2973 3008 3010
f 2973 3010 3011
f 2973 3011 2974
f 2974 3011 3012
f 2974 3012 2975
f 2975 3012 3013
f 2975 3013 3009
f 2977 3014 2978
f 2978 3014 3015
f 2978 3015 3016
f 2978 3016 3017
f 2979 3017 3018
f 2979 3018 3019
f 2979 3019 2980
f 2980 3019 3020
f 2980 3020 2981
f 2981 3020 3021
f 2981 3021 3022
f 2981 3022 2982
f 2982 3022 2983
f 2983 3022 2984
f 2984 3022 3021
f 2984 3021 3023
f 2984 3023 3024
f 2984 3024 3025
f 2984 3025 2985
f 2985 3025 2986
f 2986 3025 3026
f 2986 3026 3027
f 2986 3027 2987
f 2987 3027 3028
f 2987 3028 2988
f 2988 3028 2990
f 2988 2990 2989
f 2990 3028 3029
f 2992 3030 2994
f 2992 2994 2993
f 2994 3030 3031
f 2994 3031 2995
f 2995 3031 3032
f 2995 3032 2997
f 2996 2997 2998
f 2997 3032 3033
f 2997 3033 2998
f 2998 3033 3034
f 2998 3034 2999
f 2999 3034 3000
f 3000 3034 3035
f 3000 3035 3036
f 3000 3036 3037
f 3000 3037 3001
f 3001 3037 3002
f 3002 3037 3003
f 3003 3037 3038
f 3003 3038 3039
f 3003 3039 3004
f 3004 3039 3005
f 3005 3039 3040
f 3005 3040 3007
f 3006 3007 3041
f 3006 3041 3008
f 3007 3040 3041
f 3008 3041 3042
f 3008 3042 3010
f 3009 3013 3043
f 3010 3042 3044
f 3010 3044 3045
f 3010 3045 3013
f 3010 3013 3011
f 3011 3013 3012
f 3013 3045 3046
f 3013 3046 3047
f 3013 3047 3048
f 3013 3048 3043
f 3016 3049 3050
f 3016 3050 3017
f 3017 3050 3018
f 3018 3051 3052
f 3018 3052 3019
f 3018 3050 3051
f 3019 3052 3053
f 3019 3053 3020
f 3020 3053 3054
f 3020 3054 3021
f 3021 3054 3055
f 3021 3055 3023
f 3023 3055 3024
f 3024 3056 3057
f 3024 3057 3025
f 3024 3055 3056
f 3025 3057 3058
f 3025 3058 3026
f 3026 3058 3090
f 3026 3090 3059
f 3026 3059 3027
f 3027 3059 3060
f 3027 3060 3028
f 3028 3060 3029
f 3030 3061 3031
f 3031 3062 3033
f 3031 3033 3032
f 3031 3061 3063
f 3031 3063 3064
f 3031 3064 3062
f 3033 3062 3065
f 3033 3065 3034
f 3034 3065 3066
f 3034 3066 3035
f 3035 3066 3067
f 3035 3067 3036
f 3036 3068 3037
f 3036 3067 3069
f 3036 3069 3070
f 3036 3070 3068
f 3037 3068 3038
f 3038 3068 3040
f 3038 3040 3039
f 3040 3071 3072
f 3040 3072 3073
f 3040 3073 3041
f 3040 3068 3074
f 3040 3074 3075
f 3040 3075 3071
f 3041 3073 3076
f 3041 3076 3042
f 3042 3076 3077
f 3042 3077 3044
f 3044 3077 3078
f 3044 3078 3079
f 3044 3079 3045
f 3045 3079 3046
f 3046 3079 3080
f 3049 3081 3082
f 3049 3082 3050
f 3050 3082 3051
f 3051 3082 3083
f 3051 3083 3084
f 3051 3084 3052
f 3052 3084 3085
f 3052 3085 3086
f 3052 3086 3087
f 3052 3087 3053
f 3053 3087 3056
f 3053 3056 3054
f 3054 3056 3055
f 3056 3087 3086
f 3056 3086 3057
f 3057 3086 3088
f 3057 3088 3089
f 3057 3089 3058
f 3058 3089 3090
f 3059 3090 3091
f 3059 3091 3060
f 3060 3091 3092
f 3062 3064 3065
f 3063 3093 3064
f 3064 3094 3065
f 3064 3093 3095
f 3064 3095 3096
f 3064 3096 3094
f 3065 3094 3066
f 3066 3094 3097
f 3066 3097 3098
f 3066 3098 3067
f 3067 3098 3069
f 3068 3070 3074
f 3069 3098 3099
f 3069 3099 3100
f 3069 3100 3070
f 3070 3100 3074
f 3071 3075 3101
f 3071 3101 3102
f 3071 3102 3072
f 3072 3102 3103
f 3072 3103 3076
f 3072 3076 3073
f 3074 3100 3104
f 3074 3104 3075
f 3075 3104 3105
f 3075 3105 3101
f 3076 3103 3102
f 3076 3102 3106
f 3076 3106 3077
f 3077 3107 3078
f 3077 3106 3107
f 3078 3107 3108
f 3078 3108 3140
f 3078 3140 3109
f 3078 3109 3079
f 3079 3109 3110
f 3079 3110 3080
f 3081 3111 3082
f 3082 3111 3112
f 3082 3112 3113
f 3082 3113 3083
f 3083 3113 3114
f 3083 3114 3115
f 3083 3115 3084
f 3084 3115 3116
f 3084 3116 3117
f 3084 3117 3086
f 3084 3086 3085
f 3086 3117 3088
f 3088 3117 3116
f 3088 3116 3115
f 3088 3115 3118
f 3088 3118 3119
f 3088 3119 3120
f 3088 3120 3089
f 3089 3120 3121
f 3089 3121 3090
f 3090 3121 3091
f 3091 3121 3092
f 3092 3121 3122
f 3092 3122 3123
f 3092 3123 3124
f 3094 3096 3097
f 3095 3125 3096
f 3096 3125 3126
f 3096 3126 3127
f 3096 3127 3097
f 3097 3127 3128
f 3097 3128 3099
f 3097 3099 3098
f 3099 3128 3100
f 3100 3128 3129
f 3100 3129 3130
f 3100 3130 3131
f 3100 3131 3132
f 3100 3132 3104
f 3101 3106 3102
f 3101 3105 3133
f 3101 3133 3106
f 3104 3132 3134
f 3104 3134 3105
f 3105 3134 3135
f 3105 3135 3133
f 3106 3133 3136
f 3106 3136 3137
f 3106 3137 3107
f 3107 3137 3138
f 3107 3138 3108
f 3108 3138 3139
f 3108 3139 3140
f 3109 3140 3141
f 3109 3141 3142
f 3109 3142 3110
f 3112 3143 3113
f 3113 3143 3144
f 3113 3144 3114
f 3114 3144 3145
f 3114 3145 3118
f 3114 3118 3115
f 3118 3145 3146
f 3118 3146 3147
f 3118 3147 3119
f 3119 3147 3148
f 3119 3148 3149
f 3119 3149 3120
f 3120 3149 3122
f 3120 3122 3121
f 3122 3149 3150
f 3122 3150 3123
f 3123 3150 3151
f 3123 3151 3124
f 3127 3152 3128
f 3128 3152 3153
f 3128 3153 3154
f 3128 3154 3129
f 3129 3154 3130
f 3130 3155 3131
f 3130 3154 3156
f 3130 3156 3157
f 3130 3157 3158
f 3130 3158 3155
f 3131 3159 3132
f 3131 3155 3159
f 3132 3159 3134
f 3133 3160 3136
f 3133 3135 3161
f 3133 3161 3160
f 3134 3159 3162
f 3134 3162 3135
f 3135 3162 3163
f 3135 3163 3161
f 3136 3160 3164
f 3136 3164 3137
f 3137 3164 3138
f 3138 3164 3139
f 3139 3164 3165
f 3139 3165 3166
f 3139 3166 3140
f 3140 3166 3167
f 3140 3167 3168
f 3140 3168 3141
f 3143 3169 3144
f 3144 3169 3170
f 3144 3170 3171
f 3144 3171 3145
f 3145 3171 3172
f 3145 3172 3146
f 3146 3172 3173
f 3146 3173 3174
f 3146 3174 3148
f 3146 3148 3147
f 3148 3174 3175
f 3148 3175 3176
f 3148 3176 3149
f 3149 3176 3150
f 3150 3176 3177
f 3150 3177 3178
f 3150 3178 3151
f 3151 3178 3179
f 3151 3179 3180
f 3151 3180 3181
f 3152 3182 3153
f 3153 3182 3183
f 3153 3183 3154
f 3154 3183 3156
f 3155 3184 3159
f 3155 3158 3184
f 3156 3185 3186
f 3156 3186 3157
f 3156 3183 3185
f 3157 3186 3187
f 3157 3187 3158
f 3158 3187 3188
f 3158 3188 3189
f 3158 3189 3184
f 3159 3184 3162
f 3160 3161 3164
f 3161 3163 3190
f 3161 3190 3191
f 3161 3191 3164
f 3162 3184 3163
f 3163 3184 3192
f 3163 3192 3190
f 3164 3191 3165
f 3165 3193 3166
f 3165 3191 3193
f 3166 3193 3194
f 3166 3194 3167
f 3170 3195 3171
f 3171 3195 3196
f 3171 3196 3172
f 3172 3196 3197
f 3172 3197 3173
f 3173 3197 3198
f 3173 3198 3199
f 3173 3199 3174
f 3174 3199 3200
f 3174 3200 3201
f 3174 3201 3175
f 3175 3201 3202
f 3175 3202 3203
f 3175 3203 3176
f 3176 3203 3177
f 3177 3203 3204
f 3177 3204 3179
f 3177 3179 3178
f 3179 3204 3205
f 3179 3205 3206
f 3179 3206 3180
f 3180 3206 3181
f 3181 3206 3207
f 3182 3208 3183
f 3183 3208 3209
f 3183 3209 3185
f 3184 3189 3192
f 3185 3209 3210
f 3185 3210 3186
f 3186 3211 3187
f 3186 3210 3212
f 3186 3212 3211
f 3187 3211 3213
f 3187 3213 3188
f 3188 3213 3214
f 3188 3214 3215
f 3188 3215 3189
f 3189 3215 3216
f 3189 3216 3192
f 3190 3192 3217
f 3190 3217 3218
f 3190 3218 3219
f 3190 3219 3220
f 3190 3220 3191
f 3191 3220 3219
f 3191 3219 3193
f 3192 3216 3217
f 3193 3219 3194
f 3199 3221 3200
f 3200 3221 3222
f 3200 3222 3201
f 3201 3222 3202
f 3202 3222 3223
f 3202 3223 3203
f 3203 3223 3204
f 3204 3223 3224
f 3204 3224 3205
f 3205 3224 3225
f 3205 3225 3226
f 3205 3226 3227
f 3205 3227 3206
f 3206 3227 3207
f 3207 3227 3228
f 3208 3229 3209
f 3209 3229 3230
f 3209 3230 3231
f 3209 3231 3210
f 3210 3231 3232
f 3210 3232 3233
f 3210 3233 3234
f 3210 3234 3212
f 3211 3212 3235
f 3211 3235 3236
f 3211 3236 3213
f 3212 3234 3235
f 3213 3237 3214
f 3213 3236 3237
f 3214 3238 3215
f 3214 3237 3239
f 3214 3239 3238
f 3215 3238 3240
f 3215 3240 3216
f 3216 3240 3241
f 3216 3241 3217
f 3217 3242 3218
f 3217 3241 3242
f 3218 3242 3243
f 3218 3243 3219
f 3221 3244 3222
f 3222 3244 3245
f 3222 3245 3246
f 3222 3246 3223
f 3223 3246 3247
f 3223 3247 3224
f 3224 3247 3248
f 3224 3248 3225
f 3225 3248 3249
f 3225 3249 3226
f 3226 3249 3250
f 3226 3250 3227
f 3227 3250 3251
f 3227 3251 3228
f 3233 3252 3234
f 3234 3252 3253
f 3234 3253 3254
f 3234 3254 3235
f 3235 3254 3255
f 3235 3255 3236
f 3236 3255 3256
f 3236 3256 3237
f 3237 3256 3257
f 3237 3257 3239
f 3238 3239 3258
f 3238 3258 3259
f 3238 3259 3240
f 3239 3257 3260
f 3239 3260 3258
f 3240 3259 3261
f 3240 3261 3241
f 3241 3261 3262
f 3241 3262 3242
f 3242 3263 3264
f 3242 3264 3265
f 3242 3265 3243
f 3242 3262 3263
f 3244 3266 3245
f 3245 3266 3267
f 3245 3267 3268
f 3245 3268 3246
f 3246 3268 3247
f 3247 3268 3269
f 3247 3269 3248
f 3248 3270 3249
f 3248 3269 3270
f 3249 3270 3271
f 3249 3271 3272
f 3249 3272 3273
f 3249 3273 3274
f 3249 3274 3250
f 3250 3274 3275
f 3250 3275 3251
f 3251 3275 3276
f 3252 3277 3253
f 3253 3277 3254
f 3254 3277 3278
f 3254 3278 3255
f 3255 3279 3256
f 3255 3278 3279
f 3256 3279 3280
f 3256 3280 3257
f 3257 3280 3281
f 3257 3281 3260
f 3258 3260 3282
f 3258 3282 3283
f 3258 3283 3284
f 3258 3284 3259
f 3259 3284 3261
f 3260 3281 3282
f 3261 3285 3262
f 3261 3284 3285
f 3262 3285 3286
f 3262 3286 3287
f 3262 3287 3263
f 3263 3287 3264
f 3264 3287 3288
f 3266 3289 3267
f 3267 3289 3269
f 3267 3269 3268
f 3269 3289 3290
f 3269 3290 3291
f 3269 3291 3292
f 3269 3292 3270
f 3270 3292 3293
f 3270 3293 3271
f 3271 3294 3272
f 3272 3295 3273
f 3272 3294 3295
f 3273 3295 3296
f 3273 3296 3274
f 3274 3296 3297
f 3274 3297 3275
f 3275 3297 3298
f 3275 3298 3276
f 3276 3298 3300
f 3276 3300 3299
f 3278 3301 3279
f 3279 3301 3280
f 3280 3301 3302
f 3280 3302 3281
f 3281 3303 3282
f 3281 3302 3304
f 3281 3304 3305
f 3281 3305 3303
f 3282 3303 3306
f 3282 3306 3283
f 3283 3307 3308
f 3283 3308 3284
f 3283 3306 3307
f 3284 3308 3285
f 3285 3308 3309
f 3285 3309 3310
f 3285 3310 3311
f 3285 3311 3286
f 3286 3311 3310
f 3286 3310 3312
f 3286 3312 3313
f 3286 3313 3287
f 3287 3313 3288
f 3295 3314 3296
f 3296 3314 3315
f 3296 3315 3316
f 3296 3316 3317
f 3296 3317 3297
f 3297 3317 3318
f 3297 3318 3298
f 3298 3299 3300
f 3298 3318 3319
f 3298 3319 3320
f 3298 3320 3321
f 3298 3321 3299
f 3302 3322 3323
f 3302 3323 3304
f 3303 3324 3306
f 3303 3305 3324
f 3304 3323 3325
f 3304 3325 3305
f 3305 3325 3326
f 3305 3326 3324
f 3306 3324 3327
f 3306 3327 3328
f 3306 3328 3307
f 3307 3328 3329
f 3307 3329 3330
f 3307 3330 3308
f 3308 3330 3309
f 3309 3330 3331
f 3309 3331 3310
f 3310 3331 3332
f 3310 3333 3312
f 3312 3333 3313
f 3315 3334 3316
f 3316 3334 3335
f 3316 3335 3336
f 3316 3336 3337
f 3316 3337 3317
f 3317 3337 3338
f 3317 3338 3339
f 3317 3339 3340
f 3317 3340 3318
f 3318 3340 3319
f 3322 3341 3342
f 3322 3342 3343
f 3322 3343 3344
f 3322 3344 3345
f 3322 3345 3346
f 3322 3346 3347
f 3322 3347 3348
f 3322 3348 3325
f 3322 3325 3323
f 3324 3326 3327
f 3325 3348 3349
f 3325 3349 3326
f 3326 3350 3327
f 3326 3349 3351
f 3326 3351 3350
f 3327 3350 3328
f 3328 3350 3352
f 3328 3352 3329
f 3329 3352 3353
f 3329 3353 3354
f 3329 3354 3330
f 3330 3354 3331
f 3331 3354 3355
f 3331 3355 3356
f 3331 3356 3332
f 3335 3357 3336
f 3336 3357 3358
f 3336 3358 3377
f 3336 3377 3359
f 3336 3359 3360
f 3336 3360 3337
f 3337 3360 3338
f 3338 3360 3339
f 3339 3360 3361
f 3339 3361 3341
f 3339 3341 3340
f 3341 3361 3360
f 3341 3360 3342
f 3342 3360 3362
f 3342 3362 3343
f 3343 3363 3364
f 3343 3364 3344
f 3343 3362 3363
f 3344 3364 3345
f 3345 3364 3365
f 3345 3365 3366
f 3345 3366 3347
f 3345 3347 3346
f 3347 3366 3367
f 3347 3367 3349
f 3347 3349 3348
f 3349 3367 3351
f 3350 3351 3368
f 3350 3368 3352
f 3351 3367 3369
f 3351 3369 3370
f 3351 3370 3371
f 3351 3371 3368
f 3352 3368 3371
f 3352 3371 3372
f 3352 3372 3353
f 3353 3372 3373
f 3353 3373 3374
f 3353 3374 3354
f 3354 3374 3355
f 3355 3374 3375
f 3357 3376 3358
f 3358 3376 3377
f 3359 3377 3362
f 3359 3362 3360
f 3362 3377 3378
f 3362 3378 3363
f 3363 3378 3379
f 3363 3379 3380
f 3363 3380 3381
f 3363 3381 3364
f 3364 3381 3382
f 3364 3382 3365
f 3365 3382 3366
f 3366 3383 3384
f 3366 3384 3369
f 3366 3369 3367
f 3366 3382 3383
f 3369 3384 3385
f 3369 3385 3370
f 3370 3385 3371
f 3371 3385 3386
f 3371 3386 3372
f 3372 3386 3387
f 3372 3387 3373
f 3373 3387 3388
f 3373 3388 3389
f 3373 3389 3390
f 3373 3390 3374
f 3374 3390 3375
f 3375 3390 3389
f 3376 3391 3392
f 3376 3392 3377
f 3377 3392 3378
f 3378 3393 3379
f 3378 3392 3393
f 3379 3393 3394
f 3379 3394 3380
f 3380 3394 3395
f 3380 3395 3396
f 3380 3396 3381
f 3381 3396 3382
f 3382 3396 3383
f 3383 3397 3398
f 3383 3398 3384
f 3383 3396 3397
f 3384 3398 3399
f 3384 3399 3385
f 3385 3399 3386
f 3386 3400 3387
f 3386 3399 3400
f 3387 3401 3402
f 3387 3402 3403
f 3387 3403 3388
f 3387 3400 3401
f 3388 3403 3389
f 3391 3404 3393
f 3391 3393 3392
f 3393 3404 3405
f 3393 3405 3406
f 3393 3406 3394
f 3394 3406 3395
f 3395 3406 3407
f 3395 3407 3396
f 3396 3407 3397
f 3397 3407 3408
f 3397 3408 3409
f 3397 3409 3398
f 3398 3409 3399
f 3399 3409 3410
f 3399 3410 3411
f 3399 3411 3400
f 3400 3411 3412
f 3400 3412 3401
f 3401 3412 3402
f 3405 3413 3406
f 3406 3413 3414
f 3406 3414 3407
f 3407 3414 3408
f 3408 3414 3415
f 3408 3415 3409
f 3409 3415 3416
f 3409 3416 3410
f 3410 3416 3411
f 3411 3416 3417
f 3411 3417 3412
f 3414 3418 3415
f 3415 3418 3419
f 3415 3419 3416

o geometry_4
v 0.22509418 -0.02473618 0.00654005
v 0.22500565 -0.04120150 0.00654005
v 0.22487287 -0.04120150 -0.00991291
v 0.22491713 -0.02473618 -0.00991291
v 0.22496139 -0.00827086 0.00654005
v 0.22496139 -0.00827086 0.02299300
v 0.22496139 -0.02473618 0.02299300
v 0.22474008 -0.05763788 0.00654005
v 0.22451879 -0.06886555 -0.00564005
v 0.22465156 -0.05844813 -0.01064960
v 0.22482861 -0.04120150 0.02299300
v 0.22451879 -0.05352878 -0.01993201
v 0.22460731 -0.04120150 -0.02219122
v 0.22460731 -0.02473618 -0.02366463
v 0.22434174 -0.00827086 -0.03019670
v 0.22451879 -0.00827086 -0.02199478
v 0.22447453 0.00122057 -0.01949000
v 0.22474008 -0.00827086 -0.00991291
v 0.22376635 0.09040531 0.05589890
v 0.22394340 0.09040531 0.07240097
v 0.22394340 0.09040531 0.07249919
v 0.22403192 0.07405575 0.07240097
v 0.22469582 -0.00827086 0.03944596
v 0.22460731 -0.02418637 0.04018264
v 0.22451879 -0.06860511 0.00654005
v 0.22456305 -0.05691445 0.02186340
v 0.22425322 -0.07682331 0.00654005
v 0.22367783 -0.09056852 -0.00991291
v 0.22425322 -0.07424788 -0.01064960
v 0.22438600 -0.06446708 -0.01664143
v 0.22456305 -0.04120150 0.03517310
v 0.22447453 -0.05095337 0.03257010
v 0.22372209 -0.07410320 -0.02636586
v 0.22412045 -0.05844813 -0.02577650
v 0.22363358 -0.04120150 -0.04281880
v 0.22425322 -0.04120150 -0.03044226
v 0.22434174 -0.02473618 -0.03191565
v 0.22389914 -0.00827086 -0.04281880
v 0.22376635 0.00819446 -0.04281880
v 0.22354506 0.02465978 -0.04281880
v 0.22310245 0.04112510 -0.04281880
v 0.22217297 0.05759042 -0.05927175
v 0.22022551 0.07405575 -0.07572471
v 0.21752563 0.09040531 -0.07572471
v 0.22372209 0.09040531 0.07770520
v 0.22381062 0.07405575 0.07770520
v 0.22403192 0.04112510 0.07240097
v 0.22447453 -0.00827086 0.04931771
v 0.22443027 -0.01831210 0.04823724
v 0.22438600 -0.02927933 0.04617447
v 0.22443027 -0.06649269 0.01562600
v 0.22429748 -0.06189166 0.02657827
v 0.22407617 -0.07282996 0.02186340
v 0.22367783 -0.09056852 0.00654005
v 0.22274836 -0.10703384 -0.00991291
v 0.22310245 -0.09056852 -0.02636586
v 0.22279262 -0.10703384 0.00654005
v 0.22429748 -0.04120150 0.04342413
v 0.22403192 -0.05691445 0.03861103
v 0.22341227 -0.07410320 0.03944596
v 0.22279262 -0.07410320 -0.04281880
v 0.22327949 -0.05763788 -0.04281880
v 0.22385488 -0.02473618 -0.04281880
v 0.22257133 -0.04120150 -0.05927175
v 0.22283689 -0.02473618 -0.05927175
v 0.22296967 0.00819446 -0.05927175
v 0.22292541 0.02465978 -0.05927175
v 0.22265985 0.04112510 -0.05927175
v 0.22115499 0.05759042 -0.07572471
v 0.21849936 0.07405575 -0.09222677
v 0.21641913 0.09040531 -0.09207943
v -0.21317302 0.09040531 0.07770520
v 0.22381062 0.05759042 0.07770520
v 0.22389914 0.02465978 0.07240097
v 0.22429748 0.00819446 0.05791255
v 0.22372209 0.04112510 0.07770520
v 0.22416471 -0.00827086 0.05756875
v 0.22412045 -0.02418637 0.05462196
v 0.22327949 -0.09056852 0.02299300
v 0.22177463 -0.12349916 0.00654005
v 0.22168612 -0.12349916 -0.00991291
v 0.22217297 -0.10703384 -0.02636586
v 0.22124352 -0.10703384 -0.04281880
v 0.22212872 -0.09056852 -0.04281880
v 0.22239428 -0.10703384 0.02299300
v 0.22372209 -0.04120150 0.05589890
v 0.22319098 -0.05763788 0.05589890
v 0.22257133 -0.07410320 0.05589890
v 0.22265985 -0.09056852 0.03944596
v 0.22155334 -0.07410320 -0.05927175
v 0.22212872 -0.05763788 -0.05927175
v 0.22292541 -0.00827086 -0.05927175
v 0.22106647 -0.04120150 -0.07572471
v 0.22137629 -0.02473618 -0.07572471
v 0.22150907 -0.00827086 -0.07572471
v 0.22159760 0.02465978 -0.07572471
v 0.22146481 0.04112510 -0.07572471
v 0.21911901 0.05759042 -0.09222677
v 0.21641913 0.05759042 -0.10867972
v 0.21575521 0.07405575 -0.10867972
v 0.21420610 0.09040531 -0.10867972
v -0.21414675 0.09040531 0.07240097
v -0.21321728 0.09002913 0.07770520
v 0.22345653 -0.00827086 0.07240097
v 0.22354506 0.02465978 0.07770520
v 0.22314672 -0.02473618 0.07240097
v 0.22053534 -0.13993555 0.00654005
v 0.22049108 -0.13993555 -0.00991291
v 0.22133203 -0.12349916 0.02299300
v 0.22111073 -0.12349916 -0.02636586
v 0.22013700 -0.12349916 -0.04281880
v 0.22000422 -0.10703384 -0.05927175
v 0.22084516 -0.09056852 -0.05927175
v 0.22173037 -0.10703384 0.03944596
v 0.22265985 -0.04120150 0.07240097
v 0.22208446 -0.05763788 0.07240097
v 0.22181889 -0.09056852 0.05589890
v 0.22146481 -0.07410320 0.07240097
v 0.22093369 -0.10703384 0.05589890
v 0.21929606 -0.09056852 -0.07572471
v 0.21995996 -0.07410320 -0.07572471
v 0.22053534 -0.05763788 -0.07572471
v 0.21810102 -0.07410320 -0.09222677
v 0.21863214 -0.05763788 -0.09222677
v 0.21907475 -0.04120150 -0.09222677
v 0.21938457 -0.02473618 -0.09222677
v 0.21951735 -0.00827086 -0.09222677
v 0.21951735 0.02465978 -0.09222677
v 0.21938457 0.04112510 -0.09222677
v 0.21677321 0.04112510 -0.10867972
v 0.21371923 0.04112510 -0.12513268
v 0.21327663 0.05759042 -0.12513268
v 0.21252419 0.07405575 -0.12513268
v 0.21124064 0.09040531 -0.12513268
v -0.21587292 0.07405575 0.07240097
v -0.21494345 0.07405575 0.07770520
v -0.21635978 0.09040531 0.05580068
v 0.22301393 -0.00827086 0.07770520
v 0.22265985 -0.02473618 0.07770520
v 0.21885344 -0.15640086 0.00654005
v 0.21885344 -0.15640086 -0.00991291
v 0.22004848 -0.13993555 0.02299300
v 0.21836659 -0.15640086 -0.02636586
v 0.21987143 -0.13993555 -0.02636586
v 0.22057961 -0.12349916 0.03944596
v 0.21885344 -0.13993555 -0.04281880
v 0.21637485 -0.15640086 -0.05927175
v 0.21765841 -0.13993555 -0.05927175
v 0.21889770 -0.12349916 -0.05927175
v 0.21743711 -0.12349916 -0.07572471
v 0.21849936 -0.10703384 -0.07572471
v 0.22217297 -0.04120150 0.07770520
v 0.22199594 -0.04649702 0.07770520
v 0.22159760 -0.05763788 0.07770520
v 0.22066813 -0.09056852 0.07240097
v 0.22097795 -0.07410320 0.07770520
v 0.21978291 -0.12349916 0.05589890
v 0.21978291 -0.10703384 0.07240097
v 0.21867641 -0.12349916 0.07240097
v 0.21748137 -0.09056852 -0.09222677
v 0.21588800 -0.07410320 -0.10867972
v 0.21628634 -0.05763788 -0.10867972
v 0.21664042 -0.04120150 -0.10867972
v 0.21686172 -0.02473618 -0.10867972
v 0.21699450 -0.00827086 -0.10867972
v 0.21708303 0.00819446 -0.10867972
v 0.21703876 0.02465978 -0.10867972
v 0.21402905 0.02465978 -0.12513268
v 0.21057673 0.02465978 -0.14158562
v 0.20986857 0.04167491 -0.14310813
v 0.20995708 0.05759042 -0.14065247
v 0.20955874 0.07405575 -0.13893350
v 0.20898335 0.09040531 -0.13637962
v -0.21751055 0.05759042 0.07240097
v -0.21804167 0.07405575 0.05589890
v -0.21658108 0.05759042 0.07770520
v -0.21813020 0.09040531 0.03944596
v -0.22003340 0.07405575 0.03944596
v 0.21681747 -0.17286618 0.00654005
v 0.21690598 -0.17286618 -0.00991291
v 0.21836659 -0.15640086 0.02299300
v 0.21637485 -0.17286618 0.02299300
v 0.21655190 -0.17286618 -0.02636586
v 0.21925178 -0.13993555 0.03944596
v 0.21765841 -0.15640086 0.03944596
v 0.21411757 -0.18933151 -0.04281880
v 0.21172751 -0.20521807 -0.05927175
v 0.21588800 -0.17286618 -0.04281880
v 0.21748137 -0.15640086 -0.04281880
v 0.21495852 -0.17286618 -0.05927175
v 0.21221437 -0.18933151 -0.07572471
v 0.21358645 -0.17286618 -0.07572471
v 0.21491427 -0.15640086 -0.07572471
v 0.21619782 -0.13993555 -0.07572471
v 0.21190454 -0.17286618 -0.09222677
v 0.21562243 -0.12349916 -0.09222677
v 0.21664042 -0.10703384 -0.09222677
v 0.22018126 -0.09056852 0.07770520
v 0.21991569 -0.09586404 0.07770520
v 0.21934032 -0.10703384 0.07770520
v 0.21734858 -0.13993555 0.07240097
v 0.21836659 -0.13993555 0.05589890
v 0.21898623 -0.11232937 0.07770520
v 0.21823380 -0.12349916 0.07770520
v 0.21783545 -0.12879470 0.07770520
v 0.21695024 -0.13993555 0.07770520
v 0.21447165 -0.10703384 -0.10867972
v 0.21526835 -0.09056852 -0.10867972
v 0.21265698 -0.09056852 -0.12513268
v 0.21314384 -0.07410320 -0.12513268
v 0.21345366 -0.05763788 -0.12513268
v 0.21371923 -0.04120150 -0.12513268
v 0.21402905 -0.00827086 -0.12513268
v 0.21416184 0.00819446 -0.12513268
v 0.21075378 0.00819446 -0.14158562
v 0.20867353 0.00819446 -0.15126095
v 0.20854076 0.02465978 -0.15076981
v 0.20840798 0.03652407 -0.15022956
v 0.20827519 0.04752024 -0.14959110
v 0.20809816 0.05759042 -0.14885439
v 0.20774407 0.07405575 -0.14718454
v 0.20721294 0.09040531 -0.14458154
v -0.21888263 0.04112510 0.07240097
v -0.21799741 0.04112510 0.07770520
v -0.21963505 0.05759042 0.05589890
v -0.22105139 0.04112510 0.05589890
v -0.21883837 0.09040531 0.02299300
v -0.22122843 0.07405575 0.02299300
v -0.22153825 0.05759042 0.03944596
v 0.21451592 -0.18933151 0.00654005
v 0.21252419 -0.20521807 -0.00991291
v 0.21473722 -0.18933151 -0.00991291
v 0.21252419 -0.20521807 -0.02695521
v 0.21230290 -0.20521807 -0.04281880
v 0.21571095 -0.17286618 0.03944596
v 0.21349792 -0.18933151 0.03944596
v 0.21407331 -0.18933151 0.02299300
v 0.21677321 -0.15640086 0.05589890
v 0.21487001 -0.17286618 0.05589890
v 0.21070952 -0.20521807 -0.07572471
v 0.21336515 -0.18933151 -0.05927175
v 0.21066526 -0.20521807 -0.07636318
v 0.20911614 -0.20521807 -0.09276702
v 0.21062099 -0.18933151 -0.09222677
v 0.20836371 -0.18160525 -0.11722543
v 0.20871780 -0.17286618 -0.11973021
v 0.21243567 -0.13993555 -0.10867972
v 0.21349792 -0.12349916 -0.10867972
v 0.21575521 -0.15640086 0.07240097
v 0.21531261 -0.15640086 0.07770520
v 0.21119638 -0.12349916 -0.12513268
v 0.20845224 -0.14983210 -0.13412040
v 0.21199308 -0.10703384 -0.12513268
v 0.20916040 -0.12349916 -0.13824592
v 0.20778833 -0.12349916 -0.14649696
v 0.20951449 -0.10703384 -0.14006311
v 0.20805388 -0.10703384 -0.14826503
v 0.20823093 -0.09386737 -0.14934553
v 0.21008987 -0.07410320 -0.14158562
v 0.21031118 -0.05763788 -0.14158562
v 0.20849650 -0.05763788 -0.15072069
v 0.20858501 -0.04120150 -0.15096626
v 0.21070952 -0.00827086 -0.14158562
v 0.20867353 -0.00827086 -0.15140828
v 0.20677033 0.00819446 -0.15951197
v 0.20349506 -0.02473618 -0.17444241
v 0.20663755 0.02465978 -0.15902084
v 0.20677033 0.04167491 -0.15666340
v 0.20592939 0.05759042 -0.15803857
v 0.20517697 0.07405575 -0.15803857
v 0.20420322 0.09040531 -0.15794034
v -0.22003340 0.02465978 0.07240097
v -0.21919245 0.02465978 0.07770520
v -0.22220216 0.02465978 0.05589890
v -0.22282180 0.04112510 0.03944596
v -0.21892688 0.09040531 -0.07572471
v -0.22273329 0.05759042 0.02299300
v -0.22127270 0.07405575 -0.05927175
v -0.22308737 0.05759042 -0.05927175
v -0.22299885 0.05759042 0.00654005
v 0.21221437 -0.20521807 0.00654005
v 0.21278976 -0.18933151 0.05589890
v 0.21062099 -0.20521807 0.05589890
v 0.21124064 -0.20521807 0.03885660
v 0.21172751 -0.20521807 0.02299300
v 0.21385202 -0.17286618 0.07240097
v 0.21181603 -0.18933151 0.07240097
v 0.20986857 -0.20521807 0.07166426
v 0.20734572 -0.20521807 -0.10823770
v 0.20854076 -0.19989361 -0.10219677
v 0.20889484 -0.18800039 -0.10809037
v 0.20787685 -0.19257249 -0.11319814
v 0.20522122 -0.20521807 -0.12508356
v 0.20694738 -0.18800039 -0.12365927
v 0.20761128 -0.17286618 -0.12793213
v 0.20805388 -0.16079934 -0.13132094
v 0.20916040 -0.15576424 -0.12552559
v 0.21473722 -0.16172532 0.07770520
v 0.21345366 -0.17286618 0.07770520
v 0.20871780 -0.13993555 -0.13588848
v 0.20566382 -0.17286618 -0.14158562
v 0.20309672 -0.17286618 -0.15803857
v 0.20420322 -0.15640086 -0.15803857
v 0.20743425 -0.13993555 -0.14409040
v 0.20504418 -0.13993555 -0.15803857
v 0.20575234 -0.12349916 -0.15803857
v 0.20623921 -0.10703384 -0.15803857
v 0.20296394 -0.10703384 -0.17444241
v 0.20690312 -0.08923741 -0.15641783
v 0.20831945 -0.08290014 -0.14988577
v 0.20840798 -0.07410320 -0.15022956
v 0.20672607 -0.07410320 -0.15848060
v 0.20677033 -0.05763788 -0.15892261
v 0.20681460 -0.04120150 -0.15921730
v 0.20862927 -0.02473618 -0.15126095
v 0.20685886 -0.02473618 -0.15946285
v 0.20340654 -0.00827086 -0.17444241
v 0.20322949 0.00819446 -0.17444241
v 0.20345080 -0.04120150 -0.17444241
v 0.19960014 -0.04120150 -0.19089537
v 0.19955588 -0.02473618 -0.19089537
v 0.20287541 0.02465978 -0.17444241
v 0.20243281 0.04112510 -0.17444241
v 0.20185742 0.05759042 -0.17444241
v 0.20110500 0.07405575 -0.17444241
v 0.20017553 0.09040531 -0.17429507
v -0.22105139 0.00819446 0.07240097
v -0.21985635 0.01351893 0.07770520
v -0.22313163 0.00819446 0.05589890
v -0.22383981 0.02465978 0.03944596
v -0.22392832 0.04112510 0.02299300
v -0.21892688 0.09040531 -0.07587205
v -0.22423815 0.04112510 0.00654005
v -0.22096287 0.07405575 -0.07572471
v -0.22388406 0.04112510 -0.05927175
v -0.22503483 0.02465978 -0.04281880
v -0.22419389 0.04112510 -0.04281880
v -0.22428241 0.04112510 -0.00991291
v -0.22184807 0.05759042 -0.07572471
v -0.22268903 0.04112510 -0.07572471
v 0.21283402 -0.17819064 0.07770520
v 0.21093081 -0.19381679 0.07770520
v 0.20951449 -0.20521807 0.07731230
v 0.20513269 -0.20521807 -0.12572204
v 0.20433601 -0.18933151 -0.14158562
v 0.20181316 -0.18933151 -0.15803857
v 0.20017553 -0.17286618 -0.17444241
v 0.20123777 -0.15640086 -0.17444241
v 0.20199021 -0.13993555 -0.17444241
v 0.20256559 -0.12349916 -0.17444241
v 0.19893623 -0.12349916 -0.19089537
v 0.19924606 -0.10703384 -0.19089537
v 0.20318523 -0.09056852 -0.17444241
v 0.20331802 -0.07410320 -0.17444241
v 0.20340654 -0.05763788 -0.17444241
v 0.19937883 -0.00827086 -0.19089537
v 0.19942310 -0.09056852 -0.19089537
v 0.19530688 -0.09056852 -0.20734831
v 0.19535114 -0.07410320 -0.20734831
v 0.19273977 -0.09056852 -0.21746566
v 0.19273977 -0.07410320 -0.21746566
v 0.19535114 -0.05763788 -0.20734831
v 0.19530688 -0.04120150 -0.20734831
v 0.19521835 -0.02473618 -0.20734831
v 0.19898049 0.00819446 -0.19089537
v 0.19849363 0.02465978 -0.19089537
v 0.19796250 0.04112510 -0.19089537
v 0.19654617 0.07405575 -0.19089537
v 0.19561670 0.09040531 -0.19079715
v -0.22171530 -0.00827086 0.07240097
v -0.22087434 -0.00827086 0.07770520
v -0.22016618 0.00819446 0.07770520
v -0.22366276 -0.00827086 0.05589890
v -0.22468075 0.00819446 0.03944596
v -0.22485779 0.02465978 0.02299300
v -0.22521188 0.02465978 0.00654005
v -0.21817446 0.09040531 -0.09222677
v -0.22530039 0.02465978 -0.00991291
v -0.22459223 0.02465978 -0.05927175
v -0.22525614 0.02465978 -0.02636586
v -0.22569873 0.00819446 -0.04281880
v -0.22609709 0.00697910 -0.02582560
v -0.22335293 0.02465978 -0.07572471
v -0.22052026 0.04112510 -0.09222677
v 0.20947023 -0.20521807 0.07770520
v 0.20291967 -0.20521807 -0.14158562
v 0.20283115 -0.20521807 -0.14217498
v 0.20021979 -0.20521807 -0.15862793
v 0.19747564 -0.20521807 -0.17444241
v 0.19889197 -0.18933151 -0.17444241
v 0.18773833 -0.20521807 -0.22385038
v 0.19765268 -0.15640086 -0.19089537
v 0.19840510 -0.13993555 -0.19089537
v 0.19490854 -0.12349916 -0.20734831
v 0.19048249 -0.15495401 -0.22222963
v 0.18610069 -0.15640086 -0.24030333
v 0.19039396 -0.13993555 -0.22434151
v 0.19517409 -0.10703384 -0.20734831
v 0.19490854 -0.00827086 -0.20734831
v 0.18645478 -0.13993555 -0.24030333
v 0.18654329 -0.12349916 -0.24030333
v 0.19052674 -0.09056852 -0.22571668
v 0.19048249 -0.07410320 -0.22566758
v 0.19269551 -0.05763788 -0.21731831
v 0.19265124 -0.04120150 -0.21707274
v 0.19256272 -0.02473618 -0.21672895
v 0.19406758 0.00683441 -0.20857615
v 0.19225290 0.00041033 -0.21564846
v 0.19353645 0.05759042 -0.20312458
v 0.19313811 0.07405575 -0.20189674
v 0.19269551 0.09040531 -0.20032511
v -0.22206938 -0.02473618 0.07240097
v -0.22122843 -0.02473618 0.07770520
v -0.22397258 -0.02473618 0.05589890
v -0.22521188 -0.00827086 0.03944596
v -0.22561022 0.00819446 0.02299300
v -0.22614135 0.00697910 -0.00858685
v -0.22596430 0.00819446 0.00654005
v -0.20887976 0.09040531 -0.15681075
v -0.20901254 0.08939251 -0.15671252
v -0.21038462 0.08317099 -0.15032778
v -0.21065017 0.07405575 -0.15185031
v -0.22645117 0.00067077 -0.01993201
v -0.22645117 0.00067077 -0.01315438
v -0.22516762 0.00819446 -0.05927175
v -0.22618561 -0.00858917 -0.04213122
v -0.22636264 -0.00329365 -0.03093338
v -0.22383981 0.00819446 -0.07572471
v -0.22118417 0.02465978 -0.09222677
v -0.21281894 -0.20521807 0.07770520
v 0.19406758 -0.20521807 -0.19222143
v 0.18415323 -0.20521807 -0.24030333
v 0.18490566 -0.18933151 -0.24030333
v 0.18552531 -0.17286618 -0.24030333
v 0.18030257 -0.18933151 -0.25675629
v 0.18078945 -0.17286618 -0.25675629
v 0.18118779 -0.15640086 -0.25675629
v 0.19238569 -0.00827086 -0.21609047
v 0.18145335 -0.13993555 -0.25675629
v 0.18145335 -0.12349916 -0.25675629
v 0.18645478 -0.09056852 -0.24030333
v 0.19039396 -0.05763788 -0.22556934
v 0.19026118 -0.04120150 -0.22532377
v 0.19003987 -0.02473618 -0.22497999
v 0.19198733 0.01137757 -0.21486265
v 0.18973005 -0.00827086 -0.22434151
v 0.18977432 0.00683441 -0.22222963
v 0.19167751 0.02465978 -0.21383126
v 0.19083657 0.05759042 -0.21137560
v 0.19039396 0.07405575 -0.21014777
v 0.18986284 0.09040531 -0.20857615
v -0.22224643 -0.04120150 0.07240097
v -0.22149399 -0.04120150 0.07770520
v -0.22410536 -0.04120150 0.05589890
v -0.22543317 -0.02473618 0.03944596
v -0.22614135 -0.00809724 0.02269832
v -0.22627412 -0.02473618 0.02731497
v -0.22636264 -0.00193359 0.00654005
v -0.22667246 -0.01015178 0.00654005
v -0.22653969 -0.01345063 0.01700118
v -0.22640691 -0.00011054 -0.00220212
v -0.20609135 0.09040531 -0.17237966
v -0.20941089 0.07405575 -0.16010133
v -0.21096000 0.05759042 -0.15410950
v -0.22658395 -0.00858917 -0.02582560
v -0.22707082 -0.02473618 -0.00991291
v -0.22667246 -0.00667931 -0.00858685
v -0.22552170 -0.00827086 -0.05927175
v -0.22649543 -0.01426088 -0.03618851
v -0.22410536 -0.00827086 -0.07572471
v -0.22162678 0.00819446 -0.09222677
v -0.21126982 0.04112510 -0.15612316
v -0.21025183 0.03007106 -0.16565113
v -0.21135835 0.02460191 -0.15931552
v -0.21202226 0.00819446 -0.15803857
v -0.21463362 -0.18933151 0.07770520
v -0.21498771 -0.18933151 0.07240097
v -0.21312876 -0.20521807 0.07240097
v 0.17955015 -0.20521807 -0.25710006
v 0.17658469 -0.20521807 -0.26618603
v 0.17689451 -0.18933151 -0.26682452
v 0.17724859 -0.15640086 -0.26761031
v 0.17738138 -0.13993555 -0.26785588
v 0.17738138 -0.12349916 -0.26780676
v 0.18136482 -0.10703384 -0.25675629
v 0.18623347 -0.07410320 -0.24030333
v 0.18587939 -0.05763788 -0.24030333
v 0.18552531 -0.04120150 -0.24030333
v 0.18499419 -0.02473618 -0.24030333
v 0.18428601 -0.00827086 -0.24030333
v 0.18831372 0.02465978 -0.22385038
v 0.18654329 0.05759042 -0.22385038
v 0.18556956 0.07405575 -0.22385038
v 0.18437454 0.09040531 -0.22385038
v -0.22229069 -0.05763788 0.07240097
v -0.22158251 -0.05763788 0.07770520
v -0.22401684 -0.05763788 0.05589890
v -0.22220216 -0.07410320 0.07240097
v -0.22552170 -0.04120150 0.03944596
v -0.22627412 -0.04120150 0.02667649
v -0.22662821 -0.02473618 0.01906393
v -0.22693803 -0.02473618 0.00654005
v -0.20569301 0.09040531 -0.17444241
v -0.20657822 0.07405575 -0.17444241
v -0.20972072 0.05759042 -0.16236054
v -0.22680525 -0.02473618 -0.02636586
v -0.22698229 -0.04120150 -0.00991291
v -0.22569873 -0.02473618 -0.05927175
v -0.22653969 -0.02473618 -0.03731812
v -0.22622986 -0.02473618 -0.04556915
v -0.22428241 -0.02473618 -0.07572471
v -0.22189233 -0.00827086 -0.09222677
v -0.21237634 -0.00827086 -0.15803857
v -0.21003052 0.04112510 -0.16437419
v -0.20728638 0.05759042 -0.17444241
v -0.20795029 0.04112510 -0.17444241
v -0.20887976 0.02460191 -0.17311635
v -0.21042888 0.01907488 -0.16668252
v -0.21056166 0.00819446 -0.16741921
v -0.21622700 -0.17286618 0.07770520
v -0.21666960 -0.17286618 0.07240097
v -0.21768759 -0.17286618 0.05589890
v -0.21591718 -0.18933151 0.05589890
v -0.21392546 -0.20521807 0.05589890
v 0.17299959 -0.20521807 -0.27492819
v 0.17335367 -0.18933151 -0.27507555
v 0.17357498 -0.15640086 -0.27581222
v 0.17366350 -0.13993555 -0.27605779
v 0.17366350 -0.12349916 -0.27605779
v 0.17361924 -0.10703384 -0.27586134
v 0.17729287 -0.10703384 -0.26765943
v 0.18114353 -0.09056852 -0.25675629
v 0.18074517 -0.07410320 -0.25675629
v 0.18016980 -0.05763788 -0.25675629
v 0.17888624 -0.04042019 -0.25827881
v 0.17910754 -0.02473618 -0.25572490
v 0.18242708 0.02465978 -0.24030333
v 0.18145335 0.04112510 -0.24030333
v 0.18039109 0.05759042 -0.24030333
v 0.17875345 0.07304293 -0.24138382
v 0.17870920 0.09040531 -0.23774944
v -0.22153825 -0.07410320 0.07770520
v -0.22370702 -0.07410320 0.05589890
v -0.22189233 -0.09056852 0.07240097
v -0.22127270 -0.09056852 0.07770520
v -0.22521188 -0.05763788 0.03944596
v -0.22605282 -0.05694339 0.02220719
v -0.22476926 -0.07410320 0.03944596
v -0.22658395 -0.04120150 0.01842547
v -0.22649543 -0.05101124 0.01616626
v -0.22684951 -0.04120150 0.00654005
v -0.20131121 0.09040531 -0.19089537
v -0.20232920 0.07405575 -0.19089537
v -0.20317016 0.05759042 -0.19089537
v -0.22649543 -0.03709240 -0.03663052
v -0.22667246 -0.04204068 -0.02739723
v -0.22662821 -0.05457053 -0.00991291
v -0.22658395 -0.05332622 0.00654005
v -0.22653969 -0.05263173 -0.02263324
v -0.22556596 -0.04120150 -0.05927175
v -0.22622986 -0.04204068 -0.04242590
v -0.22419389 -0.04120150 -0.07572471
v -0.22202512 -0.02473618 -0.09222677
v -0.21250912 -0.02473618 -0.15803857
v -0.21073870 -0.00827086 -0.16849970
v -0.21082722 -0.02473618 -0.16908906
v -0.20529467 0.00819446 -0.19089537
v -0.20887976 0.00819446 -0.17562113
v -0.20918958 -0.00827086 -0.17665252
v -0.21764333 -0.15640086 0.07770520
v -0.21808594 -0.15640086 0.07240097
v -0.21923671 -0.15640086 0.05589890
v -0.22012192 -0.15640086 0.03944596
v -0.21848428 -0.17286618 0.03944596
v -0.21658108 -0.18933151 0.03944596
v -0.21450083 -0.20521807 0.04008442
v 0.16618348 -0.20521807 -0.28966218
v 0.16680313 -0.13993555 -0.28966218
v 0.16680313 -0.12349916 -0.28966218
v 0.16653757 -0.09056852 -0.28966218
v 0.17353072 -0.09056852 -0.27561580
v 0.16636053 -0.07410320 -0.28966218
v 0.17716008 -0.09056852 -0.26741387
v 0.17693878 -0.07410320 -0.26687361
v 0.17658469 -0.05763788 -0.26613691
v 0.17631914 -0.04539741 -0.26544933
v 0.17605357 -0.03443017 -0.26481086
v 0.17720434 0.04112510 -0.25081358
v 0.17658469 0.05759042 -0.24948753
v 0.17618635 0.06687929 -0.24870171
v 0.17569949 0.07784653 -0.24762120
v 0.17485854 0.09040531 -0.24595135
v -0.22322016 -0.09056852 0.05589890
v -0.22127270 -0.10703384 0.07240097
v -0.22069731 -0.10703384 0.07770520
v -0.22543317 -0.07410320 0.02299300
v -0.22419389 -0.09056852 0.03944596
v -0.22627412 -0.06154442 0.00654005
v -0.22578727 -0.07410320 0.00654005
v -0.20042602 0.09040531 -0.19389127
v -0.19436233 0.08372080 -0.21604137
v -0.19471641 0.07405575 -0.21717097
v -0.19759334 0.07405575 -0.20734831
v -0.19524753 0.05759042 -0.21888994
v -0.19856707 0.05759042 -0.20734831
v -0.20011619 0.02465978 -0.20734831
v -0.20086861 0.00819446 -0.20734831
v -0.22640691 -0.04808858 -0.03358551
v -0.22631838 -0.06275978 -0.00991291
v -0.22583152 -0.05763788 -0.04281880
v -0.22622986 -0.05789832 -0.02739723
v -0.22565448 -0.07410320 -0.02636586
v -0.22512336 -0.05763788 -0.05927175
v -0.22388406 -0.05763788 -0.07572471
v -0.22193660 -0.04120150 -0.09222677
v -0.22171530 -0.05763788 -0.09222677
v -0.21242060 -0.04120150 -0.15803857
v -0.20932236 -0.02473618 -0.17724187
v -0.21078296 -0.04120150 -0.16874527
v -0.20927810 -0.04120150 -0.17694719
v -0.20587005 -0.00827086 -0.19089537
v -0.20148826 -0.00827086 -0.20734831
v -0.20617986 -0.02473618 -0.19089537
v -0.21883837 -0.13993555 0.07770520
v -0.21932522 -0.13993555 0.07240097
v -0.22052026 -0.13993555 0.05589890
v -0.22149399 -0.13993555 0.03944596
v -0.22069731 -0.15640086 0.02299300
v -0.21897114 -0.17286618 0.02299300
v -0.21706794 -0.18933151 0.02299300
v -0.21498771 -0.20521807 0.02299300
v 0.16100501 -0.20521807 -0.29933749
v 0.16122632 -0.13993555 -0.29958305
v 0.16109353 -0.07410320 -0.29948484
v 0.17335367 -0.07410320 -0.27512467
v 0.16082796 -0.05763788 -0.29914107
v 0.16574088 -0.05763788 -0.28966218
v 0.17299959 -0.05763788 -0.27433884
v 0.17313238 -0.04042019 -0.27183405
v 0.16374915 -0.03966782 -0.29128291
v 0.15998702 -0.03315693 -0.29786408
v 0.17180457 0.07304293 -0.25518467
v 0.16835225 0.09040531 -0.25675629
v -0.22251198 -0.10703384 0.05589890
v -0.22038749 -0.12349916 0.07240097
v -0.21985635 -0.12349916 0.07770520
v -0.22167104 -0.12349916 0.05589890
v -0.22476926 -0.09056852 0.02299300
v -0.22344145 -0.10703384 0.03944596
v -0.22432666 -0.10703384 0.00654005
v -0.22583152 -0.07410320 -0.00991291
v -0.22441518 -0.10703384 -0.00991291
v -0.19617700 0.09040531 -0.20813412
v -0.19206077 0.09040531 -0.22139472
v -0.19214930 0.07405575 -0.22542201
v -0.19268042 0.05759042 -0.22709186
v -0.19312303 0.04112510 -0.22851615
v -0.19564588 0.04112510 -0.22026511
v -0.19604422 0.02465978 -0.22149294
v -0.19639831 0.00819446 -0.22257344
v -0.22521188 -0.07410320 -0.04281880
v -0.22454797 -0.07410320 -0.05927175
v -0.22494631 -0.09056852 -0.02636586
v -0.22330868 -0.07410320 -0.07572471
v -0.22122843 -0.07410320 -0.09222677
v -0.21396972 -0.09056852 -0.14158562
v -0.21357138 -0.10703384 -0.14158562
v -0.21029609 -0.09600873 -0.16594582
v -0.21135835 -0.09053958 -0.15951197
v -0.20613561 -0.04120150 -0.19089537
v -0.20901254 -0.07410320 -0.17527734
v -0.20569301 -0.07410320 -0.19089537
v -0.20542744 -0.09056852 -0.19089537
v -0.20179809 -0.02473618 -0.20734831
v -0.19626553 -0.00896535 -0.22517644
v -0.19701795 -0.02473618 -0.22385038
v -0.20184234 -0.04120150 -0.20734831
v -0.22255625 -0.12349916 0.03944596
v -0.22317589 -0.12349916 0.02299300
v -0.22206938 -0.13993555 0.02299300
v -0.22237920 -0.13993555 0.00654005
v -0.22091860 -0.15640086 0.00654005
v -0.21923671 -0.17286618 0.00654005
v -0.21733351 -0.18933151 0.00654005
v -0.21534179 -0.20521807 0.00712941
v 0.15485281 -0.20521807 -0.30758854
v 0.15502984 -0.15640086 -0.30773587
v 0.15507410 -0.07410320 -0.30773587
v 0.15494132 -0.05763788 -0.30734297
v 0.16038536 -0.04415310 -0.29845346
v 0.15564949 -0.03966782 -0.30483821
v 0.14560237 -0.02473618 -0.31647803
v 0.15299386 -0.02473618 -0.30611514
v 0.15171031 0.05759042 -0.28966218
v 0.15870347 0.05759042 -0.27949573
v 0.16299673 0.07405575 -0.26937841
v 0.16410325 0.05759042 -0.27129383
v 0.16158040 0.09040531 -0.26721742
v -0.22401684 -0.10703384 0.02299300
v -0.22348571 -0.12349916 0.00654005
v -0.22357424 -0.12349916 -0.00991291
v -0.22419389 -0.10703384 -0.02636586
v -0.19170669 0.09040531 -0.22247520
v -0.18723638 0.07405575 -0.24030333
v -0.18838716 0.05759042 -0.24030333
v -0.19347712 0.02465978 -0.22969486
v -0.18922811 0.04112510 -0.24030333
v -0.18998054 0.02465978 -0.24030333
v -0.19383120 0.00819446 -0.23082446
v -0.22450371 -0.09056852 -0.04281880
v -0.22383981 -0.09056852 -0.05927175
v -0.22260051 -0.09056852 -0.07572471
v -0.21304025 -0.12349916 -0.14158562
v -0.21140261 -0.10703384 -0.15681075
v -0.21118130 -0.12349916 -0.15519001
v -0.20910107 -0.09053958 -0.17301812
v -0.20848142 -0.10703384 -0.17444241
v -0.21011906 -0.10703384 -0.16506177
v -0.20148826 -0.07410320 -0.20734831
v -0.20104565 -0.10703384 -0.20734831
v -0.20511762 -0.10703384 -0.19089537
v -0.19427380 -0.01492644 -0.23224875
v -0.19436233 -0.02473618 -0.23239609
v -0.19697370 -0.04120150 -0.22385038
v -0.19661961 -0.09056852 -0.22355571
v -0.19653108 -0.10703384 -0.22331014
v -0.22242346 -0.13993555 -0.00991291
v -0.22096287 -0.15640086 -0.00991291
v -0.21928097 -0.17286618 -0.00991291
v -0.21742204 -0.18933151 -0.00991291
v -0.21547456 -0.20521807 -0.00991291
v 0.15458724 -0.20521807 -0.30793232
v 0.14688592 -0.17286618 -0.31790232
v 0.14697444 -0.15640086 -0.31785323
v 0.14701869 -0.07410320 -0.31800055
v 0.14688592 -0.05763788 -0.31804964
v 0.14648758 -0.04120150 -0.31770587
v 0.14498272 0.05759042 -0.29923928
v 0.13980424 -0.04120150 -0.32590780
v 0.09651750 0.03542445 -0.36485461
v 0.15728712 0.07405575 -0.27762943
v 0.14418602 0.06667673 -0.29820789
v 0.15529541 0.09040531 -0.27537023
v -0.22326442 -0.12349916 -0.02636586
v -0.22366276 -0.10703384 -0.04281880
v -0.18573154 0.09040531 -0.24030333
v -0.18042027 0.09040531 -0.25425149
v -0.18064158 0.07272463 -0.25778767
v -0.18214644 0.05759042 -0.25675629
v -0.18303164 0.04112510 -0.25675629
v -0.18382833 0.02465978 -0.25675629
v -0.19064444 0.00819446 -0.24030333
v -0.18453650 0.00819446 -0.25675629
v -0.22299885 -0.10703384 -0.05927175
v -0.22175956 -0.10703384 -0.07572471
v -0.21981210 -0.10703384 -0.09222677
v -0.21901540 -0.12349916 -0.09222677
v -0.21073870 -0.13993555 -0.15258699
v -0.21219929 -0.13993555 -0.14158562
v -0.20985349 -0.12349916 -0.16339192
v -0.20949941 -0.13993555 -0.16078891
v -0.20795029 -0.12349916 -0.17444241
v -0.20060305 -0.12349916 -0.20734831
v -0.19630979 -0.12349916 -0.22281901
v -0.20458650 -0.12349916 -0.19089537
v -0.19179522 -0.00896535 -0.23873171
v -0.18573154 -0.02473618 -0.25675629
v -0.19148540 -0.02473618 -0.24064713
v -0.19431807 -0.04120150 -0.23239609
v -0.18608562 -0.04120150 -0.25675629
v -0.18626265 -0.05763788 -0.25675629
v -0.18635118 -0.09056852 -0.25675629
v -0.19409676 -0.10703384 -0.23156117
v -0.19144114 -0.10703384 -0.24030333
v -0.19391972 -0.12349916 -0.23107003
v -0.22211364 -0.13993555 -0.02636586
v -0.22065305 -0.15640086 -0.02636586
v -0.21901540 -0.17286618 -0.02636586
v -0.21720073 -0.18933151 -0.02636586
v -0.21529753 -0.20521807 -0.02636586
v 0.14679740 -0.20521807 -0.31775499
v 0.14015833 -0.05763788 -0.32630070
v 0.13210292 -0.05763788 -0.33553399
v 0.13174884 -0.04120150 -0.33484641
v 0.09691584 0.02465978 -0.36539487
v 0.08903748 0.02465978 -0.37359680
v 0.08098207 0.02465978 -0.38140581
v 0.08014113 0.03394865 -0.38066911
v 0.09412744 0.04642062 -0.36234985
v 0.13958294 0.09040531 -0.29349302
v 0.14715148 0.09040531 -0.28529111
v 0.14724000 0.09040531 -0.28519287
v 0.14223856 0.07767290 -0.29604690
v -0.22273329 -0.12349916 -0.04281880
v -0.17696795 0.09040531 -0.26245343
v -0.17767613 0.07729672 -0.26397595
v -0.17816299 0.06632948 -0.26505643
v -0.17842855 0.05759042 -0.26549845
v -0.17887115 0.04112510 -0.26643160
v -0.18006619 -0.00827086 -0.26942752
v -0.18042027 -0.02473618 -0.27050800
v -0.18520041 -0.00827086 -0.25675629
v -0.22202512 -0.12349916 -0.05927175
v -0.22087434 -0.12349916 -0.07572471
v -0.21808594 -0.13993555 -0.09222677
v -0.21042888 -0.14974528 -0.15052425
v -0.21007480 -0.16074146 -0.14767567
v -0.21038462 -0.18183675 -0.13372749
v -0.21308450 -0.15640086 -0.12513268
v -0.20715361 -0.13993555 -0.17444241
v -0.20617986 -0.15640086 -0.17444241
v -0.20511762 -0.17286618 -0.17444241
v -0.20905679 -0.15570637 -0.15681075
v -0.20387832 -0.13993555 -0.19089537
v -0.19604422 -0.13993555 -0.22198408
v -0.19993914 -0.13993555 -0.20734831
v -0.19077722 -0.13993555 -0.24030333
v -0.19369842 -0.13993555 -0.23018600
v -0.19923098 -0.15640086 -0.20734831
v -0.18064158 -0.04120150 -0.27129383
v -0.18630692 -0.10703384 -0.25675629
v -0.18077435 -0.05763788 -0.27178496
v -0.18086289 -0.07410320 -0.27203053
v -0.18086289 -0.09056852 -0.27212874
v -0.18090714 -0.10703384 -0.27207962
v -0.19117557 -0.12349916 -0.24030333
v -0.18612988 -0.12349916 -0.25675629
v -0.22158251 -0.13993555 -0.04281880
v -0.22016618 -0.15640086 -0.04281880
v -0.21857280 -0.17286618 -0.04281880
v -0.21680239 -0.18933151 -0.04281880
v -0.21498771 -0.20521807 -0.04222944
v 0.14653184 -0.20521807 -0.31804964
v 0.13962720 -0.17286618 -0.32610422
v 0.13157179 -0.17286618 -0.33464993
v 0.12435734 -0.05763788 -0.34373593
v 0.11630193 -0.05763788 -0.35179051
v 0.10767114 -0.05763788 -0.36004150
v 0.09961573 -0.05763788 -0.36721205
v 0.08965713 -0.05763788 -0.37541398
v 0.08160172 -0.05763788 -0.38170047
v 0.05230129 0.00819446 -0.39982328
v 0.07142181 0.02465978 -0.38749585
v 0.07518395 0.04494483 -0.37786963
v 0.08341640 0.05324983 -0.36691739
v 0.05876332 0.02465978 -0.39456815
v 0.04809654 0.03339885 -0.39697471
v 0.07044808 0.04011230 -0.38297742
v 0.09616342 0.06641630 -0.34781231
v 0.12254266 0.09040531 -0.30994598
v 0.13152753 0.09040531 -0.30174407
v -0.17050593 0.09040531 -0.27320922
v -0.17342712 0.07272463 -0.27158848
v -0.17333860 0.05759042 -0.27374947
v -0.17010758 -0.02473618 -0.28966218
v -0.17625979 -0.00827086 -0.27767855
v -0.17687944 -0.02473618 -0.27870991
v -0.17727778 -0.04120150 -0.27949573
v -0.22087434 -0.13993555 -0.05927175
v -0.21976784 -0.13993555 -0.07572471
v -0.20998627 -0.19280399 -0.12984755
v -0.21684665 -0.15640086 -0.09222677
v -0.20768472 -0.17286618 -0.15803857
v -0.20648969 -0.18933151 -0.15803857
v -0.20910107 -0.18811613 -0.14016134
v -0.20303738 -0.15640086 -0.19089537
v -0.20210791 -0.17286618 -0.19089537
v -0.20392258 -0.18933151 -0.17444241
v -0.20095713 -0.18933151 -0.19089537
v -0.19569014 -0.15640086 -0.22080535
v -0.18962646 -0.17286618 -0.24030333
v -0.18582005 -0.13993555 -0.25675629
v -0.18537745 -0.15640086 -0.25675629
v -0.18489058 -0.17286618 -0.25675629
v -0.18431519 -0.18933151 -0.25675629
v -0.19529180 -0.17286618 -0.21943018
v -0.19839002 -0.17286618 -0.20734831
v -0.17749908 -0.05763788 -0.28003599
v -0.18081861 -0.12349916 -0.27183405
v -0.17763187 -0.07410320 -0.28028155
v -0.17767613 -0.09056852 -0.28037976
v -0.17763187 -0.10703384 -0.28033067
v -0.18068584 -0.13993555 -0.27149027
v -0.21945801 -0.15640086 -0.05927175
v -0.21786464 -0.17286618 -0.05927175
v -0.21613848 -0.18933151 -0.05927175
v -0.21436806 -0.20521807 -0.05927175
v 0.13896329 -0.20521807 -0.32630070
v 0.13121771 -0.20521807 -0.33401147
v 0.12302953 -0.17286618 -0.34285187
v 0.11497412 -0.17286618 -0.35021886
v 0.08036243 -0.16702085 -0.38081644
v 0.03229555 -0.16887284 -0.41396792
v 0.03229555 -0.16062571 -0.41396792
v 0.03924445 0.00819446 -0.40679738
v 0.06442866 0.05000885 -0.38071820
v 0.08824079 0.09040531 -0.33573044
v 0.09603064 0.09040531 -0.33106469
v 0.10297953 0.09040531 -0.32585865
v 0.10355492 0.09040531 -0.32541667
v 0.05070791 0.02465978 -0.39859547
v 0.03924445 0.02465978 -0.40335943
v 0.03924445 0.03548233 -0.39839900
v 0.11448725 0.09040531 -0.31677272
v -0.16351278 0.09040531 -0.28357214
v -0.16453077 0.07405575 -0.28494730
v -0.16528319 0.05759042 -0.28602781
v -0.17116983 -0.04120150 -0.28966218
v -0.16329148 -0.02473618 -0.29958305
v -0.16395538 -0.04120150 -0.30056532
v -0.17174522 -0.05763788 -0.28966218
v -0.21839577 -0.15640086 -0.07572471
v -0.20746342 -0.20521807 -0.14153650
v -0.20936662 -0.20521807 -0.12464154
v -0.21051740 -0.19931486 -0.11884618
v -0.21538605 -0.17286618 -0.09222677
v -0.20520613 -0.20521807 -0.15803857
v -0.20529467 -0.20521807 -0.15744921
v -0.20268330 -0.20521807 -0.17444241
v -0.19732778 -0.18933151 -0.20734831
v -0.19971784 -0.20521807 -0.19089537
v -0.19591143 -0.20521807 -0.20837969
v -0.18887403 -0.18933151 -0.24030333
v -0.18365129 -0.20521807 -0.25675629
v -0.18382833 -0.20521807 -0.25611779
v -0.18024324 -0.17286618 -0.27060621
v -0.18002193 -0.18933151 -0.27011508
v -0.17988916 -0.20521807 -0.26903460
v -0.19480493 -0.18933151 -0.21776033
v -0.18803308 -0.20521807 -0.24030333
v -0.19445085 -0.20015405 -0.21638516
v -0.17754334 -0.12349916 -0.28008510
v -0.17196653 -0.07410320 -0.28966218
v -0.17152391 -0.12349916 -0.28966218
v -0.17134688 -0.13993555 -0.28966218
v -0.17723352 -0.15640086 -0.27929928
v -0.17683518 -0.18933151 -0.27831701
v -0.21684665 -0.17286618 -0.07572471
v -0.21516474 -0.18933151 -0.07572471
v -0.21348284 -0.20521807 -0.07513535
v 0.11355778 -0.20521807 -0.34928571
v 0.10328935 -0.20521807 -0.35748765
v 0.08722280 -0.20521807 -0.36893102
v 0.03074644 -0.17986900 -0.41278918
v 0.02446145 -0.17376324 -0.41740584
v 0.02441719 -0.15564849 -0.41730763
v 0.00702282 -0.15640086 -0.42379056
v 0.02322216 0.00891790 -0.41200338
v 0.02866620 0.09040531 -0.36298831
v 0.03924445 0.09040531 -0.35945216
v 0.03937723 0.09040531 -0.35940304
v 0.05535526 0.09040531 -0.35301834
v 0.06531386 0.09040531 -0.34835256
v 0.07345779 0.09040531 -0.34388326
v 0.02313364 0.02465978 -0.40758317
v 0.02313364 0.03799988 -0.40041262
v 0.02052227 0.09040531 -0.36519842
v -0.15674092 0.09040531 -0.29182316
v -0.15041168 0.07405575 -0.30341389
v -0.14510042 0.05759042 -0.31348213
v -0.15846708 0.07405575 -0.29319833
v -0.15939656 0.05759042 -0.29427884
v -0.16430946 -0.05763788 -0.30110558
v -0.15134115 0.05759042 -0.30523111
v -0.14572006 0.04688362 -0.31412059
v -0.15749335 -0.04120150 -0.30876723
v -0.15811300 -0.05763788 -0.30930751
v -0.21020757 -0.20521807 -0.11550647
v -0.21091574 -0.20521807 -0.10774657
v -0.21383693 -0.18933151 -0.09222677
v -0.19573440 -0.20521807 -0.20916551
v -0.17679092 -0.20521807 -0.27743298
v -0.17971211 -0.20521807 -0.26952573
v -0.19250339 -0.20521807 -0.22252432
v -0.19422954 -0.20521807 -0.21555024
v -0.17019610 -0.20521807 -0.28926928
v -0.16439798 -0.07410320 -0.30115470
v -0.16404390 -0.13993555 -0.30046709
v -0.16355704 -0.20521807 -0.29933749
v -0.17665813 -0.20521807 -0.27772767
v -0.21224355 -0.20521807 -0.09222677
v 0.08638185 -0.20521807 -0.36947127
v 0.02317790 -0.20521807 -0.40596244
v 0.01999114 -0.18643779 -0.41568690
v 0.00702282 -0.17286618 -0.42403613
v -0.00904373 -0.15640086 -0.42364323
v -0.00904373 0.00695016 -0.41396792
v 0.00702282 0.00671866 -0.41401701
v 0.01795516 0.00391174 -0.41357500
v 0.00702282 0.01496579 -0.41288742
v 0.00702282 0.02465978 -0.40930214
v 0.00702282 0.03895480 -0.40129669
v 0.00702282 0.09040531 -0.36745761
v -0.14868551 0.09040531 -0.30095822
v -0.11549016 0.04112510 -0.34923659
v -0.12354557 0.04112510 -0.34044531
v -0.13102558 0.04112510 -0.33224341
v -0.13195506 0.02465978 -0.33342212
v -0.10774458 0.04112510 -0.35748765
v -0.15005760 -0.05763788 -0.31898282
v -0.15806874 -0.07410320 -0.30940572
v -0.16329148 -0.20521807 -0.29973041
v -0.15705074 -0.20521807 -0.30763763
v 0.02251399 -0.20521807 -0.40630624
v 0.00967845 -0.20521807 -0.41215071
v 0.00839490 -0.20521807 -0.41264185
v 0.00396885 -0.20264266 -0.41421349
v -0.00359969 -0.20264266 -0.41421349
v -0.00904373 -0.17286618 -0.42315210
v -0.02515454 -0.15640086 -0.41887924
v -0.04122109 0.00819446 -0.40802522
v -0.02555288 0.00912046 -0.41244540
v -0.02041867 0.00423005 -0.41357500
v -0.00904373 0.01519729 -0.41293654
v -0.00904373 0.02465978 -0.40930214
v -0.00904373 0.03895480 -0.40124757
v -0.00904373 0.09040531 -0.36794875
v -0.00891095 0.09040531 -0.36794875
v -0.13753188 0.09040531 -0.30960217
v -0.09809580 0.05006673 -0.36421615
v -0.09968917 0.04112510 -0.36583688
v -0.10929370 0.02465978 -0.35901014
v -0.11686224 0.02465978 -0.35075912
v -0.12491764 0.02465978 -0.34162406
v -0.10123829 0.02465978 -0.36740852
v -0.14248905 -0.05763788 -0.32723385
v -0.15001332 -0.07410320 -0.31888458
v -0.14903959 -0.20521807 -0.31721473
v 0.00644744 -0.20521807 -0.41293654
v 0.00312790 -0.20521807 -0.41293654
v -0.00665366 -0.20521807 -0.41259276
v -0.02037441 -0.18438322 -0.41490105
v -0.02550862 -0.17266362 -0.41666914
v -0.03462628 -0.16704978 -0.41391878
v -0.03542297 -0.15640086 -0.41436082
v -0.05565000 0.00819446 -0.40051086
v -0.06242186 0.02465978 -0.39535398
v -0.05436645 0.02465978 -0.39923394
v -0.04122109 0.02465978 -0.40453818
v -0.02515454 0.02465978 -0.40812343
v -0.02515454 0.03817350 -0.40051086
v -0.02515454 0.09040531 -0.36652449
v -0.13704501 0.09040531 -0.30994598
v -0.07986049 0.04775174 -0.37953951
v -0.08902240 0.04181959 -0.37492285
v -0.08331280 0.03678451 -0.38155314
v -0.09234193 0.02465978 -0.37565955
v -0.10964778 -0.05763788 -0.35984508
v -0.11814579 -0.05763788 -0.35164315
v -0.13443365 -0.05763788 -0.33548487
v -0.11743762 -0.15640086 -0.35115201
v -0.14872977 -0.20521807 -0.31750942
v -0.10942648 -0.15640086 -0.35935395
v -0.10137107 -0.15640086 -0.36745761
v -0.00988468 -0.20521807 -0.41136492
v -0.02860686 -0.20521807 -0.40281921
v -0.05702208 -0.20521807 -0.38857636
v -0.06552009 -0.16485055 -0.39672914
v -0.06596269 -0.14693838 -0.39702383
v -0.06591844 -0.15640086 -0.39697471
v -0.07344272 0.02465978 -0.38926391
v -0.07410662 0.04181959 -0.38425438
v -0.05113544 0.03415121 -0.39741673
v -0.04122109 0.03620577 -0.39893925
v -0.03586557 0.09040531 -0.36455995
v -0.10176942 0.09040531 -0.33386414
v -0.07419514 0.09040531 -0.35041534
v -0.05733190 0.09040531 -0.35748765
v -0.06914945 0.05102165 -0.38155314
v -0.08866832 0.09040531 -0.34221340
v -0.08826997 0.09040531 -0.34245897
v -0.08720772 0.09040531 -0.34309744
v -0.07446071 0.09040531 -0.35026798
v -0.08428653 0.02465978 -0.38228984
v -0.09260750 -0.15640086 -0.37570867
v -0.10159237 -0.05763788 -0.36731029
v -0.08455209 -0.15640086 -0.38273186
v -0.13686796 -0.20521807 -0.32855990
v -0.07437218 -0.20521807 -0.37703472
v -0.07392958 -0.15640086 -0.39098288
v -0.08114404 -0.20521807 -0.37231984
v -0.10508895 -0.20521807 -0.35488464
v -0.10570860 -0.20521807 -0.35439351
v -0.12332426 -0.20521807 -0.34019975
v -0.08322428 -0.16768641 -0.38165138
v -0.04383246 0.09040531 -0.36205516
v -0.05719912 0.09040531 -0.35753674
f 3420 3421 3422
f 3420 3422 3423
f 3420 3423 3424
f 3420 3424 3425
f 3420 3425 3426
f 3420 3426 3421
f 3421 3427 3428
f 3421 3428 3429
f 3421 3429 3422
f 3421 3426 3430
f 3421 3430 3427
f 3422 3429 3431
f 3422 3431 3432
f 3422 3432 3423
f 3423 3432 3433
f 3423 3433 3434
f 3423 3434 3435
f 3423 3435 3436
f 3423 3436 3437
f 3423 3437 3424
f 3424 3437 3436
f 3424 3436 3438
f 3424 3438 3439
f 3424 3439 3440
f 3424 3440 3425
f 3425 3440 3441
f 3425 3441 3442
f 3425 3442 3426
f 3426 3442 3443
f 3426 3443 3430
f 3427 3444 3428
f 3427 3430 3445
f 3427 3445 3444
f 3428 3444 3446
f 3428 3446 3447
f 3428 3447 3448
f 3428 3448 3449
f 3428 3449 3429
f 3429 3449 3431
f 3430 3443 3450
f 3430 3450 3451
f 3430 3451 3445
f 3431 3449 3452
f 3431 3452 3453
f 3431 3453 3454
f 3431 3454 3455
f 3431 3455 3432
f 3432 3455 3456
f 3432 3456 3433
f 3433 3456 3434
f 3434 3456 3457
f 3434 3457 3458
f 3434 3458 3459
f 3434 3459 3436
f 3434 3436 3435
f 3436 3459 3438
f 3438 3459 3460
f 3438 3460 3461
f 3438 3461 3462
f 3438 3462 3463
f 3438 3463 3490
f 3438 3490 3520
f 3438 3520 3553
f 3438 3553 3592
f 3438 3592 3641
f 3438 3641 3690
f 3438 3690 3745
f 3438 3745 3788
f 3438 3788 3830
f 3438 3830 3870
f 3438 3870 3913
f 3438 3913 3960
f 3438 3960 4011
f 3438 4011 4062
f 3438 4062 4117
f 3438 4117 4162
f 3438 4162 4211
f 3438 4211 4210
f 3438 4210 4209
f 3438 4209 4270
f 3438 4270 4269
f 3438 4269 4323
f 3438 4323 4319
f 3438 4319 4318
f 3438 4318 4317
f 3438 4317 4316
f 3438 4316 4373
f 3438 4373 4372
f 3438 4372 4371
f 3438 4371 4370
f 3438 4370 4369
f 3438 4369 4368
f 3438 4368 4376
f 3438 4376 4412
f 3438 4412 4437
f 3438 4437 4436
f 3438 4436 4461
f 3438 4461 4484
f 3438 4484 4505
f 3438 4505 4506
f 3438 4506 4487
f 3438 4487 4486
f 3438 4486 4492
f 3438 4492 4491
f 3438 4491 4490
f 3438 4490 4489
f 3438 4489 4485
f 3438 4485 4462
f 3438 4462 4438
f 3438 4438 4413
f 3438 4413 4377
f 3438 4377 4324
f 3438 4324 4271
f 3438 4271 4214
f 3438 4214 4166
f 3438 4166 4165
f 3438 4165 4122
f 3438 4122 4073
f 3438 4073 4072
f 3438 4072 4019
f 3438 4019 3971
f 3438 3971 3922
f 3438 3922 3881
f 3438 3881 3838
f 3438 3838 3796
f 3438 3796 3751
f 3438 3751 3695
f 3438 3695 3646
f 3438 3646 3596
f 3438 3596 3556
f 3438 3556 3521
f 3438 3521 3491
f 3438 3491 3464
f 3438 3464 3440
f 3438 3440 3439
f 3440 3464 3465
f 3440 3465 3441
f 3441 3465 3492
f 3441 3492 3466
f 3441 3466 3442
f 3442 3467 3443
f 3442 3466 3467
f 3443 3467 3468
f 3443 3468 3469
f 3443 3469 3450
f 3444 3445 3470
f 3444 3470 3446
f 3445 3451 3471
f 3445 3471 3470
f 3446 3470 3472
f 3446 3472 3473
f 3446 3473 3447
f 3447 3474 3501
f 3447 3501 3475
f 3447 3475 3452
f 3447 3452 3448
f 3447 3473 3476
f 3447 3476 3474
f 3448 3452 3449
f 3450 3469 3477
f 3450 3477 3451
f 3451 3477 3478
f 3451 3478 3479
f 3451 3479 3472
f 3451 3472 3471
f 3452 3475 3480
f 3452 3480 3481
f 3452 3481 3453
f 3453 3481 3454
f 3454 3482 3455
f 3454 3481 3483
f 3454 3483 3484
f 3454 3484 3482
f 3455 3482 3456
f 3456 3482 3457
f 3457 3482 3511
f 3457 3511 3485
f 3457 3485 3486
f 3457 3486 3458
f 3458 3486 3459
f 3459 3486 3487
f 3459 3487 3460
f 3460 3487 3461
f 3461 3487 3488
f 3461 3488 3462
f 3462 3488 3489
f 3462 3489 3490
f 3462 3490 3463
f 3464 3491 3522
f 3464 3522 3555
f 3464 3555 3595
f 3464 3595 3643
f 3464 3643 3692
f 3464 3692 3747
f 3464 3747 3791
f 3464 3791 3790
f 3464 3790 3832
f 3464 3832 3872
f 3464 3872 3915
f 3464 3915 3961
f 3464 3961 3964
f 3464 3964 4014
f 3464 4014 4065
f 3464 4065 4043
f 3464 4043 3989
f 3464 3989 3939
f 3464 3939 3895
f 3464 3895 3849
f 3464 3849 3804
f 3464 3804 3761
f 3464 3761 3760
f 3464 3760 3718
f 3464 3718 3717
f 3464 3717 3669
f 3464 3669 3625
f 3464 3625 3624
f 3464 3624 3623
f 3464 3623 3622
f 3464 3622 3619
f 3464 3619 3618
f 3464 3618 3617
f 3464 3617 3575
f 3464 3575 3573
f 3464 3573 3572
f 3464 3572 3571
f 3464 3571 3558
f 3464 3558 3557
f 3464 3557 3524
f 3464 3524 3495
f 3464 3495 3492
f 3464 3492 3465
f 3466 3493 3494
f 3466 3494 3467
f 3466 3492 3495
f 3466 3495 3493
f 3467 3494 3468
f 3468 3494 3493
f 3468 3493 3496
f 3468 3496 3497
f 3468 3497 3469
f 3469 3497 3477
f 3470 3471 3472
f 3472 3479 3498
f 3472 3498 3473
f 3473 3498 3504
f 3473 3504 3476
f 3474 3476 3499
f 3474 3499 3500
f 3474 3500 3529
f 3474 3529 3501
f 3475 3501 3502
f 3475 3502 3503
f 3475 3503 3480
f 3476 3504 3499
f 3477 3497 3505
f 3477 3505 3478
f 3478 3505 3506
f 3478 3506 3479
f 3479 3506 3507
f 3479 3507 3536
f 3479 3536 3508
f 3479 3508 3498
f 3480 3503 3509
f 3480 3509 3510
f 3480 3510 3481
f 3481 3510 3483
f 3482 3484 3511
f 3483 3510 3512
f 3483 3512 3513
f 3483 3513 3484
f 3484 3513 3514
f 3484 3514 3511
f 3485 3511 3514
f 3485 3514 3515
f 3485 3515 3486
f 3486 3515 3516
f 3486 3516 3487
f 3487 3516 3488
f 3488 3516 3517
f 3488 3517 3489
f 3489 3517 3518
f 3489 3518 3519
f 3489 3519 3520
f 3489 3520 3490
f 3491 3521 3522
f 3493 3523 3497
f 3493 3497 3496
f 3493 3495 3524
f 3493 3524 3523
f 3497 3523 3525
f 3497 3525 3505
f 3498 3508 3504
f 3499 3526 3527
f 3499 3527 3500
f 3499 3504 3528
f 3499 3528 3526
f 3500 3527 3529
f 3501 3529 3502
f 3502 3530 3568
f 3502 3568 3531
f 3502 3531 3503
f 3502 3529 3530
f 3503 3531 3532
f 3503 3532 3509
f 3504 3508 3533
f 3504 3533 3528
f 3505 3525 3534
f 3505 3534 3506
f 3506 3534 3535
f 3506 3535 3537
f 3506 3537 3507
f 3507 3537 3536
f 3508 3536 3538
f 3508 3538 3533
f 3509 3532 3539
f 3509 3539 3540
f 3509 3540 3541
f 3509 3541 3510
f 3510 3541 3512
f 3512 3541 3542
f 3512 3542 3543
f 3512 3543 3544
f 3512 3544 3545
f 3512 3545 3513
f 3513 3545 3546
f 3513 3546 3514
f 3514 3546 3515
f 3515 3546 3547
f 3515 3547 3548
f 3515 3548 3516
f 3516 3548 3517
f 3517 3548 3586
f 3517 3586 3549
f 3517 3549 3518
f 3518 3549 3550
f 3518 3550 3551
f 3518 3551 3519
f 3519 3551 3552
f 3519 3552 3553
f 3519 3553 3520
f 3521 3554 3555
f 3521 3555 3522
f 3521 3556 3554
f 3523 3524 3557
f 3523 3557 3525
f 3525 3557 3558
f 3525 3558 3571
f 3525 3571 3534
f 3526 3559 3560
f 3526 3560 3527
f 3526 3528 3561
f 3526 3561 3600
f 3526 3600 3559
f 3527 3560 3562
f 3527 3562 3563
f 3527 3563 3529
f 3528 3533 3564
f 3528 3564 3561
f 3529 3563 3530
f 3530 3565 3566
f 3530 3566 3567
f 3530 3567 3568
f 3530 3563 3565
f 3531 3568 3569
f 3531 3569 3570
f 3531 3570 3532
f 3532 3570 3539
f 3533 3538 3576
f 3533 3576 3564
f 3534 3571 3572
f 3534 3572 3535
f 3535 3572 3573
f 3535 3573 3575
f 3535 3575 3537
f 3536 3537 3574
f 3536 3574 3577
f 3536 3577 3538
f 3537 3575 3617
f 3537 3617 3574
f 3538 3577 3578
f 3538 3578 3576
f 3539 3570 3579
f 3539 3579 3540
f 3540 3579 3542
f 3540 3542 3541
f 3542 3579 3627
f 3542 3627 3580
f 3542 3580 3543
f 3543 3580 3544
f 3544 3580 3581
f 3544 3581 3582
f 3544 3582 3545
f 3545 3582 3583
f 3545 3583 3584
f 3545 3584 3546
f 3546 3584 3585
f 3546 3585 3547
f 3547 3585 3586
f 3547 3586 3548
f 3549 3586 3587
f 3549 3587 3550
f 3550 3587 3588
f 3550 3588 3589
f 3550 3589 3551
f 3551 3589 3590
f 3551 3590 3552
f 3552 3590 3591
f 3552 3591 3592
f 3552 3592 3553
f 3554 3593 3595
f 3554 3595 3555
f 3554 3556 3594
f 3554 3594 3593
f 3556 3596 3597
f 3556 3597 3594
f 3559 3598 3599
f 3559 3599 3560
f 3559 3600 3601
f 3559 3601 3598
f 3560 3599 3602
f 3560 3602 3562
f 3561 3564 3576
f 3561 3576 3603
f 3561 3603 3604
f 3561 3604 3600
f 3562 3602 3605
f 3562 3605 3606
f 3562 3606 3607
f 3562 3607 3608
f 3562 3608 3563
f 3563 3608 3565
f 3565 3608 3566
f 3566 3609 3610
f 3566 3610 3611
f 3566 3611 3612
f 3566 3612 3613
f 3566 3613 3567
f 3566 3608 3609
f 3567 3613 3569
f 3567 3569 3568
f 3569 3613 3614
f 3569 3614 3615
f 3569 3615 3570
f 3570 3615 3616
f 3570 3616 3579
f 3574 3617 3618
f 3574 3618 3619
f 3574 3619 3577
f 3576 3578 3620
f 3576 3620 3621
f 3576 3621 3603
f 3577 3619 3622
f 3577 3622 3578
f 3578 3622 3623
f 3578 3623 3624
f 3578 3624 3625
f 3578 3625 3620
f 3579 3616 3626
f 3579 3626 3627
f 3580 3627 3628
f 3580 3628 3629
f 3580 3629 3581
f 3581 3629 3582
f 3582 3629 3630
f 3582 3630 3631
f 3582 3631 3583
f 3583 3631 3632
f 3583 3632 3633
f 3583 3633 3584
f 3584 3633 3585
f 3585 3633 3586
f 3586 3633 3587
f 3587 3633 3634
f 3587 3634 3588
f 3588 3634 3635
f 3588 3635 3636
f 3588 3636 3637
f 3588 3637 3589
f 3589 3637 3638
f 3589 3638 3590
f 3590 3638 3639
f 3590 3639 3640
f 3590 3640 3591
f 3591 3640 3641
f 3591 3641 3592
f 3593 3642 3643
f 3593 3643 3595
f 3593 3594 3644
f 3593 3644 3645
f 3593 3645 3642
f 3594 3597 3644
f 3596 3646 3647
f 3596 3647 3597
f 3597 3648 3644
f 3597 3647 3696
f 3597 3696 3648
f 3598 3649 3650
f 3598 3650 3651
f 3598 3651 3599
f 3598 3601 3656
f 3598 3656 3649
f 3599 3651 3652
f 3599 3652 3653
f 3599 3653 3602
f 3600 3604 3654
f 3600 3654 3601
f 3601 3654 3655
f 3601 3655 3656
f 3602 3653 3605
f 3603 3621 3657
f 3603 3657 3604
f 3604 3657 3658
f 3604 3658 3654
f 3605 3653 3606
f 3606 3659 3660
f 3606 3660 3607
f 3606 3653 3652
f 3606 3652 3650
f 3606 3650 3700
f 3606 3700 3704
f 3606 3704 3703
f 3606 3703 3702
f 3606 3702 3707
f 3606 3707 3762
f 3606 3762 3804
f 3606 3804 3849
f 3606 3849 3897
f 3606 3897 3943
f 3606 3943 3995
f 3606 3995 4050
f 3606 4050 4104
f 3606 4104 4150
f 3606 4150 4199
f 3606 4199 4251
f 3606 4251 4306
f 3606 4306 4359
f 3606 4359 4400
f 3606 4400 4388
f 3606 4388 4387
f 3606 4387 4333
f 3606 4333 4332
f 3606 4332 4337
f 3606 4337 4336
f 3606 4336 4338
f 3606 4338 4340
f 3606 4340 4341
f 3606 4341 4390
f 3606 4390 4394
f 3606 4394 4393
f 3606 4393 4349
f 3606 4349 4344
f 3606 4344 4343
f 3606 4343 4347
f 3606 4347 4392
f 3606 4392 4391
f 3606 4391 4399
f 3606 4399 4395
f 3606 4395 4398
f 3606 4398 4421
f 3606 4421 4422
f 3606 4422 4447
f 3606 4447 4471
f 3606 4471 4497
f 3606 4497 4503
f 3606 4503 4502
f 3606 4502 4501
f 3606 4501 4500
f 3606 4500 4498
f 3606 4498 4476
f 3606 4476 4475
f 3606 4475 4474
f 3606 4474 4450
f 3606 4450 4449
f 3606 4449 4448
f 3606 4448 4425
f 3606 4425 4424
f 3606 4424 4423
f 3606 4423 4402
f 3606 4402 4401
f 3606 4401 4362
f 3606 4362 4361
f 3606 4361 4360
f 3606 4360 4308
f 3606 4308 4307
f 3606 4307 4252
f 3606 4252 4200
f 3606 4200 4151
f 3606 4151 4105
f 3606 4105 4051
f 3606 4051 3996
f 3606 3996 3944
f 3606 3944 3899
f 3606 3899 3898
f 3606 3898 3851
f 3606 3851 3810
f 3606 3810 3850
f 3606 3850 3808
f 3606 3808 3807
f 3606 3807 3806
f 3606 3806 3805
f 3606 3805 3763
f 3606 3763 3712
f 3606 3712 3708
f 3606 3708 3662
f 3606 3662 3661
f 3606 3661 3659
f 3607 3660 3609
f 3607 3609 3608
f 3609 3660 3659
f 3609 3659 3661
f 3609 3661 3610
f 3610 3661 3662
f 3610 3662 3663
f 3610 3663 3611
f 3611 3663 3612
f 3612 3663 3614
f 3612 3614 3613
f 3614 3663 3664
f 3614 3664 3615
f 3615 3664 3665
f 3615 3665 3666
f 3615 3666 3667
f 3615 3667 3616
f 3616 3667 3626
f 3620 3625 3668
f 3620 3668 3657
f 3620 3657 3621
f 3625 3669 3668
f 3626 3670 3672
f 3626 3672 3627
f 3626 3667 3671
f 3626 3671 3670
f 3627 3672 3628
f 3628 3672 3673
f 3628 3673 3674
f 3628 3674 3675
f 3628 3675 3629
f 3629 3675 3676
f 3629 3676 3677
f 3629 3677 3678
f 3629 3678 3630
f 3630 3678 3631
f 3631 3678 3679
f 3631 3679 3632
f 3632 3679 3680
f 3632 3680 3681
f 3632 3681 3633
f 3633 3681 3682
f 3633 3682 3634
f 3634 3682 3683
f 3634 3683 3635
f 3635 3684 3686
f 3635 3686 3636
f 3635 3683 3685
f 3635 3685 3684
f 3636 3686 3637
f 3637 3686 3687
f 3637 3687 3638
f 3638 3687 3688
f 3638 3688 3639
f 3639 3688 3640
f 3640 3688 3689
f 3640 3689 3690
f 3640 3690 3641
f 3642 3691 3692
f 3642 3692 3643
f 3642 3645 3693
f 3642 3693 3691
f 3644 3648 3645
f 3645 3648 3694
f 3645 3694 3693
f 3646 3695 3647
f 3647 3695 3697
f 3647 3697 3698
f 3647 3698 3699
f 3647 3699 3696
f 3648 3696 3694
f 3649 3700 3650
f 3649 3656 3700
f 3650 3652 3651
f 3654 3658 3701
f 3654 3701 3655
f 3655 3701 3702
f 3655 3702 3703
f 3655 3703 3656
f 3656 3703 3704
f 3656 3704 3700
f 3657 3668 3705
f 3657 3705 3658
f 3658 3705 3706
f 3658 3706 3707
f 3658 3707 3701
f 3662 3708 3709
f 3662 3709 3663
f 3663 3709 3710
f 3663 3710 3664
f 3664 3711 3712
f 3664 3712 3713
f 3664 3713 3714
f 3664 3714 3665
f 3664 3710 3711
f 3665 3714 3715
f 3665 3715 3716
f 3665 3716 3666
f 3666 3716 3671
f 3666 3671 3667
f 3668 3669 3717
f 3668 3717 3718
f 3668 3718 3705
f 3670 3671 3719
f 3670 3719 3673
f 3670 3673 3672
f 3671 3716 3715
f 3671 3715 3720
f 3671 3720 3721
f 3671 3721 3722
f 3671 3722 3723
f 3671 3723 3719
f 3673 3719 3723
f 3673 3723 3674
f 3674 3723 3724
f 3674 3724 3725
f 3674 3725 3675
f 3675 3725 3676
f 3676 3725 3726
f 3676 3726 3677
f 3677 3726 3727
f 3677 3727 3728
f 3677 3728 3729
f 3677 3729 3730
f 3677 3730 3678
f 3678 3730 3679
f 3679 3730 3680
f 3680 3730 3731
f 3680 3731 3681
f 3681 3731 3732
f 3681 3732 3733
f 3681 3733 3734
f 3681 3734 3682
f 3682 3734 3683
f 3683 3734 3735
f 3683 3735 3685
f 3684 3685 3736
f 3684 3736 3737
f 3684 3737 3686
f 3685 3738 3739
f 3685 3739 3740
f 3685 3740 3736
f 3685 3735 3738
f 3686 3737 3741
f 3686 3741 3687
f 3687 3741 3742
f 3687 3742 3688
f 3688 3742 3743
f 3688 3743 3744
f 3688 3744 3689
f 3689 3744 3745
f 3689 3745 3690
f 3691 3746 3692
f 3691 3693 3746
f 3692 3746 3747
f 3693 3748 3746
f 3693 3694 3749
f 3693 3749 3748
f 3694 3696 3750
f 3694 3750 3749
f 3695 3751 3697
f 3696 3699 3752
f 3696 3752 3750
f 3697 3751 3753
f 3697 3753 3698
f 3698 3754 3755
f 3698 3755 3756
f 3698 3756 3757
f 3698 3757 3699
f 3698 3753 3758
f 3698 3758 3759
f 3698 3759 3754
f 3699 3757 3752
f 3701 3707 3702
f 3705 3718 3760
f 3705 3760 3761
f 3705 3761 3706
f 3706 3761 3707
f 3707 3761 3762
f 3708 3710 3709
f 3708 3712 3711
f 3708 3711 3710
f 3712 3763 3713
f 3713 3763 3764
f 3713 3764 3714
f 3714 3764 3720
f 3714 3720 3715
f 3720 3764 3765
f 3720 3765 3721
f 3721 3765 3809
f 3721 3809 3766
f 3721 3766 3722
f 3722 3724 3723
f 3722 3766 3767
f 3722 3767 3724
f 3724 3767 3768
f 3724 3768 3725
f 3725 3768 3769
f 3725 3769 3726
f 3726 3769 3727
f 3727 3769 3770
f 3727 3770 3771
f 3727 3771 3772
f 3727 3772 3731
f 3727 3731 3730
f 3727 3730 3728
f 3728 3730 3729
f 3731 3772 3732
f 3732 3772 3773
f 3732 3773 3733
f 3733 3735 3734
f 3733 3773 3735
f 3735 3773 3774
f 3735 3774 3738
f 3736 3740 3775
f 3736 3775 3737
f 3737 3775 3741
f 3738 3774 3739
f 3739 3774 3776
f 3739 3776 3777
f 3739 3777 3778
f 3739 3778 3779
f 3739 3779 3780
f 3739 3780 3781
f 3739 3781 3740
f 3740 3781 3782
f 3740 3782 3783
f 3740 3783 3775
f 3741 3775 3784
f 3741 3784 3742
f 3742 3784 3785
f 3742 3785 3786
f 3742 3786 3743
f 3743 3786 3787
f 3743 3787 3744
f 3744 3787 3788
f 3744 3788 3745
f 3746 3789 3790
f 3746 3790 3791
f 3746 3791 3747
f 3746 3748 3789
f 3748 3792 3789
f 3748 3749 3793
f 3748 3793 3834
f 3748 3834 3792
f 3749 3750 3794
f 3749 3794 3793
f 3750 3752 3795
f 3750 3795 3794
f 3751 3796 3753
f 3752 3757 3797
f 3752 3797 3795
f 3753 3796 3758
f 3754 3798 3755
f 3754 3759 3798
f 3755 3799 3756
f 3755 3798 3800
f 3755 3800 3801
f 3755 3801 3799
f 3756 3799 3797
f 3756 3797 3757
f 3758 3796 3759
f 3759 3802 3798
f 3759 3796 3803
f 3759 3803 3848
f 3759 3848 3802
f 3761 3804 3762
f 3763 3805 3764
f 3764 3805 3806
f 3764 3806 3765
f 3765 3807 3808
f 3765 3808 3809
f 3765 3806 3807
f 3766 3809 3810
f 3766 3810 3767
f 3767 3810 3851
f 3767 3851 3811
f 3767 3811 3812
f 3767 3812 3768
f 3768 3812 3769
f 3769 3812 3770
f 3770 3813 3771
f 3770 3812 3814
f 3770 3814 3815
f 3770 3815 3816
f 3770 3816 3813
f 3771 3776 3772
f 3771 3813 3817
f 3771 3817 3776
f 3772 3776 3773
f 3773 3776 3774
f 3775 3783 3818
f 3775 3818 3784
f 3776 3817 3777
f 3777 3817 3779
f 3777 3779 3778
f 3779 3819 3820
f 3779 3820 3821
f 3779 3821 3780
f 3779 3817 3819
f 3780 3821 3822
f 3780 3822 3823
f 3780 3823 3782
f 3780 3782 3781
f 3782 3823 3783
f 3783 3823 3824
f 3783 3824 3825
f 3783 3825 3818
f 3784 3818 3785
f 3785 3818 3786
f 3786 3818 3826
f 3786 3826 3827
f 3786 3827 3787
f 3787 3828 3829
f 3787 3829 3830
f 3787 3830 3788
f 3787 3827 3828
f 3789 3831 3832
f 3789 3832 3790
f 3789 3792 3831
f 3792 3833 3831
f 3792 3834 3833
f 3793 3794 3835
f 3793 3835 3834
f 3794 3795 3837
f 3794 3837 3835
f 3795 3797 3836
f 3795 3836 3837
f 3796 3838 3839
f 3796 3839 3840
f 3796 3840 3841
f 3796 3841 3803
f 3797 3842 3843
f 3797 3843 3836
f 3797 3799 3842
f 3798 3844 3800
f 3798 3802 3844
f 3799 3801 3842
f 3800 3845 3846
f 3800 3846 3842
f 3800 3842 3801
f 3800 3844 3845
f 3802 3847 3844
f 3802 3848 3847
f 3803 3841 3848
f 3808 3850 3809
f 3809 3850 3810
f 3811 3851 3852
f 3811 3852 3812
f 3812 3852 3814
f 3813 3816 3819
f 3813 3819 3817
f 3814 3852 3853
f 3814 3853 3815
f 3815 3853 3854
f 3815 3854 3855
f 3815 3855 3856
f 3815 3856 3819
f 3815 3819 3816
f 3818 3825 3857
f 3818 3857 3827
f 3818 3827 3826
f 3819 3856 3858
f 3819 3858 3820
f 3820 3858 3859
f 3820 3859 3860
f 3820 3860 3821
f 3821 3860 3822
f 3822 3860 3861
f 3822 3861 3824
f 3822 3824 3823
f 3824 3861 3825
f 3825 3861 3862
f 3825 3862 3863
f 3825 3863 3857
f 3827 3864 3828
f 3827 3857 3865
f 3827 3865 3866
f 3827 3866 3864
f 3828 3864 3829
f 3829 3864 3867
f 3829 3867 3868
f 3829 3868 3869
f 3829 3869 3830
f 3830 3869 3870
f 3831 3871 3872
f 3831 3872 3832
f 3831 3833 3871
f 3833 3873 3871
f 3833 3834 3874
f 3833 3874 3873
f 3834 3835 3875
f 3834 3875 3876
f 3834 3876 3874
f 3835 3837 3877
f 3835 3877 3878
f 3835 3878 3879
f 3835 3879 3875
f 3836 3880 3837
f 3836 3843 3880
f 3837 3880 3877
f 3838 3881 3839
f 3839 3881 3882
f 3839 3882 3840
f 3840 3882 3841
f 3841 3883 3848
f 3841 3882 3924
f 3841 3924 3883
f 3842 3846 3884
f 3842 3884 3885
f 3842 3885 3886
f 3842 3886 3843
f 3843 3886 3880
f 3844 3887 3845
f 3844 3847 3887
f 3845 3888 3846
f 3845 3887 3888
f 3846 3888 3884
f 3847 3889 3887
f 3847 3848 3890
f 3847 3890 3931
f 3847 3931 3889
f 3848 3883 3891
f 3848 3891 3892
f 3848 3892 3893
f 3848 3893 3894
f 3848 3894 3890
f 3849 3895 3896
f 3849 3896 3897
f 3851 3898 3852
f 3852 3898 3854
f 3852 3854 3853
f 3854 3898 3899
f 3854 3899 3900
f 3854 3900 3855
f 3855 3900 3856
f 3856 3900 3901
f 3856 3901 3858
f 3857 3863 3865
f 3858 3901 3902
f 3858 3902 3859
f 3859 3902 3903
f 3859 3903 3904
f 3859 3904 3860
f 3860 3904 3951
f 3860 3951 3905
f 3860 3905 3862
f 3860 3862 3861
f 3862 3905 3863
f 3863 3905 3906
f 3863 3906 3907
f 3863 3907 3865
f 3864 3866 3867
f 3865 3907 3908
f 3865 3908 3909
f 3865 3909 3866
f 3866 3868 3867
f 3866 3909 3910
f 3866 3910 3868
f 3868 3910 3869
f 3869 3910 3911
f 3869 3911 3912
f 3869 3912 3870
f 3870 3912 3913
f 3871 3914 3915
f 3871 3915 3872
f 3871 3873 3914
f 3873 3916 3917
f 3873 3917 3914
f 3873 3874 3918
f 3873 3918 3916
f 3874 3876 3918
f 3875 3879 3876
f 3876 3919 3918
f 3876 3879 3920
f 3876 3920 3919
f 3877 3880 3878
f 3878 3880 3886
f 3878 3886 3885
f 3878 3885 3921
f 3878 3921 3879
f 3879 3921 3920
f 3881 3922 3882
f 3882 3922 3923
f 3882 3923 3924
f 3883 3924 3892
f 3883 3892 3891
f 3884 3888 3925
f 3884 3925 3885
f 3885 3926 3970
f 3885 3970 3921
f 3885 3925 3926
f 3887 3927 3888
f 3887 3889 3930
f 3887 3930 3927
f 3888 3928 3925
f 3888 3927 3929
f 3888 3929 3928
f 3889 3931 3930
f 3890 3894 3932
f 3890 3932 3931
f 3892 3924 3933
f 3892 3933 3923
f 3892 3923 3934
f 3892 3934 3935
f 3892 3935 3936
f 3892 3936 3937
f 3892 3937 3893
f 3893 3937 3894
f 3894 3937 3938
f 3894 3938 3932
f 3895 3939 3940
f 3895 3940 3896
f 3896 3940 3941
f 3896 3941 3942
f 3896 3942 3897
f 3897 3942 3943
f 3899 3944 3900
f 3900 3944 3945
f 3900 3945 3901
f 3901 3945 3946
f 3901 3946 3902
f 3902 3946 3947
f 3902 3947 3948
f 3902 3948 3903
f 3903 3948 3949
f 3903 3949 3950
f 3903 3950 3904
f 3904 3950 3951
f 3905 3951 3906
f 3906 3951 3907
f 3907 3951 3952
f 3907 3952 3908
f 3908 3952 3953
f 3908 3953 3954
f 3908 3954 3909
f 3909 3954 3955
f 3909 3955 3956
f 3909 3956 3911
f 3909 3911 3910
f 3911 3956 3957
f 3911 3957 3912
f 3912 3957 3958
f 3912 3958 3913
f 3913 3958 3959
f 3913 3959 3960
f 3914 3917 3961
f 3914 3961 3915
f 3916 3962 3963
f 3916 3963 3917
f 3916 3918 3962
f 3917 3963 3964
f 3917 3964 3961
f 3918 3919 3965
f 3918 3965 3962
f 3919 3966 3967
f 3919 3967 3965
f 3919 3920 3968
f 3919 3968 3969
f 3919 3969 3966
f 3920 3921 3968
f 3921 3970 3968
f 3922 3971 3972
f 3922 3972 3923
f 3923 3933 3924
f 3923 3972 3973
f 3923 3973 3986
f 3923 3986 3934
f 3925 3928 3974
f 3925 3974 3975
f 3925 3975 3926
f 3926 3976 3977
f 3926 3977 3970
f 3926 3975 3978
f 3926 3978 3976
f 3927 3979 3980
f 3927 3980 3974
f 3927 3974 3929
f 3927 3930 3981
f 3927 3981 3979
f 3928 3929 3974
f 3930 3931 3982
f 3930 3982 4034
f 3930 4034 3981
f 3931 3932 3983
f 3931 3983 3982
f 3932 3938 3984
f 3932 3984 3985
f 3932 3985 3983
f 3934 3986 3935
f 3935 3986 3936
f 3936 3986 3987
f 3936 3987 3937
f 3937 3987 3988
f 3937 3988 3938
f 3938 3988 3984
f 3939 3989 3990
f 3939 3990 3940
f 3940 3990 3991
f 3940 3991 3941
f 3941 3991 3992
f 3941 3992 3993
f 3941 3993 3942
f 3942 3993 3994
f 3942 3994 3943
f 3943 3994 3995
f 3944 3996 3945
f 3945 3996 3946
f 3946 3996 3947
f 3947 3996 3997
f 3947 3997 3998
f 3947 3998 3948
f 3948 3998 3999
f 3948 3999 3949
f 3949 4000 3950
f 3949 3999 4001
f 3949 4001 4000
f 3950 4000 4002
f 3950 4002 3951
f 3951 4002 3952
f 3952 4002 4003
f 3952 4003 3953
f 3953 4003 4004
f 3953 4004 3954
f 3954 4004 4005
f 3954 4005 4006
f 3954 4006 3955
f 3955 4006 3956
f 3956 4006 3957
f 3957 4006 4007
f 3957 4007 3958
f 3958 4007 4008
f 3958 4008 3959
f 3959 4008 4009
f 3959 4009 4010
f 3959 4010 3960
f 3960 4010 4011
f 3962 4012 3963
f 3962 3965 3967
f 3962 3967 4012
f 3963 4013 4014
f 3963 4014 3964
f 3963 4012 4013
f 3966 4015 3967
f 3966 3969 4015
f 3967 4015 4016
f 3967 4016 4012
f 3968 3970 3969
f 3969 3970 3977
f 3969 3977 4017
f 3969 4017 4018
f 3969 4018 4015
f 3971 4019 4020
f 3971 4020 4021
f 3971 4021 4022
f 3971 4022 3972
f 3972 4022 4023
f 3972 4023 4024
f 3972 4024 3973
f 3973 4024 4025
f 3973 4025 4026
f 3973 4026 3986
f 3974 4027 3975
f 3974 3980 4027
f 3975 4027 3978
f 3976 4028 4017
f 3976 4017 3977
f 3976 3978 4028
f 3978 4027 4029
f 3978 4029 4030
f 3978 4030 4031
f 3978 4031 4028
f 3979 4032 4029
f 3979 4029 3980
f 3979 3981 4033
f 3979 4033 4032
f 3980 4029 4027
f 3981 4034 4035
f 3981 4035 4033
f 3982 3983 4036
f 3982 4036 4034
f 3983 3985 4036
f 3984 3988 4037
f 3984 4037 3985
f 3985 4038 4036
f 3985 4037 4039
f 3985 4039 4038
f 3986 4040 3987
f 3986 4026 4041
f 3986 4041 4040
f 3987 4040 3988
f 3988 4040 4042
f 3988 4042 4037
f 3989 4043 4044
f 3989 4044 3990
f 3990 4044 4045
f 3990 4045 3991
f 3991 4045 4046
f 3991 4046 3992
f 3992 4046 4099
f 3992 4099 4047
f 3992 4047 3993
f 3993 4047 4048
f 3993 4048 4049
f 3993 4049 3994
f 3994 4049 3995
f 3995 4049 4050
f 3996 4051 3997
f 3997 4051 4052
f 3997 4052 3998
f 3998 4052 4053
f 3998 4053 3999
f 3999 4053 4001
f 4000 4054 4002
f 4000 4001 4054
f 4001 4053 4055
f 4001 4055 4056
f 4001 4056 4054
f 4002 4054 4003
f 4003 4054 4004
f 4004 4054 4057
f 4004 4057 4005
f 4005 4057 4006
f 4006 4057 4058
f 4006 4058 4007
f 4007 4058 4059
f 4007 4059 4008
f 4008 4059 4060
f 4008 4060 4009
f 4009 4060 4010
f 4010 4061 4062
f 4010 4062 4011
f 4010 4060 4061
f 4012 4063 4013
f 4012 4016 4063
f 4013 4064 4065
f 4013 4065 4014
f 4013 4063 4066
f 4013 4066 4064
f 4015 4018 4067
f 4015 4067 4016
f 4016 4068 4063
f 4016 4067 4118
f 4016 4118 4068
f 4017 4028 4018
f 4018 4069 4067
f 4018 4028 4070
f 4018 4070 4071
f 4018 4071 4069
f 4019 4072 4020
f 4020 4072 4073
f 4020 4073 4074
f 4020 4074 4021
f 4021 4074 4023
f 4021 4023 4022
f 4023 4074 4075
f 4023 4075 4076
f 4023 4076 4077
f 4023 4077 4024
f 4024 4077 4025
f 4025 4077 4026
f 4026 4077 4078
f 4026 4078 4079
f 4026 4079 4041
f 4028 4031 4070
f 4029 4080 4031
f 4029 4031 4030
f 4029 4032 4081
f 4029 4081 4080
f 4031 4080 4129
f 4031 4129 4082
f 4031 4082 4071
f 4031 4071 4070
f 4032 4033 4083
f 4032 4083 4081
f 4033 4035 4084
f 4033 4084 4083
f 4034 4036 4035
f 4035 4036 4085
f 4035 4085 4086
f 4035 4086 4084
f 4036 4038 4087
f 4036 4087 4088
f 4036 4088 4085
f 4037 4042 4089
f 4037 4089 4039
f 4038 4039 4090
f 4038 4090 4087
f 4039 4089 4091
f 4039 4091 4092
f 4039 4092 4090
f 4040 4041 4093
f 4040 4093 4042
f 4041 4079 4094
f 4041 4094 4095
f 4041 4095 4093
f 4042 4093 4096
f 4042 4096 4089
f 4043 4065 4064
f 4043 4064 4044
f 4044 4064 4066
f 4044 4066 4045
f 4045 4066 4046
f 4046 4066 4097
f 4046 4097 4098
f 4046 4098 4099
f 4047 4099 4100
f 4047 4100 4101
f 4047 4101 4102
f 4047 4102 4048
f 4048 4102 4103
f 4048 4103 4049
f 4049 4103 4104
f 4049 4104 4050
f 4051 4105 4052
f 4052 4105 4106
f 4052 4106 4107
f 4052 4107 4053
f 4053 4107 4108
f 4053 4108 4055
f 4054 4056 4057
f 4055 4109 4056
f 4055 4108 4110
f 4055 4110 4109
f 4056 4109 4060
f 4056 4060 4059
f 4056 4059 4058
f 4056 4058 4057
f 4060 4109 4110
f 4060 4110 4111
f 4060 4111 4112
f 4060 4112 4113
f 4060 4113 4114
f 4060 4114 4115
f 4060 4115 4116
f 4060 4116 4061
f 4061 4116 4115
f 4061 4115 4062
f 4062 4115 4117
f 4063 4068 4066
f 4066 4068 4097
f 4067 4069 4118
f 4068 4118 4098
f 4068 4098 4097
f 4069 4071 4120
f 4069 4120 4119
f 4069 4119 4098
f 4069 4098 4118
f 4071 4082 4121
f 4071 4121 4120
f 4073 4122 4074
f 4074 4123 4124
f 4074 4124 4075
f 4074 4122 4123
f 4075 4124 4076
f 4076 4125 4078
f 4076 4078 4077
f 4076 4124 4126
f 4076 4126 4127
f 4076 4127 4125
f 4078 4125 4128
f 4078 4128 4079
f 4079 4128 4094
f 4080 4081 4130
f 4080 4130 4129
f 4081 4083 4131
f 4081 4131 4130
f 4082 4129 4121
f 4083 4084 4132
f 4083 4132 4131
f 4084 4086 4132
f 4085 4088 4133
f 4085 4133 4086
f 4086 4133 4134
f 4086 4134 4132
f 4087 4090 4135
f 4087 4135 4136
f 4087 4136 4137
f 4087 4137 4133
f 4087 4133 4088
f 4089 4096 4138
f 4089 4138 4139
f 4089 4139 4091
f 4090 4092 4140
f 4090 4140 4136
f 4090 4136 4135
f 4091 4139 4092
f 4092 4139 4140
f 4093 4095 4096
f 4094 4128 4141
f 4094 4141 4095
f 4095 4141 4142
f 4095 4142 4188
f 4095 4188 4143
f 4095 4143 4096
f 4096 4144 4145
f 4096 4145 4138
f 4096 4143 4144
f 4098 4119 4100
f 4098 4100 4099
f 4100 4119 4120
f 4100 4120 4146
f 4100 4146 4147
f 4100 4147 4101
f 4101 4147 4148
f 4101 4148 4102
f 4102 4148 4149
f 4102 4149 4103
f 4103 4149 4150
f 4103 4150 4104
f 4105 4151 4106
f 4106 4151 4152
f 4106 4152 4153
f 4106 4153 4154
f 4106 4154 4107
f 4107 4154 4155
f 4107 4155 4108
f 4108 4155 4156
f 4108 4156 4110
f 4110 4156 4111
f 4111 4157 4112
f 4111 4156 4158
f 4111 4158 4159
f 4111 4159 4157
f 4112 4157 4113
f 4113 4160 4115
f 4113 4115 4114
f 4113 4157 4161
f 4113 4161 4160
f 4115 4160 4117
f 4117 4160 4161
f 4117 4161 4162
f 4120 4121 4163
f 4120 4163 4195
f 4120 4195 4146
f 4121 4129 4164
f 4121 4164 4213
f 4121 4213 4163
f 4122 4165 4123
f 4123 4165 4166
f 4123 4166 4167
f 4123 4167 4168
f 4123 4168 4124
f 4124 4168 4169
f 4124 4169 4126
f 4125 4127 4128
f 4126 4169 4170
f 4126 4170 4127
f 4127 4171 4128
f 4127 4170 4172
f 4127 4172 4221
f 4127 4221 4171
f 4128 4171 4141
f 4129 4130 4173
f 4129 4173 4164
f 4130 4131 4174
f 4130 4174 4173
f 4131 4132 4175
f 4131 4175 4176
f 4131 4176 4174
f 4132 4134 4177
f 4132 4177 4178
f 4132 4178 4176
f 4132 4176 4175
f 4133 4137 4134
f 4134 4137 4179
f 4134 4179 4180
f 4134 4180 4177
f 4136 4181 4137
f 4136 4140 4184
f 4136 4184 4181
f 4137 4181 4179
f 4138 4145 4139
f 4139 4182 4140
f 4139 4145 4183
f 4139 4183 4182
f 4140 4182 4184
f 4141 4185 4186
f 4141 4186 4187
f 4141 4187 4142
f 4141 4171 4185
f 4142 4187 4189
f 4142 4189 4190
f 4142 4190 4191
f 4142 4191 4240
f 4142 4240 4188
f 4143 4192 4144
f 4143 4188 4193
f 4143 4193 4192
f 4144 4192 4145
f 4145 4192 4194
f 4145 4194 4183
f 4146 4195 4196
f 4146 4196 4147
f 4147 4196 4197
f 4147 4197 4148
f 4148 4197 4198
f 4148 4198 4149
f 4149 4198 4199
f 4149 4199 4150
f 4151 4200 4152
f 4152 4201 4153
f 4152 4200 4202
f 4152 4202 4201
f 4153 4201 4154
f 4154 4201 4155
f 4155 4201 4158
f 4155 4158 4156
f 4157 4159 4161
f 4158 4201 4202
f 4158 4202 4203
f 4158 4203 4159
f 4159 4204 4205
f 4159 4205 4206
f 4159 4206 4207
f 4159 4207 4208
f 4159 4208 4209
f 4159 4209 4210
f 4159 4210 4211
f 4159 4211 4212
f 4159 4212 4161
f 4159 4203 4204
f 4161 4212 4211
f 4161 4211 4162
f 4163 4213 4247
f 4163 4247 4195
f 4164 4173 4213
f 4166 4214 4215
f 4166 4215 4167
f 4167 4215 4216
f 4167 4216 4168
f 4168 4216 4169
f 4169 4216 4217
f 4169 4217 4218
f 4169 4218 4219
f 4169 4219 4220
f 4169 4220 4170
f 4170 4220 4172
f 4171 4221 4185
f 4172 4220 4221
f 4173 4222 4213
f 4173 4174 4223
f 4173 4223 4222
f 4174 4176 4223
f 4176 4224 4223
f 4176 4178 4224
f 4177 4225 4178
f 4177 4180 4225
f 4178 4225 4226
f 4178 4226 4227
f 4178 4227 4228
f 4178 4228 4224
f 4179 4181 4229
f 4179 4229 4180
f 4180 4229 4230
f 4180 4230 4231
f 4180 4231 4232
f 4180 4232 4225
f 4181 4184 4233
f 4181 4233 4229
f 4182 4183 4234
f 4182 4234 4235
f 4182 4235 4184
f 4183 4194 4236
f 4183 4236 4237
f 4183 4237 4234
f 4184 4235 4238
f 4184 4238 4233
f 4185 4221 4186
f 4186 4221 4220
f 4186 4220 4239
f 4186 4239 4189
f 4186 4189 4187
f 4188 4240 4193
f 4189 4239 4241
f 4189 4241 4242
f 4189 4242 4190
f 4190 4242 4191
f 4191 4242 4243
f 4191 4243 4244
f 4191 4244 4240
f 4192 4193 4245
f 4192 4245 4194
f 4193 4240 4246
f 4193 4246 4245
f 4194 4245 4236
f 4195 4247 4248
f 4195 4248 4196
f 4196 4248 4249
f 4196 4249 4197
f 4197 4249 4250
f 4197 4250 4198
f 4198 4250 4251
f 4198 4251 4199
f 4200 4252 4253
f 4200 4253 4202
f 4202 4254 4255
f 4202 4255 4203
f 4202 4253 4254
f 4203 4255 4205
f 4203 4205 4204
f 4205 4255 4256
f 4205 4256 4206
f 4206 4256 4257
f 4206 4257 4258
f 4206 4258 4259
f 4206 4259 4260
f 4206 4260 4261
f 4206 4261 4262
f 4206 4262 4207
f 4207 4263 4264
f 4207 4264 4208
f 4207 4262 4265
f 4207 4265 4266
f 4207 4266 4267
f 4207 4267 4263
f 4208 4264 4268
f 4208 4268 4269
f 4208 4269 4270
f 4208 4270 4209
f 4213 4222 4278
f 4213 4278 4247
f 4214 4271 4215
f 4215 4271 4272
f 4215 4272 4216
f 4216 4272 4273
f 4216 4273 4274
f 4216 4274 4275
f 4216 4275 4276
f 4216 4276 4217
f 4217 4276 4218
f 4218 4276 4219
f 4219 4276 4220
f 4220 4276 4277
f 4220 4277 4239
f 4222 4223 4279
f 4222 4279 4278
f 4223 4224 4279
f 4224 4228 4227
f 4224 4227 4280
f 4224 4280 4281
f 4224 4281 4279
f 4225 4232 4282
f 4225 4282 4226
f 4226 4282 4283
f 4226 4283 4284
f 4226 4284 4227
f 4227 4284 4280
f 4229 4233 4285
f 4229 4285 4286
f 4229 4286 4230
f 4230 4286 4231
f 4231 4287 4283
f 4231 4283 4282
f 4231 4282 4232
f 4231 4286 4288
f 4231 4288 4287
f 4233 4238 4296
f 4233 4296 4285
f 4234 4289 4235
f 4234 4237 4290
f 4234 4290 4289
f 4235 4289 4238
f 4236 4245 4291
f 4236 4291 4292
f 4236 4292 4293
f 4236 4293 4237
f 4237 4293 4294
f 4237 4294 4290
f 4238 4289 4295
f 4238 4295 4296
f 4239 4277 4297
f 4239 4297 4241
f 4240 4244 4298
f 4240 4298 4246
f 4241 4297 4299
f 4241 4299 4242
f 4242 4299 4300
f 4242 4300 4243
f 4243 4300 4244
f 4244 4300 4301
f 4244 4301 4351
f 4244 4351 4298
f 4245 4246 4291
f 4246 4298 4302
f 4246 4302 4291
f 4247 4278 4303
f 4247 4303 4248
f 4248 4303 4304
f 4248 4304 4249
f 4249 4304 4305
f 4249 4305 4250
f 4250 4305 4306
f 4250 4306 4251
f 4252 4307 4253
f 4253 4307 4254
f 4254 4307 4308
f 4254 4308 4309
f 4254 4309 4256
f 4254 4256 4255
f 4256 4309 4257
f 4257 4309 4310
f 4257 4310 4258
f 4258 4311 4259
f 4258 4310 4311
f 4259 4311 4260
f 4260 4311 4312
f 4260 4312 4313
f 4260 4313 4261
f 4261 4265 4262
f 4261 4313 4314
f 4261 4314 4265
f 4263 4267 4315
f 4263 4315 4264
f 4264 4315 4316
f 4264 4316 4317
f 4264 4317 4318
f 4264 4318 4319
f 4264 4319 4268
f 4265 4314 4320
f 4265 4320 4266
f 4266 4320 4321
f 4266 4321 4322
f 4266 4322 4315
f 4266 4315 4267
f 4268 4319 4323
f 4268 4323 4269
f 4271 4324 4325
f 4271 4325 4272
f 4272 4325 4326
f 4272 4326 4273
f 4273 4326 4274
f 4274 4327 4276
f 4274 4276 4275
f 4274 4326 4328
f 4274 4328 4329
f 4274 4329 4327
f 4276 4327 4277
f 4277 4327 4330
f 4277 4330 4297
f 4278 4279 4331
f 4278 4331 4303
f 4279 4281 4331
f 4280 4284 4332
f 4280 4332 4333
f 4280 4333 4334
f 4280 4334 4281
f 4281 4334 4335
f 4281 4335 4331
f 4283 4336 4337
f 4283 4337 4284
f 4283 4287 4338
f 4283 4338 4336
f 4284 4337 4332
f 4285 4296 4286
f 4286 4296 4339
f 4286 4339 4288
f 4287 4288 4340
f 4287 4340 4338
f 4288 4339 4341
f 4288 4341 4340
f 4289 4290 4342
f 4289 4342 4295
f 4290 4294 4343
f 4290 4343 4344
f 4290 4344 4342
f 4291 4302 4345
f 4291 4345 4346
f 4291 4346 4292
f 4292 4346 4293
f 4293 4346 4347
f 4293 4347 4294
f 4294 4347 4343
f 4295 4348 4296
f 4295 4342 4349
f 4295 4349 4348
f 4296 4348 4350
f 4296 4350 4339
f 4297 4330 4299
f 4298 4351 4302
f 4299 4330 4352
f 4299 4352 4300
f 4300 4352 4301
f 4301 4352 4353
f 4301 4353 4354
f 4301 4354 4351
f 4302 4351 4355
f 4302 4355 4356
f 4302 4356 4345
f 4303 4331 4357
f 4303 4357 4304
f 4304 4357 4358
f 4304 4358 4305
f 4305 4358 4359
f 4305 4359 4306
f 4308 4360 4311
f 4308 4311 4310
f 4308 4310 4309
f 4311 4361 4362
f 4311 4362 4312
f 4311 4360 4361
f 4312 4363 4364
f 4312 4364 4313
f 4312 4362 4363
f 4313 4364 4365
f 4313 4365 4314
f 4314 4365 4366
f 4314 4366 4367
f 4314 4367 4321
f 4314 4321 4320
f 4315 4322 4368
f 4315 4368 4369
f 4315 4369 4370
f 4315 4370 4371
f 4315 4371 4372
f 4315 4372 4373
f 4315 4373 4316
f 4321 4367 4374
f 4321 4374 4322
f 4322 4374 4375
f 4322 4375 4376
f 4322 4376 4368
f 4324 4377 4378
f 4324 4378 4379
f 4324 4379 4380
f 4324 4380 4325
f 4325 4380 4381
f 4325 4381 4328
f 4325 4328 4326
f 4327 4329 4382
f 4327 4382 4330
f 4328 4381 4383
f 4328 4383 4384
f 4328 4384 4329
f 4329 4384 4385
f 4329 4385 4386
f 4329 4386 4382
f 4330 4382 4352
f 4331 4335 4389
f 4331 4389 4357
f 4333 4387 4334
f 4334 4387 4388
f 4334 4388 4389
f 4334 4389 4335
f 4339 4350 4390
f 4339 4390 4341
f 4342 4344 4349
f 4345 4356 4391
f 4345 4391 4346
f 4346 4392 4347
f 4346 4391 4392
f 4348 4349 4350
f 4349 4393 4350
f 4350 4393 4394
f 4350 4394 4390
f 4351 4354 4395
f 4351 4395 4355
f 4352 4382 4396
f 4352 4396 4353
f 4353 4396 4354
f 4354 4396 4397
f 4354 4397 4421
f 4354 4421 4398
f 4354 4398 4395
f 4355 4395 4356
f 4356 4399 4391
f 4356 4395 4399
f 4357 4389 4400
f 4357 4400 4358
f 4358 4400 4359
f 4362 4401 4363
f 4363 4402 4403
f 4363 4403 4364
f 4363 4401 4402
f 4364 4404 4365
f 4364 4403 4404
f 4365 4404 4366
f 4366 4404 4405
f 4366 4405 4406
f 4366 4406 4407
f 4366 4407 4408
f 4366 4408 4367
f 4367 4408 4409
f 4367 4409 4374
f 4374 4410 4375
f 4374 4409 4410
f 4375 4410 4411
f 4375 4411 4412
f 4375 4412 4376
f 4377 4413 4378
f 4378 4413 4379
f 4379 4414 4415
f 4379 4415 4416
f 4379 4416 4417
f 4379 4417 4384
f 4379 4384 4383
f 4379 4383 4380
f 4379 4413 4418
f 4379 4418 4414
f 4380 4383 4381
f 4382 4386 4396
f 4384 4417 4385
f 4385 4417 4419
f 4385 4419 4386
f 4386 4419 4420
f 4386 4420 4396
f 4388 4400 4389
f 4396 4420 4397
f 4397 4420 4422
f 4397 4422 4421
f 4402 4423 4403
f 4403 4423 4424
f 4403 4424 4425
f 4403 4425 4404
f 4404 4426 4427
f 4404 4427 4428
f 4404 4428 4405
f 4404 4425 4426
f 4405 4428 4429
f 4405 4429 4430
f 4405 4430 4431
f 4405 4431 4432
f 4405 4432 4406
f 4406 4432 4433
f 4406 4433 4407
f 4407 4433 4409
f 4407 4409 4408
f 4409 4433 4410
f 4410 4434 4411
f 4410 4433 4434
f 4411 4434 4435
f 4411 4435 4436
f 4411 4436 4437
f 4411 4437 4412
f 4413 4438 4439
f 4413 4439 4440
f 4413 4440 4418
f 4414 4418 4441
f 4414 4441 4442
f 4414 4442 4415
f 4415 4442 4416
f 4416 4442 4443
f 4416 4443 4417
f 4417 4443 4419
f 4418 4440 4444
f 4418 4444 4441
f 4419 4445 4446
f 4419 4446 4420
f 4419 4443 4442
f 4419 4442 4441
f 4419 4441 4445
f 4420 4447 4422
f 4420 4446 4447
f 4425 4448 4426
f 4426 4448 4449
f 4426 4449 4427
f 4427 4449 4450
f 4427 4450 4428
f 4428 4451 4452
f 4428 4452 4453
f 4428 4453 4429
f 4428 4450 4451
f 4429 4453 4454
f 4429 4454 4430
f 4430 4455 4456
f 4430 4456 4457
f 4430 4457 4458
f 4430 4458 4431
f 4430 4454 4455
f 4431 4433 4432
f 4431 4458 4459
f 4431 4459 4433
f 4433 4459 4434
f 4434 4459 4460
f 4434 4460 4435
f 4435 4460 4436
f 4436 4460 4461
f 4438 4462 4463
f 4438 4463 4439
f 4439 4463 4464
f 4439 4464 4440
f 4440 4464 4465
f 4440 4465 4466
f 4440 4466 4444
f 4441 4444 4445
f 4444 4466 4467
f 4444 4467 4468
f 4444 4468 4469
f 4444 4469 4445
f 4445 4447 4446
f 4445 4469 4470
f 4445 4470 4447
f 4447 4470 4472
f 4447 4472 4473
f 4447 4473 4471
f 4450 4474 4451
f 4451 4474 4475
f 4451 4475 4476
f 4451 4476 4452
f 4452 4476 4453
f 4453 4476 4477
f 4453 4477 4454
f 4454 4478 4455
f 4454 4477 4479
f 4454 4479 4478
f 4455 4478 4480
f 4455 4480 4456
f 4456 4480 4465
f 4456 4465 4457
f 4457 4465 4481
f 4457 4481 4482
f 4457 4482 4458
f 4458 4482 4483
f 4458 4483 4459
f 4459 4483 4460
f 4460 4483 4461
f 4461 4483 4484
f 4462 4485 4463
f 4463 4486 4487
f 4463 4487 4488
f 4463 4488 4482
f 4463 4482 4481
f 4463 4481 4465
f 4463 4465 4464
f 4463 4485 4489
f 4463 4489 4490
f 4463 4490 4491
f 4463 4491 4492
f 4463 4492 4486
f 4465 4493 4466
f 4465 4480 4493
f 4466 4494 4495
f 4466 4495 4467
f 4466 4493 4496
f 4466 4496 4494
f 4467 4495 4494
f 4467 4494 4473
f 4467 4473 4468
f 4468 4473 4469
f 4469 4473 4472
f 4469 4472 4470
f 4471 4473 4494
f 4471 4494 4497
f 4476 4498 4477
f 4477 4499 4479
f 4477 4498 4500
f 4477 4500 4501
f 4477 4501 4502
f 4477 4502 4503
f 4477 4503 4504
f 4477 4504 4496
f 4477 4496 4499
f 4478 4479 4499
f 4478 4499 4493
f 4478 4493 4480
f 4482 4488 4483
f 4483 4488 4484
f 4484 4488 4505
f 4487 4506 4488
f 4488 4506 4505
f 4493 4499 4496
f 4494 4496 4497
f 4496 4504 4503
f 4496 4503 4497

o geometry_5
v -0.17596632 -0.20584546 0.27252382
v -0.17555368 -0.22161365 0.27252382
v -0.16994852 -0.22232025 0.28638161
v -0.17032678 -0.20584546 0.28638161
v -0.17593194 -0.18922190 0.27252382
v -0.17476276 -0.23875786 0.27252382
v -0.16926077 -0.23875786 0.28638161
v -0.16393072 -0.23875786 0.29844234
v -0.16424021 -0.22232025 0.29909897
v -0.16441215 -0.20584546 0.29934086
v -0.17025801 -0.18937067 0.28638161
v -0.17558806 -0.17289586 0.27252382
v -0.17366237 -0.25445167 0.27252382
v -0.16819477 -0.25523265 0.28638161
v -0.16341491 -0.25523265 0.29737105
v -0.15970105 -0.23875786 0.30666718
v -0.16007931 -0.22232025 0.30732377
v -0.16018248 -0.20584546 0.30756569
v -0.16434336 -0.18937067 0.29911624
v -0.16977658 -0.17289586 0.28638161
v -0.17500346 -0.15645827 0.27252382
v -0.17201176 -0.27170744 0.27252382
v -0.16668171 -0.27170744 0.28638161
v -0.16265839 -0.27170744 0.29591960
v -0.15915086 -0.25523265 0.30561316
v -0.13088437 -0.43318273 0.32982103
v -0.15241093 -0.23875786 0.31929813
v -0.15309868 -0.22232025 0.31929813
v -0.15323623 -0.20584546 0.31929813
v -0.16001055 -0.18937067 0.30734105
v -0.16406827 -0.17289586 0.29847693
v -0.16898566 -0.15645827 0.28638161
v -0.17428133 -0.13998348 0.27252382
v -0.16994852 -0.28803347 0.27252382
v -0.16217696 -0.28115349 0.29490016
v -0.15024451 -0.25564173 0.32076685
v -0.12710175 -0.41983180 0.33846057
v -0.16754140 -0.30461984 0.27252382
v -0.13263815 -0.43771979 0.32074958
v -0.12971522 -0.44419071 0.32721191
v -0.12706737 -0.43771979 0.33548857
v -0.11840174 -0.43630659 0.35067681
v -0.14666821 -0.23875786 0.32854240
v -0.11905510 -0.41983180 0.35195548
v -0.14622119 -0.25039806 0.32795491
v -0.14697770 -0.22232025 0.32899165
v -0.14701208 -0.20584546 0.32902620
v -0.15285795 -0.18937067 0.31929813
v -0.15959791 -0.17289586 0.30671900
v -0.16362123 -0.15645827 0.29759566
v -0.16802283 -0.13998348 0.28638161
v -0.17338726 -0.12295084 0.27252382
v -0.16468723 -0.32135495 0.27252382
v -0.13105631 -0.44720302 0.31623975
v -0.16434336 -0.32336315 0.27252382
v -0.16245205 -0.33213980 0.27252382
v -0.12723931 -0.45274420 0.32074958
v -0.11592585 -0.46404971 0.33574776
v -0.12184049 -0.45278141 0.33574776
v -0.11582268 -0.45278141 0.34699639
v -0.11234955 -0.43630659 0.35891892
v -0.11348434 -0.41983180 0.36018028
v -0.14020339 -0.23875786 0.33678448
v -0.14040971 -0.22232025 0.33721646
v -0.14034092 -0.20584546 0.33725104
v -0.14016898 -0.18937067 0.33697457
v -0.14680577 -0.18937067 0.32874974
v -0.14639313 -0.17289586 0.32817955
v -0.15203267 -0.17289586 0.31929813
v -0.15908210 -0.15645827 0.30582049
v -0.16303665 -0.13998348 0.29650709
v -0.16695682 -0.12350868 0.28638161
v -0.17283707 -0.12190954 0.27357785
v -0.17331850 -0.12190954 0.27252382
v -0.16114534 -0.33753224 0.27252382
v -0.16087023 -0.33857354 0.27252382
v -0.13105631 -0.44720302 0.30744473
v -0.11857367 -0.46709921 0.31929813
v -0.11393137 -0.46137208 0.34431813
v -0.10925468 -0.47226852 0.33574776
v -0.10925468 -0.45278141 0.35523847
v -0.10430289 -0.43630659 0.36641800
v -0.10117363 -0.45278141 0.36365336
v -0.10543767 -0.41983180 0.36743747
v -0.08418623 -0.25523265 0.39591329
v -0.09226728 -0.25523265 0.38798223
v -0.10038272 -0.25523265 0.37975740
v -0.10842938 -0.25523265 0.37134253
v -0.11623533 -0.25523265 0.36311770
v -0.12455708 -0.23875786 0.35491017
v -0.13215672 -0.23875786 0.34668537
v -0.13236304 -0.22232025 0.34673720
v -0.13195041 -0.17289586 0.34649531
v -0.13167529 -0.15645827 0.34628794
v -0.14608363 -0.16278042 0.32776485
v -0.15010695 -0.15694172 0.32064589
v -0.15832556 -0.13998348 0.30473192
v -0.16241767 -0.12350868 0.29533214
v -0.16678489 -0.12190954 0.28650254
v 0.17409786 -0.12190954 0.27252382
v -0.15677812 -0.35292855 0.27252382
v -0.12613892 -0.45274420 0.30231286
v -0.11785154 -0.46594636 0.30283122
v -0.15086349 -0.37025869 0.27252382
v -0.14687456 -0.38085759 0.27252382
v -0.14319508 -0.38911358 0.27252382
v -0.11135231 -0.47531801 0.31929813
v -0.09880089 -0.47851631 0.34542401
v -0.10409656 -0.46728516 0.35034852
v -0.09862896 -0.46226465 0.36137254
v -0.10120801 -0.48007821 0.33574776
v -0.09470879 -0.43630659 0.37466011
v -0.09594674 -0.41983180 0.37566227
v -0.08951629 -0.45378550 0.37258662
v -0.08411746 -0.44895090 0.37868610
v -0.07503917 -0.25523265 0.40413809
v -0.06826484 -0.15645827 0.41246657
v -0.07634589 -0.15645827 0.40470830
v -0.08459888 -0.15645827 0.39648350
v -0.09264554 -0.15645827 0.38827597
v -0.10873887 -0.15645827 0.37182634
v -0.11651043 -0.23875786 0.36325594
v -0.11668237 -0.15645827 0.36360154
v -0.12476343 -0.15645827 0.35453005
v -0.14075358 -0.15694172 0.33424448
v -0.13088437 -0.14288422 0.34535488
v -0.14560220 -0.15180962 0.32702185
v -0.15027889 -0.13998348 0.31767389
v -0.15746587 -0.12190954 0.30331502
v -0.16190185 -0.12190954 0.29595418
v -0.16234890 -0.12190954 0.29521118
v 0.17413227 -0.12295084 0.27252382
v 0.17399472 -0.12190954 0.27278302
v -0.11544442 -0.46319433 0.29261933
v -0.10997682 -0.47416516 0.30283122
v -0.13504527 -0.40469584 0.27252382
v -0.10189576 -0.48007821 0.30283122
v -0.10330565 -0.48111954 0.31929813
v -0.08955067 -0.48669790 0.33574776
v -0.07235695 -0.48915239 0.35110879
v -0.08858782 -0.48093359 0.35141981
v -0.08260441 -0.47829314 0.36133798
v -0.09333329 -0.47323542 0.35639617
v -0.08858782 -0.46832646 0.36453460
v -0.08078187 -0.45992170 0.37638800
v -0.08662774 -0.43630659 0.38039674
v -0.04821696 -0.23875786 0.42565049
v -0.05736402 -0.25523265 0.41778851
v -0.06699251 -0.25523265 0.41108426
v -0.06510120 -0.44340973 0.39314865
v -0.07462652 -0.45378550 0.38298859
v -0.06241898 -0.45278141 0.39138618
v -0.06726761 -0.23875786 0.41137800
v -0.05880830 -0.15645827 0.42069141
v -0.06761148 -0.13998348 0.41184453
v -0.07565815 -0.13998348 0.40396530
v -0.08387674 -0.13998348 0.39574050
v -0.09192341 -0.13998348 0.38749839
v -0.09990129 -0.13998348 0.37925631
v -0.10794796 -0.13998348 0.37078959
v -0.11561635 -0.13998348 0.36256479
v -0.12490095 -0.13842153 0.35138526
v -0.12882113 -0.12190954 0.34284941
v -0.13542353 -0.12190954 0.33460733
v -0.14347020 -0.12190954 0.32420535
v -0.14477690 -0.13998348 0.32589872
v -0.14876587 -0.12190954 0.31677538
v -0.14931606 -0.12190954 0.31598055
v -0.15660618 -0.12190954 0.30468006
v 0.17457929 -0.13845871 0.27252382
v 0.17402910 -0.12350868 0.27281757
v 0.17454491 -0.15645827 0.27397527
v 0.16863028 -0.12190954 0.28503384
v 0.16876781 -0.13998348 0.28638161
v 0.16928362 -0.15645827 0.28638161
v -0.11737011 -0.43344304 0.27252382
v -0.11190251 -0.44155027 0.27252382
v -0.10392463 -0.45281857 0.27252382
v -0.10168944 -0.45523588 0.27252382
v -0.09931670 -0.47851631 0.29320682
v -0.08955067 -0.48580536 0.30283122
v -0.08955067 -0.48825986 0.31929813
v -0.07672416 -0.49231347 0.33574776
v -0.06627037 -0.49421012 0.34490563
v -0.06111226 -0.49223910 0.35587782
v -0.05351263 -0.48000384 0.37953278
v -0.06427590 -0.47650808 0.37609425
v -0.07462652 -0.47029750 0.37336417
v -0.07345734 -0.48093359 0.36463825
v -0.07005299 -0.46553728 0.37996476
v -0.05096796 -0.46263652 0.39441001
v -0.07252889 -0.43727352 0.38945092
v -0.06654547 -0.43243893 0.39401261
v -0.04013591 -0.23875786 0.42969376
v -0.02803153 -0.17289586 0.44000933
v -0.02854734 -0.15645827 0.44059682
v -0.04123631 -0.15645827 0.43349514
v -0.05076163 -0.15645827 0.42737838
v -0.05736402 -0.23875786 0.41901534
v -0.03655962 -0.43630659 0.41186181
v -0.02514299 -0.43630659 0.41880798
v -0.01431094 -0.43630659 0.42497659
v -0.05437232 -0.45278141 0.39650078
v -0.03487464 -0.44746334 0.41084237
v -0.03150466 -0.45843414 0.40878615
v -0.05034898 -0.14318174 0.42703278
v -0.05636679 -0.13860748 0.42126159
v -0.04917981 -0.13221094 0.42616885
v -0.06616721 -0.13046306 0.41053135
v -0.08236370 -0.13012834 0.39421995
v -0.09845702 -0.12983084 0.37777031
v -0.11430963 -0.12986803 0.36111334
v -0.11981162 -0.12190954 0.35283668
v 0.17509510 -0.15645827 0.27252382
v 0.17468247 -0.17289586 0.27428630
v 0.16797692 -0.12190954 0.28638161
v 0.16808006 -0.12350868 0.28638161
v 0.16254369 -0.13998348 0.29934086
v 0.16281880 -0.15645827 0.29999748
v 0.16292195 -0.17289586 0.30032577
v 0.16952435 -0.17289586 0.28638161
v -0.09171708 -0.46404971 0.27252382
v -0.07270083 -0.47383045 0.27252382
v -0.08955067 -0.48052450 0.29073590
v -0.08924118 -0.46598354 0.27252382
v -0.07304470 -0.49123499 0.30338415
v -0.06743954 -0.49443322 0.30925903
v -0.07758384 -0.49287132 0.31929813
v -0.06867749 -0.49487949 0.33574776
v -0.05736402 -0.49755714 0.33574776
v -0.05636679 -0.49525138 0.35110879
v -0.05038337 -0.49428448 0.36114789
v -0.03415250 -0.47807001 0.39394348
v -0.05732964 -0.48614005 0.36862972
v -0.04123631 -0.49119777 0.37208553
v -0.04020469 -0.48223520 0.38506205
v -0.04488138 -0.47360732 0.39050495
v -0.04020469 -0.46858680 0.39701913
v -0.02077578 -0.46427285 0.41191367
v -0.02514299 -0.25523265 0.43530944
v -0.01998487 -0.17289586 0.44401808
v -0.02050068 -0.15645827 0.44412173
v -0.01912518 -0.14292142 0.44353424
v -0.02476472 -0.13845871 0.44040676
v -0.04278374 -0.13860748 0.43100698
v -0.02572757 -0.45289296 0.41428087
v -0.00361645 -0.44724021 0.42730925
v -0.00626428 -0.43630659 0.42863974
v -0.00746784 -0.41983180 0.42957280
v -0.04065172 -0.45289296 0.40514028
v -0.01692439 -0.13191342 0.44268759
v -0.02514299 -0.12350868 0.43596603
v -0.03803828 -0.12350868 0.42920995
v -0.03745369 -0.12190954 0.42888166
v -0.04426240 -0.12190954 0.42433728
v -0.04550035 -0.12190954 0.42350787
v -0.05660750 -0.12190954 0.41448824
v -0.07239133 -0.12190954 0.40028488
v -0.08900047 -0.12190954 0.38426723
v -0.10416533 -0.12190954 0.36925177
v -0.10530012 -0.12190954 0.36809406
v -0.11884878 -0.12190954 0.35385615
v 0.17533583 -0.17289586 0.27252382
v 0.16924924 -0.18937067 0.28638161
v 0.17451053 -0.18937067 0.27388887
v 0.17509510 -0.18650709 0.27252382
v 0.16261245 -0.12190954 0.29714644
v 0.15793577 -0.13998348 0.30758296
v 0.15845158 -0.15645827 0.30822228
v 0.16213105 -0.12350868 0.29828683
v 0.15865790 -0.17289586 0.30855058
v 0.15862352 -0.18937067 0.30841234
v 0.16278439 -0.18937067 0.30017026
v -0.05715770 -0.47937163 0.27252382
v -0.05736402 -0.49261097 0.29856330
v -0.04123631 -0.48327650 0.27252382
v -0.06953718 -0.49502828 0.31929813
v -0.05736402 -0.49521423 0.30678811
v -0.05736402 -0.49744556 0.31929813
v -0.04123631 -0.50001164 0.33574776
v -0.04123631 -0.49818936 0.35221464
v -0.01991609 -0.49461917 0.37837508
v -0.03067937 -0.49320600 0.37524760
v -0.04123631 -0.49525138 0.36386070
v -0.01248841 -0.47524365 0.40804315
v -0.02572757 -0.46955370 0.40520942
v -0.02514299 -0.48033856 0.39658718
v -0.02524615 -0.48922676 0.38437091
v -0.00788049 -0.46955370 0.41377979
v -0.00901527 -0.45274420 0.42278214
v -0.00210340 -0.28818223 0.44324053
v -0.00904966 -0.17289586 0.44737020
v 0.00611520 -0.30354136 0.44503755
v -0.00904966 -0.15645827 0.44721469
v -0.01056271 -0.13845871 0.44491659
v 0.00704366 -0.44924844 0.42820776
v 0.00704366 -0.43630659 0.43183635
v 0.00704366 -0.45746724 0.42459647
v 0.00704366 -0.41983180 0.43406536
v 0.00979466 -0.32105745 0.44493386
v -0.00117494 -0.29736794 0.44284310
v -0.00619550 -0.12834326 0.44367251
v -0.01056271 -0.12309960 0.44116703
v -0.01045955 -0.12190954 0.44076961
v -0.02359555 -0.12190954 0.43594879
v -0.02514299 -0.12190954 0.43534399
v -0.03676594 -0.12190954 0.42926178
v 0.15814209 -0.23875786 0.30703002
v 0.15793577 -0.25523265 0.30633885
v 0.16192471 -0.23875786 0.29880519
v 0.16863028 -0.20584546 0.28638161
v 0.17502634 -0.18937067 0.27252382
v 0.16790812 -0.22232025 0.28638161
v 0.17416665 -0.20584546 0.27283485
v 0.16206226 -0.12190954 0.29814860
v 0.15697294 -0.12350868 0.30652894
v 0.14497172 -0.15645827 0.32895710
v 0.15147092 -0.15645827 0.31929813
v 0.15212429 -0.17289586 0.31929813
v 0.14548753 -0.25523265 0.32992472
v 0.15143654 -0.25523265 0.31929813
v -0.04123631 -0.49577202 0.30544034
v -0.02514299 -0.48617726 0.27252382
v -0.04123631 -0.49889594 0.31929813
v -0.02514299 -0.50094133 0.33574776
v -0.00904966 -0.50131322 0.35221464
v -0.02514299 -0.50027196 0.35221464
v -0.00904966 -0.49900752 0.36864700
v -0.02524615 -0.49647866 0.36932087
v -0.00904966 -0.49160689 0.38894984
v -0.00904966 -0.49554892 0.38070776
v -0.00788049 -0.48234675 0.40216828
v -0.00175952 -0.47773530 0.41006479
v 0.00704366 -0.17289586 0.44904627
v 0.00704366 -0.28818223 0.44569414
v 0.00704366 -0.15645827 0.44844150
v 0.00704366 -0.13998348 0.44619522
v 0.01925121 -0.44813274 0.42779309
v 0.02403106 -0.43671570 0.42931364
v 0.02313699 -0.41983180 0.43237202
v 0.01625950 -0.34883772 0.44311957
v 0.00704366 -0.46921902 0.41673452
v 0.01560614 -0.47769814 0.41001296
v 0.01368044 -0.34883772 0.44311957
v 0.01189229 -0.33753224 0.44381071
v 0.02313699 -0.30461984 0.44591875
v 0.00704366 -0.12867798 0.44362065
v 0.00456777 -0.12190954 0.44102880
v 0.16151207 -0.25523265 0.29809677
v 0.15047371 -0.27170744 0.31929813
v 0.15738558 -0.27170744 0.30497381
v 0.17430421 -0.20513886 0.27252382
v 0.16708282 -0.23875786 0.28638161
v 0.16615437 -0.25523265 0.28638161
v 0.17406348 -0.20963875 0.27252382
v 0.17426980 -0.20584546 0.27252382
v 0.15738558 -0.12190954 0.30559585
v 0.15686976 -0.12190954 0.30639071
v 0.14438711 -0.14649157 0.32811042
v 0.09614153 -0.16363577 0.39396075
v 0.13149183 -0.17289586 0.34881069
v 0.13953849 -0.17289586 0.33790763
v 0.14541874 -0.17289586 0.32968283
v 0.13977919 -0.25523265 0.33814955
v 0.13176694 -0.27170744 0.34924267
v 0.13981360 -0.27170744 0.33763116
v 0.14507486 -0.27170744 0.32940636
v 0.05535802 -0.49610676 0.30530214
v 0.03923031 -0.49952816 0.31929813
v -0.00904966 -0.48647476 0.27252382
v 0.02313699 -0.50157354 0.33574776
v 0.00704366 -0.50179670 0.35221464
v 0.00704366 -0.49997443 0.36864700
v 0.00704366 -0.49618113 0.38248748
v 0.00704366 -0.49272252 0.39072959
v 0.00704366 -0.47784688 0.41015120
v 0.00704366 -0.48483846 0.40156352
v 0.02313699 -0.17289586 0.44626435
v 0.02427177 -0.15612357 0.44508937
v 0.01897611 -0.13998348 0.44406990
v 0.01570930 -0.13109526 0.44298133
v 0.02998009 -0.44248001 0.42570232
v 0.02183026 -0.46921902 0.41388347
v 0.02403106 -0.45326483 0.42328326
v 0.03235282 -0.43150921 0.42706736
v 0.03128681 -0.31321051 0.44279127
v 0.02334331 -0.31964425 0.44453644
v 0.01821958 -0.33753224 0.44381071
v 0.02313699 -0.49149530 0.38919176
v 0.02183026 -0.48223520 0.40183998
v 0.03555085 -0.48048732 0.39651805
v 0.02633502 -0.47468580 0.40749021
v 0.03190578 -0.30461984 0.44310229
v 0.03242160 -0.28818223 0.44330963
v 0.00704366 -0.12190954 0.44099425
v 0.16092749 -0.27170744 0.29673173
v 0.14449029 -0.28379391 0.32849057
v 0.12956614 -0.41983180 0.33090963
v 0.15704170 -0.28821942 0.30167354
v 0.16034289 -0.28275261 0.29540124
v 0.12884401 -0.43262488 0.32952732
v 0.16488205 -0.27170744 0.28638161
v 0.17110617 -0.25523265 0.27252382
v 0.17203462 -0.24243957 0.27252382
v 0.17323818 -0.22343592 0.27252382
v 0.17330697 -0.22232025 0.27252382
v 0.14878872 -0.12190954 0.31672355
v 0.12506139 -0.17289586 0.35705277
v 0.14146418 -0.12190954 0.32494835
v 0.08008260 -0.16348701 0.41032398
v 0.08097667 -0.27170744 0.41118794
v 0.08902333 -0.27170744 0.40280763
v 0.09662296 -0.27170744 0.39458280
v 0.12540526 -0.27170744 0.35746747
v 0.09621031 -0.28159976 0.39408171
v 0.12461434 -0.41983180 0.33913444
v 0.07145135 -0.49290847 0.29763024
v 0.07145135 -0.49558607 0.30585504
v 0.05535802 -0.49952816 0.31929813
v 0.02568166 -0.48491283 0.27252382
v 0.03923031 -0.50153639 0.33574776
v 0.02313699 -0.50168512 0.35221464
v 0.02313699 -0.49923063 0.36864700
v 0.02313699 -0.49566050 0.38096693
v 0.03235282 -0.17289586 0.44327508
v 0.03207772 -0.16140443 0.44313684
v 0.03039274 -0.15043363 0.44239384
v 0.02702277 -0.13998348 0.44038948
v 0.02200220 -0.12190954 0.43389257
v 0.01295830 -0.12190954 0.43821234
v 0.03833624 -0.43671570 0.42105425
v 0.03393464 -0.46371500 0.41186181
v 0.03926470 -0.45200040 0.41441911
v 0.04810227 -0.44601299 0.41051407
v 0.04971848 -0.43630659 0.41193094
v 0.04156866 -0.41983180 0.42158992
v 0.06350785 -0.28033533 0.42634164
v 0.03352200 -0.41983180 0.42787946
v 0.03335006 -0.49469354 0.37844421
v 0.03981490 -0.48647476 0.38549403
v 0.05535802 -0.48052450 0.38041402
v 0.04627974 -0.47654526 0.39254389
v 0.04046826 -0.28818223 0.43902444
v 0.15968952 -0.29376059 0.29379431
v 0.16268125 -0.28821942 0.28753929
v 0.12389221 -0.43738507 0.33531578
v 0.12757165 -0.44359568 0.32505204
v 0.16078994 -0.33377613 0.27252382
v 0.16278439 -0.32373505 0.27252382
v 0.16013657 -0.32975970 0.27845052
v 0.16519151 -0.30871063 0.27252382
v 0.16082432 -0.32105745 0.28047216
v 0.16206226 -0.30461984 0.28375518
v 0.15907057 -0.30461984 0.29197998
v 0.16969629 -0.27170744 0.27252382
v 0.17089985 -0.25783588 0.27252382
v 0.16790812 -0.28818223 0.27252382
v 0.13341752 -0.12190954 0.33294854
v 0.07702211 -0.15251621 0.40717919
v 0.04940900 -0.14552465 0.42789674
v 0.06017226 -0.15645827 0.42352514
v 0.05212560 -0.15645827 0.42979744
v 0.05336355 -0.17289586 0.43064413
v 0.06141021 -0.17289586 0.42473468
v 0.06350785 -0.27933121 0.42634164
v 0.08056402 -0.28275261 0.41084237
v 0.10917438 -0.41983180 0.35770939
v 0.11656768 -0.41983180 0.34948456
v 0.11502024 -0.43630659 0.34775667
v 0.08720079 -0.49112341 0.30283122
v 0.08159565 -0.49469354 0.30830866
v 0.04180937 -0.48331368 0.27252382
v 0.05817780 -0.48067327 0.27252382
v 0.08613479 -0.48208644 0.28562130
v 0.05535802 -0.50001164 0.33574776
v 0.07145135 -0.49733398 0.31929813
v 0.03923031 -0.50034632 0.35221464
v 0.03892083 -0.49640429 0.36866428
v 0.04039949 -0.17289586 0.43886893
v 0.03816430 -0.15612357 0.43876525
v 0.03953980 -0.14002066 0.43195731
v 0.03434729 -0.12845483 0.42895076
v 0.02310260 -0.12190954 0.43302861
v 0.05130031 -0.46557446 0.39675997
v 0.04466353 -0.45698376 0.40773213
v 0.06508967 -0.44772369 0.39484199
v 0.05776514 -0.43630659 0.40481199
v 0.06202919 -0.45869446 0.39214646
v 0.04407894 -0.49246221 0.37415899
v 0.05037185 -0.49506544 0.36318683
v 0.06343907 -0.47751219 0.37692366
v 0.05559873 -0.48915239 0.36866428
v 0.05614894 -0.47033466 0.38888074
v 0.11312893 -0.44746334 0.34561407
v 0.11715226 -0.45289296 0.33636980
v 0.11426371 -0.46475630 0.33130703
v 0.11560483 -0.46985124 0.31810587
v 0.12499260 -0.45159135 0.31945364
v 0.12805308 -0.44534356 0.31407988
v 0.15831402 -0.34407753 0.27252382
v 0.15951759 -0.33950325 0.27252382
v 0.16574173 -0.30461984 0.27252382
v 0.16752987 -0.29126891 0.27252382
v 0.12478628 -0.12190954 0.34117335
v 0.06629323 -0.14526433 0.41241475
v 0.04507618 -0.13455385 0.42387075
v 0.06698098 -0.43630659 0.39658718
v 0.07502765 -0.43630659 0.38920904
v 0.08376205 -0.43630659 0.38098420
v 0.09180872 -0.43630659 0.37303587
v 0.10112771 -0.41983180 0.36617611
v 0.09971783 -0.43630659 0.36481107
v 0.10776449 -0.43630659 0.35599875
v 0.09995854 -0.48041295 0.29059770
v 0.10466962 -0.48186330 0.30379886
v 0.08964230 -0.49093746 0.31929813
v 0.08159565 -0.49476796 0.31929813
v 0.06839087 -0.47780969 0.27252382
v 0.07533713 -0.47539238 0.27252382
v 0.09057077 -0.47554115 0.27962550
v 0.07152012 -0.49603240 0.33491835
v 0.06619007 -0.49506544 0.34713463
v 0.05559873 -0.49673898 0.35245656
v 0.11673961 -0.12190954 0.34858605
v 0.04019316 -0.12190954 0.41778851
v 0.03957419 -0.12190954 0.41834145
v 0.06694659 -0.46921902 0.38013755
v 0.08163004 -0.44883935 0.37896257
v 0.07196716 -0.45378550 0.38556317
v 0.07884465 -0.45981015 0.37624976
v 0.06110073 -0.49287132 0.35810679
v 0.06986952 -0.48030137 0.36716100
v 0.07977311 -0.47769814 0.36069864
v 0.07502765 -0.46921902 0.37248293
v 0.09758581 -0.44880217 0.36259934
v 0.09493797 -0.45977294 0.35973102
v 0.11041233 -0.45847135 0.34227922
v 0.10491033 -0.47104127 0.33754475
v 0.11013722 -0.47572710 0.32280576
v 0.11189098 -0.47766093 0.31183360
v 0.11567360 -0.47026029 0.30379886
v 0.12805308 -0.44534356 0.31010568
v 0.15580376 -0.35318887 0.27252382
v 0.09689806 -0.46285965 0.27252382
v 0.10470401 -0.47048345 0.28529301
v 0.11440127 -0.46546288 0.29096054
v 0.11068742 -0.47643371 0.29896070
v 0.11189098 -0.47766093 0.30993289
v 0.08018576 -0.49428448 0.32887069
v 0.10432575 -0.48178894 0.31810587
v 0.08665060 -0.46988839 0.27252382
v 0.07691895 -0.49264815 0.33984289
v 0.08830120 -0.45430616 0.36942455
v 0.08321185 -0.46921902 0.36425813
v 0.07152012 -0.48937552 0.35245656
v 0.08362450 -0.48078482 0.35221464
v 0.09545379 -0.47732624 0.34378250
v 0.09204943 -0.47078092 0.35342417
v 0.09968344 -0.46635541 0.34875886
v 0.09940834 -0.48030137 0.33281031
v 0.12430485 -0.45159135 0.30390251
v 0.14572823 -0.38271705 0.27252382
v 0.14954523 -0.37282474 0.27252382
v 0.15033615 -0.37048182 0.27252382
v 0.15477214 -0.35657308 0.27252382
v 0.10408503 -0.45367394 0.27252382
v 0.10491033 -0.45252107 0.27252382
v 0.11075620 -0.44374444 0.27252382
v 0.11447004 -0.43779419 0.27252382
v 0.14036380 -0.39405972 0.27252382
v 0.14197999 -0.39086146 0.27252382
v 0.14283968 -0.38900200 0.27252382
f 4507 4508 4509
f 4507 4509 4510
f 4507 4510 4511
f 4507 4511 4518
f 4507 4518 4527
f 4507 4527 4539
f 4507 4539 4558
f 4507 4558 4580
f 4507 4580 4606
f 4507 4606 4638
f 4507 4638 4676
f 4507 4676 4720
f 4507 4720 4769
f 4507 4769 4772
f 4507 4772 4818
f 4507 4818 4858
f 4507 4858 4862
f 4507 4862 4861
f 4507 4861 4912
f 4507 4912 4911
f 4507 4911 4910
f 4507 4910 4909
f 4507 4909 4962
f 4507 4962 4961
f 4507 4961 4963
f 4507 4963 5009
f 4507 5009 5008
f 4507 5008 4957
f 4507 4957 4955
f 4507 4955 4954
f 4507 4954 5007
f 4507 5007 5006
f 4507 5006 5049
f 4507 5049 5071
f 4507 5071 5070
f 4507 5070 5069
f 4507 5069 5068
f 4507 5068 5078
f 4507 5078 5077
f 4507 5077 5076
f 4507 5076 5075
f 4507 5075 5074
f 4507 5074 5073
f 4507 5073 5072
f 4507 5072 5050
f 4507 5050 5057
f 4507 5057 5025
f 4507 5025 5024
f 4507 5024 4979
f 4507 4979 4978
f 4507 4978 4926
f 4507 4926 4876
f 4507 4876 4829
f 4507 4829 4782
f 4507 4782 4780
f 4507 4780 4729
f 4507 4729 4731
f 4507 4731 4728
f 4507 4728 4685
f 4507 4685 4684
f 4507 4684 4683
f 4507 4683 4682
f 4507 4682 4642
f 4507 4642 4612
f 4507 4612 4611
f 4507 4611 4610
f 4507 4610 4607
f 4507 4607 4582
f 4507 4582 4581
f 4507 4581 4562
f 4507 4562 4561
f 4507 4561 4559
f 4507 4559 4544
f 4507 4544 4540
f 4507 4540 4528
f 4507 4528 4519
f 4507 4519 4512
f 4507 4512 4508
f 4508 4512 4513
f 4508 4513 4509
f 4509 4513 4514
f 4509 4514 4515
f 4509 4515 4510
f 4510 4515 4516
f 4510 4516 4517
f 4510 4517 4511
f 4511 4517 4518
f 4512 4519 4520
f 4512 4520 4513
f 4513 4520 4521
f 4513 4521 4514
f 4514 4522 4523
f 4514 4523 4515
f 4514 4521 4522
f 4515 4523 4516
f 4516 4523 4524
f 4516 4524 4525
f 4516 4525 4517
f 4517 4525 4526
f 4517 4526 4518
f 4518 4526 4527
f 4519 4528 4529
f 4519 4529 4520
f 4520 4529 4530
f 4520 4530 4521
f 4521 4531 4522
f 4521 4530 4532
f 4521 4532 4531
f 4522 4533 4523
f 4522 4531 4533
f 4523 4534 4524
f 4523 4533 4534
f 4524 4534 4535
f 4524 4535 4536
f 4524 4536 4525
f 4525 4536 4537
f 4525 4537 4526
f 4526 4537 4538
f 4526 4538 4539
f 4526 4539 4527
f 4528 4540 4532
f 4528 4532 4529
f 4529 4541 4530
f 4529 4532 4541
f 4530 4541 4532
f 4531 4542 4533
f 4531 4532 4543
f 4531 4543 4542
f 4532 4544 4545
f 4532 4545 4546
f 4532 4546 4547
f 4532 4547 4548
f 4532 4548 4543
f 4532 4540 4544
f 4533 4549 4534
f 4533 4542 4550
f 4533 4550 4551
f 4533 4551 4549
f 4534 4552 4535
f 4534 4549 4552
f 4535 4552 4553
f 4535 4553 4554
f 4535 4554 4536
f 4536 4554 4555
f 4536 4555 4537
f 4537 4555 4556
f 4537 4556 4538
f 4538 4556 4557
f 4538 4557 4558
f 4538 4558 4539
f 4542 4543 4550
f 4543 4548 4550
f 4544 4559 4545
f 4545 4560 4546
f 4545 4559 4561
f 4545 4561 4562
f 4545 4562 4560
f 4546 4560 4563
f 4546 4563 4564
f 4546 4564 4565
f 4546 4565 4566
f 4546 4566 4547
f 4547 4566 4548
f 4548 4567 4568
f 4548 4568 4550
f 4548 4566 4567
f 4549 4569 4552
f 4549 4551 4550
f 4549 4550 4568
f 4549 4568 4569
f 4552 4570 4553
f 4552 4569 4570
f 4553 4570 4571
f 4553 4571 4572
f 4553 4572 4573
f 4553 4573 4554
f 4554 4573 4574
f 4554 4574 4575
f 4554 4575 4555
f 4555 4575 4576
f 4555 4576 4556
f 4556 4576 4577
f 4556 4577 4578
f 4556 4578 4557
f 4557 4578 4579
f 4557 4579 4558
f 4558 4579 4580
f 4560 4562 4581
f 4560 4581 4582
f 4560 4582 4583
f 4560 4583 4584
f 4560 4584 4563
f 4563 4584 4564
f 4564 4585 4565
f 4564 4584 4586
f 4564 4586 4585
f 4565 4585 4566
f 4566 4585 4587
f 4566 4587 4567
f 4567 4588 4568
f 4567 4587 4589
f 4567 4589 4588
f 4568 4588 4590
f 4568 4590 4591
f 4568 4591 4592
f 4568 4592 4593
f 4568 4593 4594
f 4568 4594 4595
f 4568 4595 4596
f 4568 4596 4597
f 4568 4597 4569
f 4569 4597 4570
f 4570 4598 4571
f 4570 4597 4598
f 4571 4598 4599
f 4571 4599 4572
f 4572 4599 4600
f 4572 4600 4573
f 4573 4600 4574
f 4574 4600 4601
f 4574 4601 4575
f 4575 4601 4602
f 4575 4602 4576
f 4576 4602 4603
f 4576 4603 4604
f 4576 4604 4577
f 4577 4604 4605
f 4577 4605 4578
f 4578 4605 4579
f 4579 4605 4637
f 4579 4637 4636
f 4579 4636 4635
f 4579 4635 4675
f 4579 4675 4674
f 4579 4674 4673
f 4579 4673 4671
f 4579 4671 4670
f 4579 4670 4669
f 4579 4669 4719
f 4579 4719 4768
f 4579 4768 4767
f 4579 4767 4766
f 4579 4766 4765
f 4579 4765 4764
f 4579 4764 4763
f 4579 4763 4762
f 4579 4762 4761
f 4579 4761 4760
f 4579 4760 4813
f 4579 4813 4812
f 4579 4812 4811
f 4579 4811 4810
f 4579 4810 4854
f 4579 4854 4901
f 4579 4901 4936
f 4579 4936 4935
f 4579 4935 4989
f 4579 4989 5032
f 4579 5032 5031
f 4579 5031 5030
f 4579 5030 5010
f 4579 5010 4964
f 4579 4964 4915
f 4579 4915 4913
f 4579 4913 4864
f 4579 4864 4863
f 4579 4863 4821
f 4579 4821 4773
f 4579 4773 4722
f 4579 4722 4679
f 4579 4679 4639
f 4579 4639 4606
f 4579 4606 4580
f 4582 4607 4583
f 4583 4608 4609
f 4583 4609 4584
f 4583 4607 4610
f 4583 4610 4611
f 4583 4611 4612
f 4583 4612 4608
f 4584 4609 4613
f 4584 4613 4586
f 4585 4586 4614
f 4585 4614 4615
f 4585 4615 4616
f 4585 4616 4587
f 4586 4613 4617
f 4586 4617 4614
f 4587 4616 4589
f 4588 4618 4619
f 4588 4619 4590
f 4588 4589 4618
f 4589 4616 4620
f 4589 4620 4621
f 4589 4621 4618
f 4590 4619 4622
f 4590 4622 4591
f 4591 4622 4623
f 4591 4623 4624
f 4591 4624 4592
f 4592 4624 4625
f 4592 4625 4593
f 4593 4625 4626
f 4593 4626 4627
f 4593 4627 4628
f 4593 4628 4596
f 4593 4596 4594
f 4594 4596 4595
f 4596 4628 4629
f 4596 4629 4598
f 4596 4598 4597
f 4598 4629 4630
f 4598 4630 4599
f 4599 4630 4600
f 4600 4631 4601
f 4600 4630 4632
f 4600 4632 4631
f 4601 4631 4633
f 4601 4633 4602
f 4602 4633 4634
f 4602 4634 4635
f 4602 4635 4603
f 4603 4635 4636
f 4603 4636 4637
f 4603 4637 4604
f 4604 4637 4605
f 4606 4639 4638
f 4608 4640 4609
f 4608 4612 4640
f 4609 4640 4641
f 4609 4641 4613
f 4612 4642 4640
f 4613 4641 4643
f 4613 4643 4644
f 4613 4644 4617
f 4614 4617 4645
f 4614 4645 4646
f 4614 4646 4647
f 4614 4647 4648
f 4614 4648 4649
f 4614 4649 4616
f 4614 4616 4615
f 4616 4649 4648
f 4616 4648 4650
f 4616 4650 4651
f 4616 4651 4620
f 4617 4644 4645
f 4618 4652 4619
f 4618 4621 4652
f 4619 4652 4653
f 4619 4653 4654
f 4619 4654 4655
f 4619 4655 4622
f 4620 4651 4621
f 4621 4656 4652
f 4621 4651 4657
f 4621 4657 4658
f 4621 4658 4656
f 4622 4655 4659
f 4622 4659 4623
f 4623 4660 4661
f 4623 4661 4624
f 4623 4659 4660
f 4624 4661 4662
f 4624 4662 4625
f 4625 4662 4663
f 4625 4663 4626
f 4626 4663 4627
f 4627 4663 4664
f 4627 4664 4665
f 4627 4665 4629
f 4627 4629 4628
f 4629 4665 4666
f 4629 4666 4667
f 4629 4667 4630
f 4630 4667 4632
f 4631 4632 4633
f 4632 4667 4668
f 4632 4668 4669
f 4632 4669 4670
f 4632 4670 4671
f 4632 4671 4672
f 4632 4672 4633
f 4633 4672 4673
f 4633 4673 4674
f 4633 4674 4675
f 4633 4675 4634
f 4634 4675 4635
f 4638 4639 4677
f 4638 4677 4678
f 4638 4678 4676
f 4639 4679 4680
f 4639 4680 4681
f 4639 4681 4677
f 4640 4682 4683
f 4640 4683 4684
f 4640 4684 4685
f 4640 4685 4686
f 4640 4686 4641
f 4640 4642 4682
f 4641 4686 4643
f 4643 4686 4687
f 4643 4687 4688
f 4643 4688 4644
f 4644 4688 4645
f 4645 4688 4689
f 4645 4689 4690
f 4645 4690 4646
f 4646 4690 4691
f 4646 4691 4647
f 4647 4691 4648
f 4648 4692 4693
f 4648 4693 4694
f 4648 4694 4650
f 4648 4691 4695
f 4648 4695 4692
f 4650 4694 4651
f 4651 4658 4657
f 4651 4694 4696
f 4651 4696 4697
f 4651 4697 4658
f 4652 4656 4698
f 4652 4698 4699
f 4652 4699 4653
f 4653 4700 4701
f 4653 4701 4702
f 4653 4702 4703
f 4653 4703 4704
f 4653 4704 4705
f 4653 4705 4655
f 4653 4655 4654
f 4653 4699 4706
f 4653 4706 4707
f 4653 4707 4708
f 4653 4708 4700
f 4655 4705 4704
f 4655 4704 4659
f 4656 4658 4709
f 4656 4709 4710
f 4656 4710 4706
f 4656 4706 4699
f 4656 4699 4698
f 4658 4697 4711
f 4658 4711 4709
f 4659 4704 4660
f 4660 4704 4712
f 4660 4712 4661
f 4661 4713 4714
f 4661 4714 4715
f 4661 4715 4662
f 4661 4712 4713
f 4662 4715 4716
f 4662 4716 4663
f 4663 4716 4717
f 4663 4717 4664
f 4664 4717 4665
f 4665 4717 4718
f 4665 4718 4666
f 4666 4718 4667
f 4667 4718 4719
f 4667 4719 4669
f 4667 4669 4668
f 4671 4673 4672
f 4676 4678 4720
f 4677 4681 4678
f 4678 4681 4721
f 4678 4721 4720
f 4679 4722 4723
f 4679 4723 4680
f 4680 4723 4724
f 4680 4724 4725
f 4680 4725 4681
f 4681 4725 4726
f 4681 4726 4727
f 4681 4727 4721
f 4685 4728 4686
f 4686 4729 4730
f 4686 4730 4687
f 4686 4728 4731
f 4686 4731 4729
f 4687 4730 4732
f 4687 4732 4733
f 4687 4733 4734
f 4687 4734 4688
f 4688 4734 4689
f 4689 4734 4735
f 4689 4735 4690
f 4690 4735 4736
f 4690 4736 4737
f 4690 4737 4738
f 4690 4738 4691
f 4691 4738 4695
f 4692 4739 4693
f 4692 4695 4740
f 4692 4740 4741
f 4692 4741 4742
f 4692 4742 4739
f 4693 4739 4743
f 4693 4743 4697
f 4693 4697 4696
f 4693 4696 4694
f 4695 4738 4740
f 4697 4744 4745
f 4697 4745 4711
f 4697 4743 4744
f 4700 4746 4747
f 4700 4747 4701
f 4700 4708 4746
f 4701 4747 4702
f 4702 4747 4748
f 4702 4748 4749
f 4702 4749 4750
f 4702 4750 4751
f 4702 4751 4703
f 4703 4751 4712
f 4703 4712 4704
f 4706 4710 4707
f 4707 4710 4708
f 4708 4710 4752
f 4708 4752 4753
f 4708 4753 4754
f 4708 4754 4755
f 4708 4755 4746
f 4709 4711 4756
f 4709 4756 4710
f 4710 4756 4711
f 4710 4711 4752
f 4711 4745 4752
f 4712 4751 4714
f 4712 4714 4713
f 4714 4751 4750
f 4714 4750 4757
f 4714 4757 4758
f 4714 4758 4759
f 4714 4759 4760
f 4714 4760 4761
f 4714 4761 4762
f 4714 4762 4763
f 4714 4763 4715
f 4715 4763 4764
f 4715 4764 4765
f 4715 4765 4766
f 4715 4766 4716
f 4716 4766 4717
f 4717 4766 4767
f 4717 4767 4768
f 4717 4768 4718
f 4718 4768 4719
f 4720 4721 4769
f 4721 4727 4770
f 4721 4770 4771
f 4721 4771 4772
f 4721 4772 4769
f 4722 4773 4723
f 4723 4773 4724
f 4724 4774 4775
f 4724 4775 4725
f 4724 4773 4776
f 4724 4776 4774
f 4725 4775 4777
f 4725 4777 4726
f 4726 4777 4778
f 4726 4778 4779
f 4726 4779 4727
f 4727 4779 4770
f 4729 4780 4730
f 4730 4780 4732
f 4732 4781 4733
f 4732 4780 4782
f 4732 4782 4781
f 4733 4783 4734
f 4733 4781 4784
f 4733 4784 4785
f 4733 4785 4783
f 4734 4783 4735
f 4735 4783 4736
f 4736 4785 4786
f 4736 4786 4787
f 4736 4787 4737
f 4736 4783 4785
f 4737 4787 4738
f 4738 4788 4789
f 4738 4789 4741
f 4738 4741 4740
f 4738 4787 4790
f 4738 4790 4788
f 4739 4791 4792
f 4739 4792 4744
f 4739 4744 4743
f 4739 4742 4793
f 4739 4793 4791
f 4741 4789 4794
f 4741 4794 4742
f 4742 4794 4793
f 4744 4792 4745
f 4745 4792 4791
f 4745 4791 4795
f 4745 4795 4796
f 4745 4796 4752
f 4746 4797 4747
f 4746 4755 4797
f 4747 4798 4748
f 4747 4797 4799
f 4747 4799 4798
f 4748 4800 4749
f 4748 4798 4800
f 4749 4800 4801
f 4749 4801 4757
f 4749 4757 4750
f 4752 4796 4753
f 4753 4802 4803
f 4753 4803 4754
f 4753 4796 4804
f 4753 4804 4802
f 4754 4803 4805
f 4754 4805 4806
f 4754 4806 4807
f 4754 4807 4755
f 4755 4807 4797
f 4757 4808 4809
f 4757 4809 4810
f 4757 4810 4811
f 4757 4811 4812
f 4757 4812 4758
f 4757 4801 4808
f 4758 4812 4813
f 4758 4813 4759
f 4759 4813 4760
f 4770 4779 4814
f 4770 4814 4815
f 4770 4815 4816
f 4770 4816 4817
f 4770 4817 4771
f 4771 4818 4772
f 4771 4817 4819
f 4771 4819 4820
f 4771 4820 4818
f 4773 4821 4776
f 4774 4776 4821
f 4774 4821 4822
f 4774 4822 4823
f 4774 4823 4824
f 4774 4824 4775
f 4775 4824 4825
f 4775 4825 4777
f 4777 4825 4826
f 4777 4826 4778
f 4778 4826 4827
f 4778 4827 4814
f 4778 4814 4779
f 4781 4828 4784
f 4781 4782 4829
f 4781 4829 4828
f 4784 4828 4830
f 4784 4830 4785
f 4785 4830 4786
f 4786 4830 4831
f 4786 4831 4832
f 4786 4832 4833
f 4786 4833 4787
f 4787 4833 4834
f 4787 4834 4835
f 4787 4835 4790
f 4788 4836 4789
f 4788 4790 4835
f 4788 4835 4837
f 4788 4837 4836
f 4789 4836 4794
f 4791 4793 4838
f 4791 4838 4839
f 4791 4839 4795
f 4793 4794 4836
f 4793 4836 4838
f 4795 4804 4796
f 4795 4839 4804
f 4797 4807 4799
f 4798 4840 4800
f 4798 4799 4841
f 4798 4841 4840
f 4799 4807 4806
f 4799 4806 4841
f 4800 4842 4801
f 4800 4840 4842
f 4801 4843 4808
f 4801 4842 4843
f 4802 4844 4803
f 4802 4804 4844
f 4803 4844 4845
f 4803 4845 4846
f 4803 4846 4847
f 4803 4847 4805
f 4804 4839 4848
f 4804 4848 4849
f 4804 4849 4844
f 4805 4847 4850
f 4805 4850 4851
f 4805 4851 4806
f 4806 4851 4850
f 4806 4850 4847
f 4806 4847 4852
f 4806 4852 4840
f 4806 4840 4841
f 4808 4843 4853
f 4808 4853 4854
f 4808 4854 4810
f 4808 4810 4809
f 4814 4827 4815
f 4815 4855 4816
f 4815 4827 4856
f 4815 4856 4857
f 4815 4857 4855
f 4816 4855 4817
f 4817 4855 4819
f 4818 4820 4858
f 4819 4859 4820
f 4819 4855 4859
f 4820 4859 4860
f 4820 4860 4861
f 4820 4861 4862
f 4820 4862 4858
f 4821 4863 4822
f 4822 4863 4864
f 4822 4864 4865
f 4822 4865 4823
f 4823 4865 4866
f 4823 4866 4867
f 4823 4867 4868
f 4823 4868 4869
f 4823 4869 4824
f 4824 4869 4825
f 4825 4869 4826
f 4826 4870 4871
f 4826 4871 4872
f 4826 4872 4873
f 4826 4873 4827
f 4826 4869 4870
f 4827 4873 4856
f 4828 4874 4875
f 4828 4875 4830
f 4828 4829 4876
f 4828 4876 4874
f 4830 4875 4877
f 4830 4877 4831
f 4831 4877 4878
f 4831 4878 4832
f 4832 4878 4879
f 4832 4879 4834
f 4832 4834 4833
f 4834 4879 4880
f 4834 4880 4837
f 4834 4837 4835
f 4836 4837 4881
f 4836 4881 4839
f 4836 4839 4838
f 4837 4880 4881
f 4839 4882 4848
f 4839 4881 4883
f 4839 4883 4882
f 4840 4884 4842
f 4840 4852 4884
f 4842 4884 4885
f 4842 4885 4886
f 4842 4886 4843
f 4843 4886 4887
f 4843 4887 4853
f 4844 4888 4845
f 4844 4849 4889
f 4844 4889 4890
f 4844 4890 4888
f 4845 4888 4891
f 4845 4891 4846
f 4846 4892 4893
f 4846 4893 4847
f 4846 4891 4892
f 4847 4893 4894
f 4847 4894 4852
f 4848 4882 4849
f 4849 4882 4883
f 4849 4883 4881
f 4849 4881 4895
f 4849 4895 4896
f 4849 4896 4897
f 4849 4897 4898
f 4849 4898 4889
f 4852 4899 4900
f 4852 4900 4884
f 4852 4894 4893
f 4852 4893 4892
f 4852 4892 4899
f 4853 4887 4901
f 4853 4901 4854
f 4855 4860 4859
f 4855 4857 4902
f 4855 4902 4860
f 4856 4873 4903
f 4856 4903 4904
f 4856 4904 4857
f 4857 4905 4906
f 4857 4906 4902
f 4857 4904 4907
f 4857 4907 4905
f 4860 4902 4908
f 4860 4908 4909
f 4860 4909 4910
f 4860 4910 4911
f 4860 4911 4912
f 4860 4912 4861
f 4864 4913 4866
f 4864 4866 4865
f 4866 4914 4867
f 4866 4913 4915
f 4866 4915 4916
f 4866 4916 4917
f 4866 4917 4918
f 4866 4918 4919
f 4866 4919 4914
f 4867 4914 4919
f 4867 4919 4920
f 4867 4920 4871
f 4867 4871 4868
f 4868 4871 4870
f 4868 4870 4869
f 4871 4920 4921
f 4871 4921 4922
f 4871 4922 4872
f 4872 4922 4873
f 4873 4922 4903
f 4874 4923 4924
f 4874 4924 4925
f 4874 4925 4875
f 4874 4876 4923
f 4875 4925 4877
f 4876 4926 4923
f 4877 4927 4878
f 4877 4925 4927
f 4878 4928 4879
f 4878 4927 4928
f 4879 4929 4880
f 4879 4928 4929
f 4880 4930 4881
f 4880 4929 4930
f 4881 4930 4895
f 4884 4931 4932
f 4884 4932 4885
f 4884 4900 4931
f 4885 4933 4886
f 4885 4932 4933
f 4886 4933 4887
f 4887 4933 4934
f 4887 4934 4935
f 4887 4935 4936
f 4887 4936 4901
f 4888 4937 4891
f 4888 4890 4938
f 4888 4938 4939
f 4888 4939 4940
f 4888 4940 4937
f 4889 4938 4890
f 4889 4898 4938
f 4891 4937 4941
f 4891 4941 4942
f 4891 4942 4943
f 4891 4943 4944
f 4891 4944 4892
f 4892 4944 4943
f 4892 4943 4899
f 4895 4930 4945
f 4895 4945 4897
f 4895 4897 4896
f 4897 4945 4946
f 4897 4946 4947
f 4897 4947 4948
f 4897 4948 4938
f 4897 4938 4898
f 4899 4943 4949
f 4899 4949 4900
f 4900 4949 4931
f 4902 4906 4908
f 4903 4922 4904
f 4904 4922 4907
f 4905 4907 4906
f 4906 4907 4950
f 4906 4950 4951
f 4906 4951 4908
f 4907 4922 4952
f 4907 4952 4953
f 4907 4953 4954
f 4907 4954 4955
f 4907 4955 4956
f 4907 4956 4957
f 4907 4957 4958
f 4907 4958 4959
f 4907 4959 4960
f 4907 4960 4950
f 4908 4961 4962
f 4908 4962 4909
f 4908 4951 4963
f 4908 4963 4961
f 4915 4964 4965
f 4915 4965 4916
f 4916 4965 4966
f 4916 4966 4967
f 4916 4967 4968
f 4916 4968 4969
f 4916 4969 4970
f 4916 4970 4971
f 4916 4971 4917
f 4917 4971 4943
f 4917 4943 4972
f 4917 4972 4918
f 4918 4972 4921
f 4918 4921 4919
f 4919 4921 4920
f 4921 4972 4973
f 4921 4973 4974
f 4921 4974 4922
f 4922 4974 4975
f 4922 4975 4952
f 4923 4976 4977
f 4923 4977 4924
f 4923 4926 4978
f 4923 4978 4979
f 4923 4979 4980
f 4923 4980 4976
f 4924 4977 4925
f 4925 4981 4927
f 4925 4977 4982
f 4925 4982 4981
f 4927 4983 4928
f 4927 4981 4983
f 4928 4983 4929
f 4929 4983 4984
f 4929 4984 4945
f 4929 4945 4930
f 4931 4985 4932
f 4931 4949 4985
f 4932 4986 4933
f 4932 4985 4969
f 4932 4969 4986
f 4933 4986 4968
f 4933 4968 4966
f 4933 4966 4934
f 4934 4966 4987
f 4934 4987 4935
f 4935 4987 4988
f 4935 4988 4989
f 4937 4940 4941
f 4938 4990 4991
f 4938 4991 4939
f 4938 4948 4990
f 4939 4991 4940
f 4940 4992 4993
f 4940 4993 4941
f 4940 4991 4994
f 4940 4994 4992
f 4941 4993 4972
f 4941 4972 4943
f 4941 4943 4942
f 4943 4971 4949
f 4945 4995 4946
f 4945 4984 4996
f 4945 4996 4995
f 4946 4995 4947
f 4947 4997 4948
f 4947 4995 4998
f 4947 4998 4997
f 4948 4997 4999
f 4948 4999 4990
f 4949 4971 4985
f 4950 4960 4951
f 4951 4960 4959
f 4951 4959 4963
f 4952 5000 5001
f 4952 5001 4953
f 4952 4975 5000
f 4953 5001 5002
f 4953 5002 5003
f 4953 5003 5004
f 4953 5004 5005
f 4953 5005 5006
f 4953 5006 5007
f 4953 5007 4954
f 4955 4957 4956
f 4957 5008 4959
f 4957 4959 4958
f 4959 5008 5009
f 4959 5009 4963
f 4964 5010 4965
f 4965 5011 4966
f 4965 5010 5011
f 4966 5011 5012
f 4966 5012 4988
f 4966 4988 4987
f 4966 4968 4967
f 4968 4986 4969
f 4969 4985 4971
f 4969 4971 4970
f 4972 4993 5013
f 4972 5013 5014
f 4972 5014 5015
f 4972 5015 5016
f 4972 5016 5017
f 4972 5017 4973
f 4973 5017 5018
f 4973 5018 5019
f 4973 5019 4974
f 4974 5019 4975
f 4975 5019 5000
f 4976 4980 5020
f 4976 5020 5021
f 4976 5021 4977
f 4977 5021 5022
f 4977 5022 5023
f 4977 5023 4982
f 4979 5024 4980
f 4980 5024 5025
f 4980 5025 5026
f 4980 5026 5020
f 4981 4982 5027
f 4981 5027 5028
f 4981 5028 5029
f 4981 5029 4983
f 4982 5023 5027
f 4983 5029 4984
f 4984 5029 4996
f 4988 5012 5030
f 4988 5030 5031
f 4988 5031 5032
f 4988 5032 4989
f 4990 4999 5033
f 4990 5033 4994
f 4990 4994 4991
f 4992 5034 5014
f 4992 5014 5013
f 4992 5013 4993
f 4992 4994 5035
f 4992 5035 5034
f 4994 5033 5036
f 4994 5036 5035
f 4995 4996 5037
f 4995 5037 4998
f 4996 5029 5028
f 4996 5028 5037
f 4997 4998 5038
f 4997 5038 5039
f 4997 5039 5040
f 4997 5040 5033
f 4997 5033 4999
f 4998 5037 5038
f 5000 5019 5041
f 5000 5041 5042
f 5000 5042 5043
f 5000 5043 5001
f 5001 5043 5002
f 5002 5043 5044
f 5002 5044 5045
f 5002 5045 5003
f 5003 5045 5046
f 5003 5046 5004
f 5004 5046 5047
f 5004 5047 5048
f 5004 5048 5005
f 5005 5048 5049
f 5005 5049 5006
f 5010 5030 5011
f 5011 5030 5012
f 5014 5034 5015
f 5015 5034 5016
f 5016 5034 5041
f 5016 5041 5018
f 5016 5018 5017
f 5018 5041 5019
f 5020 5026 5050
f 5020 5050 5051
f 5020 5051 5052
f 5020 5052 5053
f 5020 5053 5021
f 5021 5053 5054
f 5021 5054 5022
f 5022 5055 5023
f 5022 5054 5046
f 5022 5046 5056
f 5022 5056 5055
f 5023 5055 5027
f 5025 5057 5026
f 5026 5057 5050
f 5027 5055 5028
f 5028 5055 5058
f 5028 5058 5037
f 5033 5040 5036
f 5034 5035 5036
f 5034 5036 5059
f 5034 5059 5041
f 5036 5042 5059
f 5036 5040 5060
f 5036 5060 5042
f 5037 5058 5061
f 5037 5061 5038
f 5038 5061 5039
f 5039 5061 5062
f 5039 5062 5063
f 5039 5063 5064
f 5039 5064 5060
f 5039 5060 5040
f 5041 5059 5042
f 5042 5060 5064
f 5042 5064 5065
f 5042 5065 5043
f 5043 5065 5044
f 5044 5065 5063
f 5044 5063 5045
f 5045 5063 5066
f 5045 5066 5056
f 5045 5056 5046
f 5046 5054 5047
f 5047 5054 5053
f 5047 5053 5052
f 5047 5052 5067
f 5047 5067 5048
f 5048 5067 5068
f 5048 5068 5069
f 5048 5069 5070
f 5048 5070 5071
f 5048 5071 5049
f 5050 5072 5051
f 5051 5072 5052
f 5052 5072 5073
f 5052 5073 5074
f 5052 5074 5075
f 5052 5075 5076
f 5052 5076 5077
f 5052 5077 5078
f 5052 5078 5068
f 5052 5068 5067
f 5055 5056 5066
f 5055 5066 5058
f 5058 5066 5063
f 5058 5063 5061
f 5061 5063 5062
f 5063 5065 5064

o geometry_6
v -0.02512243 0.47807774 -0.04250395
v -0.00901271 0.47526963 -0.12511706
v -0.04272774 0.47507988 -0.04250395
v -0.00901271 0.47625626 -0.04250395
v 0.00701154 0.47553525 -0.12511706
v 0.00701154 0.47549730 -0.14158871
v -0.00901271 0.47375171 -0.14158871
v -0.05738460 0.47174048 -0.04250395
v 0.10426808 0.44692279 -0.04250395
v 0.02312126 0.47193023 -0.12511706
v 0.02312126 0.47253739 -0.14158871
v 0.02312126 0.46995695 -0.15802850
v 0.00701154 0.47257534 -0.15802850
v -0.00901271 0.46995695 -0.15802850
v -0.02512243 0.46878060 -0.14158871
v -0.02512243 0.47113335 -0.12511706
v -0.04123215 0.46616218 -0.12511706
v -0.05306873 0.46229155 -0.12511706
v -0.07481898 0.46532735 -0.04250395
v 0.10482358 0.44669510 -0.04250395
v 0.06110942 0.46020445 -0.12511706
v 0.05307593 0.46289871 -0.12511706
v 0.03923097 0.46730061 -0.14158871
v 0.04927284 0.46183618 -0.15251671
v 0.03953009 0.46407508 -0.15799664
v 0.03431687 0.46229155 -0.16908394
v 0.02226663 0.46380943 -0.17453201
v 0.00701154 0.46593451 -0.17450015
v -0.00166292 0.46115312 -0.18307050
v -0.00781624 0.46365767 -0.17443642
v 0.01628424 0.46134287 -0.18332538
v -0.02067837 0.46217770 -0.16892463
v -0.03144667 0.46035621 -0.16449609
v -0.02567794 0.46422688 -0.15863384
v -0.03687355 0.46217770 -0.15353623
v -0.04759912 0.46039416 -0.14700493
v -0.04183039 0.46335410 -0.14155685
v -0.05067577 0.46149467 -0.13604507
v -0.06110222 0.45933164 -0.12511706
v -0.08135688 0.46092545 -0.05066013
v -0.08246789 0.46160849 -0.04250395
v -0.07345158 0.45360154 -0.12511706
v 0.11772845 0.43937121 -0.04250395
v 0.11016500 0.44384904 -0.04712366
v 0.07145040 0.45587839 -0.12511706
v 0.05974202 0.45940754 -0.14158871
v 0.05170853 0.46267101 -0.14158871
v 0.07145040 0.45386719 -0.14158871
v 0.08144954 0.44567049 -0.15273972
v 0.05491338 0.45735836 -0.15799664
v 0.04508517 0.46001470 -0.16347657
v 0.02705254 0.45963523 -0.18004380
v 0.03953009 0.45735836 -0.17453201
v 0.00701154 0.46138079 -0.18342097
v 0.00701154 0.45610608 -0.19164086
v 0.00701154 0.44787147 -0.20374768
v -0.00901271 0.44680892 -0.20234583
v -0.00781624 0.45538507 -0.18950624
v -0.01238849 0.45959725 -0.17988449
v 0.03307766 0.44540487 -0.20040237
v 0.02312126 0.44684689 -0.20234583
v -0.02567794 0.45773782 -0.17443642
v -0.04123215 0.45200775 -0.17450015
v -0.04183039 0.45868653 -0.15863384
v -0.05734186 0.45238722 -0.15802850
v -0.07460533 0.44900989 -0.14238522
v -0.05657270 0.45781372 -0.14155685
v -0.08827936 0.44832683 -0.10864542
v -0.09746659 0.44445617 -0.09997948
v -0.09874854 0.44529103 -0.08901963
v -0.10024413 0.44627768 -0.07573398
v -0.08652737 0.45910394 -0.04250395
v -0.08340798 0.44567049 -0.13744691
v -0.08580094 0.44699869 -0.12511706
v 0.11841216 0.43891585 -0.04250395
v 0.09576454 0.44460797 -0.11769367
v 0.08854295 0.44768172 -0.12397010
v 0.09452533 0.44384904 -0.12868539
v 0.08418435 0.44718841 -0.14158871
v 0.09226057 0.44233112 -0.14158871
v 0.08709008 0.43971276 -0.15815594
v 0.07764645 0.44343162 -0.16369958
v 0.07192045 0.44874425 -0.15815594
v 0.06692088 0.44642948 -0.17007159
v 0.05589620 0.44942734 -0.17513735
v 0.03876093 0.44859245 -0.19103552
v 0.05089663 0.44627768 -0.18561930
v 0.00701154 0.44168601 -0.21196757
v -0.00901271 0.44066143 -0.21053386
v -0.01931097 0.44529103 -0.20030679
v -0.02486604 0.44870633 -0.19148155
v -0.04123215 0.44620178 -0.18561930
v -0.04960749 0.44464595 -0.18297492
v 0.04384596 0.44274853 -0.19657916
v 0.03965829 0.43652512 -0.20763460
v 0.03551335 0.43030174 -0.21840329
v 0.02312126 0.44062348 -0.21053386
v -0.05588900 0.44650535 -0.17322574
v -0.06597359 0.44483566 -0.16691745
v -0.06930664 0.44654330 -0.15802850
v -0.08075864 0.44407670 -0.14843863
v -0.09635558 0.44369724 -0.10864542
v -0.10567102 0.43644925 -0.10864542
v -0.10473093 0.43997837 -0.09357561
v -0.10827763 0.44039579 -0.07573398
v -0.10186792 0.44737813 -0.05929420
v -0.08836482 0.45796552 -0.04250395
v -0.10990142 0.44157219 -0.05929420
v -0.08909125 0.44024399 -0.14238522
v -0.09383443 0.44195162 -0.12511706
v 0.12794124 0.42817666 -0.06846989
v 0.12708662 0.42737978 -0.07942975
v 0.12093331 0.43269243 -0.07465075
v 0.11768572 0.43265449 -0.09220563
v 0.12947958 0.43003609 -0.04250395
v 0.10213151 0.43895377 -0.12397010
v 0.11379716 0.42984637 -0.12511706
v 0.11242977 0.42870795 -0.13572647
v 0.10456720 0.43329960 -0.14136569
v 0.09952490 0.43106070 -0.15802850
v 0.11054959 0.42703824 -0.14668633
v 0.09657644 0.42882177 -0.16765024
v 0.07192045 0.44077528 -0.17513735
v 0.08709008 0.43193351 -0.17367179
v 0.06162220 0.44358339 -0.18106331
v 0.02312126 0.43238884 -0.22088838
v 0.00701154 0.43345139 -0.22197163
v -0.00901271 0.43242682 -0.22069722
v -0.02238762 0.43022584 -0.21814843
v -0.02619071 0.43679080 -0.20792134
v -0.03003654 0.44331774 -0.19734381
v -0.04123215 0.44111680 -0.19387106
v -0.05341058 0.43018789 -0.20183607
v -0.05687182 0.43603181 -0.19055761
v -0.06033306 0.44187575 -0.17787731
v 0.05589620 0.43994042 -0.19103552
v 0.05534069 0.43128839 -0.20326977
v 0.04623891 0.42741773 -0.21486683
v 0.03619705 0.41470529 -0.23519356
v 0.02312126 0.42540650 -0.22910829
v 0.04123935 0.42104252 -0.22512578
v -0.07328066 0.43629745 -0.17430899
v -0.08533089 0.43071918 -0.17074067
v -0.07738287 0.44210342 -0.15802850
v -0.09024500 0.43341344 -0.15812408
v -0.09904765 0.42923921 -0.15270788
v -0.10626925 0.43265449 -0.12365150
v -0.11378997 0.42813874 -0.11718391
v -0.11477279 0.42901152 -0.10864542
v -0.11652478 0.43064328 -0.09220563
v -0.11802037 0.43216117 -0.07573398
v -0.10302167 0.44836478 -0.04282255
v -0.10302167 0.44836478 -0.04250395
v -0.11908866 0.43333755 -0.05929420
v -0.11109789 0.44236907 -0.04250395
v -0.11105517 0.44236907 -0.04282255
v -0.10148334 0.43125042 -0.14158871
v 0.12965051 0.42984637 -0.04282255
v 0.13772672 0.41819646 -0.05782864
v 0.13323994 0.42104252 -0.07465075
v 0.12571922 0.42605161 -0.09220563
v 0.11572008 0.43136429 -0.10864542
v 0.13319720 0.41781697 -0.09220563
v 0.12965051 0.42988429 -0.04250395
v 0.12379629 0.42407836 -0.10864542
v 0.12183066 0.42180148 -0.12511706
v 0.12824037 0.41208690 -0.13477066
v 0.11948044 0.41956258 -0.14072849
v 0.10755839 0.42430602 -0.15802850
v 0.12653110 0.40999980 -0.14576239
v 0.11584827 0.41607141 -0.15802850
v 0.09213238 0.42548240 -0.17864195
v 0.11315619 0.41311147 -0.16873348
v 0.10311433 0.41929696 -0.17367179
v 0.08140681 0.42935306 -0.18450420
v 0.07038212 0.43189553 -0.19036646
v 0.00701154 0.42635520 -0.23019152
v -0.00901271 0.42521678 -0.22894898
v -0.02512243 0.40650863 -0.24283996
v -0.02670349 0.42331937 -0.22372393
v -0.03311319 0.42802489 -0.21556776
v -0.04123215 0.43288218 -0.20524510
v -0.04123215 0.42616546 -0.21346499
v -0.06610179 0.41204895 -0.21610938
v -0.06413615 0.42734183 -0.19814030
v -0.06981942 0.43090890 -0.18718046
v 0.06427154 0.42863205 -0.19986074
v 0.04696535 0.41132794 -0.23181639
v 0.05534069 0.42434397 -0.21145780
v 0.07008300 0.41895542 -0.20639206
v 0.07589447 0.40905109 -0.21295524
v 0.05534069 0.41610933 -0.22050607
v 0.03572700 0.39808426 -0.25121916
v 0.02312126 0.40886137 -0.24593039
v 0.02312126 0.41717188 -0.23767863
v 0.04132481 0.40472509 -0.24156557
v -0.08054499 0.42741773 -0.18170053
v -0.09024500 0.42438192 -0.17551967
v -0.09605646 0.42692442 -0.16366773
v -0.11357631 0.41147974 -0.16599351
v -0.11614019 0.41371866 -0.15503365
v -0.10951684 0.42445779 -0.14158871
v -0.11203798 0.42662082 -0.12817562
v -0.12900234 0.41072081 -0.13037397
v -0.13036974 0.41220074 -0.11938226
v -0.12455826 0.42278813 -0.09220563
v -0.12605386 0.42407836 -0.07573398
v -0.12712214 0.42506498 -0.05929420
v -0.11977236 0.43413445 -0.04282255
v -0.11977236 0.43413445 -0.04250395
v 0.13768398 0.42032151 -0.04282255
v 0.14336727 0.41083462 -0.06232090
v 0.14259809 0.40969620 -0.07573398
v 0.13148794 0.41584371 -0.10864542
v 0.14123068 0.40795062 -0.09220563
v 0.13768398 0.42032151 -0.04250395
v 0.12947958 0.41356687 -0.12511706
v 0.13828224 0.40214465 -0.12467102
v 0.13238529 0.40404200 -0.14079221
v 0.12388176 0.40692604 -0.15802850
v 0.13033420 0.39869140 -0.15802850
v 0.09888393 0.41447759 -0.18647953
v 0.10960950 0.40954440 -0.17969334
v 0.12845403 0.39595918 -0.16755466
v 0.11930951 0.40275181 -0.17363993
v 0.08756013 0.41979028 -0.19097180
v 0.07503984 0.42510290 -0.19546406
v 0.00701154 0.41812056 -0.23863444
v -0.00901271 0.40905109 -0.24589852
v -0.00901271 0.41698214 -0.23767863
v -0.02512243 0.39827398 -0.25176077
v -0.03495064 0.39611098 -0.24965802
v -0.05734186 0.41421198 -0.21840329
v -0.04576167 0.37607466 -0.26272063
v -0.07225510 0.40286566 -0.22025119
v -0.08400622 0.39709761 -0.21738378
v -0.07682735 0.40806446 -0.21164897
v -0.08315159 0.41276996 -0.20072097
v -0.07225510 0.41542630 -0.20664694
v -0.03503610 0.37986942 -0.26597036
v -0.07447713 0.42468549 -0.19199131
v 0.08303060 0.41413608 -0.20202724
v 0.04645257 0.39451717 -0.24796944
v 0.08350065 0.39804629 -0.21843517
v 0.08862840 0.40411790 -0.20823994
v 0.09422621 0.39402385 -0.21451637
v 0.03470145 0.38096990 -0.26692617
v 0.02312126 0.39155726 -0.26179669
v 0.02312126 0.40062673 -0.25357680
v 0.04059838 0.38776249 -0.25749558
v 0.00701154 0.39284748 -0.26294365
v 0.00701154 0.40165133 -0.25472376
v 0.00701154 0.40988595 -0.24685433
v -0.08896306 0.41588166 -0.19030273
v -0.09900492 0.41269406 -0.18437677
v -0.10259436 0.41569192 -0.17450015
v -0.11067058 0.40886137 -0.17450015
v -0.11567015 0.39709761 -0.18542815
v -0.11900319 0.40062673 -0.17450015
v -0.12955783 0.39478281 -0.16564305
v -0.12284902 0.40453534 -0.16035429
v -0.12699394 0.40867162 -0.14158871
v -0.11896046 0.41622321 -0.14158871
v -0.13400190 0.40043701 -0.14158871
v -0.13515565 0.40449739 -0.12498962
v -0.13126709 0.41318737 -0.10864542
v -0.14528298 0.39417565 -0.11326512
v -0.14028341 0.40195490 -0.10813566
v -0.13242084 0.41455349 -0.09220563
v -0.13331819 0.41584371 -0.07573398
v -0.12767766 0.42586189 -0.04250395
v -0.13383097 0.41683034 -0.05929420
v 0.14439282 0.41193513 -0.04250395
v 0.14426462 0.41208690 -0.04282255
v 0.14392276 0.41163153 -0.05136104
v 0.14781132 0.40453534 -0.05782864
v 0.14793951 0.40146159 -0.07573398
v 0.14687123 0.39971600 -0.09220563
v 0.13952145 0.40567377 -0.10864542
v 0.14541836 0.39743915 -0.10864542
v 0.14439282 0.39584534 -0.11890435
v 0.14298268 0.39356849 -0.12986422
v 0.14127341 0.39064653 -0.14158871
v 0.13870953 0.38586514 -0.15745502
v 0.09375617 0.41015159 -0.19747124
v 0.10478085 0.40434560 -0.19224620
v 0.11469453 0.39853963 -0.18702115
v 0.11072051 0.39406180 -0.19798101
v 0.12935138 0.38100785 -0.18552373
v 0.12546283 0.39197467 -0.17854638
v 0.14259809 0.37618850 -0.16252076
v 0.13157340 0.38666202 -0.17363993
v -0.00901271 0.40081648 -0.25405469
v -0.02512243 0.39000142 -0.25998068
v -0.05298327 0.36510780 -0.26724476
v -0.06375156 0.36078177 -0.26386759
v -0.05879473 0.37155888 -0.25781419
v -0.08238243 0.36286890 -0.24918010
v -0.10041506 0.36465244 -0.23423774
v -0.10101330 0.38180473 -0.21843517
v -0.09477452 0.39277158 -0.21317825
v -0.08896306 0.40290358 -0.20693368
v -0.10062872 0.39774272 -0.20221840
v -0.09391990 0.40870957 -0.19533663
v -0.02512243 0.38176678 -0.26753150
v -0.02516516 0.36939588 -0.27648417
v -0.03059204 0.36108537 -0.28075341
v -0.04123215 0.35759420 -0.27852323
v -0.04071937 0.37053430 -0.26982542
v 0.04546975 0.37721308 -0.26380387
v 0.08841475 0.38757277 -0.22445671
v 0.09995221 0.39918471 -0.20355651
v 0.10533636 0.38855940 -0.20906830
v 0.11076324 0.37751668 -0.21461195
v 0.09999495 0.38305700 -0.21951840
v 0.09332885 0.37656797 -0.23047826
v 0.03893185 0.37007894 -0.27310700
v 0.03239396 0.36294480 -0.28196412
v 0.02312126 0.38332264 -0.26886964
v 0.00701154 0.38461287 -0.26988914
v -0.00901271 0.38389186 -0.26928382
v -0.00901271 0.39212647 -0.26227458
v -0.10520097 0.40290358 -0.19036646
v -0.11135429 0.39288543 -0.19638800
v -0.12152434 0.38654817 -0.19055761
v -0.13096797 0.38021094 -0.18469537
v -0.12703668 0.39189880 -0.17450015
v -0.13344638 0.38366416 -0.17450015
v -0.14220631 0.37049636 -0.17564711
v -0.14425740 0.37599876 -0.16188356
v -0.13801866 0.38704151 -0.15828339
v -0.13177988 0.39759092 -0.15468319
v -0.14203538 0.38943221 -0.14158871
v -0.14412924 0.39239212 -0.12511706
v -0.14622306 0.39554174 -0.10227341
v -0.14929970 0.38415750 -0.12511706
v -0.14998342 0.38795224 -0.10813566
v -0.14045434 0.40442150 -0.09220563
v -0.14135169 0.40521840 -0.07573398
v -0.13408737 0.41743753 -0.04282255
v -0.13408737 0.41743753 -0.04250395
v -0.14186445 0.40571172 -0.05929420
v 0.14986241 0.40335897 -0.04250395
v 0.15755406 0.39053268 -0.04282255
v 0.15678490 0.38920451 -0.05929420
v 0.15678490 0.38590306 -0.07732699
v 0.15426375 0.38688971 -0.09220563
v 0.15140075 0.38688971 -0.10864542
v 0.14755492 0.38761072 -0.12467102
v 0.14593115 0.38241189 -0.14158871
v 0.14447828 0.37971762 -0.15156092
v 0.12037779 0.38753482 -0.19173643
v 0.12606108 0.37615056 -0.19648359
v 0.11533549 0.38309495 -0.20365209
v 0.14046153 0.37057225 -0.17520107
v 0.14328180 0.36089562 -0.18115890
v 0.13268442 0.37057225 -0.19097180
v 0.14717036 0.37057225 -0.15745502
v 0.14541836 0.36518370 -0.17019904
v -0.04982115 0.34620990 -0.28174110
v -0.05678636 0.35349584 -0.27301144
v -0.07020400 0.34981492 -0.26781824
v -0.08092956 0.34518532 -0.26460038
v -0.07473352 0.35474811 -0.26119136
v -0.08845028 0.35334404 -0.25284401
v -0.09947497 0.34746217 -0.24997660
v -0.09310800 0.35842903 -0.24519760
v -0.11118336 0.35971925 -0.22990478
v -0.11173886 0.37671977 -0.21365615
v -0.10618379 0.38734508 -0.20792134
v -0.00901271 0.37303885 -0.27750370
v -0.01982374 0.36324837 -0.28212340
v -0.02516516 0.35493786 -0.28575546
v -0.02619071 0.33740607 -0.29505860
v -0.04123215 0.34935955 -0.28355710
v 0.05145214 0.36624623 -0.26829616
v 0.04311953 0.35903619 -0.27925599
v 0.12050599 0.37136916 -0.20823994
v 0.12567649 0.35884644 -0.21285965
v 0.11495092 0.36654982 -0.21900865
v 0.10935311 0.35918799 -0.23000035
v 0.10469539 0.37155888 -0.22474345
v 0.09862754 0.36560111 -0.23446077
v 0.03833361 0.35372353 -0.28451291
v 0.02312126 0.34029008 -0.29563208
v 0.02312126 0.35395123 -0.28894145
v 0.02312126 0.36450064 -0.28298362
v 0.02312126 0.37273528 -0.27708953
v 0.00701154 0.37398753 -0.27810903
v -0.11669570 0.38191857 -0.20269629
v -0.12742127 0.37580901 -0.19568708
v -0.13186532 0.36480424 -0.20186793
v -0.13477106 0.37034456 -0.19049389
v -0.14558208 0.36154073 -0.18189168
v -0.14759047 0.36503190 -0.17089996
v -0.14630853 0.37926223 -0.15089185
v -0.14750500 0.38119756 -0.14158871
v -0.14665039 0.39618685 -0.09220563
v -0.15882881 0.37269730 -0.10864542
v -0.15241911 0.38688971 -0.09220563
v -0.15378651 0.37042046 -0.14158871
v -0.15793146 0.36928203 -0.12495776
v -0.14716314 0.39698376 -0.07573398
v -0.14199265 0.40624298 -0.04250395
v -0.14750500 0.39751502 -0.05929420
v 0.15755406 0.39053268 -0.04250395
v 0.16186994 0.38229807 -0.04282255
v 0.16122895 0.38096990 -0.05929420
v 0.16058800 0.37975557 -0.07293030
v 0.15998974 0.37861715 -0.08389016
v 0.15939152 0.37725103 -0.09220563
v 0.15793865 0.37406342 -0.10864542
v 0.15652851 0.36950973 -0.12498962
v 0.15199900 0.37042046 -0.14158871
v 0.12960777 0.36518370 -0.20189979
v 0.14097432 0.35482401 -0.19180016
v 0.14840957 0.35482401 -0.17520107
v 0.14584569 0.34992877 -0.18686186
v 0.15563116 0.35277483 -0.15704083
v -0.05605992 0.33649532 -0.28397127
v -0.06648637 0.33030988 -0.28205968
v -0.06054672 0.34131469 -0.27880994
v -0.04123215 0.33748197 -0.28992911
v -0.08610006 0.33421847 -0.26804126
v -0.09071504 0.33881014 -0.26201971
v -0.07370797 0.33774759 -0.27342562
v -0.09686836 0.32822275 -0.26444107
v -0.10515824 0.33664711 -0.25284401
v -0.11020053 0.34154236 -0.24554806
v -0.11609746 0.34875239 -0.23458820
v -0.11678116 0.36575291 -0.21894492
v -0.00901271 0.36480424 -0.28317480
v 0.00701154 0.36575291 -0.28381200
v -0.00901271 0.35395123 -0.28970609
v -0.00901271 0.34237721 -0.29620556
v -0.02153300 0.33182777 -0.29913668
v -0.03225856 0.32864017 -0.29763926
v 0.04918738 0.34803138 -0.28272875
v 0.12900952 0.34787962 -0.21712890
v 0.11952317 0.35353379 -0.22356462
v 0.11341259 0.34822113 -0.23369612
v 0.10272975 0.35273691 -0.23955838
v 0.09606366 0.34628580 -0.24886152
v 0.03782084 0.33600200 -0.29298770
v 0.03149660 0.32951298 -0.29802156
v 0.02312126 0.33205547 -0.29904109
v 0.00701154 0.33482563 -0.30031549
v 0.00701154 0.34306024 -0.29668345
v 0.00701154 0.35395123 -0.29082121
v -0.12212257 0.37076200 -0.20773019
v -0.12750673 0.35915004 -0.21279593
v -0.13148075 0.34818318 -0.21770238
v -0.13519838 0.35376148 -0.20734786
v -0.14583847 0.34560274 -0.19906425
v -0.14370191 0.35520347 -0.19253294
v -0.14818869 0.35057388 -0.18807254
v -0.15088077 0.35520347 -0.17564711
v -0.15810236 0.35319227 -0.15764619
v -0.14929970 0.37049636 -0.15704083
v -0.15972616 0.37425317 -0.09220563
v -0.16246097 0.36305862 -0.11935039
v -0.16314466 0.36446269 -0.10864542
v -0.16019622 0.37527775 -0.07573398
v -0.15340192 0.38688971 -0.07573398
v -0.16023895 0.35823931 -0.14158871
v -0.16143543 0.36093357 -0.13034211
v -0.15408564 0.38688971 -0.05929420
v -0.14224904 0.40586351 -0.04250395
v -0.14767593 0.39778067 -0.04282255
v -0.15451293 0.38688971 -0.04282255
v 0.16186994 0.38229807 -0.04250395
v 0.16605759 0.37042046 -0.05929420
v 0.16742500 0.37015484 -0.04250395
v 0.16729680 0.37042046 -0.04282255
v 0.16353644 0.37205219 -0.07732699
v 0.16298095 0.36901642 -0.09220563
v 0.16157081 0.36582881 -0.10864542
v 0.16054526 0.36340017 -0.11941412
v 0.15939152 0.36070587 -0.13037397
v 0.15798138 0.35751830 -0.14158871
v 0.14319634 0.34400895 -0.19782170
v 0.13242802 0.35360968 -0.20737972
v 0.15862234 0.34180800 -0.16185171
v 0.15627212 0.33679891 -0.17376736
v 0.14832410 0.33812708 -0.19180016
v 0.16033160 0.34647555 -0.15085999
v -0.05003480 0.31357498 -0.29824459
v -0.05618812 0.31983634 -0.29235047
v -0.07251149 0.31983634 -0.28403502
v -0.07721194 0.32450389 -0.27900112
v -0.06080310 0.30811053 -0.29572764
v -0.04123215 0.32526285 -0.29604625
v -0.08947584 0.32089887 -0.27313888
v -0.09712474 0.29566373 -0.28110387
v -0.10062872 0.31725590 -0.26727663
v -0.10584194 0.32203729 -0.26074531
v -0.11460186 0.33057550 -0.24933941
v -0.12071245 0.33592611 -0.23917605
v -0.12682302 0.34127671 -0.22866224
v -0.12182348 0.35395123 -0.22378765
v -0.00901271 0.33414257 -0.30018806
v -0.00901271 0.32101272 -0.30554054
v -0.02512243 0.30454346 -0.30914073
v -0.02619071 0.32230294 -0.30190850
v -0.04123215 0.30454346 -0.30480778
v -0.04123215 0.31702823 -0.29971016
v 0.06345964 0.32939913 -0.28151807
v 0.05487064 0.33592611 -0.28444919
v 0.06269048 0.29543604 -0.29751180
v 0.04786270 0.31357498 -0.29818087
v 0.04222217 0.32454184 -0.29604625
v 0.11076324 0.32780534 -0.24777827
v 0.12717209 0.32791919 -0.23137034
v 0.12456547 0.33748197 -0.22856666
v 0.13994874 0.33812708 -0.20728414
v 0.14217079 0.32476953 -0.21273221
v 0.13140248 0.33748197 -0.22031490
v 0.10734473 0.33748197 -0.24507017
v 0.11653198 0.33748197 -0.23685027
v 0.03782084 0.31983634 -0.29942342
v 0.03495784 0.23422661 -0.33223929
v 0.02312126 0.22227313 -0.34029987
v 0.02312126 0.32101272 -0.30321477
v 0.00701154 0.32101272 -0.30573172
v -0.13041247 0.33030988 -0.23280404
v -0.13387371 0.33645740 -0.22343719
v -0.14314639 0.33907576 -0.20820808
v -0.14506932 0.32734998 -0.21426149
v -0.14818869 0.33463588 -0.20333349
v -0.15908521 0.32150603 -0.19119481
v -0.15139356 0.33907576 -0.19253294
v -0.16126450 0.32731203 -0.18074471
v -0.15908521 0.33767172 -0.17494618
v -0.16096537 0.34332589 -0.16287123
v -0.16263190 0.34719656 -0.15191137
v -0.16395658 0.36601856 -0.09220563
v -0.16455480 0.36704313 -0.07573398
v -0.16515305 0.35486196 -0.12495776
v -0.16801603 0.35395123 -0.10864542
v -0.16959710 0.35395123 -0.09220563
v -0.16053805 0.37596081 -0.05929420
v -0.16498212 0.36772619 -0.05929420
v -0.16387111 0.35000467 -0.14158871
v -0.16079444 0.37641617 -0.04282255
v -0.14767593 0.39778067 -0.04250395
v -0.15451293 0.38688971 -0.04250395
v 0.17336467 0.35262306 -0.05891187
v 0.17118535 0.35395123 -0.07573398
v 0.17349284 0.35524145 -0.04250395
v 0.17349284 0.35524145 -0.04282255
v 0.16909153 0.35395123 -0.09220563
v 0.16635672 0.35395123 -0.10864542
v 0.16293822 0.35471016 -0.12498962
v 0.16148535 0.34928366 -0.14158871
v 0.14537563 0.33304210 -0.20180421
v 0.16178447 0.33679891 -0.15704083
v 0.16054526 0.33084115 -0.16780954
v 0.15862234 0.32507310 -0.17876940
v 0.15563116 0.32013991 -0.18988855
v 0.16558756 0.33748197 -0.14158871
v -0.05618812 0.30340504 -0.29990131
v -0.06610179 0.29710575 -0.29824459
v -0.04695815 0.27832170 -0.31372858
v -0.05353878 0.26735485 -0.31586320
v -0.05828195 0.27236393 -0.31207185
v -0.06426434 0.26238371 -0.31391973
v -0.07225510 0.30340504 -0.29206376
v -0.08208332 0.31353703 -0.28180481
v -0.09366350 0.30454346 -0.27880994
v -0.08558728 0.30454346 -0.28400315
v -0.08939037 0.28784654 -0.28961053
v -0.09280888 0.27168087 -0.29499485
v -0.09644105 0.26173860 -0.29719322
v -0.10071418 0.28469688 -0.28378012
v -0.11148248 0.27642432 -0.27963832
v -0.11135429 0.30905924 -0.26313483
v -0.11737940 0.32101272 -0.25185636
v -0.12844682 0.31023561 -0.24704548
v -0.12545564 0.32101272 -0.24385949
v -0.00901271 0.22227313 -0.34281682
v -0.02512243 0.22227313 -0.34087335
v -0.01482418 0.29600525 -0.31423835
v -0.04123215 0.23437840 -0.33236672
v -0.03623258 0.28196467 -0.31513044
v 0.06610899 0.32101272 -0.28349338
v 0.09606366 0.31346116 -0.26530129
v 0.09550815 0.27976369 -0.28139064
v 0.07059578 0.25464241 -0.30926816
v 0.06465612 0.24879849 -0.31503485
v 0.07157860 0.28921266 -0.29413466
v 0.08063765 0.26519185 -0.29869064
v 0.08379977 0.25521162 -0.30082525
v 0.07615085 0.23874238 -0.31242231
v 0.06008387 0.25976534 -0.31296395
v 0.06170766 0.21210317 -0.33013651
v 0.05098209 0.21794711 -0.33227113
v 0.03991467 0.22295618 -0.33466065
v 0.12050599 0.32237884 -0.24099209
v 0.11383990 0.31683849 -0.25039081
v 0.09871300 0.26879687 -0.28393943
v 0.12486457 0.30454346 -0.24548435
v 0.13588928 0.32086092 -0.22375579
v 0.12960777 0.31695233 -0.23417403
v 0.14426462 0.31380268 -0.21617310
v 0.03077017 0.19718977 -0.34714977
v 0.03923097 0.20580388 -0.34119196
v 0.02448866 0.20641104 -0.34565235
v 0.02004460 0.20128812 -0.34851976
v 0.00701154 0.21198934 -0.34657629
v 0.01769438 0.24845694 -0.33141091
v 0.00701154 0.22227313 -0.34275307
v -0.13267723 0.32101272 -0.23563959
v -0.14126623 0.32154398 -0.22356462
v -0.14374464 0.30765517 -0.22888526
v -0.14737681 0.31638312 -0.21789354
v -0.15075257 0.32154398 -0.20820808
v -0.16096537 0.30993201 -0.19686590
v -0.16340106 0.31634517 -0.18587419
v -0.16566581 0.32150603 -0.17494618
v -0.16335832 0.33232109 -0.16975299
v -0.16489666 0.33767172 -0.15764619
v -0.17139183 0.32101272 -0.15802850
v -0.16908434 0.33748197 -0.14158871
v -0.17083631 0.35395123 -0.07573398
v -0.17173366 0.35395123 -0.05929420
v -0.17250284 0.33748197 -0.12511706
v -0.17784427 0.32856430 -0.11457139
v -0.17536585 0.33638150 -0.10890030
v -0.17566495 0.33979677 -0.09220563
v -0.17634866 0.34142851 -0.07573398
v -0.16528125 0.36818156 -0.04282255
v -0.17233191 0.35395123 -0.04282255
v -0.16087991 0.37626437 -0.04250395
v -0.16079444 0.37641617 -0.04250395
v 0.17631312 0.34620990 -0.05320893
v 0.17580036 0.34476791 -0.06416878
v 0.17524484 0.34309822 -0.07573398
v 0.17665498 0.34681706 -0.04250395
v 0.17656951 0.34700681 -0.04282255
v 0.17421929 0.33991062 -0.09220563
v 0.17298008 0.33603995 -0.10737102
v 0.16921972 0.33748197 -0.12511706
v 0.14699943 0.31998814 -0.20728414
v 0.17067260 0.32101272 -0.14158871
v 0.16639945 0.32101272 -0.15802850
v 0.16191267 0.32013991 -0.17376736
v 0.16041707 0.31406832 -0.18370771
v 0.15819504 0.30454346 -0.19514546
v 0.17421929 0.32097477 -0.12575426
v -0.07345158 0.27168087 -0.30560428
v -0.08165600 0.28006729 -0.29798972
v -0.07682735 0.29103414 -0.29547277
v -0.05024846 0.23134259 -0.33115601
v -0.05828195 0.25623619 -0.31850758
v -0.05631631 0.23760394 -0.32650447
v -0.06097403 0.22621967 -0.32921254
v -0.06631544 0.21525281 -0.33125160
v -0.06917845 0.25141685 -0.31611807
v -0.07409255 0.25623619 -0.31178511
v -0.08477539 0.27168087 -0.29977388
v -0.09045866 0.25585673 -0.30311918
v -0.09981682 0.25077177 -0.29945527
v -0.10537190 0.25585673 -0.29337000
v -0.10592740 0.27122551 -0.28629707
v -0.11485825 0.26545746 -0.28241014
v -0.11473006 0.29809238 -0.26584293
v -0.12562654 0.28811218 -0.26109577
v -0.12857501 0.27737299 -0.26380387
v -0.13118163 0.29923080 -0.25004032
v -0.00901271 0.21210317 -0.34660816
v -0.02512243 0.20925710 -0.34565235
v -0.04123215 0.22227313 -0.33701826
v 0.08807290 0.27247778 -0.29008842
v 0.09486718 0.24572473 -0.29735252
v 0.09187599 0.25521162 -0.29524975
v 0.07914205 0.22997648 -0.31414276
v 0.07286054 0.22360129 -0.31994128
v 0.08871387 0.23965312 -0.30397940
v 0.06555348 0.20109838 -0.33201626
v 0.05593893 0.20629719 -0.33450134
v 0.12712936 0.29482888 -0.24781013
v 0.11683110 0.30454346 -0.25313075
v 0.11307074 0.28260978 -0.26616151
v 0.10948130 0.25912023 -0.27957460
v 0.11012227 0.29353868 -0.26377203
v 0.14011967 0.30454346 -0.22678249
v 0.13204346 0.30454346 -0.23723258
v 0.15204173 0.30454346 -0.20737972
v 0.14576022 0.30454346 -0.21853074
v 0.14242716 0.29190692 -0.22993664
v 0.04004287 0.19077664 -0.34571607
v 0.03525696 0.18622293 -0.34871091
v 0.02312126 0.17286538 -0.35562455
v 0.02448866 0.19077664 -0.35055878
v 0.00701154 0.17286538 -0.35817338
v 0.00701154 0.18933462 -0.35374480
v 0.00701154 0.20375470 -0.34934813
v -0.00901271 0.20386854 -0.34941182
v -0.13746314 0.30344298 -0.23965396
v -0.14605213 0.29665036 -0.23226242
v -0.14887241 0.30310147 -0.22356462
v -0.15784600 0.30446759 -0.20680624
v -0.16297373 0.29892724 -0.20097585
v -0.16545215 0.30446759 -0.19119481
v -0.17216098 0.30454346 -0.17450015
v -0.17810063 0.29630885 -0.16624839
v -0.17664776 0.30541627 -0.15968522
v -0.17763061 0.31148788 -0.14764212
v -0.17553675 0.32055735 -0.14190731
v -0.17694689 0.32609770 -0.12511706
v -0.17681869 0.34256693 -0.05929420
v -0.17716055 0.34336384 -0.04250395
v -0.17707509 0.34355359 -0.04250395
v -0.18002356 0.31786306 -0.12511706
v -0.18489493 0.30454346 -0.12511706
v -0.18733061 0.30454346 -0.10864542
v -0.18087818 0.32226499 -0.10890030
v -0.17848522 0.33015809 -0.10357967
v -0.17908348 0.33156216 -0.09220563
v -0.17972443 0.33319389 -0.07573398
v -0.16528125 0.36818156 -0.04250395
v -0.17220371 0.35421685 -0.04250395
v -0.17233191 0.35395123 -0.04250395
v 0.17951799 0.33748197 -0.04282255
v 0.18323561 0.32101272 -0.05929420
v 0.17815058 0.33858245 -0.05891187
v 0.17785145 0.33486358 -0.07573398
v 0.17691137 0.33167598 -0.09220563
v 0.17951799 0.33748197 -0.04250395
v 0.17622765 0.32955093 -0.10103087
v 0.17528757 0.32643922 -0.11199072
v 0.17575763 0.31148788 -0.13164838
v 0.17477478 0.30541627 -0.14273568
v 0.17105716 0.30454346 -0.15802850
v 0.16610032 0.30454346 -0.17450015
v 0.15964791 0.29501862 -0.19829961
v 0.17041620 0.28811218 -0.17450015
v 0.16169901 0.30454346 -0.18692557
v 0.17686864 0.31543442 -0.12068852
v -0.07990402 0.24485192 -0.31356927
v -0.05631631 0.22136238 -0.33265343
v -0.04016386 0.20458955 -0.34364516
v -0.06930664 0.20580388 -0.33271718
v -0.07738287 0.20580388 -0.32870281
v -0.07238330 0.22136238 -0.32596284
v -0.07409255 0.23912186 -0.31850758
v -0.05734186 0.20580388 -0.33762361
v -0.05605992 0.18815825 -0.34339030
v -0.08921945 0.23912186 -0.31035141
v -0.09503091 0.22227313 -0.31280464
v -0.10297894 0.23874238 -0.30171735
v -0.11101243 0.23874238 -0.29591882
v -0.11742213 0.25521162 -0.28454476
v -0.12545564 0.25521162 -0.27715325
v -0.13105343 0.26640617 -0.26635269
v -0.13361731 0.28811218 -0.25287588
v -0.14169355 0.28811218 -0.24287182
v -0.02512243 0.20102248 -0.34845604
v -0.03405328 0.19829026 -0.34750026
v 0.11225884 0.24815338 -0.28196412
v 0.09773018 0.23475788 -0.29964645
v 0.08760286 0.22360129 -0.31089305
v 0.08226144 0.21897168 -0.31614994
v 0.07110855 0.20629719 -0.32701421
v 0.07649270 0.18933462 -0.32898955
v 0.06845921 0.18933462 -0.33370483
v 0.05534069 0.18933462 -0.34007684
v 0.12935138 0.28390000 -0.25026335
v 0.12636018 0.25991711 -0.26354900
v 0.12371083 0.27168087 -0.26109577
v 0.12012140 0.28868139 -0.25701769
v 0.11567734 0.27168087 -0.26855103
v 0.13588928 0.28788448 -0.24016372
v 0.15687037 0.28894701 -0.20712485
v 0.14764039 0.28708758 -0.22420182
v 0.14426462 0.28097801 -0.23254916
v 0.15866507 0.27168087 -0.21298710
v 0.13960691 0.27168087 -0.24280810
v 0.04598252 0.17893699 -0.34679931
v 0.04004287 0.17320691 -0.35024020
v 0.02312126 0.15643407 -0.35944777
v 0.01380582 0.14744050 -0.36365326
v 0.00303752 0.14941378 -0.36400375
v -0.00901271 0.17286538 -0.35839637
v 0.00786617 0.15548539 -0.36231518
v -0.00901271 0.18933462 -0.35387224
v -0.14425740 0.27539974 -0.24624899
v -0.14759047 0.28811218 -0.23462007
v -0.15395744 0.28811218 -0.22385137
v -0.16036715 0.28811218 -0.21254105
v -0.16472573 0.28811218 -0.20432116
v -0.17100724 0.28811218 -0.19093994
v -0.17669049 0.28974392 -0.17539223
v -0.17951077 0.28534199 -0.17048578
v -0.18156189 0.28974392 -0.15968522
v -0.17959624 0.30052103 -0.15528853
v -0.17767334 0.27820785 -0.18144564
v -0.18109184 0.30541627 -0.14190731
v -0.17882708 0.31475135 -0.13665041
v -0.18015176 0.33433232 -0.05929420
v -0.18045085 0.33512923 -0.04282255
v -0.18045085 0.33512923 -0.04250395
v -0.18639053 0.28811218 -0.14158871
v -0.18968084 0.28811218 -0.12511706
v -0.18869802 0.30454346 -0.09220563
v -0.18297200 0.32101272 -0.09220563
v -0.19237291 0.28704963 -0.10823123
v -0.19280024 0.29054083 -0.09220563
v -0.18412575 0.32101272 -0.07573398
v 0.18426116 0.32101272 -0.04282255
v 0.18191094 0.32101272 -0.07573398
v 0.18755146 0.30454346 -0.05929420
v 0.18626952 0.30454346 -0.07573398
v 0.18003075 0.32101272 -0.09220563
v 0.18426116 0.32101272 -0.04250395
v 0.18208187 0.30454346 -0.10864542
v 0.17763779 0.32097477 -0.10737102
v 0.17862061 0.30541627 -0.12575426
v 0.17725320 0.30052103 -0.13802039
v 0.17592853 0.29554989 -0.14901211
v 0.17477478 0.28928855 -0.15901616
v 0.17580036 0.27858732 -0.16516516
v 0.16379283 0.28894701 -0.19208690
v 0.16114349 0.28408972 -0.20151747
v 0.17421929 0.27251570 -0.17472316
v 0.16866420 0.27168087 -0.19093994
v -0.08362164 0.23388508 -0.31560833
v -0.04482158 0.19286376 -0.34600281
v -0.06097403 0.17286538 -0.34558863
v -0.06430708 0.16273337 -0.34683118
v -0.07439167 0.18967617 -0.33478808
v -0.08041679 0.19540623 -0.33026395
v -0.08699742 0.22227313 -0.31771108
v -0.04982115 0.18185895 -0.34746838
v -0.09742386 0.21358313 -0.31423835
v -0.11327719 0.22940727 -0.29757555
v -0.12242170 0.23786958 -0.28671125
v -0.12823315 0.24276482 -0.27986135
v -0.13318999 0.25521162 -0.26893333
v -0.13767680 0.27092192 -0.25638049
v -0.02512243 0.18933462 -0.35192877
v -0.02512243 0.17286538 -0.35645293
v -0.04123215 0.17286538 -0.35243856
v -0.04016386 0.18815825 -0.34861532
v 0.12853950 0.24895026 -0.26577921
v 0.11409628 0.23874238 -0.28374828
v 0.10841302 0.22227313 -0.29493116
v 0.10037953 0.22227313 -0.30197222
v 0.09358524 0.20580388 -0.31296395
v 0.08555175 0.20580388 -0.31834830
v 0.09550815 0.19737952 -0.31430206
v 0.07871473 0.17870931 -0.33032766
v 0.05469972 0.17320691 -0.34425049
v 0.07260415 0.17309306 -0.33504295
v 0.13157340 0.27168087 -0.25287588
v 0.15238356 0.27168087 -0.22385137
v 0.14567476 0.27168087 -0.23458820
v 0.14229896 0.25521162 -0.24637643
v 0.15986155 0.26272525 -0.21528102
v 0.04888826 0.16797014 -0.34797815
v 0.03923097 0.15643407 -0.35415901
v 0.02269394 0.14114120 -0.36215584
v 0.01701067 0.13643571 -0.36425865
v 0.00786617 0.14114120 -0.36473654
v -0.00901271 0.13996483 -0.36505512
v -0.00901271 0.14911020 -0.36394003
v -0.00901271 0.15734481 -0.36212400
v -0.01708894 0.14819946 -0.36374885
v -0.14626579 0.26443289 -0.24898895
v -0.14972703 0.27061835 -0.24057790
v -0.15904247 0.27289520 -0.22388322
v -0.16177726 0.27923243 -0.21518543
v -0.16699049 0.27289520 -0.20878156
v -0.16352925 0.26822762 -0.21843517
v -0.17549402 0.27228804 -0.19074878
v -0.18113457 0.27228804 -0.17539223
v -0.18540769 0.25521162 -0.17450015
v -0.18634780 0.27168087 -0.15802850
v -0.17908348 0.26724100 -0.18514141
v -0.18493766 0.32101272 -0.05929420
v -0.18553589 0.32101272 -0.04282255
v -0.18545042 0.32127836 -0.04250395
v -0.19019362 0.27168087 -0.14158871
v -0.19305660 0.27217419 -0.12613659
v -0.19382579 0.27801810 -0.11345629
v -0.18950991 0.30454346 -0.07573398
v -0.19446674 0.28090214 -0.10246457
v -0.19314207 0.29205872 -0.07573398
v -0.19480860 0.28234413 -0.09220563
v -0.19519319 0.28386205 -0.07573398
v 0.18434662 0.32070915 -0.04250395
v 0.18857701 0.30454346 -0.04282255
v 0.18456029 0.30454346 -0.09220563
v 0.19289289 0.28268568 -0.05929420
v 0.19250830 0.28101596 -0.07140101
v 0.19212371 0.27938423 -0.08236088
v 0.19062813 0.28712553 -0.07640305
v 0.18883340 0.28811218 -0.09220563
v 0.18644045 0.28811218 -0.10864542
v 0.18327835 0.28811218 -0.12511706
v 0.17900520 0.28928855 -0.14273568
v 0.17729593 0.28458303 -0.15417343
v 0.17708230 0.26762049 -0.16937068
v 0.17883427 0.27251570 -0.15901616
v 0.16272455 0.27168087 -0.20479905
v 0.17537304 0.25965149 -0.18033054
v 0.17289462 0.25456651 -0.18985670
v -0.05294053 0.17286538 -0.34864722
v -0.05832469 0.15692740 -0.35049510
v -0.06674276 0.15176653 -0.34804186
v -0.07345158 0.17286538 -0.33953521
v -0.08280974 0.18440145 -0.33166581
v -0.04123215 0.15643407 -0.35648478
v -0.09943224 0.20261627 -0.31573577
v -0.10515824 0.20717000 -0.31009654
v -0.11524283 0.21844042 -0.29920040
v -0.08870667 0.18967617 -0.32634517
v -0.13019881 0.23179797 -0.28186853
v -0.13494199 0.23786958 -0.27390351
v -0.14126623 0.25521162 -0.25918418
v -0.02354137 0.15476438 -0.36107263
v 0.12507823 0.22227313 -0.27858695
v 0.12217252 0.23874238 -0.27581510
v 0.13341087 0.25475625 -0.25752745
v 0.14370910 0.24618010 -0.24825618
v 0.13012053 0.23874238 -0.26759522
v 0.11704475 0.22227313 -0.28671125
v 0.11054959 0.21031964 -0.29687460
v 0.11221610 0.19935280 -0.29837205
v 0.10294340 0.19085254 -0.30914073
v 0.09708921 0.18637471 -0.31560833
v 0.08644911 0.17309306 -0.32602655
v 0.08038126 0.16770451 -0.33141091
v 0.05136668 0.15643407 -0.34915695
v 0.05940017 0.15643407 -0.34539745
v 0.07145040 0.15643407 -0.33870686
v 0.14798225 0.25521162 -0.23812468
v 0.15674217 0.25642594 -0.22340533
v 0.16430562 0.25642594 -0.20881342
v 0.16110075 0.25172045 -0.21763866
v 0.03923097 0.13996483 -0.35673964
v 0.02675342 0.12349559 -0.36247446
v 0.01867720 0.12349559 -0.36470466
v 0.00701154 0.12349559 -0.36626580
v -0.00901271 0.12349559 -0.36645698
v -0.01961009 0.13996483 -0.36419490
v -0.02764358 0.13996483 -0.36266564
v -0.14767593 0.25521162 -0.25096429
v -0.15609400 0.25365578 -0.23869816
v -0.16053805 0.25809563 -0.22939503
v -0.17233191 0.25521162 -0.20737972
v -0.16459753 0.25365578 -0.22388322
v -0.17716055 0.25521162 -0.19680219
v -0.18865529 0.23874238 -0.17450015
v -0.18989450 0.25521162 -0.15802850
v -0.18040812 0.25521162 -0.18858229
v -0.19015089 0.30454346 -0.05929420
v -0.18553589 0.32101272 -0.04250395
v -0.19070638 0.30454346 -0.04250395
v -0.19314207 0.25619824 -0.14219405
v -0.19403945 0.26238371 -0.13228558
v -0.19497953 0.26705128 -0.12132572
v -0.19566322 0.27217419 -0.10823123
v -0.19891082 0.25521162 -0.10864542
v -0.19711609 0.27168087 -0.09220563
v -0.19339846 0.29308329 -0.05929420
v -0.19788524 0.27168087 -0.07573398
v -0.19844076 0.27168087 -0.05929420
v -0.19544956 0.28484868 -0.05929420
v 0.18861974 0.30439169 -0.04250395
v 0.19139729 0.29285562 -0.04250395
v 0.19139729 0.29281768 -0.04282255
v 0.19332021 0.28477278 -0.04250395
v 0.19541404 0.27168087 -0.05929420
v 0.19396117 0.27300905 -0.07640305
v 0.19332021 0.26853122 -0.09220563
v 0.19156822 0.27676583 -0.09220563
v 0.19772153 0.25521162 -0.07573398
v 0.19041447 0.27111166 -0.10839054
v 0.18716687 0.27168087 -0.12511706
v 0.18349198 0.27168087 -0.14158871
v 0.18285102 0.25521162 -0.15802850
v 0.17815058 0.25456651 -0.17472316
v 0.17644132 0.24864669 -0.18361212
v 0.17421929 0.23874238 -0.19425338
v 0.16857874 0.23874238 -0.20737972
v -0.05734186 0.13996483 -0.35380852
v -0.06832382 0.13996483 -0.34890209
v -0.07635731 0.13996483 -0.34418680
v -0.07263969 0.15692740 -0.34348589
v -0.08477539 0.17286538 -0.33297205
v -0.09280888 0.17286538 -0.32752397
v -0.04123215 0.13996483 -0.35935218
v -0.10165427 0.18933462 -0.31742434
v -0.10973049 0.18933462 -0.31111607
v -0.11708028 0.20580388 -0.30088897
v -0.12109703 0.22325976 -0.29254165
v -0.12515651 0.20580388 -0.29346559
v -0.13143802 0.22227313 -0.28320664
v -0.16267464 0.10167573 -0.28228270
v -0.16130723 0.11268052 -0.28065785
v -0.14049707 0.22272850 -0.27221494
v -0.14541118 0.22849653 -0.26431364
v -0.14395831 0.23874238 -0.26246576
v 0.12691570 0.21043347 -0.28043483
v 0.14939238 0.23991875 -0.24178858
v 0.14499104 0.23517529 -0.25007219
v 0.14041880 0.22227313 -0.26036298
v 0.13922232 0.23991875 -0.25603003
v 0.13238529 0.22227313 -0.27036706
v 0.12824037 0.19946663 -0.28193225
v 0.11345532 0.18933462 -0.29964645
v 0.10674650 0.17286538 -0.30968234
v 0.09867027 0.17286538 -0.31697832
v 0.08978216 0.15643407 -0.32653632
v 0.08170593 0.15643407 -0.33236672
v 0.05367417 0.13996483 -0.35043135
v 0.06175039 0.13996483 -0.34644885
v 0.07145040 0.13996483 -0.34074592
v 0.15798138 0.23874238 -0.22843922
v 0.16242543 0.23874238 -0.22021933
v 0.03923097 0.12349559 -0.35807779
v 0.02773624 0.10702633 -0.36276120
v 0.03940190 0.09044324 -0.35941590
v 0.01970275 0.10702633 -0.36495956
v 0.00718246 0.09044324 -0.36744464
v 0.00701154 0.10702633 -0.36690303
v -0.00901271 0.09044324 -0.36798624
v -0.00901271 0.10702633 -0.36725349
v -0.02512243 0.10702633 -0.36572419
v -0.02550701 0.12281253 -0.36476838
v -0.03114755 0.12782160 -0.36333468
v -0.15002615 0.23874238 -0.25421400
v -0.15810236 0.23874238 -0.24201160
v -0.16203365 0.24712880 -0.23213498
v -0.17660506 0.18933462 -0.22878967
v -0.17810063 0.24678726 -0.19909611
v -0.18190372 0.24026028 -0.19253294
v -0.18592048 0.22227313 -0.19093994
v -0.18882622 0.20580388 -0.19093994
v -0.19297114 0.20580388 -0.17749499
v -0.19186013 0.22113470 -0.17313017
v -0.19365486 0.22587815 -0.16341284
v -0.19280024 0.23912186 -0.15796477
v -0.19369759 0.29391815 -0.04250395
v -0.19386852 0.24488987 -0.14808816
v -0.19497953 0.25137890 -0.13712830
v -0.19613327 0.25619824 -0.12613659
v -0.19912445 0.23874238 -0.12511706
v -0.20151743 0.23874238 -0.10864542
v -0.20292754 0.23874238 -0.09220563
v -0.20027822 0.25521162 -0.09220563
v -0.20100464 0.25521162 -0.07573398
v -0.20207292 0.25551521 -0.04250395
v -0.19891082 0.27168087 -0.04282255
v -0.19886809 0.27194649 -0.04250395
v -0.19570595 0.28579735 -0.04282255
v 0.19631139 0.27168087 -0.04250395
v 0.19887527 0.25521162 -0.05929420
v 0.19596953 0.25521162 -0.09220563
v 0.19259376 0.26522977 -0.10271945
v 0.20058454 0.23874238 -0.07573398
v 0.19169641 0.26071402 -0.11367931
v 0.18695324 0.25521162 -0.14158871
v 0.19058540 0.25521162 -0.12502148
v 0.18109903 0.23874238 -0.17450015
v 0.18584223 0.23874238 -0.15802850
v 0.17733867 0.23874238 -0.18600163
v 0.18532944 0.13996483 -0.20737972
v 0.18259463 0.15643407 -0.20737972
v 0.17913340 0.13996483 -0.22209906
v 0.17605673 0.13123689 -0.23191196
v -0.05734186 0.12349559 -0.35543340
v -0.03995021 0.12281253 -0.36148680
v -0.06981942 0.12349559 -0.34973043
v -0.07789564 0.12349559 -0.34514258
v -0.08827936 0.09044324 -0.34246636
v -0.10186792 0.09044324 -0.33380039
v -0.09058685 0.13890230 -0.33501110
v -0.08708288 0.15643407 -0.33462877
v -0.09515911 0.15643407 -0.32908511
v -0.10404722 0.17286538 -0.31930409
v -0.03371143 0.11685476 -0.36387629
v -0.11208071 0.17286538 -0.31299579
v -0.14870148 0.09044324 -0.30095269
v -0.15682042 0.09044324 -0.29171330
v -0.16357199 0.09055709 -0.28349338
v -0.17045172 0.09044324 -0.27329815
v -0.16694775 0.10710223 -0.27438143
v -0.16613587 0.12349559 -0.27062193
v -0.15135083 0.22272850 -0.25800534
v 0.13319720 0.20531056 -0.27425397
v 0.15511837 0.22128648 -0.23885745
v 0.14640118 0.22227313 -0.25214310
v 0.14225626 0.20580388 -0.26272063
v 0.12153154 0.18933462 -0.29126725
v 0.15524657 0.09044324 -0.27543280
v 0.14725580 0.09044324 -0.28521383
v 0.14717036 0.09044324 -0.28530942
v 0.13956418 0.09044324 -0.29352930
v 0.11520730 0.17286538 -0.30146245
v 0.13153067 0.09044324 -0.30174919
v 0.12255708 0.09044324 -0.30996911
v 0.10016587 0.15643407 -0.31828456
v 0.11460906 0.09044324 -0.31669155
v 0.10358438 0.09044324 -0.32542123
v 0.09602093 0.09044324 -0.33109232
v 0.05465699 0.12349559 -0.35110042
v 0.05546888 0.09044324 -0.35298017
v 0.06529709 0.09044324 -0.34832860
v 0.08845748 0.09044324 -0.33561643
v 0.07345878 0.09044324 -0.34390003
v 0.15922059 0.22614377 -0.23066942
v 0.02867633 0.09044324 -0.36298422
v 0.02051464 0.09044324 -0.36518258
v -0.02512243 0.09044324 -0.36652067
v -0.16139269 0.21123038 -0.24742781
v -0.16011075 0.22227313 -0.24522946
v -0.17036628 0.18933462 -0.24029116
v -0.17771607 0.17776062 -0.23101988
v -0.17912621 0.20132605 -0.21779795
v -0.18506586 0.18933462 -0.20737972
v -0.19151830 0.18880336 -0.18966553
v -0.19446674 0.18295944 -0.18332538
v -0.19378305 0.19396423 -0.18074471
v -0.18006629 0.18933462 -0.22056979
v -0.19591961 0.18880336 -0.17494618
v -0.20156014 0.17286538 -0.15802850
v -0.19536409 0.22113470 -0.15796477
v -0.19476587 0.23392303 -0.15245298
v -0.19570595 0.28583530 -0.04250395
v -0.19596234 0.23912186 -0.14219405
v -0.19839803 0.22227313 -0.14158871
v -0.20126104 0.22227313 -0.12511706
v -0.20373946 0.22227313 -0.10864542
v -0.20527779 0.22227313 -0.09220563
v -0.20365399 0.23874238 -0.07573398
v -0.20156014 0.25521162 -0.05929420
v -0.20429495 0.23874238 -0.05929420
v -0.20489320 0.23874238 -0.04282255
v -0.20211566 0.25521162 -0.04282255
v -0.20485047 0.23904596 -0.04250395
v 0.19972989 0.25521162 -0.04250395
v 0.19972989 0.25521162 -0.04282255
v 0.20267836 0.23874238 -0.04282255
v 0.20173828 0.23874238 -0.05929420
v 0.19357658 0.25521162 -0.10839054
v 0.19883254 0.23874238 -0.09220563
v 0.20421670 0.22227313 -0.05929420
v 0.20293476 0.22227313 -0.07573398
v 0.19276469 0.24970922 -0.11944598
v 0.19161095 0.24322019 -0.13043770
v 0.19015808 0.23813521 -0.14069663
v 0.19233737 0.14907225 -0.18313423
v 0.18930346 0.15529565 -0.18953810
v 0.19131182 0.22227313 -0.14573052
v 0.18823518 0.22227313 -0.15802850
v 0.19037174 0.13996483 -0.19326572
v 0.18742327 0.12349559 -0.20737972
v 0.18276556 0.10702633 -0.22385137
v 0.17985982 0.12482374 -0.22538066
v 0.17486025 0.09044324 -0.24593039
v 0.17345011 0.10702633 -0.24360459
v 0.17276642 0.12482374 -0.23949465
v 0.16951885 0.13996483 -0.24029116
v 0.17776599 0.10702633 -0.23538471
v -0.04268501 0.10702633 -0.36164611
v -0.05734186 0.09044324 -0.35750430
v -0.07417801 0.09044324 -0.35043135
v -0.08721107 0.09044324 -0.34310353
v -0.09780845 0.13275479 -0.33096486
v -0.13733494 0.09044324 -0.30974609
v -0.09665470 0.14372165 -0.33013651
v -0.11336265 0.16311286 -0.31404717
v -0.03460879 0.10702633 -0.36416306
v -0.16352925 0.09044324 -0.28355710
v -0.17049445 0.09055709 -0.27320259
v -0.17698962 0.09044324 -0.26240204
v -0.17698962 0.09055709 -0.26240204
v -0.17575041 0.10702633 -0.25985322
v -0.16258917 0.20026353 -0.24937128
v -0.16421294 0.13996483 -0.26778637
v 0.16233996 0.13996483 -0.25176077
v 0.16392103 0.12349559 -0.25415028
v 0.16165627 0.09044324 -0.26708545
v 0.16157081 0.09055709 -0.26718104
v 0.16157081 0.09044324 -0.26721289
v -0.03584800 0.09044324 -0.36457723
v -0.17946804 0.10702633 -0.25163333
v -0.18382665 0.10702633 -0.24029116
v -0.18946717 0.10702633 -0.22385137
v -0.19168920 0.09044324 -0.22251325
v -0.19382579 0.09473132 -0.21442080
v -0.19579141 0.10702633 -0.20409814
v -0.19985090 0.10702633 -0.19093994
v -0.20420948 0.10702633 -0.17450015
v -0.19771434 0.17286538 -0.17450015
v -0.20309847 0.15643407 -0.15802850
v -0.21036279 0.13184405 -0.13340067
v -0.20715796 0.20580388 -0.09220563
v -0.20796984 0.20580388 -0.07573398
v -0.20600421 0.22227313 -0.07573398
v -0.20668790 0.22227313 -0.05929420
v -0.20489320 0.23874238 -0.04250395
v -0.20720069 0.22227313 -0.04282255
v 0.20267836 0.23874238 -0.04250395
v 0.20524225 0.22200749 -0.04250395
v 0.20519951 0.22227313 -0.04282255
v 0.19639685 0.23874238 -0.10864542
v 0.20118276 0.22227313 -0.09220563
v 0.20588320 0.21696046 -0.04250395
v 0.20626779 0.20580388 -0.05929420
v 0.20485765 0.20580388 -0.07573398
v 0.19353385 0.23813521 -0.12502148
v 0.19250830 0.23225333 -0.13461136
v 0.19361931 0.15529565 -0.17450015
v 0.19567043 0.13996483 -0.17450015
v 0.19293562 0.13996483 -0.18504582
v 0.19947352 0.13996483 -0.15802850
v 0.19135455 0.12349559 -0.19632428
v 0.18960259 0.10615354 -0.20591416
v 0.18434662 0.09055709 -0.22385137
v 0.19191007 0.11108673 -0.19817217
v 0.17870607 0.09044324 -0.23777422
v 0.16840784 0.09044324 -0.25666723
v -0.04383876 0.09044324 -0.36206028
v -0.18045085 0.09044324 -0.25418215
v -0.18045085 0.09055709 -0.25415028
v 0.16464748 0.10679865 -0.25784604
v -0.18570681 0.09055709 -0.24029116
v -0.18673236 0.09044324 -0.23726446
v -0.19617601 0.09044324 -0.20814436
v -0.20130377 0.09044324 -0.19109923
v -0.20570509 0.09055709 -0.17450015
v -0.20890995 0.09044324 -0.15678597
v -0.21818264 0.09055709 -0.09220563
v -0.20856809 0.20580388 -0.05929420
v -0.21895182 0.09044324 -0.07573398
v -0.20720069 0.22227313 -0.04250395
v -0.20899542 0.20610746 -0.04250395
v 0.19874707 0.22227313 -0.10864542
v 0.21639512 0.09044324 -0.09220563
v 0.21421583 0.09044324 -0.10864542
v 0.20754973 0.20307165 -0.04250395
v 0.21750614 0.09055709 -0.07573398
v 0.19571317 0.22227313 -0.12511706
v 0.19750787 0.12349559 -0.17450015
v 0.19379024 0.12349559 -0.18807254
v 0.20259290 0.13996483 -0.14158871
v 0.20455853 0.12349559 -0.14158871
v 0.20131096 0.12349559 -0.15802850
v 0.18985895 0.09044324 -0.20859041
v 0.18434662 0.09044324 -0.22385137
v 0.19408937 0.10615354 -0.19199131
v 0.19558497 0.09044324 -0.19093994
v 0.19229464 0.10008192 -0.19944657
v -0.18566408 0.09044324 -0.24041860
v -0.20570509 0.09044324 -0.17450015
v -0.21818264 0.09044324 -0.09220563
v -0.21711436 0.09044324 -0.04294999
v -0.21006370 0.19350885 -0.04250395
v 0.20853255 0.10057525 -0.13432462
v 0.21750614 0.09044324 -0.07573398
v 0.21126736 0.09044324 -0.12498962
v 0.20870348 0.19032126 -0.04250395
v 0.21759160 0.09044324 -0.05929420
v 0.20289202 0.10702633 -0.15802850
v 0.19896074 0.10702633 -0.17450015
v 0.19267923 0.09044324 -0.20037051
v 0.20015721 0.09055709 -0.17450015
v 0.20019995 0.09044324 -0.17437270
v -0.21707163 0.09044324 -0.04250395
v -0.21707163 0.09055709 -0.04250395
v 0.20900260 0.09044324 -0.13623623
v 0.20720788 0.09055709 -0.14458355
v 0.21707881 0.09044324 -0.04250395
v 0.20417397 0.09044324 -0.15802850
v 0.20720788 0.09044324 -0.14458355
f 5079 5080 5081
f 5079 5081 5086
f 5079 5086 5097
f 5079 5097 5119
f 5079 5119 5150
f 5079 5150 5185
f 5079 5185 5231
f 5079 5231 5233
f 5079 5233 5288
f 5079 5288 5349
f 5079 5349 5419
f 5079 5419 5482
f 5079 5482 5546
f 5079 5546 5623
f 5079 5623 5624
f 5079 5624 5712
f 5079 5712 5711
f 5079 5711 5799
f 5079 5799 5800
f 5079 5800 5801
f 5079 5801 5791
f 5079 5791 5790
f 5079 5790 5880
f 5079 5880 5960
f 5079 5960 6036
f 5079 6036 6037
f 5079 6037 6123
f 5079 6123 6209
f 5079 6209 6134
f 5079 6134 6132
f 5079 6132 6220
f 5079 6220 6282
f 5079 6282 6317
f 5079 6317 6318
f 5079 6318 6339
f 5079 6339 6351
f 5079 6351 6350
f 5079 6350 6354
f 5079 6354 6343
f 5079 6343 6322
f 5079 6322 6289
f 5079 6289 6285
f 5079 6285 6284
f 5079 6284 6221
f 5079 6221 6136
f 5079 6136 6051
f 5079 6051 6049
f 5079 6049 6048
f 5079 6048 5969
f 5079 5969 5893
f 5079 5893 5807
f 5079 5807 5716
f 5079 5716 5627
f 5079 5627 5551
f 5079 5551 5549
f 5079 5549 5484
f 5079 5484 5421
f 5079 5421 5351
f 5079 5351 5294
f 5079 5294 5242
f 5079 5242 5193
f 5079 5193 5153
f 5079 5153 5121
f 5079 5121 5098
f 5079 5098 5087
f 5079 5087 5082
f 5079 5082 5083
f 5079 5083 5084
f 5079 5084 5080
f 5080 5085 5086
f 5080 5086 5081
f 5080 5084 5085
f 5082 5087 5088
f 5082 5088 5089
f 5082 5089 5083
f 5083 5089 5084
f 5084 5089 5090
f 5084 5090 5091
f 5084 5091 5085
f 5085 5092 5093
f 5085 5093 5095
f 5085 5095 5094
f 5085 5094 5086
f 5085 5091 5092
f 5086 5094 5095
f 5086 5095 5096
f 5086 5096 5097
f 5087 5098 5099
f 5087 5099 5100
f 5087 5100 5101
f 5087 5101 5089
f 5087 5089 5088
f 5089 5101 5090
f 5090 5101 5102
f 5090 5102 5103
f 5090 5103 5104
f 5090 5104 5105
f 5090 5105 5091
f 5091 5106 5107
f 5091 5107 5108
f 5091 5108 5092
f 5091 5105 5109
f 5091 5109 5106
f 5092 5108 5110
f 5092 5110 5111
f 5092 5111 5112
f 5092 5112 5113
f 5092 5113 5114
f 5092 5114 5093
f 5093 5114 5115
f 5093 5115 5116
f 5093 5116 5095
f 5095 5116 5096
f 5096 5116 5117
f 5096 5117 5097
f 5097 5118 5119
f 5097 5117 5120
f 5097 5120 5118
f 5098 5121 5122
f 5098 5122 5123
f 5098 5123 5099
f 5099 5124 5125
f 5099 5125 5101
f 5099 5101 5100
f 5099 5123 5124
f 5101 5125 5102
f 5102 5125 5124
f 5102 5124 5126
f 5102 5126 5127
f 5102 5127 5128
f 5102 5128 5129
f 5102 5129 5103
f 5103 5129 5104
f 5104 5130 5105
f 5104 5129 5131
f 5104 5131 5130
f 5105 5130 5109
f 5106 5132 5107
f 5106 5109 5132
f 5107 5132 5133
f 5107 5133 5134
f 5107 5134 5135
f 5107 5135 5136
f 5107 5136 5137
f 5107 5137 5108
f 5108 5137 5110
f 5109 5134 5133
f 5109 5133 5132
f 5109 5130 5138
f 5109 5138 5139
f 5109 5139 5134
f 5110 5137 5140
f 5110 5140 5111
f 5111 5141 5142
f 5111 5142 5113
f 5111 5113 5112
f 5111 5140 5141
f 5113 5142 5114
f 5114 5143 5144
f 5114 5144 5145
f 5114 5145 5116
f 5114 5116 5115
f 5114 5142 5143
f 5116 5145 5117
f 5117 5145 5120
f 5118 5120 5119
f 5119 5146 5147
f 5119 5147 5148
f 5119 5148 5149
f 5119 5149 5150
f 5119 5120 5146
f 5120 5145 5144
f 5120 5144 5151
f 5120 5151 5152
f 5120 5152 5146
f 5121 5153 5122
f 5122 5153 5154
f 5122 5154 5155
f 5122 5155 5123
f 5123 5155 5126
f 5123 5126 5124
f 5126 5155 5156
f 5126 5156 5157
f 5126 5157 5127
f 5127 5157 5158
f 5127 5158 5159
f 5127 5159 5160
f 5127 5160 5161
f 5127 5161 5128
f 5128 5162 5129
f 5128 5161 5162
f 5129 5162 5163
f 5129 5163 5131
f 5130 5131 5164
f 5130 5164 5138
f 5131 5163 5165
f 5131 5165 5164
f 5134 5166 5167
f 5134 5167 5135
f 5134 5139 5166
f 5135 5167 5168
f 5135 5168 5136
f 5136 5168 5137
f 5137 5168 5169
f 5137 5169 5170
f 5137 5170 5171
f 5137 5171 5140
f 5138 5164 5172
f 5138 5172 5173
f 5138 5173 5174
f 5138 5174 5175
f 5138 5175 5139
f 5139 5175 5166
f 5140 5171 5141
f 5141 5171 5176
f 5141 5176 5142
f 5142 5176 5143
f 5143 5176 5177
f 5143 5177 5178
f 5143 5178 5179
f 5143 5179 5144
f 5144 5179 5151
f 5146 5152 5180
f 5146 5180 5147
f 5147 5180 5181
f 5147 5181 5182
f 5147 5182 5183
f 5147 5183 5148
f 5148 5183 5149
f 5149 5184 5185
f 5149 5185 5150
f 5149 5183 5186
f 5149 5186 5184
f 5151 5187 5188
f 5151 5188 5152
f 5151 5179 5187
f 5152 5188 5180
f 5153 5189 5190
f 5153 5190 5191
f 5153 5191 5192
f 5153 5192 5154
f 5153 5193 5189
f 5154 5156 5155
f 5154 5192 5156
f 5156 5158 5157
f 5156 5192 5194
f 5156 5194 5195
f 5156 5195 5196
f 5156 5196 5197
f 5156 5197 5158
f 5158 5198 5159
f 5158 5197 5199
f 5158 5199 5198
f 5159 5198 5200
f 5159 5200 5160
f 5160 5201 5162
f 5160 5162 5161
f 5160 5200 5202
f 5160 5202 5201
f 5162 5203 5163
f 5162 5201 5203
f 5163 5203 5165
f 5164 5165 5172
f 5165 5203 5172
f 5166 5175 5204
f 5166 5204 5205
f 5166 5205 5206
f 5166 5206 5167
f 5167 5206 5207
f 5167 5207 5168
f 5168 5207 5208
f 5168 5208 5209
f 5168 5209 5169
f 5169 5209 5170
f 5170 5209 5171
f 5171 5210 5211
f 5171 5211 5212
f 5171 5212 5213
f 5171 5213 5177
f 5171 5177 5176
f 5171 5209 5210
f 5172 5203 5214
f 5172 5214 5215
f 5172 5215 5216
f 5172 5216 5173
f 5173 5216 5174
f 5174 5217 5218
f 5174 5218 5204
f 5174 5204 5175
f 5174 5216 5219
f 5174 5219 5217
f 5177 5213 5220
f 5177 5220 5221
f 5177 5221 5222
f 5177 5222 5179
f 5177 5179 5178
f 5179 5222 5223
f 5179 5223 5224
f 5179 5224 5187
f 5180 5188 5225
f 5180 5225 5181
f 5181 5225 5226
f 5181 5226 5227
f 5181 5227 5228
f 5181 5228 5183
f 5181 5183 5182
f 5183 5228 5229
f 5183 5229 5186
f 5184 5230 5185
f 5184 5186 5230
f 5185 5230 5231
f 5186 5229 5232
f 5186 5232 5233
f 5186 5233 5234
f 5186 5234 5230
f 5187 5224 5235
f 5187 5235 5188
f 5188 5235 5225
f 5189 5193 5236
f 5189 5236 5237
f 5189 5237 5238
f 5189 5238 5190
f 5190 5239 5195
f 5190 5195 5240
f 5190 5240 5192
f 5190 5192 5191
f 5190 5238 5241
f 5190 5241 5239
f 5192 5240 5194
f 5193 5242 5236
f 5194 5240 5195
f 5195 5239 5196
f 5196 5199 5197
f 5196 5239 5243
f 5196 5243 5244
f 5196 5244 5245
f 5196 5245 5246
f 5196 5246 5199
f 5198 5199 5247
f 5198 5247 5200
f 5199 5246 5248
f 5199 5248 5249
f 5199 5249 5247
f 5200 5250 5202
f 5200 5247 5251
f 5200 5251 5252
f 5200 5252 5250
f 5201 5202 5253
f 5201 5253 5203
f 5202 5250 5253
f 5203 5253 5254
f 5203 5254 5214
f 5204 5218 5205
f 5205 5218 5255
f 5205 5255 5206
f 5206 5256 5207
f 5206 5255 5256
f 5207 5256 5257
f 5207 5257 5258
f 5207 5258 5259
f 5207 5259 5208
f 5208 5259 5260
f 5208 5260 5209
f 5209 5260 5210
f 5210 5260 5211
f 5211 5260 5261
f 5211 5261 5262
f 5211 5262 5263
f 5211 5263 5212
f 5212 5263 5264
f 5212 5264 5213
f 5213 5264 5220
f 5214 5254 5265
f 5214 5265 5215
f 5215 5265 5216
f 5216 5266 5219
f 5216 5265 5267
f 5216 5267 5268
f 5216 5268 5269
f 5216 5269 5270
f 5216 5270 5266
f 5217 5271 5272
f 5217 5272 5273
f 5217 5273 5218
f 5217 5219 5266
f 5217 5266 5274
f 5217 5274 5271
f 5218 5273 5255
f 5220 5264 5275
f 5220 5275 5221
f 5221 5275 5276
f 5221 5276 5277
f 5221 5277 5222
f 5222 5277 5223
f 5223 5277 5224
f 5224 5277 5278
f 5224 5278 5279
f 5224 5279 5280
f 5224 5280 5235
f 5225 5281 5226
f 5225 5235 5281
f 5226 5281 5282
f 5226 5282 5283
f 5226 5283 5227
f 5227 5283 5228
f 5228 5283 5229
f 5229 5283 5284
f 5229 5284 5285
f 5229 5285 5232
f 5230 5234 5233
f 5230 5233 5231
f 5232 5285 5286
f 5232 5286 5287
f 5232 5287 5233
f 5233 5287 5288
f 5235 5280 5281
f 5236 5242 5289
f 5236 5289 5237
f 5237 5289 5290
f 5237 5290 5238
f 5238 5290 5291
f 5238 5291 5241
f 5239 5241 5292
f 5239 5292 5243
f 5241 5291 5293
f 5241 5293 5292
f 5242 5294 5289
f 5243 5292 5244
f 5244 5292 5295
f 5244 5295 5245
f 5245 5248 5246
f 5245 5295 5296
f 5245 5296 5297
f 5245 5297 5248
f 5247 5249 5251
f 5248 5298 5249
f 5248 5297 5299
f 5248 5299 5298
f 5249 5298 5251
f 5250 5252 5300
f 5250 5300 5253
f 5251 5301 5252
f 5251 5298 5302
f 5251 5302 5303
f 5251 5303 5301
f 5252 5301 5300
f 5253 5300 5304
f 5253 5304 5305
f 5253 5305 5265
f 5253 5265 5254
f 5255 5273 5306
f 5255 5306 5307
f 5255 5307 5308
f 5255 5308 5256
f 5256 5308 5309
f 5256 5309 5257
f 5257 5309 5310
f 5257 5310 5258
f 5258 5310 5259
f 5259 5310 5311
f 5259 5311 5261
f 5259 5261 5260
f 5261 5311 5262
f 5262 5312 5313
f 5262 5313 5314
f 5262 5314 5315
f 5262 5315 5316
f 5262 5316 5317
f 5262 5317 5263
f 5262 5311 5310
f 5262 5310 5318
f 5262 5318 5312
f 5263 5317 5316
f 5263 5316 5319
f 5263 5319 5264
f 5264 5319 5275
f 5265 5305 5320
f 5265 5320 5268
f 5265 5268 5267
f 5266 5321 5274
f 5266 5270 5269
f 5266 5269 5322
f 5266 5322 5321
f 5268 5320 5269
f 5269 5320 5323
f 5269 5323 5324
f 5269 5324 5322
f 5271 5325 5326
f 5271 5326 5327
f 5271 5327 5272
f 5271 5274 5321
f 5271 5321 5328
f 5271 5328 5325
f 5272 5327 5329
f 5272 5329 5330
f 5272 5330 5331
f 5272 5331 5273
f 5273 5331 5306
f 5275 5319 5332
f 5275 5332 5333
f 5275 5333 5276
f 5276 5333 5277
f 5277 5333 5334
f 5277 5334 5278
f 5278 5335 5336
f 5278 5336 5337
f 5278 5337 5338
f 5278 5338 5339
f 5278 5339 5340
f 5278 5340 5279
f 5278 5334 5335
f 5279 5340 5341
f 5279 5341 5280
f 5280 5341 5281
f 5281 5341 5282
f 5282 5341 5340
f 5282 5340 5342
f 5282 5342 5343
f 5282 5343 5283
f 5283 5344 5284
f 5283 5343 5345
f 5283 5345 5346
f 5283 5346 5344
f 5284 5344 5285
f 5285 5344 5347
f 5285 5347 5348
f 5285 5348 5286
f 5286 5349 5287
f 5286 5348 5350
f 5286 5350 5349
f 5287 5349 5288
f 5289 5294 5351
f 5289 5351 5352
f 5289 5352 5353
f 5289 5353 5290
f 5290 5353 5354
f 5290 5354 5355
f 5290 5355 5291
f 5291 5355 5356
f 5291 5356 5293
f 5292 5293 5357
f 5292 5357 5295
f 5293 5356 5358
f 5293 5358 5357
f 5295 5357 5296
f 5296 5357 5359
f 5296 5359 5360
f 5296 5360 5297
f 5297 5360 5361
f 5297 5361 5299
f 5298 5299 5302
f 5299 5361 5362
f 5299 5362 5302
f 5300 5363 5304
f 5300 5301 5364
f 5300 5364 5363
f 5301 5303 5365
f 5301 5365 5366
f 5301 5366 5364
f 5302 5367 5368
f 5302 5368 5303
f 5302 5362 5369
f 5302 5369 5370
f 5302 5370 5367
f 5303 5368 5365
f 5304 5320 5305
f 5304 5363 5320
f 5306 5331 5307
f 5307 5371 5372
f 5307 5372 5309
f 5307 5309 5308
f 5307 5331 5371
f 5309 5372 5318
f 5309 5318 5310
f 5312 5373 5374
f 5312 5374 5375
f 5312 5375 5314
f 5312 5314 5313
f 5312 5318 5373
f 5314 5376 5377
f 5314 5377 5378
f 5314 5378 5379
f 5314 5379 5315
f 5314 5375 5376
f 5315 5379 5380
f 5315 5380 5316
f 5316 5380 5381
f 5316 5381 5382
f 5316 5382 5332
f 5316 5332 5319
f 5318 5372 5383
f 5318 5383 5384
f 5318 5384 5385
f 5318 5385 5386
f 5318 5386 5387
f 5318 5387 5373
f 5320 5363 5323
f 5321 5388 5328
f 5321 5322 5324
f 5321 5324 5389
f 5321 5389 5388
f 5323 5363 5324
f 5324 5363 5390
f 5324 5390 5391
f 5324 5391 5392
f 5324 5392 5393
f 5324 5393 5394
f 5324 5394 5389
f 5325 5328 5388
f 5325 5388 5395
f 5325 5395 5396
f 5325 5396 5397
f 5325 5397 5326
f 5326 5397 5329
f 5326 5329 5327
f 5329 5397 5398
f 5329 5398 5399
f 5329 5399 5400
f 5329 5400 5330
f 5330 5400 5371
f 5330 5371 5331
f 5332 5382 5333
f 5333 5401 5336
f 5333 5336 5335
f 5333 5335 5334
f 5333 5382 5401
f 5336 5401 5402
f 5336 5402 5403
f 5336 5403 5404
f 5336 5404 5405
f 5336 5405 5337
f 5337 5405 5338
f 5338 5405 5404
f 5338 5404 5406
f 5338 5406 5407
f 5338 5407 5408
f 5338 5408 5409
f 5338 5409 5410
f 5338 5410 5339
f 5339 5410 5340
f 5340 5410 5342
f 5342 5411 5412
f 5342 5412 5343
f 5342 5410 5411
f 5343 5412 5345
f 5344 5346 5413
f 5344 5413 5347
f 5345 5413 5346
f 5345 5412 5414
f 5345 5414 5415
f 5345 5415 5413
f 5347 5413 5416
f 5347 5416 5348
f 5348 5416 5417
f 5348 5417 5350
f 5349 5350 5418
f 5349 5418 5419
f 5350 5417 5420
f 5350 5420 5418
f 5351 5421 5353
f 5351 5353 5352
f 5353 5421 5354
f 5354 5421 5422
f 5354 5422 5423
f 5354 5423 5355
f 5355 5423 5424
f 5355 5424 5356
f 5356 5424 5425
f 5356 5425 5358
f 5357 5358 5359
f 5358 5425 5426
f 5358 5426 5359
f 5359 5426 5427
f 5359 5427 5360
f 5360 5427 5428
f 5360 5428 5361
f 5361 5428 5429
f 5361 5429 5362
f 5362 5429 5369
f 5363 5364 5366
f 5363 5366 5390
f 5365 5368 5430
f 5365 5430 5366
f 5366 5392 5391
f 5366 5391 5390
f 5366 5430 5431
f 5366 5431 5432
f 5366 5432 5392
f 5367 5431 5368
f 5367 5370 5433
f 5367 5433 5434
f 5367 5434 5435
f 5367 5435 5431
f 5368 5431 5430
f 5369 5434 5433
f 5369 5433 5370
f 5369 5429 5436
f 5369 5436 5437
f 5369 5437 5434
f 5371 5400 5372
f 5372 5400 5383
f 5373 5387 5386
f 5373 5386 5438
f 5373 5438 5439
f 5373 5439 5440
f 5373 5440 5374
f 5374 5440 5441
f 5374 5441 5442
f 5374 5442 5443
f 5374 5443 5376
f 5374 5376 5375
f 5376 5443 5444
f 5376 5444 5445
f 5376 5445 5377
f 5377 5445 5444
f 5377 5444 5446
f 5377 5446 5378
f 5378 5446 5447
f 5378 5447 5379
f 5379 5447 5448
f 5379 5448 5381
f 5379 5381 5380
f 5381 5401 5382
f 5381 5448 5402
f 5381 5402 5401
f 5383 5400 5399
f 5383 5399 5449
f 5383 5449 5384
f 5384 5449 5450
f 5384 5450 5385
f 5385 5450 5451
f 5385 5451 5452
f 5385 5452 5453
f 5385 5453 5386
f 5386 5453 5438
f 5388 5454 5455
f 5388 5455 5395
f 5388 5389 5394
f 5388 5394 5454
f 5392 5432 5456
f 5392 5456 5457
f 5392 5457 5458
f 5392 5458 5459
f 5392 5459 5460
f 5392 5460 5393
f 5393 5460 5394
f 5394 5460 5461
f 5394 5461 5454
f 5395 5455 5396
f 5396 5455 5462
f 5396 5462 5463
f 5396 5463 5464
f 5396 5464 5465
f 5396 5465 5466
f 5396 5466 5397
f 5397 5466 5398
f 5398 5466 5467
f 5398 5467 5399
f 5399 5467 5449
f 5402 5448 5447
f 5402 5447 5468
f 5402 5468 5403
f 5403 5469 5404
f 5403 5468 5469
f 5404 5469 5470
f 5404 5470 5471
f 5404 5471 5472
f 5404 5472 5406
f 5406 5472 5407
f 5407 5472 5408
f 5408 5472 5473
f 5408 5473 5474
f 5408 5474 5409
f 5409 5474 5410
f 5410 5474 5411
f 5411 5474 5475
f 5411 5475 5412
f 5412 5475 5414
f 5413 5476 5417
f 5413 5417 5416
f 5413 5415 5477
f 5413 5477 5478
f 5413 5478 5476
f 5414 5475 5479
f 5414 5479 5480
f 5414 5480 5477
f 5414 5477 5415
f 5417 5476 5481
f 5417 5481 5420
f 5418 5420 5482
f 5418 5482 5419
f 5420 5481 5483
f 5420 5483 5482
f 5421 5484 5422
f 5422 5484 5549
f 5422 5549 5485
f 5422 5485 5486
f 5422 5486 5423
f 5423 5486 5487
f 5423 5487 5424
f 5424 5487 5488
f 5424 5488 5425
f 5425 5488 5489
f 5425 5489 5426
f 5426 5489 5490
f 5426 5490 5427
f 5427 5490 5491
f 5427 5491 5492
f 5427 5492 5428
f 5428 5492 5429
f 5429 5492 5436
f 5431 5456 5432
f 5431 5435 5493
f 5431 5493 5456
f 5434 5494 5435
f 5434 5437 5495
f 5434 5495 5496
f 5434 5496 5494
f 5435 5494 5493
f 5436 5492 5497
f 5436 5497 5437
f 5437 5497 5495
f 5438 5498 5499
f 5438 5499 5500
f 5438 5500 5440
f 5438 5440 5439
f 5438 5453 5501
f 5438 5501 5498
f 5440 5500 5441
f 5441 5502 5503
f 5441 5503 5444
f 5441 5444 5442
f 5441 5500 5504
f 5441 5504 5502
f 5442 5444 5443
f 5444 5503 5505
f 5444 5505 5506
f 5444 5506 5507
f 5444 5507 5446
f 5446 5507 5508
f 5446 5508 5509
f 5446 5509 5447
f 5447 5509 5468
f 5449 5510 5450
f 5449 5467 5511
f 5449 5511 5510
f 5450 5510 5512
f 5450 5512 5451
f 5451 5512 5513
f 5451 5513 5514
f 5451 5514 5452
f 5452 5515 5501
f 5452 5501 5453
f 5452 5514 5515
f 5454 5516 5455
f 5454 5461 5516
f 5455 5516 5462
f 5456 5493 5457
f 5457 5517 5518
f 5457 5518 5458
f 5457 5493 5517
f 5458 5519 5459
f 5458 5518 5519
f 5459 5519 5520
f 5459 5520 5461
f 5459 5461 5460
f 5461 5520 5521
f 5461 5521 5516
f 5462 5522 5463
f 5462 5516 5522
f 5463 5522 5523
f 5463 5523 5524
f 5463 5524 5525
f 5463 5525 5526
f 5463 5526 5464
f 5464 5526 5527
f 5464 5527 5465
f 5465 5527 5511
f 5465 5511 5467
f 5465 5467 5466
f 5468 5509 5528
f 5468 5528 5470
f 5468 5470 5469
f 5470 5528 5529
f 5470 5529 5530
f 5470 5530 5531
f 5470 5531 5532
f 5470 5532 5533
f 5470 5533 5471
f 5471 5533 5472
f 5472 5533 5532
f 5472 5532 5534
f 5472 5534 5535
f 5472 5535 5536
f 5472 5536 5473
f 5473 5536 5537
f 5473 5537 5474
f 5474 5537 5479
f 5474 5479 5475
f 5476 5478 5481
f 5477 5538 5478
f 5477 5480 5539
f 5477 5539 5540
f 5477 5540 5538
f 5478 5538 5541
f 5478 5541 5542
f 5478 5542 5481
f 5479 5543 5544
f 5479 5544 5480
f 5479 5537 5543
f 5480 5544 5539
f 5481 5542 5545
f 5481 5545 5483
f 5482 5483 5546
f 5483 5547 5546
f 5483 5545 5548
f 5483 5548 5547
f 5485 5550 5486
f 5485 5549 5551
f 5485 5551 5552
f 5485 5552 5550
f 5486 5550 5487
f 5487 5550 5553
f 5487 5553 5488
f 5488 5553 5554
f 5488 5554 5489
f 5489 5554 5555
f 5489 5555 5490
f 5490 5555 5556
f 5490 5556 5491
f 5491 5556 5557
f 5491 5557 5492
f 5492 5557 5558
f 5492 5558 5497
f 5493 5494 5559
f 5493 5559 5560
f 5493 5560 5517
f 5494 5496 5559
f 5495 5497 5561
f 5495 5561 5562
f 5495 5562 5496
f 5496 5562 5563
f 5496 5563 5559
f 5497 5558 5564
f 5497 5564 5561
f 5498 5501 5565
f 5498 5565 5566
f 5498 5566 5499
f 5499 5567 5568
f 5499 5568 5504
f 5499 5504 5500
f 5499 5566 5569
f 5499 5569 5567
f 5501 5515 5570
f 5501 5570 5565
f 5502 5504 5568
f 5502 5568 5505
f 5502 5505 5503
f 5505 5568 5571
f 5505 5571 5572
f 5505 5572 5573
f 5505 5573 5574
f 5505 5574 5575
f 5505 5575 5506
f 5506 5575 5507
f 5507 5575 5508
f 5508 5575 5576
f 5508 5576 5577
f 5508 5577 5530
f 5508 5530 5578
f 5508 5578 5509
f 5509 5578 5529
f 5509 5529 5528
f 5510 5511 5512
f 5511 5527 5512
f 5512 5527 5513
f 5513 5579 5514
f 5513 5527 5526
f 5513 5526 5579
f 5514 5579 5580
f 5514 5580 5581
f 5514 5581 5582
f 5514 5582 5515
f 5515 5582 5583
f 5515 5583 5584
f 5515 5584 5565
f 5515 5565 5570
f 5516 5585 5586
f 5516 5586 5587
f 5516 5587 5588
f 5516 5588 5589
f 5516 5589 5522
f 5516 5521 5590
f 5516 5590 5585
f 5517 5591 5592
f 5517 5592 5519
f 5517 5519 5518
f 5517 5560 5559
f 5517 5559 5593
f 5517 5593 5594
f 5517 5594 5595
f 5517 5595 5591
f 5519 5590 5596
f 5519 5596 5521
f 5519 5521 5520
f 5519 5592 5597
f 5519 5597 5590
f 5521 5596 5590
f 5522 5589 5523
f 5523 5589 5598
f 5523 5598 5599
f 5523 5599 5600
f 5523 5600 5601
f 5523 5601 5524
f 5524 5601 5602
f 5524 5602 5525
f 5525 5602 5580
f 5525 5580 5579
f 5525 5579 5526
f 5529 5578 5530
f 5530 5577 5603
f 5530 5603 5604
f 5530 5604 5605
f 5530 5605 5532
f 5530 5532 5531
f 5532 5605 5606
f 5532 5606 5607
f 5532 5607 5608
f 5532 5608 5609
f 5532 5609 5534
f 5534 5609 5610
f 5534 5610 5611
f 5534 5611 5535
f 5535 5611 5612
f 5535 5612 5536
f 5536 5543 5537
f 5536 5612 5613
f 5536 5613 5543
f 5538 5540 5614
f 5538 5614 5615
f 5538 5615 5541
f 5539 5544 5616
f 5539 5616 5617
f 5539 5617 5540
f 5540 5617 5618
f 5540 5618 5614
f 5541 5619 5542
f 5541 5615 5620
f 5541 5620 5619
f 5542 5619 5545
f 5543 5613 5621
f 5543 5621 5544
f 5544 5621 5616
f 5545 5619 5622
f 5545 5622 5548
f 5546 5547 5623
f 5547 5548 5624
f 5547 5624 5623
f 5548 5622 5712
f 5548 5712 5624
f 5550 5552 5625
f 5550 5625 5626
f 5550 5626 5553
f 5551 5627 5628
f 5551 5628 5552
f 5552 5628 5625
f 5553 5626 5554
f 5554 5626 5629
f 5554 5629 5555
f 5555 5629 5630
f 5555 5630 5556
f 5556 5630 5631
f 5556 5631 5557
f 5557 5631 5632
f 5557 5632 5558
f 5558 5632 5564
f 5559 5563 5633
f 5559 5633 5593
f 5561 5564 5634
f 5561 5634 5635
f 5561 5635 5562
f 5562 5635 5636
f 5562 5636 5563
f 5563 5636 5637
f 5563 5637 5633
f 5564 5632 5638
f 5564 5638 5634
f 5565 5639 5640
f 5565 5640 5569
f 5565 5569 5566
f 5565 5584 5641
f 5565 5641 5642
f 5565 5642 5643
f 5565 5643 5644
f 5565 5644 5639
f 5567 5569 5645
f 5567 5645 5646
f 5567 5646 5568
f 5568 5646 5571
f 5569 5640 5645
f 5571 5647 5572
f 5571 5646 5647
f 5572 5647 5646
f 5572 5646 5648
f 5572 5648 5649
f 5572 5649 5650
f 5572 5650 5651
f 5572 5651 5652
f 5572 5652 5653
f 5572 5653 5654
f 5572 5654 5573
f 5573 5654 5574
f 5574 5654 5575
f 5575 5655 5656
f 5575 5656 5657
f 5575 5657 5603
f 5575 5603 5576
f 5575 5654 5655
f 5576 5603 5577
f 5580 5658 5659
f 5580 5659 5660
f 5580 5660 5581
f 5580 5602 5658
f 5581 5659 5661
f 5581 5661 5662
f 5581 5662 5582
f 5581 5660 5659
f 5582 5662 5641
f 5582 5641 5583
f 5583 5641 5584
f 5585 5663 5587
f 5585 5587 5586
f 5585 5590 5664
f 5585 5664 5665
f 5585 5665 5663
f 5587 5666 5667
f 5587 5667 5588
f 5587 5663 5668
f 5587 5668 5669
f 5587 5669 5670
f 5587 5670 5671
f 5587 5671 5666
f 5588 5667 5672
f 5588 5672 5673
f 5588 5673 5674
f 5588 5674 5675
f 5588 5675 5599
f 5588 5599 5598
f 5588 5598 5589
f 5590 5597 5676
f 5590 5676 5677
f 5590 5677 5678
f 5590 5678 5665
f 5590 5665 5664
f 5591 5679 5676
f 5591 5676 5597
f 5591 5597 5592
f 5591 5595 5680
f 5591 5680 5681
f 5591 5681 5679
f 5593 5633 5594
f 5594 5680 5595
f 5594 5633 5682
f 5594 5682 5680
f 5599 5683 5600
f 5599 5675 5684
f 5599 5684 5683
f 5600 5683 5685
f 5600 5685 5686
f 5600 5686 5687
f 5600 5687 5688
f 5600 5688 5601
f 5601 5688 5602
f 5602 5688 5689
f 5602 5689 5658
f 5603 5656 5690
f 5603 5690 5691
f 5603 5691 5606
f 5603 5606 5604
f 5603 5657 5656
f 5604 5606 5605
f 5606 5691 5692
f 5606 5692 5693
f 5606 5693 5694
f 5606 5694 5607
f 5607 5694 5695
f 5607 5695 5608
f 5608 5695 5696
f 5608 5696 5610
f 5608 5610 5609
f 5610 5696 5697
f 5610 5697 5698
f 5610 5698 5611
f 5611 5698 5612
f 5612 5698 5699
f 5612 5699 5613
f 5613 5699 5700
f 5613 5700 5701
f 5613 5701 5621
f 5614 5618 5702
f 5614 5702 5615
f 5615 5702 5703
f 5615 5703 5620
f 5616 5621 5704
f 5616 5704 5617
f 5617 5704 5705
f 5617 5705 5706
f 5617 5706 5707
f 5617 5707 5618
f 5618 5707 5708
f 5618 5708 5702
f 5619 5620 5709
f 5619 5709 5622
f 5620 5703 5710
f 5620 5710 5709
f 5621 5701 5704
f 5622 5709 5711
f 5622 5711 5712
f 5625 5628 5713
f 5625 5713 5714
f 5625 5714 5626
f 5626 5714 5715
f 5626 5715 5629
f 5627 5716 5628
f 5628 5716 5717
f 5628 5717 5713
f 5629 5715 5718
f 5629 5718 5630
f 5630 5718 5719
f 5630 5719 5720
f 5630 5720 5631
f 5631 5720 5632
f 5632 5720 5638
f 5633 5637 5721
f 5633 5721 5682
f 5634 5638 5722
f 5634 5722 5723
f 5634 5723 5635
f 5635 5723 5724
f 5635 5724 5636
f 5636 5724 5725
f 5636 5725 5637
f 5637 5725 5726
f 5637 5726 5721
f 5638 5720 5727
f 5638 5727 5722
f 5639 5644 5640
f 5640 5644 5728
f 5640 5728 5729
f 5640 5729 5730
f 5640 5730 5645
f 5641 5661 5731
f 5641 5731 5642
f 5641 5662 5661
f 5642 5731 5732
f 5642 5732 5644
f 5642 5644 5643
f 5644 5732 5733
f 5644 5733 5734
f 5644 5734 5735
f 5644 5735 5736
f 5644 5736 5737
f 5644 5737 5728
f 5645 5730 5646
f 5646 5730 5729
f 5646 5729 5648
f 5648 5729 5649
f 5649 5729 5650
f 5650 5729 5651
f 5651 5729 5738
f 5651 5738 5739
f 5651 5739 5740
f 5651 5740 5741
f 5651 5741 5742
f 5651 5742 5652
f 5652 5742 5743
f 5652 5743 5653
f 5653 5743 5654
f 5654 5743 5744
f 5654 5744 5655
f 5655 5744 5743
f 5655 5743 5745
f 5655 5745 5656
f 5656 5745 5746
f 5656 5746 5747
f 5656 5747 5690
f 5658 5748 5659
f 5658 5689 5748
f 5659 5748 5749
f 5659 5749 5750
f 5659 5750 5661
f 5661 5750 5731
f 5663 5665 5751
f 5663 5751 5669
f 5663 5669 5668
f 5665 5678 5752
f 5665 5752 5753
f 5665 5753 5751
f 5666 5671 5667
f 5667 5673 5672
f 5667 5671 5754
f 5667 5754 5755
f 5667 5755 5673
f 5669 5751 5753
f 5669 5753 5752
f 5669 5752 5670
f 5670 5754 5671
f 5670 5752 5756
f 5670 5756 5754
f 5673 5757 5758
f 5673 5758 5674
f 5673 5755 5757
f 5674 5684 5675
f 5674 5758 5684
f 5676 5679 5677
f 5677 5679 5759
f 5677 5759 5760
f 5677 5760 5761
f 5677 5761 5762
f 5677 5762 5763
f 5677 5763 5752
f 5677 5752 5678
f 5679 5681 5759
f 5680 5682 5764
f 5680 5764 5681
f 5681 5764 5765
f 5681 5765 5759
f 5682 5721 5766
f 5682 5766 5767
f 5682 5767 5768
f 5682 5768 5764
f 5683 5684 5769
f 5683 5769 5770
f 5683 5770 5771
f 5683 5771 5772
f 5683 5772 5686
f 5683 5686 5685
f 5684 5758 5769
f 5686 5773 5774
f 5686 5774 5775
f 5686 5775 5687
f 5686 5772 5771
f 5686 5771 5773
f 5687 5689 5688
f 5687 5775 5776
f 5687 5776 5748
f 5687 5748 5689
f 5690 5747 5777
f 5690 5777 5692
f 5690 5692 5691
f 5692 5778 5693
f 5692 5777 5778
f 5693 5779 5780
f 5693 5780 5694
f 5693 5778 5779
f 5694 5780 5781
f 5694 5781 5695
f 5695 5781 5782
f 5695 5782 5696
f 5696 5782 5783
f 5696 5783 5697
f 5697 5783 5784
f 5697 5784 5698
f 5698 5700 5699
f 5698 5784 5700
f 5700 5784 5785
f 5700 5785 5786
f 5700 5786 5701
f 5701 5786 5787
f 5701 5787 5788
f 5701 5788 5704
f 5702 5708 5789
f 5702 5789 5703
f 5703 5789 5790
f 5703 5790 5791
f 5703 5791 5710
f 5704 5788 5705
f 5705 5792 5793
f 5705 5793 5794
f 5705 5794 5795
f 5705 5795 5796
f 5705 5796 5706
f 5705 5788 5792
f 5706 5796 5797
f 5706 5797 5707
f 5707 5797 5708
f 5708 5797 5798
f 5708 5798 5789
f 5709 5799 5711
f 5709 5710 5800
f 5709 5800 5799
f 5710 5791 5801
f 5710 5801 5800
f 5713 5717 5716
f 5713 5716 5802
f 5713 5802 5803
f 5713 5803 5804
f 5713 5804 5805
f 5713 5805 5714
f 5714 5805 5715
f 5715 5805 5806
f 5715 5806 5718
f 5716 5807 5802
f 5718 5806 5808
f 5718 5808 5719
f 5719 5808 5809
f 5719 5809 5720
f 5720 5809 5727
f 5721 5726 5766
f 5722 5727 5810
f 5722 5810 5811
f 5722 5811 5812
f 5722 5812 5723
f 5723 5812 5724
f 5724 5812 5813
f 5724 5813 5725
f 5725 5814 5726
f 5725 5813 5815
f 5725 5815 5816
f 5725 5816 5814
f 5726 5814 5766
f 5727 5809 5817
f 5727 5817 5810
f 5728 5737 5729
f 5729 5818 5738
f 5729 5737 5818
f 5731 5819 5734
f 5731 5734 5733
f 5731 5733 5732
f 5731 5750 5820
f 5731 5820 5819
f 5734 5819 5735
f 5735 5821 5822
f 5735 5822 5823
f 5735 5823 5818
f 5735 5818 5824
f 5735 5824 5736
f 5735 5819 5825
f 5735 5825 5826
f 5735 5826 5821
f 5736 5824 5818
f 5736 5818 5737
f 5738 5818 5739
f 5739 5818 5827
f 5739 5827 5740
f 5740 5827 5828
f 5740 5828 5829
f 5740 5829 5830
f 5740 5830 5741
f 5741 5830 5743
f 5741 5743 5742
f 5743 5830 5831
f 5743 5831 5832
f 5743 5832 5746
f 5743 5746 5745
f 5746 5832 5833
f 5746 5833 5834
f 5746 5834 5747
f 5747 5834 5835
f 5747 5835 5777
f 5748 5776 5836
f 5748 5836 5749
f 5749 5836 5837
f 5749 5837 5750
f 5750 5837 5820
f 5752 5763 5762
f 5752 5762 5838
f 5752 5838 5839
f 5752 5839 5756
f 5754 5756 5840
f 5754 5840 5841
f 5754 5841 5842
f 5754 5842 5757
f 5754 5757 5755
f 5756 5839 5840
f 5757 5842 5843
f 5757 5843 5844
f 5757 5844 5845
f 5757 5845 5758
f 5758 5845 5769
f 5759 5846 5847
f 5759 5847 5848
f 5759 5848 5849
f 5759 5849 5760
f 5759 5765 5846
f 5760 5849 5850
f 5760 5850 5761
f 5761 5850 5838
f 5761 5838 5762
f 5764 5768 5765
f 5765 5768 5851
f 5765 5851 5846
f 5766 5814 5852
f 5766 5852 5767
f 5767 5853 5854
f 5767 5854 5768
f 5767 5852 5855
f 5767 5855 5853
f 5768 5856 5851
f 5768 5854 5856
f 5769 5845 5857
f 5769 5857 5770
f 5770 5857 5858
f 5770 5858 5771
f 5771 5858 5859
f 5771 5859 5860
f 5771 5860 5773
f 5773 5861 5862
f 5773 5862 5774
f 5773 5860 5863
f 5773 5863 5861
f 5774 5862 5864
f 5774 5864 5775
f 5775 5864 5776
f 5776 5864 5836
f 5777 5835 5778
f 5778 5835 5865
f 5778 5865 5866
f 5778 5866 5867
f 5778 5867 5779
f 5779 5867 5868
f 5779 5868 5780
f 5780 5868 5781
f 5781 5869 5870
f 5781 5870 5782
f 5781 5868 5869
f 5782 5870 5783
f 5783 5870 5871
f 5783 5871 5784
f 5784 5872 5873
f 5784 5873 5874
f 5784 5874 5785
f 5784 5871 5875
f 5784 5875 5872
f 5785 5874 5786
f 5786 5874 5876
f 5786 5876 5877
f 5786 5877 5787
f 5787 5877 5788
f 5788 5877 5792
f 5789 5798 5878
f 5789 5878 5790
f 5790 5878 5879
f 5790 5879 5880
f 5792 5877 5793
f 5793 5876 5881
f 5793 5881 5882
f 5793 5882 5794
f 5793 5877 5876
f 5794 5883 5884
f 5794 5884 5795
f 5794 5882 5885
f 5794 5885 5886
f 5794 5886 5883
f 5795 5797 5796
f 5795 5884 5797
f 5797 5884 5798
f 5798 5884 5887
f 5798 5887 5878
f 5802 5807 5893
f 5802 5893 5888
f 5802 5888 5803
f 5803 5889 5804
f 5803 5888 5970
f 5803 5970 5890
f 5803 5890 5891
f 5803 5891 5889
f 5804 5889 5805
f 5805 5889 5806
f 5806 5889 5892
f 5806 5892 5808
f 5808 5892 5894
f 5808 5894 5895
f 5808 5895 5809
f 5809 5895 5894
f 5809 5894 5817
f 5810 5817 5896
f 5810 5896 5897
f 5810 5897 5811
f 5811 5897 5898
f 5811 5898 5812
f 5812 5898 5899
f 5812 5899 5900
f 5812 5900 5813
f 5813 5900 5815
f 5814 5816 5901
f 5814 5901 5902
f 5814 5902 5852
f 5815 5903 5904
f 5815 5904 5816
f 5815 5900 5903
f 5816 5904 5901
f 5817 5894 5896
f 5818 5905 5827
f 5818 5823 5905
f 5819 5820 5825
f 5820 5837 5906
f 5820 5906 5825
f 5821 5826 5907
f 5821 5907 5908
f 5821 5908 5909
f 5821 5909 5910
f 5821 5910 5822
f 5822 5910 5911
f 5822 5911 5905
f 5822 5905 5823
f 5825 5906 5826
f 5826 5906 5912
f 5826 5912 5907
f 5827 5905 5911
f 5827 5911 5828
f 5828 5913 5829
f 5828 5911 5913
f 5829 5913 5914
f 5829 5914 5830
f 5830 5914 5831
f 5831 5914 5915
f 5831 5915 5916
f 5831 5916 5832
f 5832 5916 5833
f 5833 5916 5917
f 5833 5917 5918
f 5833 5918 5834
f 5834 5918 5865
f 5834 5865 5835
f 5836 5864 5919
f 5836 5919 5837
f 5837 5919 5920
f 5837 5920 5921
f 5837 5921 5922
f 5837 5922 5906
f 5838 5850 5848
f 5838 5848 5847
f 5838 5847 5923
f 5838 5923 5924
f 5838 5924 5925
f 5838 5925 5926
f 5838 5926 5839
f 5839 5926 5927
f 5839 5927 5840
f 5840 5927 5841
f 5841 5927 5928
f 5841 5928 5842
f 5842 5928 5843
f 5843 5928 5929
f 5843 5929 5930
f 5843 5930 5844
f 5844 5931 5845
f 5844 5930 5932
f 5844 5932 5931
f 5845 5931 5857
f 5846 5923 5847
f 5846 5851 5856
f 5846 5856 5933
f 5846 5933 5923
f 5848 5850 5849
f 5852 5902 5855
f 5853 5855 5934
f 5853 5934 5854
f 5854 5934 5935
f 5854 5935 5936
f 5854 5936 5856
f 5855 5902 5937
f 5855 5937 5934
f 5856 5936 5933
f 5857 5931 5938
f 5857 5938 5939
f 5857 5939 5858
f 5858 5939 5859
f 5859 5940 5860
f 5859 5939 5940
f 5860 5941 5942
f 5860 5942 5861
f 5860 5861 5863
f 5860 5940 5941
f 5861 5942 5943
f 5861 5943 5944
f 5861 5944 5945
f 5861 5945 5862
f 5862 5945 5946
f 5862 5946 5920
f 5862 5920 5919
f 5862 5919 5864
f 5865 5947 5866
f 5865 5918 5947
f 5866 5948 5949
f 5866 5949 5867
f 5866 5947 5948
f 5867 5949 5868
f 5868 5949 5950
f 5868 5950 5869
f 5869 5951 5870
f 5869 5950 5952
f 5869 5952 5951
f 5870 5951 5953
f 5870 5953 5875
f 5870 5875 5871
f 5872 5875 5954
f 5872 5954 5955
f 5872 5955 5956
f 5872 5956 5873
f 5873 5956 5881
f 5873 5881 5874
f 5874 5881 5876
f 5875 5953 5957
f 5875 5957 5954
f 5878 5887 5958
f 5878 5958 5959
f 5878 5959 5879
f 5879 5959 5960
f 5879 5960 5880
f 5881 5956 5961
f 5881 5961 5882
f 5882 5961 5962
f 5882 5962 5963
f 5882 5963 5885
f 5883 5958 5887
f 5883 5887 5884
f 5883 5886 5964
f 5883 5964 5958
f 5885 5963 5965
f 5885 5965 5886
f 5886 5966 5964
f 5886 5965 5967
f 5886 5967 5968
f 5886 5968 5966
f 5888 5893 5969
f 5888 5969 5970
f 5889 5891 5971
f 5889 5971 5892
f 5890 5970 5972
f 5890 5972 5973
f 5890 5973 5974
f 5890 5974 5975
f 5890 5975 5891
f 5891 5975 5974
f 5891 5974 5976
f 5891 5976 5971
f 5892 5971 5894
f 5894 5971 5977
f 5894 5977 5896
f 5896 5977 5978
f 5896 5978 5897
f 5897 5978 5979
f 5897 5979 5898
f 5898 5979 5980
f 5898 5980 5899
f 5899 5980 5900
f 5900 5981 5903
f 5900 5980 5982
f 5900 5982 5981
f 5901 5904 5902
f 5902 5904 5983
f 5902 5983 5937
f 5903 5981 5984
f 5903 5984 5904
f 5904 5984 5985
f 5904 5985 5983
f 5906 5921 5912
f 5906 5922 5921
f 5907 5912 5986
f 5907 5986 5908
f 5908 5986 5987
f 5908 5987 5988
f 5908 5988 5989
f 5908 5989 5910
f 5908 5910 5909
f 5910 5989 5990
f 5910 5990 5913
f 5910 5913 5911
f 5912 5921 5991
f 5912 5991 5986
f 5913 5992 5993
f 5913 5993 5994
f 5913 5994 5914
f 5913 5990 5995
f 5913 5995 5992
f 5914 5994 5996
f 5914 5996 5915
f 5915 5996 5916
f 5916 5996 5997
f 5916 5997 5917
f 5917 5997 5998
f 5917 5998 5947
f 5917 5947 5918
f 5920 5946 5999
f 5920 5999 5991
f 5920 5991 5921
f 5923 6000 6001
f 5923 6001 5924
f 5923 5933 6002
f 5923 6002 6003
f 5923 6003 6004
f 5923 6004 6000
f 5924 6001 6005
f 5924 6005 5925
f 5925 6005 6006
f 5925 6006 5929
f 5925 5929 5926
f 5926 5929 5927
f 5927 5929 5928
f 5929 6006 6007
f 5929 6007 6008
f 5929 6008 6009
f 5929 6009 5930
f 5930 6010 6011
f 5930 6011 5932
f 5930 6009 6010
f 5931 6012 5938
f 5931 5932 6013
f 5931 6013 6012
f 5932 6011 6014
f 5932 6014 6013
f 5933 5936 6002
f 5934 6015 5935
f 5934 5937 6016
f 5934 6016 6015
f 5935 6003 5936
f 5935 6015 6003
f 5936 6003 6002
f 5937 5983 6017
f 5937 6017 6018
f 5937 6018 6016
f 5938 6012 5939
f 5939 6012 6019
f 5939 6019 5940
f 5940 6020 5941
f 5940 6019 6020
f 5941 6021 6022
f 5941 6022 5942
f 5941 6020 6021
f 5942 6022 5943
f 5943 6023 5946
f 5943 5946 5944
f 5943 6022 6023
f 5944 5946 5945
f 5946 6024 6025
f 5946 6025 5999
f 5946 6023 6024
f 5947 5998 6026
f 5947 6026 6027
f 5947 6027 5948
f 5948 6027 6028
f 5948 6028 5949
f 5949 6028 5952
f 5949 5952 5950
f 5951 5952 6029
f 5951 6029 5953
f 5952 6030 6029
f 5952 6028 6030
f 5953 6029 6031
f 5953 6031 5957
f 5954 5957 5955
f 5955 6032 6033
f 5955 6033 5956
f 5955 5957 6034
f 5955 6034 6032
f 5956 6033 5961
f 5957 6031 6034
f 5958 5964 6035
f 5958 6035 5959
f 5959 6036 5960
f 5959 6035 6037
f 5959 6037 6036
f 5961 6033 6038
f 5961 6038 6039
f 5961 6039 5962
f 5962 6039 6040
f 5962 6040 5963
f 5963 6040 6041
f 5963 6041 5965
f 5964 5966 6035
f 5965 6041 6042
f 5965 6042 6043
f 5965 6043 5967
f 5966 6044 6035
f 5966 5968 6044
f 5967 6043 6045
f 5967 6045 5968
f 5968 6045 6046
f 5968 6046 6047
f 5968 6047 6044
f 5969 6048 5970
f 5970 6048 6049
f 5970 6049 6050
f 5970 6050 5972
f 5971 5976 5977
f 5972 6050 6051
f 5972 6051 6052
f 5972 6052 5973
f 5973 6052 6053
f 5973 6053 5974
f 5974 6054 6055
f 5974 6055 5976
f 5974 6053 6056
f 5974 6056 6054
f 5976 6055 5977
f 5977 6055 6057
f 5977 6057 6058
f 5977 6058 5978
f 5978 6058 6059
f 5978 6059 5979
f 5979 6059 5980
f 5980 6059 5982
f 5981 5982 6060
f 5981 6060 6061
f 5981 6061 5984
f 5982 6059 6060
f 5983 5985 6017
f 5984 6061 6062
f 5984 6062 5985
f 5985 6063 6064
f 5985 6064 6017
f 5985 6062 6063
f 5986 5991 5987
f 5987 6065 5988
f 5987 5991 6065
f 5988 6066 6067
f 5988 6067 6068
f 5988 6068 5990
f 5988 5990 5989
f 5988 6065 6066
f 5990 6069 6070
f 5990 6070 5995
f 5990 6068 6069
f 5991 5999 6025
f 5991 6025 6071
f 5991 6071 6065
f 5992 6072 5993
f 5992 5995 6072
f 5993 6072 6073
f 5993 6073 5994
f 5994 6073 6074
f 5994 6074 6075
f 5994 6075 5996
f 5995 6070 6072
f 5996 6075 6076
f 5996 6076 6077
f 5996 6077 6078
f 5996 6078 6079
f 5996 6079 6080
f 5996 6080 6081
f 5996 6081 5997
f 5997 6081 6082
f 5997 6082 5998
f 5998 6082 6026
f 6000 6004 6083
f 6000 6083 6005
f 6000 6005 6001
f 6003 6015 6084
f 6003 6084 6085
f 6003 6085 6086
f 6003 6086 6087
f 6003 6087 6004
f 6004 6087 6088
f 6004 6088 6083
f 6005 6083 6006
f 6006 6083 6007
f 6007 6083 6089
f 6007 6089 6090
f 6007 6090 6008
f 6008 6090 6091
f 6008 6091 6009
f 6009 6091 6092
f 6009 6092 6010
f 6010 6092 6093
f 6010 6093 6011
f 6011 6093 6094
f 6011 6094 6014
f 6012 6013 6095
f 6012 6095 6019
f 6013 6096 6095
f 6013 6014 6096
f 6014 6094 6097
f 6014 6097 6096
f 6015 6016 6098
f 6015 6098 6084
f 6016 6018 6098
f 6017 6064 6018
f 6018 6064 6099
f 6018 6099 6098
f 6019 6100 6020
f 6019 6095 6100
f 6020 6101 6021
f 6020 6100 6102
f 6020 6102 6101
f 6021 6103 6104
f 6021 6104 6105
f 6021 6105 6022
f 6021 6101 6103
f 6022 6105 6106
f 6022 6106 6107
f 6022 6107 6023
f 6023 6107 6108
f 6023 6108 6109
f 6023 6109 6024
f 6024 6109 6110
f 6024 6110 6025
f 6025 6110 6071
f 6026 6111 6112
f 6026 6112 6027
f 6026 6082 6111
f 6027 6112 6113
f 6027 6113 6028
f 6028 6113 6030
f 6029 6114 6115
f 6029 6115 6031
f 6029 6030 6113
f 6029 6113 6114
f 6031 6115 6034
f 6032 6034 6116
f 6032 6116 6117
f 6032 6117 6118
f 6032 6118 6119
f 6032 6119 6120
f 6032 6120 6121
f 6032 6121 6122
f 6032 6122 6033
f 6033 6122 6038
f 6034 6115 6116
f 6035 6044 6037
f 6037 6044 6123
f 6038 6122 6124
f 6038 6124 6125
f 6038 6125 6039
f 6039 6125 6126
f 6039 6126 6040
f 6040 6126 6042
f 6040 6042 6041
f 6042 6127 6128
f 6042 6128 6129
f 6042 6129 6130
f 6042 6130 6043
f 6042 6126 6127
f 6043 6130 6045
f 6044 6047 6123
f 6045 6130 6131
f 6045 6131 6132
f 6045 6132 6046
f 6046 6133 6134
f 6046 6134 6047
f 6046 6132 6133
f 6047 6134 6135
f 6047 6135 6123
f 6049 6051 6050
f 6051 6136 6052
f 6052 6136 6137
f 6052 6137 6053
f 6053 6137 6056
f 6054 6138 6139
f 6054 6139 6055
f 6054 6056 6138
f 6055 6139 6057
f 6056 6137 6224
f 6056 6224 6140
f 6056 6140 6226
f 6056 6226 6138
f 6057 6139 6141
f 6057 6141 6058
f 6058 6142 6059
f 6058 6141 6143
f 6058 6143 6142
f 6059 6142 6060
f 6060 6144 6061
f 6060 6142 6145
f 6060 6145 6144
f 6061 6144 6062
f 6062 6144 6146
f 6062 6146 6063
f 6063 6146 6147
f 6063 6147 6148
f 6063 6148 6149
f 6063 6149 6064
f 6064 6149 6150
f 6064 6150 6099
f 6065 6151 6066
f 6065 6071 6152
f 6065 6152 6151
f 6066 6151 6153
f 6066 6153 6154
f 6066 6154 6067
f 6067 6154 6155
f 6067 6155 6156
f 6067 6156 6157
f 6067 6157 6158
f 6067 6158 6068
f 6068 6158 6069
f 6069 6158 6070
f 6070 6159 6160
f 6070 6160 6072
f 6070 6158 6159
f 6071 6110 6161
f 6071 6161 6152
f 6072 6160 6073
f 6073 6162 6074
f 6073 6160 6162
f 6074 6076 6075
f 6074 6162 6163
f 6074 6163 6076
f 6076 6163 6077
f 6077 6163 6078
f 6078 6163 6164
f 6078 6164 6165
f 6078 6165 6166
f 6078 6166 6167
f 6078 6167 6168
f 6078 6168 6079
f 6079 6168 6081
f 6079 6081 6080
f 6081 6169 6111
f 6081 6111 6082
f 6081 6168 6169
f 6083 6088 6170
f 6083 6170 6089
f 6084 6171 6172
f 6084 6172 6085
f 6084 6098 6171
f 6085 6172 6086
f 6086 6173 6170
f 6086 6170 6088
f 6086 6088 6087
f 6086 6172 6173
f 6089 6174 6090
f 6089 6170 6175
f 6089 6175 6176
f 6089 6176 6177
f 6089 6177 6178
f 6089 6178 6174
f 6090 6179 6091
f 6090 6174 6179
f 6091 6179 6180
f 6091 6180 6181
f 6091 6181 6092
f 6092 6182 6093
f 6092 6181 6183
f 6092 6183 6182
f 6093 6182 6183
f 6093 6183 6184
f 6093 6184 6185
f 6093 6185 6094
f 6094 6185 6097
f 6095 6186 6187
f 6095 6187 6100
f 6095 6096 6188
f 6095 6188 6186
f 6096 6097 6189
f 6096 6189 6190
f 6096 6190 6188
f 6097 6185 6189
f 6098 6099 6191
f 6098 6191 6171
f 6099 6150 6191
f 6100 6187 6102
f 6101 6192 6103
f 6101 6102 6192
f 6102 6187 6188
f 6102 6188 6190
f 6102 6190 6189
f 6102 6189 6185
f 6102 6185 6184
f 6102 6184 6183
f 6102 6183 6181
f 6102 6181 6180
f 6102 6180 6178
f 6102 6178 6177
f 6102 6177 6176
f 6102 6176 6175
f 6102 6175 6265
f 6102 6265 6263
f 6102 6263 6303
f 6102 6303 6240
f 6102 6240 6302
f 6102 6302 6331
f 6102 6331 6330
f 6102 6330 6347
f 6102 6347 6333
f 6102 6333 6349
f 6102 6349 6355
f 6102 6355 6356
f 6102 6356 6352
f 6102 6352 6342
f 6102 6342 6321
f 6102 6321 6320
f 6102 6320 6341
f 6102 6341 6344
f 6102 6344 6354
f 6102 6354 6350
f 6102 6350 6338
f 6102 6338 6316
f 6102 6316 6337
f 6102 6337 6313
f 6102 6313 6336
f 6102 6336 6311
f 6102 6311 6310
f 6102 6310 6270
f 6102 6270 6309
f 6102 6309 6335
f 6102 6335 6305
f 6102 6305 6256
f 6102 6256 6166
f 6102 6166 6254
f 6102 6254 6164
f 6102 6164 6163
f 6102 6163 6250
f 6102 6250 6156
f 6102 6156 6155
f 6102 6155 6248
f 6102 6248 6247
f 6102 6247 6246
f 6102 6246 6304
f 6102 6304 6266
f 6102 6266 6194
f 6102 6194 6106
f 6102 6106 6104
f 6102 6104 6193
f 6102 6193 6192
f 6103 6193 6104
f 6103 6192 6193
f 6104 6106 6105
f 6106 6194 6107
f 6107 6194 6108
f 6108 6194 6161
f 6108 6161 6109
f 6109 6161 6110
f 6111 6169 6195
f 6111 6195 6196
f 6111 6196 6112
f 6112 6196 6113
f 6113 6195 6197
f 6113 6197 6114
f 6113 6196 6195
f 6114 6198 6199
f 6114 6199 6115
f 6114 6197 6198
f 6115 6199 6117
f 6115 6117 6116
f 6117 6199 6118
f 6118 6200 6201
f 6118 6201 6202
f 6118 6202 6203
f 6118 6203 6119
f 6118 6199 6204
f 6118 6204 6200
f 6119 6121 6120
f 6119 6203 6205
f 6119 6205 6121
f 6121 6205 6206
f 6121 6206 6207
f 6121 6207 6208
f 6121 6208 6122
f 6122 6208 6124
f 6123 6135 6209
f 6124 6208 6210
f 6124 6210 6125
f 6125 6210 6127
f 6125 6127 6126
f 6127 6210 6211
f 6127 6211 6212
f 6127 6212 6213
f 6127 6213 6128
f 6128 6213 6214
f 6128 6214 6129
f 6129 6214 6280
f 6129 6280 6215
f 6129 6215 6131
f 6129 6131 6130
f 6131 6216 6132
f 6131 6215 6217
f 6131 6217 6218
f 6131 6218 6216
f 6132 6134 6133
f 6132 6216 6219
f 6132 6219 6218
f 6132 6218 6220
f 6134 6209 6135
f 6136 6221 6222
f 6136 6222 6137
f 6137 6222 6223
f 6137 6223 6224
f 6138 6225 6139
f 6138 6226 6225
f 6139 6225 6141
f 6140 6224 6227
f 6140 6227 6228
f 6140 6228 6288
f 6140 6288 6226
f 6141 6225 6229
f 6141 6229 6143
f 6142 6143 6230
f 6142 6230 6231
f 6142 6231 6145
f 6143 6229 6230
f 6144 6145 6232
f 6144 6232 6233
f 6144 6233 6146
f 6145 6231 6234
f 6145 6234 6235
f 6145 6235 6232
f 6146 6233 6147
f 6147 6233 6236
f 6147 6236 6237
f 6147 6237 6238
f 6147 6238 6239
f 6147 6239 6149
f 6147 6149 6148
f 6149 6239 6150
f 6150 6240 6241
f 6150 6241 6242
f 6150 6242 6243
f 6150 6243 6191
f 6150 6239 6244
f 6150 6244 6240
f 6151 6152 6245
f 6151 6245 6246
f 6151 6246 6247
f 6151 6247 6153
f 6152 6161 6245
f 6153 6247 6248
f 6153 6248 6154
f 6154 6248 6155
f 6156 6249 6157
f 6156 6250 6249
f 6157 6249 6251
f 6157 6251 6158
f 6158 6251 6159
f 6159 6251 6250
f 6159 6250 6160
f 6160 6252 6162
f 6160 6250 6252
f 6161 6194 6253
f 6161 6253 6245
f 6162 6252 6163
f 6163 6252 6250
f 6164 6254 6165
f 6165 6254 6166
f 6166 6255 6167
f 6166 6256 6257
f 6166 6257 6255
f 6167 6255 6258
f 6167 6258 6168
f 6168 6197 6259
f 6168 6259 6195
f 6168 6195 6260
f 6168 6260 6169
f 6168 6258 6197
f 6169 6260 6195
f 6170 6173 6175
f 6171 6191 6243
f 6171 6243 6261
f 6171 6261 6172
f 6172 6261 6262
f 6172 6262 6263
f 6172 6263 6264
f 6172 6264 6173
f 6173 6264 6265
f 6173 6265 6175
f 6174 6178 6179
f 6178 6180 6179
f 6186 6188 6187
f 6194 6266 6253
f 6195 6259 6197
f 6197 6258 6198
f 6198 6258 6267
f 6198 6267 6268
f 6198 6268 6200
f 6198 6200 6204
f 6198 6204 6199
f 6200 6268 6201
f 6201 6268 6202
f 6202 6268 6269
f 6202 6269 6270
f 6202 6270 6271
f 6202 6271 6272
f 6202 6272 6273
f 6202 6273 6274
f 6202 6274 6275
f 6202 6275 6205
f 6202 6205 6203
f 6205 6275 6206
f 6206 6212 6211
f 6206 6211 6207
f 6206 6275 6274
f 6206 6274 6276
f 6206 6276 6277
f 6206 6277 6212
f 6207 6211 6208
f 6208 6211 6210
f 6212 6277 6213
f 6213 6277 6278
f 6213 6278 6214
f 6214 6278 6279
f 6214 6279 6280
f 6215 6280 6281
f 6215 6281 6217
f 6216 6218 6219
f 6217 6281 6218
f 6218 6282 6220
f 6218 6281 6283
f 6218 6283 6317
f 6218 6317 6282
f 6221 6284 6223
f 6221 6223 6222
f 6223 6284 6285
f 6223 6285 6286
f 6223 6286 6224
f 6224 6286 6227
f 6225 6226 6287
f 6225 6287 6229
f 6226 6288 6319
f 6226 6319 6287
f 6227 6286 6289
f 6227 6289 6290
f 6227 6290 6228
f 6228 6290 6291
f 6228 6291 6288
f 6229 6287 6292
f 6229 6292 6230
f 6230 6292 6293
f 6230 6293 6231
f 6231 6293 6234
f 6232 6294 6295
f 6232 6295 6296
f 6232 6296 6236
f 6232 6236 6233
f 6232 6235 6294
f 6234 6293 6297
f 6234 6297 6295
f 6234 6295 6294
f 6234 6294 6235
f 6236 6296 6298
f 6236 6298 6237
f 6237 6299 6300
f 6237 6300 6238
f 6237 6298 6301
f 6237 6301 6299
f 6238 6302 6244
f 6238 6244 6239
f 6238 6300 6302
f 6240 6303 6241
f 6240 6244 6302
f 6241 6303 6242
f 6242 6303 6243
f 6243 6303 6262
f 6243 6262 6261
f 6245 6304 6246
f 6245 6253 6266
f 6245 6266 6304
f 6249 6250 6251
f 6255 6257 6258
f 6256 6305 6257
f 6257 6305 6306
f 6257 6306 6267
f 6257 6267 6258
f 6262 6303 6307
f 6262 6307 6263
f 6263 6265 6264
f 6263 6307 6303
f 6267 6306 6268
f 6268 6308 6269
f 6268 6306 6308
f 6269 6308 6270
f 6270 6308 6309
f 6270 6310 6271
f 6271 6310 6273
f 6271 6273 6272
f 6273 6310 6311
f 6273 6311 6312
f 6273 6312 6274
f 6274 6312 6276
f 6276 6312 6277
f 6277 6312 6313
f 6277 6313 6314
f 6277 6314 6278
f 6278 6314 6279
f 6279 6315 6281
f 6279 6281 6280
f 6279 6314 6316
f 6279 6316 6315
f 6281 6315 6283
f 6283 6315 6318
f 6283 6318 6317
f 6285 6289 6286
f 6287 6319 6292
f 6288 6291 6320
f 6288 6320 6321
f 6288 6321 6319
f 6289 6322 6290
f 6290 6322 6323
f 6290 6323 6320
f 6290 6320 6291
f 6292 6319 6324
f 6292 6324 6293
f 6293 6324 6297
f 6295 6325 6296
f 6295 6297 6329
f 6295 6329 6325
f 6296 6325 6326
f 6296 6326 6298
f 6297 6327 6328
f 6297 6328 6329
f 6297 6324 6327
f 6298 6326 6301
f 6299 6330 6300
f 6299 6301 6330
f 6300 6330 6331
f 6300 6331 6302
f 6301 6326 6332
f 6301 6332 6333
f 6301 6333 6334
f 6301 6334 6330
f 6305 6335 6308
f 6305 6308 6306
f 6308 6335 6309
f 6311 6336 6312
f 6312 6336 6313
f 6313 6337 6314
f 6314 6337 6316
f 6315 6316 6318
f 6316 6338 6339
f 6316 6339 6318
f 6319 6321 6340
f 6319 6340 6328
f 6319 6328 6327
f 6319 6327 6324
f 6320 6323 6341
f 6321 6342 6340
f 6322 6343 6323
f 6323 6344 6341
f 6323 6343 6344
f 6325 6329 6345
f 6325 6345 6346
f 6325 6346 6326
f 6326 6346 6332
f 6328 6340 6329
f 6329 6340 6345
f 6330 6334 6347
f 6332 6346 6333
f 6333 6347 6334
f 6333 6346 6348
f 6333 6348 6349
f 6338 6350 6351
f 6338 6351 6339
f 6340 6342 6352
f 6340 6352 6353
f 6340 6353 6345
f 6343 6354 6344
f 6345 6353 6355
f 6345 6355 6346
f 6346 6355 6349
f 6346 6349 6348
f 6352 6356 6353
f 6353 6356 6355

o geometry_7
v -0.17330004 -0.12190955 0.27254031
v -0.17282391 -0.12190955 0.27356304
v -0.17251781 -0.10723250 0.27254031
v 0.17408030 -0.12190955 0.27254031
v -0.16677009 -0.12190955 0.28649557
v -0.17132746 -0.09056536 0.27254031
v 0.17370619 -0.10703113 0.27254031
v 0.17397828 -0.12190955 0.27278776
v -0.16540968 -0.09056536 0.28459857
v -0.16234876 -0.12190955 0.29522174
v -0.16993304 -0.07409959 0.27254031
v -0.16469547 -0.07409959 0.28332841
v 0.17323004 -0.09084965 0.27254031
v 0.16874070 -0.12190955 0.28474704
v -0.16207667 -0.11480202 0.29467737
v -0.16041018 -0.07409959 0.29155972
v -0.16190662 -0.12190955 0.29596404
v -0.14779238 -0.07409959 0.31419165
v -0.15425432 -0.07409959 0.30282621
v -0.16782440 -0.05764567 0.27254031
v -0.16357312 -0.05764567 0.28118399
v -0.15248580 -0.05764567 0.30282621
v 0.16799248 -0.12190955 0.28638011
v 0.17200568 -0.07468004 0.27254031
v 0.16261886 -0.12190955 0.29713522
v -0.14711218 -0.05764567 0.31308645
v -0.15745128 -0.12190955 0.30332106
v -0.14272486 -0.07409959 0.32242296
v -0.14211268 -0.05764567 0.32131776
v -0.14639797 -0.04842958 0.31191527
v -0.16255282 -0.04883234 0.27918802
v -0.16724623 -0.05515803 0.27254031
v 0.17190366 -0.07409959 0.27254031
v 0.16068028 -0.09627507 0.29560113
v 0.16146251 -0.10703113 0.29688780
v 0.16207470 -0.12190955 0.29815796
v -0.15660103 -0.12190955 0.30467371
v -0.13466444 -0.07409959 0.33438225
v -0.13405225 -0.05764567 0.33357397
v -0.14932284 -0.12190955 0.31597316
v -0.13235174 -0.04117990 0.33123157
v -0.13071926 -0.03209411 0.32885621
v -0.16421932 -0.04712653 0.27254031
v -0.14371116 -0.00090392 0.27254031
v 0.16761836 -0.05814319 0.27254031
v 0.09606086 -0.04815712 0.37756769
v 0.15578281 -0.10703113 0.30510260
v 0.09694513 -0.05764567 0.37862338
v 0.15741529 -0.12190955 0.30559744
v -0.14877868 -0.12190955 0.31676496
v -0.14347309 -0.12190955 0.32420447
v -0.12878067 -0.07409959 0.34261352
v -0.12816849 -0.05764567 0.34180525
v -0.12667204 -0.04117990 0.33946288
v -0.11629893 -0.02953540 0.34708383
v -0.09854559 -0.01559281 0.36153396
v -0.14337105 -0.00090392 0.27308465
v 0.14330105 -0.00090392 0.27254031
v 0.16738029 -0.05747982 0.27254031
v 0.07936185 -0.03337346 0.39317249
v 0.08113039 -0.04434275 0.39498702
v 0.14881072 -0.12190955 0.31671549
v 0.15683712 -0.12190955 0.30638924
v 0.09014309 -0.05764567 0.38685469
v -0.13541266 -0.12190955 0.33461319
v -0.12881469 -0.12190955 0.34284447
v -0.12082228 -0.07409959 0.35221396
v -0.11378217 -0.06528625 0.36051125
v -0.11888370 -0.05894871 0.35338515
v -0.11303394 -0.05431697 0.35965347
v -0.11861162 -0.04117990 0.34983861
v -0.10075626 -0.02471413 0.36379386
v -0.13459643 -0.00090392 0.28609967
v -0.13922181 -0.00090392 0.27941896
v -0.08303693 -0.01408838 0.37826048
v -0.06892269 -0.00090392 0.38078431
v 0.14170258 -0.00090392 0.27498165
v 0.08279688 -0.02471413 0.38174107
v 0.07738925 -0.02471413 0.38997234
v 0.06415929 -0.00090392 0.39244668
v 0.06279888 -0.00090392 0.39431068
v 0.06609787 -0.01105583 0.39635616
v 0.06932884 -0.02471413 0.39950680
v 0.06113237 -0.02471413 0.40773811
v 0.06307096 -0.03439221 0.40951962
v 0.06429532 -0.04536149 0.41044338
v 0.08208267 -0.05764567 0.39582829
v 0.09684311 -0.07409959 0.37837596
v 0.14146450 -0.12190955 0.32494677
v -0.11980198 -0.12190955 0.35284080
v -0.11378217 -0.08294846 0.36051125
v -0.11381618 -0.07409959 0.36054425
v -0.10602784 -0.07409959 0.36877552
v -0.09796742 -0.07409959 0.37723777
v -0.09786539 -0.06431489 0.37712229
v -0.09691310 -0.05334561 0.37623154
v -0.10357910 -0.04117990 0.36659811
v -0.11160551 -0.04117990 0.35805340
v -0.09310396 -0.02471413 0.37202517
v -0.08504354 -0.02471413 0.37997604
v -0.06552167 -0.01616141 0.39343642
v -0.05766531 -0.00970541 0.39719742
v -0.06324299 -0.00518028 0.39074766
v -0.05746125 -0.00090392 0.39343642
v 0.04783438 -0.00090392 0.41022892
v 0.04950088 -0.00824836 0.41146609
v 0.05307195 -0.02471413 0.41387444
v 0.05674506 -0.04039807 0.41450128
v 0.05535064 -0.05764567 0.41545803
v 0.06419329 -0.05764567 0.41037740
v 0.07225372 -0.05764567 0.40405957
v 0.04065822 -0.04117990 0.42342538
v 0.08133444 -0.07047475 0.39502001
v 0.13343809 -0.12190955 0.33294713
v -0.11884969 -0.12190955 0.35384703
v -0.10531362 -0.12190955 0.36809921
v -0.09786539 -0.08414490 0.37712229
v -0.07239174 -0.12190955 0.40028209
v -0.05661099 -0.12190955 0.41448480
v -0.08031611 -0.07409959 0.39238069
v -0.07960190 -0.05764567 0.39181987
v -0.09075725 -0.05835642 0.38238439
v -0.08739024 -0.04117990 0.38202148
v -0.09545066 -0.04117990 0.37482942
v -0.07762930 -0.04117990 0.39025279
v -0.07497651 -0.02471413 0.38819083
v -0.06691609 -0.02471413 0.39449215
v -0.05735922 -0.02471413 0.40132130
v -0.04378914 -0.00824836 0.40630299
v -0.03586476 -0.00090392 0.40942064
v -0.05402622 -0.00090392 0.39615821
v 0.03922979 -0.00090392 0.41527656
v 0.03922979 -0.00824836 0.41740450
v 0.03814147 -0.02534196 0.42241915
v 0.02202063 -0.12190955 0.43390007
v 0.06358111 -0.06623393 0.40993200
v 0.03205364 -0.03125306 0.42660904
v 0.03263181 -0.04117990 0.42680699
v 0.00702212 -0.12190955 0.44100970
v 0.01293990 -0.12190955 0.43820545
v 0.02310895 -0.12190955 0.43302581
v 0.04018208 -0.12190955 0.41780040
v 0.11673908 -0.12190955 0.34858493
v 0.12476549 -0.12190955 0.34117841
v -0.10415728 -0.12190955 0.36925391
v -0.08898872 -0.12190955 0.38426487
v -0.04552366 -0.12190955 0.42350787
v -0.07154148 -0.05764567 0.39803869
v -0.06956889 -0.04117990 0.39648812
v -0.05664501 -0.04031515 0.40554419
v -0.05079525 -0.04521934 0.41077330
v -0.04875463 -0.03425006 0.40948663
v -0.04691808 -0.02471413 0.40839791
v -0.03426628 -0.00090392 0.41039388
v 0.02314296 -0.00090392 0.42156140
v 0.02314296 -0.02822051 0.42736785
v 0.00702212 -0.04117990 0.43037004
v 0.00457338 -0.12190955 0.44104266
v -0.05225769 -0.05764567 0.41171354
v -0.06031811 -0.05764567 0.40627000
v -0.03746324 -0.12190955 0.42888543
v -0.04123838 -0.05764567 0.41796536
v -0.04253077 -0.04031515 0.41435283
v -0.03576273 -0.00824836 0.41118567
v -0.02443733 -0.04109698 0.42334291
v -0.02515154 -0.00824836 0.41582094
v -0.01794138 -0.00090392 0.41651376
v 0.00702212 -0.00090392 0.42260062
v 0.00702212 -0.02684639 0.42773075
v -0.00437130 -0.02941694 0.42708740
v -0.01045913 -0.12190955 0.44076225
v -0.03674903 -0.12190955 0.42926484
v -0.02515154 -0.12190955 0.43535170
v -0.02838252 -0.05764567 0.42428315
v -0.01858757 -0.04653424 0.42680699
v -0.01511853 -0.03555311 0.42573478
v -0.00903070 -0.00090392 0.41944997
v -0.00185455 -0.00090392 0.42116550
v -0.00903070 -0.00824836 0.42113251
v -0.00947283 -0.04109698 0.42819263
v -0.02358707 -0.12190955 0.43594555
f 6357 6358 6359
f 6357 6359 6362
f 6357 6362 6367
f 6357 6367 6376
f 6357 6376 6388
f 6357 6388 6399
f 6357 6399 6400
f 6357 6400 6414
f 6357 6414 6415
f 6357 6415 6401
f 6357 6401 6389
f 6357 6389 6380
f 6357 6380 6369
f 6357 6369 6363
f 6357 6363 6360
f 6357 6360 6364
f 6357 6364 6370
f 6357 6370 6379
f 6357 6379 6381
f 6357 6381 6392
f 6357 6392 6405
f 6357 6405 6419
f 6357 6419 6418
f 6357 6418 6445
f 6357 6445 6470
f 6357 6470 6500
f 6357 6500 6499
f 6357 6499 6498
f 6357 6498 6497
f 6357 6497 6491
f 6357 6491 6496
f 6357 6496 6495
f 6357 6495 6514
f 6357 6514 6527
f 6357 6527 6537
f 6357 6537 6529
f 6357 6529 6528
f 6357 6528 6517
f 6357 6517 6503
f 6357 6503 6475
f 6357 6475 6474
f 6357 6474 6502
f 6357 6502 6501
f 6357 6501 6472
f 6357 6472 6471
f 6357 6471 6446
f 6357 6446 6422
f 6357 6422 6421
f 6357 6421 6407
f 6357 6407 6406
f 6357 6406 6396
f 6357 6396 6393
f 6357 6393 6383
f 6357 6383 6373
f 6357 6373 6366
f 6357 6366 6361
f 6357 6361 6358
f 6358 6361 6359
f 6359 6361 6362
f 6360 6363 6364
f 6361 6365 6362
f 6361 6366 6365
f 6362 6365 6368
f 6362 6368 6367
f 6363 6369 6370
f 6363 6370 6364
f 6365 6366 6371
f 6365 6371 6372
f 6365 6372 6368
f 6366 6373 6374
f 6366 6374 6375
f 6366 6375 6371
f 6367 6368 6376
f 6368 6377 6376
f 6368 6372 6378
f 6368 6378 6377
f 6369 6379 6370
f 6369 6380 6381
f 6369 6381 6379
f 6371 6375 6372
f 6372 6375 6382
f 6372 6382 6378
f 6373 6383 6374
f 6374 6384 6385
f 6374 6385 6382
f 6374 6382 6375
f 6374 6383 6384
f 6376 6377 6386
f 6376 6386 6387
f 6376 6387 6388
f 6377 6378 6386
f 6378 6382 6386
f 6380 6389 6390
f 6380 6390 6391
f 6380 6391 6392
f 6380 6392 6381
f 6382 6385 6386
f 6383 6393 6384
f 6384 6394 6395
f 6384 6395 6385
f 6384 6393 6396
f 6384 6396 6394
f 6385 6395 6397
f 6385 6397 6386
f 6386 6397 6398
f 6386 6398 6387
f 6387 6399 6388
f 6387 6398 6400
f 6387 6400 6399
f 6389 6401 6402
f 6389 6402 6390
f 6390 6403 6391
f 6390 6402 6404
f 6390 6404 6403
f 6391 6403 6405
f 6391 6405 6392
f 6394 6396 6406
f 6394 6406 6407
f 6394 6407 6408
f 6394 6408 6409
f 6394 6409 6395
f 6395 6409 6410
f 6395 6410 6397
f 6397 6410 6398
f 6398 6410 6411
f 6398 6411 6412
f 6398 6412 6413
f 6398 6413 6400
f 6400 6413 6430
f 6400 6430 6429
f 6400 6429 6432
f 6400 6432 6460
f 6400 6460 6487
f 6400 6487 6486
f 6400 6486 6510
f 6400 6510 6523
f 6400 6523 6533
f 6400 6533 6534
f 6400 6534 6524
f 6400 6524 6511
f 6400 6511 6488
f 6400 6488 6461
f 6400 6461 6437
f 6400 6437 6436
f 6400 6436 6433
f 6400 6433 6414
f 6401 6415 6402
f 6402 6415 6414
f 6402 6414 6416
f 6402 6416 6417
f 6402 6417 6404
f 6403 6404 6405
f 6404 6418 6419
f 6404 6419 6405
f 6404 6417 6420
f 6404 6420 6418
f 6407 6421 6408
f 6408 6422 6423
f 6408 6423 6424
f 6408 6424 6409
f 6408 6421 6422
f 6409 6424 6425
f 6409 6425 6426
f 6409 6426 6427
f 6409 6427 6410
f 6410 6427 6411
f 6411 6427 6428
f 6411 6428 6412
f 6412 6429 6430
f 6412 6430 6413
f 6412 6428 6431
f 6412 6431 6432
f 6412 6432 6429
f 6414 6433 6416
f 6416 6434 6435
f 6416 6435 6436
f 6416 6436 6437
f 6416 6437 6438
f 6416 6438 6439
f 6416 6439 6440
f 6416 6440 6441
f 6416 6441 6417
f 6416 6433 6434
f 6417 6441 6442
f 6417 6442 6443
f 6417 6443 6420
f 6418 6420 6444
f 6418 6444 6445
f 6420 6443 6444
f 6422 6446 6447
f 6422 6447 6448
f 6422 6448 6423
f 6423 6448 6424
f 6424 6449 6450
f 6424 6450 6451
f 6424 6451 6426
f 6424 6426 6425
f 6424 6448 6449
f 6426 6451 6452
f 6426 6452 6453
f 6426 6453 6454
f 6426 6454 6427
f 6427 6454 6428
f 6428 6454 6455
f 6428 6455 6431
f 6431 6455 6456
f 6431 6456 6457
f 6431 6457 6458
f 6431 6458 6459
f 6431 6459 6460
f 6431 6460 6432
f 6433 6436 6435
f 6433 6435 6434
f 6437 6461 6438
f 6438 6461 6439
f 6439 6461 6440
f 6440 6461 6462
f 6440 6462 6441
f 6441 6462 6463
f 6441 6463 6464
f 6441 6464 6442
f 6442 6465 6466
f 6442 6466 6467
f 6442 6467 6443
f 6442 6464 6468
f 6442 6468 6465
f 6443 6467 6469
f 6443 6469 6444
f 6444 6469 6445
f 6445 6469 6470
f 6446 6471 6447
f 6447 6472 6473
f 6447 6473 6450
f 6447 6450 6449
f 6447 6449 6448
f 6447 6471 6472
f 6450 6473 6474
f 6450 6474 6475
f 6450 6475 6451
f 6451 6475 6476
f 6451 6476 6477
f 6451 6477 6478
f 6451 6478 6452
f 6452 6478 6477
f 6452 6477 6479
f 6452 6479 6480
f 6452 6480 6453
f 6453 6480 6455
f 6453 6455 6454
f 6455 6480 6456
f 6456 6479 6481
f 6456 6481 6482
f 6456 6482 6457
f 6456 6480 6479
f 6457 6483 6484
f 6457 6484 6458
f 6457 6482 6481
f 6457 6481 6483
f 6458 6484 6485
f 6458 6485 6486
f 6458 6486 6487
f 6458 6487 6460
f 6458 6460 6459
f 6461 6488 6462
f 6462 6488 6489
f 6462 6489 6463
f 6463 6489 6490
f 6463 6490 6464
f 6464 6490 6468
f 6465 6468 6491
f 6465 6491 6466
f 6466 6492 6467
f 6466 6491 6492
f 6467 6492 6469
f 6468 6490 6493
f 6468 6493 6494
f 6468 6494 6495
f 6468 6495 6496
f 6468 6496 6491
f 6469 6492 6491
f 6469 6491 6497
f 6469 6497 6498
f 6469 6498 6499
f 6469 6499 6500
f 6469 6500 6470
f 6472 6501 6473
f 6473 6501 6502
f 6473 6502 6474
f 6475 6503 6476
f 6476 6503 6477
f 6477 6481 6479
f 6477 6503 6504
f 6477 6504 6505
f 6477 6505 6481
f 6481 6505 6483
f 6483 6505 6506
f 6483 6506 6484
f 6484 6506 6507
f 6484 6507 6508
f 6484 6508 6509
f 6484 6509 6485
f 6485 6509 6486
f 6486 6509 6510
f 6488 6511 6489
f 6489 6511 6493
f 6489 6493 6490
f 6493 6511 6512
f 6493 6512 6495
f 6493 6495 6494
f 6495 6512 6513
f 6495 6513 6514
f 6503 6515 6516
f 6503 6516 6504
f 6503 6517 6515
f 6504 6516 6505
f 6505 6516 6507
f 6505 6507 6506
f 6507 6516 6515
f 6507 6515 6518
f 6507 6518 6519
f 6507 6519 6520
f 6507 6520 6508
f 6508 6520 6509
f 6509 6520 6510
f 6510 6520 6521
f 6510 6521 6522
f 6510 6522 6523
f 6511 6524 6512
f 6512 6524 6525
f 6512 6525 6513
f 6513 6525 6526
f 6513 6526 6527
f 6513 6527 6514
f 6515 6517 6518
f 6517 6528 6518
f 6518 6528 6529
f 6518 6529 6530
f 6518 6530 6519
f 6519 6530 6521
f 6519 6521 6520
f 6521 6530 6531
f 6521 6531 6532
f 6521 6532 6522
f 6522 6532 6523
f 6523 6532 6533
f 6524 6534 6526
f 6524 6526 6525
f 6526 6534 6535
f 6526 6535 6532
f 6526 6532 6536
f 6526 6536 6527
f 6527 6536 6531
f 6527 6531 6537
f 6529 6537 6531
f 6529 6531 6530
f 6531 6536 6532
f 6532 6535 6533
f 6533 6535 6534

o geometry_8
v -0.11693734 0.43687317 -0.04250395
v -0.11808291 0.43687317 -0.02633644
v -0.11190164 0.44296796 -0.02633644
v -0.11125725 0.44224942 -0.04250395
v 0.12098209 0.43687317 -0.04250395
v -0.11796358 0.43687317 -0.00988651
v -0.11204483 0.44294870 -0.00988651
v -0.10397814 0.44997376 -0.00988651
v -0.09397832 0.45820493 -0.00988651
v -0.10385881 0.44934505 -0.02633644
v -0.11094700 0.44251886 -0.04250395
v -0.11109019 0.44240340 -0.04250395
v 0.11861937 0.43876576 -0.04250395
v 0.11324954 0.44564968 -0.02633644
v 0.12334484 0.43687317 -0.03037243
v -0.11519513 0.43687317 -0.00064961
v -0.10937185 0.44035042 0.00657517
v -0.09307141 0.45620327 0.00657517
v -0.08502860 0.46392122 0.00657517
v -0.06658023 0.47841399 0.01651808
v -0.08593550 0.46426124 -0.00988651
v -0.06693822 0.47857438 0.00657517
v -0.10304738 0.44839552 -0.04250395
v 0.11840458 0.43892615 -0.04250395
v 0.11470536 0.44696486 -0.00988651
v 0.11208011 0.44477716 -0.03613814
v 0.09577968 0.46109836 -0.00208516
v 0.12277204 0.43983717 -0.00988651
v 0.12532570 0.43687317 -0.01534629
v -0.11285627 0.43687317 0.00657517
v -0.08297612 0.46239429 0.01622391
v -0.04493384 0.49095002 0.02302510
v -0.05178336 0.47997939 0.03321510
v -0.03488628 0.49485065 0.03305037
v -0.08455128 0.46303587 -0.02633644
v -0.06626998 0.47799057 -0.00459148
v -0.05734412 0.48420724 0.00657517
v -0.08836983 0.45798680 -0.04250395
v 0.11771247 0.43939450 -0.04250395
v 0.09649566 0.46166934 0.00657517
v 0.10456235 0.45555530 0.00657517
v 0.11477696 0.44731771 0.00657517
v 0.10482487 0.44670181 -0.04250395
v 0.06671098 0.47910685 0.01181138
v 0.07613802 0.47553981 0.02302510
v 0.12281978 0.43937524 0.00657517
v 0.12573143 0.43687317 -0.00988651
v -0.11111405 0.43687317 0.00945803
v -0.05982618 0.43687317 0.07770520
v -0.03686715 0.49565263 0.02302510
v -0.01961209 0.49551790 0.05164184
v -0.02505352 0.49706403 0.03891021
v -0.02514898 0.49979709 0.02302510
v -0.08655601 0.45912237 -0.04250395
v -0.03641370 0.49529333 0.00939919
v -0.06436070 0.47697688 -0.01556986
v -0.08249881 0.46163086 -0.04250395
v -0.08288067 0.46186821 -0.03967993
v 0.09663885 0.46179126 0.02027167
v 0.10265307 0.45567080 0.02466067
v 0.11329727 0.44611158 0.02302510
v 0.10425208 0.44693919 -0.04250395
v 0.03337028 0.49475444 0.01294099
v 0.05535080 0.48628589 0.02302510
v 0.06807134 0.47992805 0.02302510
v 0.09561262 0.46099570 0.03123829
v 0.08916882 0.46652592 0.02466067
v 0.06632912 0.47910043 0.03397994
v 0.12513476 0.43687317 0.00657517
v 0.12544503 0.43687317 0.00126837
v -0.00684381 0.46684671 0.07770520
v -0.02018487 0.48195538 0.06737399
v 0.06535062 0.43687317 0.07770520
v -0.00903948 0.49219463 0.06177301
v -0.00903948 0.49653156 0.05354805
v -0.00903948 0.50070811 0.03948678
v -0.02672413 0.49757088 0.00497490
v -0.00903948 0.50240179 0.02302510
v -0.00903948 0.50120207 0.00657517
v -0.03314407 0.49389476 -0.00156742
v -0.04125848 0.48835170 -0.00988651
v -0.07483785 0.46535830 -0.04250395
v 0.11208011 0.44491830 0.03194430
v 0.12136395 0.43687317 0.02400173
v 0.01644933 0.49452350 -0.00263819
v -0.00901561 0.47627118 -0.04250395
v -0.00438562 0.49316339 -0.01699363
v 0.00704616 0.49592207 -0.00567402
v 0.02234422 0.49619151 0.00710468
v 0.00704616 0.49988689 0.00657517
v 0.02313179 0.49884114 0.02302510
v 0.03477837 0.49531258 0.02302510
v 0.04282118 0.49205349 0.02302510
v 0.03379986 0.49494051 0.03336807
v 0.08415697 0.46446011 0.03948678
v 0.09219979 0.45837174 0.03948678
v 0.10850022 0.44158220 0.04291091
v 0.02609117 0.49139269 0.04433468
v 0.05410977 0.48121118 0.03946325
v 0.05864430 0.47494958 0.04494655
v 0.08033843 0.46157952 0.04821772
v 0.00652111 0.46559568 0.07770520
v -0.00903948 0.48395705 0.06880953
v 0.08756980 0.43687317 0.06630322
v 0.00341854 0.48162818 0.06715042
v 0.00704616 0.49540244 0.05070050
v 0.00704616 0.49930949 0.03948678
v 0.00704616 0.50178589 0.02302510
v -0.02999377 0.49293884 -0.00988651
v -0.02192708 0.49558203 -0.00988651
v -0.00946907 0.49649305 -0.01086316
v -0.01822786 0.49424117 -0.01866451
v -0.05736798 0.47176745 -0.04250395
v 0.11613732 0.43687317 0.03774530
v -0.02514898 0.47807394 -0.04250395
v -0.01512529 0.49424117 -0.01866451
v 0.02169984 0.49599909 0.03909848
v 0.01535150 0.49401665 0.04784118
v 0.09776055 0.44652219 0.04953559
v 0.10432368 0.43687317 0.05327742
v 0.11544520 0.43687317 0.03885138
v 0.10284400 0.43687317 0.05498360
v 0.00807239 0.48654891 0.05959616
v -0.04273817 0.47507788 -0.04250395
f 6538 6539 6540
f 6538 6540 6541
f 6538 6541 6549
f 6538 6549 6548
f 6538 6548 6560
f 6538 6560 6575
f 6538 6575 6591
f 6538 6591 6594
f 6538 6594 6619
f 6538 6619 6650
f 6538 6650 6661
f 6538 6661 6652
f 6538 6652 6623
f 6538 6623 6599
f 6538 6599 6580
f 6538 6580 6576
f 6538 6576 6561
f 6538 6561 6550
f 6538 6550 6542
f 6538 6542 6552
f 6538 6552 6566
f 6538 6566 6584
f 6538 6584 6607
f 6538 6607 6606
f 6538 6606 6621
f 6538 6621 6651
f 6538 6651 6658
f 6538 6658 6657
f 6538 6657 6659
f 6538 6659 6641
f 6538 6641 6610
f 6538 6610 6586
f 6538 6586 6585
f 6538 6585 6567
f 6538 6567 6553
f 6538 6553 6543
f 6538 6543 6539
f 6539 6543 6544
f 6539 6544 6540
f 6540 6544 6545
f 6540 6545 6546
f 6540 6546 6547
f 6540 6547 6548
f 6540 6548 6549
f 6540 6549 6541
f 6542 6550 6551
f 6542 6551 6552
f 6543 6553 6544
f 6544 6553 6554
f 6544 6554 6555
f 6544 6555 6556
f 6544 6556 6545
f 6545 6556 6557
f 6545 6557 6546
f 6546 6558 6547
f 6546 6557 6559
f 6546 6559 6558
f 6547 6558 6548
f 6548 6558 6560
f 6550 6561 6551
f 6551 6562 6552
f 6551 6561 6563
f 6551 6563 6564
f 6551 6564 6562
f 6552 6565 6566
f 6552 6562 6565
f 6553 6567 6554
f 6554 6567 6568
f 6554 6568 6557
f 6554 6557 6555
f 6555 6557 6556
f 6557 6569 6559
f 6557 6568 6570
f 6557 6570 6571
f 6557 6571 6569
f 6558 6572 6560
f 6558 6559 6573
f 6558 6573 6572
f 6559 6569 6574
f 6559 6574 6573
f 6560 6572 6575
f 6561 6576 6563
f 6562 6564 6577
f 6562 6577 6578
f 6562 6578 6579
f 6562 6579 6565
f 6563 6576 6580
f 6563 6580 6581
f 6563 6581 6564
f 6564 6582 6577
f 6564 6581 6582
f 6565 6583 6584
f 6565 6584 6566
f 6565 6579 6583
f 6567 6585 6568
f 6568 6585 6586
f 6568 6586 6570
f 6569 6571 6587
f 6569 6587 6574
f 6570 6586 6588
f 6570 6588 6571
f 6571 6588 6589
f 6571 6589 6590
f 6571 6590 6587
f 6572 6591 6575
f 6572 6573 6591
f 6573 6574 6592
f 6573 6592 6593
f 6573 6593 6594
f 6573 6594 6595
f 6573 6595 6591
f 6574 6587 6592
f 6577 6582 6596
f 6577 6596 6578
f 6578 6596 6579
f 6579 6596 6597
f 6579 6597 6598
f 6579 6598 6583
f 6580 6599 6600
f 6580 6600 6581
f 6581 6600 6601
f 6581 6601 6602
f 6581 6602 6582
f 6582 6603 6604
f 6582 6604 6596
f 6582 6602 6605
f 6582 6605 6603
f 6583 6606 6607
f 6583 6607 6584
f 6583 6598 6606
f 6586 6608 6609
f 6586 6609 6588
f 6586 6610 6639
f 6586 6639 6608
f 6587 6590 6592
f 6588 6609 6611
f 6588 6611 6612
f 6588 6612 6613
f 6588 6613 6589
f 6589 6613 6590
f 6590 6614 6592
f 6590 6613 6615
f 6590 6615 6616
f 6590 6616 6614
f 6591 6595 6594
f 6592 6614 6617
f 6592 6617 6618
f 6592 6618 6593
f 6593 6619 6594
f 6593 6618 6619
f 6596 6604 6603
f 6596 6603 6597
f 6597 6603 6598
f 6598 6603 6620
f 6598 6620 6621
f 6598 6621 6606
f 6599 6622 6600
f 6599 6623 6624
f 6599 6624 6625
f 6599 6625 6622
f 6600 6622 6626
f 6600 6626 6627
f 6600 6627 6628
f 6600 6628 6629
f 6600 6629 6630
f 6600 6630 6601
f 6601 6605 6602
f 6601 6630 6631
f 6601 6631 6605
f 6603 6632 6633
f 6603 6633 6634
f 6603 6634 6620
f 6603 6605 6632
f 6605 6631 6635
f 6605 6635 6636
f 6605 6636 6637
f 6605 6637 6638
f 6605 6638 6632
f 6608 6639 6640
f 6608 6640 6609
f 6609 6640 6611
f 6610 6641 6638
f 6610 6638 6642
f 6610 6642 6639
f 6611 6640 6642
f 6611 6642 6643
f 6611 6643 6612
f 6612 6643 6644
f 6612 6644 6613
f 6613 6644 6645
f 6613 6645 6615
f 6614 6646 6617
f 6614 6616 6647
f 6614 6647 6646
f 6615 6645 6616
f 6616 6648 6649
f 6616 6649 6647
f 6616 6645 6627
f 6616 6627 6648
f 6617 6646 6618
f 6618 6646 6619
f 6619 6646 6650
f 6620 6634 6651
f 6620 6651 6621
f 6622 6625 6626
f 6623 6652 6653
f 6623 6653 6624
f 6624 6653 6625
f 6625 6653 6648
f 6625 6648 6627
f 6625 6627 6626
f 6627 6645 6628
f 6628 6631 6629
f 6628 6645 6644
f 6628 6644 6631
f 6629 6631 6630
f 6631 6644 6654
f 6631 6654 6643
f 6631 6643 6655
f 6631 6655 6635
f 6632 6638 6633
f 6633 6656 6634
f 6633 6638 6656
f 6634 6657 6658
f 6634 6658 6651
f 6634 6656 6657
f 6635 6655 6637
f 6635 6637 6636
f 6637 6655 6638
f 6638 6641 6659
f 6638 6659 6656
f 6638 6655 6660
f 6638 6660 6642
f 6639 6642 6640
f 6642 6660 6643
f 6643 6660 6655
f 6643 6654 6644
f 6646 6647 6649
f 6646 6649 6650
f 6648 6653 6649
f 6649 6653 6652
f 6649 6652 6661
f 6649 6661 6650
f 6656 6659 6657

o geometry_9
v -0.14549598 0.03712164 0.27253851
v -0.14546764 0.03643698 0.27253851
v -0.14529758 0.03712164 0.27290577
v 0.14405254 0.03712164 0.27253851
v -0.14419223 0.03712164 0.27491849
v -0.14371039 -0.00088836 0.27253851
v 0.14240867 0.03712164 0.27549147
v 0.14328729 -0.00088836 0.27253851
v -0.13923225 0.03712164 0.28343945
v -0.14308686 -0.00088836 0.27355221
v 0.13577649 0.03712164 0.28637773
v 0.12922933 0.03712164 0.29663229
v 0.14297552 -0.00088836 0.27302332
v -0.13741833 0.03712164 0.28637773
v -0.13923225 -0.00088836 0.27941405
v -0.13257174 0.03712164 0.29413476
v 0.06418296 -0.00088836 0.39244912
v 0.14170010 -0.00088836 0.27497726
v 0.12285224 0.03712164 0.30485941
v 0.06279416 -0.00088836 0.39430020
v -0.13109792 0.03712164 0.29635314
v -0.06894248 -0.00088836 0.38078419
v 0.11480293 0.03712164 0.31452631
v 0.06336101 -0.00007346 0.39325713
v 0.04782924 -0.00088836 0.41022560
v 0.04754582 0.00046237 0.41000525
v -0.12599624 0.03712164 0.30256758
v -0.05746371 -0.00088836 0.39343342
v -0.11814532 0.03712164 0.31141174
v -0.12421066 0.03712164 0.30458030
v 0.10604505 0.03712164 0.32301790
v 0.02028019 0.03676815 0.41323733
v 0.03385631 0.02162741 0.41169476
v 0.03924142 -0.00088836 0.41526473
v 0.03924142 0.00685876 0.41303167
v -0.05403425 -0.00088836 0.39616601
v -0.05253209 0.00277683 0.39572528
v -0.11616133 0.03712164 0.31357138
v 0.09833585 0.03712164 0.32970246
v 0.00704417 0.03628070 0.41289944
v 0.00704417 0.02467862 0.41811486
v 0.02464495 0.02614098 0.41527945
v 0.08711216 0.03712164 0.33729786
v 0.07756069 0.03712164 0.34298341
v 0.06741401 0.03712164 0.34836043
v 0.04343613 0.03712164 0.36065708
v 0.03737080 0.03712164 0.36325744
v 0.03422477 0.03712164 0.36435928
v 0.02314279 0.03712164 0.36760608
v 0.00704417 0.03712164 0.36888421
v -0.00902612 0.03712164 0.36751793
v -0.01296574 0.03712164 0.36675398
v -0.02515308 0.03712164 0.36412422
v -0.02739215 0.03712164 0.36344844
v -0.03487461 0.03712164 0.36114189
v -0.04292393 0.03712164 0.35774821
v -0.05735034 0.03712164 0.35156314
v -0.06967939 0.03712164 0.34602451
v -0.07772870 0.03712164 0.34204316
v -0.08149827 0.03712164 0.33985416
v -0.08983101 0.03712164 0.33482974
v -0.09277865 0.03712164 0.33293454
v 0.02314279 0.00822065 0.41981906
v 0.02314279 -0.00088836 0.42155263
v -0.03586661 -0.00088836 0.40941758
v -0.03388262 0.00094610 0.41019622
v -0.01812411 0.01702081 0.41029905
v -0.00160034 0.03354949 0.41049006
v -0.09907072 0.03712164 0.32868876
v -0.10074293 0.03712164 0.32727839
v -0.10683661 0.03712164 0.32204828
v -0.10944413 0.03712164 0.31978582
v -0.00780738 0.02337628 0.41239991
v -0.00902612 0.00822065 0.41738028
v -0.00902612 -0.00088836 0.41945177
v -0.00185542 -0.00088836 0.42117065
v 0.00704417 0.00822065 0.42121474
v 0.00704417 -0.00088836 0.42261039
v -0.03427942 -0.00088836 0.41038723
v -0.01795405 -0.00088836 0.41651349
f 6662 6663 6664
f 6662 6664 6666
f 6662 6666 6670
f 6662 6670 6675
f 6662 6675 6677
f 6662 6677 6682
f 6662 6682 6688
f 6662 6688 6691
f 6662 6691 6690
f 6662 6690 6699
f 6662 6699 6733
f 6662 6733 6732
f 6662 6732 6731
f 6662 6731 6730
f 6662 6730 6723
f 6662 6723 6722
f 6662 6722 6721
f 6662 6721 6720
f 6662 6720 6719
f 6662 6719 6718
f 6662 6718 6717
f 6662 6717 6716
f 6662 6716 6715
f 6662 6715 6714
f 6662 6714 6713
f 6662 6713 6712
f 6662 6712 6711
f 6662 6711 6710
f 6662 6710 6709
f 6662 6709 6708
f 6662 6708 6707
f 6662 6707 6706
f 6662 6706 6705
f 6662 6705 6704
f 6662 6704 6700
f 6662 6700 6692
f 6662 6692 6684
f 6662 6684 6680
f 6662 6680 6673
f 6662 6673 6672
f 6662 6672 6668
f 6662 6668 6665
f 6662 6665 6669
f 6662 6669 6667
f 6662 6667 6663
f 6663 6666 6664
f 6663 6667 6666
f 6665 6668 6669
f 6666 6667 6670
f 6667 6671 6670
f 6667 6669 6674
f 6667 6674 6679
f 6667 6679 6678
f 6667 6678 6681
f 6667 6681 6686
f 6667 6686 6695
f 6667 6695 6725
f 6667 6725 6739
f 6667 6739 6737
f 6667 6737 6736
f 6667 6736 6741
f 6667 6741 6740
f 6667 6740 6726
f 6667 6726 6697
f 6667 6697 6689
f 6667 6689 6683
f 6667 6683 6676
f 6667 6676 6671
f 6668 6672 6669
f 6669 6672 6673
f 6669 6673 6674
f 6670 6671 6675
f 6671 6676 6677
f 6671 6677 6675
f 6673 6678 6679
f 6673 6679 6674
f 6673 6680 6681
f 6673 6681 6678
f 6676 6682 6677
f 6676 6683 6682
f 6680 6684 6685
f 6680 6685 6681
f 6681 6685 6687
f 6681 6687 6686
f 6682 6683 6688
f 6683 6689 6690
f 6683 6690 6691
f 6683 6691 6688
f 6684 6692 6693
f 6684 6693 6694
f 6684 6694 6685
f 6685 6694 6687
f 6686 6687 6695
f 6687 6694 6696
f 6687 6696 6695
f 6689 6697 6698
f 6689 6698 6699
f 6689 6699 6690
f 6692 6700 6693
f 6693 6701 6702
f 6693 6702 6703
f 6693 6703 6694
f 6693 6700 6704
f 6693 6704 6705
f 6693 6705 6706
f 6693 6706 6707
f 6693 6707 6708
f 6693 6708 6709
f 6693 6709 6710
f 6693 6710 6711
f 6693 6711 6712
f 6693 6712 6713
f 6693 6713 6714
f 6693 6714 6715
f 6693 6715 6716
f 6693 6716 6717
f 6693 6717 6718
f 6693 6718 6719
f 6693 6719 6720
f 6693 6720 6721
f 6693 6721 6722
f 6693 6722 6723
f 6693 6723 6701
f 6694 6703 6695
f 6694 6695 6696
f 6695 6703 6724
f 6695 6724 6725
f 6697 6726 6727
f 6697 6727 6698
f 6698 6727 6728
f 6698 6728 6729
f 6698 6729 6730
f 6698 6730 6731
f 6698 6731 6732
f 6698 6732 6733
f 6698 6733 6699
f 6701 6729 6702
f 6701 6723 6730
f 6701 6730 6729
f 6702 6729 6734
f 6702 6734 6727
f 6702 6727 6735
f 6702 6735 6736
f 6702 6736 6737
f 6702 6737 6738
f 6702 6738 6725
f 6702 6725 6724
f 6702 6724 6703
f 6725 6738 6739
f 6726 6740 6727
f 6727 6734 6728
f 6727 6740 6741
f 6727 6741 6735
f 6728 6734 6729
f 6735 6741 6736
f 6737 6739 6738

o geometry_10
v 0.12571431 0.43686675 -0.00988651
v 0.12532420 0.43686675 -0.01534629
v 0.12545424 0.43686675 0.00126837
v 0.13095916 0.43157621 -0.00988651
v 0.13048235 0.43089795 -0.02633644
v 0.12948539 0.43005011 -0.04250395
v 0.12333030 0.43686675 -0.03037243
v 0.12515081 0.43686675 0.00657517
v 0.13043901 0.43113536 0.00657517
v 0.13902147 0.42160561 -0.00988651
v 0.13854468 0.42109693 -0.02633644
v 0.12965879 0.42988053 -0.04250395
v 0.13767775 0.42031692 -0.04250395
v 0.12094627 0.43686675 -0.04250395
v 0.12913863 0.42960926 0.01940094
v 0.12137973 0.43686675 0.02400173
v 0.13850133 0.42079168 0.00657517
v 0.14517658 0.41336461 -0.00988651
v 0.14482981 0.41288984 -0.02633644
v 0.14426632 0.41210983 -0.04250395
v -0.11693552 0.43686675 -0.04250395
v 0.14318268 0.39430516 0.07752870
v 0.14391955 0.41160109 0.01485897
v 0.11613489 0.43686675 0.03774530
v 0.14456973 0.41255068 0.00657517
v 0.15063816 0.40336009 0.00657517
v 0.15176514 0.40336009 -0.00988651
v 0.15107161 0.40336009 -0.02633644
v 0.14985793 0.40336009 -0.04250395
v -0.11975300 0.43415365 -0.04250395
v -0.11806251 0.43686675 -0.02633644
v 0.14313932 0.39427124 0.07770520
v 0.14873094 0.38681025 0.07770520
v 0.13490362 0.40227486 0.07770520
v 0.15796360 0.37551704 0.07239839
v 0.15935066 0.37758574 0.05593670
v 0.11544136 0.43686675 0.03885138
v 0.12614777 0.41034632 0.07770520
v 0.15800694 0.39142254 0.00657517
v 0.15857043 0.39223646 -0.00988651
v 0.15822367 0.39165989 -0.02633644
v 0.15753014 0.39054078 -0.04250395
v -0.12022980 0.43473019 -0.02633644
v -0.12768528 0.42584482 -0.04250395
v -0.11793247 0.43686675 -0.00988651
v 0.15740010 0.37470312 0.07770520
v 0.16255825 0.36646212 0.07770520
v 0.16303505 0.36727604 0.07239839
v 0.15995751 0.37856925 0.04733521
v 0.11908240 0.41519595 0.07770520
v 0.10430148 0.43686675 0.05327742
v 0.16069438 0.37979014 0.03635683
v 0.16394532 0.36934474 0.05593670
v 0.17018711 0.35394799 0.07239839
v 0.16225483 0.38321542 0.00657517
v 0.16251491 0.38402935 -0.00988651
v 0.16229818 0.38341889 -0.02633644
v 0.16186471 0.38229975 -0.04250395
v 0.16177802 0.38246933 -0.04250395
v -0.12005642 0.43469628 -0.00988651
v -0.12824878 0.42611614 -0.02633644
v -0.12794536 0.42553960 -0.04250395
v -0.11515834 0.43686675 -0.00064961
v -0.13154305 0.39691652 0.07770520
v 0.16450882 0.36300292 0.07770520
v 0.10282773 0.43686675 0.05498360
v 0.11440105 0.41787514 0.07770520
v 0.16936354 0.35394799 0.07770520
v 0.17144414 0.34974270 0.07770520
v 0.17486846 0.34258692 0.07770520
v 0.17521522 0.34340085 0.07239839
v 0.16806317 0.37043000 0.00657517
v 0.16849663 0.37043000 -0.00988651
v 0.16806317 0.37043000 -0.02633644
v 0.16741297 0.37015867 -0.04250395
v -0.12811874 0.42591265 -0.00988651
v -0.12569137 0.42381003 0.00657517
v -0.13410046 0.41746815 -0.04250395
v -0.13423050 0.41790906 -0.02633644
v -0.13414381 0.41767165 -0.00988651
v -0.11286102 0.43686675 0.00657517
v -0.13648448 0.39115121 0.07770520
v -0.11918951 0.40837931 0.07770520
v 0.10365130 0.42397958 0.07770520
v 0.08757000 0.43686675 0.06630322
v 0.08904376 0.43069445 0.07770520
v 0.17798936 0.33437984 0.07770520
v 0.17829277 0.33515984 0.07239839
v 0.17573537 0.34468957 0.05593670
v 0.17335136 0.35523668 0.02302510
v 0.17387150 0.35632194 0.00657517
v 0.17404489 0.35662715 -0.00988651
v 0.17382816 0.35608452 -0.02633644
v 0.17352473 0.35523668 -0.04250395
v -0.13280009 0.41560292 0.00657517
v -0.14198939 0.40624277 -0.04250395
v -0.14224947 0.40586970 -0.04250395
v -0.14229282 0.40620886 -0.02633644
v -0.14220612 0.40597145 -0.00988651
v -0.14688747 0.39667911 0.00296278
v -0.11459484 0.41231330 0.07770520
v -0.10943669 0.41560292 0.07770520
v -0.10609907 0.41763773 0.07770520
v -0.09218506 0.42557352 0.07770520
v -0.08962766 0.42689615 0.07770520
v -0.11108384 0.43686675 0.00945803
v -0.14632398 0.37917971 0.07770520
v 0.08665974 0.43144057 0.07770520
v 0.06533360 0.43686675 0.07770520
v 0.07144536 0.43537457 0.07770520
v 0.08280196 0.43245797 0.07770520
v 0.17933308 0.33061542 0.07770520
v 0.18267071 0.32101787 0.07770520
v 0.18319085 0.32101787 0.07239839
v 0.17660230 0.34699568 0.02302510
v 0.17699240 0.34808093 0.00657517
v 0.17707909 0.34838615 -0.00988651
v 0.17690571 0.34784352 -0.02633644
v 0.17660230 0.34702960 -0.04250395
v -0.14905477 0.37538138 0.07770520
v -0.14771105 0.39779827 -0.04250395
v -0.14775439 0.39796785 -0.02633644
v -0.14758101 0.39776436 -0.00988651
v -0.15429960 0.38687808 -0.00988651
v -0.15980453 0.37497442 0.00657517
v -0.16058475 0.35981505 0.07239839
v -0.08416609 0.42923618 0.07770520
v -0.07345968 0.43286496 0.07770520
v -0.05980575 0.43686675 0.07770520
v 0.18436120 0.31572735 0.07770520
v 0.18388439 0.32101787 0.05593670
v 0.18782885 0.30456975 0.07770520
v 0.18826232 0.30456975 0.07239839
v 0.18041672 0.33749987 0.00657517
v 0.18050341 0.33749987 -0.00988651
v 0.18011330 0.33749987 -0.02633644
v 0.17950645 0.33749987 -0.04250395
v -0.15698705 0.36378293 0.07770520
v -0.15451633 0.38687808 -0.04250395
v -0.15468972 0.38687808 -0.02633644
v -0.16084482 0.37660227 -0.02633644
v -0.16062809 0.37626314 -0.00988651
v -0.16461590 0.36673342 0.00657517
v -0.16370565 0.36490207 0.02302510
v -0.16140832 0.36117157 0.05931376
v -0.16552617 0.35499930 0.05466590
v -0.16526610 0.35157402 0.07239839
v -0.16483263 0.35082792 0.07770520
v -0.16166840 0.35638977 0.07770520
v -0.16015130 0.35903501 0.07770520
v 0.18891251 0.30456975 0.05593670
v 0.18449124 0.32101787 0.03948678
v 0.18908588 0.30009316 0.07770520
v 0.19120983 0.29236087 0.07770520
v 0.19138321 0.29317479 0.07239839
v 0.18501138 0.32101787 0.02302510
v 0.18535815 0.32101787 0.00657517
v 0.18527146 0.32101787 -0.00988651
v 0.18488134 0.32101787 -0.02633644
v 0.18427449 0.32101787 -0.04250395
v -0.16067144 0.37663618 -0.04250395
v -0.16539613 0.36836127 -0.02633644
v -0.16522275 0.36802214 -0.00988651
v -0.17137785 0.35394799 0.00657517
v -0.16981740 0.35394799 0.02302510
v -0.16795353 0.35394799 0.03948678
v -0.17536566 0.33977210 0.03948678
v -0.17250484 0.33749987 0.07239839
v -0.17168128 0.33749987 0.07770520
v 0.19168664 0.29442960 0.05593670
v 0.19194670 0.29527744 0.03948678
v 0.18938930 0.30456975 0.03948678
v 0.19333378 0.28411987 0.07770520
v 0.19355050 0.28493379 0.07239839
v 0.19394061 0.28618860 0.05593670
v 0.18973607 0.30456975 0.02302510
v 0.18986611 0.30456975 0.00657517
v 0.18969273 0.30456975 -0.00988651
v 0.18925927 0.30456975 -0.02633644
v 0.18436120 0.32071265 -0.04250395
v -0.16526610 0.36819169 -0.04250395
v -0.17263488 0.35394799 -0.02633644
v -0.17241815 0.35394799 -0.00988651
v -0.17683942 0.34275647 0.00657517
v -0.17618924 0.34139995 0.02302510
v -0.17913675 0.33156501 0.03948678
v -0.17852991 0.33017454 0.05123000
v -0.17497556 0.33638073 0.05640737
v -0.17787973 0.32871624 0.06219661
v -0.17727288 0.32725797 0.07239839
v -0.17688278 0.32641013 0.07770520
v 0.19415734 0.28707035 0.03948678
v 0.19636799 0.27163966 0.07770520
v 0.19680144 0.27163966 0.07239839
v 0.19758167 0.27163966 0.05593670
v 0.19810181 0.27163966 0.03948678
v 0.19207674 0.29582007 0.02302510
v 0.19424404 0.28761295 0.02302510
v 0.19212009 0.29592179 0.00657517
v 0.19420069 0.28768078 0.00657517
v 0.19199005 0.29537916 -0.00988651
v 0.19402731 0.28713816 -0.00988651
v 0.19172997 0.29432785 -0.02633644
v 0.18856574 0.30456975 -0.04250395
v -0.17220143 0.35421929 -0.04250395
v -0.17233147 0.35394799 -0.04250395
v -0.17731623 0.34377389 -0.02633644
v -0.17722954 0.34363823 -0.00988651
v -0.18035044 0.33451547 0.00657517
v -0.17983028 0.33319286 0.02302510
v -0.18334130 0.32101787 0.03948678
v -0.18108732 0.32234050 0.05640737
v -0.18065386 0.31905089 0.07239839
v -0.18030709 0.31816913 0.07770520
v -0.17800977 0.32373094 0.07770520
v 0.19987899 0.25519154 0.07770520
v 0.20035580 0.25519154 0.07239839
v 0.20126605 0.25519154 0.05593670
v 0.20178621 0.25519154 0.03948678
v 0.19818850 0.27163966 0.02302510
v 0.19801513 0.27163966 0.00657517
v 0.19762501 0.27163966 -0.00988651
v 0.19368054 0.28608685 -0.02633644
v 0.19138321 0.29286958 -0.04250395
v 0.19342046 0.28435725 -0.04250395
v -0.17722954 0.34319738 -0.04250395
v -0.18061051 0.33553289 -0.02633644
v -0.18065386 0.33539723 -0.00988651
v -0.18559528 0.32101787 0.00657517
v -0.18459832 0.32101787 0.02302510
v -0.18914963 0.30456975 0.03948678
v -0.18763253 0.30456975 0.05593670
v -0.18589871 0.30456975 0.07239839
v -0.18386145 0.30836808 0.07770520
v 0.22072832 0.15640120 0.07770520
v 0.20187290 0.25519154 0.02302510
v 0.22077168 0.15640120 0.07239839
v 0.20161282 0.25519154 0.00657517
v 0.19697482 0.27163966 -0.02633644
v 0.20113603 0.25519154 -0.00988651
v 0.19636799 0.27133441 -0.04250395
v -0.18043713 0.33512593 -0.04250395
v -0.18594204 0.32101787 -0.02633644
v -0.18611544 0.32101787 -0.00988651
v -0.19114354 0.30456975 0.00657517
v -0.19027663 0.30456975 0.02302510
v -0.19300742 0.29195391 0.03948678
v -0.19261730 0.28751123 0.05719575
v -0.19088347 0.28808775 0.07239839
v -0.18520517 0.30456975 0.07770520
v -0.19023327 0.28808775 0.07770520
v 0.22237546 0.13995311 0.07770520
v 0.22254885 0.13995311 0.07239839
v 0.20469038 0.23874345 0.00657517
v 0.22176863 0.13995311 0.05593670
v 0.20525386 0.22202403 -0.04250395
v 0.20347669 0.23874345 -0.02633644
v 0.20421357 0.23874345 -0.00988651
v 0.20044249 0.25519154 -0.02633644
v 0.19974895 0.25519154 -0.04250395
v -0.18555194 0.32101787 -0.04250395
v -0.19118689 0.30456975 -0.02633644
v -0.19149031 0.30456975 -0.00988651
v -0.19409106 0.29582007 -0.00988651
v -0.19391767 0.29520961 0.00657517
v -0.19352757 0.29385306 0.02302510
v -0.19530474 0.28374682 0.03948678
v -0.19474125 0.28164417 0.05254788
v -0.19413440 0.27957544 0.06351449
v -0.19370094 0.27760843 0.07239839
v -0.19214049 0.28099980 0.07770520
v 0.22315569 0.12347109 0.07770520
v 0.22337242 0.12347109 0.07239839
v 0.22302565 0.12347109 0.05593670
v 0.21704393 0.09054098 -0.04250395
v 0.20872153 0.19034873 -0.04250395
v 0.20737781 0.20449071 -0.04250395
v 0.20269646 0.23874345 -0.04250395
v -0.19058004 0.30487499 -0.04250395
v -0.19391767 0.29510786 -0.02633644
v -0.19617166 0.28757903 -0.00988651
v -0.19608497 0.28696861 0.00657517
v -0.19578154 0.28561205 0.02302510
v -0.19829560 0.27163966 0.03948678
v -0.19634503 0.27309793 0.05719575
v -0.19560816 0.26936743 0.07239839
v -0.19530474 0.26801088 0.07770520
v -0.19417775 0.27275880 0.07770520
v -0.19344088 0.27577712 0.07770520
v 0.22328573 0.11818058 0.07770520
v 0.22376254 0.10702299 0.07239839
v 0.22358914 0.10702299 0.05593670
v 0.22246215 0.10702299 0.03948678
v 0.22289561 0.09054098 0.03948678
v 0.21704393 0.09040532 -0.04250395
v -0.19361425 0.29422610 -0.04250395
v -0.19370094 0.29392089 -0.04250395
v -0.19595493 0.28686686 -0.02633644
v -0.19942260 0.27163966 -0.02633644
v -0.19976937 0.27163966 -0.00988651
v -0.19963933 0.27163966 0.00657517
v -0.19916252 0.27163966 0.02302510
v -0.20158988 0.25519154 0.03948678
v -0.20024616 0.25519154 0.05593670
v -0.19864237 0.25519154 0.07239839
v -0.19703857 0.25987162 0.07770520
v 0.22350246 0.10702299 0.07770520
v 0.22397926 0.09040532 0.07239839
v 0.22358914 0.10173247 0.07770520
v 0.22376254 0.09054098 0.05593670
v 0.22289561 0.09040532 0.03948678
v -0.21680426 0.09040532 -0.04250395
v -0.19569485 0.28584947 -0.04250395
v -0.19885910 0.27191096 -0.04250395
v -0.20206669 0.25549678 -0.04250395
v -0.20258683 0.25519154 -0.02633644
v -0.20284691 0.25519154 -0.00988651
v -0.20276023 0.25519154 0.00657517
v -0.20237011 0.25519154 0.02302510
v -0.20419064 0.23874345 0.03948678
v -0.20293360 0.23874345 0.05593670
v -0.20150319 0.23874345 0.07239839
v -0.19790548 0.25553070 0.07770520
v -0.20085301 0.23874345 0.07770520
v 0.22371918 0.09054098 0.07770520
v 0.22371918 0.09040532 0.07770520
v 0.22376254 0.09040532 0.05593670
v -0.21884152 0.09040532 0.02302510
v -0.21706434 0.09043924 -0.04250395
v -0.20484082 0.23904866 -0.04250395
v -0.20527428 0.23874345 -0.02633644
v -0.20549101 0.23874345 -0.00988651
v -0.20540432 0.23874345 0.00657517
v -0.20497086 0.23874345 0.02302510
v -0.20713814 0.22226143 0.02302510
v -0.20631458 0.22226143 0.03948678
v -0.20505755 0.22226143 0.05593670
v -0.20367048 0.22226143 0.07239839
v -0.20306364 0.22226143 0.07770520
v -0.21316322 0.09040532 0.07770520
v -0.21706434 0.09054098 -0.04250395
v -0.21814798 0.09040532 0.03934558
v -0.20874195 0.20581333 0.02302510
v -0.20926209 0.20581333 0.00657517
v -0.20943547 0.20581333 -0.00988651
v -0.21025904 0.19604622 -0.00988651
v -0.21017236 0.19496097 -0.02633644
v -0.21008567 0.19329920 -0.04250395
v -0.20722483 0.22226143 -0.04250395
v -0.20752826 0.22226143 -0.02633644
v -0.20774499 0.22226143 -0.00988651
v -0.20761495 0.22226143 0.00657517
v -0.20791837 0.20581333 0.03948678
v -0.20666134 0.20581333 0.05593670
v -0.20527428 0.20581333 0.07239839
v -0.20414728 0.21110386 0.07770520
v -0.20462409 0.20581333 0.07770520
v -0.21416017 0.09040532 0.07226896
v -0.21637080 0.09040532 0.05580727
v -0.20926209 0.20581333 -0.02633644
v -0.20900201 0.20581333 -0.04250395
f 6742 6743 6748
f 6742 6748 6755
f 6742 6755 6762
f 6742 6762 6772
f 6742 6772 6786
f 6742 6786 6804
f 6742 6804 6822
f 6742 6822 6847
f 6742 6847 6870
f 6742 6870 6850
f 6742 6850 6826
f 6742 6826 6807
f 6742 6807 6792
f 6742 6792 6778
f 6742 6778 6765
f 6742 6765 6757
f 6742 6757 6749
f 6742 6749 6744
f 6742 6744 6745
f 6742 6745 6746
f 6742 6746 6743
f 6743 6746 6747
f 6743 6747 6748
f 6744 6749 6750
f 6744 6750 6745
f 6745 6750 6751
f 6745 6751 6752
f 6745 6752 6746
f 6746 6753 6747
f 6746 6752 6754
f 6746 6754 6753
f 6747 6753 6754
f 6747 6754 6761
f 6747 6761 6770
f 6747 6770 6783
f 6747 6783 6800
f 6747 6800 6799
f 6747 6799 6816
f 6747 6816 6835
f 6747 6835 6860
f 6747 6860 6878
f 6747 6878 6901
f 6747 6901 6921
f 6747 6921 6945
f 6747 6945 6965
f 6747 6965 6966
f 6747 6966 6982
f 6747 6982 7001
f 6747 7001 7019
f 6747 7019 6997
f 6747 6997 7018
f 6747 7018 7017
f 6747 7017 7016
f 6747 7016 7036
f 6747 7036 7053
f 6747 7053 7070
f 6747 7070 7082
f 6747 7082 7089
f 6747 7089 7102
f 6747 7102 7090
f 6747 7090 7071
f 6747 7071 7056
f 6747 7056 7055
f 6747 7055 7054
f 6747 7054 7038
f 6747 7038 7037
f 6747 7037 7020
f 6747 7020 7002
f 6747 7002 6983
f 6747 6983 6967
f 6747 6967 6947
f 6747 6947 6946
f 6747 6946 6922
f 6747 6922 6902
f 6747 6902 6880
f 6747 6880 6862
f 6747 6862 6838
f 6747 6838 6837
f 6747 6837 6819
f 6747 6819 6803
f 6747 6803 6785
f 6747 6785 6771
f 6747 6771 6762
f 6747 6762 6755
f 6747 6755 6748
f 6749 6756 6750
f 6749 6757 6756
f 6750 6756 6758
f 6750 6758 6751
f 6751 6758 6759
f 6751 6759 6760
f 6751 6760 6752
f 6752 6760 6761
f 6752 6761 6754
f 6756 6757 6763
f 6756 6763 6764
f 6756 6764 6758
f 6757 6765 6763
f 6758 6764 6766
f 6758 6766 6759
f 6759 6766 6767
f 6759 6767 6768
f 6759 6768 6760
f 6760 6768 6769
f 6760 6769 6761
f 6761 6769 6770
f 6762 6771 6772
f 6763 6773 6774
f 6763 6774 6764
f 6763 6765 6775
f 6763 6775 6773
f 6764 6774 6776
f 6764 6776 6777
f 6764 6777 6767
f 6764 6767 6766
f 6765 6778 6779
f 6765 6779 6775
f 6767 6777 6780
f 6767 6780 6768
f 6768 6780 6781
f 6768 6781 6769
f 6769 6781 6782
f 6769 6782 6770
f 6770 6782 6783
f 6771 6784 6772
f 6771 6785 6784
f 6772 6784 6786
f 6773 6775 6779
f 6773 6779 6791
f 6773 6791 6808
f 6773 6808 6825
f 6773 6825 6827
f 6773 6827 6849
f 6773 6849 6852
f 6773 6852 6851
f 6773 6851 6850
f 6773 6850 6870
f 6773 6870 6869
f 6773 6869 6868
f 6773 6868 6846
f 6773 6846 6845
f 6773 6845 6844
f 6773 6844 6843
f 6773 6843 6842
f 6773 6842 6824
f 6773 6824 6805
f 6773 6805 6823
f 6773 6823 6848
f 6773 6848 6861
f 6773 6861 6879
f 6773 6879 6891
f 6773 6891 6890
f 6773 6890 6889
f 6773 6889 6910
f 6773 6910 6932
f 6773 6932 6956
f 6773 6956 6955
f 6773 6955 6975
f 6773 6975 6991
f 6773 6991 6992
f 6773 6992 7012
f 6773 7012 7030
f 6773 7030 7029
f 6773 7029 7028
f 6773 7028 7047
f 6773 7047 7064
f 6773 7064 7065
f 6773 7065 7080
f 6773 7080 7097
f 6773 7097 7098
f 6773 7098 7081
f 6773 7081 7067
f 6773 7067 7066
f 6773 7066 7050
f 6773 7050 7048
f 6773 7048 7031
f 6773 7031 7013
f 6773 7013 6993
f 6773 6993 6976
f 6773 6976 6957
f 6773 6957 6934
f 6773 6934 6914
f 6773 6914 6895
f 6773 6895 6894
f 6773 6894 6873
f 6773 6873 6871
f 6773 6871 6854
f 6773 6854 6853
f 6773 6853 6828
f 6773 6828 6811
f 6773 6811 6810
f 6773 6810 6809
f 6773 6809 6806
f 6773 6806 6788
f 6773 6788 6787
f 6773 6787 6774
f 6774 6787 6776
f 6776 6787 6788
f 6776 6788 6789
f 6776 6789 6777
f 6777 6790 6780
f 6777 6789 6790
f 6778 6791 6779
f 6778 6792 6791
f 6780 6790 6793
f 6780 6793 6794
f 6780 6794 6795
f 6780 6795 6796
f 6780 6796 6781
f 6781 6796 6797
f 6781 6797 6798
f 6781 6798 6782
f 6782 6798 6799
f 6782 6799 6800
f 6782 6800 6783
f 6784 6801 6786
f 6784 6785 6802
f 6784 6802 6801
f 6785 6803 6802
f 6786 6801 6805
f 6786 6805 6804
f 6788 6806 6789
f 6789 6806 6795
f 6789 6795 6794
f 6789 6794 6793
f 6789 6793 6790
f 6791 6792 6807
f 6791 6807 6808
f 6795 6809 6810
f 6795 6810 6811
f 6795 6811 6812
f 6795 6812 6796
f 6795 6806 6809
f 6796 6812 6813
f 6796 6813 6797
f 6797 6813 6814
f 6797 6814 6815
f 6797 6815 6798
f 6798 6815 6816
f 6798 6816 6799
f 6801 6802 6817
f 6801 6817 6818
f 6801 6818 6805
f 6802 6803 6819
f 6802 6819 6820
f 6802 6820 6821
f 6802 6821 6817
f 6804 6805 6822
f 6805 6817 6823
f 6805 6824 6822
f 6805 6818 6817
f 6807 6825 6808
f 6807 6826 6827
f 6807 6827 6825
f 6811 6828 6812
f 6812 6828 6829
f 6812 6829 6830
f 6812 6830 6813
f 6813 6830 6831
f 6813 6831 6832
f 6813 6832 6814
f 6814 6832 6833
f 6814 6833 6815
f 6815 6833 6834
f 6815 6834 6835
f 6815 6835 6816
f 6817 6821 6836
f 6817 6836 6823
f 6819 6837 6820
f 6820 6837 6838
f 6820 6838 6839
f 6820 6839 6840
f 6820 6840 6821
f 6821 6840 6841
f 6821 6841 6836
f 6822 6824 6842
f 6822 6842 6843
f 6822 6843 6844
f 6822 6844 6845
f 6822 6845 6846
f 6822 6846 6847
f 6823 6836 6848
f 6826 6849 6827
f 6826 6850 6851
f 6826 6851 6852
f 6826 6852 6849
f 6828 6853 6829
f 6829 6853 6854
f 6829 6854 6855
f 6829 6855 6856
f 6829 6856 6830
f 6830 6856 6832
f 6830 6832 6831
f 6832 6856 6857
f 6832 6857 6833
f 6833 6857 6858
f 6833 6858 6859
f 6833 6859 6834
f 6834 6859 6860
f 6834 6860 6835
f 6836 6841 6861
f 6836 6861 6848
f 6838 6862 6839
f 6839 6862 6863
f 6839 6863 6840
f 6840 6863 6864
f 6840 6864 6841
f 6841 6864 6865
f 6841 6865 6866
f 6841 6866 6867
f 6841 6867 6861
f 6846 6868 6847
f 6847 6868 6869
f 6847 6869 6870
f 6854 6871 6855
f 6855 6872 6857
f 6855 6857 6856
f 6855 6871 6873
f 6855 6873 6874
f 6855 6874 6872
f 6857 6872 6875
f 6857 6875 6858
f 6858 6875 6876
f 6858 6876 6859
f 6859 6876 6877
f 6859 6877 6860
f 6860 6877 6878
f 6861 6867 6879
f 6862 6880 6881
f 6862 6881 6863
f 6863 6881 6864
f 6864 6881 6865
f 6865 6881 6882
f 6865 6882 6883
f 6865 6883 6866
f 6866 6883 6884
f 6866 6884 6885
f 6866 6885 6886
f 6866 6886 6867
f 6867 6886 6887
f 6867 6887 6888
f 6867 6888 6889
f 6867 6889 6890
f 6867 6890 6891
f 6867 6891 6879
f 6872 6874 6892
f 6872 6892 6893
f 6872 6893 6875
f 6873 6894 6874
f 6874 6894 6895
f 6874 6895 6896
f 6874 6896 6892
f 6875 6893 6897
f 6875 6897 6898
f 6875 6898 6876
f 6876 6898 6899
f 6876 6899 6900
f 6876 6900 6877
f 6877 6900 6901
f 6877 6901 6878
f 6880 6902 6881
f 6881 6902 6882
f 6882 6902 6903
f 6882 6903 6904
f 6882 6904 6883
f 6883 6904 6884
f 6884 6904 6905
f 6884 6905 6906
f 6884 6906 6907
f 6884 6907 6885
f 6885 6907 6887
f 6885 6887 6886
f 6887 6907 6888
f 6888 6907 6908
f 6888 6908 6909
f 6888 6909 6889
f 6889 6909 6910
f 6892 6897 6893
f 6892 6896 6911
f 6892 6911 6912
f 6892 6912 6913
f 6892 6913 6897
f 6895 6914 6915
f 6895 6915 6896
f 6896 6915 6916
f 6896 6916 6911
f 6897 6913 6898
f 6898 6913 6917
f 6898 6917 6918
f 6898 6918 6899
f 6899 6918 6919
f 6899 6919 6900
f 6900 6919 6920
f 6900 6920 6921
f 6900 6921 6901
f 6902 6922 6903
f 6903 6922 6923
f 6903 6923 6924
f 6903 6924 6904
f 6904 6924 6905
f 6905 6924 6925
f 6905 6925 6926
f 6905 6926 6906
f 6906 6926 6908
f 6906 6908 6907
f 6908 6926 6927
f 6908 6927 6928
f 6908 6928 6929
f 6908 6929 6909
f 6909 6929 6928
f 6909 6928 6930
f 6909 6930 6931
f 6909 6931 6932
f 6909 6932 6910
f 6911 6916 6912
f 6912 6917 6913
f 6912 6916 6933
f 6912 6933 6917
f 6914 6934 6935
f 6914 6935 6915
f 6915 6935 6936
f 6915 6936 6916
f 6916 6936 6937
f 6916 6937 6933
f 6917 6933 6938
f 6917 6938 6918
f 6918 6938 6939
f 6918 6939 6940
f 6918 6940 6919
f 6919 6940 6941
f 6919 6941 6942
f 6919 6942 6920
f 6920 6942 6943
f 6920 6943 6944
f 6920 6944 6945
f 6920 6945 6921
f 6922 6946 6923
f 6923 6946 6947
f 6923 6947 6948
f 6923 6948 6949
f 6923 6949 6924
f 6924 6949 6925
f 6925 6949 6950
f 6925 6950 6951
f 6925 6951 6926
f 6926 6951 6927
f 6927 6951 6952
f 6927 6952 6928
f 6928 6952 6953
f 6928 6953 6954
f 6928 6954 6930
f 6930 6954 6931
f 6931 6954 6955
f 6931 6955 6956
f 6931 6956 6932
f 6933 6937 6939
f 6933 6939 6938
f 6934 6957 6958
f 6934 6958 6935
f 6935 6958 6959
f 6935 6959 6936
f 6936 6959 6960
f 6936 6960 6937
f 6937 6960 6977
f 6937 6977 6961
f 6937 6961 6939
f 6939 6961 6941
f 6939 6941 6940
f 6941 6962 6943
f 6941 6943 6942
f 6941 6961 6962
f 6943 6962 6963
f 6943 6963 6964
f 6943 6964 6944
f 6944 6965 6945
f 6944 6964 6966
f 6944 6966 6965
f 6947 6967 6948
f 6948 6967 6968
f 6948 6968 6969
f 6948 6969 6949
f 6949 6969 6950
f 6950 6969 6970
f 6950 6970 6971
f 6950 6971 6951
f 6951 6971 6952
f 6952 6954 6953
f 6952 6971 6972
f 6952 6972 6973
f 6952 6973 6954
f 6954 6973 6974
f 6954 6974 6975
f 6954 6975 6955
f 6957 6976 6958
f 6958 6976 6959
f 6959 6976 6960
f 6960 6976 6978
f 6960 6978 6977
f 6961 6977 6962
f 6962 6977 6979
f 6962 6979 6963
f 6963 6980 6964
f 6963 6979 6981
f 6963 6981 6980
f 6964 6980 6966
f 6966 6980 6982
f 6967 6983 6968
f 6968 6983 6984
f 6968 6984 6985
f 6968 6985 6969
f 6969 6985 6970
f 6970 6985 6986
f 6970 6986 6987
f 6970 6987 6971
f 6971 6987 6972
f 6972 6987 6988
f 6972 6988 6973
f 6973 6988 6989
f 6973 6989 6990
f 6973 6990 6974
f 6974 6991 6975
f 6974 6990 6992
f 6974 6992 6991
f 6976 6993 6994
f 6976 6994 6978
f 6977 6995 6979
f 6977 6978 6995
f 6978 6994 6996
f 6978 6996 6997
f 6978 6997 6998
f 6978 6998 6999
f 6978 6999 6995
f 6979 6995 6999
f 6979 6999 6981
f 6980 6981 6982
f 6981 6999 7000
f 6981 7000 6982
f 6982 7000 7001
f 6983 7002 6984
f 6984 7002 7003
f 6984 7003 7004
f 6984 7004 6985
f 6985 7004 6986
f 6986 7004 7005
f 6986 7005 7006
f 6986 7006 7007
f 6986 7007 6987
f 6987 7007 6988
f 6988 7007 7008
f 6988 7008 7009
f 6988 7009 6989
f 6989 7009 6990
f 6990 7009 7010
f 6990 7010 7011
f 6990 7011 7012
f 6990 7012 6992
f 6993 7013 7014
f 6993 7014 6994
f 6994 7015 6996
f 6994 7014 7015
f 6996 7015 7016
f 6996 7016 7017
f 6996 7017 7018
f 6996 7018 6997
f 6997 7019 6998
f 6998 7019 7001
f 6998 7001 6999
f 6999 7001 7000
f 7002 7020 7003
f 7003 7020 7021
f 7003 7021 7005
f 7003 7005 7004
f 7005 7021 7022
f 7005 7022 7023
f 7005 7023 7006
f 7006 7023 7024
f 7006 7024 7007
f 7007 7024 7008
f 7008 7024 7025
f 7008 7025 7009
f 7009 7025 7026
f 7009 7026 7010
f 7010 7026 7011
f 7011 7026 7027
f 7011 7027 7028
f 7011 7028 7029
f 7011 7029 7030
f 7011 7030 7012
f 7013 7031 7014
f 7014 7032 7033
f 7014 7033 7015
f 7014 7031 7032
f 7015 7034 7016
f 7015 7033 7034
f 7016 7034 7035
f 7016 7035 7052
f 7016 7052 7036
f 7020 7037 7021
f 7021 7037 7038
f 7021 7038 7039
f 7021 7039 7022
f 7022 7039 7040
f 7022 7040 7041
f 7022 7041 7042
f 7022 7042 7023
f 7023 7042 7043
f 7023 7043 7024
f 7024 7043 7025
f 7025 7043 7044
f 7025 7044 7045
f 7025 7045 7026
f 7026 7045 7046
f 7026 7046 7027
f 7027 7046 7028
f 7028 7046 7047
f 7031 7048 7032
f 7032 7049 7033
f 7032 7048 7050
f 7032 7050 7049
f 7033 7049 7051
f 7033 7051 7035
f 7033 7035 7034
f 7035 7051 7068
f 7035 7068 7052
f 7036 7052 7068
f 7036 7068 7049
f 7036 7049 7067
f 7036 7067 7081
f 7036 7081 7099
f 7036 7099 7100
f 7036 7100 7083
f 7036 7083 7069
f 7036 7069 7053
f 7038 7054 7039
f 7039 7054 7040
f 7040 7054 7055
f 7040 7055 7056
f 7040 7056 7057
f 7040 7057 7041
f 7041 7057 7058
f 7041 7058 7059
f 7041 7059 7042
f 7042 7059 7060
f 7042 7060 7043
f 7043 7060 7044
f 7044 7060 7075
f 7044 7075 7061
f 7044 7061 7062
f 7044 7062 7045
f 7045 7062 7063
f 7045 7063 7046
f 7046 7064 7047
f 7046 7063 7065
f 7046 7065 7064
f 7049 7050 7066
f 7049 7066 7067
f 7049 7068 7051
f 7053 7069 7070
f 7056 7071 7057
f 7057 7071 7072
f 7057 7072 7058
f 7058 7072 7073
f 7058 7073 7074
f 7058 7074 7059
f 7059 7074 7060
f 7060 7074 7075
f 7061 7075 7076
f 7061 7076 7077
f 7061 7077 7078
f 7061 7078 7062
f 7062 7078 7079
f 7062 7079 7063
f 7063 7079 7080
f 7063 7080 7065
f 7069 7082 7070
f 7069 7083 7084
f 7069 7084 7085
f 7069 7085 7086
f 7069 7086 7087
f 7069 7087 7088
f 7069 7088 7089
f 7069 7089 7082
f 7071 7090 7072
f 7072 7090 7091
f 7072 7091 7092
f 7072 7092 7073
f 7073 7092 7074
f 7074 7092 7093
f 7074 7093 7075
f 7075 7093 7076
f 7076 7093 7085
f 7076 7085 7084
f 7076 7084 7094
f 7076 7094 7077
f 7077 7094 7095
f 7077 7095 7078
f 7078 7095 7096
f 7078 7096 7079
f 7079 7096 7080
f 7080 7096 7097
f 7081 7098 7099
f 7083 7100 7096
f 7083 7096 7095
f 7083 7095 7094
f 7083 7094 7084
f 7085 7093 7086
f 7086 7101 7087
f 7086 7093 7092
f 7086 7092 7101
f 7087 7101 7088
f 7088 7101 7089
f 7089 7101 7102
f 7090 7102 7091
f 7091 7102 7101
f 7091 7101 7092
f 7096 7098 7097
f 7096 7100 7098
f 7098 7100 7099

