# https://github.com/mikedh/trimesh
mtllib material.mtl
usemtl material_0
v 0.00515063 0.10173028 0.00037449
v 0.00539045 0.10174325 -0.00010721
v 0.00609527 0.10178480 0.00164469
v -0.00335498 -0.00335186 -0.03387170
v -0.00002734 -0.00472675 -0.03424658
v -0.00274613 -0.00951058 -0.03444384
v -0.00592731 -0.00735008 -0.03398034
v -0.00023113 -0.01124933 -0.03474183
v -0.00614059 -0.00224873 -0.03346329
v -0.00550592 -0.01246678 -0.03437013
v -0.00435053 -0.01489411 -0.03459904
v -0.00020911 -0.01760153 -0.03498367
v -0.00442987 -0.01807364 -0.03470413
v -0.00049720 0.00122871 -0.03358519
v -0.00443587 0.00172452 -0.03317400
v 0.00049837 -0.00140636 -0.03390156
v -0.00043554 0.00490986 -0.03307091
v 0.00018304 0.00331372 -0.03332914
v -0.00671826 0.00222388 -0.03281581
v -0.00464525 0.00705519 -0.03232106
v -0.00046244 0.00852167 -0.03246941
v -0.00740818 -0.00361042 -0.03338556
v -0.00722593 0.00611300 -0.03210959
v -0.00724947 -0.01099764 -0.03397551
v -0.00825642 -0.00705314 -0.03349590
v -0.00793762 0.00133083 -0.03268639
v -0.00574472 -0.01727491 -0.03446379
v -0.00447722 0.01323752 -0.03114619
v -0.00058113 0.01396774 -0.03138206
v -0.00691324 0.01107836 -0.03122358
v 0.00012022 0.01069875 -0.03207332
v 0.00046441 0.00754733 -0.03264139
v 0.00044375 -0.01111079 -0.03472203
v -0.00490083 0.01654671 -0.03034997
v -0.00340235 -0.02694823 -0.03482661
v -0.00024250 -0.02682084 -0.03503515
v -0.00476323 -0.02710453 -0.03471357
v -0.00426349 -0.02999997 -0.03475826
v 0.00008014 -0.03032429 -0.03500770
v 0.00020127 -0.03386535 -0.03503423
v 0.00032793 -0.03837486 -0.03499815
v -0.00336689 -0.03901433 -0.03478890
v -0.00366905 -0.03390367 -0.03480766
v -0.00015709 -0.04150484 -0.03502577
v 0.00052646 -0.01803102 -0.03498748
v 0.00065823 -0.02666721 -0.03502839
v -0.00473488 -0.03357007 -0.03470893
v -0.00479890 -0.03943009 -0.03464975
v -0.00366638 -0.04491407 -0.03479761
v -0.00456392 -0.04731418 -0.03470474
v -0.00361380 -0.05639656 -0.03476293
v -0.00457167 -0.06058578 -0.03467133
v -0.00193371 -0.05155507 -0.03488429
v -0.00030553 -0.05969730 -0.03497020
v -0.00361416 -0.06552851 -0.03478247
v -0.00027428 -0.07340624 -0.03497787
v -0.00421608 -0.07133579 -0.03473266
v -0.00352537 -0.07832837 -0.03481878
v -0.00035029 -0.08175001 -0.03499556
v -0.00024329 -0.05181824 -0.03501960
v -0.00429978 -0.08591989 -0.03469299
v -0.00032291 -0.08591884 -0.03495193
v -0.00485538 -0.08047205 -0.03467265
v -0.00461455 -0.07479071 -0.03469359
v -0.00352736 -0.09074174 -0.03476758
v -0.00357890 -0.11192927 -0.03464635
v -0.00037498 -0.11130053 -0.03483894
v -0.00346092 -0.11664067 -0.03466938
v 0.00004727 -0.11675265 -0.03486405
v -0.00241300 -0.10114004 -0.03478411
v -0.00043662 -0.09708928 -0.03493193
v -0.00367471 -0.10248979 -0.03472082
v -0.00496011 -0.11629952 -0.03452377
v -0.00464605 -0.11124789 -0.03454176
v -0.00458935 -0.09715272 -0.03465568
v -0.00460906 -0.10213734 -0.03464245
v -0.00422461 -0.11786936 -0.03465583
v -0.00007618 -0.12262873 -0.03496294
v -0.00478801 -0.12264899 -0.03463272
v -0.00565198 -0.11919575 -0.03446000
v -0.00607450 -0.06867466 -0.03442382
v -0.00470017 -0.12423620 -0.03456748
v -0.00010540 -0.12470538 -0.03486858
v -0.00598944 -0.02998852 -0.03445928
v 0.00063011 -0.11900292 -0.03491078
v 0.00049502 -0.05064853 -0.03502736
v 0.00065383 -0.04119386 -0.03502624
v -0.00596311 -0.08622303 -0.03440204
v -0.00789539 -0.05647529 -0.03404302
v -0.00772862 -0.07174988 -0.03411289
v -0.00785854 -0.07765770 -0.03409257
v -0.00614387 -0.05518681 -0.03438969
v -0.00794692 -0.03671835 -0.03402962
v -0.00850323 -0.03010027 -0.03391310
v -0.00881618 -0.02711184 -0.03388341
v -0.00771396 -0.04637762 -0.03410120
v -0.00552008 -0.02448506 -0.03454737
v -0.00852988 -0.02365879 -0.03393556
v -0.00788270 -0.01625541 -0.03403221
v 0.00042815 -0.11046231 -0.03484228
v 0.00052865 -0.08089340 -0.03499358
v 0.00055886 -0.05789706 -0.03496667
v 0.00063126 -0.07383921 -0.03498196
v 0.00058985 -0.08682883 -0.03494654
v 0.00054052 -0.09653428 -0.03492644
v -0.00628742 -0.10761137 -0.03428678
v 0.00376624 -0.10893167 -0.03465873
v 0.00439177 -0.11678610 -0.03461246
v 0.00381168 -0.04288647 -0.03476669
v 0.00370896 -0.05003791 -0.03476422
v 0.00370748 -0.05945757 -0.03471896
v 0.00376515 -0.07229206 -0.03473531
v 0.00387580 -0.08302337 -0.03472961
v 0.00390311 -0.09777940 -0.03470030
v 0.00384045 -0.11910248 -0.03474128
v 0.00436383 -0.12261233 -0.03470862
v 0.00418785 -0.12466012 -0.03462684
v 0.00154067 -0.01332160 -0.03474354
v 0.00406034 -0.03052208 -0.03473319
v 0.00502819 -0.02706080 -0.03467431
v -0.00471116 -0.12563762 -0.03441165
v 0.00451326 -0.01780766 -0.03467524
v 0.00527496 -0.01381374 -0.03446177
v 0.00463283 -0.02271854 -0.03467721
v -0.00831850 -0.11039057 -0.03385170
v -0.00782264 -0.11738722 -0.03400305
v -0.00791394 -0.09366402 -0.03402302
v -0.00794875 -0.10190269 -0.03397928
v -0.00886675 -0.08550186 -0.03379687
v -0.00877149 -0.12220316 -0.03383807
v -0.00876536 -0.11707613 -0.03377943
v -0.00899446 -0.09699442 -0.03376218
v -0.00810221 -0.12458690 -0.03387357
v -0.00934120 -0.06839543 -0.03373472
v -0.00899420 -0.04552284 -0.03379720
v -0.00901685 -0.05601639 -0.03378025
v -0.00965872 -0.01359202 -0.03352492
v -0.00915676 -0.01651933 -0.03373585
v -0.00982041 -0.00939424 -0.03325890
v -0.00928359 -0.07718441 -0.03375223
v -0.00953341 -0.07041713 -0.03366053
v -0.00928361 -0.08179303 -0.03371646
v 0.00475448 -0.00758790 -0.03416248
v 0.00524343 -0.00406575 -0.03381391
v 0.00565219 -0.00987852 -0.03421052
v 0.00461951 -0.03895023 -0.03464083
v 0.00503721 -0.03040638 -0.03461853
v -0.00449872 -0.12719225 -0.03417755
v -0.00006585 -0.12586573 -0.03472980
v -0.00970529 -0.03735541 -0.03357927
v -0.01055264 -0.11475680 -0.03330938
v -0.01042469 -0.10929315 -0.03329846
v -0.01043909 -0.09865499 -0.03334909
v -0.01035701 -0.09030882 -0.03337997
v -0.01045718 -0.01693998 -0.03337953
v -0.01053103 -0.04771013 -0.03337352
v -0.01037502 -0.05671646 -0.03338953
v 0.00482952 -0.10823242 -0.03453936
v 0.00524237 -0.04172047 -0.03457471
v 0.00493498 -0.05014224 -0.03460762
v 0.00491369 -0.05945327 -0.03456364
v 0.00492567 -0.06932249 -0.03458012
v 0.00478202 -0.07858382 -0.03460019
v 0.00497509 -0.08798016 -0.03458584
v 0.00495397 -0.09754811 -0.03457049
v 0.00329036 0.00050212 -0.03346405
v 0.00512051 -0.11898576 -0.03459452
v 0.00594899 0.00000992 -0.03326716
v 0.00475121 0.00428770 -0.03280530
v 0.00003776 -0.12816105 -0.03428036
v 0.00451106 -0.12705556 -0.03423563
v -0.00994899 -0.00409014 -0.03277222
v -0.01035591 0.00075391 -0.03209082
v -0.01209549 -0.01350451 -0.03280895
v -0.01188997 -0.00953690 -0.03266584
v -0.01280641 -0.00559953 -0.03204547
v -0.01224136 -0.00075020 -0.03168659
v -0.01039000 -0.02962414 -0.03338008
v -0.00870079 -0.12731205 -0.03332144
v -0.01051617 -0.07389635 -0.03338036
v 0.00043183 0.01381658 -0.03140972
v 0.00001819 0.01597622 -0.03094268
v -0.01228103 -0.08587532 -0.03277943
v -0.01229509 -0.10370597 -0.03276583
v -0.01225419 -0.11031685 -0.03273112
v -0.01227064 -0.09352028 -0.03280082
v -0.01223058 -0.08094421 -0.03282733
v -0.01223319 -0.07057974 -0.03281181
v -0.01222461 -0.03691590 -0.03282024
v -0.01225513 -0.04664943 -0.03283245
v -0.01221442 -0.05746847 -0.03281149
v -0.01220265 -0.02757310 -0.03283328
v -0.01230785 -0.01642555 -0.03279589
v -0.01214640 -0.12129113 -0.03281414
v -0.01243085 -0.11719187 -0.03266820
v -0.01348992 -0.11072063 -0.03229090
v -0.01348223 -0.10274632 -0.03233801
v -0.01346794 -0.09707188 -0.03235510
v -0.01344729 -0.08997477 -0.03237818
v -0.01221330 -0.12396270 -0.03273101
v -0.00940340 -0.12591404 -0.03335887
v -0.01294399 -0.12571903 -0.03232021
v -0.00797698 -0.12823515 -0.03325334
v -0.00809527 0.00863077 -0.03143045
v -0.00779371 0.01182718 -0.03087507
v -0.01033535 0.00580013 -0.03131541
v -0.01322809 -0.12084841 -0.03245241
v -0.00708939 0.01618149 -0.03004283
v -0.01332019 -0.01004706 -0.03221065
v -0.01355254 -0.01621866 -0.03235665
v -0.00055372 0.01841935 -0.03029974
v -0.01338787 -0.06801845 -0.03240174
v -0.01339901 -0.01884255 -0.03239255
v -0.01357838 -0.02560224 -0.03233789
v -0.01344887 -0.03100235 -0.03236518
v -0.01354713 -0.03763770 -0.03233663
v -0.01333647 -0.04638912 -0.03243370
v -0.01353344 -0.05330695 -0.03234500
v -0.01346502 -0.05862598 -0.03234369
v -0.00625198 0.01791039 -0.02977383
v -0.01346572 -0.12407491 -0.03227392
v -0.01346072 -0.08087593 -0.03237382
v -0.01352223 -0.07071842 -0.03232335
v -0.01356690 -0.08621163 -0.03230109
v -0.01302145 0.00187215 -0.03105202
v -0.01276442 -0.12720039 -0.03212907
v -0.01107377 0.01079444 -0.03011566
v -0.01344628 -0.00252965 -0.03146079
v -0.01410669 -0.11734236 -0.03202484
v -0.00461985 0.01912586 -0.02969660
v -0.00968329 0.01377236 -0.02988243
v -0.01315494 0.00664473 -0.03019211
v -0.01225567 -0.12819313 -0.03203788
v -0.00459100 -0.12878366 -0.03375543
v 0.00457142 0.00945952 -0.03194145
v -0.00494232 0.02200434 -0.02881278
v 0.00509211 0.01258399 -0.03127052
v 0.00358671 0.01598978 -0.03066248
v 0.00517344 0.01441363 -0.03086080
v 0.00507159 -0.12586687 -0.03435656
v 0.00614008 -0.12135852 -0.03443236
v -0.00052905 0.02297612 -0.02892085
v 0.00618825 0.00345786 -0.03273309
v 0.00057181 0.01918310 -0.03007006
v 0.00327286 0.01985622 -0.02965688
v 0.00773091 -0.12391998 -0.03408012
v 0.00610234 -0.01680958 -0.03437609
v 0.00590732 0.00807750 -0.03200346
v 0.00814755 -0.12035637 -0.03405707
v 0.00807452 -0.00530087 -0.03341493
v 0.00792177 -0.00887142 -0.03372253
v 0.00781151 -0.11729457 -0.03401395
v 0.00799550 -0.11355238 -0.03393952
v 0.00628441 -0.09280903 -0.03431043
v 0.00621236 -0.03851458 -0.03429887
v 0.00780925 -0.04344568 -0.03398347
v 0.00624838 -0.04386287 -0.03431197
v 0.00615459 -0.05136536 -0.03430909
v 0.00784673 -0.06029256 -0.03395406
v 0.00614661 -0.05936859 -0.03429735
v 0.00617164 -0.07409189 -0.03429808
v 0.00861994 -0.08065230 -0.03378694
v 0.00630748 -0.08180819 -0.03428229
v 0.00841206 -0.08705364 -0.03386845
v 0.00803476 -0.10186954 -0.03392802
v 0.00780476 -0.02718093 -0.03403365
v 0.00629797 -0.02768041 -0.03433026
v 0.00615832 -0.02297328 -0.03434978
v 0.00807947 -0.01704788 -0.03399062
v 0.00870639 -0.01378650 -0.03378018
v -0.00480784 0.02716936 -0.02717694
v -0.00052083 0.04022221 -0.02355657
v -0.00050837 0.03486410 -0.02518500
v -0.00368752 0.03687206 -0.02427620
v -0.00402613 0.04343952 -0.02228921
v -0.00057323 0.04456483 -0.02230345
v -0.00457619 0.03204078 -0.02568268
v -0.00054440 0.03008231 -0.02668963
v -0.00050989 0.02660748 -0.02776054
v -0.00351497 0.04734973 -0.02128026
v -0.00049154 0.04881737 -0.02113717
v -0.00391571 0.05045240 -0.02042599
v -0.00018733 0.05680108 -0.01920376
v -0.00341153 0.06065838 -0.01796865
v -0.00037327 0.06097931 -0.01818174
v -0.00343468 0.05545406 -0.01923415
v -0.00325365 0.06461874 -0.01707853
v -0.00344587 0.06883341 -0.01611040
v -0.00049621 0.06568672 -0.01711237
v -0.00045726 0.06983287 -0.01625957
v -0.00237871 0.07589210 -0.01489767
v -0.00027469 0.07671542 -0.01495142
v -0.00259360 0.07955914 -0.01425086
v -0.00032826 0.08032555 -0.01436354
v -0.00313911 0.08258768 -0.01373911
v -0.00033578 0.08459031 -0.01376428
v -0.00242605 0.08763346 -0.01321168
v -0.00034999 0.09057704 -0.01318596
v -0.00245084 0.09304090 -0.01279025
v -0.00148986 0.09658871 -0.01269682
v -0.00014002 0.09741246 -0.01279705
v -0.00250366 0.09890503 -0.01244656
v -0.00033201 0.10489567 -0.01250642
v -0.00211620 0.10497149 -0.01226722
v -0.00302101 0.09106915 -0.01286373
v -0.00211301 0.10942060 -0.01220581
v -0.00034513 0.10996070 -0.01243190
v 0.00061064 0.11048445 -0.01243298
v 0.00081126 0.10511171 -0.01250491
v 0.00059191 0.09704298 -0.01280297
v 0.00069381 0.09213279 -0.01307078
v 0.00072866 0.08771064 -0.01340541
v 0.00028852 0.08450313 -0.01378321
v 0.00060023 0.07976978 -0.01442947
v 0.00057033 0.07658167 -0.01496218
v -0.00359041 0.08604238 -0.01314901
v -0.00237135 0.11465449 -0.01231561
v -0.00048704 0.11465503 -0.01255718
v 0.00070311 0.11482035 -0.01256386
v 0.00059727 0.06958684 -0.01630279
v 0.00069918 0.06566084 -0.01709578
v 0.00057217 0.06130222 -0.01809415
v -0.00382801 0.07954635 -0.01402146
v -0.00357896 0.07479643 -0.01489946
v -0.00351233 0.10983648 -0.01193623
v -0.00355692 0.10453141 -0.01198089
v -0.00349038 0.09210013 -0.01266018
v -0.00358859 0.09936420 -0.01217395
v 0.00261130 0.08369349 -0.01361906
v 0.00272741 0.08041852 -0.01406042
v 0.00055256 0.05707302 -0.01912716
v 0.00052057 0.04791556 -0.02134184
v 0.00230849 0.09661724 -0.01262691
v 0.00264836 0.07540235 -0.01493253
v 0.00295936 0.09131759 -0.01280054
v 0.00271054 0.08743404 -0.01315292
v 0.00048068 0.04316229 -0.02267884
v 0.00255753 0.06920188 -0.01614293
v 0.00267627 0.06435901 -0.01715568
v 0.00169351 0.10938914 -0.01230123
v 0.00233105 0.11320398 -0.01225556
v 0.00271767 0.06020283 -0.01813862
v 0.00382392 0.05519510 -0.01919932
v 0.00377287 0.05083261 -0.02026293
v 0.00280060 0.10123940 -0.01234781
v 0.00278176 0.10864494 -0.01213835
v 0.00063321 0.03513293 -0.02509863
v 0.00056031 0.02656999 -0.02777525
v 0.00364305 0.04719816 -0.02122912
v 0.00369179 0.04301653 -0.02245043
v 0.00393357 0.03826136 -0.02384702
v 0.00365738 0.03084218 -0.02616583
v 0.00497050 0.02495238 -0.02789925
v 0.00531890 0.01739146 -0.03009998
v -0.00457836 0.04716330 -0.02112324
v 0.00270162 0.11478553 -0.01227293
v 0.00382875 0.07496186 -0.01479369
v 0.00383216 0.08088710 -0.01377229
v 0.00402938 0.06871286 -0.01597655
v 0.00366360 0.06379210 -0.01711936
v 0.00392609 0.05754865 -0.01860553
v 0.00392994 0.05981231 -0.01803877
v 0.00379505 0.09806871 -0.01224731
v 0.00379335 0.08665245 -0.01299141
v 0.00533613 0.02107044 -0.02904860
v 0.00856957 -0.00107873 -0.03281176
v -0.00353348 0.11468202 -0.01205282
v -0.00452653 0.08530656 -0.01292353
v -0.00481764 0.03855695 -0.02357852
v -0.00491869 0.03463217 -0.02479190
v 0.00410835 0.10470231 -0.01191004
v 0.00816575 0.01066925 -0.03101235
v 0.00460948 0.03537966 -0.02465024
v -0.00444387 0.06405630 -0.01692116
v -0.00443947 0.05943409 -0.01802281
v -0.00452610 0.07035248 -0.01549967
v -0.00452233 0.05367879 -0.01944003
v -0.00564292 0.02478088 -0.02780554
v -0.00571949 0.02952676 -0.02625963
v 0.00794865 0.00377551 -0.03228233
v -0.00508483 0.07793473 -0.01384563
v -0.00746083 0.02354760 -0.02779084
v 0.00523362 0.02842702 -0.02674415
v 0.00512227 0.03274157 -0.02536572
v 0.00376208 0.09041143 -0.01266078
v 0.00459825 0.08417149 -0.01302325
v 0.00406017 0.10922443 -0.01183344
v 0.00411894 0.11309774 -0.01183116
v 0.00956849 -0.00886609 -0.03331687
v -0.00822172 0.02054032 -0.02851786
v -0.00629167 0.04371530 -0.02162454
v 0.00845299 0.01550423 -0.02987436
v -0.00614544 0.04843190 -0.02032299
v -0.00748163 0.02934013 -0.02589511
v 0.00473732 0.03912131 -0.02344638
v -0.00427467 0.09855476 -0.01198160
v -0.00948118 0.01779367 -0.02891825
v 0.00941269 -0.11677793 -0.03359685
v 0.00901574 -0.05242456 -0.03368869
v 0.00907658 -0.06448742 -0.03365776
v 0.00892463 -0.03446221 -0.03372435
v 0.00905690 -0.04440471 -0.03368730
v 0.00891582 -0.02705279 -0.03376610
v 0.00916532 -0.01693427 -0.03371974
v -0.00822409 0.03223486 -0.02470187
v -0.00429960 0.11501496 -0.01182024
v -0.00765666 0.04036201 -0.02225228
v -0.00824906 0.03850348 -0.02266181
v -0.00635276 0.05300973 -0.01905419
v -0.00637736 0.05736090 -0.01792243
v -0.00620297 0.06229200 -0.01673436
v -0.00623725 0.06606016 -0.01582584
v -0.00586782 0.07135878 -0.01480709
v -0.00810174 0.02610314 -0.02678919
v -0.00462651 0.09053744 -0.01235881
v -0.00579006 0.08473021 -0.01252013
v -0.00645373 0.08091515 -0.01287240
v -0.00628973 0.08896721 -0.01177230
v -0.00638941 0.07281841 -0.01428488
v -0.00465150 0.10432273 -0.01159340
v -0.00461267 0.11123395 -0.01155020
v -0.01213673 0.01295645 -0.02923136
v -0.01237383 0.01738943 -0.02797048
v -0.00806953 0.04315158 -0.02123708
v -0.00847089 0.04673032 -0.02000115
v -0.00810501 0.05062947 -0.01904275
v 0.01035255 0.00180054 -0.03193691
v -0.01040085 0.02164424 -0.02744742
v -0.01310512 0.02085206 -0.02666865
v 0.00923054 -0.12202241 -0.03376177
v 0.00914768 -0.09752222 -0.03366266
v 0.00922464 -0.10749982 -0.03361336
v 0.01062666 0.00655333 -0.03109466
v 0.01039468 -0.00533961 -0.03279211
v 0.01217315 -0.00099623 -0.03178833
v 0.00454620 0.04582815 -0.02143963
v 0.00472748 0.04272503 -0.02231958
v 0.00474585 0.04925523 -0.02043298
v 0.00944273 -0.11895882 -0.03366666
v 0.00532105 0.05353651 -0.01917930
v 0.00648976 0.05710041 -0.01794860
v 0.00699308 0.05141776 -0.01920317
v 0.00876109 0.01890675 -0.02886748
v 0.00576295 0.02447116 -0.02788331
v 0.00844224 0.02222078 -0.02792100
v 0.00421276 0.11504059 -0.01193671
v 0.00007838 0.11562041 -0.01275736
v -0.00214670 0.11594345 -0.01263129
v 0.00233365 0.11598467 -0.01263171
v 0.01239681 -0.01123216 -0.03262238
v 0.00852325 -0.12610145 -0.03364452
v 0.01080867 -0.08543735 -0.03320147
v 0.01107823 -0.05195635 -0.03310056
v 0.01238441 -0.05212594 -0.03270360
v 0.01121252 -0.05966722 -0.03303351
v 0.01236105 -0.06142469 -0.03267007
v 0.01083061 -0.07924959 -0.03314985
v 0.01241258 -0.07787592 -0.03265634
v 0.01233468 -0.08457142 -0.03272747
v 0.01240925 -0.09312943 -0.03266666
v 0.01234270 -0.10567575 -0.03264972
v 0.01228337 -0.11686746 -0.03270078
v 0.01241745 -0.03812798 -0.03272657
v 0.01101080 -0.03084137 -0.03314477
v 0.01248800 -0.01776627 -0.03270300
v 0.01246840 -0.02397723 -0.03272558
v 0.01256057 -0.03204774 -0.03265841
v 0.01294407 -0.00597320 -0.03209195
v 0.01302451 -0.00909571 -0.03230856
v 0.01020088 0.01247668 -0.03004328
v 0.00451411 0.06408744 -0.01681377
v 0.01233259 0.00435175 -0.03093538
v 0.01250968 -0.01645539 -0.03272650
v -0.01496334 0.00950793 -0.02889124
v -0.00406737 0.11564335 -0.01209055
v -0.00711524 0.07777888 -0.01302154
v -0.00828968 0.05534372 -0.01766815
v -0.00812176 0.05785063 -0.01707523
v -0.01179905 0.02601926 -0.02551412
v -0.01280624 0.02382906 -0.02584180
v -0.01595752 0.00552038 -0.02919208
v 0.00649747 0.04579775 -0.02089964
v 0.00752175 0.03988637 -0.02247528
v 0.00861663 0.03228287 -0.02457936
v 0.00608205 0.03077352 -0.02574135
v 0.00863143 0.02932523 -0.02555265
v 0.00844133 0.02615230 -0.02664482
v 0.00833580 0.03619389 -0.02339579
v 0.00924816 -0.12478342 -0.03360574
v 0.01283841 -0.11929060 -0.03260013
v 0.01273629 0.00886466 -0.02995934
v 0.01228920 -0.12284515 -0.03277884
v 0.01321606 0.00317463 -0.03080946
v -0.00574749 0.09386470 -0.01162214
v -0.00575676 0.10299487 -0.01114802
v -0.01597565 -0.00644621 -0.03075462
v -0.01481163 0.01406546 -0.02785431
v -0.01478903 0.01794211 -0.02676009
v 0.00870045 -0.12801482 -0.03320621
v 0.00665085 0.05984755 -0.01715219
v 0.00583963 0.06265840 -0.01669751
v 0.00590227 0.06649994 -0.01577054
v 0.00462999 0.07190066 -0.01512974
v 0.00486673 0.07640514 -0.01417874
v 0.00473468 0.09572617 -0.01200118
v 0.00477027 0.08880679 -0.01244681
v 0.01326452 -0.01315329 -0.03237389
v 0.01091532 0.01558196 -0.02902575
v 0.01335044 0.01146848 -0.02912349
v 0.00469746 -0.12909961 -0.03367856
v 0.01278989 -0.12492670 -0.03247313
v 0.01349092 -0.00154622 -0.03137091
v -0.00910233 0.04063309 -0.02160378
v 0.00653625 0.08014343 -0.01287825
v -0.01050007 0.03173082 -0.02403019
v -0.00861507 0.03639898 -0.02320281
v -0.01618428 0.00065646 -0.02982444
v -0.01680584 -0.00328295 -0.03003329
v 0.00613485 0.07721964 -0.01352923
v 0.00652062 0.07110926 -0.01457101
v 0.01322276 -0.10492411 -0.03232132
v 0.01331673 -0.11719460 -0.03230669
v 0.01098690 0.02293575 -0.02683027
v 0.01092124 0.02792380 -0.02519829
v 0.00858494 0.04404046 -0.02076776
v 0.00850277 0.04640094 -0.02008354
v 0.00809803 0.05031233 -0.01909860
v 0.00816826 0.05472533 -0.01786649
v 0.00643060 0.08442372 -0.01226647
v 0.00653823 0.08822105 -0.01173966
v 0.01339019 -0.02486248 -0.03237276
v 0.01348853 -0.03313603 -0.03229316
v 0.01326878 -0.04829155 -0.03236305
v 0.01337320 -0.01691364 -0.03238916
v 0.01327797 -0.07850014 -0.03232450
v 0.01340873 -0.08469034 -0.03231637
v 0.01337307 -0.09191138 -0.03229133
v 0.01333917 -0.06270217 -0.03228723
v 0.01260484 0.01749823 -0.02786480
v 0.01292507 -0.12697255 -0.03210837
v 0.01349233 -0.12193011 -0.03232374
v 0.00760764 0.06379288 -0.01569121
v 0.00761449 0.06709853 -0.01491416
v 0.00877817 0.04131660 -0.02155207
v 0.00891733 0.03801898 -0.02257439
v 0.00642689 0.09209266 -0.01145936
v 0.01324431 0.02063135 -0.02665361
v 0.01263222 0.02473775 -0.02559721
v 0.00583234 0.09807194 -0.01140048
v 0.01080931 0.03573372 -0.02255275
v 0.00003389 -0.12977654 -0.03376381
v -0.00369578 -0.13053244 -0.03324321
v 0.00587292 0.10556655 -0.01110598
v 0.01427215 0.01399018 -0.02807440
v 0.01631200 -0.01009461 -0.03090461
v 0.01615173 -0.11701975 -0.03105242
v 0.01646328 -0.11907372 -0.03099808
v 0.01511793 -0.10300447 -0.03149784
v 0.01579924 -0.09594124 -0.03122259
v 0.01629480 -0.10793477 -0.03093637
v 0.01652791 -0.12212111 -0.03098185
v 0.01561866 -0.00598309 -0.03088885
v 0.01683760 -0.00226231 -0.02992380
v 0.01740180 -0.00424568 -0.02987281
v 0.01641828 -0.07819352 -0.03094793
v 0.01643088 -0.08569900 -0.03096215
v 0.01670001 -0.09499322 -0.03078760
v 0.01670055 -0.03878027 -0.03086884
v 0.01635504 -0.04974653 -0.03098673
v 0.01571108 -0.02927861 -0.03133012
v 0.01639627 -0.06197656 -0.03095272
v 0.01648387 -0.01639686 -0.03100135
v 0.01231418 -0.12825167 -0.03200545
v 0.00655542 0.11135137 -0.01067740
v 0.00653751 0.11462629 -0.01074440
v 0.01709026 0.00182618 -0.02923225
v 0.01642659 0.00575574 -0.02885895
v 0.01289285 0.02725815 -0.02462563
v 0.01207515 0.03159455 -0.02343124
v 0.00377471 0.11597207 -0.01229829
v 0.00830415 0.05763654 -0.01701742
v 0.01671563 -0.02698513 -0.03085141
v 0.01672052 -0.01781624 -0.03085618
v 0.01627368 -0.12497335 -0.03092722
v 0.01522094 -0.12712867 -0.03105961
v 0.00716303 0.07776739 -0.01294695
v 0.00740881 0.07234420 -0.01389880
v 0.00851268 0.06751081 -0.01431035
v 0.01448035 0.01827917 -0.02679820
v 0.00865524 -0.12989652 -0.03264460
v 0.01618064 0.01029791 -0.02799702
v 0.01609601 0.01345793 -0.02722935
v 0.00446867 -0.13065213 -0.03316334
v -0.00886328 -0.12914845 -0.03280059
v 0.01122388 0.04101711 -0.02053168
v 0.00854612 0.06003899 -0.01620581
v 0.00897710 0.04780961 -0.01944324
v 0.00930362 0.05152817 -0.01817918
v 0.00809392 0.08222986 -0.01170889
v 0.01363499 0.02328590 -0.02560697
v -0.01682200 -0.04308959 -0.03092755
v -0.01678551 -0.05131530 -0.03091504
v -0.01671456 -0.06366593 -0.03090122
v -0.01674828 -0.07167600 -0.03085359
v -0.01677899 -0.07983340 -0.03086945
v -0.01673597 -0.08445717 -0.03086236
v -0.01678497 -0.09310737 -0.03088101
v -0.01676125 -0.10076257 -0.03085645
v -0.01666068 -0.11174674 -0.03087382
v -0.01636305 -0.11733460 -0.03101572
v -0.01643276 -0.12185056 -0.03104258
v -0.01683819 -0.03014769 -0.03087516
v -0.01684874 -0.02594942 -0.03089368
v -0.01677880 -0.01713604 -0.03089560
v -0.01686282 -0.03677266 -0.03086479
v -0.01658164 -0.01381662 -0.03092878
v -0.01645910 -0.01000785 -0.03081218
v -0.00827411 0.06082362 -0.01616391
v -0.00493001 -0.13059781 -0.03306812
v -0.00941502 0.04384462 -0.02045075
v -0.01203085 0.03758749 -0.02133228
v -0.01270604 0.03137750 -0.02323194
v -0.01269165 0.03398930 -0.02232482
v -0.01326084 0.02657363 -0.02466459
v -0.00721850 0.08445802 -0.01188195
v -0.00628084 0.11024021 -0.01079166
v -0.00629163 0.11467579 -0.01083346
v -0.00002236 -0.13118877 -0.03324221
v 0.00465657 0.11588299 -0.01194672
v -0.00821578 0.06697355 -0.01466373
v -0.00815020 0.07222613 -0.01353298
v -0.01170917 -0.12938691 -0.03182831
v -0.01640090 -0.12487034 -0.03088058
v -0.00896919 0.05078683 -0.01859133
v -0.00654951 0.10250622 -0.01076314
v -0.01107260 0.04294963 -0.01990033
v -0.01035317 0.04634096 -0.01918839
v -0.00710721 0.09560376 -0.01078172
v -0.01740898 -0.00975548 -0.03030841
v 0.01796174 -0.01180771 -0.03012963
v -0.01793770 -0.11885834 -0.03023863
v -0.01775866 -0.11670326 -0.03027740
v -0.01789184 -0.10456610 -0.03022464
v -0.01770266 -0.01388955 -0.03034649
v -0.01771119 -0.01690404 -0.03040202
v -0.01563796 0.01011750 -0.02839274
v 0.01118076 0.04511652 -0.01916620
v 0.01260675 0.03452071 -0.02215459
v 0.01283559 0.03687454 -0.02121406
v 0.01318974 0.03077556 -0.02318866
v 0.00682270 0.10501550 -0.01063539
v -0.00037918 0.11803412 -0.01365150
v -0.00313080 0.11707935 -0.01295266
v -0.00331434 0.11795471 -0.01322278
v -0.00041323 0.11847763 -0.01370533
v -0.00376166 0.11888791 -0.01315194
v -0.00314934 0.12020733 -0.01289915
v 0.00020197 0.11974835 -0.01347121
v 0.00077087 0.11855812 -0.01369167
v -0.00035830 0.12160118 -0.01287791
v 0.00062781 0.12155296 -0.01287945
v 0.00048721 0.12284902 -0.01295247
v -0.00008379 0.12300199 -0.01297169
v 0.00052490 0.12497865 -0.01303955
v 0.00047620 0.12888869 -0.01307564
v -0.00022403 0.12846849 -0.01302309
v -0.00029782 0.13319321 -0.01294204
v 0.00039337 0.13275080 -0.01300845
v 0.00061240 0.13537371 -0.01276520
v -0.00025955 0.13567434 -0.01264615
v -0.00162222 0.13516898 -0.01244996
v 0.00053724 0.13594676 -0.01259534
v -0.00282015 0.12440026 -0.01251115
v -0.00102044 0.13161498 -0.01281495
v -0.00312809 0.12968683 -0.01242548
v -0.00314823 0.13263201 -0.01231158
v 0.00230639 0.13255061 -0.01261769
v 0.00273809 0.13513868 -0.01233425
v 0.00071107 0.11791697 -0.01360416
v 0.00272347 0.12899125 -0.01261435
v 0.00359052 0.11971285 -0.01294210
v 0.00354768 0.12175296 -0.01234136
v 0.00277523 0.12457839 -0.01260310
v 0.00360142 0.12081468 -0.01252403
v -0.00406872 0.12264274 -0.01213401
v -0.00433963 0.12542307 -0.01208559
v -0.00419384 0.12190842 -0.01211501
v 0.00356903 0.11884562 -0.01321017
v 0.00376738 0.11795364 -0.01312776
v -0.00389670 0.13506187 -0.01185928
v 0.00396695 0.13264166 -0.01219248
v 0.00391064 0.12879064 -0.01233845
v 0.00404336 0.12488335 -0.01228855
v 0.00214013 0.13613886 -0.01220865
v 0.00423630 0.13520792 -0.01191118
v -0.00195670 0.13609295 -0.01210754
v -0.00387185 0.13580921 -0.01166537
v -0.00431124 0.13383935 -0.01184340
v -0.00442537 0.13124264 -0.01197356
v -0.00509223 0.11850412 -0.01271057
v 0.00484689 0.11894637 -0.01279256
v 0.00432394 0.13623470 -0.01155416
v 0.00473613 0.13349212 -0.01186042
v 0.00463876 0.12145500 -0.01202113
v 0.00473424 0.12359814 -0.01201175
v 0.00478780 0.13001843 -0.01197592
v -0.00050407 0.13679971 -0.01208241
v 0.00080442 0.13682511 -0.01213177
v 0.00370966 0.13674123 -0.01152594
v 0.00522043 0.11842791 -0.01263006
v -0.00621630 0.11991347 -0.01190496
v -0.00274242 0.13671590 -0.01159302
v -0.00568829 0.12414381 -0.01146883
v -0.00560781 0.13469774 -0.01112714
v -0.00547258 0.13089461 -0.01145229
v -0.00604538 0.12218848 -0.01120257
v -0.00615271 0.13609132 -0.01052026
v -0.00430644 0.11744152 -0.01275981
v -0.00725713 0.11851058 -0.01162637
v 0.00661704 0.11909581 -0.01192935
v -0.00494658 0.13659268 -0.01086340
v 0.01793764 -0.00882408 -0.02996232
v -0.01778171 -0.12209823 -0.03033276
v -0.01765376 -0.12497452 -0.03021225
v -0.01733997 0.00021009 -0.02925876
v -0.01439694 0.02247915 -0.02548135
v -0.00661516 0.12386737 -0.01097536
v -0.00862376 -0.13151829 -0.03196222
v -0.01758660 -0.01936737 -0.03044221
v -0.01780841 -0.08434457 -0.03028741
v -0.01800924 -0.09109021 -0.03020965
v -0.01698021 -0.12732565 -0.03017878
v -0.00838439 0.08022991 -0.01190944
v -0.00840145 0.07756303 -0.01232082
v -0.01372123 -0.12827979 -0.03146034
v -0.00659842 0.13470749 -0.01057253
v -0.01763813 -0.05989065 -0.03041340
v -0.01787912 -0.07108798 -0.03023134
v -0.01785958 -0.02682206 -0.03032563
v -0.01794548 -0.03592058 -0.03025500
v -0.01772376 -0.04294381 -0.03041136
v -0.01044950 0.05240072 -0.01731255
v -0.01009401 0.05851963 -0.01573552
v -0.01010412 0.06226186 -0.01466386
v -0.00667225 0.13069473 -0.01077222
v -0.01839770 0.00485462 -0.02787922
v -0.01449773 0.02781664 -0.02355395
v 0.00829499 -0.13155167 -0.03207633
v -0.01890829 -0.09834688 -0.02960681
v -0.00627095 0.11780402 -0.01199751
v -0.01497735 0.02979509 -0.02253409
v -0.01310798 0.03488868 -0.02172578
v -0.00689987 0.12205820 -0.01077566
v -0.00803868 0.12271092 -0.00990367
v -0.00637011 0.11585479 -0.01107465
v -0.01266146 0.03826380 -0.02073778
v 0.01806649 -0.06803996 -0.03009338
v 0.01805267 -0.02176713 -0.03013126
v 0.01794127 -0.02972836 -0.03020726
v 0.01801639 -0.03846221 -0.03015974
v 0.01803857 -0.04867113 -0.03007563
v 0.01814204 -0.05800696 -0.03002133
v 0.01775310 -0.00184200 -0.02937601
v -0.00447931 -0.13201136 -0.03250942
v -0.00005740 -0.13198674 -0.03287973
v 0.01760036 -0.11663601 -0.03025937
v 0.00721850 0.09820495 -0.01065045
v 0.01811161 -0.01725567 -0.03013031
v -0.00911978 0.06700545 -0.01411027
v -0.01276977 -0.13044636 -0.03107528
v -0.00794334 0.12033985 -0.01075312
v -0.00857008 0.11898753 -0.01069772
v -0.00904803 0.06239248 -0.01530331
v -0.01925188 -0.12400076 -0.02934789
v -0.01279131 0.04399445 -0.01854525
v -0.01263546 0.04793413 -0.01734767
v -0.01148670 0.05266929 -0.01660809
v -0.01261256 0.04138960 -0.01959031
v -0.01751258 0.01419971 -0.02617515
v -0.02031186 0.01285967 -0.02474061
v -0.01990513 0.00957251 -0.02586814
v -0.01971829 -0.11697469 -0.02907871
v -0.01896829 -0.10967275 -0.02954854
v -0.01958273 -0.10220556 -0.02917161
v -0.01918005 0.00042567 -0.02807359
v -0.01784694 0.01852746 -0.02470136
v -0.01664186 0.02341176 -0.02382431
v -0.01865025 -0.05922769 -0.02979670
v -0.00796036 0.09060337 -0.01060990
v -0.00833938 0.08718202 -0.01074523
v -0.01932250 -0.00342877 -0.02846253
v -0.01978460 -0.00880205 -0.02870702
v 0.00424392 -0.13205574 -0.03256156
v 0.00648572 0.11793730 -0.01187918
v -0.00922870 0.07206202 -0.01287993
v -0.01061662 0.06769050 -0.01290308
v -0.01045302 0.06484753 -0.01376093
v -0.01970755 -0.09083152 -0.02914567
v -0.01975300 -0.06632422 -0.02905780
v -0.01884487 -0.07154079 -0.02960775
v -0.01964973 -0.08383849 -0.02909477
v -0.02136216 -0.11940857 -0.02808746
v -0.02133910 -0.12162794 -0.02812333
v -0.02137691 -0.12403650 -0.02799007
v -0.01959208 -0.01369581 -0.02913019
v -0.00811562 0.13547737 -0.00941089
v -0.01953638 -0.01717980 -0.02923680
v -0.01960656 -0.02466556 -0.02918728
v -0.02020667 -0.04331265 -0.02880297
v -0.01995335 -0.05673616 -0.02895320
v -0.01993095 -0.03630065 -0.02896154
v -0.00822117 0.13290824 -0.00963119
v -0.00903480 0.08360381 -0.01081831
v -0.02153587 0.00394033 -0.02596319
v -0.02121595 0.00108975 -0.02664157
v -0.02123967 0.00686562 -0.02558493
v -0.02140786 0.00965572 -0.02475161
v 0.01269211 -0.13023730 -0.03122253
v 0.01171925 -0.13154091 -0.03099028
v 0.01727164 -0.12616217 -0.03026266
v 0.00886904 0.06289390 -0.01522369
v 0.01779969 -0.07828178 -0.03020302
v 0.01784305 -0.10439175 -0.03010821
v 0.01792842 -0.09565759 -0.03011763
v 0.01785270 -0.08675155 -0.03017779
v 0.01344687 -0.12884581 -0.03138651
v 0.01820004 -0.12404307 -0.02996342
v 0.01840644 -0.12149893 -0.02993481
v 0.01862332 -0.11918390 -0.02977959
v 0.01278510 0.03903640 -0.02044576
v 0.01273042 0.04145149 -0.01956497
v 0.00836992 0.07658288 -0.01249928
v 0.01053111 0.05445354 -0.01661469
v 0.01749106 0.00613206 -0.02816963
v 0.00675035 0.12123225 -0.01101485
v 0.00648575 0.12197942 -0.01095831
v 0.01703285 -0.12767384 -0.03007585
v 0.00664809 0.11591850 -0.01097329
v 0.01168194 0.04980806 -0.01734960
v 0.01258950 0.04472058 -0.01846531
v 0.00884315 0.07732942 -0.01202581
v 0.01705665 0.01733723 -0.02558234
v 0.00830103 0.08872320 -0.01064497
v 0.00792458 0.09263628 -0.01052885
v 0.00858954 0.08570500 -0.01082690
v 0.01893015 0.00847863 -0.02677833
v 0.00654991 0.13185593 -0.01084954
v 0.00664227 0.12628297 -0.01083980
v 0.01616296 -0.12926348 -0.03004123
v 0.01963100 -0.11600993 -0.02900423
v 0.00633960 0.13508657 -0.01065286
v 0.00626083 0.13593211 -0.01046380
v 0.01356248 0.03488792 -0.02147690
v 0.01496234 0.03028350 -0.02233771
v 0.01402369 0.02829747 -0.02359720
v 0.01618319 0.02541938 -0.02336325
v 0.01945908 0.00162041 -0.02781275
v 0.02048246 0.00373866 -0.02677164
v 0.00914131 0.07197211 -0.01290306
v 0.01740468 0.02031599 -0.02439885
v 0.01851417 -0.02697383 -0.02985550
v 0.02157974 -0.02987760 -0.02793265
v 0.02145454 -0.03702364 -0.02794863
v 0.01894481 -0.03654861 -0.02954498
v 0.02149301 -0.04192404 -0.02790492
v 0.02056340 -0.05538136 -0.02848900
v 0.02163524 -0.06234340 -0.02784523
v 0.02027858 -0.07209430 -0.02869931
v 0.02019416 -0.04889998 -0.02869379
v 0.02167891 -0.05552770 -0.02776333
v 0.02173998 -0.04731080 -0.02765046
v 0.01985759 -0.08028742 -0.02890129
v 0.02131735 -0.08748885 -0.02799361
v 0.01971906 -0.09597360 -0.02900285
v 0.01993056 -0.10278975 -0.02882987
v 0.02054527 -0.00298610 -0.02776330
v 0.02117187 -0.00662259 -0.02773311
v 0.01926721 0.01198065 -0.02568922
v 0.02149749 -0.12132823 -0.02799669
v 0.02148546 -0.11913945 -0.02796566
v 0.02139676 -0.11640514 -0.02786390
v 0.02140813 -0.10901529 -0.02783828
v 0.02138221 -0.09859017 -0.02790183
v 0.02145120 -0.01168031 -0.02787537
v 0.01964561 -0.01649643 -0.02913684
v 0.02152361 -0.01704532 -0.02790835
v 0.02160857 -0.02349265 -0.02782289
v 0.02150539 -0.12404313 -0.02788936
v 0.02164195 -0.07078323 -0.02782695
v 0.02141895 -0.07896292 -0.02786757
v 0.01062452 0.06116697 -0.01456397
v 0.01193877 0.05589929 -0.01523695
v 0.01055056 0.06440092 -0.01369631
v 0.01279478 0.05033931 -0.01643771
v 0.02141960 0.00051479 -0.02667950
v 0.02055112 0.00812040 -0.02578915
v 0.01924635 -0.12602546 -0.02907853
v 0.01888771 0.01668995 -0.02456562
v 0.00832427 0.11805228 -0.01073789
v 0.00844940 0.11907534 -0.01076054
v 0.02137561 -0.12605216 -0.02771454
v 0.00418237 -0.13292527 -0.03209977
v 0.01084777 0.06641418 -0.01292869
v -0.01633147 -0.12915049 -0.02992065
v -0.00423268 -0.13292601 -0.03203503
v -0.02218039 -0.00435300 -0.02666258
v 0.01533467 0.03751479 -0.01927068
v 0.01513049 0.04293160 -0.01728902
v 0.01401273 0.04669510 -0.01674726
v 0.02216455 -0.00589635 -0.02693724
v 0.01456686 -0.13127190 -0.02994665
v 0.01279880 -0.13246593 -0.03010500
v 0.02164220 0.00404932 -0.02586940
v -0.01826686 0.02076492 -0.02367396
v -0.02146152 -0.10944147 -0.02790370
v -0.02139292 -0.11688782 -0.02794278
v -0.02150342 -0.09181512 -0.02794503
v -0.02145259 -0.09823178 -0.02791968
v -0.02152216 -0.10433901 -0.02789722
v -0.02154966 -0.08412508 -0.02782888
v -0.02151619 -0.05880954 -0.02788295
v -0.02148103 -0.06495448 -0.02789468
v -0.02150856 -0.07214013 -0.02782543
v -0.00768306 0.12963776 -0.01014866
v -0.00829296 0.12435582 -0.00979030
v -0.02155511 -0.01761575 -0.02789176
v -0.02163590 -0.02514333 -0.02781742
v -0.02167501 -0.03276047 -0.02778850
v -0.01133810 0.05773982 -0.01512875
v -0.02248167 -0.00990546 -0.02694655
v -0.02252556 -0.01317337 -0.02709362
v -0.02121142 -0.12550298 -0.02790440
v -0.01878899 -0.12733441 -0.02906406
v -0.01141698 -0.13205474 -0.03076771
v -0.00728415 0.13656451 -0.00960489
v -0.02028116 0.01651400 -0.02365796
v -0.02168882 -0.05301463 -0.02774560
v -0.02236592 -0.03748225 -0.02725638
v -0.02188924 -0.04437925 -0.02763947
v -0.00805657 0.10971931 -0.00956825
v -0.00827596 0.10231680 -0.00958364
v -0.00705903 0.09954716 -0.01055969
v -0.00805479 0.11349346 -0.00956007
v -0.00827552 0.11477362 -0.00942807
v -0.01422529 0.04039683 -0.01885338
v -0.01493087 0.03571280 -0.02016501
v -0.00000613 -0.13337092 -0.03208955
v -0.01731230 0.02519579 -0.02268189
v -0.01628270 0.03049766 -0.02131941
v -0.01806943 -0.12875001 -0.02909362
v -0.00840853 0.12985222 -0.00961350
v -0.01705944 -0.13061082 -0.02895766
v -0.00858396 0.09689106 -0.00962971
v -0.00899927 0.09282306 -0.00961408
v -0.00848553 -0.13314617 -0.03104692
v 0.00819299 -0.13327047 -0.03111613
v 0.01221816 -0.13335803 -0.02975959
v 0.01658666 0.03097854 -0.02094519
v 0.01800867 0.02614684 -0.02178576
v 0.02322488 -0.06316799 -0.02670092
v 0.02295410 -0.07172146 -0.02686843
v 0.00758152 0.13502168 -0.00974987
v 0.02300580 -0.03287631 -0.02687813
v 0.02290110 -0.03855536 -0.02685729
v 0.02287870 -0.04746726 -0.02679131
v 0.02286328 -0.05738773 -0.02688675
v 0.02095972 0.01236482 -0.02434861
v 0.01998292 0.01744473 -0.02352147
v 0.02142696 0.00907275 -0.02487719
v 0.02038022 0.02278842 -0.02128335
v 0.02112282 -0.12790763 -0.02743222
v 0.00515271 0.13674963 -0.01075474
v 0.00926330 0.08217909 -0.01084251
v 0.01784043 -0.12923472 -0.02908120
v 0.02263078 -0.01130736 -0.02694709
v 0.00807684 0.10977660 -0.00957778
v 0.00850147 0.10040647 -0.00956644
v 0.00797537 0.11449510 -0.00963362
v 0.00878705 0.09262101 -0.00983897
v 0.00721707 0.13628276 -0.00961307
v 0.00780483 0.12200406 -0.00997058
v 0.00860780 0.12095209 -0.00981311
v 0.00808667 0.12687888 -0.00972492
v -0.02239527 -0.00026529 -0.02594287
v 0.02353290 -0.02667606 -0.02640749
v 0.02322861 -0.02316696 -0.02656851
v 0.02365812 -0.01673328 -0.02622085
v -0.02249986 -0.03275524 -0.02718267
v -0.02255715 -0.02528053 -0.02710541
v -0.02284282 -0.01830252 -0.02687764
v -0.02305654 -0.01652878 -0.02673683
v 0.02277584 -0.00020014 -0.02572214
v 0.02276310 -0.07651146 -0.02690611
v 0.01700157 -0.13078515 -0.02894654
v -0.00827676 0.12208906 -0.00974580
v -0.00975129 0.08752198 -0.00953648
v -0.02273767 -0.04253215 -0.02699971
v -0.02290224 -0.05077528 -0.02683101
v -0.00951079 0.07632931 -0.01174497
v -0.00995111 0.08006672 -0.01073321
v -0.02276912 -0.07260098 -0.02686632
v -0.02250340 -0.06152141 -0.02711091
v -0.01149335 0.06198556 -0.01367234
v -0.01352554 -0.13203064 -0.02995693
v -0.02119520 -0.12813329 -0.02726815
v -0.01300787 0.05059433 -0.01616788
v -0.01221966 0.05801091 -0.01431814
v -0.01050427 0.07295449 -0.01167096
v -0.02043439 0.02255524 -0.02136961
v -0.02115454 0.02025907 -0.02165160
v -0.01555478 0.04280422 -0.01693821
v -0.01696115 0.03951466 -0.01712354
v -0.01442747 0.04682125 -0.01633016
v -0.01712114 0.03683078 -0.01810068
v -0.01821978 0.03312078 -0.01875484
v -0.01933539 0.02916397 -0.01953909
v -0.02012214 0.02582463 -0.02026255
v -0.02322517 -0.12046473 -0.02665748
v -0.02263195 -0.09247633 -0.02706467
v -0.02314056 -0.08293704 -0.02656695
v -0.02318909 -0.12385570 -0.02660737
v -0.02311273 -0.11714737 -0.02659958
v -0.01060644 0.07765836 -0.01055310
v -0.02291226 -0.10259085 -0.02678419
v -0.02321300 -0.09806821 -0.02649161
v -0.02278051 -0.10960066 -0.02684456
v -0.02396976 -0.11259950 -0.02583333
v -0.02532651 -0.11729332 -0.02464969
v -0.02553762 -0.12022207 -0.02462148
v -0.02291721 -0.00303634 -0.02588318
v -0.00845636 0.11791055 -0.01061648
v -0.00820576 0.11552981 -0.00965031
v -0.00943326 0.11016725 -0.00831541
v -0.00948785 0.12034077 -0.00944075
v -0.00958712 0.10124916 -0.00843830
v -0.02279776 -0.12561324 -0.02663707
v -0.01070006 0.08145076 -0.00978893
v -0.01229447 -0.13294092 -0.02991727
v -0.02358582 -0.09050612 -0.02625079
v -0.02136126 0.01603240 -0.02289222
v -0.01861143 -0.13054085 -0.02799873
v -0.02134303 -0.12904435 -0.02681985
v -0.00185521 0.13705302 -0.01149625
v -0.01717335 -0.13237070 -0.02795632
v -0.02344971 -0.03864727 -0.02633851
v -0.02397339 -0.03335934 -0.02590868
v -0.01444394 0.05262363 -0.01421090
v -0.01567598 0.04645467 -0.01540202
v -0.01669235 0.04304001 -0.01584892
v -0.02340793 -0.06245079 -0.02632734
v -0.02557416 -0.12272065 -0.02458726
v -0.02375179 -0.01118147 -0.02590754
v -0.02402108 -0.00635459 -0.02523871
v -0.02480195 -0.02739081 -0.02510224
v -0.02487429 -0.02176015 -0.02506521
v -0.02350183 0.00125124 -0.02469486
v -0.02354748 0.00541833 -0.02385041
v 0.00554900 -0.13403119 -0.03111774
v 0.00810973 0.13219717 -0.00959776
v 0.01057538 0.07667720 -0.01075573
v 0.01059176 0.07252799 -0.01162029
v 0.01236227 0.06126091 -0.01310412
v -0.01190275 0.06832648 -0.01157291
v -0.01382593 0.06033272 -0.01201798
v -0.01160294 0.07307650 -0.01061352
v -0.02522482 0.00916476 -0.02134461
v -0.02561372 0.00437557 -0.02213604
v -0.02513431 -0.07321321 -0.02474467
v -0.02533888 -0.08325270 -0.02456980
v -0.02530751 -0.08691374 -0.02464405
v -0.02546563 -0.04980008 -0.02451454
v -0.02526097 -0.04079780 -0.02466486
v -0.02527657 -0.06176077 -0.02464498
v -0.02384659 0.01309699 -0.02152330
v -0.02324405 0.01628849 -0.02105677
v -0.02589833 -0.12421164 -0.02419406
v -0.02568826 -0.00074039 -0.02296672
v -0.00442709 -0.13425220 -0.03108237
v -0.02595895 -0.01748314 -0.02402472
v -0.02656522 -0.01340693 -0.02333899
v -0.02524661 -0.09355081 -0.02470299
v -0.02579588 -0.09842766 -0.02411994
v -0.02560710 -0.10187354 -0.02431725
v -0.02515515 -0.11113041 -0.02472898
v -0.00995203 0.11884922 -0.00947400
v -0.02676277 -0.03237188 -0.02325769
v -0.02670478 -0.02694587 -0.02327400
v -0.02677005 -0.03924283 -0.02321629
v -0.02680516 -0.05045994 -0.02320851
v -0.02680123 -0.05538079 -0.02316388
v -0.02664728 -0.06824623 -0.02329699
v -0.02649274 -0.07530147 -0.02341151
v -0.02660528 -0.08373017 -0.02330813
v -0.02637258 -0.08803797 -0.02358299
v -0.02586652 -0.12564959 -0.02394908
v -0.02395419 -0.12762051 -0.02512972
v -0.02663941 -0.00536631 -0.02263807
v -0.02673145 -0.00899463 -0.02289346
v -0.01014017 0.09423026 -0.00841317
v -0.01057736 0.09023213 -0.00836903
v -0.01079176 0.08649108 -0.00869273
v -0.02118436 -0.13097894 -0.02600866
v -0.00954704 0.11792278 -0.00964685
v -0.00926707 0.13504122 -0.00834369
v -0.01902846 -0.13241428 -0.02671834
v 0.00373683 -0.13459633 -0.03095472
v -0.02133196 0.02241932 -0.02057690
v -0.01367224 -0.13310970 -0.02919065
v -0.00921282 0.13653896 -0.00785492
v -0.02300532 -0.12912782 -0.02542170
v -0.00942207 0.13241368 -0.00847646
v -0.00961109 0.11471950 -0.00811007
v -0.00956060 0.13585119 -0.00785091
v -0.01853992 0.03731591 -0.01650936
v -0.01924143 0.03333851 -0.01766035
v -0.02680058 -0.12059925 -0.02336520
v -0.00942332 0.11570732 -0.00855704
v -0.00958465 0.12399331 -0.00849273
v -0.00967270 0.12962802 -0.00831446
v -0.02710510 -0.11704868 -0.02278996
v -0.02669010 -0.11075057 -0.02316098
v -0.00687112 0.13705764 -0.00935471
v -0.00963782 0.12207397 -0.00834722
v -0.01143804 0.07765536 -0.00969697
v -0.02563818 -0.12761649 -0.02359424
v -0.02467782 0.01372601 -0.02045966
v 0.00004175 -0.13488692 -0.03095623
v -0.00846745 -0.13463930 -0.02993498
v 0.01931361 -0.13030525 -0.02775162
v 0.02035099 0.02501177 -0.02043095
v 0.01962421 0.02774337 -0.01989466
v 0.01888762 0.03147738 -0.01896540
v 0.01833955 0.03419894 -0.01831129
v 0.01768365 0.03740942 -0.01747457
v 0.01613050 0.04357993 -0.01624466
v 0.02380232 -0.08048119 -0.02595566
v 0.02412821 -0.08775721 -0.02572903
v 0.02398572 -0.11635375 -0.02577432
v 0.02415186 -0.10817779 -0.02562333
v 0.02380476 -0.10017989 -0.02594409
v 0.02398129 -0.09200769 -0.02582367
v 0.02402372 -0.11968181 -0.02596770
v 0.02408723 -0.12282532 -0.02591652
v 0.02364532 -0.00582209 -0.02573130
v 0.01584570 -0.13215808 -0.02883252
v 0.02134744 0.02043296 -0.02136651
v 0.02386647 -0.04009518 -0.02604842
v 0.02396009 -0.04793854 -0.02588371
v 0.02145943 0.01637198 -0.02266428
v 0.02143594 -0.12923779 -0.02673295
v 0.02395408 -0.12478899 -0.02587305
v 0.02418633 -0.01177276 -0.02567958
v 0.02469518 -0.00275703 -0.02445772
v 0.00970670 0.08790971 -0.00955352
v 0.01085978 0.08033079 -0.00976634
v 0.02461763 0.00148147 -0.02384386
v 0.02393507 -0.03185901 -0.02609638
v 0.02385635 0.00559234 -0.02363217
v 0.00818428 0.11569027 -0.00973049
v 0.02402069 -0.05918098 -0.02591623
v 0.01577955 0.04757527 -0.01493685
v 0.01304780 0.05330292 -0.01517973
v -0.02074506 -0.13234947 -0.02554761
v 0.02437641 0.00719309 -0.02278190
v 0.00859218 -0.13466851 -0.02998334
v 0.02387729 -0.07296824 -0.02604638
v 0.02393131 -0.07681172 -0.02588649
v 0.02393652 -0.06671120 -0.02605289
v 0.02550836 -0.00706084 -0.02419880
v 0.00892602 0.12204598 -0.00900116
v 0.02352777 -0.12710273 -0.02576083
v 0.02259617 -0.12934888 -0.02575934
v 0.02411092 0.01168821 -0.02177180
v 0.02388595 0.01337898 -0.02142979
v 0.02259233 0.01717731 -0.02136664
v 0.01385509 0.05815136 -0.01276737
v 0.01189351 0.07099003 -0.01078961
v 0.01252132 0.06551692 -0.01167721
v 0.00973398 0.09300883 -0.00894328
v 0.00955632 0.12013011 -0.00934824
v 0.00898780 0.13478148 -0.00851267
v 0.00846450 0.13637853 -0.00847872
v 0.02564685 -0.01294622 -0.02439693
v 0.02581648 -0.01585660 -0.02427087
v -0.01699271 -0.13328328 -0.02740245
v 0.01464252 0.05419387 -0.01343573
v 0.02585727 -0.02293001 -0.02420007
v 0.02567907 -0.01772530 -0.02435712
v -0.01741546 0.04540806 -0.01407745
v -0.01846160 0.04091968 -0.01493323
v 0.01835919 -0.13217059 -0.02736275
v 0.02562682 -0.12136399 -0.02452558
v 0.00972835 0.09739286 -0.00859805
v 0.00957830 0.10434657 -0.00839727
v 0.02563974 -0.05181586 -0.02439365
v 0.02579732 -0.05804149 -0.02428505
v 0.02563751 -0.06294208 -0.02449143
v 0.02575465 -0.04572540 -0.02428428
v 0.02575603 -0.03870338 -0.02430886
v 0.02586655 -0.03141413 -0.02428596
v 0.00946272 0.11006575 -0.00830288
v 0.00937978 0.11358290 -0.00833912
v 0.00934897 0.11483907 -0.00844954
v 0.00948136 0.11570896 -0.00853998
v 0.02570614 -0.00203505 -0.02340857
v 0.02139421 -0.13125654 -0.02583961
v 0.02562628 -0.08237385 -0.02425214
v 0.02562264 -0.07366008 -0.02436521
v 0.02560464 -0.11653093 -0.02427650
v 0.02563496 -0.11899235 -0.02443527
v 0.02552871 -0.10915945 -0.02430598
v 0.02539617 -0.09373311 -0.02447553
v 0.02561078 -0.08684081 -0.02429827
v 0.02572839 0.00209345 -0.02265263
v 0.02568198 -0.12395442 -0.02437152
v 0.00920167 0.13011358 -0.00861413
v 0.00921537 0.12627887 -0.00862916
v 0.00925977 0.13247841 -0.00848003
v 0.01682365 -0.13313817 -0.02766328
v 0.01566572 -0.13418682 -0.02746682
v 0.00755951 0.13704235 -0.00874394
v -0.00377561 -0.13583737 -0.02982511
v 0.01058272 0.11913733 -0.00868160
v -0.00544428 -0.13574400 -0.02964421
v 0.01363475 0.06147526 -0.01180320
v 0.02181969 0.02295300 -0.01984406
v 0.02572704 0.00677326 -0.02155948
v -0.01243845 -0.13463745 -0.02852606
v 0.02573408 -0.12609295 -0.02396015
v 0.00557764 -0.13574759 -0.02967754
v 0.02692978 -0.06228299 -0.02320468
v 0.02776639 -0.04289828 -0.02219814
v 0.02782756 -0.03951734 -0.02216864
v 0.02784490 -0.03215074 -0.02224786
v 0.02663731 -0.03159981 -0.02352023
v 0.02765102 -0.05184095 -0.02233998
v 0.02781043 -0.05813492 -0.02225999
v 0.02693952 -0.07133998 -0.02307926
v 0.02703651 -0.00605072 -0.02254480
v 0.02754797 -0.02358429 -0.02243055
v 0.02766447 -0.01788349 -0.02230885
v 0.01474923 0.05724897 -0.01219586
v 0.01597690 0.05239478 -0.01277833
v 0.02111573 -0.13202590 -0.02557509
v 0.01162801 0.07651247 -0.00971609
v 0.02754509 -0.01130093 -0.02238287
v 0.00978274 0.11808721 -0.00933007
v 0.01064868 0.11817006 -0.00847961
v 0.02105205 0.03098091 -0.01702783
v 0.01729266 0.04354683 -0.01509151
v 0.00371999 -0.13585762 -0.02986074
v 0.02655967 -0.07807920 -0.02335396
v 0.01717703 0.03949505 -0.01703467
v 0.01984305 0.03753379 -0.01517530
v 0.01087501 0.08546509 -0.00878938
v 0.01054671 0.09266392 -0.00812302
v 0.02433178 0.01871640 -0.01896827
v 0.02791089 -0.01592607 -0.02209430
v 0.01194658 -0.13465615 -0.02879652
v 0.02560529 -0.12820640 -0.02346838
v 0.02805819 -0.12291286 -0.02193212
v -0.02487322 -0.12920556 -0.02369327
v 0.00006752 -0.13591391 -0.03002649
v 0.02447679 -0.13010538 -0.02372589
v 0.02378952 -0.13128341 -0.02372052
v 0.01416051 -0.13470605 -0.02774903
v -0.02297864 -0.13196780 -0.02396314
v 0.01991460 -0.13346041 -0.02539685
v -0.01630515 -0.13466096 -0.02658717
v 0.01868343 -0.13455770 -0.02526946
v -0.01945895 -0.13344008 -0.02562718
v -0.02165935 -0.13293570 -0.02439044
v 0.02335158 -0.13256789 -0.02323466
v -0.02594012 -0.13018259 -0.02211455
v 0.02631378 -0.13037458 -0.02169682
v -0.01861294 -0.13468939 -0.02509604
v -0.02448118 -0.13250548 -0.02216162
v 0.02577633 -0.13153503 -0.02156914
v 0.02206734 -0.13333441 -0.02373539
v 0.02543895 -0.13220528 -0.02144834
v 0.02405235 -0.13374153 -0.02149737
v 0.00049571 0.00036612 0.03370159
v -0.00009307 -0.00362549 0.03417250
v 0.00473719 -0.00468771 0.03388103
v 0.00052930 -0.00990650 0.03470393
v 0.00526182 -0.01076870 0.03435211
v 0.00571564 -0.00126767 0.03335916
v 0.00566541 0.00241174 0.03291359
v 0.00282271 0.00483327 0.03286904
v 0.00006802 0.00327470 0.03332769
v 0.00601061 -0.00705652 0.03393350
v 0.00041298 0.00669982 0.03276440
v 0.00555249 0.00737599 0.03215123
v 0.00472796 0.01011278 0.03176338
v 0.00620954 0.00504300 0.03242622
v 0.00591484 0.01026730 0.03155890
v -0.00008508 0.01047335 0.03207597
v 0.00053939 0.01362326 0.03143389
v 0.00471639 0.01446590 0.03086292
v 0.00539690 0.01383506 0.03091127
v -0.00068571 0.00104402 0.03362780
v 0.00759790 -0.00108845 0.03295414
v 0.00038073 -0.01549211 0.03501582
v 0.00514165 -0.01420030 0.03454270
v 0.00476752 -0.01666068 0.03468421
v -0.00070924 0.00560960 0.03294541
v -0.00037057 -0.00978703 0.03469126
v 0.00066190 0.01809987 0.03035776
v 0.00005988 0.01604956 0.03089197
v -0.00052585 -0.01278813 0.03487330
v 0.00549299 0.01831566 0.02979657
v -0.00069962 0.01441225 0.03125087
v 0.00769384 -0.01176493 0.03392705
v 0.00822344 -0.00828414 0.03354731
v 0.00885501 0.00524221 0.03176672
v 0.00930569 0.00065003 0.03229311
v 0.00846840 0.00979357 0.03106963
v 0.00472473 0.02180751 0.02891062
v 0.00441210 -0.01867926 0.03472024
v 0.00004114 -0.02445244 0.03516324
v 0.00006715 -0.02648069 0.03520848
v 0.00375133 -0.02495389 0.03490630
v 0.00045282 -0.02000092 0.03507304
v 0.00470414 -0.02542021 0.03479897
v -0.00064253 -0.01996204 0.03505932
v -0.00051074 -0.01661357 0.03502917
v 0.00030041 -0.03116389 0.03514587
v 0.00357894 -0.03323016 0.03488291
v 0.00061275 -0.03946262 0.03508006
v 0.00432439 -0.04380225 0.03479348
v 0.00009350 -0.04243470 0.03512167
v 0.00452017 -0.03438069 0.03476834
v -0.00047381 -0.03385972 0.03509211
v 0.00015437 -0.04392505 0.03509531
v 0.00341411 -0.05726476 0.03491918
v 0.00064760 -0.05639377 0.03510892
v 0.00350036 -0.06098962 0.03488880
v 0.00039712 -0.06177169 0.03507092
v 0.00357687 -0.06937334 0.03488305
v 0.00036388 -0.07628320 0.03509040
v 0.00356610 -0.08229839 0.03489390
v 0.00045921 -0.08336763 0.03510596
v 0.00370034 -0.09081649 0.03488152
v 0.00021792 -0.09183627 0.03511749
v 0.00038245 -0.10276477 0.03505761
v 0.00361320 -0.10596813 0.03481809
v 0.00036931 -0.11667255 0.03496326
v 0.00356254 -0.11640944 0.03477148
v 0.00442773 -0.05738278 0.03481561
v 0.00466875 -0.06189368 0.03475294
v 0.00465572 -0.07208645 0.03474174
v 0.00464734 -0.08229359 0.03475635
v 0.00467110 -0.08875885 0.03477118
v 0.00462824 -0.10174422 0.03470844
v 0.00471726 -0.11655362 0.03464826
v 0.00363932 -0.11958494 0.03484169
v 0.00475671 -0.12088157 0.03473303
v 0.00574372 -0.11627259 0.03446638
v 0.00784194 -0.12016223 0.03415513
v 0.00617701 -0.10664579 0.03439864
v 0.00588982 -0.01876555 0.03443225
v 0.00602127 -0.02346687 0.03449548
v 0.00782322 -0.02234363 0.03410536
v 0.00798571 -0.01722303 0.03401948
v 0.00370728 -0.12248136 0.03482035
v 0.00428182 -0.12410938 0.03470614
v -0.00009529 -0.11936531 0.03503906
v 0.00035358 -0.12254718 0.03502164
v 0.00575018 -0.03962616 0.03451130
v 0.00580615 -0.02874396 0.03453870
v 0.00553917 -0.05712118 0.03460638
v 0.00741524 -0.02797587 0.03419209
v 0.00037344 -0.12490879 0.03489905
v -0.00045323 -0.05355768 0.03510607
v -0.00070948 -0.06281898 0.03506346
v -0.00062086 -0.07717414 0.03507625
v -0.00044409 -0.09102996 0.03510339
v 0.00797673 -0.07493847 0.03408023
v 0.00786712 -0.05751351 0.03411954
v 0.00785023 -0.04060213 0.03408626
v 0.00788738 -0.08524179 0.03411585
v -0.00069430 -0.12258139 0.03501557
v -0.00057280 -0.11665018 0.03495394
v -0.00053004 -0.10490907 0.03503555
v -0.00067864 -0.12421093 0.03494475
v 0.00789829 -0.12377551 0.03407297
v 0.00796664 -0.11628632 0.03401526
v 0.00765933 -0.09126253 0.03410678
v 0.00654918 -0.09961742 0.03430567
v 0.00795187 -0.09999278 0.03401952
v 0.00429132 -0.12532925 0.03457008
v 0.00910884 -0.01685829 0.03374523
v 0.00911918 -0.02126634 0.03377875
v 0.00922692 -0.03894865 0.03375086
v 0.00912246 -0.05245613 0.03379147
v 0.00907924 -0.06940183 0.03380542
v 0.00915804 -0.08198448 0.03378526
v 0.00917850 -0.08800886 0.03375730
v -0.00195879 -0.05445424 0.03501460
v -0.00196757 -0.10316827 0.03495262
v -0.00362649 -0.11619754 0.03472288
v -0.00441496 -0.11915204 0.03471548
v -0.00190725 -0.08114576 0.03499270
v -0.00357504 -0.08449715 0.03485761
v -0.00358800 -0.09504423 0.03484415
v -0.00460062 -0.10305787 0.03470666
v -0.00468993 -0.04996839 0.03472880
v -0.00394342 -0.03905556 0.03479041
v -0.00373923 -0.02688857 0.03487257
v -0.00369178 -0.01917460 0.03481825
v -0.00499434 -0.01720536 0.03469438
v 0.00789160 -0.12561129 0.03386626
v 0.00932418 -0.10438130 0.03367859
v 0.00971751 -0.09742224 0.03356016
v 0.00916181 -0.12027961 0.03382957
v 0.00899585 -0.12354435 0.03380330
v 0.00927412 -0.11616822 0.03367780
v 0.00915084 -0.11104888 0.03371220
v 0.00973436 -0.01239656 0.03342954
v 0.00978447 -0.00308739 0.03261094
v -0.00021595 -0.12604566 0.03475521
v 0.00428872 -0.12686699 0.03430409
v -0.00574371 -0.01092327 0.03431166
v -0.00389508 -0.06659319 0.03480829
v -0.00385567 -0.05667648 0.03484209
v -0.00457462 -0.00703034 0.03415772
v -0.00445126 -0.00448359 0.03394261
v 0.01026813 -0.02852327 0.03344332
v 0.01278298 -0.01662161 0.03261456
v 0.01242459 -0.01991743 0.03274848
v 0.01231959 -0.02848283 0.03280774
v 0.01227959 -0.03616023 0.03282059
v 0.01104041 -0.04076242 0.03318818
v 0.01231429 -0.04470410 0.03278611
v 0.01111819 -0.04953522 0.03317109
v 0.01228644 -0.06288344 0.03278092
v 0.01073333 -0.06161400 0.03328591
v 0.01226260 -0.07123803 0.03274529
v 0.01099203 -0.07984982 0.03318483
v 0.01232150 -0.08302788 0.03276969
v 0.01065256 -0.08930811 0.03327906
v 0.01236046 -0.08916060 0.03271570
v 0.01217364 -0.09957135 0.03275933
v 0.01243757 -0.10958543 0.03266943
v 0.01229200 -0.11626030 0.03270991
v 0.01213169 -0.01149966 0.03264709
v 0.01069105 -0.00786947 0.03282189
v 0.01208289 -0.11919953 0.03289933
v 0.00918252 -0.12594348 0.03347570
v 0.01219155 -0.00073143 0.03161043
v 0.01270183 -0.12378868 0.03261860
v 0.01273483 -0.12541403 0.03244295
v 0.01293673 -0.00796474 0.03211110
v 0.01076004 0.00556158 0.03117124
v 0.01042041 0.01014138 0.03044557
v 0.01332572 -0.12088381 0.03242766
v 0.00884656 0.01439693 0.02996380
v 0.00835264 0.01848263 0.02907117
v 0.01316079 0.00021005 0.03115382
v 0.01360214 -0.00400357 0.03145153
v 0.01312347 -0.01184399 0.03229180
v 0.00849172 -0.12814404 0.03320981
v 0.01344793 -0.10756066 0.03227927
v 0.01345094 -0.11619362 0.03225505
v 0.01364076 -0.09664138 0.03219576
v 0.01346742 -0.08917873 0.03226995
v 0.01347121 -0.08415971 0.03229524
v 0.01336970 -0.07795990 0.03230057
v 0.01356522 -0.06570307 0.03226487
v 0.01323480 -0.05104416 0.03239802
v 0.01337130 -0.04194600 0.03235048
v 0.01337127 -0.02981296 0.03239905
v 0.01323443 -0.02045867 0.03242977
v 0.01303706 0.00711441 0.03014578
v 0.01192040 0.01016619 0.02995680
v 0.01285681 -0.12705817 0.03210908
v 0.01381477 0.00494715 0.03018810
v -0.00027539 -0.12816891 0.03428943
v -0.00525108 -0.12263323 0.03459274
v -0.00526215 -0.12424399 0.03450285
v -0.00489656 -0.09155845 0.03469463
v -0.00500136 -0.07673816 0.03466666
v -0.00511194 -0.06790251 0.03465433
v -0.00507378 -0.05466024 0.03468974
v -0.00504360 -0.01881740 0.03467021
v -0.00487959 -0.02639807 0.03474533
v -0.00491465 -0.03493514 0.03468568
v -0.00497277 -0.04324494 0.03467340
v -0.00515862 -0.11646949 0.03454561
v -0.00558088 -0.00170184 0.03350096
v -0.00486955 0.00269779 0.03299547
v -0.00498738 -0.12570108 0.03438982
v -0.00610933 -0.00712058 0.03398694
v 0.00413607 -0.12855256 0.03389052
v 0.01295013 0.01317849 0.02892909
v 0.00057970 0.02125332 0.02945326
v 0.00558895 0.02124995 0.02891708
v 0.00527404 0.02466519 0.02795311
v -0.00631286 -0.01353636 0.03435188
v 0.01273205 -0.12834458 0.03183076
v 0.01030803 0.01840111 0.02848955
v 0.01411600 0.01032898 0.02910016
v 0.01643501 -0.11883563 0.03098806
v 0.01668838 -0.04586324 0.03084679
v 0.01664618 -0.05775642 0.03080820
v 0.01653924 -0.06266558 0.03088047
v 0.01661800 -0.01949710 0.03086024
v 0.01671001 -0.02831444 0.03088326
v 0.01668223 -0.03739046 0.03086728
v 0.01641359 -0.12226144 0.03099177
v 0.01621896 -0.11621204 0.03098531
v 0.01646545 -0.08798653 0.03086054
v 0.01649469 -0.08225773 0.03087010
v 0.01688772 -0.07387374 0.03064834
v 0.01647363 -0.06876071 0.03085019
v 0.01644190 -0.10192676 0.03088610
v 0.01635465 -0.11039012 0.03095123
v 0.01550296 -0.00963283 0.03105713
v 0.01643794 -0.01502924 0.03083780
v 0.01630448 -0.12486355 0.03090484
v 0.00839382 0.02850651 0.02595710
v 0.00519159 0.03167923 0.02578793
v 0.00515420 0.02872615 0.02672729
v 0.00845940 0.02218899 0.02793470
v 0.01267239 0.01812575 0.02771714
v 0.01659627 -0.00268492 0.02987684
v 0.01710907 0.00168780 0.02910827
v 0.01648200 0.00507980 0.02892549
v 0.00376481 0.03400872 0.02527602
v 0.00508102 0.03506809 0.02475495
v 0.00461213 0.03964033 0.02347020
v 0.00473514 0.04408339 0.02209599
v 0.00355303 0.04043542 0.02340721
v 0.00376540 0.04410457 0.02230560
v 0.00399276 0.04720055 0.02138686
v 0.00253682 0.04656659 0.02173684
v 0.00350891 0.05109426 0.02037059
v 0.00014828 0.05239847 0.02032783
v 0.00035614 0.04715226 0.02173802
v 0.00045495 0.03682780 0.02470845
v 0.00044978 0.02612015 0.02797380
v 0.00340855 0.05574570 0.01917732
v 0.00039594 0.05700807 0.01915885
v 0.00317365 0.06045130 0.01806283
v 0.00232598 0.06414904 0.01731749
v 0.00355930 0.06438097 0.01706227
v 0.00385774 0.06846032 0.01610416
v 0.00234087 0.06956479 0.01614970
v 0.00360024 0.07463107 0.01494626
v 0.00270903 0.07582126 0.01490881
v 0.00361887 0.08035649 0.01394334
v 0.00055674 0.07694859 0.01495341
v 0.00057897 0.07989427 0.01447178
v 0.00268425 0.08054580 0.01411430
v 0.00241337 0.08518079 0.01350994
v 0.00038929 0.08583638 0.01365289
v 0.00141132 0.09050353 0.01311034
v 0.00048784 0.09434830 0.01294047
v 0.00250085 0.09378369 0.01269691
v 0.00294910 0.08923256 0.01296850
v 0.00257096 0.10099547 0.01230618
v 0.00148887 0.10213561 0.01244682
v 0.00035007 0.09768532 0.01275287
v 0.00038451 0.10719951 0.01244291
v 0.00200300 0.10909006 0.01220750
v 0.00209569 0.11355043 0.01222204
v 0.00037139 0.11441786 0.01247934
v -0.00067197 0.07772465 0.01479674
v -0.00059851 0.10596725 0.01246413
v -0.00066948 0.09599241 0.01281284
v -0.00083706 0.08952684 0.01329329
v -0.00053234 0.08541507 0.01371281
v -0.00064107 0.11437864 0.01245625
v 0.00029323 0.07090589 0.01610533
v -0.00060907 0.07086746 0.01611382
v 0.00024791 0.06608138 0.01709794
v 0.00025248 0.06216540 0.01795889
v -0.00066704 0.06627359 0.01706287
v -0.00058327 0.06187238 0.01802148
v -0.00073693 0.05642014 0.01929651
v -0.00070077 0.05251035 0.02028579
v -0.00064316 0.04702598 0.02176847
v -0.00060153 0.03730423 0.02456512
v -0.00056248 0.02553167 0.02816118
v 0.00212672 0.11483721 0.01229698
v -0.00263658 0.01009910 0.03194550
v -0.00257715 0.08512658 0.01348923
v -0.00274135 0.07961986 0.01424025
v -0.00523771 0.00737097 0.03217179
v -0.00545854 0.01058076 0.03155890
v 0.00406524 0.08593859 0.01302970
v -0.00262930 0.07573498 0.01490825
v -0.00171424 0.09790172 0.01260574
v -0.00167720 0.10630079 0.01230990
v -0.00227483 0.11365869 0.01220617
v -0.00243703 0.09414858 0.01270557
v -0.00552383 0.01382869 0.03087776
v -0.00043676 0.01924342 0.03004798
v -0.00609392 0.00226562 0.03288046
v -0.00246260 0.06945094 0.01617225
v -0.00283837 0.06490413 0.01711983
v -0.00364406 0.06099013 0.01790444
v -0.00384941 0.05558590 0.01915452
v -0.00223459 0.01844563 0.03012037
v -0.00545910 0.01730502 0.03006052
v -0.00617937 -0.11888227 0.03443719
v -0.00305611 0.09012417 0.01286168
v -0.00742920 -0.00927265 0.03390873
v -0.00281158 0.09857054 0.01237431
v -0.00806003 -0.00503722 0.03341035
v -0.00831973 -0.00258012 0.03308712
v 0.00366758 0.11339078 0.01186911
v 0.00348776 0.10997926 0.01189679
v 0.00371969 0.10389367 0.01193674
v 0.00363436 0.09587137 0.01230162
v 0.00425532 0.08996001 0.01251354
v 0.00392301 0.11530290 0.01195336
v -0.00414240 0.05082574 0.02032053
v -0.00261413 0.04782774 0.02136338
v -0.00435251 0.04711284 0.02132173
v -0.00175752 0.04303153 0.02281212
v -0.00177871 0.03541456 0.02504390
v -0.00238307 0.11486210 0.01227312
v -0.00354041 0.08229387 0.01371588
v -0.00390932 0.07848987 0.01418218
v -0.00208566 0.02183507 0.02915975
v -0.00198761 0.02911720 0.02695179
v -0.00498180 0.02529381 0.02783211
v -0.00397363 0.04296751 0.02259114
v -0.00551742 0.02889364 0.02664374
v -0.00530572 0.03208574 0.02566287
v -0.00397785 0.03553319 0.02476986
v -0.00317612 0.10486486 0.01205315
v -0.00392653 0.07433658 0.01492029
v -0.00544013 0.02109639 0.02901615
v -0.00353881 0.11026629 0.01190807
v -0.00840515 0.00563062 0.03187229
v 0.00470413 0.05615634 0.01876421
v 0.00463207 0.06358736 0.01693118
v 0.00442067 0.05039216 0.02036079
v -0.00416872 0.06869941 0.01602027
v -0.00387428 0.06437367 0.01706123
v -0.00601338 -0.11266241 0.03440453
v -0.00579435 -0.10221364 0.03448191
v -0.00869142 -0.01307722 0.03383898
v -0.00856686 0.00139024 0.03248724
v -0.00825589 -0.12058537 0.03402399
v -0.00890425 -0.11614416 0.03374608
v -0.00786332 -0.01711393 0.03409956
v -0.00818281 -0.03603007 0.03403153
v -0.00816700 -0.04359441 0.03402352
v -0.00801707 -0.05607848 0.03406551
v -0.00794034 -0.02705774 0.03408475
v -0.00800246 -0.07613260 0.03405777
v -0.00602152 -0.08433631 0.03445757
v -0.00794264 -0.08994806 0.03404061
v -0.00804141 -0.09916771 0.03399809
v -0.00810830 -0.10974336 0.03393771
v -0.00917402 -0.10353691 0.03369389
v -0.00596476 -0.06004564 0.03448996
v -0.00886217 -0.06632748 0.03389652
v -0.00918608 -0.07644814 0.03376086
v -0.00920880 -0.09261170 0.03371199
v -0.00391142 0.08617551 0.01303190
v -0.00848257 0.01099149 0.03083204
v 0.00037336 0.11574320 0.01270022
v -0.00069029 0.11572053 0.01268723
v -0.00947139 -0.01655549 0.03372464
v -0.00511933 0.03945007 0.02343292
v -0.00527491 0.03558572 0.02455601
v -0.00477237 0.04345906 0.02229817
v -0.00611023 0.01939870 0.02936264
v 0.00478825 0.07928877 0.01372261
v 0.00463066 0.07237853 0.01505684
v -0.00921540 -0.12398131 0.03369615
v -0.00956287 -0.00779586 0.03325702
v -0.00932272 -0.03674639 0.03376106
v -0.00925838 -0.05268313 0.03375979
v -0.00957563 -0.06072631 0.03366059
v -0.00961959 -0.01891120 0.03366012
v -0.00952257 -0.02529512 0.03369742
v 0.00481609 0.09523488 0.01193146
v 0.00608083 0.04672735 0.02092695
v 0.00664732 0.04233373 0.02210735
v 0.00862235 0.03609348 0.02345823
v 0.00861857 0.03229750 0.02465123
v 0.00650179 0.05021356 0.01977020
v 0.00641198 0.05416371 0.01874623
v 0.00627507 0.05897641 0.01753088
v -0.00381294 0.09284190 0.01242891
v -0.00599724 0.02523489 0.02766233
v 0.00647440 0.06736597 0.01539378
v -0.00882054 0.01469763 0.02991394
v -0.00890158 0.01793097 0.02906450
v 0.00638025 0.06299782 0.01645142
v 0.00931574 0.02441211 0.02697634
v 0.00462321 0.10383101 0.01160145
v 0.00464674 0.11266895 0.01145966
v 0.00817919 0.04104846 0.02204101
v 0.00807923 0.04662177 0.02026991
v 0.00641929 0.07486221 0.01387079
v 0.00595265 0.07794441 0.01348643
v 0.00639699 0.08120391 0.01280339
v 0.00796584 0.05063425 0.01913855
v -0.00493913 -0.12713630 0.03412663
v -0.00389412 0.11345957 0.01180713
v -0.00946560 -0.12125778 0.03371730
v -0.00442944 0.08873999 0.01255903
v -0.00424581 0.09931006 0.01194730
v -0.01057912 -0.11849452 0.03333420
v -0.00903425 -0.12580397 0.03355572
v -0.01048449 0.00306171 0.03169918
v -0.01057601 -0.00402108 0.03260336
v -0.01168549 -0.00080752 0.03188550
v -0.01045602 -0.01304554 0.03334191
v 0.00212438 0.11590124 0.01254757
v 0.01281474 0.02150446 0.02663980
v 0.01200453 0.02549847 0.02566917
v 0.01090888 0.03203823 0.02387178
v 0.00934313 0.03802866 0.02256756
v 0.00642474 0.08898145 0.01167904
v 0.00574389 0.09646817 0.01145163
v 0.00585713 0.08553845 0.01233750
v 0.00522790 0.11480564 0.01131016
v 0.00793642 0.05545988 0.01780303
v 0.00725691 0.05943666 0.01701483
v 0.01394183 0.01461000 0.02815726
v -0.00802417 0.02302774 0.02781888
v 0.00579054 0.10472379 0.01106520
v -0.00484291 0.05443685 0.01919572
v -0.00474094 0.06142897 0.01749186
v -0.00407252 0.11478685 0.01182927
v -0.01077463 0.00616010 0.03108200
v -0.01073997 0.01050482 0.03025206
v -0.01224436 -0.00896048 0.03252509
v -0.01306739 -0.00531967 0.03193783
v 0.00713676 0.07838056 0.01287226
v 0.01395204 0.01901076 0.02692017
v 0.00712401 0.08475031 0.01183514
v 0.00818728 0.06234974 0.01578488
v 0.00920448 0.04830711 0.01928956
v 0.00897838 0.04432697 0.02062915
v 0.00940766 0.04234149 0.02109806
v 0.00576566 0.11253200 0.01093832
v 0.00338577 0.11653667 0.01258378
v 0.01260813 0.02750330 0.02472640
v 0.01320195 0.02413498 0.02559505
v -0.01133254 -0.11612305 0.03301726
v -0.01045279 -0.10152016 0.03331924
v -0.01005960 -0.11340053 0.03340470
v -0.01057954 -0.06678981 0.03338097
v -0.01061127 -0.07627721 0.03332583
v -0.01043639 -0.09399360 0.03332901
v -0.01064438 -0.03384020 0.03337560
v -0.01073195 -0.04294650 0.03332352
v -0.01048439 -0.05024674 0.03336881
v -0.01055271 -0.05477346 0.03336447
v -0.00617702 0.05011050 0.01992904
v -0.00621279 0.04511759 0.02139041
v -0.00804696 0.02796379 0.02627764
v -0.00438852 0.10435434 0.01169190
v -0.00529161 0.06732764 0.01593388
v -0.00462894 0.07339209 0.01489759
v -0.00479189 0.07830159 0.01390474
v -0.01301194 0.00263464 0.03093584
v -0.00903903 0.02173296 0.02790796
v -0.01253493 -0.01666917 0.03273691
v -0.01333708 -0.01392952 0.03239659
v -0.00461848 -0.12870147 0.03374583
v -0.01250222 -0.11017426 0.03258998
v -0.01240114 -0.08399507 0.03269815
v -0.01248140 -0.10101467 0.03262398
v -0.01242384 -0.07418340 0.03270318
v -0.01292454 -0.06601701 0.03254301
v -0.00621009 0.05530082 0.01854198
v -0.01261461 -0.02536490 0.03267682
v -0.01253119 -0.03729860 0.03272739
v -0.00828000 0.03917663 0.02258537
v -0.00862917 0.03302479 0.02438846
v -0.00592874 0.06306902 0.01669131
v -0.00480903 0.08551793 0.01278411
v -0.01344720 -0.11970647 0.03236834
v -0.01354501 -0.12250695 0.03231180
v -0.01228178 -0.05095290 0.03273349
v -0.01242510 -0.06022847 0.03267264
v -0.01350428 0.00720827 0.02992946
v -0.01368163 -0.00160475 0.03127111
v -0.01186368 0.01440597 0.02895389
v -0.00648731 0.06550720 0.01591416
v -0.00972162 0.02401768 0.02697846
v -0.00948478 0.02918769 0.02536644
v -0.00230236 0.11600142 0.01259586
v 0.00801121 0.06719749 0.01470717
v 0.00778977 0.07264085 0.01363181
v 0.00803533 0.07678803 0.01264897
v 0.00926561 0.05169737 0.01822949
v -0.00909590 -0.12828063 0.03299409
v -0.01381255 -0.01007971 0.03201227
v -0.01379974 -0.11658001 0.03213384
v -0.01375262 -0.11057555 0.03213138
v -0.00491013 0.09331616 0.01197310
v -0.01331159 0.01220858 0.02892941
v -0.00948805 0.03498983 0.02346709
v -0.00839667 0.05061542 0.01900934
v -0.00689675 0.06207456 0.01653129
v -0.00771735 0.05577247 0.01786902
v -0.00821265 0.04559657 0.02052691
v -0.01076022 0.01906152 0.02809290
v -0.01349929 -0.12534232 0.03213280
v -0.01389668 -0.12371651 0.03210377
v -0.01371006 -0.01716487 0.03230357
v -0.01350049 -0.01888331 0.03235918
v -0.01322835 -0.08171422 0.03238911
v -0.01373091 -0.09549552 0.03214498
v -0.01378658 -0.10422368 0.03211787
v -0.01372530 -0.07129190 0.03217876
v -0.01393008 -0.07557464 0.03211135
v -0.00965283 -0.12697571 0.03314756
v -0.01306869 -0.12754083 0.03190732
v -0.00673359 0.06836051 0.01513405
v -0.00623506 0.07275013 0.01439905
v -0.00627829 0.07834932 0.01328578
v -0.00663116 0.08066985 0.01277149
v -0.01364221 -0.02938524 0.03227675
v -0.01377632 -0.05915150 0.03213581
v -0.01397967 -0.05210914 0.03205148
v -0.01378706 -0.04300393 0.03219498
v -0.00389720 0.11598265 0.01218030
v -0.00483483 0.11035220 0.01139724
v -0.00617946 -0.12938551 0.03328044
v -0.01377827 0.01536278 0.02795117
v -0.01371167 0.02010097 0.02664796
v -0.01253544 0.02465155 0.02569486
v -0.01517675 0.00992404 0.02865448
v -0.01524366 0.01292048 0.02789618
v 0.00419552 -0.12986756 0.03343851
v -0.00038612 -0.12978866 0.03374991
v -0.00498860 -0.13046494 0.03311513
v -0.01465576 -0.00449266 0.03116947
v -0.00929565 0.03836910 0.02245673
v -0.00534080 0.11459448 0.01121755
v 0.00854108 -0.12983996 0.03264787
v 0.01246664 0.03135371 0.02342558
v 0.01244390 0.03647767 0.02164388
v 0.01140315 0.03740820 0.02183846
v -0.01636018 0.00563016 0.02895534
v 0.01750028 -0.00966784 0.03002807
v 0.01652418 0.00986849 0.02795302
v -0.01658535 0.00016635 0.02970429
v 0.01764734 -0.01614822 0.03024594
v -0.01261023 0.02790949 0.02455763
v -0.01249705 0.03185406 0.02320369
v -0.00967700 0.04076479 0.02148669
v -0.00952877 0.04485113 0.02022449
v -0.00916019 0.05118041 0.01849671
v -0.00850519 0.05633891 0.01733283
v -0.00608352 0.08432054 0.01240883
v -0.00667586 0.08727691 0.01170030
v -0.00605709 0.09240438 0.01148508
v -0.01454132 -0.03576360 0.03187358
v -0.01436635 -0.08906932 0.03187643
v -0.01729656 -0.00488638 0.02995704
v -0.01667572 -0.00958390 0.03064351
v 0.01772753 -0.00200554 0.02920389
v -0.01492463 -0.02633382 0.03170277
v -0.01486248 -0.06544845 0.03166143
v 0.00668140 0.10452074 0.01060730
v 0.00686273 0.09581888 0.01090453
v 0.01191202 -0.12944951 0.03175911
v 0.00879682 0.05593719 0.01722416
v 0.01790351 -0.03003361 0.03025110
v -0.01686384 -0.01616178 0.03082274
v 0.01689159 -0.12647223 0.03037947
v 0.00650413 0.11519683 0.01066578
v 0.00649032 0.11135720 0.01056767
v 0.00959867 0.05861124 0.01597059
v 0.01537553 0.01901268 0.02613053
v 0.01783606 -0.05720171 0.03016323
v 0.01798915 -0.06196474 0.03008412
v 0.01782146 -0.06845214 0.03011441
v 0.01763498 -0.03893566 0.03033219
v 0.01813574 -0.04745893 0.03005923
v 0.01789570 -0.02140429 0.03019797
v 0.01769589 -0.08453166 0.03021292
v 0.01775068 -0.07653362 0.03015474
v 0.01765580 -0.08980693 0.03019280
v 0.01752900 -0.10887870 0.03030642
v 0.01774134 -0.11645969 0.03015285
v 0.01758811 0.00627515 0.02807751
v 0.01826474 -0.11920490 0.02997398
v 0.01814285 -0.12219516 0.03004801
v 0.01765171 -0.12480513 0.03019598
v 0.01686646 0.01460852 0.02655383
v 0.00836043 0.07993612 0.01189183
v 0.01853983 -0.00738783 0.02922991
v 0.01260148 0.03966453 0.02040703
v 0.01134724 0.04695142 0.01853762
v 0.00539761 0.11583401 0.01151871
v 0.01372233 0.02772375 0.02405882
v 0.01331823 0.03379176 0.02209510
v 0.01916219 -0.01157335 0.02913822
v -0.00028547 -0.13157571 0.03301844
v 0.00407278 -0.13077054 0.03308753
v -0.00432617 -0.13159823 0.03268154
v 0.01467651 -0.12810644 0.03103174
v 0.01696651 -0.12799036 0.02998422
v 0.01091189 0.05220378 0.01711409
v 0.01785440 0.01004816 0.02711458
v -0.00927015 -0.13038334 0.03226673
v 0.00831727 -0.13152276 0.03201317
v 0.00898916 0.06749089 0.01404858
v 0.00916042 0.06287978 0.01506539
v 0.01046618 0.06041750 0.01488356
v -0.01513099 -0.08084314 0.03151616
v -0.00593482 0.09816946 0.01118988
v -0.01685768 -0.12063950 0.03077897
v -0.01652284 -0.11617337 0.03083946
v -0.00654708 0.10464667 0.01064557
v -0.00646732 0.11064184 0.01058310
v -0.01671342 -0.10992004 0.03073489
v -0.01668339 -0.06873969 0.03076227
v -0.01679489 -0.07789732 0.03071460
v -0.01666611 -0.09222407 0.03075731
v -0.01672960 -0.10351413 0.03071129
v -0.01694623 -0.01860715 0.03073468
v -0.01677173 -0.02852473 0.03080295
v -0.01667813 -0.04064224 0.03084230
v -0.01653555 -0.05937849 0.03081985
v -0.01662759 -0.05278917 0.03077310
v -0.01731929 0.00214619 0.02903281
v -0.01184368 -0.12949775 0.03174466
v -0.01514540 0.01630105 0.02703999
v -0.01710248 -0.12392076 0.03057113
v -0.00837688 0.06255548 0.01569796
v -0.00831260 0.06776060 0.01446411
v -0.00812291 0.07304394 0.01339354
v -0.00855630 0.05955896 0.01639255
v -0.00712961 0.07846533 0.01284445
v -0.00834010 0.07649166 0.01254669
v -0.01265062 0.03754054 0.02116918
v -0.01264400 0.03452371 0.02221598
v -0.01784434 -0.01426591 0.03024609
v -0.00743333 0.08360433 0.01181190
v -0.01752273 -0.12538961 0.03021388
v -0.01337483 0.02695658 0.02451703
v 0.00039347 0.11810638 0.01372490
v -0.00060298 0.11810612 0.01370375
v -0.00068784 0.11926261 0.01378091
v 0.00033644 0.11923879 0.01379585
v 0.00200510 0.11888322 0.01363212
v -0.00002000 0.12195017 0.01299822
v -0.00213469 0.11851847 0.01359835
v -0.00376518 0.11908818 0.01324777
v 0.00222089 0.12196267 0.01275288
v 0.00067797 0.12260748 0.01296088
v 0.00251815 0.12444611 0.01284261
v -0.00011184 0.12479524 0.01316847
v -0.00091961 0.12232721 0.01291704
v 0.00032239 0.12792896 0.01318872
v -0.00044010 0.12797977 0.01317441
v 0.00035472 0.13251743 0.01307730
v -0.00040677 0.13234934 0.01307143
v 0.00039467 0.13505053 0.01290973
v -0.00042263 0.13504890 0.01289646
v 0.00010763 0.13645521 0.01261206
v 0.00226881 0.13517525 0.01259746
v 0.00321632 0.13211794 0.01262555
v 0.00331348 0.12953179 0.01267340
v 0.00192609 0.13582746 0.01256805
v 0.00357656 0.13562848 0.01224216
v 0.00370282 0.12425981 0.01257959
v 0.00346732 0.11901231 0.01334346
v -0.00223936 0.12402426 0.01280240
v -0.00210611 0.12195158 0.01270927
v -0.00316468 0.13498061 0.01233482
v -0.00272630 0.13223753 0.01259921
v -0.00283061 0.12821486 0.01268389
v 0.00374431 0.12203078 0.01244496
v -0.00202747 0.13600737 0.01238833
v 0.00329903 0.11809976 0.01328902
v -0.00376927 0.13143201 0.01237131
v -0.00401106 0.12434879 0.01238589
v -0.00369772 0.12113478 0.01259436
v -0.00460644 0.12214342 0.01208632
v 0.00448862 0.12090350 0.01251307
v 0.00523320 0.11889814 0.01279449
v 0.00482026 0.12217469 0.01209955
v 0.00463574 0.13088162 0.01215276
v 0.00519926 0.11827193 0.01274364
v 0.00520930 0.12428442 0.01203589
v 0.00485854 0.13504841 0.01179689
v -0.00425286 0.11798886 0.01299757
v -0.00403741 0.13592901 0.01182035
v 0.00197227 0.13682088 0.01211611
v 0.00410708 0.13662081 0.01168411
v -0.00499295 0.12140935 0.01207723
v -0.00475060 0.13481536 0.01176727
v 0.00485026 0.13591264 0.01163746
v -0.00509100 0.11897226 0.01281760
v 0.00594610 0.12083317 0.01188895
v -0.00531838 0.11831575 0.01264564
v -0.00502656 0.12389821 0.01198772
v -0.00484865 0.13099051 0.01195372
v 0.00553099 0.13125981 0.01167528
v -0.00002782 0.13677989 0.01240334
v -0.00209049 0.13678789 0.01202725
v -0.00418729 0.13650019 0.01147953
v 0.00734603 0.11902106 0.01168409
v 0.00296870 0.11715284 0.01298553
v 0.00458093 0.11744970 0.01266054
v 0.00712303 0.11824742 0.01170164
v -0.01212921 0.04115643 0.02014211
v -0.01071675 0.04581169 0.01930145
v -0.00876959 -0.13148260 0.03191786
v -0.01808477 -0.12168435 0.03011907
v -0.00639269 0.12003287 0.01181234
v -0.01782901 -0.11112941 0.03014672
v -0.01793103 -0.11656057 0.03007380
v -0.01782443 -0.07755333 0.03013685
v -0.01762073 -0.09077719 0.03023363
v -0.01763754 -0.06805652 0.03021315
v -0.01792226 -0.05582394 0.03003332
v -0.01777606 -0.10341254 0.03014401
v -0.01757242 -0.04269591 0.03033391
v -0.01836890 -0.11893510 0.02992049
v -0.01811844 -0.00937837 0.02984913
v -0.01678899 0.01057836 0.02763177
v -0.01361467 -0.12916650 0.03122422
v -0.00686887 0.09819085 0.01067604
v -0.01482326 -0.12755883 0.03110590
v -0.01729901 -0.12700459 0.03004608
v -0.00479283 0.11557913 0.01170066
v -0.01814515 -0.01697910 0.03011329
v -0.01786097 -0.01908660 0.03023210
v -0.01499978 0.02126834 0.02558040
v -0.00555846 0.12527247 0.01166817
v -0.00653120 0.11346710 0.01055958
v -0.00666911 0.11515368 0.01058107
v -0.00743316 0.09254774 0.01068847
v -0.01811239 -0.00396832 0.02936270
v -0.01364309 0.03332678 0.02207019
v -0.00631117 0.13616072 0.01050075
v -0.01782752 -0.02489086 0.03021635
v -0.01800433 -0.03068718 0.03007153
v -0.00640192 0.13111271 0.01105024
v -0.00652302 0.13471839 0.01073034
v -0.00743912 0.11890329 0.01149490
v -0.00745694 0.11847051 0.01147729
v -0.00591605 0.11586699 0.01125090
v -0.00646111 0.11744505 0.01171024
v -0.01767973 0.00713693 0.02786008
v 0.00712334 0.13130634 0.01070956
v 0.01339341 -0.12962144 0.03114206
v -0.01738541 0.01616855 0.02577742
v -0.01729652 0.02036540 0.02453160
v -0.01540464 0.02674605 0.02341955
v -0.01731372 0.02371689 0.02332988
v 0.00710023 0.12448264 0.01085220
v 0.00411352 -0.13198882 0.03250501
v 0.01255762 -0.13079264 0.03101776
v 0.01965845 -0.11612944 0.02894208
v 0.00764786 0.09360733 0.01057597
v 0.00819746 0.08903368 0.01059773
v 0.00735356 0.09906447 0.01041707
v 0.00845484 0.08483734 0.01096240
v 0.00682081 0.13561283 0.01046205
v 0.01994918 -0.07376265 0.02875541
v 0.02135341 -0.06862820 0.02786817
v 0.02064676 -0.00317452 0.02747448
v 0.02098104 -0.00812847 0.02771391
v 0.01586208 0.02461547 0.02387479
v 0.01450692 0.03336761 0.02150816
v 0.01974500 -0.10544190 0.02892131
v 0.02004315 -0.09497261 0.02870037
v 0.02129698 -0.08879842 0.02783967
v 0.02127511 -0.08072146 0.02784178
v 0.02139165 -0.07428311 0.02780130
v 0.02107267 0.00126816 0.02663626
v 0.02148123 -0.00234892 0.02681920
v 0.01996529 0.00545680 0.02668066
v 0.01828348 0.01854425 0.02448644
v 0.01833774 0.02186260 0.02328142
v 0.01639752 0.02911803 0.02185972
v 0.02139101 -0.12470051 0.02793048
v 0.02167869 -0.12293038 0.02780582
v 0.01974531 -0.02110167 0.02900759
v 0.02125130 -0.01300948 0.02779995
v 0.01990377 -0.03095802 0.02895651
v 0.00918425 0.07305282 0.01263858
v 0.02017715 0.01019604 0.02559041
v 0.02026273 0.01378249 0.02460232
v 0.02175706 -0.11937424 0.02770854
v 0.00670037 0.12221516 0.01092098
v 0.02109396 -0.03903566 0.02809167
v 0.02150051 -0.04327731 0.02781239
v 0.02127243 -0.05015608 0.02795377
v 0.02020717 -0.05802168 0.02862945
v 0.00756201 0.12943292 0.01045962
v 0.01203544 0.05673297 0.01490501
v 0.02140606 -0.10355619 0.02782802
v 0.02139601 -0.09397944 0.02779195
v 0.02137830 -0.11633441 0.02778661
v 0.02130194 -0.11027938 0.02785368
v 0.02143963 -0.06370273 0.02781712
v 0.02135021 -0.05297508 0.02785563
v 0.02155794 -0.05879300 0.02772061
v 0.01278725 0.04734728 0.01747947
v 0.01220492 0.05227513 0.01624594
v 0.01604255 -0.12976542 0.02984484
v 0.01227326 0.04478721 0.01872950
v 0.02138334 0.00558498 0.02569846
v 0.00603849 0.13640242 0.01070218
v 0.01906266 -0.12698705 0.02897520
v 0.02130592 -0.12572869 0.02781979
v 0.02152720 -0.02182790 0.02780907
v 0.02151914 -0.03195550 0.02786191
v 0.01353173 0.04259416 0.01868129
v 0.01061256 0.06334393 0.01394480
v 0.00924202 0.07681888 0.01179790
v -0.00550152 -0.13247632 0.03207826
v 0.01941619 0.01882493 0.02361021
v -0.01290014 -0.13070426 0.03091582
v -0.01107279 -0.13173861 0.03103396
v -0.00871780 0.07879411 0.01182629
v -0.01893441 -0.12385275 0.02951992
v -0.00920090 0.06811699 0.01385374
v -0.00919354 0.06381162 0.01490145
v -0.01056385 0.06125097 0.01468416
v -0.01109898 0.04867811 0.01816259
v -0.01134491 0.05318268 0.01657889
v -0.01281212 0.04507782 0.01830750
v -0.01149275 0.05554813 0.01575933
v -0.01281274 0.04221591 0.01934223
v -0.00638820 0.12207425 0.01103111
v 0.00832111 0.11976968 0.01073802
v 0.02192095 -0.00719532 0.02694543
v 0.01489731 0.03998159 0.01868091
v 0.01164091 -0.13170901 0.03086360
v 0.00946076 0.08378734 0.01036523
v 0.01045334 0.06831124 0.01277680
v 0.02145458 -0.12714663 0.02742058
v 0.00839512 0.13250951 0.00964131
v 0.00826677 0.10331890 0.00951328
v 0.00858907 0.09820828 0.00954249
v 0.00807094 0.10986627 0.00944973
v 0.00774600 0.11358749 0.00969248
v 0.00827278 0.11478136 0.00935092
v 0.02182018 0.00216838 0.02593556
v -0.01657087 -0.12924465 0.02976977
v -0.01985899 -0.11650782 0.02886241
v -0.01942988 -0.09320464 0.02910421
v -0.01951728 -0.10239819 0.02903400
v -0.01964564 -0.11034741 0.02898484
v -0.01959163 -0.08340618 0.02901264
v -0.00674622 0.12375817 0.01091618
v -0.00691752 0.12678840 0.01074450
v -0.01942070 0.00035277 0.02793510
v -0.01926942 0.00450816 0.02734378
v -0.01885194 -0.04301341 0.02953238
v -0.01940728 -0.07150489 0.02909230
v -0.01954168 -0.05578699 0.02898466
v -0.02031649 0.00949017 0.02562973
v -0.02055923 0.01291944 0.02459849
v -0.02137377 0.00581757 0.02565917
v -0.01288212 0.04752839 0.01740601
v -0.02159672 -0.12171892 0.02787085
v -0.02179954 -0.12371978 0.02766693
v -0.01863181 0.01865608 0.02421819
v -0.00360226 -0.13309394 0.03191940
v -0.01969844 -0.01976378 0.02903776
v -0.01983291 -0.02423515 0.02890945
v -0.01976460 -0.03436601 0.02890772
v -0.02160448 0.00237356 0.02613559
v -0.02171675 -0.11932187 0.02773424
v -0.02160209 -0.11645686 0.02765487
v -0.02151452 -0.07691507 0.02769433
v -0.02138190 -0.08157712 0.02778243
v -0.02146452 -0.08691066 0.02773943
v -0.02140453 -0.10310339 0.02773478
v -0.02139091 -0.11082161 0.02778308
v -0.02152181 -0.07042053 0.02761017
v -0.02167272 -0.00204022 0.02674101
v -0.00918313 0.07284425 0.01272972
v -0.02172438 -0.00618091 0.02715139
v -0.02143808 -0.00969786 0.02765609
v -0.02160242 -0.01380977 0.02773351
v -0.00863410 0.08429687 0.01087577
v -0.00827266 0.08883022 0.01047198
v -0.01272197 0.05157416 0.01616085
v -0.01067962 0.06344652 0.01398383
v -0.02151384 -0.06093644 0.02764309
v -0.02147377 -0.05333369 0.02764536
v -0.02151526 -0.04497669 0.02768720
v -0.02144288 -0.03800711 0.02771271
v -0.02162196 -0.03095212 0.02760046
v -0.02161881 -0.01759436 0.02774545
v -0.02156621 -0.02282837 0.02773898
v -0.01573035 0.03136210 0.02146020
v -0.01505271 0.03684990 0.01980503
v -0.02156026 -0.12517111 0.02767150
v -0.01927206 -0.12691159 0.02885168
v -0.00004032 -0.13330898 0.03201802
v 0.00411680 -0.13317482 0.03182134
v -0.00860613 0.09497490 0.00962608
v -0.00836263 0.10218723 0.00940945
v -0.00852598 0.12001756 0.01035709
v 0.01794540 -0.12962977 0.02886835
v -0.02156904 0.00890728 0.02480362
v 0.02022535 -0.12859980 0.02782612
v -0.01718270 -0.13049308 0.02896865
v -0.00808095 0.10985179 0.00941620
v -0.00808077 0.11461761 0.00939357
v 0.02129509 0.00932082 0.02494742
v 0.01682809 -0.13093090 0.02894179
v 0.00918890 0.09200946 0.00951019
v -0.01873000 -0.12944218 0.02844641
v -0.00688993 0.11586098 0.01067851
v -0.00874157 0.11901709 0.01050964
v 0.00815232 0.12215916 0.00986133
v 0.00830896 0.13497757 0.00939998
v -0.00939125 0.07665606 0.01172646
v -0.02164886 -0.12676978 0.02729326
v -0.02048577 0.01628436 0.02360142
v -0.00901238 -0.13314976 0.03089660
v -0.00856536 0.13029872 0.00946026
v -0.00817704 0.13450874 0.00947369
v -0.01096108 0.06715321 0.01275693
v -0.02260901 -0.00473648 0.02632165
v -0.02266266 -0.00860493 0.02664110
v -0.02264268 -0.01213641 0.02685543
v 0.02271757 -0.01147593 0.02656536
v 0.00854737 -0.13313469 0.03099801
v -0.01297192 -0.13232862 0.03002412
v -0.01527984 -0.13228818 0.02894567
v -0.01543446 0.04316346 0.01702086
v -0.00321149 0.13705249 0.01138798
v 0.01046381 0.07683151 0.01077999
v 0.01110307 0.07327498 0.01100087
v 0.01795610 0.02852619 0.02093950
v 0.01541751 0.04353221 0.01686172
v 0.01695882 0.03828662 0.01776776
v 0.01815115 0.03286762 0.01904381
v 0.01443798 0.04773554 0.01605086
v 0.02264250 -0.03952346 0.02689869
v 0.01189756 0.06056722 0.01373182
v 0.02035633 0.01810462 0.02311828
v -0.00798055 0.13578650 0.00932259
v 0.00904222 0.11898899 0.01035221
v 0.00835198 0.11799291 0.01069297
v 0.00749335 0.11572216 0.01022003
v 0.01278824 -0.13224924 0.03013337
v 0.01586198 -0.13211573 0.02877457
v 0.00850906 0.12943007 0.00970964
v 0.00992050 0.08718483 0.00943871
v 0.01070808 0.08219141 0.00956401
v 0.02247376 -0.11629049 0.02691331
v 0.02269066 -0.01641749 0.02675270
v 0.02256846 -0.02217755 0.02698424
v 0.02267019 -0.03351667 0.02693294
v 0.00851188 0.12429421 0.00971416
v 0.02245951 -0.07488105 0.02695294
v 0.02276802 -0.06907762 0.02673299
v 0.02252295 -0.06083078 0.02694483
v 0.02241447 -0.05260645 0.02700800
v 0.02255562 -0.09127164 0.02683703
v 0.02249402 -0.08155886 0.02686100
v 0.00752974 0.13654602 0.00951266
v 0.00809653 0.13585861 0.00937461
v 0.01995140 0.02190885 0.02199996
v 0.01940139 0.02872006 0.01971587
v 0.01440501 0.05046673 0.01508895
v 0.01593098 0.04626924 0.01531814
v 0.02148551 -0.12933055 0.02675196
v 0.02333741 -0.00607275 0.02567227
v 0.02453215 -0.12373103 0.02548834
v 0.02450626 -0.12032091 0.02547445
v 0.02410478 -0.11610900 0.02551653
v 0.01176877 0.06354541 0.01293466
v 0.01886581 -0.13059408 0.02790419
v 0.02338891 -0.10979301 0.02613156
v 0.02376130 -0.09570460 0.02583287
v 0.02370409 -0.10463000 0.02589656
v 0.02415598 -0.08941075 0.02544367
v 0.02436418 -0.08296412 0.02526405
v 0.02452931 -0.07738649 0.02513718
v 0.02398727 -0.00307101 0.02477619
v 0.02419318 -0.12520814 0.02560706
v 0.02406154 -0.03224830 0.02575359
v 0.02493310 -0.02223454 0.02494804
v 0.02495067 -0.03993330 0.02485786
v 0.02462720 -0.05172150 0.02506043
v 0.02508956 -0.05782594 0.02468600
v 0.02445013 -0.06297050 0.02524441
v 0.01159690 0.06845328 0.01174427
v 0.01701358 0.04111855 0.01650332
v 0.02455802 -0.12692965 0.02494919
v 0.02460607 -0.12826010 0.02452723
v 0.02404761 0.00130183 0.02409250
v 0.02554770 -0.12237774 0.02458507
v 0.02164746 0.01471777 0.02308788
v 0.02240854 0.01068651 0.02356822
v 0.01439792 0.05473786 0.01351842
v 0.02544760 -0.03472015 0.02447760
v 0.02541159 -0.02724834 0.02452400
v 0.00948391 0.11990603 0.00967391
v 0.02522182 -0.01760015 0.02454180
v 0.02556209 -0.01087913 0.02401094
v 0.02558816 -0.00696232 0.02371133
v 0.00906119 0.11293940 0.00850160
v 0.02498787 0.00556323 0.02239940
v 0.02498364 0.00971490 0.02141803
v 0.02497127 -0.07315546 0.02471477
v 0.02503137 -0.06859787 0.02467862
v 0.01868810 0.03344023 0.01832609
v 0.02480967 -0.10771580 0.02486639
v 0.02513558 -0.11619256 0.02456742
v 0.00523798 -0.13407798 0.03098969
v 0.02123653 -0.13110020 0.02610635
v 0.02559290 -0.12467120 0.02443236
v 0.00923836 0.11557816 0.00869205
v -0.00519402 -0.13414819 0.03098938
v 0.01720292 -0.13247818 0.02784660
v 0.02054287 -0.13224860 0.02587819
v 0.01253178 -0.13360062 0.02931417
v -0.01697420 0.02962399 0.02122178
v -0.02045542 -0.12822381 0.02768940
v -0.00857484 0.12431894 0.00948894
v -0.02268943 -0.03484538 0.02676239
v -0.00967390 0.08096254 0.01063824
v -0.00846957 0.12205302 0.00949502
v -0.00787714 0.12283764 0.00994173
v -0.02248313 -0.04340640 0.02692439
v -0.02052616 0.02277994 0.02122153
v -0.02129750 0.02105799 0.02122649
v -0.02042471 0.02545338 0.02021506
v -0.01838635 0.03214127 0.01909557
v -0.01918251 0.03074476 0.01902359
v -0.01820415 0.03491213 0.01810760
v -0.01728311 0.03719702 0.01789680
v -0.01066528 0.07261817 0.01159993
v -0.01568462 0.04598998 0.01572326
v 0.00595922 0.13693520 0.01027316
v -0.02248370 -0.00028589 0.02582201
v -0.01716460 -0.13205316 0.02813970
v -0.02280389 -0.02955173 0.02664058
v -0.02256503 -0.05386852 0.02676077
v -0.02242675 -0.06050531 0.02688731
v -0.02154803 -0.12924335 0.02660951
v -0.00842991 0.11809655 0.01061488
v -0.01173471 -0.13344821 0.02970876
v -0.00969428 0.08663486 0.00956765
v -0.00903541 0.09030459 0.00967933
v -0.02404338 -0.12227706 0.02588735
v -0.02437259 -0.11968550 0.02554401
v -0.02386139 -0.11648418 0.02576920
v -0.02385720 -0.10051718 0.02565966
v -0.02387680 -0.08858378 0.02567039
v -0.02384894 -0.07915929 0.02565636
v -0.02259282 -0.03831566 0.02677202
v -0.01164093 0.05780097 0.01491218
v -0.01228894 0.06168687 0.01309270
v -0.01320593 0.05552797 0.01435752
v -0.02357869 -0.01854328 0.02604810
v -0.02266461 -0.02305673 0.02681586
v -0.02365011 -0.01689556 0.02605058
v -0.00044857 -0.13473030 0.03093959
v 0.00323425 -0.13459075 0.03082489
v -0.02117941 0.01620797 0.02304396
v -0.02241400 -0.06876871 0.02686675
v -0.02426239 -0.12484459 0.02553427
v -0.02361915 -0.12697106 0.02563738
v -0.02296500 -0.12924131 0.02546223
v -0.01708872 0.03978616 0.01701334
v -0.01272786 0.05900878 0.01357066
v -0.01457596 0.05090138 0.01481642
v -0.00907357 0.12228107 0.00888267
v -0.02357159 0.00417383 0.02405417
v -0.02378591 0.00129561 0.02439232
v -0.02400918 -0.07179656 0.02543707
v -0.02385458 -0.06042559 0.02560901
v -0.01915098 -0.13096305 0.02746849
v -0.02450032 -0.01340186 0.02523975
v -0.02218034 0.01243948 0.02329311
v -0.02330888 0.00931785 0.02312102
v -0.02419773 -0.00247461 0.02458569
v -0.00835936 0.11577908 0.00948572
v -0.00645035 0.13691047 0.00976871
v -0.00504078 0.13713648 0.01028114
v -0.00839580 0.13646226 0.00861087
v -0.02392295 -0.05029840 0.02554349
v -0.02427785 -0.04267730 0.02527211
v -0.02414042 -0.03732982 0.02535774
v -0.02502928 -0.11652619 0.02471174
v -0.02552131 -0.11982695 0.02449850
v -0.02484317 -0.00840459 0.02462496
v -0.02586082 -0.00507053 0.02331158
v 0.00849660 -0.13461517 0.02987161
v -0.00933461 0.13551417 0.00815134
v -0.01725410 0.04240784 0.01567231
v -0.00909008 0.11004160 0.00848769
v -0.00903206 0.11470987 0.00854756
v -0.02498989 -0.09235957 0.02464979
v -0.02512754 -0.09819025 0.02449127
v -0.02567357 -0.10757276 0.02397442
v -0.01082593 0.07917004 0.00991580
v -0.01080123 0.08559618 0.00865690
v -0.01108357 0.07452224 0.01071938
v -0.02592684 -0.12302764 0.02413158
v -0.01204489 0.06799841 0.01150549
v -0.00951392 0.13239013 0.00839562
v -0.01535117 0.05233710 0.01349183
v -0.01608858 0.04711063 0.01487173
v -0.02434694 -0.03455499 0.02520401
v -0.02596370 -0.02542281 0.02358330
v -0.02497756 -0.08119374 0.02459668
v -0.02583639 -0.07026559 0.02364124
v -0.02480926 -0.06067321 0.02468086
v -0.02584226 -0.05018771 0.02365138
v -0.02397087 -0.02431255 0.02558322
v -0.02577172 -0.01755228 0.02400986
v -0.02592037 -0.02155562 0.02378722
v -0.02628203 -0.01550960 0.02350948
v -0.00937666 0.10305256 0.00842474
v -0.00969972 0.09646823 0.00845334
v -0.01033501 0.09068990 0.00836896
v -0.02153319 -0.13149636 0.02553320
v -0.00978430 0.11981840 0.00924355
v -0.02348095 0.01701159 0.02058324
v -0.02529262 0.00937137 0.02119230
v -0.02578486 0.00498329 0.02170299
v -0.02473543 0.01328243 0.02059902
v -0.01295992 0.06841321 0.01043809
v -0.01408125 0.06399174 0.01054828
v -0.00874963 -0.13461276 0.02982279
v -0.01359452 -0.13353429 0.02890925
v -0.02582982 0.00090460 0.02246041
v -0.01421926 0.06095615 0.01143130
v -0.02598050 -0.12484630 0.02391413
v -0.02624958 -0.03630983 0.02327625
v 0.01613353 -0.13346490 0.02771133
v -0.01692539 -0.13342048 0.02732150
v -0.01940446 -0.13202630 0.02667804
v -0.01947316 -0.13293363 0.02598581
v -0.02567572 -0.12700501 0.02372345
v -0.00966645 0.12417464 0.00839728
v -0.00959507 0.12971751 0.00844586
v -0.01920664 0.03679047 0.01615358
v -0.00935068 0.11813020 0.00974809
v -0.01228139 -0.13459112 0.02858342
v -0.01052156 0.11893811 0.00872303
v 0.00967469 0.11799888 0.00950251
v 0.02297494 -0.13034245 0.02508835
v -0.00639946 -0.13523148 0.02979401
v -0.00971117 0.11587239 0.00816330
v 0.01175475 -0.13471141 0.02866825
v -0.00393296 -0.13582053 0.02962654
v 0.00562473 -0.13531491 0.02982856
v -0.02575892 -0.12930286 0.02278915
v -0.02386736 -0.13030645 0.02415010
v 0.02546854 -0.12911938 0.02338469
v -0.01410161 -0.13461708 0.02776465
v -0.02177451 -0.13237398 0.02473579
v 0.01820900 -0.13352825 0.02643684
v 0.01401637 -0.13468129 0.02770102
v 0.02435569 -0.13109632 0.02347098
v -0.01069767 0.11809408 0.00834260
v -0.02336398 -0.13192650 0.02365403
v 0.02321289 -0.13235504 0.02368988
v 0.01620302 -0.13471469 0.02657337
v -0.01680302 -0.13467940 0.02625303
v -0.02150585 -0.13344614 0.02409017
v -0.01900508 -0.13433359 0.02510658
v 0.02156613 -0.13356725 0.02407809
v -0.02548546 -0.13210884 0.02141297
v -0.02409096 -0.13333700 0.02174720
v -0.03521856 -0.00830133 0.00286188
v -0.03544516 -0.00913191 -0.00003917
v -0.03555846 -0.01433285 0.00224073
v -0.03580819 -0.01663866 0.00044291
v -0.03522642 -0.01187175 0.00472922
v -0.03557165 -0.01745095 0.00332896
v -0.03535918 -0.01734950 0.00521251
v -0.03496904 -0.00736060 0.00456530
v -0.03559475 -0.02069772 0.00342916
v -0.03541885 -0.02166178 0.00519261
v -0.03503662 -0.01251489 0.00609409
v -0.03486805 -0.00403455 0.00281702
v -0.03513379 -0.00494565 -0.00024215
v -0.03484307 -0.00178437 -0.00005945
v -0.03581684 -0.01656320 -0.00038554
v -0.03470169 -0.00681256 0.00601442
v -0.03439706 -0.00267266 0.00552941
v -0.03394318 0.00163406 0.00566207
v -0.03411923 0.00227554 0.00334391
v -0.03390302 0.00597296 0.00058741
v -0.03362667 0.00633758 0.00306767
v -0.03327862 0.00648534 0.00567418
v -0.03276161 0.01009660 0.00545756
v -0.03342366 0.00939176 0.00027777
v -0.03276951 0.01186844 0.00271333
v -0.03281310 0.01268184 0.00053425
v -0.03409272 0.00440245 -0.00040040
v -0.03348797 0.00119053 0.00808453
v -0.03379685 -0.00347152 0.00871994
v -0.03307145 0.00501894 0.00764535
v -0.03209679 0.01473027 0.00346501
v -0.03197966 0.01381398 0.00574072
v -0.03448083 -0.01174050 0.00842617
v -0.03415935 -0.00778511 0.00868050
v -0.03252149 0.00869669 0.00755632
v -0.03150369 0.01676876 0.00455089
v -0.03176329 0.01737844 0.00048586
v -0.03277175 0.01288078 -0.00030068
v -0.03582329 -0.03057331 0.00039809
v -0.03558827 -0.03009124 0.00334569
v -0.03567397 -0.03906415 0.00242847
v -0.03579829 -0.03876916 0.00056082
v -0.03584535 -0.04963616 0.00044760
v -0.03571936 -0.04798920 0.00218116
v -0.03573588 -0.05836502 0.00222543
v -0.03585817 -0.06034170 0.00049514
v -0.03562425 -0.07057485 0.00322959
v -0.03584291 -0.06977758 0.00052404
v -0.03585637 -0.07658129 0.00042873
v -0.03558358 -0.07955439 0.00381213
v -0.03575845 -0.08879652 0.00126514
v -0.03554075 -0.09795157 0.00390705
v -0.03575019 -0.10471346 0.00058513
v -0.03550755 -0.11362620 0.00385016
v -0.03573558 -0.11568838 0.00046435
v -0.03581297 -0.08948036 0.00029628
v -0.03548575 -0.04647903 0.00470344
v -0.03550376 -0.05728734 0.00465609
v -0.03547317 -0.06498089 0.00473726
v -0.03547510 -0.07902889 0.00486560
v -0.03539924 -0.09568083 0.00517758
v -0.03537834 -0.10604273 0.00507659
v -0.03544105 -0.03453383 0.00479302
v -0.03556189 -0.11646892 0.00348988
v -0.03588815 -0.11902642 0.00018286
v -0.03572230 -0.12171069 0.00370821
v -0.03596955 -0.12172689 0.00011370
v -0.03554506 -0.12043887 0.00508535
v -0.03594201 -0.12392161 0.00006802
v -0.03569630 -0.12392020 0.00371599
v -0.03538102 -0.11640901 0.00504310
v -0.03551981 -0.12417242 0.00513856
v -0.03541026 -0.12277923 0.00590212
v -0.03532488 -0.03687826 0.00556979
v -0.03533207 -0.02714553 0.00556402
v -0.03573831 -0.11618204 -0.00036251
v -0.03575615 -0.10256843 -0.00040337
v -0.03585353 -0.06188374 -0.00032291
v -0.03583852 -0.07489531 -0.00050372
v -0.03581285 -0.03279090 -0.00042483
v -0.03579507 -0.03930504 -0.00027013
v -0.03584180 -0.05167120 -0.00041123
v -0.03577202 -0.09491853 -0.00079619
v -0.03579876 -0.08381804 -0.00062890
v -0.03543457 -0.12570083 0.00492042
v -0.03536623 -0.05740883 0.00542506
v -0.03534944 -0.06620920 0.00545237
v -0.03530492 -0.07659058 0.00571993
v -0.03496726 -0.12191453 0.00807694
v -0.03482184 -0.11623900 0.00781726
v -0.03475777 -0.10706628 0.00798982
v -0.03476658 -0.07436742 0.00793899
v -0.03526351 -0.08567591 0.00577334
v -0.03475375 -0.09583638 0.00800008
v -0.03516586 -0.10291495 0.00605229
v -0.03482354 -0.02191493 0.00785316
v -0.03481232 -0.03610384 0.00777482
v -0.03479409 -0.04600106 0.00787467
v -0.03476745 -0.06356864 0.00787601
v -0.03460945 -0.01684743 0.00859363
v -0.03581557 -0.12551639 -0.00014745
v -0.03484035 -0.12476910 0.00822932
v -0.03575338 -0.05741811 -0.00223705
v -0.03575195 -0.06553343 -0.00186624
v -0.03557266 -0.06507017 -0.00406734
v -0.03565295 -0.07061512 -0.00302515
v -0.03559130 -0.05820481 -0.00417172
v -0.03555549 -0.09359999 -0.00403874
v -0.03556205 -0.10100442 -0.00334709
v -0.03553903 -0.10937651 -0.00367637
v -0.03554655 -0.11602454 -0.00326304
v -0.03554108 -0.08821669 -0.00409801
v -0.03554901 -0.08370152 -0.00417958
v -0.03565023 -0.07684014 -0.00321778
v -0.03561572 -0.11810744 -0.00375626
v -0.03570282 -0.12192812 -0.00394198
v -0.03571758 -0.12402557 -0.00320764
v -0.03562826 -0.04300118 -0.00306117
v -0.03556399 -0.03582247 -0.00341450
v -0.03565740 -0.05156595 -0.00316823
v -0.03558449 -0.02276731 -0.00345894
v -0.03559054 -0.01759178 -0.00338125
v -0.03559272 -0.03101722 -0.00318577
v -0.03564118 -0.12681021 -0.00018213
v -0.03531064 -0.12736737 0.00356509
v -0.03550300 -0.01428104 -0.00301861
v -0.03508533 -0.00816358 -0.00417722
v -0.03485836 -0.00595870 -0.00494171
v -0.03472176 -0.00270588 -0.00318165
v -0.03408094 0.00267472 -0.00378210
v -0.03544013 -0.06999519 -0.00501716
v -0.03548981 -0.05256531 -0.00470760
v -0.03540274 -0.02615764 -0.00516676
v -0.03536762 -0.01804063 -0.00522385
v -0.03544435 -0.03993201 -0.00461286
v -0.03539456 -0.03154724 -0.00496431
v -0.03466796 -0.12263297 0.00919954
v -0.03559173 -0.12444851 -0.00432630
v -0.03538880 -0.10098769 -0.00490576
v -0.03538049 -0.11125798 -0.00500236
v -0.03537419 -0.11669608 -0.00495661
v -0.03339547 0.00850383 -0.00237380
v -0.03513076 -0.01259597 -0.00564036
v -0.03437474 -0.00181098 -0.00566538
v -0.03397559 0.00187335 -0.00569569
v -0.03505738 -0.12757461 0.00534102
v -0.03534562 -0.12836468 -0.00010074
v -0.03444608 -0.11639343 0.00927491
v -0.03449370 -0.10161377 0.00893942
v -0.03442298 -0.08164545 0.00924032
v -0.03440687 -0.03114124 0.00932484
v -0.03437914 -0.03769325 0.00929866
v -0.03439078 -0.05863950 0.00919138
v -0.03433994 -0.07275684 0.00939387
v -0.03447412 -0.01970280 0.00903220
v -0.03434912 -0.01268022 0.00903101
v -0.03340248 0.00659088 -0.00520439
v -0.03537850 -0.12269322 -0.00617714
v -0.03528996 -0.11915389 -0.00625973
v -0.03521102 -0.12750628 -0.00433120
v -0.03526856 -0.06362891 -0.00610507
v -0.03520089 -0.04008009 -0.00616058
v -0.03520922 -0.05238141 -0.00639407
v -0.03528660 -0.05834567 -0.00611213
v -0.03524352 -0.09520565 -0.00609376
v -0.03525988 -0.08612938 -0.00595524
v -0.03527598 -0.07827514 -0.00590978
v -0.03261111 0.01268543 -0.00285174
v -0.03528014 -0.12826695 -0.00190012
v -0.03527113 -0.12514636 -0.00609268
v -0.03264360 0.01145813 -0.00476325
v -0.03180530 0.01712125 -0.00068095
v -0.03448376 -0.00676893 -0.00736783
v -0.03429930 -0.00494940 -0.00756515
v -0.03496390 -0.06866071 -0.00765649
v -0.03359113 0.00397216 -0.00634721
v -0.03440745 -0.12739252 0.00850811
v -0.03485264 -0.03156277 -0.00773875
v -0.03492243 -0.02795511 -0.00748716
v -0.03488605 -0.10805094 -0.00749797
v -0.03478657 -0.10012728 -0.00793343
v -0.03486719 -0.11443432 -0.00749390
v -0.03474903 -0.07765262 -0.00838094
v -0.03475361 -0.09587090 -0.00821148
v -0.03486426 -0.08747937 -0.00775517
v -0.03477683 -0.11755944 -0.00821459
v -0.03480977 -0.01285017 -0.00734294
v -0.03485045 -0.01723331 -0.00766561
v -0.03483826 -0.05094884 -0.00818630
v -0.03492541 -0.05526053 -0.00775601
v -0.03475176 -0.04004314 -0.00823610
v -0.03480116 -0.06418215 -0.00831174
v -0.03488118 -0.12439903 -0.00826736
v -0.03387954 -0.00004484 -0.00730804
v -0.03490077 -0.12762562 -0.00616614
v -0.03486795 -0.12251941 -0.00850926
v -0.03163612 0.01621896 -0.00454200
v -0.03449417 -0.05938880 -0.00954344
v -0.03247409 0.01098654 -0.00617492
v -0.03063986 0.02154132 -0.00067461
v -0.03066824 0.02004110 -0.00453615
v -0.03491058 -0.12594446 -0.00740114
v -0.03448360 -0.06819376 -0.00962364
v -0.03447083 -0.03332337 -0.00927371
v -0.03069824 0.02036716 0.00348668
v -0.03022706 0.02298996 0.00047512
v -0.03458634 -0.08417513 -0.00886832
v -0.03490125 -0.12903781 0.00362295
v -0.03479561 -0.12880263 0.00505732
v -0.03492320 -0.12901403 -0.00372694
v -0.03433469 -0.11392083 -0.00955999
v -0.03439796 -0.11712917 -0.00946942
v -0.03414117 -0.11966001 -0.01068858
v -0.03415427 -0.07239839 -0.01057737
v -0.03414124 -0.07725801 -0.01063327
v -0.03407280 -0.10588813 -0.01046626
v -0.03408090 -0.08422416 -0.01057019
v -0.03422495 -0.08840234 -0.01003210
v -0.03411248 -0.09615117 -0.01035681
v -0.03411577 -0.09971578 -0.01027832
v -0.03415666 -0.01178333 -0.00959967
v -0.03433985 -0.02732928 -0.00964262
v -0.03465497 -0.01974611 -0.00836395
v -0.03407903 -0.01762585 -0.01027534
v -0.03344191 -0.00120275 -0.00944136
v -0.03415371 -0.06324385 -0.01062119
v -0.03224132 0.00930533 -0.00838880
v -0.03296785 0.00423791 -0.00870369
v -0.03363372 -0.00496205 -0.01000497
v -0.03411637 -0.04089002 -0.01048568
v -0.03426646 -0.05027710 -0.01023639
v -0.03416364 -0.05487523 -0.01053069
v -0.03132399 0.01640787 -0.00591161
v -0.03398562 -0.03393911 -0.01089321
v -0.03078293 0.01909170 0.00535833
v -0.02953695 0.02517320 -0.00041345
v -0.02933082 0.02500908 -0.00344655
v -0.02837297 0.02831567 -0.00234004
v -0.03432341 -0.12815117 -0.00822671
v -0.03403660 -0.12404515 -0.01107937
v -0.03401784 -0.12183553 -0.01122058
v -0.03388836 -0.02039075 -0.01082024
v -0.03181920 0.01241714 -0.00764786
v -0.03455133 -0.12895228 -0.00621423
v -0.02945265 0.02396406 -0.00493097
v -0.03240218 0.00381750 -0.01076263
v -0.03411920 -0.12743296 -0.00944923
v -0.03380404 -0.06798323 -0.01170507
v -0.03394285 -0.12576366 -0.01083140
v -0.03381240 -0.04924643 -0.01158867
v -0.03378755 -0.05813392 -0.01166662
v -0.03354092 -0.11241869 -0.01191404
v -0.03339023 -0.11725484 -0.01244306
v -0.03343734 -0.01256333 -0.01181405
v -0.03317553 -0.00773676 -0.01184889
v -0.03283299 -0.00105148 -0.01125829
v -0.03269150 -0.00529220 -0.01265693
v -0.02864047 0.02793261 0.00064925
v -0.03157669 0.00881027 -0.01071573
v -0.03328380 -0.07831254 -0.01295718
v -0.03327342 -0.08460894 -0.01285099
v -0.03323143 -0.08880623 -0.01282759
v -0.03319937 -0.09902918 -0.01285131
v -0.03323246 -0.10603342 -0.01278622
v -0.03329006 -0.04333451 -0.01290674
v -0.03328576 -0.03846993 -0.01284375
v -0.03328370 -0.03439814 -0.01288128
v -0.03323071 -0.03077075 -0.01288158
v -0.03318127 -0.02273914 -0.01285026
v -0.03321211 -0.01775838 -0.01265067
v -0.03297157 -0.01316997 -0.01309541
v -0.03081806 0.01666686 -0.00763270
v -0.02975212 0.02230458 -0.00588883
v -0.02987020 0.02029992 -0.00759359
v -0.03131105 0.01229176 -0.00945142
v -0.03330292 -0.06319219 -0.01297236
v -0.03326671 -0.06740607 -0.01309252
v -0.03333220 -0.05448926 -0.01281915
v -0.02779274 0.02969783 -0.00363791
v -0.02708724 0.03265318 -0.00053144
v -0.02672530 0.03377617 0.00052456
v -0.02661381 0.03422127 -0.00004154
v -0.02657870 0.03340453 -0.00354573
v -0.02543775 0.03726992 -0.00239919
v -0.02515843 0.03857491 -0.00053460
v -0.02359427 0.04294118 -0.00247075
v -0.02345129 0.04392599 -0.00043259
v -0.02232036 0.04696528 -0.00239921
v -0.02161037 0.04993277 -0.00042996
v -0.02144205 0.04989684 -0.00243623
v -0.01997200 0.05601930 -0.00036131
v -0.01926663 0.05824435 -0.00226495
v -0.02039153 0.05385417 -0.00239574
v -0.01808376 0.06383997 -0.00035665
v -0.01699098 0.06780949 -0.00237239
v -0.01809619 0.06308031 -0.00222534
v -0.01609988 0.07278822 -0.00041934
v -0.01603372 0.07239552 -0.00217329
v -0.01507309 0.07805181 -0.00162460
v -0.01513616 0.07830117 -0.00048897
v -0.01420059 0.08584891 -0.00076511
v -0.01496054 0.07970432 0.00033778
v -0.01415490 0.08610005 0.00043075
v -0.01523503 0.07754626 0.00051780
v -0.01599971 0.07321359 0.00070166
v -0.01375513 0.09035709 -0.00046416
v -0.01371780 0.08974992 -0.00159590
v -0.01318664 0.09649767 -0.00147203
v -0.01325630 0.09686710 -0.00044577
v -0.01274059 0.10377413 -0.00217599
v -0.01324096 0.09660587 0.00063156
v -0.01374483 0.09012833 0.00048844
v -0.01278407 0.10677289 0.00047508
v -0.01276937 0.10713120 -0.00039906
v -0.01266060 0.11472572 -0.00085472
v -0.01267242 0.11466892 0.00050962
v -0.01261130 0.10908763 -0.00153594
v -0.01397658 0.08592510 -0.00253100
v -0.01497982 0.07782996 -0.00266639
v -0.01240409 0.11469451 -0.00266208
v -0.01245429 0.10852085 -0.00264919
v -0.01265649 0.10707616 0.00150818
v -0.01255052 0.11476926 0.00156456
v -0.01348302 0.09076420 -0.00254180
v -0.01380695 0.08542414 -0.00358865
v -0.01294434 0.09784572 -0.00257428
v -0.01723822 0.06752648 0.00065131
v -0.01806101 0.06391200 0.00052195
v -0.01963343 0.05734101 0.00062932
v -0.01462228 0.08023262 0.00249667
v -0.01358609 0.08856155 0.00247121
v -0.01507661 0.07712431 0.00234439
v -0.01293423 0.09588994 0.00276682
v -0.01282325 0.10090718 0.00217117
v -0.01242232 0.10798383 0.00269707
v -0.01236063 0.11468693 0.00266056
v -0.01592484 0.07225963 0.00262916
v -0.01704653 0.06636476 0.00353551
v -0.02176619 0.04937211 0.00054729
v -0.01487295 0.07689392 0.00360842
v -0.01560163 0.07290811 0.00368504
v -0.01388756 0.08336184 0.00393302
v -0.01372407 0.08588511 0.00330213
v -0.01291637 0.09218484 0.00381464
v -0.01808865 0.06193499 0.00349967
v -0.01917967 0.05736079 0.00372582
v -0.01614325 0.06982189 0.00411182
v -0.02028586 0.05443976 0.00154009
v -0.02043909 0.05262118 0.00387723
v -0.02128050 0.04972648 0.00381124
v -0.01284107 0.11560661 -0.00013914
v -0.02342279 0.04400470 0.00062806
v -0.02532608 0.03806228 0.00061070
v -0.02948693 0.02451573 0.00326937
v -0.01259445 0.09763989 0.00361309
v -0.01217157 0.10778695 0.00370626
v -0.02230994 0.04611226 0.00431506
v -0.02375997 0.04166441 0.00396308
v -0.02491291 0.03901867 0.00164651
v -0.02558921 0.03610931 0.00383223
v -0.02703503 0.03193331 0.00339789
v -0.02984998 0.02231961 0.00538186
v -0.01484961 0.07728601 -0.00368908
v -0.01601784 0.07112278 -0.00361582
v -0.03169380 0.01264692 0.00786079
v -0.03193867 0.01025537 0.00872790
v -0.01766349 0.06379656 -0.00362095
v -0.01315740 0.09163863 -0.00360029
v -0.01272820 0.09804778 -0.00347598
v -0.01913355 0.05781779 -0.00363424
v -0.02099275 0.05072501 -0.00374889
v -0.02294245 0.04438147 -0.00377000
v -0.02504314 0.03795242 -0.00378308
v -0.02775238 0.02913781 -0.00501471
v -0.02606623 0.03416313 -0.00500611
v -0.01197042 0.11304547 0.00409279
v -0.02880558 0.02570021 0.00530973
v -0.01241111 0.10330535 -0.00362705
v -0.01217277 0.10906650 -0.00367583
v -0.01195084 0.11366767 -0.00429157
v -0.02779310 0.02877052 0.00528804
v -0.02664623 0.03228245 0.00520882
v -0.02566911 0.03520151 0.00510514
v -0.02457880 0.03846184 0.00512510
v -0.02341823 0.04217609 0.00488480
v -0.01278931 0.11593682 -0.00204968
v -0.03274157 0.00424683 0.00925619
v -0.01201476 0.11482612 0.00407834
v -0.03084022 0.01577729 0.00837876
v -0.01201033 0.11484601 -0.00426421
v -0.02028901 0.05242994 0.00479178
v -0.01915220 0.05646528 0.00482071
v -0.02133038 0.04896836 0.00469779
v -0.01814089 0.06069976 0.00448527
v -0.01715904 0.06472350 0.00447442
v -0.01273414 0.11591470 0.00196280
v -0.03272879 0.00049840 0.01082600
v -0.03318500 -0.00380058 0.01080175
v -0.03366314 -0.00808664 0.01036841
v -0.02374986 0.04133479 -0.00460304
v -0.02162457 0.04791208 -0.00461516
v -0.02004325 0.05330396 -0.00473435
v -0.01360815 0.08483281 -0.00447433
v -0.01279391 0.09045685 -0.00490723
v -0.01273437 0.09359084 -0.00441171
v -0.01467677 0.07660133 -0.00463446
v -0.01586931 0.07023194 -0.00475697
v -0.01697917 0.06496021 -0.00506614
v -0.01792732 0.06145379 -0.00469336
v -0.01895316 0.05672956 -0.00531100
v -0.02066987 0.04981651 -0.00588019
v -0.02704833 0.02985065 -0.00679305
v -0.02863886 0.02429400 -0.00771503
v -0.02962353 0.01928459 -0.00929991
v -0.02997399 0.01599471 -0.01070332
v -0.02305275 0.04240739 -0.00580569
v -0.02444776 0.03778941 -0.00646327
v -0.03206969 0.00360649 -0.01176399
v -0.01509243 0.07423705 0.00446207
v -0.01419810 0.07888161 0.00469138
v -0.02986639 0.01911035 0.00872540
v -0.02913486 0.02212184 0.00824145
v -0.02653753 0.02982094 0.00842280
v -0.02798166 0.02545599 0.00854119
v -0.01767210 0.06093147 -0.00580592
v -0.01178022 0.10927275 -0.00475085
v -0.01224242 0.09817544 -0.00477699
v -0.01188740 0.10376503 -0.00495359
v -0.03099153 0.00837143 -0.01240160
v -0.02490920 0.03528424 -0.00763697
v -0.03299598 -0.11999970 -0.01379248
v -0.03222525 -0.00083389 -0.01277990
v -0.02680179 0.02900356 -0.00848393
v -0.02462048 0.03567070 0.00804283
v -0.02308617 0.04017749 0.00798796
v -0.02206722 0.04478984 0.00646302
v -0.03347734 -0.12017061 0.01271801
v -0.03171091 0.00510326 0.01198689
v -0.02993671 0.01436379 -0.01182534
v -0.03010596 0.01213827 -0.01265020
v -0.01612645 0.06816943 0.00509505
v -0.03436472 -0.12482593 0.00982717
v -0.03380808 -0.11611632 0.01117433
v -0.03413905 -0.11010540 0.01008359
v -0.03418030 -0.09930606 0.00990890
v -0.03410193 -0.09160899 0.01019339
v -0.03312913 -0.01096788 0.01243086
v -0.03391647 -0.02172426 0.01075662
v -0.03304302 -0.01426634 0.01299704
v -0.03330152 -0.01897165 0.01248941
v -0.03288196 -0.00686280 0.01240513
v -0.01196515 0.10594003 0.00441279
v -0.01212943 0.09684750 0.00485337
v -0.03203113 0.00020570 0.01293069
v -0.03234884 -0.00315353 0.01300770
v -0.02793516 0.02460835 -0.00948377
v -0.01307015 0.08698286 0.00471053
v -0.01286425 0.09078898 0.00431529
v -0.03099915 0.00927004 0.01192792
v -0.03340376 -0.12278707 0.01294914
v -0.03329727 -0.12463011 0.01296490
v -0.03088867 0.01199289 0.01069119
v -0.03023936 0.01649827 0.00961763
v -0.01208859 0.11566083 -0.00448014
v -0.01214165 0.11575366 0.00415719
v -0.03360827 -0.03043249 0.01159555
v -0.03321342 -0.08551804 0.01262074
v -0.03311262 -0.09089130 0.01285800
v -0.03316005 -0.10256875 0.01270925
v -0.03312512 -0.07912268 0.01264798
v -0.03316159 -0.07188992 0.01249807
v -0.03315861 -0.06063768 0.01245804
v -0.03346530 -0.05625191 0.01170752
v -0.03320180 -0.04793372 0.01253263
v -0.03318296 -0.03818491 0.01258337
v -0.03315578 -0.02592140 0.01281780
v -0.03322766 -0.11631962 0.01278928
v -0.03323633 -0.10683373 0.01261132
v -0.03304138 -0.10992207 0.01309891
v -0.02912942 0.02045880 0.00976861
v -0.03267855 -0.00935714 0.01335427
v -0.01953950 0.05211200 0.00722726
v -0.01786569 0.05898844 0.00653066
v -0.02104229 0.04649698 0.00782717
v -0.02205489 0.04308032 0.00811225
v -0.01681410 0.06405129 0.00580947
v -0.03082062 0.00767963 0.01307741
v -0.03293970 -0.12263529 -0.01398632
v -0.01948380 0.05275568 -0.00686787
v -0.01781711 0.05798190 -0.00734508
v -0.01707727 0.06148639 -0.00688744
v -0.02059741 0.04806797 -0.00760886
v -0.02231048 0.04290167 -0.00753035
v -0.02320626 0.04039434 -0.00744521
v -0.01395302 0.07804992 -0.00592250
v -0.01464679 0.07412233 -0.00589963
v -0.01566777 0.06965063 -0.00568713
v -0.01593308 0.06722000 -0.00639733
v -0.03276175 -0.11134182 -0.01383346
v -0.02898053 0.01982459 -0.01059400
v -0.03136162 0.00317119 -0.01360079
v -0.03230143 -0.11690934 -0.01500447
v -0.03194626 -0.00959721 -0.01498057
v -0.03270722 -0.04939800 -0.01433528
v -0.03302186 -0.12491539 -0.01349886
v -0.01276376 0.08580885 -0.00608031
v -0.03217064 -0.01837389 -0.01510829
v -0.03211771 -0.01411336 -0.01509104
v -0.03260183 -0.03411104 -0.01440696
v -0.03224576 -0.02428453 -0.01503857
v -0.03226508 -0.04269091 -0.01521712
v -0.03393986 -0.12607560 0.01060422
v -0.02999029 0.01226377 0.01281968
v -0.02878987 0.01690300 0.01297493
v -0.02884140 0.01817808 0.01206585
v -0.03490947 -0.12977561 -0.00012006
v -0.03423021 -0.12827353 0.00834156
v -0.01600520 0.06425128 -0.00764593
v -0.01477605 0.07134101 -0.00683914
v -0.03174194 -0.00402702 -0.01451014
v -0.03138913 0.00298398 0.01349672
v -0.03230567 -0.09024294 -0.01494717
v -0.03219179 -0.10077862 -0.01512727
v -0.03218570 -0.11143894 -0.01510929
v -0.03235574 -0.08297647 -0.01499415
v -0.02822517 0.02069770 -0.01176941
v -0.03002774 0.00934920 -0.01409612
v -0.03006887 0.00569012 -0.01538724
v -0.03267629 -0.06460787 -0.01437876
v -0.03215126 -0.05555636 -0.01539998
v -0.03231128 -0.07558775 -0.01512015
v -0.01877096 0.05308705 -0.00830151
v -0.03205304 -0.11970915 -0.01581563
v -0.03195412 -0.12207147 -0.01607587
v -0.03115804 -0.00110064 -0.01512733
v -0.01175934 0.09619196 -0.00598405
v -0.02383844 0.03606903 -0.00960632
v -0.02183556 0.04211383 -0.00927247
v -0.02532181 0.03191783 -0.00958263
v -0.01126199 0.11000902 -0.00579485
v -0.01163255 0.10260230 -0.00555939
v -0.03205355 -0.03311987 -0.01554365
v -0.03293534 -0.12758873 -0.01267129
v -0.02678899 0.02486587 -0.01194047
v -0.02553149 0.02842688 -0.01189960
v -0.02375459 0.03421928 -0.01117848
v -0.02908916 0.01351026 -0.01406176
v -0.02780828 0.01879131 -0.01372135
v -0.01486359 0.07066298 0.00679315
v -0.01572535 0.06654178 0.00695400
v -0.01445685 0.07491335 0.00569207
v -0.01365332 0.07922452 0.00584013
v -0.01250958 0.08725053 0.00584406
v -0.03270606 -0.02312250 0.01389450
v -0.03268795 -0.03948055 0.01371150
v -0.03270392 -0.04789374 0.01365624
v -0.03249713 -0.05944233 0.01394912
v -0.03242786 -0.06613194 0.01413497
v -0.03254104 -0.07113257 0.01386187
v -0.03253314 -0.07922927 0.01394312
v -0.03275452 -0.08643455 0.01361984
v -0.02569406 0.03145319 0.00913863
v -0.02450667 0.03488448 0.00911541
v -0.02744211 0.02451823 0.01068827
v -0.02747471 0.02146717 0.01287709
v -0.02499066 0.03054408 0.01147905
v -0.02592470 0.02671810 0.01237871
v -0.01968564 0.04899771 -0.00896789
v -0.03090482 -0.00593348 -0.01650862
v -0.02341471 0.03778718 0.00921154
v -0.01665191 0.06218062 0.00730760
v -0.03419661 -0.13033641 -0.00550957
v -0.03192577 -0.04989348 -0.01595838
v -0.03184337 -0.04464500 -0.01604368
v -0.03190367 -0.12398171 -0.01604355
v -0.01090588 0.11477248 -0.00647667
v -0.01242362 0.08958484 -0.00579957
v -0.03195213 -0.07093659 -0.01585492
v -0.03185274 -0.06267692 -0.01602738
v -0.03009681 0.00188669 -0.01643842
v -0.01370807 0.07498131 -0.00741307
v -0.03098013 -0.01058174 -0.01699531
v -0.03115470 -0.01668108 -0.01709498
v -0.03108140 -0.02495594 -0.01727825
v -0.03107888 -0.03088120 -0.01738866
v -0.03106841 -0.04296720 -0.01747141
v -0.03103950 -0.03634129 -0.01744187
v -0.03271642 -0.10369853 0.01371243
v -0.02006264 0.04914745 0.00819377
v -0.01880099 0.05300653 0.00838060
v -0.01771320 0.05714815 0.00806279
v -0.01393652 0.07439186 0.00702464
v -0.03314501 -0.12730006 0.01221143
v -0.03235900 -0.11596191 0.01460091
v -0.03200923 -0.11891128 0.01562607
v -0.03425561 -0.13042603 0.00486834
v -0.01358482 0.11758637 0.00015331
v -0.01368055 0.11849205 -0.00209020
v -0.01375539 0.11829484 0.00062446
v -0.01378736 0.11915209 0.00035905
v -0.01336633 0.11993751 -0.00223720
v -0.01297693 0.12215528 0.00008358
v -0.01332921 0.11893580 0.00333622
v -0.01342027 0.11999723 0.00149823
v -0.01269255 0.12221475 -0.00243694
v -0.01298988 0.12284462 0.00003813
v -0.01262102 0.12226933 0.00233091
v -0.01285292 0.12411911 -0.00227585
v -0.01307468 0.12523844 -0.00031703
v -0.01308042 0.12569399 0.00048898
v -0.01303048 0.13165141 -0.00022036
v -0.01303389 0.13209333 0.00048839
v -0.01286840 0.13445415 0.00039333
v -0.01258311 0.13472363 -0.00215314
v -0.01254408 0.13588126 -0.00079112
v -0.01249373 0.13622526 0.00035698
v -0.01268723 0.13278136 -0.00246913
v -0.01246767 0.13595233 0.00140220
v -0.01277730 0.13027960 -0.00243592
v -0.01253920 0.13494104 0.00213872
v -0.01217107 0.13600738 -0.00303827
v -0.01249410 0.13125138 -0.00367506
v -0.01275781 0.12426415 0.00234541
v -0.01273844 0.12884031 0.00221014
v -0.01224747 0.13487359 -0.00360525
v -0.01234591 0.13140393 0.00381848
v -0.01244464 0.12439509 0.00383756
v -0.01298324 0.12018316 0.00361021
v -0.01293628 0.12026244 -0.00388855
v -0.01323953 0.11879084 -0.00396700
v -0.01250811 0.12418868 -0.00388089
v -0.01215649 0.13484433 0.00379415
v -0.01201446 0.13607287 0.00329818
v -0.01233554 0.12218106 -0.00400791
v -0.01324007 0.11811149 0.00331144
v -0.01215320 0.12288784 0.00456499
v -0.01215106 0.12207232 0.00450349
v -0.01203082 0.13676645 -0.00204854
v -0.01282900 0.11913159 0.00491625
v -0.01202078 0.13297897 -0.00472650
v -0.01321350 0.11787729 -0.00369977
v -0.01222086 0.13682710 0.00025904
v -0.01275484 0.11886025 -0.00538351
v -0.01157371 0.13592812 -0.00483729
v -0.01195152 0.13063583 0.00501184
v -0.01200368 0.12552953 0.00504483
v -0.01177901 0.13310476 0.00509361
v -0.01204079 0.12592132 -0.00512996
v -0.01212107 0.13004412 -0.00479304
v -0.01204370 0.12220294 -0.00486884
v -0.01195006 0.13678514 0.00219773
v -0.01160367 0.13477435 -0.00528454
v -0.01269444 0.11833670 0.00509542
v -0.01157231 0.13661618 -0.00419473
v -0.01190968 0.12444049 -0.00544119
v -0.01274317 0.11792275 -0.00514563
v -0.01142915 0.13593990 0.00495855
v -0.01163086 0.13502120 0.00499359
v -0.01165788 0.13122837 -0.00569539
v -0.01187945 0.12036179 -0.00640543
v -0.01201010 0.12010702 0.00610610
v -0.03233808 -0.01756305 0.01456984
v -0.01134366 0.13677805 0.00426063
v -0.02061598 0.04584537 0.00921450
v -0.03221720 -0.01370652 0.01467937
v -0.01280954 0.11746233 0.00413699
v -0.02165282 0.04302580 0.00905319
v -0.03240407 -0.11054908 0.01438622
v -0.03106359 -0.00390121 0.01575558
v -0.03126595 -0.00848737 0.01608514
v -0.02920538 0.01391371 0.01362126
v -0.03109093 -0.01534684 0.01701324
v -0.03422196 -0.13159590 -0.00015022
v -0.03392711 -0.13177874 -0.00316485
v -0.02991419 0.00160756 0.01680152
v -0.03119603 -0.11676617 -0.01714070
v -0.03103834 -0.09869880 -0.01730609
v -0.03111766 -0.11141515 -0.01714683
v -0.03151869 -0.08181677 -0.01661103
v -0.01292264 0.08102763 -0.00707762
v -0.02902843 0.00955439 -0.01593950
v -0.03330717 -0.12903555 -0.01059402
v -0.01650292 0.06041184 -0.00851290
v -0.01429904 0.06980925 -0.00828123
v -0.03175706 -0.12545766 -0.01598689
v -0.01313533 0.07812526 -0.00739594
v -0.03395011 -0.13169813 0.00315777
v -0.03000975 -0.00495281 -0.01794796
v -0.02630945 0.02347063 -0.01373736
v -0.03283277 -0.12607261 0.01350824
v -0.01310410 0.07879770 0.00706767
v -0.01179453 0.09211108 0.00616023
v -0.01160164 0.09784053 0.00572113
v -0.03302745 -0.12845927 0.01172297
v -0.03134310 -0.12254266 0.01704050
v -0.03120640 -0.11993870 0.01721121
v -0.02908687 0.00581656 0.01708715
v -0.02874169 0.00992810 0.01622780
v -0.01126153 0.10726729 0.00569808
v -0.01087995 0.11459726 0.00625958
v -0.03220731 -0.02765756 0.01483010
v -0.03215883 -0.04525995 0.01474183
v -0.03108954 -0.01976627 0.01704662
v -0.03333191 -0.13079209 -0.00843766
v -0.03102025 -0.12017692 -0.01773199
v -0.03105063 -0.12272342 -0.01771496
v -0.03094090 -0.05491404 -0.01760760
v -0.03103330 -0.08417273 -0.01743930
v -0.03098091 -0.07262158 -0.01756292
v -0.03097062 -0.06211205 -0.01760140
v -0.03095726 -0.04945090 -0.01769332
v -0.01730932 0.05586620 -0.00942051
v -0.01880247 0.04984248 -0.01008102
v -0.02083306 0.04337105 -0.01038295
v -0.02182614 0.03749532 -0.01243806
v -0.02364563 0.03203661 -0.01287606
v -0.02466922 0.02775892 -0.01390768
v -0.03142169 -0.12763921 -0.01589909
v -0.03229572 -0.12891780 -0.01337312
v -0.02913638 0.00544884 -0.01710033
v -0.01159483 0.11888972 -0.00740676
v -0.03014485 -0.01261687 -0.01860573
v -0.01072605 0.13627817 -0.00618543
v -0.02794594 0.01419809 -0.01575119
v -0.03342296 -0.13027944 0.00876544
v -0.03238430 -0.09704378 0.01432587
v -0.03100197 -0.08929216 0.01695144
v -0.03111846 -0.09628079 0.01672711
v -0.03100816 -0.10391426 0.01703253
v -0.03110273 -0.08157562 0.01669820
v -0.03112588 -0.07095523 0.01650324
v -0.03099573 -0.05977528 0.01676018
v -0.03105912 -0.04297001 0.01677905
v -0.03103987 -0.02663705 0.01699725
v -0.03098750 -0.11021509 0.01714846
v -0.03105937 -0.11637393 0.01713084
v -0.01527662 0.06540418 0.00833158
v -0.02330931 0.03509713 0.01147703
v -0.01173428 0.11890857 0.00707099
v -0.02257749 0.03624268 0.01199538
v -0.03031103 -0.01116687 0.01808591
v -0.01948771 0.04978295 0.00890790
v -0.03243667 -0.12806057 0.01346384
v -0.01627597 0.06073047 0.00872296
v -0.02998139 -0.00430762 0.01777471
v -0.02988495 -0.00835707 0.01845308
v -0.02450425 0.02992786 0.01288546
v -0.02338636 0.03284345 0.01286900
v -0.03091879 -0.12498695 0.01749545
v -0.03336606 -0.13255192 -0.00474352
v -0.01715255 0.05765982 0.00881136
v -0.02787176 0.01375457 0.01608894
v -0.01182460 0.08808140 0.00688780
v -0.01173229 0.08644422 0.00734954
v -0.01412025 0.07012540 0.00830891
v -0.03312000 -0.13152170 0.00791236
v -0.01120194 0.12223193 0.00618778
v -0.01100932 0.12345208 0.00668620
v -0.02578291 0.02508059 0.01368260
v -0.01155361 0.11852638 0.00732018
v -0.03311930 -0.13223370 -0.00678341
v -0.01091677 0.11591847 0.00666988
v -0.01992587 0.04447617 0.01128847
v -0.02099525 0.04073520 0.01176649
v -0.02669476 0.01896965 0.01554737
v -0.02547567 0.02081820 0.01654767
v -0.01170747 0.08920248 -0.00706035
v -0.03091974 -0.12510091 -0.01760191
v -0.01167925 0.11821905 -0.00720337
v -0.02917815 0.00208587 -0.01790789
v -0.02892877 -0.00082723 -0.01889068
v -0.02683153 0.01723917 -0.01614423
v -0.02553470 0.02134038 -0.01612514
v -0.02475328 0.02319547 -0.01632976
v -0.02796340 0.01116868 0.01702436
v -0.03335053 -0.13237803 0.00499188
v -0.03011191 -0.01751943 -0.01884010
v -0.03008445 -0.05007271 -0.01903425
v -0.03003851 -0.05428931 -0.01901936
v -0.03010934 -0.04329209 -0.01896993
v -0.03009302 -0.03769324 -0.01894398
v -0.02982576 -0.03109701 -0.01937697
v -0.03008553 -0.02679997 -0.01891488
v -0.01876753 0.04771919 0.01131365
v -0.01794100 0.05066844 0.01104844
v -0.01302063 0.07487193 0.00837024
v -0.03216488 -0.12970836 0.01285569
v -0.03059186 -0.12705843 0.01743559
v -0.03031373 -0.01666316 0.01832221
v -0.01057337 0.13627852 0.00624251
v -0.02941426 0.00170324 0.01759347
v -0.03226427 -0.13134526 -0.01101369
v -0.03019079 -0.11754020 -0.01881272
v -0.03006087 -0.11158619 -0.01888005
v -0.03003382 -0.11972463 -0.01925922
v -0.02792045 0.01138707 -0.01698376
v -0.01094175 0.10174538 -0.00673000
v -0.01064056 0.10954705 -0.00685972
v -0.01062617 0.11371539 -0.00682275
v -0.01145634 0.11583263 -0.00592305
v -0.01494507 0.06419868 -0.00937792
v -0.03007354 -0.10111349 -0.01884152
v -0.03010823 -0.08512124 -0.01890046
v -0.03010991 -0.07503999 -0.01889205
v -0.03010748 -0.06606831 -0.01893763
v -0.02900145 -0.00659866 -0.01971792
v -0.01166161 0.08522735 -0.00790965
v -0.01058968 0.13473197 -0.00686763
v -0.01907713 0.04662194 -0.01142681
v -0.01808345 0.05016238 -0.01105322
v -0.02049997 0.04248703 -0.01149089
v -0.03013443 -0.12261680 -0.01914193
v -0.03109143 -0.12882969 -0.01586616
v -0.01109012 0.12224070 -0.00642929
v -0.03217700 -0.13245073 -0.00977731
v -0.02789693 0.00578062 -0.01885383
v -0.01081640 0.09576978 -0.00743733
v -0.02987365 -0.12436640 -0.01935381
v -0.02694096 0.01296407 -0.01780891
v -0.01732546 0.05254728 0.01105361
v -0.01066703 0.10362153 0.00688553
v -0.01069385 0.09781277 0.00718174
v -0.01065509 0.10955289 0.00667092
v -0.01041219 0.13486051 0.00697781
v -0.02104173 0.03858956 0.01299854
v -0.02691123 0.01519822 0.01697278
v -0.01057380 0.13121829 0.00716149
v -0.01066197 0.12516000 0.00717960
v -0.03179059 -0.13095223 0.01252746
v -0.03033364 -0.07115207 0.01777721
v -0.03008286 -0.07794143 0.01823146
v -0.03059935 -0.02408486 0.01772751
v -0.03029679 -0.04403463 0.01800930
v -0.03030285 -0.05704968 0.01788612
v -0.03030198 -0.08158365 0.01798392
v -0.03014554 -0.09638351 0.01828383
v -0.03036052 -0.08787027 0.01795207
v -0.01100674 0.09162675 0.00743622
v -0.03018318 -0.11654133 0.01850254
v -0.02920899 -0.11987932 0.02021903
v -0.03016287 -0.10910713 0.01836376
v -0.03040359 -0.12270175 0.01850888
v -0.01198945 0.07968965 0.00850173
v -0.02459695 0.02407683 0.01613057
v -0.03022081 -0.12874167 0.01730402
v -0.02995232 -0.13006844 0.01692463
v -0.01960512 0.04309743 0.01255698
v -0.01071885 0.11959872 0.00829697
v -0.02388200 0.02560797 0.01631573
v -0.03336665 -0.13292446 -0.00230524
v -0.03332968 -0.13288301 0.00285073
v -0.03227325 -0.13241618 0.00922289
v -0.02533978 0.01845927 0.01781791
v -0.02890918 -0.11642355 0.02033041
v -0.02821346 -0.01431705 0.02126746
v -0.02888224 -0.01712210 0.02038167
v -0.02799816 -0.01074541 0.02135646
v -0.02824101 -0.02127593 0.02117040
v -0.02803247 -0.01738552 0.02152147
v -0.02765694 -0.00449678 0.02113558
v -0.02696415 0.00030332 0.02126286
v -0.02689270 0.00316448 0.02075637
v -0.01552196 0.05726995 0.01136793
v -0.01488598 0.06130315 0.01050376
v -0.01408125 0.06399174 0.01054828
v -0.01295992 0.06841321 0.01043809
v -0.02860325 -0.12182492 0.02110637
v -0.02882178 -0.08353085 0.02013848
v -0.02791138 -0.07940163 0.02132919
v -0.02798527 -0.07128837 0.02114346
v -0.02885851 -0.05539743 0.01994318
v -0.02791395 -0.06394772 0.02125394
v -0.02789014 -0.05125902 0.02130263
v -0.02797507 -0.04510317 0.02126214
v -0.02826805 -0.03685586 0.02086226
v -0.03024970 -0.03212372 0.01816743
v -0.02804514 -0.02440211 0.02126573
v -0.02876907 -0.09092530 0.02025304
v -0.02878796 -0.10523607 0.02030359
v -0.02796466 -0.10994992 0.02143476
v -0.02676821 0.00859527 0.01951127
v -0.01846210 0.04661975 0.01230930
v -0.02792691 -0.08734388 0.02137526
v -0.02792773 -0.09874770 0.02140634
v -0.02850908 -0.12390200 0.02114845
v -0.02293684 0.02900055 0.01575453
v -0.02244461 0.03172286 0.01491008
v -0.01008552 0.11465916 0.00737399
v -0.01176856 0.11697002 0.00589913
v -0.01052156 0.11893811 0.00872303
v -0.02471286 0.02162729 0.01721712
v -0.02556795 0.01167989 0.02012692
v -0.02473543 0.01328243 0.02059902
v -0.02096993 0.03634135 0.01429880
v -0.00991381 0.10821410 0.00764526
v -0.03343248 -0.13298572 -0.00008827
v -0.02829636 -0.12537904 0.02118874
v -0.01227227 0.07527111 0.00920101
v -0.01027424 0.12205358 0.00756182
v -0.01026636 0.12283968 0.00754164
v -0.00933461 0.13551417 0.00815134
v -0.02529262 0.00937137 0.02119230
v -0.02578486 0.00498329 0.02170299
v -0.02801019 -0.12691835 0.02115800
v -0.02685708 -0.00717490 0.02245163
v -0.02685346 -0.00336231 0.02198776
v -0.01659196 0.05067361 0.01282697
v -0.00951392 0.13239013 0.00839562
v -0.02802283 -0.11668373 0.02148007
v -0.02785523 -0.11882701 0.02185109
v -0.01069767 0.11809408 0.00834260
v -0.00959507 0.12971751 0.00844586
v -0.03107827 -0.13238629 0.01244821
v -0.02785084 -0.03187892 0.02144480
v -0.03215722 -0.13329297 0.00774429
v -0.02692173 -0.03448893 0.02256374
v -0.03124591 -0.13087951 -0.01390063
v -0.00966645 0.12417464 0.00839728
v -0.01627794 0.05676374 -0.01052672
v -0.01067934 0.13144007 -0.00709801
v -0.02892347 -0.01264281 -0.02038735
v -0.02900953 -0.01752251 -0.02043576
v -0.02898088 -0.02748937 -0.02047766
v -0.02698919 -0.02462160 0.02250496
v -0.01855926 0.04150729 0.01462233
v -0.01080123 0.08559618 0.00865690
v -0.01033501 0.09068990 0.00836896
v -0.00969972 0.09646823 0.00845334
v -0.01510139 0.06105395 -0.01031822
v -0.01234514 0.07754913 -0.00865708
v -0.01184172 0.08068511 -0.00868556
v -0.01281570 0.07298256 -0.00930969
v -0.01383400 0.06835327 -0.00943578
v -0.02780561 0.00063724 -0.02019032
v -0.02661468 0.00396828 -0.02105210
v -0.02352692 0.02842558 -0.01524817
v -0.02043130 0.04066092 -0.01267505
v -0.02194031 0.03428021 -0.01413025
v -0.01081517 0.11581122 -0.00695663
v -0.02561162 0.01762941 -0.01775574
v -0.01073991 0.12430005 -0.00716605
v -0.01069371 0.12822088 -0.00713081
v -0.01725410 0.04240784 0.01567231
v -0.01421926 0.06095615 0.01143130
v -0.02991488 -0.13198574 0.01522048
v -0.02582982 0.00090460 0.02246041
v -0.02991708 -0.12827693 -0.01811525
v -0.03004769 -0.12589748 -0.01876548
v -0.01066324 0.12009040 -0.00825906
v -0.02871753 -0.11719116 -0.02086298
v -0.02906988 -0.12008418 -0.02062722
v -0.02904746 -0.12271588 -0.02065897
v -0.02591664 0.00936109 -0.02048180
v -0.01939412 0.04232760 -0.01318872
v -0.02891997 -0.09030303 -0.02056542
v -0.02887716 -0.10143346 -0.02048536
v -0.02896215 -0.11158861 -0.02040356
v -0.02773761 -0.00522881 -0.02126588
v -0.02781786 -0.01043518 -0.02172811
v -0.01049914 0.10101033 -0.00737720
v -0.01084314 0.12223202 -0.00679829
v -0.01017208 0.12270849 -0.00767645
v -0.03106672 -0.13245480 -0.01261047
v -0.02889759 -0.08135251 -0.02058369
v -0.02890664 -0.05447356 -0.02057120
v -0.02787464 -0.04935009 -0.02197255
v -0.02779231 -0.05518035 -0.02201776
v -0.02892305 -0.06540115 -0.02052736
v -0.02782165 -0.06873213 -0.02194217
v -0.02903986 -0.07362497 -0.02036944
v -0.02777704 -0.07503431 -0.02195413
v -0.02775822 -0.08098263 -0.02204052
v -0.02902046 -0.04782370 -0.02048457
v -0.02810343 -0.03792501 -0.02164819
v -0.02781218 -0.03230401 -0.02204886
v -0.02781650 -0.02629091 -0.02199992
v -0.02788879 -0.01555493 -0.02188786
v -0.02828986 -0.08429320 -0.02134086
v -0.02551007 0.01378087 -0.01941918
v -0.02790473 -0.10782232 -0.02172640
v -0.02802297 -0.09783297 -0.02164333
v -0.02775523 -0.09010239 -0.02205120
v -0.02460140 0.01877915 -0.01856662
v -0.02665353 -0.00084703 -0.02194492
v -0.00956060 0.13585119 -0.00785091
v -0.01136699 0.13698409 -0.00375102
v -0.02095021 0.03594629 -0.01450625
v -0.02206078 0.02982055 -0.01633774
v -0.01730647 0.04831239 -0.01293981
v -0.01645552 0.05315246 -0.01186071
v -0.02900914 -0.12556237 -0.02029139
v -0.01372669 0.06484123 -0.01070583
v -0.01057736 0.09023213 -0.00836903
v -0.01079176 0.08649108 -0.00869273
v -0.00963782 0.12207397 -0.00834722
v -0.00995203 0.11884922 -0.00947400
v -0.01070095 0.11804907 -0.00840925
v -0.02785326 -0.11994937 -0.02214779
v -0.02791298 -0.12467310 -0.02189262
v -0.02998027 -0.13035580 -0.01666489
v -0.01014017 0.09423026 -0.00841317
v -0.02909384 -0.12824914 -0.01929619
v -0.00961109 0.11471950 -0.00811007
v -0.00943326 0.11016725 -0.00831541
v -0.02467782 0.01372601 -0.02045966
v -0.02663941 -0.00536631 -0.02263807
v -0.02673145 -0.00899463 -0.02289346
v -0.02782185 -0.12277381 -0.02219606
v -0.03223511 -0.13334698 -0.00749378
v -0.01463433 0.05820256 -0.01194165
v -0.02323664 0.02423465 -0.01770593
v -0.02710510 -0.11704868 -0.02278996
v -0.01070006 0.08145076 -0.00978893
v -0.01264274 0.06921074 -0.01058301
v -0.00958712 0.10124916 -0.00843830
v -0.02974884 -0.13257315 -0.01511277
v -0.00967270 0.12962802 -0.00831446
v -0.01143804 0.07765536 -0.00969697
v -0.02522482 0.00916476 -0.02134461
v -0.02561372 0.00437557 -0.02213604
v -0.00942207 0.13241368 -0.00847646
v -0.02735796 -0.01773511 -0.02252411
v -0.02677005 -0.03924283 -0.02321629
v -0.02680516 -0.05045994 -0.02320851
v -0.02680123 -0.05538079 -0.02316388
v -0.02664728 -0.06824623 -0.02329699
v -0.02649274 -0.07530147 -0.02341151
v -0.02676277 -0.03237188 -0.02325769
v -0.02670478 -0.02694587 -0.02327400
v -0.02656522 -0.01340693 -0.02333899
v -0.00926707 0.13504122 -0.00834369
v -0.02660528 -0.08373017 -0.02330813
v -0.02702088 -0.10058846 -0.02278951
v -0.02669010 -0.11075057 -0.02316098
v -0.02784879 -0.12748490 -0.02118021
v -0.01382593 0.06033272 -0.01201798
v -0.02680058 -0.12059925 -0.02336520
v -0.00958465 0.12399331 -0.00849273
v -0.02893081 -0.13046441 -0.01818451
v -0.00921282 0.13653896 -0.00785492
v -0.03204033 -0.13445733 0.00421751
v -0.02637258 -0.08803797 -0.02358299
v -0.02579588 -0.09842766 -0.02411994
v -0.02560710 -0.10187354 -0.02431725
v -0.01544211 0.05164147 -0.01359890
v -0.02351203 0.01930896 -0.01957343
v -0.02324405 0.01628849 -0.02105677
v -0.01025878 0.13694372 -0.00600568
v -0.02880763 -0.13235655 -0.01690449
v -0.01741546 0.04540806 -0.01407745
v -0.01846160 0.04091968 -0.01493323
v -0.01160294 0.07307650 -0.01061352
v -0.01147565 0.13720262 0.00242342
v -0.02568826 -0.00074039 -0.02296672
v -0.03196965 -0.13455497 -0.00429417
v -0.02595895 -0.01748314 -0.02402472
v -0.02589833 -0.12421164 -0.02419406
v -0.02557416 -0.12272065 -0.02458726
v -0.00942332 0.11570732 -0.00855704
v -0.02126633 0.02858399 -0.01781644
v -0.01853992 0.03731591 -0.01650936
v -0.01924143 0.03333851 -0.01766035
v -0.01190275 0.06832648 -0.01157291
v -0.00948785 0.12034077 -0.00944075
v -0.02133196 0.02241932 -0.02057690
v -0.02012214 0.02582463 -0.02026255
v -0.01933539 0.02916397 -0.01953909
v -0.02115454 0.02025907 -0.02165160
v -0.01444394 0.05262363 -0.01421090
v -0.01567598 0.04645467 -0.01540202
v -0.00803868 0.12271092 -0.00990367
v -0.02685152 -0.07142296 0.02251367
v -0.02693899 -0.05898634 0.02240928
v -0.02699914 -0.04627084 0.02242612
v -0.02671091 -0.01094962 0.02290949
v -0.00937666 0.10305256 0.00842474
v -0.00909008 0.11004160 0.00848769
v -0.02898985 -0.13220419 0.01669470
v -0.02790159 -0.12905580 -0.02043688
v -0.03203436 -0.13486499 0.00000124
v -0.01535117 0.05233710 0.01349183
v -0.02152584 0.03069297 0.01655702
v -0.01920664 0.03679047 0.01615358
v -0.00949857 0.13647891 0.00744074
v -0.02348095 0.01701159 0.02058324
v -0.02333929 0.02097125 0.01909873
v -0.02177558 0.02512436 0.01894657
v -0.03135297 -0.13336711 -0.01027545
v -0.02737286 -0.12917771 0.02101607
v -0.02662623 -0.12157805 0.02337959
v -0.02615793 -0.07982585 0.02335407
v -0.02593448 -0.10115945 0.02366050
v -0.02567357 -0.10757276 0.02397442
v -0.02604802 -0.11639862 0.02367760
v -0.02552131 -0.11982695 0.02449850
v -0.02628203 -0.01550960 0.02350948
v -0.00971117 0.11587239 0.00816330
v -0.01204489 0.06799841 0.01150549
v -0.00907357 0.12228107 0.00888267
v -0.01082593 0.07917004 0.00991580
v -0.02586082 -0.00507053 0.02331158
v -0.02592684 -0.12302764 0.02413158
v -0.01108357 0.07452224 0.01071938
v -0.02592037 -0.02155562 0.02378722
v -0.02577172 -0.01755228 0.02400986
v -0.02583639 -0.07026559 0.02364124
v -0.02584226 -0.05018771 0.02365138
v -0.02624958 -0.03630983 0.02327625
v -0.02596370 -0.02542281 0.02358330
v -0.03137845 -0.13359608 0.00944434
v -0.03022956 -0.13339150 0.01280543
v -0.02898482 -0.13331935 0.01526129
v -0.00903206 0.11470987 0.00854756
v -0.02598050 -0.12484630 0.02391413
v -0.00978430 0.11981840 0.00924355
v -0.01708872 0.03978616 0.01701334
v -0.01608858 0.04711063 0.01487173
v -0.02498989 -0.09235957 0.02464979
v -0.02800033 -0.13095535 0.01907470
v -0.02497756 -0.08119374 0.02459668
v -0.01037552 0.13707999 0.00537275
v -0.02512754 -0.09819025 0.02449127
v -0.02567572 -0.12700501 0.02372345
v -0.02575892 -0.12930286 0.02278915
v -0.02129750 0.02105799 0.02122649
v -0.02042471 0.02545338 0.02021506
v -0.01918251 0.03074476 0.01902359
v -0.01820415 0.03491213 0.01810760
v -0.02027635 0.02747221 0.01941776
v -0.02484317 -0.00840459 0.02462496
v -0.00846957 0.12205302 0.00949502
v -0.00874157 0.11901709 0.01050964
v -0.02427785 -0.04267730 0.02527211
v -0.00856536 0.13029872 0.00946026
v -0.02450032 -0.01340186 0.02523975
v -0.02502928 -0.11652619 0.02471174
v -0.03100361 -0.13461123 0.00819058
v -0.03092928 -0.13523608 0.00630561
v -0.02586652 -0.12564959 -0.02394908
v -0.00839580 0.13646226 0.00861087
v -0.02770166 -0.13171087 -0.01900136
v -0.03095668 -0.13468384 -0.00826642
v -0.03086018 -0.13540648 -0.00619281
v -0.02654228 -0.12821537 -0.02241999
v -0.02563818 -0.12761649 -0.02359424
v -0.03003072 -0.13366573 -0.01291937
v -0.00954704 0.11792278 -0.00964685
v -0.02601806 -0.13121849 0.02146490
v -0.03095503 -0.13579945 -0.00374558
v -0.00935068 0.11813020 0.00974809
v -0.02956530 -0.13468626 0.01188558
v -0.03094781 -0.13579395 0.00349049
v -0.02737847 -0.13232525 0.01882890
v -0.02999249 -0.13475887 -0.01084975
v -0.02592400 -0.13216313 -0.02090216
v -0.02594012 -0.13018259 -0.02211455
v -0.02782914 -0.13286980 -0.01779651
v -0.02664968 -0.13249514 -0.01974182
v -0.02548546 -0.13210884 0.02141297
v -0.02766352 -0.13365888 0.01699348
v -0.02879915 -0.13473466 -0.01356306
v -0.02487322 -0.12920556 -0.02369327
v -0.02867395 -0.13584114 -0.01146229
v -0.02757688 -0.13464744 0.01574709
v -0.02764304 -0.13468120 -0.01566419
v -0.02386736 -0.13030645 0.02415010
v -0.02563687 -0.13345518 0.01991793
v -0.02653312 -0.13457794 -0.01748336
v -0.02550607 -0.13451663 -0.01889727
v -0.02448118 -0.13250548 -0.02216162
v -0.02376130 -0.13468847 -0.02065068
v -0.02409096 -0.13333700 0.02174720
v 0.03521739 -0.00721467 -0.00173783
v 0.03555797 -0.01183001 -0.00042884
v 0.03525444 -0.01187919 -0.00429773
v 0.03483085 -0.00668906 -0.00534820
v 0.03497620 -0.01132391 -0.00610981
v 0.03442457 -0.00230610 -0.00588756
v 0.03487335 -0.00207510 -0.00036058
v 0.03522288 -0.00572618 -0.00005311
v 0.03401874 0.00217172 -0.00510680
v 0.03391660 0.00181479 -0.00626605
v 0.03404926 0.00464885 -0.00068677
v 0.03333824 0.00653358 -0.00582196
v 0.03315230 0.00984840 -0.00258985
v 0.03333592 0.00984114 -0.00005741
v 0.03285210 0.01029196 -0.00491955
v 0.03545505 -0.00974261 0.00033446
v 0.03397259 0.00524402 0.00039810
v 0.03486681 -0.00204460 0.00031669
v 0.03264419 0.01336672 -0.00059035
v 0.03193436 0.01477877 -0.00499615
v 0.03281381 0.00955812 -0.00593018
v 0.03431677 -0.00524868 -0.00776334
v 0.03550838 -0.01653395 -0.00283459
v 0.03573960 -0.01924218 -0.00050903
v 0.03528657 -0.01649560 -0.00490888
v 0.03387034 -0.00023829 -0.00769208
v 0.03378665 -0.00288318 -0.00927049
v 0.03567009 -0.01566567 0.00054445
v 0.03523849 -0.01822753 -0.00516138
v 0.03545197 -0.02596393 -0.00400969
v 0.03554446 -0.03367262 -0.00315712
v 0.03576007 -0.04112721 -0.00055053
v 0.03553829 -0.04389295 -0.00332384
v 0.03583888 -0.04903307 -0.00059008
v 0.03560451 -0.05118552 -0.00318861
v 0.03578032 -0.02881021 -0.00060121
v 0.03575531 -0.02106203 0.00038699
v 0.03579865 -0.04461267 0.00062744
v 0.03576371 -0.04117368 0.00038509
v 0.03578317 -0.02853126 0.00028182
v 0.03555734 -0.05519164 -0.00307704
v 0.03576117 -0.06071971 -0.00026684
v 0.03539195 -0.04270223 -0.00439671
v 0.03527285 -0.04990005 -0.00547405
v 0.03528454 -0.02806819 -0.00518619
v 0.03559880 -0.06090873 -0.00246200
v 0.03550862 -0.06234819 -0.00350057
v 0.03574608 -0.06899800 -0.00075112
v 0.03542080 -0.06924788 -0.00425361
v 0.03558326 -0.07257926 -0.00199723
v 0.03538785 -0.07204371 -0.00409903
v 0.03558851 -0.08266733 -0.00154882
v 0.03541825 -0.08132271 -0.00353595
v 0.03547731 -0.08779577 -0.00327679
v 0.03524316 -0.07935844 -0.00495656
v 0.03529388 -0.05568387 -0.00499936
v 0.03528335 -0.06112848 -0.00504843
v 0.03524798 -0.03820369 -0.00529905
v 0.03511562 -0.04424939 -0.00606672
v 0.03568406 -0.08880196 -0.00004321
v 0.03565910 -0.08176779 -0.00029307
v 0.03566410 -0.07257029 -0.00042945
v 0.03545221 -0.09351257 -0.00307771
v 0.03533591 -0.09469881 -0.00436857
v 0.03536789 -0.10279745 -0.00422094
v 0.03530364 -0.08591677 -0.00485450
v 0.03520414 -0.10624565 -0.00544529
v 0.03530088 -0.11652627 -0.00512322
v 0.03522333 -0.09692796 -0.00520237
v 0.03544018 -0.11639589 -0.00375557
v 0.03546847 -0.10586694 -0.00320326
v 0.03507379 -0.07211017 -0.00604696
v 0.03499945 -0.06644664 -0.00664858
v 0.03553306 -0.12034329 -0.00500593
v 0.03565848 -0.11649375 -0.00058933
v 0.03585395 -0.11995689 -0.00062422
v 0.03590998 -0.12296335 -0.00025201
v 0.03555344 -0.12401929 -0.00477859
v 0.03534171 -0.12345358 -0.00619856
v 0.03554794 -0.10101047 -0.00067468
v 0.03561705 -0.10468623 -0.00041222
v 0.03562396 -0.09211659 0.00020185
v 0.03582939 -0.12489183 -0.00029582
v 0.03471699 -0.01564131 -0.00797503
v 0.03470124 -0.07822388 -0.00786087
v 0.03473793 -0.06716746 -0.00789792
v 0.03473878 -0.10255921 -0.00783078
v 0.03454200 -0.09077866 -0.00863202
v 0.03452291 -0.08343905 -0.00876101
v 0.03471243 -0.11083026 -0.00792532
v 0.03476866 -0.11696098 -0.00782569
v 0.03449713 -0.11701208 -0.00894284
v 0.03446640 -0.10062747 -0.00900220
v 0.03472698 -0.01803099 -0.00786741
v 0.03473334 -0.02791438 -0.00789387
v 0.03467180 -0.04213786 -0.00824374
v 0.03463715 -0.03520852 -0.00825097
v 0.03473177 -0.05165807 -0.00799006
v 0.03468515 -0.05983625 -0.00796781
v 0.03446022 -0.01025465 -0.00849508
v 0.03537698 -0.12573559 -0.00517851
v 0.03479313 -0.12012440 -0.00848358
v 0.03479000 -0.12289701 -0.00874219
v 0.03582044 -0.05321350 0.00051453
v 0.03574390 -0.06295861 0.00074978
v 0.03445299 -0.01656788 -0.00909575
v 0.03444493 -0.02414037 -0.00911246
v 0.03476081 -0.12481863 -0.00857940
v 0.03584840 -0.11980168 0.00041330
v 0.03563698 -0.11596589 0.00044924
v 0.03559314 -0.10399475 0.00059371
v 0.03553202 -0.10072061 0.00064663
v 0.03564487 -0.07132768 0.00071200
v 0.03564150 -0.08209837 0.00054519
v 0.03440191 -0.07778923 -0.00905620
v 0.03436834 -0.06210021 -0.00927380
v 0.03447678 -0.06671382 -0.00894690
v 0.03437841 -0.07264973 -0.00916643
v 0.03445609 -0.05233973 -0.00908463
v 0.03442007 -0.04596018 -0.00913303
v 0.03437341 -0.03399138 -0.00926372
v 0.03442707 -0.04142781 -0.00923672
v 0.03360473 -0.00510655 -0.01049450
v 0.03330700 0.00251643 -0.00869626
v 0.03333508 0.00000963 -0.00977242
v 0.03518453 -0.12710840 -0.00507599
v 0.03561902 -0.12653050 -0.00035996
v 0.03423926 -0.08356674 -0.00974271
v 0.03423835 -0.10083317 -0.00976965
v 0.03424926 -0.11064167 -0.00971099
v 0.03418378 -0.09116275 -0.00989414
v 0.03413661 -0.11694432 -0.01012998
v 0.03441074 -0.12673275 -0.00901221
v 0.03428048 -0.12029627 -0.01022373
v 0.03331380 -0.01103861 -0.01238856
v 0.03313193 -0.01232421 -0.01305450
v 0.03428896 -0.12283232 -0.01035076
v 0.03270295 0.00587925 -0.00902098
v 0.03203597 0.01025067 -0.00864230
v 0.03414240 -0.12486556 -0.01054645
v 0.03313994 -0.01675925 -0.01313951
v 0.03322902 -0.07203327 -0.01265416
v 0.03309830 -0.06507064 -0.01305006
v 0.03309826 -0.05166301 -0.01312836
v 0.03305840 -0.11037289 -0.01309968
v 0.03310949 -0.11661980 -0.01304978
v 0.03308245 -0.10348068 -0.01308960
v 0.03309151 -0.09351758 -0.01310163
v 0.03310959 -0.08282778 -0.01309758
v 0.03309967 -0.01796625 -0.01312291
v 0.03276458 -0.00624396 -0.01322013
v 0.03352619 -0.02194651 -0.01177460
v 0.03305181 -0.02459740 -0.01324123
v 0.03404475 -0.02758696 -0.01023285
v 0.03369360 -0.03470551 -0.01111570
v 0.03371190 -0.04465634 -0.01112702
v 0.03317494 -0.04319684 -0.01263892
v 0.03291496 -0.04112155 -0.01329600
v 0.03311922 -0.03121168 -0.01283641
v 0.03370768 -0.05190205 -0.01127399
v 0.03275790 0.00208748 -0.01079906
v 0.03325746 -0.12008743 -0.01318257
v 0.03322656 -0.12284154 -0.01335221
v 0.03255840 -0.00200880 -0.01283632
v 0.03209989 0.00167486 -0.01289172
v 0.03200030 0.00900199 -0.00960858
v 0.03190020 0.01433348 -0.00576950
v 0.03319145 -0.12499980 -0.01314685
v 0.03290805 -0.07601433 -0.01348018
v 0.03421843 -0.12816919 -0.00863746
v 0.03186577 0.00522906 -0.01201714
v 0.03259000 -0.06013882 -0.01435562
v 0.03256378 -0.05187724 -0.01442078
v 0.03238690 -0.02947072 -0.01462981
v 0.03225880 -0.03412668 -0.01489893
v 0.03228462 -0.04070536 -0.01475560
v 0.03236319 -0.04681307 -0.01469031
v 0.03106942 0.01400787 -0.00925966
v 0.03250401 -0.01611822 -0.01464650
v 0.03103599 0.01838056 -0.00531425
v 0.03074683 0.01706482 -0.00775436
v 0.03237372 -0.01127511 -0.01474145
v 0.03183803 -0.00627753 -0.01538640
v 0.03285332 -0.12694909 -0.01327028
v 0.03103718 0.00864016 -0.01256684
v 0.03243065 -0.01754412 -0.01467297
v 0.03233046 -0.02622511 -0.01483326
v 0.03248230 -0.06601458 -0.01445154
v 0.03244069 -0.08410309 -0.01457837
v 0.03236332 -0.09799895 -0.01473536
v 0.03237901 -0.07699782 -0.01467241
v 0.03235633 -0.07319249 -0.01474807
v 0.03233877 -0.11645384 -0.01482814
v 0.03234501 -0.11022980 -0.01468677
v 0.03231163 -0.10190535 -0.01477256
v 0.03252266 -0.12024432 -0.01484491
v 0.03457084 -0.12897555 -0.00600056
v 0.03136654 0.00020956 -0.01499430
v 0.03256216 -0.12282049 -0.01479862
v 0.03099029 -0.03452556 -0.01765325
v 0.03094512 -0.04016698 -0.01759953
v 0.03095859 -0.02482181 -0.01770887
v 0.03108428 -0.02799126 -0.01744172
v 0.03106398 -0.01838801 -0.01757827
v 0.03104993 -0.04415537 -0.01751492
v 0.03109211 -0.04877681 -0.01750129
v 0.03192165 -0.05432995 -0.01579167
v 0.03125382 -0.05701393 -0.01724338
v 0.03116195 -0.06267287 -0.01739698
v 0.03107026 -0.06890464 -0.01737965
v 0.03107656 -0.11600269 -0.01730141
v 0.03167502 -0.11057154 -0.01598216
v 0.03105851 -0.10456564 -0.01721511
v 0.03111290 -0.09759481 -0.01718041
v 0.03111314 -0.08315083 -0.01722874
v 0.03111027 -0.07861014 -0.01720954
v 0.03098273 -0.07494770 -0.01751948
v 0.03248311 -0.12492323 -0.01471958
v 0.03106849 -0.01675873 -0.01769148
v 0.03100955 -0.01185144 -0.01770172
v 0.03124400 0.00426585 -0.01394454
v 0.03343989 -0.12765166 -0.01125198
v 0.03002801 0.01742965 -0.00986474
v 0.03003375 0.01894667 -0.00853813
v 0.03009395 0.01263656 -0.01259886
v 0.03121552 -0.12011979 -0.01743082
v 0.03119147 -0.12322494 -0.01745442
v 0.03069603 -0.00538566 -0.01754211
v 0.03006087 -0.00161566 -0.01799221
v 0.03213319 -0.12706327 -0.01477137
v 0.02962340 0.02294787 -0.00580214
v 0.03025340 -0.00656057 -0.01850881
v 0.03491045 -0.12861039 -0.00448400
v 0.03164439 0.01773738 -0.00062138
v 0.03527586 -0.12828560 -0.00040447
v 0.03005909 0.02209867 -0.00494351
v 0.03351763 -0.12924030 -0.00988291
v 0.02995100 0.00201031 -0.01727139
v 0.02985110 0.00579125 -0.01620667
v 0.02894441 0.02218339 -0.00904728
v 0.03225486 -0.12890975 -0.01357722
v 0.03017091 0.00953021 -0.01397261
v 0.02900510 0.00958324 -0.01630951
v 0.03097027 -0.12594068 -0.01732988
v 0.02891798 0.02583218 -0.00493818
v 0.03107754 0.01989672 -0.00059472
v 0.03007211 0.02348955 -0.00076007
v 0.02898075 0.02705060 -0.00069831
v 0.03541270 -0.09608495 0.00336689
v 0.03530091 -0.10143414 0.00449201
v 0.03545319 -0.08915175 0.00346783
v 0.03541823 -0.08320898 0.00355688
v 0.03542461 -0.07729323 0.00375018
v 0.03539438 -0.06936122 0.00406106
v 0.03539913 -0.10591853 0.00361534
v 0.03545233 -0.11659073 0.00363791
v 0.03560813 -0.12395618 0.00409506
v 0.03563214 -0.12032663 0.00376159
v 0.03266788 0.01323527 0.00030842
v 0.03528041 -0.01133021 0.00343702
v 0.03537612 -0.01628543 0.00433647
v 0.03531352 -0.09636381 0.00463315
v 0.03529847 -0.09214040 0.00469131
v 0.03546008 -0.01886680 0.00360586
v 0.03553213 -0.03545447 0.00329154
v 0.03549461 -0.04341473 0.00381351
v 0.03547209 -0.02336004 0.00395634
v 0.03550276 -0.04623142 0.00392666
v 0.03544659 -0.05880177 0.00382440
v 0.03543756 -0.05170527 0.00423327
v 0.03541003 -0.05434194 0.00461300
v 0.03483495 -0.00514218 0.00417039
v 0.03542360 -0.12574311 0.00443727
v 0.03527144 -0.12715758 0.00365439
v 0.02798052 0.02853278 -0.00521683
v 0.03140636 0.01869907 0.00030848
v 0.03431493 -0.00037355 0.00455624
v 0.03371386 0.00451402 0.00453272
v 0.03315361 0.00904842 0.00347132
v 0.02672300 0.02979440 -0.00805606
v 0.02793271 0.02534038 -0.00901789
v 0.02675919 0.03213065 -0.00527383
v 0.03537545 -0.03252771 0.00475185
v 0.03531581 -0.11664271 0.00484407
v 0.03528854 -0.10543101 0.00457148
v 0.03549710 -0.12024815 0.00485782
v 0.03526849 -0.08334330 0.00488738
v 0.03525291 -0.07904736 0.00514905
v 0.03524522 -0.07209649 0.00507167
v 0.03526444 -0.06436556 0.00524807
v 0.03525720 -0.05921981 0.00527440
v 0.03499352 -0.01071793 0.00569345
v 0.03035339 0.02254355 0.00035976
v 0.02926790 0.02609817 0.00036360
v 0.03533837 -0.03752934 0.00471637
v 0.03279690 0.01040246 0.00476956
v 0.02640031 0.03378745 -0.00378580
v 0.02508354 0.03715794 -0.00500666
v 0.02390509 0.04135069 -0.00398990
v 0.02335365 0.04257716 -0.00480775
v 0.02233424 0.04617958 -0.00424023
v 0.02237439 0.04735144 -0.00057275
v 0.02780364 0.03022283 -0.00184850
v 0.02558231 0.03720863 -0.00075113
v 0.02347125 0.04390992 -0.00040147
v 0.02140346 0.04943455 -0.00380896
v 0.02086623 0.05249075 -0.00060372
v 0.02067308 0.05273852 -0.00192791
v 0.01918639 0.05826219 -0.00202157
v 0.01922169 0.05720913 -0.00380667
v 0.02035840 0.05273567 -0.00433992
v 0.01803521 0.06192939 -0.00379719
v 0.01769927 0.06425368 -0.00237931
v 0.01596021 0.07057766 -0.00412598
v 0.01712919 0.06585353 -0.00368482
v 0.01603425 0.07150918 -0.00277234
v 0.01495769 0.07628500 -0.00385628
v 0.01482993 0.07842812 -0.00284201
v 0.01436393 0.08060589 -0.00376500
v 0.01383321 0.08445311 -0.00403760
v 0.01398106 0.08684299 -0.00211840
v 0.01493860 0.07896944 -0.00169014
v 0.01477164 0.08159430 -0.00053298
v 0.01374180 0.09140635 -0.00044721
v 0.01361707 0.09037769 -0.00224264
v 0.01318986 0.09666136 -0.00156880
v 0.01333811 0.09651673 -0.00054892
v 0.01275287 0.10304478 -0.00222469
v 0.01258171 0.10887334 -0.00156372
v 0.01285776 0.10633331 -0.00013224
v 0.01292669 0.10377202 -0.00056167
v 0.01268744 0.10952094 -0.00052216
v 0.01242924 0.11469133 -0.00233228
v 0.01263954 0.11477904 -0.00059538
v 0.01498042 0.07993183 0.00024712
v 0.01234767 0.10961971 -0.00275750
v 0.01338329 0.09616024 0.00042635
v 0.01289710 0.10470601 0.00047308
v 0.01430819 0.08587701 0.00041848
v 0.01269901 0.10936391 0.00054799
v 0.01522578 0.07773646 -0.00063106
v 0.01547640 0.07613318 0.00043495
v 0.01373365 0.09144166 0.00051720
v 0.01262983 0.11468360 0.00049433
v 0.01579024 0.07378911 -0.00148501
v 0.01620246 0.07205994 -0.00056588
v 0.01298806 0.09618864 -0.00276996
v 0.01622493 0.07187555 0.00054641
v 0.01261240 0.10880722 0.00162779
v 0.01708809 0.06783099 -0.00075966
v 0.01501332 0.07846856 0.00179391
v 0.01712562 0.06763321 0.00042990
v 0.01800733 0.06370453 0.00044360
v 0.01243255 0.11357969 0.00226849
v 0.01353695 0.09276334 0.00142850
v 0.01377816 0.08805348 0.00276770
v 0.01310683 0.09814890 0.00182991
v 0.01278626 0.10307965 0.00217822
v 0.01404480 0.08612903 0.00238156
v 0.01502218 0.07752126 0.00260270
v 0.03441888 -0.00396091 0.00650176
v 0.03403557 -0.00030966 0.00661429
v 0.01898209 0.05970437 -0.00047279
v 0.01916980 0.05894321 0.00032836
v 0.02087457 0.05242737 0.00046594
v 0.03329003 0.00580759 0.00630110
v 0.03275524 0.00961041 0.00596347
v 0.01247679 0.11482671 0.00226985
v 0.01333081 0.09338610 0.00249315
v 0.01599016 0.07181180 0.00261281
v 0.03199125 0.01452237 0.00453601
v 0.03117765 0.01793331 0.00481283
v 0.01818442 0.06198464 0.00264887
v 0.01689354 0.06755936 0.00258621
v 0.03528940 -0.02336812 0.00520159
v 0.03498857 -0.01571633 0.00673551
v 0.01259201 0.09882101 -0.00364071
v 0.02251154 0.04685349 0.00045097
v 0.02370101 0.04316621 0.00037326
v 0.01240637 0.10954003 0.00267270
v 0.01921434 0.05788959 0.00263187
v 0.02049916 0.05312466 0.00256143
v 0.03476936 -0.01056339 0.00692650
v 0.01280138 0.09414709 -0.00404628
v 0.01355180 0.08785046 -0.00361775
v 0.01212826 0.10882278 -0.00374718
v 0.01192607 0.11340705 -0.00432340
v 0.03481179 -0.09797362 0.00759907
v 0.03473590 -0.08886566 0.00792583
v 0.03507745 -0.07923813 0.00600540
v 0.03474324 -0.10682490 0.00778587
v 0.03191583 0.01388401 0.00590888
v 0.03001030 0.02228812 0.00478422
v 0.03502611 -0.04210525 0.00664938
v 0.03479865 -0.03741793 0.00778945
v 0.03483340 -0.02181096 0.00771152
v 0.03484560 -0.03223882 0.00770096
v 0.01198785 0.11479531 -0.00435791
v 0.02530227 0.03815291 0.00050192
v 0.02669620 0.03388423 -0.00047375
v 0.02198190 0.04752926 0.00361776
v 0.02726197 0.03218133 0.00038586
v 0.02128386 0.04921052 -0.00466696
v 0.03478341 -0.11656680 0.00766150
v 0.03495393 -0.12034356 0.00769284
v 0.03478656 -0.04488378 0.00784652
v 0.03478753 -0.05426527 0.00780233
v 0.03469886 -0.07049109 0.00798379
v 0.03471034 -0.07987285 0.00786519
v 0.03480214 -0.06190382 0.00758630
v 0.03498404 -0.12390986 0.00760966
v 0.02878598 0.02638576 0.00461431
v 0.02465615 0.03930731 0.00360933
v 0.02334080 0.04329023 0.00361758
v 0.02716040 0.03145831 0.00403518
v 0.02567524 0.03610254 0.00373491
v 0.01289877 0.09508173 0.00359418
v 0.01704299 0.06621041 0.00355737
v 0.01616557 0.06991390 0.00365940
v 0.01511768 0.07556663 0.00360434
v 0.01461927 0.07884410 0.00372741
v 0.01368373 0.08672921 0.00368356
v 0.01798933 0.06218130 0.00362183
v 0.01899081 0.05809478 0.00368749
v 0.03391483 -0.00300288 0.00842630
v 0.02048177 0.05238862 0.00400328
v 0.03475116 -0.01614663 0.00793852
v 0.03451279 -0.01095576 0.00818672
v 0.03298132 0.00599070 0.00761870
v 0.03349762 0.00079330 0.00837723
v 0.01916788 0.05672249 -0.00461187
v 0.01817384 0.06050910 -0.00457029
v 0.01715227 0.06480679 -0.00446590
v 0.01612213 0.06811877 -0.00519632
v 0.03093917 0.01786637 0.00618811
v 0.01281662 0.11578213 -0.00101184
v 0.01283254 0.11574661 0.00083312
v 0.01244860 0.11598024 -0.00352524
v 0.01410910 0.07967435 -0.00482908
v 0.01506417 0.07427497 -0.00457476
v 0.01456270 0.07332511 -0.00625752
v 0.03028827 0.02051617 0.00594820
v 0.01184303 0.10927703 -0.00451217
v 0.03235077 0.01007595 0.00738515
v 0.02100471 0.04820892 -0.00647734
v 0.01924379 0.05431075 -0.00635757
v 0.02293784 0.04282806 -0.00591844
v 0.02456388 0.03789121 -0.00601680
v 0.02448651 0.03570181 -0.00853468
v 0.02571785 0.03240473 -0.00837270
v 0.01305907 0.08838093 -0.00473924
v 0.01211453 0.09886313 -0.00487396
v 0.01796906 0.05886948 -0.00632910
v 0.03483207 -0.12599233 0.00749335
v 0.02801282 0.02849557 0.00502662
v 0.02679906 0.03205910 0.00523387
v 0.02581153 0.03503520 0.00505697
v 0.02475173 0.03829698 0.00483515
v 0.02321784 0.04293821 0.00481681
v 0.02185499 0.04729325 0.00461417
v 0.03449054 -0.08809139 0.00894321
v 0.03445594 -0.10327355 0.00901372
v 0.03441625 -0.10912947 0.00900824
v 0.03439772 -0.11668427 0.00912048
v 0.03158810 0.01370288 0.00742098
v 0.03276066 0.00492837 0.00902987
v 0.02916538 0.02426633 0.00597260
v 0.02801695 0.02793960 0.00587221
v 0.01363539 0.07850033 -0.00630153
v 0.01658501 0.06425048 -0.00626901
v 0.01568101 0.06795338 -0.00633674
v 0.02645913 0.02953016 -0.00906300
v 0.03450462 -0.03333408 0.00904195
v 0.03446853 -0.04451573 0.00903787
v 0.03450770 -0.02250356 0.00898560
v 0.03451959 -0.01633122 0.00880473
v 0.03442427 -0.05136429 0.00915796
v 0.03446301 -0.05633602 0.00907989
v 0.02327456 0.03896198 -0.00875179
v 0.02220174 0.04227482 -0.00855089
v 0.02149521 0.04419454 -0.00864317
v 0.03433856 -0.06386719 0.00931686
v 0.03438800 -0.07875096 0.00907829
v 0.01262259 0.08611367 -0.00620904
v 0.02915131 0.01880253 -0.01108442
v 0.02824510 0.02229941 -0.01070650
v 0.01251111 0.11588259 0.00330791
v 0.02059690 0.04703370 -0.00853605
v 0.01912221 0.05212205 -0.00832707
v 0.01782806 0.05675710 -0.00804131
v 0.02895318 0.01497930 -0.01376216
v 0.03456392 -0.12048473 0.00920295
v 0.03456889 -0.12394658 0.00923024
v 0.01242345 0.10262054 0.00358206
v 0.01210044 0.11066155 0.00365901
v 0.01198266 0.11469591 0.00419042
v 0.03187931 0.00894710 0.00973405
v 0.03384902 -0.00950955 0.01014365
v 0.03316380 -0.00283898 0.01090200
v 0.03267281 0.00142949 0.01090453
v 0.01205582 0.11597172 -0.00476034
v 0.03481642 -0.12834677 0.00516573
v 0.03479865 -0.12919318 0.00344044
v 0.03104565 0.01344478 0.00950057
v 0.01709157 0.06480949 0.00458576
v 0.01609947 0.06884549 0.00468269
v 0.01800370 0.06058816 0.00498144
v 0.01496978 0.07446982 0.00470500
v 0.01916334 0.05620371 0.00497214
v 0.01425317 0.07889547 0.00479959
v 0.03189863 0.00661877 0.01093032
v 0.02061701 0.05030401 0.00562916
v 0.02992267 0.01832837 0.00928850
v 0.03420588 -0.09621543 0.00986747
v 0.03328646 -0.01126683 0.01215502
v 0.02880882 0.02325914 0.00831615
v 0.02393527 0.03544334 -0.01011272
v 0.02275800 0.03967961 -0.00932802
v 0.01697795 0.06077005 -0.00741254
v 0.01745367 0.05723334 -0.00848411
v 0.02688900 0.02694513 -0.01020493
v 0.01173424 0.09366757 -0.00631956
v 0.01202045 0.08990035 -0.00643793
v 0.03416699 -0.12586636 0.00997073
v 0.03377376 -0.12356528 0.01169433
v 0.03262654 -0.00262437 0.01239286
v 0.03404903 -0.08667506 0.01027385
v 0.03303756 -0.07994112 0.01302026
v 0.03313062 -0.08489214 0.01294490
v 0.03311064 -0.07364494 0.01268598
v 0.03321059 -0.11633575 0.01258611
v 0.03324396 -0.11026006 0.01245316
v 0.03309448 -0.10401367 0.01294367
v 0.03314837 -0.09623346 0.01289657
v 0.03313151 -0.08951156 0.01288659
v 0.03328599 -0.01817074 0.01246806
v 0.03309325 -0.04319153 0.01302934
v 0.03309308 -0.04870931 0.01297578
v 0.03321028 -0.05753642 0.01273973
v 0.03317336 -0.06242890 0.01269940
v 0.03314883 -0.03984093 0.01286715
v 0.03325884 -0.02594830 0.01260657
v 0.03336955 -0.12022133 0.01265818
v 0.02395657 0.03926974 0.00650649
v 0.02585343 0.03279532 0.00758052
v 0.03422277 -0.12820666 0.00822099
v 0.03183061 0.00256921 0.01280317
v 0.03482976 -0.12982635 -0.00040945
v 0.03437453 -0.13043566 -0.00404589
v 0.03093574 0.01003123 0.01180060
v 0.01352744 0.08522789 0.00461644
v 0.01286104 0.09183023 0.00447700
v 0.01217581 0.09867610 0.00476175
v 0.03126252 0.00637384 0.01274168
v 0.03422744 -0.13047688 -0.00515742
v 0.01847497 0.05618025 0.00694817
v 0.01988695 0.05067427 0.00741861
v 0.02103857 0.04673989 0.00762186
v 0.02845186 0.02286020 0.00971054
v 0.02611550 0.03048321 0.00910153
v 0.01683373 0.06418590 0.00573228
v 0.01578180 0.06829126 0.00588311
v 0.01470141 0.07338627 0.00588457
v 0.03007192 0.01391524 0.01184927
v 0.02222824 0.04330505 0.00747832
v 0.02391157 0.03761287 0.00834089
v 0.01385991 0.07822106 0.00596295
v 0.02769933 0.01910565 -0.01401895
v 0.01183213 0.10329152 0.00499424
v 0.01172452 0.11021676 0.00470723
v 0.01180316 0.11360828 0.00448800
v 0.01092867 0.11481838 0.00637911
v 0.01116074 0.11310163 0.00578904
v 0.03314604 -0.12479634 0.01316023
v 0.03296586 -0.12296177 0.01374654
v 0.01682851 0.06223609 0.00690580
v 0.02891716 0.01842130 0.01184959
v 0.03279689 -0.01820549 0.01369231
v 0.03277875 -0.01081066 0.01336702
v 0.03272246 -0.02817427 0.01394050
v 0.03219667 -0.00281695 0.01346273
v 0.01086130 0.11354122 -0.00650396
v 0.01121809 0.10933172 -0.00583484
v 0.01165419 0.09913243 -0.00575837
v 0.02680539 0.02360246 -0.01291163
v 0.02544636 0.02782969 -0.01266136
v 0.02474945 0.03013008 -0.01243793
v 0.01564520 0.06462172 -0.00800811
v 0.01463466 0.06872238 -0.00803650
v 0.01093988 0.11538186 -0.00662858
v 0.01394773 0.07356761 -0.00735896
v 0.01365080 0.07216428 -0.00837592
v 0.02771842 0.01761550 -0.01479658
v 0.03422521 -0.13063764 0.00430719
v 0.03269716 -0.05327629 0.01398139
v 0.02672654 0.02247817 -0.01380881
v 0.03218792 -0.07336761 0.01486267
v 0.02670347 0.02750008 0.01020475
v 0.03337491 -0.13035767 -0.00919703
v 0.01301748 0.07915170 -0.00728058
v 0.01275236 0.07639562 -0.00842276
v 0.03222317 -0.04522696 0.01496965
v 0.03248243 -0.03993887 0.01438188
v 0.03299033 -0.12633212 0.01300881
v 0.01547134 0.06770875 0.00686842
v 0.02997780 0.01012462 0.01395979
v 0.03416393 -0.13155378 -0.00029114
v 0.03319245 -0.12813165 0.01153283
v 0.03217214 -0.11639304 0.01494678
v 0.03218953 -0.12048900 0.01534682
v 0.03216794 -0.11119004 0.01494141
v 0.03222751 -0.09865314 0.01489716
v 0.03225138 -0.09105991 0.01481837
v 0.03229212 -0.08625336 0.01481949
v 0.03111440 -0.00019315 0.01515553
v 0.02182027 0.04229429 0.00933452
v 0.02392947 0.03552731 0.01011029
v 0.02521604 0.03044226 0.01128531
v 0.03264285 -0.05854493 0.01402780
v 0.03227523 -0.06448588 0.01469344
v 0.02753454 0.02277143 0.01197421
v 0.03383080 -0.12977032 0.00779931
v 0.03053676 0.00604566 0.01444985
v 0.01180397 0.11564800 0.00512270
v 0.01141386 0.10496000 0.00567045
v 0.03203175 -0.01091101 0.01499532
v 0.03099763 -0.00534701 0.01636054
v 0.03200560 -0.01634107 0.01532891
v 0.03227031 -0.02072796 0.01486697
v 0.01278598 0.08546582 0.00613482
v 0.02901434 0.01406403 0.01409743
v 0.02052749 0.04657053 0.00892982
v 0.01252487 0.09044731 0.00551683
v 0.01175116 0.09472574 0.00617512
v 0.01838529 0.05310880 -0.00910168
v 0.01923470 0.04986983 -0.00942782
v 0.01996465 0.04520785 -0.01081140
v 0.03177859 -0.03546250 0.01591256
v 0.03175180 -0.02767922 0.01596711
v 0.01160772 0.09948694 0.00580401
v 0.01891974 0.05165148 0.00887251
v 0.01815695 0.05570651 0.00796252
v 0.01746416 0.05738077 0.00837985
v 0.03194854 -0.05328680 0.01554162
v 0.02988036 0.00443459 0.01626182
v 0.02121690 0.03906787 -0.01260671
v 0.02358024 0.03275654 -0.01275218
v 0.02213561 0.03659919 -0.01266112
v 0.03170376 -0.12392451 0.01632791
v 0.02796259 0.01840337 0.01384730
v 0.01379586 0.11812025 -0.00003793
v 0.01345531 0.11800240 -0.00246215
v 0.01367385 0.11872310 -0.00208397
v 0.01382249 0.11912451 -0.00066579
v 0.01386954 0.11912778 0.00042941
v 0.01287486 0.12201498 -0.00061750
v 0.01366357 0.11836351 0.00207209
v 0.01368190 0.11913657 0.00205324
v 0.01288851 0.12204812 0.00073013
v 0.01306523 0.12410362 0.00035748
v 0.01309517 0.12650498 -0.00065075
v 0.01314057 0.12746938 0.00029892
v 0.01311534 0.13005539 0.00029720
v 0.01308338 0.12990235 -0.00058299
v 0.01295378 0.13280152 -0.00046970
v 0.01293466 0.13317921 0.00036260
v 0.01257545 0.13555559 -0.00029297
v 0.01251609 0.13578570 0.00074798
v 0.01268778 0.13289342 0.00242911
v 0.01213636 0.13500029 -0.00316710
v 0.01267922 0.13219272 -0.00211593
v 0.01224411 0.13521419 0.00331690
v 0.01283587 0.12414664 0.00239584
v 0.01213047 0.13602985 -0.00214661
v 0.01275302 0.12937349 0.00283490
v 0.01278486 0.12761288 -0.00223553
v 0.01271301 0.12449042 -0.00239144
v 0.01269632 0.12203800 -0.00189658
v 0.01210062 0.13602020 0.00306605
v 0.01218301 0.13227177 -0.00404571
v 0.01239711 0.12586396 -0.00384418
v 0.01293930 0.12043216 -0.00343425
v 0.01328190 0.11896643 -0.00367116
v 0.01262470 0.12202970 0.00269612
v 0.01341167 0.11898104 0.00349806
v 0.01183445 0.13311461 -0.00488713
v 0.01205558 0.13677130 -0.00082411
v 0.01239506 0.13265873 0.00366569
v 0.01253206 0.12950465 0.00366485
v 0.01251998 0.12434956 0.00380443
v 0.01200106 0.12304673 -0.00477141
v 0.01235333 0.12192496 -0.00366842
v 0.01160964 0.13566400 -0.00442200
v 0.01193507 0.13094445 -0.00493803
v 0.01194482 0.12191178 -0.00498475
v 0.01210402 0.13677630 0.00080119
v 0.01295035 0.12047892 0.00360818
v 0.01304060 0.11788207 -0.00413656
v 0.01201359 0.12404595 -0.00486034
v 0.01205497 0.12714946 -0.00471509
v 0.01227626 0.12218129 0.00405576
v 0.01187135 0.13669573 0.00260713
v 0.01160367 0.13668614 -0.00319226
v 0.01272576 0.11902018 -0.00527903
v 0.01269039 0.11838455 -0.00525151
v 0.01161448 0.11723043 -0.00659398
v 0.01324789 0.11797914 0.00362377
v 0.01289207 0.11899621 0.00512312
v 0.01279607 0.11812991 0.00506474
v 0.01208427 0.13046864 0.00481349
v 0.01209645 0.12551942 0.00492211
v 0.01162730 0.13507078 0.00504566
v 0.01217868 0.12283036 0.00450213
v 0.01154323 0.13597285 0.00470600
v 0.01171255 0.13263277 0.00537709
v 0.01184247 0.12208560 0.00521033
v 0.01315980 0.11696012 0.00225994
v 0.01166849 0.12446005 0.00580655
v 0.01187552 0.12006268 -0.00629913
v 0.01140828 0.13677607 0.00401750
v 0.01416084 0.07418118 0.00669942
v 0.01289131 0.08041474 0.00719214
v 0.01489735 0.06785943 0.00789232
v 0.01162214 0.13010357 0.00575876
v 0.01627227 0.06044317 -0.00884044
v 0.02895286 0.00973272 0.01612555
v 0.01071678 0.13486341 -0.00625035
v 0.03116899 -0.11962256 0.01726255
v 0.03104180 -0.11635033 0.01714284
v 0.03101579 -0.12284392 0.01763480
v 0.03170436 -0.06217805 0.01583496
v 0.03117585 -0.07348840 0.01679571
v 0.03118356 -0.08090973 0.01688795
v 0.03098241 -0.11033398 0.01715802
v 0.03101217 -0.09377947 0.01713210
v 0.03108678 -0.08568333 0.01706522
v 0.01632337 0.06142076 0.00831520
v 0.03110042 -0.01135332 0.01684847
v 0.03325281 -0.12987110 0.00973589
v 0.03109531 -0.04037801 0.01709475
v 0.03114018 -0.05320217 0.01707405
v 0.03092084 -0.06450533 0.01724701
v 0.03120292 -0.04906011 0.01691991
v 0.03114077 -0.04523818 0.01705800
v 0.03106346 -0.01822181 0.01718354
v 0.03094673 -0.03577477 0.01744796
v 0.03098251 -0.02660413 0.01737418
v 0.03195457 -0.12586235 0.01543027
v 0.03224194 -0.12813465 0.01387364
v 0.02991324 0.00026173 0.01728539
v 0.02998593 -0.00431274 0.01799321
v 0.02347503 0.03455046 0.01176607
v 0.01175177 0.11908153 0.00731195
v 0.02505095 0.02886061 0.01270246
v 0.01063278 0.13622889 0.00626279
v 0.02641712 0.02275076 0.01409726
v 0.03306922 -0.13154015 0.00809257
v 0.01100116 0.12223615 0.00666327
v 0.01975300 0.04622381 0.01058833
v 0.02074220 0.04430127 0.01003922
v 0.02064154 0.04216851 0.01158462
v 0.02199590 0.03824826 0.01185216
v 0.03211016 -0.13010138 -0.01297390
v 0.01114462 0.12180005 -0.00639542
v 0.03305453 -0.13145825 -0.00865078
v 0.03045852 -0.01106022 -0.01858605
v 0.02880368 0.00860568 -0.01701233
v 0.01083611 0.13651521 -0.00517826
v 0.03085191 -0.12474826 0.01777448
v 0.02791399 0.01396899 0.01606421
v 0.01368231 0.07345166 0.00781280
v 0.01278807 0.07653935 0.00829827
v 0.01057335 0.13476610 0.00690239
v 0.01164978 0.11840868 0.00734112
v 0.03206001 -0.13030918 0.01264488
v 0.01175314 0.08946929 0.00697146
v 0.01154115 0.11877321 -0.00741146
v 0.01090703 0.12311348 -0.00663655
v 0.01816429 0.05101443 0.01051563
v 0.03092541 -0.12710783 0.01698669
v 0.02908677 0.00540485 0.01726431
v 0.02998527 -0.01129203 0.01868131
v 0.03017221 -0.01768466 0.01859415
v 0.02802786 0.01239951 -0.01668023
v 0.03021228 -0.11973929 0.01884378
v 0.03001455 -0.11638423 0.01878675
v 0.03004838 -0.12278294 0.01920643
v 0.02999677 -0.12474437 0.01915572
v 0.03002242 -0.11093074 0.01869417
v 0.02997750 -0.10237067 0.01875780
v 0.02998251 -0.09357973 0.01873084
v 0.02988539 -0.08827163 0.01895234
v 0.01088758 0.12354842 0.00703350
v 0.02683188 0.01829913 0.01578262
v 0.01666241 0.05634619 0.01022197
v 0.01066871 0.13023946 0.00728328
v 0.01072432 0.12543492 0.00734686
v 0.01068826 0.10355500 0.00695536
v 0.01069946 0.09944177 0.00724172
v 0.01065056 0.10990234 0.00670840
v 0.01069916 0.11360175 0.00660512
v 0.03007031 -0.08068877 0.01869740
v 0.02991482 -0.07247921 0.01877117
v 0.03015691 -0.06776609 0.01844402
v 0.03016340 -0.05438522 0.01860076
v 0.02998310 -0.06168972 0.01877369
v 0.03098215 -0.12879660 0.01606108
v 0.01094362 0.09441137 0.00740550
v 0.02383876 0.02942408 0.01439213
v 0.02255543 0.03418069 0.01349295
v 0.02999585 -0.04374909 0.01882950
v 0.03007550 -0.03544046 0.01883790
v 0.03011742 -0.02659554 0.01873799
v 0.03331819 -0.13271727 0.00327386
v 0.01502118 0.06393204 0.00931004
v 0.01400061 0.06781629 0.00926794
v 0.01548114 0.06050914 0.01004769
v 0.03221959 -0.13122334 0.01114265
v 0.02971827 -0.08395466 0.01915799
v 0.01163148 0.08597081 0.00775506
v 0.01079998 0.11573762 0.00691783
v 0.03332187 -0.13244827 -0.00504906
v 0.03321947 -0.13250189 0.00495830
v 0.02599746 0.01904364 0.01669118
v 0.02487124 0.02253087 0.01657151
v 0.03090895 -0.13029273 0.01518589
v 0.02814898 0.01007802 0.01720052
v 0.02996471 -0.12705241 0.01861300
v 0.01881446 0.04691612 0.01166098
v 0.01932207 0.04366778 0.01267463
v 0.02125982 0.03806127 0.01310289
v 0.01276194 0.07248722 0.00941180
v 0.02914703 -0.00801207 0.01957933
v 0.02899131 -0.11987638 0.02060529
v 0.02886585 -0.11611704 0.02036042
v 0.02889647 -0.11154887 0.02025406
v 0.02877913 -0.09658521 0.02040104
v 0.02897135 -0.02461127 0.02038277
v 0.02903568 -0.01232036 0.02003227
v 0.02899315 -0.01798394 0.02026922
v 0.02901419 -0.00334019 0.01919870
v 0.01185786 0.08036654 0.00865305
v 0.02796879 0.00461133 0.01901423
v 0.02996473 -0.12862171 0.01795398
v 0.02603756 0.01482557 0.01838310
v 0.02570794 0.01240027 0.01972495
v 0.01188861 0.11728054 0.00625860
v 0.02883112 -0.12425948 0.02086843
v 0.02897630 -0.07846812 0.02018790
v 0.02905690 -0.06795042 0.01998272
v 0.02894701 -0.06172112 0.02022716
v 0.02904423 -0.05593155 0.02015761
v 0.02887527 -0.03539373 0.02051607
v 0.02890217 -0.04243169 0.02037358
v 0.02819804 -0.05100369 0.02119603
v 0.03226723 -0.13238146 0.00933300
v 0.02778913 -0.00623870 0.02117383
v 0.02787435 -0.01089146 0.02145556
v 0.02788578 -0.04204395 0.02172891
v 0.02785509 -0.03642081 0.02182551
v 0.02802690 -0.02461196 0.02160275
v 0.02790694 -0.01771962 0.02164991
v 0.02559755 0.00920991 0.02091046
v 0.01647354 0.05304622 0.01192761
v 0.01770613 0.04702929 0.01306860
v 0.01068154 0.11987001 0.00841523
v 0.02716294 -0.00171788 0.02137690
v 0.02881452 -0.08823063 0.02042113
v 0.00939064 0.13555766 0.00820620
v 0.01080794 0.10609505 -0.00673593
v 0.01104717 0.09802967 -0.00685240
v 0.01077159 0.11080743 -0.00660589
v 0.03209241 -0.13148402 -0.01144089
v 0.01042379 0.13583587 -0.00632586
v 0.02928273 0.00305650 -0.01803092
v 0.02986217 -0.13037346 0.01706988
v 0.01445396 0.06260135 0.01053400
v 0.02615105 0.00435891 0.02143134
v 0.02460555 0.01830463 0.01885096
v 0.03022836 -0.08190526 -0.01859309
v 0.01505716 0.06401183 -0.00921301
v 0.01105810 0.13204321 -0.00625284
v 0.02330233 0.02783392 0.01595485
v 0.02230266 0.03220470 0.01493554
v 0.03043485 -0.03332384 -0.01855290
v 0.03105179 -0.13228153 0.01282855
v 0.03045333 -0.01634116 -0.01866959
v 0.02774229 -0.08325000 0.02171566
v 0.02786029 -0.06522078 0.02159519
v 0.02786064 -0.05663077 0.02168444
v 0.02792030 -0.07017239 0.02148351
v 0.02717339 -0.07920860 0.02241315
v 0.03327553 -0.13313920 -0.00034941
v 0.03301812 -0.13318249 -0.00368577
v 0.01060355 0.09066290 0.00828755
v 0.01085151 0.08615800 0.00866480
v 0.00947309 0.13183020 0.00862408
v 0.02770653 -0.12304179 0.02228935
v 0.02760734 -0.12085039 0.02236211
v 0.01922680 0.04171292 0.01380316
v 0.01964544 0.03837917 0.01497049
v 0.01045080 0.11899690 0.00898095
v 0.02842002 -0.12709843 0.02075674
v 0.02782669 -0.11615418 0.02166545
v 0.02803791 -0.10253595 0.02133956
v 0.02736514 -0.10888131 0.02215045
v 0.02785887 -0.09270400 0.02156333
v 0.02763025 -0.08754128 0.02189508
v 0.02465527 0.01348463 0.02061858
v 0.01492780 0.05699373 0.01216140
v 0.01582400 0.05175681 0.01321546
v 0.01274244 0.06860463 0.01055077
v 0.02675450 -0.00686781 0.02249123
v 0.03203931 -0.13340586 0.00800012
v 0.01012831 0.09398193 0.00843372
v 0.00956560 0.10194548 0.00837748
v 0.00977258 0.11451096 0.00780290
v 0.00960461 0.10950446 0.00798874
v 0.00975653 0.12268994 0.00835079
v 0.00971769 0.12203579 0.00843492
v 0.01156282 0.07677477 0.00971194
v 0.00965949 0.12472043 0.00862475
v 0.02355869 0.02414268 0.01742766
v 0.02688980 -0.01158465 0.02265643
v 0.01071907 0.11807698 0.00842782
v 0.02575729 0.00145773 0.02243842
v 0.02880943 -0.12928276 0.01933359
v 0.00918459 0.13651209 0.00792379
v 0.02673550 -0.05082903 0.02292417
v 0.02672106 -0.05683658 0.02301438
v 0.02681204 -0.07012935 0.02278300
v 0.02623691 -0.06635362 0.02349180
v 0.02662523 -0.04188357 0.02320972
v 0.02673912 -0.03565213 0.02311014
v 0.02709408 -0.02784688 0.02270283
v 0.02638206 -0.02153350 0.02345135
v 0.02622884 -0.01676532 0.02352094
v 0.02985107 -0.13228958 0.01532906
v 0.02766282 -0.12471459 0.02222805
v 0.02589938 -0.00211831 0.02287789
v 0.01692845 0.04642522 0.01424897
v 0.02623013 -0.11873886 0.02373164
v 0.02644703 -0.11615842 0.02323319
v 0.02630751 -0.10064579 0.02330327
v 0.02587450 -0.09184045 0.02379034
v 0.02579033 -0.10830362 0.02389689
v 0.02178175 0.03020845 0.01655091
v 0.01070808 0.08219141 0.00956401
v 0.02545641 -0.08594806 0.02426342
v 0.01828703 0.03901478 0.01615474
v 0.01110307 0.07327498 0.01100087
v 0.02764707 -0.12937408 0.02082928
v 0.03096316 -0.13350735 0.01109327
v 0.02593226 -0.07006963 0.02374702
v 0.02558168 -0.08078728 0.02412572
v 0.02349739 0.01892134 0.01980922
v 0.02241876 0.02281950 0.01928420
v 0.02498364 0.00971490 0.02141803
v 0.02498787 0.00556323 0.02239940
v 0.02585557 -0.05624903 0.02394368
v 0.02585817 -0.05089241 0.02386734
v 0.02541159 -0.02724834 0.02452400
v 0.02544760 -0.03472015 0.02447760
v 0.02884269 -0.13105081 0.01814834
v 0.03009450 -0.05708833 -0.01910991
v 0.03033285 -0.06203378 -0.01870172
v 0.03031873 -0.06748684 -0.01858073
v 0.03039466 -0.07389246 -0.01843100
v 0.01323978 0.06301182 0.01170212
v 0.01373767 0.05997237 0.01225007
v 0.01439792 0.05473786 0.01351842
v 0.01440501 0.05046673 0.01508895
v 0.02554770 -0.12237774 0.02458507
v 0.02556209 -0.01087913 0.02401094
v 0.02558816 -0.00696232 0.02371133
v 0.02493310 -0.02223454 0.02494804
v 0.02522182 -0.01760015 0.02454180
v 0.00850906 0.12943007 0.00970964
v 0.00923836 0.11557816 0.00869205
v 0.02488821 -0.09492626 0.02477670
v 0.00992050 0.08718483 0.00943871
v 0.00948391 0.11990603 0.00967391
v 0.01868810 0.03344023 0.01832609
v 0.02613117 -0.12708567 0.02339261
v 0.02546854 -0.12911938 0.02338469
v 0.00830896 0.13497757 0.00939998
v 0.00839512 0.13250951 0.00964131
v 0.02559290 -0.12467120 0.02443236
v 0.01144177 0.13718818 0.00235780
v 0.02884880 -0.13241786 0.01693214
v 0.02513558 -0.11619256 0.02456742
v 0.01159690 0.06845328 0.01174427
v 0.02566399 -0.04192994 0.02419307
v 0.02495067 -0.03993330 0.02485786
v 0.02480967 -0.10771580 0.02486639
v 0.02503137 -0.06859787 0.02467862
v 0.02497127 -0.07315546 0.02471477
v 0.02508956 -0.05782594 0.02468600
v 0.00918890 0.09200946 0.00951019
v 0.01046381 0.07683151 0.01077999
v 0.03210080 -0.13296719 -0.00916279
v 0.02776190 -0.13162543 0.01927290
v 0.01593098 0.04626924 0.01531814
v 0.01940139 0.02872006 0.01971587
v 0.02079607 0.02387675 0.02044907
v 0.03188313 -0.13443212 0.00520986
v 0.00904222 0.11898899 0.01035221
v 0.01701358 0.04111855 0.01650332
v 0.01695882 0.03828662 0.01776776
v 0.00809653 0.13585861 0.00937461
v 0.02462720 -0.05172150 0.02506043
v 0.00906119 0.11293940 0.00850160
v 0.00807094 0.10986627 0.00944973
v 0.00827278 0.11478136 0.00935092
v 0.02450626 -0.12032091 0.02547445
v 0.02410478 -0.11610900 0.02551653
v 0.02404761 0.00130183 0.02409250
v 0.02164834 0.01906388 0.02157552
v 0.02164746 0.01471777 0.02308788
v 0.02240854 0.01068651 0.02356822
v 0.00858907 0.09820828 0.00954249
v 0.02452931 -0.07738649 0.02513718
v 0.02415598 -0.08941075 0.02544367
v 0.02436418 -0.08296412 0.02526405
v 0.00851188 0.12429421 0.00971416
v 0.00815232 0.12215916 0.00986133
v 0.00826677 0.10331890 0.00951328
v 0.02398727 -0.00307101 0.02477619
v 0.01176877 0.06354541 0.01293466
v 0.01189756 0.06056722 0.01373182
v 0.02453215 -0.12373103 0.02548834
v 0.00977354 0.13699883 0.00652592
v 0.01037900 0.13716582 0.00504218
v 0.00967469 0.11799888 0.00950251
v 0.02376130 -0.09570460 0.02583287
v 0.02370409 -0.10463000 0.02589656
v 0.02035633 0.01810462 0.02311828
v 0.01995140 0.02190885 0.02199996
v 0.03079427 -0.12817453 -0.01673568
v 0.03025334 -0.04026522 -0.01870277
v 0.03024704 -0.04991722 -0.01879806
v 0.02387821 0.02838485 -0.01489203
v 0.02258455 0.03283391 -0.01426207
v 0.03028825 -0.02837667 -0.01870557
v 0.03017348 -0.10791954 -0.01859740
v 0.03000569 -0.09831284 -0.01886323
v 0.02995710 -0.08876181 -0.01899742
v 0.03013888 -0.11645971 -0.01879756
v 0.03008966 -0.12003684 -0.01916571
v 0.03020196 -0.12267808 -0.01901481
v 0.01096227 0.12746271 -0.00638352
v 0.03041898 -0.01787115 -0.01860562
v 0.01302488 0.07314084 -0.00890833
v 0.03005911 -0.12499423 -0.01898157
v 0.02558374 0.02214173 -0.01578406
v 0.01837942 0.04871458 -0.01136262
v 0.01888958 0.04483395 -0.01270571
v 0.03197135 -0.13467771 0.00308434
v 0.01412889 0.06800062 -0.00903978
v 0.01156523 0.08862237 -0.00734660
v 0.01054671 0.09266392 -0.00812302
v 0.01160203 0.08466622 -0.00806787
v 0.01600517 0.05708409 -0.01074907
v 0.01690771 0.05352486 -0.01112508
v 0.02940608 -0.13368415 0.01433661
v 0.02040687 0.04067647 -0.01285950
v 0.01058272 0.11913733 -0.00868160
v 0.02608458 0.01739119 -0.01734663
v 0.03009947 -0.12818689 -0.01790816
v 0.01048202 0.09840860 -0.00761211
v 0.03091982 -0.13031280 -0.01511653
v 0.02984393 -0.13021858 -0.01717671
v 0.03119840 -0.13136255 -0.01367629
v 0.03100577 -0.13244991 -0.01285914
v 0.01202510 0.07874695 -0.00878941
v 0.02999634 -0.12655932 -0.01868137
v 0.01488394 0.06114575 -0.01052996
v 0.02154202 0.03655588 -0.01356013
v 0.02784490 -0.03215074 -0.02224786
v 0.02879394 -0.02448102 -0.02080694
v 0.02907266 -0.04533002 -0.02042930
v 0.02782756 -0.03951734 -0.02216864
v 0.02843896 -0.01800992 -0.02136467
v 0.02789191 -0.02616371 -0.02203483
v 0.02903800 -0.01587146 -0.02065505
v 0.02784116 -0.06672302 -0.02213864
v 0.02792043 -0.06299961 -0.02211288
v 0.03198364 -0.13490510 -0.00010025
v 0.02793728 0.00496929 -0.01932989
v 0.02470895 0.02305525 -0.01655787
v 0.02827320 -0.08074559 -0.02135996
v 0.02818450 -0.07567408 -0.02147545
v 0.02802528 -0.10564043 -0.02162919
v 0.02855522 -0.11578161 -0.02095399
v 0.02807737 -0.09430978 -0.02158765
v 0.02807175 -0.08798010 -0.02165499
v 0.02821277 -0.11993503 -0.02173840
v 0.01759546 0.04824353 -0.01270267
v 0.02698341 0.01169675 -0.01839573
v 0.02565207 0.01415414 -0.01920408
v 0.01087501 0.08546509 -0.00878938
v 0.02870992 -0.12133053 -0.02109757
v 0.03196740 -0.13433728 -0.00557300
v 0.02752434 -0.00035591 -0.02118248
v 0.02659272 0.00366772 -0.02137983
v 0.02799487 -0.00486916 -0.02133073
v 0.02817251 -0.05255686 -0.02166945
v 0.02776639 -0.04289828 -0.02219814
v 0.02781043 -0.05813492 -0.02225999
v 0.02356251 0.02732158 -0.01589662
v 0.00978909 0.13653930 -0.00673852
v 0.03196679 -0.13472335 -0.00314834
v 0.02817513 -0.00742472 -0.02139896
v 0.02830251 -0.01153057 -0.02153440
v 0.02805819 -0.12291286 -0.02193212
v 0.02805131 -0.12427614 -0.02181725
v 0.03084809 -0.13443973 0.00935640
v 0.03093451 -0.13353815 -0.01122042
v 0.02576048 0.00997064 -0.02057295
v 0.02572704 0.00677326 -0.02155948
v 0.02761603 -0.07524095 -0.02222937
v 0.00898780 0.13478148 -0.00851267
v 0.02765102 -0.05184095 -0.02233998
v 0.02793257 -0.11626990 -0.02177311
v 0.01271764 0.06852710 -0.01060925
v 0.01064868 0.11817006 -0.00847961
v 0.00925977 0.13247841 -0.00848003
v 0.00946272 0.11006575 -0.00830288
v 0.00957830 0.10434657 -0.00839727
v 0.00937978 0.11358290 -0.00833912
v 0.00972835 0.09739286 -0.00859805
v 0.02791089 -0.01592607 -0.02209430
v 0.02793397 -0.12575769 -0.02168285
v 0.00980580 0.12179565 -0.00809316
v 0.00920167 0.13011358 -0.00861413
v 0.00921537 0.12627887 -0.00862916
v 0.00960618 0.12271945 -0.00824917
v 0.01597690 0.05239478 -0.01277833
v 0.02433178 0.01871640 -0.01896827
v 0.03090439 -0.13496935 0.00762987
v 0.01361001 0.06446892 -0.01082359
v 0.02124932 0.03389630 -0.01538715
v 0.01984305 0.03753379 -0.01517530
v 0.02986298 -0.13234497 -0.01516043
v 0.02756030 -0.08102500 -0.02221862
v 0.02321567 0.02623914 -0.01686579
v 0.02898077 -0.12799273 -0.01954273
v 0.02781165 -0.12701887 -0.02147530
v 0.01085978 0.08033079 -0.00976634
v 0.01162801 0.07651247 -0.00971609
v 0.00934897 0.11483907 -0.00844954
v 0.01952185 0.04226900 -0.01317041
v 0.02766447 -0.01788349 -0.02230885
v 0.00846450 0.13637853 -0.00847872
v 0.01474923 0.05724897 -0.01219586
v 0.02590737 -0.13102681 0.02192427
v 0.01189351 0.07099003 -0.01078961
v 0.02987109 -0.13471532 0.01149175
v 0.02455802 -0.12692965 0.02494919
v 0.00752974 0.13654602 0.00951266
v 0.03099812 -0.13461382 -0.00862626
v 0.02883336 -0.13222406 -0.01706021
v 0.02781168 -0.13335252 0.01752606
v 0.02460607 -0.12826010 0.02452723
v 0.01036725 0.13707412 -0.00499702
v 0.00955632 0.12013011 -0.00934824
v 0.02838809 -0.12976524 -0.01946213
v 0.02754509 -0.01130093 -0.02238287
v 0.02703651 -0.00605072 -0.02254480
v 0.00948136 0.11570896 -0.00853998
v 0.02693952 -0.07133998 -0.02307926
v 0.01729266 0.04354683 -0.01509151
v 0.02754797 -0.02358429 -0.02243055
v 0.02663731 -0.03159981 -0.02352023
v 0.01363475 0.06147526 -0.01180320
v 0.02105205 0.03098091 -0.01702783
v 0.01252132 0.06551692 -0.01167721
v 0.02572839 0.00209345 -0.02265263
v 0.02729863 -0.12863044 -0.02143214
v 0.02388595 0.01337898 -0.02142979
v 0.02411092 0.01168821 -0.02177180
v 0.02997860 -0.13367240 -0.01324132
v 0.02692978 -0.06228299 -0.02320468
v 0.02570614 -0.00203505 -0.02340857
v 0.02655967 -0.07807920 -0.02335396
v 0.00892602 0.12204598 -0.00900116
v 0.00860780 0.12095209 -0.00981311
v 0.02594239 -0.13232458 0.02095454
v 0.02181969 0.02295300 -0.01984406
v 0.01577955 0.04757527 -0.01493685
v 0.02560464 -0.11653093 -0.02427650
v 0.02563496 -0.11899235 -0.02443527
v 0.02539617 -0.09373311 -0.02447553
v 0.02561078 -0.08684081 -0.02429827
v 0.02562628 -0.08237385 -0.02425214
v 0.02552871 -0.10915945 -0.02430598
v 0.02562682 -0.12136399 -0.02452558
v 0.02562264 -0.07366008 -0.02436521
v 0.02774639 -0.13133480 -0.01928893
v 0.02568198 -0.12395442 -0.02437152
v 0.03079994 -0.13583990 0.00401042
v 0.02876669 -0.13476889 0.01376102
v 0.02959121 -0.13459566 -0.01245897
v 0.02670594 -0.13340246 0.01898890
v 0.00920188 0.13693412 -0.00707459
v 0.02631378 -0.13037458 -0.02169682
v 0.02573408 -0.12609295 -0.02396015
v 0.02435569 -0.13109632 0.02347098
v 0.02560529 -0.12820640 -0.02346838
v 0.02766451 -0.13475380 0.01577590
v 0.02785157 -0.13360101 -0.01702322
v 0.02789049 -0.13456581 -0.01563042
v 0.02577633 -0.13153503 -0.02156914
v 0.02759765 -0.13281799 -0.01818895
v 0.02450006 -0.13238182 0.02243486
v 0.00755951 0.13704235 -0.00874394
v 0.02519532 -0.13353442 0.02064741
v 0.02599196 -0.13472368 0.01828216
v 0.02321289 -0.13235504 0.02368988
v 0.02601594 -0.13357793 -0.01939898
v 0.02543895 -0.13220528 -0.02144834
v 0.02340355 -0.13379925 0.02218969
v 0.02405235 -0.13374153 -0.02149737
v 0.00391720 -0.13749927 0.02547721
v -0.00001607 -0.13746476 0.02411235
v 0.00726062 -0.13748422 0.02372304
v -0.00469116 -0.13747725 0.02541114
v -0.00801986 -0.13749504 0.02411419
v -0.00429986 -0.13739802 0.02245236
v 0.00135769 -0.13739022 0.02258560
v -0.00947920 -0.13745907 0.02176014
v -0.01156796 -0.13745347 0.02351117
v 0.01144393 -0.13749860 0.02199568
v 0.00977713 -0.13746135 0.02410295
v -0.01243937 -0.13749065 0.02217265
v -0.01352249 -0.13747704 0.02048943
v 0.00841798 -0.13742336 0.02515272
v -0.01554081 -0.13739924 0.02160503
v -0.01745522 -0.13744716 0.01982675
v -0.01443100 -0.13742472 0.01844545
v -0.01776351 -0.13749137 0.01834131
v -0.00898263 -0.13741301 0.02513506
v -0.00120303 -0.13742343 0.02643063
v 0.01327967 -0.13741652 0.02261720
v 0.01487594 -0.13747315 0.02072147
v 0.01166897 -0.13746345 0.02083573
v 0.01361249 -0.13739570 0.01874844
v 0.01691859 -0.13743911 0.01687423
v 0.01778799 -0.13746967 0.01821074
v 0.01882170 -0.13740605 0.01441205
v 0.02015973 -0.13743836 0.01736114
v 0.02236665 -0.13745515 0.01283845
v 0.02038673 -0.13736160 0.01143410
v 0.01680593 -0.13741203 0.02063895
v 0.00625068 -0.13734078 0.02138563
v -0.00044918 -0.13723189 0.02143969
v -0.01746597 -0.13744272 0.01613762
v -0.02261716 -0.13744299 0.00799440
v -0.02223414 -0.13739864 0.00574863
v -0.02113107 -0.13744108 0.01233224
v -0.02179858 -0.13747333 0.01397901
v -0.02206815 -0.13741768 0.01559490
v -0.02532973 -0.13746872 0.00925217
v -0.02643618 -0.13750834 0.00347036
v -0.02359966 -0.13742855 -0.00191098
v -0.02545173 -0.13749163 -0.00744793
v -0.02216291 -0.13741075 -0.00935363
v -0.02654477 -0.13748781 -0.00407831
v -0.02496449 -0.13742938 -0.01111643
v -0.02227372 -0.13745312 -0.01213743
v -0.02293119 -0.13740361 -0.01441802
v -0.02048593 -0.13744922 -0.01597834
v -0.01943406 -0.13740097 -0.01433624
v -0.01741608 -0.13745276 -0.01687902
v -0.01833632 -0.13743399 -0.01859425
v -0.01475458 -0.13742883 -0.01973159
v -0.01651036 -0.13738543 -0.02080746
v -0.01291352 -0.13743472 -0.02294389
v -0.01085707 -0.13747700 -0.02218221
v -0.01171171 -0.13736992 -0.02424188
v -0.02257840 -0.13737012 -0.00252175
v -0.00844544 -0.13748742 -0.02495452
v -0.00730615 -0.13751015 -0.02416584
v -0.00401069 -0.13751915 -0.02563215
v -0.00198202 -0.13738154 -0.02255937
v 0.00720815 -0.13745592 -0.02238776
v 0.00499749 -0.13754445 -0.02547994
v 0.01150412 -0.13741411 -0.02090522
v 0.01112165 -0.13749129 -0.02301128
v 0.00935111 -0.13745639 -0.02531897
v 0.01155649 -0.13745785 -0.02402966
v 0.00441402 -0.13749940 -0.02660649
v 0.00017882 -0.13751909 -0.02666419
v 0.01532488 -0.13738830 -0.01780456
v 0.01437608 -0.13746895 -0.02196287
v 0.01730152 -0.13748607 -0.01868597
v 0.01889038 -0.13739421 -0.01393981
v 0.01724246 -0.13745045 -0.02039626
v 0.01958130 -0.13748001 -0.01687220
v 0.01894307 -0.13741328 -0.01952622
v 0.02101045 -0.13740605 -0.01748471
v 0.02181749 -0.13746407 -0.01488412
v 0.02057269 -0.13747156 -0.01447339
v 0.02272862 -0.13749658 -0.01210390
v 0.02198065 -0.13745434 -0.00921673
v 0.02380901 -0.13746833 -0.00500628
v 0.02506701 -0.13750445 -0.00985196
v 0.02612645 -0.13752934 -0.00373789
v 0.02533606 -0.13748643 0.00808923
v 0.02689008 -0.13745895 0.00369857
v 0.02755633 -0.13745392 -0.00137955
v 0.02399340 -0.13741893 -0.01347299
v 0.02375567 -0.13743170 0.00217590
v 0.02246443 -0.13744002 0.00879644
v 0.02129696 -0.13742708 0.01101697
v 0.02701221 -0.13742989 -0.00686849
v 0.01286337 -0.13737906 -0.02401960
v 0.01562825 -0.13739238 -0.02228439
v -0.02635115 -0.13741928 -0.00825532
v -0.02494227 -0.13740405 0.01151604
v 0.02381661 -0.13734778 0.01364117
v 0.02555655 -0.13736295 0.01075693
v 0.02239180 -0.13738770 -0.00482577
v 0.02251271 -0.13733793 0.00245099
v -0.02128944 -0.13736758 -0.01697696
v -0.00505992 -0.13745141 -0.02642160
v -0.01476757 -0.13734648 -0.01765384
v -0.01231600 -0.13724012 -0.01860214
v -0.02640714 -0.13741787 0.00827095
v -0.02021805 -0.13726704 -0.01048828
v -0.01202075 -0.13728474 0.01853508
v -0.01076346 -0.13736821 -0.02074996
v -0.00890133 -0.13733677 -0.02104018
v -0.00559998 -0.13725777 -0.02132851
v -0.01916692 -0.13735949 0.01294661
v -0.02001447 -0.13726526 0.01000359
v -0.02761498 -0.13740269 0.00033555
v -0.02751787 -0.13735516 0.00489256
v 0.02616646 -0.13740711 0.00849185
v -0.02374281 -0.13729767 0.01455876
v 0.02148811 -0.13726361 0.00611741
v 0.00892303 -0.13727348 0.02009617
v 0.02575975 -0.13742061 -0.01043724
v -0.02133423 -0.13729280 -0.00773227
v 0.00367729 -0.13741482 0.02634805
v -0.01844950 -0.13722568 -0.01280300
v -0.00664176 -0.13734152 0.02142616
v 0.01516077 -0.13729308 0.02252121
v 0.01130224 -0.13728469 0.02461487
v 0.00760393 -0.13736791 -0.02138426
v 0.00164878 -0.13725803 -0.02147308
v -0.00893677 -0.13729807 0.02032433
v 0.02346312 -0.13727267 -0.01559619
v -0.01481543 -0.13730141 0.01680894
v -0.01663687 -0.13727906 0.01489684
v 0.02007078 -0.13732948 0.01875186
v 0.02365099 -0.13724951 0.01503948
v -0.02041402 -0.13733809 0.01820529
v -0.02260091 -0.13724097 0.01640005
v -0.01498796 -0.13730539 -0.02278067
v 0.01742454 -0.13726230 0.01409569
v 0.01921794 -0.13728935 0.01216854
v 0.01519157 -0.13725232 0.01636366
v 0.01211904 -0.13721153 0.01818547
v 0.02039766 -0.13711714 0.00754788
v -0.00603858 -0.13735413 0.02618256
v 0.02841373 -0.13732926 0.00003326
v 0.02134040 -0.13733774 -0.00774173
v 0.02001360 -0.13732349 -0.01092442
v 0.01707707 -0.13723848 -0.01430732
v 0.01405298 -0.13725601 -0.01741646
v 0.01522119 -0.13714411 -0.01567607
v 0.00993804 -0.13725005 -0.02001135
v -0.02751065 -0.13734946 -0.00491205
v -0.01651063 -0.13723087 -0.01537192
v -0.01819110 -0.13727776 -0.02039535
v -0.01811250 -0.13720123 0.01233600
v -0.00946771 -0.13738642 -0.02526301
v 0.02832532 -0.13728711 -0.00461146
v 0.02706348 -0.13730545 0.00777105
v 0.02829694 -0.13723790 0.00425209
v -0.02022669 -0.13725382 -0.01874250
v 0.00747394 -0.13737958 -0.02648055
v -0.02460964 -0.13728661 -0.01337485
v -0.02150431 -0.13719285 -0.00144294
v -0.02140399 -0.13728357 0.00523420
v -0.01906146 -0.13697743 0.00832417
v -0.01813349 -0.13692351 0.01003756
v 0.02146370 -0.13719763 -0.00315517
v 0.02506326 -0.13732568 -0.01289340
v 0.01820218 -0.13730494 -0.02091075
v 0.01646738 -0.13723129 -0.02267418
v 0.01391115 -0.13722235 -0.02421688
v -0.01197460 -0.13728798 0.02451538
v -0.01512455 -0.13725507 0.02283284
v -0.00180939 -0.13733005 -0.02764508
v 0.02500597 -0.13726929 0.01272940
v 0.00358369 -0.13698698 0.01994563
v -0.00065681 -0.13694822 0.02015514
v -0.00432633 -0.13697572 0.01994015
v 0.01752707 -0.13723342 0.02125455
v -0.01907024 -0.13695236 -0.00879294
v -0.01964628 -0.13694443 -0.00689352
v -0.00830462 -0.13728855 -0.02624247
v 0.01093350 -0.13725996 -0.02553419
v 0.02096976 -0.13703853 0.00107340
v -0.01842408 -0.13726212 0.02041270
v -0.02300561 -0.13723333 -0.01594678
v 0.00358717 -0.13733879 -0.02755433
v -0.02853630 -0.13719426 -0.00300134
v -0.01957118 -0.13707225 -0.02024691
v 0.01851255 -0.13691358 0.00977569
v 0.00083957 -0.13724431 0.02732684
v -0.01407647 -0.13712143 -0.02414885
v -0.02847957 -0.13719286 0.00351910
v -0.02032183 -0.13693090 -0.00392756
v -0.00734843 -0.13695494 0.01914163
v -0.01718061 -0.13713157 -0.02195362
v -0.01699358 -0.13721462 0.02174095
v -0.02622074 -0.13724778 0.01070706
v 0.00764485 -0.13728926 0.02605160
v 0.02242697 -0.13719503 0.01696894
v -0.02616023 -0.13723915 -0.01081851
v 0.00601533 -0.13698806 -0.01990852
v 0.00009242 -0.13704552 -0.02069290
v 0.02711927 -0.13725131 -0.00915397
v -0.00722745 -0.13694001 -0.01939392
v -0.00435574 -0.13696921 -0.02019345
v -0.00900892 -0.13690010 -0.01862523
v -0.01082244 -0.13696465 -0.01792846
v -0.01366481 -0.13696330 -0.01619747
v 0.01798116 -0.13692583 0.01087827
v 0.02187102 -0.13730787 -0.01720174
v 0.01982320 -0.13699438 -0.00717422
v 0.01815907 -0.13689174 -0.01010305
v 0.01893090 -0.13693673 -0.00873471
v 0.02020677 -0.13723493 -0.01944708
v 0.02064595 -0.13699801 -0.00366938
v -0.00426506 -0.13717656 0.02720833
v 0.00996566 -0.13692686 -0.01824372
v 0.00818270 -0.13694979 -0.01913348
v -0.02734629 -0.13721397 -0.00812202
v 0.00701560 -0.13696414 0.01908013
v 0.00946567 -0.13694254 0.01816212
v -0.01356365 -0.13694323 0.01581367
v -0.01569418 -0.13692797 0.01366919
v -0.01704095 -0.13693860 0.01193999
v 0.00631161 -0.13721113 -0.02741302
v -0.02518492 -0.13719589 0.01290611
v -0.02076035 -0.13701180 0.00050683
v 0.02016419 -0.13691717 0.00538996
v 0.01935423 -0.13690083 0.00795590
v -0.00989173 -0.13695487 0.01811123
v -0.02739892 -0.13719163 0.00821243
v 0.02516368 -0.13690890 0.01485510
v 0.02404079 -0.13689335 0.01651373
v 0.01166514 -0.13691720 0.01706042
v 0.02762479 -0.13691317 0.01001479
v -0.01659998 -0.13694871 -0.01335713
v -0.01811151 -0.13680534 -0.01019304
v -0.01497126 -0.13690615 -0.01489159
v -0.02440362 -0.13690174 -0.01581108
v 0.01487050 -0.13690133 0.01467669
v 0.01635622 -0.13686904 0.01303317
v 0.01336769 -0.13690559 0.01595510
v 0.01377244 -0.13688726 -0.01565440
v 0.01585864 -0.13686152 -0.01350457
v 0.01219893 -0.13689645 -0.01684603
v -0.01201319 -0.13713873 -0.02511515
v -0.00883022 -0.13718863 0.02608461
v 0.01699977 -0.13684954 -0.01192133
v -0.02014628 -0.13691648 0.00373631
v -0.01953163 -0.13693576 0.00664295
v -0.02775249 -0.13687090 -0.00988150
v 0.01993634 -0.13705738 0.02015988
v 0.02135154 -0.13697453 0.01912458
v -0.02144243 -0.13711546 0.01831768
v 0.02518054 -0.13690923 -0.01495664
v 0.00401127 -0.13705359 0.02764104
v -0.02688496 -0.13687546 -0.01181491
v -0.02557655 -0.13687196 -0.01405399
v -0.01663969 -0.13686430 0.02327037
v -0.02773006 -0.13684198 0.00999685
v -0.00722269 -0.13702238 -0.02744193
v -0.02272973 -0.13688665 -0.01791772
v -0.02129556 -0.13686660 -0.01941532
v -0.02873732 -0.13687979 -0.00675454
v 0.02848150 -0.13691361 -0.00807815
v 0.02910646 -0.13702994 0.00340497
v 0.02656295 -0.13688467 0.01246055
v -0.01300660 -0.13685057 -0.02547105
v -0.02953949 -0.13689021 0.00047837
v 0.01582141 -0.13693055 0.02356550
v 0.01852429 -0.13684114 0.02193667
v -0.01646367 -0.13688003 -0.02349745
v 0.02625126 -0.13703508 -0.01260381
v 0.02744748 -0.13686979 -0.01107253
v -0.02006390 -0.13688899 0.02059459
v -0.02667574 -0.13684614 0.01217252
v -0.02881822 -0.13682423 0.00672568
v 0.02856671 -0.13690640 0.00731232
v -0.01930454 -0.13683169 -0.02135915
v -0.01048586 -0.13690709 -0.02650019
v -0.01507912 -0.13686180 -0.02441345
v 0.02244961 -0.13687938 -0.01842100
v 0.00905012 -0.13686377 0.02684847
v 0.02034646 -0.13686199 -0.02061832
v 0.01870331 -0.13683923 -0.02210421
v -0.02121110 -0.13684481 0.01956886
v -0.00722686 -0.13685081 0.02753174
v -0.00987776 -0.13684095 0.02670390
v -0.01499798 -0.13685211 0.02436426
v -0.00046870 -0.13691869 0.02826178
v 0.02948466 -0.13692386 -0.00351781
v 0.02966409 -0.13693221 -0.00057567
v 0.01233762 -0.13685343 0.02555262
v -0.01813778 -0.13681733 0.02228542
v 0.00646816 -0.13688165 0.02758860
v -0.02457031 -0.13685524 0.01565507
v -0.02317840 -0.13682483 0.01752894
v 0.01353672 -0.13688883 -0.02529781
v -0.01299162 -0.13683803 0.02545525
v -0.02928508 -0.13687352 -0.00398100
v 0.00019579 -0.13694263 -0.02870114
v 0.02412239 -0.13687327 -0.01651156
v 0.00788465 -0.13691247 -0.02769022
v -0.02928372 -0.13686990 0.00395117
v -0.02021556 -0.13675730 -0.00088597
v 0.01508872 -0.13689964 -0.02452493
v -0.00379689 -0.13683275 0.02817293
v 0.01690725 -0.13687885 -0.02343267
v 0.01054172 -0.13683414 -0.02679301
v 0.01929284 -0.13666464 -0.00649026
v -0.00748557 -0.13685661 -0.02775801
v -0.00349510 -0.13694097 -0.02838703
v 0.00425014 -0.13693118 -0.02840320
v 0.02016212 -0.13678295 -0.00365021
v 0.02025924 -0.13671316 0.00165904
v 0.02150927 -0.13678366 0.01956027
v 0.00512085 -0.13661324 -0.01932814
v -0.00344415 -0.13642310 -0.01923680
v -0.00373006 -0.13658184 0.01923937
v 0.02959183 -0.13679262 0.00349041
v -0.00086081 -0.13681509 -0.02014261
v 0.00249341 -0.13684961 -0.02004940
v 0.00066851 -0.13647398 0.01925060
v 0.00420049 -0.13673519 0.01931448
v 0.00346615 -0.13674156 0.02832392
v -0.00595729 -0.13611504 -0.01817070
v -0.00897655 -0.13613231 -0.01708896
v -0.01239285 -0.13684569 -0.01671899
v -0.02995018 -0.13661267 -0.00144829
v 0.01915531 -0.13618624 0.00397307
v -0.01824237 -0.13609550 -0.00674087
v -0.00577390 -0.13613009 0.01810588
v 0.00490797 -0.13611967 0.01817653
v 0.01527970 -0.13665705 0.02441518
v 0.00648358 -0.13593318 -0.01789761
v 0.00431185 -0.13599202 -0.01850064
v -0.01222933 -0.13591105 -0.01491953
v -0.01480460 -0.13608784 -0.01295718
v -0.01598681 -0.13628503 -0.01204971
v -0.01708439 -0.13658433 -0.01129465
v 0.01821383 -0.13603827 0.00673849
v 0.01709131 -0.13662272 0.01120346
v 0.01721510 -0.13597078 0.00890277
v -0.01817839 -0.13613369 0.00669981
v -0.01351922 -0.13590222 -0.01387004
v -0.01088825 -0.13595422 -0.01583045
v -0.01921096 -0.13620808 -0.00321096
v -0.01920940 -0.13622207 0.00244422
v 0.01086885 -0.13609782 0.01591959
v -0.01725223 -0.13600558 -0.00894819
v -0.01749738 -0.13578256 -0.00771149
v 0.01514296 -0.13584018 0.01182079
v 0.00970628 -0.13624472 -0.01707514
v 0.00846849 -0.13588935 -0.01711059
v 0.01312041 -0.13599713 0.01419209
v 0.01403321 -0.13578604 0.01301267
v 0.01102821 -0.13579832 0.01539566
v -0.00354606 -0.13606469 0.01840342
v 0.00211676 -0.13596505 0.01836030
v 0.01784196 -0.13585213 -0.00693588
v 0.01611615 -0.13593186 0.01068293
v -0.00021272 -0.13601459 0.01856108
v 0.01060587 -0.13587610 -0.01595780
v -0.01652736 -0.13581403 -0.00989889
v -0.01580494 -0.13592711 0.01087361
v 0.02970581 -0.13638252 -0.00647394
v -0.01454021 -0.13681146 0.01455293
v -0.01213028 -0.13589605 0.01484271
v -0.01486364 -0.13591575 0.01214302
v -0.00004395 -0.13594156 0.02976631
v -0.00134377 -0.13593857 0.02973298
v 0.01174073 -0.13588308 0.02741521
v -0.01367555 -0.13600990 0.01366077
v 0.02140967 -0.13585033 0.02152076
v -0.02170009 -0.13584198 -0.02120613
v -0.01926772 -0.13587798 -0.02325368
v 0.01417375 -0.13585310 0.02634459
v 0.00856546 -0.13589748 0.02853235
v 0.01622543 -0.13590553 0.02516794
v -0.02735844 -0.13586173 -0.01406508
v -0.03095503 -0.13579945 -0.00374558
v -0.01057867 -0.13591231 0.01589448
v -0.01175882 -0.13685829 0.01684208
v -0.00862223 -0.13591907 0.01688375
v -0.03108398 -0.13587180 0.00026993
v -0.03094781 -0.13579395 0.00349049
v 0.02347076 -0.13594469 0.01929114
v 0.01207367 -0.13585061 -0.01491846
v 0.01448743 -0.13674440 -0.01465195
v 0.01501278 -0.13581271 -0.01202482
v 0.01600843 -0.13581117 -0.01063704
v -0.02400714 -0.13582553 -0.01884061
v -0.02560428 -0.13579921 -0.01690193
v 0.01349034 -0.13583825 -0.01373146
v 0.03007023 -0.13613343 0.00591430
v 0.02620767 -0.13595377 0.01586972
v 0.02757780 -0.13586326 0.01374689
v -0.02982974 -0.13583157 -0.00845679
v 0.02966119 -0.13590618 0.00869136
v 0.02747778 -0.13584437 -0.01400348
v 0.02844965 -0.13590591 0.01180726
v 0.01926447 -0.13586177 0.02318297
v 0.00619673 -0.13602655 0.02891330
v 0.02502136 -0.13587336 0.01765755
v -0.01208652 -0.13581783 -0.02753298
v 0.00319791 -0.13587595 0.02960582
v -0.01239881 -0.13579950 0.02731252
v -0.02306642 -0.13583795 0.01972467
v -0.00393296 -0.13582053 0.02962654
v -0.02702830 -0.13579232 0.01453655
v -0.00775130 -0.13592670 0.02876094
v -0.00941308 -0.13584245 0.02834923
v -0.01651198 -0.13581135 0.02516084
v -0.02867395 -0.13584114 -0.01146229
v -0.01675978 -0.13579215 -0.02516111
v -0.01416913 -0.13589973 0.02633123
v -0.01419468 -0.13579373 -0.02655725
v -0.02986325 -0.13586588 0.00789047
v -0.01933503 -0.13578719 0.02317443
v -0.02098124 -0.13582642 0.02176630
v -0.01553712 -0.13585452 -0.01164524
v -0.02544867 -0.13580515 0.01688240
v -0.02844967 -0.13582086 0.01172168
v 0.02354673 -0.13589438 -0.01921619
v 0.02235028 -0.13577926 -0.02067430
v 0.02981308 -0.13584301 -0.00869084
v 0.03101997 -0.13593140 -0.00059904
v 0.02554286 -0.13581700 -0.01697405
v 0.03079994 -0.13583990 0.00401042
v 0.02053500 -0.13594350 -0.02208945
v -0.02934435 -0.13578799 0.00962905
v -0.00544428 -0.13574400 -0.02964421
v -0.00377561 -0.13583737 -0.02982511
v 0.01455200 -0.13582285 -0.02638025
v 0.01214048 -0.13576342 -0.02766014
v 0.00006752 -0.13591391 -0.03002649
v -0.00874427 -0.13581399 -0.02876905
v 0.03080473 -0.13581913 -0.00447877
v 0.01943184 -0.13576448 -0.02333344
v 0.00371999 -0.13585762 -0.02986074
v 0.02841634 -0.13583653 -0.01215548
v 0.01656470 -0.13582364 -0.02526740
v 0.00557764 -0.13574759 -0.02967754
v 0.00870026 -0.13586204 -0.02878967
v -0.03086018 -0.13540648 -0.00619281
v 0.00562473 -0.13531491 0.02982856
v -0.03092928 -0.13523608 0.00630561
v -0.00639946 -0.13523148 0.02979401
v 0.02149471 -0.13478437 0.02288050
v 0.01835648 -0.13474453 0.02518967
v 0.03090439 -0.13496935 0.00762987
v 0.02395471 -0.13474062 0.02056541
v 0.01620302 -0.13471469 0.02657337
v 0.02987109 -0.13471532 0.01149175
v 0.03084809 -0.13443973 0.00935640
v 0.01175475 -0.13471141 0.02866825
v 0.01401637 -0.13468129 0.02770102
v 0.00849660 -0.13461517 0.02987161
v 0.02599196 -0.13472368 0.01828216
v 0.02766451 -0.13475380 0.01577590
v -0.02120459 -0.13466152 0.02308815
v -0.02499374 -0.13465133 0.01924842
v -0.00874963 -0.13461276 0.02982279
v 0.02876669 -0.13476889 0.01376102
v -0.02757688 -0.13464744 0.01574709
v -0.00044857 -0.13473030 0.03093959
v -0.01410161 -0.13461708 0.02776465
v -0.02344673 -0.13466033 0.02095390
v -0.01680302 -0.13467940 0.02625303
v -0.01900508 -0.13433359 0.02510658
v 0.02321387 -0.13479609 -0.02116203
v 0.02098836 -0.13462341 -0.02340076
v 0.03198364 -0.13490510 -0.00010025
v 0.03197135 -0.13467771 0.00308434
v 0.02789049 -0.13456581 -0.01563042
v 0.02959121 -0.13459566 -0.01245897
v -0.02956530 -0.13468626 0.01188558
v -0.01228139 -0.13459112 0.02858342
v 0.00323425 -0.13459075 0.03082489
v 0.03196679 -0.13472335 -0.00314834
v 0.02591728 -0.13472985 -0.01814247
v 0.01868343 -0.13455770 -0.02526946
v -0.03203436 -0.13486499 0.00000124
v -0.02150697 -0.13467988 -0.02283818
v -0.02376130 -0.13468847 -0.02065068
v 0.00859218 -0.13466851 -0.02998334
v 0.01194658 -0.13465615 -0.02879652
v -0.02879915 -0.13473466 -0.01356306
v -0.03100361 -0.13461123 0.00819058
v -0.02999249 -0.13475887 -0.01084975
v 0.03196740 -0.13433728 -0.00557300
v 0.03099812 -0.13461382 -0.00862626
v 0.01416051 -0.13470605 -0.02774903
v -0.02764304 -0.13468120 -0.01566419
v -0.01861294 -0.13468939 -0.02509604
v -0.02550607 -0.13451663 -0.01889727
v -0.01630515 -0.13466096 -0.02658717
v 0.01566572 -0.13418682 -0.02746682
v -0.00846745 -0.13463930 -0.02993498
v -0.03095668 -0.13468384 -0.00826642
v -0.02653312 -0.13457794 -0.01748336
v -0.01243845 -0.13463745 -0.02852606
v -0.02766352 -0.13365888 0.01699348
v 0.02340355 -0.13379925 0.02218969
v 0.02156613 -0.13356725 0.02407809
v 0.02519532 -0.13353442 0.02064741
v 0.02785157 -0.13360101 -0.01702322
v 0.01820900 -0.13352825 0.02643684
v -0.02150585 -0.13344614 0.02409017
v 0.02405235 -0.13374153 -0.02149737
v 0.02781168 -0.13335252 0.01752606
v 0.01991460 -0.13346041 -0.02539685
v -0.02563687 -0.13345518 0.01991793
v -0.02409096 -0.13333700 0.02174720
v 0.02601594 -0.13357793 -0.01939898
v 0.02206734 -0.13333441 -0.02373539
v -0.02165935 -0.13293570 -0.02439044
v -0.01945895 -0.13344008 -0.02562718
v -0.02448118 -0.13250548 -0.02216162
v 0.02759765 -0.13281799 -0.01818895
v 0.02321289 -0.13235504 0.02368988
v 0.00785532 0.12182666 0.00278034
v 0.00793080 0.12039975 0.00236617
v 0.00695901 0.12021933 0.00448308
v 0.00705023 0.12209618 0.00441828
v 0.00705849 0.11899933 0.00386933
v 0.00711541 0.11693525 0.00291625
v 0.00681174 0.11571048 0.00319440
v 0.00694031 0.11358132 0.00236717
v 0.00724183 0.11444557 0.00183379
v 0.00688963 0.11101180 0.00148727
v 0.00615604 0.11067675 0.00284001
v 0.00656788 0.10960724 0.00175635
v 0.00564337 0.10921444 0.00333971
v 0.00593271 0.10634717 0.00252022
v 0.00628509 0.10600665 0.00168523
v 0.00535653 0.10648667 0.00334998
v 0.00580446 0.10184550 0.00239181
v 0.00609527 0.10178480 0.00164469
v 0.00756100 0.11752547 0.00171680
v 0.00537579 0.10174587 0.00308979
v 0.00767877 0.12494009 0.00274022
v 0.00710901 0.12495241 0.00398996
v 0.00755399 0.13147381 0.00291601
v 0.00706817 0.13083559 0.00392136
v 0.00679571 0.13523222 0.00433595
v 0.00792485 0.12883394 0.00181008
v 0.00798605 0.13248336 0.00180958
v 0.00791342 0.12494497 0.00203412
v 0.00646113 0.10409887 0.00057291
v 0.00794698 0.13523268 0.00179213
v 0.00749512 0.13627458 0.00303074
v 0.00803552 0.13645491 0.00164584
v 0.00654342 0.10647696 0.00059696
v 0.00687960 0.11011458 0.00072725
v 0.00826841 0.13203321 0.00056186
v 0.00630233 0.10152033 0.00054727
v 0.00808068 0.12183797 0.00177460
v 0.00811434 0.12644403 0.00048426
v 0.00747154 0.11444569 0.00061311
v 0.00767300 0.11714956 0.00062243
v 0.00814212 0.13632875 0.00067354
v 0.00819857 0.12119210 0.00062538
v 0.00789888 0.11868269 0.00033498
v 0.00691729 0.13647053 0.00421724
v 0.00785897 0.13703465 0.00262904
v 0.00673464 0.12536029 0.00463388
v 0.00849766 0.13718272 0.00006398
v 0.00652448 0.10556947 -0.00055215
v 0.00684035 0.10989630 -0.00041516
v 0.00695497 0.11112695 -0.00078880
v 0.00743753 0.11448107 -0.00048894
v 0.00778814 0.11819949 -0.00043490
v 0.00631688 0.10190106 -0.00056207
v 0.00810937 0.12622090 -0.00061370
v 0.00818076 0.12121489 -0.00051097
v 0.00822369 0.13157697 -0.00055861
v 0.00811891 0.13632582 -0.00072063
v 0.00793248 0.11983132 -0.00157068
v 0.00794348 0.12113941 -0.00255545
v 0.00727221 0.11582148 -0.00183095
v 0.00797027 0.12517077 -0.00182462
v 0.00791734 0.12914530 -0.00184457
v 0.00831828 0.13715198 0.00181990
v 0.00634068 0.11809956 0.00465357
v 0.00578848 0.13411895 0.00576988
v 0.00573495 0.12849794 0.00595163
v 0.00600058 0.11321805 0.00362730
v 0.00576728 0.13638735 0.00580165
v 0.00584384 0.12410963 0.00579423
v 0.00581434 0.11506816 0.00432803
v 0.00643686 0.13706688 0.00516352
v 0.00456057 0.10446518 0.00425297
v 0.00455068 0.10246266 0.00416902
v 0.00556072 0.12238626 0.00613474
v 0.00734052 0.13711864 0.00407263
v 0.00415086 0.10706956 0.00469821
v 0.00553119 0.11777803 0.00548349
v 0.00464739 0.11143288 0.00471988
v 0.00574574 0.12039437 0.00580879
v 0.00527932 0.13705802 0.00641394
v 0.00504650 0.11404156 0.00482009
v 0.00472081 0.12202895 0.00695125
v 0.00372409 0.10237974 0.00497162
v 0.00485924 0.11677484 0.00583837
v 0.00469708 0.12532421 0.00690434
v 0.00456952 0.12006071 0.00683535
v 0.00460087 0.13232605 0.00684414
v 0.00403581 0.11420353 0.00570170
v 0.00448928 0.13632404 0.00686198
v 0.00299867 0.10262441 0.00553995
v 0.00404232 0.13712050 0.00734358
v 0.00273896 0.10720599 0.00573244
v 0.00250951 0.10235603 0.00583091
v 0.00289951 0.11011373 0.00581269
v 0.00344501 0.11272651 0.00580598
v 0.00385786 0.11794211 0.00674460
v 0.00179350 0.11410275 0.00700640
v 0.00118500 0.11145677 0.00683868
v 0.00329758 0.12204181 0.00774528
v 0.00340063 0.12083834 0.00755353
v 0.00398694 0.12990944 0.00719729
v 0.00393100 0.12533804 0.00729707
v 0.00163509 0.10952332 0.00636130
v 0.00164750 0.10656705 0.00620469
v 0.00167123 0.10260267 0.00618320
v 0.00211844 0.13522147 0.00805533
v 0.00226322 0.13645094 0.00805448
v 0.00306893 0.13706978 0.00778234
v 0.00271567 0.13721876 0.00828665
v 0.00207442 0.13200991 0.00803632
v 0.00276157 0.12891900 0.00770864
v 0.00294805 0.12587118 0.00766262
v 0.00804571 0.13647604 -0.00149306
v 0.00799795 0.13509901 -0.00139018
v 0.00829891 0.13718377 -0.00180472
v 0.00605849 0.10128443 -0.00167841
v 0.00624095 0.10438218 -0.00166093
v 0.00631571 0.10704904 -0.00164878
v 0.00671254 0.11121011 -0.00151132
v 0.00689163 0.11429407 -0.00230466
v 0.00781357 0.12190971 -0.00297386
v 0.00762173 0.12631548 -0.00301739
v 0.00694623 0.11697839 -0.00320974
v 0.00749836 0.13166203 -0.00308623
v 0.00731295 0.13623179 -0.00324955
v 0.00578610 0.10119150 -0.00239742
v 0.00736970 0.12219201 -0.00412976
v 0.00787352 0.13704189 -0.00240486
v 0.00703193 0.12028948 -0.00447975
v 0.00710928 0.12640140 -0.00423292
v 0.00572576 0.10430084 -0.00284001
v 0.00595785 0.10722089 -0.00248435
v 0.00703201 0.13332625 -0.00406127
v 0.00616640 0.11161665 -0.00275893
v 0.00697628 0.13651289 -0.00406734
v 0.00673816 0.13492278 -0.00452166
v 0.00732025 0.13715104 -0.00413916
v 0.00693490 0.12130439 -0.00484090
v 0.00548297 0.10112573 -0.00297893
v 0.00678344 0.12756060 -0.00472860
v 0.00694564 0.12299407 -0.00483848
v 0.00580732 0.11475546 -0.00421579
v 0.00561101 0.10728448 -0.00307033
v 0.00577308 0.11181213 -0.00343286
v 0.00579787 0.13504984 -0.00582407
v 0.00610041 0.13655275 -0.00540912
v 0.00661076 0.13709865 -0.00491954
v -0.00048981 -0.12399065 0.01274682
v -0.00045195 -0.11892249 0.00986265
v 0.00063938 -0.12386770 0.01267287
v 0.00070002 -0.11897046 0.00991136
v 0.00014610 -0.11684999 0.00862064
v 0.00006808 -0.12456589 0.01312082
v -0.00233471 -0.12221108 0.01147800
v -0.00234767 -0.11923454 0.00978819
v -0.00231759 -0.11746311 0.00868377
v -0.00218606 -0.11574795 0.00751247
v -0.00052441 -0.11556003 0.00761264
v -0.00382060 -0.12048921 0.01015065
v -0.00373783 -0.12344655 0.01190531
v -0.00402632 -0.12568055 0.01313007
v -0.00276392 -0.12756683 0.01440719
v -0.00428790 -0.12788390 0.01429920
v -0.00043377 -0.12696768 0.01438080
v -0.00386075 -0.11791719 0.00857874
v -0.00033939 -0.12926599 0.01544031
v -0.00395774 -0.13035514 0.01545281
v 0.00073478 -0.12644806 0.01410702
v 0.00065693 -0.12924153 0.01545533
v -0.00417205 -0.11662153 0.00757487
v -0.00514654 -0.12603084 0.01296156
v -0.00469610 -0.12248787 0.01102820
v -0.00470203 -0.12027655 0.00972837
v -0.00503804 -0.11906394 0.00883581
v -0.00056889 -0.13316310 0.01686600
v -0.00366508 -0.13282736 0.01642306
v -0.00330432 -0.13472780 0.01735679
v -0.00529597 -0.13396369 0.01656987
v -0.00517365 -0.13159753 0.01559543
v -0.00051246 -0.13481931 0.01759359
v -0.00392543 -0.13549406 0.01781218
v -0.00664299 -0.13584034 0.01747380
v -0.00692412 -0.12936988 0.01412011
v -0.00710489 -0.13292136 0.01552423
v -0.00716819 -0.13479383 0.01650039
v -0.00745886 -0.12811797 0.01319763
v 0.00061409 -0.13378275 0.01712530
v 0.00113536 -0.13481301 0.01758733
v -0.00021272 -0.13601459 0.01856108
v 0.00322273 -0.13295690 0.01655207
v 0.00253065 -0.12949255 0.01535596
v 0.00359990 -0.12768772 0.01437241
v 0.00362959 -0.13482322 0.01732106
v 0.00248834 -0.12476907 0.01289483
v 0.00211676 -0.13596505 0.01836030
v 0.00097976 -0.11560627 0.00762187
v 0.00250552 -0.12187037 0.01126946
v 0.00231857 -0.11932276 0.00984621
v -0.00862223 -0.13591907 0.01688375
v 0.00250630 -0.11761774 0.00873023
v 0.00442371 -0.13558878 0.01770575
v 0.00554196 -0.13392095 0.01646695
v 0.00444741 -0.13018411 0.01528861
v 0.00435521 -0.12558520 0.01299944
v 0.00383672 -0.12336771 0.01181565
v 0.00588324 -0.13584577 0.01756391
v 0.00509129 -0.12805939 0.01418506
v 0.00445638 -0.12233162 0.01103492
v 0.00408642 -0.12013010 0.00983387
v 0.00387894 -0.11808736 0.00862092
v 0.00029304 -0.11467246 0.00674174
v 0.00284622 -0.11565309 0.00716127
v 0.00408314 -0.11677121 0.00759145
v -0.00354606 -0.13606469 0.01840342
v -0.00577390 -0.13613009 0.01810588
v 0.00524366 -0.12386930 0.01163331
v 0.00667147 -0.12913392 0.01415017
v -0.00364040 -0.11534723 0.00665752
v -0.00226337 -0.11480114 0.00654439
v 0.00490797 -0.13611967 0.01817653
v 0.00686778 -0.13301829 0.01564551
v 0.00723452 -0.13490373 0.01648751
v 0.00799689 -0.13602189 0.01714350
v 0.00715442 -0.12780504 0.01327844
v 0.00178614 -0.11476459 0.00658036
v -0.00829574 -0.13375366 0.01542844
v -0.00895713 -0.13512487 0.01603354
v -0.00928841 -0.13290968 0.01455669
v -0.00966844 -0.13459980 0.01527580
v -0.00709874 -0.12501525 0.01141049
v -0.00585947 -0.12404427 0.01142255
v -0.00500696 -0.11737918 0.00766846
v -0.00678433 -0.12232454 0.00988839
v -0.01057867 -0.13591231 0.01589448
v -0.00472255 -0.11573284 0.00652645
v -0.00920617 -0.12960825 0.01300711
v -0.00875578 -0.12753000 0.01206200
v 0.00761656 -0.12990940 0.01407935
v 0.00837295 -0.13354929 0.01524785
v 0.00867074 -0.13577760 0.01655644
v 0.00522709 -0.11916268 0.00871507
v 0.00554189 -0.12115780 0.00982971
v 0.00601059 -0.12330719 0.01094034
v 0.00737311 -0.12533062 0.01156646
v 0.00532385 -0.11783718 0.00770838
v 0.00433159 -0.11563150 0.00653122
v 0.00537677 -0.11641667 0.00655730
v 0.00898999 -0.12878676 0.01283535
v 0.00314759 -0.11472227 0.00602232
v 0.00947768 -0.13294814 0.01442810
v 0.00940033 -0.13481881 0.01550441
v 0.01102821 -0.13579832 0.01539566
v 0.01079236 -0.13401866 0.01418955
v 0.00716383 -0.12271766 0.00987277
v 0.00658507 -0.11968321 0.00819177
v 0.00967332 -0.12780435 0.01175327
v 0.00853450 -0.12559312 0.01099854
v 0.00946567 -0.13694254 0.01816212
v -0.00989173 -0.13695487 0.01811123
v -0.00645213 -0.11934442 0.00812256
v 0.01132131 -0.13321751 0.01334806
v -0.00433411 -0.11478611 0.00562893
v 0.01179923 -0.13559652 0.01468934
v 0.01312041 -0.13599713 0.01419209
v 0.01266743 -0.13478407 0.01326586
v 0.00454645 -0.11480628 0.00534355
v 0.00664108 -0.11767537 0.00659742
v 0.01041502 -0.12910659 0.01193858
v 0.00832319 -0.12252162 0.00880468
v 0.00967670 -0.12554867 0.01003321
v 0.00763286 -0.11942606 0.00703814
v 0.01086885 -0.13609782 0.01591959
v 0.00619470 -0.11586135 0.00528954
v 0.00062269 -0.11365187 0.00497725
v -0.00852168 -0.12431304 0.00998125
v -0.01040727 -0.13391890 0.01440596
v -0.01175748 -0.13456253 0.01388199
v -0.01213028 -0.13589605 0.01484271
v -0.01088238 -0.13286947 0.01344083
v -0.00075536 -0.11370932 0.00502826
v -0.00615996 -0.11669039 0.00629012
v -0.00846251 -0.12242173 0.00870182
v -0.01014618 -0.12815421 0.01139721
v -0.01009942 -0.12913893 0.01204128
v 0.00181876 -0.11366023 0.00464301
v -0.00980086 -0.12594655 0.01007878
v -0.00650845 -0.11579323 0.00513678
v -0.00532498 -0.11482175 0.00491986
v -0.00320222 -0.11386811 0.00453769
v -0.00757703 -0.11990640 0.00759503
v 0.01120346 -0.12854116 0.01089048
v 0.00283700 -0.11379746 0.00444953
v 0.01301602 -0.13324876 0.01183365
v 0.00560538 -0.11480541 0.00438511
v -0.01238520 -0.13384154 0.01278817
v -0.01324980 -0.13544674 0.01333320
v -0.01197761 -0.13183026 0.01190081
v -0.01367555 -0.13600990 0.01366077
v -0.01000388 -0.12480902 0.00897771
v -0.00053750 -0.11317566 0.00384722
v -0.00255173 -0.11325840 0.00328706
v -0.00432386 -0.11388206 0.00376121
v 0.00052585 -0.11261712 0.00226614
v 0.00448204 -0.11383215 0.00317333
v -0.00077579 -0.11259629 0.00212691
v 0.00199824 -0.11274340 0.00188624
v -0.00410625 -0.11333212 0.00216744
v -0.00287561 -0.11269447 0.00073749
v 0.00063489 -0.11229002 0.00057421
v -0.00059299 -0.11229585 0.00053984
v -0.00054786 -0.11931587 -0.01009405
v -0.00057127 -0.12428837 -0.01284665
v 0.00060009 -0.12371633 -0.01252932
v 0.00074580 -0.11911179 -0.00998370
v 0.00038094 -0.12477634 -0.01316973
v 0.00062946 -0.12695160 -0.01436045
v -0.00056481 -0.12709348 -0.01441972
v 0.00060600 -0.12915173 -0.01544210
v -0.00063366 -0.12917991 -0.01543850
v -0.00049306 -0.11605948 -0.00802687
v 0.00061457 -0.11712519 -0.00874086
v -0.00180935 -0.12233686 -0.01157930
v -0.00235172 -0.11947494 -0.00990926
v -0.00261371 -0.12717214 -0.01417665
v -0.00246645 -0.12923072 -0.01525074
v -0.00364442 -0.12446334 -0.01242995
v -0.00230297 -0.11750044 -0.00869398
v -0.00442103 -0.12805685 -0.01431737
v -0.00449537 -0.13009447 -0.01527885
v -0.00385138 -0.12057406 -0.01014101
v -0.00230340 -0.11590017 -0.00756455
v -0.00380266 -0.11815998 -0.00867789
v -0.00353393 -0.13292906 -0.01658951
v -0.00074837 -0.13308376 -0.01694700
v -0.00096693 -0.13444312 -0.01758242
v -0.00345335 -0.13469328 -0.01746651
v -0.00497608 -0.13324550 -0.01641755
v -0.00565627 -0.13422997 -0.01672933
v -0.00574540 -0.13551279 -0.01754408
v -0.00682276 -0.13284234 -0.01567805
v -0.00544482 -0.12676344 -0.01323385
v -0.00501622 -0.12363227 -0.01149442
v -0.00714074 -0.13459756 -0.01643997
v -0.00631439 -0.12924440 -0.01428455
v -0.00404246 -0.11679171 -0.00763211
v -0.00461957 -0.11988883 -0.00942648
v -0.00754518 -0.13587309 -0.01727913
v -0.00761489 -0.12808432 -0.01309395
v 0.00102654 -0.13443801 -0.01760697
v 0.00073018 -0.13305061 -0.01695170
v -0.00330269 -0.13595118 -0.01853637
v -0.00046678 -0.13590628 -0.01871382
v 0.00102110 -0.13592581 -0.01873123
v -0.00809596 -0.13020431 -0.01396613
v -0.00838910 -0.13382518 -0.01549440
v -0.00938756 -0.13575133 -0.01635320
v -0.00634357 -0.12453349 -0.01143782
v -0.00438206 -0.11570873 -0.00660057
v -0.00680569 -0.12257777 -0.00990795
v -0.00870917 -0.12925794 -0.01315301
v 0.00093476 -0.11570232 -0.00771906
v -0.00523112 -0.11795152 -0.00777593
v -0.00633930 -0.11985569 -0.00836174
v -0.00858668 -0.12696807 -0.01179902
v -0.01016726 -0.13369409 -0.01447723
v -0.00968535 -0.13462951 -0.01532937
v -0.01088825 -0.13595422 -0.01583045
v -0.01149529 -0.13479948 -0.01434986
v -0.00239311 -0.11480004 -0.00649869
v -0.00061991 -0.11477670 -0.00680454
v -0.00990225 -0.13035186 -0.01294333
v 0.00379171 -0.13285819 -0.01654592
v 0.00270886 -0.12919707 -0.01521909
v 0.00354573 -0.13467146 -0.01750356
v 0.00269087 -0.12681401 -0.01402033
v 0.00238555 -0.12245980 -0.01156889
v 0.00431185 -0.13599202 -0.01850064
v 0.00434087 -0.12802784 -0.01436821
v 0.00435855 -0.13003141 -0.01531376
v 0.00224401 -0.11761327 -0.00878606
v 0.00405723 -0.12578553 -0.01317405
v 0.00094176 -0.11478138 -0.00678675
v 0.00361956 -0.12017402 -0.01002124
v 0.00411979 -0.12248788 -0.01121067
v -0.00595729 -0.13611504 -0.01817070
v -0.00427170 -0.11478321 -0.00565160
v 0.00550446 -0.13378677 -0.01658266
v 0.00435667 -0.13506595 -0.01765232
v 0.00502122 -0.13159564 -0.01574919
v 0.00373500 -0.11815860 -0.00871708
v 0.00284151 -0.11579815 -0.00728607
v 0.00396564 -0.11673066 -0.00759501
v 0.00655044 -0.13475015 -0.01684079
v 0.00692607 -0.13292645 -0.01571575
v 0.00526896 -0.12630187 -0.01308999
v 0.00648358 -0.13593318 -0.01789761
v 0.00656366 -0.12920756 -0.01423562
v 0.00499068 -0.12407505 -0.01184844
v 0.00507816 -0.12128963 -0.01011948
v 0.00494925 -0.11904910 -0.00876807
v 0.00729123 -0.12793684 -0.01320286
v 0.00658247 -0.12455984 -0.01140070
v 0.00846849 -0.13588935 -0.01711059
v 0.00288149 -0.11482865 -0.00620524
v -0.01222933 -0.13591105 -0.01491953
v -0.01186516 -0.13411177 -0.01355542
v -0.01351922 -0.13590222 -0.01387004
v -0.01033156 -0.12915794 -0.01194446
v -0.00897655 -0.13613231 -0.01708896
v -0.00629961 -0.11749452 -0.00661456
v -0.00859683 -0.12468490 -0.01010760
v -0.00763767 -0.12122160 -0.00827978
v -0.01073748 -0.12801730 -0.01083465
v -0.00916001 -0.12383408 -0.00893162
v 0.00831293 -0.13059354 -0.01409018
v 0.00916541 -0.13308292 -0.01478601
v 0.00894192 -0.13417226 -0.01548311
v 0.00886064 -0.13498022 -0.01609741
v 0.00897126 -0.12914214 -0.01301847
v 0.00467680 -0.11584235 -0.00648849
v 0.00511710 -0.11782117 -0.00779298
v 0.00871713 -0.12756769 -0.01220868
v -0.00344415 -0.13642310 -0.01923680
v 0.01060587 -0.13587610 -0.01595780
v 0.00649521 -0.12200700 -0.00978033
v 0.00512085 -0.13661324 -0.01932814
v 0.01044058 -0.13445709 -0.01474084
v 0.00425300 -0.11485778 -0.00554462
v 0.00877513 -0.12605187 -0.01111663
v 0.00825713 -0.12392976 -0.00991631
v -0.00086264 -0.11379202 -0.00522229
v 0.00071967 -0.11383880 -0.00528978
v -0.00086081 -0.13681509 -0.02014261
v 0.00249341 -0.13684961 -0.02004940
v -0.00513473 -0.11550715 -0.00579909
v 0.00631050 -0.11891795 -0.00779135
v 0.00585801 -0.11692859 -0.00658808
v -0.01179963 -0.13033039 -0.01135234
v -0.00645369 -0.11636736 -0.00544801
v -0.00340229 -0.11386634 -0.00448178
v -0.01313812 -0.13408621 -0.01242424
v -0.01364560 -0.13504633 -0.01278030
v -0.01480460 -0.13608784 -0.01295718
v -0.00527479 -0.11478823 -0.00478444
v -0.00768946 -0.11872829 -0.00626309
v 0.01114413 -0.13294600 -0.01336335
v 0.01150338 -0.13455350 -0.01406201
v 0.01207367 -0.13585061 -0.01491846
v 0.00976389 -0.12865435 -0.01215739
v 0.00758481 -0.12088435 -0.00816322
v 0.00985334 -0.12648021 -0.01056440
v 0.00557601 -0.11563558 -0.00557177
v 0.00328106 -0.11388876 -0.00431427
v 0.01349034 -0.13583825 -0.01373146
v 0.01091015 -0.13001542 -0.01197621
v 0.00699197 -0.11830899 -0.00672305
v 0.01284030 -0.13462319 -0.01299893
v 0.01248908 -0.13285342 -0.01211063
v 0.00644820 -0.11604536 -0.00518511
v 0.00941008 -0.12417033 -0.00906537
v 0.01118747 -0.12860140 -0.01084498
v 0.00074376 -0.11307451 -0.00364860
v 0.00555918 -0.11483528 -0.00439482
v -0.00874958 -0.12110708 -0.00705117
v -0.00089693 -0.11313606 -0.00372481
v -0.00455131 -0.11383983 -0.00338081
v -0.00263455 -0.11310938 -0.00271350
v -0.00393917 -0.11330375 -0.00214950
v -0.00075074 -0.11267483 -0.00233222
v 0.00043388 -0.11273321 -0.00270967
v 0.00190339 -0.11277186 -0.00206048
v 0.00453425 -0.11382494 -0.00294816
v 0.00045572 -0.11229213 -0.00056252
v -0.00277958 -0.11270706 -0.00070847
v -0.00061893 -0.11232038 -0.00048965
v -0.00059299 -0.11229585 0.00053984
v 0.00063489 -0.11229002 0.00057421
v -0.01198845 -0.12226862 0.00077277
v -0.01416240 -0.12630045 0.00053370
v -0.01323006 -0.12464057 -0.00060390
v -0.01201191 -0.12235243 -0.00094954
v -0.01096395 -0.12037936 -0.00064986
v -0.01109309 -0.12061076 0.00076961
v -0.01485694 -0.12755943 -0.00059143
v -0.00976898 -0.11797945 -0.00006528
v -0.01574915 -0.12945650 0.00053774
v -0.01615696 -0.13036857 -0.00057781
v -0.01436699 -0.12706916 0.00243678
v -0.00950462 -0.11777934 0.00150082
v -0.00858515 -0.11607699 0.00051303
v -0.01308575 -0.12473991 0.00232451
v -0.01523682 -0.12890671 0.00255491
v -0.01113058 -0.12132317 0.00274717
v -0.01219946 -0.12351767 0.00349420
v -0.00983140 -0.11906093 0.00332258
v -0.00825252 -0.11584388 0.00166015
v -0.01721459 -0.13335741 0.00219467
v -0.01770217 -0.13398749 0.00045672
v -0.01793914 -0.13477909 0.00259818
v -0.01676702 -0.13296329 0.00381984
v -0.01771984 -0.13500240 0.00464798
v -0.01625413 -0.13241823 0.00489380
v -0.01436986 -0.12790399 0.00441878
v -0.01510129 -0.12936312 0.00428160
v -0.01872195 -0.13561716 0.00006468
v -0.01264694 -0.12478014 0.00424330
v -0.01086025 -0.12135521 0.00387840
v -0.00854787 -0.11682994 0.00311134
v -0.01855349 -0.13595470 0.00437521
v -0.01764096 -0.13387151 -0.00090049
v -0.01836285 -0.13526505 -0.00249039
v -0.01866905 -0.13592556 -0.00420114
v -0.00842053 -0.11595536 -0.00083649
v -0.01534510 -0.12896459 -0.00227812
v -0.01646050 -0.13144763 -0.00238187
v -0.01748048 -0.13405211 -0.00346171
v -0.01311537 -0.12482401 -0.00214634
v -0.01431728 -0.12694476 -0.00220159
v -0.00754374 -0.11480314 0.00091157
v -0.01014464 -0.11925036 -0.00195084
v -0.01543498 -0.12964407 -0.00373590
v -0.00757002 -0.11482159 -0.00033336
v -0.01434953 -0.12790910 -0.00463739
v -0.01768772 -0.13471111 -0.00441920
v -0.01653412 -0.13291711 -0.00535690
v -0.01531456 -0.13008760 -0.00509194
v -0.00871194 -0.11682187 -0.00207010
v -0.01771131 -0.13512760 -0.00543195
v -0.01214133 -0.12360058 -0.00363051
v -0.01081832 -0.12122638 -0.00344349
v -0.01277514 -0.12508155 -0.00425270
v -0.00980205 -0.11930360 -0.00332053
v -0.00764997 -0.11539457 0.00260162
v -0.01824237 -0.13609550 -0.00674087
v -0.01421279 -0.12898368 -0.00664223
v -0.01303480 -0.12692469 -0.00652363
v -0.01618984 -0.13363920 -0.00733590
v -0.01749738 -0.13578256 -0.00771149
v -0.01210516 -0.12471922 -0.00549783
v -0.00982347 -0.12047618 -0.00487063
v -0.01100299 -0.12251656 -0.00492164
v -0.00755727 -0.11576679 -0.00314985
v -0.00716689 -0.11477877 -0.00157449
v -0.00871870 -0.11775313 -0.00362836
v -0.01416416 -0.13044108 -0.00836364
v -0.01551340 -0.13300944 -0.00815935
v -0.01641751 -0.13465512 -0.00822427
v -0.00872098 -0.11880904 -0.00496097
v -0.01652736 -0.13581403 -0.00989889
v -0.01535947 -0.13391222 -0.00939680
v -0.01305628 -0.12883933 -0.00873681
v -0.01180068 -0.12542087 -0.00697423
v -0.00998171 -0.12203675 -0.00624750
v -0.01443471 -0.13284249 -0.00993986
v -0.01525134 -0.13475703 -0.01049929
v -0.00758539 -0.11702366 -0.00473970
v -0.00651372 -0.11480132 -0.00320422
v -0.01553712 -0.13585452 -0.01164524
v -0.01207065 -0.12806252 -0.00943674
v -0.01047220 -0.12462521 -0.00810529
v -0.00653776 -0.11546579 -0.00431443
v -0.01772489 -0.13574045 0.00660852
v -0.01650627 -0.13370849 0.00613850
v -0.01168798 -0.12343929 0.00483550
v -0.00980388 -0.11999203 0.00472231
v -0.01565112 -0.13254014 0.00679266
v -0.01647601 -0.13439143 0.00729421
v -0.01420686 -0.12894989 0.00633437
v -0.00751582 -0.11579911 0.00381623
v -0.01261614 -0.12624719 0.00640678
v -0.01415983 -0.13026908 0.00784693
v -0.01544617 -0.13341841 0.00825488
v -0.00832039 -0.11765830 0.00467244
v -0.01601074 -0.13478430 0.00885765
v -0.01720779 -0.13605887 0.00881767
v -0.01121177 -0.12383822 0.00626026
v -0.01428765 -0.13285627 0.00982068
v -0.01295110 -0.12877897 0.00860690
v -0.01817839 -0.13613369 0.00669981
v -0.01216561 -0.12748897 0.00858873
v -0.01113382 -0.12486084 0.00746572
v -0.00977650 -0.12217010 0.00699287
v -0.00869286 -0.11962525 0.00611463
v -0.01813349 -0.13692351 0.01003756
v -0.00657877 -0.11483330 0.00352663
v -0.01920940 -0.13622207 0.00244422
v -0.01953163 -0.13693576 0.00664295
v -0.01936632 -0.13620563 0.00002957
v -0.01921096 -0.13620808 -0.00321096
v -0.01964628 -0.13694443 -0.00689352
v -0.01907024 -0.13695236 -0.00879294
v -0.01811151 -0.13680534 -0.01019304
v -0.01452305 -0.13454977 0.01098625
v -0.01649626 -0.13580682 0.00954020
v -0.01580494 -0.13592711 0.01087361
v -0.02014628 -0.13691648 0.00373631
v -0.02021556 -0.13675730 -0.00088597
v -0.02032183 -0.13693090 -0.00392756
v -0.00874958 -0.12110708 -0.00705117
v -0.00768946 -0.11872829 -0.00626309
v -0.01000388 -0.12480902 0.00897771
v -0.01183957 -0.12854935 0.00994364
v -0.01349147 -0.13292149 0.01092366
v -0.00762991 -0.11817111 0.00611528
v -0.01486364 -0.13591575 0.01214302
v -0.00650845 -0.11579323 0.00513678
v -0.00880498 -0.12132171 0.00747793
v -0.01324980 -0.13544674 0.01333320
v -0.00578036 -0.11381248 -0.00095359
v -0.00613574 -0.11393817 0.00053172
v -0.00550558 -0.11384125 0.00201924
v -0.01307862 -0.13099661 -0.01038778
v -0.01399858 -0.13378190 -0.01126382
v -0.01466358 -0.13518776 -0.01182509
v -0.00645369 -0.11636736 -0.00544801
v -0.01480460 -0.13608784 -0.01295718
v -0.01077508 -0.12635469 -0.00938795
v -0.00916001 -0.12383408 -0.00893162
v -0.00527479 -0.11478823 -0.00478444
v -0.00846251 -0.12242173 0.00870182
v -0.00757703 -0.11990640 0.00759503
v -0.01367555 -0.13600990 0.01366077
v -0.01197761 -0.13183026 0.01190081
v -0.01238520 -0.13384154 0.01278817
v -0.00980086 -0.12594655 0.01007878
v -0.01014618 -0.12815421 0.01139721
v -0.00532498 -0.11482175 0.00491986
v -0.00615996 -0.11669039 0.00629012
v -0.01364560 -0.13504633 -0.01278030
v -0.01179963 -0.13033039 -0.01135234
v -0.01073748 -0.12801730 -0.01083465
v -0.01313812 -0.13408621 -0.01242424
v -0.00455131 -0.11383983 -0.00338081
v -0.00440830 -0.11319010 -0.00049793
v -0.00432770 -0.11313515 0.00047160
v -0.00432386 -0.11388206 0.00376121
v -0.00393917 -0.11330375 -0.00214950
v -0.00410625 -0.11333212 0.00216744
v -0.00287561 -0.11269447 0.00073749
v -0.00277958 -0.11270706 -0.00070847
v -0.00059299 -0.11229585 0.00053984
v -0.00061893 -0.11232038 -0.00048965
v -0.00802783 0.12180294 0.00190006
v -0.00775730 0.12219563 0.00300027
v -0.00769983 0.12069281 0.00284208
v -0.00759498 0.11790582 0.00173153
v -0.00728594 0.11815343 0.00295234
v -0.00749700 0.11472330 0.00179795
v -0.00770930 0.11464840 0.00073846
v -0.00690923 0.11498164 0.00335256
v -0.00694298 0.11826848 0.00383252
v -0.00710365 0.12055777 0.00416673
v -0.00731954 0.12223727 0.00402270
v -0.00665415 0.11057915 0.00203497
v -0.00691542 0.11035481 0.00080406
v -0.00668613 0.10956221 0.00144707
v -0.00566476 0.10847978 0.00338676
v -0.00616468 0.10706346 0.00187042
v -0.00561292 0.10648154 0.00312323
v -0.00567823 0.10255444 0.00257266
v -0.00596849 0.10289056 0.00180398
v -0.00618914 0.10219580 0.00072492
v -0.00684390 0.12120153 0.00477132
v -0.00593957 0.11119730 0.00348672
v -0.00540784 0.10277852 0.00311086
v -0.00638724 0.10654777 0.00074651
v -0.00663433 0.10821012 0.00056990
v -0.00787542 0.12645242 0.00221628
v -0.00777020 0.12897588 0.00247366
v -0.00802992 0.12947341 0.00177903
v -0.00814936 0.12729453 0.00071872
v -0.00831286 0.13093017 0.00075392
v -0.00836504 0.13415331 0.00081302
v -0.00812883 0.13644904 0.00184206
v -0.00771819 0.11812460 0.00074257
v -0.00816153 0.12191161 0.00079531
v -0.00831272 0.13644690 0.00086661
v -0.00644748 0.10662153 -0.00040582
v -0.00624755 0.10274377 -0.00043982
v -0.00664822 0.10819475 -0.00036082
v -0.00704392 0.11094744 -0.00038804
v -0.00771960 0.11462726 -0.00044286
v -0.00816031 0.12173771 -0.00048368
v -0.00770726 0.11791087 -0.00041240
v -0.00813567 0.12601267 -0.00042209
v -0.00824449 0.13025347 -0.00043644
v -0.00862240 0.13719974 0.00034647
v -0.00779812 0.13633304 0.00270316
v -0.00797499 0.13703782 0.00257106
v -0.00727660 0.13080031 0.00365804
v -0.00829636 0.13410073 -0.00038051
v -0.00824602 0.13645013 -0.00044631
v -0.00778738 0.11908939 -0.00130690
v -0.00754203 0.11722275 -0.00163957
v -0.00808038 0.12226682 -0.00167897
v -0.00607065 0.10214627 -0.00157648
v -0.00799298 0.12657838 -0.00158474
v -0.00629553 0.10672470 -0.00157109
v -0.00663639 0.10891136 -0.00124130
v -0.00784214 0.12151426 -0.00282902
v -0.00839480 0.13717689 0.00197129
v -0.00783667 0.12304963 -0.00302288
v -0.00678937 0.11089146 -0.00175591
v -0.00751951 0.11462947 -0.00155769
v -0.00800325 0.13076792 -0.00166340
v -0.00781475 0.12665528 -0.00250900
v -0.00803857 0.13646230 -0.00145336
v -0.00728808 0.11813478 -0.00280823
v -0.00672387 0.13161371 0.00479831
v -0.00687563 0.13632531 0.00452415
v -0.00716447 0.13645482 0.00403305
v -0.00676438 0.13702496 0.00491271
v -0.00682836 0.12345520 0.00488087
v -0.00742393 0.13712838 0.00414829
v -0.00654921 0.11826197 0.00446145
v -0.00652934 0.11327212 0.00328388
v -0.00766268 0.13048425 -0.00286068
v -0.00753431 0.13631936 -0.00297469
v -0.00742039 0.12362965 -0.00406476
v -0.00695644 0.11649911 -0.00331464
v -0.00563718 0.10588130 -0.00338178
v -0.00574582 0.10206720 -0.00259671
v -0.00545918 0.10137704 -0.00317743
v -0.00619776 0.10943418 -0.00270111
v -0.00675476 0.11162640 -0.00225427
v -0.00834002 0.13719919 -0.00162043
v -0.00791620 0.13708286 -0.00234172
v -0.00697644 0.11898789 -0.00389907
v -0.00726160 0.12974198 -0.00404628
v -0.00691701 0.13380876 -0.00440602
v -0.00740254 0.12147579 -0.00394872
v -0.00692222 0.11446235 -0.00297706
v -0.00693773 0.13645969 -0.00436036
v -0.00678708 0.13503956 -0.00459324
v -0.00664237 0.13041366 -0.00530193
v -0.00699562 0.12420244 -0.00487332
v -0.00736814 0.13715257 -0.00407214
v -0.00690738 0.12114270 -0.00474725
v -0.00658962 0.12824342 -0.00546482
v -0.00594184 0.11129256 -0.00359227
v -0.00563611 0.10744492 -0.00346849
v -0.00646881 0.11722320 -0.00418705
v 0.00183230 0.12163955 -0.00829824
v 0.00074502 0.12102694 -0.00838668
v 0.00212078 0.12047230 -0.00817725
v 0.00069152 0.11707939 -0.00783475
v -0.00051947 0.11883912 -0.00801708
v -0.00016276 0.11683682 -0.00782089
v -0.00039825 0.11488831 -0.00755528
v 0.00074601 0.11488510 -0.00752050
v -0.00045555 0.11277180 -0.00712674
v 0.00112392 0.11220645 -0.00686824
v 0.00031083 0.11049546 -0.00666410
v -0.00043169 0.11031677 -0.00664632
v 0.00067124 0.10863053 -0.00629648
v -0.00043937 0.10860179 -0.00637831
v -0.00049279 0.10617351 -0.00617251
v 0.00059186 0.10604191 -0.00611132
v 0.00061494 0.10229084 -0.00592932
v -0.00050048 0.10226720 -0.00597314
v -0.00039990 0.12134218 -0.00833043
v -0.00160669 0.10869726 -0.00623680
v -0.00130262 0.11097127 -0.00664626
v -0.00161283 0.10635829 -0.00603320
v -0.00164011 0.10236019 -0.00582930
v -0.00117394 0.11835894 -0.00782284
v -0.00162497 0.11470033 -0.00721015
v -0.00229410 0.12103488 -0.00790202
v -0.00150110 0.12213047 -0.00815628
v -0.00047478 0.12558327 -0.00820344
v 0.00066018 0.12507936 -0.00826155
v 0.00044357 0.13072286 -0.00816937
v -0.00059629 0.13041039 -0.00810747
v 0.00056954 0.13542469 -0.00821658
v -0.00057201 0.13542023 -0.00819719
v 0.00068617 0.13648736 -0.00835392
v -0.00052096 0.13648498 -0.00831426
v -0.00235397 0.12651497 -0.00788739
v -0.00145883 0.13521499 -0.00801429
v -0.00148375 0.13075378 -0.00792926
v -0.00136009 0.13649288 -0.00810506
v -0.00259208 0.12353431 -0.00787637
v -0.00262706 0.10247137 -0.00556593
v -0.00272486 0.13036166 -0.00765790
v -0.00271858 0.13376763 -0.00762239
v -0.00292466 0.10663532 -0.00564734
v -0.00326800 0.11024316 -0.00585241
v -0.00284849 0.12206492 -0.00775497
v -0.00283199 0.13630789 -0.00755803
v -0.00238360 0.11368757 -0.00673473
v -0.00382079 0.12708033 -0.00735768
v -0.00370477 0.13331465 -0.00722676
v -0.00292690 0.11723223 -0.00689101
v -0.00374004 0.12331065 -0.00736808
v -0.00217274 0.13708332 -0.00800903
v -0.00435664 0.13530351 -0.00683810
v -0.00379760 0.13647526 -0.00713591
v -0.00462853 0.13705996 -0.00674002
v -0.00394485 0.12054637 -0.00700077
v -0.00495723 0.13263178 -0.00663016
v -0.00503413 0.12703072 -0.00672977
v -0.00438346 0.12207864 -0.00693315
v -0.00354947 0.11253792 -0.00594649
v -0.00381973 0.10208403 -0.00486790
v -0.00387072 0.10720844 -0.00512463
v -0.00446976 0.11671517 -0.00587788
v 0.00192429 0.12694953 -0.00812327
v -0.00594783 0.12402431 -0.00594231
v -0.00390225 0.13716613 -0.00741515
v -0.00452700 0.11108685 -0.00503783
v -0.00515397 0.11803507 -0.00565135
v -0.00572861 0.12080917 -0.00576162
v -0.00593087 0.13150409 -0.00596492
v -0.00455318 0.10724558 -0.00462123
v -0.00600899 0.12745237 -0.00600051
v -0.00575205 0.13528522 -0.00583092
v -0.00572140 0.13646809 -0.00584743
v -0.00436045 0.10239343 -0.00446052
v -0.00550567 0.11357804 -0.00455604
v -0.00604036 0.11849096 -0.00499241
v 0.00009472 0.13717056 -0.00881277
v -0.00690738 0.12114270 -0.00474725
v -0.00655810 0.12457381 -0.00541134
v -0.00658962 0.12824342 -0.00546482
v -0.00545918 0.10137704 -0.00317743
v -0.00553213 0.11137371 -0.00410630
v -0.00611026 0.13721037 -0.00609392
v -0.00664237 0.13041366 -0.00530193
v -0.00563718 0.10588130 -0.00338178
v -0.00563611 0.10744492 -0.00346849
v -0.00646881 0.11722320 -0.00418705
v -0.00699562 0.12420244 -0.00487332
v -0.00678708 0.13503956 -0.00459324
v -0.00594184 0.11129256 -0.00359227
v -0.00692222 0.11446235 -0.00297706
v -0.00693773 0.13645969 -0.00436036
v -0.00666960 0.13709441 -0.00494404
v -0.00736814 0.13715257 -0.00407214
v 0.00141214 0.13197028 -0.00801476
v 0.00171433 0.13540596 -0.00799676
v -0.00173793 0.13722830 -0.00851196
v 0.00252674 0.12850104 -0.00798209
v 0.00282972 0.12173554 -0.00810324
v 0.00181028 0.10251468 -0.00572584
v 0.00299097 0.12059745 -0.00798459
v 0.00175805 0.11779364 -0.00771328
v 0.00193428 0.13656433 -0.00810367
v 0.00210488 0.13279074 -0.00782570
v 0.00196314 0.11525372 -0.00719877
v 0.00235254 0.10654979 -0.00568616
v 0.00216456 0.10944954 -0.00596079
v 0.00126050 0.11131933 -0.00660185
v 0.00358819 0.12184091 -0.00784106
v 0.00301977 0.12811661 -0.00781410
v 0.00301481 0.13246394 -0.00753774
v 0.00301922 0.13537068 -0.00748561
v 0.00302650 0.13658440 -0.00766139
v 0.00289905 0.10237352 -0.00528085
v 0.00227927 0.13717814 -0.00847895
v 0.00303456 0.11786793 -0.00720670
v 0.00307260 0.11025166 -0.00557762
v 0.00403867 0.13533857 -0.00698448
v 0.00459095 0.13117562 -0.00685487
v 0.00408399 0.12622098 -0.00734612
v 0.00399551 0.13651141 -0.00708814
v 0.00328487 0.11335791 -0.00597452
v 0.00282002 0.13705523 -0.00797899
v 0.00381437 0.11762592 -0.00672928
v 0.00454657 0.12053729 -0.00708243
v 0.00474102 0.13349920 -0.00665532
v 0.00414425 0.10729122 -0.00462102
v 0.00378810 0.10318822 -0.00477200
v 0.00416490 0.13717855 -0.00742752
v 0.00427163 0.10159946 -0.00435813
v 0.00476143 0.12194195 -0.00709196
v 0.00470539 0.12627264 -0.00693433
v 0.00556865 0.13574343 -0.00596307
v 0.00552999 0.13688681 -0.00607975
v 0.00454586 0.11053936 -0.00458497
v 0.00486293 0.11702275 -0.00584113
v 0.00579787 0.13504984 -0.00582407
v 0.00467976 0.11245324 -0.00477230
v 0.00476967 0.11429941 -0.00511276
v 0.00492192 0.13712055 -0.00667450
v 0.00583607 0.13085988 -0.00579960
v 0.00585405 0.12609243 -0.00587604
v 0.00593890 0.12310053 -0.00593829
v 0.00610041 0.13655275 -0.00540912
v 0.00580920 0.12008528 -0.00581523
v 0.00492263 0.10266281 -0.00378536
v 0.00500902 0.10771974 -0.00382338
v 0.00589313 0.11700253 -0.00486634
v 0.00580732 0.11475546 -0.00421579
v 0.00577308 0.11181213 -0.00343286
v 0.00693490 0.12130439 -0.00484090
v 0.00548297 0.10112573 -0.00297893
v 0.00661076 0.13709865 -0.00491954
v 0.00694564 0.12299407 -0.00483848
v 0.00703193 0.12028948 -0.00447975
v 0.00678344 0.12756060 -0.00472860
v 0.00561101 0.10728448 -0.00307033
v 0.00572576 0.10430084 -0.00284001
v 0.00673816 0.13492278 -0.00452166
v 0.01139535 -0.12154607 -0.00051626
v 0.01384818 -0.12590146 -0.00056959
v 0.01226692 -0.12308932 0.00056041
v 0.01494311 -0.12792066 0.00053764
v 0.01524704 -0.12864316 -0.00098611
v 0.00994215 -0.11886635 -0.00054417
v 0.00992884 -0.11883217 0.00056598
v 0.00863865 -0.11671190 0.00100414
v 0.00871642 -0.11681963 -0.00058556
v 0.01263019 -0.12385930 0.00145664
v 0.01431947 -0.12700366 0.00229774
v 0.00989847 -0.11898710 0.00172199
v 0.01525291 -0.12885071 0.00236190
v 0.01634399 -0.13106143 0.00104172
v 0.01741313 -0.13363354 -0.00104370
v 0.01756558 -0.13394241 0.00107573
v 0.01808464 -0.13477500 -0.00118032
v 0.01427648 -0.12700633 -0.00218345
v 0.01177610 -0.12243131 -0.00164523
v 0.00986042 -0.11912560 -0.00217907
v 0.01638286 -0.13150285 -0.00223837
v 0.01866564 -0.13559093 0.00180332
v 0.01631708 -0.13148261 0.00328501
v 0.01727773 -0.13376142 0.00347442
v 0.01784516 -0.13471019 0.00331406
v 0.01477102 -0.12839101 0.00397673
v 0.01255437 -0.12403334 0.00269326
v 0.01007134 -0.11967268 0.00282898
v 0.01313783 -0.12566659 0.00449173
v 0.00769052 -0.11537028 0.00096436
v 0.00766996 -0.11532757 -0.00051738
v 0.01737747 -0.13464331 0.00545471
v 0.01653703 -0.13304788 0.00540259
v 0.01502165 -0.12973272 0.00546439
v 0.00873271 -0.11743925 0.00279481
v 0.01157927 -0.12287080 0.00392115
v 0.01840812 -0.13586523 0.00522367
v 0.01416049 -0.12798734 0.00547319
v 0.00755025 -0.11583570 0.00302763
v 0.00875279 -0.11814197 0.00405134
v 0.00970136 -0.11997173 0.00448951
v 0.01134930 -0.12315776 0.00506031
v 0.01744683 -0.13419465 -0.00337234
v 0.01662171 -0.13251917 -0.00343778
v 0.01514365 -0.12910869 -0.00331564
v 0.00865085 -0.11715263 -0.00218877
v 0.01151703 -0.12231220 -0.00269175
v 0.01875521 -0.13582670 -0.00294433
v 0.01879086 -0.13561963 -0.00064989
v 0.00766736 -0.11572953 -0.00237731
v 0.01428210 -0.12796682 -0.00460573
v 0.01311506 -0.12575564 -0.00427544
v 0.01648714 -0.13293262 -0.00487620
v 0.01522665 -0.13019714 -0.00502881
v 0.01757243 -0.13471387 -0.00439452
v 0.01156624 -0.12292342 -0.00384812
v 0.00988797 -0.12016789 -0.00404538
v 0.00875284 -0.11827780 -0.00406679
v 0.01838792 -0.13586602 -0.00516753
v 0.00709152 -0.11472319 0.00026561
v 0.01633869 -0.13369503 -0.00663491
v 0.01733883 -0.13497480 -0.00606545
v 0.01540261 -0.13184005 -0.00674853
v 0.01416797 -0.12906055 -0.00661419
v 0.01315007 -0.12692791 -0.00617543
v 0.01142188 -0.12329165 -0.00487753
v 0.00981062 -0.12112630 -0.00553120
v 0.01657566 -0.13484263 -0.00786954
v 0.01155020 -0.12447096 -0.00619769
v 0.01784196 -0.13585213 -0.00693588
v 0.00756427 -0.11661209 -0.00413602
v 0.01309134 -0.12807870 -0.00783844
v 0.01546911 -0.13339383 -0.00831405
v 0.01406754 -0.13046477 -0.00831991
v 0.01568203 -0.13434652 -0.00900816
v 0.00873576 -0.11923063 -0.00531968
v 0.00768734 -0.11764383 -0.00520760
v 0.01630454 -0.13544229 -0.00949391
v 0.01717538 -0.13596195 -0.00894876
v 0.00672014 -0.11481350 -0.00241707
v 0.00670964 -0.11571299 -0.00440234
v 0.01940744 -0.13613435 -0.00024377
v 0.01121151 -0.12491511 -0.00737618
v 0.01305927 -0.12910634 -0.00889185
v 0.01032952 -0.12408310 -0.00783527
v 0.01915531 -0.13618624 0.00397307
v 0.01447555 -0.13364213 -0.01024711
v 0.01467334 -0.13477379 -0.01109794
v 0.00849630 -0.12039466 -0.00681546
v 0.01156012 -0.12746797 -0.00952702
v 0.00644820 -0.11604536 -0.00518511
v 0.01600843 -0.13581117 -0.01063704
v 0.01213027 -0.12886824 -0.00996808
v 0.01291279 -0.13038750 -0.01007282
v 0.01762958 -0.13572732 0.00723466
v 0.01631693 -0.13384076 0.00717269
v 0.01520133 -0.13146688 0.00715159
v 0.00667599 -0.11473624 0.00243052
v 0.01269390 -0.12605925 0.00630152
v 0.01407366 -0.12940232 0.00753103
v 0.01325280 -0.12799790 0.00764512
v 0.01501278 -0.13581271 -0.01202482
v 0.01351275 -0.13407676 -0.01186009
v 0.00699197 -0.11830899 -0.00672305
v 0.00941008 -0.12417033 -0.00906537
v 0.00558086 -0.11381796 -0.00083297
v 0.01929284 -0.13666464 -0.00649026
v 0.00555918 -0.11483528 -0.00439482
v 0.01086359 -0.12319299 0.00613419
v 0.01821383 -0.13603827 0.00673849
v 0.00762552 -0.11711950 0.00480023
v 0.01644470 -0.13480490 0.00829503
v 0.01721510 -0.13597078 0.00890277
v 0.01537873 -0.13334453 0.00865816
v 0.01426134 -0.13113379 0.00876760
v 0.00669670 -0.11566082 0.00439911
v 0.02016212 -0.13678295 -0.00365021
v 0.02025924 -0.13671316 0.00165904
v 0.01126100 -0.12478801 0.00736450
v 0.00866122 -0.11940683 0.00570816
v 0.00956524 -0.12193141 0.00689026
v 0.00573331 -0.11385941 0.00064733
v 0.01851255 -0.13691358 0.00977569
v 0.01798116 -0.13692583 0.01087827
v 0.01252956 -0.12785640 0.00870963
v 0.01493792 -0.13401251 0.01006199
v 0.01440930 -0.13289978 0.00987574
v 0.01652667 -0.13556020 0.00932482
v 0.01303786 -0.12949690 0.00939268
v 0.01611615 -0.13593186 0.01068293
v 0.01537327 -0.13508498 0.01054212
v 0.00760279 -0.11809313 0.00589088
v 0.01104544 -0.12579166 0.00875844
v 0.01815907 -0.13689174 -0.01010305
v 0.00543275 -0.11381496 0.00154362
v 0.00987607 -0.12395438 0.00841108
v 0.00763286 -0.11942606 0.00703814
v 0.00560538 -0.11480541 0.00438511
v 0.00448204 -0.11383215 0.00317333
v 0.00619470 -0.11586135 0.00528954
v 0.01157516 -0.12818310 0.01024557
v 0.01514296 -0.13584018 0.01182079
v 0.01392048 -0.13450804 0.01179814
v 0.01301602 -0.13324876 0.01183365
v 0.00664108 -0.11767537 0.00659742
v 0.01403321 -0.13578604 0.01301267
v 0.00967670 -0.12554867 0.01003321
v 0.00832319 -0.12252162 0.00880468
v 0.01120346 -0.12854116 0.01089048
v 0.01284030 -0.13462319 -0.01299893
v 0.01248908 -0.13285342 -0.01211063
v 0.01118747 -0.12860140 -0.01084498
v 0.00985334 -0.12648021 -0.01056440
v 0.01349034 -0.13583825 -0.01373146
v 0.00557601 -0.11563558 -0.00557177
v 0.00453425 -0.11382494 -0.00294816
v 0.00758481 -0.12088435 -0.00816322
v 0.00407683 -0.11313414 0.00083829
v 0.00401735 -0.11315269 -0.00083258
v 0.01266743 -0.13478407 0.01326586
v 0.01312041 -0.13599713 0.01419209
v 0.00270970 -0.11268652 0.00059977
v 0.00235909 -0.11260754 -0.00053251
v 0.00190339 -0.11277186 -0.00206048
v 0.00199824 -0.11274340 0.00188624
v 0.00063489 -0.11229002 0.00057421
v 0.00045572 -0.11229213 -0.00056252
v -0.00170992 0.12193900 0.00808760
v 0.00008833 0.12060637 0.00817192
v -0.00222286 0.12042627 0.00791013
v -0.00055577 0.12217978 0.00821087
v -0.00145727 0.11788848 0.00762874
v -0.00062372 0.11870786 0.00784411
v -0.00049347 0.11697094 0.00768478
v -0.00164084 0.11477343 0.00739260
v -0.00049194 0.11445507 0.00759150
v -0.00298630 0.12187563 0.00779918
v -0.00180303 0.11221973 0.00693654
v -0.00132016 0.11037888 0.00678320
v -0.00059585 0.11029331 0.00688482
v -0.00056077 0.10745469 0.00654727
v -0.00174206 0.10768958 0.00633753
v -0.00173747 0.10272565 0.00617836
v -0.00058988 0.10270452 0.00641325
v -0.00309698 0.12071114 0.00767635
v 0.00056763 0.12210907 0.00821837
v 0.00056524 0.10261879 0.00641226
v -0.00235701 0.12553285 0.00781487
v -0.00052943 0.12737875 0.00814605
v -0.00180566 0.12843272 0.00790375
v -0.00049839 0.13167222 0.00841969
v 0.00064532 0.13086831 0.00842232
v 0.00061356 0.12744834 0.00820490
v -0.00042883 0.13639983 0.00861297
v 0.00061178 0.13633169 0.00859923
v 0.00103946 0.13712723 0.00872297
v 0.00054808 0.10752239 0.00650198
v 0.00047909 0.11023916 0.00681720
v 0.00054513 0.11468433 0.00754583
v 0.00032063 0.11667631 0.00766575
v 0.00081223 0.11799718 0.00768273
v 0.00165717 0.12198643 0.00811063
v -0.00046165 0.13710829 0.00876209
v 0.00217190 0.12036117 0.00787715
v 0.00182119 0.12574043 0.00797657
v 0.00172355 0.12817348 0.00800840
v -0.00284197 0.12800681 0.00759599
v -0.00166113 0.13644184 0.00824296
v -0.00277483 0.13399510 0.00775536
v -0.00281658 0.11880148 0.00739811
v -0.00333972 0.11624479 0.00684665
v -0.00254929 0.13672907 0.00790943
v -0.00272786 0.10783513 0.00595679
v -0.00260429 0.10251935 0.00582444
v -0.00402034 0.12761872 0.00711372
v -0.00380734 0.12201637 0.00741474
v -0.00258963 0.11268042 0.00668725
v -0.00289734 0.11044205 0.00612473
v -0.00400914 0.13398446 0.00722321
v -0.00401363 0.13634207 0.00719013
v -0.00385987 0.11819062 0.00680419
v -0.00446251 0.12051533 0.00692253
v -0.00465384 0.13440939 0.00687246
v -0.00465343 0.12841827 0.00677405
v -0.00463729 0.12229135 0.00692407
v -0.00320096 0.10689135 0.00566317
v -0.00352475 0.11080986 0.00580309
v -0.00461770 0.13630497 0.00683636
v -0.00489387 0.13698587 0.00678065
v -0.00331392 0.10269868 0.00540209
v -0.00379268 0.13706870 0.00756890
v -0.00409398 0.11396949 0.00588696
v -0.00163870 0.13715858 0.00859253
v -0.00542408 0.11873549 0.00573310
v -0.00594253 0.13055017 0.00572510
v -0.00585468 0.13395351 0.00587440
v -0.00443909 0.10726167 0.00465025
v -0.00582830 0.13641592 0.00583937
v -0.00585787 0.12259041 0.00590072
v -0.00577002 0.12050142 0.00577065
v -0.00485888 0.11100286 0.00463935
v -0.00600547 0.11540989 0.00450025
v -0.00452336 0.10299542 0.00429933
v -0.00684390 0.12120153 0.00477132
v -0.00682836 0.12345520 0.00488087
v -0.00654921 0.11826197 0.00446145
v -0.00566476 0.10847978 0.00338676
v -0.00593957 0.11119730 0.00348672
v -0.00652934 0.11327212 0.00328388
v -0.00690923 0.11498164 0.00335256
v -0.00672387 0.13161371 0.00479831
v -0.00561292 0.10648154 0.00312323
v -0.00687563 0.13632531 0.00452415
v -0.00676438 0.13702496 0.00491271
v -0.00615452 0.13717704 0.00619614
v -0.00540784 0.10277852 0.00311086
v 0.00167123 0.10260267 0.00618320
v 0.00165074 0.11781029 0.00747551
v 0.00329758 0.12204181 0.00774528
v 0.00164448 0.11541899 0.00725227
v 0.00118500 0.11145677 0.00683868
v 0.00179350 0.11410275 0.00700640
v 0.00164750 0.10656705 0.00620469
v 0.00163509 0.10952332 0.00636130
v 0.00294805 0.12587118 0.00766262
v 0.00276157 0.12891900 0.00770864
v 0.00207442 0.13200991 0.00803632
v 0.00211844 0.13522147 0.00805533
v 0.00226322 0.13645094 0.00805448
v 0.00289799 0.11751108 0.00703352
v 0.00340063 0.12083834 0.00755353
v 0.00385786 0.11794211 0.00674460
v 0.00271567 0.13721876 0.00828665
v -0.00267314 0.13719300 0.00837328
v -0.00567823 0.10255444 0.00257266
v -0.00931623 0.13741545 -0.00347605
v -0.00935898 0.13743640 -0.00155626
v -0.00823918 0.13738331 -0.00349494
v -0.01055777 0.13735627 -0.00354545
v -0.01055300 0.13744007 -0.00101171
v -0.00943338 0.13742911 0.00158554
v -0.01058149 0.13740574 0.00276022
v -0.00949628 0.13741355 0.00385812
v -0.00945450 0.13728762 -0.00594951
v -0.00832364 0.13738869 -0.00576252
v -0.00729232 0.13731106 -0.00502282
v -0.00715972 0.13740132 -0.00703706
v -0.00770880 0.13733212 -0.00792953
v -0.00531496 0.13736367 -0.00729037
v -0.00595533 0.13739797 -0.00846235
v -0.00392767 0.13743148 -0.00849046
v -0.00399642 0.13741728 -0.00966363
v -0.01159267 0.13732149 0.00026757
v -0.00840584 0.13733278 0.00294230
v -0.00837560 0.13741850 0.00446463
v -0.00173793 0.13722830 -0.00851196
v -0.00953696 0.13722330 0.00600618
v -0.01057777 0.13729849 0.00405763
v -0.01045530 0.13718083 -0.00500134
v -0.00842414 0.13736140 0.00626881
v -0.00735606 0.13728390 0.00512818
v -0.00681885 0.13738022 0.00685645
v -0.00597794 0.13733936 0.00867352
v -0.00499268 0.13723799 0.00737611
v -0.00398220 0.13737988 0.00846424
v -0.00359810 0.13739947 0.00947733
v -0.00386947 0.13727549 0.01056587
v -0.00779850 0.13725167 0.00795090
v -0.00264300 0.13739765 0.01058616
v -0.00161562 0.13740846 0.00942622
v 0.00008639 0.13745555 0.01061052
v 0.00019194 0.13734348 0.00937572
v -0.00094983 0.13733272 0.01161612
v 0.00249467 0.13744775 0.00924788
v 0.00328727 0.13742655 0.01054190
v 0.00437240 0.13741080 0.00948958
v 0.00461936 0.13734839 0.00772882
v 0.00572110 0.13739373 0.00838745
v 0.00614696 0.13737142 0.00731081
v 0.00785545 0.13729017 0.00794110
v 0.00721886 0.13736430 0.00690559
v 0.00836358 0.13737349 0.00576092
v 0.00788794 0.13734001 0.00450308
v 0.00941001 0.13741085 0.00370195
v 0.00834749 0.13729807 0.00290043
v 0.00941268 0.13728428 0.00606472
v 0.01049109 0.13736018 0.00359268
v 0.00931960 0.13739735 0.00168591
v 0.01049790 0.13735471 -0.00254133
v 0.00940024 0.13739232 -0.00390054
v 0.00929557 0.13739888 -0.00174501
v 0.00830943 0.13732614 -0.00295646
v 0.00832737 0.13737535 -0.00411751
v 0.00903305 0.13734722 -0.00564314
v 0.00719487 0.13733664 -0.00539074
v 0.00723477 0.13739337 -0.00736787
v 0.00616585 0.13725770 0.00624781
v 0.01156289 0.13725283 -0.00004959
v 0.00086466 0.13734648 0.01161782
v 0.00754395 0.13730812 -0.00811985
v 0.00571096 0.13738965 -0.00732931
v 0.00576565 0.13741516 -0.00897029
v 0.00425021 0.13740902 -0.00841582
v 0.00390264 0.13741397 -0.00941842
v 0.00409881 0.13730948 -0.01049116
v 0.00186700 0.13734013 -0.01078223
v 0.00018793 0.13734824 -0.00958826
v -0.00247680 0.13743827 -0.00957982
v -0.00210968 0.13736267 -0.01066710
v 0.00530230 0.13724324 0.01017387
v 0.00607618 0.13722268 -0.00620673
v 0.00227927 0.13717814 -0.00847895
v -0.00414873 0.13720387 -0.01051168
v 0.01046998 0.13725441 -0.00397059
v 0.00041388 0.13721904 -0.01164895
v -0.00611026 0.13721037 -0.00609392
v -0.00267314 0.13719300 0.00837328
v -0.00582355 0.13725395 -0.00952152
v -0.01151245 0.13721692 -0.00211558
v -0.01037552 0.13707999 0.00537275
v -0.00615452 0.13717704 0.00619614
v 0.00527336 0.13725248 -0.01009803
v 0.00732025 0.13715104 -0.00413916
v 0.00009472 0.13717056 -0.00881277
v -0.00834002 0.13719919 -0.00162043
v 0.00939437 0.13721037 -0.00614901
v 0.01144177 0.13718818 0.00235780
v -0.00504078 0.13713648 0.01028114
v 0.00829891 0.13718377 -0.00180472
v 0.00849766 0.13718272 0.00006398
v 0.00831828 0.13715198 0.00181990
v -0.01147565 0.13720262 0.00242342
v -0.00390225 0.13716613 -0.00741515
v 0.01036725 0.13707412 -0.00499702
v 0.00416490 0.13717855 -0.00742752
v 0.00492192 0.13712055 -0.00667450
v 0.01141491 0.13712435 -0.00229563
v 0.00282002 0.13705523 -0.00797899
v -0.00742393 0.13712838 0.00414829
v 0.00291099 0.13706896 -0.01137836
v 0.00271567 0.13721876 0.00828665
v 0.00103946 0.13712723 0.00872297
v -0.00163870 0.13715858 0.00859253
v -0.00046165 0.13710829 0.00876209
v 0.00661076 0.13709865 -0.00491954
v 0.01037900 0.13716582 0.00504218
v 0.00734052 0.13711864 0.00407263
v 0.00643686 0.13706688 0.00516352
v -0.00839480 0.13717689 0.00197129
v -0.00862240 0.13719974 0.00034647
v 0.00765886 0.13710235 0.00880243
v 0.00335138 0.13714637 0.01138423
v -0.00379268 0.13706870 0.00756890
v -0.00462853 0.13705996 -0.00674002
v -0.00858186 0.13712351 -0.00778348
v -0.00321149 0.13705249 0.01138798
v 0.00527932 0.13705802 0.00641394
v 0.00404232 0.13712050 0.00734358
v -0.00666960 0.13709441 -0.00494404
v -0.00736814 0.13715257 -0.00407214
v -0.00791620 0.13708286 -0.00234172
v -0.00687112 0.13705764 -0.00935471
v -0.00676438 0.13702496 0.00491271
v -0.00185521 0.13705302 -0.01149625
v -0.00489387 0.13698587 0.00678065
v -0.01136699 0.13698409 -0.00375102
v 0.00787352 0.13704189 -0.00240486
v -0.00868554 0.13699861 0.00774838
v 0.00785897 0.13703465 0.00262904
v 0.00977354 0.13699883 0.00652592
v -0.01025878 0.13694372 -0.00600568
v -0.00217274 0.13708332 -0.00800903
v -0.00645035 0.13691047 0.00976871
v 0.00755951 0.13704235 -0.00874394
v -0.00797499 0.13703782 0.00257106
v 0.00306893 0.13706978 0.00778234
v 0.00920188 0.13693412 -0.00707459
v 0.01140828 0.13677607 0.00401750
v 0.00552999 0.13688681 -0.00607975
v -0.01134366 0.13677805 0.00426063
v 0.00595922 0.13693520 0.01027316
v 0.00370966 0.13674123 -0.01152594
v 0.01160367 0.13668614 -0.00319226
v -0.00002782 0.13677989 0.01240334
v 0.00080442 0.13682511 -0.01213177
v -0.00050407 0.13679971 -0.01208241
v 0.00197227 0.13682088 0.01211611
v -0.00494658 0.13659268 -0.01086340
v 0.01210402 0.13677630 0.00080119
v 0.00410708 0.13662081 0.01168411
v -0.01222086 0.13682710 0.00025904
v -0.00209049 0.13678789 0.01202725
v 0.01205558 0.13677130 -0.00082411
v -0.00274242 0.13671590 -0.01159302
v -0.01157231 0.13661618 -0.00419473
v -0.01203082 0.13676645 -0.00204854
v 0.00515271 0.13674963 -0.01075474
v 0.00978909 0.13653930 -0.00673852
v 0.00918459 0.13651209 0.00792379
v -0.00728415 0.13656451 -0.00960489
v -0.00921282 0.13653896 -0.00785492
v -0.00949857 0.13647891 0.00744074
v 0.00752974 0.13654602 0.00951266
v -0.00839580 0.13646226 0.00861087
v 0.00515063 0.10173028 0.00037449
v 0.00630233 0.10152033 0.00054727
v 0.00539045 0.10174325 -0.00010721
v 0.00631688 0.10190106 -0.00056207
v 0.00609527 0.10178480 0.00164469
v 0.00053499 0.10232768 0.00112865
v 0.00308587 0.10204488 0.00035836
v 0.00104970 0.10220532 -0.00136970
v 0.00216937 0.10227364 0.00274578
v 0.00281746 0.10218605 0.00255199
v 0.00357059 0.10184935 -0.00194501
v 0.00197875 0.10203187 -0.00388572
v -0.00054100 0.10242790 -0.00190804
v -0.00050048 0.10226720 -0.00597314
v 0.00537579 0.10174587 0.00308979
v 0.00427163 0.10159946 -0.00435813
v 0.00064809 0.10234322 0.00274449
v -0.00161408 0.10250407 0.00200989
v -0.00173747 0.10272565 0.00617836
v -0.00452336 0.10299542 0.00429933
v 0.00141567 0.10230759 0.00282246
v 0.00167123 0.10260267 0.00618320
v -0.00058988 0.10270452 0.00641325
v -0.00113968 0.10225464 -0.00015617
v 0.00250951 0.10235603 0.00583091
v 0.00372409 0.10237974 0.00497162
v -0.00381973 0.10208403 -0.00486790
v -0.00285465 0.10205453 -0.00110871
v -0.00567823 0.10255444 0.00257266
v -0.00618914 0.10219580 0.00072492
v -0.00607065 0.10214627 -0.00157648
v 0.00455068 0.10246266 0.00416902
v 0.00605849 0.10128443 -0.00167841
v 0.00548297 0.10112573 -0.00297893
v 0.00578610 0.10119150 -0.00239742
v 0.00056524 0.10261879 0.00641226
v -0.00545918 0.10137704 -0.00317743
v 0.00181028 0.10251468 -0.00572584
v 0.00289905 0.10237352 -0.00528085
v 0.00061494 0.10229084 -0.00592932
v -0.00173747 0.10272565 0.00617836
v -0.00331392 0.10269868 0.00540209
v -0.00260429 0.10251935 0.00582444
v -0.00452336 0.10299542 0.00429933
v 0.00064809 0.10234322 0.00274449
v 0.00281746 0.10218605 0.00255199
v 0.00141567 0.10230759 0.00282246
v 0.00216937 0.10227364 0.00274578
v -0.00164011 0.10236019 -0.00582930
v -0.00262706 0.10247137 -0.00556593
v -0.00050048 0.10226720 -0.00597314
vt 0.02239932 0.45589647
vt 0.02098881 0.45781401
vt 0.02845149 0.45781401
vt 0.47450241 0.09947944
vt 0.46965456 0.11134209
vt 0.45307955 0.10165616
vt 0.46068192 0.09027535
vt 0.44699687 0.11065738
vt 0.47844228 0.08952016
vt 0.44285715 0.09174428
vt 0.43435395 0.09587216
vt 0.42485851 0.11075578
vt 0.42324489 0.09553807
vt 0.49035412 0.10964464
vt 0.49221250 0.09560055
vt 0.48119423 0.11319139
vt 0.50318778 0.10984194
vt 0.49760857 0.11204363
vt 0.49407572 0.08742136
vt 0.51088434 0.09479248
vt 0.51583833 0.10972165
vt 0.47378090 0.08494332
vt 0.50775260 0.08553259
vt 0.44805986 0.08543232
vt 0.46186227 0.08181340
vt 0.49106255 0.08300177
vt 0.42608637 0.09076519
vt 0.53270644 0.09529043
vt 0.53506333 0.10924839
vt 0.52525246 0.08654478
vt 0.52349871 0.11177380
vt 0.51242620 0.11301824
vt 0.44748303 0.11306202
vt 0.54454720 0.09368663
vt 0.39202043 0.09916019
vt 0.39245984 0.11065249
vt 0.39147863 0.09419518
vt 0.38121659 0.09598350
vt 0.38005194 0.11184604
vt 0.36747172 0.11229832
vt 0.35141358 0.11278232
vt 0.34913334 0.09921078
vt 0.36734369 0.09813093
vt 0.34024379 0.11101671
vt 0.42336202 0.11339083
vt 0.39300808 0.11392545
vt 0.36853775 0.09422206
vt 0.34765384 0.09392796
vt 0.32805672 0.09811284
vt 0.31947383 0.09480108
vt 0.28695303 0.09834232
vt 0.27193487 0.09481350
vt 0.30430201 0.10451690
vt 0.27514374 0.11057840
vt 0.25421643 0.09840342
vt 0.22599806 0.11078693
vt 0.23338656 0.09622144
vt 0.20833880 0.09884844
vt 0.19612028 0.11057760
vt 0.30337048 0.11075696
vt 0.18115498 0.09605868
vt 0.18121020 0.11071017
vt 0.20064875 0.09395389
vt 0.22100036 0.09477651
vt 0.16394578 0.09899324
vt 0.08871237 0.09921069
vt 0.09098867 0.11081845
vt 0.07220083 0.09979445
vt 0.07188068 0.11239100
vt 0.12692992 0.10324778
vt 0.14135277 0.11042529
vt 0.12211115 0.09866427
vt 0.07333294 0.09437782
vt 0.09108073 0.09530623
vt 0.14107816 0.09520119
vt 0.12334310 0.09523699
vt 0.06788643 0.09713363
vt 0.05152795 0.11207280
vt 0.05131350 0.09534822
vt 0.06320576 0.09203421
vt 0.24291320 0.08925597
vt 0.04585154 0.09571389
vt 0.04439373 0.11198949
vt 0.38128266 0.08959427
vt 0.06405518 0.11452573
vt 0.30756041 0.11346409
vt 0.34135693 0.11398590
vt 0.18004525 0.08984972
vt 0.28665295 0.08232015
vt 0.23187009 0.08307403
vt 0.21069014 0.08266053
vt 0.29127520 0.08889641
vt 0.35735294 0.08217154
vt 0.38093027 0.08020362
vt 0.39153334 0.07914542
vt 0.32282847 0.08300840
vt 0.40072751 0.09142768
vt 0.40372509 0.08032472
vt 0.42974824 0.08296455
vt 0.09395817 0.11372063
vt 0.19919205 0.11380169
vt 0.28160104 0.11375818
vt 0.22445346 0.11412760
vt 0.17797039 0.11408068
vt 0.14333668 0.11399482
vt 0.10387740 0.08915499
vt 0.09937227 0.12584303
vt 0.07175479 0.12804101
vt 0.33533686 0.12562473
vt 0.30976781 0.12531595
vt 0.27603197 0.12540762
vt 0.23001729 0.12569627
vt 0.19158745 0.12615925
vt 0.13892533 0.12632725
vt 0.06368627 0.12599455
vt 0.05155697 0.12780283
vt 0.04451279 0.12715991
vt 0.43980905 0.11700331
vt 0.37939540 0.12639633
vt 0.39167830 0.12984785
vt 0.04100433 0.09568627
vt 0.42422265 0.12775533
vt 0.43819728 0.13041063
vt 0.40697494 0.12832120
vt 0.09394544 0.08172224
vt 0.06937069 0.08397146
vt 0.15342951 0.08271334
vt 0.12408369 0.08279768
vt 0.18257253 0.07892323
vt 0.05256889 0.08089870
vt 0.07040220 0.08046185
vt 0.14151071 0.07872163
vt 0.04437756 0.08344912
vt 0.24388558 0.07694169
vt 0.32589230 0.07817129
vt 0.28829601 0.07807092
vt 0.43915737 0.07650127
vt 0.42889479 0.07824945
vt 0.45382810 0.07600325
vt 0.21236733 0.07726112
vt 0.23663197 0.07619933
vt 0.19585086 0.07729936
vt 0.45984834 0.12842490
vt 0.47211444 0.13012479
vt 0.45192164 0.13168630
vt 0.34939635 0.12857705
vt 0.37981901 0.12998128
vt 0.03559189 0.09642049
vt 0.04039448 0.11213640
vt 0.35510346 0.07550242
vt 0.07842436 0.07365307
vt 0.09772142 0.07374647
vt 0.13554749 0.07327875
vt 0.16534694 0.07334352
vt 0.42750356 0.07337024
vt 0.31806976 0.07229687
vt 0.28578228 0.07286095
vt 0.10184431 0.12973297
vt 0.33951873 0.13090739
vt 0.30940369 0.12986292
vt 0.27605733 0.12989408
vt 0.24067210 0.12998989
vt 0.20747912 0.12951334
vt 0.17388892 0.13025235
vt 0.13975093 0.13020359
vt 0.48793736 0.12312412
vt 0.06406812 0.13059299
vt 0.48634845 0.13261759
vt 0.50122339 0.12832180
vt 0.03235129 0.11252085
vt 0.03617809 0.12836508
vt 0.47235066 0.07558592
vt 0.48933616 0.07406456
vt 0.43964869 0.06738830
vt 0.45351610 0.06828310
vt 0.46739122 0.06489521
vt 0.48431551 0.06701390
vt 0.38267165 0.07305525
vt 0.03479962 0.08120574
vt 0.22414191 0.07247274
vt 0.53454244 0.11286128
vt 0.54220927 0.11136289
vt 0.18116166 0.06581751
vt 0.11748211 0.06636572
vt 0.09398395 0.06683817
vt 0.15380885 0.06608721
vt 0.19883722 0.06594552
vt 0.23602073 0.06575863
vt 0.35671633 0.06584674
vt 0.32188046 0.06565062
vt 0.28308010 0.06575194
vt 0.39003190 0.06621151
vt 0.42943895 0.06640280
vt 0.05540075 0.06822363
vt 0.06969779 0.06667971
vt 0.09246824 0.06209631
vt 0.12083778 0.06169330
vt 0.14107904 0.06151979
vt 0.16645670 0.06138701
vt 0.04610083 0.06821771
vt 0.03962258 0.07866184
vt 0.03988682 0.06551635
vt 0.03157155 0.08375505
vt 0.51674443 0.08228431
vt 0.52802491 0.08330718
vt 0.50707728 0.07405541
vt 0.05681663 0.06409425
vt 0.54348427 0.08573464
vt 0.45187896 0.06284932
vt 0.43025884 0.06166109
vt 0.55099601 0.10929848
vt 0.24520311 0.06121996
vt 0.42100441 0.06204403
vt 0.39708528 0.06096502
vt 0.37785679 0.06122167
vt 0.35416165 0.06065628
vt 0.32282221 0.06140820
vt 0.29801270 0.06059890
vt 0.27892151 0.06082831
vt 0.54960245 0.08871811
vt 0.04553883 0.06348372
vt 0.19905782 0.06111494
vt 0.23550978 0.06067293
vt 0.17992553 0.06076896
vt 0.49366248 0.06402595
vt 0.03469180 0.06609295
vt 0.52492583 0.07110749
vt 0.47824973 0.06242991
vt 0.06899764 0.06019347
vt 0.55385393 0.09459835
vt 0.53531730 0.07617779
vt 0.51057237 0.06336205
vt 0.03118706 0.06784465
vt 0.02990877 0.09601116
vt 0.51937914 0.12767288
vt 0.56443584 0.09328848
vt 0.53046709 0.12954162
vt 0.54248291 0.12415872
vt 0.53697360 0.12984666
vt 0.04030228 0.13032416
vt 0.05582002 0.13420855
vt 0.56773561 0.10932303
vt 0.49842021 0.13348185
vt 0.55378681 0.11332470
vt 0.55643725 0.12308275
vt 0.04690338 0.13986069
vt 0.42778581 0.13352445
vt 0.51462674 0.13247541
vt 0.05920029 0.14152107
vt 0.46801671 0.14038776
vt 0.45557398 0.13990726
vt 0.06988154 0.14050718
vt 0.08302759 0.14133231
vt 0.15665266 0.13516900
vt 0.35096467 0.13454495
vt 0.33340073 0.14060774
vt 0.33188215 0.13475375
vt 0.30503482 0.13449264
vt 0.27307603 0.14095069
vt 0.27637121 0.13454664
vt 0.22358581 0.13472424
vt 0.20008521 0.14396784
vt 0.19594248 0.13526624
vt 0.17718874 0.14315557
vt 0.12436595 0.14168702
vt 0.39135033 0.14023001
vt 0.38952795 0.13465059
vt 0.40612605 0.13397568
vt 0.42705527 0.14078204
vt 0.43848503 0.14294292
vt 0.58363467 0.09352046
vt 0.63263094 0.10916847
vt 0.61226892 0.10925018
vt 0.62013727 0.09732156
vt 0.64517093 0.09589871
vt 0.64915663 0.10895159
vt 0.60192049 0.09417524
vt 0.59423512 0.10918427
vt 0.58122617 0.10934526
vt 0.65999287 0.09779624
vt 0.66535908 0.10924616
vt 0.67181629 0.09625477
vt 0.69556731 0.11036728
vt 0.71041244 0.09811982
vt 0.71138912 0.10965543
vt 0.69071734 0.09805583
vt 0.72534841 0.09871319
vt 0.74125129 0.09796435
vt 0.72916293 0.10918903
vt 0.74474537 0.10933492
vt 0.76757145 0.10203975
vt 0.77051729 0.11002921
vt 0.78125942 0.10123213
vt 0.78398186 0.10983424
vt 0.79253286 0.09915033
vt 0.79983121 0.10978851
vt 0.81115532 0.10183682
vt 0.82191753 0.10969870
vt 0.83099526 0.10175250
vt 0.84391356 0.10536817
vt 0.84689307 0.11043477
vt 0.85234660 0.10154813
vt 0.87401438 0.10969082
vt 0.87431538 0.10300840
vt 0.82379168 0.09959655
vt 0.89034897 0.10304917
vt 0.89227879 0.10963772
vt 0.89416140 0.11317316
vt 0.87479538 0.11393372
vt 0.84555835 0.11317225
vt 0.82763058 0.11360874
vt 0.81138051 0.11379853
vt 0.79950434 0.11215379
vt 0.78192335 0.11334527
vt 0.77002543 0.11322392
vt 0.80538464 0.09735873
vt 0.90906936 0.10223598
vt 0.90907252 0.10916062
vt 0.90965682 0.11349709
vt 0.74382752 0.11332159
vt 0.72908300 0.11371468
vt 0.71261954 0.11323130
vt 0.78134418 0.09650189
vt 0.76360792 0.09744182
vt 0.89185697 0.09778999
vt 0.87276465 0.09755034
vt 0.82761008 0.09778599
vt 0.85405743 0.09739953
vt 0.79663742 0.12099628
vt 0.78449023 0.12144703
vt 0.69660723 0.11315764
vt 0.66196507 0.11308268
vt 0.84406513 0.11962645
vt 0.76577520 0.12112451
vt 0.82476586 0.12221976
vt 0.81048226 0.12135344
vt 0.64383137 0.11293090
vt 0.74255699 0.12078330
vt 0.72435540 0.12124139
vt 0.89023018 0.11721206
vt 0.90389085 0.11953598
vt 0.70864391 0.12137816
vt 0.68984669 0.12559476
vt 0.67334539 0.12543024
vt 0.86084276 0.12143077
vt 0.88757175 0.12128808
vt 0.61328650 0.11350297
vt 0.58107895 0.11326315
vt 0.65952057 0.12493028
vt 0.64353615 0.12505363
vt 0.62545329 0.12588876
vt 0.59735060 0.12472022
vt 0.57540691 0.12940189
vt 0.54768062 0.13042444
vt 0.65947175 0.09370962
vt 0.90952784 0.12083311
vt 0.76427305 0.12565027
vt 0.78635371 0.12569436
vt 0.74092072 0.12642969
vt 0.72234923 0.12502477
vt 0.69875932 0.12597948
vt 0.70732850 0.12601127
vt 0.84941947 0.12526667
vt 0.80770653 0.12554821
vt 0.56108922 0.13060525
vt 0.48281324 0.14218384
vt 0.90918875 0.09787294
vt 0.80280370 0.09365404
vt 0.62671578 0.09298331
vt 0.61179692 0.09276345
vt 0.87340319 0.12637752
vt 0.52410012 0.14074737
vt 0.61461246 0.12836337
vt 0.72345579 0.09409447
vt 0.70598209 0.09414235
vt 0.74717373 0.09374248
vt 0.68419737 0.09386918
vt 0.57482719 0.09055641
vt 0.59261668 0.08999341
vt 0.49974266 0.13991152
vt 0.77561694 0.09149146
vt 0.57055300 0.08385751
vt 0.58844525 0.13050252
vt 0.60470903 0.13023499
vt 0.82152367 0.12535037
vt 0.79866970 0.12876438
vt 0.88967383 0.12613414
vt 0.90353203 0.12628248
vt 0.45573038 0.14596662
vt 0.55957848 0.08123181
vt 0.64676410 0.08709875
vt 0.54140621 0.14189680
vt 0.66471440 0.08754361
vt 0.59228128 0.08333565
vt 0.62885374 0.12896217
vt 0.85116249 0.09469618
vt 0.54981452 0.07668675
vt 0.07161438 0.14648330
vt 0.30128101 0.14529872
vt 0.25804421 0.14564103
vt 0.36546394 0.14463480
vt 0.32997558 0.14532870
vt 0.39183432 0.14438632
vt 0.42752078 0.14480260
vt 0.60345900 0.08022517
vt 0.91037267 0.09493744
vt 0.63431126 0.08191151
vt 0.62736702 0.07971864
vt 0.68215239 0.08667136
vt 0.69865680 0.08650956
vt 0.71728730 0.08709986
vt 0.73151773 0.08691619
vt 0.75129169 0.08836509
vt 0.58024400 0.08123593
vt 0.82203007 0.09323677
vt 0.80088741 0.08858737
vt 0.78692555 0.08604302
vt 0.81653392 0.08643690
vt 0.75690436 0.08622991
vt 0.87206376 0.09324075
vt 0.89687765 0.09350593
vt 0.53291976 0.06691028
vt 0.54909265 0.06560270
vt 0.64512473 0.08012664
vt 0.65896738 0.07834433
vt 0.67369133 0.07970055
vt 0.49313104 0.14877994
vt 0.56422633 0.07280178
vt 0.56206959 0.06238370
vt 0.05336624 0.14541535
vt 0.13983953 0.14591131
vt 0.10438842 0.14609528
vt 0.50993216 0.14983025
vt 0.46812093 0.14896569
vt 0.48354647 0.15555482
vt 0.65445900 0.12839016
vt 0.64263612 0.12902707
vt 0.66757613 0.12920852
vt 0.06399777 0.14642411
vt 0.68395454 0.13145950
vt 0.69773138 0.13604034
vt 0.67639679 0.13803904
vt 0.55382246 0.14319274
vt 0.57376117 0.13233313
vt 0.56598061 0.14224254
vt 0.91045642 0.12647443
vt 0.91254324 0.11122337
vt 0.91367835 0.10326529
vt 0.91384977 0.11926454
vt 0.44772613 0.15661404
vt 0.03927334 0.14278930
vt 0.18295908 0.15230085
vt 0.30299270 0.15319952
vt 0.30239880 0.15823185
vt 0.27534246 0.15381519
vt 0.26904726 0.15827194
vt 0.20511548 0.15243702
vt 0.21004048 0.15854044
vt 0.18605556 0.15817863
vt 0.15547183 0.15845674
vt 0.11077400 0.15804110
vt 0.07114935 0.15734503
vt 0.35246196 0.15803657
vt 0.37844709 0.15248691
vt 0.42481217 0.15741394
vt 0.40287486 0.15770829
vt 0.37420154 0.15846935
vt 0.46619567 0.15849204
vt 0.45527348 0.15887986
vt 0.53092349 0.14836273
vt 0.72365558 0.12835945
vt 0.50243407 0.15620223
vt 0.42943981 0.15734844
vt 0.52119803 0.05622248
vt 0.91265827 0.09606323
vt 0.77556467 0.08324145
vt 0.69169009 0.07879483
vt 0.70113319 0.07941315
vt 0.58102143 0.06689180
vt 0.57309705 0.06319603
vt 0.50720817 0.05245623
vt 0.65486252 0.13601615
vt 0.63247597 0.13973945
vt 0.60385472 0.14359924
vt 0.59751928 0.13383660
vt 0.59264529 0.14345978
vt 0.58065969 0.14252391
vt 0.61864233 0.14273480
vt 0.04379753 0.14542228
vt 0.06261273 0.15917444
vt 0.51856107 0.15783979
vt 0.05026344 0.15681230
vt 0.49843374 0.15954690
vt 0.83428657 0.08868466
vt 0.86734772 0.08876742
vt 0.46489203 0.05249345
vt 0.53763729 0.05639780
vt 0.55187535 0.05599918
vt 0.03249346 0.14361644
vt 0.70820683 0.13676573
vt 0.71863276 0.13362718
vt 0.73313588 0.13392480
vt 0.75300914 0.12881538
vt 0.76987976 0.12978029
vt 0.84100682 0.12905765
vt 0.81577331 0.12940082
vt 0.44108516 0.16004102
vt 0.54229826 0.15122841
vt 0.52806956 0.16036019
vt 0.02886431 0.12918139
vt 0.04296383 0.15864711
vt 0.48182660 0.16058812
vt 0.63587928 0.07609547
vt 0.78415984 0.13654906
vt 0.60230225 0.07130997
vt 0.61946172 0.07839654
vt 0.49001056 0.05162552
vt 0.47620529 0.04919548
vt 0.77322590 0.13490188
vt 0.75056100 0.13640033
vt 0.11341995 0.16149744
vt 0.06991865 0.16132414
vt 0.56936663 0.15206422
vt 0.58808839 0.15227988
vt 0.64877409 0.14417864
vt 0.65777391 0.14394230
vt 0.67256820 0.14244571
vt 0.68935901 0.14282295
vt 0.79994637 0.13616149
vt 0.81392181 0.13663568
vt 0.39978263 0.16135937
vt 0.37035453 0.16216077
vt 0.31613842 0.16167328
vt 0.42790517 0.16074349
vt 0.20780294 0.16195826
vt 0.18562996 0.16240755
vt 0.15980865 0.16227248
vt 0.26447049 0.16215478
vt 0.54976231 0.15787482
vt 0.03575239 0.15931764
vt 0.05333203 0.16149943
vt 0.72351700 0.14083071
vt 0.73594785 0.14090203
vt 0.63840657 0.14481711
vt 0.62582880 0.14516339
vt 0.82802808 0.13608010
vt 0.56154722 0.16067123
vt 0.57667112 0.15868044
vt 0.84961116 0.13347255
vt 0.61783177 0.15259029
vt 0.02648400 0.11252340
vt 0.02352442 0.09909307
vt 0.87662208 0.13349372
vt 0.53749746 0.16417822
vt 0.45221499 0.17187835
vt 0.07032041 0.17258705
vt 0.06303605 0.17349631
vt 0.12020835 0.16909684
vt 0.14538486 0.17194827
vt 0.10259943 0.17370622
vt 0.05231954 0.17340547
vt 0.46660608 0.16902725
vt 0.47997016 0.17383006
vt 0.47306874 0.17611024
vt 0.20890386 0.17459457
vt 0.18200421 0.17458497
vt 0.14875171 0.17565222
vt 0.35027948 0.17524117
vt 0.31097224 0.17414807
vt 0.38420701 0.17087913
vt 0.26709241 0.17444859
vt 0.43002820 0.17303570
vt 0.03122905 0.15723807
vt 0.89735031 0.13617566
vt 0.90897888 0.13595410
vt 0.49455729 0.17487554
vt 0.50844204 0.17236015
vt 0.58628953 0.16001704
vt 0.60253161 0.15728767
vt 0.91381770 0.12455554
vt 0.70045638 0.14346135
vt 0.39245412 0.17484525
vt 0.42502344 0.17418897
vt 0.04233584 0.17230010
vt 0.03484232 0.16836211
vt 0.77556014 0.13915588
vt 0.75546384 0.14008223
vt 0.73789632 0.14476401
vt 0.55327898 0.16537553
vt 0.02563795 0.14376304
vt 0.52475649 0.17165449
vt 0.53626686 0.17161961
vt 0.02313544 0.12852271
vt 0.02819199 0.08039237
vt 0.63834774 0.15481436
vt 0.70970470 0.14462218
vt 0.66337597 0.14595726
vt 0.67773443 0.14748655
vt 0.79231238 0.14315960
vt 0.57163668 0.16255155
vt 0.33468926 0.04744646
vt 0.30516616 0.04749959
vt 0.26081234 0.04771810
vt 0.23202763 0.04759791
vt 0.20273054 0.04766339
vt 0.18613099 0.04789267
vt 0.15512674 0.04802800
vt 0.12772726 0.04838511
vt 0.08856764 0.04950446
vt 0.06876126 0.05122208
vt 0.05285776 0.05164054
vt 0.38104853 0.04767371
vt 0.39604831 0.04787752
vt 0.42733803 0.04874794
vt 0.35733989 0.04733006
vt 0.43902826 0.04980544
vt 0.45242518 0.05049108
vt 0.71252120 0.07859247
vt 0.02318949 0.09461272
vt 0.64832199 0.07461497
vt 0.62539768 0.06446130
vt 0.60178429 0.06252225
vt 0.61179906 0.06224781
vt 0.58369231 0.06093401
vt 0.80019015 0.08268213
vt 0.89335591 0.08674704
vt 0.90916729 0.08681897
vt 0.02122830 0.11233360
vt 0.91350412 0.12799038
vt 0.73570883 0.07867870
vt 0.75532627 0.07888622
vt 0.02687650 0.06963377
vt 0.04226687 0.05196694
vt 0.67466462 0.07611620
vt 0.86564684 0.08546808
vt 0.64568824 0.06774970
vt 0.65835971 0.07051118
vt 0.84077901 0.08297573
vt 0.45345742 0.04664635
vt 0.44642606 0.17869097
vt 0.06316490 0.04504165
vt 0.07081004 0.04539767
vt 0.11406916 0.04385653
vt 0.43891636 0.04522066
vt 0.42826301 0.04494384
vt 0.52361363 0.05343531
vt 0.65413088 0.15501717
vt 0.61397552 0.15978433
vt 0.62313086 0.16099216
vt 0.59989500 0.16174382
vt 0.87470645 0.13744307
vt 0.92127675 0.10971811
vt 0.91793573 0.10012469
vt 0.92100936 0.09975211
vt 0.92271239 0.10961633
vt 0.92407197 0.09828098
vt 0.92859322 0.10008737
vt 0.92694980 0.11166795
vt 0.92295027 0.11351404
vt 0.93348181 0.10970667
vt 0.93329310 0.11327155
vt 0.93777436 0.11276933
vt 0.93831277 0.11074351
vt 0.94504863 0.11290914
vt 0.95829272 0.11280229
vt 0.95688516 0.11037897
vt 0.97274995 0.11023936
vt 0.97124106 0.11258700
vt 0.98003215 0.11341236
vt 0.98111534 0.11042493
vt 0.97954732 0.10558636
vt 0.98202562 0.11318994
vt 0.94315636 0.10104347
vt 0.96749878 0.10764910
vt 0.96110284 0.10014597
vt 0.97104317 0.10014901
vt 0.97059196 0.11929573
vt 0.97931933 0.12090830
vt 0.92085248 0.11331141
vt 0.95863116 0.12073275
vt 0.92684597 0.12335442
vt 0.93400341 0.12377992
vt 0.94367564 0.12092234
vt 0.93074596 0.12378051
vt 0.93717539 0.09637526
vt 0.94671303 0.09557103
vt 0.93463618 0.09589635
vt 0.92386216 0.12304068
vt 0.92093939 0.12373226
vt 0.97935009 0.09739453
vt 0.97092748 0.12519579
vt 0.95796520 0.12494671
vt 0.94471878 0.12549974
vt 0.98282951 0.11895271
vt 0.97957826 0.12630163
vt 0.98287940 0.10425860
vt 0.98198026 0.09730974
vt 0.97522008 0.09591208
vt 0.96644408 0.09548701
vt 0.92289406 0.09356080
vt 0.92416167 0.12750854
vt 0.98322147 0.12700425
vt 0.97382039 0.12803805
vt 0.93296731 0.12785196
vt 0.94034290 0.12812963
vt 0.96213704 0.12818657
vt 0.98544121 0.10943095
vt 0.98543948 0.11425245
vt 0.98517823 0.12498448
vt 0.92248547 0.12888095
vt 0.92772609 0.08901275
vt 0.98536694 0.10112931
vt 0.94244689 0.09030768
vt 0.97829312 0.09085920
vt 0.96536642 0.09140439
vt 0.93577290 0.08861651
vt 0.98323309 0.08833449
vt 0.91927683 0.09609523
vt 0.92304802 0.08538152
vt 0.92464626 0.13413844
vt 0.98504525 0.09277183
vt 0.45696348 0.17846106
vt 0.05175503 0.04618546
vt 0.04164955 0.04688565
vt 0.48871219 0.04688286
vt 0.56869406 0.05686811
vt 0.94158787 0.08661389
vt 0.01932465 0.08080412
vt 0.41951478 0.04518776
vt 0.18650486 0.04339616
vt 0.16230407 0.04281478
vt 0.03342042 0.04944163
vt 0.78500259 0.07784561
vt 0.77522987 0.07771664
vt 0.03063856 0.06220205
vt 0.97845674 0.08690727
vt 0.27437004 0.04383935
vt 0.23412460 0.04282104
vt 0.39300081 0.04356751
vt 0.36042604 0.04277029
vt 0.33523020 0.04361465
vt 0.68156433 0.06973084
vt 0.70469099 0.07084496
vt 0.71892887 0.07050800
vt 0.96481484 0.08658941
vt 0.50559729 0.04227418
vt 0.58903062 0.05557775
vt 0.01940050 0.14280187
vt 0.13625634 0.03912714
vt 0.92058516 0.08887256
vt 0.59690404 0.05316798
vt 0.61554027 0.06028898
vt 0.93535930 0.08520462
vt 0.93778461 0.08026341
vt 0.91342068 0.08699757
vt 0.62835544 0.06168672
vt 0.24534051 0.18140155
vt 0.41112217 0.18004654
vt 0.38272199 0.18006599
vt 0.35146934 0.18073614
vt 0.31485763 0.18119304
vt 0.28135031 0.18171927
vt 0.48167339 0.17758965
vt 0.01776872 0.09607550
vt 0.01814987 0.11221202
vt 0.07154382 0.17863676
vt 0.85025901 0.13929394
vt 0.42717436 0.17984888
vt 0.73626816 0.07473978
vt 0.02273969 0.06527959
vt 0.92932558 0.08192384
vt 0.92469585 0.07991926
vt 0.71884739 0.07517461
vt 0.04473779 0.04012319
vt 0.65070021 0.06022908
vt 0.66574544 0.06053598
vt 0.68316525 0.06520250
vt 0.64049035 0.06137827
vt 0.53927404 0.04492914
vt 0.53556418 0.03301328
vt 0.52327919 0.03530362
vt 0.06957320 0.03703799
vt 0.09573928 0.03958429
vt 0.12239405 0.03638214
vt 0.49000630 0.03902186
vt 0.55551308 0.04283266
vt 0.57336444 0.04714460
vt 0.27674773 0.03945788
vt 0.82283109 0.07917193
vt 0.81048965 0.07756232
vt 0.47630757 0.03844524
vt 0.45730394 0.03643547
vt 0.01772374 0.12790218
vt 0.92081380 0.13384235
vt 0.75521654 0.07413142
vt 0.73967236 0.06794978
vt 0.72888267 0.06884319
vt 0.16316347 0.03542128
vt 0.25122783 0.03460900
vt 0.23248312 0.03858103
vt 0.18826950 0.03528624
vt 0.06063074 0.03037316
vt 0.05272623 0.03088468
vt 0.04412256 0.03095290
vt 0.43989784 0.03708340
vt 0.98135489 0.08033760
vt 0.42752218 0.03701789
vt 0.40083098 0.03603530
vt 0.33394903 0.03269307
vt 0.28569698 0.03371897
vt 0.35913771 0.03401893
vt 0.97255379 0.08013704
vt 0.79764420 0.07464009
vt 0.50340551 0.02865973
vt 0.49301067 0.03015267
vt 0.51392645 0.02972803
vt 0.52426952 0.02851777
vt 0.02383397 0.15920810
vt 0.01892127 0.15597828
vt 0.03796815 0.17640844
vt 0.72070682 0.14618750
vt 0.20858634 0.18038175
vt 0.11516796 0.18028119
vt 0.14635362 0.18077825
vt 0.17822465 0.18055272
vt 0.02889194 0.16176087
vt 0.04530482 0.18019924
vt 0.05425266 0.18125282
vt 0.06240688 0.18249066
vt 0.63146955 0.16108194
vt 0.64083421 0.16123170
vt 0.77157658 0.14428803
vt 0.68954456 0.15292376
vt 0.51015812 0.17682686
vt 0.93219995 0.13607423
vt 0.93483877 0.13537319
vt 0.03258574 0.17570059
vt 0.91360104 0.13588738
vt 0.67244709 0.15758371
vt 0.65343046 0.16107291
vt 0.77456200 0.14644316
vt 0.55100095 0.17607793
vt 0.81617641 0.14427087
vt 0.83028746 0.14252391
vt 0.80524027 0.14555497
vt 0.51921880 0.18312921
vt 0.96844959 0.13532908
vt 0.94955671 0.13589977
vt 0.02690753 0.17267200
vt 0.07358439 0.18741749
vt 0.97940236 0.13481720
vt 0.98236609 0.13486122
vt 0.61593246 0.16389555
vt 0.59900308 0.16921508
vt 0.59087449 0.16494754
vt 0.58106995 0.17366745
vt 0.49456188 0.18495317
vt 0.50257325 0.18950142
vt 0.75484699 0.14765657
vt 0.56236917 0.17802265
vt 0.39258680 0.18237965
vt 0.38239965 0.19586055
vt 0.35675919 0.19575693
vt 0.35835811 0.18477377
vt 0.33915722 0.19609974
vt 0.29079786 0.19227195
vt 0.26580739 0.19692451
vt 0.23079661 0.19106233
vt 0.31407541 0.19064453
vt 0.29028362 0.19718671
vt 0.31981325 0.19750714
vt 0.20138530 0.18935879
vt 0.17553547 0.19562733
vt 0.14518027 0.18852353
vt 0.12080207 0.18933338
vt 0.47834247 0.18956991
vt 0.46548161 0.19234000
vt 0.53222156 0.18494998
vt 0.05438975 0.19456828
vt 0.06219766 0.19487941
vt 0.07199164 0.19510324
vt 0.09846721 0.19561963
vt 0.13577366 0.19579595
vt 0.44749323 0.19381300
vt 0.43007198 0.18643607
vt 0.42836902 0.19470586
vt 0.40529263 0.19575237
vt 0.04470156 0.19439562
vt 0.23550819 0.19702664
vt 0.20613289 0.19627593
vt 0.71515071 0.15385811
vt 0.69593078 0.15931921
vt 0.72734004 0.15379901
vt 0.67520088 0.16259439
vt 0.49122670 0.19352691
vt 0.51859689 0.19017811
vt 0.03805196 0.18477723
vt 0.54956585 0.18399090
vt 0.92124349 0.14117408
vt 0.92460251 0.14146329
vt 0.03750858 0.19398768
vt 0.01419930 0.12782574
vt 0.73509461 0.15532091
vt 0.02682939 0.05149158
vt 0.01406177 0.09682909
vt 0.47375980 0.02594042
vt 0.62734872 0.17224480
vt 0.64835799 0.17238402
vt 0.66209531 0.16782029
vt 0.46834889 0.19685036
vt 0.01947521 0.16717456
vt 0.01501772 0.16069326
vt 0.50418192 0.19476078
vt 0.56420493 0.04053759
vt 0.09631467 0.02857171
vt 0.06963168 0.02960568
vt 0.15955654 0.02749140
vt 0.13652274 0.02786514
vt 0.11460248 0.02798170
vt 0.18718311 0.02686080
vt 0.27823436 0.02672563
vt 0.25613394 0.02689843
vt 0.23028405 0.02674531
vt 0.96133697 0.08234870
vt 0.94342047 0.07946093
vt 0.42624038 0.02807970
vt 0.39929381 0.02698704
vt 0.37192896 0.02640318
vt 0.70246452 0.06533276
vt 0.45394802 0.02448441
vt 0.44226781 0.02411408
vt 0.03888891 0.03159705
vt 0.03287620 0.04175247
vt 0.01664084 0.06983396
vt 0.98517233 0.08326751
vt 0.54921353 0.03238701
vt 0.29908133 0.02590778
vt 0.35497409 0.02300449
vt 0.33014408 0.02512385
vt 0.89156783 0.07882673
vt 0.86514652 0.07773890
vt 0.85501981 0.08315418
vt 0.90496385 0.07888807
vt 0.90948766 0.07796388
vt 0.63774925 0.05429862
vt 0.61999577 0.05199683
vt 0.01247673 0.11240134
vt 0.58066136 0.04373669
vt 0.60056156 0.04711070
vt 0.02786359 0.04441603
vt 0.96215636 0.07921976
vt 0.02108521 0.04786326
vt 0.84567153 0.07623176
vt 0.83111107 0.07433430
vt 0.01260457 0.08072483
vt 0.01231063 0.14304557
vt 0.01127229 0.15894015
vt 0.60281181 0.17660075
vt 0.58511418 0.18203263
vt 0.26285595 0.20415717
vt 0.23214215 0.20302343
vt 0.97933894 0.14017452
vt 0.37172440 0.20255065
vt 0.35131070 0.20249654
vt 0.31927469 0.20278345
vt 0.28361478 0.20264606
vt 0.53455293 0.19265850
vt 0.55307686 0.18909448
vt 0.52256435 0.19434220
vt 0.57383239 0.19214676
vt 0.03075384 0.19341223
vt 0.98536682 0.13092592
vt 0.79259145 0.14857075
vt 0.02659635 0.17972378
vt 0.44906631 0.19924638
vt 0.89183515 0.14310007
vt 0.85837358 0.14519128
vt 0.90849924 0.14252625
vt 0.83045769 0.14659113
vt 0.98375124 0.13930669
vt 0.93501717 0.14118907
vt 0.93126112 0.14381102
vt 0.95167732 0.14225508
vt 0.48855248 0.02478386
vt 0.39404029 0.20479251
vt 0.40663055 0.20328774
vt 0.42981192 0.20467715
vt 0.37199128 0.02261622
vt 0.39888456 0.02267841
vt 0.42397645 0.02198373
vt 0.43034568 0.02126820
vt 0.48915380 0.19984682
vt 0.21493630 0.20237894
vt 0.02087638 0.17693989
vt 0.93572307 0.07913990
vt 0.81220603 0.07080480
vt 0.33680966 0.02122605
vt 0.30714074 0.02028822
vt 0.77120543 0.07264310
vt 0.78509665 0.07057222
vt 0.22860307 0.02089325
vt 0.26847270 0.02210468
vt 0.71881574 0.06401476
vt 0.01630080 0.06152338
vt 0.02921547 0.03098888
vt 0.67625684 0.05846231
vt 0.70416248 0.06107280
vt 0.75927615 0.06808691
vt 0.57254845 0.03007620
vt 0.56412685 0.02727715
vt 0.64814490 0.04771295
vt 0.63643199 0.04181201
vt 0.66284513 0.05228856
vt 0.62601918 0.04171267
vt 0.61234760 0.03746561
vt 0.59765226 0.03333296
vt 0.58517027 0.03050129
vt 0.05648418 0.02188769
vt 0.15712956 0.02223611
vt 0.19140503 0.01932452
vt 0.04427735 0.02252631
vt 0.06842697 0.02158777
vt 0.77669543 0.06731527
vt 0.12076553 0.02129355
vt 0.13699643 0.01948311
vt 0.09559164 0.02234205
vt 0.08466972 0.01683485
vt 0.06752874 0.01067169
vt 0.05687653 0.01041399
vt 0.47874582 0.02238135
vt 0.92103660 0.07998797
vt 0.91221887 0.07865269
vt 0.89324391 0.07206300
vt 0.92965740 0.07484010
vt 0.86152256 0.07123557
vt 0.03797841 0.02416001
vt 0.79052675 0.06678918
vt 0.01278761 0.06588356
vt 0.16416806 0.01753632
vt 0.54810858 0.02728516
vt 0.02079363 0.04113233
vt 0.02570385 0.02985041
vt 0.98686570 0.10422141
vt 0.01394986 0.04621245
vt 0.35081577 0.01771484
vt 0.36989617 0.01538303
vt 0.68527961 0.05110718
vt 0.66249281 0.04632631
vt 0.65010560 0.04210263
vt 0.26511970 0.01768689
vt 0.04775289 0.01063905
vt 0.44970089 0.01821133
vt 0.46718392 0.01689661
vt 0.39148426 0.01139659
vt 0.41181317 0.01155388
vt 0.49455160 0.01920624
vt 0.50984079 0.01858252
vt 0.00922983 0.13324650
vt 0.96976787 0.14226080
vt 0.77304393 0.15462892
vt 0.75774968 0.15453811
vt 0.71678996 0.16217282
vt 0.74300796 0.06152168
vt 0.71446085 0.05251118
vt 0.76048261 0.06255410
vt 0.52479833 0.00947663
vt 0.50712794 0.00823375
vt 0.22635256 0.00914805
vt 0.19019912 0.00834545
vt 0.17701885 0.00871157
vt 0.31066212 0.00750066
vt 0.34311673 0.00852363
vt 0.26758644 0.00838222
vt 0.53869945 0.01559481
vt 0.55046070 0.01774269
vt 0.04212884 0.00907292
vt 0.48824349 0.00824076
vt 0.00821263 0.09578598
vt 0.42744011 0.00641578
vt 0.44238302 0.00369180
vt 0.15312843 0.00926925
vt 0.13552868 0.00652678
vt 0.12311313 0.00773345
vt 0.08981741 0.01069641
vt 0.92442858 0.07344872
vt 0.37361410 0.00114363
vt 0.39326352 0.00161542
vt 0.34877354 0.00079772
vt 0.30829138 0.00056605
vt 0.29055256 0.00047939
vt 0.24421345 0.00133223
vt 0.21880175 0.00213928
vt 0.18844078 0.00173877
vt 0.17292297 0.00317902
vt 0.03673490 0.00893341
vt 0.03003430 0.01786992
vt 0.47169808 0.00348069
vt 0.45847046 0.00300349
vt 0.83647013 0.06853051
vt 0.82228774 0.06637575
vt 0.80891955 0.06558281
vt 0.01807549 0.02920091
vt 0.92108703 0.07484566
vt 0.98016673 0.07472160
vt 0.01300948 0.03787888
vt 0.00680295 0.12651384
vt 0.57282799 0.02556638
vt 0.01167794 0.06017225
vt 0.98562610 0.07400817
vt 0.02466770 0.02180746
vt 0.97110885 0.07420657
vt 0.90927041 0.07117631
vt 0.98315406 0.07294152
vt 0.62943208 0.03432754
vt 0.61428833 0.03216945
vt 0.05526159 0.00380114
vt 0.91275251 0.07276448
vt 0.94232833 0.07301211
vt 0.96158451 0.07283663
vt 0.06813873 0.00105427
vt 0.09100276 0.00252167
vt 0.98740673 0.08419502
vt 0.93624032 0.07228514
vt 0.77724254 0.06295274
vt 0.02929478 0.00928457
vt 0.54172885 0.01098577
vt 0.00560347 0.11256303
vt 0.00579061 0.08000548
vt 0.02213986 0.18664271
vt 0.58245695 0.19259328
vt 0.59256315 0.18991610
vt 0.60656852 0.18739168
vt 0.61674958 0.18541913
vt 0.62885028 0.18319453
vt 0.65170556 0.17720991
vt 0.20065969 0.20754571
vt 0.17452581 0.20892939
vt 0.07192031 0.20739850
vt 0.10131177 0.20866226
vt 0.12998907 0.20719919
vt 0.15927722 0.20820943
vt 0.05988567 0.20674723
vt 0.04851608 0.20659207
vt 0.46905804 0.20386077
vt 0.01560141 0.17306437
vt 0.56546897 0.19616535
vt 0.34580916 0.20719332
vt 0.31760478 0.20801140
vt 0.55003166 0.19587676
vt 0.02563878 0.19552603
vt 0.04141556 0.20593749
vt 0.44773501 0.20671281
vt 0.48057124 0.20908843
vt 0.81371552 0.15107802
vt 0.78659374 0.15628313
vt 0.49616316 0.20895785
vt 0.37543523 0.20699173
vt 0.51103503 0.20567970
vt 0.91272247 0.14290464
vt 0.27718583 0.20824535
vt 0.66701615 0.17645802
vt 0.68685222 0.16430236
vt 0.01256568 0.02999923
vt 0.51733261 0.20850858
vt 0.00589073 0.14536297
vt 0.22766154 0.20758203
vt 0.21384874 0.20810272
vt 0.25013611 0.20772089
vt 0.46512404 0.21306829
vt 0.93527466 0.14638108
vt 0.03300579 0.20442906
vt 0.02479193 0.20110945
vt 0.53412312 0.20802327
vt 0.54045016 0.20733219
vt 0.55398715 0.20165136
vt 0.70618957 0.16911638
vt 0.75292826 0.16092198
vt 0.73297101 0.16348723
vt 0.83213645 0.15129809
vt 0.92836630 0.14748351
vt 0.97878152 0.14678086
vt 0.98437566 0.14523776
vt 0.44382533 0.21410263
vt 0.43334121 0.21531288
vt 0.01000354 0.04608545
vt 0.69168448 0.17232972
vt 0.40779260 0.21637090
vt 0.42656940 0.21496649
vt 0.66025901 0.03757618
vt 0.64371103 0.03343941
vt 0.01487304 0.18391834
vt 0.05350427 0.21458691
vt 0.84781808 0.15135826
vt 0.87260813 0.15056404
vt 0.30369267 0.21636669
vt 0.28130549 0.21714334
vt 0.26368654 0.21623373
vt 0.32560697 0.21686043
vt 0.35088488 0.21665606
vt 0.37716115 0.21677643
vt 0.89298892 0.14993520
vt 0.90534580 0.14942621
vt 0.90969843 0.14901812
vt 0.91271561 0.14914045
vt 0.48364025 0.21431585
vt 0.01771207 0.19679348
vt 0.19383696 0.21674696
vt 0.22516404 0.21652921
vt 0.07113667 0.21557994
vt 0.06216837 0.21510619
vt 0.09770984 0.21565776
vt 0.15303917 0.21536721
vt 0.17778379 0.21654560
vt 0.49905458 0.21478106
vt 0.04397744 0.21469319
vt 0.96278834 0.14756224
vt 0.94972152 0.14779471
vt 0.97088939 0.14784764
vt 0.01117563 0.17808755
vt 0.00662839 0.17426345
vt 0.98692459 0.14205009
vt 0.00064307 0.09785123
vt 0.92486316 0.15172561
vt 0.00089515 0.09133150
vt 0.71872407 0.16869169
vt 0.57582515 0.19952632
vt 0.51664972 0.21547824
vt 0.00491732 0.06390480
vt 0.03595649 0.21536821
vt 0.00096430 0.13406663
vt 0.26606521 0.22296786
vt 0.33583498 0.22753376
vt 0.34802353 0.22770853
vt 0.37460044 0.22733963
vt 0.37654230 0.22081773
vt 0.30364099 0.22699633
vt 0.28100038 0.22769876
vt 0.23350374 0.22332793
vt 0.46933252 0.22122256
vt 0.40562895 0.22552232
vt 0.42632023 0.22561203
vt 0.70358610 0.17355232
vt 0.68605924 0.17884323
vt 0.01460223 0.19630793
vt 0.77315116 0.16013248
vt 0.45028591 0.22411193
vt 0.92125309 0.14815198
vt 0.92149562 0.15240249
vt 0.60691494 0.19840683
vt 0.65283847 0.18321788
vt 0.00059999 0.12677220
vt 0.20926335 0.22157487
vt 0.63660216 0.18128099
vt 0.63181996 0.19460109
vt 0.80536252 0.15693028
vt 0.83118701 0.15559897
vt 0.56163967 0.21136464
vt 0.43351483 0.22658499
vt 0.00521765 0.15901145
vt 0.02792861 0.21562748
vt 0.04721384 0.22770853
vt 0.02340548 0.01226179
vt 0.00046642 0.11265340
vt 0.02096887 0.21114470
vt 0.01649125 0.20878106
vt 0.00448454 0.16844819
vt 0.01313546 0.01948374
vt 0.00867670 0.19254573
vt 0.00367162 0.04738070
vt 0.00390395 0.18846259
vt 0.00814040 0.03463150
vt 0.00952614 0.02478422
vt 0.01118112 0.20824432
vt 0.01869243 0.00569031
vt 0.01877668 0.22135499
vt 0.00253402 0.03684294
vt 0.00989013 0.01094074
vt 0.01425518 0.21973594
vt 0.00828272 0.20299152
vt 0.01155007 0.21882987
vt 0.00531020 0.21416390
vt 0.50542647 0.33743793
vt 0.51935393 0.33535731
vt 0.52289736 0.35269076
vt 0.54122537 0.33760279
vt 0.54409719 0.35462373
vt 0.51087612 0.35620707
vt 0.49799985 0.35598856
vt 0.48967442 0.34575158
vt 0.49527428 0.33589292
vt 0.53110558 0.35730594
vt 0.48324421 0.33709612
vt 0.48054078 0.35556513
vt 0.47093460 0.35258144
vt 0.48869786 0.35795242
vt 0.47027355 0.35688299
vt 0.46993381 0.33528009
vt 0.45874825 0.33747876
vt 0.45543575 0.35254344
vt 0.45762512 0.35500214
vt 0.50307405 0.33322173
vt 0.51007867 0.36309043
vt 0.56068772 0.33709443
vt 0.55607289 0.35424501
vt 0.56468523 0.35293618
vt 0.48708394 0.33310124
vt 0.54081142 0.33438411
vt 0.44267988 0.33787337
vt 0.45008525 0.33573332
vt 0.55126768 0.33383879
vt 0.44145674 0.35541287
vt 0.45593846 0.33303154
vt 0.54742926 0.36354202
vt 0.53522432 0.36544982
vt 0.48765138 0.36770219
vt 0.50376886 0.36940140
vt 0.47158301 0.36629000
vt 0.42876458 0.35267323
vt 0.57176018 0.35171387
vt 0.59211719 0.33590093
vt 0.59925741 0.33600327
vt 0.59382796 0.34940022
vt 0.57645953 0.33737782
vt 0.59545696 0.35288364
vt 0.57632035 0.33341897
vt 0.56460434 0.33389279
vt 0.61582708 0.33686852
vt 0.62312645 0.34890166
vt 0.64530998 0.33806613
vt 0.66073036 0.35177159
vt 0.65589243 0.33616892
vt 0.62720168 0.35238603
vt 0.62539411 0.33404347
vt 0.66120511 0.33640555
vt 0.70880008 0.34850535
vt 0.70570910 0.33829200
vt 0.72211587 0.34885961
vt 0.72493589 0.33741474
vt 0.75208676 0.34920773
vt 0.77680022 0.33740035
vt 0.79826367 0.34924173
vt 0.80209124 0.33779910
vt 0.82864028 0.34976280
vt 0.83227915 0.33696792
vt 0.87106901 0.33762556
vt 0.88239634 0.34943393
vt 0.92009920 0.33764052
vt 0.91920191 0.34917334
vt 0.70921344 0.35225865
vt 0.72533798 0.35320154
vt 0.76177663 0.35323679
vt 0.79824317 0.35324964
vt 0.82130873 0.35335040
vt 0.86745423 0.35319343
vt 0.91974086 0.35335416
vt 0.93025297 0.34934837
vt 0.93477583 0.35331222
vt 0.91878653 0.35711592
vt 0.93241864 0.36455256
vt 0.88479531 0.35887489
vt 0.57200789 0.35715875
vt 0.58853406 0.35773560
vt 0.58450842 0.36439323
vt 0.56650066 0.36480489
vt 0.94027090 0.34952345
vt 0.94589913 0.35153258
vt 0.92945307 0.33598581
vt 0.94045371 0.33759329
vt 0.64582354 0.35707650
vt 0.60720295 0.35705701
vt 0.70827132 0.35642186
vt 0.60445428 0.36303371
vt 0.94857639 0.33766311
vt 0.69558668 0.33421928
vt 0.72868824 0.33334100
vt 0.77999026 0.33378020
vt 0.82941753 0.33453164
vt 0.77195215 0.36572391
vt 0.70965391 0.36518207
vt 0.64926094 0.36496425
vt 0.80876148 0.36540535
vt 0.94057649 0.33388516
vt 0.92002332 0.33425629
vt 0.87866515 0.33430704
vt 0.94617856 0.33394834
vt 0.94493026 0.36459255
vt 0.91891259 0.36530671
vt 0.83022523 0.36457860
vt 0.85993326 0.36039394
vt 0.86128795 0.36562967
vt 0.95012355 0.35157904
vt 0.56516135 0.36896050
vt 0.58064425 0.36920235
vt 0.64334422 0.37014535
vt 0.69156885 0.36991239
vt 0.75215340 0.36988795
vt 0.79712915 0.37022918
vt 0.81863570 0.37032440
vt 0.69879955 0.32867616
vt 0.87253326 0.32903823
vt 0.91849202 0.32320759
vt 0.92881209 0.32048795
vt 0.79417795 0.32906783
vt 0.80615664 0.32294202
vt 0.84372067 0.32300952
vt 0.87218708 0.31939447
vt 0.68279350 0.31855512
vt 0.64386332 0.32129034
vt 0.60067654 0.32210341
vt 0.57352006 0.32237831
vt 0.56659698 0.31770593
vt 0.95130795 0.36460325
vt 0.87686765 0.37070686
vt 0.85216796 0.37234089
vt 0.93290609 0.36940625
vt 0.94421154 0.36861756
vt 0.91855109 0.37018654
vt 0.90047199 0.36989596
vt 0.54948884 0.37114024
vt 0.51685017 0.37121072
vt 0.95250720 0.33558503
vt 0.95550811 0.35161975
vt 0.54464632 0.31506321
vt 0.74220687 0.32159504
vt 0.70674998 0.32167894
vt 0.53111726 0.31930178
vt 0.52224702 0.31975242
vt 0.60629892 0.37382630
vt 0.56408232 0.38284409
vt 0.57570964 0.38169709
vt 0.60606641 0.38167787
vt 0.63335890 0.38177150
vt 0.64977944 0.37714753
vt 0.66382033 0.38213956
vt 0.68110591 0.37757149
vt 0.72881985 0.38225198
vt 0.72429401 0.37621963
vt 0.75870490 0.38226148
vt 0.78950006 0.37732813
vt 0.80086076 0.38245383
vt 0.82327551 0.37601459
vt 0.82276088 0.38262925
vt 0.85985065 0.38177112
vt 0.89542097 0.38252336
vt 0.91904080 0.38166860
vt 0.54613769 0.38015550
vt 0.53354079 0.37465692
vt 0.92935228 0.38050199
vt 0.95258236 0.36936775
vt 0.50824273 0.38024855
vt 0.94540584 0.38250059
vt 0.95109099 0.38264135
vt 0.53362590 0.38315809
vt 0.48621842 0.37482563
vt 0.46999338 0.37360305
vt 0.93535024 0.38513622
vt 0.45501003 0.36777890
vt 0.44030684 0.36605382
vt 0.50476450 0.38393742
vt 0.51956534 0.38570830
vt 0.54724097 0.38399065
vt 0.96031916 0.36701381
vt 0.88828534 0.38655853
vt 0.91888952 0.38619819
vt 0.84944195 0.38759065
vt 0.82283247 0.38701990
vt 0.80490875 0.38702521
vt 0.78274500 0.38668060
vt 0.73889756 0.38735789
vt 0.68646902 0.38590038
vt 0.65395325 0.38629556
vt 0.61073643 0.38586730
vt 0.57756430 0.38489163
vt 0.48027045 0.38350570
vt 0.46959519 0.37928629
vt 0.95692444 0.38326252
vt 0.48780948 0.38652304
vt 0.95999599 0.33537039
vt 0.94089025 0.31762230
vt 0.94645298 0.31762055
vt 0.83134115 0.31813335
vt 0.77846819 0.31756642
vt 0.74689364 0.31708345
vt 0.69954962 0.31714615
vt 0.57224041 0.31747860
vt 0.59893101 0.31794050
vt 0.62921077 0.31771484
vt 0.65880078 0.31748408
vt 0.91949195 0.31765714
vt 0.51249194 0.31568190
vt 0.49712855 0.31820181
vt 0.95148867 0.31860602
vt 0.53137326 0.31377509
vt 0.96153557 0.35118261
vt 0.45848662 0.38333291
vt 0.43116519 0.33754131
vt 0.43067729 0.35585138
vt 0.41809478 0.35476121
vt 0.55373293 0.31296003
vt 0.96153837 0.38301370
vt 0.44012865 0.37347564
vt 0.46848360 0.38777590
vt 0.92847413 0.39774266
vt 0.66788411 0.39977202
vt 0.71043831 0.39985183
vt 0.72800666 0.39942357
vt 0.57389879 0.39842919
vt 0.60524076 0.39923319
vt 0.63760775 0.39952022
vt 0.94054478 0.39727959
vt 0.91916519 0.39729854
vt 0.81860685 0.39922780
vt 0.79812163 0.39933687
vt 0.76812518 0.40100580
vt 0.74982327 0.39929578
vt 0.86833626 0.39881948
vt 0.89848077 0.39814392
vt 0.53913873 0.39342526
vt 0.55809623 0.39745316
vt 0.94967967 0.39670637
vt 0.40298268 0.36668959
vt 0.39184141 0.35457304
vt 0.40295529 0.35438979
vt 0.42660215 0.36664510
vt 0.44046503 0.38259047
vt 0.51431525 0.39773202
vt 0.49863854 0.39972106
vt 0.48665413 0.39718640
vt 0.38327619 0.34923604
vt 0.37906921 0.35419580
vt 0.36184806 0.35243353
vt 0.34494832 0.35294250
vt 0.35902336 0.34842241
vt 0.34508279 0.34921136
vt 0.33328536 0.35005629
vt 0.33588183 0.34453511
vt 0.31853580 0.34819061
vt 0.31390366 0.33541557
vt 0.33384970 0.33628234
vt 0.37297499 0.33684701
vt 0.41316462 0.33701238
vt 0.30090666 0.34776041
vt 0.29641509 0.33629185
vt 0.28314111 0.34683222
vt 0.26928294 0.34356529
vt 0.26823834 0.34829259
vt 0.25284344 0.34943348
vt 0.24890916 0.34359792
vt 0.22977583 0.34841913
vt 0.22544338 0.34497315
vt 0.20840026 0.34848914
vt 0.22139163 0.33675238
vt 0.21038501 0.33682704
vt 0.20780870 0.34487179
vt 0.19059594 0.34383592
vt 0.18825874 0.33610275
vt 0.17097081 0.34000903
vt 0.15684149 0.33648822
vt 0.15885139 0.34415343
vt 0.17556548 0.34591028
vt 0.13252439 0.34442848
vt 0.12839732 0.34033185
vt 0.14463191 0.33598921
vt 0.10999033 0.33623022
vt 0.10316364 0.34235653
vt 0.08705390 0.34276652
vt 0.08386924 0.33632362
vt 0.21847883 0.33208171
vt 0.11444607 0.33253434
vt 0.15079676 0.33213401
vt 0.17460388 0.33145046
vt 0.18983163 0.33259815
vt 0.08398566 0.33254832
vt 0.24404742 0.33578581
vt 0.24419822 0.33236501
vt 0.26217949 0.33564547
vt 0.27693617 0.33569476
vt 0.26146746 0.33217704
vt 0.27804589 0.33252895
vt 0.29864845 0.33200514
vt 0.31347919 0.33219686
vt 0.33433959 0.33251062
vt 0.37119979 0.33288449
vt 0.41538432 0.33331314
vt 0.08243438 0.34286037
vt 0.47116002 0.32612175
vt 0.19079150 0.32477063
vt 0.21126629 0.32415980
vt 0.48066410 0.31680584
vt 0.46930480 0.31595242
vt 0.18761931 0.35026565
vt 0.22577715 0.32460836
vt 0.14378780 0.32820290
vt 0.11320570 0.32846844
vt 0.08655409 0.32639125
vt 0.15749533 0.32538614
vt 0.45774591 0.31563649
vt 0.43855506 0.33389688
vt 0.49856836 0.31378722
vt 0.24936329 0.32529667
vt 0.26645595 0.32391146
vt 0.28114337 0.32087830
vt 0.30154246 0.32015491
vt 0.44135335 0.32740813
vt 0.44526970 0.31574702
vt 0.92795247 0.31407994
vt 0.17225702 0.32292420
vt 0.53880066 0.30895165
vt 0.14129418 0.32402349
vt 0.52397174 0.30667323
vt 0.51536292 0.30572084
vt 0.08765818 0.34873354
vt 0.09996655 0.34802100
vt 0.12196916 0.34884980
vt 0.15114777 0.34852150
vt 0.17274682 0.35105398
vt 0.08079839 0.34959683
vt 0.31955823 0.31911212
vt 0.33114833 0.32502174
vt 0.33367029 0.31842029
vt 0.34942788 0.32838923
vt 0.37826174 0.32852486
vt 0.08220914 0.32607177
vt 0.20124878 0.32107538
vt 0.21534219 0.31965283
vt 0.42896694 0.32784492
vt 0.40191293 0.32795343
vt 0.41600338 0.31708172
vt 0.34949505 0.32002017
vt 0.40251088 0.31488457
vt 0.39050797 0.31548131
vt 0.37763119 0.32027632
vt 0.11836719 0.32272843
vt 0.23085245 0.31961492
vt 0.43146166 0.31562740
vt 0.09879244 0.32147729
vt 0.48650929 0.30529678
vt 0.29906431 0.35278374
vt 0.27096894 0.35251138
vt 0.32100534 0.35172096
vt 0.25196731 0.31873879
vt 0.26832455 0.31993675
vt 0.90613329 0.31440237
vt 0.86921823 0.31493947
vt 0.55200505 0.30423805
vt 0.50140804 0.30476061
vt 0.93398619 0.30660120
vt 0.91852707 0.30381316
vt 0.56615990 0.30713877
vt 0.63307965 0.30549091
vt 0.66004491 0.30550665
vt 0.70462757 0.30606800
vt 0.60120708 0.30652344
vt 0.77633685 0.30628589
vt 0.80559528 0.31382471
vt 0.82564610 0.30667621
vt 0.85846448 0.30646282
vt 0.89590931 0.30650091
vt 0.87400448 0.30228516
vt 0.71880585 0.31381914
vt 0.74129361 0.30297631
vt 0.77747804 0.30179179
vt 0.83516073 0.30191970
vt 0.18676187 0.31955659
vt 0.46748802 0.30484980
vt 0.07905430 0.33635658
vt 0.07910703 0.33244851
vt 0.56412840 0.30120638
vt 0.36267439 0.31580675
vt 0.37727204 0.31538445
vt 0.34750214 0.31694520
vt 0.43757331 0.31324980
vt 0.21214712 0.35314384
vt 0.23798175 0.35249698
vt 0.94581777 0.30325714
vt 0.53347534 0.30107725
vt 0.63561535 0.30118442
vt 0.69249326 0.30134505
vt 0.72126317 0.30016178
vt 0.57239956 0.30051222
vt 0.59492451 0.30062991
vt 0.15337409 0.35321245
vt 0.33448458 0.35821661
vt 0.35107759 0.36033928
vt 0.37420318 0.36787686
vt 0.38858360 0.36774266
vt 0.32105732 0.35991594
vt 0.30610928 0.35953683
vt 0.28792727 0.35901353
vt 0.16217361 0.31999230
vt 0.41608483 0.31331009
vt 0.25621372 0.35991210
vt 0.45416403 0.30343223
vt 0.44244546 0.30293018
vt 0.27267247 0.35949734
vt 0.41808188 0.37003258
vt 0.12215785 0.35243830
vt 0.09028234 0.35263368
vt 0.35550562 0.36629134
vt 0.33419758 0.36614129
vt 0.22822990 0.35973600
vt 0.21686725 0.35787073
vt 0.20470098 0.35965937
vt 0.31895706 0.36574566
vt 0.95652932 0.31872553
vt 0.08723808 0.32018140
vt 0.93640101 0.30218974
vt 0.17720054 0.31746501
vt 0.13850094 0.31845877
vt 0.92686242 0.29775786
vt 0.95213807 0.30391476
vt 0.49527952 0.29760200
vt 0.52015740 0.29731458
vt 0.50874054 0.29314822
vt 0.55176854 0.29764298
vt 0.07856836 0.34271374
vt 0.42785460 0.38341022
vt 0.41314420 0.38057414
vt 0.38872617 0.37678847
vt 0.36657318 0.37081122
vt 0.17600168 0.35994011
vt 0.14878741 0.35699323
vt 0.18876617 0.35758513
vt 0.08265851 0.35490170
vt 0.30064067 0.36568895
vt 0.28583288 0.36299428
vt 0.45298144 0.38731501
vt 0.42388505 0.30582771
vt 0.11888118 0.35717914
vt 0.30569145 0.31630346
vt 0.27923959 0.31656420
vt 0.08243705 0.31961021
vt 0.48427781 0.29642838
vt 0.46883002 0.29639813
vt 0.53729171 0.29097626
vt 0.52441561 0.28790730
vt 0.21492429 0.36276397
vt 0.43675199 0.38773224
vt 0.19138850 0.36285990
vt 0.27441096 0.36694244
vt 0.32730067 0.37075263
vt 0.34259862 0.36968946
vt 0.35002577 0.37132815
vt 0.09079669 0.35719085
vt 0.07621982 0.34710383
vt 0.40530410 0.38318339
vt 0.41779885 0.38522902
vt 0.91860545 0.29464489
vt 0.86689442 0.29733974
vt 0.90893179 0.29930711
vt 0.74296284 0.29637566
vt 0.77688569 0.29629901
vt 0.84010404 0.29723069
vt 0.62525964 0.29617792
vt 0.65771997 0.29571915
vt 0.68378961 0.29660022
vt 0.69997454 0.29636830
vt 0.32176808 0.31114197
vt 0.34082261 0.31123987
vt 0.40547368 0.30534151
vt 0.12015832 0.31797573
vt 0.25684163 0.31427398
vt 0.23425259 0.31685755
vt 0.21586318 0.31612420
vt 0.49639466 0.28806159
vt 0.42844078 0.30208725
vt 0.56431794 0.28954440
vt 0.55462617 0.28662741
vt 0.96212220 0.31976032
vt 0.89766443 0.28975934
vt 0.80447179 0.28944436
vt 0.86516941 0.28946763
vt 0.76942396 0.28921390
vt 0.74022025 0.28719380
vt 0.30205178 0.31086990
vt 0.59506220 0.28873557
vt 0.63754076 0.28879613
vt 0.36290875 0.30351442
vt 0.38612929 0.30258486
vt 0.27271894 0.31179127
vt 0.18904953 0.31594205
vt 0.93135613 0.28696752
vt 0.94114619 0.28685817
vt 0.68631256 0.28957233
vt 0.71950173 0.28903979
vt 0.48004231 0.28598273
vt 0.51124722 0.28552669
vt 0.45455882 0.29186276
vt 0.26336250 0.30950364
vt 0.41978759 0.29924732
vt 0.40042987 0.29960963
vt 0.07802418 0.32661369
vt 0.25627810 0.36628246
vt 0.23603249 0.36545926
vt 0.22051238 0.36660689
vt 0.31432587 0.37112898
vt 0.96093410 0.30345204
vt 0.54104292 0.28491098
vt 0.92041165 0.28517419
vt 0.89916998 0.28491494
vt 0.16030520 0.31557608
vt 0.46215191 0.28642669
vt 0.37842485 0.29904595
vt 0.31916407 0.30226627
vt 0.27614948 0.30786061
vt 0.29979894 0.30480653
vt 0.33834562 0.30323789
vt 0.43784335 0.29570472
vt 0.95102978 0.28711390
vt 0.94540465 0.28554773
vt 0.56597579 0.28496984
vt 0.57205105 0.28563991
vt 0.79634237 0.28614849
vt 0.84553087 0.28440821
vt 0.87663078 0.28446591
vt 0.75909787 0.28400853
vt 0.77441663 0.28327459
vt 0.95633471 0.30152968
vt 0.95874912 0.28856030
vt 0.25253090 0.30841836
vt 0.23622881 0.31036866
vt 0.21532673 0.31005931
vt 0.20664679 0.30859885
vt 0.60930747 0.28454688
vt 0.71565592 0.28366977
vt 0.69045240 0.28282839
vt 0.65789801 0.28371724
vt 0.07808091 0.32066119
vt 0.09843676 0.31629676
vt 0.96472579 0.31400838
vt 0.45058110 0.28432554
vt 0.43318918 0.28408036
vt 0.41656014 0.28814605
vt 0.46990490 0.27926973
vt 0.45903030 0.27872026
vt 0.96639389 0.35152498
vt 0.96592396 0.33495924
vt 0.96863842 0.31825358
vt 0.52125067 0.28167894
vt 0.36563742 0.29952586
vt 0.08313510 0.31438854
vt 0.96654159 0.36750269
vt 0.39066342 0.38301820
vt 0.37104446 0.38339481
vt 0.36800104 0.37916771
vt 0.48499468 0.27477038
vt 0.53894895 0.40160087
vt 0.46934715 0.39760402
vt 0.50438333 0.27398449
vt 0.56192064 0.40246990
vt 0.40423056 0.28737912
vt 0.38919875 0.28722590
vt 0.35630229 0.29772803
vt 0.34071067 0.29796433
vt 0.31669840 0.29908258
vt 0.29731563 0.30148780
vt 0.19323361 0.31072846
vt 0.18218173 0.30816445
vt 0.16346921 0.31077048
vt 0.63204861 0.28080609
vt 0.82262397 0.28171521
vt 0.52215874 0.27110425
vt 0.53889823 0.27347893
vt 0.51165491 0.40238422
vt 0.59840810 0.27951282
vt 0.73820329 0.27934286
vt 0.11956351 0.36090231
vt 0.15100545 0.36171237
vt 0.96550024 0.38016343
vt 0.29841244 0.36932284
vt 0.61129773 0.40427837
vt 0.56213677 0.27237967
vt 0.95549464 0.39919105
vt 0.08132958 0.36014336
vt 0.09500780 0.36018741
vt 0.28780779 0.37292227
vt 0.43608201 0.39367664
vt 0.70843959 0.40484145
vt 0.72548699 0.40551540
vt 0.74871278 0.40495890
vt 0.64309615 0.40359345
vt 0.67356539 0.40586865
vt 0.58056331 0.40384296
vt 0.80626279 0.40436643
vt 0.77764606 0.40467373
vt 0.82511777 0.40423593
vt 0.89316678 0.40313780
vt 0.92018962 0.40363374
vt 0.48198980 0.40186921
vt 0.92999458 0.40532821
vt 0.94056892 0.40443629
vt 0.94971246 0.40221715
vt 0.45179594 0.39947474
vt 0.20875879 0.36809659
vt 0.53065121 0.40595138
vt 0.35867178 0.38440701
vt 0.33129516 0.37980011
vt 0.07892106 0.35518581
vt 0.40389410 0.38784924
vt 0.38084641 0.38685465
vt 0.54544014 0.40874875
vt 0.97270900 0.33529666
vt 0.96980983 0.35119221
vt 0.97298658 0.32048902
vt 0.96102291 0.39065897
vt 0.96100318 0.39982513
vt 0.31145257 0.37825066
vt 0.46816939 0.40327531
vt 0.96869272 0.30239993
vt 0.97292739 0.36709327
vt 0.25471562 0.37055343
vt 0.27191117 0.37119168
vt 0.28044525 0.37687039
vt 0.79326534 0.27842727
vt 0.14246753 0.31141984
vt 0.93503308 0.27345499
vt 0.91923457 0.27415946
vt 0.11894401 0.30905777
vt 0.09733205 0.30953616
vt 0.89704454 0.27290866
vt 0.75000328 0.27188745
vt 0.78276855 0.27156764
vt 0.83395362 0.27238038
vt 0.87424046 0.27247110
vt 0.57080460 0.27174604
vt 0.60612804 0.27186656
vt 0.64942890 0.27198488
vt 0.71648395 0.27239504
vt 0.69288898 0.27198756
vt 0.49715981 0.27095106
vt 0.96574593 0.29279679
vt 0.44668648 0.27872014
vt 0.94659805 0.27277198
vt 0.27374515 0.30166686
vt 0.25416404 0.30178115
vt 0.23448257 0.30243999
vt 0.28502363 0.30104131
vt 0.21464264 0.30647701
vt 0.22155266 0.30135900
vt 0.36737058 0.28585589
vt 0.37893656 0.28627595
vt 0.55531567 0.26844737
vt 0.19553818 0.30502322
vt 0.95185274 0.27107003
vt 0.40753552 0.28439596
vt 0.07034153 0.33629006
vt 0.07034297 0.33300254
vt 0.06658504 0.33276528
vt 0.06667917 0.33612305
vt 0.06786053 0.34174627
vt 0.05719162 0.33502570
vt 0.06895874 0.32786191
vt 0.06706102 0.32223195
vt 0.05718404 0.34300676
vt 0.05492789 0.33752292
vt 0.04869707 0.34407040
vt 0.04741088 0.33482325
vt 0.05582331 0.33184266
vt 0.03685589 0.33645046
vt 0.03665603 0.33382270
vt 0.02143905 0.33672377
vt 0.02197844 0.33410564
vt 0.01292962 0.33694321
vt 0.01291101 0.33412832
vt 0.00802117 0.33599404
vt 0.01249804 0.34354976
vt 0.02281728 0.34673434
vt 0.03152248 0.34700623
vt 0.01026517 0.34238568
vt 0.01096674 0.34826431
vt 0.04935861 0.34831184
vt 0.06748712 0.34675959
vt 0.04994848 0.32724845
vt 0.05706438 0.32755595
vt 0.01296256 0.32443634
vt 0.02220714 0.32592925
vt 0.03573943 0.32537588
vt 0.05701795 0.34852219
vt 0.00944453 0.32837656
vt 0.07050379 0.34624282
vt 0.02483292 0.32219735
vt 0.04873558 0.32088107
vt 0.05989309 0.32195655
vt 0.05628806 0.31838265
vt 0.06101563 0.35095838
vt 0.06790803 0.35292539
vt 0.05654760 0.35260361
vt 0.02696069 0.35193235
vt 0.06994195 0.35284331
vt 0.04928294 0.35392398
vt 0.01288074 0.35298428
vt 0.07067859 0.32038611
vt 0.00963909 0.32105866
vt 0.00653009 0.34285134
vt 0.00732990 0.35065722
vt 0.05887549 0.31704757
vt 0.01338858 0.31862289
vt 0.00991786 0.35315287
vt 0.06741093 0.31758156
vt 0.06129182 0.35648593
vt 0.06955154 0.31661639
vt 0.05018710 0.31702772
vt 0.02621512 0.31816545
vt 0.02565392 0.35543868
vt 0.00667135 0.33551270
vt 0.00647582 0.32790038
vt 0.00750659 0.32017240
vt 0.06757690 0.36101058
vt 0.07389702 0.34536201
vt 0.07280636 0.35099944
vt 0.07013110 0.36032009
vt 0.35367250 0.28749433
vt 0.33645433 0.29287466
vt 0.97287285 0.30397668
vt 0.93888962 0.26854509
vt 0.06365726 0.31216294
vt 0.90142995 0.26836947
vt 0.92075598 0.26833653
vt 0.78155529 0.26721045
vt 0.82881606 0.26833171
vt 0.74756908 0.26782045
vt 0.70376122 0.26649007
vt 0.87393028 0.26809162
vt 0.65676397 0.26816627
vt 0.92921668 0.26692978
vt 0.53793389 0.26751810
vt 0.46700281 0.27258417
vt 0.96474904 0.28607094
vt 0.14226812 0.30744082
vt 0.95913583 0.28161219
vt 0.95756984 0.27178088
vt 0.07953445 0.31696820
vt 0.56490302 0.26696178
vt 0.57241797 0.26788196
vt 0.42828184 0.27856931
vt 0.04546140 0.31497070
vt 0.08718127 0.30933982
vt 0.08112484 0.30894479
vt 0.16269191 0.30483654
vt 0.51870143 0.26765046
vt 0.38300300 0.28219229
vt 0.00846915 0.31195965
vt 0.59310323 0.26760054
vt 0.61380988 0.26652974
vt 0.02560045 0.31196129
vt 0.01342305 0.31153172
vt 0.06747902 0.30843282
vt 0.06891412 0.30833134
vt 0.07847500 0.31257004
vt 0.07259194 0.31163716
vt 0.47912610 0.26909658
vt 0.02542504 0.36192450
vt 0.96636200 0.38595754
vt 0.44623610 0.26930928
vt 0.43060529 0.26898393
vt 0.40729937 0.27582270
vt 0.41784352 0.26818031
vt 0.04856717 0.36173436
vt 0.97460610 0.35152885
vt 0.97067237 0.38308477
vt 0.91920578 0.41200289
vt 0.15890528 0.36517361
vt 0.17540090 0.36769253
vt 0.13920082 0.36386687
vt 0.19065425 0.36878207
vt 0.01077558 0.36121342
vt 0.76772386 0.41428408
vt 0.74933082 0.42040080
vt 0.51507527 0.41506657
vt 0.53278548 0.41662031
vt 0.41451633 0.39661539
vt 0.38171315 0.39197031
vt 0.88099861 0.41288394
vt 0.84361732 0.41450322
vt 0.82156563 0.42021394
vt 0.79265136 0.42021278
vt 0.76958811 0.42066523
vt 0.49890399 0.41693622
vt 0.51187545 0.41877145
vt 0.48408622 0.41219947
vt 0.43631688 0.40616655
vt 0.42357451 0.40699121
vt 0.39684290 0.39966574
vt 0.95007479 0.41819966
vt 0.94379884 0.41965315
vt 0.57930684 0.41189688
vt 0.55021662 0.41804388
vt 0.61448681 0.41308558
vt 0.23385759 0.37166750
vt 0.46664906 0.41342723
vt 0.45323569 0.41423211
vt 0.93107402 0.42059126
vt 0.05634331 0.36049914
vt 0.64333665 0.41878912
vt 0.65852141 0.42070332
vt 0.68316627 0.41983917
vt 0.71134973 0.41526923
vt 0.03175880 0.36374256
vt 0.29340905 0.38368490
vt 0.87432492 0.42026779
vt 0.84009540 0.42052591
vt 0.92011350 0.41962981
vt 0.89840966 0.41961256
vt 0.73168892 0.42075145
vt 0.69326252 0.42032149
vt 0.71410298 0.42128330
vt 0.32883081 0.38618454
vt 0.31034893 0.38398775
vt 0.96744460 0.39670622
vt 0.33905992 0.38361686
vt 0.48308063 0.41848937
vt 0.00803162 0.35838497
vt 0.95784223 0.40850466
vt 0.95376855 0.41796839
vt 0.58172089 0.41986001
vt 0.61796671 0.42031902
vt 0.34666044 0.38895732
vt 0.26931724 0.37775111
vt 0.21986131 0.37208867
vt 0.97653800 0.31596273
vt 0.43456918 0.41131011
vt 0.97045386 0.28832757
vt 0.97430867 0.29495284
vt 0.21285674 0.29952982
vt 0.94669175 0.26510927
vt 0.25241950 0.29790872
vt 0.26860243 0.29806888
vt 0.27753592 0.29209495
vt 0.32525346 0.29094905
vt 0.30785909 0.28938976
vt 0.33810174 0.28388849
vt 0.29874215 0.28849471
vt 0.34917700 0.28435040
vt 0.05631200 0.31096289
vt 0.06500759 0.36562675
vt 0.52921051 0.42089960
vt 0.35574478 0.39479026
vt 0.97419000 0.37997872
vt 0.19412528 0.37342864
vt 0.25081092 0.37733138
vt 0.95898789 0.41894385
vt 0.02121555 0.36763948
vt 0.12375073 0.36812621
vt 0.14209940 0.36958122
vt 0.10029868 0.36733180
vt 0.08710211 0.36582226
vt 0.08291476 0.36810350
vt 0.49534521 0.42042506
vt 0.96565044 0.27408722
vt 0.92078626 0.25997606
vt 0.83754843 0.26055688
vt 0.87039971 0.26045141
vt 0.89878863 0.26040635
vt 0.80252391 0.25960678
vt 0.05047519 0.30988693
vt 0.04015140 0.30938205
vt 0.50290793 0.26188534
vt 0.48801747 0.26237631
vt 0.65789020 0.26259273
vt 0.75993741 0.26012874
vt 0.70363814 0.25936925
vt 0.46951762 0.25745505
vt 0.45679250 0.25592762
vt 0.48246291 0.25299218
vt 0.32860094 0.28321406
vt 0.93961567 0.25332934
vt 0.94679976 0.25263804
vt 0.43636036 0.26346090
vt 0.97908533 0.32290888
vt 0.57465315 0.25977993
vt 0.59063035 0.25881481
vt 0.62691730 0.25864375
vt 0.49489236 0.25217199
vt 0.93108433 0.25232705
vt 0.92082024 0.25215235
vt 0.77933985 0.25089481
vt 0.79602289 0.25156200
vt 0.81511146 0.25134355
vt 0.87302142 0.25204298
vt 0.90062678 0.25265294
vt 0.75608313 0.25058964
vt 0.51081657 0.25198168
vt 0.23472589 0.29769349
vt 0.52568191 0.25170419
vt 0.53840148 0.25289670
vt 0.55310607 0.25191692
vt 0.19257107 0.29954943
vt 0.17605029 0.30101171
vt 0.31316137 0.28339139
vt 0.26913685 0.29137728
vt 0.72210371 0.25060719
vt 0.69485986 0.25068039
vt 0.66491258 0.25063175
vt 0.63992691 0.25096086
vt 0.61460942 0.25035915
vt 0.56667137 0.25144434
vt 0.58546966 0.25116926
vt 0.38930896 0.27340060
vt 0.36845902 0.27526611
vt 0.95195854 0.25364906
vt 0.95771629 0.26336688
vt 0.97989339 0.33618674
vt 0.97953624 0.35178280
vt 0.15360677 0.29942280
vt 0.12760241 0.30067992
vt 0.06345548 0.30315289
vt 0.96737260 0.40458372
vt 0.47103694 0.25174865
vt 0.96407419 0.41399917
vt 0.97052592 0.27100325
vt 0.10008548 0.30215257
vt 0.08308674 0.30220163
vt 0.46933180 0.41852111
vt 0.97213244 0.40053576
vt 0.16433549 0.37240598
vt 0.96694148 0.26486680
vt 0.07850282 0.30843529
vt 0.06699602 0.30271342
vt 0.05644238 0.36682624
vt 0.01275649 0.36769050
vt 0.22043240 0.29647049
vt 0.95780092 0.25292352
vt 0.44422451 0.25549901
vt 0.97979349 0.30237758
vt 0.02799386 0.30249426
vt 0.01375385 0.30428547
vt 0.25497639 0.28975379
vt 0.52022499 0.24759986
vt 0.53416687 0.24725901
vt 0.54690385 0.24713205
vt 0.54442894 0.42485762
vt 0.97966653 0.36862770
vt 0.97700715 0.28714344
vt 0.97738409 0.27765390
vt 0.34354833 0.27205920
vt 0.00509629 0.32331401
vt 0.21916600 0.37795219
vt 0.23189494 0.38089079
vt 0.39795247 0.40667379
vt 0.34146371 0.39788783
vt 0.36065638 0.40402940
vt 0.38084015 0.40846130
vt 0.32599488 0.39395443
vt 0.64503390 0.42602682
vt 0.27886787 0.38355336
vt 0.43667641 0.41561145
vt 0.00935066 0.30474269
vt 0.06771246 0.36848909
vt 0.07112852 0.36577380
vt 0.07946210 0.36407933
vt 0.97659075 0.38482746
vt 0.97673470 0.39735815
vt 0.03172124 0.36797202
vt 0.18154268 0.37585941
vt 0.19938548 0.37944654
vt 0.92007607 0.42482573
vt 0.56218719 0.42504269
vt 0.58286279 0.42478433
vt 0.62349766 0.42584643
vt 0.04916923 0.36808458
vt 0.77173293 0.42569754
vt 0.75093806 0.42709541
vt 0.72139472 0.42586845
vt 0.69192779 0.42534417
vt 0.83043605 0.42611444
vt 0.79566038 0.42598090
vt 0.00725563 0.36509562
vt 0.00970306 0.36706451
vt 0.42214224 0.41456160
vt 0.39599714 0.41349864
vt 0.31550130 0.39418691
vt 0.33030912 0.40094036
vt 0.96718407 0.41991603
vt 0.52476692 0.42769969
vt 0.94729537 0.43320447
vt 0.93489963 0.43364793
vt 0.91958845 0.43282342
vt 0.26774985 0.38329035
vt 0.97134888 0.40908974
vt 0.89679301 0.42964500
vt 0.84631574 0.43181649
vt 0.87826306 0.43130928
vt 0.82380241 0.43396187
vt 0.80071396 0.43504480
vt 0.78072363 0.43585187
vt 0.51361257 0.43098429
vt 0.95266938 0.43163115
vt 0.61887097 0.43253037
vt 0.58281296 0.43634039
vt 0.64643604 0.43742421
vt 0.68872035 0.43621907
vt 0.71060115 0.43847010
vt 0.72904783 0.43536547
vt 0.24950153 0.38294020
vt 0.34945306 0.40502110
vt 0.95923841 0.43384287
vt 0.96435571 0.43460530
vt 0.49750736 0.43146291
vt 0.94256324 0.43848425
vt 0.44872394 0.42128590
vt 0.46352074 0.42436707
vt 0.29901221 0.39496151
vt 0.62768012 0.43959731
vt 0.60080349 0.43901384
vt 0.06435064 0.37113118
vt 0.56602401 0.43766332
vt 0.54164183 0.43894944
vt 0.52737236 0.43900564
vt 0.08939695 0.37228635
vt 0.48125434 0.43660489
vt 0.46575630 0.43729216
vt 0.76555645 0.43812284
vt 0.74921554 0.43838024
vt 0.37806880 0.41122806
vt 0.88940763 0.43678501
vt 0.91995281 0.43802059
vt 0.98367023 0.35633728
vt 0.97407693 0.42001364
vt 0.95111704 0.43866524
vt 0.08031525 0.37232018
vt 0.98382396 0.31660354
vt 0.97859877 0.40333378
vt 0.97866058 0.41799286
vt 0.98242015 0.38476932
vt 0.39516354 0.26811644
vt 0.96288610 0.25771096
vt 0.04830245 0.30182686
vt 0.62854987 0.24523944
vt 0.20440111 0.29482117
vt 0.05601919 0.30182979
vt 0.05345159 0.30453619
vt 0.65928078 0.24608594
vt 0.41926676 0.25353286
vt 0.42538017 0.25026196
vt 0.40886167 0.25317916
vt 0.38425979 0.26084551
vt 0.38909996 0.25744802
vt 0.37355155 0.26097843
vt 0.36532408 0.26469290
vt 0.23471266 0.29067677
vt 0.33235496 0.27023840
vt 0.00571912 0.35892200
vt 0.50415301 0.24806285
vt 0.97679454 0.26995468
vt 0.60952646 0.24477176
vt 0.69678396 0.24549496
vt 0.72056603 0.24623176
vt 0.96703476 0.25236449
vt 0.07020544 0.30381122
vt 0.98172987 0.29129326
vt 0.18354496 0.29416046
vt 0.17043771 0.29730710
vt 0.94213194 0.24177350
vt 0.93282330 0.23961030
vt 0.92116988 0.24125728
vt 0.86390632 0.24007577
vt 0.82118320 0.23966908
vt 0.78742832 0.23949996
vt 0.64101058 0.24546196
vt 0.28998750 0.28745699
vt 0.27459392 0.28364739
vt 0.29751423 0.28027049
vt 0.56984639 0.24175447
vt 0.58620501 0.24585526
vt 0.56389081 0.24172057
vt 0.98645717 0.33459070
vt 0.98606312 0.34876120
vt 0.44405791 0.25220433
vt 0.75017720 0.24628921
vt 0.95151412 0.24080548
vt 0.95919502 0.24342699
vt 0.96758145 0.24556144
vt 0.35536471 0.26499373
vt 0.28450245 0.28191620
vt 0.31424129 0.27451348
vt 0.05513736 0.29886234
vt 0.48735240 0.24237758
vt 0.49779418 0.24151474
vt 0.76104933 0.23841341
vt 0.72029728 0.23915783
vt 0.97303861 0.26202387
vt 0.55108851 0.23774651
vt 0.45754406 0.24807885
vt 0.46847442 0.24303766
vt 0.51139295 0.23959465
vt 0.07889258 0.30157733
vt 0.00523253 0.31027600
vt 0.00419776 0.31561282
vt 0.00668029 0.30216357
vt 0.68399644 0.23873964
vt 0.65665698 0.23706900
vt 0.63743669 0.23771736
vt 0.92143989 0.23539875
vt 0.93353212 0.23379600
vt 0.53278160 0.23624805
vt 0.52019733 0.23103303
vt 0.98648173 0.36933449
vt 0.00991153 0.29837731
vt 0.34480286 0.26322055
vt 0.09932926 0.29712307
vt 0.08279879 0.29757661
vt 0.83474541 0.23420341
vt 0.85563689 0.23360758
vt 0.88935292 0.23129587
vt 0.21036263 0.28916031
vt 0.18681788 0.28852850
vt 0.22733420 0.28833768
vt 0.94532400 0.23225644
vt 0.25096798 0.28418049
vt 0.02062936 0.29788500
vt 0.30791733 0.27012989
vt 0.32757312 0.26785317
vt 0.62745750 0.23682570
vt 0.59451181 0.22859105
vt 0.79474580 0.23382218
vt 0.75559121 0.22893536
vt 0.72119439 0.23424616
vt 0.68361509 0.22878113
vt 0.59062207 0.23913342
vt 0.56600785 0.23067322
vt 0.58050931 0.22941887
vt 0.55848432 0.22820970
vt 0.12433118 0.29555824
vt 0.14792928 0.29377615
vt 0.16857249 0.29058802
vt 0.97598642 0.25073794
vt 0.06371555 0.29719231
vt 0.43922773 0.24027075
vt 0.46697551 0.23280363
vt 0.48304743 0.23075449
vt 0.45255342 0.23482940
vt 0.24867553 0.27927315
vt 0.26434886 0.27410695
vt 0.98655927 0.30253857
vt 0.98243803 0.28362396
vt 0.49818403 0.23089594
vt 0.27568796 0.27380192
vt 0.95208222 0.23192403
vt 0.63371718 0.22674976
vt 0.98267353 0.39972082
vt 0.98267716 0.26959634
vt 0.97750682 0.25993961
vt 0.98149484 0.25858140
vt 0.96012717 0.23286033
vt 0.04861727 0.29641101
vt 0.02980094 0.29736781
vt 0.36489025 0.25486946
vt 0.07021192 0.29931512
vt 0.98721439 0.28805399
vt 0.06751802 0.29364488
vt 0.07138739 0.37205109
vt 0.97179663 0.42778811
vt 0.98934525 0.31147248
vt 0.07880609 0.29476091
vt 0.98757684 0.38264421
vt 0.99207091 0.32087338
vt 0.98979312 0.35846770
vt 0.96911311 0.23100042
vt 0.97226614 0.24012253
vt 0.96821547 0.43959731
vt 0.98769128 0.28027955
vt 0.97989041 0.24851239
vt 0.98366821 0.40901095
vt 0.98796105 0.39213583
vt 0.97559267 0.43542340
vt 0.07066457 0.29236266
vt 0.97878969 0.24104948
vt 0.98033565 0.43102887
vt 0.98869187 0.40160289
vt 0.98871225 0.26836717
vt 0.98466003 0.24825169
vt 0.98788613 0.25870687
vt 0.98501599 0.42466363
vt 0.98112625 0.22940674
vt 0.98582858 0.23483798
vt 0.46877459 0.72384763
vt 0.46581534 0.73432237
vt 0.44762948 0.72604400
vt 0.43951321 0.73256600
vt 0.45632201 0.71704006
vt 0.43669081 0.72205347
vt 0.43709379 0.71518272
vt 0.47212458 0.71767902
vt 0.42523688 0.72162163
vt 0.42188740 0.71514487
vt 0.45412415 0.71203381
vt 0.48371786 0.72402120
vt 0.48047251 0.73504901
vt 0.49153331 0.73438352
vt 0.43977413 0.73555481
vt 0.47411406 0.71239573
vt 0.48860738 0.71418929
vt 0.50370586 0.71372575
vt 0.50585479 0.72210348
vt 0.51873052 0.73201895
vt 0.52009970 0.72308159
vt 0.52076399 0.71364945
vt 0.53346401 0.71441799
vt 0.53072262 0.73309904
vt 0.53956324 0.72430652
vt 0.54233724 0.73214191
vt 0.51323420 0.73557490
vt 0.50235659 0.70482284
vt 0.48604459 0.70242125
vt 0.51579124 0.70641595
vt 0.54978096 0.72153473
vt 0.54668695 0.71330237
vt 0.45697665 0.70340592
vt 0.47089115 0.70251173
vt 0.52877182 0.70670319
vt 0.55714834 0.71754587
vt 0.55909246 0.73224074
vt 0.54305393 0.73513091
vt 0.39019394 0.73257601
vt 0.39195320 0.72173589
vt 0.35997048 0.72493476
vt 0.36099014 0.73184007
vt 0.32212314 0.73203295
vt 0.32805189 0.72565532
vt 0.29092997 0.72524637
vt 0.28381544 0.73160422
vt 0.24726167 0.72121447
vt 0.25004879 0.73125631
vt 0.22570388 0.73143566
vt 0.21515968 0.71884245
vt 0.18211219 0.72800136
vt 0.14958270 0.71800876
vt 0.12550479 0.73000705
vt 0.09412196 0.71781176
vt 0.08677451 0.73003364
vt 0.17964537 0.73155600
vt 0.33351007 0.71634346
vt 0.29484543 0.71625817
vt 0.26731238 0.71575314
vt 0.21706343 0.71494746
vt 0.15768924 0.71336740
vt 0.12095478 0.71348906
vt 0.37618804 0.71628422
vt 0.08413231 0.71908373
vt 0.07515554 0.73091292
vt 0.06597583 0.71826982
vt 0.06583744 0.73104191
vt 0.07037070 0.71336174
vt 0.05831786 0.73110980
vt 0.05840337 0.71821284
vt 0.08435103 0.71343732
vt 0.05754535 0.71315724
vt 0.06230973 0.71042502
vt 0.36784986 0.71332598
vt 0.40244743 0.71361107
vt 0.08501590 0.73299551
vt 0.13305998 0.73370445
vt 0.27827695 0.73458862
vt 0.23171192 0.73492128
vt 0.38230604 0.73557824
vt 0.35906082 0.73489523
vt 0.31482515 0.73515987
vt 0.16024034 0.73540223
vt 0.19982524 0.73513949
vt 0.05231311 0.71388561
vt 0.29442963 0.71337020
vt 0.26293463 0.71303940
vt 0.22579733 0.71178812
vt 0.06523571 0.70253348
vt 0.08494967 0.70321107
vt 0.11735924 0.70260042
vt 0.23379157 0.70341265
vt 0.19338284 0.71135670
vt 0.15719503 0.70273244
vt 0.13203421 0.70989901
vt 0.42109248 0.70519090
vt 0.37066877 0.70500904
vt 0.33528885 0.70437407
vt 0.27244747 0.70389718
vt 0.43901515 0.70262855
vt 0.05284937 0.73179895
vt 0.05542329 0.70199752
vt 0.29421678 0.74177438
vt 0.26517659 0.74021035
vt 0.26677990 0.74837983
vt 0.24695855 0.74437141
vt 0.29135615 0.74892491
vt 0.16481988 0.74739063
vt 0.13849412 0.74457127
vt 0.10884199 0.74535698
vt 0.08544038 0.74349588
vt 0.18402052 0.74780893
vt 0.20013535 0.74826002
vt 0.22468843 0.74490082
vt 0.07813632 0.74509907
vt 0.06491014 0.74544966
vt 0.05776289 0.74269700
vt 0.34579664 0.74514383
vt 0.37144858 0.74656957
vt 0.31514391 0.74536473
vt 0.41783872 0.74676955
vt 0.43615830 0.74645424
vt 0.38858315 0.74576813
vt 0.04839397 0.73186111
vt 0.04653598 0.71857107
vt 0.44780397 0.74512839
vt 0.46929213 0.74928826
vt 0.47705239 0.75203317
vt 0.48839796 0.74564427
vt 0.50729656 0.74776560
vt 0.24912240 0.75178772
vt 0.31153527 0.75106412
vt 0.40583566 0.75306815
vt 0.43460345 0.75320733
vt 0.35675246 0.75096416
vt 0.38668695 0.75234449
vt 0.06272388 0.69844401
vt 0.05622724 0.74663246
vt 0.13848600 0.75032628
vt 0.10211083 0.75011051
vt 0.08298332 0.74959546
vt 0.52771491 0.74263161
vt 0.45378783 0.75467682
vt 0.49164718 0.75462943
vt 0.50458568 0.75469756
vt 0.04581881 0.71224254
vt 0.04298895 0.73150373
vt 0.08439004 0.69776571
vt 0.13666442 0.69905192
vt 0.20783235 0.69828892
vt 0.38837874 0.69927394
vt 0.36503294 0.69912553
vt 0.29011831 0.69896072
vt 0.23959197 0.69785410
vt 0.42897785 0.70080239
vt 0.45371616 0.70110726
vt 0.52115124 0.75286335
vt 0.06208193 0.75338578
vt 0.07430811 0.75406516
vt 0.04567564 0.74652916
vt 0.27188724 0.75603026
vt 0.35620478 0.75674677
vt 0.31216076 0.75738484
vt 0.29080752 0.75617576
vt 0.15901221 0.75496721
vt 0.19140364 0.75480759
vt 0.21948126 0.75489444
vt 0.54252058 0.74431777
vt 0.04321257 0.73787731
vt 0.05366091 0.75290042
vt 0.53831458 0.75123304
vt 0.55820322 0.73643845
vt 0.47434801 0.76093775
vt 0.48075753 0.76164562
vt 0.25382707 0.76172978
vt 0.51202607 0.75705767
vt 0.04632983 0.70079035
vt 0.38662490 0.76274967
vt 0.39947432 0.76176608
vt 0.11330266 0.75957835
vt 0.14139122 0.76170123
vt 0.09072574 0.75914377
vt 0.22162785 0.76424176
vt 0.15654303 0.76292831
vt 0.18651734 0.76155221
vt 0.07968785 0.76148325
vt 0.45296600 0.76096970
vt 0.43752515 0.76227444
vt 0.31725869 0.76417518
vt 0.30182010 0.76246542
vt 0.35631657 0.76458830
vt 0.26984805 0.76435184
vt 0.05598633 0.76079977
vt 0.49798447 0.76063943
vt 0.04505781 0.75309879
vt 0.06242366 0.76188141
vt 0.55530179 0.75042391
vt 0.28698963 0.76916701
vt 0.53681695 0.75639588
vt 0.57420558 0.73635161
vt 0.56911767 0.75040811
vt 0.05075204 0.75759190
vt 0.25544262 0.76922232
vt 0.38034403 0.76858807
vt 0.57007164 0.72128761
vt 0.57946920 0.73216325
vt 0.19828217 0.76591408
vt 0.04063892 0.71820587
vt 0.04148282 0.71311742
vt 0.04040410 0.74437749
vt 0.09235416 0.76695633
vt 0.08107520 0.76625675
vt 0.07207941 0.77043808
vt 0.24036145 0.77281404
vt 0.22296447 0.77286720
vt 0.12075996 0.77098179
vt 0.19804320 0.77246255
vt 0.18313122 0.77023977
vt 0.15543698 0.77114832
vt 0.14272839 0.77068162
vt 0.45686191 0.76943457
vt 0.40172285 0.76995605
vt 0.42866224 0.76499230
vt 0.43625346 0.77220964
vt 0.49414349 0.76862437
vt 0.27314568 0.77324408
vt 0.53118795 0.76460159
vt 0.51326829 0.76580763
vt 0.48094553 0.77080345
vt 0.35326543 0.77321815
vt 0.31963089 0.77205133
vt 0.30314329 0.77311969
vt 0.55619133 0.75545502
vt 0.37815127 0.77483416
vt 0.56560916 0.71451104
vt 0.58756644 0.73534703
vt 0.58724558 0.74645454
vt 0.59948218 0.74239361
vt 0.04292717 0.76061428
vt 0.05679898 0.77128506
vt 0.06443364 0.77210689
vt 0.42646477 0.77444100
vt 0.54216671 0.76185900
vt 0.04032775 0.75332290
vt 0.58357173 0.75190175
vt 0.51209933 0.77359229
vt 0.04524998 0.76512069
vt 0.25613445 0.77731705
vt 0.05086473 0.77027971
vt 0.32330346 0.77733904
vt 0.29143497 0.77747077
vt 0.09744718 0.77615017
vt 0.08029382 0.77762884
vt 0.45427290 0.77797061
vt 0.47135195 0.77796096
vt 0.49492657 0.77554584
vt 0.48011243 0.78106803
vt 0.59786022 0.73139381
vt 0.52988851 0.77344531
vt 0.21910354 0.78197777
vt 0.19657247 0.78137833
vt 0.18155590 0.78116357
vt 0.14502329 0.78077406
vt 0.12006874 0.78003043
vt 0.34448177 0.78265727
vt 0.36192331 0.78247428
vt 0.37651581 0.78261405
vt 0.38949078 0.78263527
vt 0.41817170 0.78241736
vt 0.43591285 0.78146958
vt 0.45222673 0.78300130
vt 0.55747819 0.76186913
vt 0.57762820 0.75543863
vt 0.57068551 0.76179612
vt 0.54208720 0.76865172
vt 0.27326456 0.78249240
vt 0.25815931 0.78283244
vt 0.30448025 0.78213978
vt 0.60480440 0.74719959
vt 0.61564338 0.73564416
vt 0.61986303 0.73168516
vt 0.62153351 0.73377764
vt 0.61880374 0.74687153
vt 0.63336551 0.74255383
vt 0.63816172 0.73552698
vt 0.65510982 0.74277294
vt 0.65867287 0.73503083
vt 0.67060077 0.74245352
vt 0.68177408 0.73487419
vt 0.68186408 0.74253976
vt 0.70503777 0.73444843
vt 0.71368563 0.74165279
vt 0.69696832 0.74227583
vt 0.73472291 0.73420507
vt 0.74993736 0.74178487
vt 0.73203754 0.74135852
vt 0.76851237 0.73417532
vt 0.76719260 0.74087781
vt 0.78830379 0.73859966
vt 0.78913975 0.73426759
vt 0.81697118 0.73509467
vt 0.79430372 0.73109633
vt 0.81787378 0.73059022
vt 0.78630990 0.73046291
vt 0.77008903 0.72989607
vt 0.83347082 0.73387378
vt 0.83130777 0.73814172
vt 0.85583943 0.73755771
vt 0.85714447 0.73370838
vt 0.88209271 0.74010092
vt 0.85619533 0.72969198
vt 0.83263063 0.73030359
vt 0.89284945 0.73023260
vt 0.89413625 0.73347056
vt 0.92130911 0.73521966
vt 0.92112422 0.73019105
vt 0.90115464 0.73770684
vt 0.81738603 0.74178201
vt 0.78758585 0.74258602
vt 0.92118090 0.74192286
vt 0.89913988 0.74186599
vt 0.89395392 0.72638202
vt 0.92150062 0.72628397
vt 0.83507472 0.74170136
vt 0.81567681 0.74585766
vt 0.86076516 0.74168622
vt 0.74863714 0.73026669
vt 0.73497587 0.73086208
vt 0.71004635 0.73063689
vt 0.79634160 0.72286248
vt 0.82698911 0.72279948
vt 0.78482765 0.72348940
vt 0.85366970 0.72162598
vt 0.87174928 0.72389811
vt 0.89723724 0.72192007
vt 0.92123789 0.72217911
vt 0.76664120 0.72253001
vt 0.74453473 0.71921557
vt 0.67960674 0.73116231
vt 0.78409266 0.71861535
vt 0.76918155 0.71843272
vt 0.80800492 0.71726382
vt 0.81722933 0.71966255
vt 0.84029245 0.71757644
vt 0.72778130 0.71947867
vt 0.71044660 0.71873188
vt 0.75765628 0.71686757
vt 0.69905347 0.72722697
vt 0.69236887 0.71830219
vt 0.68126231 0.71865976
vt 0.92448920 0.73258638
vt 0.65895510 0.73101777
vt 0.63617212 0.73124087
vt 0.58528829 0.72189569
vt 0.86004770 0.71835434
vt 0.89656150 0.71806359
vt 0.66742826 0.71688044
vt 0.65030062 0.71841913
vt 0.63991898 0.72731304
vt 0.62903190 0.71919882
vt 0.61312079 0.72103977
vt 0.57740462 0.71424961
vt 0.78572685 0.74656129
vt 0.76265627 0.74648905
vt 0.54284912 0.70547909
vt 0.53446406 0.70231426
vt 0.73501390 0.74672753
vt 0.83836013 0.74574453
vt 0.86155677 0.74512118
vt 0.71231723 0.74694848
vt 0.68527639 0.74758208
vt 0.66086674 0.74772245
vt 0.63617766 0.74777329
vt 0.60292685 0.75233287
vt 0.62196809 0.75239354
vt 0.91540664 0.71664733
vt 0.58991474 0.71430004
vt 0.88048130 0.74562651
vt 0.90111607 0.74577773
vt 0.91752797 0.74812716
vt 0.60143256 0.71417046
vt 0.61466235 0.71423727
vt 0.62575769 0.71442896
vt 0.63822937 0.71414798
vt 0.65242249 0.71485603
vt 0.92566931 0.73951399
vt 0.51327199 0.70040971
vt 0.92178762 0.71680766
vt 0.55417132 0.70340824
vt 0.92172515 0.74794805
vt 0.69181031 0.71475148
vt 0.70724910 0.71448117
vt 0.67850506 0.71525502
vt 0.72328925 0.71565700
vt 0.73852986 0.71556836
vt 0.92563647 0.72497046
vt 0.50026500 0.69448662
vt 0.48511472 0.69454712
vt 0.46998602 0.69612253
vt 0.64934444 0.75093818
vt 0.67469776 0.75100338
vt 0.69539309 0.75138050
vt 0.81365073 0.74934626
vt 0.83426207 0.75096405
vt 0.84553212 0.74888617
vt 0.78339177 0.75031811
vt 0.75959569 0.75101870
vt 0.73979944 0.75238663
vt 0.72642660 0.75102001
vt 0.70864093 0.75357544
vt 0.68242407 0.75599146
vt 0.60609448 0.75911909
vt 0.58547282 0.76238930
vt 0.56741291 0.76825935
vt 0.55582285 0.77355796
vt 0.65385622 0.75565344
vt 0.63627464 0.75808823
vt 0.51153332 0.77745020
vt 0.77430975 0.71530086
vt 0.79165298 0.71425426
vt 0.56632787 0.70190257
vt 0.57726806 0.70350432
vt 0.60616344 0.70206434
vt 0.58973503 0.70205092
vt 0.72481686 0.75548691
vt 0.90188920 0.74998266
vt 0.86214745 0.75026470
vt 0.88222867 0.75085729
vt 0.52872932 0.78001255
vt 0.62708282 0.76262039
vt 0.07045450 0.78233540
vt 0.49594134 0.78146183
vt 0.60343313 0.76561028
vt 0.62835890 0.70295608
vt 0.64567673 0.70276284
vt 0.66295558 0.70846534
vt 0.07110827 0.68506330
vt 0.51673585 0.69001967
vt 0.55021673 0.77789396
vt 0.54239237 0.78108287
vt 0.75170088 0.71294028
vt 0.05514340 0.69610101
vt 0.08533695 0.69051814
vt 0.10658828 0.69462073
vt 0.14488874 0.69534671
vt 0.17232542 0.69439560
vt 0.46003395 0.68814731
vt 0.42190740 0.69409156
vt 0.44844648 0.68580723
vt 0.43176842 0.68752843
vt 0.47450632 0.68835449
vt 0.88996351 0.71525842
vt 0.85729861 0.71336508
vt 0.49953666 0.68643117
vt 0.48767814 0.68608373
vt 0.58720541 0.76922888
vt 0.82145059 0.71401572
vt 0.83527100 0.71560425
vt 0.53157860 0.69011027
vt 0.06200900 0.68436617
vt 0.05562498 0.68431348
vt 0.54108435 0.69473898
vt 0.55706203 0.69864595
vt 0.92465472 0.74857748
vt 0.92513347 0.71671975
vt 0.39098820 0.69045717
vt 0.19408374 0.68499756
vt 0.17492576 0.68395340
vt 0.13332087 0.68437922
vt 0.21691592 0.68490380
vt 0.24277036 0.68561959
vt 0.28304982 0.68601769
vt 0.29872623 0.68912387
vt 0.32850802 0.68614757
vt 0.36337325 0.68622971
vt 0.40710834 0.68584377
vt 0.08458043 0.68430072
vt 0.11818136 0.68480688
vt 0.10721046 0.68289274
vt 0.57152158 0.69780564
vt 0.46581236 0.68459225
vt 0.69135290 0.70501769
vt 0.71737647 0.70752084
vt 0.66998142 0.70290607
vt 0.65691042 0.70200992
vt 0.73637801 0.71019667
vt 0.52615505 0.68567312
vt 0.06121069 0.78264499
vt 0.69404215 0.75991029
vt 0.71421111 0.76181436
vt 0.72735488 0.75990295
vt 0.67635822 0.76291442
vt 0.65639699 0.76250255
vt 0.64667696 0.76206774
vt 0.78908819 0.75545788
vt 0.77450830 0.75552815
vt 0.75768948 0.75476432
vt 0.74879313 0.75771350
vt 0.10107606 0.78383923
vt 0.56981999 0.77330935
vt 0.51037353 0.78469282
vt 0.08117460 0.78781748
vt 0.46511960 0.79046088
vt 0.32271624 0.78828645
vt 0.05334643 0.78051877
vt 0.81758845 0.75589377
vt 0.43387449 0.79130828
vt 0.44905201 0.79102218
vt 0.37755761 0.78879064
vt 0.41273838 0.79124498
vt 0.34677058 0.79201746
vt 0.05075605 0.69309241
vt 0.54258376 0.68643188
vt 0.55946219 0.68551248
vt 0.56385350 0.68900007
vt 0.03790499 0.73149872
vt 0.04321737 0.70125121
vt 0.73817217 0.76303840
vt 0.76446211 0.75949407
vt 0.48489881 0.78847265
vt 0.50949961 0.68411845
vt 0.17630854 0.78962898
vt 0.13863127 0.78983748
vt 0.10059714 0.78897285
vt 0.20231879 0.79006153
vt 0.57348388 0.77801138
vt 0.53273791 0.78682077
vt 0.51989871 0.79200667
vt 0.26814747 0.78815019
vt 0.30059528 0.79262531
vt 0.22877628 0.79084086
vt 0.69594932 0.76579273
vt 0.07114808 0.79047245
vt 0.06279086 0.79107827
vt 0.49545494 0.79091471
vt 0.85518229 0.75532204
vt 0.63095409 0.77055734
vt 0.65415990 0.76957351
vt 0.61500955 0.77019292
vt 0.90455472 0.75422752
vt 0.87812972 0.75337279
vt 0.38112044 0.79345042
vt 0.04408352 0.77737236
vt 0.58917630 0.77904564
vt 0.60272062 0.77925253
vt 0.62462115 0.77688873
vt 0.54790401 0.78687817
vt 0.56725407 0.78584516
vt 0.76155275 0.70589799
vt 0.74614340 0.70540696
vt 0.77714151 0.71024901
vt 0.79317433 0.70954400
vt 0.82264006 0.70934546
vt 0.41713849 0.68168324
vt 0.35877773 0.68164539
vt 0.32868555 0.68160868
vt 0.28736645 0.68001944
vt 0.26342252 0.67913324
vt 0.24551511 0.68010336
vt 0.21656458 0.67964947
vt 0.19083348 0.68093383
vt 0.61261439 0.69905430
vt 0.62570858 0.69878846
vt 0.58693433 0.69371212
vt 0.57631135 0.68537039
vt 0.61007750 0.68973964
vt 0.59589261 0.68661642
vt 0.68059605 0.76854670
vt 0.47843388 0.79670411
vt 0.63694489 0.69805181
vt 0.72980803 0.70414007
vt 0.03532950 0.75088274
vt 0.32091153 0.79494750
vt 0.33975127 0.79543436
vt 0.05609290 0.79068881
vt 0.92143518 0.75698042
vt 0.83128828 0.75471807
vt 0.24541354 0.79403043
vt 0.27502525 0.79501951
vt 0.50648451 0.79633862
vt 0.77827191 0.76188576
vt 0.46186361 0.79878771
vt 0.44007519 0.79941976
vt 0.41043335 0.80060130
vt 0.38918439 0.80113477
vt 0.34576327 0.80146837
vt 0.36956787 0.80143851
vt 0.12930806 0.68034762
vt 0.68032104 0.70125341
vt 0.69521505 0.70026076
vt 0.71093941 0.70131195
vt 0.77557927 0.70472968
vt 0.04632903 0.68683797
vt 0.08577605 0.67698091
vt 0.07532506 0.67322284
vt 0.03554217 0.71351653
vt 0.93170482 0.73165059
vt 0.93479294 0.73926896
vt 0.93411702 0.73013484
vt 0.93691576 0.73101991
vt 0.93961841 0.73995233
vt 0.94737560 0.73203385
vt 0.93632054 0.72082210
vt 0.93985522 0.72711354
vt 0.94756532 0.74104637
vt 0.94977844 0.73221666
vt 0.94792873 0.72392178
vt 0.95410466 0.74044174
vt 0.95797002 0.73356521
vt 0.95955735 0.73077619
vt 0.97961736 0.73349404
vt 0.98112899 0.73108715
vt 0.98905045 0.73148477
vt 0.98992896 0.74038368
vt 0.99394417 0.73567551
vt 0.99518472 0.73163617
vt 0.98336905 0.74138772
vt 0.99425954 0.72794354
vt 0.97494769 0.74118453
vt 0.99082059 0.72537053
vt 0.99436051 0.74372774
vt 0.97821659 0.74559802
vt 0.95478600 0.72408646
vt 0.97028774 0.72483242
vt 0.99043113 0.74557400
vt 0.97905034 0.71927387
vt 0.95533675 0.71873182
vt 0.94057518 0.71968341
vt 0.94069099 0.74578434
vt 0.93572015 0.74571782
vt 0.95431942 0.74621099
vt 0.99061048 0.71947265
vt 0.99483538 0.72108686
vt 0.94741774 0.74680126
vt 0.93357402 0.72076923
vt 0.95020711 0.71582764
vt 0.94735563 0.71595633
vt 0.99724668 0.74037027
vt 0.93703806 0.71524203
vt 0.98405045 0.74954367
vt 0.93272507 0.74486130
vt 0.99751341 0.73198014
vt 0.93588090 0.75071168
vt 0.99410850 0.75041306
vt 0.97657710 0.71485436
vt 0.95931071 0.71433395
vt 0.98490083 0.71462947
vt 0.96020508 0.75088811
vt 0.97415584 0.74968475
vt 0.94746649 0.75010520
vt 0.99745518 0.72489208
vt 0.99014330 0.75183082
vt 0.93443698 0.71446663
vt 0.99664384 0.74830174
vt 0.95519322 0.75209063
vt 0.93283302 0.74996090
vt 0.99454951 0.71489745
vt 0.99136502 0.71496427
vt 0.97818071 0.75317842
vt 0.94092870 0.75516230
vt 0.94049466 0.71044767
vt 0.43691888 0.67924762
vt 0.99764752 0.71713501
vt 0.66808939 0.69720888
vt 0.45059723 0.67903465
vt 0.93138307 0.71762693
vt 0.65710932 0.69814402
vt 0.10496415 0.67763817
vt 0.48549959 0.67492688
vt 0.46927196 0.67351258
vt 0.54881775 0.68307501
vt 0.44502968 0.66939038
vt 0.03113511 0.73151994
vt 0.03015637 0.74243855
vt 0.50535691 0.67065871
vt 0.08136881 0.79665732
vt 0.14591217 0.79906863
vt 0.10046244 0.79744005
vt 0.20639409 0.79684204
vt 0.80038804 0.76018953
vt 0.53411365 0.79442465
vt 0.03926441 0.76962304
vt 0.72409582 0.76682252
vt 0.75940287 0.76571971
vt 0.05089323 0.79043800
vt 0.78989702 0.76174337
vt 0.03075652 0.71952415
vt 0.48223171 0.80278546
vt 0.58481401 0.78635305
vt 0.05052674 0.68201107
vt 0.79193109 0.70439917
vt 0.84036291 0.70787126
vt 0.86097938 0.70970035
vt 0.04222122 0.68843049
vt 0.06248393 0.66786993
vt 0.07159776 0.66686261
vt 0.52056897 0.66933936
vt 0.53519201 0.67264074
vt 0.89480668 0.70992869
vt 0.92101711 0.70775360
vt 0.40103284 0.67758471
vt 0.33814374 0.67718929
vt 0.42930192 0.66890061
vt 0.03312156 0.76181519
vt 0.06914798 0.79833752
vt 0.06014774 0.79774827
vt 0.30284855 0.80196881
vt 0.19791493 0.80028176
vt 0.23930562 0.80124217
vt 0.27700490 0.80171156
vt 0.32247150 0.80231267
vt 0.70724225 0.77064967
vt 0.68450242 0.77333212
vt 0.65964586 0.77430147
vt 0.63809818 0.78256923
vt 0.61717373 0.78379828
vt 0.60127747 0.78761357
vt 0.04314073 0.79019356
vt 0.03913967 0.78030288
vt 0.51957387 0.79923958
vt 0.93594939 0.75858217
vt 0.45478812 0.80572587
vt 0.99540401 0.75598431
vt 0.55117464 0.79404330
vt 0.03582625 0.69916409
vt 0.15301646 0.67784500
vt 0.18069848 0.66703039
vt 0.15576246 0.66786528
vt 0.12854555 0.66663945
vt 0.20824093 0.66815740
vt 0.24621497 0.66904211
vt 0.28624964 0.66823930
vt 0.34639317 0.66871125
vt 0.40479198 0.66855621
vt 0.10610201 0.66624922
vt 0.08420279 0.66661018
vt 0.74242020 0.69962037
vt 0.62759811 0.68905711
vt 0.93648309 0.70697135
vt 0.63233757 0.68664867
vt 0.46004361 0.66505694
vt 0.68312734 0.69817740
vt 0.04347755 0.68179446
vt 0.72496206 0.69817877
vt 0.48444042 0.66648370
vt 0.47012106 0.66350913
vt 0.60837632 0.68401587
vt 0.61963415 0.68353415
vt 0.05384597 0.66597384
vt 0.02697189 0.74830550
vt 0.71326113 0.69807285
vt 0.54917204 0.67279041
vt 0.82589334 0.70486325
vt 0.82007504 0.70286322
vt 0.76015192 0.69938058
vt 0.03115495 0.70194119
vt 0.94813985 0.70903838
vt 0.95242423 0.70734936
vt 0.59031779 0.68141234
vt 0.93523532 0.70587254
vt 0.02785628 0.75586402
vt 0.92577475 0.70654672
vt 0.66393995 0.68845415
vt 0.64970237 0.68688661
vt 0.56826800 0.67442280
vt 0.57573438 0.66979569
vt 0.83022195 0.76017886
vt 0.05175884 0.79711115
vt 0.93374860 0.75784642
vt 0.50763005 0.80266488
vt 0.49737781 0.80696166
vt 0.56270832 0.79604298
vt 0.57815641 0.79641676
vt 0.58536488 0.79758132
vt 0.54003531 0.66908628
vt 0.02802965 0.71262610
vt 0.43722829 0.80699033
vt 0.32021204 0.80823141
vt 0.30505654 0.80819815
vt 0.34458417 0.80805975
vt 0.36471480 0.80803132
vt 0.38845235 0.80985343
vt 0.40388861 0.80777788
vt 0.67653751 0.68793392
vt 0.68776053 0.68879294
vt 0.77788359 0.69880790
vt 0.03750359 0.68361777
vt 0.04647588 0.66586369
vt 0.44049227 0.66366386
vt 0.99595219 0.70955235
vt 0.50592339 0.66726178
vt 0.03047229 0.77181733
vt 0.07833886 0.80374157
vt 0.09965416 0.80491388
vt 0.07044666 0.80508757
vt 0.54133439 0.79913920
vt 0.87521702 0.75846684
vt 0.90297794 0.75876659
vt 0.91768342 0.75856584
vt 0.92524797 0.75427949
vt 0.73895001 0.77066314
vt 0.13715251 0.80560750
vt 0.19443710 0.80662924
vt 0.23057459 0.80703026
vt 0.26276162 0.80748445
vt 0.47666687 0.81061381
vt 0.81607121 0.76398599
vt 0.99014759 0.75838548
vt 0.67292690 0.77904361
vt 0.68639183 0.77764708
vt 0.65693259 0.77902454
vt 0.06017740 0.80395573
vt 0.03879549 0.79034084
vt 0.94766825 0.75662482
vt 0.02638847 0.76736504
vt 0.52146667 0.80706102
vt 0.85396773 0.76179260
vt 0.05388222 0.80471307
vt 0.54761666 0.80298543
vt 0.69499302 0.68858927
vt 0.88184190 0.70473826
vt 0.86107761 0.70333087
vt 0.90303993 0.70583963
vt 0.99119478 0.70683110
vt 0.64211339 0.68183345
vt 0.55492073 0.66877568
vt 0.97885746 0.70603627
vt 0.95832652 0.70545310
vt 0.03282956 0.68435031
vt 0.24554491 0.66349632
vt 0.22126970 0.66144067
vt 0.41395423 0.66552585
vt 0.34262249 0.66333514
vt 0.29603714 0.66341865
vt 0.20824215 0.66257399
vt 0.15541436 0.66110533
vt 0.18579349 0.66267657
vt 0.83887672 0.70223862
vt 0.08352742 0.66064322
vt 0.07151797 0.65367496
vt 0.11002525 0.66083157
vt 0.06173239 0.66157162
vt 0.79574186 0.69792050
vt 0.58788449 0.67098987
vt 0.04037954 0.66587573
vt 0.03548548 0.66681886
vt 0.65941608 0.68300939
vt 0.93899935 0.70152158
vt 0.59390390 0.66979772
vt 0.02560300 0.73935938
vt 0.02598624 0.72041559
vt 0.02745355 0.69654173
vt 0.56759518 0.66448647
vt 0.08383825 0.65244174
vt 0.44928098 0.65061957
vt 0.43909657 0.65439117
vt 0.46212134 0.65037292
vt 0.42426944 0.65031379
vt 0.43829030 0.64910978
vt 0.48457685 0.65140349
vt 0.50201601 0.65066016
vt 0.51230943 0.65281796
vt 0.71339816 0.68653595
vt 0.72821820 0.69007748
vt 0.73837918 0.68961668
vt 0.75491071 0.68966222
vt 0.06447721 0.64993250
vt 0.20133460 0.65290111
vt 0.21612100 0.64745188
vt 0.24514474 0.64833611
vt 0.30200866 0.65417153
vt 0.27143043 0.64801210
vt 0.31686351 0.64810133
vt 0.33890018 0.64855582
vt 0.36840910 0.65062642
vt 0.38522491 0.66315365
vt 0.41304091 0.64939368
vt 0.17492944 0.65232670
vt 0.12382928 0.65207148
vt 0.10696570 0.64692545
vt 0.53171504 0.65808624
vt 0.67297864 0.68354887
vt 0.18774202 0.64720905
vt 0.14701743 0.64696473
vt 0.05706316 0.64987630
vt 0.60666066 0.67150152
vt 0.61665523 0.67467093
vt 0.92123049 0.70273632
vt 0.92960161 0.71048081
vt 0.93676835 0.69980884
vt 0.57922107 0.66661578
vt 0.54347718 0.65486646
vt 0.54979461 0.65233171
vt 0.63432479 0.67629963
vt 0.89835048 0.70125699
vt 0.02549616 0.73121905
vt 0.05174977 0.64952415
vt 0.77979177 0.69481915
vt 0.94776070 0.70308751
vt 0.95047075 0.70325983
vt 0.99378264 0.70139545
vt 0.53539711 0.65010881
vt 0.51939249 0.64810747
vt 0.04615599 0.64927304
vt 0.47523630 0.64520562
vt 0.48892263 0.64734644
vt 0.68912697 0.68050218
vt 0.98308504 0.70052737
vt 0.08283585 0.64709312
vt 0.07512022 0.64577788
vt 0.93378395 0.70118958
vt 0.97397614 0.70019543
vt 0.02715006 0.68380827
vt 0.38625959 0.64814979
vt 0.02390140 0.70181859
vt 0.37695035 0.64268225
vt 0.03154609 0.78311765
vt 0.95518792 0.69983107
vt 0.71144712 0.77567989
vt 0.97898388 0.75911772
vt 0.45495036 0.81373811
vt 0.43737015 0.81417739
vt 0.40147877 0.81491566
vt 0.41232920 0.64334077
vt 0.65494287 0.67349017
vt 0.81746781 0.69668406
vt 0.83576930 0.69780123
vt 0.85650200 0.69717991
vt 0.72771180 0.77496791
vt 0.78837353 0.76749164
vt 0.79981405 0.76748097
vt 0.77184635 0.77048588
vt 0.75463617 0.77098244
vt 0.50312924 0.81292844
vt 0.51571453 0.81711423
vt 0.60476720 0.79363102
vt 0.65064979 0.78404963
vt 0.62680626 0.78968072
vt 0.92511815 0.75865716
vt 0.56513596 0.80327052
vt 0.95475340 0.75940877
vt 0.96806538 0.75931031
vt 0.65948296 0.66808760
vt 0.72760504 0.68565673
vt 0.02824795 0.67260325
vt 0.50468773 0.64470732
vt 0.04010983 0.79973775
vt 0.04856475 0.80216944
vt 0.94002891 0.76282430
vt 0.07925359 0.81315118
vt 0.06887124 0.81120777
vt 0.05941590 0.81080145
vt 0.53550923 0.81487638
vt 0.65760767 0.78665185
vt 0.17576526 0.81390834
vt 0.13587077 0.81310236
vt 0.09946374 0.81185538
vt 0.48202026 0.81777281
vt 0.46316129 0.81990510
vt 0.87269926 0.76143837
vt 0.94763029 0.75824243
vt 0.94933492 0.76211435
vt 0.02566006 0.77863699
vt 0.20785300 0.81446362
vt 0.30435106 0.81531900
vt 0.32275066 0.82188535
vt 0.30176628 0.82207656
vt 0.26509807 0.81484604
vt 0.25307956 0.82138127
vt 0.23558314 0.81383747
vt 0.23044837 0.82128572
vt 0.20909978 0.82132310
vt 0.32826954 0.81493688
vt 0.36388859 0.82050306
vt 0.38415697 0.82231033
vt 0.40587223 0.82200181
vt 0.44462070 0.82084024
vt 0.19726142 0.81792212
vt 0.55163693 0.81054711
vt 0.11284090 0.81846672
vt 0.14869131 0.81865543
vt 0.17638360 0.82090336
vt 0.57009453 0.80722779
vt 0.49829620 0.82116675
vt 0.99419731 0.76319510
vt 0.99832827 0.74693155
vt 0.63369936 0.79177171
vt 0.61119062 0.79909962
vt 0.68076843 0.78627139
vt 0.69859558 0.78165060
vt 0.04925365 0.80903929
vt 0.74232537 0.77696425
vt 0.83435005 0.76627553
vt 0.82100964 0.76781332
vt 0.94722462 0.76515579
vt 0.93579972 0.76772439
vt 0.93310440 0.76315713
vt 0.06901859 0.81849813
vt 0.05194058 0.81648386
vt 0.03268271 0.79441339
vt 0.84870738 0.76646292
vt 0.03973848 0.80502814
vt 0.92117274 0.76446313
vt 0.90529382 0.76560777
vt 0.55213231 0.81556010
vt 0.48189801 0.82439679
vt 0.46866530 0.82563120
vt 0.05875378 0.81808865
vt 0.02296733 0.75893664
vt 0.71816152 0.78261310
vt 0.59051031 0.80429339
vt 0.07947069 0.82255304
vt 0.80320024 0.77299738
vt 0.75867897 0.77657288
vt 0.87374485 0.76652962
vt 0.02440308 0.78908342
vt 0.97291064 0.76474756
vt 0.78935903 0.77253008
vt 0.53528339 0.81911337
vt 0.51774704 0.82248580
vt 0.98244274 0.76557851
vt 0.43681088 0.82408726
vt 0.35913545 0.82815331
vt 0.31872788 0.82793707
vt 0.30100593 0.82769436
vt 0.25476563 0.82804263
vt 0.22941390 0.82847166
vt 0.38393366 0.82827514
vt 0.40357229 0.82833540
vt 0.45262194 0.82794923
vt 0.99144810 0.76530528
vt 0.19915961 0.82753927
vt 0.13871066 0.82411206
vt 0.10214744 0.82519704
vt 0.04176350 0.81364185
vt 0.72641379 0.78327101
vt 0.06634378 0.82445508
vt 0.95376188 0.76558477
vt 0.03162783 0.80116981
vt 0.99679327 0.76384985
vt 0.01898573 0.71481776
vt 0.18367948 0.82865441
vt 0.14635262 0.83094865
vt 0.13395141 0.83173537
vt 0.69440281 0.79007411
vt 0.57299608 0.81230360
vt 0.56256759 0.81912214
vt 0.99824685 0.75627285
vt 0.02459285 0.79669857
vt 0.67054385 0.79144305
vt 0.65379077 0.79489839
vt 0.77312201 0.77699631
vt 0.99953359 0.72375792
vt 0.49912307 0.82641292
vt 0.01808562 0.74706769
vt 0.43787357 0.83173537
vt 0.05273020 0.82813871
vt 0.05808891 0.83046424
vt 0.92452055 0.76616019
vt 0.60776836 0.80607051
vt 0.64121711 0.80202442
vt 0.62660158 0.80674994
vt 0.75621361 0.78163260
vt 0.94107860 0.76860350
vt 0.58613884 0.81820506
vt 0.59938622 0.81773061
vt 0.61194104 0.81506461
vt 0.57869464 0.82318568
vt 0.69890577 0.79344893
vt 0.67611504 0.79851061
vt 0.94945949 0.77294725
vt 0.24469998 0.64176464
vt 0.28922755 0.64253545
vt 0.33475649 0.64291894
vt 0.46170667 0.64287353
vt 0.88001031 0.69727612
vt 0.90493661 0.69707441
vt 0.02708686 0.66617787
vt 0.03611853 0.81074339
vt 0.01695585 0.73074675
vt 0.69622713 0.67681897
vt 0.61400414 0.66711879
vt 0.63775796 0.66720533
vt 0.99714226 0.70396221
vt 0.56406444 0.65143037
vt 0.57817376 0.65767306
vt 0.59426028 0.65709144
vt 0.02223344 0.76986957
vt 0.03771145 0.64877266
vt 0.06504348 0.63873118
vt 0.21465537 0.63755846
vt 0.13842402 0.63583660
vt 0.11546911 0.63426638
vt 0.08375239 0.63611788
vt 0.07128558 0.63270795
vt 0.44534504 0.63945228
vt 0.92552161 0.69966465
vt 0.75422066 0.68446773
vt 0.94892460 0.69685590
vt 0.79455274 0.69094336
vt 0.48312616 0.64077282
vt 0.05963728 0.63505226
vt 0.77792561 0.68734258
vt 0.42347726 0.63729358
vt 0.43798277 0.63658500
vt 0.24887407 0.63618648
vt 0.32076994 0.63660175
vt 0.37045345 0.63900608
vt 0.40950719 0.63778782
vt 0.02227286 0.69488627
vt 0.02276822 0.68148386
vt 0.02251797 0.67110449
vt 0.92141134 0.69701087
vt 0.05300245 0.63608611
vt 0.94007474 0.69692647
vt 0.65052098 0.66197836
vt 0.67717928 0.67097223
vt 0.16989303 0.63092864
vt 0.03133730 0.65643865
vt 0.20979565 0.63121080
vt 0.99934250 0.71197945
vt 0.14905642 0.63160509
vt 0.04498585 0.63635921
vt 0.03652734 0.63983333
vt 0.58038890 0.64686507
vt 0.59676498 0.65051949
vt 0.61664414 0.65465891
vt 0.63225937 0.65795094
vt 0.60402495 0.65383345
vt 0.47136405 0.63392025
vt 0.94841814 0.69376862
vt 0.93773651 0.69092679
vt 0.34772199 0.62847555
vt 0.97616941 0.69520682
vt 0.45336783 0.63050449
vt 0.08325362 0.63072056
vt 0.01773165 0.69918042
vt 0.01493157 0.70633465
vt 0.04740645 0.82706207
vt 0.99758762 0.69824630
vt 0.02621718 0.80575913
vt 0.01651865 0.76266116
vt 0.01352465 0.75472009
vt 0.03835194 0.82007611
vt 0.04001186 0.82592589
vt 0.02016980 0.78090829
vt 0.93249124 0.76906109
vt 0.02946623 0.64489222
vt 0.01208030 0.74526221
vt 0.93399352 0.69422168
vt 0.01686292 0.68388492
vt 0.01245506 0.71708071
vt 0.02579606 0.65622842
vt 0.01549361 0.77331591
vt 0.02326103 0.81527001
vt 0.03065292 0.81980592
vt 0.02190670 0.80127454
vt 0.02252085 0.80997401
vt 0.02572588 0.64406365
vt 0.02047611 0.66297179
vt 0.01486905 0.78481829
vt 0.03358525 0.82744873
vt 0.00979478 0.77720082
vt 0.01617049 0.66724014
vt 0.01434610 0.79401100
vt 0.03167819 0.63160747
vt 0.02031909 0.64936298
vt 0.01396787 0.80221295
vt 0.01342339 0.80893350
vt 0.02070319 0.82223272
vt 0.01121581 0.81819999
vt 0.01981634 0.64023352
vt 0.53740591 0.54764128
vt 0.55363292 0.54323757
vt 0.55348617 0.55723071
vt 0.53522521 0.56062692
vt 0.55135715 0.56378424
vt 0.51985723 0.56221843
vt 0.51959831 0.54233444
vt 0.53235340 0.54148555
vt 0.50428820 0.55907339
vt 0.50539398 0.56328321
vt 0.49607757 0.54304087
vt 0.48891106 0.56133312
vt 0.47766832 0.54949063
vt 0.47797349 0.54043007
vt 0.47581926 0.55782396
vt 0.54638720 0.54035586
vt 0.49407071 0.53912270
vt 0.51953363 0.53991193
vt 0.46550128 0.54206991
vt 0.45990336 0.55780554
vt 0.47824189 0.56153071
vt 0.52988964 0.56931150
vt 0.56993371 0.55229121
vt 0.57964206 0.54401433
vt 0.56963158 0.55985016
vt 0.51236242 0.56864703
vt 0.52137774 0.57466662
vt 0.56713790 0.53996885
vt 0.57571131 0.56093872
vt 0.60318708 0.55730718
vt 0.63069654 0.55467129
vt 0.65742910 0.54549545
vt 0.66714621 0.55592132
vt 0.68569201 0.54608488
vt 0.69325060 0.55582416
vt 0.61352313 0.54495722
vt 0.58612382 0.54087245
vt 0.66995382 0.54135013
vt 0.65764582 0.54204136
vt 0.61258632 0.54170376
vt 0.70759851 0.55565608
vt 0.72753924 0.54555315
vt 0.66282380 0.55985105
vt 0.68852174 0.56426656
vt 0.61057925 0.56182039
vt 0.72810292 0.55369008
vt 0.73320466 0.55761755
vt 0.75715750 0.54778248
vt 0.75787401 0.56077707
vt 0.76991957 0.55260134
vt 0.76789516 0.56036991
vt 0.80605024 0.55149299
vt 0.80114084 0.55877864
vt 0.82428074 0.55813342
vt 0.79404283 0.56396121
vt 0.70925689 0.56284875
vt 0.72875613 0.56332904
vt 0.64670807 0.56293976
vt 0.66826373 0.56618702
vt 0.82802999 0.54626769
vt 0.80289966 0.54680496
vt 0.76996994 0.54680043
vt 0.84468395 0.55768323
vt 0.84885150 0.56250310
vt 0.87767678 0.56230789
vt 0.81749785 0.56388372
vt 0.88984221 0.56695586
vt 0.92614949 0.56609499
vt 0.85675722 0.56569898
vt 0.92572379 0.56111944
vt 0.88858700 0.55869550
vt 0.76803547 0.56766081
vt 0.74772149 0.56960875
vt 0.93944615 0.56562185
vt 0.92617458 0.54966235
vt 0.93822604 0.54992759
vt 0.94859630 0.54873931
vt 0.95212239 0.56485957
vt 0.95017970 0.56993866
vt 0.87148768 0.54921895
vt 0.88454276 0.54844284
vt 0.83986580 0.54554480
vt 0.95521390 0.54898149
vt 0.56631339 0.57107759
vt 0.78984034 0.57480723
vt 0.75024009 0.57435817
vt 0.87668633 0.57573014
vt 0.83468616 0.57828939
vt 0.80845785 0.57844102
vt 0.90597320 0.57631302
vt 0.92762488 0.57606435
vt 0.92780942 0.58023036
vt 0.86978370 0.58008075
vt 0.57475591 0.57095122
vt 0.60981983 0.57193661
vt 0.66058171 0.57425189
vt 0.63581115 0.57384229
vt 0.69467413 0.57386309
vt 0.72397238 0.57426572
vt 0.54732686 0.57245624
vt 0.95802331 0.56634343
vt 0.93867254 0.57833606
vt 0.94829112 0.57919079
vt 0.70071048 0.54224801
vt 0.73560959 0.54191804
vt 0.56944770 0.57537466
vt 0.59629041 0.57620537
vt 0.95491821 0.57860363
vt 0.93774015 0.54622126
vt 0.92436999 0.54588556
vt 0.88214809 0.54472899
vt 0.87052381 0.54435980
vt 0.76558423 0.54250824
vt 0.80412561 0.54372871
vt 0.78822529 0.57933635
vt 0.73201406 0.57935333
vt 0.74856055 0.57832462
vt 0.76981312 0.57950205
vt 0.69705522 0.57806528
vt 0.67420655 0.57790619
vt 0.63138539 0.57761800
vt 0.65798026 0.57797468
vt 0.52896148 0.57945728
vt 0.50252712 0.57213789
vt 0.51113260 0.57631129
vt 0.96278870 0.56607538
vt 0.96087182 0.54928285
vt 0.80886793 0.58221298
vt 0.87047976 0.58302569
vt 0.90527445 0.58305138
vt 0.83600122 0.58313501
vt 0.92756474 0.58471698
vt 0.96158314 0.58032948
vt 0.93930036 0.58484060
vt 0.54951370 0.58726728
vt 0.55394614 0.58997864
vt 0.94811696 0.58519500
vt 0.49060902 0.57313496
vt 0.47521517 0.57147998
vt 0.95517153 0.58593500
vt 0.56961250 0.59088665
vt 0.76743257 0.59303701
vt 0.74245602 0.59423023
vt 0.69440222 0.59377915
vt 0.90428394 0.59618568
vt 0.92644185 0.59596306
vt 0.87979400 0.59599936
vt 0.84427249 0.59569955
vt 0.80607164 0.59523201
vt 0.57390553 0.59103930
vt 0.53246242 0.58996278
vt 0.58821714 0.58630800
vt 0.59751022 0.59224212
vt 0.60846078 0.58087355
vt 0.63379681 0.58494073
vt 0.66940987 0.58564597
vt 0.66408414 0.59148419
vt 0.65660745 0.59396344
vt 0.62116545 0.59136075
vt 0.69536167 0.58658314
vt 0.50361019 0.58002985
vt 0.93866134 0.59612370
vt 0.94828945 0.59660172
vt 0.51761794 0.58806765
vt 0.50459343 0.58801425
vt 0.47942328 0.57515305
vt 0.46134388 0.56064099
vt 0.95580018 0.59582198
vt 0.78165507 0.59650576
vt 0.96662456 0.57914835
vt 0.49220943 0.58447075
vt 0.72470748 0.59914130
vt 0.69509292 0.59895307
vt 0.61477703 0.59836304
vt 0.63142353 0.59983534
vt 0.65501165 0.59981161
vt 0.67691863 0.59986264
vt 0.46164450 0.57359380
vt 0.56712890 0.59678304
vt 0.44695714 0.55874312
vt 0.45104414 0.56785542
vt 0.54994184 0.59653467
vt 0.53211892 0.59852570
vt 0.96267027 0.59652388
vt 0.47988972 0.58644825
vt 0.57218421 0.59717876
vt 0.60315359 0.59883869
vt 0.74576384 0.59993684
vt 0.81056434 0.60127980
vt 0.86020452 0.60243875
vt 0.78511983 0.60137147
vt 0.77147818 0.60147959
vt 0.92588747 0.60303980
vt 0.90377045 0.60256076
vt 0.87413573 0.60276192
vt 0.93928313 0.60268909
vt 0.96942526 0.56963760
vt 0.50921947 0.59641522
vt 0.94831598 0.60232729
vt 0.63261932 0.61107659
vt 0.65286809 0.61140454
vt 0.59781551 0.61043793
vt 0.60920608 0.60967600
vt 0.57478374 0.60910535
vt 0.66719520 0.61121380
vt 0.68378234 0.61138940
vt 0.70380110 0.60468113
vt 0.71333826 0.61072773
vt 0.73362082 0.61169130
vt 0.75596684 0.61210024
vt 0.92434454 0.61322474
vt 0.90498191 0.60791266
vt 0.88356483 0.61291397
vt 0.85867584 0.61253804
vt 0.80703813 0.61217451
vt 0.79077232 0.61192364
vt 0.77762985 0.61299163
vt 0.95567662 0.60202026
vt 0.56893057 0.60923874
vt 0.55142772 0.60855883
vt 0.49509248 0.59202218
vt 0.96501696 0.58894420
vt 0.44910261 0.57577199
vt 0.44399485 0.57071722
vt 0.46546263 0.58653653
vt 0.93898708 0.61323911
vt 0.94996530 0.61313170
vt 0.52842587 0.60721284
vt 0.51484329 0.60876673
vt 0.96325749 0.60251272
vt 0.43019342 0.56033999
vt 0.53236520 0.61137515
vt 0.96809411 0.56412095
vt 0.44992858 0.54186320
vt 0.96701986 0.54952812
vt 0.43352115 0.55720937
vt 0.97060484 0.58405739
vt 0.50208253 0.60560030
vt 0.48886085 0.60111761
vt 0.43198016 0.57256651
vt 0.96975261 0.59817606
vt 0.47617233 0.59206516
vt 0.47508752 0.60153472
vt 0.95959771 0.61283320
vt 0.41976899 0.55700505
vt 0.44215617 0.54160082
vt 0.42909342 0.54192632
vt 0.41598755 0.54142541
vt 0.85417920 0.53411800
vt 0.87326717 0.53028721
vt 0.82947338 0.53334755
vt 0.80825996 0.53266066
vt 0.78711253 0.53160650
vt 0.75872827 0.52999449
vt 0.88912344 0.53378212
vt 0.92674184 0.53439248
vt 0.95227510 0.53337777
vt 0.93975699 0.53428268
vt 0.46602705 0.53887552
vt 0.55207115 0.52924132
vt 0.56948721 0.52623564
vt 0.85524517 0.52947414
vt 0.84020537 0.52899402
vt 0.57854688 0.52900970
vt 0.63739169 0.53099287
vt 0.66583908 0.52948928
vt 0.59442592 0.52794236
vt 0.67591786 0.52922839
vt 0.72089666 0.53027499
vt 0.69551808 0.52837414
vt 0.70497376 0.52712047
vt 0.53047425 0.52625585
vt 0.95845217 0.53224689
vt 0.96331650 0.53504777
vt 0.40962806 0.55792427
vt 0.44655225 0.53845572
vt 0.51382607 0.52456796
vt 0.49673113 0.52433509
vt 0.48082238 0.52783632
vt 0.40385693 0.56870347
vt 0.42024770 0.57242376
vt 0.39606863 0.55796605
vt 0.62704313 0.52545065
vt 0.92701173 0.53001648
vt 0.88745815 0.53023428
vt 0.93956876 0.53033978
vt 0.80881411 0.52773303
vt 0.79347420 0.52651060
vt 0.76858157 0.52637911
vt 0.74090236 0.52529579
vt 0.72247398 0.52489817
vt 0.54999495 0.52102369
vt 0.43264067 0.53795856
vt 0.41957790 0.53764796
vt 0.64486790 0.52580714
vt 0.47607490 0.52307463
vt 0.39010248 0.55233628
vt 0.37698749 0.55672640
vt 0.36127543 0.55256307
vt 0.35634550 0.55559468
vt 0.34269682 0.55312902
vt 0.33894736 0.53909856
vt 0.40390557 0.54539973
vt 0.37769446 0.54074150
vt 0.35219651 0.53879124
vt 0.33031130 0.55120695
vt 0.31925014 0.53870112
vt 0.31805506 0.54372543
vt 0.29695415 0.54355568
vt 0.30058900 0.55049115
vt 0.31753960 0.55294567
vt 0.28264168 0.55002755
vt 0.27413312 0.54436445
vt 0.24980126 0.55057931
vt 0.26779670 0.54924285
vt 0.24659635 0.54525506
vt 0.22844650 0.54904616
vt 0.22065443 0.54490662
vt 0.21241751 0.54827559
vt 0.19818424 0.54898989
vt 0.18971449 0.54139471
vt 0.21883576 0.54043078
vt 0.20928042 0.53579199
vt 0.17314117 0.53467745
vt 0.17670903 0.54156709
vt 0.15378901 0.53852695
vt 0.15442649 0.53467423
vt 0.13051027 0.54055494
vt 0.10943617 0.53767252
vt 0.11875503 0.53246009
vt 0.12801571 0.53423703
vt 0.10717007 0.53372228
vt 0.08842307 0.54016984
vt 0.08820394 0.53370994
vt 0.21550082 0.53296691
vt 0.10664535 0.54213798
vt 0.15580365 0.53103518
vt 0.12468967 0.53030199
vt 0.19355503 0.53186703
vt 0.10779986 0.52973783
vt 0.22358076 0.53648865
vt 0.22966169 0.53255463
vt 0.17307943 0.53104484
vt 0.08859491 0.52968359
vt 0.23825470 0.54010051
vt 0.24489827 0.53672224
vt 0.15536189 0.54315108
vt 0.24567641 0.53248775
vt 0.10986441 0.52571732
vt 0.26087698 0.53783536
vt 0.22097662 0.52717292
vt 0.26172388 0.53331739
vt 0.27661356 0.53362894
vt 0.09264122 0.52309144
vt 0.16827582 0.52749777
vt 0.18559474 0.52275932
vt 0.14861090 0.52559966
vt 0.13066660 0.52398431
vt 0.19267435 0.52438164
vt 0.22449559 0.52413219
vt 0.52638304 0.51775020
vt 0.51362169 0.51712745
vt 0.29174814 0.53749657
vt 0.29471621 0.53452098
vt 0.31958184 0.53463966
vt 0.49219370 0.51785892
vt 0.47884426 0.51881981
vt 0.08814647 0.52307492
vt 0.16602817 0.52340323
vt 0.24591662 0.52454734
vt 0.46148926 0.52357757
vt 0.44932002 0.52227449
vt 0.28315026 0.52534449
vt 0.26199803 0.52504730
vt 0.59450459 0.52335060
vt 0.56755197 0.51741308
vt 0.14565919 0.54632115
vt 0.34093690 0.53526807
vt 0.35510951 0.53594804
vt 0.10724924 0.52171630
vt 0.29874012 0.52581412
vt 0.31693727 0.52657431
vt 0.54947203 0.51650357
vt 0.16261774 0.54827410
vt 0.18575738 0.54708135
vt 0.10943514 0.54598671
vt 0.09288963 0.54786509
vt 0.86115700 0.51854271
vt 0.82872742 0.51671124
vt 0.79421240 0.52329707
vt 0.89260799 0.51842415
vt 0.46371874 0.51865691
vt 0.43357435 0.52192849
vt 0.66130453 0.51882869
vt 0.64461970 0.51432163
vt 0.58907855 0.51398349
vt 0.62614328 0.51443917
vt 0.08789872 0.54781055
vt 0.37424645 0.53597188
vt 0.39032972 0.54000318
vt 0.33832073 0.52314526
vt 0.39683023 0.53698319
vt 0.33090293 0.55454409
vt 0.92697161 0.51965249
vt 0.94014776 0.52004260
vt 0.67129755 0.51446068
vt 0.70487332 0.51512784
vt 0.76300186 0.51534325
vt 0.79659373 0.51634181
vt 0.73221862 0.51634955
vt 0.95244747 0.52072489
vt 0.41850471 0.52206951
vt 0.36986151 0.52419573
vt 0.35461622 0.52366668
vt 0.39953816 0.52356553
vt 0.38202128 0.52411503
vt 0.15981586 0.51899958
vt 0.26707402 0.52143109
vt 0.25301695 0.52064711
vt 0.23176166 0.52037346
vt 0.21954899 0.51968032
vt 0.19043827 0.51930702
vt 0.28236589 0.52157855
vt 0.29790205 0.52172428
vt 0.52300328 0.51062584
vt 0.31967425 0.52110833
vt 0.56909078 0.51297784
vt 0.55085146 0.51186472
vt 0.49149671 0.51301879
vt 0.50970107 0.51057047
vt 0.30220184 0.55366319
vt 0.28777903 0.55319142
vt 0.27151051 0.55240905
vt 0.25870180 0.55506760
vt 0.44947523 0.51726419
vt 0.08453909 0.53514576
vt 0.08474252 0.52844328
vt 0.08369460 0.54430342
vt 0.21557079 0.55262589
vt 0.23574579 0.55210048
vt 0.23870021 0.55902785
vt 0.43993029 0.51786000
vt 0.10771796 0.54897177
vt 0.47711384 0.51356876
vt 0.33398211 0.56177950
vt 0.31068125 0.56081599
vt 0.35493356 0.55991757
vt 0.37381732 0.56056887
vt 0.38114035 0.57047796
vt 0.39381984 0.56988585
vt 0.18354829 0.55155212
vt 0.14530279 0.55124587
vt 0.29328763 0.56037378
vt 0.95962662 0.52124637
vt 0.41059500 0.52027875
vt 0.39724097 0.51903117
vt 0.38597676 0.51927948
vt 0.37359363 0.51966441
vt 0.35584316 0.51911235
vt 0.33912173 0.51932329
vt 0.82603496 0.51280725
vt 0.88009721 0.51355439
vt 0.90085131 0.51398075
vt 0.92752266 0.51420623
vt 0.46423048 0.51309526
vt 0.49513581 0.50785667
vt 0.42620543 0.51729238
vt 0.41257682 0.51719344
vt 0.21943013 0.55877882
vt 0.27286476 0.55975384
vt 0.25884998 0.55974519
vt 0.40443495 0.57261580
vt 0.63010025 0.50939888
vt 0.67004079 0.50988954
vt 0.59156621 0.50920117
vt 0.56975245 0.50972867
vt 0.69456345 0.50978738
vt 0.71236116 0.51038194
vt 0.36852759 0.57125831
vt 0.35586312 0.57036215
vt 0.34839141 0.57068372
vt 0.73935288 0.50984490
vt 0.79265404 0.51163942
vt 0.19144697 0.55782354
vt 0.44360670 0.58049816
vt 0.43085003 0.57903099
vt 0.08433065 0.51934052
vt 0.33750319 0.57011420
vt 0.31811541 0.56890732
vt 0.30050093 0.56751287
vt 0.45644960 0.59118533
vt 0.94079536 0.51448750
vt 0.95276678 0.51479858
vt 0.13234660 0.51856482
vt 0.10321453 0.51783919
vt 0.08866356 0.51573187
vt 0.48087788 0.50489086
vt 0.54575646 0.50442690
vt 0.52231610 0.50132316
vt 0.50730997 0.50105870
vt 0.08361948 0.54903710
vt 0.96764326 0.52962387
vt 0.97053480 0.53580159
vt 0.46490693 0.50534636
vt 0.27225271 0.51751733
vt 0.25692219 0.51669365
vt 0.28821912 0.51637018
vt 0.23574656 0.51608062
vt 0.30493373 0.51688403
vt 0.21925332 0.51539385
vt 0.48899311 0.50056589
vt 0.32735714 0.51493090
vt 0.44737834 0.50559336
vt 0.85504121 0.50979775
vt 0.55189025 0.49681118
vt 0.42955133 0.50859386
vt 0.38134623 0.57678640
vt 0.36543742 0.57359785
vt 0.28552416 0.56469810
vt 0.29841834 0.56935835
vt 0.41365615 0.57712185
vt 0.16383567 0.55775690
vt 0.17751041 0.55858570
vt 0.95951390 0.51212364
vt 0.95178688 0.50553161
vt 0.52146512 0.49562138
vt 0.82106346 0.50755531
vt 0.79716516 0.49634087
vt 0.81486827 0.49704340
vt 0.77460003 0.49718988
vt 0.92667389 0.50088584
vt 0.90515333 0.50080490
vt 0.88303876 0.49837703
vt 0.85533124 0.49801129
vt 0.83136123 0.49754801
vt 0.57626277 0.49565965
vt 0.66550934 0.49424872
vt 0.68526715 0.49471679
vt 0.71687442 0.49616870
vt 0.73440349 0.49654353
vt 0.65350765 0.49472541
vt 0.60390061 0.49525815
vt 0.94030547 0.50134099
vt 0.36957118 0.51305062
vt 0.39400312 0.50990182
vt 0.96751463 0.51850563
vt 0.50310367 0.49370286
vt 0.97256786 0.54962599
vt 0.97474158 0.56278980
vt 0.47673029 0.49689582
vt 0.19590104 0.51569599
vt 0.17167394 0.51570880
vt 0.14667544 0.51403373
vt 0.48962471 0.49361706
vt 0.97489476 0.56680936
vt 0.30456638 0.50895077
vt 0.32550105 0.50772130
vt 0.34054786 0.50743848
vt 0.43073043 0.50331235
vt 0.40236068 0.50436342
vt 0.27438483 0.51296103
vt 0.25878680 0.51189065
vt 0.23959698 0.51135629
vt 0.46280661 0.49628031
vt 0.35381135 0.50854397
vt 0.37546605 0.50611240
vt 0.22157952 0.51066685
vt 0.44116324 0.59223479
vt 0.12989521 0.51284975
vt 0.10484286 0.51368827
vt 0.09259837 0.51449156
vt 0.08830700 0.50673705
vt 0.09445947 0.50912470
vt 0.95628291 0.50003892
vt 0.95000923 0.49756855
vt 0.28147733 0.50835812
vt 0.44648954 0.49567696
vt 0.57637984 0.49084157
vt 0.55023676 0.49205887
vt 0.61186630 0.49002990
vt 0.52204710 0.49144202
vt 0.09223676 0.55680984
vt 0.10736632 0.55438906
vt 0.14415416 0.55491197
vt 0.42491007 0.58788085
vt 0.40902323 0.58702916
vt 0.40039387 0.58616811
vt 0.27058434 0.56699085
vt 0.25512409 0.56686395
vt 0.08566924 0.55696422
vt 0.23730351 0.56367296
vt 0.24203654 0.56815946
vt 0.44628301 0.59543008
vt 0.97592437 0.53260440
vt 0.70168585 0.49097401
vt 0.42866400 0.59150118
vt 0.77375323 0.48843578
vt 0.41326371 0.50056177
vt 0.97464764 0.58174324
vt 0.21664271 0.56288093
vt 0.22627188 0.56814110
vt 0.67290223 0.48649895
vt 0.65392941 0.48861870
vt 0.96163756 0.50058341
vt 0.26073286 0.50786072
vt 0.47597304 0.48837972
vt 0.97905558 0.54929537
vt 0.96776533 0.50608629
vt 0.92717475 0.49151400
vt 0.94164437 0.49079829
vt 0.90872383 0.49095246
vt 0.86411637 0.49010396
vt 0.83702934 0.48983604
vt 0.81986374 0.48957068
vt 0.51257044 0.48452541
vt 0.35711980 0.50120687
vt 0.38289103 0.49941435
vt 0.40184820 0.49567136
vt 0.72056651 0.49103105
vt 0.74190414 0.48858589
vt 0.43044010 0.49442601
vt 0.97316414 0.51985395
vt 0.49049133 0.48685107
vt 0.08520976 0.51229179
vt 0.12383091 0.50993103
vt 0.55050844 0.48553327
vt 0.53069371 0.47983244
vt 0.56974357 0.48422432
vt 0.58534807 0.48614264
vt 0.19484249 0.50937426
vt 0.46172786 0.48733455
vt 0.34076202 0.50210607
vt 0.17665178 0.51152653
vt 0.16097586 0.50835901
vt 0.31382310 0.57216042
vt 0.32604295 0.57369685
vt 0.34301403 0.57983565
vt 0.63798207 0.48222536
vt 0.61014873 0.48174810
vt 0.14367300 0.50963354
vt 0.32123867 0.50154972
vt 0.30605102 0.50480717
vt 0.29950193 0.50281966
vt 0.70181578 0.48458308
vt 0.49589464 0.47961220
vt 0.36563650 0.58737409
vt 0.39007428 0.58763140
vt 0.37521130 0.58748865
vt 0.95382243 0.48741770
vt 0.44596201 0.48765337
vt 0.07603599 0.53144133
vt 0.07638966 0.53980476
vt 0.07399194 0.53836262
vt 0.07274606 0.53351176
vt 0.07278745 0.52986157
vt 0.06249712 0.53343922
vt 0.07533533 0.52431875
vt 0.07280037 0.52436358
vt 0.06244427 0.52857918
vt 0.05531611 0.52985436
vt 0.04706834 0.53328341
vt 0.04385800 0.52992833
vt 0.03514812 0.52981496
vt 0.03561802 0.53285885
vt 0.02590302 0.53230637
vt 0.02466862 0.52944291
vt 0.01654186 0.53161675
vt 0.01577547 0.52795172
vt 0.02566012 0.52225929
vt 0.01816738 0.54181862
vt 0.02778843 0.53811836
vt 0.01779260 0.51892895
vt 0.05522963 0.52261400
vt 0.01464195 0.53825396
vt 0.03749126 0.52095091
vt 0.04322209 0.53885967
vt 0.05385895 0.53965390
vt 0.06236353 0.53808588
vt 0.01497166 0.51964945
vt 0.02732466 0.54500306
vt 0.04902877 0.54480135
vt 0.06802079 0.54331601
vt 0.07310870 0.54387146
vt 0.06255426 0.52150202
vt 0.07332820 0.51944292
vt 0.02439227 0.54802483
vt 0.01198420 0.53354937
vt 0.02643963 0.51787472
vt 0.03704777 0.51797926
vt 0.05455904 0.51751202
vt 0.05867254 0.54861641
vt 0.06264916 0.54454333
vt 0.01576144 0.54648370
vt 0.03168623 0.54834813
vt 0.06263391 0.54952008
vt 0.01204410 0.52765143
vt 0.06814446 0.51864272
vt 0.07669467 0.54567665
vt 0.05519191 0.54880124
vt 0.04456728 0.54794866
vt 0.06207941 0.51643813
vt 0.01238725 0.52106404
vt 0.01207652 0.54227644
vt 0.07286511 0.54965454
vt 0.07495806 0.54964793
vt 0.07894279 0.55557632
vt 0.07665961 0.51890886
vt 0.07331453 0.51372486
vt 0.07615912 0.51377261
vt 0.03377196 0.51372170
vt 0.05055677 0.51331687
vt 0.01823263 0.51254082
vt 0.05982341 0.51477504
vt 0.01509652 0.51354313
vt 0.02646631 0.51150364
vt 0.06244116 0.51195705
vt 0.08029666 0.52345413
vt 0.05415355 0.50983274
vt 0.06912139 0.55401170
vt 0.01199868 0.51565254
vt 0.23643474 0.50786519
vt 0.21322997 0.50527322
vt 0.25983688 0.50347263
vt 0.03497045 0.51006335
vt 0.28591004 0.57082617
vt 0.47684965 0.47959647
vt 0.01809525 0.55372822
vt 0.93892044 0.48281017
vt 0.92733073 0.48248959
vt 0.95030153 0.48190749
vt 0.73370606 0.48372480
vt 0.77432078 0.48038089
vt 0.80089831 0.48057494
vt 0.90593743 0.48164251
vt 0.84692448 0.48036331
vt 0.81798911 0.48014340
vt 0.28408638 0.50248039
vt 0.55196464 0.47793862
vt 0.97383267 0.51257956
vt 0.65563512 0.47738650
vt 0.70160741 0.47817919
vt 0.74214453 0.47789678
vt 0.68674934 0.47856694
vt 0.67305446 0.47780964
vt 0.57639962 0.47655115
vt 0.63916075 0.47579017
vt 0.60633212 0.47582120
vt 0.96044523 0.49105832
vt 0.96821696 0.49699992
vt 0.51061851 0.47571042
vt 0.52680266 0.47293586
vt 0.38598633 0.49279907
vt 0.07304247 0.50532746
vt 0.40727389 0.49016574
vt 0.01411132 0.50722039
vt 0.42971805 0.48569658
vt 0.97989291 0.51842844
vt 0.06185117 0.50593734
vt 0.34136161 0.49510723
vt 0.34906036 0.49784714
vt 0.35655531 0.49167401
vt 0.37164250 0.49150857
vt 0.97408384 0.59622985
vt 0.06277633 0.55539578
vt 0.97881466 0.58006847
vt 0.54841417 0.61222816
vt 0.47832647 0.60449243
vt 0.01246133 0.54990762
vt 0.95700848 0.48153448
vt 0.46141931 0.47912779
vt 0.23885101 0.50311923
vt 0.22722946 0.50063002
vt 0.01910336 0.50508618
vt 0.07525503 0.50508553
vt 0.97599345 0.50128138
vt 0.18002707 0.50525159
vt 0.07349658 0.55807447
vt 0.05814615 0.55636626
vt 0.32290459 0.49451250
vt 0.96520609 0.48462516
vt 0.49214792 0.47519520
vt 0.55160272 0.47007558
vt 0.57444417 0.47042388
vt 0.46454227 0.60326344
vt 0.93961859 0.47611076
vt 0.92770094 0.47538581
vt 0.95041972 0.47522354
vt 0.95731544 0.47566995
vt 0.90825069 0.47504809
vt 0.87771523 0.47399905
vt 0.84634662 0.47334865
vt 0.82739240 0.47208366
vt 0.05724954 0.50466120
vt 0.44556308 0.47947457
vt 0.30259445 0.49489340
vt 0.03442132 0.50380379
vt 0.05075978 0.50351125
vt 0.12885939 0.50438613
vt 0.14372903 0.50327492
vt 0.10598458 0.50523245
vt 0.09269445 0.50563055
vt 0.80024576 0.47272468
vt 0.77084857 0.47165382
vt 0.75392419 0.47285140
vt 0.70595139 0.47155026
vt 0.73215532 0.47110042
vt 0.97112101 0.48803940
vt 0.16196136 0.50283355
vt 0.40431729 0.48282242
vt 0.38649675 0.48542926
vt 0.66781187 0.46993721
vt 0.63802010 0.46971795
vt 0.60632163 0.46986380
vt 0.98401451 0.53618878
vt 0.27410346 0.49770442
vt 0.25941762 0.49728227
vt 0.28674677 0.49490055
vt 0.97924632 0.50680023
vt 0.81197196 0.47080749
vt 0.19265561 0.50202286
vt 0.08498900 0.50477946
vt 0.98259544 0.56687623
vt 0.98330563 0.52996117
vt 0.44237095 0.47533855
vt 0.42929968 0.47495770
vt 0.97650033 0.49109742
vt 0.47519970 0.47482654
vt 0.96541584 0.47778443
vt 0.33807769 0.49019614
vt 0.35005766 0.48638582
vt 0.37165505 0.48603857
vt 0.24182032 0.49589965
vt 0.53977627 0.46592808
vt 0.94045216 0.46830669
vt 0.92700350 0.46818045
vt 0.91065848 0.46803033
vt 0.85723072 0.46600574
vt 0.59923196 0.46243250
vt 0.55516356 0.46392566
vt 0.57545936 0.46285924
vt 0.52309138 0.46742526
vt 0.21298732 0.49856710
vt 0.49447301 0.46737498
vt 0.97095340 0.48018858
vt 0.45720923 0.46859738
vt 0.46557608 0.46291596
vt 0.07921042 0.50873780
vt 0.95604444 0.46803120
vt 0.79241383 0.46575943
vt 0.75470430 0.46586916
vt 0.73237598 0.46450353
vt 0.71160698 0.46455884
vt 0.63792229 0.46208927
vt 0.66317165 0.46287492
vt 0.69399750 0.45932037
vt 0.98349935 0.51341420
vt 0.53313255 0.45842242
vt 0.54988497 0.45724031
vt 0.66185707 0.45658660
vt 0.64166737 0.45598125
vt 0.59924525 0.45671991
vt 0.57445985 0.45636186
vt 0.47689351 0.45794964
vt 0.31422299 0.48762992
vt 0.33667770 0.48360699
vt 0.07030066 0.50012153
vt 0.51673591 0.45720977
vt 0.82737291 0.46538398
vt 0.01615673 0.49904725
vt 0.11887277 0.55849957
vt 0.14789051 0.55977756
vt 0.10199170 0.55752969
vt 0.97922766 0.59087992
vt 0.01466712 0.55428725
vt 0.49799779 0.60888422
vt 0.97728890 0.48321447
vt 0.27845827 0.49215302
vt 0.49458781 0.45615026
vt 0.44393855 0.46563086
vt 0.80251503 0.61812878
vt 0.27213508 0.57230836
vt 0.02772522 0.55365181
vt 0.40942359 0.47618899
vt 0.39320907 0.47947136
vt 0.62822473 0.61489016
vt 0.98377800 0.49966580
vt 0.56727958 0.61343676
vt 0.80966663 0.45883408
vt 0.74503690 0.45826900
vt 0.71422940 0.45746034
vt 0.76278889 0.45904905
vt 0.79525244 0.45523357
vt 0.98550731 0.54960030
vt 0.98570615 0.56202531
vt 0.17542538 0.49894047
vt 0.19172165 0.49760717
vt 0.02887073 0.49766275
vt 0.95210552 0.46113810
vt 0.94429970 0.46026218
vt 0.35687608 0.48165351
vt 0.36903134 0.47714260
vt 0.07330602 0.49808294
vt 0.96624458 0.46816820
vt 0.92735195 0.46201941
vt 0.87858701 0.46210578
vt 0.90135878 0.45877841
vt 0.84347051 0.46023422
vt 0.82503951 0.45836729
vt 0.46102816 0.45842221
vt 0.29885703 0.48556343
vt 0.31822288 0.48163801
vt 0.25573492 0.49096048
vt 0.53515518 0.45209455
vt 0.98755157 0.51817912
vt 0.16334535 0.49789414
vt 0.13454604 0.49755812
vt 0.08950622 0.50002742
vt 0.10738106 0.49911404
vt 0.06012935 0.49841461
vt 0.06242041 0.49804816
vt 0.22576432 0.49373391
vt 0.05309774 0.49761865
vt 0.42257708 0.47041878
vt 0.55225229 0.45140350
vt 0.07644317 0.50016314
vt 0.50484920 0.45159686
vt 0.97385919 0.47383377
vt 0.01267767 0.49949259
vt 0.69349462 0.45092756
vt 0.71507269 0.45099634
vt 0.76274300 0.45273086
vt 0.74925762 0.44911134
vt 0.66137379 0.44937819
vt 0.63896680 0.44964829
vt 0.61089814 0.45143288
vt 0.58815998 0.44753748
vt 0.57092893 0.44705299
vt 0.98444843 0.48936224
vt 0.95807672 0.46158239
vt 0.51777124 0.44985741
vt 0.33808991 0.47802445
vt 0.93701196 0.45274237
vt 0.92762285 0.45428881
vt 0.87204587 0.45229441
vt 0.84060842 0.44916964
vt 0.89950556 0.45003748
vt 0.39972344 0.47243568
vt 0.20593633 0.49373159
vt 0.81956488 0.44639122
vt 0.36548993 0.47100064
vt 0.23801859 0.48772004
vt 0.97475922 0.46688861
vt 0.98864084 0.50587404
vt 0.76261294 0.44790021
vt 0.80106544 0.44670686
vt 0.44088459 0.46065927
vt 0.42624584 0.46175057
vt 0.47469777 0.45519578
vt 0.48970819 0.45095882
vt 0.71304005 0.44626239
vt 0.69379413 0.44615862
vt 0.60878813 0.44221559
vt 0.63568217 0.44263914
vt 0.98031014 0.47805402
vt 0.71349120 0.61885387
vt 0.73125434 0.61736828
vt 0.75081825 0.61727834
vt 0.77380067 0.61694974
vt 0.27604476 0.48612142
vt 0.28725833 0.48411876
vt 0.30639103 0.47915930
vt 0.32144976 0.47215393
vt 0.95035881 0.44927904
vt 0.54951286 0.44437638
vt 0.53521478 0.44575551
vt 0.59068882 0.43977869
vt 0.57390034 0.44166312
vt 0.03693848 0.49238384
vt 0.08576573 0.49628165
vt 0.85175461 0.44427243
vt 0.18771715 0.49339327
vt 0.07003751 0.49400944
vt 0.38545829 0.46219280
vt 0.96721947 0.45525399
vt 0.97497094 0.45428282
vt 0.01790017 0.49327588
vt 0.02638900 0.49253064
vt 0.95869631 0.45032775
vt 0.00998170 0.52163106
vt 0.98549777 0.48233548
vt 0.92795765 0.44733703
vt 0.25547558 0.48476163
vt 0.66160679 0.44429016
vt 0.65447414 0.44057190
vt 0.89751947 0.44488487
vt 0.75741965 0.44300863
vt 0.77376395 0.44306469
vt 0.71876633 0.44241482
vt 0.17022438 0.49228704
vt 0.22499777 0.48807719
vt 0.98493648 0.58271545
vt 0.98301607 0.47251725
vt 0.33768082 0.47253305
vt 0.40270421 0.45701393
vt 0.42107508 0.45525622
vt 0.99172664 0.52850980
vt 0.07328331 0.49111900
vt 0.35684079 0.46838295
vt 0.36672011 0.46282956
vt 0.01477536 0.49295527
vt 0.69686949 0.43985462
vt 0.09510395 0.49643984
vt 0.10600084 0.49131581
vt 0.08867716 0.49217632
vt 0.94308883 0.44383797
vt 0.92784148 0.44207177
vt 0.50473416 0.44267371
vt 0.43885371 0.45136532
vt 0.45434222 0.44482780
vt 0.46930054 0.44330981
vt 0.14784239 0.49150458
vt 0.78897071 0.44108465
vt 0.83209205 0.44017923
vt 0.80898166 0.44070184
vt 0.05442750 0.49202833
vt 0.06169339 0.49053213
vt 0.12946433 0.49128848
vt 0.52057427 0.43955922
vt 0.27298525 0.47937328
vt 0.28358912 0.47582403
vt 0.95560080 0.44448537
vt 0.01072775 0.50487697
vt 0.00987150 0.51065481
vt 0.07683782 0.49485525
vt 0.85466093 0.43863854
vt 0.88660020 0.43905815
vt 0.44118676 0.44336149
vt 0.42724773 0.44767675
vt 0.96759570 0.61094064
vt 0.65313280 0.61623943
vt 0.68778175 0.61718273
vt 0.40535933 0.59661800
vt 0.38862729 0.59420973
vt 0.61045152 0.61524314
vt 0.89551067 0.61900222
vt 0.86118513 0.61997265
vt 0.82702553 0.62017566
vt 0.92601037 0.61971182
vt 0.93879950 0.62081552
vt 0.94819278 0.61993229
vt 0.04325271 0.55491769
vt 0.57276529 0.61352646
vt 0.23804463 0.57061267
vt 0.95647442 0.61984491
vt 0.42860904 0.60000938
vt 0.32900143 0.58225101
vt 0.34298313 0.58815831
vt 0.99270242 0.53662378
vt 0.25719696 0.57141823
vt 0.18185185 0.56274003
vt 0.16689278 0.56602699
vt 0.19602032 0.56618762
vt 0.29731503 0.57943487
vt 0.31065893 0.58114696
vt 0.99022311 0.49234122
vt 0.35912317 0.58860886
vt 0.07209596 0.56362963
vt 0.44549051 0.60659492
vt 0.96785384 0.61592573
vt 0.14632790 0.56320566
vt 0.97531891 0.60513628
vt 0.97533804 0.61371607
vt 0.97909635 0.59973866
vt 0.98331279 0.59708828
vt 0.21739393 0.56977087
vt 0.96206802 0.61880481
vt 0.28198406 0.57845771
vt 0.37463596 0.59148502
vt 0.62365586 0.63151383
vt 0.59620851 0.62440908
vt 0.67118663 0.62432784
vt 0.65015441 0.63185972
vt 0.57282746 0.62614202
vt 0.60211754 0.63023013
vt 0.56521851 0.62239265
vt 0.74788725 0.63327926
vt 0.73452532 0.63286543
vt 0.99348676 0.54876286
vt 0.49040598 0.61484134
vt 0.42454037 0.60353881
vt 0.79823107 0.63059729
vt 0.78003842 0.63093472
vt 0.88731027 0.63266844
vt 0.92362458 0.62959212
vt 0.84677625 0.63216436
vt 0.82412058 0.63217020
vt 0.93858075 0.63255709
vt 0.32967964 0.58831602
vt 0.46610263 0.61095631
vt 0.45636907 0.61488903
vt 0.19274324 0.56963849
vt 0.94357437 0.62950265
vt 0.99083775 0.56961989
vt 0.50897604 0.62327230
vt 0.49409640 0.62440854
vt 0.52529305 0.62417281
vt 0.69705397 0.63044816
vt 0.66230911 0.63231450
vt 0.71704990 0.63330698
vt 0.40863895 0.60103041
vt 0.01188969 0.55659270
vt 0.99263400 0.56038374
vt 0.53453612 0.62471700
vt 0.54934818 0.62583709
vt 0.94938749 0.63336647
vt 0.95437807 0.63282162
vt 0.99260896 0.51222813
vt 0.98776358 0.59133017
vt 0.47116348 0.62094265
vt 0.48244920 0.62549353
vt 0.77844816 0.63440961
vt 0.01774112 0.56376076
vt 0.69443351 0.63355136
vt 0.92538917 0.63339835
vt 0.25403953 0.57890111
vt 0.07548562 0.56301045
vt 0.02570350 0.56359500
vt 0.10438700 0.56548727
vt 0.12479443 0.56642252
vt 0.09195337 0.56541038
vt 0.14969455 0.56802964
vt 0.56513435 0.62921500
vt 0.95980221 0.63242316
vt 0.06237582 0.56310332
vt 0.03378419 0.56450403
vt 0.04688203 0.56511581
vt 0.05914631 0.56378919
vt 0.31346685 0.58890462
vt 0.43913350 0.61440152
vt 0.99476576 0.51885098
vt 0.26909867 0.58000016
vt 0.38338676 0.59960622
vt 0.36918718 0.59917986
vt 0.98342830 0.60670167
vt 0.79919070 0.63473213
vt 0.41194826 0.60541755
vt 0.96757734 0.62326741
vt 0.96443313 0.63183492
vt 0.21098828 0.57460874
vt 0.22500992 0.57440364
vt 0.08759039 0.56572938
vt 0.35256618 0.59018826
vt 0.57222408 0.63068169
vt 0.01197482 0.56440562
vt 0.29534417 0.58634597
vt 0.98180950 0.46023864
vt 0.24466136 0.57985830
vt 0.99429756 0.50324267
vt 0.96737009 0.44692060
vt 0.01208413 0.49131966
vt 0.99237776 0.58176088
vt 0.98341656 0.61483771
vt 0.98982650 0.47866097
vt 0.97222841 0.44862694
vt 0.00985826 0.54999298
vt 0.06820897 0.56747872
vt 0.97432673 0.62388122
vt 0.54826754 0.63003391
vt 0.52907771 0.63032150
vt 0.08455363 0.56566328
vt 0.76440972 0.63827497
vt 0.34541219 0.59970748
vt 0.59276932 0.63191366
vt 0.62150621 0.63797325
vt 0.27952808 0.58475089
vt 0.39313948 0.60711145
vt 0.26438412 0.58428133
vt 0.49916419 0.63077700
vt 0.97056305 0.63252413
vt 0.45750225 0.62583274
vt 0.46370080 0.62728614
vt 0.98871297 0.59974301
vt 0.73189020 0.63829023
vt 0.51397169 0.63456297
vt 0.78857601 0.64021665
vt 0.06123069 0.56749606
vt 0.06485827 0.57067508
vt 0.98674464 0.46363223
vt 0.42168728 0.61956102
vt 0.32975286 0.59941137
vt 0.92632258 0.64607137
vt 0.93522757 0.64644670
vt 0.84460872 0.64669222
vt 0.81992877 0.64546496
vt 0.80392736 0.64514583
vt 0.89985389 0.64624429
vt 0.94383180 0.64669222
vt 0.77267557 0.64515918
vt 0.98054332 0.62433183
vt 0.95399100 0.64607161
vt 0.99860072 0.53259540
vt 0.99521160 0.49356300
vt 0.99287587 0.59743702
vt 0.99061137 0.47168073
vt 0.01014140 0.55872399
vt 0.97754407 0.63517040
vt 0.96183366 0.64428169
vt 0.98304898 0.45204255
vt 0.96969867 0.64265651
vt 0.99580294 0.48471695
vt 0.98952311 0.61627036
vt 0.99358207 0.61127830
vt 0.98229420 0.63568604
vt 0.98648858 0.62081695
vt 0.98789555 0.45589173
vt 0.00886194 0.56697232
vt 0.99209821 0.46324134
vt 0.99668294 0.47272635
vt 0.98871762 0.44909826
vt 0.99041563 0.62789416
vt 0.98510730 0.63589048
vt 0.99443978 0.45448101
vt 0.99227506 0.63873649
vt 0.86142403 0.79292393
vt 0.87547076 0.79795408
vt 0.84949434 0.79937637
vt 0.89218211 0.79317707
vt 0.90406722 0.79797703
vt 0.89077049 0.80409163
vt 0.87055916 0.80358011
vt 0.90926737 0.80664825
vt 0.91672480 0.80021966
vt 0.83457619 0.80572271
vt 0.84051490 0.79797608
vt 0.91982234 0.80514401
vt 0.92367613 0.81133020
vt 0.84536469 0.79411262
vt 0.93087488 0.80723691
vt 0.93766934 0.81378537
vt 0.92690337 0.81884688
vt 0.93876660 0.81922710
vt 0.90751517 0.79421824
vt 0.87971562 0.78940552
vt 0.82803255 0.80344450
vt 0.82236880 0.81042266
vt 0.83377886 0.80998421
vt 0.82687461 0.81765884
vt 0.81511348 0.82453471
vt 0.81202757 0.81963605
vt 0.80833042 0.83352804
vt 0.80361122 0.82273561
vt 0.79574096 0.83924478
vt 0.80275410 0.84439397
vt 0.81550443 0.81073928
vt 0.85309833 0.80799305
vt 0.87700856 0.80784649
vt 0.93772280 0.82731158
vt 0.95622289 0.85702425
vt 0.95490950 0.86526120
vt 0.95082533 0.84118998
vt 0.95315832 0.83514535
vt 0.95408130 0.82922596
vt 0.96582496 0.85234821
vt 0.96990979 0.87352204
vt 0.95989066 0.89331526
vt 0.96652210 0.91362816
vt 0.95480829 0.92061216
vt 0.97039396 0.90125281
vt 0.96476769 0.92710304
vt 0.95516694 0.93082350
vt 0.95747060 0.93920887
vt 0.94872934 0.94488031
vt 0.94501579 0.93883276
vt 0.93778342 0.94812942
vt 0.94103122 0.95444494
vt 0.92824793 0.95856035
vt 0.93448752 0.96254164
vt 0.92165035 0.97033811
vt 0.91432613 0.96752268
vt 0.91736323 0.97511095
vt 0.95625794 0.89556515
vt 0.90570617 0.97768539
vt 0.90165168 0.97478223
vt 0.88989007 0.98015052
vt 0.88268709 0.96882480
vt 0.84993988 0.96808273
vt 0.85777104 0.97948200
vt 0.83465540 0.96254873
vt 0.83598357 0.97029996
vt 0.84225839 0.97880954
vt 0.83441615 0.97404069
vt 0.85982865 0.98363787
vt 0.87493449 0.98391330
vt 0.82107353 0.95112842
vt 0.82441282 0.96639431
vt 0.81404024 0.95436496
vt 0.80837262 0.93699586
vt 0.81424510 0.96062851
vt 0.80594152 0.94773597
vt 0.80820894 0.95744562
vt 0.80087292 0.94998699
vt 0.79800022 0.94048977
vt 0.80240762 0.93897349
vt 0.79473782 0.93035674
vt 0.79733706 0.91981512
vt 0.79079258 0.90450019
vt 0.78643489 0.92218584
vt 0.78256506 0.89991313
vt 0.78519338 0.85663575
vt 0.77970839 0.87272686
vt 0.77744901 0.89133322
vt 0.79027820 0.93536973
vt 0.79087484 0.87824941
vt 0.79539180 0.85403305
vt 0.79952395 0.84591222
vt 0.77949423 0.91135126
vt 0.82974470 0.97398931
vt 0.81995618 0.96755630
vt 0.96972769 0.91659987
vt 0.96439546 0.84407091
vt 0.79059017 0.83629125
vt 0.78440410 0.84685200
vt 0.79581046 0.90381151
vt 0.79528838 0.87723303
vt 0.95157510 0.94856459
vt 0.89363283 0.98306537
vt 0.92832357 0.95091945
vt 0.91955805 0.95434839
vt 0.96968138 0.85590851
vt 0.94786137 0.92473567
vt 0.91830695 0.81852245
vt 0.91400421 0.96224201
vt 0.90735960 0.96328044
vt 0.89558274 0.96429527
vt 0.94382417 0.83899009
vt 0.94689357 0.84975421
vt 0.97417998 0.88501948
vt 0.97376513 0.86825967
vt 0.78223097 0.85515326
vt 0.96006674 0.83295625
vt 0.79891831 0.86382836
vt 0.84356964 0.81272840
vt 0.78398448 0.92433602
vt 0.95185024 0.91466206
vt 0.86227626 0.78970367
vt 0.94151932 0.93316627
vt 0.89912939 0.80788970
vt 0.82131904 0.80379027
vt 0.83504814 0.79605216
vt 0.84855151 0.96437311
vt 0.86976433 0.96477109
vt 0.90731835 0.81195807
vt 0.79215354 0.94312906
vt 0.92825001 0.82488692
vt 0.93476331 0.83190298
vt 0.80391830 0.81763923
vt 0.79117435 0.83116335
vt 0.94819701 0.81968665
vt 0.95599955 0.82623547
vt 0.92904866 0.96977395
vt 0.81330568 0.83473086
vt 0.80690575 0.84172243
vt 0.82128102 0.82645112
vt 0.83221823 0.81976044
vt 0.80282265 0.85859811
vt 0.89701283 0.79030883
vt 0.77434057 0.88619572
vt 0.79959810 0.91441739
vt 0.80435038 0.92600459
vt 0.81484604 0.93828607
vt 0.82561892 0.94968814
vt 0.82148474 0.94327164
vt 0.84026343 0.95924658
vt 0.97387743 0.90432125
vt 0.93455172 0.94253922
vt 0.94049764 0.96108049
vt 0.94006151 0.84127808
vt 0.90935677 0.97884804
vt 0.77477568 0.90315294
vt 0.77901888 0.85778624
vt 0.77462101 0.87070507
vt 0.94778889 0.95505196
vt 0.84892017 0.98312855
vt 0.96349496 0.93542361
vt 0.95237577 0.89162564
vt 0.95194942 0.86716849
vt 0.94345856 0.85595620
vt 0.94012529 0.84972978
vt 0.79911703 0.89768988
vt 0.78646779 0.93328053
vt 0.81081516 0.96253693
vt 0.81694335 0.96901190
vt 0.82597858 0.97473758
vt 0.91820377 0.79649204
vt 0.92942053 0.80268526
vt 0.88203096 0.98761165
vt 0.78634405 0.83961397
vt 0.86262041 0.81342286
vt 0.87774503 0.81269312
vt 0.89083898 0.81347811
vt 0.81290275 0.80844074
vt 0.94373125 0.91848761
vt 0.94575566 0.91156882
vt 0.90521854 0.98246866
vt 0.83658117 0.97964925
vt 0.80086070 0.88225234
vt 0.94114888 0.81159711
vt 0.95773590 0.94485205
vt 0.86274630 0.98720276
vt 0.97759098 0.89729732
vt 0.94547611 0.96062660
vt 0.80949855 0.85048443
vt 0.87241089 0.78604025
vt 0.92584306 0.97486079
vt 0.97729754 0.87327462
vt 0.94809109 0.90072727
vt 0.90161484 0.81643087
vt 0.93690854 0.96683276
vt 0.93608689 0.80670023
vt 0.96900117 0.84697402
vt 0.84810692 0.79075837
vt 0.79551339 0.82410651
vt 0.96909380 0.92605084
vt 0.85426420 0.95884073
vt 0.87531519 0.96183538
vt 0.77910054 0.91970527
vt 0.90136945 0.95708215
vt 0.89114463 0.96000004
vt 0.90771556 0.95426202
vt 0.91419864 0.95176548
vt 0.92432976 0.94543552
vt 0.81135160 0.84650636
vt 0.79779840 0.94898039
vt 0.80507427 0.91228133
vt 0.81102258 0.92289639
vt 0.80827075 0.91794294
vt 0.80368501 0.95719904
vt 0.80210465 0.89953691
vt 0.89068329 0.78642172
vt 0.84022880 0.95264536
vt 0.84657151 0.95592350
vt 0.97334415 0.91613597
vt 0.85038120 0.81658965
vt 0.84167165 0.81991065
vt 0.92368889 0.82866877
vt 0.93132216 0.83653229
vt 0.93617117 0.84283406
vt 0.85301656 0.98666614
vt 0.96528238 0.83893222
vt 0.94961321 0.88449949
vt 0.80376935 0.86650485
vt 0.80660808 0.85713130
vt 0.91067189 0.82017159
vt 0.97329199 0.85606188
vt 0.78565842 0.83172172
vt 0.78965312 0.82565379
vt 0.83391005 0.82399637
vt 0.77684289 0.84947371
vt 0.93483222 0.93507123
vt 0.94022638 0.92352641
vt 0.92899108 0.94064659
vt 0.96286410 0.94449782
vt 0.82250470 0.83275700
vt 0.81721222 0.83876276
vt 0.82786506 0.82808232
vt 0.82671767 0.94310230
vt 0.81930339 0.93521333
vt 0.83230233 0.94748044
vt 0.91848105 0.97841859
vt 0.90701252 0.79062551
vt 0.81522346 0.92944628
vt 0.94735533 0.87269294
vt 0.94515038 0.86208928
vt 0.97498983 0.92269814
vt 0.80430895 0.81239563
vt 0.79924828 0.81613529
vt 0.95191669 0.81919450
vt 0.78589541 0.94094527
vt 0.86105508 0.78476280
vt 0.97186065 0.92983097
vt 0.96714693 0.93808496
vt 0.93495220 0.80090237
vt 0.97461778 0.84942377
vt 0.90140599 0.98702335
vt 0.95685929 0.95221144
vt 0.95173198 0.95770448
vt 0.97849137 0.91115212
vt 0.77406180 0.91587174
vt 0.77161342 0.87380999
vt 0.78061646 0.84048301
vt 0.92211539 0.97990143
vt 0.98131138 0.88445967
vt 0.81885779 0.79979688
vt 0.80921328 0.80575830
vt 0.93441200 0.97260356
vt 0.78211528 0.93232769
vt 0.77775973 0.92681038
vt 0.94709742 0.81078404
vt 0.97080606 0.84146440
vt 0.97862631 0.86140114
vt 0.77345788 0.85940486
vt 0.94460249 0.96482944
vt 0.91308814 0.98364866
vt 0.92949247 0.97596794
vt 0.79555953 0.95361543
vt 0.84299892 0.78757632
vt 0.80301917 0.96166933
vt 0.80883378 0.96714073
vt 0.95120972 0.81448954
vt 0.90135294 0.78506649
vt 0.91084158 0.78813779
vt 0.92910320 0.79685354
vt 0.87709111 0.78239006
vt 0.77042496 0.89922529
vt 0.76969773 0.88847178
vt 0.83123207 0.79237127
vt 0.94031417 0.80451214
vt 0.85224348 0.78484410
vt 0.96318191 0.82876587
vt 0.95822233 0.82193112
vt 0.82716554 0.97894907
vt 0.92196518 0.79279482
vt 0.98048615 0.90093267
vt 0.87485325 0.99175584
vt 0.78962570 0.94663191
vt 0.84733313 0.98784834
vt 0.98037273 0.87162560
vt 0.94749463 0.88960165
vt 0.82168019 0.97601581
vt 0.88903981 0.78260458
vt 0.81523633 0.97197753
vt 0.83783072 0.98458827
vt 0.80717546 0.90970594
vt 0.90238017 0.98830324
vt 0.88809896 0.99063677
vt 0.86031115 0.99063736
vt 0.80396891 0.89943552
vt 0.80361581 0.88012141
vt 0.79858667 0.81443220
vt 0.85751033 0.95642310
vt 0.88784903 0.95602214
vt 0.88866395 0.81638348
vt 0.76966834 0.87347174
vt 0.87871170 0.95966345
vt 0.86679709 0.95929122
vt 0.87303340 0.81645107
vt 0.86045516 0.81595016
vt 0.86297184 0.78196621
vt 0.89668059 0.95186108
vt 0.90735751 0.94800419
vt 0.91974556 0.94726759
vt 0.98309588 0.89157963
vt 0.80802822 0.87178856
vt 0.94013053 0.91068774
vt 0.89581120 0.82101065
vt 0.85805839 0.82074231
vt 0.82063210 0.79643226
vt 0.85293472 0.95046920
vt 0.86055076 0.95282108
vt 0.91869742 0.93993932
vt 0.92792237 0.93304187
vt 0.93223798 0.92991102
vt 0.93636370 0.92736703
vt 0.81144774 0.86178958
vt 0.81470680 0.84553087
vt 0.81461585 0.85418493
vt 0.93959349 0.86221415
vt 0.92323929 0.93615776
vt 0.91400421 0.94326288
vt 0.94347566 0.89796805
vt 0.94341367 0.87757653
vt 0.83713764 0.82885516
vt 0.93661135 0.91857654
vt 0.93735427 0.91400361
vt 0.82221842 0.84390002
vt 0.84145838 0.94776917
vt 0.84597069 0.94752699
vt 0.82926720 0.83523166
vt 0.82621878 0.83968383
vt 0.83678359 0.83106899
vt 0.88794404 0.81996298
vt 0.86794305 0.82025629
vt 0.81310850 0.91094744
vt 0.81866235 0.84789205
vt 0.87615830 0.81947672
vt 0.83850563 0.94335777
vt 0.93378103 0.92184961
vt 0.93099785 0.84738529
vt 0.76912254 0.91017801
vt 0.92712390 0.83337361
vt 0.91793972 0.83312148
vt 0.92762947 0.84281611
vt 0.87555522 0.77575338
vt 0.88025004 0.77584624
vt 0.83294219 0.78447133
vt 0.92349684 0.83726531
vt 0.79826701 0.80645996
vt 0.95388854 0.96513700
vt 0.94509435 0.97263670
vt 0.82414758 0.78845376
vt 0.84440547 0.78030986
vt 0.81680679 0.79294145
vt 0.97448671 0.93875688
vt 0.98767817 0.90021229
vt 0.91247004 0.82927316
vt 0.91721582 0.82496113
vt 0.90560853 0.82552207
vt 0.98797333 0.88518208
vt 0.98757923 0.87312663
vt 0.79092473 0.81473559
vt 0.83337718 0.93956292
vt 0.82426298 0.93932587
vt 0.82312447 0.92908567
vt 0.81960613 0.92409259
vt 0.96228105 0.95646268
vt 0.96813577 0.94931799
vt 0.82844597 0.93525845
vt 0.76720190 0.86434448
vt 0.78107214 0.82738328
vt 0.77599239 0.83517444
vt 0.98355579 0.91778511
vt 0.76848674 0.85395169
vt 0.77663279 0.93815482
vt 0.77286839 0.84238881
vt 0.80591458 0.80029947
vt 0.85299730 0.77894992
vt 0.78526676 0.82070571
vt 0.91930825 0.98862582
vt 0.86382979 0.77620947
vt 0.92035407 0.78478616
vt 0.95863080 0.81308794
vt 0.88969469 0.77599418
vt 0.97303611 0.83209836
vt 0.90352142 0.77946568
vt 0.90956116 0.78091341
vt 0.93517369 0.79287231
vt 0.97941917 0.92906940
vt 0.93615079 0.97980869
vt 0.92668688 0.78857261
vt 0.92692000 0.98502398
vt 0.98341209 0.85672957
vt 0.94533890 0.80027497
vt 0.95117939 0.80555314
vt 0.93027943 0.92813605
vt 0.96726978 0.82348263
vt 0.97825950 0.84250981
vt 0.79080278 0.95733750
vt 0.79496622 0.96282768
vt 0.76813298 0.91855067
vt 0.76366347 0.88862801
vt 0.78357136 0.94913834
vt 0.76414120 0.87141001
vt 0.80159819 0.96790969
vt 0.98159778 0.85024059
vt 0.89540750 0.99677116
vt 0.88928539 0.99735469
vt 0.82289189 0.98410350
vt 0.83154655 0.98897964
vt 0.87531346 0.99800032
vt 0.90729141 0.99326903
vt 0.76442218 0.90299827
vt 0.80540091 0.97269875
vt 0.86202353 0.99743289
vt 0.77317566 0.93136275
vt 0.81569284 0.97986132
vt 0.85519999 0.99685389
vt 0.84396702 0.99319744
vt 0.98788828 0.90948790
vt 0.85486716 0.77447671
vt 0.98825121 0.86237478
vt 0.89886785 0.77451730
vt 0.79693639 0.80019820
vt 0.80817550 0.79143077
vt 0.76255780 0.85745788
vt 0.78792644 0.80872011
vt 0.81594223 0.78610200
vt 0.76605624 0.84282964
vt 0.76201409 0.85068542
vt 0.83222163 0.77807993
vt 0.82390755 0.78170401
vt 0.84407687 0.77335984
vt 0.78040189 0.81722349
vt 0.77424228 0.82668251
vt 0.95316190 0.79928732
vt 0.96693236 0.81355804
vt 0.90774572 0.77351719
vt 0.77017605 0.83429724
vt 0.97649270 0.82657069
vt 0.87699234 0.76941514
vt 0.92734718 0.78137684
vt 0.96128798 0.80723792
vt 0.93718636 0.78723973
vt 0.94557881 0.79114896
vt 0.79078281 0.96573287
vt 0.79862231 0.97432989
vt 0.75854337 0.88682026
vt 0.75809413 0.87483054
vt 0.77343786 0.94532251
vt 0.76718175 0.93335444
vt 0.98391825 0.84107381
vt 0.92067879 0.77819580
vt 0.86351186 0.76956499
vt 0.75841504 0.89834183
vt 0.78089017 0.95455837
vt 0.80688995 0.98153615
vt 0.99300373 0.88617146
vt 0.95435369 0.97258300
vt 0.96266288 0.96451491
vt 0.84374309 0.99952060
vt 0.83151054 0.99497437
vt 0.98132962 0.93784028
vt 0.98944068 0.85495108
vt 0.98583412 0.92733812
vt 0.75792909 0.90758961
vt 0.76196742 0.91895592
vt 0.82344246 0.99087012
vt 0.97708642 0.94579327
vt 0.94389081 0.98109627
vt 0.96933270 0.95814067
vt 0.93545884 0.98680437
vt 0.81749541 0.99049395
vt 0.90688485 0.99952060
vt 0.98942703 0.91761822
vt 0.97309297 0.95274740
vt 0.92134589 0.99416846
vt 0.97813791 0.82077229
vt 0.78881514 0.80141944
vt 0.79533702 0.79401010
vt 0.78186435 0.80688083
vt 0.77222818 0.95161414
vt 0.80745900 0.78490847
vt 0.95568132 0.79384995
vt 0.78639412 0.96832210
vt 0.77169991 0.81860167
vt 0.80113667 0.98355258
vt 0.97089148 0.80959523
vt 0.96532726 0.80253071
vt 0.77892452 0.96064234
vt 0.79312211 0.97739375
vt 0.95697081 0.98091888
vt 0.94841081 0.98490262
vt 0.96794367 0.97331983
vt 0.77192724 0.95701206
vt 0.78771114 0.79359144
vt 0.92050403 0.03841645
vt 0.91575372 0.04037252
vt 0.91431528 0.03215122
vt 0.92080563 0.03179161
vt 0.91025633 0.03470591
vt 0.90322602 0.03874940
vt 0.89867842 0.03777980
vt 0.89130002 0.04164141
vt 0.89464355 0.04356147
vt 0.88222635 0.04572950
vt 0.88029790 0.04007231
vt 0.87690228 0.04496242
vt 0.87462103 0.03814084
vt 0.86454999 0.04278133
vt 0.86370027 0.04636914
vt 0.86456829 0.03888903
vt 0.84832996 0.04508302
vt 0.84841985 0.04808180
vt 0.90574217 0.04327824
vt 0.84756660 0.04210600
vt 0.93132031 0.03724269
vt 0.93089253 0.03221671
vt 0.95432454 0.03413460
vt 0.95168841 0.03025423
vt 0.96708864 0.02684695
vt 0.94539088 0.03938882
vt 0.95830834 0.03813745
vt 0.93159550 0.03996981
vt 0.85720354 0.05135587
vt 0.96807176 0.03720633
vt 0.97129273 0.03194704
vt 0.97249168 0.03736916
vt 0.86582947 0.05043648
vt 0.87916297 0.04886738
vt 0.95714366 0.04299052
vt 0.84789723 0.05235066
vt 0.92087477 0.04208523
vt 0.93739170 0.04517771
vt 0.89502382 0.04819068
vt 0.90469915 0.04745700
vt 0.97235793 0.04105156
vt 0.91899133 0.04643403
vt 0.91025388 0.04813980
vt 0.97154897 0.02701367
vt 0.97418839 0.03352425
vt 0.93206155 0.02933606
vt 0.97577882 0.04298975
vt 0.86288756 0.05508174
vt 0.87865639 0.05328728
vt 0.88326085 0.05433901
vt 0.89541495 0.05229068
vt 0.90870863 0.05110373
vt 0.84963286 0.05636007
vt 0.93695861 0.04929468
vt 0.91939300 0.05050094
vt 0.95589846 0.04726498
vt 0.97282010 0.04622836
vt 0.91481334 0.05478476
vt 0.91969901 0.05797601
vt 0.90049249 0.05706101
vt 0.93363333 0.05411857
vt 0.94770324 0.05293006
vt 0.97512627 0.03669548
vt 0.90664059 0.03126797
vt 0.96254027 0.02077514
vt 0.94257557 0.02213132
vt 0.88921905 0.03594140
vt 0.97057307 0.01982746
vt 0.92716807 0.02444153
vt 0.89563209 0.03249282
vt 0.97330761 0.02293189
vt 0.85665929 0.03543184
vt 0.84948874 0.03669379
vt 0.92095709 0.02347873
vt 0.97416598 0.02797254
vt 0.86573350 0.03174802
vt 0.90496296 0.02719328
vt 0.88176906 0.03049495
vt 0.91416013 0.02562368
vt 0.97271055 0.01676477
vt 0.89139313 0.02976682
vt 0.91924000 0.01937108
vt 0.84858704 0.03246493
vt 0.90097296 0.02505846
vt 0.93086863 0.01810198
vt 0.91229129 0.02011237
vt 0.95564497 0.01548739
vt 0.89120209 0.02465308
vt 0.96979284 0.01371825
vt 0.84897077 0.02891077
vt 0.97247314 0.01111520
vt 0.86523044 0.02510782
vt 0.84769619 0.02695679
vt 0.87574977 0.02362803
vt 0.88547260 0.02361519
vt 0.90433407 0.01937512
vt 0.88908517 0.01511578
vt 0.87924510 0.01530239
vt 0.91857338 0.01337851
vt 0.91430944 0.01464205
vt 0.94684881 0.01370491
vt 0.93060893 0.01492702
vt 0.87274748 0.01890814
vt 0.86224473 0.02106898
vt 0.84807849 0.02343678
vt 0.96499836 0.00431448
vt 0.96939290 0.00436417
vt 0.97190243 0.00723450
vt 0.97260237 0.00501152
vt 0.95361012 0.00529814
vt 0.94290501 0.00914255
vt 0.93214691 0.01086362
vt 0.97364157 0.04905590
vt 0.96868706 0.04921225
vt 0.97643882 0.04969251
vt 0.84771609 0.06082323
vt 0.85888702 0.05971083
vt 0.86853087 0.05893274
vt 0.88366550 0.05720645
vt 0.89502269 0.05939401
vt 0.92248261 0.05936260
vt 0.93806756 0.05832990
vt 0.90485191 0.06214871
vt 0.95705128 0.05689703
vt 0.97333163 0.05617362
vt 0.84757018 0.06372581
vt 0.92379218 0.06383822
vt 0.97592002 0.05226682
vt 0.91701120 0.06596411
vt 0.93880272 0.06316668
vt 0.85888833 0.06455464
vt 0.86932069 0.06232140
vt 0.96330535 0.06030307
vt 0.88528252 0.06230009
vt 0.97462791 0.05935504
vt 0.96913910 0.06174165
vt 0.97714549 0.05876746
vt 0.92078942 0.06715134
vt 0.84748137 0.06620141
vt 0.94311619 0.06494584
vt 0.92689300 0.06664881
vt 0.89673203 0.06759348
vt 0.86965877 0.06486477
vt 0.88603532 0.06521377
vt 0.97004539 0.06759348
vt 0.97519344 0.06525274
vt 0.97698075 0.06258240
vt 0.07817738 0.90508783
vt 0.08414840 0.88498622
vt 0.07449591 0.90338099
vt 0.08023778 0.88398987
vt 0.08460682 0.87624478
vt 0.07556333 0.90687478
vt 0.08677017 0.89957476
vt 0.09029136 0.88774514
vt 0.09223979 0.88057727
vt 0.09377869 0.87342095
vt 0.08840409 0.87150669
vt 0.09413270 0.89366549
vt 0.09027800 0.90556836
vt 0.08856225 0.91476518
vt 0.08179201 0.92126060
vt 0.08678780 0.92374688
vt 0.07439677 0.91681933
vt 0.09722541 0.88323194
vt 0.07137877 0.92552364
vt 0.08283580 0.93301040
vt 0.07106312 0.91351759
vt 0.06801860 0.92437309
vt 0.09986825 0.87789285
vt 0.09230759 0.91681975
vt 0.09502518 0.90220541
vt 0.09765788 0.89321190
vt 0.10037977 0.88831717
vt 0.06774122 0.94042206
vt 0.07908382 0.94214720
vt 0.07550327 0.94930100
vt 0.08374523 0.94791818
vt 0.08598146 0.93860590
vt 0.06555349 0.94680333
vt 0.07662070 0.95319253
vt 0.08603178 0.95692569
vt 0.09494534 0.93111593
vt 0.09184400 0.94499618
vt 0.08970896 0.95263171
vt 0.09860335 0.92634487
vt 0.06286905 0.94147164
vt 0.05981013 0.94491673
vt 0.06279819 0.95189846
vt 0.05487311 0.93503630
vt 0.06139831 0.92296356
vt 0.05997460 0.91463244
vt 0.05121368 0.94173133
vt 0.06722268 0.90446466
vt 0.05493254 0.94877702
vt 0.08352151 0.87011755
vt 0.07071842 0.89293969
vt 0.07451089 0.88313591
vt 0.09340033 0.95855486
vt 0.07607847 0.87603533
vt 0.04755736 0.94393837
vt 0.04569062 0.93532449
vt 0.05408788 0.92289168
vt 0.05998041 0.90507269
vt 0.06442201 0.89688200
vt 0.04221625 0.94293481
vt 0.05451836 0.91380882
vt 0.06364493 0.89169407
vt 0.06767804 0.88344443
vt 0.07103281 0.87556422
vt 0.08697720 0.86660254
vt 0.07762197 0.86724299
vt 0.07216193 0.86964881
vt 0.07431654 0.95559227
vt 0.08210154 0.95795417
vt 0.05904824 0.89646155
vt 0.04782331 0.91524732
vt 0.09958027 0.87197256
vt 0.09538001 0.86899114
vt 0.04524465 0.94603086
vt 0.04218854 0.92958379
vt 0.03858713 0.93655962
vt 0.03465537 0.94055927
vt 0.04781172 0.90916461
vt 0.08219498 0.86490268
vt 0.09556216 0.94893003
vt 0.09618718 0.95505172
vt 0.10055941 0.94598895
vt 0.09998014 0.95302683
vt 0.10139424 0.91336435
vt 0.09768222 0.90896004
vt 0.10233815 0.88111538
vt 0.10360923 0.90208119
vt 0.10131225 0.95928729
vt 0.10322525 0.87378299
vt 0.10403003 0.93283075
vt 0.10485781 0.92422497
vt 0.04358067 0.91642201
vt 0.03619691 0.92879546
vt 0.03250724 0.93783379
vt 0.06513752 0.87716770
vt 0.06145053 0.88471806
vt 0.05711290 0.89261383
vt 0.04993473 0.89830124
vt 0.06660083 0.87128615
vt 0.07297609 0.86408561
vt 0.06841629 0.86484689
vt 0.04017677 0.90923417
vt 0.07805417 0.86197841
vt 0.03301590 0.92418605
vt 0.03100798 0.93201810
vt 0.02415922 0.93304223
vt 0.02688046 0.92549437
vt 0.05377283 0.88743049
vt 0.05971356 0.87589806
vt 0.03881425 0.90346259
vt 0.04544721 0.89663756
vt 0.02854712 0.94467705
vt 0.09523352 0.96596354
vt 0.10607059 0.88942873
vt 0.02585739 0.92083085
vt 0.10327769 0.86881965
vt 0.02152103 0.93018943
vt 0.01632463 0.92909098
vt 0.01894101 0.92385155
vt 0.07353151 0.85883051
vt 0.06218425 0.86668992
vt 0.03445599 0.90683579
vt 0.04969609 0.88322705
vt 0.04116793 0.89318180
vt 0.05611023 0.87131679
vt 0.02446848 0.93529671
vt 0.06642578 0.85919368
vt 0.08786725 0.85949755
vt 0.10861778 0.91046315
vt 0.10411595 0.95037258
vt 0.10919625 0.95327032
vt 0.10812729 0.95947307
vt 0.10770410 0.94609022
vt 0.09235287 0.86111963
vt 0.10839870 0.87754136
vt 0.11109771 0.90230078
vt 0.11036008 0.92683458
vt 0.10875821 0.93093354
vt 0.08412120 0.85733086
vt 0.11222202 0.91729635
vt 0.11140341 0.87267566
vt 0.10769410 0.86815244
vt 0.10099208 0.86261100
vt 0.11062244 0.89148265
vt 0.03200422 0.90213954
vt 0.08072620 0.85597646
vt 0.01908467 0.91595942
vt 0.07013697 0.85483420
vt 0.11348025 0.95006698
vt 0.11473670 0.95702517
vt 0.11437499 0.94177765
vt 0.11520522 0.95988160
vt 0.11520522 0.91214681
vt 0.09294262 0.85648137
vt 0.10035205 0.85704511
vt 0.10586049 0.86156487
vt 0.09101855 0.84953451
vt 0.07569351 0.85030848
vt 0.09564577 0.85043299
vt 0.08611940 0.84686244
vt 0.10711082 0.85527903
vt 0.10455014 0.84825838
vt 0.09240171 0.84324068
vt 0.09682258 0.84449661
vt 0.50649959 0.93384874
vt 0.48792467 0.92617911
vt 0.49164250 0.92309606
vt 0.50894296 0.92988098
vt 0.48726928 0.92213953
vt 0.47943929 0.91787690
vt 0.47733927 0.92172110
vt 0.47131187 0.91456550
vt 0.46957344 0.91875851
vt 0.51880169 0.93877500
vt 0.51621866 0.93348700
vt 0.49387980 0.93357778
vt 0.50400978 0.93985069
vt 0.47473356 0.92880958
vt 0.46723026 0.92512089
vt 0.48396084 0.93681306
vt 0.51153606 0.94270879
vt 0.46949571 0.93389517
vt 0.46187419 0.93112934
vt 0.49855536 0.94362921
vt 0.51777691 0.94522828
vt 0.50784928 0.94715226
vt 0.45254081 0.92359090
vt 0.45531523 0.91337514
vt 0.44988567 0.91202211
vt 0.44592091 0.92059135
vt 0.44987288 0.92848921
vt 0.44546285 0.92954445
vt 0.44022119 0.92764884
vt 0.44968557 0.93613321
vt 0.47355136 0.93983179
vt 0.48598388 0.94331908
vt 0.44273916 0.93470758
vt 0.46343231 0.93927228
vt 0.51312727 0.95022082
vt 0.50066561 0.94763929
vt 0.43705797 0.93377888
vt 0.46687129 0.94622129
vt 0.45262590 0.90497190
vt 0.45744857 0.90821254
vt 0.44057995 0.91762710
vt 0.44428188 0.90760458
vt 0.44624984 0.90233958
vt 0.45854032 0.94494694
vt 0.44475910 0.94095564
vt 0.43628025 0.94145256
vt 0.48160872 0.94714820
vt 0.51752084 0.95337909
vt 0.48909572 0.95242387
vt 0.46174306 0.94892287
vt 0.52209038 0.93483633
vt 0.50809854 0.95331639
vt 0.50015479 0.95502818
vt 0.47074273 0.95230842
vt 0.44413924 0.94866765
vt 0.44073310 0.94498324
vt 0.43430746 0.94704604
vt 0.43906268 0.95254058
vt 0.52246666 0.94754684
vt 0.52412528 0.94151157
vt 0.45701095 0.95253241
vt 0.46291319 0.89799654
vt 0.47436306 0.90741485
vt 0.45562500 0.89589643
vt 0.48315480 0.91120988
vt 0.49920234 0.91917646
vt 0.45102891 0.89097005
vt 0.48132643 0.90380347
vt 0.47401890 0.90056992
vt 0.51707190 0.92752111
vt 0.48934543 0.90830177
vt 0.52614468 0.93653578
vt 0.50989741 0.91886055
vt 0.50211293 0.91341317
vt 0.43706211 0.92695773
vt 0.52193761 0.95485973
vt 0.46253079 0.89063334
vt 0.45534682 0.89243978
vt 0.46966276 0.89583123
vt 0.51784617 0.92188627
vt 0.52531868 0.92883492
vt 0.52401513 0.92368305
vt 0.46072969 0.88550287
vt 0.46852612 0.88717675
vt 0.48968342 0.90345037
vt 0.45520777 0.88381016
vt 0.48123589 0.89449358
vt 0.49776164 0.90794420
vt 0.50874490 0.91221827
vt 0.51715261 0.91645229
vt 0.48764783 0.89405745
vt 0.49946180 0.90179902
vt 0.45945403 0.87719756
vt 0.53000104 0.93062371
vt 0.43384033 0.95305115
vt 0.44174054 0.95568603
vt 0.43350825 0.95921743
vt 0.46146053 0.95644796
vt 0.43450004 0.93855208
vt 0.50998533 0.95905167
vt 0.48003030 0.95676571
vt 0.49445894 0.95883316
vt 0.46591362 0.96053714
vt 0.48352274 0.96133620
vt 0.47999409 0.88628864
vt 0.47288775 0.87919211
vt 0.46818405 0.87819541
vt 0.46458590 0.87722790
vt 0.48692545 0.88641000
vt 0.52959591 0.92314446
vt 0.52255386 0.91805643
vt 0.49248654 0.88975525
vt 0.43759143 0.91680282
vt 0.46454519 0.86987698
vt 0.50948459 0.90624285
vt 0.44860834 0.88675904
vt 0.47088328 0.87243700
vt 0.53348225 0.92648214
vt 0.49892026 0.89187348
vt 0.50646907 0.89700317
vt 0.52963179 0.94482166
vt 0.53143048 0.93956131
vt 0.43804693 0.90651631
vt 0.44274789 0.89499116
vt 0.51864946 0.95729041
vt 0.52150655 0.91212422
vt 0.52853525 0.91728044
vt 0.45652476 0.96178883
vt 0.51512319 0.96218657
vt 0.52798146 0.95415562
vt 0.44154179 0.96206546
vt 0.43744510 0.96242857
vt 0.43236941 0.96500480
vt 0.52258360 0.95978487
vt 0.50499666 0.96393275
vt 0.47876695 0.87230551
vt 0.47342727 0.86846071
vt 0.46866250 0.86470866
vt 0.49102828 0.88434619
vt 0.51742589 0.90426660
vt 0.50038844 0.88729262
vt 0.53371918 0.92072850
vt 0.53740770 0.93187672
vt 0.47305554 0.85953981
vt 0.48925269 0.87793052
vt 0.52650481 0.91080511
vt 0.47723830 0.86341602
vt 0.48342544 0.86735392
vt 0.53502411 0.91693556
vt 0.50929189 0.89238840
vt 0.49582866 0.87905884
vt 0.53729939 0.94187671
vt 0.53865695 0.92276025
vt 0.49512994 0.96500480
vt 0.53478861 0.94722551
vt 0.52941865 0.95992351
vt 0.53536451 0.95455968
vt 0.53489202 0.95993483
vt 0.53975779 0.94882941
vt 0.54013515 0.94424564
vt 0.54417580 0.93989116
vt 0.54338008 0.92877454
vt 0.54756087 0.94727564
vt 0.54189825 0.95831525
vt 0.54620761 0.95121419
vt 0.54980630 0.95271957
vt 0.55177242 0.94839412
vt 0.68301076 0.86244458
vt 0.67652327 0.87784731
vt 0.68320101 0.87344813
vt 0.68837392 0.86549169
vt 0.69087493 0.85771900
vt 0.68597072 0.85632396
vt 0.67783993 0.88441616
vt 0.69309872 0.84822613
vt 0.67086309 0.88949299
vt 0.67286146 0.89465159
vt 0.66915113 0.87727928
vt 0.68874216 0.84481531
vt 0.69467354 0.84034944
vt 0.67373341 0.86871749
vt 0.66548043 0.88375860
vt 0.67864013 0.85516560
vt 0.67233711 0.86187172
vt 0.68100941 0.84586132
vt 0.69178075 0.83740252
vt 0.65860182 0.90054709
vt 0.66306752 0.90611702
vt 0.65465420 0.90525305
vt 0.65413219 0.89591539
vt 0.64768583 0.90206909
vt 0.65172154 0.89165032
vt 0.66148627 0.87639755
vt 0.65925324 0.88199043
vt 0.66122347 0.91327220
vt 0.66772783 0.86492872
vt 0.67513698 0.85293204
vt 0.68577546 0.83809012
vt 0.64666152 0.90682817
vt 0.66776687 0.90796196
vt 0.67043483 0.91593468
vt 0.67483896 0.92127532
vt 0.69903105 0.84176147
vt 0.68096864 0.89205849
vt 0.67699212 0.90132630
vt 0.67612302 0.91254300
vt 0.68803304 0.87631613
vt 0.68431580 0.88443476
vt 0.69589776 0.83474326
vt 0.69714296 0.85526723
vt 0.68472123 0.89660513
vt 0.69954109 0.83667094
vt 0.69091070 0.89132011
vt 0.67821401 0.91645485
vt 0.68479919 0.91085482
vt 0.68869662 0.90000463
vt 0.70163310 0.84638321
vt 0.68101138 0.91943830
vt 0.69531578 0.87365836
vt 0.69894910 0.86439377
vt 0.69486588 0.88000387
vt 0.70180333 0.85701036
vt 0.68997878 0.83366716
vt 0.68335783 0.92539340
vt 0.69631588 0.89765435
vt 0.69976646 0.88961577
vt 0.69090462 0.91588295
vt 0.68791038 0.92489350
vt 0.70012885 0.87999618
vt 0.70558536 0.86295491
vt 0.70210612 0.87087286
vt 0.70733923 0.84312868
vt 0.70380986 0.83756006
vt 0.70566106 0.85133362
vt 0.70040882 0.90490460
vt 0.69521469 0.91438133
vt 0.69238371 0.92080843
vt 0.70899677 0.85648555
vt 0.69628298 0.92729843
vt 0.69854504 0.91905802
vt 0.70485574 0.89911312
vt 0.70459569 0.88411897
vt 0.70836204 0.87012839
vt 0.70280647 0.91539991
vt 0.70144355 0.92337632
vt 0.71144927 0.84908092
vt 0.70972800 0.83874035
vt 0.70336401 0.92906952
vt 0.70943528 0.89660478
vt 0.71116412 0.88177407
vt 0.71278083 0.84217942
vt 0.64010948 0.90091783
vt 0.64538658 0.89367777
vt 0.66836220 0.85852563
vt 0.67510557 0.84595519
vt 0.64550638 0.88770950
vt 0.64045411 0.89359617
vt 0.65363729 0.87585133
vt 0.68577802 0.83237410
vt 0.65835100 0.86534578
vt 0.64646602 0.87688726
vt 0.63921899 0.88728881
vt 0.67965454 0.83711976
vt 0.63476217 0.89119047
vt 0.63254559 0.89735353
vt 0.66321069 0.85633045
vt 0.63527870 0.88084972
vt 0.64683944 0.86926156
vt 0.63902891 0.90285730
vt 0.64923394 0.86425918
vt 0.65753305 0.85692912
vt 0.66402090 0.84782493
vt 0.67152852 0.84043801
vt 0.62693298 0.90041041
vt 0.68865174 0.82850820
vt 0.65214938 0.91205931
vt 0.63712889 0.90832365
vt 0.65991145 0.91629314
vt 0.67059976 0.92142558
vt 0.68072051 0.93091094
vt 0.68762046 0.93310553
vt 0.69350487 0.93336529
vt 0.62835288 0.88394624
vt 0.63072699 0.89392805
vt 0.62633318 0.89062905
vt 0.64610600 0.91387463
vt 0.66124004 0.92119449
vt 0.67068213 0.92700279
vt 0.71383935 0.86688387
vt 0.71501696 0.85676777
vt 0.65274227 0.85193914
vt 0.64292443 0.86417645
vt 0.63151842 0.87751466
vt 0.67428452 0.83444661
vt 0.62226069 0.88656080
vt 0.68200821 0.82771832
vt 0.66401988 0.84273231
vt 0.61900371 0.87971729
vt 0.70453465 0.83126867
vt 0.69939870 0.83013898
vt 0.69551468 0.82596564
vt 0.70819676 0.90862566
vt 0.70700926 0.92001933
vt 0.70626360 0.92617232
vt 0.71615344 0.84633195
vt 0.70851219 0.93107784
vt 0.71316206 0.88961071
vt 0.71688432 0.87896568
vt 0.71688432 0.83844602
vt 0.65792394 0.84274930
vt 0.66621315 0.83612949
vt 0.61707091 0.88180459
vt 0.63023460 0.86978531
vt 0.62352359 0.87440777
vt 0.64699352 0.85265088
vt 0.63861090 0.85703892
vt 0.68501323 0.82279778
vt 0.67656249 0.82705516
vt 0.71137112 0.92603678
vt 0.71420360 0.90658033
vt 0.71644151 0.89712882
vt 0.71209443 0.92185432
vt 0.71415681 0.83216000
vt 0.70550591 0.82570726
vt 0.70253307 0.82382572
vt 0.69090670 0.81989783
vt 0.71155977 0.82730931
vt 0.69706976 0.82071096
vt 0.70403439 0.81827623
vt 0.70902526 0.82042772
vt 0.70855939 0.81064236
vt 0.71196240 0.81250966
vt 0.15507092 0.26284751
vt 0.15645938 0.26697418
vt 0.15111177 0.26645723
vt 0.14106002 0.26251879
vt 0.14191577 0.26721054
vt 0.12967691 0.26282290
vt 0.12943140 0.25889906
vt 0.13045534 0.26895362
vt 0.14227644 0.27072576
vt 0.15054896 0.27179506
vt 0.15659304 0.27104878
vt 0.11458662 0.26414967
vt 0.11384611 0.25945893
vt 0.11092646 0.26193827
vt 0.10670424 0.26989961
vt 0.10174300 0.26383010
vt 0.09954703 0.26888201
vt 0.08539551 0.26680741
vt 0.08662539 0.26377118
vt 0.08409272 0.25970343
vt 0.15283103 0.27427956
vt 0.11650068 0.27025238
vt 0.08618128 0.26905116
vt 0.09988058 0.25952944
vt 0.10598469 0.25873083
vt 0.17164749 0.26400903
vt 0.18069001 0.26500699
vt 0.18246488 0.26226583
vt 0.17462736 0.25836730
vt 0.18767641 0.25833052
vt 0.19922911 0.25842267
vt 0.20750503 0.26225707
vt 0.14182432 0.25880352
vt 0.15543872 0.25879452
vt 0.20748758 0.25855389
vt 0.10008910 0.25518858
vt 0.08601305 0.25534803
vt 0.10587395 0.25524676
vt 0.11595336 0.25497898
vt 0.12929979 0.25462002
vt 0.15477480 0.25414041
vt 0.14101084 0.25451943
vt 0.17000245 0.25419217
vt 0.18519646 0.25396982
vt 0.21035448 0.25661156
vt 0.20704995 0.26567358
vt 0.20956859 0.26500845
vt 0.18724126 0.26971477
vt 0.19899306 0.25401369
vt 0.20744187 0.25364852
vt 0.14522697 0.25116196
vt 0.13845153 0.24995591
vt 0.15660164 0.24975878
vt 0.08372356 0.25115079
vt 0.17196697 0.24983755
vt 0.10033011 0.25076598
vt 0.10839400 0.25187987
vt 0.15386663 0.24553062
vt 0.21028142 0.26248986
vt 0.15929466 0.24473006
vt 0.11555858 0.24981841
vt 0.12918273 0.25051364
vt 0.18697545 0.24933007
vt 0.17219539 0.24635468
vt 0.20742452 0.24982704
vt 0.14161699 0.24541615
vt 0.19017000 0.27437460
vt 0.20701490 0.27318802
vt 0.20751044 0.27110210
vt 0.20945598 0.27468839
vt 0.16096136 0.27468839
vt 0.21010266 0.27105772
vt 0.14216267 0.27347574
vt 0.12416555 0.26900986
vt 0.18589610 0.24475251
vt 0.20680161 0.24390879
vt 0.16129033 0.24057923
vt 0.13561524 0.24346924
vt 0.09695847 0.24372943
vt 0.08329020 0.24718161
vt 0.08069030 0.24489258
vt 0.10999089 0.24608530
vt 0.11813863 0.24785213
vt 0.21029299 0.24943395
vt 0.20959997 0.24650621
vt 0.14453787 0.24108286
vt 0.18317768 0.24017000
vt 0.19773668 0.23827969
vt 0.15359500 0.24113788
vt 0.12828749 0.24489735
vt 0.20721835 0.23835112
vt 0.20213535 0.23740451
vt 0.18553531 0.23498075
vt 0.16328524 0.23716676
vt 0.20991397 0.23987001
vt 0.15224278 0.23773184
vt 0.17775160 0.23441994
vt 0.11645301 0.24218278
vt 0.10257613 0.24308731
vt 0.13799885 0.23960364
vt 0.14475584 0.42966363
vt 0.14681953 0.42583835
vt 0.14874010 0.43068981
vt 0.16059610 0.42574632
vt 0.15444231 0.42135265
vt 0.16147625 0.42265150
vt 0.16842900 0.42180622
vt 0.16844369 0.42597279
vt 0.17619787 0.42157704
vt 0.17837346 0.42752814
vt 0.18469179 0.42444640
vt 0.18533880 0.42161253
vt 0.19175856 0.42580032
vt 0.19177958 0.42152238
vt 0.20080854 0.42119223
vt 0.20138109 0.42530632
vt 0.21514779 0.42503184
vt 0.21512572 0.42087024
vt 0.14573500 0.42184958
vt 0.19143893 0.41702330
vt 0.18294081 0.41829857
vt 0.20010865 0.41691887
vt 0.21466748 0.41662878
vt 0.15615690 0.41893235
vt 0.16926381 0.41717467
vt 0.14682078 0.41501996
vt 0.14303194 0.41793290
vt 0.13105381 0.42163604
vt 0.13283917 0.42569539
vt 0.11295110 0.42515206
vt 0.11402422 0.42130908
vt 0.09603822 0.42580661
vt 0.09602620 0.42155313
vt 0.09215697 0.42624524
vt 0.09215450 0.42177755
vt 0.12776136 0.41478422
vt 0.09677892 0.41818956
vt 0.11277173 0.41798952
vt 0.09216449 0.41858113
vt 0.13818240 0.41393483
vt 0.21420978 0.41289899
vt 0.11414126 0.41332501
vt 0.10198524 0.41333184
vt 0.19916169 0.41174871
vt 0.18591514 0.41042635
vt 0.14328748 0.41296425
vt 0.09292333 0.41283122
vt 0.17310262 0.41412902
vt 0.12575971 0.40913793
vt 0.10361128 0.40942776
vt 0.16043752 0.41192079
vt 0.13899565 0.40944478
vt 0.09014960 0.41559535
vt 0.09650309 0.40664214
vt 0.09232391 0.40899584
vt 0.09028071 0.40566984
vt 0.14871706 0.40836868
vt 0.10603507 0.40433988
vt 0.12593330 0.40416399
vt 0.14336681 0.40673539
vt 0.17756903 0.40918636
vt 0.21585813 0.40788254
vt 0.19721416 0.40760580
vt 0.16264068 0.40525922
vt 0.12636124 0.43033841
vt 0.13662831 0.39988315
vt 0.08969523 0.40913051
vt 0.18316244 0.40462118
vt 0.15801257 0.40242514
vt 0.14810006 0.40045762
vt 0.11001921 0.40000066
vt 0.19722186 0.40441981
vt 0.12443861 0.39972678
vt 0.09652331 0.40031719
vt 0.09225298 0.40045413
vt 0.21481957 0.40533406
vt 0.17440081 0.40002453
vt 0.15661997 0.39825821
vt 0.08931407 0.42411020
vt 0.14716482 0.39469367
vt 0.13473348 0.39687726
vt 0.12161158 0.39683828
vt 0.21879050 0.39924705
vt 0.18248624 0.39945725
vt 0.08917699 0.40004060
vt 0.11385915 0.39639783
vt 0.20247942 0.39855888
vt 0.19685048 0.39848971
vt 0.16150345 0.39540106
vt 0.13613035 0.39436030
vt 0.09734783 0.39441600
vt 0.18298294 0.39705330
vt 0.17193763 0.39188278
vt 0.09235974 0.39341605
vt 0.09009986 0.39562654
vt 0.08990856 0.39165866
vt 0.10854284 0.42883563
vt 0.09618337 0.43014637
vt 0.08908582 0.41762996
vt 0.12095545 0.43267190
vt 0.14448200 0.43320414
vt 0.21450122 0.42958874
vt 0.14833115 0.43377391
vt 0.15814969 0.42967403
vt 0.09199399 0.43092367
vt 0.10563928 0.43154517
vt 0.16729455 0.43061268
vt 0.19977307 0.43226305
vt 0.18895753 0.43178836
vt 0.18174097 0.42814445
vt 0.14418522 0.43599874
vt 0.12233000 0.43455008
vt 0.10685787 0.43505797
vt 0.09644341 0.43532419
vt 0.09210481 0.43520749
vt 0.21523762 0.43395644
vt 0.08937750 0.43182486
vt 0.15808316 0.43464899
vt 0.18621324 0.43573454
vt 0.09664368 0.43949586
vt 0.11151800 0.44131178
vt 0.12903182 0.43868029
vt 0.09246290 0.43926874
vt 0.17472696 0.43655977
vt 0.09034209 0.43413281
vt 0.15912290 0.43791232
vt 0.14881459 0.44006199
vt 0.10324338 0.44222486
vt 0.19751681 0.44032767
vt 0.21247454 0.43797967
vt 0.08979354 0.43920314
vt 0.21843664 0.43998697
vt 0.14400135 0.44088501
vt 0.12889725 0.44139475
vt 0.09531959 0.44623539
vt 0.09129516 0.44594696
vt 0.18566348 0.44253513
vt 0.16165784 0.44272679
vt 0.09777603 0.44715974
vt 0.17862271 0.44311923
vt 0.17178547 0.44321719
vt 0.09034030 0.44293717
vt 0.11266171 0.44727978
vt 0.12958911 0.44706428
vt 0.14017493 0.44694680
vt 0.09254607 0.44907674
vt 0.15086336 0.44633824
vt 0.21474630 0.44348654
vt 0.19626702 0.44487685
vt 0.16222472 0.44788763
vt 0.17062403 0.44847107
vt 0.18162414 0.44928491
vt 0.14685328 0.45206723
vt 0.22061567 0.44676495
vt 0.09069458 0.45166200
vt 0.14072636 0.45239449
vt 0.15070753 0.45302013
vt 0.12440252 0.45249185
vt 0.19813628 0.44835857
vt 0.20907715 0.44855338
vt 0.09823439 0.45302013
vt 0.25402194 0.91203475
vt 0.26848260 0.90143269
vt 0.26137230 0.91155899
vt 0.27748257 0.89992100
vt 0.27662987 0.89370233
vt 0.24518785 0.91826367
vt 0.24730279 0.92158371
vt 0.24110751 0.92780447
vt 0.23837775 0.92298329
vt 0.26568896 0.91248041
vt 0.27787399 0.90751988
vt 0.24994355 0.92476237
vt 0.28410786 0.90338022
vt 0.28872508 0.89416736
vt 0.29266417 0.88179380
vt 0.29821184 0.88758993
vt 0.29638720 0.87848204
vt 0.26858297 0.89412349
vt 0.25447345 0.90667015
vt 0.24238014 0.91308933
vt 0.28304631 0.88330090
vt 0.30574843 0.88553023
vt 0.29449892 0.90027881
vt 0.30238727 0.89567262
vt 0.30538997 0.89279175
vt 0.28558096 0.90961540
vt 0.26857063 0.91597360
vt 0.25414523 0.92672110
vt 0.27732626 0.91784924
vt 0.23643269 0.93089217
vt 0.23347037 0.92680776
vt 0.30908936 0.90012121
vt 0.30352411 0.90380609
vt 0.29260921 0.91154057
vt 0.24650073 0.93181789
vt 0.26676103 0.92286021
vt 0.31326389 0.89585322
vt 0.28682429 0.91558707
vt 0.24121077 0.93642956
vt 0.25080463 0.93452221
vt 0.25778118 0.93175697
vt 0.26958209 0.92617494
vt 0.28918421 0.87347054
vt 0.28346679 0.87737924
vt 0.27282733 0.88588154
vt 0.23582457 0.91786247
vt 0.25161847 0.90400869
vt 0.29643771 0.87032580
vt 0.30085990 0.87773943
vt 0.23064573 0.92089307
vt 0.26596987 0.88497788
vt 0.25934422 0.89124715
vt 0.28122273 0.87223631
vt 0.27207735 0.87843579
vt 0.28850049 0.86917728
vt 0.25078979 0.89931732
vt 0.24101260 0.90552247
vt 0.23465703 0.91014218
vt 0.29119018 0.86380661
vt 0.23268116 0.93064219
vt 0.27909297 0.86537081
vt 0.28518212 0.86375231
vt 0.27274397 0.86962903
vt 0.26424885 0.87677604
vt 0.25830829 0.88315135
vt 0.24929087 0.89559579
vt 0.23998688 0.89916712
vt 0.27969828 0.85904467
vt 0.24955340 0.88909847
vt 0.28643605 0.85901284
vt 0.22863878 0.91422302
vt 0.25749236 0.87580210
vt 0.27324012 0.86142600
vt 0.26381394 0.86865777
vt 0.27443531 0.85712570
vt 0.23413008 0.90446377
vt 0.22881202 0.90881342
vt 0.27727452 0.85303861
vt 0.28143913 0.85312235
vt 0.22686887 0.92337638
vt 0.22446194 0.91600609
vt 0.30415145 0.87726748
vt 0.24750835 0.88479692
vt 0.25761366 0.87042570
vt 0.24290131 0.88559997
vt 0.31267679 0.89037704
vt 0.26783139 0.85543579
vt 0.26907331 0.85027963
vt 0.23306027 0.89754748
vt 0.24960315 0.87265682
vt 0.22282100 0.91316390
vt 0.27525401 0.84900445
vt 0.25299123 0.86801684
vt 0.25775960 0.86399156
vt 0.31609997 0.90334058
vt 0.30921039 0.90828168
vt 0.30116662 0.91364610
vt 0.23606023 0.93743104
vt 0.28158659 0.92330551
vt 0.29487148 0.91969103
vt 0.29030216 0.92346197
vt 0.27042544 0.84519088
vt 0.26346725 0.84984738
vt 0.22550462 0.90310580
vt 0.23860578 0.88200146
vt 0.22565156 0.93095303
vt 0.29235598 0.85730422
vt 0.22008620 0.91892785
vt 0.27131584 0.93013531
vt 0.31666157 0.90033847
vt 0.24806800 0.94000381
vt 0.31441599 0.90997517
vt 0.31979850 0.90855914
vt 0.30988201 0.91511065
vt 0.30255997 0.92056680
vt 0.24208951 0.94220865
vt 0.30023760 0.86469460
vt 0.31122974 0.88081795
vt 0.27869743 0.93080330
vt 0.25744405 0.93796480
vt 0.26791826 0.93647861
vt 0.22896376 0.93491900
vt 0.32621822 0.90685040
vt 0.32789180 0.91105932
vt 0.29135105 0.92809880
vt 0.31429628 0.91917390
vt 0.31016633 0.92117745
vt 0.31877035 0.91173458
vt 0.29792541 0.92690903
vt 0.32221574 0.91586423
vt 0.31879365 0.91822350
vt 0.25289854 0.94216233
vt 0.28415227 0.93392497
vt 0.28384575 0.84708160
vt 0.22994761 0.93807822
vt 0.27707884 0.93772995
vt 0.25906125 0.94397652
vt 0.23802419 0.94525683
vt 0.23105986 0.94484907
vt 0.24363273 0.94575065
vt 0.29454565 0.93406647
vt 0.32337052 0.92127985
vt 0.31840584 0.92569506
vt 0.31401473 0.92932564
vt 0.25198632 0.94678813
vt 0.32467487 0.92716962
vt 0.28477880 0.94088036
vt 0.27226955 0.94401264
vt 0.29660007 0.93630427
vt 0.26087126 0.84529608
vt 0.25806224 0.85209501
vt 0.24859031 0.86617982
vt 0.24157311 0.87215525
vt 0.26371127 0.84036434
vt 0.21901478 0.91366774
vt 0.21872970 0.92628300
vt 0.22925830 0.89262509
vt 0.22420941 0.93911320
vt 0.22076426 0.93429810
vt 0.32113490 0.93238878
vt 0.32691267 0.93226409
vt 0.21958609 0.94138485
vt 0.21624151 0.93870986
vt 0.21194310 0.93474102
vt 0.22032483 0.94678813
vt 0.21323030 0.94575852
vt 0.21035448 0.94257015
vt 0.65044063 0.97077686
vt 0.65506768 0.96422881
vt 0.65573692 0.97266215
vt 0.64955217 0.96658522
vt 0.66480911 0.97003436
vt 0.66186440 0.96686804
vt 0.66810966 0.96644288
vt 0.67595237 0.97079629
vt 0.67706198 0.96653122
vt 0.65073901 0.97548622
vt 0.68518877 0.97167653
vt 0.69186133 0.96994656
vt 0.69214416 0.96719205
vt 0.70254546 0.96708000
vt 0.70178312 0.97163683
vt 0.71978843 0.97125494
vt 0.71976024 0.96688849
vt 0.65478700 0.97591156
vt 0.64977741 0.96249390
vt 0.72000462 0.96258068
vt 0.63779241 0.97354639
vt 0.63110381 0.96681690
vt 0.62743777 0.97171634
vt 0.61575425 0.96686369
vt 0.61856943 0.96262336
vt 0.63079643 0.96256942
vt 0.59888744 0.96679473
vt 0.59909123 0.96293241
vt 0.59617198 0.96149337
vt 0.70228529 0.96289879
vt 0.69239885 0.96316582
vt 0.67631537 0.96272278
vt 0.66920018 0.96342725
vt 0.66447824 0.96153164
vt 0.65020585 0.95849341
vt 0.59633386 0.96689504
vt 0.65600508 0.95653117
vt 0.63684243 0.95794493
vt 0.62817854 0.95840555
vt 0.62903690 0.97568917
vt 0.59884751 0.97156316
vt 0.60768425 0.97580576
vt 0.66159219 0.97516513
vt 0.67082644 0.97747320
vt 0.59794873 0.97509879
vt 0.70138866 0.97565484
vt 0.72064942 0.97471327
vt 0.63052875 0.98036349
vt 0.65032357 0.97874898
vt 0.68361479 0.97478992
vt 0.69187772 0.97638255
vt 0.60785198 0.98075080
vt 0.59947389 0.98105931
vt 0.66390568 0.97951788
vt 0.65564293 0.98150623
vt 0.60641330 0.98348749
vt 0.62774676 0.98310679
vt 0.64945358 0.98225415
vt 0.70490038 0.97761768
vt 0.69066411 0.97910744
vt 0.59967840 0.98364562
vt 0.59729451 0.98462701
vt 0.72012490 0.97780633
vt 0.59674996 0.97979033
vt 0.67928135 0.98134112
vt 0.59606266 0.97115380
vt 0.66230494 0.98660529
vt 0.62032127 0.98944318
vt 0.60819125 0.98918748
vt 0.70387900 0.98370636
vt 0.59937304 0.98948699
vt 0.64858395 0.98810697
vt 0.65600848 0.98784631
vt 0.69039065 0.98577863
vt 0.67462885 0.99041986
vt 0.71936560 0.98396808
vt 0.65378380 0.99340338
vt 0.64567232 0.99339688
vt 0.66445112 0.99275792
vt 0.69989336 0.99057651
vt 0.69012642 0.99171340
vt 0.68280411 0.99438661
vt 0.67663300 0.99568552
vt 0.61664718 0.99400860
vt 0.70714939 0.99071425
vt 0.59997082 0.99568552
vt 0.59743947 0.99445921
vt 0.59616566 0.98950416
vt 0.72047800 0.98944473
vt 0.72002327 0.95837373
vt 0.66524547 0.95832950
vt 0.65001613 0.95229834
vt 0.67386526 0.95843482
vt 0.68809968 0.96042949
vt 0.67867279 0.95784420
vt 0.70574361 0.95865464
vt 0.69516009 0.95867306
vt 0.63633615 0.95363212
vt 0.62551135 0.95442855
vt 0.61450839 0.95717263
vt 0.60307908 0.95704788
vt 0.59873641 0.95651966
vt 0.66651469 0.95345426
vt 0.65441066 0.95178777
vt 0.66511983 0.94966441
vt 0.59576374 0.95519727
vt 0.59561568 0.97492421
vt 0.72154850 0.99157959
vt 0.35387936 0.93032163
vt 0.35705096 0.93659908
vt 0.35723180 0.92835659
vt 0.34985402 0.93229568
vt 0.35423765 0.94046390
vt 0.36219516 0.94689608
vt 0.36058629 0.95272011
vt 0.36588326 0.95436347
vt 0.34919673 0.92254108
vt 0.35309950 0.92116147
vt 0.35761738 0.92174643
vt 0.35459211 0.91499871
vt 0.35134348 0.91307950
vt 0.35993627 0.91091710
vt 0.35591871 0.90825450
vt 0.36223552 0.90460998
vt 0.36003444 0.90094411
vt 0.35314822 0.94642973
vt 0.36774862 0.94948328
vt 0.37043905 0.95434487
vt 0.36909863 0.90071964
vt 0.36945376 0.96139854
vt 0.36281568 0.95692885
vt 0.34762153 0.92738128
vt 0.37340385 0.96022332
vt 0.37479949 0.95466506
vt 0.37943152 0.95930451
vt 0.38517290 0.96367604
vt 0.38604987 0.95775247
vt 0.39106968 0.95952463
vt 0.39401251 0.96208650
vt 0.39502650 0.96610308
vt 0.37823442 0.96453923
vt 0.39890194 0.96395606
vt 0.40010202 0.95842874
vt 0.40741199 0.95919079
vt 0.40562096 0.95504367
vt 0.40592623 0.96422648
vt 0.41261050 0.95064592
vt 0.41725552 0.95342511
vt 0.41889477 0.94817698
vt 0.41669968 0.94207501
vt 0.42126390 0.94228876
vt 0.42078200 0.93807584
vt 0.42719567 0.93714744
vt 0.42345971 0.93490291
vt 0.42515311 0.92922288
vt 0.42153379 0.92597514
vt 0.42497134 0.92073494
vt 0.42025816 0.92000079
vt 0.42899308 0.92840201
vt 0.42819390 0.91849339
vt 0.42126590 0.91437286
vt 0.41779223 0.89864904
vt 0.41203395 0.89614975
vt 0.41535887 0.90332192
vt 0.41019607 0.90111709
vt 0.40827939 0.89732337
vt 0.40789339 0.89112782
vt 0.40253633 0.89519441
vt 0.39924613 0.88872784
vt 0.41902524 0.93459499
vt 0.42537656 0.90483493
vt 0.41154212 0.96107411
vt 0.39892420 0.88572431
vt 0.39450881 0.89151573
vt 0.39187846 0.88613349
vt 0.38807830 0.89056557
vt 0.38527822 0.88794321
vt 0.38407347 0.88411921
vt 0.37656218 0.88705802
vt 0.37329993 0.89384913
vt 0.36492297 0.89851564
vt 0.36422122 0.89435041
vt 0.42301327 0.94879377
vt 0.39757717 0.89458829
vt 0.38177401 0.89387208
vt 0.35804453 0.89841342
vt 0.41531947 0.89402294
vt 0.37050337 0.88675588
vt 0.35953921 0.91621166
vt 0.39498058 0.95685834
vt 0.35446298 0.90456915
vt 0.34925652 0.93862128
vt 0.36567169 0.96095538
vt 0.38041058 0.95594430
vt 0.38841844 0.88330775
vt 0.40501991 0.89910084
vt 0.37435612 0.89658296
vt 0.36023530 0.93456489
vt 0.40818650 0.88879383
vt 0.42917159 0.91280401
vt 0.39084333 0.96734709
vt 0.41205898 0.90492070
vt 0.41584685 0.91060984
vt 0.41824704 0.91658902
vt 0.35711020 0.95328987
vt 0.36425623 0.90809834
vt 0.41332245 0.89072156
vt 0.38948345 0.89400584
vt 0.39312816 0.89513266
vt 0.42117468 0.89778227
vt 0.38432270 0.89466488
vt 0.37296906 0.95153892
vt 0.37879419 0.88313717
vt 0.41160581 0.94710112
vt 0.40705365 0.95134479
vt 0.39854947 0.95568728
vt 0.40246546 0.95409161
vt 0.40146098 0.89785862
vt 0.43041629 0.92339587
vt 0.41896752 0.92553359
vt 0.41793260 0.93059760
vt 0.36620903 0.94624799
vt 0.36272725 0.94140977
vt 0.42812449 0.94030184
vt 0.41899726 0.95612466
vt 0.39012709 0.95613873
vt 0.36319724 0.91159010
vt 0.34873939 0.91505879
vt 0.39853773 0.96777838
vt 0.41638145 0.93660486
vt 0.41412461 0.94175231
vt 0.35984772 0.92091072
vt 0.35912880 0.92494196
vt 0.36044207 0.93147111
vt 0.35129178 0.90689206
vt 0.37637490 0.95276368
vt 0.36344984 0.89103585
vt 0.38536650 0.95546138
vt 0.34664971 0.93309003
vt 0.40960929 0.90383321
vt 0.37505913 0.96565288
vt 0.41806087 0.92000359
vt 0.43115878 0.92932385
vt 0.34625199 0.92373919
vt 0.36870158 0.90318167
vt 0.38550213 0.96838629
vt 0.39796922 0.88340878
vt 0.36864373 0.94732416
vt 0.41176254 0.94479793
vt 0.40611437 0.88582700
vt 0.43236941 0.91820681
vt 0.39598969 0.89636034
vt 0.36042905 0.95943034
vt 0.42556486 0.94814330
vt 0.38099095 0.88079089
vt 0.42069721 0.89405745
vt 0.41043252 0.96577489
vt 0.37071806 0.88404691
vt 0.36656702 0.88649374
vt 0.41625908 0.96126026
vt 0.35422817 0.89813429
vt 0.42908815 0.90635133
vt 0.42245245 0.95624381
vt 0.35061359 0.94781345
vt 0.40326011 0.96824986
vt 0.42613778 0.90108836
vt 0.36011884 0.89195991
vt 0.34468284 0.93201560
vt 0.34713334 0.93995178
vt 0.38692942 0.88063282
vt 0.40889958 0.88524520
vt 0.43236941 0.93506742
vt 0.34881067 0.90654981
vt 0.34570530 0.91570091
vt 0.37167013 0.96696925
vt 0.42981577 0.94315761
vt 0.37721539 0.96883988
vt 0.20868032 0.98796737
vt 0.20537917 0.99052417
vt 0.20940383 0.98986655
vt 0.20813873 0.99343735
vt 0.20310694 0.98728210
vt 0.21817720 0.97343749
vt 0.21387784 0.98236793
vt 0.22354302 0.98118246
vt 0.20980257 0.97379631
vt 0.20869198 0.97606730
vt 0.21878226 0.98952830
vt 0.22788182 0.99009395
vt 0.22895148 0.97823286
vt 0.23949151 0.98860252
vt 0.20100760 0.98185390
vt 0.22335799 0.99748826
vt 0.21358252 0.96967620
vt 0.22113474 0.96532983
vt 0.21031646 0.95457834
vt 0.22208777 0.95158195
vt 0.21146981 0.97155970
vt 0.20197518 0.96373367
vt 0.20689254 0.95707601
vt 0.22579461 0.97214144
vt 0.20085469 0.96693552
vt 0.20012203 0.97226185
vt 0.24486940 0.97702503
vt 0.23268962 0.96986324
vt 0.22960557 0.95287299
vt 0.23582283 0.95613205
vt 0.24167129 0.96206635
vt 0.20009328 0.97639918
vt 0.21194558 0.99577028
vt 0.21664850 0.99760306
vt 0.21443363 0.99690306
vt 0.20405555 0.96018088
vt 0.24486940 0.96806139
vt 0.23336819 0.99430692
vt 0.22962967 0.99608159
vt 0.23687230 0.99163401
vt 0.32882464 0.95062321
vt 0.32721490 0.95752615
vt 0.32695895 0.95419294
vt 0.32882464 0.96404600
vt 0.49766791 0.98993289
vt 0.50606346 0.98993289
vt 0.50058329 0.98897409
vt 0.50349802 0.98901182
vt 0.79408497 0.20949185
vt 0.79804105 0.20853308
vt 0.78964549 0.20853308
f 6755/6755 6747/6747 6744/6744
f 6751/6751 6752/6752 6765/6765
f 6744/6744 6746/6746 6762/6762
f 6749/6749 6771/6771 6772/6772
f 6749/6749 6745/6745 6741/6741
f 6750/6750 6752/6752 6751/6751
f 6768/6768 6767/6767 6766/6766
f 6746/6746 6745/6745 6749/6749
f 6739/6739 6740/6740 6741/6741
f 6751/6751 6762/6762 6746/6746
f 6750/6750 6754/6754 6777/6777
f 6741/6741 6745/6745 6753/6753
f 6743/6743 6741/6741 6753/6753
f 6787/6787 6788/6788 6789/6789
f 5484/5484 5481/5481 5474/5474
f 5409/5409 5411/5411 5408/5408
f 6783/6783 6784/6784 6785/6785
f 6755/6755 6757/6757 6760/6760
f 6760/6760 6763/6763 6755/6755
f 6764/6764 6748/6748 6763/6763
f 6753/6753 6745/6745 6748/6748
f 6757/6757 6756/6756 6758/6758
f 6766/6766 6762/6762 6751/6751
f 6761/6761 6760/6760 6757/6757
f 6747/6747 6748/6748 6745/6745
f 6053/6053 6052/6052 6051/6051
f 6195/6195 6209/6209 6216/6216
f 6744/6744 6745/6745 6746/6746
f 6765/6765 6775/6775 6766/6766
f 6750/6750 6746/6746 6749/6749
f 6750/6750 6751/6751 6746/6746
f 6771/6771 6773/6773 6772/6772
f 6771/6771 6749/6749 6741/6741
f 6740/6740 6742/6742 6741/6741
f 6776/6776 6778/6778 6752/6752
f 6759/6759 6747/6747 6755/6755
f 1/1 2/2 3/3
f 6779/6779 6780/6780 6781/6781
f 6761/6761 6774/6774 6760/6760
f 6755/6755 6756/6756 6757/6757
f 6752/6752 6750/6750 6776/6776
f 6754/6754 6749/6749 6772/6772
f 6750/6750 6777/6777 6776/6776
f 6765/6765 6766/6766 6751/6751
f 6769/6769 6766/6766 6775/6775
f 6070/6070 6053/6053 6087/6087
f 6769/6769 6768/6768 6766/6766
f 6114/6114 6113/6113 6087/6087
f 6755/6755 6744/6744 6756/6756
f 6748/6748 6770/6770 6753/6753
f 6739/6739 6743/6743 6740/6740
f 6766/6766 6756/6756 6762/6762
f 6748/6748 6764/6764 6770/6770
f 6742/6742 6771/6771 6741/6741
f 6569/6569 6550/6550 6537/6537
f 6766/6766 6767/6767 6756/6756
f 6758/6758 6756/6756 6767/6767
f 6763/6763 6748/6748 6755/6755
f 6784/6784 6786/6786 6785/6785
f 6750/6750 6749/6749 6754/6754
f 6174/6174 6195/6195 6151/6151
f 6762/6762 6756/6756 6744/6744
f 6780/6780 6779/6779 6782/6782
f 6745/6745 6744/6744 6747/6747
f 6265/6265 6287/6287 6281/6281
f 6263/6263 6249/6249 6265/6265
f 96/96 50/50 92/92
f 92/92 50/50 52/52
f 81/81 64/64 90/90
f 91/91 64/64 63/63
f 10/10 11/11 13/13
f 10/10 13/13 27/27
f 13/13 37/37 97/97
f 27/27 13/13 97/97
f 37/37 38/38 84/84
f 38/38 47/47 84/84
f 52/52 57/57 81/81
f 81/81 57/57 64/64
f 63/63 61/61 88/88
f 61/61 75/75 88/88
f 76/76 74/74 106/106
f 73/73 77/77 80/80
f 77/77 79/79 80/80
f 10/10 6/6 11/11
f 13/13 35/35 37/37
f 37/37 35/35 38/38
f 47/47 38/38 43/43
f 43/43 42/42 48/48
f 47/47 43/43 48/48
f 42/42 49/49 48/48
f 48/48 49/49 50/50
f 50/50 49/49 51/51
f 50/50 51/51 52/52
f 51/51 55/55 52/52
f 52/52 55/55 57/57
f 57/57 58/58 64/64
f 64/64 58/58 63/63
f 63/63 58/58 61/61
f 61/61 65/65 75/75
f 65/65 72/72 75/75
f 75/75 72/72 76/76
f 76/76 72/72 74/74
f 74/74 72/72 66/66
f 74/74 66/66 73/73
f 66/66 68/68 73/73
f 73/73 68/68 77/77
f 49/49 53/53 51/51
f 53/53 54/54 51/51
f 58/58 59/59 61/61
f 65/65 70/70 72/72
f 70/70 66/66 72/72
f 6/6 8/8 11/11
f 13/13 12/12 35/35
f 12/12 36/36 35/35
f 36/36 39/39 35/35
f 35/35 39/39 38/38
f 39/39 40/40 43/43
f 38/38 39/39 43/43
f 43/43 40/40 42/42
f 42/42 44/44 49/49
f 49/49 44/44 53/53
f 51/51 54/54 55/55
f 55/55 54/54 56/56
f 55/55 56/56 57/57
f 57/57 56/56 58/58
f 59/59 62/62 61/61
f 61/61 62/62 65/65
f 65/65 62/62 71/71
f 65/65 71/71 70/70
f 70/70 67/67 66/66
f 66/66 67/67 68/68
f 77/77 78/78 79/79
f 78/78 83/83 82/82
f 79/79 78/78 82/82
f 82/82 83/83 121/121
f 83/83 149/149 148/148
f 121/121 83/83 148/148
f 6/6 5/5 8/8
f 11/11 8/8 12/12
f 11/11 12/12 13/13
f 40/40 41/41 42/42
f 41/41 44/44 42/42
f 44/44 60/60 53/53
f 53/53 60/60 54/54
f 56/56 59/59 58/58
f 70/70 71/71 67/67
f 67/67 69/69 68/68
f 68/68 69/69 77/77
f 77/77 69/69 78/78
f 5/5 33/33 8/8
f 33/33 45/45 8/8
f 8/8 45/45 12/12
f 45/45 46/46 12/12
f 12/12 46/46 36/36
f 36/36 46/46 39/39
f 41/41 87/87 44/44
f 44/44 87/87 86/86
f 44/44 86/86 60/60
f 60/60 86/86 102/102
f 60/60 102/102 54/54
f 54/54 102/102 56/56
f 102/102 103/103 56/56
f 103/103 101/101 56/56
f 56/56 101/101 59/59
f 59/59 101/101 62/62
f 101/101 104/104 62/62
f 62/62 104/104 105/105
f 62/62 105/105 71/71
f 71/71 105/105 100/100
f 71/71 100/100 67/67
f 100/100 69/69 67/67
f 69/69 85/85 78/78
f 33/33 118/118 45/45
f 45/45 124/124 46/46
f 39/39 119/119 40/40
f 33/33 143/143 118/118
f 118/118 122/122 45/45
f 45/45 122/122 124/124
f 46/46 124/124 120/120
f 120/120 119/119 39/39
f 46/46 120/120 39/39
f 40/40 146/146 41/41
f 41/41 146/146 87/87
f 87/87 109/109 110/110
f 87/87 110/110 86/86
f 86/86 110/110 102/102
f 102/102 110/110 111/111
f 102/102 111/111 112/112
f 102/102 112/112 103/103
f 103/103 112/112 101/101
f 112/112 113/113 101/101
f 101/101 113/113 104/104
f 104/104 113/113 105/105
f 105/105 114/114 100/100
f 100/100 114/114 107/107
f 100/100 107/107 69/69
f 69/69 115/115 85/85
f 115/115 116/116 78/78
f 85/85 115/115 78/78
f 149/149 171/171 170/170
f 143/143 123/123 118/118
f 118/118 123/123 122/122
f 40/40 119/119 146/146
f 146/146 109/109 87/87
f 113/113 114/114 105/105
f 107/107 108/108 69/69
f 69/69 108/108 115/115
f 78/78 116/116 117/117
f 78/78 117/117 83/83
f 83/83 117/117 149/149
f 149/149 117/117 171/171
f 143/143 145/145 123/123
f 120/120 147/147 119/119
f 119/119 147/147 146/146
f 146/146 159/159 109/109
f 159/159 160/160 109/109
f 109/109 160/160 110/110
f 110/110 160/160 111/111
f 160/160 161/161 111/111
f 111/111 161/161 162/162
f 111/111 162/162 112/112
f 162/162 163/163 112/112
f 112/112 163/163 113/113
f 113/113 163/163 164/164
f 113/113 164/164 114/114
f 114/114 164/164 165/165
f 165/165 158/158 114/114
f 114/114 158/158 107/107
f 158/158 108/108 107/107
f 108/108 167/167 115/115
f 115/115 167/167 116/116
f 117/117 240/240 171/171
f 123/123 247/247 122/122
f 122/122 247/247 124/124
f 124/124 247/247 268/268
f 124/124 268/268 120/120
f 120/120 267/267 147/147
f 267/267 255/255 147/147
f 147/147 255/255 146/146
f 146/146 255/255 159/159
f 160/160 159/159 258/258
f 258/258 260/260 160/160
f 160/160 260/260 161/161
f 161/161 260/260 162/162
f 260/260 261/261 162/162
f 163/163 162/162 261/261
f 261/261 263/263 163/163
f 163/163 263/263 164/164
f 165/165 265/265 158/158
f 108/108 158/158 253/253
f 108/108 253/253 252/252
f 108/108 252/252 167/167
f 167/167 241/241 116/116
f 241/241 246/246 116/116
f 116/116 246/246 117/117
f 117/117 246/246 240/240
f 268/268 267/267 120/120
f 255/255 257/257 159/159
f 159/159 257/257 258/258
f 258/258 259/259 260/260
f 263/263 254/254 164/164
f 164/164 254/254 165/165
f 165/165 254/254 265/265
f 138/138 98/98 155/155
f 155/155 98/98 95/95
f 95/95 94/94 178/178
f 94/94 150/150 178/178
f 150/150 135/135 156/156
f 156/156 135/135 136/136
f 156/156 136/136 157/157
f 136/136 134/134 157/157
f 141/141 140/140 180/180
f 129/129 132/132 154/154
f 154/154 132/132 153/153
f 132/132 125/125 152/152
f 153/153 132/132 152/152
f 125/125 131/131 151/151
f 152/152 125/125 151/151
f 130/130 133/133 200/200
f 200/200 133/133 201/201
f 25/25 24/24 139/139
f 139/139 24/24 137/137
f 137/137 24/24 99/99
f 137/137 99/99 138/138
f 138/138 99/99 98/98
f 94/94 93/93 150/150
f 93/93 96/96 135/135
f 150/150 93/93 135/135
f 135/135 96/96 89/89
f 135/135 89/89 136/136
f 136/136 89/89 134/134
f 89/89 90/90 134/134
f 134/134 90/90 141/141
f 141/141 90/90 140/140
f 90/90 91/91 140/140
f 140/140 91/91 142/142
f 91/91 129/129 142/142
f 129/129 127/127 132/132
f 127/127 128/128 132/132
f 132/132 128/128 125/125
f 125/125 126/126 131/131
f 131/131 126/126 130/130
f 201/201 133/133 179/179
f 22/22 7/7 25/25
f 25/25 7/7 24/24
f 27/27 97/97 98/98
f 99/99 27/27 98/98
f 98/98 97/97 37/37
f 98/98 37/37 95/95
f 95/95 37/37 84/84
f 95/95 84/84 94/94
f 94/94 84/84 93/93
f 93/93 84/84 47/47
f 89/89 81/81 90/90
f 90/90 64/64 91/91
f 91/91 63/63 129/129
f 129/129 63/63 88/88
f 129/129 88/88 127/127
f 88/88 75/75 127/127
f 127/127 75/75 128/128
f 75/75 76/76 128/128
f 128/128 76/76 106/106
f 128/128 106/106 125/125
f 106/106 74/74 125/125
f 125/125 74/74 73/73
f 125/125 73/73 126/126
f 73/73 80/80 126/126
f 126/126 80/80 79/79
f 126/126 79/79 130/130
f 79/79 82/82 133/133
f 130/130 79/79 133/133
f 82/82 121/121 133/133
f 133/133 121/121 179/179
f 22/22 9/9 7/7
f 24/24 7/7 10/10
f 24/24 10/10 99/99
f 99/99 10/10 27/27
f 121/121 148/148 203/203
f 179/179 121/121 203/203
f 148/148 234/234 203/203
f 15/15 4/4 9/9
f 9/9 4/4 7/7
f 7/7 4/4 6/6
f 7/7 6/6 10/10
f 234/234 552/552 619/619
f 15/15 14/14 4/4
f 148/148 170/170 234/234
f 234/234 170/170 552/552
f 4/4 5/5 6/6
f 170/170 551/551 552/552
f 552/552 551/551 628/628
f 14/14 5/5 4/4
f 18/18 16/16 14/14
f 14/14 16/16 5/5
f 18/18 166/166 16/16
f 144/144 143/143 5/5
f 16/16 144/144 5/5
f 143/143 33/33 5/5
f 16/16 166/166 144/144
f 170/170 510/510 551/551
f 551/551 593/593 628/628
f 170/170 171/171 510/510
f 510/510 593/593 551/551
f 166/166 168/168 144/144
f 143/143 144/144 145/145
f 168/168 250/250 144/144
f 144/144 250/250 145/145
f 145/145 250/250 251/251
f 251/251 270/270 145/145
f 145/145 270/270 123/123
f 247/247 269/269 268/268
f 246/246 451/451 240/240
f 240/240 451/451 499/499
f 240/240 499/499 171/171
f 171/171 499/499 510/510
f 270/270 269/269 123/123
f 123/123 269/269 247/247
f 268/268 269/269 266/266
f 268/268 266/266 267/267
f 267/267 266/266 255/255
f 255/255 266/266 256/256
f 255/255 256/256 257/257
f 257/257 256/256 258/258
f 256/256 259/259 258/258
f 260/260 259/259 261/261
f 261/261 259/259 262/262
f 261/261 262/262 263/263
f 262/262 264/264 263/263
f 263/263 264/264 254/254
f 264/264 265/265 254/254
f 158/158 265/265 253/253
f 252/252 249/249 167/167
f 167/167 249/249 241/241
f 241/241 249/249 246/246
f 250/250 389/389 251/251
f 251/251 389/389 270/270
f 270/270 404/404 269/269
f 269/269 404/404 403/403
f 269/269 403/403 266/266
f 266/266 403/403 401/401
f 266/266 401/401 256/256
f 256/256 401/401 402/402
f 402/402 399/399 256/256
f 256/256 399/399 259/259
f 259/259 399/399 400/400
f 259/259 400/400 262/262
f 264/264 431/431 265/265
f 431/431 432/432 265/265
f 265/265 432/432 253/253
f 253/253 432/432 398/398
f 253/253 398/398 252/252
f 398/398 439/439 249/249
f 252/252 398/398 249/249
f 249/249 439/439 430/430
f 249/249 430/430 246/246
f 246/246 430/430 489/489
f 246/246 489/489 451/451
f 389/389 450/450 270/270
f 270/270 473/473 404/404
f 404/404 465/465 403/403
f 403/403 464/464 401/401
f 401/401 464/464 402/402
f 402/402 453/453 399/399
f 399/399 453/453 400/400
f 400/400 453/453 455/455
f 455/455 457/457 400/400
f 400/400 457/457 262/262
f 457/457 452/452 262/262
f 262/262 452/452 264/264
f 264/264 452/452 431/431
f 430/430 492/492 489/489
f 611/611 207/207 221/221
f 176/176 175/175 209/209
f 175/175 174/174 209/209
f 209/209 174/174 210/210
f 210/210 174/174 193/193
f 210/210 193/193 213/213
f 213/213 193/193 214/214
f 193/193 192/192 214/214
f 214/214 192/192 215/215
f 215/215 192/192 189/189
f 215/215 189/189 216/216
f 189/189 190/190 217/217
f 216/216 189/189 217/217
f 217/217 190/190 191/191
f 217/217 191/191 218/218
f 218/218 191/191 219/219
f 219/219 191/191 212/212
f 212/212 191/191 188/188
f 212/212 188/188 223/223
f 223/223 188/188 222/222
f 188/188 187/187 222/222
f 222/222 187/187 183/183
f 222/222 183/183 224/224
f 183/183 186/186 199/199
f 224/224 183/183 199/199
f 199/199 186/186 198/198
f 198/198 186/186 197/197
f 186/186 184/184 197/197
f 197/197 184/184 185/185
f 197/197 185/185 196/196
f 185/185 195/195 196/196
f 196/196 195/195 229/229
f 229/229 195/195 207/207
f 195/195 194/194 207/207
f 207/207 194/194 200/200
f 207/207 200/200 221/221
f 221/221 200/200 202/202
f 176/176 172/172 175/175
f 193/193 174/174 155/155
f 192/192 95/95 178/178
f 192/192 178/178 189/189
f 150/150 156/156 189/189
f 189/189 156/156 190/190
f 190/190 156/156 191/191
f 157/157 134/134 188/188
f 191/191 157/157 188/188
f 188/188 134/134 141/141
f 141/141 180/180 188/188
f 188/188 180/180 140/140
f 188/188 140/140 187/187
f 187/187 140/140 142/142
f 187/187 142/142 183/183
f 186/186 183/183 154/154
f 186/186 153/153 184/184
f 184/184 152/152 185/185
f 152/152 151/151 185/185
f 185/185 151/151 195/195
f 202/202 201/201 226/226
f 226/226 201/201 233/233
f 172/172 139/139 175/175
f 139/139 137/137 174/174
f 175/175 139/139 174/174
f 174/174 137/137 155/155
f 155/155 95/95 192/192
f 193/193 155/155 192/192
f 178/178 150/150 189/189
f 156/156 157/157 191/191
f 142/142 129/129 183/183
f 183/183 129/129 154/154
f 154/154 153/153 186/186
f 184/184 153/153 152/152
f 151/151 131/131 195/195
f 195/195 131/131 194/194
f 194/194 130/130 200/200
f 200/200 201/201 202/202
f 201/201 179/179 233/233
f 179/179 594/594 632/632
f 233/233 179/179 632/632
f 173/173 26/26 172/172
f 172/172 25/25 139/139
f 632/632 594/594 728/728
f 26/26 22/22 172/172
f 172/172 22/22 25/25
f 179/179 203/203 594/594
f 23/23 19/19 26/26
f 26/26 19/19 9/9
f 26/26 9/9 22/22
f 203/203 619/619 594/594
f 594/594 619/619 728/728
f 23/23 20/20 19/19
f 203/203 234/234 619/619
f 619/619 764/764 728/728
f 19/19 20/20 15/15
f 19/19 15/15 9/9
f 619/619 552/552 764/764
f 20/20 17/17 15/15
f 17/17 14/14 15/15
f 552/552 765/765 764/764
f 764/764 765/765 905/905
f 21/21 17/17 20/20
f 552/552 628/628 765/765
f 765/765 947/947 905/905
f 17/17 18/18 14/14
f 31/31 32/32 21/21
f 21/21 32/32 17/17
f 17/17 32/32 18/18
f 31/31 235/235 32/32
f 32/32 169/169 18/18
f 18/18 169/169 166/166
f 628/628 593/593 793/793
f 628/628 793/793 765/765
f 765/765 793/793 902/902
f 765/765 902/902 947/947
f 32/32 235/235 169/169
f 169/169 168/168 166/166
f 235/235 248/248 169/169
f 248/248 243/243 169/169
f 169/169 243/243 168/168
f 248/248 380/380 243/243
f 510/510 590/590 593/593
f 593/593 748/748 793/793
f 380/380 366/366 168/168
f 243/243 380/380 168/168
f 168/168 366/366 250/250
f 510/510 499/499 590/590
f 590/590 748/748 593/593
f 380/380 427/427 366/366
f 366/366 434/434 250/250
f 427/427 435/435 366/366
f 435/435 434/434 366/366
f 434/434 389/389 250/250
f 435/435 468/468 434/434
f 473/473 465/465 404/404
f 403/403 466/466 464/464
f 464/464 453/453 402/402
f 459/459 460/460 452/452
f 452/452 460/460 431/431
f 431/431 461/461 432/432
f 432/432 461/461 398/398
f 492/492 511/511 489/489
f 489/489 511/511 451/451
f 451/451 573/573 499/499
f 499/499 573/573 590/590
f 468/468 469/469 389/389
f 434/434 468/468 389/389
f 389/389 469/469 450/450
f 450/450 473/473 270/270
f 403/403 465/465 466/466
f 466/466 467/467 464/464
f 464/464 467/467 463/463
f 464/464 463/463 453/453
f 453/453 463/463 454/454
f 453/453 454/454 455/455
f 454/454 456/456 455/455
f 455/455 456/456 457/457
f 456/456 458/458 457/457
f 458/458 459/459 457/457
f 457/457 459/459 452/452
f 460/460 461/461 431/431
f 461/461 462/462 398/398
f 462/462 490/490 439/439
f 398/398 462/462 439/439
f 439/439 490/490 430/430
f 430/430 490/490 492/492
f 511/511 540/540 451/451
f 451/451 540/540 573/573
f 450/450 469/469 507/507
f 507/507 534/534 473/473
f 450/450 507/507 473/473
f 473/473 534/534 465/465
f 465/465 534/534 531/531
f 465/465 531/531 466/466
f 531/531 532/532 467/467
f 466/466 531/531 467/467
f 531/531 570/570 532/532
f 467/467 532/532 463/463
f 463/463 532/532 533/533
f 463/463 533/533 454/454
f 454/454 533/533 456/456
f 456/456 533/533 538/538
f 456/456 538/538 535/535
f 456/456 535/535 458/458
f 458/458 535/535 459/459
f 535/535 536/536 459/459
f 459/459 536/536 537/537
f 459/459 537/537 460/460
f 460/460 537/537 521/521
f 460/460 521/521 461/461
f 521/521 522/522 462/462
f 461/461 521/521 462/462
f 462/462 522/522 490/490
f 490/490 541/541 492/492
f 541/541 511/511 492/492
f 614/614 214/214 613/613
f 613/613 214/214 612/612
f 615/615 612/612 216/216
f 615/615 216/216 601/601
f 601/601 217/217 602/602
f 603/603 212/212 604/604
f 604/604 212/212 223/223
f 606/606 199/199 607/607
f 608/608 198/198 197/197
f 610/610 229/229 611/611
f 611/611 221/221 633/633
f 496/496 209/209 617/617
f 617/617 209/209 616/616
f 616/616 209/209 210/210
f 616/616 210/210 614/614
f 614/614 210/210 213/213
f 614/614 213/213 214/214
f 612/612 214/214 215/215
f 612/612 215/215 216/216
f 216/216 217/217 601/601
f 217/217 218/218 602/602
f 602/602 218/218 603/603
f 218/218 219/219 603/603
f 219/219 212/212 603/603
f 223/223 222/222 604/604
f 604/604 222/222 605/605
f 605/605 222/222 606/606
f 606/606 222/222 224/224
f 606/606 224/224 199/199
f 199/199 198/198 607/607
f 197/197 196/196 608/608
f 608/608 196/196 609/609
f 609/609 196/196 610/610
f 229/229 207/207 611/611
f 221/221 202/202 633/633
f 633/633 202/202 732/732
f 732/732 202/202 735/735
f 228/228 176/176 496/496
f 496/496 176/176 209/209
f 202/202 226/226 735/735
f 225/225 177/177 228/228
f 228/228 177/177 176/176
f 226/226 233/233 735/735
f 233/233 632/632 770/770
f 735/735 233/233 770/770
f 206/206 173/173 225/225
f 225/225 173/173 177/177
f 177/177 173/173 176/176
f 632/632 728/728 770/770
f 770/770 728/728 934/934
f 728/728 955/955 934/934
f 204/204 23/23 206/206
f 206/206 23/23 26/26
f 205/205 30/30 204/204
f 204/204 30/30 23/23
f 30/30 20/20 23/23
f 728/728 905/905 955/955
f 955/955 905/905 1078/1078
f 30/30 28/28 20/20
f 29/29 21/21 28/28
f 28/28 21/21 20/20
f 905/905 947/947 1078/1078
f 947/947 1127/1127 1078/1078
f 29/29 31/31 21/21
f 29/29 182/182 181/181
f 29/29 181/181 31/31
f 238/238 237/237 181/181
f 181/181 237/237 31/31
f 31/31 237/237 235/235
f 947/947 1106/1106 1127/1127
f 902/902 1106/1106 947/947
f 238/238 239/239 237/237
f 902/902 1058/1058 1106/1106
f 237/237 248/248 235/235
f 902/902 956/956 1058/1058
f 902/902 748/748 956/956
f 237/237 372/372 248/248
f 372/372 380/380 248/248
f 372/372 433/433 380/380
f 380/380 433/433 427/427
f 748/748 819/819 956/956
f 819/819 957/957 956/956
f 433/433 472/472 427/427
f 472/472 435/435 427/427
f 472/472 493/493 435/435
f 573/573 818/818 590/590
f 590/590 818/818 819/819
f 493/493 512/512 435/435
f 435/435 512/512 468/468
f 573/573 540/540 826/826
f 573/573 826/826 818/818
f 512/512 562/562 468/468
f 512/512 563/563 562/562
f 468/468 562/562 555/555
f 468/468 555/555 469/469
f 507/507 572/572 534/534
f 537/537 558/558 521/521
f 522/522 556/556 490/490
f 511/511 585/585 540/540
f 540/540 585/585 826/826
f 469/469 555/555 507/507
f 555/555 572/572 507/507
f 534/534 572/572 583/583
f 534/534 583/583 582/582
f 534/534 582/582 531/531
f 531/531 582/582 570/570
f 570/570 568/568 532/532
f 532/532 568/568 533/533
f 568/568 569/569 533/533
f 533/533 569/569 538/538
f 569/569 571/571 538/538
f 538/538 571/571 565/565
f 538/538 565/565 535/535
f 565/565 566/566 536/536
f 535/535 565/565 536/536
f 536/536 566/566 567/567
f 536/536 567/567 537/537
f 537/537 567/567 559/559
f 537/537 559/559 558/558
f 558/558 560/560 521/521
f 521/521 560/560 522/522
f 522/522 560/560 556/556
f 556/556 557/557 490/490
f 490/490 557/557 561/561
f 490/490 561/561 541/541
f 541/541 561/561 584/584
f 541/541 584/584 511/511
f 511/511 584/584 585/585
f 570/570 582/582 568/568
f 559/559 567/567 558/558
f 558/558 567/567 560/560
f 788/788 741/741 737/737
f 800/800 738/738 730/730
f 749/749 731/731 608/608
f 749/749 608/608 643/643
f 643/643 642/642 783/783
f 774/774 723/723 724/724
f 518/518 496/496 639/639
f 639/639 496/496 617/617
f 639/639 617/617 616/616
f 639/639 616/616 644/644
f 644/644 616/616 614/614
f 644/644 614/614 645/645
f 645/645 614/614 729/729
f 729/729 614/614 613/613
f 729/729 613/613 739/739
f 613/613 612/612 739/739
f 739/739 612/612 740/740
f 740/740 612/612 615/615
f 740/740 615/615 741/741
f 615/615 601/601 741/741
f 741/741 601/601 602/602
f 741/741 602/602 737/737
f 602/602 603/603 737/737
f 737/737 603/603 738/738
f 738/738 603/603 604/604
f 738/738 604/604 730/730
f 730/730 604/604 605/605
f 730/730 605/605 606/606
f 730/730 606/606 731/731
f 606/606 607/607 731/731
f 731/731 607/607 608/608
f 608/608 609/609 643/643
f 643/643 609/609 642/642
f 642/642 609/609 610/610
f 642/642 610/610 641/641
f 641/641 610/610 611/611
f 641/641 611/611 723/723
f 723/723 611/611 633/633
f 723/723 633/633 724/724
f 724/724 633/633 732/732
f 732/732 735/735 904/904
f 481/481 225/225 517/517
f 517/517 228/228 518/518
f 518/518 228/228 496/496
f 232/232 225/225 481/481
f 225/225 228/228 517/517
f 735/735 770/770 904/904
f 904/904 770/770 952/952
f 952/952 770/770 1004/1004
f 770/770 934/934 1004/1004
f 1004/1004 934/934 1038/1038
f 232/232 227/227 206/206
f 231/231 205/205 227/227
f 227/227 205/205 204/204
f 955/955 1128/1128 1038/1038
f 231/231 208/208 205/205
f 205/205 208/208 30/30
f 220/220 34/34 208/208
f 208/208 34/34 28/28
f 208/208 28/28 30/30
f 1128/1128 1078/1078 1224/1224
f 220/220 230/230 34/34
f 1078/1078 1222/1222 1224/1224
f 230/230 211/211 34/34
f 34/34 29/29 28/28
f 34/34 211/211 29/29
f 211/211 182/182 29/29
f 1222/1222 1127/1127 1263/1263
f 211/211 244/244 182/182
f 244/244 238/238 182/182
f 238/238 181/181 182/182
f 1127/1127 1251/1251 1263/1263
f 245/245 238/238 244/244
f 245/245 354/354 238/238
f 354/354 239/239 238/238
f 1106/1106 1058/1058 1230/1230
f 1106/1106 1230/1230 1251/1251
f 354/354 392/392 239/239
f 239/239 392/392 237/237
f 1058/1058 1165/1165 1230/1230
f 392/392 372/372 237/237
f 1058/1058 956/956 1165/1165
f 392/392 470/470 372/372
f 470/470 433/433 372/372
f 956/956 957/957 1165/1165
f 470/470 491/491 433/433
f 433/433 491/491 472/472
f 819/819 912/912 957/957
f 491/491 493/493 472/472
f 819/819 818/818 912/912
f 491/491 577/577 493/493
f 493/493 576/576 512/512
f 576/576 563/563 512/512
f 826/826 849/849 818/818
f 818/818 849/849 911/911
f 818/818 911/911 912/912
f 585/585 849/849 826/826
f 563/563 564/564 562/562
f 564/564 555/555 562/562
f 584/584 820/820 585/585
f 585/585 820/820 837/837
f 585/585 837/837 849/849
f 564/564 722/722 555/555
f 555/555 722/722 640/640
f 555/555 640/640 572/572
f 572/572 640/640 768/768
f 572/572 768/768 583/583
f 583/583 768/768 758/758
f 758/758 759/759 582/582
f 583/583 758/758 582/582
f 582/582 759/759 760/760
f 582/582 760/760 568/568
f 568/568 760/760 761/761
f 568/568 761/761 569/569
f 761/761 762/762 569/569
f 569/569 762/762 571/571
f 762/762 757/757 571/571
f 571/571 757/757 565/565
f 565/565 757/757 822/822
f 822/822 825/825 565/565
f 565/565 825/825 566/566
f 566/566 825/825 567/567
f 567/567 825/825 824/824
f 567/567 824/824 823/823
f 567/567 823/823 560/560
f 560/560 823/823 766/766
f 560/560 766/766 556/556
f 766/766 829/829 557/557
f 556/556 766/766 557/557
f 557/557 829/829 828/828
f 557/557 828/828 561/561
f 828/828 827/827 561/561
f 561/561 827/827 584/584
f 584/584 827/827 820/820
f 640/640 885/885 768/768
f 758/758 861/861 759/759
f 759/759 864/864 760/760
f 760/760 864/864 865/865
f 760/760 865/865 761/761
f 761/761 866/866 762/762
f 792/792 639/639 805/805
f 805/805 639/639 644/644
f 805/805 644/644 645/645
f 805/805 645/645 807/807
f 808/808 807/807 729/729
f 808/808 729/729 739/739
f 808/808 740/740 811/811
f 811/811 740/740 809/809
f 809/809 741/741 810/810
f 741/741 788/788 810/810
f 788/788 738/738 799/799
f 799/799 738/738 800/800
f 801/801 730/730 798/798
f 730/730 731/731 798/798
f 798/798 731/731 749/749
f 749/749 643/643 784/784
f 643/643 783/783 784/784
f 782/782 783/783 642/642
f 782/782 642/642 641/641
f 782/782 641/641 802/802
f 802/802 641/641 723/723
f 802/802 723/723 803/803
f 803/803 723/723 774/774
f 774/774 724/724 932/932
f 932/932 724/724 933/933
f 791/791 725/725 518/518
f 791/791 518/518 639/639
f 791/791 639/639 792/792
f 724/724 732/732 933/933
f 933/933 732/732 950/950
f 725/725 746/746 481/481
f 725/725 481/481 517/517
f 725/725 517/517 518/518
f 732/732 904/904 950/950
f 950/950 904/904 952/952
f 481/481 474/474 232/232
f 474/474 422/422 232/232
f 422/422 227/227 232/232
f 1038/1038 1228/1228 1108/1108
f 422/422 397/397 231/231
f 422/422 231/231 227/227
f 5369/5369 5307/5307 5372/5372
f 397/397 390/390 208/208
f 397/397 208/208 231/231
f 390/390 220/220 208/208
f 236/236 230/230 220/220
f 236/236 211/211 230/230
f 236/236 242/242 211/211
f 242/242 244/244 211/211
f 244/244 348/348 245/245
f 365/365 354/354 245/245
f 365/365 443/443 354/354
f 443/443 392/392 354/354
f 5313/5313 5356/5356 5314/5314
f 443/443 508/508 392/392
f 508/508 470/470 392/392
f 1165/1165 957/957 1259/1259
f 508/508 509/509 470/470
f 508/508 539/539 509/509
f 470/470 509/509 491/491
f 509/509 577/577 491/491
f 912/912 911/911 1145/1145
f 577/577 576/576 493/493
f 849/849 994/994 911/911
f 911/911 994/994 1145/1145
f 576/576 763/763 563/563
f 563/563 763/763 564/564
f 837/837 974/974 849/849
f 849/849 974/974 994/994
f 823/823 850/850 766/766
f 827/827 897/897 820/820
f 820/820 897/897 837/837
f 640/640 884/884 885/885
f 768/768 885/885 758/758
f 758/758 885/885 887/887
f 758/758 887/887 861/861
f 861/861 862/862 759/759
f 759/759 862/862 863/863
f 863/863 864/864 759/759
f 865/865 869/869 761/761
f 761/761 869/869 866/866
f 866/866 868/868 762/762
f 866/866 867/867 868/868
f 762/762 868/868 757/757
f 757/757 868/868 822/822
f 822/822 868/868 872/872
f 822/822 872/872 825/825
f 825/825 872/872 873/873
f 873/873 874/874 825/825
f 825/825 874/874 824/824
f 874/874 875/875 823/823
f 824/824 874/874 823/823
f 823/823 875/875 850/850
f 766/766 850/850 829/829
f 938/938 809/809 939/939
f 923/923 801/801 920/920
f 792/792 906/906 791/791
f 792/792 805/805 930/930
f 930/930 805/805 931/931
f 931/931 805/805 926/926
f 805/805 807/807 926/926
f 807/807 808/808 926/926
f 926/926 808/808 927/927
f 927/927 808/808 928/928
f 928/928 811/811 938/938
f 938/938 811/811 809/809
f 939/939 809/809 937/937
f 809/809 810/810 937/937
f 937/937 810/810 921/921
f 810/810 788/788 921/921
f 921/921 788/788 799/799
f 921/921 799/799 922/922
f 922/922 799/799 800/800
f 922/922 800/800 923/923
f 920/920 801/801 798/798
f 920/920 798/798 917/917
f 917/917 798/798 749/749
f 917/917 749/749 918/918
f 918/918 784/784 919/919
f 919/919 784/784 915/915
f 784/784 783/783 915/915
f 783/783 782/782 915/915
f 915/915 782/782 916/916
f 916/916 782/782 802/802
f 803/803 774/774 804/804
f 804/804 774/774 932/932
f 932/932 933/933 1005/1005
f 933/933 950/950 1005/1005
f 1005/1005 950/950 1041/1041
f 746/746 725/725 785/785
f 785/785 725/725 791/791
f 950/950 952/952 1041/1041
f 952/952 1044/1044 1041/1041
f 646/646 481/481 746/746
f 646/646 474/474 481/481
f 1044/1044 1108/1108 1185/1185
f 497/497 474/474 646/646
f 1108/1108 1228/1228 1185/1185
f 497/497 422/422 474/474
f 497/497 423/423 422/422
f 5372/5372 5307/5307 5275/5275
f 428/428 397/397 423/423
f 423/423 397/397 422/422
f 428/428 390/390 397/397
f 390/390 382/382 220/220
f 378/378 236/236 382/382
f 382/382 236/236 220/220
f 378/378 271/271 236/236
f 271/271 242/242 236/236
f 279/279 242/242 271/271
f 279/279 348/348 242/242
f 242/242 348/348 244/244
f 348/348 353/353 245/245
f 353/353 365/365 245/245
f 353/353 444/444 365/365
f 444/444 445/445 365/365
f 365/365 445/445 443/443
f 443/443 523/523 539/539
f 443/443 539/539 508/508
f 539/539 554/554 509/509
f 1259/1259 957/957 1266/1266
f 554/554 592/592 591/591
f 554/554 591/591 509/509
f 509/509 591/591 577/577
f 957/957 1145/1145 1220/1220
f 957/957 1220/1220 1266/1266
f 1145/1145 1219/1219 1220/1220
f 591/591 834/834 577/577
f 577/577 834/834 576/576
f 994/994 1191/1191 1145/1145
f 1145/1145 1191/1191 1219/1219
f 834/834 857/857 576/576
f 576/576 857/857 763/763
f 974/974 1129/1129 994/994
f 994/994 1129/1129 1191/1191
f 857/857 876/876 763/763
f 763/763 876/876 564/564
f 876/876 877/877 564/564
f 564/564 877/877 722/722
f 897/897 971/971 837/837
f 837/837 971/971 974/974
f 974/974 971/971 1129/1129
f 877/877 884/884 722/722
f 722/722 884/884 640/640
f 885/885 886/886 887/887
f 864/864 863/863 865/865
f 869/869 870/870 866/866
f 869/869 871/871 870/870
f 872/872 890/890 873/873
f 873/873 883/883 874/874
f 874/874 883/883 875/875
f 875/875 882/882 850/850
f 882/882 881/881 850/850
f 881/881 880/880 829/829
f 850/850 881/881 829/829
f 829/829 880/880 879/879
f 829/829 879/879 828/828
f 879/879 888/888 827/827
f 828/828 879/879 827/827
f 827/827 888/888 901/901
f 827/827 901/901 897/897
f 897/897 901/901 971/971
f 885/885 884/884 886/886
f 884/884 987/987 886/886
f 861/861 887/887 862/862
f 863/863 964/964 865/865
f 865/865 871/871 869/869
f 866/866 870/870 867/867
f 867/867 889/889 868/868
f 868/868 889/889 890/890
f 868/868 890/890 872/872
f 873/873 1141/1141 883/883
f 875/875 883/883 882/882
f 931/931 926/926 991/991
f 991/991 926/926 990/990
f 990/990 926/926 927/927
f 990/990 927/927 989/989
f 927/927 928/928 989/989
f 989/989 928/928 988/988
f 988/988 928/928 938/938
f 997/997 938/938 939/939
f 997/997 939/939 998/998
f 939/939 937/937 998/998
f 998/998 937/937 921/921
f 998/998 921/921 1002/1002
f 921/921 922/922 1002/1002
f 922/922 923/923 1001/1001
f 1002/1002 922/922 1001/1001
f 1001/1001 920/920 1020/1020
f 1020/1020 920/920 1019/1019
f 920/920 917/917 1019/1019
f 1019/1019 918/918 1025/1025
f 1025/1025 918/918 1024/1024
f 919/919 915/915 1026/1026
f 1024/1024 919/919 1026/1026
f 915/915 916/916 1022/1022
f 1026/1026 915/915 1022/1022
f 1022/1022 916/916 802/802
f 1022/1022 802/802 1018/1018
f 802/802 803/803 1018/1018
f 803/803 804/804 1021/1021
f 1018/1018 803/803 1021/1021
f 804/804 932/932 1036/1036
f 1021/1021 804/804 1036/1036
f 906/906 984/984 815/815
f 1036/1036 932/932 1005/1005
f 814/814 785/785 815/815
f 815/815 785/785 791/791
f 815/815 791/791 906/906
f 1005/1005 1041/1041 1042/1042
f 1042/1042 1041/1041 1102/1102
f 814/814 746/746 785/785
f 1102/1102 1041/1041 1105/1105
f 1044/1044 1185/1185 1105/1105
f 779/779 646/646 781/781
f 779/779 497/497 646/646
f 5372/5372 5287/5287 5367/5367
f 429/429 423/423 498/498
f 498/498 423/423 497/497
f 429/429 428/428 423/423
f 428/428 414/414 390/390
f 5181/5181 5131/5131 5150/5150
f 414/414 382/382 390/390
f 414/414 394/394 382/382
f 394/394 379/379 378/378
f 394/394 378/378 382/382
f 379/379 271/271 378/378
f 271/271 278/278 279/279
f 278/278 348/348 279/279
f 348/348 352/352 353/353
f 383/383 353/353 352/352
f 383/383 444/444 353/353
f 383/383 487/487 444/444
f 444/444 487/487 445/445
f 487/487 523/523 445/445
f 445/445 523/523 443/443
f 523/523 548/548 547/547
f 523/523 547/547 539/539
f 547/547 589/589 539/539
f 539/539 589/589 554/554
f 5305/5305 5363/5363 5304/5304
f 589/589 592/592 554/554
f 592/592 846/846 591/591
f 592/592 878/878 846/846
f 591/591 846/846 834/834
f 846/846 858/858 834/834
f 846/846 896/896 858/858
f 834/834 858/858 857/857
f 1129/1129 1206/1206 1191/1191
f 858/858 895/895 857/857
f 857/857 895/895 876/876
f 971/971 1150/1150 1129/1129
f 1129/1129 1150/1150 1206/1206
f 895/895 910/910 876/876
f 876/876 910/910 877/877
f 877/877 910/910 884/884
f 910/910 975/975 884/884
f 884/884 975/975 987/987
f 987/987 986/986 886/886
f 886/886 986/986 887/887
f 986/986 985/985 887/887
f 985/985 963/963 862/862
f 887/887 985/985 862/862
f 985/985 1157/1157 963/963
f 862/862 963/963 863/863
f 963/963 964/964 863/863
f 964/964 963/963 1147/1147
f 1147/1147 1148/1148 964/964
f 865/865 964/964 965/965
f 865/865 965/965 871/871
f 964/964 1148/1148 965/965
f 871/871 965/965 870/870
f 870/870 965/965 966/966
f 966/966 960/960 870/870
f 870/870 960/960 867/867
f 960/960 966/966 1160/1160
f 867/867 960/960 889/889
f 889/889 960/960 961/961
f 889/889 961/961 890/890
f 961/961 993/993 890/890
f 993/993 1136/1136 890/890
f 890/890 1136/1136 1137/1137
f 890/890 1137/1137 873/873
f 1137/1137 1141/1141 873/873
f 1141/1141 1140/1140 883/883
f 883/883 1140/1140 1139/1139
f 883/883 1139/1139 882/882
f 882/882 1139/1139 1138/1138
f 882/882 1138/1138 881/881
f 1138/1138 1142/1142 881/881
f 881/881 1142/1142 880/880
f 880/880 1142/1142 879/879
f 1142/1142 1143/1143 879/879
f 879/879 1143/1143 888/888
f 1143/1143 1151/1151 888/888
f 888/888 1151/1151 901/901
f 1053/1053 1030/1030 930/930
f 1053/1053 930/930 1052/1052
f 1055/1055 989/989 1054/1054
f 1054/1054 988/988 1046/1046
f 1050/1050 998/998 1002/1002
f 1039/1039 1019/1019 1025/1025
f 1024/1024 1026/1026 1027/1027
f 1027/1027 1026/1026 1022/1022
f 984/984 906/906 1030/1030
f 1030/1030 906/906 930/930
f 1036/1036 1005/1005 1096/1096
f 1005/1005 1042/1042 1110/1110
f 1096/1096 1005/1005 1110/1110
f 814/814 815/815 984/984
f 1110/1110 1042/1042 1102/1102
f 781/781 746/746 816/816
f 1102/1102 1105/1105 1163/1163
f 1105/1105 1271/1271 1163/1163
f 780/780 779/779 781/781
f 1105/1105 1185/1185 1271/1271
f 1271/1271 1185/1185 1276/1276
f 5367/5367 5285/5285 5365/5365
f 1185/1185 1269/1269 1276/1276
f 779/779 498/498 497/497
f 726/726 480/480 429/429
f 479/479 428/428 480/480
f 480/480 428/428 429/429
f 479/479 405/405 414/414
f 405/405 394/394 414/414
f 379/379 277/277 271/271
f 277/277 278/278 271/271
f 277/277 273/273 278/278
f 273/273 347/347 278/278
f 278/278 347/347 348/348
f 347/347 352/352 348/348
f 384/384 383/383 352/352
f 384/384 485/485 383/383
f 486/486 487/487 383/383
f 485/485 486/486 383/383
f 486/486 524/524 487/487
f 524/524 523/523 487/487
f 524/524 548/548 523/523
f 600/600 547/547 548/548
f 600/600 589/589 547/547
f 600/600 856/856 589/589
f 589/589 842/842 592/592
f 5304/5304 5368/5368 5312/5312
f 1220/1220 1219/1219 1270/1270
f 842/842 878/878 592/592
f 1219/1219 1191/1191 1270/1270
f 878/878 896/896 846/846
f 1191/1191 1268/1268 1270/1270
f 896/896 969/969 913/913
f 896/896 913/913 858/858
f 1206/1206 1244/1244 1191/1191
f 1191/1191 1244/1244 1268/1268
f 858/858 913/913 895/895
f 913/913 992/992 895/895
f 1150/1150 1172/1172 1206/1206
f 913/913 1156/1156 992/992
f 992/992 1144/1144 910/910
f 895/895 992/992 910/910
f 901/901 1171/1171 971/971
f 971/971 1172/1172 1150/1150
f 971/971 1171/1171 1172/1172
f 1144/1144 1152/1152 975/975
f 910/910 1144/1144 975/975
f 975/975 1152/1152 987/987
f 963/963 1157/1157 1147/1147
f 965/965 1148/1148 966/966
f 966/966 1148/1148 1160/1160
f 1160/1160 1197/1197 960/960
f 960/960 1197/1197 1168/1168
f 960/960 1168/1168 961/961
f 961/961 1168/1168 1166/1166
f 1166/1166 1167/1167 993/993
f 961/961 1166/1166 993/993
f 993/993 1167/1167 1136/1136
f 1141/1141 1139/1139 1140/1140
f 1151/1151 1171/1171 901/901
f 1151/1151 1229/1229 1171/1171
f 1080/1080 1052/1052 991/991
f 1080/1080 991/991 1079/1079
f 1079/1079 990/990 1055/1055
f 1046/1046 1045/1045 1072/1072
f 1072/1072 997/997 1071/1071
f 997/997 998/998 1071/1071
f 998/998 1050/1050 1071/1071
f 1071/1071 1050/1050 1073/1073
f 1073/1073 1050/1050 1068/1068
f 1068/1068 1020/1020 1069/1069
f 1081/1081 1070/1070 1039/1039
f 1082/1082 1025/1025 1083/1083
f 1083/1083 1024/1024 1084/1084
f 1027/1027 1028/1028 1084/1084
f 1028/1028 1018/1018 1029/1029
f 1029/1029 1018/1018 1051/1051
f 1051/1051 1021/1021 1076/1076
f 1076/1076 1036/1036 1095/1095
f 1036/1036 1096/1096 1095/1095
f 816/816 814/814 1057/1057
f 1057/1057 814/814 1056/1056
f 1056/1056 814/814 984/984
f 817/817 780/780 816/816
f 1163/1163 1271/1271 1272/1272
f 1267/1267 1163/1163 1272/1272
f 780/780 781/781 816/816
f 786/786 779/779 780/780
f 786/786 498/498 779/779
f 787/787 726/726 498/498
f 787/787 498/498 786/786
f 624/624 479/479 480/480
f 515/515 405/405 479/479
f 405/405 370/370 379/379
f 405/405 379/379 394/394
f 370/370 277/277 379/379
f 370/370 274/274 277/277
f 274/274 273/273 277/277
f 351/351 352/352 347/347
f 351/351 373/373 352/352
f 373/373 384/384 352/352
f 384/384 484/484 485/485
f 484/484 486/486 485/485
f 484/484 524/524 486/486
f 524/524 578/578 548/548
f 578/578 600/600 548/548
f 856/856 860/860 589/589
f 589/589 860/860 842/842
f 860/860 898/898 842/842
f 898/898 878/878 842/842
f 898/898 968/968 967/967
f 898/898 967/967 878/878
f 967/967 969/969 896/896
f 878/878 967/967 896/896
f 969/969 1158/1158 913/913
f 1244/1244 1279/1279 1268/1268
f 1158/1158 1156/1156 913/913
f 1172/1172 1264/1264 1265/1265
f 1172/1172 1265/1265 1206/1206
f 1206/1206 1265/1265 1244/1244
f 1156/1156 1153/1153 992/992
f 992/992 1153/1153 1144/1144
f 1229/1229 1260/1260 1171/1171
f 1171/1171 1260/1260 1172/1172
f 1172/1172 1260/1260 1264/1264
f 1153/1153 1169/1169 1144/1144
f 1144/1144 1169/1169 1152/1152
f 1152/1152 1169/1169 1183/1183
f 1183/1183 1184/1184 987/987
f 1152/1152 1183/1183 987/987
f 987/987 1184/1184 1188/1188
f 987/987 1187/1187 986/986
f 987/987 1188/1188 1187/1187
f 986/986 1187/1187 985/985
f 1187/1187 1200/1200 985/985
f 985/985 1200/1200 1157/1157
f 1157/1157 1199/1199 1147/1147
f 1157/1157 1200/1200 1199/1199
f 1199/1199 1198/1198 1147/1147
f 1147/1147 1198/1198 1148/1148
f 1198/1198 1195/1195 1148/1148
f 1148/1148 1195/1195 1160/1160
f 1160/1160 1195/1195 1196/1196
f 1196/1196 1197/1197 1160/1160
f 1168/1168 1197/1197 1208/1208
f 1166/1166 1168/1168 1208/1208
f 1166/1166 1208/1208 1167/1167
f 1167/1167 1208/1208 1207/1207
f 1167/1167 1207/1207 1136/1136
f 1136/1136 1207/1207 1137/1137
f 1207/1207 1213/1213 1137/1137
f 1137/1137 1212/1212 1141/1141
f 1137/1137 1213/1213 1212/1212
f 1141/1141 1212/1212 1139/1139
f 1212/1212 1211/1211 1139/1139
f 1139/1139 1211/1211 1138/1138
f 1211/1211 1209/1209 1138/1138
f 1209/1209 1210/1210 1142/1142
f 1138/1138 1209/1209 1142/1142
f 1142/1142 1210/1210 1192/1192
f 1142/1142 1192/1192 1143/1143
f 1143/1143 1192/1192 1215/1215
f 1143/1143 1215/1215 1151/1151
f 1151/1151 1215/1215 1229/1229
f 1097/1097 1053/1053 1098/1098
f 1098/1098 1053/1053 1052/1052
f 1098/1098 1052/1052 1080/1080
f 1079/1079 1055/1055 1087/1087
f 1054/1054 1046/1046 1086/1086
f 1086/1086 1046/1046 1072/1072
f 1086/1086 1072/1072 1088/1088
f 1088/1088 1072/1072 1071/1071
f 1089/1089 1071/1071 1090/1090
f 1090/1090 1071/1071 1073/1073
f 1073/1073 1068/1068 1091/1091
f 1091/1091 1068/1068 1092/1092
f 1068/1068 1069/1069 1092/1092
f 1092/1092 1069/1069 1093/1093
f 1069/1069 1070/1070 1093/1093
f 1093/1093 1070/1070 1094/1094
f 1094/1094 1070/1070 1081/1081
f 1094/1094 1081/1081 1082/1082
f 1083/1083 1084/1084 1121/1121
f 1121/1121 1084/1084 1028/1028
f 1028/1028 1029/1029 1116/1116
f 1095/1095 1096/1096 1125/1125
f 1077/1077 1056/1056 1030/1030
f 1097/1097 1030/1030 1053/1053
f 1096/1096 1110/1110 1262/1262
f 817/817 816/816 1057/1057
f 936/936 780/780 1040/1040
f 936/936 914/914 786/786
f 936/936 786/786 780/780
f 5365/5365 5285/5285 5246/5246
f 914/914 787/787 786/786
f 747/747 726/726 787/787
f 622/622 479/479 624/624
f 622/622 515/515 479/479
f 516/516 405/405 515/515
f 516/516 408/408 405/405
f 408/408 369/369 405/405
f 405/405 369/369 370/370
f 369/369 274/274 370/370
f 272/272 273/273 274/274
f 272/272 337/337 347/347
f 272/272 347/347 273/273
f 337/337 351/351 347/347
f 395/395 373/373 351/351
f 395/395 384/384 373/373
f 395/395 488/488 384/384
f 488/488 484/484 384/384
f 488/488 550/550 484/484
f 550/550 524/524 484/484
f 550/550 579/579 524/524
f 579/579 650/650 578/578
f 579/579 578/578 524/524
f 650/650 855/855 578/578
f 578/578 855/855 600/600
f 855/855 856/856 600/600
f 860/860 968/968 898/898
f 968/968 1149/1149 967/967
f 5352/5352 5382/5382 5342/5342
f 969/969 1164/1164 1158/1158
f 1244/1244 1273/1273 1279/1279
f 1156/1156 1205/1205 1153/1153
f 1205/1205 1169/1169 1153/1153
f 1205/1205 1239/1239 1169/1169
f 1187/1187 1240/1240 1200/1200
f 1200/1200 1235/1235 1199/1199
f 1199/1199 1233/1233 1232/1232
f 1199/1199 1232/1232 1198/1198
f 1198/1198 1236/1236 1195/1195
f 1195/1195 1237/1237 1196/1196
f 1196/1196 1231/1231 1197/1197
f 1196/1196 1237/1237 1231/1231
f 1197/1197 1231/1231 1238/1238
f 4830/4830 4733/4733 4818/4818
f 1197/1197 1238/1238 1208/1208
f 4845/4845 4768/4768 4832/4832
f 1208/1208 1252/1252 1207/1207
f 4832/4832 4792/4792 4842/4842
f 4843/4843 4771/4771 4838/4838
f 3505/3505 3531/3531 3497/3497
f 3531/3531 3504/3504 3497/3497
f 3447/3447 3502/3502 3507/3507
f 3507/3507 3517/3517 3457/3457
f 3517/3517 3518/3518 3457/3457
f 3457/3457 3518/3518 3508/3508
f 3508/3508 3518/3518 3519/3519
f 3508/3508 3519/3519 3509/3509
f 3614/3614 3620/3620 3619/3619
f 1067/1067 1056/1056 1077/1077
f 3620/3620 3637/3637 3619/3619
f 3619/3619 3637/3637 3631/3631
f 1057/1057 1056/1056 1067/1067
f 1262/1262 1267/1267 1274/1274
f 1274/1274 1267/1267 1277/1277
f 1066/1066 817/817 1057/1057
f 1267/1267 1272/1272 1277/1277
f 1040/1040 1010/1010 936/936
f 1009/1009 914/914 1010/1010
f 1010/1010 914/914 936/936
f 948/948 914/914 1009/1009
f 751/751 787/787 948/948
f 751/751 623/623 622/622
f 751/751 622/622 747/747
f 623/623 515/515 622/622
f 407/407 391/391 369/369
f 407/407 369/369 408/408
f 275/275 369/369 391/391
f 275/275 274/274 369/369
f 275/275 276/276 272/272
f 275/275 272/272 274/274
f 276/276 337/337 272/272
f 337/337 350/350 351/351
f 437/437 395/395 350/350
f 350/350 395/395 351/351
f 437/437 483/483 395/395
f 395/395 483/483 488/488
f 483/483 545/545 488/488
f 545/545 550/550 488/488
f 550/550 648/648 579/579
f 648/648 853/853 650/650
f 648/648 650/650 579/579
f 650/650 854/854 855/855
f 854/854 958/958 856/856
f 854/854 856/856 855/855
f 856/856 959/959 860/860
f 959/959 970/970 860/860
f 970/970 1146/1146 968/968
f 860/860 970/970 968/968
f 1146/1146 1149/1149 968/968
f 5342/5342 5341/5341 5309/5309
f 1149/1149 1174/1174 1173/1173
f 967/967 1149/1149 1173/1173
f 967/967 1173/1173 969/969
f 5386/5386 5380/5380 5342/5342
f 969/969 1173/1173 1164/1164
f 1164/1164 1227/1227 1214/1214
f 1164/1164 1214/1214 1156/1156
f 1158/1158 1164/1164 1156/1156
f 1264/1264 1278/1278 1265/1265
f 1264/1264 1275/1275 1278/1278
f 1265/1265 1278/1278 1280/1280
f 1156/1156 1214/1214 1205/1205
f 4856/4856 4826/4826 4853/4853
f 1260/1260 1275/1275 1264/1264
f 1169/1169 1239/1239 1246/1246
f 1169/1169 1246/1246 1183/1183
f 1183/1183 1246/1246 1184/1184
f 1246/1246 1258/1258 1184/1184
f 1258/1258 1241/1241 1184/1184
f 1188/1188 1184/1184 1241/1241
f 1188/1188 1241/1241 1187/1187
f 1187/1187 1241/1241 1240/1240
f 1240/1240 1235/1235 1200/1200
f 4821/4821 4820/4820 4731/4731
f 4821/4821 4731/4731 4726/4726
f 1235/1235 1234/1234 1199/1199
f 1199/1199 1234/1234 1233/1233
f 1198/1198 1232/1232 1236/1236
f 1236/1236 1237/1237 1195/1195
f 4756/4756 4734/4734 4830/4830
f 4734/4734 4733/4733 4830/4830
f 4818/4818 4733/4733 4768/4768
f 4818/4818 4768/4768 4845/4845
f 4768/4768 4792/4792 4832/4832
f 4792/4792 4743/4743 4842/4842
f 4842/4842 4743/4743 4841/4841
f 4841/4841 4743/4743 4840/4840
f 4840/4840 4743/4743 4742/4742
f 4840/4840 4742/4742 4740/4740
f 4840/4840 4740/4740 4843/4843
f 4843/4843 4740/4740 4771/4771
f 4838/4838 4771/4771 4744/4744
f 4838/4838 4744/4744 4839/4839
f 4839/4839 4744/4744 4844/4844
f 4844/4844 4744/4744 4762/4762
f 1192/1192 1261/1261 1215/1215
f 4847/4847 4762/4762 4763/4763
f 4847/4847 4763/4763 4780/4780
f 4847/4847 4780/4780 4854/4854
f 4780/4780 4795/4795 4854/4854
f 4854/4854 4795/4795 4856/4856
f 3433/3433 3481/3481 3434/3434
f 3452/3452 3497/3497 3451/3451
f 3456/3456 3457/3457 3508/3508
f 3455/3455 3509/3509 3487/3487
f 3455/3455 3487/3487 3425/3425
f 3425/3425 3487/3487 3473/3473
f 3459/3459 3410/3410 3495/3495
f 3495/3495 3410/3410 3494/3494
f 1066/1066 1057/1057 1067/1067
f 1074/1074 1126/1126 1075/1075
f 1075/1075 1010/1010 1040/1040
f 1075/1075 1040/1040 1074/1074
f 949/949 751/751 948/948
f 752/752 623/623 751/751
f 752/752 756/756 621/621
f 752/752 621/621 623/623
f 621/621 515/515 623/623
f 621/621 513/513 516/516
f 621/621 516/516 515/515
f 513/513 408/408 516/516
f 424/424 407/407 513/513
f 513/513 407/407 408/408
f 424/424 391/391 407/407
f 391/391 355/355 275/275
f 355/355 280/280 275/275
f 275/275 280/280 276/276
f 280/280 281/281 276/276
f 281/281 332/332 276/276
f 276/276 332/332 337/337
f 332/332 349/349 337/337
f 349/349 350/350 337/337
f 436/436 437/437 350/350
f 349/349 436/436 350/350
f 436/436 482/482 437/437
f 482/482 483/483 437/437
f 482/482 525/525 483/483
f 525/525 544/544 483/483
f 483/483 544/544 545/545
f 544/544 595/595 545/545
f 595/595 550/550 545/545
f 595/595 649/649 550/550
f 595/595 830/830 649/649
f 649/649 648/648 550/550
f 649/649 853/853 648/648
f 853/853 854/854 650/650
f 958/958 959/959 856/856
f 5309/5309 5341/5341 5300/5300
f 5341/5341 5295/5295 5300/5300
f 1146/1146 1175/1175 1149/1149
f 1175/1175 1174/1174 1149/1149
f 1173/1173 1227/1227 1164/1164
f 4828/4828 4766/4766 4767/4767
f 4767/4767 4752/4752 4825/4825
f 4752/4752 4751/4751 4825/4825
f 4825/4825 4751/4751 4831/4831
f 4751/4751 4753/4753 4816/4816
f 4831/4831 4751/4751 4816/4816
f 4856/4856 4795/4795 4826/4826
f 4826/4826 4814/4814 4853/4853
f 4753/4753 4760/4760 4816/4816
f 4816/4816 4760/4760 4815/4815
f 4815/4815 4760/4760 4761/4761
f 4815/4815 4761/4761 4779/4779
f 4761/4761 4732/4732 4779/4779
f 4800/4800 4779/4779 4730/4730
f 4779/4779 4732/4732 4730/4730
f 4800/4800 4730/4730 4731/4731
f 4800/4800 4731/4731 4820/4820
f 4730/4730 4727/4727 4731/4731
f 4727/4727 4726/4726 4731/4731
f 4726/4726 4532/4532 4729/4729
f 4729/4729 4728/4728 4755/4755
f 4770/4770 4755/4755 4754/4754
f 4755/4755 4728/4728 4754/4754
f 4770/4770 4754/4754 4756/4756
f 4768/4768 4733/4733 4739/4739
f 4768/4768 4739/4739 4738/4738
f 4768/4768 4738/4738 4792/4792
f 4792/4792 4738/4738 4743/4743
f 4740/4740 4741/4741 4771/4771
f 4771/4771 4741/4741 4744/4744
f 4744/4744 4749/4749 4762/4762
f 3448/3448 3449/3449 3441/3441
f 3448/3448 3441/3441 3440/3440
f 3440/3440 3442/3442 3443/3443
f 3445/3445 3447/3447 3439/3439
f 3439/3439 3447/3447 3453/3453
f 3432/3432 3455/3455 3425/3425
f 3427/3427 3474/3474 3293/3293
f 3293/3293 3474/3474 3466/3466
f 3428/3428 3494/3494 3410/3410
f 1126/1126 1074/1074 1066/1066
f 3522/3522 3458/3458 3521/3521
f 1107/1107 1009/1009 1010/1010
f 5149/5149 5058/5058 5133/5133
f 946/946 752/752 751/751
f 946/946 751/751 949/949
f 946/946 756/756 752/752
f 756/756 636/636 621/621
f 756/756 778/778 636/636
f 636/636 513/513 621/621
f 425/425 424/424 620/620
f 620/620 424/424 513/513
f 425/425 393/393 391/391
f 425/425 391/391 424/424
f 393/393 282/282 355/355
f 393/393 355/355 391/391
f 282/282 280/280 355/355
f 282/282 281/281 280/280
f 344/344 349/349 332/332
f 344/344 438/438 349/349
f 438/438 436/436 349/349
f 438/438 482/482 436/436
f 526/526 525/525 482/482
f 525/525 595/595 544/544
f 595/595 831/831 830/830
f 649/649 907/907 853/853
f 907/907 958/958 854/854
f 853/853 907/907 854/854
f 1131/1131 959/959 958/958
f 1131/1131 1130/1130 959/959
f 959/959 1130/1130 970/970
f 1130/1130 1226/1226 970/970
f 970/970 1226/1226 1146/1146
f 1226/1226 1175/1175 1146/1146
f 1175/1175 1257/1257 1174/1174
f 5380/5380 5351/5351 5341/5341
f 4827/4827 4747/4747 4766/4766
f 4827/4827 4766/4766 4828/4828
f 4766/4766 4752/4752 4767/4767
f 4766/4766 4736/4736 4752/4752
f 4860/4860 4867/4867 4868/4868
f 4752/4752 4736/4736 4751/4751
f 4814/4814 4846/4846 4853/4853
f 4853/4853 4846/4846 4860/4860
f 4751/4751 3876/3876 4753/4753
f 4743/4743 4694/4694 4742/4742
f 4763/4763 4701/4701 4780/4780
f 4780/4780 4794/4794 4795/4795
f 4795/4795 4794/4794 4826/4826
f 4826/4826 4794/4794 4814/4814
f 4761/4761 4413/4413 4732/4732
f 4732/4732 4413/4413 4534/4534
f 4732/4732 4534/4534 4699/4699
f 4732/4732 4699/4699 4730/4730
f 4728/4728 4688/4688 4754/4754
f 4688/4688 4612/4612 4754/4754
f 4754/4754 4612/4612 4756/4756
f 4612/4612 4613/4613 4734/4734
f 4756/4756 4612/4612 4734/4734
f 4613/4613 4614/4614 4733/4733
f 4734/4734 4613/4613 4733/4733
f 4733/4733 4615/4615 4739/4739
f 4738/4738 4694/4694 4743/4743
f 4741/4741 4695/4695 4744/4744
f 1015/1015 949/949 1016/1016
f 945/945 778/778 756/756
f 945/945 756/756 946/946
f 637/637 620/620 636/636
f 637/637 634/634 425/425
f 637/637 425/425 620/620
f 426/426 409/409 393/393
f 426/426 393/393 425/425
f 409/409 377/377 393/393
f 393/393 377/377 282/282
f 286/286 282/282 377/377
f 286/286 283/283 282/282
f 282/282 283/283 281/281
f 283/283 331/331 281/281
f 281/281 331/331 332/332
f 343/343 332/332 331/331
f 343/343 344/344 332/332
f 343/343 440/440 344/344
f 344/344 440/440 438/438
f 440/440 442/442 438/438
f 442/442 482/482 438/438
f 442/442 527/527 482/482
f 527/527 526/526 482/482
f 527/527 597/597 526/526
f 597/597 647/647 526/526
f 526/526 647/647 525/525
f 647/647 595/595 525/525
f 647/647 831/831 595/595
f 831/831 907/907 830/830
f 830/830 907/907 649/649
f 958/958 1132/1132 1131/1131
f 1131/1131 1226/1226 1130/1130
f 1226/1226 1257/1257 1175/1175
f 5295/5295 5341/5341 5294/5294
f 4786/4786 4747/4747 4827/4827
f 4747/4747 4746/4746 4766/4766
f 4766/4766 4746/4746 4736/4736
f 4746/4746 4414/4414 4736/4736
f 4860/4860 4861/4861 4867/4867
f 4860/4860 4846/4846 4861/4861
f 4736/4736 4522/4522 4751/4751
f 4751/4751 4522/4522 3876/3876
f 4753/4753 3876/3876 3879/3879
f 4753/4753 3879/3879 4760/4760
f 4760/4760 4413/4413 4761/4761
f 4760/4760 3879/3879 4413/4413
f 4699/4699 4691/4691 4727/4727
f 4730/4730 4699/4699 4727/4727
f 4727/4727 4691/4691 4726/4726
f 4691/4691 4532/4532 4726/4726
f 4729/4729 4532/4532 4687/4687
f 4729/4729 4687/4687 4728/4728
f 4733/4733 4614/4614 4615/4615
f 4615/4615 3864/3864 4739/4739
f 4739/4739 3864/3864 4738/4738
f 3864/3864 4527/4527 4738/4738
f 4738/4738 4527/4527 4694/4694
f 4694/4694 4693/4693 4742/4742
f 4742/4742 4693/4693 4740/4740
f 4740/4740 4693/4693 4692/4692
f 4740/4740 4692/4692 4741/4741
f 4741/4741 4692/4692 4695/4695
f 4695/4695 4696/4696 4744/4744
f 4744/4744 4696/4696 4749/4749
f 4696/4696 4697/4697 4749/4749
f 4749/4749 4697/4697 4762/4762
f 4762/4762 4697/4697 4701/4701
f 4762/4762 4701/4701 4763/4763
f 4701/4701 4723/4723 4780/4780
f 4780/4780 4723/4723 4794/4794
f 4723/4723 4716/4716 4794/4794
f 3163/3163 3281/3281 3197/3197
f 3422/3422 3477/3477 3514/3514
f 3632/3632 3633/3633 3643/3643
f 3415/3415 3458/3458 3454/3454
f 3486/3486 3541/3541 3540/3540
f 1115/1115 1015/1015 1016/1016
f 1014/1014 946/946 1015/1015
f 1012/1012 946/946 1014/1014
f 1011/1011 945/945 1012/1012
f 775/775 778/778 945/945
f 776/776 637/637 775/775
f 775/775 637/637 636/636
f 742/742 634/634 637/637
f 634/634 477/477 426/426
f 410/410 409/409 477/477
f 477/477 409/409 426/426
f 410/410 375/375 377/377
f 410/410 377/377 409/409
f 375/375 284/284 286/286
f 375/375 286/286 377/377
f 284/284 285/285 286/286
f 286/286 285/285 283/283
f 322/322 331/331 285/285
f 285/285 331/331 283/283
f 322/322 342/342 331/331
f 342/342 343/343 331/331
f 362/362 361/361 342/342
f 342/342 361/361 343/343
f 362/362 441/441 361/361
f 441/441 440/440 343/343
f 361/361 441/441 343/343
f 441/441 442/442 440/440
f 441/441 528/528 442/442
f 528/528 527/527 442/442
f 528/528 598/598 527/527
f 528/528 833/833 598/598
f 527/527 598/598 597/597
f 598/598 647/647 597/597
f 598/598 839/839 647/647
f 647/647 839/839 840/840
f 647/647 840/840 831/831
f 840/840 908/908 831/831
f 831/831 908/908 907/907
f 1134/1134 1133/1133 958/958
f 907/907 1134/1134 958/958
f 1133/1133 1132/1132 958/958
f 1132/1132 1249/1249 1131/1131
f 1131/1131 1249/1249 1226/1226
f 4793/4793 4786/4786 4836/4836
f 4786/4786 4715/4715 4747/4747
f 4747/4747 4715/4715 4746/4746
f 5390/5390 5351/5351 5385/5385
f 4736/4736 4414/4414 4522/4522
f 4846/4846 4809/4809 4861/4861
f 4522/4522 3885/3885 3876/3876
f 4716/4716 4719/4719 4814/4814
f 4814/4814 4719/4719 4846/4846
f 3876/3876 3875/3875 3879/3879
f 3879/3879 3875/3875 3867/3867
f 3879/3879 3867/3867 4413/4413
f 4413/4413 3867/3867 3866/3866
f 4413/4413 3866/3866 4534/4534
f 4534/4534 3866/3866 4699/4699
f 4699/4699 3866/3866 3851/3851
f 3851/3851 3849/3849 4691/4691
f 4699/4699 3851/3851 4691/4691
f 4691/4691 3849/3849 3850/3850
f 4691/4691 3850/3850 4532/4532
f 3850/3850 3847/3847 4532/4532
f 3847/3847 3848/3848 4687/4687
f 4532/4532 3847/3847 4687/4687
f 4687/4687 3848/3848 3852/3852
f 4687/4687 3852/3852 3853/3853
f 4728/4728 4687/4687 4688/4688
f 4687/4687 3853/3853 4688/4688
f 4688/4688 3853/3853 4612/4612
f 4612/4612 3853/3853 3856/3856
f 4612/4612 3856/3856 4613/4613
f 4613/4613 3856/3856 4614/4614
f 3856/3856 3857/3857 4614/4614
f 3857/3857 3864/3864 4615/4615
f 4614/4614 3857/3857 4615/4615
f 3864/3864 3863/3863 4527/4527
f 4527/4527 3863/3863 3862/3862
f 3862/3862 3861/3861 4527/4527
f 4527/4527 3861/3861 4694/4694
f 4694/4694 3861/3861 4693/4693
f 4693/4693 3861/3861 4692/4692
f 3861/3861 3860/3860 4692/4692
f 4692/4692 3858/3858 4695/4695
f 4695/4695 3873/3873 4696/4696
f 3873/3873 3874/3874 4697/4697
f 4696/4696 3873/3873 4697/4697
f 4697/4697 3874/3874 4701/4701
f 4701/4701 3891/3891 4723/4723
f 3415/3415 3248/3248 3458/3458
f 3249/3249 3486/3486 3458/3458
f 3463/3463 3535/3535 3486/3486
f 3535/3535 3537/3537 3542/3542
f 3535/3535 3463/3463 3537/3537
f 1114/1114 1014/1014 1015/1015
f 1114/1114 1015/1015 1115/1115
f 1013/1013 776/776 775/775
f 1013/1013 775/775 1011/1011
f 776/776 777/777 637/637
f 5077/5077 5198/5198 5078/5078
f 477/477 634/634 742/742
f 478/478 410/410 477/477
f 5730/5730 5738/5738 5776/5776
f 411/411 374/374 375/375
f 411/411 375/375 410/410
f 374/374 287/287 284/284
f 374/374 284/284 375/375
f 287/287 285/285 284/284
f 287/287 289/289 285/285
f 321/321 322/322 289/289
f 289/289 322/322 285/285
f 321/321 339/339 322/322
f 322/322 339/339 342/342
f 360/360 362/362 342/342
f 339/339 360/360 342/342
f 471/471 362/362 360/360
f 471/471 501/501 362/362
f 501/501 500/500 362/362
f 500/500 441/441 362/362
f 581/581 528/528 500/500
f 500/500 528/528 441/441
f 581/581 833/833 528/528
f 833/833 839/839 598/598
f 839/839 894/894 840/840
f 894/894 909/909 840/840
f 909/909 908/908 840/840
f 1135/1135 1134/1134 907/907
f 908/908 1135/1135 907/907
f 1135/1135 1253/1253 1134/1134
f 1133/1133 1254/1254 1249/1249
f 1133/1133 1249/1249 1132/1132
f 4823/4823 4793/4793 4836/4836
f 4793/4793 4737/4737 4786/4786
f 4737/4737 4702/4702 4715/4715
f 4737/4737 4715/4715 4786/4786
f 4715/4715 4431/4431 4746/4746
f 4746/4746 4431/4431 4414/4414
f 4809/4809 4858/4858 4861/4861
f 5390/5390 5377/5377 5351/5351
f 4414/4414 3886/3886 4522/4522
f 4522/4522 3886/3886 3885/3885
f 4846/4846 4719/4719 4809/4809
f 4719/4719 4791/4791 4809/4809
f 3875/3875 3830/3830 3867/3867
f 3860/3860 3858/3858 4692/4692
f 3891/3891 4686/4686 4716/4716
f 4723/4723 3891/3891 4716/4716
f 4716/4716 4686/4686 4719/4719
f 3866/3866 3833/3833 3851/3851
f 3853/3853 3855/3855 3856/3856
f 3842/3842 3860/3860 3861/3861
f 4695/4695 3858/3858 3873/3873
f 4701/4701 3874/3874 3891/3891
f 3160/3160 3243/3243 3193/3193
f 3055/3055 3003/3003 3195/3195
f 3199/3199 3247/3247 3271/3271
f 3411/3411 3463/3463 3486/3486
f 1190/1190 1012/1012 1114/1114
f 1048/1048 1011/1011 1049/1049
f 1006/1006 777/777 776/776
f 743/743 742/742 777/777
f 743/743 618/618 478/478
f 743/743 478/478 477/477
f 743/743 477/477 742/742
f 618/618 411/411 478/478
f 5728/5728 5731/5731 5729/5729
f 412/412 374/374 411/411
f 376/376 288/288 287/287
f 376/376 287/287 374/374
f 290/290 289/289 288/288
f 288/288 289/289 287/287
f 290/290 320/320 321/321
f 290/290 321/321 289/289
f 338/338 321/321 320/320
f 338/338 339/339 321/321
f 338/338 359/359 339/339
f 359/359 360/360 339/339
f 359/359 471/471 360/360
f 471/471 359/359 502/502
f 502/502 501/501 471/471
f 502/502 542/542 501/501
f 542/542 500/500 501/501
f 542/542 596/596 500/500
f 500/500 596/596 581/581
f 596/596 833/833 581/581
f 892/892 894/894 839/839
f 833/833 892/892 839/839
f 909/909 1161/1161 1135/1135
f 909/909 1135/1135 908/908
f 1253/1253 1254/1254 1134/1134
f 1134/1134 1254/1254 1133/1133
f 4790/4790 4789/4789 4823/4823
f 4789/4789 4793/4793 4823/4823
f 4757/4757 4737/4737 4793/4793
f 4702/4702 4240/4240 4715/4715
f 4715/4715 4240/4240 4431/4431
f 4431/4431 4240/4240 3890/3890
f 4431/4431 3890/3890 4414/4414
f 3890/3890 3889/3889 3886/3886
f 3890/3890 3886/3886 4414/4414
f 3885/3885 3886/3886 3845/3845
f 3885/3885 3845/3845 3876/3876
f 4686/4686 4718/4718 4719/4719
f 4719/4719 4718/4718 4791/4791
f 3876/3876 3845/3845 3875/3875
f 3875/3875 3845/3845 3830/3830
f 3830/3830 3829/3829 3867/3867
f 3867/3867 3829/3829 3826/3826
f 3867/3867 3826/3826 3866/3866
f 3866/3866 3826/3826 3833/3833
f 3833/3833 3834/3834 3851/3851
f 3851/3851 3834/3834 3849/3849
f 3849/3849 3834/3834 3850/3850
f 3850/3850 3834/3834 3821/3821
f 3821/3821 3822/3822 3847/3847
f 3850/3850 3821/3821 3847/3847
f 3822/3822 3823/3823 3847/3847
f 3847/3847 3823/3823 3848/3848
f 3823/3823 3824/3824 3852/3852
f 3848/3848 3823/3823 3852/3852
f 3852/3852 3824/3824 3853/3853
f 3853/3853 3824/3824 3854/3854
f 3853/3853 3854/3854 3855/3855
f 3855/3855 3854/3854 3856/3856
f 3856/3856 3835/3835 3857/3857
f 3835/3835 3839/3839 3857/3857
f 3857/3857 3839/3839 3864/3864
f 3864/3864 3839/3839 3838/3838
f 3864/3864 3838/3838 3863/3863
f 3863/3863 3838/3838 3836/3836
f 3863/3863 3836/3836 3862/3862
f 3862/3862 3836/3836 3861/3861
f 3836/3836 3837/3837 3861/3861
f 3837/3837 3842/3842 3861/3861
f 3842/3842 3859/3859 3860/3860
f 3860/3860 3859/3859 3858/3858
f 3858/3858 3859/3859 3840/3840
f 3858/3858 3840/3840 3873/3873
f 3840/3840 3843/3843 3873/3873
f 3873/3873 3843/3843 3846/3846
f 3873/3873 3846/3846 3874/3874
f 3846/3846 3865/3865 3874/3874
f 3874/3874 3865/3865 3891/3891
f 3891/3891 3877/3877 4686/4686
f 3010/3010 2976/2976 3055/3055
f 3156/3156 3022/3022 3199/3199
f 3247/3247 3023/3023 3164/3164
f 3247/3247 3164/3164 3248/3248
f 5364/5364 5263/5263 5250/5250
f 3249/3249 3192/3192 3411/3411
f 3462/3462 3536/3536 3537/3537
f 1047/1047 1006/1006 1013/1013
f 1047/1047 1013/1013 1048/1048
f 929/929 777/777 1007/1007
f 929/929 744/744 743/743
f 773/773 618/618 744/744
f 744/744 618/618 743/743
f 773/773 630/630 618/618
f 630/630 412/412 618/618
f 413/413 376/376 412/412
f 324/324 288/288 376/376
f 324/324 291/291 288/288
f 291/291 290/290 288/288
f 291/291 292/292 290/290
f 292/292 315/315 320/320
f 292/292 320/320 290/290
f 334/334 338/338 320/320
f 315/315 334/334 320/320
f 357/357 359/359 334/334
f 334/334 359/359 338/338
f 357/357 503/503 359/359
f 520/520 502/502 359/359
f 503/503 520/520 359/359
f 520/520 543/543 502/502
f 543/543 542/542 502/502
f 543/543 821/821 542/542
f 542/542 821/821 596/596
f 821/821 891/891 596/596
f 891/891 892/892 596/596
f 596/596 892/892 833/833
f 892/892 1162/1162 894/894
f 1162/1162 1161/1161 894/894
f 894/894 1161/1161 909/909
f 1161/1161 1250/1250 1135/1135
f 1135/1135 1250/1250 1253/1253
f 1250/1250 1254/1254 1253/1253
f 4790/4790 4725/4725 4789/4789
f 4789/4789 4690/4690 4793/4793
f 4690/4690 4757/4757 4793/4793
f 4690/4690 4689/4689 4757/4757
f 4757/4757 4689/4689 4737/4737
f 4689/4689 4702/4702 4737/4737
f 4702/4702 4243/4243 4240/4240
f 5298/5298 5345/5345 5270/5270
f 4240/4240 4138/4138 3890/3890
f 4858/4858 4791/4791 4859/4859
f 4791/4791 4829/4829 4859/4859
f 3886/3886 3868/3868 3845/3845
f 4718/4718 4720/4720 4791/4791
f 3877/3877 3888/3888 4686/4686
f 4686/4686 3888/3888 4718/4718
f 3824/3824 3820/3820 3854/3854
f 3820/3820 3819/3819 3854/3854
f 3854/3854 3819/3819 3856/3856
f 3856/3856 3819/3819 3835/3835
f 3859/3859 3842/3842 3841/3841
f 3859/3859 3841/3841 3840/3840
f 3865/3865 3877/3877 3891/3891
f 3462/3462 3412/3412 3429/3429
f 3429/3429 3526/3526 3462/3462
f 3520/3520 3545/3545 3525/3525
f 1003/1003 929/929 1007/1007
f 797/797 744/744 1003/1003
f 769/769 630/630 744/744
f 744/744 630/630 773/773
f 5745/5745 5751/5751 5756/5756
f 631/631 630/630 769/769
f 631/631 419/419 412/412
f 631/631 412/412 630/630
f 5735/5735 5739/5739 5745/5745
f 419/419 381/381 376/376
f 419/419 376/376 413/413
f 381/381 323/323 324/324
f 381/381 324/324 376/376
f 295/295 293/293 323/323
f 323/323 293/293 291/291
f 323/323 291/291 324/324
f 295/295 296/296 294/294
f 295/295 294/294 293/293
f 293/293 294/294 292/292
f 293/293 292/292 291/291
f 296/296 313/313 314/314
f 296/296 314/314 294/294
f 294/294 314/314 292/292
f 292/292 314/314 315/315
f 313/313 329/329 314/314
f 314/314 334/334 315/315
f 329/329 330/330 314/314
f 329/329 358/358 330/330
f 314/314 330/330 334/334
f 358/358 357/357 330/330
f 330/330 357/357 334/334
f 358/358 504/504 357/357
f 504/504 358/358 519/519
f 357/357 504/504 503/503
f 504/504 519/519 503/503
f 503/503 519/519 520/520
f 519/519 586/586 587/587
f 519/519 587/587 520/520
f 587/587 588/588 520/520
f 520/520 588/588 543/543
f 543/543 588/588 821/821
f 588/588 903/903 893/893
f 588/588 893/893 821/821
f 893/893 891/891 821/821
f 891/891 1062/1062 892/892
f 1062/1062 1176/1176 892/892
f 1176/1176 1186/1186 1162/1162
f 892/892 1176/1176 1162/1162
f 1186/1186 1161/1161 1162/1162
f 1186/1186 1243/1243 1161/1161
f 4785/4785 4745/4745 4837/4837
f 4837/4837 4745/4745 4819/4819
f 4745/4745 4704/4704 4819/4819
f 4704/4704 4799/4799 4819/4819
f 4819/4819 4799/4799 4790/4790
f 4799/4799 4713/4713 4790/4790
f 4713/4713 4725/4725 4790/4790
f 4725/4725 4690/4690 4789/4789
f 4689/4689 4234/4234 4233/4233
f 4689/4689 4233/4233 4243/4243
f 4689/4689 4243/4243 4702/4702
f 4243/4243 4215/4215 4240/4240
f 4215/4215 4138/4138 4240/4240
f 4138/4138 3872/3872 3890/3890
f 3890/3890 3872/3872 3889/3889
f 5345/5345 5346/5346 5270/5270
f 4859/4859 4829/4829 4850/4850
f 3889/3889 3832/3832 3886/3886
f 3886/3886 3832/3832 3868/3868
f 4720/4720 4721/4721 4791/4791
f 3845/3845 3868/3868 3812/3812
f 3845/3845 3812/3812 3811/3811
f 3888/3888 4410/4410 4718/4718
f 4410/4410 4720/4720 4718/4718
f 3845/3845 3811/3811 3830/3830
f 3811/3811 3798/3798 3830/3830
f 3830/3830 3798/3798 3829/3829
f 3829/3829 3798/3798 3783/3783
f 3829/3829 3783/3783 3826/3826
f 3826/3826 3783/3783 3788/3788
f 3788/3788 3797/3797 3833/3833
f 3826/3826 3788/3788 3833/3833
f 3797/3797 3800/3800 3833/3833
f 3833/3833 3800/3800 3834/3834
f 3834/3834 3800/3800 3821/3821
f 3800/3800 3806/3806 3821/3821
f 3821/3821 3806/3806 3805/3805
f 3821/3821 3805/3805 3822/3822
f 3822/3822 3805/3805 3823/3823
f 3823/3823 3805/3805 3824/3824
f 3805/3805 3791/3791 3824/3824
f 3824/3824 3791/3791 3820/3820
f 3820/3820 3791/3791 3819/3819
f 3791/3791 3790/3790 3819/3819
f 3819/3819 3790/3790 3835/3835
f 3835/3835 3790/3790 3816/3816
f 3835/3835 3816/3816 3839/3839
f 3839/3839 3816/3816 3838/3838
f 3838/3838 3816/3816 3796/3796
f 3838/3838 3796/3796 3836/3836
f 3796/3796 3795/3795 3836/3836
f 3836/3836 3795/3795 3837/3837
f 3795/3795 3794/3794 3837/3837
f 3837/3837 3794/3794 3842/3842
f 3842/3842 3794/3794 3841/3841
f 3794/3794 3792/3792 3841/3841
f 3841/3841 3792/3792 3793/3793
f 3841/3841 3793/3793 3840/3840
f 3840/3840 3793/3793 3809/3809
f 3840/3840 3809/3809 3843/3843
f 3843/3843 3809/3809 3810/3810
f 3843/3843 3810/3810 3846/3846
f 3810/3810 3815/3815 3865/3865
f 3846/3846 3810/3810 3865/3865
f 3815/3815 3831/3831 3877/3877
f 3865/3865 3815/3815 3877/3877
f 3877/3877 3831/3831 3888/3888
f 2740/2740 2979/2979 2753/2753
f 2907/2907 2995/2995 2732/2732
f 2904/2904 3002/3002 2976/2976
f 3022/3022 2914/2914 3001/3001
f 3164/3164 3020/3020 3192/3192
f 3192/3192 3020/3020 3191/3191
f 3190/3190 3413/3413 3191/3191
f 3190/3190 3412/3412 3413/3413
f 3464/3464 3465/3465 3520/3520
f 3485/3485 3544/3544 3520/3520
f 3511/3511 3544/3544 3485/3485
f 5798/5798 5833/5833 5834/5834
f 1064/1064 1003/1003 1007/1007
f 5797/5797 5832/5832 5833/5833
f 5797/5797 5833/5833 5798/5798
f 5762/5762 5829/5829 5797/5797
f 796/796 797/797 1003/1003
f 795/795 631/631 796/796
f 796/796 631/631 769/769
f 796/796 769/769 797/797
f 734/734 476/476 631/631
f 734/734 631/631 795/795
f 476/476 419/419 631/631
f 417/417 381/381 476/476
f 476/476 381/381 419/419
f 416/416 368/368 323/323
f 416/416 323/323 417/417
f 417/417 323/323 381/381
f 700/700 656/656 654/654
f 654/654 653/653 718/718
f 700/700 654/654 718/718
f 368/368 316/316 295/295
f 368/368 295/295 323/323
f 305/305 297/297 316/316
f 316/316 297/297 295/295
f 657/657 658/658 655/655
f 657/657 655/655 656/656
f 655/655 652/652 654/654
f 656/656 655/655 654/654
f 654/654 652/652 653/653
f 305/305 299/299 297/297
f 299/299 298/298 297/297
f 297/297 296/296 295/295
f 670/670 667/667 671/671
f 671/671 667/667 674/674
f 667/667 666/666 674/674
f 657/657 660/660 658/658
f 652/652 447/447 448/448
f 653/653 652/652 448/448
f 300/300 301/301 298/298
f 300/300 298/298 299/299
f 297/297 298/298 296/296
f 670/670 672/672 669/669
f 670/670 669/669 667/667
f 669/669 668/668 667/667
f 667/667 668/668 665/665
f 667/667 665/665 666/666
f 665/665 664/664 663/663
f 666/666 665/665 663/663
f 664/664 662/662 663/663
f 660/660 661/661 658/658
f 658/658 659/659 655/655
f 652/652 679/679 447/447
f 301/301 310/310 298/298
f 298/298 310/310 311/311
f 311/311 312/312 298/298
f 298/298 312/312 296/296
f 312/312 313/313 296/296
f 672/672 694/694 669/669
f 669/669 677/677 668/668
f 668/668 680/680 665/665
f 665/665 680/680 664/664
f 661/661 681/681 658/658
f 661/661 684/684 681/681
f 679/679 449/449 447/447
f 310/310 333/333 311/311
f 312/312 329/329 313/313
f 668/668 677/677 680/680
f 681/681 688/688 659/659
f 658/658 681/681 659/659
f 659/659 688/688 689/689
f 659/659 689/689 679/679
f 679/679 689/689 449/449
f 333/333 335/335 311/311
f 311/311 335/335 312/312
f 335/335 336/336 312/312
f 312/312 336/336 329/329
f 335/335 385/385 364/364
f 335/335 364/364 336/336
f 336/336 364/364 329/329
f 329/329 364/364 358/358
f 681/681 701/701 688/688
f 701/701 710/710 689/689
f 688/688 701/701 689/689
f 794/794 629/629 689/689
f 710/710 794/794 689/689
f 364/364 385/385 386/386
f 364/364 386/386 358/358
f 710/710 701/701 794/794
f 529/529 514/514 386/386
f 386/386 514/514 358/358
f 358/358 514/514 519/519
f 514/514 529/529 586/586
f 514/514 586/586 519/519
f 586/586 832/832 587/587
f 832/832 859/859 587/587
f 587/587 859/859 588/588
f 859/859 1061/1061 903/903
f 859/859 903/903 588/588
f 903/903 1062/1062 893/893
f 903/903 1178/1178 1062/1062
f 893/893 1062/1062 891/891
f 1062/1062 1225/1225 1176/1176
f 1176/1176 1242/1242 1186/1186
f 1242/1242 1243/1243 1186/1186
f 4799/4799 4704/4704 4713/4713
f 4713/4713 4293/4293 4725/4725
f 4293/4293 4295/4295 4725/4725
f 4295/4295 4690/4690 4725/4725
f 4295/4295 4294/4294 4690/4690
f 4690/4690 4294/4294 4689/4689
f 4294/4294 4234/4234 4689/4689
f 4233/4233 4232/4232 4243/4243
f 4232/4232 4215/4215 4243/4243
f 4215/4215 4232/4232 4133/4133
f 5125/5125 5270/5270 5143/5143
f 5270/5270 5144/5144 5143/5143
f 4215/4215 4132/4132 4138/4138
f 3889/3889 3872/3872 3832/3832
f 4765/4765 4850/4850 4829/4829
f 4721/4721 4765/4765 4829/4829
f 3832/3832 3818/3818 3868/3868
f 3868/3868 3818/3818 3812/3812
f 4410/4410 4520/4520 4720/4720
f 4720/4720 4520/4520 4721/4721
f 3798/3798 3782/3782 3783/3783
f 3805/3805 3806/3806 3804/3804
f 3805/3805 3804/3804 3791/3791
f 3790/3790 3789/3789 3816/3816
f 3789/3789 3796/3796 3816/3816
f 3831/3831 3869/3869 3888/3888
f 3809/3809 3784/3784 3810/3810
f 2893/2893 2976/2976 2907/2907
f 2904/2904 2734/2734 2915/2915
f 3020/3020 3021/3021 3191/3191
f 3190/3190 3286/3286 3412/3412
f 3286/3286 3429/3429 3412/3412
f 3285/3285 3464/3464 3284/3284
f 6005/6005 5949/5949 6007/6007
f 6023/6023 6004/6004 6005/6005
f 6023/6023 6005/6005 6020/6020
f 1063/1063 1003/1003 1064/1064
f 6021/6021 6003/6003 6023/6023
f 1063/1063 796/796 1003/1003
f 5799/5799 5804/5804 5829/5829
f 1008/1008 795/795 796/796
f 1008/1008 796/796 1063/1063
f 5755/5755 5799/5799 5751/5751
f 625/625 417/417 733/733
f 733/733 417/417 734/734
f 734/734 417/417 476/476
f 711/711 700/700 719/719
f 719/719 700/700 750/750
f 418/418 416/416 625/625
f 625/625 416/416 417/417
f 711/711 687/687 656/656
f 711/711 656/656 700/700
f 494/494 415/415 418/418
f 418/418 415/415 368/368
f 418/418 368/368 416/416
f 698/698 690/690 676/676
f 698/698 676/676 699/699
f 699/699 676/676 675/675
f 699/699 675/675 686/686
f 686/686 675/675 673/673
f 686/686 673/673 685/685
f 687/687 657/657 656/656
f 718/718 653/653 475/475
f 396/396 328/328 327/327
f 396/396 327/327 415/415
f 415/415 327/327 368/368
f 712/712 696/696 697/697
f 697/697 696/696 671/671
f 697/697 671/671 690/690
f 690/690 671/671 676/676
f 685/685 660/660 687/687
f 687/687 660/660 657/657
f 653/653 448/448 475/475
f 448/448 317/317 367/367
f 475/475 448/448 367/367
f 317/317 306/306 325/325
f 367/367 317/317 325/325
f 325/325 306/306 304/304
f 325/325 304/304 326/326
f 326/326 304/304 302/302
f 326/326 302/302 328/328
f 328/328 302/302 299/299
f 328/328 299/299 327/327
f 327/327 299/299 305/305
f 712/712 707/707 696/696
f 712/712 1043/1043 707/707
f 671/671 674/674 676/676
f 676/676 674/674 675/675
f 675/675 666/666 673/673
f 673/673 663/663 685/685
f 685/685 663/663 660/660
f 448/448 318/318 317/317
f 302/302 304/304 300/300
f 302/302 300/300 299/299
f 707/707 670/670 696/696
f 6720/6720 6698/6698 6649/6649
f 696/696 670/670 671/671
f 448/448 447/447 318/318
f 317/317 318/318 307/307
f 317/317 307/307 306/306
f 307/307 303/303 306/306
f 306/306 303/303 304/304
f 304/304 303/303 300/300
f 303/303 301/301 300/300
f 707/707 708/708 672/672
f 707/707 672/672 670/670
f 6720/6720 6649/6649 6719/6719
f 662/662 661/661 660/660
f 663/663 662/662 660/660
f 447/447 319/319 318/318
f 319/319 308/308 318/318
f 318/318 308/308 307/307
f 308/308 309/309 303/303
f 307/307 308/308 303/303
f 309/309 310/310 303/303
f 303/303 310/310 301/301
f 708/708 694/694 672/672
f 447/447 449/449 319/319
f 319/319 341/341 308/308
f 341/341 340/340 308/308
f 308/308 340/340 309/309
f 309/309 333/333 310/310
f 708/708 709/709 694/694
f 6719/6719 6649/6649 6674/6674
f 6719/6719 6674/6674 6716/6716
f 694/694 678/678 669/669
f 669/669 678/678 677/677
f 680/680 683/683 664/664
f 664/664 683/683 662/662
f 662/662 683/683 682/682
f 662/662 682/682 661/661
f 661/661 682/682 684/684
f 449/449 356/356 319/319
f 319/319 356/356 341/341
f 341/341 346/346 340/340
f 346/346 345/345 309/309
f 340/340 346/346 309/309
f 309/309 345/345 333/333
f 709/709 702/702 694/694
f 694/694 702/702 695/695
f 694/694 695/695 678/678
f 678/678 695/695 691/691
f 678/678 691/691 677/677
f 691/691 692/692 680/680
f 677/677 691/691 680/680
f 680/680 692/692 693/693
f 680/680 693/693 683/683
f 683/683 693/693 682/682
f 682/682 704/704 684/684
f 449/449 580/580 446/446
f 449/449 446/446 356/356
f 356/356 446/446 388/388
f 356/356 388/388 341/341
f 341/341 388/388 387/387
f 341/341 387/387 346/346
f 346/346 387/387 371/371
f 346/346 371/371 345/345
f 345/345 371/371 363/363
f 345/345 363/363 333/333
f 363/363 385/385 335/335
f 333/333 363/363 335/335
f 695/695 703/703 691/691
f 703/703 706/706 692/692
f 691/691 703/703 692/692
f 706/706 705/705 692/692
f 706/706 848/848 705/705
f 692/692 705/705 693/693
f 693/693 705/705 682/682
f 704/704 701/701 681/681
f 684/684 704/704 681/681
f 371/371 505/505 363/363
f 363/363 505/505 385/385
f 505/505 506/506 385/385
f 506/506 386/386 385/385
f 704/704 720/720 701/701
f 704/704 835/835 720/720
f 505/505 549/549 546/546
f 546/546 530/530 506/506
f 505/505 546/546 506/506
f 506/506 530/530 386/386
f 530/530 529/529 386/386
f 701/701 720/720 794/794
f 530/530 599/599 529/529
f 530/530 845/845 599/599
f 529/529 599/599 586/586
f 599/599 841/841 586/586
f 586/586 841/841 832/832
f 841/841 1060/1060 832/832
f 1060/1060 1061/1061 832/832
f 832/832 1061/1061 859/859
f 1061/1061 1177/1177 903/903
f 903/903 1177/1177 1178/1178
f 4824/4824 4788/4788 4822/4822
f 1178/1178 1225/1225 1062/1062
f 1225/1225 1242/1242 1176/1176
f 4785/4785 4711/4711 4745/4745
f 4711/4711 4703/4703 4745/4745
f 4745/4745 4703/4703 4704/4704
f 4704/4704 4284/4284 4713/4713
f 4713/4713 4284/4284 4293/4293
f 4293/4293 4165/4165 4295/4295
f 4295/4295 4164/4164 4294/4294
f 4294/4294 4164/4164 4234/4234
f 4233/4233 4168/4168 4232/4232
f 4133/4133 4132/4132 4215/4215
f 4132/4132 3870/3870 4138/4138
f 4138/4138 3870/3870 3872/3872
f 4520/4520 4765/4765 4721/4721
f 3812/3812 3818/3818 3808/3808
f 3812/3812 3808/3808 3811/3811
f 3811/3811 3770/3770 3798/3798
f 3888/3888 3884/3884 4410/4410
f 4410/4410 3884/3884 4520/4520
f 3798/3798 3770/3770 3782/3782
f 3788/3788 3783/3783 3753/3753
f 3788/3788 3753/3753 3797/3797
f 3797/3797 3799/3799 3800/3800
f 3800/3800 3799/3799 3801/3801
f 3800/3800 3801/3801 3806/3806
f 3806/3806 3801/3801 3802/3802
f 3806/3806 3802/3802 3804/3804
f 3802/3802 3803/3803 3804/3804
f 3804/3804 3803/3803 3791/3791
f 3803/3803 3807/3807 3791/3791
f 3791/3791 3807/3807 3766/3766
f 3766/3766 3763/3763 3791/3791
f 3791/3791 3763/3763 3790/3790
f 3789/3789 3762/3762 3796/3796
f 3796/3796 3775/3775 3795/3795
f 3778/3778 3776/3776 3795/3795
f 3795/3795 3776/3776 3794/3794
f 3794/3794 3776/3776 3792/3792
f 3792/3792 3777/3777 3779/3779
f 3792/3792 3779/3779 3793/3793
f 3793/3793 3779/3779 3809/3809
f 3809/3809 3779/3779 3781/3781
f 3809/3809 3781/3781 3784/3784
f 3810/3810 3787/3787 3815/3815
f 3787/3787 3780/3780 3831/3831
f 3815/3815 3787/3787 3831/3831
f 3831/3831 3780/3780 3869/3869
f 2750/2750 2914/2914 2915/2915
f 2750/2750 2915/2915 2734/2734
f 3001/3001 2931/2931 3019/3019
f 3013/3013 3190/3190 3021/3021
f 3190/3190 3189/3189 3286/3286
f 5107/5107 5049/5049 4993/4993
f 3394/3394 3465/3465 3285/3285
f 5949/5949 5946/5946 5940/5940
f 5291/5291 5234/5234 5209/5209
f 3404/3404 3485/3485 3394/3394
f 3467/3467 3511/3511 3404/3404
f 6003/6003 5945/5945 6004/6004
f 3489/3489 3538/3538 3467/3467
f 3527/3527 3538/3538 3489/3489
f 1023/1023 999/999 1008/1008
f 1023/1023 1008/1008 1065/1065
f 1000/1000 813/813 733/733
f 1000/1000 1037/1037 813/813
f 5755/5755 5802/5802 5804/5804
f 772/772 771/771 719/719
f 772/772 719/719 1031/1031
f 790/790 625/625 813/813
f 813/813 625/625 733/733
f 771/771 753/753 711/711
f 771/771 711/711 719/719
f 719/719 755/755 1031/1031
f 638/638 418/418 789/789
f 789/789 418/418 790/790
f 790/790 418/418 625/625
f 5748/5748 5750/5750 5755/5755
f 717/717 714/714 736/736
f 736/736 714/714 715/715
f 736/736 715/715 745/745
f 715/715 713/713 727/727
f 745/745 715/715 727/727
f 727/727 713/713 716/716
f 716/716 711/711 753/753
f 626/626 495/495 635/635
f 635/635 495/495 638/638
f 638/638 495/495 494/494
f 638/638 494/494 418/418
f 721/721 697/697 717/717
f 717/717 697/697 690/690
f 717/717 690/690 714/714
f 714/714 690/690 698/698
f 714/714 698/698 699/699
f 714/714 699/699 715/715
f 715/715 699/699 686/686
f 715/715 686/686 713/713
f 686/686 685/685 713/713
f 713/713 685/685 716/716
f 685/685 687/687 716/716
f 716/716 687/687 711/711
f 475/475 406/406 627/627
f 755/755 475/475 627/627
f 406/406 421/421 627/627
f 627/627 421/421 626/626
f 421/421 420/420 495/495
f 626/626 421/421 495/495
f 495/495 420/420 396/396
f 495/495 396/396 494/494
f 721/721 712/712 697/697
f 6722/6722 6647/6647 6728/6728
f 406/406 325/325 421/421
f 325/325 326/326 420/420
f 421/421 325/325 420/420
f 420/420 326/326 396/396
f 6647/6647 6643/6643 6698/6698
f 6728/6728 6647/6647 6698/6698
f 6643/6643 6640/6640 6649/6649
f 6698/6698 6643/6643 6649/6649
f 6649/6649 6640/6640 6674/6674
f 6674/6674 6640/6640 6639/6639
f 6674/6674 6639/6639 6716/6716
f 709/709 972/972 702/702
f 6716/6716 6639/6639 6656/6656
f 6716/6716 6656/6656 6731/6731
f 972/972 852/852 702/702
f 852/852 851/851 695/695
f 702/702 852/852 695/695
f 695/695 851/851 703/703
f 703/703 851/851 847/847
f 703/703 847/847 706/706
f 847/847 848/848 706/706
f 848/848 836/836 705/705
f 705/705 836/836 704/704
f 836/836 835/835 704/704
f 629/629 838/838 446/446
f 446/446 575/575 388/388
f 575/575 574/574 388/388
f 388/388 574/574 387/387
f 574/574 553/553 387/387
f 387/387 553/553 371/371
f 553/553 549/549 371/371
f 371/371 549/549 505/505
f 851/851 962/962 847/847
f 838/838 575/575 446/446
f 574/574 651/651 553/553
f 553/553 651/651 549/549
f 651/651 767/767 549/549
f 549/549 767/767 546/546
f 835/835 900/900 720/720
f 835/835 982/982 900/900
f 720/720 900/900 899/899
f 720/720 899/899 794/794
f 794/794 899/899 838/838
f 767/767 844/844 546/546
f 844/844 843/843 546/546
f 546/546 843/843 530/530
f 843/843 845/845 530/530
f 982/982 1180/1180 900/900
f 900/900 1247/1247 899/899
f 843/843 1154/1154 845/845
f 845/845 973/973 599/599
f 599/599 973/973 841/841
f 973/973 1060/1060 841/841
f 1060/1060 1245/1245 1177/1177
f 1060/1060 1177/1177 1061/1061
f 4804/4804 4772/4772 4824/4824
f 4772/4772 4788/4788 4824/4824
f 4788/4788 4528/4528 4724/4724
f 4788/4788 4724/4724 4822/4822
f 4822/4822 4724/4724 4802/4802
f 4724/4724 4710/4710 4802/4802
f 4802/4802 4710/4710 4785/4785
f 4710/4710 4711/4711 4785/4785
f 4711/4711 4282/4282 4703/4703
f 4703/4703 4282/4282 4283/4283
f 4283/4283 4284/4284 4704/4704
f 4703/4703 4283/4283 4704/4704
f 4284/4284 4128/4128 4293/4293
f 4295/4295 4165/4165 4164/4164
f 4164/4164 4119/4119 4234/4234
f 4234/4234 4119/4119 4233/4233
f 4233/4233 4119/4119 4168/4168
f 4232/4232 4168/4168 4133/4133
f 3870/3870 3825/3825 3872/3872
f 5362/5362 5296/5296 5346/5346
f 4765/4765 4808/4808 4850/4850
f 3872/3872 3825/3825 3832/3832
f 3832/3832 3825/3825 3813/3813
f 3832/3832 3813/3813 3818/3818
f 4520/4520 4648/4648 4765/4765
f 3808/3808 3772/3772 3811/3811
f 3811/3811 3772/3772 3770/3770
f 3884/3884 4246/4246 4520/4520
f 3782/3782 3753/3753 3783/3783
f 3797/3797 3753/3753 3799/3799
f 3753/3753 3754/3754 3799/3799
f 3799/3799 3754/3754 3801/3801
f 3801/3801 3768/3768 3802/3802
f 3802/3802 3768/3768 3803/3803
f 3803/3803 3767/3767 3807/3807
f 3763/3763 3764/3764 3790/3790
f 3790/3790 3764/3764 3789/3789
f 3789/3789 3764/3764 3765/3765
f 3789/3789 3765/3765 3762/3762
f 3796/3796 3762/3762 3775/3775
f 3795/3795 3775/3775 3778/3778
f 3792/3792 3776/3776 3777/3777
f 3810/3810 3784/3784 3787/3787
f 3869/3869 3884/3884 3888/3888
f 2699/2699 2717/2717 2698/2698
f 2698/2698 2717/2717 2697/2697
f 2679/2679 2709/2709 2705/2705
f 2702/2702 2734/2734 2721/2721
f 2889/2889 2931/2931 2975/2975
f 2908/2908 3014/3014 3019/3019
f 2908/2908 3019/3019 2931/2931
f 3188/3188 3043/3043 3007/3007
f 3188/3188 3187/3187 3285/3285
f 3188/3188 3007/3007 3187/3187
f 3394/3394 3158/3158 3404/3404
f 5946/5946 5941/5941 5940/5940
f 5945/5945 5941/5941 5946/5946
f 3408/3408 3489/3489 3467/3467
f 3408/3408 3467/3467 3276/3276
f 6003/6003 5942/5942 5945/5945
f 3407/3407 3527/3527 3489/3489
f 5950/5950 5942/5942 6003/6003
f 6022/6022 6008/6008 5950/5950
f 1037/1037 1000/1000 1023/1023
f 1085/1085 1034/1034 772/772
f 1085/1085 1031/1031 1103/1103
f 996/996 790/790 813/813
f 996/996 813/813 1037/1037
f 5802/5802 5805/5805 5804/5804
f 812/812 924/924 951/951
f 951/951 924/924 925/925
f 995/995 771/771 772/772
f 953/953 941/941 638/638
f 953/953 638/638 954/954
f 954/954 638/638 789/789
f 954/954 789/789 996/996
f 996/996 789/789 790/790
f 935/935 717/717 806/806
f 717/717 736/736 806/806
f 806/806 736/736 812/812
f 736/736 745/745 812/812
f 812/812 745/745 924/924
f 745/745 727/727 925/925
f 924/924 745/745 925/925
f 925/925 727/727 754/754
f 1031/1031 755/755 1032/1032
f 755/755 627/627 944/944
f 1032/1032 755/755 944/944
f 944/944 627/627 943/943
f 943/943 627/627 626/626
f 943/943 626/626 940/940
f 626/626 635/635 940/940
f 940/940 635/635 941/941
f 941/941 635/635 942/942
f 941/941 942/942 638/638
f 935/935 721/721 717/717
f 6696/6696 6652/6652 6722/6722
f 935/935 1122/1122 721/721
f 754/754 716/716 753/753
f 6652/6652 6586/6586 6647/6647
f 6722/6722 6652/6652 6647/6647
f 6647/6647 6586/6586 6642/6642
f 6647/6647 6642/6642 6643/6643
f 6642/6642 6641/6641 6640/6640
f 6643/6643 6642/6642 6640/6640
f 6641/6641 6638/6638 6640/6640
f 6640/6640 6638/6638 6639/6639
f 6639/6639 6638/6638 6636/6636
f 6639/6639 6636/6636 6656/6656
f 972/972 980/980 852/852
f 6731/6731 6656/6656 6708/6708
f 972/972 1221/1221 980/980
f 836/836 981/981 835/835
f 1221/1221 1182/1182 980/980
f 980/980 962/962 851/851
f 852/852 980/980 851/851
f 962/962 1059/1059 847/847
f 962/962 1181/1181 1059/1059
f 847/847 1059/1059 983/983
f 847/847 983/983 848/848
f 848/848 983/983 836/836
f 836/836 983/983 981/981
f 981/981 982/982 835/835
f 838/838 899/899 1159/1159
f 838/838 1159/1159 978/978
f 838/838 978/978 575/575
f 575/575 978/978 574/574
f 978/978 976/976 574/574
f 574/574 976/976 651/651
f 976/976 977/977 651/651
f 651/651 977/977 767/767
f 1247/1247 1204/1204 1159/1159
f 899/899 1247/1247 1159/1159
f 977/977 979/979 767/767
f 977/977 1193/1193 979/979
f 979/979 1193/1193 1179/1179
f 767/767 979/979 844/844
f 979/979 1179/1179 1154/1154
f 979/979 1154/1154 843/843
f 844/844 979/979 843/843
f 1180/1180 1223/1223 900/900
f 900/900 1223/1223 1247/1247
f 1154/1154 1256/1256 1255/1255
f 1154/1154 1155/1155 845/845
f 845/845 1155/1155 973/973
f 973/973 1155/1155 1060/1060
f 1155/1155 1245/1245 1060/1060
f 4796/4796 4722/4722 4797/4797
f 4797/4797 4700/4700 4804/4804
f 4804/4804 4700/4700 4772/4772
f 4700/4700 4239/4239 4772/4772
f 4772/4772 4239/4239 4706/4706
f 4772/4772 4706/4706 4788/4788
f 4706/4706 4528/4528 4788/4788
f 4528/4528 4372/4372 4724/4724
f 4724/4724 4372/4372 4710/4710
f 4710/4710 4372/4372 4167/4167
f 4710/4710 4167/4167 4711/4711
f 4167/4167 4282/4282 4711/4711
f 4283/4283 4135/4135 4284/4284
f 4284/4284 4135/4135 4128/4128
f 4128/4128 4127/4127 4293/4293
f 4293/4293 4127/4127 4165/4165
f 4165/4165 4126/4126 4164/4164
f 4126/4126 4096/4096 4164/4164
f 4164/4164 4097/4097 4119/4119
f 4168/4168 4119/4119 3928/3928
f 4168/4168 3928/3928 4133/4133
f 3928/3928 3887/3887 4133/4133
f 4133/4133 3887/3887 4132/4132
f 4132/4132 3887/3887 3870/3870
f 3813/3813 3825/3825 3786/3786
f 4648/4648 4808/4808 4765/4765
f 3813/3813 3808/3808 3818/3818
f 3813/3813 3785/3785 3808/3808
f 3808/3808 3785/3785 3771/3771
f 3808/3808 3771/3771 3772/3772
f 4246/4246 4412/4412 4520/4520
f 4520/4520 4412/4412 4648/4648
f 3772/3772 3674/3674 3770/3770
f 3770/3770 3674/3674 3747/3747
f 3770/3770 3747/3747 3782/3782
f 3782/3782 3747/3747 3753/3753
f 3780/3780 3817/3817 3869/3869
f 3869/3869 3817/3817 3884/3884
f 3754/3754 3768/3768 3801/3801
f 3768/3768 3769/3769 3803/3803
f 3803/3803 3769/3769 3767/3767
f 3767/3767 3766/3766 3807/3807
f 3762/3762 3736/3736 3775/3775
f 3775/3775 3736/3736 3735/3735
f 3775/3775 3735/3735 3778/3778
f 3735/3735 3740/3740 3776/3776
f 3778/3778 3735/3735 3776/3776
f 3740/3740 3739/3739 3777/3777
f 3776/3776 3740/3740 3777/3777
f 3777/3777 3739/3739 3779/3779
f 3779/3779 3739/3739 3749/3749
f 3779/3779 3749/3749 3781/3781
f 3781/3781 3749/3749 3750/3750
f 3781/3781 3750/3750 3784/3784
f 3750/3750 3755/3755 3787/3787
f 3784/3784 3750/3750 3787/3787
f 3787/3787 3755/3755 3780/3780
f 2696/2696 2662/2662 2648/2648
f 2888/2888 2931/2931 2889/2889
f 3014/3014 2905/2905 3012/3012
f 3013/3013 2968/2968 2967/2967
f 3007/3007 2965/2965 3187/3187
f 3187/3187 2965/2965 3158/3158
f 5234/5234 5221/5221 5220/5220
f 3158/3158 3276/3276 3404/3404
f 3158/3158 2993/2993 3276/3276
f 5941/5941 5937/5937 5938/5938
f 5941/5941 5938/5938 5940/5940
f 3159/3159 3408/3408 3276/3276
f 5936/5936 5937/5937 5945/5945
f 5945/5945 5937/5937 5941/5941
f 3159/3159 3407/3407 3408/3408
f 5942/5942 5936/5936 5945/5945
f 3406/3406 3282/3282 3488/3488
f 3405/3405 3406/3406 3493/3493
f 6008/6008 5951/5951 5950/5950
f 3424/3424 3539/3539 3471/3471
f 1100/1100 996/996 1101/1101
f 1101/1101 996/996 1037/1037
f 1104/1104 812/812 1111/1111
f 1111/1111 951/951 1119/1119
f 1119/1119 951/951 1118/1118
f 1035/1035 941/941 953/953
f 1035/1035 953/953 954/954
f 1035/1035 954/954 1099/1099
f 1099/1099 954/954 1100/1100
f 1100/1100 954/954 996/996
f 1109/1109 935/935 806/806
f 1109/1109 806/806 1113/1113
f 6735/6735 6689/6689 6734/6734
f 1113/1113 806/806 1104/1104
f 1118/1118 925/925 754/754
f 1117/1117 1032/1032 944/944
f 944/944 943/943 1033/1033
f 1033/1033 943/943 940/940
f 1033/1033 940/940 941/941
f 1033/1033 941/941 1035/1035
f 5803/5803 5805/5805 5802/5802
f 6689/6689 6582/6582 6696/6696
f 6734/6734 6689/6689 6696/6696
f 5754/5754 5803/5803 5750/5750
f 6582/6582 6584/6584 6652/6652
f 6696/6696 6582/6582 6652/6652
f 6584/6584 6585/6585 6586/6586
f 6652/6652 6584/6584 6586/6586
f 5737/5737 5753/5753 5754/5754
f 6586/6586 6585/6585 6590/6590
f 6586/6586 6590/6590 6642/6642
f 6590/6590 6658/6658 6641/6641
f 6642/6642 6590/6590 6641/6641
f 6641/6641 6658/6658 6646/6646
f 6641/6641 6646/6646 6638/6638
f 6646/6646 6637/6637 6638/6638
f 6638/6638 6637/6637 6636/6636
f 6656/6656 6636/6636 6634/6634
f 6656/6656 6634/6634 6708/6708
f 1182/1182 1181/1181 962/962
f 980/980 1182/1182 962/962
f 1181/1181 1218/1218 1059/1059
f 1059/1059 1218/1218 1216/1216
f 1059/1059 1216/1216 983/983
f 983/983 1216/1216 1217/1217
f 983/983 1217/1217 1170/1170
f 4833/4833 4783/4783 4784/4784
f 983/983 1170/1170 981/981
f 4784/4784 4781/4781 4833/4833
f 981/981 1170/1170 982/982
f 4833/4833 4781/4781 4834/4834
f 1159/1159 1204/1204 1203/1203
f 1159/1159 1203/1203 978/978
f 978/978 1203/1203 1202/1202
f 1202/1202 1201/1201 978/978
f 978/978 1201/1201 976/976
f 976/976 1201/1201 977/977
f 1201/1201 1194/1194 977/977
f 4834/4834 4781/4781 4813/4813
f 4813/4813 4781/4781 4714/4714
f 1247/1247 1248/1248 1204/1204
f 1194/1194 1193/1193 977/977
f 4776/4776 4717/4717 4778/4778
f 4778/4778 4717/4717 4708/4708
f 1193/1193 1256/1256 1179/1179
f 1179/1179 1256/1256 1154/1154
f 1223/1223 1248/1248 1247/1247
f 4714/4714 4424/4424 4773/4773
f 4708/4708 4707/4707 4748/4748
f 4748/4748 4707/4707 4709/4709
f 1154/1154 1255/1255 1155/1155
f 4748/4748 4709/4709 4796/4796
f 4709/4709 4722/4722 4796/4796
f 4722/4722 4248/4248 4797/4797
f 4722/4722 4247/4247 4248/4248
f 4248/4248 4700/4700 4797/4797
f 4700/4700 4248/4248 4238/4238
f 4700/4700 4238/4238 4239/4239
f 4239/4239 4236/4236 4706/4706
f 4236/4236 4235/4235 4528/4528
f 4706/4706 4236/4236 4528/4528
f 4528/4528 4235/4235 4372/4372
f 4372/4372 4235/4235 4166/4166
f 4372/4372 4166/4166 4167/4167
f 4167/4167 4137/4137 4282/4282
f 4282/4282 4137/4137 4136/4136
f 4282/4282 4136/4136 4283/4283
f 4283/4283 4136/4136 4135/4135
f 4127/4127 4126/4126 4165/4165
f 4096/4096 4097/4097 4164/4164
f 4097/4097 3927/3927 4119/4119
f 4119/4119 3927/3927 3928/3928
f 3887/3887 3871/3871 3870/3870
f 3871/3871 3828/3828 3870/3870
f 3870/3870 3828/3828 3825/3825
f 3786/3786 3785/3785 3813/3813
f 3771/3771 3674/3674 3772/3772
f 3771/3771 3673/3673 3674/3674
f 3673/3673 3669/3669 3674/3674
f 3674/3674 3669/3669 3747/3747
f 3884/3884 3817/3817 4246/4246
f 3747/3747 3731/3731 3753/3753
f 3753/3753 3731/3731 3741/3741
f 3753/3753 3741/3741 3754/3754
f 3754/3754 3741/3741 3742/3742
f 3754/3754 3742/3742 3768/3768
f 3742/3742 3744/3744 3768/3768
f 3768/3768 3744/3744 3743/3743
f 3768/3768 3743/3743 3769/3769
f 3769/3769 3743/3743 3767/3767
f 3743/3743 3745/3745 3767/3767
f 3767/3767 3745/3745 3766/3766
f 3766/3766 3745/3745 3746/3746
f 3766/3766 3746/3746 3763/3763
f 3746/3746 3733/3733 3763/3763
f 3763/3763 3733/3733 3764/3764
f 3764/3764 3733/3733 3765/3765
f 3765/3765 3733/3733 3732/3732
f 3765/3765 3732/3732 3762/3762
f 3762/3762 3732/3732 3736/3736
f 3735/3735 3734/3734 3740/3740
f 3740/3740 3734/3734 3739/3739
f 3734/3734 3737/3737 3739/3739
f 3737/3737 3738/3738 3739/3739
f 3739/3739 3738/3738 3749/3749
f 2888/2888 2908/2908 2931/2931
f 2966/2966 3158/3158 2965/2965
f 5938/5938 5928/5928 5929/5929
f 5937/5937 5928/5928 5938/5938
f 5936/5936 5926/5926 5928/5928
f 5936/5936 5928/5928 5937/5937
f 5942/5942 5927/5927 5926/5926
f 5942/5942 5926/5926 5936/5936
f 3161/3161 3155/3155 3405/3405
f 3161/3161 3405/3405 3056/3056
f 5943/5943 5927/5927 5942/5942
f 3196/3196 3472/3472 3244/3244
f 3424/3424 3436/3436 3470/3470
f 3292/3292 3435/3435 3476/3476
f 3292/3292 3476/3476 3468/3468
f 5990/5990 5951/5951 6009/6009
f 5754/5754 5801/5801 5803/5803
f 6582/6582 6581/6581 6583/6583
f 6582/6582 6583/6583 6584/6584
f 6584/6584 6583/6583 6585/6585
f 6583/6583 6667/6667 6585/6585
f 6667/6667 6706/6706 6590/6590
f 6585/6585 6667/6667 6590/6590
f 6173/6173 6179/6179 6159/6159
f 6232/6232 6186/6186 6172/6172
f 6157/6157 6139/6139 6138/6138
f 6137/6137 6237/6237 6136/6136
f 6238/6238 6248/6248 6258/6258
f 6237/6237 6251/6251 6236/6236
f 6136/6136 6237/6237 6236/6236
f 6672/6672 6669/6669 6637/6637
f 6646/6646 6672/6672 6637/6637
f 6637/6637 6669/6669 6635/6635
f 6637/6637 6635/6635 6636/6636
f 6635/6635 6630/6630 6634/6634
f 6636/6636 6635/6635 6634/6634
f 6708/6708 6634/6634 6711/6711
f 4863/4863 4852/4852 4801/4801
f 4758/4758 4521/4521 4801/4801
f 4801/4801 4852/4852 4758/4758
f 4801/4801 4521/4521 4769/4769
f 4521/4521 4374/4374 4769/4769
f 4769/4769 4374/4374 4529/4529
f 4769/4769 4529/4529 4774/4774
f 4774/4774 4529/4529 4782/4782
f 4783/4783 4698/4698 4425/4425
f 4783/4783 4425/4425 4784/4784
f 4353/4353 4237/4237 4817/4817
f 4773/4773 4353/4353 4817/4817
f 4817/4817 4237/4237 4798/4798
f 4798/4798 4237/4237 4229/4229
f 4798/4798 4229/4229 4777/4777
f 4777/4777 4229/4229 4519/4519
f 4777/4777 4519/4519 4775/4775
f 4775/4775 4519/4519 4517/4517
f 4775/4775 4517/4517 4776/4776
f 4776/4776 4517/4517 4717/4717
f 4781/4781 4411/4411 4714/4714
f 4411/4411 4366/4366 4714/4714
f 4714/4714 4366/4366 4424/4424
f 4717/4717 4518/4518 4169/4169
f 4717/4717 4169/4169 4708/4708
f 4708/4708 4169/4169 4170/4170
f 4708/4708 4170/4170 4707/4707
f 4707/4707 4131/4131 4709/4709
f 4709/4709 4131/4131 4247/4247
f 4709/4709 4247/4247 4722/4722
f 4248/4248 4247/4247 4116/4116
f 4248/4248 4116/4116 4238/4238
f 4238/4238 4088/4088 4239/4239
f 4239/4239 4088/4088 4236/4236
f 4236/4236 4118/4118 4235/4235
f 4118/4118 4117/4117 4235/4235
f 4235/4235 4117/4117 4166/4166
f 4167/4167 4166/4166 4100/4100
f 4167/4167 4100/4100 4137/4137
f 4137/4137 4100/4100 4093/4093
f 4137/4137 4093/4093 4136/4136
f 4136/4136 4092/4092 4135/4135
f 4135/4135 4092/4092 4094/4094
f 4135/4135 4094/4094 4128/4128
f 4128/4128 4094/4094 4127/4127
f 4127/4127 4094/4094 4126/4126
f 4126/4126 4095/4095 4096/4096
f 4097/4097 3929/3929 3927/3927
f 3929/3929 3922/3922 3927/3927
f 3927/3927 3922/3922 3928/3928
f 3928/3928 3922/3922 3887/3887
f 3828/3828 3814/3814 3825/3825
f 3825/3825 3814/3814 3786/3786
f 3786/3786 3668/3668 3785/3785
f 3785/3785 3668/3668 3659/3659
f 3785/3785 3659/3659 3771/3771
f 4412/4412 4469/4469 4648/4648
f 4648/4648 4750/4750 4808/4808
f 3771/3771 3657/3657 3673/3673
f 3673/3673 3653/3653 3669/3669
f 3669/3669 3652/3652 3747/3747
f 3731/3731 3672/3672 3741/3741
f 3744/3744 3705/3705 3743/3743
f 3705/3705 3706/3706 3743/3743
f 3743/3743 3706/3706 3745/3745
f 3745/3745 3706/3706 3691/3691
f 3746/3746 3720/3720 3733/3733
f 3733/3733 3720/3720 3719/3719
f 3733/3733 3719/3719 3732/3732
f 3732/3732 3713/3713 3736/3736
f 3738/3738 3737/3737 3715/3715
f 3738/3738 3715/3715 3749/3749
f 3749/3749 3726/3726 3750/3750
f 3750/3750 3726/3726 3755/3755
f 3726/3726 3748/3748 3755/3755
f 3755/3755 3748/3748 3780/3780
f 3780/3780 3773/3773 3817/3817
f 2638/2638 2665/2665 2639/2639
f 2636/2636 2650/2650 2606/2606
f 2606/2606 2650/2650 2642/2642
f 2886/2886 2964/2964 2967/2967
f 5929/5929 5919/5919 5925/5925
f 5916/5916 5919/5919 5928/5928
f 5928/5928 5919/5919 5929/5929
f 2970/2970 3161/3161 3056/3056
f 5943/5943 5930/5930 5927/5927
f 3011/3011 3292/3292 3242/3242
f 3198/3198 3515/3515 3460/3460
f 3198/3198 3523/3523 3515/3515
f 3198/3198 3460/3460 3283/3283
f 3416/3416 3437/3437 3289/3289
f 3273/3273 3435/3435 3272/3272
f 5951/5951 5944/5944 5943/5943
f 6705/6705 6578/6578 6689/6689
f 6735/6735 6705/6705 6689/6689
f 6578/6578 6579/6579 6582/6582
f 6689/6689 6578/6578 6582/6582
f 6582/6582 6579/6579 6581/6581
f 6581/6581 6650/6650 6583/6583
f 6650/6650 6688/6688 6583/6583
f 6583/6583 6688/6688 6667/6667
f 6200/6200 6189/6189 6188/6188
f 6188/6188 6189/6189 6187/6187
f 6190/6190 6197/6197 6184/6184
f 6158/6158 6181/6181 6154/6154
f 6669/6669 6670/6670 6635/6635
f 6670/6670 6645/6645 6635/6635
f 6645/6645 6629/6629 6630/6630
f 6635/6635 6645/6645 6630/6630
f 6630/6630 6629/6629 6628/6628
f 6630/6630 6628/6628 6634/6634
f 6634/6634 6628/6628 6660/6660
f 6634/6634 6660/6660 6711/6711
f 6711/6711 6660/6660 6732/6732
f 4425/4425 4411/4411 4781/4781
f 4784/4784 4425/4425 4781/4781
f 4529/4529 4698/4698 4782/4782
f 4782/4782 4698/4698 4783/4783
f 4229/4229 4230/4230 4519/4519
f 4519/4519 4230/4230 4517/4517
f 4517/4517 4230/4230 4231/4231
f 4517/4517 4518/4518 4717/4717
f 4517/4517 4231/4231 4518/4518
f 4518/4518 4231/4231 4169/4169
f 4366/4366 4351/4351 4424/4424
f 4351/4351 4352/4352 4424/4424
f 4773/4773 4424/4424 4353/4353
f 4424/4424 4352/4352 4353/4353
f 4170/4170 4131/4131 4707/4707
f 4247/4247 4131/4131 4116/4116
f 4116/4116 4088/4088 4238/4238
f 4088/4088 4118/4118 4236/4236
f 4088/4088 4081/4081 4118/4118
f 4117/4117 4100/4100 4166/4166
f 4136/4136 4093/4093 4092/4092
f 4126/4126 4094/4094 4095/4095
f 4096/4096 4095/4095 3945/3945
f 4096/4096 3945/3945 4097/4097
f 3945/3945 3929/3929 4097/4097
f 3922/3922 3878/3878 3887/3887
f 3887/3887 3878/3878 3871/3871
f 5236/5236 5161/5161 5135/5135
f 3871/3871 3878/3878 3827/3827
f 3871/3871 3827/3827 3828/3828
f 5296/5296 5308/5308 5236/5236
f 3828/3828 3827/3827 3814/3814
f 3786/3786 3814/3814 3668/3668
f 4648/4648 4469/4469 4750/4750
f 3659/3659 3657/3657 3771/3771
f 3673/3673 3657/3657 3653/3653
f 4246/4246 4202/4202 4412/4412
f 4202/4202 4469/4469 4412/4412
f 3653/3653 3651/3651 3669/3669
f 3669/3669 3651/3651 3652/3652
f 3747/3747 3652/3652 3731/3731
f 3652/3652 3672/3672 3731/3731
f 3672/3672 3676/3676 3741/3741
f 3741/3741 3676/3676 3742/3742
f 3742/3742 3676/3676 3692/3692
f 3692/3692 3705/3705 3744/3744
f 3742/3742 3692/3692 3744/3744
f 3691/3691 3703/3703 3745/3745
f 3745/3745 3703/3703 3746/3746
f 3746/3746 3703/3703 3704/3704
f 3746/3746 3704/3704 3720/3720
f 3719/3719 3702/3702 3732/3732
f 3732/3732 3702/3702 3713/3713
f 3736/3736 3713/3713 3735/3735
f 3735/3735 3713/3713 3716/3716
f 3735/3735 3716/3716 3734/3734
f 3716/3716 3714/3714 3734/3734
f 3734/3734 3714/3714 3737/3737
f 3737/3737 3714/3714 3715/3715
f 3749/3749 3715/3715 3721/3721
f 3749/3749 3721/3721 3726/3726
f 3780/3780 3748/3748 3773/3773
f 3773/3773 3844/3844 3817/3817
f 3817/3817 3844/3844 4246/4246
f 5919/5919 5903/5903 5925/5925
f 2883/2883 2966/2966 2900/2900
f 5916/5916 5915/5915 5919/5919
f 5928/5928 5917/5917 5916/5916
f 5926/5926 5914/5914 5917/5917
f 5926/5926 5917/5917 5928/5928
f 5927/5927 5922/5922 5914/5914
f 5927/5927 5914/5914 5926/5926
f 2879/2879 3052/3052 2981/2981
f 5930/5930 5922/5922 5927/5927
f 3134/3134 3130/3130 3123/3123
f 6729/6729 6593/6593 6705/6705
f 3198/3198 3129/3129 3523/3523
f 5931/5931 5932/5932 5944/5944
f 6705/6705 6593/6593 6578/6578
f 5939/5939 5931/5931 5944/5944
f 5991/5991 5947/5947 5939/5939
f 5991/5991 5939/5939 5990/5990
f 6579/6579 6580/6580 6581/6581
f 6006/6006 5947/5947 5991/5991
f 6580/6580 6693/6693 6650/6650
f 6581/6581 6580/6580 6650/6650
f 6228/6228 6227/6227 6208/6208
f 6218/6218 6228/6228 6208/6208
f 6208/6208 6227/6227 6224/6224
f 6208/6208 6224/6224 6207/6207
f 6207/6207 6224/6224 6219/6219
f 6207/6207 6219/6219 6204/6204
f 6204/6204 6219/6219 6215/6215
f 6204/6204 6215/6215 6206/6206
f 6215/6215 6214/6214 6206/6206
f 6206/6206 6214/6214 6199/6199
f 6214/6214 6213/6213 6199/6199
f 6199/6199 6213/6213 6203/6203
f 5826/5826 5835/5835 5830/5830
f 5826/5826 5830/5830 5801/5801
f 5777/5777 5835/5835 5826/5826
f 6197/6197 6201/6201 6194/6194
f 6194/6194 6201/6201 6178/6178
f 6201/6201 6196/6196 6178/6178
f 6268/6268 6279/6279 6269/6269
f 6645/6645 6679/6679 6629/6629
f 6629/6629 6627/6627 6628/6628
f 6660/6660 6628/6628 6668/6668
f 6660/6660 6668/6668 6732/6732
f 4758/4758 4415/4415 4521/4521
f 4758/4758 4812/4812 4415/4415
f 4415/4415 4340/4340 4521/4521
f 4521/4521 4340/4340 4374/4374
f 4340/4340 4333/4333 4374/4374
f 4374/4374 4333/4333 4529/4529
f 4529/4529 4333/4333 4341/4341
f 4341/4341 4347/4347 4698/4698
f 4529/4529 4341/4341 4698/4698
f 4347/4347 4346/4346 4698/4698
f 4698/4698 4346/4346 4425/4425
f 4346/4346 4338/4338 4425/4425
f 4338/4338 4342/4342 4411/4411
f 4425/4425 4338/4338 4411/4411
f 4411/4411 4342/4342 4366/4366
f 4353/4353 4148/4148 4237/4237
f 4148/4148 4045/4045 4237/4237
f 4237/4237 4045/4045 4034/4034
f 4237/4237 4034/4034 4229/4229
f 4229/4229 4034/4034 4090/4090
f 4229/4229 4090/4090 4230/4230
f 4230/4230 4090/4090 4231/4231
f 4345/4345 4148/4148 4353/4353
f 4352/4352 4345/4345 4353/4353
f 4099/4099 4169/4169 4231/4231
f 4099/4099 4031/4031 4169/4169
f 4169/4169 4031/4031 4170/4170
f 4170/4170 4031/4031 4098/4098
f 4366/4366 4342/4342 4351/4351
f 4170/4170 4098/4098 4131/4131
f 4131/4131 4098/4098 3967/3967
f 4131/4131 3967/3967 4086/4086
f 4131/4131 4086/4086 4116/4116
f 4086/4086 4087/4087 4116/4116
f 4116/4116 4087/4087 4088/4088
f 4088/4088 4087/4087 3961/3961
f 4088/4088 3961/3961 4081/4081
f 4118/4118 4081/4081 4080/4080
f 4118/4118 4080/4080 4117/4117
f 4117/4117 4080/4080 4079/4079
f 4117/4117 4079/4079 4100/4100
f 4100/4100 4079/4079 4078/4078
f 4100/4100 4078/4078 4093/4093
f 4093/4093 4078/4078 3958/3958
f 3958/3958 4092/4092 4093/4093
f 3958/3958 4050/4050 4092/4092
f 4092/4092 4050/4050 3948/3948
f 4092/4092 3948/3948 4094/4094
f 3948/3948 3947/3947 4094/4094
f 4094/4094 3947/3947 3945/3945
f 4094/4094 3945/3945 4095/4095
f 3922/3922 3892/3892 3878/3878
f 3878/3878 3892/3892 3883/3883
f 3878/3878 3883/3883 3827/3827
f 3827/3827 3667/3667 3814/3814
f 3814/3814 3667/3667 3662/3662
f 3814/3814 3662/3662 3668/3668
f 3668/3668 3662/3662 3659/3659
f 3659/3659 3656/3656 3657/3657
f 3656/3656 3653/3653 3657/3657
f 3652/3652 3651/3651 3650/3650
f 3652/3652 3650/3650 3672/3672
f 3773/3773 3880/3880 3844/3844
f 3880/3880 4202/4202 3844/3844
f 3676/3676 3677/3677 3692/3692
f 3677/3677 3690/3690 3692/3692
f 3692/3692 3690/3690 3705/3705
f 3705/3705 3690/3690 3706/3706
f 3706/3706 3690/3690 3691/3691
f 3704/3704 3696/3696 3720/3720
f 3720/3720 3696/3696 3719/3719
f 3719/3719 3698/3698 3702/3702
f 3713/3713 3711/3711 3716/3716
f 3711/3711 3712/3712 3716/3716
f 3716/3716 3712/3712 3714/3714
f 3714/3714 3712/3712 3715/3715
f 3726/3726 3721/3721 3725/3725
f 3726/3726 3725/3725 3748/3748
f 2877/2877 2845/2845 2885/2885
f 5919/5919 5915/5915 5903/5903
f 5916/5916 5912/5912 5907/5907
f 5916/5916 5907/5907 5915/5915
f 5917/5917 5912/5912 5916/5916
f 5914/5914 5912/5912 5917/5917
f 5932/5932 5921/5921 5920/5920
f 5932/5932 5920/5920 5930/5930
f 6700/6700 6573/6573 6593/6593
f 6729/6729 6700/6700 6593/6593
f 5931/5931 5923/5923 5921/5921
f 5931/5931 5921/5921 5932/5932
f 6593/6593 6573/6573 6570/6570
f 6593/6593 6570/6570 6578/6578
f 5939/5939 5923/5923 5931/5931
f 6578/6578 6570/6570 6572/6572
f 6578/6578 6572/6572 6579/6579
f 5947/5947 5933/5933 5935/5935
f 5947/5947 5935/5935 5939/5939
f 6572/6572 6694/6694 6580/6580
f 6579/6579 6572/6572 6580/6580
f 6121/6121 6120/6120 6126/6126
f 6126/6126 6120/6120 6110/6110
f 6126/6126 6110/6110 6127/6127
f 6110/6110 6122/6122 6129/6129
f 6127/6127 6110/6110 6129/6129
f 6122/6122 6119/6119 6129/6129
f 5952/5952 5933/5933 5947/5947
f 6580/6580 6694/6694 6693/6693
f 6129/6129 6119/6119 6133/6133
f 6213/6213 6222/6222 6211/6211
f 6211/6211 6222/6222 6210/6210
f 6222/6222 6217/6217 6210/6210
f 6010/6010 5948/5948 5952/5952
f 6210/6210 6217/6217 6201/6201
f 6201/6201 6217/6217 6205/6205
f 6205/6205 6220/6220 6209/6209
f 6679/6679 6657/6657 6629/6629
f 6629/6629 6657/6657 6627/6627
f 6627/6627 6624/6624 6628/6628
f 6628/6628 6624/6624 6648/6648
f 6628/6628 6648/6648 6668/6668
f 6668/6668 6648/6648 6717/6717
f 4812/4812 4350/4350 4415/4415
f 4415/4415 4350/4350 4340/4340
f 4340/4340 4317/4317 4333/4333
f 4317/4317 4327/4327 4333/4333
f 4333/4333 4327/4327 4341/4341
f 4327/4327 4328/4328 4341/4341
f 4341/4341 4328/4328 4347/4347
f 4347/4347 4328/4328 4346/4346
f 4346/4346 4328/4328 4338/4338
f 4342/4342 4339/4339 4329/4329
f 4148/4148 4085/4085 4045/4045
f 4090/4090 4034/4034 4033/4033
f 4033/4033 4024/4024 4090/4090
f 4090/4090 4099/4099 4231/4231
f 4090/4090 4024/4024 4099/4099
f 4099/4099 4024/4024 4031/4031
f 4342/4342 4329/4329 4351/4351
f 4351/4351 4329/4329 4330/4330
f 4351/4351 4330/4330 4345/4345
f 4351/4351 4345/4345 4352/4352
f 4098/4098 4031/4031 4032/4032
f 4098/4098 4032/4032 3967/3967
f 3967/3967 3966/3966 4086/4086
f 4086/4086 3966/3966 3964/3964
f 4086/4086 3964/3964 4087/4087
f 4087/4087 3964/3964 3961/3961
f 4081/4081 3961/3961 3962/3962
f 4081/4081 3962/3962 4080/4080
f 4080/4080 3962/3962 3959/3959
f 4080/4080 3959/3959 4079/4079
f 4079/4079 3959/3959 3957/3957
f 4079/4079 3957/3957 4078/4078
f 4078/4078 3957/3957 3958/3958
f 3958/3958 3953/3953 4050/4050
f 4050/4050 3953/3953 3948/3948
f 3947/3947 3948/3948 3946/3946
f 3947/3947 3946/3946 3945/3945
f 3945/3945 3946/3946 3944/3944
f 3945/3945 3944/3944 3929/3929
f 3929/3929 3944/3944 3922/3922
f 5361/5361 5350/5350 5308/5308
f 3662/3662 3660/3660 3659/3659
f 4469/4469 4541/4541 4750/4750
f 3659/3659 3658/3658 3656/3656
f 4202/4202 4196/4196 4469/4469
f 3653/3653 3656/3656 3654/3654
f 3880/3880 4196/4196 4202/4202
f 3672/3672 3670/3670 3676/3676
f 3676/3676 3670/3670 3677/3677
f 3677/3677 3678/3678 3690/3690
f 3690/3690 3678/3678 3680/3680
f 3680/3680 3682/3682 3691/3691
f 3690/3690 3680/3680 3691/3691
f 3691/3691 3682/3682 3703/3703
f 3703/3703 3682/3682 3688/3688
f 3688/3688 3694/3694 3703/3703
f 3703/3703 3694/3694 3704/3704
f 3704/3704 3694/3694 3696/3696
f 3698/3698 3700/3700 3702/3702
f 3702/3702 3700/3700 3713/3713
f 3700/3700 3701/3701 3713/3713
f 3713/3713 3701/3701 3711/3711
f 3701/3701 3710/3710 3711/3711
f 3711/3711 3710/3710 3712/3712
f 3712/3712 3718/3718 3717/3717
f 3712/3712 3717/3717 3715/3715
f 3715/3715 3717/3717 3721/3721
f 5915/5915 5907/5907 5902/5902
f 5915/5915 5902/5902 5903/5903
f 5912/5912 5906/5906 5907/5907
f 5912/5912 5905/5905 5906/5906
f 5914/5914 5909/5909 5905/5905
f 5914/5914 5905/5905 5912/5912
f 5922/5922 5908/5908 5909/5909
f 5922/5922 5909/5909 5914/5914
f 3104/3104 3076/3076 3080/3080
f 3104/3104 3080/3080 3109/3109
f 2844/2844 2880/2880 2843/2843
f 5920/5920 5908/5908 5922/5922
f 6730/6730 6653/6653 6700/6700
f 3129/3129 3113/3113 3461/3461
f 6700/6700 6653/6653 6573/6573
f 5935/5935 5918/5918 5923/5923
f 6572/6572 6695/6695 6694/6694
f 6118/6118 6109/6109 6124/6124
f 6128/6128 6118/6118 6124/6124
f 6124/6124 6109/6109 6125/6125
f 6125/6125 6109/6109 6121/6121
f 6121/6121 6109/6109 6108/6108
f 6121/6121 6108/6108 6120/6120
f 6120/6120 6108/6108 6110/6110
f 6108/6108 6097/6097 6110/6110
f 6110/6110 6097/6097 6093/6093
f 6093/6093 6091/6091 6122/6122
f 6110/6110 6093/6093 6122/6122
f 6122/6122 6091/6091 6119/6119
f 6091/6091 6099/6099 6119/6119
f 6119/6119 6099/6099 6111/6111
f 5948/5948 5933/5933 5952/5952
f 6111/6111 6123/6123 6133/6133
f 6222/6222 6226/6226 6217/6217
f 6226/6226 6225/6225 6217/6217
f 6116/6116 6115/6115 6131/6131
f 6131/6131 6115/6115 6132/6132
f 6115/6115 6112/6112 6132/6132
f 6220/6220 6216/6216 6209/6209
f 6657/6657 6701/6701 6626/6626
f 6657/6657 6626/6626 6627/6627
f 6627/6627 6626/6626 6624/6624
f 6624/6624 6623/6623 6648/6648
f 6648/6648 6623/6623 6671/6671
f 6648/6648 6671/6671 6717/6717
f 4350/4350 4321/4321 4340/4340
f 4340/4340 4321/4321 4317/4317
f 4318/4318 4323/4323 4328/4328
f 4327/4327 4318/4318 4328/4328
f 4323/4323 4324/4324 4328/4328
f 4324/4324 4325/4325 4338/4338
f 4328/4328 4324/4324 4338/4338
f 4338/4338 4339/4339 4342/4342
f 4338/4338 4325/4325 4339/4339
f 4085/4085 3980/3980 4045/4045
f 3980/3980 3983/3983 4034/4034
f 4045/4045 3980/3980 4034/4034
f 4034/4034 3983/3983 4033/4033
f 4033/4033 3983/3983 4024/4024
f 4024/4024 3983/3983 3975/3975
f 4024/4024 3975/3975 3994/3994
f 4329/4329 4300/4300 4330/4330
f 4330/4330 4300/4300 4299/4299
f 4330/4330 4299/4299 4345/4345
f 3994/3994 4031/4031 4024/4024
f 4031/4031 3994/3994 3972/3972
f 4031/4031 3972/3972 4032/4032
f 3972/3972 3967/3967 4032/4032
f 3967/3967 3968/3968 3965/3965
f 3967/3967 3965/3965 3966/3966
f 3966/3966 3965/3965 3964/3964
f 3964/3964 3965/3965 3963/3963
f 3964/3964 3963/3963 3961/3961
f 3961/3961 3963/3963 3960/3960
f 3961/3961 3960/3960 3962/3962
f 3962/3962 3960/3960 3959/3959
f 3959/3959 3960/3960 3956/3956
f 3959/3959 3956/3956 3957/3957
f 3957/3957 3956/3956 3955/3955
f 3957/3957 3955/3955 3958/3958
f 3958/3958 3955/3955 3953/3953
f 3948/3948 3949/3949 3946/3946
f 3946/3946 3951/3951 3944/3944
f 3944/3944 3950/3950 3922/3922
f 3922/3922 3950/3950 3895/3895
f 3922/3922 3895/3895 3892/3892
f 3892/3892 3895/3895 3894/3894
f 3892/3892 3894/3894 3883/3883
f 3827/3827 3881/3881 3667/3667
f 3881/3881 3666/3666 3667/3667
f 5350/5350 5297/5297 5308/5308
f 3667/3667 3666/3666 3662/3662
f 3662/3662 3666/3666 3660/3660
f 4540/4540 4759/4759 4541/4541
f 3660/3660 3658/3658 3659/3659
f 4196/4196 4254/4254 4469/4469
f 4254/4254 4540/4540 4541/4541
f 4469/4469 4254/4254 4541/4541
f 3653/3653 3654/3654 3648/3648
f 3653/3653 3648/3648 3651/3651
f 3651/3651 3648/3648 3650/3650
f 3650/3650 3670/3670 3672/3672
f 3670/3670 3671/3671 3677/3677
f 3688/3688 3693/3693 3694/3694
f 3694/3694 3695/3695 3696/3696
f 3698/3698 3696/3696 3697/3697
f 3697/3697 3699/3699 3698/3698
f 3698/3698 3699/3699 3700/3700
f 3700/3700 3699/3699 3701/3701
f 3701/3701 3707/3707 3710/3710
f 3710/3710 3727/3727 3712/3712
f 3727/3727 3728/3728 3718/3718
f 3712/3712 3727/3727 3718/3718
f 3717/3717 3722/3722 3723/3723
f 3717/3717 3723/3723 3721/3721
f 3723/3723 3724/3724 3721/3721
f 3721/3721 3724/3724 3725/3725
f 5903/5903 5896/5896 5980/5980
f 5907/5907 5901/5901 5902/5902
f 5906/5906 5901/5901 5907/5907
f 2782/2782 2799/2799 2800/2800
f 2782/2782 2800/2800 2793/2793
f 2801/2801 2785/2785 2844/2844
f 5920/5920 5872/5872 5908/5908
f 5921/5921 5911/5911 5872/5872
f 5921/5921 5872/5872 5920/5920
f 6653/6653 6574/6574 6573/6573
f 5923/5923 5911/5911 5921/5921
f 6573/6573 6574/6574 6571/6571
f 6573/6573 6571/6571 6570/6570
f 5918/5918 5911/5911 5923/5923
f 6571/6571 6659/6659 6572/6572
f 6570/6570 6571/6571 6572/6572
f 6088/6088 6086/6086 6093/6093
f 6097/6097 6088/6088 6093/6093
f 6093/6093 6086/6086 6091/6091
f 6086/6086 6084/6084 6091/6091
f 6572/6572 6659/6659 6695/6695
f 6118/6118 6098/6098 6109/6109
f 6109/6109 6098/6098 6096/6096
f 6109/6109 6096/6096 6108/6108
f 6096/6096 6097/6097 6108/6108
f 6091/6091 6084/6084 6099/6099
f 6084/6084 6085/6085 6099/6099
f 6099/6099 6085/6085 6111/6111
f 6111/6111 6085/6085 6095/6095
f 6111/6111 6095/6095 6123/6123
f 6095/6095 6094/6094 6116/6116
f 6123/6123 6095/6095 6116/6116
f 5948/5948 5934/5934 5933/5933
f 6116/6116 6094/6094 6115/6115
f 6094/6094 6090/6090 6115/6115
f 6090/6090 6089/6089 6112/6112
f 6115/6115 6090/6090 6112/6112
f 6112/6112 6089/6089 6087/6087
f 6112/6112 6087/6087 6113/6113
f 6701/6701 6663/6663 6626/6626
f 6626/6626 6663/6663 6625/6625
f 6626/6626 6625/6625 6624/6624
f 6624/6624 6625/6625 6623/6623
f 6671/6671 6727/6727 6717/6717
f 4350/4350 4334/4334 4321/4321
f 4321/4321 4314/4314 4317/4317
f 4314/4314 4312/4312 4317/4317
f 4317/4317 4312/4312 4318/4318
f 4317/4317 4318/4318 4327/4327
f 4085/4085 4083/4083 3980/3980
f 3983/3983 3980/3980 3976/3976
f 3983/3983 3976/3976 3975/3975
f 4339/4339 4325/4325 4329/4329
f 4329/4329 4325/4325 4301/4301
f 4329/4329 4301/4301 4300/4300
f 3975/3975 3973/3973 3994/3994
f 3994/3994 3973/3973 3972/3972
f 3972/3972 3968/3968 3967/3967
f 3968/3968 3969/3969 3965/3965
f 3965/3965 3969/3969 3992/3992
f 3965/3965 3992/3992 3963/3963
f 3963/3963 3992/3992 3997/3997
f 3963/3963 3997/3997 3960/3960
f 3955/3955 3954/3954 3953/3953
f 3953/3953 3954/3954 3949/3949
f 3953/3953 3949/3949 3948/3948
f 3949/3949 3952/3952 3946/3946
f 3946/3946 3952/3952 3951/3951
f 3944/3944 3951/3951 3950/3950
f 3894/3894 3893/3893 3827/3827
f 3883/3883 3894/3894 3827/3827
f 3827/3827 3893/3893 3881/3881
f 3660/3660 3661/3661 3658/3658
f 3882/3882 4195/4195 4196/4196
f 3880/3880 3882/3882 4196/4196
f 3677/3677 3671/3671 3683/3683
f 3677/3677 3683/3683 3678/3678
f 3678/3678 3679/3679 3680/3680
f 3680/3680 3679/3679 3681/3681
f 3680/3680 3681/3681 3682/3682
f 3682/3682 3681/3681 3688/3688
f 3693/3693 3695/3695 3694/3694
f 3696/3696 3695/3695 3697/3697
f 3699/3699 3707/3707 3701/3701
f 3710/3710 3729/3729 3727/3727
f 3717/3717 3718/3718 3722/3722
f 3724/3724 3730/3730 3725/3725
f 3725/3725 3730/3730 3748/3748
f 3730/3730 3774/3774 3773/3773
f 3748/3748 3730/3730 3773/3773
f 5175/5175 5097/5097 5063/5063
f 5896/5896 5979/5979 5980/5980
f 5901/5901 5896/5896 5902/5902
f 5906/5906 5878/5878 5901/5901
f 5905/5905 5875/5875 5878/5878
f 5905/5905 5878/5878 5906/5906
f 5909/5909 5875/5875 5905/5905
f 5908/5908 5871/5871 5875/5875
f 5908/5908 5875/5875 5909/5909
f 3076/3076 3077/3077 3080/3080
f 5872/5872 5871/5871 5908/5908
f 6725/6725 6587/6587 6653/6653
f 6730/6730 6725/6725 6653/6653
f 5911/5911 5873/5873 5872/5872
f 6653/6653 6587/6587 6574/6574
f 5911/5911 5876/5876 5873/5873
f 6574/6574 6575/6575 6571/6571
f 5918/5918 5904/5904 5876/5876
f 5918/5918 5876/5876 5911/5911
f 6575/6575 6684/6684 6659/6659
f 6571/6571 6575/6575 6659/6659
f 6078/6078 6083/6083 6098/6098
f 6117/6117 6078/6078 6098/6098
f 6098/6098 6083/6083 6082/6082
f 6098/6098 6082/6082 6096/6096
f 6096/6096 6082/6082 6077/6077
f 6096/6096 6077/6077 6088/6088
f 6077/6077 6076/6076 6088/6088
f 6088/6088 6076/6076 6086/6086
f 6086/6086 6076/6076 6074/6074
f 6086/6086 6074/6074 6084/6084
f 6074/6074 6075/6075 6084/6084
f 6084/6084 6075/6075 6085/6085
f 6085/6085 6075/6075 6073/6073
f 6085/6085 6073/6073 6095/6095
f 6073/6073 6072/6072 6094/6094
f 6095/6095 6073/6073 6094/6094
f 6094/6094 6072/6072 6090/6090
f 6072/6072 6071/6071 6090/6090
f 6071/6071 6069/6069 6089/6089
f 6090/6090 6071/6071 6089/6089
f 6089/6089 6069/6069 6087/6087
f 6087/6087 6069/6069 6070/6070
f 5443/5443 5434/5434 5449/5449
f 6664/6664 6622/6622 6625/6625
f 6663/6663 6664/6664 6625/6625
f 6625/6625 6622/6622 6623/6623
f 6623/6623 6632/6632 6671/6671
f 6671/6671 6632/6632 6727/6727
f 4334/4334 4314/4314 4321/4321
f 4324/4324 4303/4303 4325/4325
f 4083/4083 3981/3981 3980/3980
f 3980/3980 3981/3981 3979/3979
f 3980/3980 3979/3979 3976/3976
f 3976/3976 3979/3979 3977/3977
f 4312/4312 4311/4311 4318/4318
f 4318/4318 4311/4311 4323/4323
f 4323/4323 4311/4311 4308/4308
f 4323/4323 4308/4308 4324/4324
f 4308/4308 4303/4303 4324/4324
f 4325/4325 4303/4303 4301/4301
f 4299/4299 4298/4298 4083/4083
f 3976/3976 3977/3977 3978/3978
f 3976/3976 3978/3978 3975/3975
f 3975/3975 3978/3978 3974/3974
f 3975/3975 3974/3974 3973/3973
f 3973/3973 3974/3974 3971/3971
f 3973/3973 3971/3971 3972/3972
f 4301/4301 4298/4298 4300/4300
f 3972/3972 3971/3971 3968/3968
f 3968/3968 3971/3971 3970/3970
f 3968/3968 3970/3970 3969/3969
f 3969/3969 3988/3988 3992/3992
f 3992/3992 3988/3988 3993/3993
f 3992/3992 3993/3993 3997/3997
f 3960/3960 3997/3997 4010/4010
f 3960/3960 4010/4010 3956/3956
f 3956/3956 4010/4010 3954/3954
f 3956/3956 3954/3954 3955/3955
f 3951/3951 4047/4047 3950/3950
f 3950/3950 4047/4047 3895/3895
f 3666/3666 3661/3661 3660/3660
f 4540/4540 4735/4735 4759/4759
f 3658/3658 3654/3654 3656/3656
f 3654/3654 3655/3655 3648/3648
f 4195/4195 4254/4254 4196/4196
f 3655/3655 3649/3649 3648/3648
f 3648/3648 3649/3649 3650/3650
f 3650/3650 3649/3649 3670/3670
f 3670/3670 3649/3649 3671/3671
f 3678/3678 3683/3683 3679/3679
f 3688/3688 3681/3681 3689/3689
f 3688/3688 3689/3689 3693/3693
f 3693/3693 3689/3689 3695/3695
f 3695/3695 3709/3709 3697/3697
f 3697/3697 3709/3709 3708/3708
f 3697/3697 3708/3708 3699/3699
f 3699/3699 3708/3708 3707/3707
f 3707/3707 3729/3729 3710/3710
f 3718/3718 3728/3728 3722/3722
f 2512/2512 2681/2681 2675/2675
f 5901/5901 5889/5889 5896/5896
f 5878/5878 5877/5877 5901/5901
f 5877/5877 5889/5889 5901/5901
f 5875/5875 5877/5877 5878/5878
f 5870/5870 5877/5877 5875/5875
f 5871/5871 5870/5870 5875/5875
f 5869/5869 5870/5870 5871/5871
f 5872/5872 5869/5869 5871/5871
f 5874/5874 5869/5869 5872/5872
f 5873/5873 5874/5874 5872/5872
f 5876/5876 5874/5874 5873/5873
f 5904/5904 5881/5881 5876/5876
f 6078/6078 6068/6068 6083/6083
f 6083/6083 6068/6068 6064/6064
f 6083/6083 6064/6064 6082/6082
f 6064/6064 6063/6063 6082/6082
f 6082/6082 6063/6063 6077/6077
f 6063/6063 6062/6062 6077/6077
f 6077/6077 6062/6062 6076/6076
f 6062/6062 6067/6067 6076/6076
f 6076/6076 6067/6067 6074/6074
f 6074/6074 6067/6067 6066/6066
f 6074/6074 6066/6066 6075/6075
f 5913/5913 5910/5910 5881/5881
f 5913/5913 5881/5881 5904/5904
f 6066/6066 6040/6040 6075/6075
f 6075/6075 6040/6040 6073/6073
f 6040/6040 6046/6046 6072/6072
f 6073/6073 6040/6040 6072/6072
f 6072/6072 6046/6046 6071/6071
f 6071/6071 6046/6046 6058/6058
f 6058/6058 6057/6057 6069/6069
f 6071/6071 6058/6058 6069/6069
f 6069/6069 6057/6057 6053/6053
f 6069/6069 6053/6053 6070/6070
f 6632/6632 6723/6723 6727/6727
f 4343/4343 4315/4315 4314/4314
f 4334/4334 4343/4343 4314/4314
f 4303/4303 4307/4307 4306/4306
f 4083/4083 4084/4084 3991/3991
f 4083/4083 3991/3991 3981/3981
f 3981/3981 3991/3991 3979/3979
f 3979/3979 3991/3991 3987/3987
f 3979/3979 3987/3987 3977/3977
f 4314/4314 4315/4315 4313/4313
f 4314/4314 4313/4313 4312/4312
f 4313/4313 4310/4310 4312/4312
f 4312/4312 4310/4310 4311/4311
f 4310/4310 4309/4309 4308/4308
f 4311/4311 4310/4310 4308/4308
f 4308/4308 4309/4309 4307/4307
f 4308/4308 4307/4307 4303/4303
f 4303/4303 4306/4306 4302/4302
f 4303/4303 4302/4302 4301/4301
f 4298/4298 4084/4084 4083/4083
f 3977/3977 3985/3985 3978/3978
f 3978/3978 3985/3985 3984/3984
f 3978/3978 3984/3984 3974/3974
f 3974/3974 3984/3984 3971/3971
f 3971/3971 3984/3984 3990/3990
f 4301/4301 4302/4302 4298/4298
f 3990/3990 3986/3986 3970/3970
f 3971/3971 3990/3990 3970/3970
f 3986/3986 3982/3982 3970/3970
f 3970/3970 3982/3982 3969/3969
f 3969/3969 3982/3982 3988/3988
f 3982/3982 3989/3989 3988/3988
f 3988/3988 3989/3989 3993/3993
f 3993/3993 3989/3989 3995/3995
f 3995/3995 3999/3999 3997/3997
f 3993/3993 3995/3995 3997/3997
f 3997/3997 3999/3999 4000/4000
f 3997/3997 4000/4000 4010/4010
f 4000/4000 4011/4011 4010/4010
f 4010/4010 4011/4011 3954/3954
f 3954/3954 4011/4011 4012/4012
f 4012/4012 4025/4025 3949/3949
f 3954/3954 4012/4012 3949/3949
f 3949/3949 4025/4025 3952/3952
f 4026/4026 4046/4046 3951/3951
f 3952/3952 4026/4026 3951/3951
f 3951/3951 4046/4046 4047/4047
f 4047/4047 4046/4046 4049/4049
f 4047/4047 4049/4049 3895/3895
f 4049/4049 3941/3941 3895/3895
f 3895/3895 3941/3941 3940/3940
f 3895/3895 3940/3940 3894/3894
f 3940/3940 3923/3923 3893/3893
f 3894/3894 3940/3940 3893/3893
f 3893/3893 3923/3923 3881/3881
f 3881/3881 3923/3923 3906/3906
f 3881/3881 3906/3906 3666/3666
f 3666/3666 3906/3906 3661/3661
f 3661/3661 3664/3664 3658/3658
f 3664/3664 3665/3665 3654/3654
f 3658/3658 3664/3664 3654/3654
f 3654/3654 3665/3665 3655/3655
f 3655/3655 3663/3663 3649/3649
f 3663/3663 3675/3675 3649/3649
f 3649/3649 3675/3675 3671/3671
f 3675/3675 3684/3684 3671/3671
f 3671/3671 3684/3684 3683/3683
f 3684/3684 3687/3687 3683/3683
f 3687/3687 3686/3686 3679/3679
f 3683/3683 3687/3687 3679/3679
f 3686/3686 3685/3685 3679/3679
f 3679/3679 3685/3685 3681/3681
f 3685/3685 3751/3751 3681/3681
f 3681/3681 3751/3751 3689/3689
f 3751/3751 3752/3752 3689/3689
f 3689/3689 3752/3752 3695/3695
f 3695/3695 3752/3752 3760/3760
f 3695/3695 3760/3760 3709/3709
f 3709/3709 3760/3760 3708/3708
f 3708/3708 3760/3760 3761/3761
f 3708/3708 3761/3761 3707/3707
f 3729/3729 3759/3759 3727/3727
f 3727/3727 3759/3759 3758/3758
f 3727/3727 3758/3758 3728/3728
f 3758/3758 3757/3757 3728/3728
f 3728/3728 3757/3757 3722/3722
f 3722/3722 3757/3757 3756/3756
f 3722/3722 3756/3756 3723/3723
f 3723/3723 3756/3756 3724/3724
f 2512/2512 2680/2680 2681/2681
f 5175/5175 5119/5119 5097/5097
f 5896/5896 5977/5977 5979/5979
f 5889/5889 5890/5890 5896/5896
f 5877/5877 5888/5888 5889/5889
f 5883/5883 5888/5888 5877/5877
f 5870/5870 5879/5879 5877/5877
f 5882/5882 5879/5879 5870/5870
f 3079/3079 3082/3082 3077/3077
f 5869/5869 5882/5882 5870/5870
f 3117/3117 3126/3126 3528/3528
f 6725/6725 6666/6666 6587/6587
f 6587/6587 6666/6666 6576/6576
f 6587/6587 6576/6576 6574/6574
f 5876/5876 5880/5880 5874/5874
f 6574/6574 6576/6576 6575/6575
f 5881/5881 5880/5880 5876/5876
f 6575/6575 6683/6683 6684/6684
f 6078/6078 6092/6092 6065/6065
f 6078/6078 6065/6065 6068/6068
f 6068/6068 6065/6065 6064/6064
f 6064/6064 6065/6065 6061/6061
f 6064/6064 6061/6061 6063/6063
f 6063/6063 6061/6061 6062/6062
f 6062/6062 6061/6061 6059/6059
f 6062/6062 6059/6059 6067/6067
f 6059/6059 6034/6034 6067/6067
f 6067/6067 6034/6034 6066/6066
f 6066/6066 6034/6034 6037/6037
f 5910/5910 5887/5887 5881/5881
f 6066/6066 6037/6037 6040/6040
f 6037/6037 6039/6039 6040/6040
f 6040/6040 6039/6039 6045/6045
f 6040/6040 6045/6045 6046/6046
f 6046/6046 6045/6045 6047/6047
f 6046/6046 6047/6047 6058/6058
f 6058/6058 6047/6047 6049/6049
f 6058/6058 6049/6049 6057/6057
f 6057/6057 6049/6049 6052/6052
f 6057/6057 6052/6052 6053/6053
f 5434/5434 5393/5393 5433/5433
f 6664/6664 6665/6665 6622/6622
f 6622/6622 6621/6621 6623/6623
f 6621/6621 6661/6661 6632/6632
f 6623/6623 6621/6621 6632/6632
f 6632/6632 6661/6661 6723/6723
f 4307/4307 4320/4320 4306/4306
f 4084/4084 4015/4015 3991/3991
f 3991/3991 4015/4015 4001/4001
f 3991/3991 4001/4001 3987/3987
f 4001/4001 3996/3996 3987/3987
f 3987/3987 3996/3996 3977/3977
f 3977/3977 3996/3996 3985/3985
f 4313/4313 4316/4316 4310/4310
f 4309/4309 4320/4320 4307/4307
f 4306/4306 4305/4305 4302/4302
f 4298/4298 4304/4304 4364/4364
f 4298/4298 4364/4364 4084/4084
f 3985/3985 3996/3996 4005/4005
f 4005/4005 4004/4004 3985/3985
f 3985/3985 4004/4004 3984/3984
f 4004/4004 4002/4002 3984/3984
f 3984/3984 4002/4002 3990/3990
f 4302/4302 4305/4305 4304/4304
f 4302/4302 4304/4304 4298/4298
f 3990/3990 4006/4006 3986/3986
f 3986/3986 4006/4006 3998/3998
f 3986/3986 3998/3998 3982/3982
f 3982/3982 3998/3998 3989/3989
f 3998/3998 4007/4007 3989/3989
f 3989/3989 4007/4007 3995/3995
f 3999/3999 4020/4020 4000/4000
f 4000/4000 4020/4020 4011/4011
f 4028/4028 4029/4029 4011/4011
f 4011/4011 4029/4029 4012/4012
f 4026/4026 4060/4060 4046/4046
f 4049/4049 4059/4059 3941/3941
f 5162/5162 5190/5190 5136/5136
f 3923/3923 4018/4018 3906/3906
f 4540/4540 4461/4461 4705/4705
f 4540/4540 4705/4705 4735/4735
f 3882/3882 4150/4150 4195/4195
f 4195/4195 4150/4150 4254/4254
f 3675/3675 3911/3911 3684/3684
f 3685/3685 3915/3915 3751/3751
f 3751/3751 3915/3915 3917/3917
f 3751/3751 3916/3916 3752/3752
f 3752/3752 3901/3901 3760/3760
f 5896/5896 5890/5890 5900/5900
f 5896/5896 5900/5900 5977/5977
f 3079/3079 3103/3103 3082/3082
f 5869/5869 5885/5885 5882/5882
f 5874/5874 5884/5884 5869/5869
f 5884/5884 5885/5885 5869/5869
f 5886/5886 5884/5884 5874/5874
f 5880/5880 5886/5886 5874/5874
f 6576/6576 6577/6577 6575/6575
f 5899/5899 5886/5886 5880/5880
f 6575/6575 6577/6577 6588/6588
f 6575/6575 6588/6588 6683/6683
f 6059/6059 6035/6035 6034/6034
f 6034/6034 6035/6035 6036/6036
f 5924/5924 5899/5899 5887/5887
f 6080/6080 6079/6079 6065/6065
f 6092/6092 6080/6080 6065/6065
f 6683/6683 6588/6588 6709/6709
f 6065/6065 6079/6079 6061/6061
f 6061/6061 6079/6079 6081/6081
f 6081/6081 6060/6060 6061/6061
f 6061/6061 6060/6060 6059/6059
f 6036/6036 6038/6038 6037/6037
f 6034/6034 6036/6036 6037/6037
f 6038/6038 6041/6041 6039/6039
f 6037/6037 6038/6038 6039/6039
f 6039/6039 6041/6041 6045/6045
f 5976/5976 5924/5924 5910/5910
f 6045/6045 6048/6048 6047/6047
f 6047/6047 6048/6048 6049/6049
f 6049/6049 6048/6048 6050/6050
f 6049/6049 6050/6050 6051/6051
f 6049/6049 6051/6051 6052/6052
f 5399/5399 5400/5400 5401/5401
f 5436/5436 5454/5454 5423/5423
f 6703/6703 6619/6619 6665/6665
f 6619/6619 6618/6618 6622/6622
f 6665/6665 6619/6619 6622/6622
f 6622/6622 6618/6618 6621/6621
f 4636/4636 4349/4349 4343/4343
f 4349/4349 4326/4326 4315/4315
f 4343/4343 4349/4349 4315/4315
f 4315/4315 4326/4326 4319/4319
f 4315/4315 4319/4319 4316/4316
f 4320/4320 4331/4331 4306/4306
f 4364/4364 4134/4134 4084/4084
f 4084/4084 4134/4134 4015/4015
f 4001/4001 4027/4027 3996/3996
f 3996/3996 4027/4027 4005/4005
f 4310/4310 4316/4316 4322/4322
f 4310/4310 4322/4322 4309/4309
f 4309/4309 4322/4322 4320/4320
f 4306/4306 4331/4331 4305/4305
f 4004/4004 4016/4016 4002/4002
f 4002/4002 4016/4016 4003/4003
f 3998/3998 4006/4006 4007/4007
f 4007/4007 4017/4017 3995/3995
f 4017/4017 4021/4021 3995/3995
f 3995/3995 4021/4021 3999/3999
f 4021/4021 4020/4020 3999/3999
f 4011/4011 4020/4020 4028/4028
f 4012/4012 4048/4048 4025/4025
f 4025/4025 4048/4048 4061/4061
f 4025/4025 4061/4061 4026/4026
f 4061/4061 4060/4060 4026/4026
f 4046/4046 4060/4060 4063/4063
f 4046/4046 4063/4063 4049/4049
f 4063/4063 4062/4062 4049/4049
f 4049/4049 4062/4062 4059/4059
f 4059/4059 4040/4040 3941/3941
f 3941/3941 4040/4040 3940/3940
f 3940/3940 4040/4040 3923/3923
f 3923/3923 4019/4019 4018/4018
f 5343/5343 5344/5344 5299/5299
f 5343/5343 5299/5299 5297/5297
f 3661/3661 3926/3926 3664/3664
f 3926/3926 3925/3925 3664/3664
f 3664/3664 3925/3925 3665/3665
f 3925/3925 3924/3924 3665/3665
f 4254/4254 4241/4241 4461/4461
f 4254/4254 4461/4461 4540/4540
f 3665/3665 3919/3919 3655/3655
f 3655/3655 3919/3919 3663/3663
f 3882/3882 3921/3921 4150/4150
f 4150/4150 4241/4241 4254/4254
f 3663/3663 3907/3907 3675/3675
f 3911/3911 3914/3914 3684/3684
f 3684/3684 3914/3914 3687/3687
f 3687/3687 3912/3912 3686/3686
f 3912/3912 3913/3913 3686/3686
f 3686/3686 3913/3913 3685/3685
f 3685/3685 3913/3913 3915/3915
f 3751/3751 3917/3917 3918/3918
f 3751/3751 3918/3918 3916/3916
f 3752/3752 3916/3916 3901/3901
f 3760/3760 3901/3901 3900/3900
f 3760/3760 3900/3900 3761/3761
f 3761/3761 3900/3900 3899/3899
f 3761/3761 3899/3899 3898/3898
f 3761/3761 3898/3898 3707/3707
f 3707/3707 3898/3898 3729/3729
f 3729/3729 3898/3898 3896/3896
f 3729/3729 3896/3896 3759/3759
f 3896/3896 3897/3897 3759/3759
f 3758/3758 3902/3902 3757/3757
f 3902/3902 3903/3903 3757/3757
f 3757/3757 3903/3903 3756/3756
f 3756/3756 3904/3904 3724/3724
f 3724/3724 3904/3904 3730/3730
f 3730/3730 3904/3904 3920/3920
f 3730/3730 3920/3920 3774/3774
f 3774/3774 3921/3921 3882/3882
f 5890/5890 5892/5892 5900/5900
f 5895/5895 5891/5891 5888/5888
f 5883/5883 5895/5895 5888/5888
f 5894/5894 5895/5895 5883/5883
f 5879/5879 5894/5894 5883/5883
f 5897/5897 5894/5894 5879/5879
f 5882/5882 5897/5897 5879/5879
f 5885/5885 5897/5897 5882/5882
f 3126/3126 3138/3138 3528/3528
f 5884/5884 5898/5898 5885/5885
f 6666/6666 6714/6714 6592/6592
f 6666/6666 6592/6592 6576/6576
f 5886/5886 5898/5898 5884/5884
f 6576/6576 6592/6592 6577/6577
f 6577/6577 6589/6589 6588/6588
f 5924/5924 5960/5960 5899/5899
f 6588/6588 6589/6589 6673/6673
f 6588/6588 6673/6673 6709/6709
f 6080/6080 6105/6105 6102/6102
f 6080/6080 6102/6102 6079/6079
f 6102/6102 6101/6101 6079/6079
f 6101/6101 6100/6100 6079/6079
f 6079/6079 6100/6100 6081/6081
f 6081/6081 6044/6044 6060/6060
f 6060/6060 6044/6044 6059/6059
f 6059/6059 6044/6044 6035/6035
f 6044/6044 6043/6043 6036/6036
f 6035/6035 6044/6044 6036/6036
f 6036/6036 6043/6043 6038/6038
f 6038/6038 6043/6043 6042/6042
f 6038/6038 6042/6042 6041/6041
f 5976/5976 5960/5960 5924/5924
f 6107/6107 6055/6055 6045/6045
f 6041/6041 6107/6107 6045/6045
f 6045/6045 6055/6055 6048/6048
f 6541/6541 6531/6531 6546/6546
f 6546/6546 6531/6531 6537/6537
f 6050/6050 6056/6056 6051/6051
f 6546/6546 6537/6537 6550/6550
f 6029/6029 6027/6027 6002/6002
f 5404/5404 5402/5402 5405/5405
f 5404/5404 5405/5405 5407/5407
f 5407/5407 5405/5405 5411/5411
f 5411/5411 5405/5405 5408/5408
f 5398/5398 5397/5397 5399/5399
f 6681/6681 6617/6617 6619/6619
f 6703/6703 6681/6681 6619/6619
f 5412/5412 5419/5419 5392/5392
f 6619/6619 6617/6617 6618/6618
f 6621/6621 6712/6712 6661/6661
f 4636/4636 4367/4367 4349/4349
f 4349/4349 4367/4367 4326/4326
f 4316/4316 4319/4319 4335/4335
f 4335/4335 4336/4336 4316/4316
f 4316/4316 4336/4336 4322/4322
f 4336/4336 4337/4337 4320/4320
f 4322/4322 4336/4336 4320/4320
f 4320/4320 4337/4337 4348/4348
f 4320/4320 4348/4348 4331/4331
f 4348/4348 4344/4344 4331/4331
f 4134/4134 4143/4143 4015/4015
f 4015/4015 4143/4143 4001/4001
f 4143/4143 4142/4142 4001/4001
f 4001/4001 4142/4142 4027/4027
f 4142/4142 4141/4141 4027/4027
f 4027/4027 4141/4141 4005/4005
f 4005/4005 4141/4141 4064/4064
f 4331/4331 4344/4344 4305/4305
f 4344/4344 4332/4332 4305/4305
f 4332/4332 4354/4354 4304/4304
f 4305/4305 4332/4332 4304/4304
f 4304/4304 4354/4354 4364/4364
f 4005/4005 4064/4064 4004/4004
f 4004/4004 4064/4064 4016/4016
f 4064/4064 4069/4069 4016/4016
f 4016/4016 4069/4069 4003/4003
f 4003/4003 4069/4069 4006/4006
f 4069/4069 4068/4068 4006/4006
f 4006/4006 4068/4068 4007/4007
f 4068/4068 4067/4067 4007/4007
f 4007/4007 4067/4067 4017/4017
f 4067/4067 4066/4066 4017/4017
f 4017/4017 4066/4066 4021/4021
f 4066/4066 4065/4065 4021/4021
f 4021/4021 4065/4065 4020/4020
f 4065/4065 4070/4070 4020/4020
f 4070/4070 4071/4071 4020/4020
f 4020/4020 4071/4071 4028/4028
f 4071/4071 4073/4073 4028/4028
f 4028/4028 4073/4073 4029/4029
f 4029/4029 4073/4073 4048/4048
f 4040/4040 4019/4019 3923/3923
f 4018/4018 3943/3943 3906/3906
f 3906/3906 3943/3943 3661/3661
f 3661/3661 3943/3943 3926/3926
f 3924/3924 3919/3919 3665/3665
f 3663/3663 3919/3919 3907/3907
f 3907/3907 3908/3908 3675/3675
f 3675/3675 3908/3908 3911/3911
f 3914/3914 3912/3912 3687/3687
f 3759/3759 3897/3897 3758/3758
f 3758/3758 3897/3897 3902/3902
f 3903/3903 3905/3905 3756/3756
f 3756/3756 3905/3905 3904/3904
f 3920/3920 3921/3921 3774/3774
f 5893/5893 5892/5892 5891/5891
f 5890/5890 5891/5891 5892/5892
f 5895/5895 5893/5893 5891/5891
f 5898/5898 5955/5955 5885/5885
f 5885/5885 5955/5955 5897/5897
f 6714/6714 6654/6654 6592/6592
f 5886/5886 5956/5956 5898/5898
f 5956/5956 5955/5955 5898/5898
f 6654/6654 6591/6591 6577/6577
f 6592/6592 6654/6654 6577/6577
f 5899/5899 5964/5964 5886/5886
f 5886/5886 5964/5964 5956/5956
f 6577/6577 6591/6591 6589/6589
f 5960/5960 5964/5964 5899/5899
f 6589/6589 6595/6595 6673/6673
f 6081/6081 6100/6100 6044/6044
f 6100/6100 6104/6104 6044/6044
f 6104/6104 6054/6054 6044/6044
f 6044/6044 6054/6054 6043/6043
f 6103/6103 6101/6101 6102/6102
f 6105/6105 6103/6103 6102/6102
f 6673/6673 6595/6595 6697/6697
f 6532/6532 6530/6530 6547/6547
f 6043/6043 6106/6106 6042/6042
f 6043/6043 6054/6054 6106/6106
f 6042/6042 6106/6106 6041/6041
f 6540/6540 6536/6536 6544/6544
f 6544/6544 6536/6536 6543/6543
f 6536/6536 6535/6535 6543/6543
f 6543/6543 6535/6535 6542/6542
f 6542/6542 6535/6535 6541/6541
f 6541/6541 6535/6535 6531/6531
f 6531/6531 6524/6524 6537/6537
f 5469/5469 5404/5404 5467/5467
f 5404/5404 5407/5407 5467/5467
f 5467/5467 5407/5407 5463/5463
f 5461/5461 5458/5458 5472/5472
f 5462/5462 5466/5466 5435/5435
f 6682/6682 6617/6617 6681/6681
f 5416/5416 5415/5415 5437/5437
f 5415/5415 5413/5413 5437/5437
f 5394/5394 5396/5396 5455/5455
f 5455/5455 5396/5396 5398/5398
f 6616/6616 6620/6620 6618/6618
f 6617/6617 6616/6616 6618/6618
f 6620/6620 6680/6680 6621/6621
f 6618/6618 6620/6620 6621/6621
f 6621/6621 6680/6680 6712/6712
f 4360/4360 4363/4363 4348/4348
f 4367/4367 4361/4361 4326/4326
f 4361/4361 4359/4359 4319/4319
f 4326/4326 4361/4361 4319/4319
f 4359/4359 4362/4362 4335/4335
f 4319/4319 4359/4359 4335/4335
f 4362/4362 4357/4357 4335/4335
f 4335/4335 4357/4357 4336/4336
f 4357/4357 4358/4358 4337/4337
f 4336/4336 4357/4357 4337/4337
f 4337/4337 4358/4358 4360/4360
f 4337/4337 4360/4360 4348/4348
f 4348/4348 4363/4363 4344/4344
f 4363/4363 4355/4355 4344/4344
f 4134/4134 4356/4356 4271/4271
f 4134/4134 4271/4271 4143/4143
f 4143/4143 4218/4218 4142/4142
f 4218/4218 4217/4217 4142/4142
f 4142/4142 4217/4217 4216/4216
f 4142/4142 4216/4216 4141/4141
f 4141/4141 4216/4216 4200/4200
f 4141/4141 4200/4200 4064/4064
f 4064/4064 4200/4200 4199/4199
f 4344/4344 4355/4355 4332/4332
f 4355/4355 4356/4356 4354/4354
f 4332/4332 4355/4355 4354/4354
f 4064/4064 4199/4199 4069/4069
f 4199/4199 4198/4198 4069/4069
f 4069/4069 4157/4157 4068/4068
f 4068/4068 4157/4157 4067/4067
f 4157/4157 4155/4155 4067/4067
f 4067/4067 4155/4155 4066/4066
f 4155/4155 4153/4153 4066/4066
f 4066/4066 4153/4153 4065/4065
f 4153/4153 4152/4152 4065/4065
f 4065/4065 4152/4152 4070/4070
f 4152/4152 4154/4154 4070/4070
f 4070/4070 4154/4154 4071/4071
f 4154/4154 4156/4156 4071/4071
f 6316/6316 6380/6380 6331/6331
f 6319/6319 6316/6316 6331/6331
f 4071/4071 4156/4156 4073/4073
f 4073/4073 4107/4107 4048/4048
f 4048/4048 4107/4107 4061/4061
f 4107/4107 4106/4106 4061/4061
f 4061/4061 4106/4106 4060/4060
f 4106/4106 4105/4105 4060/4060
f 4060/4060 4105/4105 4063/4063
f 4105/4105 4104/4104 4063/4063
f 4063/4063 4104/4104 4062/4062
f 4104/4104 4103/4103 4062/4062
f 4103/4103 4102/4102 4062/4062
f 4062/4062 4102/4102 4059/4059
f 4705/4705 4653/4653 4848/4848
f 3926/3926 3943/3943 3925/3925
f 4461/4461 4470/4470 4653/4653
f 4461/4461 4653/4653 4705/4705
f 4241/4241 4470/4470 4461/4461
f 3919/3919 3939/3939 3907/3907
f 3907/3907 3939/3939 3908/3908
f 3921/3921 3920/3920 4149/4149
f 3921/3921 4149/4149 4150/4150
f 4149/4149 4241/4241 4150/4150
f 3912/3912 3914/3914 3930/3930
f 3930/3930 3942/3942 3912/3912
f 3912/3912 3942/3942 3913/3913
f 3918/3918 3938/3938 3916/3916
f 3916/3916 3938/3938 3937/3937
f 3916/3916 3937/3937 3901/3901
f 3937/3937 3936/3936 3901/3901
f 3901/3901 3936/3936 3900/3900
f 3900/3900 3936/3936 3935/3935
f 3935/3935 3934/3934 3899/3899
f 3900/3900 3935/3935 3899/3899
f 3899/3899 3934/3934 3898/3898
f 3934/3934 3910/3910 3898/3898
f 3898/3898 3910/3910 3896/3896
f 3910/3910 3909/3909 3896/3896
f 3896/3896 3909/3909 3897/3897
f 3897/3897 3932/3932 3902/3902
f 3932/3932 3931/3931 3902/3902
f 3902/3902 3931/3931 3903/3903
f 3903/3903 3931/3931 3933/3933
f 3903/3903 3933/3933 3905/3905
f 3905/3905 3933/3933 3904/3904
f 5953/5953 5970/5970 5900/5900
f 5892/5892 5953/5953 5900/5900
f 5893/5893 5954/5954 5892/5892
f 5954/5954 5953/5953 5892/5892
f 5957/5957 5954/5954 5893/5893
f 5894/5894 5959/5959 5895/5895
f 5959/5959 5957/5957 5895/5895
f 5894/5894 5961/5961 5959/5959
f 5955/5955 5961/5961 5897/5897
f 3138/3138 3265/3265 3596/3596
f 5956/5956 5967/5967 5955/5955
f 5964/5964 5974/5974 5956/5956
f 5974/5974 5973/5973 5956/5956
f 6591/6591 6594/6594 6589/6589
f 5995/5995 5974/5974 5964/5964
f 6594/6594 6596/6596 6595/6595
f 6589/6589 6594/6594 6595/6595
f 5964/5964 5997/5997 5995/5995
f 6595/6595 6596/6596 6655/6655
f 6595/6595 6655/6655 6697/6697
f 6548/6548 6549/6549 6532/6532
f 6548/6548 6532/6532 6547/6547
f 6545/6545 6530/6530 6529/6529
f 6545/6545 6529/6529 6539/6539
f 6529/6529 6533/6533 6539/6539
f 6539/6539 6533/6533 6538/6538
f 6538/6538 6533/6533 6534/6534
f 6534/6534 6540/6540 6538/6538
f 6540/6540 6534/6534 6528/6528
f 6540/6540 6528/6528 6536/6536
f 6528/6528 6526/6526 6536/6536
f 5653/5653 5626/5626 5679/5679
f 6526/6526 6521/6521 6535/6535
f 6536/6536 6526/6526 6535/6535
f 6535/6535 6521/6521 6531/6531
f 6521/6521 6512/6512 6507/6507
f 6521/6521 6520/6520 6531/6531
f 6521/6521 6507/6507 6520/6520
f 6531/6531 6520/6520 6524/6524
f 6520/6520 6507/6507 6508/6508
f 6520/6520 6508/6508 6524/6524
f 5485/5485 5486/5486 5469/5469
f 5469/5469 5467/5467 5483/5483
f 5485/5485 5469/5469 5483/5483
f 5467/5467 5474/5474 5481/5481
f 5483/5483 5467/5467 5481/5481
f 5479/5479 5461/5461 5472/5472
f 5479/5479 5475/5475 5461/5461
f 5479/5479 5472/5472 5469/5469
f 5479/5479 5469/5469 5486/5486
f 5462/5462 5435/5435 5459/5459
f 6691/6691 6631/6631 6682/6682
f 5435/5435 5456/5456 5459/5459
f 5468/5468 5394/5394 5455/5455
f 5468/5468 5477/5477 5470/5470
f 5468/5468 5470/5470 5394/5394
f 5468/5468 5455/5455 5461/5461
f 6631/6631 6615/6615 6617/6617
f 6682/6682 6631/6631 6617/6617
f 5437/5437 5395/5395 5460/5460
f 5460/5460 5395/5395 5465/5465
f 5465/5465 5395/5395 5394/5394
f 5465/5465 5394/5394 5470/5470
f 6410/6410 6405/6405 6434/6434
f 6432/6432 6410/6410 6434/6434
f 6617/6617 6615/6615 6616/6616
f 6334/6334 6335/6335 6414/6414
f 6405/6405 6334/6334 6414/6414
f 6620/6620 6704/6704 6680/6680
f 4680/4680 4679/4679 4402/4402
f 4680/4680 4402/4402 4367/4367
f 4367/4367 4402/4402 4361/4361
f 4361/4361 4402/4402 4359/4359
f 4365/4365 4405/4405 4360/4360
f 4360/4360 4405/4405 4363/4363
f 4271/4271 4219/4219 4143/4143
f 4219/4219 4220/4220 4218/4218
f 4143/4143 4219/4219 4218/4218
f 4218/4218 4220/4220 4217/4217
f 4217/4217 4220/4220 4272/4272
f 4217/4217 4272/4272 4216/4216
f 4362/4362 4371/4371 4357/4357
f 4371/4371 4365/4365 4358/4358
f 4357/4357 4371/4371 4358/4358
f 4356/4356 4494/4494 4271/4271
f 4216/4216 4287/4287 4200/4200
f 4287/4287 4281/4281 4199/4199
f 4200/4200 4287/4287 4199/4199
f 4199/4199 4281/4281 4280/4280
f 4280/4280 4277/4277 4199/4199
f 4199/4199 4277/4277 4198/4198
f 4277/4277 4214/4214 4198/4198
f 4198/4198 4214/4214 4157/4157
f 4157/4157 4214/4214 4155/4155
f 4214/4214 4210/4210 4155/4155
f 4155/4155 4210/4210 4153/4153
f 4210/4210 4209/4209 4153/4153
f 4153/4153 4209/4209 4152/4152
f 4209/4209 4208/4208 4152/4152
f 4152/4152 4208/4208 4154/4154
f 4156/4156 4159/4159 4073/4073
f 4073/4073 4159/4159 4107/4107
f 4159/4159 4106/4106 4107/4107
f 4106/4106 4191/4191 4105/4105
f 4191/4191 4104/4104 4105/4105
f 4103/4103 4115/4115 4102/4102
f 4102/4102 4115/4115 4059/4059
f 4115/4115 4114/4114 4059/4059
f 4059/4059 4114/4114 4040/4040
f 4114/4114 4089/4089 4040/4040
f 4089/4089 4082/4082 4019/4019
f 4040/4040 4089/4089 4019/4019
f 4082/4082 4039/4039 4019/4019
f 4019/4019 4039/4039 4018/4018
f 4018/4018 4039/4039 3943/3943
f 4039/4039 4014/4014 3943/3943
f 4014/4014 4013/4013 3925/3925
f 3943/3943 4014/4014 3925/3925
f 4013/4013 4009/4009 3925/3925
f 3925/3925 4009/4009 3924/3924
f 3924/3924 4009/4009 4008/4008
f 3924/3924 4008/4008 3919/3919
f 4008/4008 3939/3939 3919/3919
f 3939/3939 4023/4023 3908/3908
f 3908/3908 4023/4023 3911/3911
f 4023/4023 4022/4022 3911/3911
f 3935/3935 4037/4037 3934/3934
f 3920/3920 4101/4101 4149/4149
f 3911/3911 4022/4022 3914/3914
f 3914/3914 4022/4022 3930/3930
f 3913/3913 4053/4053 3915/3915
f 3936/3936 4037/4037 3935/3935
f 3933/3933 4058/4058 3904/3904
f 3904/3904 4058/4058 3920/3920
f 5954/5954 5958/5958 5953/5953
f 5957/5957 5958/5958 5954/5954
f 5959/5959 5962/5962 5957/5957
f 3067/3067 3166/3166 3027/3027
f 3026/3026 3067/3067 3027/3027
f 3265/3265 3559/3559 3596/3596
f 5973/5973 5972/5972 5967/5967
f 6654/6654 6736/6736 6702/6702
f 6654/6654 6702/6702 6591/6591
f 5974/5974 5998/5998 5973/5973
f 5956/5956 5973/5973 5967/5967
f 6591/6591 6702/6702 6602/6602
f 6591/6591 6602/6602 6594/6594
f 5995/5995 5998/5998 5974/5974
f 6019/6019 6012/6012 5995/5995
f 5997/5997 6019/6019 5995/5995
f 6523/6523 6522/6522 6532/6532
f 6549/6549 6523/6523 6532/6532
f 6655/6655 6596/6596 6598/6598
f 6655/6655 6598/6598 6699/6699
f 6532/6532 6522/6522 6517/6517
f 6532/6532 6517/6517 6530/6530
f 6530/6530 6517/6517 6529/6529
f 6517/6517 6518/6518 6529/6529
f 6529/6529 6518/6518 6519/6519
f 6529/6529 6519/6519 6533/6533
f 6533/6533 6516/6516 6534/6534
f 6533/6533 6519/6519 6516/6516
f 6516/6516 6528/6528 6534/6534
f 5678/5678 5626/5626 5672/5672
f 6598/6598 6687/6687 6699/6699
f 6523/6523 6525/6525 6514/6514
f 6523/6523 6514/6514 6522/6522
f 6528/6528 6516/6516 6515/6515
f 6515/6515 6505/6505 6528/6528
f 6528/6528 6505/6505 6526/6526
f 5653/5653 5609/5609 5626/5626
f 6505/6505 6511/6511 6526/6526
f 6526/6526 6511/6511 6521/6521
f 6511/6511 6512/6512 6521/6521
f 5653/5653 5610/5610 5609/5609
f 6511/6511 6472/6472 6512/6512
f 6472/6472 6473/6473 6512/6512
f 6473/6473 6476/6476 6507/6507
f 6512/6512 6473/6473 6507/6507
f 6507/6507 6476/6476 6477/6477
f 6507/6507 6477/6477 6508/6508
f 6473/6473 6474/6474 6475/6475
f 6473/6473 6475/6475 6476/6476
f 6475/6475 6478/6478 6477/6477
f 6476/6476 6475/6475 6477/6477
f 6474/6474 6492/6492 6491/6491
f 6474/6474 6491/6491 6475/6475
f 6475/6475 6491/6491 6481/6481
f 6475/6475 6481/6481 6478/6478
f 6555/6555 6558/6558 6492/6492
f 6492/6492 6558/6558 6491/6491
f 6491/6491 6558/6558 6557/6557
f 6491/6491 6557/6557 6551/6551
f 6491/6491 6551/6551 6481/6481
f 5488/5488 5486/5486 5489/5489
f 5489/5489 5486/5486 5485/5485
f 5489/5489 5485/5485 5494/5494
f 5485/5485 5483/5483 5495/5495
f 5494/5494 5485/5485 5495/5495
f 5483/5483 5484/5484 5496/5496
f 5495/5495 5483/5483 5496/5496
f 5487/5487 5479/5479 5488/5488
f 5488/5488 5479/5479 5486/5486
f 5482/5482 5471/5471 5480/5480
f 6692/6692 6611/6611 6691/6691
f 5459/5459 5478/5478 5480/5480
f 5477/5477 5475/5475 5487/5487
f 5487/5487 5475/5475 5479/5479
f 6611/6611 6613/6613 6631/6631
f 6691/6691 6611/6611 6631/6631
f 5459/5459 5456/5456 5478/5478
f 5456/5456 5457/5457 5478/5478
f 5457/5457 5460/5460 5465/5465
f 5637/5637 5664/5664 5638/5638
f 6631/6631 6613/6613 6615/6615
f 6434/6434 6426/6426 6439/6439
f 6615/6615 6614/6614 6616/6616
f 6614/6614 6704/6704 6620/6620
f 6616/6616 6614/6614 6620/6620
f 6335/6335 6403/6403 6415/6415
f 4679/4679 4575/4575 4402/4402
f 4402/4402 4420/4420 4359/4359
f 4359/4359 4420/4420 4362/4362
f 4420/4420 4443/4443 4362/4362
f 4362/4362 4443/4443 4371/4371
f 4371/4371 4443/4443 4365/4365
f 4443/4443 4444/4444 4365/4365
f 4365/4365 4444/4444 4440/4440
f 4365/4365 4440/4440 4405/4405
f 4405/4405 4400/4400 4363/4363
f 4271/4271 4468/4468 4219/4219
f 4219/4219 4448/4448 4220/4220
f 4448/4448 4447/4447 4220/4220
f 4220/4220 4447/4447 4272/4272
f 4447/4447 4445/4445 4272/4272
f 4272/4272 4445/4445 4287/4287
f 4445/4445 4446/4446 4287/4287
f 4446/4446 4455/4455 4287/4287
f 4287/4287 4455/4455 4281/4281
f 4363/4363 4400/4400 4355/4355
f 4355/4355 4400/4400 4421/4421
f 4355/4355 4421/4421 4356/4356
f 4356/4356 4421/4421 4494/4494
f 4281/4281 4423/4423 4280/4280
f 4423/4423 4277/4277 4280/4280
f 4277/4277 4369/4369 4214/4214
f 4369/4369 4368/4368 4214/4214
f 4214/4214 4368/4368 4210/4210
f 4210/4210 4252/4252 4209/4209
f 4209/4209 4252/4252 4208/4208
f 4252/4252 4223/4223 4208/4208
f 4208/4208 4223/4223 4154/4154
f 4154/4154 4223/4223 4203/4203
f 4154/4154 4203/4203 4156/4156
f 4156/4156 4203/4203 4159/4159
f 4203/4203 4204/4204 4159/4159
f 4204/4204 4205/4205 4159/4159
f 4159/4159 4205/4205 4106/4106
f 4205/4205 4212/4212 4106/4106
f 4212/4212 4191/4191 4106/4106
f 4191/4191 4192/4192 4104/4104
f 4104/4104 4192/4192 4103/4103
f 4103/4103 4192/4192 4115/4115
f 4114/4114 4163/4163 4089/4089
f 5190/5190 5148/5148 5136/5136
f 5299/5299 5321/5321 5265/5265
f 4082/4082 4112/4112 4039/4039
f 4112/4112 4091/4091 4039/4039
f 4039/4039 4091/4091 4014/4014
f 4014/4014 4091/4091 4076/4076
f 4014/4014 4076/4076 4013/4013
f 4470/4470 4561/4561 4653/4653
f 4241/4241 4404/4404 4470/4470
f 4008/4008 4030/4030 3939/3939
f 4030/4030 4023/4023 3939/3939
f 4022/4022 4023/4023 4043/4043
f 4022/4022 4043/4043 3930/3930
f 3930/3930 4043/4043 4044/4044
f 4044/4044 4042/4042 3930/3930
f 3930/3930 4042/4042 3942/3942
f 3913/3913 4041/4041 4053/4053
f 3915/3915 4053/4053 3917/3917
f 3917/3917 4053/4053 4054/4054
f 3917/3917 4054/4054 3918/3918
f 4054/4054 4057/4057 3938/3938
f 3918/3918 4054/4054 3938/3938
f 3938/3938 4057/4057 3937/3937
f 3937/3937 4057/4057 4055/4055
f 3937/3937 4055/4055 3936/3936
f 3936/3936 4055/4055 4037/4037
f 4037/4037 4036/4036 3910/3910
f 3934/3934 4037/4037 3910/3910
f 3910/3910 4035/4035 3909/3909
f 3897/3897 4035/4035 3932/3932
f 4035/4035 4038/4038 3932/3932
f 3931/3931 4038/4038 4051/4051
f 4051/4051 4052/4052 3933/3933
f 3931/3931 4051/4051 3933/3933
f 4058/4058 4101/4101 3920/3920
f 2491/2491 2509/2509 2504/2504
f 2710/2710 2896/2896 2897/2897
f 2856/2856 2898/2898 2857/2857
f 5958/5958 5965/5965 5953/5953
f 5965/5965 5966/5966 5953/5953
f 5963/5963 5965/5965 5958/5958
f 5957/5957 5963/5963 5958/5958
f 5957/5957 5962/5962 5963/5963
f 5961/5961 5969/5969 5959/5959
f 5959/5959 5969/5969 5962/5962
f 3261/3261 3318/3318 3166/3166
f 5961/5961 5972/5972 5971/5971
f 3232/3232 3323/3323 3374/3374
f 5973/5973 5992/5992 5972/5972
f 5998/5998 6011/6011 5973/5973
f 5995/5995 6012/6012 5998/5998
f 6594/6594 6602/6602 6597/6597
f 6594/6594 6597/6597 6596/6596
f 5672/5672 5651/5651 5681/5681
f 5672/5672 5623/5623 5651/5651
f 6597/6597 6599/6599 6598/6598
f 6596/6596 6597/6597 6598/6598
f 5672/5672 5626/5626 5623/5623
f 5626/5626 5561/5561 5623/5623
f 6598/6598 6599/6599 6687/6687
f 6517/6517 6514/6514 6513/6513
f 6513/6513 6509/6509 6517/6517
f 6517/6517 6509/6509 6518/6518
f 6518/6518 6509/6509 6519/6519
f 6519/6519 6509/6509 6510/6510
f 6519/6519 6510/6510 6516/6516
f 5626/5626 5609/5609 5561/5561
f 6525/6525 6506/6506 6514/6514
f 6599/6599 6651/6651 6687/6687
f 6525/6525 6568/6568 6506/6506
f 6514/6514 6506/6506 6503/6503
f 6514/6514 6503/6503 6513/6513
f 6513/6513 6503/6503 6509/6509
f 6503/6503 6501/6501 6509/6509
f 6501/6501 6482/6482 6509/6509
f 6509/6509 6482/6482 6510/6510
f 6510/6510 6482/6482 6471/6471
f 6510/6510 6471/6471 6479/6479
f 6510/6510 6479/6479 6516/6516
f 6471/6471 6464/6464 6479/6479
f 6479/6479 6504/6504 6515/6515
f 6516/6516 6479/6479 6515/6515
f 6479/6479 6464/6464 6504/6504
f 6504/6504 6505/6505 6515/6515
f 5609/5609 5610/5610 5548/5548
f 5609/5609 5548/5548 5561/5561
f 6506/6506 6502/6502 6503/6503
f 6503/6503 6502/6502 6485/6485
f 6485/6485 6484/6484 6501/6501
f 6503/6503 6485/6485 6501/6501
f 6484/6484 6482/6482 6501/6501
f 6504/6504 6464/6464 6466/6466
f 6504/6504 6466/6466 6505/6505
f 6505/6505 6466/6466 6469/6469
f 6505/6505 6469/6469 6511/6511
f 6469/6469 6472/6472 6511/6511
f 6468/6468 6470/6470 6469/6469
f 6466/6466 6468/6468 6469/6469
f 6469/6469 6470/6470 6472/6472
f 6470/6470 6474/6474 6473/6473
f 6472/6472 6470/6470 6473/6473
f 5610/5610 5602/5602 5549/5549
f 5610/5610 5549/5549 5548/5548
f 6468/6468 6494/6494 6493/6493
f 6468/6468 6493/6493 6470/6470
f 6493/6493 6492/6492 6470/6470
f 6470/6470 6492/6492 6474/6474
f 6495/6495 6552/6552 6494/6494
f 6494/6494 6552/6552 6554/6554
f 6494/6494 6554/6554 6493/6493
f 6554/6554 6556/6556 6493/6493
f 6493/6493 6556/6556 6555/6555
f 6493/6493 6555/6555 6492/6492
f 6498/6498 6564/6564 6552/6552
f 6564/6564 6556/6556 6554/6554
f 6552/6552 6564/6564 6554/6554
f 5616/5616 5603/5603 5587/5587
f 5499/5499 5482/5482 5480/5480
f 5499/5499 5480/5480 5498/5498
f 6675/6675 6611/6611 6692/6692
f 6710/6710 6675/6675 6692/6692
f 5498/5498 5480/5480 5497/5497
f 5480/5480 5478/5478 5497/5497
f 5478/5478 5492/5492 5501/5501
f 5497/5497 5478/5478 5501/5501
f 5501/5501 5492/5492 5502/5502
f 5502/5502 5492/5492 5503/5503
f 5492/5492 5493/5493 5503/5503
f 5503/5503 5493/5493 5490/5490
f 6565/6565 6566/6566 6564/6564
f 5637/5637 5604/5604 5603/5603
f 5478/5478 5476/5476 5492/5492
f 5492/5492 5476/5476 5493/5493
f 5476/5476 5473/5473 5490/5490
f 5493/5493 5476/5476 5490/5490
f 5490/5490 5473/5473 5477/5477
f 5490/5490 5477/5477 5491/5491
f 5491/5491 5477/5477 5487/5487
f 5637/5637 5638/5638 5604/5604
f 5638/5638 5636/5636 5604/5604
f 6611/6611 6612/6612 6613/6613
f 6613/6613 6612/6612 6614/6614
f 6613/6613 6614/6614 6615/6615
f 5658/5658 5662/5662 5646/5646
f 5638/5638 5658/5658 5646/5646
f 6685/6685 6733/6733 6704/6704
f 6614/6614 6685/6685 6704/6704
f 6431/6431 6415/6415 6430/6430
f 4575/4575 4516/4516 4402/4402
f 4402/4402 4516/4516 4420/4420
f 4516/4516 4544/4544 4420/4420
f 4444/4444 4569/4569 4440/4440
f 4440/4440 4569/4569 4566/4566
f 4440/4440 4566/4566 4405/4405
f 4566/4566 4567/4567 4405/4405
f 4468/4468 4572/4572 4626/4626
f 4468/4468 4626/4626 4564/4564
f 4468/4468 4564/4564 4219/4219
f 4219/4219 4564/4564 4448/4448
f 4564/4564 4565/4565 4448/4448
f 4448/4448 4565/4565 4447/4447
f 4447/4447 4565/4565 4445/4445
f 4565/4565 4563/4563 4445/4445
f 4445/4445 4563/4563 4446/4446
f 4420/4420 4544/4544 4443/4443
f 4405/4405 4567/4567 4513/4513
f 4405/4405 4513/4513 4400/4400
f 4421/4421 4572/4572 4468/4468
f 4455/4455 4542/4542 4423/4423
f 4423/4423 4467/4467 4277/4277
f 4277/4277 4467/4467 4369/4369
f 4467/4467 4489/4489 4369/4369
f 6393/6393 6395/6395 6413/6413
f 4369/4369 4419/4419 4368/4368
f 4368/4368 4419/4419 4418/4418
f 4368/4368 4418/4418 4370/4370
f 4252/4252 4384/4384 4223/4223
f 4223/4223 4384/4384 4290/4290
f 4223/4223 4290/4290 4203/4203
f 4290/4290 4289/4289 4203/4203
f 5098/5098 5012/5012 5099/5099
f 4212/4212 4213/4213 4191/4191
f 4191/4191 4213/4213 4192/4192
f 4192/4192 4163/4163 4115/4115
f 4115/4115 4163/4163 4114/4114
f 4089/4089 4163/4163 4160/4160
f 4089/4089 4160/4160 4082/4082
f 5321/5321 5269/5269 5265/5265
f 4653/4653 4561/4561 4787/4787
f 4404/4404 4561/4561 4470/4470
f 4013/4013 4076/4076 4009/4009
f 4076/4076 4077/4077 4009/4009
f 4077/4077 4072/4072 4009/4009
f 4009/4009 4072/4072 4008/4008
f 4072/4072 4075/4075 4008/4008
f 4269/4269 4404/4404 4241/4241
f 4008/4008 4075/4075 4030/4030
f 4030/4030 4075/4075 4023/4023
f 4075/4075 4074/4074 4023/4023
f 4074/4074 4043/4043 4023/4023
f 4042/4042 4053/4053 4041/4041
f 4037/4037 4055/4055 4056/4056
f 4037/4037 4056/4056 4036/4036
f 3910/3910 4036/4036 4035/4035
f 4101/4101 4193/4193 4149/4149
f 5965/5965 5985/5985 5966/5966
f 5962/5962 5968/5968 5963/5963
f 5968/5968 5965/5965 5963/5963
f 5969/5969 5968/5968 5962/5962
f 5972/5972 5993/5993 5971/5971
f 3229/3229 3401/3401 3402/3402
f 3590/3590 3606/3606 3374/3374
f 2424/2424 2205/2205 2423/2423
f 3297/3297 3403/3403 3551/3551
f 5973/5973 6011/6011 5992/5992
f 6736/6736 6738/6738 6702/6702
f 5998/5998 6012/6012 6011/6011
f 6702/6702 6738/6738 6707/6707
f 6702/6702 6707/6707 6602/6602
f 5681/5681 5651/5651 5673/5673
f 5651/5651 5624/5624 5673/5673
f 6602/6602 6707/6707 6662/6662
f 6602/6602 6662/6662 6597/6597
f 5565/5565 5624/5624 5651/5651
f 5623/5623 5565/5565 5651/5651
f 6599/6599 6597/6597 6600/6600
f 5561/5561 5556/5556 5623/5623
f 5623/5623 5556/5556 5565/5565
f 6599/6599 6600/6600 6651/6651
f 5561/5561 5548/5548 5547/5547
f 5561/5561 5547/5547 5556/5556
f 6527/6527 6502/6502 6506/6506
f 6568/6568 6527/6527 6506/6506
f 6651/6651 6600/6600 6604/6604
f 6651/6651 6604/6604 6677/6677
f 6482/6482 6462/6462 6471/6471
f 6471/6471 6462/6462 6464/6464
f 6497/6497 6488/6488 6502/6502
f 6527/6527 6497/6497 6502/6502
f 6604/6604 6606/6606 6678/6678
f 6677/6677 6604/6604 6678/6678
f 6488/6488 6485/6485 6502/6502
f 6485/6485 6483/6483 6484/6484
f 6484/6484 6483/6483 6482/6482
f 6482/6482 6483/6483 6465/6465
f 6482/6482 6465/6465 6462/6462
f 6462/6462 6465/6465 6463/6463
f 6462/6462 6463/6463 6464/6464
f 6463/6463 6467/6467 6466/6466
f 6464/6464 6463/6463 6466/6466
f 6467/6467 6468/6468 6466/6466
f 5548/5548 5549/5549 5543/5543
f 5548/5548 5543/5543 5547/5547
f 6490/6490 6489/6489 6488/6488
f 6497/6497 6490/6490 6488/6488
f 6678/6678 6606/6606 6676/6676
f 6488/6488 6489/6489 6486/6486
f 6488/6488 6486/6486 6485/6485
f 6486/6486 6487/6487 6483/6483
f 6485/6485 6486/6486 6483/6483
f 6483/6483 6487/6487 6480/6480
f 6483/6483 6480/6480 6465/6465
f 6465/6465 6480/6480 6463/6463
f 6467/6467 6463/6463 6495/6495
f 6467/6467 6495/6495 6468/6468
f 5549/5549 5587/5587 5543/5543
f 6490/6490 6563/6563 6489/6489
f 6676/6676 6606/6606 6608/6608
f 6563/6563 6562/6562 6489/6489
f 6489/6489 6562/6562 6486/6486
f 6486/6486 6562/6562 6561/6561
f 6486/6486 6561/6561 6500/6500
f 6486/6486 6500/6500 6487/6487
f 6487/6487 6500/6500 6499/6499
f 6487/6487 6499/6499 6480/6480
f 6499/6499 6496/6496 6480/6480
f 6496/6496 6498/6498 6463/6463
f 6480/6480 6496/6496 6463/6463
f 6463/6463 6498/6498 6495/6495
f 5587/5587 5591/5591 5543/5543
f 6490/6490 6567/6567 6563/6563
f 6676/6676 6608/6608 6675/6675
f 6499/6499 6553/6553 6496/6496
f 6496/6496 6553/6553 6498/6498
f 6608/6608 6610/6610 6611/6611
f 6675/6675 6608/6608 6611/6611
f 5604/5604 5601/5601 5591/5591
f 6611/6611 6610/6610 6612/6612
f 5636/5636 5632/5632 5601/5601
f 6612/6612 6610/6610 6644/6644
f 5636/5636 5646/5646 5632/5632
f 6644/6644 6685/6685 6614/6614
f 6612/6612 6644/6644 6614/6614
f 6685/6685 6737/6737 6733/6733
f 4569/4569 4672/4672 4566/4566
f 4626/4626 4661/4661 4564/4564
f 4564/4564 4661/4661 4659/4659
f 4659/4659 4660/4660 4565/4565
f 4565/4565 4660/4660 4563/4563
f 4544/4544 4569/4569 4444/4444
f 4443/4443 4544/4544 4444/4444
f 4572/4572 4681/4681 4626/4626
f 4446/4446 4563/4563 4562/4562
f 4562/4562 4646/4646 4542/4542
f 4513/4513 4549/4549 4400/4400
f 4400/4400 4549/4549 4572/4572
f 4542/4542 4543/4543 4423/4423
f 4423/4423 4543/4543 4467/4467
f 4543/4543 4595/4595 4489/4489
f 4467/4467 4543/4543 4489/4489
f 4419/4419 4479/4479 4418/4418
f 4418/4418 4463/4463 4370/4370
f 4370/4370 4462/4462 4384/4384
f 6409/6409 6391/6391 6408/6408
f 4289/4289 4290/4290 4288/4288
f 4204/4204 4288/4288 4279/4279
f 4205/4205 4263/4263 4212/4212
f 4212/4212 4263/4263 4213/4213
f 4213/4213 4207/4207 4192/4192
f 4192/4192 4207/4207 4163/4163
f 4082/4082 4160/4160 4151/4151
f 4082/4082 4151/4151 4112/4112
f 4112/4112 4151/4151 4091/4091
f 4151/4151 4144/4144 4091/4091
f 4561/4561 4764/4764 4787/4787
f 4091/4091 4144/4144 4076/4076
f 4144/4144 4113/4113 4076/4076
f 4076/4076 4113/4113 4077/4077
f 4404/4404 4503/4503 4561/4561
f 4193/4193 4386/4386 4269/4269
f 4269/4269 4386/4386 4404/4404
f 4075/4075 4123/4123 4074/4074
f 4074/4074 4123/4123 4043/4043
f 4123/4123 4122/4122 4043/4043
f 4043/4043 4122/4122 4044/4044
f 4122/4122 4120/4120 4044/4044
f 4044/4044 4120/4120 4042/4042
f 4042/4042 4120/4120 4121/4121
f 4042/4042 4121/4121 4053/4053
f 4053/4053 4121/4121 4124/4124
f 4053/4053 4124/4124 4054/4054
f 4124/4124 4125/4125 4054/4054
f 4125/4125 4129/4129 4054/4054
f 4054/4054 4129/4129 4057/4057
f 4057/4057 4129/4129 4055/4055
f 4055/4055 4129/4129 4130/4130
f 4055/4055 4130/4130 4056/4056
f 4130/4130 4108/4108 4056/4056
f 4056/4056 4108/4108 4036/4036
f 4036/4036 4108/4108 4035/4035
f 4035/4035 4108/4108 4109/4109
f 4035/4035 4109/4109 4038/4038
f 4109/4109 4110/4110 4038/4038
f 4038/4038 4110/4110 4051/4051
f 4110/4110 4111/4111 4051/4051
f 4111/4111 4139/4139 4052/4052
f 4051/4051 4111/4111 4052/4052
f 4139/4139 4140/4140 4058/4058
f 4052/4052 4139/4139 4058/4058
f 4140/4140 4171/4171 4101/4101
f 4058/4058 4140/4140 4101/4101
f 4101/4101 4171/4171 4193/4193
f 5968/5968 5984/5984 5965/5965
f 5965/5965 5984/5984 5985/5985
f 5969/5969 5994/5994 5968/5968
f 5969/5969 5993/5993 5994/5994
f 5971/5971 5993/5993 5969/5969
f 5992/5992 6016/6016 5993/5993
f 6016/6016 6017/6017 5993/5993
f 5666/5666 5677/5677 5690/5690
f 5673/5673 5666/5666 5690/5690
f 2389/2389 2042/2042 2387/2387
f 5673/5673 5624/5624 5666/5666
f 5565/5565 5564/5564 5624/5624
f 6597/6597 6662/6662 6601/6601
f 6597/6597 6601/6601 6600/6600
f 5565/5565 5556/5556 5550/5550
f 5565/5565 5550/5550 5564/5564
f 6601/6601 6603/6603 6600/6600
f 5556/5556 5547/5547 5546/5546
f 5556/5556 5546/5546 5550/5550
f 6600/6600 6603/6603 6604/6604
f 6604/6604 6603/6603 6605/6605
f 6604/6604 6605/6605 6606/6606
f 5547/5547 5543/5543 5540/5540
f 5547/5547 5540/5540 5546/5546
f 5543/5543 5542/5542 5540/5540
f 6605/6605 6609/6609 6608/6608
f 6606/6606 6605/6605 6608/6608
f 5591/5591 5589/5589 5542/5542
f 5543/5543 5591/5591 5542/5542
f 6608/6608 6609/6609 6610/6610
f 5601/5601 5600/5600 5589/5589
f 5591/5591 5601/5601 5589/5589
f 6610/6610 6609/6609 6644/6644
f 5601/5601 5632/5632 5600/5600
f 5600/5600 5632/5632 5633/5633
f 6715/6715 6737/6737 6685/6685
f 6644/6644 6715/6715 6685/6685
f 5646/5646 5645/5645 5633/5633
f 2320/2320 2250/2250 2147/2147
f 4544/4544 4634/4634 4625/4625
f 4569/4569 4625/4625 4672/4672
f 4673/4673 4629/4629 4567/4567
f 2451/2451 2249/2249 2320/2320
f 4629/4629 4654/4654 4549/4549
f 4513/4513 4629/4629 4549/4549
f 4549/4549 4654/4654 4681/4681
f 4549/4549 4681/4681 4572/4572
f 2254/2254 2139/2139 2255/2255
f 4489/4489 4595/4595 4568/4568
f 6430/6430 6427/6427 6435/6435
f 4419/4419 4568/4568 4479/4479
f 6419/6419 6423/6423 6435/6435
f 4479/4479 4559/4559 4463/4463
f 4463/4463 4524/4524 4462/4462
f 4464/4464 4442/4442 4384/4384
f 6422/6422 6407/6407 6424/6424
f 4442/4442 4426/4426 4290/4290
f 4290/4290 4426/4426 4288/4288
f 4288/4288 4406/4406 4279/4279
f 4279/4279 4406/4406 4407/4407
f 4279/4279 4407/4407 4263/4263
f 4213/4213 4263/4263 4264/4264
f 4207/4207 4245/4245 4206/4206
f 4163/4163 4206/4206 4160/4160
f 5325/5325 5324/5324 5321/5321
f 4561/4561 4600/4600 4764/4764
f 4144/4144 4158/4158 4113/4113
f 4158/4158 4147/4147 4113/4113
f 4113/4113 4147/4147 4077/4077
f 4077/4077 4147/4147 4146/4146
f 4386/4386 4465/4465 4404/4404
f 4404/4404 4465/4465 4503/4503
f 4077/4077 4146/4146 4072/4072
f 4146/4146 4145/4145 4072/4072
f 4072/4072 4145/4145 4075/4075
f 4145/4145 4162/4162 4075/4075
f 4075/4075 4162/4162 4123/4123
f 4171/4171 4255/4255 4193/4193
f 4193/4193 4255/4255 4386/4386
f 4108/4108 4130/4130 4174/4174
f 4108/4108 4161/4161 4109/4109
f 3039/3039 3041/3041 3037/3037
f 5968/5968 5994/5994 5984/5984
f 5993/5993 6014/6014 5994/5994
f 6017/6017 6014/6014 5993/5993
f 2407/2407 2221/2221 2405/2405
f 3373/3373 3578/3578 3575/3575
f 5677/5677 5628/5628 5674/5674
f 5677/5677 5666/5666 5628/5628
f 5624/5624 5621/5621 5666/5666
f 2042/2042 2007/2007 2387/2387
f 5624/5624 5622/5622 5621/5621
f 2387/2387 2007/2007 2388/2388
f 5564/5564 5563/5563 5624/5624
f 5624/5624 5563/5563 5622/5622
f 2388/2388 2007/2007 2236/2236
f 6662/6662 6690/6690 6601/6601
f 5564/5564 5550/5550 5563/5563
f 6601/6601 6690/6690 6603/6603
f 5550/5550 5546/5546 5545/5545
f 6603/6603 6690/6690 6607/6607
f 6603/6603 6607/6607 6605/6605
f 5546/5546 5540/5540 5545/5545
f 6607/6607 6633/6633 6605/6605
f 5542/5542 5541/5541 5540/5540
f 6605/6605 6633/6633 6609/6609
f 5589/5589 5588/5588 5541/5541
f 5542/5542 5589/5589 5541/5541
f 6633/6633 6686/6686 6609/6609
f 5589/5589 5600/5600 5588/5588
f 5600/5600 5599/5599 5588/5588
f 6686/6686 6724/6724 6644/6644
f 6609/6609 6686/6686 6644/6644
f 5600/5600 5633/5633 5599/5599
f 1995/1995 2112/2112 2342/2342
f 6644/6644 6724/6724 6715/6715
f 1724/1724 1744/1744 1874/1874
f 1874/1874 1744/1744 1875/1875
f 5599/5599 5633/5633 5634/5634
f 2342/2342 2112/2112 2267/2267
f 2267/2267 2112/2112 2066/2066
f 2052/2052 2058/2058 2098/2098
f 2250/2250 2011/2011 1874/1874
f 1867/1867 1868/1868 2064/2064
f 5633/5633 5645/5645 5634/5634
f 5645/5645 5635/5635 5634/5634
f 2093/2093 2135/2135 2219/2219
f 2064/2064 1868/1868 2062/2062
f 5645/5645 5648/5648 5635/5635
f 2305/2305 2135/2135 2248/2248
f 2063/2063 2065/2065 2139/2139
f 5661/5661 5647/5647 5648/5648
f 4568/4568 4647/4647 4598/4598
f 6441/6441 6435/6435 6443/6443
f 4479/4479 4598/4598 4559/4559
f 4559/4559 4616/4616 4524/4524
f 6435/6435 6423/6423 6438/6438
f 6423/6423 6421/6421 6438/6438
f 4407/4407 4406/4406 4408/4408
f 4407/4407 4409/4409 4263/4263
f 4263/4263 4399/4399 4264/4264
f 4264/4264 4399/4399 4265/4265
f 4245/4245 4268/4268 4206/4206
f 4268/4268 4224/4224 4206/4206
f 4206/4206 4224/4224 4160/4160
f 4224/4224 4211/4211 4160/4160
f 4160/4160 4211/4211 4151/4151
f 4764/4764 4600/4600 4805/4805
f 4151/4151 4197/4197 4144/4144
f 4197/4197 4158/4158 4144/4144
f 4503/4503 4533/4533 4600/4600
f 4162/4162 4183/4183 4123/4123
f 4123/4123 4183/4183 4122/4122
f 4122/4122 4189/4189 4120/4120
f 4120/4120 4188/4188 4121/4121
f 4121/4121 4184/4184 4185/4185
f 4185/4185 4186/4186 4124/4124
f 4124/4124 4186/4186 4125/4125
f 4125/4125 4186/4186 4129/4129
f 4129/4129 4187/4187 4177/4177
f 4108/4108 4174/4174 4161/4161
f 4110/4110 4109/4109 4179/4179
f 4179/4179 4178/4178 4110/4110
f 4110/4110 4178/4178 4111/4111
f 4111/4111 4178/4178 4139/4139
f 4178/4178 4190/4190 4139/4139
f 4190/4190 4172/4172 4139/4139
f 4139/4139 4172/4172 4140/4140
f 4140/4140 4172/4172 4171/4171
f 6014/6014 6015/6015 5994/5994
f 5674/5674 5675/5675 5688/5688
f 5628/5628 5627/5627 5674/5674
f 5622/5622 5563/5563 5562/5562
f 5563/5563 5550/5550 5551/5551
f 5563/5563 5551/5551 5562/5562
f 2007/2007 2006/2006 2236/2236
f 5550/5550 5545/5545 5551/5551
f 6690/6690 6726/6726 6607/6607
f 6607/6607 6726/6726 6718/6718
f 6607/6607 6718/6718 6633/6633
f 6718/6718 6721/6721 6633/6633
f 6633/6633 6721/6721 6686/6686
f 6686/6686 6721/6721 6724/6724
f 5599/5599 5596/5596 5588/5588
f 2004/2004 1991/1991 1988/1988
f 1898/1898 2010/2010 1617/1617
f 1898/1898 1617/1617 1724/1724
f 1614/1614 1682/1682 1697/1697
f 5599/5599 5607/5607 5596/5596
f 1987/1987 1985/1985 2000/2000
f 1722/1722 1682/1682 1721/1721
f 5634/5634 5635/5635 5607/5607
f 1739/1739 1894/1894 2065/2065
f 2119/2119 2089/2089 2237/2237
f 2237/2237 2089/2089 2238/2238
f 4559/4559 4639/4639 4616/4616
f 4616/4616 4617/4617 4524/4524
f 4524/4524 4617/4617 4557/4557
f 4464/4464 4557/4557 4511/4511
f 4511/4511 4512/4512 4426/4426
f 5212/5212 5079/5079 5111/5111
f 4426/4426 4512/4512 4476/4476
f 4476/4476 4477/4477 4406/4406
f 4406/4406 4477/4477 4408/4408
f 4265/4265 4401/4401 4268/4268
f 4197/4197 4201/4201 4158/4158
f 4158/4158 4201/4201 4194/4194
f 4465/4465 4422/4422 4533/4533
f 4194/4194 4173/4173 4147/4147
f 4147/4147 4173/4173 4146/4146
f 4146/4146 4173/4173 4162/4162
f 4255/4255 4422/4422 4386/4386
f 4386/4386 4422/4422 4465/4465
f 4183/4183 4189/4189 4122/4122
f 4189/4189 4188/4188 4120/4120
f 4121/4121 4188/4188 4184/4184
f 4186/4186 4187/4187 4129/4129
f 4177/4177 4175/4175 4130/4130
f 4175/4175 4176/4176 4130/4130
f 4130/4130 4176/4176 4174/4174
f 4174/4174 4176/4176 4182/4182
f 4174/4174 4182/4182 4181/4181
f 4174/4174 4181/4181 4161/4161
f 4181/4181 4180/4180 4109/4109
f 4161/4161 4181/4181 4109/4109
f 4180/4180 4179/4179 4109/4109
f 4172/4172 4221/4221 4171/4171
f 4171/4171 4221/4221 4251/4251
f 4171/4171 4251/4251 4255/4255
f 5996/5996 5999/5999 6013/6013
f 5686/5686 5668/5668 5687/5687
f 5688/5688 5670/5670 5686/5686
f 5670/5670 5668/5668 5686/5686
f 2409/2409 2227/2227 2340/2340
f 5675/5675 5627/5627 5670/5670
f 5621/5621 5577/5577 5628/5628
f 5621/5621 5622/5622 5562/5562
f 5621/5621 5562/5562 5577/5577
f 1999/1999 1953/1953 1983/1983
f 1781/1781 1664/1664 1708/1708
f 5551/5551 5552/5552 5562/5562
f 5551/5551 5545/5545 5552/5552
f 5539/5539 5544/5544 5545/5545
f 1745/1745 2009/2009 1666/1666
f 1745/1745 1666/1666 1716/1716
f 5588/5588 5585/5585 5541/5541
f 5541/5541 5585/5585 5544/5544
f 1954/1954 1972/1972 1978/1978
f 1559/1559 1560/1560 1616/1616
f 1616/1616 1560/1560 1591/1591
f 5588/5588 5596/5596 5585/5585
f 5596/5596 5595/5595 5585/5585
f 1978/1978 1972/1972 1985/1985
f 1985/1985 1986/1986 2000/2000
f 1591/1591 1703/1703 1723/1723
f 5607/5607 5615/5615 5595/5595
f 5607/5607 5635/5635 5615/5615
f 5635/5635 5639/5639 5615/5615
f 2119/2119 1795/1795 2089/2089
f 5647/5647 5659/5659 5639/5639
f 2294/2294 2140/2140 2278/2278
f 5684/5684 5656/5656 5652/5652
f 6437/6437 6440/6440 6454/6454
f 4617/4617 4618/4618 4557/4557
f 4511/4511 4557/4557 4558/4558
f 4511/4511 4558/4558 4512/4512
f 4512/4512 4477/4477 4476/4476
f 4477/4477 4547/4547 4478/4478
f 4477/4477 4478/4478 4408/4408
f 4409/4409 4478/4478 4457/4457
f 4399/4399 4457/4457 4456/4456
f 4399/4399 4456/4456 4401/4401
f 4401/4401 4403/4403 4268/4268
f 4268/4268 4403/4403 4297/4297
f 4268/4268 4297/4297 4224/4224
f 4224/4224 4297/4297 4278/4278
f 4224/4224 4278/4278 4211/4211
f 4278/4278 4253/4253 4211/4211
f 4805/4805 4712/4712 4849/4849
f 5324/5324 5334/5334 5271/5271
f 4211/4211 4253/4253 4197/4197
f 4253/4253 4201/4201 4197/4197
f 4600/4600 4533/4533 4712/4712
f 4600/4600 4712/4712 4805/4805
f 4194/4194 4228/4228 4173/4173
f 4228/4228 4226/4226 4162/4162
f 4173/4173 4228/4228 4162/4162
f 4162/4162 4226/4226 4225/4225
f 4162/4162 4225/4225 4183/4183
f 4183/4183 4225/4225 4189/4189
f 4189/4189 4225/4225 4227/4227
f 4189/4189 4227/4227 4188/4188
f 4185/4185 4242/4242 4186/4186
f 4242/4242 4266/4266 4186/4186
f 4186/4186 4266/4266 4187/4187
f 4180/4180 4178/4178 4179/4179
f 4251/4251 4396/4396 4255/4255
f 4255/4255 4396/4396 4422/4422
f 4190/4190 4222/4222 4172/4172
f 4172/4172 4222/4222 4221/4221
f 3369/3369 3400/3400 3300/3300
f 3400/3400 3418/3418 3357/3357
f 3322/3322 3400/3400 3357/3357
f 5687/5687 5669/5669 5689/5689
f 5670/5670 5667/5667 5668/5668
f 5627/5627 5619/5619 5670/5670
f 5670/5670 5619/5619 5667/5667
f 5627/5627 5577/5577 5574/5574
f 5627/5627 5574/5574 5619/5619
f 5577/5577 5562/5562 5574/5574
f 5562/5562 5554/5554 5574/5574
f 5562/5562 5552/5552 5554/5554
f 5552/5552 5545/5545 5553/5553
f 5552/5552 5553/5553 5554/5554
f 1953/1953 1952/1952 1948/1948
f 5544/5544 5555/5555 5553/5553
f 5545/5545 5544/5544 5553/5553
f 5544/5544 5559/5559 5555/5555
f 5585/5585 5583/5583 5559/5559
f 5585/5585 5595/5595 5583/5583
f 5595/5595 5598/5598 5583/5583
f 5595/5595 5615/5615 5598/5598
f 5615/5615 5608/5608 5598/5598
f 5615/5615 5629/5629 5608/5608
f 5615/5615 5639/5639 5629/5629
f 5639/5639 5641/5641 5629/5629
f 5639/5639 5652/5652 5641/5641
f 5652/5652 5644/5644 5641/5641
f 2278/2278 2118/2118 2245/2245
f 5644/5644 5656/5656 5654/5654
f 2245/2245 2099/2099 2302/2302
f 6454/6454 6440/6440 6455/6455
f 4512/4512 4558/4558 4588/4588
f 4512/4512 4547/4547 4477/4477
f 4547/4547 4548/4548 4478/4478
f 4478/4478 4531/4531 4457/4457
f 4457/4457 4531/4531 4456/4456
f 4401/4401 4456/4456 4403/4403
f 4253/4253 4270/4270 4201/4201
f 4270/4270 4262/4262 4194/4194
f 4194/4194 4262/4262 4228/4228
f 4396/4396 4473/4473 4422/4422
f 4422/4422 4473/4473 4533/4533
f 4228/4228 4273/4273 4226/4226
f 4273/4273 4275/4275 4225/4225
f 4226/4226 4273/4273 4225/4225
f 4276/4276 4227/4227 4225/4225
f 4227/4227 4250/4250 4188/4188
f 4188/4188 4250/4250 4184/4184
f 4250/4250 4249/4249 4184/4184
f 4184/4184 4249/4249 4185/4185
f 4249/4249 4242/4242 4185/4185
f 4266/4266 4267/4267 4187/4187
f 4267/4267 4244/4244 4187/4187
f 4187/4187 4244/4244 4177/4177
f 4177/4177 4244/4244 4175/4175
f 4244/4244 4261/4261 4176/4176
f 4175/4175 4244/4244 4176/4176
f 4261/4261 4260/4260 4182/4182
f 4176/4176 4261/4261 4182/4182
f 4260/4260 4259/4259 4181/4181
f 4182/4182 4260/4260 4181/4181
f 4181/4181 4259/4259 4180/4180
f 4180/4180 4259/4259 4258/4258
f 4180/4180 4258/4258 4178/4178
f 4258/4258 4256/4256 4178/4178
f 4256/4256 4257/4257 4190/4190
f 4178/4178 4256/4256 4190/4190
f 4190/4190 4257/4257 4222/4222
f 4221/4221 4395/4395 4251/4251
f 4251/4251 4395/4395 4396/4396
f 5237/5237 5092/5092 5093/5093
f 5668/5668 5667/5667 5620/5620
f 5668/5668 5620/5620 5669/5669
f 5667/5667 5619/5619 5620/5620
f 5619/5619 5617/5617 5620/5620
f 5619/5619 5574/5574 5575/5575
f 5619/5619 5575/5575 5617/5617
f 5574/5574 5570/5570 5575/5575
f 5574/5574 5554/5554 5558/5558
f 5574/5574 5558/5558 5570/5570
f 5554/5554 5553/5553 5558/5558
f 5553/5553 5557/5557 5558/5558
f 5553/5553 5555/5555 5557/5557
f 5555/5555 5559/5559 5560/5560
f 5555/5555 5560/5560 5557/5557
f 5583/5583 5582/5582 5560/5560
f 5559/5559 5583/5583 5560/5560
f 5583/5583 5594/5594 5582/5582
f 5583/5583 5598/5598 5594/5594
f 5598/5598 5608/5608 5594/5594
f 5608/5608 5612/5612 5594/5594
f 5608/5608 5629/5629 5612/5612
f 5629/5629 5630/5630 5612/5612
f 1911/1911 1793/1793 1912/1912
f 5629/5629 5641/5641 5630/5630
f 5641/5641 5642/5642 5630/5630
f 5641/5641 5644/5644 5642/5642
f 5644/5644 5643/5643 5642/5642
f 2245/2245 1913/1913 2099/2099
f 5644/5644 5654/5654 5643/5643
f 5654/5654 5655/5655 5643/5643
f 4558/4558 4619/4619 4650/4650
f 4512/4512 4588/4588 4597/4597
f 4547/4547 4597/4597 4548/4548
f 4548/4548 4594/4594 4531/4531
f 4531/4531 4530/4530 4456/4456
f 4456/4456 4472/4472 4403/4403
f 4471/4471 4441/4441 4403/4403
f 4403/4403 4441/4441 4297/4297
f 4297/4297 4441/4441 4417/4417
f 5267/5267 5330/5330 5266/5266
f 4417/4417 4373/4373 4278/4278
f 4849/4849 4712/4712 4857/4857
f 5334/5334 5330/5330 5267/5267
f 4278/4278 4373/4373 4253/4253
f 4253/4253 4373/4373 4270/4270
f 4270/4270 4292/4292 4262/4262
f 4262/4262 4274/4274 4228/4228
f 4228/4228 4274/4274 4273/4273
f 4396/4396 4454/4454 4473/4473
f 4227/4227 4286/4286 4285/4285
f 4227/4227 4285/4285 4250/4250
f 4249/4249 4291/4291 4242/4242
f 4242/4242 4291/4291 4266/4266
f 4266/4266 4378/4378 4267/4267
f 4257/4257 4296/4296 4222/4222
f 4222/4222 4296/4296 4221/4221
f 4221/4221 4296/4296 4395/4395
f 5618/5618 5590/5590 5625/5625
f 5620/5620 5617/5617 5618/5618
f 1934/1934 1805/1805 1789/1789
f 5617/5617 5575/5575 5576/5576
f 5617/5617 5576/5576 5618/5618
f 5575/5575 5570/5570 5569/5569
f 5575/5575 5569/5569 5576/5576
f 5570/5570 5558/5558 5567/5567
f 5570/5570 5567/5567 5569/5569
f 5558/5558 5557/5557 5566/5566
f 5558/5558 5566/5566 5567/5567
f 5557/5557 5560/5560 5566/5566
f 5582/5582 5581/5581 5560/5560
f 5582/5582 5594/5594 5581/5581
f 5594/5594 5593/5593 5581/5581
f 1547/1547 1695/1695 1692/1692
f 5594/5594 5612/5612 5593/5593
f 1692/1692 1695/1695 1740/1740
f 5612/5612 5613/5613 5593/5593
f 5612/5612 5630/5630 5613/5613
f 5630/5630 5631/5631 5613/5613
f 5630/5630 5642/5642 5631/5631
f 1740/1740 1876/1876 1913/1913
f 5643/5643 5663/5663 5631/5631
f 5642/5642 5643/5643 5631/5631
f 2099/2099 1876/1876 2108/2108
f 2271/2271 2108/2108 2243/2243
f 2243/2243 2240/2240 2272/2272
f 4548/4548 4597/4597 4594/4594
f 4456/4456 4530/4530 4472/4472
f 4417/4417 4474/4474 4373/4373
f 4712/4712 4637/4637 4810/4810
f 4292/4292 4397/4397 4262/4262
f 4473/4473 4523/4523 4585/4585
f 4274/4274 4385/4385 4273/4273
f 4273/4273 4385/4385 4275/4275
f 4275/4275 4392/4392 4276/4276
f 4392/4392 4286/4286 4276/4276
f 4285/4285 4387/4387 4250/4250
f 4249/4249 4387/4387 4391/4391
f 4249/4249 4391/4391 4390/4390
f 4390/4390 4388/4388 4291/4291
f 4291/4291 4388/4388 4378/4378
f 4378/4378 4379/4379 4267/4267
f 4267/4267 4379/4379 4244/4244
f 4244/4244 4379/4379 4261/4261
f 4261/4261 4379/4379 4380/4380
f 4261/4261 4380/4380 4383/4383
f 4261/4261 4383/4383 4260/4260
f 4260/4260 4383/4383 4382/4382
f 4260/4260 4382/4382 4259/4259
f 4259/4259 4382/4382 4381/4381
f 4259/4259 4381/4381 4258/4258
f 4381/4381 4376/4376 4258/4258
f 4258/4258 4376/4376 4256/4256
f 4376/4376 4375/4375 4256/4256
f 4256/4256 4375/4375 4257/4257
f 4395/4395 4427/4427 4396/4396
f 4396/4396 4427/4427 4454/4454
f 3144/3144 3220/3220 3150/3150
f 3324/3324 3562/3562 3361/3361
f 5253/5253 5100/5100 5092/5092
f 2132/2132 2130/2130 1856/1856
f 5590/5590 5576/5576 5573/5573
f 5576/5576 5569/5569 5573/5573
f 5569/5569 5572/5572 5573/5573
f 5569/5569 5567/5567 5568/5568
f 5569/5569 5568/5568 5572/5572
f 5567/5567 5566/5566 5568/5568
f 5566/5566 5571/5571 5568/5568
f 5566/5566 5560/5560 5578/5578
f 5566/5566 5578/5578 5571/5571
f 5560/5560 5581/5581 5578/5578
f 5581/5581 5579/5579 5578/5578
f 5581/5581 5584/5584 5579/5579
f 5581/5581 5593/5593 5584/5584
f 5593/5593 5592/5592 5584/5584
f 1695/1695 1639/1639 1689/1689
f 5593/5593 5597/5597 5592/5592
f 1695/1695 1689/1689 1726/1726
f 5593/5593 5613/5613 5597/5597
f 5613/5613 5614/5614 5597/5597
f 1726/1726 1725/1725 1870/1870
f 5613/5613 5631/5631 5614/5614
f 1907/1907 2107/2107 2108/2108
f 2243/2243 2107/2107 2240/2240
f 2107/2107 2117/2117 2240/2240
f 2240/2240 2241/2241 2295/2295
f 4655/4655 4656/4656 4597/4597
f 4597/4597 4630/4630 4594/4594
f 4570/4570 4526/4526 4472/4472
f 4471/4471 4492/4492 4417/4417
f 4492/4492 4474/4474 4417/4417
f 5330/5330 5381/5381 5329/5329
f 4474/4474 4428/4428 4373/4373
f 4373/4373 4428/4428 4292/4292
f 4428/4428 4397/4397 4292/4292
f 4523/4523 4611/4611 4637/4637
f 4523/4523 4637/4637 4585/4585
f 4397/4397 4398/4398 4262/4262
f 4262/4262 4398/4398 4274/4274
f 4274/4274 4398/4398 4385/4385
f 4427/4427 4491/4491 4454/4454
f 4454/4454 4491/4491 4523/4523
f 4454/4454 4523/4523 4473/4473
f 4392/4392 4394/4394 4286/4286
f 4286/4286 4394/4394 4393/4393
f 4286/4286 4393/4393 4285/4285
f 4285/4285 4393/4393 4387/4387
f 4388/4388 4389/4389 4378/4378
f 4378/4378 4389/4389 4379/4379
f 4375/4375 4377/4377 4257/4257
f 4257/4257 4377/4377 4296/4296
f 4377/4377 4416/4416 4296/4296
f 4296/4296 4416/4416 4395/4395
f 4395/4395 4416/4416 4427/4427
f 3250/3250 3367/3367 3301/3301
f 2235/2235 2133/2133 2131/2131
f 5573/5573 5572/5572 5606/5606
f 5572/5572 5605/5605 5606/5606
f 5572/5572 5571/5571 5580/5580
f 5572/5572 5580/5580 5605/5605
f 5571/5571 5579/5579 5580/5580
f 5579/5579 5586/5586 5580/5580
f 5592/5592 5611/5611 5586/5586
f 1638/1638 1688/1688 1689/1689
f 5592/5592 5597/5597 5611/5611
f 1870/1870 1725/1725 1796/1796
f 1897/1897 2110/2110 2107/2107
f 2240/2240 2137/2137 2241/2241
f 2241/2241 2242/2242 2314/2314
f 4594/4594 4630/4630 4604/4604
f 5186/5186 5123/5123 5103/5103
f 4472/4472 4526/4526 4471/4471
f 4471/4471 4526/4526 4492/4492
f 4492/4492 4493/4493 4474/4474
f 4493/4493 4510/4510 4474/4474
f 4474/4474 4490/4490 4428/4428
f 4611/4611 4649/4649 4637/4637
f 4637/4637 4649/4649 4810/4810
f 4428/4428 4490/4490 4397/4397
f 4397/4397 4488/4488 4398/4398
f 4491/4491 4574/4574 4523/4523
f 4523/4523 4574/4574 4611/4611
f 4398/4398 4429/4429 4385/4385
f 4385/4385 4429/4429 4392/4392
f 4429/4429 4430/4430 4392/4392
f 4430/4430 4460/4460 4394/4394
f 4392/4392 4430/4430 4394/4394
f 4460/4460 4459/4459 4394/4394
f 4394/4394 4459/4459 4393/4393
f 4393/4393 4459/4459 4387/4387
f 4387/4387 4459/4459 4458/4458
f 4387/4387 4458/4458 4391/4391
f 4391/4391 4458/4458 4390/4390
f 4390/4390 4458/4458 4452/4452
f 4390/4390 4452/4452 4388/4388
f 4388/4388 4452/4452 4453/4453
f 4388/4388 4453/4453 4389/4389
f 4389/4389 4453/4453 4451/4451
f 4451/4451 4450/4450 4379/4379
f 4379/4379 4450/4450 4449/4449
f 4379/4379 4449/4449 4380/4380
f 4449/4449 4466/4466 4383/4383
f 4466/4466 4439/4439 4383/4383
f 4383/4383 4439/4439 4382/4382
f 4382/4382 4439/4439 4438/4438
f 4438/4438 4437/4437 4382/4382
f 4382/4382 4437/4437 4381/4381
f 4381/4381 4437/4437 4436/4436
f 4436/4436 4433/4433 4376/4376
f 4381/4381 4436/4436 4376/4376
f 4433/4433 4432/4432 4376/4376
f 4375/4375 4432/4432 4434/4434
f 4375/4375 4434/4434 4377/4377
f 4434/4434 4435/4435 4416/4416
f 4377/4377 4434/4434 4416/4416
f 4416/4416 4435/4435 4475/4475
f 4416/4416 4475/4475 4427/4427
f 4427/4427 4475/4475 4491/4491
f 3561/3561 3600/3600 3562/3562
f 2336/2336 2325/2325 2338/2338
f 2131/2131 2133/2133 2013/2013
f 5064/5064 5189/5189 5047/5047
f 1638/1638 1687/1687 1688/1688
f 5194/5194 5090/5090 5045/5045
f 1688/1688 1687/1687 1704/1704
f 2137/2137 2083/2083 2242/2242
f 4651/4651 4652/4652 4604/4604
f 4526/4526 4493/4493 4492/4492
f 5329/5329 5376/5376 5322/5322
f 5329/5329 5322/5322 5274/5274
f 4474/4474 4510/4510 4490/4490
f 4649/4649 4835/4835 4851/4851
f 4649/4649 4851/4851 4810/4810
f 4490/4490 4514/4514 4397/4397
f 4397/4397 4514/4514 4488/4488
f 4574/4574 4599/4599 4649/4649
f 4574/4574 4649/4649 4611/4611
f 4480/4480 4486/4486 4429/4429
f 4429/4429 4486/4486 4487/4487
f 4429/4429 4487/4487 4430/4430
f 4430/4430 4487/4487 4485/4485
f 4485/4485 4459/4459 4460/4460
f 4459/4459 4501/4501 4458/4458
f 4458/4458 4502/4502 4452/4452
f 4452/4452 4502/4502 4499/4499
f 4452/4452 4499/4499 4498/4498
f 4452/4452 4498/4498 4453/4453
f 4453/4453 4498/4498 4451/4451
f 4498/4498 4497/4497 4451/4451
f 4451/4451 4497/4497 4450/4450
f 4497/4497 4496/4496 4450/4450
f 4450/4450 4496/4496 4449/4449
f 4466/4466 4515/4515 4439/4439
f 4439/4439 4484/4484 4438/4438
f 4438/4438 4484/4484 4437/4437
f 4436/4436 4437/4437 4483/4483
f 4436/4436 4483/4483 4433/4433
f 4483/4483 4482/4482 4433/4433
f 4433/4433 4481/4481 4432/4432
f 4435/4435 4550/4550 4475/4475
f 4475/4475 4550/4550 4574/4574
f 4475/4475 4574/4574 4491/4491
f 2334/2334 2333/2333 2335/2335
f 2133/2133 1940/1940 2012/2012
f 1687/1687 1683/1683 1700/1700
f 2137/2137 2072/2072 2083/2083
f 2083/2083 2239/2239 2242/2242
f 5186/5186 5122/5122 5123/5123
f 4652/4652 4665/4665 4603/4603
f 4604/4604 4652/4652 4603/4603
f 4556/4556 4605/4605 4510/4510
f 4493/4493 4556/4556 4510/4510
f 4510/4510 4525/4525 4490/4490
f 4525/4525 4514/4514 4490/4490
f 4599/4599 4803/4803 4649/4649
f 4649/4649 4803/4803 4835/4835
f 4514/4514 4504/4504 4488/4488
f 4488/4488 4504/4504 4480/4480
f 4504/4504 4505/4505 4480/4480
f 4480/4480 4505/4505 4486/4486
f 4498/4498 4536/4536 4497/4497
f 4536/4536 4538/4538 4497/4497
f 4497/4497 4538/4538 4496/4496
f 4496/4496 4535/4535 4466/4466
f 4466/4466 4535/4535 4515/4515
f 4484/4484 4552/4552 4483/4483
f 4550/4550 4599/4599 4574/4574
f 4485/4485 4500/4500 4459/4459
f 4500/4500 4501/4501 4459/4459
f 4433/4433 4482/4482 4481/4481
f 4432/4432 4481/4481 4434/4434
f 4481/4481 4495/4495 4434/4434
f 4434/4434 4495/4495 4435/4435
f 4435/4435 4495/4495 4550/4550
f 1742/1742 1699/1699 1743/1743
f 1896/1896 1844/1844 1900/1900
f 5186/5186 5141/5141 5122/5122
f 4652/4652 4685/4685 4665/4665
f 4685/4685 4684/4684 4665/4665
f 4556/4556 4667/4667 4605/4605
f 4835/4835 4862/4862 4864/4864
f 4525/4525 4573/4573 4514/4514
f 4514/4514 4560/4560 4504/4504
f 4504/4504 4560/4560 4505/4505
f 4550/4550 4631/4631 4599/4599
f 4505/4505 4509/4509 4486/4486
f 4486/4486 4509/4509 4487/4487
f 4509/4509 4508/4508 4487/4487
f 4487/4487 4508/4508 4485/4485
f 4508/4508 4507/4507 4485/4485
f 4485/4485 4507/4507 4500/4500
f 4501/4501 4507/4507 4506/4506
f 4501/4501 4506/4506 4502/4502
f 4502/4502 4537/4537 4499/4499
f 4499/4499 4537/4537 4498/4498
f 4498/4498 4537/4537 4536/4536
f 4538/4538 4539/4539 4496/4496
f 4496/4496 4539/4539 4535/4535
f 4535/4535 4555/4555 4515/4515
f 4555/4555 4554/4554 4515/4515
f 4515/4515 4554/4554 4484/4484
f 4554/4554 4552/4552 4484/4484
f 4552/4552 4553/4553 4483/4483
f 4483/4483 4553/4553 4551/4551
f 4483/4483 4551/4551 4482/4482
f 4482/4482 4551/4551 4481/4481
f 4551/4551 4546/4546 4481/4481
f 4546/4546 4545/4545 4481/4481
f 4481/4481 4545/4545 4495/4495
f 4495/4495 4545/4545 4586/4586
f 4495/4495 4586/4586 4550/4550
f 2428/2428 2383/2383 2368/2368
f 1743/1743 1699/1699 1720/1720
f 2072/2072 2071/2071 2083/2083
f 2269/2269 2121/2121 2246/2246
f 4665/4665 4684/4684 4666/4666
f 4606/4606 4664/4664 4573/4573
f 4587/4587 4622/4622 4560/4560
f 4631/4631 4632/4632 4599/4599
f 4599/4599 4632/4632 4803/4803
f 4560/4560 4571/4571 4505/4505
f 4571/4571 4584/4584 4509/4509
f 4509/4509 4584/4584 4583/4583
f 4509/4509 4583/4583 4508/4508
f 4508/4508 4583/4583 4582/4582
f 4582/4582 4581/4581 4508/4508
f 4508/4508 4581/4581 4507/4507
f 4581/4581 4580/4580 4507/4507
f 4507/4507 4580/4580 4506/4506
f 4506/4506 4580/4580 4576/4576
f 4506/4506 4576/4576 4502/4502
f 4576/4576 4577/4577 4537/4537
f 4502/4502 4576/4576 4537/4537
f 4537/4537 4577/4577 4536/4536
f 4536/4536 4577/4577 4579/4579
f 4536/4536 4579/4579 4578/4578
f 4536/4536 4578/4578 4538/4538
f 4554/4554 4555/4555 4592/4592
f 4554/4554 4592/4592 4591/4591
f 4554/4554 4591/4591 4552/4552
f 4552/4552 4591/4591 4553/4553
f 4553/4553 4593/4593 4590/4590
f 4551/4551 4589/4589 4546/4546
f 2429/2429 2377/2377 2384/2384
f 1684/1684 1530/1530 1685/1685
f 2083/2083 2071/2071 2082/2082
f 2121/2121 2091/2091 2246/2246
f 2301/2301 2213/2213 2311/2311
f 2213/2213 2111/2111 2310/2310
f 4587/4587 4675/4675 4622/4622
f 4632/4632 4855/4855 4803/4803
f 4571/4571 4621/4621 4584/4584
f 4583/4583 4609/4609 4582/4582
f 4582/4582 4609/4609 4581/4581
f 4581/4581 4609/4609 4610/4610
f 4581/4581 4610/4610 4580/4580
f 4580/4580 4640/4640 4608/4608
f 4580/4580 4608/4608 4576/4576
f 4576/4576 4608/4608 4607/4607
f 4576/4576 4607/4607 4577/4577
f 4577/4577 4607/4607 4579/4579
f 4601/4601 4602/4602 4539/4539
f 4539/4539 4602/4602 4596/4596
f 4596/4596 4592/4592 4555/4555
f 4589/4589 4620/4620 4546/4546
f 4546/4546 4620/4620 4545/4545
f 4545/4545 4620/4620 4635/4635
f 4545/4545 4635/4635 4586/4586
f 4586/4586 4635/4635 4631/4631
f 1746/1746 1747/1747 1899/1899
f 2071/2071 1877/1877 2081/2081
f 5272/5272 5320/5320 5249/5249
f 4664/4664 4675/4675 4587/4587
f 4640/4640 4641/4641 4658/4658
f 4658/4658 4645/4645 4607/4607
f 2292/2292 2293/2293 2313/2313
f 4644/4644 4669/4669 4602/4602
f 4669/4669 4671/4671 4602/4602
f 4602/4602 4671/4671 4596/4596
f 4596/4596 4670/4670 4627/4627
f 4627/4627 4642/4642 4593/4593
f 4638/4638 4663/4663 4589/4589
f 4663/4663 4662/4662 4589/4589
f 4589/4589 4662/4662 4620/4620
f 4620/4620 4678/4678 4635/4635
f 2319/2319 2275/2275 2287/2287
f 2319/2319 2287/2287 2296/2296
f 4806/4806 4811/4811 4631/4631
f 4631/4631 4811/4811 4632/4632
f 1851/1851 1833/1833 1791/1791
f 2452/2452 2273/2273 2318/2318
f 2452/2452 2318/2318 2468/2468
f 2148/2148 2079/2079 2286/2286
f 2286/2286 2079/2079 2274/2274
f 2308/2308 2274/2274 2231/2231
f 2308/2308 2231/2231 2307/2307
f 2307/2307 2231/2231 2257/2257
f 2290/2290 2264/2264 2291/2291
f 2315/2315 2282/2282 2280/2280
f 2277/2277 2092/2092 2276/2276
f 1541/1541 1523/1523 1529/1529
f 1696/1696 1717/1717 1718/1718
f 2318/2318 2279/2279 2323/2323
f 2080/2080 2078/2078 2111/2111
f 2078/2078 2069/2069 2079/2079
f 2259/2259 2244/2244 2290/2290
f 2261/2261 2266/2266 2285/2285
f 2266/2266 2265/2265 2283/2283
f 2284/2284 2266/2266 2283/2283
f 2283/2283 2265/2265 2281/2281
f 2265/2265 2100/2100 2281/2281
f 2281/2281 2100/2100 2282/2282
f 2282/2282 2100/2100 2280/2280
f 2276/2276 2092/2092 2085/2085
f 1627/1627 1628/1628 1584/1584
f 1524/1524 1501/1501 1696/1696
f 1738/1738 1525/1525 1727/1727
f 2080/2080 1889/1889 2078/2078
f 2244/2244 2116/2116 2094/2094
f 2244/2244 2094/2094 2095/2095
f 2096/2096 2105/2105 2264/2264
f 2264/2264 2105/2105 2106/2106
f 2103/2103 2102/2102 2256/2256
f 1808/1808 1788/1788 1694/1694
f 1497/1497 1311/1311 1458/1458
f 2069/2069 1864/1864 1895/1895
f 2087/2087 1901/1901 2086/2086
f 1885/1885 2076/2076 2067/2067
f 2074/2074 2073/2073 2100/2100
f 1788/1788 1734/1734 1693/1693
f 1693/1693 1605/1605 1694/1694
f 1457/1457 1455/1455 1495/1495
f 1477/1477 1459/1459 1527/1527
f 1477/1477 1527/1527 1528/1528
f 1526/1526 1518/1518 1847/1847
f 1881/1881 1882/1882 2095/2095
f 1765/1765 1712/1712 1733/1733
f 1474/1474 1454/1454 1459/1459
f 1910/1910 2059/2059 2203/2203
f 1869/1869 1842/1842 2060/2060
f 1428/1428 1394/1394 1432/1432
f 1432/1432 1394/1394 1433/1433
f 1435/1435 1433/1433 1395/1395
f 1437/1437 1396/1396 1438/1438
f 1438/1438 1396/1396 1439/1439
f 1380/1380 1369/1369 1379/1379
f 1369/1369 1371/1371 1379/1379
f 1371/1371 1350/1350 1379/1379
f 1350/1350 1351/1351 1378/1378
f 1378/1378 1351/1351 1381/1381
f 47/47 48/48 93/93
f 93/93 48/48 96/96
f 48/48 50/50 96/96
f 96/96 92/92 89/89
f 89/89 92/92 52/52
f 52/52 81/81 89/89
f 148/148 149/149 170/170
f 137/137 138/138 155/155
f 131/131 130/130 194/194
f 610/610 196/196 229/229
f 173/173 172/172 176/176
f 206/206 26/26 173/173
f 728/728 764/764 905/905
f 902/902 793/793 748/748
f 748/748 590/590 819/819
f 607/607 198/198 608/608
f 232/232 206/206 225/225
f 227/227 204/204 206/206
f 1038/1038 934/934 955/955
f 955/955 1078/1078 1128/1128
f 1078/1078 1127/1127 1222/1222
f 1251/1251 1127/1127 1106/1106
f 645/645 729/729 807/807
f 808/808 739/739 740/740
f 740/740 741/741 809/809
f 788/788 737/737 738/738
f 800/800 730/730 801/801
f 1004/1004 1038/1038 1108/1108
f 1228/1228 1038/1038 1128/1128
f 5307/5307 5369/5369 5302/5302
f 5303/5303 5306/5306 5171/5171
f 5171/5171 5306/5306 5310/5310
f 5183/5183 5310/5310 5313/5313
f 928/928 808/808 811/811
f 800/800 801/801 923/923
f 918/918 749/749 784/784
f 952/952 1004/1004 1044/1044
f 1044/1044 1004/1004 1108/1108
f 5307/5307 5302/5302 5181/5181
f 5181/5181 5302/5302 5182/5182
f 5302/5302 5303/5303 5182/5182
f 5182/5182 5303/5303 5171/5171
f 5171/5171 5310/5310 5183/5183
f 5183/5183 5313/5313 5173/5173
f 5173/5173 5313/5313 5314/5314
f 5314/5314 5356/5356 5357/5357
f 5314/5314 5357/5357 5305/5305
f 957/957 912/912 1145/1145
f 1001/1001 923/923 920/920
f 1019/1019 917/917 918/918
f 918/918 919/919 1024/1024
f 781/781 646/646 746/746
f 1105/1105 1041/1041 1044/1044
f 1269/1269 1185/1185 1228/1228
f 5287/5287 5372/5372 5275/5275
f 5275/5275 5307/5307 5181/5181
f 5181/5181 5182/5182 5043/5043
f 5131/5131 5181/5181 5043/5043
f 5182/5182 5171/5171 5043/5043
f 5043/5043 5171/5171 5056/5056
f 5056/5056 5171/5171 5183/5183
f 5056/5056 5183/5183 5095/5095
f 5095/5095 5183/5183 5173/5173
f 5173/5173 5314/5314 5179/5179
f 5179/5179 5314/5314 5305/5305
f 5305/5305 5357/5357 5363/5363
f 1052/1052 930/930 931/931
f 1052/1052 931/931 991/991
f 990/990 989/989 1055/1055
f 1054/1054 989/989 988/988
f 1046/1046 988/988 938/938
f 1046/1046 938/938 1045/1045
f 1045/1045 938/938 997/997
f 1050/1050 1002/1002 1001/1001
f 1020/1020 1019/1019 1039/1039
f 906/906 792/792 930/930
f 816/816 746/746 814/814
f 5285/5285 5367/5367 5287/5287
f 726/726 429/429 498/498
f 5287/5287 5275/5275 5138/5138
f 5138/5138 5275/5275 5150/5150
f 479/479 414/414 428/428
f 5275/5275 5181/5181 5150/5150
f 5150/5150 5131/5131 5051/5051
f 5051/5051 5131/5131 4973/4973
f 5131/5131 5043/5043 4973/4973
f 4973/4973 5043/5043 4940/4940
f 5043/5043 5056/5056 4940/4940
f 4940/4940 5056/5056 4939/4939
f 4939/4939 5056/5056 5095/5095
f 4939/4939 5095/5095 5030/5030
f 5030/5030 5095/5095 5173/5173
f 5030/5030 5173/5173 5052/5052
f 5052/5052 5173/5173 5179/5179
f 5179/5179 5305/5305 5304/5304
f 5179/5179 5304/5304 5168/5168
f 5304/5304 5363/5363 5368/5368
f 991/991 990/990 1079/1079
f 1072/1072 1045/1045 997/997
f 1050/1050 1001/1001 1068/1068
f 1068/1068 1001/1001 1020/1020
f 1069/1069 1020/1020 1039/1039
f 1069/1069 1039/1039 1070/1070
f 1081/1081 1039/1039 1025/1025
f 1081/1081 1025/1025 1082/1082
f 1025/1025 1024/1024 1083/1083
f 1084/1084 1024/1024 1027/1027
f 1027/1027 1022/1022 1028/1028
f 1022/1022 1018/1018 1028/1028
f 1051/1051 1018/1018 1021/1021
f 1076/1076 1021/1021 1036/1036
f 1056/1056 984/984 1030/1030
f 1110/1110 1102/1102 1267/1267
f 1267/1267 1102/1102 1163/1163
f 5285/5285 5287/5287 5151/5151
f 624/624 480/480 726/726
f 5151/5151 5287/5287 5138/5138
f 5138/5138 5150/5150 5116/5116
f 5116/5116 5150/5150 5025/5025
f 5150/5150 5051/5051 5025/5025
f 5025/5025 5051/5051 4929/4929
f 4929/4929 5051/5051 4973/4973
f 4929/4929 4973/4973 4931/4931
f 4973/4973 4940/4940 4931/4931
f 4931/4931 4940/4940 4939/4939
f 4931/4931 4939/4939 4934/4934
f 4939/4939 5030/5030 4937/4937
f 4934/4934 4939/4939 4937/4937
f 5030/5030 5052/5052 4937/4937
f 5052/5052 5179/5179 5168/5168
f 5168/5168 5304/5304 5176/5176
f 5176/5176 5304/5304 5312/5312
f 5312/5312 5368/5368 5352/5352
f 1055/1055 1054/1054 1087/1087
f 1262/1262 1110/1110 1267/1267
f 1040/1040 780/780 817/817
f 5387/5387 5388/5388 5365/5365
f 5354/5354 5387/5387 5365/5365
f 5246/5246 5285/5285 5142/5142
f 5285/5285 5151/5151 5142/5142
f 747/747 624/624 726/726
f 5151/5151 5138/5138 5061/5061
f 5138/5138 5116/5116 4927/4927
f 5061/5061 5138/5138 4927/4927
f 4927/4927 5116/5116 5025/5025
f 4927/4927 5025/5025 4929/4929
f 4929/4929 4931/4931 4930/4930
f 4930/4930 4931/4931 4932/4932
f 4931/4931 4934/4934 4933/4933
f 4934/4934 4937/4937 4936/4936
f 4936/4936 4937/4937 4938/4938
f 4937/4937 5052/5052 4938/4938
f 4938/4938 5052/5052 4964/4964
f 4964/4964 5052/5052 5168/5168
f 4964/4964 5168/5168 5040/5040
f 5040/5040 5168/5168 5176/5176
f 5176/5176 5312/5312 5178/5178
f 5309/5309 5312/5312 5352/5352
f 1087/1087 1054/1054 1086/1086
f 1088/1088 1071/1071 1089/1089
f 1073/1073 1091/1091 1090/1090
f 1121/1121 1028/1028 1120/1120
f 1120/1120 1028/1028 1116/1116
f 1116/1116 1029/1029 1051/1051
f 3512/3512 3533/3533 3532/3532
f 1077/1077 1030/1030 1097/1097
f 1125/1125 1096/1096 1262/1262
f 1040/1040 817/817 1074/1074
f 5354/5354 5365/5365 5246/5246
f 948/948 787/787 914/914
f 751/751 747/747 787/787
f 5142/5142 5151/5151 5007/5007
f 5151/5151 5061/5061 5007/5007
f 622/622 624/624 747/747
f 5007/5007 5061/5061 4925/4925
f 4925/4925 5061/5061 4927/4927
f 4927/4927 4929/4929 4926/4926
f 4925/4925 4927/4927 4926/4926
f 4926/4926 4929/4929 4930/4930
f 4932/4932 4931/4931 4933/4933
f 4933/4933 4934/4934 4936/4936
f 5040/5040 5176/5176 5039/5039
f 4964/4964 5040/5040 5039/5039
f 5039/5039 5176/5176 5178/5178
f 5178/5178 5312/5312 5309/5309
f 5178/5178 5309/5309 5155/5155
f 5155/5155 5309/5309 5300/5300
f 5309/5309 5352/5352 5342/5342
f 5342/5342 5382/5382 5386/5386
f 1273/1273 1244/1244 1265/1265
f 1273/1273 1265/1265 1280/1280
f 3481/3481 3482/3482 3434/3434
f 3482/3482 3505/3505 3434/3434
f 3434/3434 3505/3505 3452/3452
f 3452/3452 3505/3505 3497/3497
f 3497/3497 3504/3504 3451/3451
f 3451/3451 3504/3504 3450/3450
f 3450/3450 3504/3504 3503/3503
f 3450/3450 3503/3503 3498/3498
f 3450/3450 3498/3498 3449/3449
f 3449/3449 3498/3498 3441/3441
f 3498/3498 3499/3499 3441/3441
f 3441/3441 3499/3499 3500/3500
f 3441/3441 3500/3500 3442/3442
f 3442/3442 3500/3500 3444/3444
f 3444/3444 3500/3500 3501/3501
f 3444/3444 3501/3501 3446/3446
f 3501/3501 3502/3502 3446/3446
f 3446/3446 3502/3502 3447/3447
f 3447/3447 3507/3507 3453/3453
f 3453/3453 3507/3507 3457/3457
f 3456/3456 3508/3508 3455/3455
f 3508/3508 3509/3509 3455/3455
f 3487/3487 3512/3512 3473/3473
f 3473/3473 3512/3512 3483/3483
f 3512/3512 3532/3532 3483/3483
f 3483/3483 3532/3532 3474/3474
f 3474/3474 3532/3532 3614/3614
f 3474/3474 3614/3614 3510/3510
f 3510/3510 3614/3614 3619/3619
f 3495/3495 3529/3529 3459/3459
f 3459/3459 3529/3529 3481/3481
f 3631/3631 3645/3645 3630/3630
f 1074/1074 817/817 1066/1066
f 5389/5389 5387/5387 5354/5354
f 5389/5389 5354/5354 5355/5355
f 5245/5245 5354/5354 5246/5246
f 5245/5245 5246/5246 5149/5149
f 1017/1017 948/948 1009/1009
f 5246/5246 5142/5142 5149/5149
f 5149/5149 5142/5142 5065/5065
f 5065/5065 5142/5142 5007/5007
f 4926/4926 4930/4930 4932/4932
f 4936/4936 4938/4938 4964/4964
f 4936/4936 4964/4964 4942/4942
f 4964/4964 5039/5039 4965/4965
f 4942/4942 4964/4964 4965/4965
f 5039/5039 5178/5178 5155/5155
f 5341/5341 5342/5342 5380/5380
f 1281/1281 1279/1279 1273/1273
f 3281/3281 3433/3433 3434/3434
f 3281/3281 3434/3434 3396/3396
f 3434/3434 3452/3452 3396/3396
f 3397/3397 3452/3452 3451/3451
f 3397/3397 3451/3451 3398/3398
f 3398/3398 3451/3451 3450/3450
f 3398/3398 3450/3450 3257/3257
f 3257/3257 3450/3450 3449/3449
f 3440/3440 3441/3441 3442/3442
f 3443/3443 3442/3442 3444/3444
f 3443/3443 3444/3444 3445/3445
f 3445/3445 3444/3444 3446/3446
f 3445/3445 3446/3446 3447/3447
f 3453/3453 3457/3457 3430/3430
f 3430/3430 3457/3457 3456/3456
f 3430/3430 3456/3456 3431/3431
f 3431/3431 3456/3456 3455/3455
f 3425/3425 3473/3473 3426/3426
f 3473/3473 3483/3483 3427/3427
f 3426/3426 3473/3473 3427/3427
f 3427/3427 3483/3483 3474/3474
f 3466/3466 3474/3474 3510/3510
f 3410/3410 3459/3459 3409/3409
f 3409/3409 3459/3459 3433/3433
f 3459/3459 3481/3481 3433/3433
f 3510/3510 3619/3619 3554/3554
f 3554/3554 3619/3619 3631/3631
f 5355/5355 5354/5354 5245/5245
f 1016/1016 948/948 1017/1017
f 949/949 948/948 1016/1016
f 5149/5149 5065/5065 5023/5023
f 5058/5058 5149/5149 5023/5023
f 5023/5023 5065/5065 4924/4924
f 4924/4924 5065/5065 5007/5007
f 4924/4924 5007/5007 4925/4925
f 4924/4924 4925/4925 4923/4923
f 4923/4923 4925/4925 4926/4926
f 4923/4923 4926/4926 4979/4979
f 4979/4979 4926/4926 4980/4980
f 4980/4980 4926/4926 4981/4981
f 4981/4981 4926/4926 4932/4932
f 4981/4981 4932/4932 4998/4998
f 4932/4932 4933/4933 4998/4998
f 4998/4998 4933/4933 4997/4997
f 4997/4997 4933/4933 4935/4935
f 4935/4935 4933/4933 4936/4936
f 4942/4942 4965/4965 4945/4945
f 4965/4965 5039/5039 4945/4945
f 4945/4945 5039/5039 5038/5038
f 5038/5038 5039/5039 5155/5155
f 5038/5038 5155/5155 5154/5154
f 5154/5154 5155/5155 5300/5300
f 5154/5154 5300/5300 5295/5295
f 1281/1281 1273/1273 1280/1280
f 3397/3397 3398/3398 3258/3258
f 3257/3257 3449/3449 3256/3256
f 3449/3449 3448/3448 3255/3255
f 3448/3448 3440/3440 3253/3253
f 3254/3254 3440/3440 3443/3443
f 3254/3254 3443/3443 3280/3280
f 3268/3268 3425/3425 3270/3270
f 3270/3270 3425/3425 3426/3426
f 3426/3426 3427/3427 3287/3287
f 3270/3270 3426/3426 3287/3287
f 3287/3287 3427/3427 3293/3293
f 3409/3409 3433/3433 3246/3246
f 3246/3246 3433/3433 3281/3281
f 3396/3396 3452/3452 3397/3397
f 3431/3431 3455/3455 3432/3432
f 3466/3466 3510/3510 3477/3477
f 3477/3477 3510/3510 3554/3554
f 3428/3428 3410/3410 3291/3291
f 3291/3291 3410/3410 3409/3409
f 3554/3554 3631/3631 3630/3630
f 3554/3554 3630/3630 3616/3616
f 3616/3616 3630/3630 3633/3633
f 3480/3480 3494/3494 3428/3428
f 3454/3454 3480/3480 3428/3428
f 3630/3630 3645/3645 3644/3644
f 3633/3633 3630/3630 3644/3644
f 3644/3644 3645/3645 3646/3646
f 3458/3458 3522/3522 3480/3480
f 3543/3543 3522/3522 3521/3521
f 5262/5262 5355/5355 5245/5245
f 1017/1017 1009/1009 1107/1107
f 5245/5245 5149/5149 5133/5133
f 4922/4922 4924/4924 4923/4923
f 620/620 513/513 636/636
f 5075/5075 4981/4981 5072/5072
f 5072/5072 4981/4981 4998/4998
f 5072/5072 4998/4998 5071/5071
f 4998/4998 4997/4997 5071/5071
f 5071/5071 4997/4997 5020/5020
f 5020/5020 4997/4997 4935/4935
f 4935/4935 4936/4936 4941/4941
f 4941/4941 4936/4936 4942/4942
f 4941/4941 4942/4942 4943/4943
f 4945/4945 5038/5038 4947/4947
f 4947/4947 5038/5038 5154/5154
f 4947/4947 5154/5154 5084/5084
f 5084/5084 5154/5154 5152/5152
f 5154/5154 5295/5295 5294/5294
f 4867/4867 4870/4870 4868/4868
f 3246/3246 3281/3281 3163/3163
f 3281/3281 3396/3396 3197/3197
f 3396/3396 3397/3397 3197/3197
f 3197/3197 3397/3397 3252/3252
f 3252/3252 3397/3397 3258/3258
f 3258/3258 3398/3398 3257/3257
f 3256/3256 3449/3449 3255/3255
f 3255/3255 3448/3448 3253/3253
f 3253/3253 3440/3440 3254/3254
f 3280/3280 3443/3443 3445/3445
f 3280/3280 3445/3445 3279/3279
f 3279/3279 3445/3445 3439/3439
f 3279/3279 3439/3439 3278/3278
f 3278/3278 3439/3439 3453/3453
f 3278/3278 3453/3453 3430/3430
f 3278/3278 3430/3430 3277/3277
f 3277/3277 3430/3430 3431/3431
f 3431/3431 3432/3432 3277/3277
f 3277/3277 3432/3432 3269/3269
f 3269/3269 3432/3432 3425/3425
f 3269/3269 3425/3425 3268/3268
f 3293/3293 3466/3466 3423/3423
f 3423/3423 3466/3466 3477/3477
f 3423/3423 3477/3477 3422/3422
f 3291/3291 3409/3409 3245/3245
f 3245/3245 3409/3409 3246/3246
f 3477/3477 3554/3554 3514/3514
f 3514/3514 3554/3554 3616/3616
f 3616/3616 3633/3633 3632/3632
f 3454/3454 3428/3428 3294/3294
f 3633/3633 3644/3644 3643/3643
f 3458/3458 3480/3480 3454/3454
f 5366/5366 5355/5355 5262/5262
f 3540/3540 3543/3543 3521/3521
f 3486/3486 3540/3540 3521/3521
f 5262/5262 5245/5245 5132/5132
f 5132/5132 5245/5245 5133/5133
f 5133/5133 5058/5058 5029/5029
f 5058/5058 5023/5023 4922/4922
f 5029/5029 5058/5058 4922/4922
f 4922/4922 5023/5023 4924/4924
f 946/946 949/949 1015/1015
f 1012/1012 945/945 946/946
f 4921/4921 4922/4922 4923/4923
f 636/636 778/778 775/775
f 4974/4974 4923/4923 4975/4975
f 4975/4975 4923/4923 4979/4979
f 4975/4975 4979/4979 4980/4980
f 426/426 425/425 634/634
f 4980/4980 4981/4981 5074/5074
f 4981/4981 5075/5075 5074/5074
f 5074/5074 5075/5075 5188/5188
f 5191/5191 5075/5075 5072/5072
f 5188/5188 5075/5075 5191/5191
f 5814/5814 5824/5824 5743/5743
f 5743/5743 5824/5824 5744/5744
f 5192/5192 5191/5191 5072/5072
f 5744/5744 5824/5824 5825/5825
f 5192/5192 5072/5072 5071/5071
f 5744/5744 5825/5825 5817/5817
f 5187/5187 5192/5192 5071/5071
f 5071/5071 5020/5020 5088/5088
f 5020/5020 4935/4935 5018/5018
f 4943/4943 4942/4942 4945/4945
f 4943/4943 4945/4945 4947/4947
f 4947/4947 5084/5084 4948/4948
f 5152/5152 5154/5154 5294/5294
f 5294/5294 5341/5341 5351/5351
f 5294/5294 5351/5351 5298/5298
f 5351/5351 5380/5380 5385/5385
f 4814/4814 4794/4794 4716/4716
f 3163/3163 3197/3197 3057/3057
f 3197/3197 3252/3252 3058/3058
f 3058/3058 3252/3252 3059/3059
f 3252/3252 3258/3258 3059/3059
f 3258/3258 3257/3257 3060/3060
f 3059/3059 3258/3258 3060/3060
f 3060/3060 3257/3257 3062/3062
f 3257/3257 3256/3256 3062/3062
f 3062/3062 3256/3256 3061/3061
f 3061/3061 3256/3256 3255/3255
f 3061/3061 3255/3255 3186/3186
f 3255/3255 3253/3253 3186/3186
f 3186/3186 3253/3253 3254/3254
f 3186/3186 3254/3254 3182/3182
f 3182/3182 3254/3254 3185/3185
f 3185/3185 3254/3254 3280/3280
f 3185/3185 3280/3280 3184/3184
f 3280/3280 3279/3279 3184/3184
f 3184/3184 3279/3279 3278/3278
f 3184/3184 3278/3278 3183/3183
f 3183/3183 3278/3278 3277/3277
f 3183/3183 3277/3277 3152/3152
f 3152/3152 3277/3277 3269/3269
f 3152/3152 3269/3269 3153/3153
f 3269/3269 3268/3268 3153/3153
f 3153/3153 3268/3268 3151/3151
f 3268/3268 3270/3270 3180/3180
f 3151/3151 3268/3268 3180/3180
f 3180/3180 3270/3270 3287/3287
f 3180/3180 3287/3287 3181/3181
f 3181/3181 3287/3287 3293/3293
f 3181/3181 3293/3293 3243/3243
f 3243/3243 3293/3293 3423/3423
f 3243/3243 3423/3423 3422/3422
f 3243/3243 3422/3422 3193/3193
f 3245/3245 3246/3246 3163/3163
f 3422/3422 3514/3514 3475/3475
f 3195/3195 3291/3291 3245/3245
f 3514/3514 3616/3616 3524/3524
f 3524/3524 3616/3616 3632/3632
f 3294/3294 3428/3428 3271/3271
f 3271/3271 3428/3428 3291/3291
f 3415/3415 3454/3454 3294/3294
f 5371/5371 5366/5366 5263/5263
f 5263/5263 5366/5366 5262/5262
f 3486/3486 3521/3521 3458/3458
f 3535/3535 3541/3541 3486/3486
f 3542/3542 3541/3541 3535/3535
f 5133/5133 5029/5029 4972/4972
f 5132/5132 5133/5133 4972/4972
f 4972/4972 5029/5029 4922/4922
f 4921/4921 4923/4923 4974/4974
f 1011/1011 775/775 945/945
f 777/777 742/742 637/637
f 5077/5077 4975/4975 4980/4980
f 4980/4980 5074/5074 5076/5076
f 5077/5077 4980/4980 5076/5076
f 5076/5076 5074/5074 5196/5196
f 5074/5074 5188/5188 5196/5196
f 5776/5776 5814/5814 5742/5742
f 5814/5814 5743/5743 5742/5742
f 5743/5743 5744/5744 5740/5740
f 5744/5744 5817/5817 5768/5768
f 5206/5206 5187/5187 5205/5205
f 5088/5088 5187/5187 5071/5071
f 5205/5205 5187/5187 5088/5088
f 5205/5205 5088/5088 5087/5087
f 5087/5087 5088/5088 5020/5020
f 5087/5087 5020/5020 5018/5018
f 5018/5018 4935/4935 4941/4941
f 4943/4943 4947/4947 4946/4946
f 4948/4948 5084/5084 5152/5152
f 4948/4948 5152/5152 5080/5080
f 5152/5152 5294/5294 5172/5172
f 5172/5172 5294/5294 5298/5298
f 3061/3061 3186/3186 3048/3048
f 3049/3049 3061/3061 3048/3048
f 3048/3048 3186/3186 3182/3182
f 3048/3048 3182/3182 3005/3005
f 3182/3182 3185/3185 3054/3054
f 3005/3005 3182/3182 3054/3054
f 3185/3185 3184/3184 3054/3054
f 3054/3054 3184/3184 3053/3053
f 3053/3053 3184/3184 3154/3154
f 3184/3184 3183/3183 3154/3154
f 3154/3154 3183/3183 3152/3152
f 3151/3151 3180/3180 3008/3008
f 3180/3180 3181/3181 3009/3009
f 3008/3008 3180/3180 3009/3009
f 3009/3009 3181/3181 3050/3050
f 3050/3050 3181/3181 3243/3243
f 3050/3050 3243/3243 3160/3160
f 3044/3044 3163/3163 3057/3057
f 3057/3057 3197/3197 3058/3058
f 3193/3193 3422/3422 3288/3288
f 3288/3288 3422/3422 3475/3475
f 3195/3195 3245/3245 3055/3055
f 3055/3055 3245/3245 3163/3163
f 3475/3475 3514/3514 3524/3524
f 3271/3271 3291/3291 3156/3156
f 3156/3156 3291/3291 3195/3195
f 3247/3247 3294/3294 3271/3271
f 3632/3632 3643/3643 3640/3640
f 3248/3248 3415/3415 3247/3247
f 3415/3415 3294/3294 3247/3247
f 3249/3249 3458/3458 3248/3248
f 3411/3411 3486/3486 3249/3249
f 5262/5262 5132/5132 5109/5109
f 5263/5263 5262/5262 5109/5109
f 5109/5109 5132/5132 5055/5055
f 5055/5055 5132/5132 4972/4972
f 4919/4919 4972/4972 4922/4922
f 4919/4919 4922/4922 4921/4921
f 1012/1012 1014/1014 1114/1114
f 1049/1049 1011/1011 1012/1012
f 1006/1006 776/776 1013/1013
f 4975/4975 5077/5077 5078/5078
f 5198/5198 5077/5077 5197/5197
f 5077/5077 5076/5076 5197/5197
f 5076/5076 5196/5196 5197/5197
f 411/411 410/410 478/478
f 5800/5800 5776/5776 5738/5738
f 5730/5730 5776/5776 5742/5742
f 5730/5730 5742/5742 5727/5727
f 5726/5726 5727/5727 5742/5742
f 5743/5743 5726/5726 5742/5742
f 5726/5726 5743/5743 5740/5740
f 5765/5765 5740/5740 5744/5744
f 5765/5765 5744/5744 5768/5768
f 5779/5779 5765/5765 5768/5768
f 5787/5787 5779/5779 5768/5768
f 5779/5779 5787/5787 5784/5784
f 5784/5784 5787/5787 5794/5794
f 5224/5224 5205/5205 5087/5087
f 5224/5224 5087/5087 5223/5223
f 5223/5223 5087/5087 5115/5115
f 5115/5115 5087/5087 5018/5018
f 4941/4941 4943/4943 4944/4944
f 4946/4946 4947/4947 4948/4948
f 5080/5080 5152/5152 5000/5000
f 5000/5000 5152/5152 5172/5172
f 5298/5298 5351/5351 5345/5345
f 5345/5345 5351/5351 5377/5377
f 3010/3010 3044/3044 2995/2995
f 2995/2995 3044/3044 2978/2978
f 3044/3044 3057/3057 2978/2978
f 2978/2978 3057/3057 2983/2983
f 3057/3057 3058/3058 2983/2983
f 2983/2983 3058/3058 2982/2982
f 2982/2982 3058/3058 2985/2985
f 3058/3058 3059/3059 2985/2985
f 3059/3059 3060/3060 3017/3017
f 2985/2985 3059/3059 3017/3017
f 3017/3017 3060/3060 3062/3062
f 3062/3062 3061/3061 2986/2986
f 3017/3017 3062/3062 2986/2986
f 2986/2986 3061/3061 3049/3049
f 3006/3006 3053/3053 3154/3154
f 3006/3006 3154/3154 3000/3000
f 3000/3000 3154/3154 3152/3152
f 3000/3000 3152/3152 2997/2997
f 2997/2997 3152/3152 2998/2998
f 2998/2998 3152/3152 3153/3153
f 2998/2998 3153/3153 2999/2999
f 3153/3153 3151/3151 2999/2999
f 2999/2999 3151/3151 2977/2977
f 2977/2977 3151/3151 3008/3008
f 3055/3055 3163/3163 3010/3010
f 3010/3010 3163/3163 3044/3044
f 3288/3288 3475/3475 3392/3392
f 3392/3392 3475/3475 3491/3491
f 3156/3156 3195/3195 3003/3003
f 3475/3475 3524/3524 3491/3491
f 3199/3199 3271/3271 3156/3156
f 3491/3491 3524/3524 3632/3632
f 3491/3491 3632/3632 3640/3640
f 5364/5364 5371/5371 5263/5263
f 5250/5250 5263/5263 5109/5109
f 5055/5055 4972/4972 4918/4918
f 3462/3462 3537/3537 3463/3463
f 4918/4918 4972/4972 4919/4919
f 4919/4919 4921/4921 4920/4920
f 1049/1049 1012/1012 1190/1190
f 1013/1013 1011/1011 1048/1048
f 4921/4921 4974/4974 5022/5022
f 5022/5022 4974/4974 5078/5078
f 5078/5078 4974/4974 4975/4975
f 1007/1007 777/777 1006/1006
f 929/929 743/743 777/777
f 5198/5198 5197/5197 5216/5216
f 5758/5758 5800/5800 5747/5747
f 5738/5738 5747/5747 5800/5800
f 412/412 411/411 618/618
f 5747/5747 5738/5738 5734/5734
f 5734/5734 5738/5738 5730/5730
f 5729/5729 5734/5734 5730/5730
f 376/376 374/374 412/412
f 5728/5728 5729/5729 5727/5727
f 5724/5724 5728/5728 5727/5727
f 5729/5729 5730/5730 5727/5727
f 5724/5724 5727/5727 5726/5726
f 5725/5725 5724/5724 5726/5726
f 5725/5725 5726/5726 5740/5740
f 5741/5741 5725/5725 5740/5740
f 5763/5763 5741/5741 5740/5740
f 5763/5763 5740/5740 5765/5765
f 5778/5778 5763/5763 5765/5765
f 5778/5778 5765/5765 5779/5779
f 5778/5778 5779/5779 5784/5784
f 5809/5809 5784/5784 5794/5794
f 5224/5224 5223/5223 5233/5233
f 5809/5809 5794/5794 5815/5815
f 5233/5233 5223/5223 5115/5115
f 5233/5233 5115/5115 5113/5113
f 5115/5115 5018/5018 5113/5113
f 5113/5113 5018/5018 5019/5019
f 5019/5019 5018/5018 4941/4941
f 5019/5019 4941/4941 5017/5017
f 5017/5017 4941/4941 4944/4944
f 4944/4944 4943/4943 4946/4946
f 4944/4944 4946/4946 4950/4950
f 4946/4946 4948/4948 4949/4949
f 4948/4948 5080/5080 5000/5000
f 5000/5000 5172/5172 5125/5125
f 5125/5125 5172/5172 5298/5298
f 5125/5125 5298/5298 5270/5270
f 4858/4858 4809/4809 4791/4791
f 2985/2985 3017/3017 2984/2984
f 2984/2984 3017/3017 2986/2986
f 3049/3049 3048/3048 2979/2979
f 2986/2986 3049/3049 2979/2979
f 2979/2979 3048/3048 3005/3005
f 3004/3004 3005/3005 3054/3054
f 3054/3054 3053/3053 3004/3004
f 3004/3004 3053/3053 3006/3006
f 2974/2974 2999/2999 2977/2977
f 2977/2977 3008/3008 2906/2906
f 3008/3008 3009/3009 2963/2963
f 2906/2906 3008/3008 2963/2963
f 3009/3009 3050/3050 2963/2963
f 2963/2963 3050/3050 2980/2980
f 2980/2980 3050/3050 3160/3160
f 2980/2980 3160/3160 3193/3193
f 3193/3193 3288/3288 3194/3194
f 3194/3194 3288/3288 3392/3392
f 3003/3003 3055/3055 2976/2976
f 3022/3022 3156/3156 3002/3002
f 3002/3002 3156/3156 3003/3003
f 3023/3023 3199/3199 3022/3022
f 3491/3491 3640/3640 3636/3636
f 3247/3247 3199/3199 3023/3023
f 5358/5358 5364/5364 5250/5250
f 3192/3192 3249/3249 3164/3164
f 3249/3249 3248/3248 3164/3164
f 5128/5128 5250/5250 5109/5109
f 5128/5128 5109/5109 5031/5031
f 3413/3413 3463/3463 3411/3411
f 5109/5109 5055/5055 4918/4918
f 5031/5031 5109/5109 4918/4918
f 3462/3462 3463/3463 3413/3413
f 3526/3526 3536/3536 3462/3462
f 3525/3525 3526/3526 3429/3429
f 1189/1189 1049/1049 1190/1190
f 1189/1189 1048/1048 1049/1049
f 3520/3520 3544/3544 3545/3545
f 5108/5108 5022/5022 5078/5078
f 1007/1007 1006/1006 1047/1047
f 5078/5078 5198/5198 5207/5207
f 5108/5108 5078/5078 5207/5207
f 1003/1003 744/744 929/929
f 5198/5198 5216/5216 5207/5207
f 5796/5796 5758/5758 5757/5757
f 5758/5758 5747/5747 5757/5757
f 5746/5746 5757/5757 5747/5747
f 419/419 413/413 412/412
f 5731/5731 5746/5746 5734/5734
f 5746/5746 5747/5747 5734/5734
f 5731/5731 5734/5734 5729/5729
f 5720/5720 5731/5731 5728/5728
f 5735/5735 5731/5731 5720/5720
f 5720/5720 5728/5728 5724/5724
f 5716/5716 5720/5720 5724/5724
f 5716/5716 5724/5724 5710/5710
f 5710/5710 5724/5724 5725/5725
f 5709/5709 5710/5710 5725/5725
f 5709/5709 5725/5725 5741/5741
f 5764/5764 5709/5709 5741/5741
f 5764/5764 5741/5741 5763/5763
f 5770/5770 5764/5764 5763/5763
f 5780/5780 5770/5770 5763/5763
f 5780/5780 5763/5763 5778/5778
f 5770/5770 5780/5780 5785/5785
f 5785/5785 5780/5780 5778/5778
f 5785/5785 5778/5778 5784/5784
f 5807/5807 5785/5785 5784/5784
f 5807/5807 5784/5784 5808/5808
f 5808/5808 5784/5784 5809/5809
f 5808/5808 5809/5809 5818/5818
f 5818/5818 5809/5809 5815/5815
f 5818/5818 5815/5815 5839/5839
f 5258/5258 5233/5233 5113/5113
f 5258/5258 5113/5113 5259/5259
f 4950/4950 4946/4946 4949/4949
f 4949/4949 4948/4948 5000/5000
f 4949/4949 5000/5000 4959/4959
f 2995/2995 2978/2978 2732/2732
f 2732/2732 2978/2978 2746/2746
f 2978/2978 2983/2983 2746/2746
f 2983/2983 2982/2982 2746/2746
f 2746/2746 2982/2982 2745/2745
f 2745/2745 2982/2982 2744/2744
f 2982/2982 2985/2985 2744/2744
f 2744/2744 2985/2985 2743/2743
f 2743/2743 2985/2985 2984/2984
f 2743/2743 2984/2984 2742/2742
f 2742/2742 2984/2984 2741/2741
f 2741/2741 2984/2984 2986/2986
f 2741/2741 2986/2986 2740/2740
f 2740/2740 2986/2986 2979/2979
f 2753/2753 2979/2979 3005/3005
f 2753/2753 3005/3005 2751/2751
f 2751/2751 3005/3005 3004/3004
f 2751/2751 3004/3004 2752/2752
f 2752/2752 3004/3004 3006/3006
f 2752/2752 3006/3006 2735/2735
f 2735/2735 3006/3006 3000/3000
f 2735/2735 3000/3000 2736/2736
f 3000/3000 2997/2997 2737/2737
f 2736/2736 3000/3000 2737/2737
f 2737/2737 2997/2997 2738/2738
f 2997/2997 2998/2998 2738/2738
f 2998/2998 2999/2999 2739/2739
f 2738/2738 2998/2998 2739/2739
f 2739/2739 2999/2999 2974/2974
f 2974/2974 2977/2977 2728/2728
f 2728/2728 2977/2977 2906/2906
f 3018/3018 2980/2980 3193/3193
f 3018/3018 3193/3193 3194/3194
f 2976/2976 3010/3010 2907/2907
f 3010/3010 2995/2995 2907/2907
f 3002/3002 3003/3003 2976/2976
f 3392/3392 3491/3491 3438/3438
f 3438/3438 3491/3491 3621/3621
f 2915/2915 3022/3022 3002/3002
f 3621/3621 3491/3491 3636/3636
f 3191/3191 3411/3411 3192/3192
f 3413/3413 3411/3411 3191/3191
f 3412/3412 3462/3462 3413/3413
f 4918/4918 4919/4919 4917/4917
f 4917/4917 4919/4919 4920/4920
f 4920/4920 4921/4921 4993/4993
f 3464/3464 3520/3520 3525/3525
f 4993/4993 4921/4921 5022/5022
f 4993/4993 5022/5022 5106/5106
f 5022/5022 5108/5108 5106/5106
f 5106/5106 5108/5108 5208/5208
f 1064/1064 1007/1007 1047/1047
f 5208/5208 5108/5108 5215/5215
f 5108/5108 5207/5207 5215/5215
f 5798/5798 5796/5796 5759/5759
f 769/769 744/744 797/797
f 5759/5759 5796/5796 5757/5757
f 5756/5756 5759/5759 5757/5757
f 5797/5797 5759/5759 5756/5756
f 5745/5745 5756/5756 5746/5746
f 5756/5756 5757/5757 5746/5746
f 5735/5735 5745/5745 5731/5731
f 5731/5731 5745/5745 5746/5746
f 5719/5719 5735/5735 5720/5720
f 5715/5715 5719/5719 5716/5716
f 5719/5719 5720/5720 5716/5716
f 5715/5715 5716/5716 5710/5710
f 5708/5708 5715/5715 5710/5710
f 655/655 659/659 679/679
f 652/652 655/655 679/679
f 5708/5708 5710/5710 5709/5709
f 5707/5707 5708/5708 5709/5709
f 5766/5766 5707/5707 5709/5709
f 5766/5766 5709/5709 5764/5764
f 5769/5769 5766/5766 5764/5764
f 5769/5769 5764/5764 5770/5770
f 5788/5788 5769/5769 5770/5770
f 5788/5788 5770/5770 5785/5785
f 5806/5806 5788/5788 5785/5785
f 5806/5806 5785/5785 5807/5807
f 5818/5818 5807/5807 5808/5808
f 5807/5807 5818/5818 5837/5837
f 5838/5838 5818/5818 5839/5839
f 5838/5838 5839/5839 5845/5845
f 5264/5264 5258/5258 5259/5259
f 5259/5259 5113/5113 5114/5114
f 5114/5114 5113/5113 5019/5019
f 5114/5114 5019/5019 5017/5017
f 5017/5017 4944/4944 5016/5016
f 4950/4950 4949/4949 4951/4951
f 4951/4951 4949/4949 4959/4959
f 4959/4959 5000/5000 5125/5125
f 4959/4959 5125/5125 5037/5037
f 5037/5037 5125/5125 5143/5143
f 4829/4829 4791/4791 4721/4721
f 2740/2740 2753/2753 2725/2725
f 2753/2753 2751/2751 2726/2726
f 2751/2751 2752/2752 2723/2723
f 2723/2723 2752/2752 2735/2735
f 2690/2690 2735/2735 2736/2736
f 2728/2728 2906/2906 2688/2688
f 2688/2688 2906/2906 2716/2716
f 2906/2906 2963/2963 2716/2716
f 2716/2716 2963/2963 2715/2715
f 2715/2715 2963/2963 2980/2980
f 2732/2732 2746/2746 2730/2730
f 2730/2730 2746/2746 2729/2729
f 2739/2739 2974/2974 2727/2727
f 2974/2974 2728/2728 2727/2727
f 2904/2904 2976/2976 2893/2893
f 2915/2915 3002/3002 2904/2904
f 2914/2914 3022/3022 2915/2915
f 3621/3621 3636/3636 3638/3638
f 3023/3023 3022/3022 3001/3001
f 5284/5284 5358/5358 5250/5250
f 3019/3019 3164/3164 3001/3001
f 3001/3001 3164/3164 3023/3023
f 5284/5284 5250/5250 5127/5127
f 3020/3020 3164/3164 3019/3019
f 5127/5127 5250/5250 5128/5128
f 5127/5127 5128/5128 5031/5031
f 4916/4916 5031/5031 4918/4918
f 4916/4916 4918/4918 4917/4917
f 3284/3284 3464/3464 3429/3429
f 3464/3464 3525/3525 3429/3429
f 3465/3465 3485/3485 3520/3520
f 5209/5209 5106/5106 5208/5208
f 5797/5797 5798/5798 5759/5759
f 5762/5762 5797/5797 5756/5756
f 734/734 795/795 999/999
f 5751/5751 5762/5762 5756/5756
f 5739/5739 5751/5751 5745/5745
f 5732/5732 5739/5739 5735/5735
f 750/750 700/700 718/718
f 5732/5732 5735/5735 5719/5719
f 305/305 316/316 368/368
f 327/327 305/305 368/368
f 5717/5717 5732/5732 5719/5719
f 5717/5717 5719/5719 5715/5715
f 675/675 674/674 666/666
f 666/666 663/663 673/673
f 5703/5703 5715/5715 5708/5708
f 5703/5703 5706/5706 5704/5704
f 5703/5703 5708/5708 5707/5707
f 5706/5706 5703/5703 5707/5707
f 5766/5766 5706/5706 5707/5707
f 449/449 689/689 580/580
f 5772/5772 5766/5766 5769/5769
f 580/580 689/689 629/629
f 5786/5786 5772/5772 5769/5769
f 5786/5786 5769/5769 5788/5788
f 5792/5792 5786/5786 5788/5788
f 5810/5810 5788/5788 5806/5806
f 5792/5792 5788/5788 5810/5810
f 5810/5810 5806/5806 5807/5807
f 5810/5810 5807/5807 5837/5837
f 5837/5837 5818/5818 5838/5838
f 5848/5848 5838/5838 5845/5845
f 5264/5264 5259/5259 5260/5260
f 5260/5260 5259/5259 5114/5114
f 4944/4944 4950/4950 4952/4952
f 4952/4952 4950/4950 4951/4951
f 5144/5144 5270/5270 5311/5311
f 5311/5311 5270/5270 5346/5346
f 2746/2746 2745/2745 2699/2699
f 2729/2729 2746/2746 2699/2699
f 2699/2699 2745/2745 2717/2717
f 2717/2717 2745/2745 2744/2744
f 2717/2717 2744/2744 2709/2709
f 2709/2709 2744/2744 2743/2743
f 2743/2743 2742/2742 2709/2709
f 2742/2742 2741/2741 2709/2709
f 2709/2709 2741/2741 2705/2705
f 2705/2705 2741/2741 2740/2740
f 2705/2705 2740/2740 2725/2725
f 2725/2725 2753/2753 2707/2707
f 2707/2707 2753/2753 2726/2726
f 2701/2701 2726/2726 2751/2751
f 2701/2701 2751/2751 2723/2723
f 2689/2689 2723/2723 2735/2735
f 2689/2689 2735/2735 2690/2690
f 2690/2690 2736/2736 2692/2692
f 2692/2692 2736/2736 2693/2693
f 2693/2693 2736/2736 2737/2737
f 2693/2693 2737/2737 2738/2738
f 2693/2693 2738/2738 2694/2694
f 2694/2694 2738/2738 2695/2695
f 2695/2695 2738/2738 2691/2691
f 2691/2691 2738/2738 2739/2739
f 2691/2691 2739/2739 2727/2727
f 2715/2715 2980/2980 2724/2724
f 2724/2724 2980/2980 3018/3018
f 2893/2893 2907/2907 2731/2731
f 2907/2907 2732/2732 2731/2731
f 2731/2731 2732/2732 2704/2704
f 2704/2704 2732/2732 2730/2730
f 3018/3018 3194/3194 3157/3157
f 3157/3157 3194/3194 3267/3267
f 2904/2904 2893/2893 2721/2721
f 2734/2734 2904/2904 2721/2721
f 3194/3194 3392/3392 3267/3267
f 3267/3267 3392/3392 3438/3438
f 3267/3267 3438/3438 3290/3290
f 3290/3290 3438/3438 3563/3563
f 3563/3563 3438/3438 3621/3621
f 3563/3563 3621/3621 3629/3629
f 2975/2975 3001/3001 2890/2890
f 3001/3001 2914/2914 2890/2890
f 3629/3629 3621/3621 3638/3638
f 5127/5127 5031/5031 4916/4916
f 5070/5070 5127/5127 4916/4916
f 3021/3021 3190/3190 3191/3191
f 3284/3284 3429/3429 3286/3286
f 4917/4917 4920/4920 4977/4977
f 4977/4977 4920/4920 4993/4993
f 3465/3465 3464/3464 3285/3285
f 3394/3394 3485/3485 3465/3465
f 5210/5210 5106/5106 5209/5209
f 3404/3404 3511/3511 3485/3485
f 5209/5209 5208/5208 5291/5291
f 3467/3467 3538/3538 3511/3511
f 6020/6020 6005/6005 6007/6007
f 1065/1065 1008/1008 1063/1063
f 5829/5829 5832/5832 5797/5797
f 999/999 795/795 1008/1008
f 5799/5799 5829/5829 5762/5762
f 733/733 734/734 1000/1000
f 1000/1000 734/734 999/999
f 5751/5751 5799/5799 5762/5762
f 5755/5755 5751/5751 5739/5739
f 719/719 750/750 755/755
f 5748/5748 5755/5755 5739/5739
f 5748/5748 5739/5739 5732/5732
f 750/750 718/718 755/755
f 755/755 718/718 475/475
f 494/494 396/396 415/415
f 5733/5733 5748/5748 5732/5732
f 406/406 475/475 367/367
f 406/406 367/367 325/325
f 326/326 328/328 396/396
f 5733/5733 5732/5732 5717/5717
f 5713/5713 5717/5717 5703/5703
f 5717/5717 5715/5715 5703/5703
f 5767/5767 5704/5704 5706/5706
f 5767/5767 5706/5706 5766/5766
f 5767/5767 5766/5766 5772/5772
f 5775/5775 5767/5767 5772/5772
f 704/704 682/682 705/705
f 446/446 580/580 629/629
f 5789/5789 5775/5775 5772/5772
f 5789/5789 5772/5772 5786/5786
f 838/838 629/629 794/794
f 5793/5793 5789/5789 5786/5786
f 5793/5793 5786/5786 5792/5792
f 5813/5813 5793/5793 5792/5792
f 5813/5813 5792/5792 5810/5810
f 5813/5813 5810/5810 5840/5840
f 5820/5820 5813/5813 5840/5840
f 5840/5840 5810/5810 5837/5837
f 5846/5846 5840/5840 5837/5837
f 5846/5846 5837/5837 5849/5849
f 5849/5849 5837/5837 5838/5838
f 5849/5849 5838/5838 5848/5848
f 6445/6445 6444/6444 6397/6397
f 6397/6397 6444/6444 6382/6382
f 6396/6396 6444/6444 6448/6448
f 6382/6382 6444/6444 6396/6396
f 5260/5260 5114/5114 5118/5118
f 5118/5118 5114/5114 5017/5017
f 5118/5118 5017/5017 5082/5082
f 5082/5082 5017/5017 5016/5016
f 5016/5016 4944/4944 4952/4952
f 4951/4951 4959/4959 4954/4954
f 4959/4959 5037/5037 4990/4990
f 4954/4954 4959/4959 4990/4990
f 4990/4990 5037/5037 5143/5143
f 2704/2704 2730/2730 2696/2696
f 2730/2730 2729/2729 2696/2696
f 2696/2696 2729/2729 2699/2699
f 2717/2717 2709/2709 2697/2697
f 2697/2697 2709/2709 2679/2679
f 2705/2705 2725/2725 2706/2706
f 2706/2706 2725/2725 2707/2707
f 2707/2707 2726/2726 2673/2673
f 2673/2673 2726/2726 2701/2701
f 2701/2701 2723/2723 2678/2678
f 2678/2678 2723/2723 2689/2689
f 2691/2691 2727/2727 2686/2686
f 2686/2686 2727/2727 2687/2687
f 2687/2687 2727/2727 2728/2728
f 2687/2687 2728/2728 2688/2688
f 2722/2722 2724/2724 3018/3018
f 2722/2722 3018/3018 3157/3157
f 2893/2893 2731/2731 2721/2721
f 2721/2721 2731/2731 2700/2700
f 2700/2700 2731/2731 2704/2704
f 2890/2890 2914/2914 2750/2750
f 5360/5360 5284/5284 5268/5268
f 2931/2931 3001/3001 2975/2975
f 5121/5121 5284/5284 5127/5127
f 3014/3014 3020/3020 3019/3019
f 5121/5121 5127/5127 5070/5070
f 3012/3012 3021/3021 3014/3014
f 3021/3021 3020/3020 3014/3014
f 3013/3013 3021/3021 3012/3012
f 3189/3189 3190/3190 3013/3013
f 3188/3188 3284/3284 3189/3189
f 3284/3284 3286/3286 3189/3189
f 4914/4914 4917/4917 4977/4977
f 3285/3285 3284/3284 3188/3188
f 4977/4977 4993/4993 5049/5049
f 3187/3187 3394/3394 3285/3285
f 5107/5107 4993/4993 5106/5106
f 5210/5210 5107/5107 5106/5106
f 5210/5210 5209/5209 5234/5234
f 3276/3276 3467/3467 3404/3404
f 5949/5949 6005/6005 5946/5946
f 5946/5946 6005/6005 6004/6004
f 6003/6003 6004/6004 6023/6023
f 1124/1124 1023/1023 1065/1065
f 1000/1000 999/999 1023/1023
f 1085/1085 772/772 1031/1031
f 5755/5755 5804/5804 5799/5799
f 635/635 638/638 942/942
f 754/754 727/727 716/716
f 5721/5721 5733/5733 5717/5717
f 5714/5714 5721/5721 5717/5717
f 5714/5714 5717/5717 5713/5713
f 5702/5702 5713/5713 5703/5703
f 5702/5702 5703/5703 5704/5704
f 5705/5705 5702/5702 5704/5704
f 5767/5767 5705/5705 5704/5704
f 5775/5775 5789/5789 5793/5793
f 5790/5790 5775/5775 5793/5793
f 5820/5820 5793/5793 5813/5813
f 5842/5842 5820/5820 5840/5840
f 5842/5842 5840/5840 5852/5852
f 5852/5852 5840/5840 5846/5846
f 5852/5852 5846/5846 5849/5849
f 6446/6446 6445/6445 6387/6387
f 6387/6387 6445/6445 6388/6388
f 6388/6388 6445/6445 6397/6397
f 6388/6388 6397/6397 6381/6381
f 6381/6381 6397/6397 6382/6382
f 6382/6382 6396/6396 6386/6386
f 5261/5261 5260/5260 5118/5118
f 5261/5261 5118/5118 5082/5082
f 5082/5082 5016/5016 5083/5083
f 4990/4990 5143/5143 5144/5144
f 4990/4990 5144/5144 5073/5073
f 5144/5144 5311/5311 5296/5296
f 5296/5296 5311/5311 5346/5346
f 2696/2696 2699/2699 2663/2663
f 2663/2663 2699/2699 2698/2698
f 2679/2679 2705/2705 2666/2666
f 2705/2705 2706/2706 2664/2664
f 2666/2666 2705/2705 2664/2664
f 2706/2706 2707/2707 2664/2664
f 2664/2664 2707/2707 2673/2673
f 2673/2673 2701/2701 2667/2667
f 2667/2667 2701/2701 2678/2678
f 2678/2678 2689/2689 2658/2658
f 2658/2658 2689/2689 2690/2690
f 2658/2658 2690/2690 2682/2682
f 2682/2682 2690/2690 2692/2692
f 2692/2692 2693/2693 2682/2682
f 2682/2682 2693/2693 2659/2659
f 2693/2693 2694/2694 2659/2659
f 2694/2694 2695/2695 2656/2656
f 2659/2659 2694/2694 2656/2656
f 2695/2695 2691/2691 2656/2656
f 2656/2656 2691/2691 2686/2686
f 2687/2687 2688/2688 2661/2661
f 2661/2661 2688/2688 2671/2671
f 2688/2688 2716/2716 2671/2671
f 2716/2716 2715/2715 2671/2671
f 2671/2671 2715/2715 2668/2668
f 2668/2668 2715/2715 2724/2724
f 2668/2668 2724/2724 2722/2722
f 2714/2714 2722/2722 3157/3157
f 2714/2714 3157/3157 3179/3179
f 2702/2702 2721/2721 2703/2703
f 2703/2703 2721/2721 2700/2700
f 3179/3179 3157/3157 3267/3267
f 3179/3179 3267/3267 3290/3290
f 2750/2750 2734/2734 2702/2702
f 2889/2889 2890/2890 2750/2750
f 3617/3617 3563/3563 3629/3629
f 5370/5370 5360/5360 5268/5268
f 2975/2975 2890/2890 2889/2889
f 5268/5268 5284/5284 5121/5121
f 5121/5121 5070/5070 4966/4966
f 5089/5089 5121/5121 4966/4966
f 4966/4966 5070/5070 4916/4916
f 4916/4916 4917/4917 4914/4914
f 4913/4913 4916/4916 4914/4914
f 3043/3043 3189/3189 3013/3013
f 3043/3043 3188/3188 3189/3189
f 3158/3158 3394/3394 3187/3187
f 5107/5107 5210/5210 5220/5220
f 5220/5220 5210/5210 5234/5234
f 3407/3407 3489/3489 3408/3408
f 5945/5945 5946/5946 6004/6004
f 3405/3405 3493/3493 3407/3407
f 3493/3493 3527/3527 3407/3407
f 1037/1037 1023/1023 1124/1124
f 3406/3406 3488/3488 3493/3493
f 5950/5950 6003/6003 6021/6021
f 6022/6022 5950/5950 6021/6021
f 3471/3471 3622/3622 3472/3472
f 3472/3472 3622/3622 3534/3534
f 1104/1104 806/806 812/812
f 1111/1111 812/812 951/951
f 951/951 925/925 1118/1118
f 995/995 772/772 1034/1034
f 1103/1103 1031/1031 1117/1117
f 1117/1117 1031/1031 1032/1032
f 754/754 753/753 995/995
f 753/753 771/771 995/995
f 5750/5750 5802/5802 5755/5755
f 5737/5737 5750/5750 5733/5733
f 5750/5750 5748/5748 5733/5733
f 5737/5737 5733/5733 5721/5721
f 5714/5714 5713/5713 5702/5702
f 5774/5774 5705/5705 5767/5767
f 5774/5774 5767/5767 5775/5775
f 5790/5790 5774/5774 5775/5775
f 5816/5816 5790/5790 5793/5793
f 5821/5821 5816/5816 5793/5793
f 5821/5821 5793/5793 5820/5820
f 5842/5842 5821/5821 5820/5820
f 5821/5821 5842/5842 5851/5851
f 6399/6399 6447/6447 6384/6384
f 6447/6447 6446/6446 6384/6384
f 6384/6384 6446/6446 6387/6387
f 6369/6369 6381/6381 6382/6382
f 6382/6382 6386/6386 6372/6372
f 6386/6386 6428/6428 6373/6373
f 5073/5073 5144/5144 5135/5135
f 5135/5135 5144/5144 5296/5296
f 2662/2662 2696/2696 2663/2663
f 2698/2698 2697/2697 2654/2654
f 2654/2654 2697/2697 2679/2679
f 2654/2654 2679/2679 2653/2653
f 2653/2653 2679/2679 2666/2666
f 2664/2664 2673/2673 2665/2665
f 2665/2665 2673/2673 2667/2667
f 2667/2667 2678/2678 2650/2650
f 2678/2678 2658/2658 2650/2650
f 2658/2658 2682/2682 2660/2660
f 2660/2660 2682/2682 2659/2659
f 2655/2655 2656/2656 2686/2686
f 2655/2655 2686/2686 2657/2657
f 2657/2657 2686/2686 2687/2687
f 2657/2657 2687/2687 2661/2661
f 2677/2677 2668/2668 2722/2722
f 2677/2677 2722/2722 2714/2714
f 2669/2669 2703/2703 2700/2700
f 2669/2669 2700/2700 2649/2649
f 2700/2700 2704/2704 2649/2649
f 2649/2649 2704/2704 2648/2648
f 2704/2704 2696/2696 2648/2648
f 3179/3179 3290/3290 3236/3236
f 3236/3236 3290/3290 3484/3484
f 2747/2747 2750/2750 2718/2718
f 2718/2718 2750/2750 2702/2702
f 3290/3290 3563/3563 3484/3484
f 2749/2749 2889/2889 2747/2747
f 2889/2889 2750/2750 2747/2747
f 3484/3484 3563/3563 3617/3617
f 2888/2888 2889/2889 2749/2749
f 5268/5268 5121/5121 5134/5134
f 5134/5134 5121/5121 5089/5089
f 2905/2905 3014/3014 2908/2908
f 4966/4966 4916/4916 4913/4913
f 2969/2969 3012/3012 2905/2905
f 2968/2968 3013/3013 2969/2969
f 3013/3013 3012/3012 2969/2969
f 3043/3043 3013/3013 2967/2967
f 3007/3007 3043/3043 2967/2967
f 4991/4991 4914/4914 4977/4977
f 3159/3159 3276/3276 2993/2993
f 5929/5929 5940/5940 5938/5938
f 3405/3405 3407/3407 3056/3056
f 3056/3056 3407/3407 3159/3159
f 3424/3424 3471/3471 3196/3196
f 3196/3196 3471/3471 3472/3472
f 3468/3468 3469/3469 3242/3242
f 3242/3242 3469/3469 3282/3282
f 3469/3469 3488/3488 3282/3282
f 3395/3395 3496/3496 3492/3492
f 3492/3492 3513/3513 3416/3416
f 3417/3417 3492/3492 3416/3416
f 3470/3470 3539/3539 3424/3424
f 3435/3435 3490/3490 3476/3476
f 3513/3513 3546/3546 3437/3437
f 754/754 995/995 1123/1123
f 3437/3437 3546/3546 3470/3470
f 995/995 1034/1034 1123/1123
f 1117/1117 944/944 1112/1112
f 944/944 1033/1033 1112/1112
f 5951/5951 6008/6008 6009/6009
f 6009/6009 6008/6008 6022/6022
f 5803/5803 5802/5802 5750/5750
f 5754/5754 5750/5750 5737/5737
f 5723/5723 5737/5737 5721/5721
f 5753/5753 5737/5737 5723/5723
f 5723/5723 5721/5721 5714/5714
f 5718/5718 5723/5723 5714/5714
f 5718/5718 5714/5714 5702/5702
f 5711/5711 5718/5718 5702/5702
f 5711/5711 5702/5702 5705/5705
f 5712/5712 5711/5711 5705/5705
f 5771/5771 5712/5712 5705/5705
f 5771/5771 5705/5705 5774/5774
f 5781/5781 5771/5771 5774/5774
f 5791/5791 5781/5781 5774/5774
f 5781/5781 5791/5791 5812/5812
f 5791/5791 5774/5774 5790/5790
f 5791/5791 5790/5790 5816/5816
f 5791/5791 5816/5816 5827/5827
f 5827/5827 5816/5816 5841/5841
f 5841/5841 5816/5816 5821/5821
f 5841/5841 5821/5821 5851/5851
f 6399/6399 6384/6384 6379/6379
f 6384/6384 6387/6387 6366/6366
f 6378/6378 6387/6387 6388/6388
f 6366/6366 6387/6387 6378/6378
f 6366/6366 6378/6378 6368/6368
f 6378/6378 6388/6388 6381/6381
f 6378/6378 6381/6381 6368/6368
f 6368/6368 6381/6381 6367/6367
f 6381/6381 6369/6369 6367/6367
f 6369/6369 6382/6382 6372/6372
f 6369/6369 6372/6372 6362/6362
f 6372/6372 6386/6386 6373/6373
f 6362/6362 6372/6372 6373/6373
f 5081/5081 5083/5083 5016/5016
f 5016/5016 4952/4952 5015/5015
f 5081/5081 5016/5016 5015/5015
f 4952/4952 4951/4951 4954/4954
f 4952/4952 4954/4954 4953/4953
f 4954/4954 4990/4990 4963/4963
f 4963/4963 4990/4990 5073/5073
f 2663/2663 2698/2698 2654/2654
f 2653/2653 2666/2666 2637/2637
f 2666/2666 2664/2664 2637/2637
f 2637/2637 2664/2664 2638/2638
f 2638/2638 2664/2664 2665/2665
f 2639/2639 2665/2665 2636/2636
f 2665/2665 2667/2667 2636/2636
f 2636/2636 2667/2667 2650/2650
f 2642/2642 2650/2650 2658/2658
f 2642/2642 2658/2658 2641/2641
f 2658/2658 2660/2660 2641/2641
f 2641/2641 2660/2660 2640/2640
f 2660/2660 2659/2659 2640/2640
f 2640/2640 2659/2659 2656/2656
f 2661/2661 2671/2671 2634/2634
f 2634/2634 2671/2671 2633/2633
f 2633/2633 2671/2671 2668/2668
f 2633/2633 2668/2668 2645/2645
f 2645/2645 2668/2668 2677/2677
f 2677/2677 2714/2714 2670/2670
f 2670/2670 2714/2714 2719/2719
f 2703/2703 2669/2669 2651/2651
f 2719/2719 2714/2714 3179/3179
f 2719/2719 3179/3179 3047/3047
f 3047/3047 3179/3179 3236/3236
f 2718/2718 2702/2702 2674/2674
f 2674/2674 2702/2702 2651/2651
f 2702/2702 2703/2703 2651/2651
f 2747/2747 2718/2718 2708/2708
f 2708/2708 2718/2718 2674/2674
f 3484/3484 3617/3617 3618/3618
f 5315/5315 5370/5370 5268/5268
f 2888/2888 2749/2749 2748/2748
f 2887/2887 2908/2908 2888/2888
f 2905/2905 2908/2908 2887/2887
f 2969/2969 2905/2905 2892/2892
f 4913/4913 4914/4914 4912/4912
f 3007/3007 2967/2967 2964/2964
f 4991/4991 4977/4977 5050/5050
f 2964/2964 2965/2965 3007/3007
f 5050/5050 4977/4977 5049/5049
f 5049/5049 5107/5107 5201/5201
f 5981/5981 5982/5982 5925/5925
f 2993/2993 3158/3158 2966/2966
f 5107/5107 5220/5220 5221/5221
f 5925/5925 5983/5983 5929/5929
f 2994/2994 3159/3159 2973/2973
f 2973/2973 3159/3159 2993/2993
f 3056/3056 3159/3159 2994/2994
f 3242/3242 3282/3282 2981/2981
f 2981/2981 3282/3282 3155/3155
f 3282/3282 3406/3406 3155/3155
f 3406/3406 3405/3405 3155/3155
f 3436/3436 3424/3424 3135/3135
f 3135/3135 3424/3424 3196/3196
f 3244/3244 3472/3472 3414/3414
f 3272/3272 3435/3435 3292/3292
f 3292/3292 3468/3468 3242/3242
f 5943/5943 5942/5942 5950/5950
f 5951/5951 5943/5943 5950/5950
f 3460/3460 3506/3506 3283/3283
f 3283/3283 3506/3506 3496/3496
f 3283/3283 3496/3496 3395/3395
f 3395/3395 3492/3492 3417/3417
f 3416/3416 3513/3513 3437/3437
f 3437/3437 3470/3470 3436/3436
f 3414/3414 3472/3472 3534/3534
f 3414/3414 3534/3534 3478/3478
f 3414/3414 3478/3478 3051/3051
f 3051/3051 3478/3478 3274/3274
f 3478/3478 3479/3479 3274/3274
f 3274/3274 3479/3479 3273/3273
f 3273/3273 3479/3479 3435/3435
f 3479/3479 3490/3490 3435/3435
f 5803/5803 5855/5855 5805/5805
f 5801/5801 5754/5754 5753/5753
f 5753/5753 5723/5723 5736/5736
f 5736/5736 5723/5723 5718/5718
f 5722/5722 5736/5736 5718/5718
f 6169/6169 6173/6173 6160/6160
f 6160/6160 6173/6173 6159/6159
f 6212/6212 6232/6232 6172/6172
f 6212/6212 6172/6172 6168/6168
f 6172/6172 6170/6170 6166/6166
f 6168/6168 6172/6172 6166/6166
f 6170/6170 6171/6171 6164/6164
f 6166/6166 6170/6170 6164/6164
f 6171/6171 6169/6169 6164/6164
f 6164/6164 6169/6169 6161/6161
f 6161/6161 6169/6169 6160/6160
f 6161/6161 6160/6160 6152/6152
f 6152/6152 6160/6160 6159/6159
f 6152/6152 6159/6159 6157/6157
f 6152/6152 6157/6157 6138/6138
f 5722/5722 5718/5718 5711/5711
f 5760/5760 5722/5722 5711/5711
f 5760/5760 5711/5711 5761/5761
f 6212/6212 6168/6168 6167/6167
f 6167/6167 6168/6168 6166/6166
f 6167/6167 6166/6166 6165/6165
f 6165/6165 6166/6166 6164/6164
f 6165/6165 6164/6164 6163/6163
f 6163/6163 6164/6164 6161/6161
f 6163/6163 6161/6161 6162/6162
f 6161/6161 6152/6152 6135/6135
f 6162/6162 6161/6161 6135/6135
f 6152/6152 6138/6138 6135/6135
f 6135/6135 6138/6138 6137/6137
f 6137/6137 6138/6138 6139/6139
f 5711/5711 5752/5752 5773/5773
f 5761/5761 5711/5711 5773/5773
f 5752/5752 5711/5711 5712/5712
f 6212/6212 6167/6167 6238/6238
f 6250/6250 6212/6212 6238/6238
f 6167/6167 6165/6165 6231/6231
f 6238/6238 6167/6167 6231/6231
f 6231/6231 6165/6165 6230/6230
f 6231/6231 6230/6230 6239/6239
f 6230/6230 6165/6165 6163/6163
f 6239/6239 6230/6230 6233/6233
f 6230/6230 6163/6163 6198/6198
f 6198/6198 6163/6163 6162/6162
f 6198/6198 6162/6162 6135/6135
f 6198/6198 6135/6135 6134/6134
f 6134/6134 6135/6135 6136/6136
f 6135/6135 6137/6137 6136/6136
f 5771/5771 5752/5752 5712/5712
f 6250/6250 6238/6238 6258/6258
f 6233/6233 6230/6230 6198/6198
f 6233/6233 6198/6198 6234/6234
f 6233/6233 6234/6234 6245/6245
f 6234/6234 6198/6198 6134/6134
f 6245/6245 6234/6234 6244/6244
f 6134/6134 6136/6136 6236/6236
f 6234/6234 6134/6134 6236/6236
f 6244/6244 6234/6234 6236/6236
f 5752/5752 5771/5771 5782/5782
f 5783/5783 5782/5782 5771/5771
f 5783/5783 5771/5771 5781/5781
f 5783/5783 5781/5781 5812/5812
f 5827/5827 5812/5812 5791/5791
f 6383/6383 6451/6451 6399/6399
f 6383/6383 6399/6399 6379/6379
f 6377/6377 6379/6379 6384/6384
f 6377/6377 6384/6384 6366/6366
f 6363/6363 6377/6377 6366/6366
f 6358/6358 6366/6366 6368/6368
f 6357/6357 6368/6368 6367/6367
f 6357/6357 6367/6367 6355/6355
f 6367/6367 6369/6369 6355/6355
f 6355/6355 6369/6369 6362/6362
f 6362/6362 6373/6373 6364/6364
f 6364/6364 6373/6373 6428/6428
f 5230/5230 5082/5082 5083/5083
f 5230/5230 5083/5083 5180/5180
f 5180/5180 5083/5083 5081/5081
f 4953/4953 4954/4954 4955/4955
f 4955/4955 4954/4954 4963/4963
f 4963/4963 5073/5073 5135/5135
f 4963/4963 5135/5135 5026/5026
f 5236/5236 5135/5135 5296/5296
f 5296/5296 5362/5362 5361/5361
f 2637/2637 2638/2638 2607/2607
f 2619/2619 2649/2649 2603/2603
f 2649/2649 2648/2648 2603/2603
f 2603/2603 2648/2648 2618/2618
f 2618/2618 2648/2648 2662/2662
f 2618/2618 2662/2662 2663/2663
f 2618/2618 2663/2663 2609/2609
f 2609/2609 2663/2663 2654/2654
f 2609/2609 2654/2654 2608/2608
f 2654/2654 2653/2653 2611/2611
f 2608/2608 2654/2654 2611/2611
f 2611/2611 2653/2653 2637/2637
f 2640/2640 2656/2656 2614/2614
f 2656/2656 2655/2655 2614/2614
f 2614/2614 2655/2655 2615/2615
f 2655/2655 2657/2657 2615/2615
f 2615/2615 2657/2657 2616/2616
f 2616/2616 2657/2657 2661/2661
f 2616/2616 2661/2661 2634/2634
f 2645/2645 2677/2677 2670/2670
f 2620/2620 2651/2651 2669/2669
f 2620/2620 2669/2669 2619/2619
f 2669/2669 2649/2649 2619/2619
f 3047/3047 3236/3236 3225/3225
f 2632/2632 2674/2674 2651/2651
f 3236/3236 3484/3484 3225/3225
f 3225/3225 3484/3484 3530/3530
f 3530/3530 3484/3484 3618/3618
f 2748/2748 2749/2749 2708/2708
f 2708/2708 2749/2749 2747/2747
f 5315/5315 5268/5268 5251/5251
f 5251/5251 5268/5268 5134/5134
f 2887/2887 2888/2888 2849/2849
f 2849/2849 2888/2888 2748/2748
f 2850/2850 2887/2887 2849/2849
f 5134/5134 5089/5089 5021/5021
f 2905/2905 2887/2887 2850/2850
f 5021/5021 5089/5089 4966/4966
f 2892/2892 2905/2905 2850/2850
f 2891/2891 2969/2969 2892/2892
f 2968/2968 2969/2969 2891/2891
f 2886/2886 2967/2967 2891/2891
f 2967/2967 2968/2968 2891/2891
f 4912/4912 4914/4914 4928/4928
f 4928/4928 4914/4914 4991/4991
f 2885/2885 2964/2964 2886/2886
f 2900/2900 2965/2965 2885/2885
f 2885/2885 2965/2965 2964/2964
f 2966/2966 2965/2965 2900/2900
f 2973/2973 2993/2993 2883/2883
f 2883/2883 2993/2993 2966/2966
f 2971/2971 2994/2994 2972/2972
f 2994/2994 2973/2973 2972/2972
f 2970/2970 3056/3056 2971/2971
f 3056/3056 2994/2994 2971/2971
f 2981/2981 3155/3155 2970/2970
f 3155/3155 3161/3161 2970/2970
f 3135/3135 3196/3196 3118/3118
f 3118/3118 3196/3196 3244/3244
f 3118/3118 3244/3244 3131/3131
f 3131/3131 3244/3244 3275/3275
f 3011/3011 3242/3242 3052/3052
f 3242/3242 2981/2981 3052/3052
f 3198/3198 3283/3283 3127/3127
f 3127/3127 3283/3283 3134/3134
f 3134/3134 3283/3283 3395/3395
f 3134/3134 3395/3395 3417/3417
f 3134/3134 3417/3417 3130/3130
f 3130/3130 3417/3417 3416/3416
f 3130/3130 3416/3416 3289/3289
f 3289/3289 3436/3436 3135/3135
f 3244/3244 3414/3414 3275/3275
f 3275/3275 3414/3414 3051/3051
f 3051/3051 3274/3274 3015/3015
f 3274/3274 3273/3273 3015/3015
f 3273/3273 3272/3272 3015/3015
f 3015/3015 3272/3272 3016/3016
f 3016/3016 3272/3272 3011/3011
f 3011/3011 3272/3272 3292/3292
f 3289/3289 3437/3437 3436/3436
f 5951/5951 5990/5990 5944/5944
f 5801/5801 5836/5836 5803/5803
f 5836/5836 5855/5855 5803/5803
f 5749/5749 5801/5801 5753/5753
f 6187/6187 6191/6191 6183/6183
f 6183/6183 6191/6191 6192/6192
f 6183/6183 6192/6192 6182/6182
f 6182/6182 6192/6192 6185/6185
f 6185/6185 6192/6192 6193/6193
f 5826/5826 5749/5749 5777/5777
f 5749/5749 5753/5753 5736/5736
f 6186/6186 6200/6200 6188/6188
f 6186/6186 6188/6188 6180/6180
f 6188/6188 6187/6187 6180/6180
f 6187/6187 6183/6183 6176/6176
f 6180/6180 6187/6187 6176/6176
f 6176/6176 6183/6183 6175/6175
f 6183/6183 6182/6182 6175/6175
f 6175/6175 6182/6182 6169/6169
f 6182/6182 6185/6185 6173/6173
f 6169/6169 6182/6182 6173/6173
f 6173/6173 6185/6185 6179/6179
f 6179/6179 6185/6185 6193/6193
f 6179/6179 6193/6193 6190/6190
f 6179/6179 6190/6190 6159/6159
f 6159/6159 6190/6190 6184/6184
f 5749/5749 5736/5736 5722/5722
f 5760/5760 5749/5749 5722/5722
f 5777/5777 5749/5749 5760/5760
f 6186/6186 6180/6180 6172/6172
f 6172/6172 6180/6180 6170/6170
f 6180/6180 6176/6176 6170/6170
f 6170/6170 6176/6176 6171/6171
f 6176/6176 6175/6175 6171/6171
f 6171/6171 6175/6175 6169/6169
f 6157/6157 6159/6159 6184/6184
f 6157/6157 6184/6184 6158/6158
f 6184/6184 6181/6181 6158/6158
f 6139/6139 6157/6157 6158/6158
f 6139/6139 6158/6158 6140/6140
f 6140/6140 6158/6158 6142/6142
f 6142/6142 6158/6158 6154/6154
f 6142/6142 6154/6154 6145/6145
f 5760/5760 5761/5761 5822/5822
f 6137/6137 6139/6139 6140/6140
f 6137/6137 6140/6140 6141/6141
f 6140/6140 6142/6142 6141/6141
f 6141/6141 6142/6142 6143/6143
f 6142/6142 6145/6145 6144/6144
f 6143/6143 6142/6142 6144/6144
f 6143/6143 6144/6144 6243/6243
f 5761/5761 5773/5773 5823/5823
f 5822/5822 5761/5761 5823/5823
f 6237/6237 6137/6137 6240/6240
f 6137/6137 6141/6141 6240/6240
f 6240/6240 6141/6141 6143/6143
f 6248/6248 6238/6238 6231/6231
f 6248/6248 6231/6231 6247/6247
f 6247/6247 6231/6231 6239/6239
f 6247/6247 6239/6239 6246/6246
f 6246/6246 6239/6239 6233/6233
f 6246/6246 6233/6233 6245/6245
f 6251/6251 6237/6237 6240/6240
f 6259/6259 6251/6251 6240/6240
f 6259/6259 6240/6240 6257/6257
f 5752/5752 5782/5782 5795/5795
f 5773/5773 5752/5752 5795/5795
f 6258/6258 6248/6248 6256/6256
f 6264/6264 6258/6258 6256/6256
f 6275/6275 6264/6264 6256/6256
f 6256/6256 6248/6248 6247/6247
f 6256/6256 6247/6247 6253/6253
f 6253/6253 6247/6247 6246/6246
f 6261/6261 6253/6253 6254/6254
f 6246/6246 6245/6245 6254/6254
f 6253/6253 6246/6246 6254/6254
f 6254/6254 6245/6245 6255/6255
f 6255/6255 6245/6245 6244/6244
f 6244/6244 6236/6236 6260/6260
f 6266/6266 6244/6244 6260/6260
f 6236/6236 6251/6251 6260/6260
f 6260/6260 6251/6251 6259/6259
f 5795/5795 5782/5782 5819/5819
f 5782/5782 5783/5783 5811/5811
f 5819/5819 5782/5782 5811/5811
f 6254/6254 6255/6255 6267/6267
f 6267/6267 6255/6255 6244/6244
f 6267/6267 6244/6244 6266/6266
f 5811/5811 5783/5783 5812/5812
f 5828/5828 5811/5811 5812/5812
f 5828/5828 5812/5812 5827/5827
f 5828/5828 5827/5827 5847/5847
f 5828/5828 5847/5847 5850/5850
f 5847/5847 5827/5827 5841/5841
f 6398/6398 6451/6451 6383/6383
f 6383/6383 6379/6379 6361/6361
f 6361/6361 6379/6379 6363/6363
f 6379/6379 6377/6377 6363/6363
f 6363/6363 6366/6366 6359/6359
f 6359/6359 6366/6366 6358/6358
f 6358/6358 6368/6368 6357/6357
f 6362/6362 6364/6364 6356/6356
f 6355/6355 6362/6362 6356/6356
f 6356/6356 6364/6364 6353/6353
f 5015/5015 4952/4952 4970/4970
f 4970/4970 4952/4952 4953/4953
f 5026/5026 5135/5135 5161/5161
f 5308/5308 5296/5296 5361/5361
f 4202/4202 4246/4246 3844/3844
f 2611/2611 2637/2637 2610/2610
f 2637/2637 2607/2607 2610/2610
f 2638/2638 2639/2639 2582/2582
f 2607/2607 2638/2638 2582/2582
f 2639/2639 2636/2636 2582/2582
f 2582/2582 2636/2636 2580/2580
f 2580/2580 2636/2636 2606/2606
f 2606/2606 2642/2642 2588/2588
f 2588/2588 2642/2642 2641/2641
f 2588/2588 2641/2641 2587/2587
f 2587/2587 2641/2641 2640/2640
f 2587/2587 2640/2640 2583/2583
f 2640/2640 2614/2614 2583/2583
f 2616/2616 2634/2634 2590/2590
f 2590/2590 2634/2634 2591/2591
f 2591/2591 2634/2634 2633/2633
f 2591/2591 2633/2633 2613/2613
f 2633/2633 2645/2645 2613/2613
f 2613/2613 2645/2645 2635/2635
f 2603/2603 2618/2618 2602/2602
f 2635/2635 2645/2645 2670/2670
f 2635/2635 2670/2670 2719/2719
f 2635/2635 2719/2719 2685/2685
f 2685/2685 2719/2719 3047/3047
f 2632/2632 2651/2651 2620/2620
f 2646/2646 2674/2674 2632/2632
f 2676/2676 2708/2708 2672/2672
f 2672/2672 2708/2708 2646/2646
f 2646/2646 2708/2708 2674/2674
f 3530/3530 3618/3618 3624/3624
f 2720/2720 2748/2748 2676/2676
f 2748/2748 2708/2708 2676/2676
f 5251/5251 5134/5134 5170/5170
f 2849/2849 2748/2748 2720/2720
f 5170/5170 5134/5134 5057/5057
f 5057/5057 5134/5134 5021/5021
f 5021/5021 4966/4966 4915/4915
f 2875/2875 2892/2892 2850/2850
f 4915/4915 4966/4966 4913/4913
f 2891/2891 2892/2892 2875/2875
f 2876/2876 2891/2891 2875/2875
f 2886/2886 2891/2891 2876/2876
f 2877/2877 2886/2886 2876/2876
f 4928/4928 4991/4991 5032/5032
f 2885/2885 2886/2886 2877/2877
f 4991/4991 5050/5050 5063/5063
f 5032/5032 4991/4991 5063/5063
f 2884/2884 2900/2900 2885/2885
f 5063/5063 5050/5050 5217/5217
f 2883/2883 2900/2900 2884/2884
f 5981/5981 5925/5925 5903/5903
f 5980/5980 5981/5981 5903/5903
f 2972/2972 2973/2973 2882/2882
f 2882/2882 2973/2973 2883/2883
f 2881/2881 2971/2971 2882/2882
f 2971/2971 2972/2972 2882/2882
f 2878/2878 2970/2970 2881/2881
f 2970/2970 2971/2971 2881/2881
f 3105/3105 3118/3118 3131/3131
f 2879/2879 2981/2981 2878/2878
f 2878/2878 2981/2981 2970/2970
f 3115/3115 3127/3127 3134/3134
f 3115/3115 3134/3134 3124/3124
f 3134/3134 3123/3123 3124/3124
f 3125/3125 3135/3135 3118/3118
f 3131/3131 3275/3275 2939/2939
f 2903/2903 3016/3016 2902/2902
f 3016/3016 3011/3011 2902/2902
f 2902/2902 3011/3011 2880/2880
f 2880/2880 3011/3011 2879/2879
f 3011/3011 3052/3052 2879/2879
f 3129/3129 3198/3198 3119/3119
f 3119/3119 3198/3198 3127/3127
f 3130/3130 3289/3289 3125/3125
f 3289/3289 3135/3135 3125/3125
f 2939/2939 3275/3275 3051/3051
f 2939/2939 3051/3051 2865/2865
f 2865/2865 3051/3051 2855/2855
f 3051/3051 3015/3015 2855/2855
f 2855/2855 3015/3015 2901/2901
f 2901/2901 3015/3015 2903/2903
f 3015/3015 3016/3016 2903/2903
f 5944/5944 5930/5930 5943/5943
f 5930/5930 5944/5944 5932/5932
f 5939/5939 5944/5944 5990/5990
f 5830/5830 5836/5836 5801/5801
f 6189/6189 6218/6218 6208/6208
f 6208/6208 6207/6207 6187/6187
f 6187/6187 6207/6207 6191/6191
f 6207/6207 6204/6204 6191/6191
f 6191/6191 6204/6204 6192/6192
f 6192/6192 6204/6204 6206/6206
f 6192/6192 6206/6206 6199/6199
f 6192/6192 6199/6199 6193/6193
f 6193/6193 6199/6199 6203/6203
f 5826/5826 5801/5801 5749/5749
f 6189/6189 6208/6208 6187/6187
f 6193/6193 6203/6203 6190/6190
f 6190/6190 6203/6203 6202/6202
f 6190/6190 6202/6202 6197/6197
f 5835/5835 5777/5777 5831/5831
f 6184/6184 6197/6197 6194/6194
f 6184/6184 6194/6194 6181/6181
f 6181/6181 6194/6194 6178/6178
f 5831/5831 5777/5777 5760/5760
f 6181/6181 6178/6178 6154/6154
f 6154/6154 6178/6178 6153/6153
f 6153/6153 6178/6178 6177/6177
f 6153/6153 6177/6177 6155/6155
f 6177/6177 6174/6174 6155/6155
f 6155/6155 6174/6174 6156/6156
f 5831/5831 5760/5760 5822/5822
f 6145/6145 6154/6154 6153/6153
f 6145/6145 6153/6153 6147/6147
f 6147/6147 6153/6153 6155/6155
f 6147/6147 6155/6155 6148/6148
f 6148/6148 6155/6155 6156/6156
f 6148/6148 6156/6156 6151/6151
f 6145/6145 6147/6147 6146/6146
f 6144/6144 6145/6145 6146/6146
f 6146/6146 6147/6147 6148/6148
f 6146/6146 6148/6148 6149/6149
f 6148/6148 6151/6151 6150/6150
f 6149/6149 6148/6148 6150/6150
f 6243/6243 6144/6144 6242/6242
f 6144/6144 6146/6146 6242/6242
f 6242/6242 6146/6146 6241/6241
f 6146/6146 6149/6149 6241/6241
f 6241/6241 6149/6149 6235/6235
f 6149/6149 6150/6150 6235/6235
f 6240/6240 6143/6143 6257/6257
f 6143/6143 6243/6243 6252/6252
f 6257/6257 6143/6143 6252/6252
f 6252/6252 6243/6243 6242/6242
f 6252/6252 6242/6242 6241/6241
f 5823/5823 5773/5773 5795/5795
f 5823/5823 5795/5795 5844/5844
f 6271/6271 6259/6259 6257/6257
f 6271/6271 6257/6257 6274/6274
f 6274/6274 6257/6257 6273/6273
f 5844/5844 5795/5795 5819/5819
f 6275/6275 6256/6256 6269/6269
f 6256/6256 6253/6253 6268/6268
f 6269/6269 6256/6256 6268/6268
f 6268/6268 6253/6253 6261/6261
f 6260/6260 6259/6259 6271/6271
f 6280/6280 6260/6260 6271/6271
f 6280/6280 6271/6271 6283/6283
f 5819/5819 5811/5811 5843/5843
f 6645/6645 6670/6670 6713/6713
f 6679/6679 6645/6645 6713/6713
f 6288/6288 6269/6269 6279/6279
f 6272/6272 6268/6268 6261/6261
f 6272/6272 6261/6261 6254/6254
f 6272/6272 6254/6254 6276/6276
f 6254/6254 6267/6267 6277/6277
f 6276/6276 6254/6254 6277/6277
f 6276/6276 6277/6277 6291/6291
f 6277/6277 6267/6267 6278/6278
f 6278/6278 6267/6267 6266/6266
f 6277/6277 6278/6278 6289/6289
f 6278/6278 6266/6266 6286/6286
f 6289/6289 6278/6278 6286/6286
f 6266/6266 6260/6260 6280/6280
f 6286/6286 6266/6266 6280/6280
f 5843/5843 5811/5811 5828/5828
f 5843/5843 5828/5828 5850/5850
f 6375/6375 6385/6385 6371/6371
f 6385/6385 6398/6398 6371/6371
f 6371/6371 6398/6398 6383/6383
f 6371/6371 6383/6383 6370/6370
f 6370/6370 6383/6383 6361/6361
f 6361/6361 6363/6363 6360/6360
f 6363/6363 6359/6359 6346/6346
f 6360/6360 6363/6363 6346/6346
f 6346/6346 6359/6359 6345/6345
f 6359/6359 6358/6358 6345/6345
f 6345/6345 6358/6358 6348/6348
f 6358/6358 6357/6357 6348/6348
f 6348/6348 6357/6357 6347/6347
f 6357/6357 6355/6355 6347/6347
f 6347/6347 6355/6355 6349/6349
f 6349/6349 6355/6355 6356/6356
f 6353/6353 6364/6364 6401/6401
f 5184/5184 5180/5180 5081/5081
f 5184/5184 5081/5081 5085/5085
f 5085/5085 5081/5081 5015/5015
f 5085/5085 5015/5015 5036/5036
f 5036/5036 5015/5015 4970/4970
f 5161/5161 5236/5236 5308/5308
f 3698/3698 3719/3719 3696/3696
f 2602/2602 2618/2618 2601/2601
f 2601/2601 2618/2618 2609/2609
f 2601/2601 2609/2609 2597/2597
f 2597/2597 2609/2609 2596/2596
f 2596/2596 2609/2609 2608/2608
f 2596/2596 2608/2608 2598/2598
f 2608/2608 2611/2611 2598/2598
f 2598/2598 2611/2611 2594/2594
f 2611/2611 2610/2610 2594/2594
f 2594/2594 2610/2610 2593/2593
f 2593/2593 2610/2610 2595/2595
f 2610/2610 2607/2607 2595/2595
f 2580/2580 2606/2606 2581/2581
f 2581/2581 2606/2606 2589/2589
f 2606/2606 2588/2588 2589/2589
f 2584/2584 2583/2583 2614/2614
f 2584/2584 2614/2614 2585/2585
f 2614/2614 2615/2615 2585/2585
f 2585/2585 2615/2615 2586/2586
f 2615/2615 2616/2616 2586/2586
f 2586/2586 2616/2616 2590/2590
f 2591/2591 2613/2613 2592/2592
f 2605/2605 2619/2619 2604/2604
f 2604/2604 2619/2619 2603/2603
f 2685/2685 3047/3047 3149/3149
f 2617/2617 2632/2632 2605/2605
f 2632/2632 2620/2620 2605/2605
f 2620/2620 2619/2619 2605/2605
f 3149/3149 3047/3047 3225/3225
f 2672/2672 2646/2646 2643/2643
f 2712/2712 2720/2720 2676/2676
f 2849/2849 2720/2720 2712/2712
f 2754/2754 2849/2849 2712/2712
f 2850/2850 2849/2849 2754/2754
f 2758/2758 2850/2850 2754/2754
f 2848/2848 2850/2850 2758/2758
f 2875/2875 2850/2850 2848/2848
f 2847/2847 2875/2875 2848/2848
f 2876/2876 2875/2875 2847/2847
f 2846/2846 2876/2876 2847/2847
f 2877/2877 2876/2876 2846/2846
f 2845/2845 2877/2877 2846/2846
f 2842/2842 2884/2884 2845/2845
f 2884/2884 2885/2885 2845/2845
f 2883/2883 2884/2884 2842/2842
f 2839/2839 2882/2882 2842/2842
f 2842/2842 2882/2882 2883/2883
f 2838/2838 2881/2881 2839/2839
f 2881/2881 2882/2882 2839/2839
f 2800/2800 2878/2878 2838/2838
f 2878/2878 2881/2881 2838/2838
f 3104/3104 3118/3118 3105/3105
f 3105/3105 3131/3131 3116/3116
f 2880/2880 2879/2879 2843/2843
f 2879/2879 2878/2878 2800/2800
f 2843/2843 2879/2879 2800/2800
f 3129/3129 3119/3119 3096/3096
f 3119/3119 3127/3127 3100/3100
f 3096/3096 3119/3119 3100/3100
f 3100/3100 3127/3127 3115/3115
f 3100/3100 3115/3115 3097/3097
f 3115/3115 3124/3124 3097/3097
f 3097/3097 3124/3124 3123/3123
f 3097/3097 3123/3123 3106/3106
f 3106/3106 3123/3123 3130/3130
f 3106/3106 3130/3130 3125/3125
f 3106/3106 3125/3125 3109/3109
f 3125/3125 3118/3118 3104/3104
f 3109/3109 3125/3125 3104/3104
f 3116/3116 3131/3131 2939/2939
f 2855/2855 2901/2901 2854/2854
f 2854/2854 2901/2901 2853/2853
f 2901/2901 2903/2903 2853/2853
f 2903/2903 2902/2902 2844/2844
f 2853/2853 2903/2903 2844/2844
f 2844/2844 2902/2902 2880/2880
f 5922/5922 5930/5930 5920/5920
f 6125/6125 6121/6121 6126/6126
f 6130/6130 6126/6126 6127/6127
f 6215/6215 6223/6223 6214/6214
f 6214/6214 6223/6223 6213/6213
f 5952/5952 5947/5947 6006/6006
f 6010/6010 5952/5952 6006/6006
f 6203/6203 6213/6213 6211/6211
f 6203/6203 6211/6211 6202/6202
f 6202/6202 6211/6211 6197/6197
f 6211/6211 6210/6210 6197/6197
f 5948/5948 6010/6010 6024/6024
f 6197/6197 6210/6210 6201/6201
f 6201/6201 6205/6205 6196/6196
f 6205/6205 6209/6209 6195/6195
f 6196/6196 6205/6205 6195/6195
f 5857/5857 5835/5835 5831/5831
f 6178/6178 6196/6196 6177/6177
f 6196/6196 6195/6195 6177/6177
f 6177/6177 6195/6195 6174/6174
f 5831/5831 5822/5822 5856/5856
f 5822/5822 5823/5823 5853/5853
f 5856/5856 5822/5822 5853/5853
f 6241/6241 6235/6235 6249/6249
f 5853/5853 5823/5823 5844/5844
f 6257/6257 6252/6252 6270/6270
f 6273/6273 6257/6257 6270/6270
f 6252/6252 6241/6241 6262/6262
f 6270/6270 6252/6252 6262/6262
f 6262/6262 6241/6241 6249/6249
f 6262/6262 6249/6249 6263/6263
f 6262/6262 6263/6263 6265/6265
f 6271/6271 6274/6274 6284/6284
f 6283/6283 6271/6271 6284/6284
f 6284/6284 6274/6274 6285/6285
f 6285/6285 6274/6274 6273/6273
f 6285/6285 6273/6273 6270/6270
f 5854/5854 5819/5819 5843/5843
f 5844/5844 5819/5819 5854/5854
f 5538/5538 5537/5537 5526/5526
f 6279/6279 6268/6268 6272/6272
f 5526/5526 5537/5537 5536/5536
f 5526/5526 5536/5536 5527/5527
f 6272/6272 6276/6276 6294/6294
f 6294/6294 6276/6276 6291/6291
f 6290/6290 6286/6286 6280/6280
f 6290/6290 6280/6280 6283/6283
f 6290/6290 6283/6283 6284/6284
f 6402/6402 6449/6449 6385/6385
f 6402/6402 6385/6385 6375/6375
f 5521/5521 5531/5531 5518/5518
f 6291/6291 6277/6277 6289/6289
f 5531/5531 5532/5532 5518/5518
f 5532/5532 5529/5529 5518/5518
f 5518/5518 5529/5529 5520/5520
f 6365/6365 6375/6375 6371/6371
f 6365/6365 6371/6371 6352/6352
f 6352/6352 6371/6371 6370/6370
f 6352/6352 6370/6370 6351/6351
f 6351/6351 6370/6370 6361/6361
f 6361/6361 6360/6360 6350/6350
f 6351/6351 6361/6361 6350/6350
f 6350/6350 6360/6360 6346/6346
f 4085/4085 4148/4148 4345/4345
f 6345/6345 6348/6348 6339/6339
f 6339/6339 6348/6348 6338/6338
f 6348/6348 6347/6347 6338/6338
f 6338/6338 6347/6347 6337/6337
f 6347/6347 6349/6349 6337/6337
f 6349/6349 6356/6356 6353/6353
f 6353/6353 6401/6401 6342/6342
f 6342/6342 6401/6401 6411/6411
f 4955/4955 4963/4963 4958/4958
f 4958/4958 4963/4963 5026/5026
f 4759/4759 4750/4750 4541/4541
f 2607/2607 2582/2582 2578/2578
f 2595/2595 2607/2607 2578/2578
f 2582/2582 2580/2580 2579/2579
f 2578/2578 2582/2582 2579/2579
f 2579/2579 2580/2580 2581/2581
f 2589/2589 2588/2588 2559/2559
f 2592/2592 2613/2613 2576/2576
f 2613/2613 2635/2635 2599/2599
f 2576/2576 2613/2613 2599/2599
f 2599/2599 2635/2635 2644/2644
f 2635/2635 2685/2685 2644/2644
f 3149/3149 3225/3225 3325/3325
f 2643/2643 2646/2646 2617/2617
f 2646/2646 2632/2632 2617/2617
f 3325/3325 3225/3225 3530/3530
f 2675/2675 2676/2676 2647/2647
f 2676/2676 2672/2672 2647/2647
f 2647/2647 2672/2672 2643/2643
f 2712/2712 2676/2676 2675/2675
f 5251/5251 5170/5170 5199/5199
f 2754/2754 2712/2712 2713/2713
f 2759/2759 2848/2848 2758/2758
f 2761/2761 2848/2848 2759/2759
f 4915/4915 4913/4913 4911/4911
f 2847/2847 2848/2848 2761/2761
f 2763/2763 2847/2847 2761/2761
f 2846/2846 2847/2847 2763/2763
f 2765/2765 2846/2846 2763/2763
f 2768/2768 2846/2846 2765/2765
f 2767/2767 2845/2845 2768/2768
f 2845/2845 2846/2846 2768/2768
f 2842/2842 2845/2845 2771/2771
f 2771/2771 2845/2845 2767/2767
f 5988/5988 5989/5989 5980/5980
f 2770/2770 2842/2842 2771/2771
f 2773/2773 2839/2839 2770/2770
f 2839/2839 2842/2842 2770/2770
f 2794/2794 2838/2838 2773/2773
f 2838/2838 2839/2839 2773/2773
f 2800/2800 2838/2838 2793/2793
f 2793/2793 2838/2838 2794/2794
f 3104/3104 3105/3105 3073/3073
f 3076/3076 3104/3104 3073/3073
f 3073/3073 3105/3105 3116/3116
f 3073/3073 3116/3116 2861/2861
f 2844/2844 2843/2843 2799/2799
f 2801/2801 2844/2844 2799/2799
f 2799/2799 2843/2843 2800/2800
f 3113/3113 3129/3129 3096/3096
f 3096/3096 3100/3100 3089/3089
f 3100/3100 3097/3097 3092/3092
f 3089/3089 3100/3100 3092/3092
f 3092/3092 3097/3097 3094/3094
f 3097/3097 3106/3106 3083/3083
f 3094/3094 3097/3097 3083/3083
f 3083/3083 3106/3106 3109/3109
f 3083/3083 3109/3109 3080/3080
f 2861/2861 3116/3116 2939/2939
f 2861/2861 2939/2939 2865/2865
f 2861/2861 2865/2865 2795/2795
f 2865/2865 2855/2855 2795/2795
f 2795/2795 2855/2855 2854/2854
f 2795/2795 2854/2854 2796/2796
f 2854/2854 2853/2853 2796/2796
f 2796/2796 2853/2853 2785/2785
f 2853/2853 2844/2844 2785/2785
f 5935/5935 5923/5923 5939/5939
f 6228/6228 6229/6229 6227/6227
f 6133/6133 6119/6119 6111/6111
f 6217/6217 6225/6225 6221/6221
f 6217/6217 6221/6221 6205/6205
f 6205/6205 6221/6221 6220/6220
f 5857/5857 5831/5831 5859/5859
f 5859/5859 5831/5831 5858/5858
f 5858/5858 5831/5831 5856/5856
f 5858/5858 5856/5856 5860/5860
f 5860/5860 5856/5856 5853/5853
f 5860/5860 5853/5853 5861/5861
f 5861/5861 5853/5853 5862/5862
f 5853/5853 5844/5844 5862/5862
f 5862/5862 5844/5844 5863/5863
f 6270/6270 6262/6262 6282/6282
f 6285/6285 6270/6270 6282/6282
f 6285/6285 6282/6282 6292/6292
f 6262/6262 6265/6265 6281/6281
f 6282/6282 6262/6262 6281/6281
f 6292/6292 6282/6282 6281/6281
f 6292/6292 6281/6281 6293/6293
f 6293/6293 6281/6281 6287/6287
f 5844/5844 5854/5854 5863/5863
f 5514/5514 5520/5520 5533/5533
f 5514/5514 5533/5533 5511/5511
f 5511/5511 5533/5533 5535/5535
f 5511/5511 5535/5535 5525/5525
f 6450/6450 6402/6402 6374/6374
f 6402/6402 6375/6375 6374/6374
f 5528/5528 5538/5538 5526/5526
f 5519/5519 5528/5528 5526/5526
f 5519/5519 5526/5526 5516/5516
f 5526/5526 5527/5527 5516/5516
f 5527/5527 5524/5524 5516/5516
f 5516/5516 5524/5524 5515/5515
f 5524/5524 5527/5527 5531/5531
f 5524/5524 5531/5531 5521/5521
f 5524/5524 5521/5521 5515/5515
f 5515/5515 5521/5521 5513/5513
f 5521/5521 5518/5518 5513/5513
f 5513/5513 5518/5518 5512/5512
f 5512/5512 5518/5518 5520/5520
f 5512/5512 5520/5520 5450/5450
f 5450/5450 5520/5520 5514/5514
f 6375/6375 6365/6365 6344/6344
f 6374/6374 6375/6375 6344/6344
f 6344/6344 6365/6365 6352/6352
f 6344/6344 6352/6352 6340/6340
f 6340/6340 6352/6352 6314/6314
f 6352/6352 6351/6351 6314/6314
f 6314/6314 6351/6351 6341/6341
f 6351/6351 6350/6350 6341/6341
f 6350/6350 6346/6346 6341/6341
f 4085/4085 4345/4345 4299/4299
f 6341/6341 6346/6346 6312/6312
f 6346/6346 6345/6345 6312/6312
f 6312/6312 6345/6345 6339/6339
f 6339/6339 6338/6338 6315/6315
f 6337/6337 6349/6349 6342/6342
f 6342/6342 6349/6349 6353/6353
f 5161/5161 5308/5308 5297/5297
f 2602/2602 2601/2601 2477/2477
f 2490/2490 2601/2601 2597/2597
f 2490/2490 2597/2597 2596/2596
f 2596/2596 2598/2598 2555/2555
f 2598/2598 2594/2594 2555/2555
f 2593/2593 2595/2595 2557/2557
f 2556/2556 2593/2593 2557/2557
f 2553/2553 2578/2578 2579/2579
f 2581/2581 2589/2589 2554/2554
f 2554/2554 2589/2589 2559/2559
f 2559/2559 2588/2588 2587/2587
f 2587/2587 2583/2583 2558/2558
f 2558/2558 2583/2583 2584/2584
f 2584/2584 2585/2585 2552/2552
f 2552/2552 2585/2585 2551/2551
f 2551/2551 2585/2585 2586/2586
f 2590/2590 2591/2591 2542/2542
f 2591/2591 2592/2592 2544/2544
f 2502/2502 2605/2605 2489/2489
f 2489/2489 2605/2605 2604/2604
f 2604/2604 2603/2603 2488/2488
f 2488/2488 2603/2603 2602/2602
f 2685/2685 3149/3149 3148/3148
f 2617/2617 2605/2605 2502/2502
f 3325/3325 3530/3530 3555/3555
f 3555/3555 3530/3530 3624/3624
f 5199/5199 5170/5170 5139/5139
f 5139/5139 5170/5170 5057/5057
f 2755/2755 2758/2758 2754/2754
f 2755/2755 2754/2754 2713/2713
f 5057/5057 5021/5021 4984/4984
f 4984/4984 5021/5021 4915/4915
f 2760/2760 2761/2761 2759/2759
f 4911/4911 4913/4913 4912/4912
f 5896/5896 5903/5903 5902/5902
f 2774/2774 2794/2794 2773/2773
f 2782/2782 2793/2793 2776/2776
f 2776/2776 2793/2793 2774/2774
f 2774/2774 2793/2793 2794/2794
f 2785/2785 2801/2801 2783/2783
f 2783/2783 2801/2801 2799/2799
f 2783/2783 2799/2799 2782/2782
f 3113/3113 3096/3096 3090/3090
f 3090/3090 3096/3096 3089/3089
f 2861/2861 2795/2795 2790/2790
f 2826/2826 2861/2861 2790/2790
f 2790/2790 2795/2795 2792/2792
f 2795/2795 2796/2796 2792/2792
f 2792/2792 2796/2796 2785/2785
f 5933/5933 5918/5918 5935/5935
f 5918/5918 5933/5933 5904/5904
f 5904/5904 5933/5933 5934/5934
f 6123/6123 6116/6116 6131/6131
f 5934/5934 5948/5948 6000/6000
f 6112/6112 6113/6113 6114/6114
f 5948/5948 6024/6024 6000/6000
f 6000/6000 6024/6024 6028/6028
f 5859/5859 5858/5858 5865/5865
f 5865/5865 5858/5858 5860/5860
f 5860/5860 5861/5861 5864/5864
f 5864/5864 5861/5861 5862/5862
f 6458/6458 6450/6450 6453/6453
f 6453/6453 6450/6450 6400/6400
f 5510/5510 5511/5511 5525/5525
f 5535/5535 5534/5534 5523/5523
f 5525/5525 5535/5535 5523/5523
f 5510/5510 5525/5525 5523/5523
f 5510/5510 5523/5523 5509/5509
f 5523/5523 5534/5534 5522/5522
f 5523/5523 5522/5522 5508/5508
f 5509/5509 5523/5523 5508/5508
f 5522/5522 5530/5530 5517/5517
f 5508/5508 5522/5522 5517/5517
f 5508/5508 5517/5517 5507/5507
f 6400/6400 6450/6450 6374/6374
f 5519/5519 5516/5516 5504/5504
f 5504/5504 5516/5516 5505/5505
f 5516/5516 5515/5515 5505/5505
f 5505/5505 5515/5515 5453/5453
f 5453/5453 5515/5515 5513/5513
f 5453/5453 5513/5513 5452/5452
f 5452/5452 5513/5513 5512/5512
f 5452/5452 5512/5512 5450/5450
f 5449/5449 5450/5450 5514/5514
f 5449/5449 5514/5514 5451/5451
f 5514/5514 5511/5511 5451/5451
f 6314/6314 6341/6341 6313/6313
f 4083/4083 4085/4085 4299/4299
f 6313/6313 6341/6341 6312/6312
f 6312/6312 6339/6339 6299/6299
f 6299/6299 6339/6339 6315/6315
f 6315/6315 6338/6338 6309/6309
f 6338/6338 6337/6337 6309/6309
f 6309/6309 6337/6337 6311/6311
f 6337/6337 6342/6342 6311/6311
f 6311/6311 6342/6342 6343/6343
f 6343/6343 6342/6342 6376/6376
f 6376/6376 6342/6342 6411/6411
f 5036/5036 4970/4970 4971/4971
f 4971/4971 4970/4970 4953/4953
f 5162/5162 5161/5161 5297/5297
f 3882/3882 3880/3880 3773/3773
f 3882/3882 3773/3773 3774/3774
f 2488/2488 2602/2602 2477/2477
f 2477/2477 2601/2601 2490/2490
f 2490/2490 2596/2596 2555/2555
f 2555/2555 2594/2594 2556/2556
f 2556/2556 2594/2594 2593/2593
f 2557/2557 2595/2595 2578/2578
f 2557/2557 2578/2578 2553/2553
f 2553/2553 2579/2579 2554/2554
f 2579/2579 2581/2581 2554/2554
f 2559/2559 2587/2587 2558/2558
f 2558/2558 2584/2584 2552/2552
f 2586/2586 2590/2590 2551/2551
f 2551/2551 2590/2590 2540/2540
f 2540/2540 2590/2590 2542/2542
f 2542/2542 2591/2591 2544/2544
f 2544/2544 2592/2592 2576/2576
f 2599/2599 2644/2644 2622/2622
f 2489/2489 2604/2604 2488/2488
f 2644/2644 2685/2685 2991/2991
f 2622/2622 2644/2644 2991/2991
f 2991/2991 2685/2685 3148/3148
f 2499/2499 2617/2617 2502/2502
f 3148/3148 3149/3149 3325/3325
f 3148/3148 3325/3325 3371/3371
f 2647/2647 2643/2643 2513/2513
f 2513/2513 2643/2643 2617/2617
f 2513/2513 2617/2617 2499/2499
f 3371/3371 3325/3325 3555/3555
f 5353/5353 5251/5251 5255/5255
f 5255/5255 5251/5251 5199/5199
f 2713/2713 2712/2712 2711/2711
f 2712/2712 2675/2675 2711/2711
f 2755/2755 2713/2713 2711/2711
f 2759/2759 2758/2758 2757/2757
f 2760/2760 2759/2759 2757/2757
f 2757/2757 2758/2758 2755/2755
f 2761/2761 2760/2760 2762/2762
f 2764/2764 2763/2763 2762/2762
f 2763/2763 2761/2761 2762/2762
f 2764/2764 2765/2765 2763/2763
f 2768/2768 2765/2765 2766/2766
f 2766/2766 2765/2765 2764/2764
f 2767/2767 2768/2768 2766/2766
f 5032/5032 5063/5063 5097/5097
f 2769/2769 2771/2771 2767/2767
f 2769/2769 2767/2767 2766/2766
f 5988/5988 5980/5980 5979/5979
f 2772/2772 2770/2770 2769/2769
f 2770/2770 2771/2771 2769/2769
f 2773/2773 2770/2770 2772/2772
f 2774/2774 2773/2773 2772/2772
f 2775/2775 2774/2774 2772/2772
f 3075/3075 3073/3073 3074/3074
f 2781/2781 2782/2782 2776/2776
f 2776/2776 2774/2774 2775/2775
f 3090/3090 3089/3089 3088/3088
f 3089/3089 3092/3092 3086/3086
f 3088/3088 3089/3089 3086/3086
f 3092/3092 3094/3094 3086/3086
f 3086/3086 3094/3094 3083/3083
f 3086/3086 3083/3083 3084/3084
f 3084/3084 3083/3083 3081/3081
f 3077/3077 3076/3076 3075/3075
f 3075/3075 3076/3076 3073/3073
f 3074/3074 3073/3073 3072/3072
f 3072/3072 3073/3073 2861/2861
f 3072/3072 2861/2861 2826/2826
f 2789/2789 2785/2785 2784/2784
f 2785/2785 2783/2783 2784/2784
f 2784/2784 2783/2783 2781/2781
f 2783/2783 2782/2782 2781/2781
f 3117/3117 3113/3113 3090/3090
f 3117/3117 3090/3090 3091/3091
f 3083/3083 3080/3080 3081/3081
f 3081/3081 3080/3080 3077/3077
f 2790/2790 2792/2792 2789/2789
f 2792/2792 2785/2785 2789/2789
f 6118/6118 6117/6117 6098/6098
f 6096/6096 6088/6088 6097/6097
f 5904/5904 5934/5934 5913/5913
f 5913/5913 5934/5934 6000/6000
f 6025/6025 6000/6000 6028/6028
f 6025/6025 6028/6028 6031/6031
f 5865/5865 5860/5860 5866/5866
f 5866/5866 5860/5860 5864/5864
f 6461/6461 6458/6458 6457/6457
f 6457/6457 6458/6458 6453/6453
f 5441/5441 5510/5510 5440/5440
f 5440/5440 5510/5510 5509/5509
f 5440/5440 5509/5509 5439/5439
f 5439/5439 5509/5509 5508/5508
f 5439/5439 5508/5508 5507/5507
f 5439/5439 5507/5507 5444/5444
f 5443/5443 5449/5449 5451/5451
f 5443/5443 5451/5451 5442/5442
f 5511/5511 5510/5510 5451/5451
f 5451/5451 5510/5510 5441/5441
f 5442/5442 5451/5451 5441/5441
f 6400/6400 6374/6374 6354/6354
f 6374/6374 6344/6344 6325/6325
f 6354/6354 6374/6374 6325/6325
f 5506/5506 5519/5519 5504/5504
f 5438/5438 5506/5506 5504/5504
f 5438/5438 5504/5504 5448/5448
f 5504/5504 5505/5505 5448/5448
f 5448/5448 5505/5505 5447/5447
f 5505/5505 5453/5453 5447/5447
f 5447/5447 5453/5453 5445/5445
f 5453/5453 5452/5452 5445/5445
f 5452/5452 5450/5450 5446/5446
f 5445/5445 5452/5452 5446/5446
f 5446/5446 5450/5450 5449/5449
f 5446/5446 5449/5449 5434/5434
f 6325/6325 6344/6344 6303/6303
f 6303/6303 6344/6344 6340/6340
f 6340/6340 6314/6314 6300/6300
f 6303/6303 6340/6340 6300/6300
f 6314/6314 6313/6313 6295/6295
f 6300/6300 6314/6314 6295/6295
f 6295/6295 6313/6313 6296/6296
f 6313/6313 6312/6312 6296/6296
f 4298/4298 4299/4299 4300/4300
f 6296/6296 6312/6312 6299/6299
f 6299/6299 6315/6315 6309/6309
f 6376/6376 6411/6411 6412/6412
f 5184/5184 5085/5085 5053/5053
f 5185/5185 5184/5184 5053/5053
f 5053/5053 5085/5085 5036/5036
f 5053/5053 5036/5036 4971/4971
f 4971/4971 4953/4953 4960/4960
f 4960/4960 4953/4953 4956/4956
f 4956/4956 4953/4953 4955/4955
f 4958/4958 5026/5026 5014/5014
f 5014/5014 5026/5026 5161/5161
f 5014/5014 5161/5161 5162/5162
f 5297/5297 5350/5350 5343/5343
f 2477/2477 2490/2490 2479/2479
f 2479/2479 2490/2490 2514/2514
f 2490/2490 2555/2555 2514/2514
f 2514/2514 2555/2555 2517/2517
f 2517/2517 2555/2555 2556/2556
f 2517/2517 2556/2556 2518/2518
f 2518/2518 2556/2556 2557/2557
f 2518/2518 2557/2557 2521/2521
f 2521/2521 2557/2557 2553/2553
f 2521/2521 2553/2553 2523/2523
f 2523/2523 2553/2553 2554/2554
f 2523/2523 2554/2554 2524/2524
f 2554/2554 2559/2559 2524/2524
f 2524/2524 2559/2559 2531/2531
f 2559/2559 2558/2558 2531/2531
f 2558/2558 2552/2552 2531/2531
f 2531/2531 2552/2552 2528/2528
f 2552/2552 2551/2551 2528/2528
f 2528/2528 2551/2551 2530/2530
f 2530/2530 2551/2551 2540/2540
f 2495/2495 2502/2502 2489/2489
f 2495/2495 2499/2499 2502/2502
f 2512/2512 2647/2647 2513/2513
f 2512/2512 2513/2513 2501/2501
f 2501/2501 2513/2513 2499/2499
f 2675/2675 2647/2647 2512/2512
f 2711/2711 2675/2675 2681/2681
f 5255/5255 5199/5199 5139/5139
f 2733/2733 2711/2711 2681/2681
f 2756/2756 2755/2755 2733/2733
f 2733/2733 2755/2755 2711/2711
f 5139/5139 5057/5057 5062/5062
f 2757/2757 2755/2755 2756/2756
f 5062/5062 5057/5057 4984/4984
f 2828/2828 2760/2760 2757/2757
f 2828/2828 2757/2757 2756/2756
f 4984/4984 4915/4915 4911/4911
f 2827/2827 2762/2762 2828/2828
f 2828/2828 2762/2762 2760/2760
f 2814/2814 2764/2764 2762/2762
f 2814/2814 2762/2762 2827/2827
f 2804/2804 2766/2766 2814/2814
f 2814/2814 2766/2766 2764/2764
f 2769/2769 2766/2766 2804/2804
f 2803/2803 2769/2769 2804/2804
f 2772/2772 2769/2769 2802/2802
f 2802/2802 2769/2769 2803/2803
f 2780/2780 2772/2772 2802/2802
f 2777/2777 2775/2775 2779/2779
f 2775/2775 2772/2772 2780/2780
f 2779/2779 2775/2775 2780/2780
f 2781/2781 2776/2776 2778/2778
f 2787/2787 2781/2781 2778/2778
f 2776/2776 2775/2775 2777/2777
f 2778/2778 2776/2776 2777/2777
f 3091/3091 3090/3090 3088/3088
f 3088/3088 3086/3086 3087/3087
f 3087/3087 3086/3086 3085/3085
f 3086/3086 3084/3084 3085/3085
f 3085/3085 3084/3084 3081/3081
f 2789/2789 2784/2784 2788/2788
f 2788/2788 2784/2784 2786/2786
f 2786/2786 2784/2784 2781/2781
f 2786/2786 2781/2781 2787/2787
f 2826/2826 2790/2790 2791/2791
f 2790/2790 2789/2789 2788/2788
f 2791/2791 2790/2790 2788/2788
f 5910/5910 5913/5913 6000/6000
f 5910/5910 6000/6000 6001/6001
f 6001/6001 6000/6000 6025/6025
f 6001/6001 6025/6025 6026/6026
f 6026/6026 6025/6025 6031/6031
f 6026/6026 6031/6031 6030/6030
f 6031/6031 6033/6033 6032/6032
f 6030/6030 6031/6031 6032/6032
f 5867/5867 5866/5866 5864/5864
f 5867/5867 5864/5864 5868/5868
f 6461/6461 6457/6457 6460/6460
f 6460/6460 6457/6457 6456/6456
f 6456/6456 6457/6457 6453/6453
f 6456/6456 6453/6453 6452/6452
f 6453/6453 6400/6400 6452/6452
f 5425/5425 5440/5440 5424/5424
f 5424/5424 5440/5440 5439/5439
f 5424/5424 5439/5439 5420/5420
f 5420/5420 5439/5439 5444/5444
f 5420/5420 5444/5444 5427/5427
f 6452/6452 6400/6400 6416/6416
f 5434/5434 5443/5443 5431/5431
f 5431/5431 5443/5443 5442/5442
f 5431/5431 5442/5442 5430/5430
f 5430/5430 5442/5442 5425/5425
f 5425/5425 5442/5442 5441/5441
f 5425/5425 5441/5441 5440/5440
f 6416/6416 6400/6400 6354/6354
f 5438/5438 5448/5448 5432/5432
f 5448/5448 5447/5447 5426/5426
f 5432/5432 5448/5448 5426/5426
f 5426/5426 5447/5447 5429/5429
f 5429/5429 5447/5447 5445/5445
f 5429/5429 5445/5445 5433/5433
f 5433/5433 5445/5445 5446/5446
f 5433/5433 5446/5446 5434/5434
f 6354/6354 6325/6325 6324/6324
f 6324/6324 6325/6325 6303/6303
f 6324/6324 6303/6303 6302/6302
f 6302/6302 6303/6303 6300/6300
f 6302/6302 6300/6300 6301/6301
f 6300/6300 6295/6295 6297/6297
f 6301/6301 6300/6300 6297/6297
f 6295/6295 6296/6296 6297/6297
f 6297/6297 6296/6296 6298/6298
f 6296/6296 6299/6299 6298/6298
f 6299/6299 6309/6309 6308/6308
f 6298/6298 6299/6299 6308/6308
f 6308/6308 6309/6309 6310/6310
f 6310/6310 6309/6309 6311/6311
f 6310/6310 6311/6311 6316/6316
f 6316/6316 6311/6311 6343/6343
f 2477/2477 2479/2479 2478/2478
f 2478/2478 2479/2479 2481/2481
f 2514/2514 2517/2517 2516/2516
f 2516/2516 2517/2517 2518/2518
f 2516/2516 2518/2518 2519/2519
f 2518/2518 2521/2521 2520/2520
f 2519/2519 2518/2518 2520/2520
f 2526/2526 2524/2524 2531/2531
f 2526/2526 2531/2531 2528/2528
f 2539/2539 2530/2530 2540/2540
f 2495/2495 2489/2489 2487/2487
f 2489/2489 2488/2488 2487/2487
f 2488/2488 2477/2477 2476/2476
f 2487/2487 2488/2488 2476/2476
f 2622/2622 2991/2991 2683/2683
f 2683/2683 2991/2991 3148/3148
f 3148/3148 3371/3371 3326/3326
f 3162/3162 3148/3148 3326/3326
f 3326/3326 3371/3371 3555/3555
f 5256/5256 5353/5353 5255/5255
f 2829/2829 2681/2681 2680/2680
f 2733/2733 2681/2681 2829/2829
f 2836/2836 2756/2756 2733/2733
f 2827/2827 2828/2828 2834/2834
f 4912/4912 4928/4928 4906/4906
f 2823/2823 2804/2804 2814/2814
f 4906/4906 4928/4928 5032/5032
f 5987/5987 5988/5988 5979/5979
f 5987/5987 5979/5979 5977/5977
f 2807/2807 2779/2779 2780/2780
f 2787/2787 2778/2778 2806/2806
f 2806/2806 2778/2778 2805/2805
f 2778/2778 2777/2777 2805/2805
f 2805/2805 2777/2777 2779/2779
f 2805/2805 2779/2779 2807/2807
f 5883/5883 5877/5877 5879/5879
f 3093/3093 3091/3091 3088/3088
f 3093/3093 3088/3088 3095/3095
f 3095/3095 3088/3088 3087/3087
f 3087/3087 3085/3085 3099/3099
f 3099/3099 3085/3085 3098/3098
f 3085/3085 3081/3081 3098/3098
f 3079/3079 3077/3077 3075/3075
f 3074/3074 3072/3072 2871/2871
f 3072/3072 2826/2826 2871/2871
f 2797/2797 2788/2788 2786/2786
f 2797/2797 2786/2786 2809/2809
f 3117/3117 3091/3091 3093/3093
f 3126/3126 3117/3117 3093/3093
f 3098/3098 3081/3081 3082/3082
f 3081/3081 3077/3077 3082/3082
f 2826/2826 2791/2791 2798/2798
f 2871/2871 2826/2826 2798/2798
f 2798/2798 2791/2791 2788/2788
f 2798/2798 2788/2788 2797/2797
f 5880/5880 5881/5881 5887/5887
f 5910/5910 6001/6001 6002/6002
f 6001/6001 6026/6026 6002/6002
f 6002/6002 6026/6026 6029/6029
f 6029/6029 6026/6026 6030/6030
f 5696/5696 5699/5699 5701/5701
f 5701/5701 5700/5700 5694/5694
f 5696/5696 5701/5701 5694/5694
f 5694/5694 5700/5700 5697/5697
f 6459/6459 6460/6460 6456/6456
f 6459/6459 6456/6456 6452/6452
f 5401/5401 5425/5425 5403/5403
f 5425/5425 5424/5424 5403/5403
f 5403/5403 5424/5424 5406/5406
f 5424/5424 5420/5420 5406/5406
f 5420/5420 5427/5427 5409/5409
f 5406/5406 5420/5420 5409/5409
f 6429/6429 6452/6452 6416/6416
f 5393/5393 5434/5434 5410/5410
f 5410/5410 5434/5434 5431/5431
f 5431/5431 5430/5430 5400/5400
f 5410/5410 5431/5431 5400/5400
f 5430/5430 5425/5425 5400/5400
f 5400/5400 5425/5425 5401/5401
f 6416/6416 6354/6354 6392/6392
f 6429/6429 6416/6416 6392/6392
f 6392/6392 6354/6354 6324/6324
f 5438/5438 5432/5432 5423/5423
f 5454/5454 5438/5438 5423/5423
f 5423/5423 5432/5432 5421/5421
f 5421/5421 5432/5432 5426/5426
f 5421/5421 5426/5426 5418/5418
f 5418/5418 5426/5426 5417/5417
f 5426/5426 5429/5429 5417/5417
f 5417/5417 5429/5429 5419/5419
f 5429/5429 5433/5433 5428/5428
f 5419/5419 5429/5429 5428/5428
f 5428/5428 5433/5433 5393/5393
f 6302/6302 6301/6301 6306/6306
f 6301/6301 6297/6297 6306/6306
f 6306/6306 6297/6297 6304/6304
f 6304/6304 6297/6297 6298/6298
f 6304/6304 6298/6298 6305/6305
f 6305/6305 6298/6298 6307/6307
f 6307/6307 6298/6298 6308/6308
f 6316/6316 6343/6343 6376/6376
f 3952/3952 4025/4025 4026/4026
f 4956/4956 4955/4955 4957/4957
f 4957/4957 4955/4955 4958/4958
f 5014/5014 5162/5162 5136/5136
f 5190/5190 5162/5162 5297/5297
f 2476/2476 2477/2477 2478/2478
f 2481/2481 2479/2479 2484/2484
f 2479/2479 2514/2514 2484/2484
f 2484/2484 2514/2514 2515/2515
f 2515/2515 2514/2514 2516/2516
f 2520/2520 2521/2521 2522/2522
f 2521/2521 2523/2523 2522/2522
f 2522/2522 2523/2523 2524/2524
f 2522/2522 2524/2524 2525/2525
f 2525/2525 2524/2524 2526/2526
f 2526/2526 2528/2528 2527/2527
f 2528/2528 2530/2530 2529/2529
f 2529/2529 2530/2530 2539/2539
f 2539/2539 2540/2540 2541/2541
f 2541/2541 2540/2540 2542/2542
f 2541/2541 2542/2542 2544/2544
f 2541/2541 2544/2544 2545/2545
f 2544/2544 2576/2576 2560/2560
f 2545/2545 2544/2544 2560/2560
f 2560/2560 2576/2576 2599/2599
f 2560/2560 2599/2599 2600/2600
f 2494/2494 2495/2495 2487/2487
f 2600/2600 2599/2599 2622/2622
f 2600/2600 2622/2622 2683/2683
f 2683/2683 3148/3148 3162/3162
f 2496/2496 2499/2499 2495/2495
f 2496/2496 2495/2495 2494/2494
f 2512/2512 2501/2501 2506/2506
f 2506/2506 2501/2501 2500/2500
f 2500/2500 2501/2501 2499/2499
f 2500/2500 2499/2499 2496/2496
f 3326/3326 3555/3555 3516/3516
f 2680/2680 2512/2512 2511/2511
f 2511/2511 2512/2512 2506/2506
f 3516/3516 3555/3555 3627/3627
f 5256/5256 5255/5255 5139/5139
f 5256/5256 5139/5139 5174/5174
f 2836/2836 2733/2733 2829/2829
f 5174/5174 5139/5139 5062/5062
f 5062/5062 4984/4984 4985/4985
f 2835/2835 2828/2828 2756/2756
f 2835/2835 2756/2756 2836/2836
f 4985/4985 4984/4984 4911/4911
f 2834/2834 2828/2828 2835/2835
f 2833/2833 2827/2827 2834/2834
f 2832/2832 2814/2814 2827/2827
f 2832/2832 2827/2827 2833/2833
f 2825/2825 2814/2814 2832/2832
f 4905/4905 4912/4912 4906/4906
f 2823/2823 2814/2814 2825/2825
f 4906/4906 5032/5032 5033/5033
f 2821/2821 2804/2804 2823/2823
f 5033/5033 5032/5032 5097/5097
f 5033/5033 5097/5097 5119/5119
f 2820/2820 2803/2803 2804/2804
f 2820/2820 2804/2804 2821/2821
f 2813/2813 2802/2802 2803/2803
f 2813/2813 2803/2803 2820/2820
f 2812/2812 2780/2780 2802/2802
f 2812/2812 2802/2802 2813/2813
f 5890/5890 5889/5889 5888/5888
f 2807/2807 2780/2780 2812/2812
f 2818/2818 2806/2806 2805/2805
f 3095/3095 3087/3087 3101/3101
f 3101/3101 3087/3087 3099/3099
f 3079/3079 3075/3075 3078/3078
f 3103/3103 3079/3079 3078/3078
f 3078/3078 3075/3075 3074/3074
f 3078/3078 3074/3074 3110/3110
f 3110/3110 3074/3074 2871/2871
f 2809/2809 2786/2786 2808/2808
f 2808/2808 2786/2786 2787/2787
f 2808/2808 2787/2787 2806/2806
f 3126/3126 3093/3093 3108/3108
f 3108/3108 3093/3093 3095/3095
f 2871/2871 2798/2798 2811/2811
f 2811/2811 2798/2798 2810/2810
f 2810/2810 2798/2798 2797/2797
f 2810/2810 2797/2797 2809/2809
f 5899/5899 5880/5880 5887/5887
f 5924/5924 5887/5887 5910/5910
f 5976/5976 5910/5910 6002/6002
f 5698/5698 5699/5699 5692/5692
f 5692/5692 5699/5699 5696/5696
f 6459/6459 6452/6452 6433/6433
f 6433/6433 6452/6452 6429/6429
f 5399/5399 5401/5401 5402/5402
f 5401/5401 5403/5403 5402/5402
f 5403/5403 5406/5406 5405/5405
f 5402/5402 5403/5403 5405/5405
f 5406/5406 5409/5409 5408/5408
f 5405/5405 5406/5406 5408/5408
f 6433/6433 6429/6429 6392/6392
f 5436/5436 5423/5423 5422/5422
f 5422/5422 5423/5423 5421/5421
f 5422/5422 5421/5421 5414/5414
f 5414/5414 5421/5421 5418/5418
f 5414/5414 5418/5418 5417/5417
f 5414/5414 5417/5417 5412/5412
f 5417/5417 5419/5419 5412/5412
f 5393/5393 5410/5410 5397/5397
f 5397/5397 5410/5410 5400/5400
f 5397/5397 5400/5400 5399/5399
f 6392/6392 6324/6324 6333/6333
f 5419/5419 5428/5428 5392/5392
f 5392/5392 5428/5428 5393/5393
f 6333/6333 6324/6324 6302/6302
f 6333/6333 6302/6302 6329/6329
f 6329/6329 6302/6302 6306/6306
f 6329/6329 6306/6306 6322/6322
f 6322/6322 6306/6306 6304/6304
f 6322/6322 6304/6304 6321/6321
f 4315/4315 4316/4316 4313/4313
f 6321/6321 6304/6304 6305/6305
f 3990/3990 4002/4002 4003/4003
f 3990/3990 4003/4003 4006/4006
f 6307/6307 6308/6308 6317/6317
f 6317/6317 6308/6308 6310/6310
f 6317/6317 6310/6310 6318/6318
f 6318/6318 6310/6310 6319/6319
f 6319/6319 6310/6310 6316/6316
f 6316/6316 6376/6376 6380/6380
f 6380/6380 6376/6376 6412/6412
f 4012/4012 4029/4029 4048/4048
f 4957/4957 4958/4958 5014/5014
f 4957/4957 5014/5014 5028/5028
f 5028/5028 5014/5014 5136/5136
f 5190/5190 5297/5297 5299/5299
f 2476/2476 2478/2478 2480/2480
f 2480/2480 2478/2478 2481/2481
f 2485/2485 2484/2484 2515/2515
f 2515/2515 2516/2516 2538/2538
f 2538/2538 2516/2516 2532/2532
f 2532/2532 2516/2516 2519/2519
f 2532/2532 2519/2519 2533/2533
f 2533/2533 2519/2519 2520/2520
f 2533/2533 2520/2520 2534/2534
f 2520/2520 2522/2522 2534/2534
f 2525/2525 2526/2526 2527/2527
f 2527/2527 2528/2528 2529/2529
f 2494/2494 2487/2487 2493/2493
f 2487/2487 2476/2476 2483/2483
f 2498/2498 2500/2500 2496/2496
f 2833/2833 2834/2834 2835/2835
f 2823/2823 2825/2825 2824/2824
f 2821/2821 2823/2823 2824/2824
f 2822/2822 2812/2812 2813/2813
f 5890/5890 5888/5888 5891/5891
f 2815/2815 2807/2807 2812/2812
f 2815/2815 2812/2812 2816/2816
f 2816/2816 2812/2812 2822/2822
f 2817/2817 2818/2818 2805/2805
f 2817/2817 2805/2805 2815/2815
f 2815/2815 2805/2805 2807/2807
f 3110/3110 2871/2871 3141/3141
f 2808/2808 2806/2806 2819/2819
f 2819/2819 2806/2806 2818/2818
f 3138/3138 3126/3126 3108/3108
f 3108/3108 3095/3095 3107/3107
f 3095/3095 3101/3101 3107/3107
f 3101/3101 3099/3099 3102/3102
f 3099/3099 3098/3098 3102/3102
f 3098/3098 3082/3082 3111/3111
f 3102/3102 3098/3098 3111/3111
f 3111/3111 3082/3082 3112/3112
f 3112/3112 3082/3082 3103/3103
f 3141/3141 2871/2871 2940/2940
f 2871/2871 2811/2811 2863/2863
f 2940/2940 2871/2871 2863/2863
f 2863/2863 2811/2811 2851/2851
f 2851/2851 2811/2811 2810/2810
f 2851/2851 2810/2810 2831/2831
f 2810/2810 2809/2809 2830/2830
f 2831/2831 2810/2810 2830/2830
f 2830/2830 2809/2809 2808/2808
f 5976/5976 6002/6002 6027/6027
f 5693/5693 5698/5698 5692/5692
f 5692/5692 5696/5696 5691/5691
f 5691/5691 5696/5696 5694/5694
f 5691/5691 5694/5694 5665/5665
f 5694/5694 5697/5697 5676/5676
f 5665/5665 5694/5694 5676/5676
f 5676/5676 5697/5697 5683/5683
f 5683/5683 5697/5697 5695/5695
f 5407/5407 5411/5411 5463/5463
f 5463/5463 5411/5411 5464/5464
f 5455/5455 5398/5398 5461/5461
f 5461/5461 5398/5398 5458/5458
f 5398/5398 5399/5399 5458/5458
f 5399/5399 5402/5402 5404/5404
f 5458/5458 5399/5399 5404/5404
f 6433/6433 6392/6392 6432/6432
f 5436/5436 5422/5422 5435/5435
f 5466/5466 5436/5436 5435/5435
f 5435/5435 5422/5422 5416/5416
f 5416/5416 5422/5422 5414/5414
f 5416/5416 5414/5414 5415/5415
f 5415/5415 5414/5414 5413/5413
f 5413/5413 5414/5414 5412/5412
f 5413/5413 5412/5412 5395/5395
f 5395/5395 5412/5412 5392/5392
f 5392/5392 5393/5393 5394/5394
f 5395/5395 5392/5392 5394/5394
f 5394/5394 5393/5393 5396/5396
f 5393/5393 5397/5397 5396/5396
f 5396/5396 5397/5397 5398/5398
f 6392/6392 6333/6333 6410/6410
f 6432/6432 6392/6392 6410/6410
f 6333/6333 6329/6329 6334/6334
f 6334/6334 6329/6329 6322/6322
f 6334/6334 6322/6322 6335/6335
f 6335/6335 6322/6322 6330/6330
f 6330/6330 6322/6322 6321/6321
f 6330/6330 6321/6321 6323/6323
f 4134/4134 4364/4364 4354/4354
f 6323/6323 6321/6321 6305/6305
f 6323/6323 6305/6305 6320/6320
f 6320/6320 6305/6305 6307/6307
f 6320/6320 6307/6307 6317/6317
f 5185/5185 5053/5053 5098/5098
f 5098/5098 5053/5053 4988/4988
f 4988/4988 5053/5053 4971/4971
f 2480/2480 2481/2481 2482/2482
f 2482/2482 2481/2481 2484/2484
f 2482/2482 2484/2484 2485/2485
f 2485/2485 2515/2515 2538/2538
f 2534/2534 2522/2522 2535/2535
f 2535/2535 2522/2522 2525/2525
f 2535/2535 2525/2525 2527/2527
f 2535/2535 2527/2527 2536/2536
f 2536/2536 2527/2527 2537/2537
f 2537/2537 2527/2527 2529/2529
f 2537/2537 2529/2529 2546/2546
f 2546/2546 2529/2529 2539/2539
f 2546/2546 2539/2539 2543/2543
f 2539/2539 2541/2541 2543/2543
f 2543/2543 2541/2541 2545/2545
f 2543/2543 2545/2545 2547/2547
f 2547/2547 2545/2545 2560/2560
f 2492/2492 2493/2493 2487/2487
f 2492/2492 2487/2487 2483/2483
f 2483/2483 2476/2476 2480/2480
f 2560/2560 2600/2600 2621/2621
f 2600/2600 2683/2683 2684/2684
f 2621/2621 2600/2600 2684/2684
f 2684/2684 2683/2683 3071/3071
f 2683/2683 3162/3162 3071/3071
f 2497/2497 2496/2496 2493/2493
f 2493/2493 2496/2496 2494/2494
f 3071/3071 3162/3162 3251/3251
f 3162/3162 3326/3326 3251/3251
f 2506/2506 2500/2500 2498/2498
f 2507/2507 2506/2506 2498/2498
f 2498/2498 2496/2496 2497/2497
f 3251/3251 3326/3326 3516/3516
f 2710/2710 2680/2680 2511/2511
f 2511/2511 2506/2506 2507/2507
f 2837/2837 2680/2680 2710/2710
f 2852/2852 2829/2829 2837/2837
f 2837/2837 2829/2829 2680/2680
f 2836/2836 2829/2829 2856/2856
f 2856/2856 2829/2829 2852/2852
f 2857/2857 2836/2836 2856/2856
f 2858/2858 2835/2835 2836/2836
f 2858/2858 2836/2836 2857/2857
f 2833/2833 2835/2835 2859/2859
f 2859/2859 2835/2835 2858/2858
f 2860/2860 2833/2833 2859/2859
f 4911/4911 4912/4912 4905/4905
f 2832/2832 2833/2833 2860/2860
f 2868/2868 2825/2825 2832/2832
f 2866/2866 2824/2824 2825/2825
f 2866/2866 2825/2825 2868/2868
f 2867/2867 2821/2821 2824/2824
f 2867/2867 2824/2824 2866/2866
f 5033/5033 5119/5119 5120/5120
f 2869/2869 2820/2820 2821/2821
f 2869/2869 2821/2821 2867/2867
f 5119/5119 5218/5218 5120/5120
f 2870/2870 2813/2813 2820/2820
f 2870/2870 2820/2820 2869/2869
f 5978/5978 5977/5977 5900/5900
f 2822/2822 2813/2813 2916/2916
f 2916/2916 2813/2813 2870/2870
f 2894/2894 2815/2815 2816/2816
f 2894/2894 2816/2816 2822/2822
f 2895/2895 2817/2817 2815/2815
f 2895/2895 2815/2815 2894/2894
f 3114/3114 3103/3103 3078/3078
f 3078/3078 3110/3110 3128/3128
f 3114/3114 3078/3078 3128/3128
f 3128/3128 3110/3110 3141/3141
f 2933/2933 2819/2819 2932/2932
f 2932/2932 2819/2819 2818/2818
f 2932/2932 2818/2818 2817/2817
f 3138/3138 3108/3108 3132/3132
f 3132/3132 3108/3108 3107/3107
f 3132/3132 3107/3107 3133/3133
f 3133/3133 3107/3107 3122/3122
f 3122/3122 3107/3107 3101/3101
f 3122/3122 3101/3101 3120/3120
f 3120/3120 3101/3101 3102/3102
f 3120/3120 3102/3102 3121/3121
f 3121/3121 3102/3102 3111/3111
f 3112/3112 3103/3103 3114/3114
f 2851/2851 2831/2831 2927/2927
f 2831/2831 2830/2830 2927/2927
f 2927/2927 2830/2830 2928/2928
f 2830/2830 2808/2808 2819/2819
f 2928/2928 2830/2830 2819/2819
f 2928/2928 2819/2819 2933/2933
f 5964/5964 5960/5960 5997/5997
f 6545/6545 6547/6547 6530/6530
f 5997/5997 5960/5960 5976/5976
f 5997/5997 5976/5976 6018/6018
f 5976/5976 6027/6027 6018/6018
f 5679/5679 5693/5693 5680/5680
f 5693/5693 5692/5692 5680/5680
f 5680/5680 5692/5692 5671/5671
f 5671/5671 5692/5692 5691/5691
f 5671/5671 5691/5691 5665/5665
f 5467/5467 5463/5463 5474/5474
f 5463/5463 5464/5464 5474/5474
f 5683/5683 5695/5695 5657/5657
f 5472/5472 5458/5458 5469/5469
f 5458/5458 5404/5404 5469/5469
f 5657/5657 5695/5695 5685/5685
f 5435/5435 5416/5416 5456/5456
f 5416/5416 5437/5437 5456/5456
f 5437/5437 5413/5413 5395/5395
f 6410/6410 6333/6333 6405/6405
f 6405/6405 6333/6333 6334/6334
f 6335/6335 6330/6330 6336/6336
f 6336/6336 6330/6330 6323/6323
f 4134/4134 4354/4354 4356/4356
f 6323/6323 6320/6320 6332/6332
f 6332/6332 6320/6320 6328/6328
f 6328/6328 6320/6320 6317/6317
f 6328/6328 6317/6317 6327/6327
f 6327/6327 6317/6317 6318/6318
f 6327/6327 6318/6318 6326/6326
f 6318/6318 6319/6319 6326/6326
f 6326/6326 6319/6319 6331/6331
f 5200/5200 5185/5185 5098/5098
f 4961/4961 4960/4960 4956/4956
f 5027/5027 4957/4957 5028/5028
f 5265/5265 5190/5190 5299/5299
f 2485/2485 2538/2538 2550/2550
f 2550/2550 2538/2538 2549/2549
f 2549/2549 2538/2538 2532/2532
f 2549/2549 2532/2532 2561/2561
f 2532/2532 2533/2533 2561/2561
f 2533/2533 2534/2534 2561/2561
f 2561/2561 2534/2534 2562/2562
f 2562/2562 2534/2534 2563/2563
f 2563/2563 2534/2534 2535/2535
f 2563/2563 2535/2535 2568/2568
f 2568/2568 2535/2535 2536/2536
f 2548/2548 2543/2543 2547/2547
f 2491/2491 2492/2492 2483/2483
f 2491/2491 2483/2483 2480/2480
f 2491/2491 2480/2480 2486/2486
f 2486/2486 2480/2480 2482/2482
f 2710/2710 2511/2511 2507/2507
f 3516/3516 3627/3627 3613/3613
f 5256/5256 5174/5174 5147/5147
f 5147/5147 5174/5174 5062/5062
f 4985/4985 4911/4911 4976/4976
f 2832/2832 2860/2860 2911/2911
f 2868/2868 2832/2832 2911/2911
f 2958/2958 2869/2869 2867/2867
f 2961/2961 2870/2870 2869/2869
f 2961/2961 2869/2869 2958/2958
f 5978/5978 5900/5900 5970/5970
f 2916/2916 2870/2870 2961/2961
f 3024/3024 2894/2894 2822/2822
f 3024/3024 2822/2822 2916/2916
f 3026/3026 2895/2895 2894/2894
f 5957/5957 5893/5893 5895/5895
f 3028/3028 2932/2932 2817/2817
f 3028/3028 2817/2817 2895/2895
f 3028/3028 2895/2895 3027/3027
f 3136/3136 3112/3112 3114/3114
f 3128/3128 3141/3141 3364/3364
f 3167/3167 2928/2928 2933/2933
f 2933/2933 2932/2932 3028/3028
f 3167/3167 2933/2933 3028/3028
f 5961/5961 5894/5894 5897/5897
f 3265/3265 3138/3138 3132/3132
f 3121/3121 3111/3111 3233/3233
f 3233/3233 3111/3111 3232/3232
f 3111/3111 3112/3112 3232/3232
f 3232/3232 3112/3112 3136/3136
f 3364/3364 3141/3141 2940/2940
f 3364/3364 2940/2940 3237/3237
f 2940/2940 2863/2863 3175/3175
f 3237/3237 2940/2940 3175/3175
f 3175/3175 2863/2863 2851/2851
f 3175/3175 2851/2851 3174/3174
f 2851/2851 2927/2927 3174/3174
f 3174/3174 2927/2927 3168/3168
f 3168/3168 2927/2927 2928/2928
f 5961/5961 5955/5955 5967/5967
f 5678/5678 5679/5679 5626/5626
f 5653/5653 5679/5679 5680/5680
f 5653/5653 5680/5680 5610/5610
f 5610/5610 5680/5680 5671/5671
f 5665/5665 5676/5676 5616/5616
f 5483/5483 5481/5481 5484/5484
f 5676/5676 5683/5683 5640/5640
f 5616/5616 5676/5676 5640/5640
f 5683/5683 5657/5657 5640/5640
f 5640/5640 5657/5657 5637/5637
f 5471/5471 5462/5462 5459/5459
f 5471/5471 5459/5459 5480/5480
f 5477/5477 5468/5468 5475/5475
f 5468/5468 5461/5461 5475/5475
f 5456/5456 5437/5437 5457/5457
f 5457/5457 5437/5437 5460/5460
f 5657/5657 5685/5685 5664/5664
f 5637/5637 5657/5657 5664/5664
f 6434/6434 6405/6405 6426/6426
f 6426/6426 6405/6405 6414/6414
f 6414/6414 6335/6335 6415/6415
f 6335/6335 6336/6336 6403/6403
f 4358/4358 4365/4365 4360/4360
f 6403/6403 6336/6336 6393/6393
f 6393/6393 6336/6336 6323/6323
f 6393/6393 6323/6323 6332/6332
f 4069/4069 4198/4198 4157/4157
f 6404/6404 6331/6331 6380/6380
f 5012/5012 5098/5098 4988/4988
f 4956/4956 4957/4957 4986/4986
f 4986/4986 4957/4957 5027/5027
f 2491/2491 2486/2486 2508/2508
f 2485/2485 2550/2550 2571/2571
f 2572/2572 2550/2550 2549/2549
f 2572/2572 2549/2549 2573/2573
f 2573/2573 2549/2549 2561/2561
f 2561/2561 2562/2562 2574/2574
f 2567/2567 2562/2562 2563/2563
f 2536/2536 2537/2537 2570/2570
f 2569/2569 2536/2536 2570/2570
f 2570/2570 2537/2537 2546/2546
f 2565/2565 2546/2546 2543/2543
f 2652/2652 2560/2560 2621/2621
f 2497/2497 2493/2493 2505/2505
f 2505/2505 2493/2493 2503/2503
f 2493/2493 2492/2492 2503/2503
f 2503/2503 2492/2492 2491/2491
f 3071/3071 3251/3251 3231/3231
f 2507/2507 2498/2498 2510/2510
f 2510/2510 2498/2498 2497/2497
f 2510/2510 2497/2497 2505/2505
f 3251/3251 3516/3516 3390/3390
f 2710/2710 2507/2507 2864/2864
f 3390/3390 3516/3516 3613/3613
f 5317/5317 5256/5256 5288/5288
f 2897/2897 2852/2852 2837/2837
f 5288/5288 5256/5256 5147/5147
f 2899/2899 2852/2852 2897/2897
f 5147/5147 5062/5062 4985/4985
f 5147/5147 4985/4985 5101/5101
f 5101/5101 4985/4985 4976/4976
f 2909/2909 2859/2859 2858/2858
f 4976/4976 4911/4911 4910/4910
f 2860/2860 2859/2859 2910/2910
f 2911/2911 2860/2860 2910/2910
f 2868/2868 2911/2911 2959/2959
f 2957/2957 2866/2866 2868/2868
f 2957/2957 2868/2868 2959/2959
f 2957/2957 2867/2867 2866/2866
f 5033/5033 5120/5120 5034/5034
f 4906/4906 5033/5033 5034/5034
f 2958/2958 2867/2867 2957/2957
f 2961/2961 2958/2958 3046/3046
f 5034/5034 5120/5120 5214/5214
f 2916/2916 2961/2961 3025/3025
f 3025/3025 2961/2961 3046/3046
f 3024/3024 2916/2916 3025/3025
f 3026/3026 2894/2894 3024/3024
f 3067/3067 3026/3026 3024/3024
f 3166/3166 3028/3028 3027/3027
f 2895/2895 3026/3026 3027/3027
f 3136/3136 3114/3114 3214/3214
f 3214/3214 3114/3114 3128/3128
f 3214/3214 3128/3128 3235/3235
f 3235/3235 3128/3128 3364/3364
f 3228/3228 3167/3167 3028/3028
f 3228/3228 3028/3028 3229/3229
f 3265/3265 3132/3132 3133/3133
f 3265/3265 3133/3133 3299/3299
f 3133/3133 3122/3122 3299/3299
f 3299/3299 3122/3122 3302/3302
f 3302/3302 3122/3122 3120/3120
f 3302/3302 3120/3120 3303/3303
f 3303/3303 3120/3120 3121/3121
f 3303/3303 3121/3121 3233/3233
f 3232/3232 3136/3136 3323/3323
f 3175/3175 3174/3174 3298/3298
f 3298/3298 3174/3174 3296/3296
f 3296/3296 3174/3174 3168/3168
f 3296/3296 3168/3168 3297/3297
f 2928/2928 3167/3167 3168/3168
f 3297/3297 3168/3168 3167/3167
f 3297/3297 3167/3167 3313/3313
f 5961/5961 5967/5967 5972/5972
f 3233/3233 3232/3232 3375/3375
f 3375/3375 3232/3232 3374/3374
f 6517/6517 6522/6522 6514/6514
f 5610/5610 5671/5671 5602/5602
f 5602/5602 5671/5671 5665/5665
f 5602/5602 5665/5665 5616/5616
f 6564/6564 6566/6566 6556/6556
f 5616/5616 5640/5640 5603/5603
f 5603/5603 5640/5640 5637/5637
f 5478/5478 5457/5457 5476/5476
f 5476/5476 5457/5457 5465/5465
f 5476/5476 5465/5465 5473/5473
f 5473/5473 5465/5465 5470/5470
f 5473/5473 5470/5470 5477/5477
f 5638/5638 5664/5664 5658/5658
f 6439/6439 6426/6426 6431/6431
f 6426/6426 6414/6414 6431/6431
f 6431/6431 6414/6414 6415/6415
f 6415/6415 6403/6403 6413/6413
f 6413/6413 6403/6403 6393/6393
f 4468/4468 4271/4271 4494/4494
f 4216/4216 4272/4272 4287/4287
f 6395/6395 6393/6393 6332/6332
f 6395/6395 6332/6332 6394/6394
f 6394/6394 6332/6332 6328/6328
f 6394/6394 6328/6328 6391/6391
f 6391/6391 6328/6328 6327/6327
f 6391/6391 6327/6327 6390/6390
f 6327/6327 6326/6326 6390/6390
f 6390/6390 6326/6326 6389/6389
f 6326/6326 6331/6331 6389/6389
f 6389/6389 6331/6331 6404/6404
f 5211/5211 5200/5200 5099/5099
f 5099/5099 5200/5200 5098/5098
f 4988/4988 4971/4971 4961/4961
f 4971/4971 4960/4960 4961/4961
f 5027/5027 5028/5028 5148/5148
f 5028/5028 5136/5136 5148/5148
f 5148/5148 5190/5190 5265/5265
f 4848/4848 4653/4653 4787/4787
f 4269/4269 4241/4241 4149/4149
f 3942/3942 4042/4042 4041/4041
f 3942/3942 4041/4041 3913/3913
f 3909/3909 4035/4035 3897/3897
f 3932/3932 4038/4038 3931/3931
f 3933/3933 4052/4052 4058/4058
f 2509/2509 2491/2491 2508/2508
f 2508/2508 2486/2486 2575/2575
f 2575/2575 2486/2486 2482/2482
f 2575/2575 2482/2482 2571/2571
f 2482/2482 2485/2485 2571/2571
f 2572/2572 2571/2571 2550/2550
f 2573/2573 2561/2561 2574/2574
f 2574/2574 2562/2562 2567/2567
f 2567/2567 2563/2563 2568/2568
f 2567/2567 2568/2568 2569/2569
f 2569/2569 2568/2568 2536/2536
f 2569/2569 2570/2570 2566/2566
f 2570/2570 2546/2546 2566/2566
f 2566/2566 2546/2546 2565/2565
f 2565/2565 2543/2543 2564/2564
f 2543/2543 2548/2548 2564/2564
f 2548/2548 2547/2547 2577/2577
f 2564/2564 2548/2548 2577/2577
f 2547/2547 2560/2560 2577/2577
f 2577/2577 2560/2560 2652/2652
f 2621/2621 2684/2684 2992/2992
f 2503/2503 2491/2491 2504/2504
f 2684/2684 3071/3071 3200/3200
f 2992/2992 2684/2684 3200/3200
f 3200/3200 3071/3071 3231/3231
f 2840/2840 2507/2507 2510/2510
f 2840/2840 2510/2510 2841/2841
f 3231/3231 3251/3251 3390/3390
f 2864/2864 2507/2507 2840/2840
f 3390/3390 3613/3613 3612/3612
f 2896/2896 2710/2710 2864/2864
f 5359/5359 5317/5317 5288/5288
f 2837/2837 2710/2710 2897/2897
f 2856/2856 2852/2852 2899/2899
f 2898/2898 2856/2856 2899/2899
f 2909/2909 2858/2858 2857/2857
f 2909/2909 2857/2857 2898/2898
f 2910/2910 2859/2859 2909/2909
f 4910/4910 4911/4911 4905/4905
f 2911/2911 2910/2910 2960/2960
f 2959/2959 2911/2911 2960/2960
f 3064/3064 2957/2957 2959/2959
f 3065/3065 2957/2957 3064/3064
f 2958/2958 2957/2957 3066/3066
f 3066/3066 2957/2957 3065/3065
f 3066/3066 3046/3046 2958/2958
f 5034/5034 5214/5214 5035/5035
f 5975/5975 5970/5970 5953/5953
f 5975/5975 5953/5953 5966/5966
f 3024/3024 3025/3025 3212/3212
f 3230/3230 3067/3067 3024/3024
f 3261/3261 3166/3166 3067/3067
f 3229/3229 3028/3028 3166/3166
f 3229/3229 3166/3166 3318/3318
f 5969/5969 5961/5961 5971/5971
f 3323/3323 3136/3136 3214/3214
f 3235/3235 3364/3364 3237/3237
f 3235/3235 3237/3237 3386/3386
f 3313/3313 3167/3167 3228/3228
f 3313/3313 3228/3228 3229/3229
f 3559/3559 3265/3265 3376/3376
f 3376/3376 3265/3265 3299/3299
f 3376/3376 3299/3299 3383/3383
f 3383/3383 3299/3299 3302/3302
f 3383/3383 3302/3302 3387/3387
f 3387/3387 3302/3302 3303/3303
f 3303/3303 3233/3233 3393/3393
f 3393/3393 3233/3233 3375/3375
f 3386/3386 3237/3237 3572/3572
f 3237/3237 3175/3175 3363/3363
f 3572/3572 3237/3237 3363/3363
f 3363/3363 3175/3175 3298/3298
f 3363/3363 3298/3298 3370/3370
f 3370/3370 3298/3298 3296/3296
f 3370/3370 3296/3296 3297/3297
f 6468/6468 6495/6495 6494/6494
f 5549/5549 5602/5602 5587/5587
f 6561/6561 6560/6560 6500/6500
f 6498/6498 6552/6552 6495/6495
f 5602/5602 5616/5616 5587/5587
f 5500/5500 5499/5499 5498/5498
f 6560/6560 6559/6559 6500/6500
f 6500/6500 6559/6559 6499/6499
f 6499/6499 6559/6559 6553/6553
f 6553/6553 6565/6565 6498/6498
f 6565/6565 6564/6564 6498/6498
f 5587/5587 5603/5603 5591/5591
f 5591/5591 5603/5603 5604/5604
f 5601/5601 5604/5604 5636/5636
f 5636/5636 5638/5638 5646/5646
f 5646/5646 5662/5662 5660/5660
f 6442/6442 6431/6431 6430/6430
f 6430/6430 6415/6415 6413/6413
f 6430/6430 6413/6413 6427/6427
f 4421/4421 4468/4468 4494/4494
f 4281/4281 4455/4455 4423/4423
f 6413/6413 6395/6395 6419/6419
f 6427/6427 6413/6413 6419/6419
f 6394/6394 6391/6391 6409/6409
f 4210/4210 4368/4368 4370/4370
f 4210/4210 4370/4370 4252/4252
f 6391/6391 6390/6390 6408/6408
f 6408/6408 6390/6390 6406/6406
f 6406/6406 6390/6390 6389/6389
f 6406/6406 6389/6389 6407/6407
f 6389/6389 6404/6404 6417/6417
f 6407/6407 6389/6389 6417/6417
f 5059/5059 5211/5211 5099/5099
f 5012/5012 4988/4988 4962/4962
f 4962/4962 4988/4988 4961/4961
f 5148/5148 5265/5265 5269/5269
f 4193/4193 4269/4269 4149/4149
f 2508/2508 2575/2575 2631/2631
f 2575/2575 2571/2571 2630/2630
f 2630/2630 2571/2571 2626/2626
f 2571/2571 2572/2572 2626/2626
f 2626/2626 2572/2572 2627/2627
f 2572/2572 2573/2573 2627/2627
f 2627/2627 2573/2573 2628/2628
f 2573/2573 2574/2574 2628/2628
f 2628/2628 2574/2574 2629/2629
f 2629/2629 2574/2574 2567/2567
f 2629/2629 2567/2567 2625/2625
f 2567/2567 2569/2569 2625/2625
f 2625/2625 2569/2569 2624/2624
f 2569/2569 2566/2566 2624/2624
f 2624/2624 2566/2566 2565/2565
f 2624/2624 2565/2565 2623/2623
f 2623/2623 2565/2565 2564/2564
f 2623/2623 2564/2564 2612/2612
f 2612/2612 2564/2564 2577/2577
f 2917/2917 2577/2577 2652/2652
f 2652/2652 2621/2621 2992/2992
f 2841/2841 2510/2510 2505/2505
f 2841/2841 2505/2505 2862/2862
f 2505/2505 2503/2503 2862/2862
f 3200/3200 3231/3231 3327/3327
f 3231/3231 3390/3390 3327/3327
f 2864/2864 2840/2840 2841/2841
f 3327/3327 3390/3390 3585/3585
f 2896/2896 2864/2864 2938/2938
f 3585/3585 3390/3390 3612/3612
f 5301/5301 5359/5359 5288/5288
f 2955/2955 2897/2897 2896/2896
f 5288/5288 5147/5147 5130/5130
f 5130/5130 5147/5147 5101/5101
f 3037/3037 2909/2909 2898/2898
f 3038/3038 2909/2909 3037/3037
f 3045/3045 2910/2910 2909/2909
f 3045/3045 2909/2909 3038/3038
f 2960/2960 2910/2910 3045/3045
f 3142/3142 2959/2959 2960/2960
f 3064/3064 2959/2959 3139/3139
f 3139/3139 2959/2959 3142/3142
f 4905/4905 4906/4906 4907/4907
f 3217/3217 3065/3065 3064/3064
f 4906/4906 5034/5034 4983/4983
f 4907/4907 4906/4906 4983/4983
f 3046/3046 3066/3066 3226/3226
f 3219/3219 3046/3046 3226/3226
f 3025/3025 3046/3046 3212/3212
f 3212/3212 3046/3046 3219/3219
f 3024/3024 3212/3212 3230/3230
f 3261/3261 3067/3067 3230/3230
f 3318/3318 3261/3261 3373/3373
f 3323/3323 3214/3214 3365/3365
f 3214/3214 3235/3235 3386/3386
f 3365/3365 3214/3214 3386/3386
f 3401/3401 3229/3229 3318/3318
f 3401/3401 3318/3318 3575/3575
f 3387/3387 3303/3303 3393/3393
f 3590/3590 3374/3374 3323/3323
f 3297/3297 3313/3313 3403/3403
f 3403/3403 3313/3313 3402/3402
f 3313/3313 3229/3229 3402/3402
f 5993/5993 5972/5972 5992/5992
f 3615/3615 3559/3559 3376/3376
f 2398/2398 2410/2410 2226/2226
f 3393/3393 3375/3375 3574/3574
f 2327/2327 2445/2445 2376/2376
f 3375/3375 3374/3374 3574/3574
f 3574/3574 3374/3374 3606/3606
f 3572/3572 3363/3363 3588/3588
f 3588/3588 3363/3363 3552/3552
f 3363/3363 3370/3370 3552/3552
f 3552/3552 3370/3370 3551/3551
f 3370/3370 3297/3297 3551/3551
f 5632/5632 5646/5646 5633/5633
f 5646/5646 5660/5660 5645/5645
f 6442/6442 6430/6430 6441/6441
f 4564/4564 4659/4659 4565/4565
f 4446/4446 4562/4562 4455/4455
f 4455/4455 4562/4562 4542/4542
f 6427/6427 6419/6419 6435/6435
f 4400/4400 4572/4572 4421/4421
f 4369/4369 4489/4489 4419/4419
f 6419/6419 6395/6395 6423/6423
f 6423/6423 6395/6395 6394/6394
f 6423/6423 6394/6394 6409/6409
f 6421/6421 6409/6409 6408/6408
f 6408/6408 6406/6406 6420/6420
f 6420/6420 6406/6406 6422/6422
f 4252/4252 4370/4370 4384/4384
f 6422/6422 6406/6406 6407/6407
f 4203/4203 4289/4289 4288/4288
f 4203/4203 4288/4288 4204/4204
f 5059/5059 5099/5099 5012/5012
f 5059/5059 5012/5012 4900/4900
f 4204/4204 4279/4279 4205/4205
f 4900/4900 5012/5012 4962/4962
f 5105/5105 5148/5148 5269/5269
f 2630/2630 2626/2626 2923/2923
f 2625/2625 2624/2624 2921/2921
f 2921/2921 2624/2624 2920/2920
f 2920/2920 2624/2624 2919/2919
f 2919/2919 2624/2624 2623/2623
f 2623/2623 2612/2612 2912/2912
f 2612/2612 2577/2577 2917/2917
f 2873/2873 2504/2504 2509/2509
f 2873/2873 2509/2509 2874/2874
f 2874/2874 2509/2509 2508/2508
f 2874/2874 2508/2508 2631/2631
f 2917/2917 2652/2652 2987/2987
f 2652/2652 2992/2992 3169/3169
f 3169/3169 2992/2992 3200/3200
f 2862/2862 2503/2503 2872/2872
f 2872/2872 2503/2503 2504/2504
f 2872/2872 2504/2504 2873/2873
f 2937/2937 2841/2841 2934/2934
f 2934/2934 2841/2841 2913/2913
f 2864/2864 2841/2841 2937/2937
f 2938/2938 2864/2864 2937/2937
f 5359/5359 5301/5301 5347/5347
f 3585/3585 3612/3612 3626/3626
f 2955/2955 2896/2896 2938/2938
f 2897/2897 2955/2955 2899/2899
f 3039/3039 2899/2899 2955/2955
f 5301/5301 5288/5288 5130/5130
f 2898/2898 2899/2899 3039/3039
f 5130/5130 5101/5101 4976/4976
f 5130/5130 4976/4976 5067/5067
f 4976/4976 4910/4910 4967/4967
f 5067/5067 4976/4976 4967/4967
f 3142/3142 2960/2960 3045/3045
f 4910/4910 4905/4905 4908/4908
f 4908/4908 4905/4905 4907/4907
f 3217/3217 3064/3064 3139/3139
f 3217/3217 3139/3139 3259/3259
f 3260/3260 3065/3065 3217/3217
f 3226/3226 3066/3066 3065/3065
f 3295/3295 3226/3226 3065/3065
f 3295/3295 3065/3065 3260/3260
f 4983/4983 5034/5034 5035/5035
f 3340/3340 3212/3212 3219/3219
f 3340/3340 3219/3219 3339/3339
f 5975/5975 5966/5966 5985/5985
f 5975/5975 5985/5985 5986/5986
f 3341/3341 3230/3230 3212/3212
f 3341/3341 3212/3212 3340/3340
f 5986/5986 5985/5985 5984/5984
f 3373/3373 3230/3230 3341/3341
f 3261/3261 3230/3230 3373/3373
f 3575/3575 3318/3318 3373/3373
f 3590/3590 3323/3323 3365/3365
f 3590/3590 3365/3365 3607/3607
f 3365/3365 3386/3386 3625/3625
f 2218/2218 2450/2450 2448/2448
f 2425/2425 2406/2406 2351/2351
f 2351/2351 2406/2406 2329/2329
f 2329/2329 2406/2406 2405/2405
f 2226/2226 2410/2410 2225/2225
f 3609/3609 3383/3383 3387/3387
f 2225/2225 2446/2446 2445/2445
f 2225/2225 2445/2445 2327/2327
f 2206/2206 2330/2330 2427/2427
f 2448/2448 2466/2466 2454/2454
f 2205/2205 2424/2424 2204/2204
f 2204/2204 2424/2424 2425/2425
f 2204/2204 2425/2425 2352/2352
f 2352/2352 2425/2425 2351/2351
f 2389/2389 2398/2398 2247/2247
f 2042/2042 2389/2389 2247/2247
f 2247/2247 2398/2398 2226/2226
f 2327/2327 2376/2376 2331/2331
f 2331/2331 2376/2376 2330/2330
f 2448/2448 2454/2454 2386/2386
f 2448/2448 2386/2386 2349/2349
f 2386/2386 2454/2454 2401/2401
f 2386/2386 2401/2401 2212/2212
f 2401/2401 2400/2400 2212/2212
f 2212/2212 2400/2400 2211/2211
f 2211/2211 2400/2400 2205/2205
f 2400/2400 2423/2423 2205/2205
f 5645/5645 5660/5660 5648/5648
f 4575/4575 4807/4807 4657/4657
f 4575/4575 4657/4657 4516/4516
f 4516/4516 4657/4657 4633/4633
f 4672/4672 4673/4673 4566/4566
f 4566/4566 4673/4673 4567/4567
f 2147/2147 2146/2146 2309/2309
f 2309/2309 2146/2146 2145/2145
f 4660/4660 4674/4674 4563/4563
f 5648/5648 5660/5660 5661/5661
f 4633/4633 4634/4634 4544/4544
f 4516/4516 4633/4633 4544/4544
f 4544/4544 4625/4625 4569/4569
f 4513/4513 4567/4567 4629/4629
f 4563/4563 4674/4674 4668/4668
f 4563/4563 4668/4668 4562/4562
f 4562/4562 4668/4668 4646/4646
f 6441/6441 6430/6430 6435/6435
f 4542/4542 4646/4646 4628/4628
f 4542/4542 4628/4628 4543/4543
f 4543/4543 4628/4628 4595/4595
f 4489/4489 4568/4568 4419/4419
f 6423/6423 6409/6409 6421/6421
f 4418/4418 4479/4479 4463/4463
f 6421/6421 6408/6408 6420/6420
f 4370/4370 4463/4463 4462/4462
f 6425/6425 6420/6420 6422/6422
f 6425/6425 6422/6422 6424/6424
f 4384/4384 4462/4462 4464/4464
f 5231/5231 5213/5213 5212/5212
f 4290/4290 4384/4384 4442/4442
f 6407/6407 6417/6417 6418/6418
f 5212/5212 5213/5213 5079/5079
f 5079/5079 5059/5059 5009/5009
f 5009/5009 5059/5059 4900/4900
f 4205/4205 4279/4279 4263/4263
f 4213/4213 4264/4264 4207/4207
f 4969/4969 4956/4956 4986/4986
f 4986/4986 5027/5027 5105/5105
f 4969/4969 4986/4986 5105/5105
f 4163/4163 4207/4207 4206/4206
f 5027/5027 5148/5148 5105/5105
f 5269/5269 5321/5321 5324/5324
f 4600/4600 4561/4561 4503/4503
f 2922/2922 2874/2874 2631/2631
f 2922/2922 2631/2631 2924/2924
f 2924/2924 2631/2631 2575/2575
f 2924/2924 2575/2575 2925/2925
f 2925/2925 2575/2575 2630/2630
f 2925/2925 2630/2630 2923/2923
f 2951/2951 2923/2923 2941/2941
f 2923/2923 2626/2626 2941/2941
f 2626/2626 2627/2627 2950/2950
f 2941/2941 2626/2626 2950/2950
f 2950/2950 2627/2627 2949/2949
f 2949/2949 2627/2627 2628/2628
f 2949/2949 2628/2628 2948/2948
f 2948/2948 2628/2628 2947/2947
f 2947/2947 2628/2628 2946/2946
f 2628/2628 2629/2629 2946/2946
f 2946/2946 2629/2629 2945/2945
f 2629/2629 2625/2625 2945/2945
f 2942/2942 2625/2625 2921/2921
f 2920/2920 2919/2919 2953/2953
f 2919/2919 2623/2623 2918/2918
f 2918/2918 2623/2623 2912/2912
f 2987/2987 2652/2652 3068/3068
f 3068/3068 2652/2652 3169/3169
f 2913/2913 2862/2862 2872/2872
f 3200/3200 3327/3327 3304/3304
f 2841/2841 2862/2862 2913/2913
f 2990/2990 2955/2955 2938/2938
f 5301/5301 5130/5130 5293/5293
f 2898/2898 3039/3039 3037/3037
f 5146/5146 5130/5130 5067/5067
f 3041/3041 3038/3038 3037/3037
f 3213/3213 3045/3045 3038/3038
f 3213/3213 3038/3038 3041/3041
f 3215/3215 3045/3045 3213/3213
f 3142/3142 3045/3045 3215/3215
f 3239/3239 3142/3142 3215/3215
f 3238/3238 3139/3139 3142/3142
f 3238/3238 3142/3142 3239/3239
f 3259/3259 3139/3139 3238/3238
f 4907/4907 4983/4983 4982/4982
f 3260/3260 3217/3217 3259/3259
f 4983/4983 5035/5035 5024/5024
f 3338/3338 3226/3226 3295/3295
f 5024/5024 5035/5035 5094/5094
f 3339/3339 3219/3219 3338/3338
f 3219/3219 3226/3226 3338/3338
f 5094/5094 5035/5035 5235/5235
f 5986/5986 5984/5984 5996/5996
f 3578/3578 3373/3373 3341/3341
f 2329/2329 2405/2405 2221/2221
f 2206/2206 2427/2427 2218/2218
f 2218/2218 2448/2448 2349/2349
f 2187/2187 2351/2351 2329/2329
f 2225/2225 2327/2327 2156/2156
f 2134/2134 2330/2330 2206/2206
f 2204/2204 2352/2352 2188/2188
f 2039/2039 2204/2204 2188/2188
f 2352/2352 2351/2351 2188/2188
f 2188/2188 2351/2351 2187/2187
f 2247/2247 2226/2226 2046/2046
f 2042/2042 2247/2247 2046/2046
f 2226/2226 2225/2225 2045/2045
f 2046/2046 2226/2226 2045/2045
f 2045/2045 2225/2225 2156/2156
f 2156/2156 2327/2327 2155/2155
f 2155/2155 2327/2327 2331/2331
f 2331/2331 2330/2330 2134/2134
f 2217/2217 2349/2349 2386/2386
f 2217/2217 2386/2386 2212/2212
f 2217/2217 2212/2212 2038/2038
f 2038/2038 2212/2212 2037/2037
f 2212/2212 2211/2211 1919/1919
f 2037/2037 2212/2212 1919/1919
f 2211/2211 2205/2205 1918/1918
f 1919/1919 2211/2211 1918/1918
f 1918/1918 2205/2205 2029/2029
f 2205/2205 2204/2204 2029/2029
f 2029/2029 2204/2204 2039/2039
f 5628/5628 5666/5666 5621/5621
f 2155/2155 2331/2331 2134/2134
f 2217/2217 2038/2038 2049/2049
f 2049/2049 2038/2038 1841/1841
f 1841/1841 2038/2038 2037/2037
f 5545/5545 5540/5540 5539/5539
f 5539/5539 5540/5540 5541/5541
f 5599/5599 5634/5634 5607/5607
f 2146/2146 1874/1874 1875/1875
f 2267/2267 2066/2066 2268/2268
f 2268/2268 2066/2066 2220/2220
f 2066/2066 2052/2052 2142/2142
f 2220/2220 2066/2066 2142/2142
f 2142/2142 2052/2052 2098/2098
f 2058/2058 2093/2093 2219/2219
f 2260/2260 2058/2058 2219/2219
f 2011/2011 2250/2250 2249/2249
f 2250/2250 1874/1874 2147/2147
f 2147/2147 1874/1874 2146/2146
f 2145/2145 2146/2146 1875/1875
f 2145/2145 1875/1875 1867/1867
f 2145/2145 1867/1867 2143/2143
f 2143/2143 1867/1867 2064/2064
f 2142/2142 2098/2098 2253/2253
f 2253/2253 2098/2098 2058/2058
f 2253/2253 2058/2058 2260/2260
f 2305/2305 2219/2219 2135/2135
f 2249/2249 2250/2250 2320/2320
f 2143/2143 2064/2064 2144/2144
f 2144/2144 2064/2064 2062/2062
f 2144/2144 2062/2062 2215/2215
f 2215/2215 2062/2062 2063/2063
f 2248/2248 2249/2249 2451/2451
f 2254/2254 2215/2215 2063/2063
f 2254/2254 2063/2063 2139/2139
f 5647/5647 5661/5661 5682/5682
f 5647/5647 5682/5682 5659/5659
f 2255/2255 2139/2139 2237/2237
f 4595/4595 4647/4647 4568/4568
f 4568/4568 4598/4598 4479/4479
f 6443/6443 6435/6435 6438/6438
f 6438/6438 6421/6421 6420/6420
f 6438/6438 6420/6420 6437/6437
f 4463/4463 4559/4559 4524/4524
f 6437/6437 6420/6420 6425/6425
f 6437/6437 6425/6425 6436/6436
f 4462/4462 4524/4524 4464/4464
f 6436/6436 6425/6425 6424/6424
f 4288/4288 4426/4426 4406/4406
f 4962/4962 4961/4961 4899/4899
f 4961/4961 4956/4956 4899/4899
f 4899/4899 4956/4956 4969/4969
f 4207/4207 4264/4264 4265/4265
f 4207/4207 4265/4265 4245/4245
f 5137/5137 5105/5105 5271/5271
f 5105/5105 5269/5269 5271/5271
f 5271/5271 5269/5269 5324/5324
f 4533/4533 4503/4503 4465/4465
f 4121/4121 4185/4185 4124/4124
f 4129/4129 4177/4177 4130/4130
f 2925/2925 2923/2923 2951/2951
f 2945/2945 2625/2625 2942/2942
f 2943/2943 2942/2942 2921/2921
f 2921/2921 2920/2920 2944/2944
f 2943/2943 2921/2921 2944/2944
f 2944/2944 2920/2920 2953/2953
f 2953/2953 2919/2919 2954/2954
f 2954/2954 2919/2919 2918/2918
f 2954/2954 2918/2918 2952/2952
f 2952/2952 2918/2918 2912/2912
f 2912/2912 2612/2612 2935/2935
f 2935/2935 2612/2612 2917/2917
f 2935/2935 2917/2917 2936/2936
f 2917/2917 2987/2987 2936/2936
f 2936/2936 2987/2987 3068/3068
f 2929/2929 2913/2913 2872/2872
f 2929/2929 2872/2872 2873/2873
f 2929/2929 2873/2873 2930/2930
f 2930/2930 2873/2873 2926/2926
f 2926/2926 2873/2873 2874/2874
f 2926/2926 2874/2874 2922/2922
f 3169/3169 3200/3200 3262/3262
f 3262/3262 3200/3200 3304/3304
f 3304/3304 3327/3327 3388/3388
f 2988/2988 2938/2938 2937/2937
f 2988/2988 2937/2937 2934/2934
f 3388/3388 3327/3327 3585/3585
f 3388/3388 3585/3585 3586/3586
f 2989/2989 2990/2990 2938/2938
f 2989/2989 2938/2938 2988/2988
f 3586/3586 3585/3585 3626/3626
f 3040/3040 3039/3039 2955/2955
f 3040/3040 2955/2955 2990/2990
f 5293/5293 5347/5347 5301/5301
f 3042/3042 3039/3039 3040/3040
f 5293/5293 5130/5130 5146/5146
f 3041/3041 3039/3039 3042/3042
f 5146/5146 5067/5067 4967/4967
f 5146/5146 4967/4967 5096/5096
f 3213/3213 3041/3041 3222/3222
f 4967/4967 4910/4910 4908/4908
f 3259/3259 3238/3238 3322/3322
f 3260/3260 3259/3259 3357/3357
f 4982/4982 4983/4983 5024/5024
f 3338/3338 3295/3295 3382/3382
f 5094/5094 5235/5235 5093/5093
f 3339/3339 3338/3338 3419/3419
f 5093/5093 5235/5235 5239/5239
f 3573/3573 3340/3340 3419/3419
f 3340/3340 3339/3339 3419/3419
f 5996/5996 5984/5984 5999/5999
f 2432/2432 2433/2433 2409/2409
f 5999/5999 5984/5984 5994/5994
f 5999/5999 5994/5994 6015/6015
f 2407/2407 2432/2432 2340/2340
f 2340/2340 2432/2432 2409/2409
f 2221/2221 2407/2407 2340/2340
f 2221/2221 2340/2340 2183/2183
f 5688/5688 5675/5675 5670/5670
f 2124/2124 2329/2329 2221/2221
f 5675/5675 5674/5674 5627/5627
f 2206/2206 2218/2218 2047/2047
f 2047/2047 2218/2218 2349/2349
f 2047/2047 2349/2349 2048/2048
f 2187/2187 2329/2329 2124/2124
f 1943/1943 2187/2187 2124/2124
f 2134/2134 2206/2206 2016/2016
f 2016/2016 2206/2206 2047/2047
f 2048/2048 2349/2349 2217/2217
f 2048/2048 2217/2217 2050/2050
f 2039/2039 2188/2188 1858/1858
f 2188/2188 2187/2187 1858/1858
f 1858/1858 2187/2187 1943/1943
f 2045/2045 2156/2156 2036/2036
f 2036/2036 2156/2156 2155/2155
f 2036/2036 2155/2155 2002/2002
f 2002/2002 2155/2155 2134/2134
f 2050/2050 2217/2217 2049/2049
f 1918/1918 2029/2029 1915/1915
f 2029/2029 2039/2039 1859/1859
f 1915/1915 2029/2029 1859/1859
f 1859/1859 2039/2039 1858/1858
f 2007/2007 2042/2042 1993/1993
f 2042/2042 2046/2046 1997/1997
f 1993/1993 2042/2042 1997/1997
f 1997/1997 2046/2046 2045/2045
f 1997/1997 2045/2045 2003/2003
f 2045/2045 2036/2036 2003/2003
f 2003/2003 2036/2036 2002/2002
f 2002/2002 2134/2134 1984/1984
f 2134/2134 2016/2016 1996/1996
f 1984/1984 2134/2134 1996/1996
f 2050/2050 2049/2049 1992/1992
f 1992/1992 2049/2049 2032/2032
f 2032/2032 2049/2049 1841/1841
f 2037/2037 1919/1919 1841/1841
f 1841/1841 1919/1919 1829/1829
f 1829/1829 1919/1919 1761/1761
f 1919/1919 1918/1918 1761/1761
f 1918/1918 1915/1915 1709/1709
f 1761/1761 1918/1918 1709/1709
f 1709/1709 1915/1915 1801/1801
f 1915/1915 1859/1859 1801/1801
f 2032/2032 1841/1841 1732/1732
f 1828/1828 2032/2032 1732/1732
f 1732/1732 1841/1841 1706/1706
f 1841/1841 1829/1829 1706/1706
f 1706/1706 1829/1829 1636/1636
f 1636/1636 1829/1829 1761/1761
f 1633/1633 1636/1636 1761/1761
f 1633/1633 1761/1761 1709/1709
f 1724/1724 1617/1617 1612/1612
f 1724/1724 1612/1612 1698/1698
f 1698/1698 1612/1612 1613/1613
f 1698/1698 1613/1613 1697/1697
f 1697/1697 1613/1613 1614/1614
f 5596/5596 5607/5607 5595/5595
f 2112/2112 1995/1995 1998/1998
f 1990/1990 1987/1987 2093/2093
f 2093/2093 1987/1987 2000/2000
f 1874/1874 1898/1898 1724/1724
f 1724/1724 1698/1698 1744/1744
f 1698/1698 1697/1697 1729/1729
f 1744/1744 1698/1698 1729/1729
f 1729/1729 1697/1697 1722/1722
f 1722/1722 1697/1697 1682/1682
f 2112/2112 1998/1998 2066/2066
f 2066/2066 1998/1998 1991/1991
f 2066/2066 1991/1991 2052/2052
f 1991/1991 2004/2004 2052/2052
f 2052/2052 2004/2004 1990/1990
f 2052/2052 1990/1990 2058/2058
f 2058/2058 1990/1990 2093/2093
f 2093/2093 2000/2000 2008/2008
f 2011/2011 1898/1898 1874/1874
f 1744/1744 1729/1729 1867/1867
f 1875/1875 1744/1744 1867/1867
f 1867/1867 1729/1729 1722/1722
f 1867/1867 1722/1722 1868/1868
f 1868/1868 1722/1722 1721/1721
f 2135/2135 2093/2093 2008/2008
f 2062/2062 1868/1868 1721/1721
f 2062/2062 1721/1721 2063/2063
f 2063/2063 1721/1721 2065/2065
f 2065/2065 1721/1721 1739/1739
f 5635/5635 5648/5648 5647/5647
f 5635/5635 5647/5647 5639/5639
f 2135/2135 2008/2008 2248/2248
f 2008/2008 2011/2011 2249/2249
f 2248/2248 2008/2008 2249/2249
f 2065/2065 1894/1894 2139/2139
f 2139/2139 1894/1894 2237/2237
f 2237/2237 1894/1894 2119/2119
f 5659/5659 5682/5682 5684/5684
f 5659/5659 5684/5684 5652/5652
f 4598/4598 4639/4639 4559/4559
f 6454/6454 6438/6438 6437/6437
f 6437/6437 6436/6436 6440/6440
f 4524/4524 4557/4557 4464/4464
f 5222/5222 5231/5231 5111/5111
f 4464/4464 4511/4511 4442/4442
f 5231/5231 5212/5212 5111/5111
f 4442/4442 4511/4511 4426/4426
f 5111/5111 5079/5079 5008/5008
f 5008/5008 5079/5079 5009/5009
f 4426/4426 4476/4476 4406/4406
f 4407/4407 4408/4408 4409/4409
f 4263/4263 4409/4409 4399/4399
f 4968/4968 4899/4899 4969/4969
f 4968/4968 4969/4969 5044/5044
f 5044/5044 4969/4969 5137/5137
f 4245/4245 4265/4265 4268/4268
f 5137/5137 4969/4969 5105/5105
f 4151/4151 4211/4211 4197/4197
f 4158/4158 4194/4194 4147/4147
f 4145/4145 4146/4146 4162/4162
f 2930/2930 2926/2926 2956/2956
f 2956/2956 2926/2926 2922/2922
f 2956/2956 2922/2922 2924/2924
f 2924/2924 2925/2925 3029/3029
f 2925/2925 2951/2951 3029/3029
f 2951/2951 2941/2941 2950/2950
f 2951/2951 2950/2950 3030/3030
f 3029/3029 2951/2951 3030/3030
f 2950/2950 2949/2949 3030/3030
f 3030/3030 2949/2949 3031/3031
f 2949/2949 2948/2948 2947/2947
f 2949/2949 2947/2947 3032/3032
f 3031/3031 2949/2949 3032/3032
f 3032/3032 2947/2947 3033/3033
f 3033/3033 2947/2947 2946/2946
f 3033/3033 2946/2946 3034/3034
f 3034/3034 2946/2946 3035/3035
f 2946/2946 2945/2945 3035/3035
f 3035/3035 2945/2945 3036/3036
f 3036/3036 2945/2945 2942/2942
f 2942/2942 2943/2943 3036/3036
f 3063/3063 2943/2943 2944/2944
f 3063/3063 2944/2944 2954/2954
f 2944/2944 2953/2953 2954/2954
f 2936/2936 3068/3068 3165/3165
f 3165/3165 3068/3068 3218/3218
f 3068/3068 3169/3169 3218/3218
f 3218/3218 3169/3169 3262/3262
f 2962/2962 2913/2913 2996/2996
f 2996/2996 2913/2913 2929/2929
f 2988/2988 2934/2934 2962/2962
f 2934/2934 2913/2913 2962/2962
f 2989/2989 2988/2988 3146/3146
f 3040/3040 2990/2990 2989/2989
f 5347/5347 5293/5293 5280/5280
f 5280/5280 5293/5293 5146/5146
f 3234/3234 3042/3042 3040/3040
f 3223/3223 3222/3222 3362/3362
f 3041/3041 3042/3042 3222/3222
f 5096/5096 4967/4967 4987/4987
f 3215/3215 3213/3213 3223/3223
f 3213/3213 3222/3222 3223/3223
f 3239/3239 3215/3215 3300/3300
f 3238/3238 3239/3239 3300/3300
f 3322/3322 3238/3238 3300/3300
f 3259/3259 3322/3322 3357/3357
f 3382/3382 3295/3295 3260/3260
f 3382/3382 3260/3260 3357/3357
f 4982/4982 5024/5024 5002/5002
f 3556/3556 3338/3338 3382/3382
f 5024/5024 5094/5094 5093/5093
f 3419/3419 3338/3338 3556/3556
f 2374/2374 2437/2437 2411/2411
f 2374/2374 2411/2411 2362/2362
f 5093/5093 5239/5239 5237/5237
f 2361/2361 2437/2437 2374/2374
f 5237/5237 5239/5239 5243/5243
f 2227/2227 2409/2409 2361/2361
f 2409/2409 2437/2437 2361/2361
f 2183/2183 2340/2340 2227/2227
f 1939/1939 2221/2221 2183/2183
f 2124/2124 2221/2221 1939/1939
f 5627/5627 5628/5628 5577/5577
f 1943/1943 2124/2124 1823/1823
f 1823/1823 2124/2124 1938/1938
f 2124/2124 1939/1939 1938/1938
f 2016/2016 2047/2047 1999/1999
f 1999/1999 2047/2047 2048/2048
f 1999/1999 2048/2048 2001/2001
f 2001/2001 2048/2048 2050/2050
f 1858/1858 1943/1943 1857/1857
f 1781/1781 1857/1857 1823/1823
f 1857/1857 1943/1943 1823/1823
f 1996/1996 2016/2016 1999/1999
f 1992/1992 2001/2001 2050/2050
f 1859/1859 1708/1708 1801/1801
f 1859/1859 1858/1858 1708/1708
f 1708/1708 1858/1858 1781/1781
f 1858/1858 1857/1857 1781/1781
f 1993/1993 1997/1997 1975/1975
f 1975/1975 1997/1997 1981/1981
f 1997/1997 2003/2003 1981/1981
f 1981/1981 2003/2003 1982/1982
f 1982/1982 2003/2003 2002/2002
f 1982/1982 2002/2002 1984/1984
f 1984/1984 1996/1996 1983/1983
f 1996/1996 1999/1999 1983/1983
f 1828/1828 1992/1992 2032/2032
f 1709/1709 1801/1801 1690/1690
f 1801/1801 1708/1708 1690/1690
f 1596/1596 1690/1690 1708/1708
f 1596/1596 1708/1708 1607/1607
f 1607/1607 1708/1708 1664/1664
f 2007/2007 1993/1993 1979/1979
f 2006/2006 2007/2007 1979/1979
f 1979/1979 1993/1993 1975/1975
f 1975/1975 1981/1981 1976/1976
f 1976/1976 1981/1981 1977/1977
f 1981/1981 1982/1982 1977/1977
f 1977/1977 1982/1982 1973/1973
f 1973/1973 1982/1982 1984/1984
f 1973/1973 1984/1984 1974/1974
f 1974/1974 1984/1984 1983/1983
f 1992/1992 1828/1828 1792/1792
f 1792/1792 1828/1828 1732/1732
f 1792/1792 1732/1732 1623/1623
f 1623/1623 1732/1732 1706/1706
f 1623/1623 1706/1706 1595/1595
f 1595/1595 1706/1706 1636/1636
f 1633/1633 1709/1709 1609/1609
f 1709/1709 1690/1690 1609/1609
f 1609/1609 1690/1690 1596/1596
f 1973/1973 1974/1974 1958/1958
f 1595/1595 1636/1636 1594/1594
f 1594/1594 1636/1636 1633/1633
f 1594/1594 1633/1633 1593/1593
f 1593/1593 1633/1633 1609/1609
f 1593/1593 1609/1609 1596/1596
f 2005/2005 2006/2006 1979/1979
f 2005/2005 1979/1979 1965/1965
f 1951/1951 1958/1958 1974/1974
f 1667/1667 1792/1792 1623/1623
f 1667/1667 1623/1623 1573/1573
f 1573/1573 1623/1623 1595/1595
f 1573/1573 1595/1595 1594/1594
f 1573/1573 1594/1594 1569/1569
f 1594/1594 1593/1593 1569/1569
f 1569/1569 1593/1593 1570/1570
f 1955/1955 1958/1958 1951/1951
f 1666/1666 1667/1667 1573/1573
f 1666/1666 1573/1573 1567/1567
f 1567/1567 1573/1573 1564/1564
f 1564/1564 1573/1573 1569/1569
f 1564/1564 1569/1569 1563/1563
f 1563/1563 1569/1569 1570/1570
f 5539/5539 5541/5541 5544/5544
f 1994/1994 2005/2005 1965/1965
f 1955/1955 1951/1951 1954/1954
f 1666/1666 1567/1567 1585/1585
f 1716/1716 1666/1666 1585/1585
f 1585/1585 1567/1567 1566/1566
f 1567/1567 1564/1564 1566/1566
f 1566/1566 1564/1564 1565/1565
f 1565/1565 1564/1564 1562/1562
f 1562/1562 1564/1564 1563/1563
f 1562/1562 1563/1563 1558/1558
f 5559/5559 5544/5544 5585/5585
f 1994/1994 1965/1965 1969/1969
f 1956/1956 1955/1955 1954/1954
f 1565/1565 1562/1562 1561/1561
f 1561/1561 1562/1562 1558/1558
f 1561/1561 1558/1558 1559/1559
f 1995/1995 1994/1994 1969/1969
f 1995/1995 1969/1969 1970/1970
f 1970/1970 1969/1969 1966/1966
f 1970/1970 1966/1966 1967/1967
f 1968/1968 1956/1956 1971/1971
f 1956/1956 1954/1954 1978/1978
f 1971/1971 1956/1956 1978/1978
f 1745/1745 1716/1716 1617/1617
f 1716/1716 1585/1585 1617/1617
f 1617/1617 1585/1585 1566/1566
f 1617/1617 1566/1566 1612/1612
f 1612/1612 1566/1566 1565/1565
f 1612/1612 1565/1565 1613/1613
f 1613/1613 1565/1565 1614/1614
f 1614/1614 1565/1565 1561/1561
f 1614/1614 1561/1561 1615/1615
f 1561/1561 1559/1559 1615/1615
f 1615/1615 1559/1559 1616/1616
f 1995/1995 1970/1970 1998/1998
f 1998/1998 1970/1970 1991/1991
f 1991/1991 1970/1970 1967/1967
f 1991/1991 1967/1967 1988/1988
f 1967/1967 1968/1968 1988/1988
f 1988/1988 1968/1968 1990/1990
f 1990/1990 1968/1968 1971/1971
f 1990/1990 1971/1971 1987/1987
f 1971/1971 1978/1978 1987/1987
f 1987/1987 1978/1978 1985/1985
f 2010/2010 1745/1745 1617/1617
f 2009/2009 1745/1745 2010/2010
f 1614/1614 1615/1615 1682/1682
f 1682/1682 1615/1615 1616/1616
f 2004/2004 1988/1988 1990/1990
f 1989/1989 2010/2010 1898/1898
f 1682/1682 1616/1616 1721/1721
f 1721/1721 1616/1616 1591/1591
f 1721/1721 1591/1591 1723/1723
f 2008/2008 2000/2000 1986/1986
f 1986/1986 1989/1989 2011/2011
f 1989/1989 1898/1898 2011/2011
f 1721/1721 1723/1723 1739/1739
f 1739/1739 1723/1723 1703/1703
f 2008/2008 1986/1986 2011/2011
f 1894/1894 1739/1739 1703/1703
f 1894/1894 1703/1703 1737/1737
f 1894/1894 1737/1737 1795/1795
f 1894/1894 1795/1795 2119/2119
f 5639/5639 5659/5659 5652/5652
f 2238/2238 2089/2089 2140/2140
f 2238/2238 2140/2140 2294/2294
f 4639/4639 4676/4676 4616/4616
f 5644/5644 5652/5652 5656/5656
f 4616/4616 4676/4676 4677/4677
f 4616/4616 4677/4677 4617/4617
f 5226/5226 5222/5222 5110/5110
f 5225/5225 5226/5226 5110/5110
f 5110/5110 5222/5222 5111/5111
f 5110/5110 5111/5111 5008/5008
f 5008/5008 5009/5009 4897/4897
f 4897/4897 5009/5009 4900/4900
f 4900/4900 4962/4962 4899/4899
f 4897/4897 4900/4900 4899/4899
f 4409/4409 4408/4408 4478/4478
f 4399/4399 4409/4409 4457/4457
f 4265/4265 4399/4399 4401/4401
f 5137/5137 5271/5271 5267/5267
f 5267/5267 5271/5271 5334/5334
f 2956/2956 2924/2924 3140/3140
f 3140/3140 2924/2924 3137/3137
f 3137/3137 2924/2924 3029/3029
f 3176/3176 3029/3029 3030/3030
f 3176/3176 3030/3030 3177/3177
f 3177/3177 3030/3030 3031/3031
f 3031/3031 3032/3032 3177/3177
f 2943/2943 3063/3063 3201/3201
f 3063/3063 2954/2954 3143/3143
f 3143/3143 2954/2954 2952/2952
f 3143/3143 2952/2952 3069/3069
f 3069/3069 2952/2952 2912/2912
f 3069/3069 2912/2912 3070/3070
f 3070/3070 2912/2912 2935/2935
f 3070/3070 2935/2935 3170/3170
f 3144/3144 2929/2929 2930/2930
f 3172/3172 2962/2962 2996/2996
f 3304/3304 3388/3388 3420/3420
f 3420/3420 3388/3388 3586/3586
f 3146/3146 2988/2988 3173/3173
f 3173/3173 2988/2988 2962/2962
f 3227/3227 2989/2989 3146/3146
f 3639/3639 3586/3586 3626/3626
f 5335/5335 5347/5347 5280/5280
f 3587/3587 3586/3586 3639/3639
f 3240/3240 3040/3040 2989/2989
f 5280/5280 5146/5146 5166/5166
f 3222/3222 3042/3042 3234/3234
f 3222/3222 3234/3234 3324/3324
f 3324/3324 3234/3234 3319/3319
f 5146/5146 5096/5096 5166/5166
f 3362/3362 3222/3222 3361/3361
f 5166/5166 5096/5096 4987/4987
f 3300/3300 3215/3215 3223/3223
f 3300/3300 3223/3223 3369/3369
f 3369/3369 3223/3223 3362/3362
f 4987/4987 4967/4967 4908/4908
f 4987/4987 4908/4908 4909/4909
f 3322/3322 3300/3300 3400/3400
f 4908/4908 4907/4907 4904/4904
f 3382/3382 3357/3357 3418/3418
f 3556/3556 3382/3382 3592/3592
f 5002/5002 5024/5024 5093/5093
f 2362/2362 2411/2411 2375/2375
f 5237/5237 5243/5243 5238/5238
f 2190/2190 2227/2227 2361/2361
f 2190/2190 2361/2361 2128/2128
f 5669/5669 5687/5687 5668/5668
f 2126/2126 2227/2227 2190/2190
f 2183/2183 2227/2227 2126/2126
f 1936/1936 2183/2183 2126/2126
f 1939/1939 2183/2183 1936/1936
f 1938/1938 1939/1939 1822/1822
f 1822/1822 1939/1939 1936/1936
f 1822/1822 1936/1936 1821/1821
f 1823/1823 1938/1938 1822/1822
f 1781/1781 1823/1823 1764/1764
f 1764/1764 1823/1823 1822/1822
f 1953/1953 1999/1999 2001/2001
f 1953/1953 2001/2001 1992/1992
f 1664/1664 1781/1781 1624/1624
f 1781/1781 1764/1764 1624/1624
f 1953/1953 1992/1992 1952/1952
f 1952/1952 1992/1992 1792/1792
f 1607/1607 1664/1664 1587/1587
f 1664/1664 1624/1624 1587/1587
f 1976/1976 1977/1977 1962/1962
f 1962/1962 1977/1977 1960/1960
f 1983/1983 1953/1953 1948/1948
f 1974/1974 1983/1983 1948/1948
f 1947/1947 1952/1952 1792/1792
f 1596/1596 1607/1607 1571/1571
f 1607/1607 1587/1587 1571/1571
f 1572/1572 1587/1587 1588/1588
f 1979/1979 1975/1975 1964/1964
f 1965/1965 1979/1979 1964/1964
f 1975/1975 1976/1976 1962/1962
f 1964/1964 1975/1975 1962/1962
f 1960/1960 1977/1977 1973/1973
f 1960/1960 1973/1973 1957/1957
f 1957/1957 1973/1973 1958/1958
f 1951/1951 1974/1974 1948/1948
f 1947/1947 1792/1792 1667/1667
f 1593/1593 1596/1596 1570/1570
f 1570/1570 1596/1596 1571/1571
f 1571/1571 1587/1587 1572/1572
f 1965/1965 1964/1964 1963/1963
f 1963/1963 1964/1964 1962/1962
f 1963/1963 1962/1962 1961/1961
f 1961/1961 1962/1962 1960/1960
f 1961/1961 1960/1960 1959/1959
f 1959/1959 1960/1960 1957/1957
f 1957/1957 1958/1958 1955/1955
f 1951/1951 1948/1948 1949/1949
f 1947/1947 1667/1667 1946/1946
f 1946/1946 1667/1667 1666/1666
f 1563/1563 1570/1570 1558/1558
f 1558/1558 1570/1570 1571/1571
f 1558/1558 1571/1571 1556/1556
f 1556/1556 1571/1571 1572/1572
f 1965/1965 1963/1963 1966/1966
f 1969/1969 1965/1965 1966/1966
f 1966/1966 1963/1963 1961/1961
f 1959/1959 1957/1957 1956/1956
f 1956/1956 1957/1957 1955/1955
f 1954/1954 1951/1951 1949/1949
f 2009/2009 1946/1946 1666/1666
f 1557/1557 1558/1558 1556/1556
f 1557/1557 1556/1556 1555/1555
f 1966/1966 1961/1961 1967/1967
f 1961/1961 1959/1959 1968/1968
f 1967/1967 1961/1961 1968/1968
f 1968/1968 1959/1959 1956/1956
f 1954/1954 1949/1949 1950/1950
f 1980/1980 1946/1946 2009/2009
f 1946/1946 1980/1980 1950/1950
f 1558/1558 1557/1557 1559/1559
f 1559/1559 1557/1557 1560/1560
f 1560/1560 1557/1557 1555/1555
f 1972/1972 1954/1954 1950/1950
f 1972/1972 1950/1950 1980/1980
f 1560/1560 1555/1555 1591/1591
f 1591/1591 1555/1555 1551/1551
f 1985/1985 1972/1972 1986/1986
f 1972/1972 1980/1980 1989/1989
f 1986/1986 1972/1972 1989/1989
f 1980/1980 2009/2009 2010/2010
f 1989/1989 1980/1980 2010/2010
f 1591/1591 1551/1551 1673/1673
f 1703/1703 1591/1591 1673/1673
f 1703/1703 1673/1673 1702/1702
f 1703/1703 1702/1702 1737/1737
f 1737/1737 1702/1702 1701/1701
f 1795/1795 1737/1737 1701/1701
f 1795/1795 1701/1701 1794/1794
f 1795/1795 1794/1794 2089/2089
f 2089/2089 1794/1794 1911/1911
f 2140/2140 2089/2089 1911/1911
f 2140/2140 1911/1911 2118/2118
f 2140/2140 2118/2118 2278/2278
f 5654/5654 5656/5656 5655/5655
f 4617/4617 4677/4677 4618/4618
f 4557/4557 4618/4618 4558/4558
f 4968/4968 5044/5044 5102/5102
f 5004/5004 4968/4968 5102/5102
f 5102/5102 5044/5044 5137/5137
f 5102/5102 5137/5137 5266/5266
f 5266/5266 5137/5137 5267/5267
f 4712/4712 4533/4533 4585/4585
f 4201/4201 4270/4270 4194/4194
f 3170/3170 2935/2935 2936/2936
f 3144/3144 2930/2930 2956/2956
f 3144/3144 2956/2956 3145/3145
f 3145/3145 2956/2956 3140/3140
f 3147/3147 3140/3140 3137/3137
f 3137/3137 3029/3029 3178/3178
f 3177/3177 3032/3032 3207/3207
f 3207/3207 3032/3032 3033/3033
f 3033/3033 3034/3034 3206/3206
f 3206/3206 3034/3034 3035/3035
f 3035/3035 3036/3036 3205/3205
f 3036/3036 2943/2943 3202/3202
f 3202/3202 2943/2943 3201/3201
f 3201/3201 3063/3063 3204/3204
f 3320/3320 3218/3218 3262/3262
f 3172/3172 2996/2996 3150/3150
f 3150/3150 2996/2996 2929/2929
f 3150/3150 2929/2929 3144/3144
f 3262/3262 3304/3304 3321/3321
f 3321/3321 3304/3304 3420/3420
f 3420/3420 3586/3586 3587/3587
f 3227/3227 3146/3146 3173/3173
f 3240/3240 2989/2989 3227/3227
f 3241/3241 3234/3234 3040/3040
f 3241/3241 3040/3040 3240/3240
f 3319/3319 3234/3234 3241/3241
f 3361/3361 3222/3222 3324/3324
f 3400/3400 3369/3369 3558/3558
f 4904/4904 4907/4907 4982/4982
f 3592/3592 3382/3382 3418/3418
f 4982/4982 5002/5002 4904/4904
f 2375/2375 2411/2411 2412/2412
f 4904/4904 5002/5002 5001/5001
f 5002/5002 5093/5093 5092/5092
f 2360/2360 2374/2374 2362/2362
f 2360/2360 2362/2362 2132/2132
f 5092/5092 5237/5237 5238/5238
f 2361/2361 2374/2374 2360/2360
f 2128/2128 2361/2361 2360/2360
f 5092/5092 5238/5238 5252/5252
f 5625/5625 5669/5669 5620/5620
f 2126/2126 2190/2190 2127/2127
f 2190/2190 2128/2128 2127/2127
f 5625/5625 5620/5620 5618/5618
f 1936/1936 2126/2126 1935/1935
f 2126/2126 2127/2127 1935/1935
f 1821/1821 1936/1936 1820/1820
f 1936/1936 1935/1935 1820/1820
f 1822/1822 1821/1821 1763/1763
f 1764/1764 1822/1822 1763/1763
f 1624/1624 1764/1764 1625/1625
f 1625/1625 1764/1764 1634/1634
f 1764/1764 1763/1763 1634/1634
f 1624/1624 1625/1625 1588/1588
f 1625/1625 1634/1634 1592/1592
f 1588/1588 1625/1625 1592/1592
f 1587/1587 1624/1624 1588/1588
f 1948/1948 1952/1952 1947/1947
f 1572/1572 1588/1588 1568/1568
f 1588/1588 1592/1592 1568/1568
f 1948/1948 1947/1947 1946/1946
f 1949/1949 1948/1948 1946/1946
f 1556/1556 1572/1572 1568/1568
f 1556/1556 1568/1568 1553/1553
f 1553/1553 1568/1568 1552/1552
f 1555/1555 1556/1556 1553/1553
f 1949/1949 1946/1946 1950/1950
f 1555/1555 1553/1553 1554/1554
f 1554/1554 1553/1553 1550/1550
f 1550/1550 1553/1553 1552/1552
f 1551/1551 1555/1555 1554/1554
f 1551/1551 1554/1554 1550/1550
f 1551/1551 1550/1550 1549/1549
f 1673/1673 1551/1551 1549/1549
f 1673/1673 1549/1549 1674/1674
f 1702/1702 1673/1673 1674/1674
f 1702/1702 1674/1674 1701/1701
f 1794/1794 1701/1701 1692/1692
f 1794/1794 1692/1692 1793/1793
f 1911/1911 1794/1794 1793/1793
f 2118/2118 1911/1911 1912/1912
f 2118/2118 1912/1912 1913/1913
f 2118/2118 1913/1913 2245/2245
f 5227/5227 5225/5225 5112/5112
f 5219/5219 5227/5227 5112/5112
f 5225/5225 5110/5110 5112/5112
f 2302/2302 2099/2099 2271/2271
f 5112/5112 5110/5110 5010/5010
f 4618/4618 4619/4619 4558/4558
f 4558/4558 4650/4650 4588/4588
f 5010/5010 5110/5110 5008/5008
f 5010/5010 5008/5008 4895/4895
f 4895/4895 5008/5008 4897/4897
f 4512/4512 4597/4597 4547/4547
f 4898/4898 4897/4897 4899/4899
f 4478/4478 4548/4548 4531/4531
f 4898/4898 4899/4899 4968/4968
f 4297/4297 4417/4417 4278/4278
f 4473/4473 4585/4585 4533/4533
f 4225/4225 4275/4275 4276/4276
f 3145/3145 3140/3140 3147/3147
f 3147/3147 3137/3137 3178/3178
f 3178/3178 3029/3029 3209/3209
f 3029/3029 3176/3176 3209/3209
f 3209/3209 3176/3176 3208/3208
f 3176/3176 3177/3177 3208/3208
f 3208/3208 3177/3177 3207/3207
f 3207/3207 3033/3033 3206/3206
f 3206/3206 3035/3035 3205/3205
f 3205/3205 3036/3036 3202/3202
f 3202/3202 3201/3201 3203/3203
f 3203/3203 3201/3201 3204/3204
f 3063/3063 3143/3143 3204/3204
f 3204/3204 3143/3143 3210/3210
f 3210/3210 3143/3143 3069/3069
f 3210/3210 3069/3069 3211/3211
f 3211/3211 3069/3069 3070/3070
f 3171/3171 3070/3070 3170/3170
f 3170/3170 2936/2936 3224/3224
f 2936/2936 3165/3165 3224/3224
f 3224/3224 3165/3165 3263/3263
f 3165/3165 3218/3218 3263/3263
f 3263/3263 3218/3218 3320/3320
f 3320/3320 3262/3262 3321/3321
f 3173/3173 2962/2962 3172/3172
f 3321/3321 3420/3420 3553/3553
f 3420/3420 3587/3587 3553/3553
f 3587/3587 3639/3639 3635/3635
f 3553/3553 3587/3587 3635/3635
f 3240/3240 3227/3227 3301/3301
f 3241/3241 3240/3240 3301/3301
f 5335/5335 5280/5280 5292/5292
f 5292/5292 5280/5280 5166/5166
f 5166/5166 4987/4987 5006/5006
f 3557/3557 3362/3362 3361/3361
f 5006/5006 4987/4987 4909/4909
f 3369/3369 3362/3362 3557/3557
f 3558/3558 3369/3369 3557/3557
f 4909/4909 4908/4908 4888/4888
f 3591/3591 3400/3400 3558/3558
f 4888/4888 4908/4908 4904/4904
f 3418/3418 3400/3400 3591/3591
f 2341/2341 2412/2412 2399/2399
f 2189/2189 2375/2375 2341/2341
f 2375/2375 2412/2412 2341/2341
f 2362/2362 2375/2375 2189/2189
f 5001/5001 5002/5002 5092/5092
f 2132/2132 2362/2362 2189/2189
f 5253/5253 5092/5092 5252/5252
f 2128/2128 2360/2360 2132/2132
f 2127/2127 2128/2128 1934/1934
f 1934/1934 2128/2128 1937/1937
f 5253/5253 5252/5252 5254/5254
f 1935/1935 2127/2127 1934/1934
f 1820/1820 1935/1935 1789/1789
f 1935/1935 1934/1934 1789/1789
f 5590/5590 5618/5618 5576/5576
f 1762/1762 1820/1820 1789/1789
f 1763/1763 1821/1821 1641/1641
f 1821/1821 1820/1820 1641/1641
f 1820/1820 1762/1762 1641/1641
f 1763/1763 1641/1641 1634/1634
f 1592/1592 1634/1634 1600/1600
f 1634/1634 1641/1641 1600/1600
f 1568/1568 1592/1592 1575/1575
f 1592/1592 1600/1600 1575/1575
f 1568/1568 1575/1575 1552/1552
f 1552/1552 1575/1575 1574/1574
f 1552/1552 1574/1574 1548/1548
f 1550/1550 1552/1552 1548/1548
f 1549/1549 1550/1550 1548/1548
f 1549/1549 1548/1548 1547/1547
f 1674/1674 1549/1549 1547/1547
f 1701/1701 1674/1674 1692/1692
f 1692/1692 1674/1674 1547/1547
f 1793/1793 1692/1692 1740/1740
f 1793/1793 1740/1740 1912/1912
f 1912/1912 1740/1740 1913/1913
f 5631/5631 5663/5663 5649/5649
f 5614/5614 5631/5631 5649/5649
f 2099/2099 1913/1913 1876/1876
f 5091/5091 5219/5219 5104/5104
f 5219/5219 5112/5112 5104/5104
f 2099/2099 2108/2108 2271/2271
f 5104/5104 5112/5112 5010/5010
f 2272/2272 2271/2271 2243/2243
f 4588/4588 4650/4650 4655/4655
f 4588/4588 4655/4655 4597/4597
f 4895/4895 4897/4897 4896/4896
f 4896/4896 4897/4897 4898/4898
f 4898/4898 4968/4968 5004/5004
f 4531/4531 4594/4594 4530/4530
f 5069/5069 5004/5004 5103/5103
f 5103/5103 5004/5004 5102/5102
f 4403/4403 4472/4472 4471/4471
f 5103/5103 5102/5102 5266/5266
f 4857/4857 4712/4712 4810/4810
f 4712/4712 4585/4585 4637/4637
f 4270/4270 4373/4373 4292/4292
f 4227/4227 4276/4276 4286/4286
f 4250/4250 4387/4387 4249/4249
f 4249/4249 4390/4390 4291/4291
f 4291/4291 4378/4378 4266/4266
f 3211/3211 3070/3070 3171/3171
f 3144/3144 3145/3145 3220/3220
f 3220/3220 3145/3145 3216/3216
f 3145/3145 3147/3147 3216/3216
f 3307/3307 3178/3178 3209/3209
f 3209/3209 3208/3208 3307/3307
f 3307/3307 3208/3208 3308/3308
f 3308/3308 3208/3208 3309/3309
f 3208/3208 3207/3207 3309/3309
f 3309/3309 3207/3207 3305/3305
f 3207/3207 3206/3206 3305/3305
f 3305/3305 3206/3206 3306/3306
f 3306/3306 3206/3206 3205/3205
f 3306/3306 3205/3205 3310/3310
f 3310/3310 3205/3205 3312/3312
f 3205/3205 3202/3202 3312/3312
f 3312/3312 3202/3202 3311/3311
f 3311/3311 3202/3202 3203/3203
f 3203/3203 3204/3204 3311/3311
f 3316/3316 3204/3204 3210/3210
f 3172/3172 3150/3150 3266/3266
f 3266/3266 3150/3150 3220/3220
f 3250/3250 3173/3173 3172/3172
f 3301/3301 3227/3227 3250/3250
f 3227/3227 3173/3173 3250/3250
f 3328/3328 3241/3241 3301/3301
f 3366/3366 3319/3319 3241/3241
f 3366/3366 3241/3241 3328/3328
f 3324/3324 3319/3319 3366/3366
f 3324/3324 3366/3366 3561/3561
f 5292/5292 5166/5166 5167/5167
f 5166/5166 5006/5006 5167/5167
f 3557/3557 3361/3361 3562/3562
f 5167/5167 5006/5006 5124/5124
f 5006/5006 4909/4909 5005/5005
f 5124/5124 5006/5006 5005/5005
f 2373/2373 2447/2447 2339/2339
f 2235/2235 2399/2399 2373/2373
f 2341/2341 2399/2399 2235/2235
f 4888/4888 4904/4904 4887/4887
f 2165/2165 2341/2341 2235/2235
f 4887/4887 4904/4904 5001/5001
f 2189/2189 2341/2341 2165/2165
f 2130/2130 2189/2189 2165/2165
f 5001/5001 5092/5092 4978/4978
f 4887/4887 5001/5001 4978/4978
f 2132/2132 2189/2189 2130/2130
f 4978/4978 5092/5092 5100/5100
f 2128/2128 2132/2132 1856/1856
f 1937/1937 2128/2128 1856/1856
f 5100/5100 5253/5253 5254/5254
f 1805/1805 1937/1937 1856/1856
f 1934/1934 1937/1937 1805/1805
f 5650/5650 5590/5590 5573/5573
f 5650/5650 5573/5573 5606/5606
f 1789/1789 1805/1805 1780/1780
f 1789/1789 1780/1780 1731/1731
f 1762/1762 1789/1789 1731/1731
f 1641/1641 1762/1762 1642/1642
f 1762/1762 1731/1731 1642/1642
f 1600/1600 1641/1641 1601/1601
f 1641/1641 1642/1642 1601/1601
f 5572/5572 5568/5568 5571/5571
f 1575/1575 1600/1600 1578/1578
f 1600/1600 1601/1601 1578/1578
f 1575/1575 1578/1578 1576/1576
f 1574/1574 1575/1575 1576/1576
f 5571/5571 5578/5578 5579/5579
f 1548/1548 1574/1574 1576/1576
f 1548/1548 1576/1576 1545/1545
f 5579/5579 5584/5584 5586/5586
f 1547/1547 1548/1548 1545/1545
f 1547/1547 1545/1545 1546/1546
f 5586/5586 5584/5584 5592/5592
f 1639/1639 1547/1547 1546/1546
f 1547/1547 1639/1639 1695/1695
f 5597/5597 5614/5614 5649/5649
f 5611/5611 5597/5597 5649/5649
f 1740/1740 1695/1695 1726/1726
f 1740/1740 1726/1726 1876/1876
f 1876/1876 1726/1726 1870/1870
f 1876/1876 1870/1870 1907/1907
f 1876/1876 1907/1907 2108/2108
f 5091/5091 5104/5104 5011/5011
f 2108/2108 2107/2107 2243/2243
f 5011/5011 5104/5104 5010/5010
f 5011/5011 5010/5010 4894/4894
f 4894/4894 5010/5010 4895/4895
f 2272/2272 2240/2240 2295/2295
f 5003/5003 4898/4898 5004/5004
f 5003/5003 5004/5004 5069/5069
f 4530/4530 4594/4594 4570/4570
f 4530/4530 4570/4570 4472/4472
f 5274/5274 5103/5103 5266/5266
f 4441/4441 4471/4471 4417/4417
f 5266/5266 5330/5330 5329/5329
f 4385/4385 4392/4392 4275/4275
f 3220/3220 3216/3216 3221/3221
f 3216/3216 3147/3147 3264/3264
f 3147/3147 3178/3178 3264/3264
f 3264/3264 3178/3178 3307/3307
f 3351/3351 3307/3307 3308/3308
f 3311/3311 3204/3204 3316/3316
f 3316/3316 3210/3210 3211/3211
f 3316/3316 3211/3211 3314/3314
f 3314/3314 3211/3211 3171/3171
f 3314/3314 3171/3171 3315/3315
f 3171/3171 3170/3170 3317/3317
f 3315/3315 3171/3171 3317/3317
f 3317/3317 3170/3170 3224/3224
f 3356/3356 3172/3172 3337/3337
f 3337/3337 3172/3172 3266/3266
f 3594/3594 3321/3321 3553/3553
f 3594/3594 3553/3553 3628/3628
f 3553/3553 3635/3635 3628/3628
f 3356/3356 3250/3250 3172/3172
f 3328/3328 3301/3301 3367/3367
f 5373/5373 5335/5335 5292/5292
f 5373/5373 5292/5292 5332/5332
f 5292/5292 5167/5167 5278/5278
f 3562/3562 3324/3324 3561/3561
f 3602/3602 3557/3557 3562/3562
f 3602/3602 3562/3562 3604/3604
f 3558/3558 3557/3557 3602/3602
f 3603/3603 3558/3558 3602/3602
f 2338/2338 2337/2337 2336/2336
f 4909/4909 4888/4888 4886/4886
f 5005/5005 4909/4909 4886/4886
f 2339/2339 2447/2447 2338/2338
f 2235/2235 2373/2373 2339/2339
f 2165/2165 2235/2235 2131/2131
f 2129/2129 2165/2165 2131/2131
f 2130/2130 2165/2165 2129/2129
f 1856/1856 2130/2130 1855/1855
f 2130/2130 2129/2129 1855/1855
f 4978/4978 5100/5100 5064/5064
f 1856/1856 1855/1855 1806/1806
f 1805/1805 1856/1856 1806/1806
f 5064/5064 5100/5100 5202/5202
f 1780/1780 1805/1805 1775/1775
f 1805/1805 1806/1806 1775/1775
f 1780/1780 1775/1775 1731/1731
f 5064/5064 5202/5202 5189/5189
f 1642/1642 1731/1731 1602/1602
f 5189/5189 5202/5202 5228/5228
f 1642/1642 1602/1602 1601/1601
f 1601/1601 1602/1602 1579/1579
f 5189/5189 5228/5228 5232/5232
f 1578/1578 1601/1601 1579/1579
f 5189/5189 5232/5232 5193/5193
f 1576/1576 1578/1578 1579/1579
f 1576/1576 1579/1579 1577/1577
f 1545/1545 1576/1576 1577/1577
f 5193/5193 5232/5232 5229/5229
f 1546/1546 1545/1545 1544/1544
f 5229/5229 5203/5203 5194/5194
f 5193/5193 5229/5229 5194/5194
f 1546/1546 1544/1544 1639/1639
f 1639/1639 1544/1544 1638/1638
f 1689/1689 1639/1639 1638/1638
f 5194/5194 5203/5203 5090/5090
f 5203/5203 5091/5091 5090/5090
f 1726/1726 1689/1689 1725/1725
f 1907/1907 1870/1870 1796/1796
f 5090/5090 5091/5091 4989/4989
f 1907/1907 1796/1796 1897/1897
f 4989/4989 5091/5091 5011/5011
f 4989/4989 5011/5011 4894/4894
f 2107/2107 1907/1907 1897/1897
f 2240/2240 2117/2117 2137/2137
f 4892/4892 4894/4894 4895/4895
f 4892/4892 4895/4895 4896/4896
f 4597/4597 4656/4656 4630/4630
f 5003/5003 5069/5069 5123/5123
f 4594/4594 4604/4604 4570/4570
f 5069/5069 5103/5103 5123/5123
f 5186/5186 5103/5103 5257/5257
f 5257/5257 5103/5103 5274/5274
f 5329/5329 5274/5274 5266/5266
f 4865/4865 4810/4810 4851/4851
f 4389/4389 4451/4451 4379/4379
f 4380/4380 4449/4449 4383/4383
f 4376/4376 4432/4432 4375/4375
f 3221/3221 3216/3216 3332/3332
f 3332/3332 3216/3216 3330/3330
f 3330/3330 3216/3216 3264/3264
f 3330/3330 3264/3264 3331/3331
f 3264/3264 3307/3307 3333/3333
f 3331/3331 3264/3264 3333/3333
f 3333/3333 3307/3307 3352/3352
f 3307/3307 3351/3351 3350/3350
f 3352/3352 3307/3307 3350/3350
f 3351/3351 3308/3308 3350/3350
f 3349/3349 3308/3308 3346/3346
f 3308/3308 3309/3309 3346/3346
f 3343/3343 3310/3310 3312/3312
f 3343/3343 3312/3312 3353/3353
f 3353/3353 3312/3312 3311/3311
f 3354/3354 3311/3311 3316/3316
f 3329/3329 3316/3316 3314/3314
f 3329/3329 3314/3314 3315/3315
f 3315/3315 3317/3317 3342/3342
f 3342/3342 3317/3317 3360/3360
f 3317/3317 3224/3224 3360/3360
f 3360/3360 3224/3224 3372/3372
f 3224/3224 3263/3263 3379/3379
f 3372/3372 3224/3224 3379/3379
f 3379/3379 3263/3263 3320/3320
f 3337/3337 3266/3266 3336/3336
f 3336/3336 3266/3266 3220/3220
f 3320/3320 3321/3321 3564/3564
f 3564/3564 3321/3321 3594/3594
f 3367/3367 3250/3250 3356/3356
f 3642/3642 3628/3628 3635/3635
f 3368/3368 3328/3328 3367/3367
f 5383/5383 5373/5373 5332/5332
f 3561/3561 3366/3366 3328/3328
f 3561/3561 3328/3328 3560/3560
f 5332/5332 5292/5292 5278/5278
f 5156/5156 5167/5167 5124/5124
f 5278/5278 5167/5167 5156/5156
f 3604/3604 3562/3562 3601/3601
f 5156/5156 5124/5124 5005/5005
f 5156/5156 5005/5005 5145/5145
f 5005/5005 4886/4886 5054/5054
f 5145/5145 5005/5005 5054/5054
f 2199/2199 2339/2339 2338/2338
f 4888/4888 4887/4887 4886/4886
f 2133/2133 2235/2235 2199/2199
f 2235/2235 2339/2339 2199/2199
f 4886/4886 4887/4887 4883/4883
f 2129/2129 2131/2131 2013/2013
f 4883/4883 4887/4887 4978/4978
f 4883/4883 4978/4978 4878/4878
f 2129/2129 2013/2013 1855/1855
f 4978/4978 5064/5064 4999/4999
f 4878/4878 4978/4978 4999/4999
f 1806/1806 1855/1855 1804/1804
f 1806/1806 1804/1804 1775/1775
f 1775/1775 1804/1804 1758/1758
f 4999/4999 5064/5064 5047/5047
f 1731/1731 1775/1775 1730/1730
f 1602/1602 1731/1731 1603/1603
f 1731/1731 1730/1730 1603/1603
f 5047/5047 5189/5189 5046/5046
f 1602/1602 1603/1603 1580/1580
f 1579/1579 1602/1602 1580/1580
f 5189/5189 5193/5193 5046/5046
f 1577/1577 1579/1579 1543/1543
f 1579/1579 1580/1580 1543/1543
f 1545/1545 1577/1577 1543/1543
f 5046/5046 5193/5193 5045/5045
f 1544/1544 1545/1545 1543/1543
f 1544/1544 1543/1543 1542/1542
f 5045/5045 5193/5193 5194/5194
f 1638/1638 1544/1544 1542/1542
f 5045/5045 5090/5090 4989/4989
f 1689/1689 1688/1688 1725/1725
f 1725/1725 1688/1688 1704/1704
f 1725/1725 1704/1704 1796/1796
f 1796/1796 1704/1704 1741/1741
f 1897/1897 1796/1796 1741/1741
f 4989/4989 4894/4894 4893/4893
f 2107/2107 2110/2110 2117/2117
f 4893/4893 4894/4894 4892/4892
f 4892/4892 4896/4896 4901/4901
f 2241/2241 2137/2137 2242/2242
f 4901/4901 4896/4896 4898/4898
f 4901/4901 4898/4898 5003/5003
f 2314/2314 2242/2242 2270/2270
f 4630/4630 4651/4651 4604/4604
f 5122/5122 5003/5003 5123/5123
f 4570/4570 4604/4604 4603/4603
f 4570/4570 4603/4603 4526/4526
f 5257/5257 5274/5274 5322/5322
f 4865/4865 4851/4851 4864/4864
f 4398/4398 4488/4488 4480/4480
f 4398/4398 4480/4480 4429/4429
f 4485/4485 4460/4460 4430/4430
f 3335/3335 3336/3336 3220/3220
f 3335/3335 3220/3220 3221/3221
f 3352/3352 3350/3350 3389/3389
f 3350/3350 3308/3308 3349/3349
f 3349/3349 3346/3346 3348/3348
f 3348/3348 3346/3346 3347/3347
f 3346/3346 3309/3309 3305/3305
f 3346/3346 3305/3305 3345/3345
f 3347/3347 3346/3346 3345/3345
f 3345/3345 3305/3305 3306/3306
f 3345/3345 3306/3306 3344/3344
f 3306/3306 3310/3310 3343/3343
f 3344/3344 3306/3306 3343/3343
f 3353/3353 3311/3311 3354/3354
f 3354/3354 3316/3316 3355/3355
f 3355/3355 3316/3316 3329/3329
f 3379/3379 3320/3320 3564/3564
f 3564/3564 3594/3594 3623/3623
f 3594/3594 3628/3628 3623/3623
f 3367/3367 3356/3356 3377/3377
f 3377/3377 3356/3356 3378/3378
f 3628/3628 3642/3642 3634/3634
f 3623/3623 3628/3628 3634/3634
f 3560/3560 3328/3328 3368/3368
f 5383/5383 5332/5332 5338/5338
f 5338/5338 5332/5332 5278/5278
f 3600/3600 3561/3561 3560/3560
f 3562/3562 3600/3600 3601/3601
f 5278/5278 5156/5156 5145/5145
f 3602/3602 3604/3604 3601/3601
f 2325/2325 2337/2337 2335/2335
f 2336/2336 2337/2337 2325/2325
f 5054/5054 4886/4886 4885/4885
f 2199/2199 2338/2338 2325/2325
f 2199/2199 2325/2325 2198/2198
f 4885/4885 4886/4886 4883/4883
f 1940/1940 2133/2133 2199/2199
f 2013/2013 2133/2133 2012/2012
f 1854/1854 2013/2013 2012/2012
f 1855/1855 2013/2013 1854/1854
f 1804/1804 1855/1855 1807/1807
f 1855/1855 1854/1854 1807/1807
f 4878/4878 4999/4999 4994/4994
f 1758/1758 1804/1804 1807/1807
f 4999/4999 5047/5047 4994/4994
f 1775/1775 1758/1758 1730/1730
f 1730/1730 1758/1758 1618/1618
f 1603/1603 1730/1730 1618/1618
f 4994/4994 5047/5047 4903/4903
f 1580/1580 1603/1603 1581/1581
f 1581/1581 1603/1603 1618/1618
f 5047/5047 5046/5046 4903/4903
f 1543/1543 1580/1580 1581/1581
f 1543/1543 1581/1581 1538/1538
f 1543/1543 1538/1538 1542/1542
f 4903/4903 5046/5046 5045/5045
f 1542/1542 1538/1538 1537/1537
f 4903/4903 5045/5045 4902/4902
f 1638/1638 1542/1542 1537/1537
f 1638/1638 1537/1537 1640/1640
f 1687/1687 1638/1638 1640/1640
f 4902/4902 5045/5045 4989/4989
f 1704/1704 1687/1687 1700/1700
f 1741/1741 1704/1704 1700/1700
f 1741/1741 1700/1700 1742/1742
f 4902/4902 4989/4989 4893/4893
f 1741/1741 1742/1742 1743/1743
f 1897/1897 1741/1741 1743/1743
f 1897/1897 1743/1743 1896/1896
f 2110/2110 1897/1897 1896/1896
f 2110/2110 1896/1896 2117/2117
f 2117/2117 1896/1896 2072/2072
f 4880/4880 4893/4893 4892/4892
f 2137/2137 2117/2117 2072/2072
f 2242/2242 2239/2239 2270/2270
f 5048/5048 4901/4901 5003/5003
f 5048/5048 5003/5003 5122/5122
f 5244/5244 5186/5186 5257/5257
f 5244/5244 5257/5257 5322/5322
f 4526/4526 4603/4603 4556/4556
f 4526/4526 4556/4556 4493/4493
f 4864/4864 4851/4851 4835/4835
f 4458/4458 4501/4501 4502/4502
f 4449/4449 4496/4496 4466/4466
f 4439/4439 4515/4515 4484/4484
f 4437/4437 4484/4484 4483/4483
f 3330/3330 3331/3331 3334/3334
f 3334/3334 3331/3331 3333/3333
f 3344/3344 3343/3343 3358/3358
f 3343/3343 3353/3353 3358/3358
f 3358/3358 3353/3353 3354/3354
f 3358/3358 3354/3354 3359/3359
f 3359/3359 3354/3354 3355/3355
f 3355/3355 3329/3329 3384/3384
f 3384/3384 3329/3329 3385/3385
f 3385/3385 3329/3329 3315/3315
f 3385/3385 3315/3315 3342/3342
f 3336/3336 3335/3335 3381/3381
f 3381/3381 3335/3335 3380/3380
f 3335/3335 3221/3221 3332/3332
f 3335/3335 3332/3332 3380/3380
f 3347/3347 3345/3345 3547/3547
f 3345/3345 3344/3344 3547/3547
f 3378/3378 3356/3356 3337/3337
f 3378/3378 3337/3337 3336/3336
f 3378/3378 3336/3336 3421/3421
f 3599/3599 3564/3564 3623/3623
f 3368/3368 3367/3367 3377/3377
f 3634/3634 3642/3642 3647/3647
f 2383/2383 2431/2431 2429/2429
f 5384/5384 5383/5383 5338/5338
f 5384/5384 5338/5338 5331/5331
f 2334/2334 2428/2428 2368/2368
f 5331/5331 5338/5338 5278/5278
f 5331/5331 5278/5278 5290/5290
f 5290/5290 5278/5278 5145/5145
f 5164/5164 5145/5145 5054/5054
f 5164/5164 5054/5054 5066/5066
f 5054/5054 4885/4885 5066/5066
f 2041/2041 2199/2199 2198/2198
f 1940/1940 2199/2199 2041/2041
f 4885/4885 4883/4883 4882/4882
f 1853/1853 2012/2012 1940/1940
f 4882/4882 4883/4883 4878/4878
f 1854/1854 2012/2012 1853/1853
f 1854/1854 1853/1853 1807/1807
f 1758/1758 1807/1807 1759/1759
f 4878/4878 4994/4994 4876/4876
f 1618/1618 1758/1758 1620/1620
f 1758/1758 1759/1759 1620/1620
f 4994/4994 4903/4903 4876/4876
f 1618/1618 1620/1620 1619/1619
f 1581/1581 1618/1618 1619/1619
f 4876/4876 4903/4903 4877/4877
f 1581/1581 1619/1619 1582/1582
f 1581/1581 1582/1582 1539/1539
f 1538/1538 1581/1581 1539/1539
f 1536/1536 1538/1538 1539/1539
f 1537/1537 1538/1538 1536/1536
f 1537/1537 1536/1536 1535/1535
f 4877/4877 4903/4903 4902/4902
f 1640/1640 1537/1537 1535/1535
f 1687/1687 1640/1640 1683/1683
f 1683/1683 1640/1640 1535/1535
f 1683/1683 1535/1535 1532/1532
f 4877/4877 4902/4902 4880/4880
f 1700/1700 1683/1683 1684/1684
f 1700/1700 1684/1684 1699/1699
f 1742/1742 1700/1700 1699/1699
f 4880/4880 4902/4902 4893/4893
f 1896/1896 1743/1743 1845/1845
f 1896/1896 1845/1845 1844/1844
f 1896/1896 1900/1900 2072/2072
f 4891/4891 4880/4880 4892/4892
f 4891/4891 4892/4892 4995/4995
f 4995/4995 4892/4892 4901/4901
f 4995/4995 4901/4901 5048/5048
f 5048/5048 5122/5122 5141/5141
f 4652/4652 4651/4651 4685/4685
f 5141/5141 5186/5186 5244/5244
f 4603/4603 4665/4665 4666/4666
f 4603/4603 4666/4666 4556/4556
f 5319/5319 5244/5244 5322/5322
f 5374/5374 5322/5322 5376/5376
f 4862/4862 4835/4835 4803/4803
f 4500/4500 4507/4507 4501/4501
f 3380/3380 3332/3332 3550/3550
f 3332/3332 3330/3330 3550/3550
f 3550/3550 3330/3330 3571/3571
f 3571/3571 3330/3330 3334/3334
f 3334/3334 3333/3333 3579/3579
f 3333/3333 3352/3352 3399/3399
f 3579/3579 3333/3333 3399/3399
f 3399/3399 3352/3352 3389/3389
f 3399/3399 3389/3389 3391/3391
f 3389/3389 3350/3350 3391/3391
f 3391/3391 3350/3350 3349/3349
f 3391/3391 3349/3349 3549/3549
f 3349/3349 3348/3348 3549/3549
f 3549/3549 3348/3348 3548/3548
f 3548/3548 3348/3348 3347/3347
f 3548/3548 3347/3347 3547/3547
f 3547/3547 3344/3344 3566/3566
f 3344/3344 3358/3358 3566/3566
f 3567/3567 3359/3359 3355/3355
f 3567/3567 3355/3355 3568/3568
f 3568/3568 3355/3355 3569/3569
f 3355/3355 3384/3384 3569/3569
f 3569/3569 3384/3384 3385/3385
f 3385/3385 3342/3342 3565/3565
f 3565/3565 3342/3342 3360/3360
f 3565/3565 3360/3360 3577/3577
f 3577/3577 3360/3360 3589/3589
f 3360/3360 3372/3372 3589/3589
f 3589/3589 3372/3372 3379/3379
f 3421/3421 3336/3336 3381/3381
f 3421/3421 3381/3381 3576/3576
f 3576/3576 3381/3381 3380/3380
f 3598/3598 3379/3379 3564/3564
f 3598/3598 3564/3564 3599/3599
f 2377/2377 2430/2430 2436/2436
f 3641/3641 3599/3599 3623/3623
f 2428/2428 2431/2431 2383/2383
f 2383/2383 2429/2429 2384/2384
f 5379/5379 5384/5384 5331/5331
f 5289/5289 5290/5290 5145/5145
f 2335/2335 2333/2333 2057/2057
f 5289/5289 5145/5145 5164/5164
f 2325/2325 2335/2335 2057/2057
f 5164/5164 5066/5066 5129/5129
f 2198/2198 2325/2325 2057/2057
f 2056/2056 2198/2198 2057/2057
f 5129/5129 5066/5066 4885/4885
f 5129/5129 4885/4885 5042/5042
f 2041/2041 2198/2198 2056/2056
f 4885/4885 4882/4882 4879/4879
f 5042/5042 4885/4885 4879/4879
f 1940/1940 2041/2041 1941/1941
f 1940/1940 1941/1941 1840/1840
f 1853/1853 1940/1940 1840/1840
f 4879/4879 4882/4882 4878/4878
f 4879/4879 4878/4878 4875/4875
f 1807/1807 1853/1853 1778/1778
f 1778/1778 1853/1853 1840/1840
f 1759/1759 1807/1807 1778/1778
f 4878/4878 4876/4876 4875/4875
f 1620/1620 1759/1759 1671/1671
f 1620/1620 1671/1671 1629/1629
f 1619/1619 1620/1620 1629/1629
f 4875/4875 4876/4876 4872/4872
f 1619/1619 1629/1629 1621/1621
f 4876/4876 4877/4877 4872/4872
f 1619/1619 1621/1621 1582/1582
f 1535/1535 1536/1536 1534/1534
f 1532/1532 1535/1535 1534/1534
f 4872/4872 4877/4877 4873/4873
f 1684/1684 1683/1683 1532/1532
f 4877/4877 4880/4880 4873/4873
f 4873/4873 4880/4880 4881/4881
f 1845/1845 1743/1743 1720/1720
f 4881/4881 4880/4880 4891/4891
f 4995/4995 5048/5048 5140/5140
f 5140/5140 5048/5048 5141/5141
f 2239/2239 2083/2083 2082/2082
f 2239/2239 2082/2082 2270/2270
f 2270/2270 2082/2082 2269/2269
f 5141/5141 5244/5244 5272/5272
f 5374/5374 5319/5319 5322/5322
f 4605/4605 4606/4606 4510/4510
f 4862/4862 4869/4869 4864/4864
f 4525/4525 4510/4510 4606/4606
f 4606/4606 4573/4573 4525/4525
f 4514/4514 4573/4573 4587/4587
f 4514/4514 4587/4587 4560/4560
f 4505/4505 4571/4571 4509/4509
f 4538/4538 4578/4578 4539/4539
f 4551/4551 4553/4553 4590/4590
f 4586/4586 4631/4631 4550/4550
f 3576/3576 3380/3380 3550/3550
f 3580/3580 3571/3571 3334/3334
f 3334/3334 3579/3579 3580/3580
f 3579/3579 3399/3399 3584/3584
f 3399/3399 3391/3391 3584/3584
f 3584/3584 3391/3391 3583/3583
f 3391/3391 3549/3549 3583/3583
f 3583/3583 3549/3549 3582/3582
f 3549/3549 3548/3548 3582/3582
f 3581/3581 3582/3582 3548/3548
f 3548/3548 3547/3547 3581/3581
f 3581/3581 3547/3547 3566/3566
f 3566/3566 3358/3358 3567/3567
f 3567/3567 3358/3358 3359/3359
f 3569/3569 3385/3385 3570/3570
f 3570/3570 3385/3385 3565/3565
f 3589/3589 3379/3379 3598/3598
f 2378/2378 2436/2436 2385/2385
f 2385/2385 2436/2436 2396/2396
f 2429/2429 2430/2430 2377/2377
f 2377/2377 2436/2436 2378/2378
f 3641/3641 3623/3623 3634/3634
f 2459/2459 2474/2474 2467/2467
f 2467/2467 2474/2474 2475/2475
f 2467/2467 2475/2475 2471/2471
f 2333/2333 2334/2334 2168/2168
f 2334/2334 2368/2368 2223/2223
f 2168/2168 2334/2334 2223/2223
f 5331/5331 5290/5290 5289/5289
f 2168/2168 2057/2057 2333/2333
f 5289/5289 5164/5164 5283/5283
f 5283/5283 5164/5164 5129/5129
f 5129/5129 5042/5042 5159/5159
f 2041/2041 2056/2056 1945/1945
f 1852/1852 2041/2041 1945/1945
f 5042/5042 4879/4879 5041/5041
f 5159/5159 5042/5042 5041/5041
f 1941/1941 2041/2041 1852/1852
f 1840/1840 1941/1941 1852/1852
f 1840/1840 1852/1852 1803/1803
f 1840/1840 1803/1803 1778/1778
f 1759/1759 1778/1778 1669/1669
f 1669/1669 1778/1778 1670/1670
f 1759/1759 1669/1669 1671/1671
f 1671/1671 1669/1669 1629/1629
f 1582/1582 1621/1621 1583/1583
f 1582/1582 1583/1583 1539/1539
f 1539/1539 1583/1583 1540/1540
f 1536/1536 1539/1539 1533/1533
f 1533/1533 1539/1539 1540/1540
f 1534/1534 1536/1536 1533/1533
f 1532/1532 1534/1534 1533/1533
f 1532/1532 1533/1533 1531/1531
f 1699/1699 1684/1684 1685/1685
f 1699/1699 1685/1685 1720/1720
f 1720/1720 1685/1685 1719/1719
f 1845/1845 1720/1720 1719/1719
f 1845/1845 1719/1719 1844/1844
f 1844/1844 1719/1719 1843/1843
f 4996/4996 4881/4881 4891/4891
f 1844/1844 1843/1843 1900/1900
f 1900/1900 1843/1843 1899/1899
f 1900/1900 1899/1899 2072/2072
f 4996/4996 4891/4891 4995/4995
f 4996/4996 4995/4995 5140/5140
f 2072/2072 1899/1899 2071/2071
f 5140/5140 5141/5141 5249/5249
f 5204/5204 5140/5140 5249/5249
f 5249/5249 5141/5141 5272/5272
f 2269/2269 2082/2082 2121/2121
f 5272/5272 5244/5244 5319/5319
f 4556/4556 4666/4666 4667/4667
f 5391/5391 5375/5375 5374/5374
f 5374/5374 5375/5375 5319/5319
f 2311/2311 2213/2213 2310/2310
f 4862/4862 4866/4866 4869/4869
f 4855/4855 4866/4866 4862/4862
f 4803/4803 4855/4855 4862/4862
f 4573/4573 4664/4664 4587/4587
f 4560/4560 4622/4622 4621/4621
f 4560/4560 4621/4621 4571/4571
f 4579/4579 4601/4601 4578/4578
f 4578/4578 4601/4601 4539/4539
f 4539/4539 4596/4596 4535/4535
f 4535/4535 4596/4596 4555/4555
f 4553/4553 4591/4591 4593/4593
f 4551/4551 4590/4590 4589/4589
f 3576/3576 3550/3550 3605/3605
f 3605/3605 3550/3550 3610/3610
f 3550/3550 3571/3571 3610/3610
f 2422/2422 2420/2420 2365/2365
f 2382/2382 2422/2422 2365/2365
f 2419/2419 2414/2414 2345/2345
f 2413/2413 2414/2414 2439/2439
f 2413/2413 2439/2439 2392/2392
f 2392/2392 2439/2439 2391/2391
f 3608/3608 3583/3583 3582/3582
f 2418/2418 2416/2416 2417/2417
f 2379/2379 2416/2416 2415/2415
f 3581/3581 3566/3566 3595/3595
f 3595/3595 3566/3566 3593/3593
f 3593/3593 3566/3566 3567/3567
f 3593/3593 3567/3567 3597/3597
f 3597/3597 3567/3567 3568/3568
f 3568/3568 3569/3569 3611/3611
f 3611/3611 3569/3569 3570/3570
f 3570/3570 3565/3565 3577/3577
f 2394/2394 2408/2408 2353/2353
f 2408/2408 2438/2438 2370/2370
f 2370/2370 2438/2438 2444/2444
f 2385/2385 2396/2396 2395/2395
f 2228/2228 2385/2385 2395/2395
f 2444/2444 2458/2458 2372/2372
f 2372/2372 2458/2458 2459/2459
f 2383/2383 2384/2384 2208/2208
f 2208/2208 2384/2384 2377/2377
f 2462/2462 2467/2467 2471/2471
f 2368/2368 2383/2383 2163/2163
f 2163/2163 2383/2383 2208/2208
f 2462/2462 2471/2471 2443/2443
f 2223/2223 2368/2368 2163/2163
f 5340/5340 5331/5331 5289/5289
f 5379/5379 5331/5331 5340/5340
f 2223/2223 2163/2163 2168/2168
f 2057/2057 2168/2168 2055/2055
f 5340/5340 5289/5289 5283/5283
f 2056/2056 2057/2057 2055/2055
f 2035/2035 2056/2056 2055/2055
f 5283/5283 5129/5129 5159/5159
f 1945/1945 2056/2056 2035/2035
f 5159/5159 5041/5041 5169/5169
f 1852/1852 1945/1945 1851/1851
f 1803/1803 1852/1852 1791/1791
f 1852/1852 1851/1851 1791/1791
f 5041/5041 4879/4879 4889/4889
f 1803/1803 1791/1791 1779/1779
f 4879/4879 4875/4875 4889/4889
f 1778/1778 1803/1803 1779/1779
f 1670/1670 1778/1778 1779/1779
f 4889/4889 4875/4875 4874/4874
f 1629/1629 1669/1669 1632/1632
f 1669/1669 1670/1670 1632/1632
f 1629/1629 1632/1632 1622/1622
f 4874/4874 4875/4875 4872/4872
f 1621/1621 1629/1629 1622/1622
f 1621/1621 1622/1622 1583/1583
f 4874/4874 4872/4872 4871/4871
f 1533/1533 1540/1540 1529/1529
f 4871/4871 4872/4872 4873/4873
f 1531/1531 1533/1533 1529/1529
f 1531/1531 1529/1529 1530/1530
f 1532/1532 1531/1531 1530/1530
f 4871/4871 4873/4873 4884/4884
f 1684/1684 1532/1532 1530/1530
f 4873/4873 4881/4881 4884/4884
f 1685/1685 1530/1530 1686/1686
f 1719/1719 1685/1685 1686/1686
f 4884/4884 4881/4881 4996/4996
f 1843/1843 1719/1719 1746/1746
f 1843/1843 1746/1746 1899/1899
f 5163/5163 4996/4996 5140/5140
f 2082/2082 2071/2071 2081/2081
f 2082/2082 2081/2081 2121/2121
f 2121/2121 2081/2081 2091/2091
f 2246/2246 2091/2091 2300/2300
f 5320/5320 5272/5272 5319/5319
f 5375/5375 5320/5320 5319/5319
f 2300/2300 2091/2091 2213/2213
f 2300/2300 2213/2213 2301/2301
f 2310/2310 2111/2111 2298/2298
f 2452/2452 2468/2468 2465/2465
f 2297/2297 2452/2452 2460/2460
f 2460/2460 2452/2452 2465/2465
f 4584/4584 4621/4621 4624/4624
f 4584/4584 4624/4624 4583/4583
f 4583/4583 4624/4624 4623/4623
f 4583/4583 4623/4623 4609/4609
f 4610/4610 4641/4641 4580/4580
f 4580/4580 4641/4641 4640/4640
f 4640/4640 4658/4658 4608/4608
f 4608/4608 4658/4658 4607/4607
f 4607/4607 4645/4645 4579/4579
f 4579/4579 4645/4645 4643/4643
f 4579/4579 4643/4643 4601/4601
f 4643/4643 4644/4644 4601/4601
f 4601/4601 4644/4644 4602/4602
f 4596/4596 4627/4627 4592/4592
f 4592/4592 4627/4627 4591/4591
f 4591/4591 4627/4627 4593/4593
f 4593/4593 4642/4642 4590/4590
f 4642/4642 4638/4638 4590/4590
f 4590/4590 4638/4638 4589/4589
f 4635/4635 4806/4806 4631/4631
f 2229/2229 2395/2395 2382/2382
f 2365/2365 2420/2420 2363/2363
f 2363/2363 2420/2420 2421/2421
f 2363/2363 2421/2421 2364/2364
f 2421/2421 2414/2414 2419/2419
f 2364/2364 2421/2421 2419/2419
f 2345/2345 2414/2414 2413/2413
f 2390/2390 2391/2391 2418/2418
f 2390/2390 2418/2418 2380/2380
f 2418/2418 2417/2417 2380/2380
f 2417/2417 2379/2379 2380/2380
f 2379/2379 2417/2417 2416/2416
f 2379/2379 2415/2415 2358/2358
f 2415/2415 2402/2402 2357/2357
f 2358/2358 2415/2415 2357/2357
f 2357/2357 2402/2402 2356/2356
f 2402/2402 2403/2403 2356/2356
f 2356/2356 2403/2403 2404/2404
f 2356/2356 2404/2404 2393/2393
f 2356/2356 2393/2393 2355/2355
f 2393/2393 2394/2394 2354/2354
f 2355/2355 2393/2393 2354/2354
f 2354/2354 2394/2394 2353/2353
f 2353/2353 2408/2408 2370/2370
f 2370/2370 2444/2444 2371/2371
f 2378/2378 2385/2385 2343/2343
f 2343/2343 2385/2385 2228/2228
f 2228/2228 2395/2395 2229/2229
f 2371/2371 2444/2444 2372/2372
f 2208/2208 2377/2377 2164/2164
f 2164/2164 2377/2377 2173/2173
f 2377/2377 2378/2378 2173/2173
f 2173/2173 2378/2378 2343/2343
f 2372/2372 2459/2459 2426/2426
f 2426/2426 2459/2459 2467/2467
f 2426/2426 2467/2467 2462/2462
f 2163/2163 2208/2208 2164/2164
f 2162/2162 2163/2163 2164/2164
f 2426/2426 2462/2462 2443/2443
f 2443/2443 2471/2471 2472/2472
f 2054/2054 2163/2163 2162/2162
f 2168/2168 2163/2163 2054/2054
f 5339/5339 5340/5340 5283/5283
f 2055/2055 2168/2168 2054/2054
f 2055/2055 2054/2054 2035/2035
f 5283/5283 5159/5159 5286/5286
f 1945/1945 2035/2035 1832/1832
f 1833/1833 1945/1945 1832/1832
f 5286/5286 5159/5159 5169/5169
f 1851/1851 1945/1945 1833/1833
f 5169/5169 5041/5041 5158/5158
f 5041/5041 4889/4889 5158/5158
f 5158/5158 4889/4889 5117/5117
f 1779/1779 1791/1791 1760/1760
f 5117/5117 4889/4889 5013/5013
f 1670/1670 1779/1779 1631/1631
f 1779/1779 1760/1760 1631/1631
f 4889/4889 4874/4874 5013/5013
f 1670/1670 1631/1631 1632/1632
f 1632/1632 1631/1631 1622/1622
f 5013/5013 4874/4874 4890/4890
f 4890/4890 4874/4874 4871/4871
f 4890/4890 4871/4871 4992/4992
f 1530/1530 1529/1529 1522/1522
f 4992/4992 4871/4871 4884/4884
f 4992/4992 4884/4884 5068/5068
f 1686/1686 1530/1530 1522/1522
f 1686/1686 1522/1522 1521/1521
f 1686/1686 1521/1521 1719/1719
f 1719/1719 1521/1521 1718/1718
f 4884/4884 4996/4996 5153/5153
f 5068/5068 4884/4884 5153/5153
f 1746/1746 1719/1719 1718/1718
f 5153/5153 4996/4996 5163/5163
f 1746/1746 1718/1718 1747/1747
f 1899/1899 1747/1747 1877/1877
f 5204/5204 5163/5163 5140/5140
f 5163/5163 5204/5204 5247/5247
f 2071/2071 1899/1899 1877/1877
f 5247/5247 5204/5204 5249/5249
f 2081/2081 1877/1877 1893/1893
f 2081/2081 1893/1893 2091/2091
f 2091/2091 1893/1893 2090/2090
f 2091/2091 2090/2090 2213/2213
f 2213/2213 2090/2090 2111/2111
f 5378/5378 5320/5320 5375/5375
f 2463/2463 2473/2473 2323/2323
f 2468/2468 2323/2323 2473/2473
f 2323/2323 2468/2468 2318/2318
f 2111/2111 2148/2148 2298/2298
f 2298/2298 2148/2148 2286/2286
f 2286/2286 2274/2274 2308/2308
f 2296/2296 2273/2273 2297/2297
f 2297/2297 2273/2273 2452/2452
f 2307/2307 2257/2257 2306/2306
f 2306/2306 2257/2257 2289/2289
f 2289/2289 2288/2288 2304/2304
f 2304/2304 2288/2288 2303/2303
f 2303/2303 2288/2288 2290/2290
f 2293/2293 2262/2262 2313/2313
f 2313/2313 2262/2262 2312/2312
f 4671/4671 4670/4670 4596/4596
f 4627/4627 4670/4670 4682/4682
f 4627/4627 4682/4682 4683/4683
f 4627/4627 4683/4683 4642/4642
f 2315/2315 2280/2280 2316/2316
f 2316/2316 2280/2280 2277/2277
f 2299/2299 2276/2276 2275/2275
f 2230/2230 2229/2229 2382/2382
f 2230/2230 2382/2382 2365/2365
f 2364/2364 2419/2419 2345/2345
f 2345/2345 2413/2413 2328/2328
f 2413/2413 2392/2392 2328/2328
f 2328/2328 2392/2392 2359/2359
f 2359/2359 2392/2392 2391/2391
f 2359/2359 2391/2391 2332/2332
f 2391/2391 2390/2390 2332/2332
f 2332/2332 2390/2390 2346/2346
f 2390/2390 2380/2380 2346/2346
f 2346/2346 2380/2380 2347/2347
f 2347/2347 2380/2380 2191/2191
f 2191/2191 2380/2380 2379/2379
f 2191/2191 2379/2379 2369/2369
f 2369/2369 2379/2379 2181/2181
f 2379/2379 2358/2358 2176/2176
f 2181/2181 2379/2379 2176/2176
f 2358/2358 2357/2357 2178/2178
f 2357/2357 2179/2179 2178/2178
f 2179/2179 2357/2357 2356/2356
f 2356/2356 2355/2355 2179/2179
f 2179/2179 2355/2355 2175/2175
f 2355/2355 2354/2354 2174/2174
f 2175/2175 2355/2355 2174/2174
f 2174/2174 2354/2354 2353/2353
f 2167/2167 2353/2353 2370/2370
f 2167/2167 2370/2370 2200/2200
f 2370/2370 2371/2371 2222/2222
f 2200/2200 2370/2370 2222/2222
f 2343/2343 2228/2228 2182/2182
f 2182/2182 2228/2228 2184/2184
f 2184/2184 2228/2228 2185/2185
f 2185/2185 2228/2228 2229/2229
f 2222/2222 2371/2371 2372/2372
f 2222/2222 2372/2372 2348/2348
f 2173/2173 2343/2343 2182/2182
f 2348/2348 2372/2372 2426/2426
f 2348/2348 2426/2426 2381/2381
f 2162/2162 2164/2164 2158/2158
f 2158/2158 2164/2164 2173/2173
f 2381/2381 2426/2426 2442/2442
f 2442/2442 2426/2426 2443/2443
f 2027/2027 2162/2162 2051/2051
f 2054/2054 2162/2162 2027/2027
f 2441/2441 2443/2443 2472/2472
f 2441/2441 2472/2472 2470/2470
f 1932/1932 2054/2054 2027/2027
f 2035/2035 2054/2054 1932/1932
f 1832/1832 2035/2035 1932/1932
f 5339/5339 5283/5283 5286/5286
f 5339/5339 5286/5286 5337/5337
f 5286/5286 5169/5169 5277/5277
f 5277/5277 5169/5169 5158/5158
f 1791/1791 1833/1833 1790/1790
f 5158/5158 5117/5117 5157/5157
f 1791/1791 1790/1790 1760/1760
f 1630/1630 1760/1760 1728/1728
f 5157/5157 5117/5117 5013/5013
f 1631/1631 1760/1760 1630/1630
f 5157/5157 5013/5013 5086/5086
f 1622/1622 1631/1631 1627/1627
f 1631/1631 1630/1630 1627/1627
f 5086/5086 5013/5013 4890/4890
f 1622/1622 1627/1627 1583/1583
f 5086/5086 4890/4890 5060/5060
f 5060/5060 4890/4890 4992/4992
f 1529/1529 1540/1540 1541/1541
f 5060/5060 4992/4992 5126/5126
f 1522/1522 1529/1529 1523/1523
f 4992/4992 5068/5068 5126/5126
f 5126/5126 5068/5068 5165/5165
f 1521/1521 1522/1522 1523/1523
f 5165/5165 5068/5068 5153/5153
f 1718/1718 1521/1521 1696/1696
f 5153/5153 5163/5163 5242/5242
f 1747/1747 1718/1718 1717/1717
f 1877/1877 1747/1747 1717/1717
f 1877/1877 1717/1717 1738/1738
f 5242/5242 5163/5163 5247/5247
f 1877/1877 1738/1738 1893/1893
f 5247/5247 5249/5249 5323/5323
f 5323/5323 5249/5249 5320/5320
f 5378/5378 5323/5323 5320/5320
f 2440/2440 2469/2469 2463/2463
f 1893/1893 1908/1908 2090/2090
f 2090/2090 1908/1908 2080/2080
f 2090/2090 2080/2080 2111/2111
f 2148/2148 2111/2111 2078/2078
f 2148/2148 2078/2078 2079/2079
f 2274/2274 2079/2079 2136/2136
f 2296/2296 2141/2141 2273/2273
f 2274/2274 2136/2136 2231/2231
f 2257/2257 2258/2258 2289/2289
f 2289/2289 2258/2258 2288/2288
f 2258/2258 2259/2259 2288/2288
f 2288/2288 2259/2259 2290/2290
f 2290/2290 2244/2244 2264/2264
f 2264/2264 2263/2263 2291/2291
f 2291/2291 2263/2263 2292/2292
f 2292/2292 2263/2263 2293/2293
f 2293/2293 2263/2263 2262/2262
f 2262/2262 2261/2261 2312/2312
f 2312/2312 2261/2261 2285/2285
f 2285/2285 2266/2266 2284/2284
f 2280/2280 2256/2256 2277/2277
f 2277/2277 2256/2256 2092/2092
f 2276/2276 2085/2085 2275/2275
f 2275/2275 2085/2085 2084/2084
f 2275/2275 2084/2084 2287/2287
f 2287/2287 2141/2141 2296/2296
f 2230/2230 2365/2365 2186/2186
f 2186/2186 2365/2365 2196/2196
f 2365/2365 2363/2363 2196/2196
f 2363/2363 2364/2364 2197/2197
f 2197/2197 2364/2364 2345/2345
f 2197/2197 2345/2345 2195/2195
f 2195/2195 2345/2345 2328/2328
f 2195/2195 2328/2328 2194/2194
f 2328/2328 2359/2359 2194/2194
f 2194/2194 2359/2359 2332/2332
f 2194/2194 2332/2332 2193/2193
f 2193/2193 2332/2332 2346/2346
f 2176/2176 2358/2358 2177/2177
f 2177/2177 2358/2358 2178/2178
f 2180/2180 2179/2179 2175/2175
f 2174/2174 2353/2353 2166/2166
f 2166/2166 2353/2353 2167/2167
f 2229/2229 2230/2230 2185/2185
f 2185/2185 2230/2230 2186/2186
f 2196/2196 2363/2363 2197/2197
f 2172/2172 2195/2195 2194/2194
f 2192/2192 2193/2193 2346/2346
f 2192/2192 2346/2346 2191/2191
f 2191/2191 2346/2346 2347/2347
f 2191/2191 2369/2369 2181/2181
f 2326/2326 2222/2222 2348/2348
f 2173/2173 2182/2182 2157/2157
f 2326/2326 2348/2348 2216/2216
f 2216/2216 2348/2348 2381/2381
f 2162/2162 2158/2158 2051/2051
f 2158/2158 2173/2173 2157/2157
f 2344/2344 2442/2442 2443/2443
f 2344/2344 2443/2443 2441/2441
f 2381/2381 2442/2442 2344/2344
f 1932/1932 2027/2027 1835/1835
f 2441/2441 2470/2470 2461/2461
f 1831/1831 1932/1932 1835/1835
f 2441/2441 2461/2461 2435/2435
f 1832/1832 1932/1932 1831/1831
f 5277/5277 5337/5337 5286/5286
f 1808/1808 1832/1832 1831/1831
f 1833/1833 1832/1832 1808/1808
f 1790/1790 1833/1833 1808/1808
f 1766/1766 1790/1790 1808/1808
f 5277/5277 5158/5158 5282/5282
f 1760/1760 1790/1790 1728/1728
f 1728/1728 1790/1790 1766/1766
f 5282/5282 5158/5158 5157/5157
f 5282/5282 5157/5157 5281/5281
f 1630/1630 1728/1728 1691/1691
f 1630/1630 1691/1691 1628/1628
f 5157/5157 5086/5086 5177/5177
f 1630/1630 1628/1628 1627/1627
f 5177/5177 5086/5086 5160/5160
f 1583/1583 1627/1627 1584/1584
f 5160/5160 5086/5086 5060/5060
f 1540/1540 1583/1583 1584/1584
f 1540/1540 1584/1584 1541/1541
f 5160/5160 5060/5060 5126/5126
f 1523/1523 1541/1541 1498/1498
f 1521/1521 1523/1523 1524/1524
f 1524/1524 1523/1523 1498/1498
f 5165/5165 5153/5153 5248/5248
f 1696/1696 1521/1521 1524/1524
f 1717/1717 1696/1696 1501/1501
f 5248/5248 5153/5153 5242/5242
f 1717/1717 1501/1501 1525/1525
f 1738/1738 1717/1717 1525/1525
f 5242/5242 5247/5247 5327/5327
f 1738/1738 1727/1727 1893/1893
f 5327/5327 5247/5247 5323/5323
f 1893/1893 1727/1727 1848/1848
f 2440/2440 2464/2464 2469/2469
f 1893/1893 1848/1848 1908/1908
f 1908/1908 1848/1848 1889/1889
f 2322/2322 2440/2440 2463/2463
f 1908/1908 1889/1889 2080/2080
f 2323/2323 2322/2322 2463/2463
f 2322/2322 2323/2323 2279/2279
f 2209/2209 2279/2279 2273/2273
f 2273/2273 2279/2279 2318/2318
f 2079/2079 2069/2069 2070/2070
f 2079/2079 2070/2070 2136/2136
f 2136/2136 2070/2070 2231/2231
f 2231/2231 2070/2070 2087/2087
f 2231/2231 2087/2087 2257/2257
f 2087/2087 2115/2115 2257/2257
f 2141/2141 2209/2209 2273/2273
f 2257/2257 2115/2115 2258/2258
f 2258/2258 2115/2115 2116/2116
f 2258/2258 2116/2116 2259/2259
f 2116/2116 2244/2244 2259/2259
f 2244/2244 2095/2095 2264/2264
f 2264/2264 2095/2095 2096/2096
f 2264/2264 2106/2106 2263/2263
f 2263/2263 2106/2106 2104/2104
f 2104/2104 2068/2068 2263/2263
f 2263/2263 2068/2068 2262/2262
f 2262/2262 2068/2068 2261/2261
f 2068/2068 2077/2077 2261/2261
f 2077/2077 2076/2076 2261/2261
f 2261/2261 2076/2076 2266/2266
f 2076/2076 2075/2075 2266/2266
f 2266/2266 2075/2075 2265/2265
f 2265/2265 2075/2075 2101/2101
f 2265/2265 2101/2101 2100/2100
f 2100/2100 2103/2103 2280/2280
f 2103/2103 2256/2256 2280/2280
f 2256/2256 2102/2102 2092/2092
f 2084/2084 2114/2114 2287/2287
f 2287/2287 2114/2114 2141/2141
f 2178/2178 2179/2179 2151/2151
f 2184/2184 2185/2185 2026/2026
f 2185/2185 2186/2186 1942/1942
f 2026/2026 2185/2185 1942/1942
f 1942/1942 2186/2186 2033/2033
f 2033/2033 2186/2186 2196/2196
f 2033/2033 2196/2196 2170/2170
f 2170/2170 2196/2196 2197/2197
f 2170/2170 2197/2197 2171/2171
f 2197/2197 2195/2195 2171/2171
f 2171/2171 2195/2195 2172/2172
f 2172/2172 2194/2194 2159/2159
f 2194/2194 2193/2193 2159/2159
f 2193/2193 2192/2192 2161/2161
f 2159/2159 2193/2193 2161/2161
f 2161/2161 2192/2192 2191/2191
f 2161/2161 2191/2191 2181/2181
f 2161/2161 2181/2181 2160/2160
f 2181/2181 2176/2176 2160/2160
f 2176/2176 2177/2177 2154/2154
f 2160/2160 2176/2176 2154/2154
f 2154/2154 2177/2177 2178/2178
f 2154/2154 2178/2178 2151/2151
f 2151/2151 2179/2179 2152/2152
f 2152/2152 2179/2179 2153/2153
f 2153/2153 2179/2179 2180/2180
f 2153/2153 2180/2180 2175/2175
f 2153/2153 2175/2175 2150/2150
f 2175/2175 2174/2174 2025/2025
f 2150/2150 2175/2175 2025/2025
f 2025/2025 2174/2174 2166/2166
f 2166/2166 2167/2167 2125/2125
f 2125/2125 2167/2167 2200/2200
f 2200/2200 2222/2222 2201/2201
f 2201/2201 2222/2222 2326/2326
f 2157/2157 2182/2182 2040/2040
f 1930/1930 2157/2157 2040/2040
f 2182/2182 2184/2184 2040/2040
f 2040/2040 2184/2184 2026/2026
f 2201/2201 2326/2326 2216/2216
f 2051/2051 2158/2158 1930/1930
f 2158/2158 2157/2157 1930/1930
f 2210/2210 2216/2216 2381/2381
f 2210/2210 2381/2381 2344/2344
f 2027/2027 2051/2051 1846/1846
f 1846/1846 2051/2051 1930/1930
f 1835/1835 2027/2027 1834/1834
f 2027/2027 1846/1846 1834/1834
f 2234/2234 2344/2344 2441/2441
f 2234/2234 2441/2441 2435/2435
f 1835/1835 1834/1834 1802/1802
f 1831/1831 1835/1835 1802/1802
f 1788/1788 1831/1831 1802/1802
f 2449/2449 2435/2435 2461/2461
f 5348/5348 5337/5337 5277/5277
f 1831/1831 1788/1788 1808/1808
f 5348/5348 5277/5277 5282/5282
f 1766/1766 1808/1808 1694/1694
f 1728/1728 1766/1766 1694/1694
f 1691/1691 1728/1728 1635/1635
f 1728/1728 1672/1672 1635/1635
f 1691/1691 1635/1635 1628/1628
f 5281/5281 5157/5157 5177/5177
f 5281/5281 5177/5177 5279/5279
f 1628/1628 1635/1635 1626/1626
f 5279/5279 5177/5177 5241/5241
f 1584/1584 1628/1628 1626/1626
f 5241/5241 5177/5177 5160/5160
f 5241/5241 5160/5160 5240/5240
f 5195/5195 5160/5160 5126/5126
f 5240/5240 5160/5160 5195/5195
f 5240/5240 5195/5195 5276/5276
f 1318/1318 1541/1541 1496/1496
f 1498/1498 1541/1541 1318/1318
f 1498/1498 1318/1318 1497/1497
f 5195/5195 5126/5126 5165/5165
f 5195/5195 5165/5165 5273/5273
f 5276/5276 5195/5195 5273/5273
f 1498/1498 1497/1497 1524/1524
f 1524/1524 1497/1497 1458/1458
f 5273/5273 5165/5165 5248/5248
f 1501/1501 1524/1524 1458/1458
f 5328/5328 5248/5248 5326/5326
f 5248/5248 5242/5242 5326/5326
f 1525/1525 1501/1501 1495/1495
f 1525/1525 1495/1495 1727/1727
f 5326/5326 5242/5242 5327/5327
f 2324/2324 2455/2455 2464/2464
f 1727/1727 1495/1495 1502/1502
f 1727/1727 1502/1502 1848/1848
f 2324/2324 2464/2464 2440/2440
f 2324/2324 2440/2440 2252/2252
f 1848/1848 1502/1502 1528/1528
f 1889/1889 1848/1848 1528/1528
f 1889/1889 1528/1528 1527/1527
f 2214/2214 2252/2252 2322/2322
f 2252/2252 2440/2440 2322/2322
f 2078/2078 1889/1889 1527/1527
f 2078/2078 1527/1527 1864/1864
f 2207/2207 2214/2214 2279/2279
f 2214/2214 2322/2322 2279/2279
f 2078/2078 1864/1864 2069/2069
f 1895/1895 1901/1901 2070/2070
f 2209/2209 2207/2207 2279/2279
f 2070/2070 2069/2069 1895/1895
f 2070/2070 1901/1901 2087/2087
f 2087/2087 2086/2086 2115/2115
f 2115/2115 2086/2086 2088/2088
f 2115/2115 2088/2088 2116/2116
f 2116/2116 2088/2088 2094/2094
f 2096/2096 2097/2097 2105/2105
f 2105/2105 2097/2097 2106/2106
f 2106/2106 2097/2097 1879/1879
f 2106/2106 1879/1879 2104/2104
f 2104/2104 1879/1879 2068/2068
f 2068/2068 2067/2067 2077/2077
f 2077/2077 2067/2067 2076/2076
f 2075/2075 1886/1886 2074/2074
f 2100/2100 2073/2073 2103/2103
f 2103/2103 2073/2073 2102/2102
f 2102/2102 2073/2073 2061/2061
f 2092/2092 2061/2061 1890/1890
f 1890/1890 1891/1891 2085/2085
f 2092/2092 1890/1890 2085/2085
f 2085/2085 1891/1891 2084/2084
f 2084/2084 2113/2113 2114/2114
f 2114/2114 2113/2113 2141/2141
f 2141/2141 2113/2113 2209/2209
f 2075/2075 2074/2074 2101/2101
f 2101/2101 2074/2074 2100/2100
f 2102/2102 2061/2061 2092/2092
f 2033/2033 2170/2170 2034/2034
f 2034/2034 2170/2170 2171/2171
f 2034/2034 2171/2171 2043/2043
f 2171/2171 2172/2172 2044/2044
f 2043/2043 2171/2171 2044/2044
f 2044/2044 2172/2172 2159/2159
f 2022/2022 2159/2159 2161/2161
f 2022/2022 2161/2161 2021/2021
f 2021/2021 2161/2161 2160/2160
f 2021/2021 2160/2160 2019/2019
f 2160/2160 2154/2154 2019/2019
f 2019/2019 2154/2154 2020/2020
f 2154/2154 2151/2151 2020/2020
f 2020/2020 2151/2151 2023/2023
f 2151/2151 2152/2152 2023/2023
f 2023/2023 2152/2152 2153/2153
f 2023/2023 2153/2153 2017/2017
f 2017/2017 2153/2153 2018/2018
f 2018/2018 2153/2153 2150/2150
f 2018/2018 2150/2150 2025/2025
f 2025/2025 2166/2166 2015/2015
f 2015/2015 2166/2166 2125/2125
f 2125/2125 2200/2200 1944/1944
f 1944/1944 2200/2200 2201/2201
f 1862/1862 2040/2040 2026/2026
f 2015/2015 2125/2125 1933/1933
f 1933/1933 2125/2125 1944/1944
f 1944/1944 2201/2201 2031/2031
f 2031/2031 2201/2201 2216/2216
f 1846/1846 1930/1930 1849/1849
f 1930/1930 2040/2040 1849/1849
f 1849/1849 2040/2040 1862/1862
f 2031/2031 2216/2216 2149/2149
f 2149/2149 2216/2216 2210/2210
f 2210/2210 2344/2344 2234/2234
f 1834/1834 1846/1846 1786/1786
f 2210/2210 2234/2234 2233/2233
f 1802/1802 1834/1834 1786/1786
f 2233/2233 2234/2234 2435/2435
f 2350/2350 2233/2233 2435/2435
f 2350/2350 2435/2435 2449/2449
f 1788/1788 1802/1802 1734/1734
f 1802/1802 1786/1786 1734/1734
f 1694/1694 1788/1788 1693/1693
f 2434/2434 2350/2350 2449/2449
f 5333/5333 5348/5348 5282/5282
f 5333/5333 5282/5282 5281/5281
f 1728/1728 1694/1694 1672/1672
f 5333/5333 5281/5281 5318/5318
f 1672/1672 1694/1694 1605/1605
f 1635/1635 1672/1672 1605/1605
f 5279/5279 5318/5318 5281/5281
f 2453/2453 2456/2456 2321/2321
f 1626/1626 1635/1635 1604/1604
f 1635/1635 1605/1605 1604/1604
f 1584/1584 1626/1626 1598/1598
f 1598/1598 1626/1626 1604/1604
f 1584/1584 1598/1598 1496/1496
f 1541/1541 1584/1584 1496/1496
f 1496/1496 1598/1598 1308/1308
f 1496/1496 1308/1308 1318/1318
f 1318/1318 1308/1308 1311/1311
f 1497/1497 1318/1318 1311/1311
f 5316/5316 5276/5276 5273/5273
f 1458/1458 1311/1311 1457/1457
f 5316/5316 5273/5273 5248/5248
f 5316/5316 5248/5248 5328/5328
f 1501/1501 1458/1458 1457/1457
f 1501/1501 1457/1457 1495/1495
f 2397/2397 2455/2455 2324/2324
f 1475/1475 1495/1495 1455/1455
f 2232/2232 2324/2324 2251/2251
f 1495/1495 1475/1475 1502/1502
f 1502/1502 1475/1475 1474/1474
f 1502/1502 1474/1474 1477/1477
f 2251/2251 2324/2324 2252/2252
f 1528/1528 1502/1502 1477/1477
f 2214/2214 2251/2251 2252/2252
f 1864/1864 1527/1527 1526/1526
f 1864/1864 1526/1526 1847/1847
f 1906/1906 2109/2109 2207/2207
f 2207/2207 2109/2109 2214/2214
f 1895/1895 1864/1864 1847/1847
f 1895/1895 1847/1847 1901/1901
f 1901/1901 1847/1847 1850/1850
f 1892/1892 1873/1873 2113/2113
f 2084/2084 1892/1892 2113/2113
f 1873/1873 1906/1906 2113/2113
f 2113/2113 1906/1906 2209/2209
f 2209/2209 1906/1906 2207/2207
f 1901/1901 1850/1850 2086/2086
f 2086/2086 1850/1850 1883/1883
f 1883/1883 1871/1871 2088/2088
f 2086/2086 1883/1883 2088/2088
f 2088/2088 1871/1871 1881/1881
f 2088/2088 1881/1881 2094/2094
f 2094/2094 1881/1881 2095/2095
f 2095/2095 1882/1882 2096/2096
f 2096/2096 1882/1882 2097/2097
f 2097/2097 1882/1882 1878/1878
f 1878/1878 1879/1879 2097/2097
f 1879/1879 1880/1880 2068/2068
f 2068/2068 1880/1880 2067/2067
f 2067/2067 1880/1880 1514/1514
f 1514/1514 1885/1885 2067/2067
f 1885/1885 1884/1884 2076/2076
f 2076/2076 1884/1884 2075/2075
f 2075/2075 1884/1884 1886/1886
f 2074/2074 1886/1886 2073/2073
f 2073/2073 1887/1887 2061/2061
f 2061/2061 1887/1887 1888/1888
f 2061/2061 1888/1888 1890/1890
f 1891/1891 1892/1892 2084/2084
f 2044/2044 2159/2159 2024/2024
f 2024/2024 2159/2159 2022/2022
f 1863/1863 1862/1862 2026/2026
f 2026/2026 1942/1942 1863/1863
f 1863/1863 1942/1942 1872/1872
f 1872/1872 1942/1942 2033/2033
f 2033/2033 2034/2034 1925/1925
f 1872/1872 2033/2033 1925/1925
f 1925/1925 2034/2034 1926/1926
f 2034/2034 2043/2043 1926/1926
f 1925/1925 1926/1926 1865/1865
f 1926/1926 2043/2043 2044/2044
f 2044/2044 2024/2024 1926/1926
f 1926/1926 2024/2024 1927/1927
f 1824/1824 1926/1926 1927/1927
f 1927/1927 2024/2024 1929/1929
f 2024/2024 2022/2022 1929/1929
f 1929/1929 2022/2022 1928/1928
f 2022/2022 2021/2021 1928/1928
f 1928/1928 2021/2021 1921/1921
f 1866/1866 1928/1928 1921/1921
f 1921/1921 2021/2021 1922/1922
f 1921/1921 1922/1922 1817/1817
f 2021/2021 2019/2019 1922/1922
f 2019/2019 2020/2020 1922/1922
f 1922/1922 2020/2020 1923/1923
f 2020/2020 2023/2023 1924/1924
f 1923/1923 2020/2020 1924/1924
f 2023/2023 2017/2017 1920/1920
f 1924/1924 2023/2023 1920/1920
f 2017/2017 2018/2018 1917/1917
f 1920/1920 2017/2017 1917/1917
f 2018/2018 2025/2025 1916/1916
f 1917/1917 2018/2018 1916/1916
f 1916/1916 2025/2025 2015/2015
f 1916/1916 2015/2015 1933/1933
f 1849/1849 1862/1862 1839/1839
f 1839/1839 1862/1862 1863/1863
f 1798/1798 1863/1863 1872/1872
f 2030/2030 2031/2031 2149/2149
f 2030/2030 2149/2149 2028/2028
f 1849/1849 1839/1839 1787/1787
f 2028/2028 2149/2149 2210/2210
f 1786/1786 1846/1846 1765/1765
f 1846/1846 1849/1849 1765/1765
f 1765/1765 1849/1849 1787/1787
f 2028/2028 2210/2210 2122/2122
f 2122/2122 2210/2210 2233/2233
f 1734/1734 1786/1786 1733/1733
f 1786/1786 1765/1765 1733/1733
f 2122/2122 2233/2233 2123/2123
f 2123/2123 2233/2233 2350/2350
f 2224/2224 2123/2123 2350/2350
f 1693/1693 1734/1734 1665/1665
f 2224/2224 2350/2350 2434/2434
f 2321/2321 2224/2224 2434/2434
f 2321/2321 2434/2434 2453/2453
f 1605/1605 1693/1693 1597/1597
f 1693/1693 1665/1665 1597/1597
f 1312/1312 1605/1605 1597/1597
f 1604/1604 1605/1605 1312/1312
f 2366/2366 2321/2321 2456/2456
f 5336/5336 5279/5279 5241/5241
f 1598/1598 1604/1604 1309/1309
f 1309/1309 1604/1604 1312/1312
f 1308/1308 1598/1598 1309/1309
f 5336/5336 5241/5241 5240/5240
f 1308/1308 1309/1309 1298/1298
f 5336/5336 5240/5240 5349/5349
f 1308/1308 1298/1298 1299/1299
f 5349/5349 5240/5240 5276/5276
f 1311/1311 1308/1308 1299/1299
f 5349/5349 5276/5276 5316/5316
f 2317/2317 2367/2367 2457/2457
f 2367/2367 2317/2317 2203/2203
f 1311/1311 1299/1299 1300/1300
f 2397/2397 2317/2317 2457/2457
f 1457/1457 1311/1311 1300/1300
f 1457/1457 1300/1300 1296/1296
f 1457/1457 1296/1296 1317/1317
f 2317/2317 2397/2397 2232/2232
f 1457/1457 1317/1317 1455/1455
f 2232/2232 2397/2397 2324/2324
f 1475/1475 1455/1455 1454/1454
f 1475/1475 1454/1454 1474/1474
f 2138/2138 2232/2232 2251/2251
f 1474/1474 1459/1459 1477/1477
f 2060/2060 2138/2138 2251/2251
f 2053/2053 2060/2060 2214/2214
f 2214/2214 2060/2060 2251/2251
f 1527/1527 1459/1459 1526/1526
f 1526/1526 1459/1459 1460/1460
f 1905/1905 2053/2053 2109/2109
f 2053/2053 2214/2214 2109/2109
f 1526/1526 1460/1460 1518/1518
f 1873/1873 1905/1905 1906/1906
f 1906/1906 1905/1905 2109/2109
f 1847/1847 1518/1518 1519/1519
f 1847/1847 1519/1519 1850/1850
f 1519/1519 1507/1507 1850/1850
f 1850/1850 1507/1507 1883/1883
f 1883/1883 1507/1507 1871/1871
f 1871/1871 1507/1507 1508/1508
f 1871/1871 1508/1508 1509/1509
f 1871/1871 1509/1509 1881/1881
f 1881/1881 1509/1509 1504/1504
f 1881/1881 1504/1504 1882/1882
f 1882/1882 1504/1504 1878/1878
f 1504/1504 1505/1505 1878/1878
f 1878/1878 1505/1505 1506/1506
f 1878/1878 1506/1506 1879/1879
f 1879/1879 1506/1506 1880/1880
f 1506/1506 1515/1515 1880/1880
f 1880/1880 1515/1515 1514/1514
f 1885/1885 1514/1514 1513/1513
f 1885/1885 1513/1513 1884/1884
f 1884/1884 1513/1513 1512/1512
f 1884/1884 1512/1512 1886/1886
f 1886/1886 1512/1512 1516/1516
f 1886/1886 1516/1516 1887/1887
f 1887/1887 1516/1516 1517/1517
f 1887/1887 1517/1517 1511/1511
f 1887/1887 1511/1511 1888/1888
f 1888/1888 1511/1511 1503/1503
f 1888/1888 1503/1503 1890/1890
f 1890/1890 1503/1503 1891/1891
f 1891/1891 1503/1503 1510/1510
f 1510/1510 1520/1520 1892/1892
f 1891/1891 1510/1510 1892/1892
f 1892/1892 1520/1520 1873/1873
f 2073/2073 1886/1886 1887/1887
f 1865/1865 1926/1926 1824/1824
f 1824/1824 1927/1927 1860/1860
f 1927/1927 1929/1929 1826/1826
f 1826/1826 1929/1929 1928/1928
f 1817/1817 1922/1922 1914/1914
f 1914/1914 1922/1922 1923/1923
f 1914/1914 1923/1923 1861/1861
f 1839/1839 1863/1863 1798/1798
f 1798/1798 1872/1872 1768/1768
f 1768/1768 1872/1872 1811/1811
f 1872/1872 1925/1925 1812/1812
f 1811/1811 1872/1872 1812/1812
f 1812/1812 1925/1925 1865/1865
f 1860/1860 1927/1927 1827/1827
f 1827/1827 1927/1927 1826/1826
f 1826/1826 1928/1928 1825/1825
f 1825/1825 1928/1928 1866/1866
f 1774/1774 1825/1825 1866/1866
f 1866/1866 1921/1921 1816/1816
f 1816/1816 1921/1921 1817/1817
f 1817/1817 1914/1914 1813/1813
f 1813/1813 1914/1914 1861/1861
f 1861/1861 1923/1923 1814/1814
f 1814/1814 1923/1923 1815/1815
f 1923/1923 1924/1924 1815/1815
f 1815/1815 1924/1924 1920/1920
f 1815/1815 1920/1920 1800/1800
f 1920/1920 1917/1917 1799/1799
f 1800/1800 1920/1920 1799/1799
f 1917/1917 1916/1916 1782/1782
f 1799/1799 1917/1917 1782/1782
f 1782/1782 1916/1916 1783/1783
f 1783/1783 1916/1916 1933/1933
f 1783/1783 1933/1933 1810/1810
f 1933/1933 1944/1944 1809/1809
f 1810/1810 1933/1933 1809/1809
f 1809/1809 1944/1944 2031/2031
f 1809/1809 2031/2031 2030/2030
f 1787/1787 1839/1839 1736/1736
f 1736/1736 1839/1839 1798/1798
f 1819/1819 1809/1809 2030/2030
f 1819/1819 2030/2030 2028/2028
f 1765/1765 1787/1787 1714/1714
f 1714/1714 1787/1787 1736/1736
f 1819/1819 2028/2028 1931/1931
f 1931/1931 2028/2028 2122/2122
f 1712/1712 1765/1765 1714/1714
f 1714/1714 1736/1736 1713/1713
f 1931/1931 2122/2122 1909/1909
f 1909/1909 2122/2122 2123/2123
f 1665/1665 1734/1734 1637/1637
f 1734/1734 1733/1733 1637/1637
f 1733/1733 1712/1712 1637/1637
f 1637/1637 1712/1712 1646/1646
f 2014/2014 1909/1909 2123/2123
f 2014/2014 2123/2123 2224/2224
f 1665/1665 1637/1637 1590/1590
f 2120/2120 2014/2014 2224/2224
f 1597/1597 1665/1665 1590/1590
f 1590/1590 1637/1637 1589/1589
f 2120/2120 2224/2224 2321/2321
f 2169/2169 2120/2120 2321/2321
f 1597/1597 1590/1590 1586/1586
f 1312/1312 1597/1597 1586/1586
f 1586/1586 1590/1590 1589/1589
f 2169/2169 2321/2321 2366/2366
f 1312/1312 1586/1586 1297/1297
f 2202/2202 2169/2169 2366/2366
f 1298/1298 1309/1309 1312/1312
f 1298/1298 1312/1312 1297/1297
f 1298/1298 1297/1297 1294/1294
f 2203/2203 2202/2202 2367/2367
f 2202/2202 2366/2366 2367/2367
f 1299/1299 1298/1298 1294/1294
f 1300/1300 1299/1299 1294/1294
f 1296/1296 1300/1300 1294/1294
f 1296/1296 1294/1294 1293/1293
f 1317/1317 1296/1296 1293/1293
f 1317/1317 1293/1293 1295/1295
f 1910/1910 2203/2203 2232/2232
f 2203/2203 2317/2317 2232/2232
f 1315/1315 1317/1317 1295/1295
f 1455/1455 1317/1317 1315/1315
f 1455/1455 1315/1315 1454/1454
f 1454/1454 1315/1315 1316/1316
f 2060/2060 1910/1910 2138/2138
f 2138/2138 1910/1910 2232/2232
f 1454/1454 1316/1316 1450/1450
f 1450/1450 1316/1316 1420/1420
f 1454/1454 1450/1450 1459/1459
f 1459/1459 1450/1450 1460/1460
f 1460/1460 1450/1450 1453/1453
f 1500/1500 1869/1869 2053/2053
f 2053/2053 1869/1869 2060/2060
f 1460/1460 1453/1453 1518/1518
f 1518/1518 1453/1453 1461/1461
f 1518/1518 1461/1461 1519/1519
f 1519/1519 1461/1461 1429/1429
f 1465/1465 1463/1463 1516/1516
f 1451/1451 1452/1452 1520/1520
f 1452/1452 1476/1476 1873/1873
f 1520/1520 1452/1452 1873/1873
f 1873/1873 1476/1476 1905/1905
f 1476/1476 1500/1500 1905/1905
f 1905/1905 1500/1500 2053/2053
f 1519/1519 1429/1429 1507/1507
f 1507/1507 1429/1429 1473/1473
f 1472/1472 1471/1471 1509/1509
f 1471/1471 1470/1470 1504/1504
f 1509/1509 1471/1471 1504/1504
f 1504/1504 1470/1470 1505/1505
f 1505/1505 1470/1470 1469/1469
f 1505/1505 1469/1469 1506/1506
f 1506/1506 1469/1469 1515/1515
f 1515/1515 1469/1469 1514/1514
f 1469/1469 1468/1468 1514/1514
f 1513/1513 1468/1468 1467/1467
f 1513/1513 1467/1467 1512/1512
f 1467/1467 1466/1466 1512/1512
f 1512/1512 1466/1466 1465/1465
f 1512/1512 1465/1465 1516/1516
f 1516/1516 1463/1463 1517/1517
f 1517/1517 1463/1463 1511/1511
f 1511/1511 1463/1463 1464/1464
f 1511/1511 1464/1464 1503/1503
f 1503/1503 1464/1464 1456/1456
f 1503/1503 1456/1456 1510/1510
f 1456/1456 1451/1451 1510/1510
f 1510/1510 1451/1451 1520/1520
f 1507/1507 1473/1473 1472/1472
f 1507/1507 1472/1472 1508/1508
f 1508/1508 1472/1472 1509/1509
f 1514/1514 1468/1468 1513/1513
f 1812/1812 1865/1865 1824/1824
f 1824/1824 1860/1860 1827/1827
f 1774/1774 1866/1866 1816/1816
f 1813/1813 1861/1861 1814/1814
f 1736/1736 1798/1798 1735/1735
f 1798/1798 1768/1768 1735/1735
f 1768/1768 1811/1811 1767/1767
f 1811/1811 1812/1812 1767/1767
f 1767/1767 1812/1812 1776/1776
f 1812/1812 1824/1824 1776/1776
f 1776/1776 1824/1824 1777/1777
f 1824/1824 1827/1827 1777/1777
f 1777/1777 1827/1827 1784/1784
f 1827/1827 1826/1826 1784/1784
f 1784/1784 1826/1826 1825/1825
f 1784/1784 1825/1825 1785/1785
f 1785/1785 1825/1825 1774/1774
f 1774/1774 1816/1816 1773/1773
f 1773/1773 1816/1816 1817/1817
f 1817/1817 1813/1813 1773/1773
f 1773/1773 1813/1813 1771/1771
f 1771/1771 1813/1813 1814/1814
f 1771/1771 1814/1814 1772/1772
f 1772/1772 1814/1814 1815/1815
f 1772/1772 1815/1815 1800/1800
f 1772/1772 1800/1800 1770/1770
f 1770/1770 1800/1800 1748/1748
f 1748/1748 1800/1800 1799/1799
f 1748/1748 1799/1799 1782/1782
f 1783/1783 1810/1810 1809/1809
f 1713/1713 1736/1736 1735/1735
f 1735/1735 1768/1768 1715/1715
f 1768/1768 1767/1767 1715/1715
f 1715/1715 1767/1767 1668/1668
f 1680/1680 1767/1767 1776/1776
f 1681/1681 1776/1776 1777/1777
f 1681/1681 1777/1777 1754/1754
f 1754/1754 1777/1777 1755/1755
f 1777/1777 1784/1784 1756/1756
f 1755/1755 1777/1777 1756/1756
f 1756/1756 1784/1784 1757/1757
f 1784/1784 1785/1785 1757/1757
f 1757/1757 1785/1785 1679/1679
f 1679/1679 1785/1785 1774/1774
f 1751/1751 1774/1774 1773/1773
f 1751/1751 1773/1773 1752/1752
f 1773/1773 1771/1771 1752/1752
f 1771/1771 1772/1772 1753/1753
f 1750/1750 1770/1770 1748/1748
f 1748/1748 1782/1782 1710/1710
f 1783/1783 1809/1809 1675/1675
f 1675/1675 1809/1809 1711/1711
f 1711/1711 1809/1809 1819/1819
f 1711/1711 1819/1819 1818/1818
f 1818/1818 1819/1819 1931/1931
f 1676/1676 1713/1713 1735/1735
f 1676/1676 1735/1735 1715/1715
f 1668/1668 1767/1767 1680/1680
f 1680/1680 1776/1776 1681/1681
f 1679/1679 1774/1774 1751/1751
f 1752/1752 1771/1771 1753/1753
f 1753/1753 1772/1772 1749/1749
f 1749/1749 1772/1772 1770/1770
f 1749/1749 1770/1770 1750/1750
f 1710/1710 1782/1782 1707/1707
f 1782/1782 1783/1783 1707/1707
f 1707/1707 1783/1783 1675/1675
f 1818/1818 1931/1931 1797/1797
f 1712/1712 1714/1714 1646/1646
f 1646/1646 1714/1714 1611/1611
f 1714/1714 1713/1713 1611/1611
f 1611/1611 1713/1713 1610/1610
f 1713/1713 1676/1676 1610/1610
f 1797/1797 1931/1931 1909/1909
f 1637/1637 1646/1646 1599/1599
f 1646/1646 1611/1611 1599/1599
f 1830/1830 1797/1797 1909/1909
f 1830/1830 1909/1909 2014/2014
f 1830/1830 2014/2014 1838/1838
f 1838/1838 2014/2014 2120/2120
f 1589/1589 1637/1637 1599/1599
f 1490/1490 1599/1599 1611/1611
f 1589/1589 1599/1599 1491/1491
f 1491/1491 1599/1599 1490/1490
f 1838/1838 2120/2120 1904/1904
f 1306/1306 1589/1589 1491/1491
f 1491/1491 1490/1490 1301/1301
f 1904/1904 2120/2120 2169/2169
f 1586/1586 1589/1589 1306/1306
f 1902/1902 1904/1904 2169/2169
f 1306/1306 1491/1491 1301/1301
f 1838/1838 1904/1904 1902/1902
f 1297/1297 1586/1586 1306/1306
f 1290/1290 1306/1306 1301/1301
f 1902/1902 2169/2169 2202/2202
f 1297/1297 1306/1306 1292/1292
f 1292/1292 1306/1306 1290/1290
f 1297/1297 1292/1292 1294/1294
f 1294/1294 1292/1292 1289/1289
f 1292/1292 1290/1290 1289/1289
f 1289/1289 1290/1290 1282/1282
f 1903/1903 1902/1902 2059/2059
f 2059/2059 1902/1902 2202/2202
f 1288/1288 1289/1289 1282/1282
f 2059/2059 2202/2202 2203/2203
f 1293/1293 1294/1294 1289/1289
f 1293/1293 1289/1289 1288/1288
f 1288/1288 1282/1282 1287/1287
f 1295/1295 1293/1293 1288/1288
f 1295/1295 1288/1288 1302/1302
f 1302/1302 1288/1288 1287/1287
f 1836/1836 1903/1903 1910/1910
f 1910/1910 1903/1903 2059/2059
f 1315/1315 1295/1295 1302/1302
f 1494/1494 1836/1836 1842/1842
f 1462/1462 1494/1494 1842/1842
f 1842/1842 1836/1836 1910/1910
f 1315/1315 1302/1302 1316/1316
f 1316/1316 1302/1302 1420/1420
f 1420/1420 1302/1302 1314/1314
f 1420/1420 1314/1314 1447/1447
f 1447/1447 1314/1314 1419/1419
f 1449/1449 1462/1462 1500/1500
f 1500/1500 1462/1462 1869/1869
f 1869/1869 1462/1462 1842/1842
f 1842/1842 1910/1910 2060/2060
f 1446/1446 1447/1447 1419/1419
f 1429/1429 1419/1419 1392/1392
f 1430/1430 1392/1392 1393/1393
f 1435/1435 1395/1395 1437/1437
f 1439/1439 1397/1397 1440/1440
f 1440/1440 1397/1397 1441/1441
f 1418/1418 1417/1417 1445/1445
f 1416/1416 1449/1449 1452/1452
f 1452/1452 1449/1449 1476/1476
f 1476/1476 1449/1449 1500/1500
f 1450/1450 1420/1420 1447/1447
f 1450/1450 1447/1447 1453/1453
f 1453/1453 1447/1447 1446/1446
f 1446/1446 1419/1419 1429/1429
f 1429/1429 1392/1392 1430/1430
f 1430/1430 1393/1393 1428/1428
f 1430/1430 1428/1428 1431/1431
f 1431/1431 1428/1428 1432/1432
f 1432/1432 1433/1433 1434/1434
f 1433/1433 1435/1435 1434/1434
f 1434/1434 1435/1435 1436/1436
f 1435/1435 1437/1437 1436/1436
f 1437/1437 1438/1438 1436/1436
f 1438/1438 1439/1439 1440/1440
f 1440/1440 1441/1441 1442/1442
f 1442/1442 1441/1441 1414/1414
f 1442/1442 1414/1414 1443/1443
f 1443/1443 1413/1413 1444/1444
f 1444/1444 1413/1413 1418/1418
f 1444/1444 1418/1418 1445/1445
f 1417/1417 1448/1448 1445/1445
f 1448/1448 1415/1415 1416/1416
f 1448/1448 1416/1416 1451/1451
f 1451/1451 1416/1416 1452/1452
f 1453/1453 1446/1446 1461/1461
f 1461/1461 1446/1446 1429/1429
f 1429/1429 1430/1430 1473/1473
f 1430/1430 1431/1431 1473/1473
f 1473/1473 1431/1431 1472/1472
f 1431/1431 1432/1432 1472/1472
f 1432/1432 1434/1434 1471/1471
f 1472/1472 1432/1432 1471/1471
f 1471/1471 1434/1434 1470/1470
f 1470/1470 1434/1434 1436/1436
f 1470/1470 1436/1436 1469/1469
f 1436/1436 1438/1438 1469/1469
f 1469/1469 1438/1438 1468/1468
f 1468/1468 1438/1438 1440/1440
f 1468/1468 1440/1440 1467/1467
f 1467/1467 1440/1440 1442/1442
f 1467/1467 1442/1442 1466/1466
f 1466/1466 1442/1442 1465/1465
f 1442/1442 1443/1443 1465/1465
f 1465/1465 1443/1443 1463/1463
f 1463/1463 1443/1443 1444/1444
f 1444/1444 1445/1445 1464/1464
f 1463/1463 1444/1444 1464/1464
f 1445/1445 1448/1448 1456/1456
f 1464/1464 1445/1445 1456/1456
f 1448/1448 1451/1451 1456/1456
f 1676/1676 1715/1715 1645/1645
f 1645/1645 1715/1715 1668/1668
f 1681/1681 1754/1754 1677/1677
f 1754/1754 1755/1755 1677/1677
f 1677/1677 1755/1755 1756/1756
f 1677/1677 1756/1756 1678/1678
f 1678/1678 1756/1756 1757/1757
f 1678/1678 1757/1757 1679/1679
f 1679/1679 1751/1751 1661/1661
f 1661/1661 1751/1751 1752/1752
f 1661/1661 1752/1752 1662/1662
f 1662/1662 1752/1752 1663/1663
f 1752/1752 1753/1753 1663/1663
f 1753/1753 1749/1749 1663/1663
f 1663/1663 1749/1749 1659/1659
f 1659/1659 1749/1749 1750/1750
f 1659/1659 1750/1750 1648/1648
f 1648/1648 1750/1750 1748/1748
f 1648/1648 1748/1748 1710/1710
f 1648/1648 1710/1710 1707/1707
f 1610/1610 1676/1676 1608/1608
f 1676/1676 1645/1645 1608/1608
f 1645/1645 1668/1668 1649/1649
f 1649/1649 1668/1668 1680/1680
f 1649/1649 1680/1680 1653/1653
f 1653/1653 1680/1680 1681/1681
f 1681/1681 1677/1677 1650/1650
f 1653/1653 1681/1681 1650/1650
f 1650/1650 1677/1677 1651/1651
f 1677/1677 1678/1678 1651/1651
f 1651/1651 1678/1678 1652/1652
f 1678/1678 1679/1679 1652/1652
f 1652/1652 1679/1679 1661/1661
f 1654/1654 1661/1661 1662/1662
f 1654/1654 1662/1662 1656/1656
f 1662/1662 1663/1663 1656/1656
f 1656/1656 1663/1663 1657/1657
f 1663/1663 1659/1659 1657/1657
f 1657/1657 1659/1659 1658/1658
f 1658/1658 1659/1659 1648/1648
f 1647/1647 1648/1648 1707/1707
f 1647/1647 1707/1707 1675/1675
f 1711/1711 1818/1818 1797/1797
f 1608/1608 1645/1645 1499/1499
f 1499/1499 1645/1645 1649/1649
f 1411/1411 1649/1649 1485/1485
f 1485/1485 1649/1649 1653/1653
f 1487/1487 1653/1653 1650/1650
f 1487/1487 1650/1650 1488/1488
f 1650/1650 1651/1651 1488/1488
f 1651/1651 1652/1652 1407/1407
f 1407/1407 1652/1652 1484/1484
f 1660/1660 1652/1652 1661/1661
f 1660/1660 1661/1661 1483/1483
f 1483/1483 1661/1661 1654/1654
f 1654/1654 1656/1656 1655/1655
f 1655/1655 1656/1656 1481/1481
f 1656/1656 1657/1657 1481/1481
f 1644/1644 1657/1657 1658/1658
f 1644/1644 1658/1658 1643/1643
f 1658/1658 1648/1648 1643/1643
f 1643/1643 1648/1648 1489/1489
f 1489/1489 1648/1648 1606/1606
f 1606/1606 1648/1648 1647/1647
f 1606/1606 1647/1647 1479/1479
f 1479/1479 1647/1647 1675/1675
f 1479/1479 1675/1675 1480/1480
f 1480/1480 1675/1675 1711/1711
f 1711/1711 1797/1797 1705/1705
f 1705/1705 1797/1797 1830/1830
f 1611/1611 1610/1610 1490/1490
f 1490/1490 1610/1610 1493/1493
f 1493/1493 1610/1610 1608/1608
f 1493/1493 1608/1608 1423/1423
f 1423/1423 1608/1608 1499/1499
f 1480/1480 1711/1711 1492/1492
f 1492/1492 1711/1711 1705/1705
f 1490/1490 1493/1493 1427/1427
f 1427/1427 1493/1493 1426/1426
f 1426/1426 1493/1493 1423/1423
f 1705/1705 1830/1830 1769/1769
f 1769/1769 1830/1830 1838/1838
f 1705/1705 1769/1769 1478/1478
f 1478/1478 1769/1769 1838/1838
f 1490/1490 1427/1427 1301/1301
f 1427/1427 1426/1426 1283/1283
f 1283/1283 1426/1426 1307/1307
f 1478/1478 1838/1838 1837/1837
f 1837/1837 1838/1838 1902/1902
f 1301/1301 1427/1427 1283/1283
f 1290/1290 1301/1301 1282/1282
f 1282/1282 1301/1301 1283/1283
f 1282/1282 1283/1283 1284/1284
f 1478/1478 1837/1837 1836/1836
f 1836/1836 1837/1837 1902/1902
f 1283/1283 1285/1285 1284/1284
f 1494/1494 1478/1478 1836/1836
f 1836/1836 1902/1902 1903/1903
f 1478/1478 1494/1494 1422/1422
f 1287/1287 1282/1282 1284/1284
f 1284/1284 1285/1285 1286/1286
f 1287/1287 1284/1284 1291/1291
f 1291/1291 1284/1284 1286/1286
f 1462/1462 1422/1422 1494/1494
f 1287/1287 1291/1291 1302/1302
f 1302/1302 1291/1291 1314/1314
f 1314/1314 1291/1291 1313/1313
f 1291/1291 1286/1286 1313/1313
f 1313/1313 1286/1286 1304/1304
f 1313/1313 1304/1304 1305/1305
f 1386/1386 1391/1391 1412/1412
f 1412/1412 1391/1391 1422/1422
f 1313/1313 1305/1305 1364/1364
f 1364/1364 1305/1305 1361/1361
f 1361/1361 1362/1362 1363/1363
f 1364/1364 1361/1361 1363/1363
f 1363/1363 1362/1362 1370/1370
f 1363/1363 1370/1370 1372/1372
f 1372/1372 1369/1369 1380/1380
f 1379/1379 1350/1350 1378/1378
f 1388/1388 1389/1389 1390/1390
f 1390/1390 1389/1389 1360/1360
f 1390/1390 1360/1360 1387/1387
f 1387/1387 1360/1360 1358/1358
f 1387/1387 1358/1358 1359/1359
f 1359/1359 1357/1357 1386/1386
f 1412/1412 1422/1422 1462/1462
f 1314/1314 1313/1313 1419/1419
f 1419/1419 1313/1313 1392/1392
f 1392/1392 1313/1313 1364/1364
f 1364/1364 1363/1363 1393/1393
f 1392/1392 1364/1364 1393/1393
f 1363/1363 1372/1372 1393/1393
f 1372/1372 1380/1380 1394/1394
f 1393/1393 1372/1372 1394/1394
f 1394/1394 1380/1380 1395/1395
f 1380/1380 1379/1379 1395/1395
f 1395/1395 1379/1379 1396/1396
f 1396/1396 1379/1379 1378/1378
f 1396/1396 1378/1378 1397/1397
f 1378/1378 1381/1381 1397/1397
f 1397/1397 1381/1381 1398/1398
f 1381/1381 1388/1388 1398/1398
f 1398/1398 1388/1388 1414/1414
f 1388/1388 1390/1390 1414/1414
f 1414/1414 1390/1390 1413/1413
f 1390/1390 1387/1387 1413/1413
f 1413/1413 1387/1387 1418/1418
f 1418/1418 1387/1387 1417/1417
f 1387/1387 1359/1359 1415/1415
f 1417/1417 1387/1387 1415/1415
f 1415/1415 1359/1359 1386/1386
f 1415/1415 1386/1386 1416/1416
f 1416/1416 1386/1386 1412/1412
f 1416/1416 1412/1412 1449/1449
f 1449/1449 1412/1412 1462/1462
f 1428/1428 1393/1393 1394/1394
f 1433/1433 1394/1394 1395/1395
f 1395/1395 1396/1396 1437/1437
f 1396/1396 1397/1397 1439/1439
f 1397/1397 1398/1398 1441/1441
f 1441/1441 1398/1398 1414/1414
f 1443/1443 1414/1414 1413/1413
f 1448/1448 1417/1417 1415/1415
f 1411/1411 1499/1499 1649/1649
f 1485/1485 1653/1653 1486/1486
f 1486/1486 1653/1653 1487/1487
f 1651/1651 1407/1407 1488/1488
f 1484/1484 1652/1652 1660/1660
f 1483/1483 1654/1654 1482/1482
f 1482/1482 1654/1654 1655/1655
f 1481/1481 1657/1657 1644/1644
f 1423/1423 1499/1499 1411/1411
f 1484/1484 1660/1660 1483/1483
f 1482/1482 1655/1655 1481/1481
f 1406/1406 1481/1481 1644/1644
f 1406/1406 1644/1644 1643/1643
f 1406/1406 1643/1643 1489/1489
f 1489/1489 1606/1606 1402/1402
f 1402/1402 1606/1606 1479/1479
f 1411/1411 1485/1485 1410/1410
f 1410/1410 1485/1485 1409/1409
f 1485/1485 1486/1486 1409/1409
f 1409/1409 1486/1486 1487/1487
f 1409/1409 1487/1487 1408/1408
f 1408/1408 1487/1487 1488/1488
f 1408/1408 1488/1488 1407/1407
f 1407/1407 1484/1484 1425/1425
f 1484/1484 1483/1483 1425/1425
f 1425/1425 1483/1483 1424/1424
f 1424/1424 1483/1483 1482/1482
f 1424/1424 1482/1482 1404/1404
f 1482/1482 1481/1481 1404/1404
f 1404/1404 1481/1481 1405/1405
f 1481/1481 1406/1406 1405/1405
f 1406/1406 1489/1489 1401/1401
f 1401/1401 1489/1489 1402/1402
f 1426/1426 1423/1423 1310/1310
f 1423/1423 1411/1411 1310/1310
f 1410/1410 1409/1409 1320/1320
f 1409/1409 1408/1408 1333/1333
f 1331/1331 1408/1408 1407/1407
f 1399/1399 1407/1407 1425/1425
f 1399/1399 1425/1425 1375/1375
f 1375/1375 1425/1425 1424/1424
f 1376/1376 1424/1424 1404/1404
f 1376/1376 1404/1404 1403/1403
f 1377/1377 1404/1404 1405/1405
f 1400/1400 1405/1405 1406/1406
f 1400/1400 1406/1406 1401/1401
f 1402/1402 1479/1479 1382/1382
f 1479/1479 1480/1480 1385/1385
f 1382/1382 1479/1479 1385/1385
f 1385/1385 1480/1480 1492/1492
f 1492/1492 1705/1705 1421/1421
f 1426/1426 1310/1310 1307/1307
f 1310/1310 1411/1411 1326/1326
f 1325/1325 1410/1410 1320/1320
f 1320/1320 1409/1409 1321/1321
f 1321/1321 1409/1409 1333/1333
f 1333/1333 1408/1408 1331/1331
f 1331/1331 1407/1407 1374/1374
f 1374/1374 1407/1407 1399/1399
f 1375/1375 1424/1424 1376/1376
f 1403/1403 1404/1404 1377/1377
f 1400/1400 1401/1401 1383/1383
f 1401/1401 1402/1402 1367/1367
f 1421/1421 1705/1705 1478/1478
f 1326/1326 1411/1411 1410/1410
f 1326/1326 1410/1410 1325/1325
f 1321/1321 1333/1333 1327/1327
f 1334/1334 1331/1331 1374/1374
f 1374/1374 1399/1399 1375/1375
f 1376/1376 1403/1403 1377/1377
f 1377/1377 1405/1405 1400/1400
f 1377/1377 1400/1400 1384/1384
f 1384/1384 1400/1400 1383/1383
f 1383/1383 1401/1401 1367/1367
f 1367/1367 1402/1402 1382/1382
f 1385/1385 1492/1492 1421/1421
f 1283/1283 1307/1307 1285/1285
f 1307/1307 1310/1310 1285/1285
f 1285/1285 1310/1310 1303/1303
f 1303/1303 1310/1310 1326/1326
f 1303/1303 1326/1326 1325/1325
f 1303/1303 1325/1325 1323/1323
f 1325/1325 1320/1320 1323/1323
f 1327/1327 1333/1333 1329/1329
f 1329/1329 1333/1333 1331/1331
f 1334/1334 1374/1374 1336/1336
f 1336/1336 1374/1374 1375/1375
f 1336/1336 1375/1375 1338/1338
f 1338/1338 1375/1375 1340/1340
f 1340/1340 1375/1375 1376/1376
f 1340/1340 1376/1376 1342/1342
f 1342/1342 1376/1376 1377/1377
f 1342/1342 1377/1377 1344/1344
f 1344/1344 1377/1377 1345/1345
f 1377/1377 1384/1384 1345/1345
f 1345/1345 1384/1384 1347/1347
f 1347/1347 1384/1384 1383/1383
f 1347/1347 1383/1383 1367/1367
f 1367/1367 1382/1382 1368/1368
f 1382/1382 1385/1385 1368/1368
f 1368/1368 1385/1385 1373/1373
f 1385/1385 1421/1421 1373/1373
f 1305/1305 1303/1303 1319/1319
f 1319/1319 1303/1303 1323/1323
f 1320/1320 1321/1321 1322/1322
f 1328/1328 1327/1327 1329/1329
f 1339/1339 1338/1338 1340/1340
f 1348/1348 1347/1347 1367/1367
f 1367/1367 1368/1368 1356/1356
f 1356/1356 1368/1368 1365/1365
f 1368/1368 1373/1373 1366/1366
f 1366/1366 1373/1373 1391/1391
f 1391/1391 1373/1373 1421/1421
f 1286/1286 1285/1285 1303/1303
f 1286/1286 1303/1303 1304/1304
f 1304/1304 1303/1303 1305/1305
f 1319/1319 1323/1323 1322/1322
f 1323/1323 1320/1320 1322/1322
f 1322/1322 1321/1321 1327/1327
f 1330/1330 1329/1329 1331/1331
f 1330/1330 1331/1331 1334/1334
f 1334/1334 1336/1336 1335/1335
f 1335/1335 1336/1336 1337/1337
f 1337/1337 1336/1336 1338/1338
f 1339/1339 1340/1340 1341/1341
f 1341/1341 1340/1340 1342/1342
f 1341/1341 1342/1342 1343/1343
f 1343/1343 1342/1342 1344/1344
f 1344/1344 1345/1345 1343/1343
f 1343/1343 1345/1345 1346/1346
f 1346/1346 1345/1345 1347/1347
f 1348/1348 1367/1367 1356/1356
f 1391/1391 1421/1421 1422/1422
f 1422/1422 1421/1421 1478/1478
f 1322/1322 1327/1327 1328/1328
f 1328/1328 1329/1329 1330/1330
f 1330/1330 1334/1334 1335/1335
f 1337/1337 1338/1338 1339/1339
f 1346/1346 1347/1347 1348/1348
f 1365/1365 1368/1368 1366/1366
f 1319/1319 1322/1322 1324/1324
f 1324/1324 1322/1322 1332/1332
f 1332/1332 1322/1322 1328/1328
f 1332/1332 1328/1328 1330/1330
f 1330/1330 1335/1335 1349/1349
f 1349/1349 1335/1335 1337/1337
f 1349/1349 1337/1337 1350/1350
f 1350/1350 1337/1337 1339/1339
f 1350/1350 1339/1339 1351/1351
f 1339/1339 1341/1341 1351/1351
f 1351/1351 1341/1341 1352/1352
f 1352/1352 1341/1341 1353/1353
f 1341/1341 1343/1343 1353/1353
f 1353/1353 1343/1343 1354/1354
f 1343/1343 1346/1346 1354/1354
f 1354/1354 1346/1346 1355/1355
f 1355/1355 1346/1346 1348/1348
f 1355/1355 1348/1348 1356/1356
f 1355/1355 1356/1356 1357/1357
f 1357/1357 1356/1356 1365/1365
f 1357/1357 1365/1365 1366/1366
f 1361/1361 1305/1305 1319/1319
f 1361/1361 1319/1319 1324/1324
f 1361/1361 1324/1324 1362/1362
f 1362/1362 1324/1324 1370/1370
f 1370/1370 1324/1324 1332/1332
f 1370/1370 1332/1332 1369/1369
f 1369/1369 1332/1332 1330/1330
f 1330/1330 1349/1349 1369/1369
f 1369/1369 1349/1349 1371/1371
f 1371/1371 1349/1349 1350/1350
f 1353/1353 1354/1354 1389/1389
f 1360/1360 1354/1354 1355/1355
f 1360/1360 1355/1355 1358/1358
f 1355/1355 1357/1357 1358/1358
f 1357/1357 1366/1366 1386/1386
f 1386/1386 1366/1366 1391/1391
f 1372/1372 1370/1370 1369/1369
f 1351/1351 1352/1352 1381/1381
f 1381/1381 1352/1352 1353/1353
f 1381/1381 1353/1353 1388/1388
f 1388/1388 1353/1353 1389/1389
f 1389/1389 1354/1354 1360/1360
f 1358/1358 1357/1357 1359/1359

